1,18,5
1,21,3
1,78,5
1,86,3
1,89,3
1,90,4
1,99,4
1,104,3
1,107,3
1,120,4
1,162,1
1,171,3
1,176,3
1,222,4
1,251,3
1,260,2
1,279,3
1,281,4
1,286,4
1,291,3
1,331,4
1,355,3
1,368,4
1,373,3
1,379,3
1,380,3
1,401,4
1,404,3
1,409,3
1,428,1
1,429,3
1,435,3
1,442,4
1,475,5
1,481,4
1,496,3
1,516,5
1,540,5
1,561,3
1,571,4
2,29,3
2,53,5
2,76,3
2,78,1
2,88,5
2,90,4
2,96,1
2,97,5
2,99,5
2,100,5
2,104,5
2,107,3
2,110,3
2,113,1
2,117,3
2,119,5
2,123,5
2,127,5
2,130,1
2,150,3
2,165,1
2,166,5
2,176,5
2,187,5
2,195,1
2,198,4
2,231,3
2,235,4
2,251,4
2,259,3
2,272,3
2,276,3
2,290,3
2,304,3
2,331,3
2,374,1
2,380,5
2,401,4
2,409,5
2,421,5
2,442,5
2,472,3
2,475,5
2,481,5
2,490,5
2,499,5
2,506,1
2,516,3
2,517,3
2,529,3
2,537,5
2,559,5
2,561,3
2,562,5
2,563,5
2,564,3
2,565,5
2,568,3
2,573,4
2,602,3
3,66,5
3,78,5
3,83,5
3,99,5
3,104,4
3,117,1
3,153,5
3,173,4
3,174,5
3,176,5
3,206,5
3,221,3
3,222,4
3,231,4
3,235,3
3,251,5
3,253,3
3,259,5
3,272,5
3,276,5
3,302,4
3,312,3
3,331,5
3,380,4
3,382,1
3,389,1
3,395,5
3,409,3
3,413,3
3,430,5
3,431,1
3,440,5
3,442,5
3,475,4
3,481,5
3,490,5
3,498,5
3,516,3
3,537,5
3,556,5
4,66,5
4,78,5
4,83,5
4,99,5
4,104,4
4,117,1
4,153,5
4,173,4
4,174,5
4,176,4
4,206,5
4,221,3
4,222,4
4,231,4
4,235,3
4,251,5
4,253,3
4,259,5
4,272,5
4,276,5
4,302,4
4,312,3
4,331,5
4,380,4
4,382,1
4,389,1
4,395,5
4,409,3
4,430,5
4,431,1
4,440,5
4,442,4
4,475,5
4,481,5
4,490,5
4,498,5
4,537,5
4,556,5
5,66,5
5,78,5
5,83,5
5,99,5
5,104,4
5,117,1
5,153,5
5,173,4
5,174,5
5,176,4
5,206,5
5,221,3
5,222,4
5,231,4
5,235,3
5,251,5
5,253,3
5,259,5
5,272,5
5,302,4
5,312,3
5,331,5
5,355,2
5,359,1
5,380,4
5,382,1
5,389,1
5,395,5
5,409,3
5,413,3
5,430,5
5,431,1
5,440,5
5,442,5
5,475,4
5,481,5
5,490,5
5,498,5
5,537,5
5,556,5
6,20,5
6,35,1
6,55,1
6,78,5
6,83,5
6,90,2
6,99,3
6,104,3
6,109,5
6,112,3
6,115,5
6,117,1
6,119,5
6,127,1
6,130,1
6,147,5
6,163,5
6,173,4
6,186,5
6,187,5
6,206,5
6,220,5
6,221,3
6,222,4
6,228,3
6,231,5
6,251,3
6,260,4
6,272,5
6,276,5
6,300,3
6,302,4
6,311,5
6,312,3
6,326,3
6,331,5
6,343,1
6,344,1
6,348,3
6,355,1
6,363,1
6,374,2
6,380,4
6,395,5
6,401,4
6,409,5
6,420,1
6,431,1
6,434,1
6,435,4
6,440,5
6,442,4
6,445,3
6,449,1
6,462,5
6,475,5
6,480,3
6,481,5
6,499,5
6,502,5
6,510,5
6,512,5
6,513,5
6,516,5
6,529,3
6,532,3
6,569,1
6,571,1
6,582,5
6,599,4
7,18,5
7,20,3
7,55,3
7,71,5
7,78,5
7,83,5
7,86,5
7,99,2
7,100,5
7,104,5
7,105,5
7,107,5
7,117,5
7,130,1
7,136,2
7,166,5
7,173,4
7,176,3
7,206,5
7,208,5
7,221,3
7,222,4
7,226,1
7,231,5
7,233,4
7,259,3
7,272,5
7,276,4
7,286,4
7,302,4
7,312,3
7,331,5
7,336,4
7,341,3
7,359,1
7,380,4
7,386,5
7,395,5
7,409,3
7,417,5
7,418,3
7,420,1
7,422,1
7,431,1
7,440,5
7,442,5
7,457,5
7,461,5
7,475,4
7,481,5
7,490,5
7,499,5
7,516,3
7,529,3
7,532,5
8,21,3
8,34,3
8,53,5
8,78,5
8,83,5
8,99,3
8,104,5
8,117,4
8,119,5
8,169,3
8,173,4
8,186,3
8,198,3
8,206,5
8,221,3
8,222,4
8,228,1
8,236,1
8,259,5
8,269,5
8,272,5
8,276,5
8,287,1
8,294,1
8,302,4
8,312,3
8,331,5
8,335,5
8,359,1
8,380,1
8,395,5
8,401,4
8,409,3
8,430,5
8,431,1
8,440,5
8,442,5
8,475,5
8,481,5
8,483,3
8,499,5
8,516,5
8,527,5
8,529,3
8,565,5
8,573,1
9,24,5
9,30,5
9,53,5
9,78,5
9,99,3
9,104,5
9,110,3
9,117,1
9,119,5
9,163,5
9,171,5
9,173,4
9,176,5
9,186,3
9,192,1
9,206,5
9,221,3
9,222,4
9,272,3
9,276,5
9,300,1
9,302,4
9,304,3
9,312,3
9,317,5
9,326,3
9,331,5
9,380,4
9,382,1
9,395,5
9,409,3
9,422,1
9,431,1
9,440,5
9,442,5
9,475,5
9,499,5
9,502,5
9,529,3
9,532,1
9,571,1
9,572,5
9,573,1
9,582,1
10,34,1
10,80,5
10,99,1
10,104,5
10,113,5
10,130,1
10,148,3
10,173,5
10,222,4
10,260,4
10,272,3
10,325,5
10,350,1
10,355,5
10,369,1
10,380,5
10,442,3
10,462,5
10,475,5
10,499,5
10,522,5
10,529,3
10,565,5
10,582,5
11,78,5
11,99,3
11,117,1
11,173,4
11,186,4
11,206,5
11,221,3
11,222,4
11,251,5
11,272,5
11,276,5
11,302,4
11,312,3
11,331,5
11,380,1
11,395,5
11,407,3
11,409,3
11,413,3
11,430,5
11,431,1
11,440,5
11,442,5
11,475,5
11,481,5
12,69,5
12,78,5
12,99,3
12,117,1
12,173,4
12,186,4
12,206,5
12,221,3
12,222,4
12,251,5
12,272,5
12,276,5
12,302,4
12,312,3
12,331,5
12,380,4
12,395,5
12,409,3
12,413,3
12,430,5
12,431,1
12,440,5
12,442,5
12,475,5
12,481,5
13,20,3
13,29,3
13,34,5
13,55,3
13,78,5
13,99,4
13,104,5
13,117,1
13,119,5
13,173,1
13,176,5
13,206,5
13,221,3
13,222,4
13,224,5
13,245,5
13,251,5
13,253,5
13,259,3
13,260,1
13,272,5
13,302,4
13,312,3
13,328,5
13,331,5
13,380,1
13,395,5
13,409,3
13,421,1
13,431,1
13,434,1
13,440,5
13,442,5
13,471,1
13,472,4
13,475,5
13,483,5
13,499,5
13,516,5
13,521,3
13,523,5
13,529,3
13,540,5
13,562,1
13,565,5
13,592,1
14,39,5
14,69,5
14,78,5
14,86,5
14,87,1
14,99,3
14,104,5
14,107,5
14,117,1
14,137,5
14,149,5
14,173,4
14,176,1
14,182,3
14,206,5
14,221,3
14,222,4
14,251,3
14,272,5
14,276,1
14,288,5
14,291,5
14,302,4
14,308,3
14,312,5
14,331,5
14,357,1
14,380,4
14,395,5
14,409,3
14,422,1
14,431,1
14,440,5
14,442,5
14,461,5
14,473,5
14,475,3
14,481,5
14,499,5
14,513,5
14,529,3
14,532,5
14,560,4
14,562,5
15,3,1
15,5,1
15,10,5
15,21,5
15,42,5
15,48,1
15,49,3
15,53,3
15,57,5
15,71,3
15,78,5
15,86,3
15,87,5
15,90,3
15,93,3
15,99,5
15,104,5
15,107,3
15,117,5
15,121,5
15,134,2
15,138,3
15,141,3
15,155,3
15,162,1
15,174,5
15,176,5
15,182,3
15,195,3
15,199,3
15,222,5
15,233,1
15,234,5
15,251,3
15,275,4
15,276,5
15,302,3
15,321,3
15,322,3
15,326,5
15,376,1
15,380,5
15,423,3
15,424,5
15,425,1
15,434,5
15,435,1
15,438,5
15,442,3
15,472,3
15,475,3
15,499,5
15,504,1
15,516,5
15,531,5
15,533,3
15,561,4
15,562,4
15,602,4
16,44,5
16,49,3
16,78,5
16,83,5
16,99,3
16,134,3
16,138,1
16,166,3
16,176,5
16,182,5
16,221,2
16,222,5
16,251,5
16,253,2
16,272,5
16,276,5
16,287,5
16,300,1
16,302,5
16,312,5
16,339,5
16,380,5
16,409,4
16,425,1
16,427,5
16,431,5
16,434,5
16,438,4
16,440,3
16,475,4
16,483,1
16,516,5
16,529,1
16,533,3
16,562,3
16,563,3
16,582,5
16,594,5
17,44,5
17,49,3
17,78,5
17,83,5
17,99,3
17,134,3
17,138,1
17,159,4
17,166,3
17,176,5
17,182,1
17,222,5
17,251,5
17,272,3
17,276,5
17,287,5
17,300,1
17,302,5
17,312,5
17,339,5
17,380,5
17,425,1
17,427,5
17,431,5
17,434,5
17,438,4
17,440,3
17,483,1
17,516,3
17,529,1
17,533,5
17,562,3
17,563,3
17,582,5
17,594,5
18,78,1
18,355,1
18,481,3
19,3,1
19,18,3
19,21,5
19,25,1
19,34,3
19,55,3
19,71,5
19,78,3
19,83,5
19,86,5
19,89,3
19,90,3
19,99,5
19,104,1
19,105,5
19,117,4
19,143,3
19,154,3
19,166,5
19,176,5
19,183,1
19,197,1
19,221,5
19,222,5
19,231,5
19,251,3
19,259,3
19,272,5
19,275,3
19,307,3
19,331,3
19,348,3
19,355,3
19,363,1
19,380,5
19,421,3
19,422,1
19,424,5
19,440,3
19,442,3
19,472,3
19,475,5
19,481,5
19,490,5
19,516,5
19,517,5
19,561,5
19,562,5
19,582,5
19,594,5
20,34,3
20,55,3
20,71,3
20,78,5
20,86,4
20,87,3
20,88,3
20,89,3
20,90,3
20,93,3
20,95,4
20,99,4
20,100,3
20,102,3
20,104,3
20,107,3
20,110,4
20,119,3
20,173,5
20,176,3
20,196,3
20,198,1
20,210,5
20,220,5
20,251,3
20,259,2
20,260,3
20,277,1
20,284,3
20,286,5
20,308,3
20,322,3
20,348,3
20,351,3
20,357,4
20,372,3
20,374,3
20,380,4
20,407,5
20,409,3
20,429,1
20,442,3
20,469,3
20,472,3
20,481,3
20,502,1
20,516,5
20,532,3
20,534,3
20,561,5
20,565,3
21,20,5
21,24,5
21,78,3
21,99,4
21,104,3
21,117,3
21,173,4
21,231,5
21,251,3
21,259,1
21,272,5
21,286,2
21,380,5
21,384,5
21,392,1
21,396,5
21,440,3
21,442,4
21,481,4
21,497,5
21,516,3
21,562,5
21,564,5
21,594,3
22,24,5
22,78,3
22,99,3
22,104,3
22,117,3
22,231,5
22,251,5
22,259,1
22,272,5
22,286,2
22,348,1
22,380,4
22,384,5
22,392,1
22,396,5
22,440,3
22,442,4
22,481,4
22,497,5
22,516,3
22,562,3
22,564,5
22,594,3
23,24,3
23,34,3
23,55,3
23,71,5
23,78,3
23,93,3
23,97,3
23,99,3
23,107,1
23,176,3
23,198,5
23,212,5
23,251,5
23,253,5
23,276,1
23,322,5
23,357,1
23,369,3
23,374,1
23,380,5
23,437,1
23,462,1
23,481,5
23,509,1
23,516,3
23,569,3
24,34,1
24,43,3
24,58,1
24,87,1
24,88,3
24,251,3
24,278,5
24,413,5
24,481,5
24,610,5
25,16,5
25,34,3
25,78,5
25,176,3
25,221,3
25,251,5
25,352,1
25,380,5
25,413,1
25,422,1
25,438,3
25,442,5
25,478,3
25,510,1
25,540,1
26,16,5
26,34,3
26,78,5
26,176,3
26,221,3
26,251,5
26,352,1
26,380,3
26,409,4
26,413,1
26,422,1
26,438,3
26,442,5
26,475,4
26,478,3
26,510,1
26,540,1
27,78,1
27,176,3
27,221,3
27,380,3
27,510,1
27,540,1
28,78,1
28,176,3
28,221,3
28,380,3
28,510,1
28,540,1
29,78,1
29,260,5
29,276,3
29,300,3
29,312,3
29,442,2
29,487,1
30,69,5
30,99,5
31,69,5
31,99,5
32,176,5
32,231,5
32,343,1
33,16,5
33,18,3
33,20,3
33,21,3
33,29,3
33,33,5
33,46,1
33,54,5
33,57,5
33,59,5
33,78,3
33,86,4
33,87,3
33,90,5
33,95,5
33,99,5
33,104,1
33,110,4
33,112,3
33,116,5
33,117,5
33,138,3
33,141,3
33,152,1
33,156,5
33,161,5
33,173,3
33,176,3
33,186,1
33,203,3
33,211,3
33,251,4
33,253,5
33,259,3
33,260,5
33,313,5
33,337,3
33,380,5
33,389,3
33,407,5
33,409,5
33,413,5
33,434,1
33,442,2
33,472,4
33,475,5
33,481,5
33,510,5
33,516,5
33,517,5
33,530,5
33,533,3
33,535,3
33,561,5
33,562,3
33,573,1
33,588,5
33,601,3
34,10,3
34,17,2
34,20,5
34,34,3
34,55,4
34,57,5
34,59,5
34,66,3
34,71,5
34,78,5
34,83,5
34,84,5
34,87,3
34,89,5
34,90,5
34,93,3
34,97,5
34,99,2
34,103,3
34,110,3
34,117,4
34,119,3
34,141,3
34,151,1
34,152,3
34,165,5
34,173,5
34,176,3
34,187,5
34,226,1
34,227,1
34,228,1
34,231,5
34,235,5
34,251,5
34,253,5
34,257,3
34,260,5
34,276,5
34,284,3
34,286,4
34,288,5
34,291,1
34,339,3
34,341,3
34,352,3
34,375,3
34,389,3
34,407,5
34,409,1
34,413,5
34,416,3
34,442,2
34,448,5
34,472,5
34,475,5
34,481,3
34,489,5
34,499,4
34,505,2
34,510,3
34,516,5
34,532,3
34,540,5
34,561,5
34,562,5
34,563,5
34,582,3
34,588,5
34,601,3
35,7,3
35,15,5
35,18,3
35,21,3
35,34,3
35,54,5
35,55,3
35,78,4
35,87,2
35,88,3
35,89,3
35,97,3
35,99,5
35,103,4
35,104,3
35,119,3
35,150,3
35,165,5
35,173,5
35,176,3
35,186,1
35,195,1
35,198,5
35,209,1
35,236,1
35,251,5
35,253,3
35,260,5
35,272,5
35,276,5
35,287,3
35,290,1
35,343,3
35,359,5
35,380,5
35,409,1
35,410,5
35,421,3
35,422,1
35,434,3
35,437,1
35,438,3
35,442,3
35,446,1
35,472,3
35,475,5
35,481,5
35,499,3
35,516,5
35,561,3
35,563,3
35,569,3
35,594,4
36,21,3
36,34,5
36,55,3
36,71,2
36,78,5
36,89,5
36,99,5
36,102,5
36,104,5
36,125,3
36,127,1
36,130,1
36,138,5
36,161,1
36,178,4
36,179,3
36,222,5
36,227,5
36,251,3
36,259,3
36,260,3
36,301,3
36,313,5
36,339,5
36,343,1
36,355,1
36,358,1
36,380,3
36,381,3
36,391,3
36,407,5
36,433,1
36,442,5
36,448,3
36,481,5
36,483,5
36,516,5
36,561,5
36,562,5
36,594,5
36,595,5
37,16,5
37,21,3
37,39,3
37,55,3
37,71,3
37,78,5
37,97,3
37,99,5
37,102,3
37,104,5
37,107,5
37,109,5
37,113,1
37,117,5
37,119,3
37,124,5
37,138,5
37,150,4
37,156,1
37,173,3
37,176,5
37,179,3
37,221,4
37,222,5
37,227,5
37,231,5
37,239,3
37,251,2
37,259,5
37,260,5
37,272,3
37,276,5
37,293,1
37,318,3
37,343,1
37,374,5
37,380,5
37,407,5
37,409,1
37,434,4
37,440,3
37,442,4
37,448,3
37,462,5
37,472,3
37,475,5
37,479,1
37,481,4
37,498,5
37,532,5
37,559,2
37,561,1
37,562,5
37,582,5
37,594,5
38,113,5
38,481,3
39,115,5
39,127,5
39,176,5
39,515,1
40,24,5
40,71,4
41,71,3
41,251,3
42,523,5
42,534,1
43,99,3
43,260,3
43,402,3
43,475,5
44,553,5
44,571,4
45,78,3
45,95,3
45,99,4
45,104,3
45,115,5
45,201,3
45,251,5
45,261,4
45,414,1
45,475,4
45,516,5
46,3,1
46,6,3
46,10,1
46,11,1
46,28,3
46,52,5
46,53,3
46,55,3
46,61,1
46,71,4
46,78,3
46,95,3
46,99,4
46,103,3
46,117,5
46,119,5
46,124,3
46,152,3
46,161,1
46,162,3
46,166,1
46,176,1
46,182,1
46,186,3
46,195,3
46,198,5
46,223,3
46,238,1
46,239,5
46,251,5
46,255,2
46,268,1
46,276,3
46,286,4
46,287,4
46,288,5
46,291,5
46,298,1
46,300,4
46,305,1
46,311,3
46,313,3
46,326,5
46,328,1
46,343,3
46,355,3
46,368,5
46,369,3
46,371,5
46,373,1
46,374,4
46,384,3
46,389,1
46,409,5
46,414,1
46,421,3
46,428,1
46,442,3
46,459,1
46,462,5
46,466,4
46,473,5
46,481,1
46,505,1
46,516,3
46,520,4
46,535,1
46,544,3
46,560,4
46,569,5
46,571,1
46,582,5
46,600,5
47,7,5
47,99,5
47,237,5
47,260,3
47,380,5
47,381,1
47,523,5
47,594,5
48,78,3
48,244,1
48,409,5
49,201,3
49,594,2
50,78,3
50,97,3
50,99,5
50,104,3
50,502,5
51,176,1
51,594,2
52,99,3
52,512,5
53,99,4
53,173,5
53,286,3
54,71,5
54,117,1
55,99,5
55,201,3
56,99,3
56,103,3
56,112,3
56,291,3
56,312,3
56,391,1
57,414,1
57,555,5
58,158,5
58,380,3
59,6,3
59,10,1
59,20,5
59,21,5
59,29,3
59,34,3
59,39,3
59,54,5
59,71,5
59,78,5
59,87,3
59,89,3
59,93,3
59,95,3
59,97,5
59,99,3
59,103,4
59,104,3
59,107,3
59,113,3
59,117,3
59,119,3
59,128,3
59,141,3
59,150,2
59,161,1
59,171,3
59,176,5
59,186,5
59,193,1
59,251,5
59,259,4
59,260,5
59,276,5
59,285,3
59,286,4
59,287,5
59,312,3
59,313,3
59,323,3
59,348,3
59,380,5
59,385,3
59,390,3
59,407,3
59,409,3
59,412,5
59,442,3
59,454,3
59,472,3
59,475,3
59,485,3
59,516,2
59,521,2
59,532,4
59,561,4
59,562,3
59,567,5
59,569,5
59,570,5
59,587,1
59,592,3
59,606,3
60,2,1
60,34,3
60,54,5
60,78,3
60,99,3
60,117,2
60,152,2
60,169,3
60,176,2
60,221,2
60,251,2
60,253,2
60,259,5
60,260,3
60,355,1
60,380,5
60,384,5
60,407,3
60,431,2
60,448,4
60,456,4
60,481,2
60,516,3
60,532,5
60,535,5
60,544,5
60,567,3
60,569,1
61,2,1
61,34,3
61,54,5
61,78,3
61,99,2
61,104,2
61,117,2
61,152,2
61,169,3
61,176,3
61,221,2
61,251,2
61,253,2
61,259,5
61,260,4
61,380,5
61,407,3
61,431,2
61,448,4
61,481,2
61,516,3
61,532,5
61,535,5
61,544,5
61,567,3
61,569,1
62,2,1
62,34,3
62,54,5
62,78,4
62,99,2
62,104,2
62,117,2
62,169,3
62,176,2
62,221,2
62,251,3
62,253,2
62,259,5
62,260,4
62,380,5
62,407,3
62,431,2
62,448,4
62,481,2
62,516,3
62,532,5
62,535,5
62,569,1
63,74,5
63,103,3
63,130,1
63,250,5
64,24,5
64,28,3
64,78,1
64,87,5
64,89,5
64,99,5
64,104,3
64,112,1
64,176,5
64,181,3
64,192,1
64,210,1
64,231,1
64,276,1
64,313,3
64,355,1
64,409,1
64,448,5
64,481,1
64,520,5
64,521,5
64,560,3
64,565,5
65,24,5
65,259,5
65,472,3
65,481,3
65,516,3
66,78,5
66,141,3
66,442,3
67,99,5
67,409,1
67,553,5
68,35,1
68,43,5
68,78,5
68,104,5
68,176,2
68,198,4
68,259,3
68,374,3
68,409,2
68,472,4
68,481,3
68,535,2
69,78,2
69,117,2
70,78,2
70,117,2
71,6,3
71,71,5
71,97,1
71,141,3
71,176,5
71,201,4
71,269,5
71,310,5
71,481,5
71,506,1
71,606,3
72,104,3
72,565,3
73,87,2
73,104,3
73,331,3
73,380,3
74,3,1
74,63,4
74,78,5
74,84,5
74,85,1
74,87,3
74,89,3
74,97,3
74,99,5
74,103,5
74,104,1
74,105,3
74,116,5
74,143,3
74,161,4
74,173,4
74,175,5
74,176,2
74,183,3
74,222,5
74,251,4
74,260,3
74,269,5
74,270,4
74,271,5
74,272,5
74,276,5
74,286,3
74,288,5
74,309,3
74,312,3
74,330,4
74,334,1
74,343,3
74,355,3
74,369,1
74,380,5
74,381,5
74,384,5
74,391,5
74,409,3
74,422,1
74,431,4
74,433,3
74,442,3
74,462,5
74,472,3
74,475,4
74,481,3
74,508,5
74,523,5
74,528,5
74,529,5
74,532,4
74,535,1
74,561,4
74,564,5
74,565,5
74,572,5
75,9,3
75,12,5
75,18,3
75,21,3
75,26,1
75,33,5
75,34,3
75,35,4
75,50,3
75,53,5
75,71,4
75,78,4
75,87,2
75,89,3
75,90,5
75,97,4
75,99,5
75,100,1
75,103,5
75,104,3
75,107,3
75,110,1
75,124,5
75,144,4
75,152,4
75,154,2
75,161,1
75,173,5
75,176,1
75,187,3
75,201,3
75,211,3
75,222,4
75,223,3
75,231,5
75,235,3
75,239,5
75,251,5
75,259,3
75,260,3
75,276,3
75,286,3
75,287,5
75,291,3
75,312,5
75,313,3
75,335,1
75,343,5
75,345,4
75,347,1
75,355,4
75,357,4
75,362,1
75,368,3
75,369,3
75,373,3
75,374,3
75,380,5
75,386,1
75,390,1
75,399,1
75,407,3
75,409,4
75,411,3
75,412,5
75,432,3
75,434,1
75,442,2
75,465,5
75,466,5
75,469,3
75,472,3
75,475,5
75,490,5
75,510,5
75,516,5
75,517,5
75,524,1
75,528,5
75,532,3
75,535,1
75,544,3
75,562,5
75,565,1
75,592,5
75,599,1
76,24,5
76,34,3
76,56,5
76,78,2
76,83,5
76,86,5
76,99,4
76,104,1
76,105,5
76,109,3
76,221,3
76,222,5
76,259,3
76,260,5
76,272,5
76,281,3
76,291,1
76,293,3
76,317,1
76,339,5
76,343,3
76,345,4
76,346,4
76,352,5
76,354,1
76,355,3
76,362,4
76,363,3
76,364,5
76,380,4
76,396,3
76,407,5
76,409,5
76,431,1
76,435,5
76,438,5
76,442,5
76,457,5
76,472,3
76,475,3
76,481,5
76,510,3
76,514,5
76,516,3
76,517,5
76,523,1
76,536,4
76,567,3
76,573,5
76,582,5
76,594,5
77,24,5
77,34,3
77,56,5
77,78,5
77,83,5
77,99,5
77,104,1
77,105,5
77,109,3
77,176,5
77,208,5
77,221,3
77,222,5
77,259,3
77,260,3
77,272,5
77,281,3
77,291,1
77,293,3
77,317,1
77,339,5
77,343,3
77,345,3
77,352,5
77,354,1
77,363,3
77,364,5
77,396,3
77,407,5
77,409,5
77,435,5
77,438,5
77,442,5
77,457,5
77,472,3
77,475,3
77,481,5
77,514,5
77,516,4
77,517,3
77,523,1
77,525,5
77,536,4
77,565,5
77,567,3
77,573,5
77,582,5
77,594,5
78,5,1
78,10,5
78,20,3
78,26,4
78,29,3
78,30,5
78,38,1
78,43,1
78,50,1
78,53,5
78,55,4
78,71,5
78,75,1
78,78,3
78,83,5
78,88,5
78,89,5
78,90,5
78,95,3
78,97,3
78,99,5
78,104,2
78,109,3
78,111,5
78,117,5
78,119,5
78,123,3
78,137,5
78,141,3
78,152,5
78,154,3
78,165,1
78,166,5
78,171,3
78,173,5
78,176,2
78,182,1
78,186,1
78,195,1
78,198,1
78,200,1
78,203,3
78,215,1
78,220,5
78,222,3
78,231,5
78,251,5
78,253,3
78,257,3
78,259,5
78,260,5
78,276,4
78,285,3
78,287,5
78,300,1
78,308,5
78,325,5
78,326,3
78,335,1
78,336,3
78,343,1
78,345,1
78,347,1
78,348,3
78,353,3
78,355,1
78,359,3
78,362,5
78,363,4
78,368,3
78,374,3
78,380,5
78,384,5
78,391,5
78,407,5
78,409,3
78,413,5
78,421,1
78,422,1
78,432,2
78,433,1
78,434,5
78,442,5
78,459,1
78,462,3
78,472,5
78,475,5
78,479,3
78,481,3
78,482,5
78,483,3
78,492,1
78,502,5
78,510,5
78,514,5
78,516,4
78,535,2
78,547,5
78,556,4
78,560,3
78,561,3
78,564,5
78,569,5
78,571,1
78,573,2
78,579,3
78,582,4
78,590,5
78,594,5
78,601,5
78,605,5
79,53,3
79,259,5
80,176,1
80,516,2
81,57,1
81,251,3
81,517,1
82,87,5
82,442,3
83,99,4
83,176,3
84,11,1
84,544,4
85,18,3
85,55,3
85,65,5
85,71,3
85,72,3
85,78,5
85,87,2
85,89,1
85,99,3
85,104,5
85,109,2
85,110,3
85,113,5
85,143,3
85,173,2
85,176,5
85,251,5
85,259,3
85,312,3
85,336,3
85,355,3
85,380,2
85,381,5
85,386,3
85,391,5
85,407,5
85,424,5
85,442,3
85,446,1
85,462,4
85,469,3
85,472,3
85,475,5
85,516,5
85,561,3
85,582,5
85,594,2
86,99,3
86,104,3
86,110,5
86,115,3
86,127,5
86,198,3
86,251,3
86,272,5
86,475,3
86,481,3
87,183,1
87,481,3
88,287,3
88,368,3
89,78,3
89,110,1
89,251,3
89,409,5
90,15,5
90,78,3
90,99,5
90,181,3
90,197,1
90,259,5
90,286,1
90,322,1
90,384,3
90,565,5
91,41,4
91,78,3
91,99,3
91,103,5
91,104,5
91,162,1
91,176,3
91,247,1
91,251,3
91,259,5
91,260,3
91,293,3
91,343,1
91,351,3
91,355,3
91,415,1
91,421,1
91,435,4
91,442,5
91,472,3
91,475,3
91,481,5
91,485,5
91,516,3
92,34,5
92,54,5
92,78,3
92,251,5
92,259,5
92,260,3
92,317,1
92,344,1
92,389,1
92,421,5
92,448,3
92,475,3
92,510,5
93,34,5
93,78,3
93,99,1
93,173,5
93,251,5
93,259,5
93,260,3
93,317,1
93,363,4
93,380,1
93,389,1
93,421,5
93,448,3
93,475,3
93,481,5
93,510,5
94,104,5
94,407,3
94,409,1
94,442,5
94,594,3
95,71,5
95,165,1
95,475,5
96,300,3
96,603,3
97,34,1
97,78,3
97,99,5
97,104,3
98,176,5
98,292,2
98,339,5
99,167,3
99,217,5
99,414,1
99,561,4
100,99,5
100,173,5
100,260,3
100,347,1
100,360,2
100,412,5
100,510,5
100,513,5
100,522,5
101,251,3
101,347,3
101,348,1
102,35,5
102,78,5
102,87,3
102,89,3
102,97,3
102,99,5
102,104,3
102,117,3
102,123,3
102,129,2
102,176,5
102,251,2
102,259,3
102,276,1
102,310,5
102,380,3
102,407,4
102,442,3
102,472,3
102,483,3
102,519,5
102,545,5
102,605,5
103,59,5
103,76,5
103,78,5
103,99,2
103,251,5
103,259,3
103,380,3
103,391,1
103,414,1
103,542,5
103,565,5
103,582,2
104,59,5
104,76,5
104,78,2
104,99,2
104,117,2
104,231,2
104,251,2
104,260,2
104,276,5
104,380,2
104,390,5
104,391,1
104,414,1
104,475,2
104,542,5
104,561,2
104,565,5
104,582,2
105,74,5
105,78,3
105,99,5
105,102,5
105,117,1
105,136,3
105,176,5
105,292,2
105,348,3
105,349,3
105,441,5
105,536,3
105,561,3
106,117,3
106,339,5
106,396,3
106,442,3
106,561,3
107,167,3
107,561,3
108,90,1
108,97,3
109,97,3
109,99,3
109,115,3
109,176,3
109,380,3
109,561,1
110,50,3
110,380,3
110,601,5
111,99,4
111,115,5
111,475,5
111,534,1
112,176,1
112,253,5
112,335,5
112,462,3
112,481,5
113,90,1
113,481,5
114,510,1
114,516,4
115,24,5
115,403,4
116,24,5
116,403,4
117,24,5
117,403,4
118,24,5
118,403,4
119,24,5
119,403,4
120,24,5
120,403,4
121,24,5
121,403,4
122,24,5
122,403,4
123,87,5
123,99,3
123,140,5
123,176,4
123,251,3
123,448,4
124,78,1
124,110,3
124,115,3
125,409,5
125,520,5
126,28,3
126,71,5
126,78,3
126,83,5
126,87,5
126,89,3
126,99,5
126,104,3
126,107,5
126,110,1
126,115,5
126,131,3
126,140,5
126,150,3
126,157,5
126,162,5
126,163,3
126,165,1
126,176,3
126,182,1
126,195,5
126,228,1
126,231,5
126,251,5
126,259,3
126,272,5
126,276,4
126,286,5
126,339,5
126,352,3
126,355,4
126,357,4
126,372,3
126,380,5
126,391,5
126,418,1
126,422,1
126,434,3
126,442,3
126,462,1
126,469,3
126,475,5
126,490,5
126,510,1
126,514,5
126,516,5
126,517,3
126,521,5
126,522,5
126,556,1
126,562,5
126,571,4
126,582,1
127,71,5
127,78,5
127,80,5
127,86,3
127,87,2
127,90,3
127,99,3
127,110,5
127,117,5
127,127,5
127,176,3
127,201,1
127,221,3
127,231,5
127,246,3
127,247,1
127,251,3
127,259,5
127,260,3
127,272,5
127,276,1
127,312,5
127,378,3
127,380,5
127,381,3
127,382,1
127,409,5
127,414,1
127,475,4
127,481,5
127,488,5
127,498,5
127,510,1
127,516,5
127,521,3
127,527,5
127,540,1
127,542,3
127,561,3
127,571,4
127,592,5
128,20,3
128,34,3
128,35,5
128,37,5
128,55,3
128,58,3
128,59,1
128,70,3
128,78,5
128,83,5
128,87,1
128,89,5
128,99,3
128,104,3
128,115,4
128,141,1
128,167,4
128,173,3
128,176,5
128,190,3
128,192,1
128,198,1
128,226,1
128,251,4
128,259,5
128,260,5
128,276,4
128,286,3
128,300,1
128,312,4
128,313,5
128,327,3
128,352,5
128,370,5
128,374,3
128,380,3
128,412,5
128,413,1
128,415,1
128,421,3
128,422,1
128,434,3
128,462,1
128,469,5
128,472,4
128,475,1
128,481,2
128,483,3
128,487,1
128,489,5
128,499,3
128,516,4
128,535,5
128,540,5
128,557,1
128,563,3
128,569,1
128,600,5
128,613,3
129,78,1
129,107,5
130,20,3
130,49,3
130,113,3
130,136,1
130,141,1
130,198,5
130,251,3
130,275,2
130,276,5
130,313,3
130,423,3
130,425,1
130,442,3
130,471,3
130,504,5
130,531,5
130,602,5
130,606,3
131,3,1
131,10,1
131,21,5
131,46,1
131,50,3
131,55,3
131,71,5
131,73,5
131,78,5
131,89,3
131,90,3
131,93,3
131,95,3
131,97,3
131,99,3
131,102,3
131,104,5
131,113,3
131,116,5
131,117,5
131,131,5
131,132,3
131,134,2
131,136,1
131,137,5
131,138,4
131,141,5
131,143,3
131,165,5
131,173,3
131,176,5
131,192,3
131,195,3
131,209,1
131,233,1
131,234,5
131,251,3
131,260,4
131,268,1
131,272,3
131,275,4
131,276,3
131,300,4
131,302,4
131,312,5
131,321,3
131,326,3
131,328,1
131,335,5
131,425,1
131,434,1
131,438,5
131,450,5
131,472,3
131,475,3
131,481,5
131,544,1
131,561,5
131,565,5
131,602,3
132,44,5
132,49,3
132,54,5
132,55,1
132,78,4
132,83,5
132,134,3
132,138,1
132,141,5
132,166,3
132,176,5
132,231,3
132,272,5
132,276,5
132,300,3
132,302,5
132,339,5
132,368,3
132,377,3
132,425,1
132,427,5
132,434,1
132,471,1
132,472,3
132,475,3
132,516,3
132,533,5
132,561,3
132,569,1
132,594,5
133,44,5
133,49,3
133,54,5
133,55,1
133,78,4
133,83,5
133,134,3
133,138,5
133,141,3
133,166,3
133,174,5
133,176,5
133,231,3
133,251,5
133,272,5
133,276,5
133,300,1
133,302,5
133,339,5
133,368,3
133,377,3
133,409,4
133,425,1
133,427,5
133,434,5
133,471,1
133,472,3
133,475,3
133,516,3
133,561,3
133,569,1
133,594,3
134,3,1
134,10,1
134,55,1
134,57,1
134,71,5
134,78,5
134,90,3
134,99,5
134,103,3
134,104,3
134,110,3
134,116,5
134,117,5
134,134,3
134,136,1
134,141,3
134,166,3
134,173,5
134,176,3
134,251,5
134,259,3
134,260,3
134,276,5
134,300,1
134,302,3
134,311,3
134,312,5
134,321,3
134,374,3
134,380,5
134,384,5
134,425,1
134,434,1
134,438,5
134,442,5
134,472,5
134,475,3
134,481,5
134,483,3
134,510,5
134,516,5
134,529,1
134,537,5
134,561,5
134,565,5
134,577,5
134,582,5
134,594,5
135,20,3
135,55,3
135,70,3
135,78,3
135,97,3
135,99,5
135,104,5
135,107,3
135,110,3
135,117,1
135,148,3
135,228,3
135,246,3
135,259,3
135,260,4
135,272,3
135,276,5
135,287,1
135,372,3
135,380,3
135,382,1
135,409,5
135,412,1
135,415,1
135,434,1
135,472,3
135,475,5
135,481,5
135,516,5
136,29,3
136,78,3
136,130,1
136,260,5
137,11,3
137,20,3
137,21,3
137,86,3
137,89,3
137,96,3
137,99,3
137,104,1
137,110,3
137,116,5
137,117,5
137,176,1
137,201,3
137,251,5
137,312,3
137,355,1
137,380,3
137,407,4
137,475,3
137,487,1
137,498,5
137,505,5
137,516,5
138,78,3
138,83,5
138,99,3
138,117,3
138,174,5
138,176,5
138,222,3
138,227,5
138,251,3
138,276,5
138,380,3
138,384,5
138,407,4
138,442,3
139,78,3
139,83,5
139,99,3
139,117,3
139,174,5
139,176,3
139,222,3
139,227,5
139,251,3
139,276,5
139,380,3
139,384,5
139,407,5
139,442,3
140,14,5
140,55,3
140,71,5
140,78,4
140,88,3
140,89,4
140,90,1
140,93,3
140,94,5
140,99,3
140,104,3
140,110,5
140,116,5
140,127,5
140,136,3
140,173,5
140,174,5
140,176,5
140,222,3
140,231,5
140,250,5
140,259,3
140,300,5
140,380,3
140,384,3
140,390,5
140,407,4
140,409,4
140,432,3
140,472,5
140,475,4
140,481,5
140,510,1
140,516,5
140,532,5
140,565,5
140,567,5
140,594,5
141,20,3
141,34,1
141,55,3
141,88,5
141,97,3
141,99,3
141,110,3
141,119,3
141,260,3
141,276,5
141,287,1
141,380,5
141,424,5
141,475,3
141,514,5
142,34,3
142,54,5
142,71,5
142,78,3
142,83,5
142,87,2
142,90,3
142,97,4
142,99,4
142,104,2
142,105,5
142,109,2
142,110,3
142,125,3
142,173,5
142,176,5
142,187,5
142,220,5
142,251,4
142,254,3
142,259,5
142,260,5
142,341,5
142,380,3
142,409,4
142,410,5
142,420,3
142,442,2
142,448,3
142,472,3
142,475,3
142,519,4
142,523,1
142,540,3
142,562,2
142,565,2
142,603,4
143,21,3
143,34,3
143,71,5
143,78,3
143,86,3
143,87,5
143,89,3
143,90,3
143,96,4
143,99,3
143,100,5
143,104,3
143,105,3
143,107,3
143,113,3
143,115,3
143,117,3
143,119,3
143,127,5
143,141,4
143,148,3
143,150,3
143,154,5
143,173,5
143,176,3
143,182,4
143,198,1
143,208,5
143,259,4
143,260,5
143,318,4
143,337,3
143,339,4
143,343,3
143,352,3
143,357,3
143,391,3
143,404,3
143,442,5
143,462,4
143,472,4
143,475,3
143,481,3
143,489,3
143,516,5
143,517,3
143,521,3
143,560,3
143,561,5
143,562,3
143,563,3
143,565,3
143,568,3
143,582,5
143,606,3
144,54,5
144,99,3
144,117,3
144,354,3
144,380,3
144,384,5
144,409,5
144,440,3
144,442,3
144,448,4
144,475,3
144,562,5
144,582,5
145,54,5
145,99,3
145,117,3
145,354,3
145,380,3
145,384,5
145,409,5
145,440,3
145,442,3
145,448,4
145,475,3
145,562,5
145,582,5
146,34,3
146,67,1
146,71,5
146,78,5
146,83,5
146,84,5
146,86,3
146,87,5
146,89,4
146,90,3
146,99,1
146,104,2
146,116,5
146,117,5
146,125,3
146,158,5
146,176,3
146,209,1
146,228,3
146,251,2
146,259,5
146,260,3
146,276,5
146,328,3
146,343,3
146,380,3
146,384,5
146,407,5
146,442,3
146,449,1
146,466,3
146,469,3
146,481,3
146,482,5
146,485,5
146,535,1
146,563,3
146,565,5
147,59,5
147,69,4
147,71,4
147,78,1
147,84,5
147,87,1
147,95,3
147,99,3
147,104,3
147,119,3
147,127,5
147,176,3
147,251,4
147,260,3
147,262,3
147,288,5
147,357,1
147,378,3
147,380,5
147,422,1
147,428,1
147,429,1
147,432,2
147,442,1
147,469,5
147,472,3
147,475,5
147,535,4
147,537,5
147,555,5
147,556,3
147,563,3
147,564,5
147,565,3
147,567,5
147,580,5
148,22,5
148,35,3
148,46,3
148,64,5
148,66,5
148,69,5
148,71,5
148,73,5
148,78,5
148,80,5
148,87,3
148,89,5
148,90,3
148,91,5
148,93,5
148,94,5
148,95,3
148,97,3
148,99,4
148,104,3
148,107,4
148,109,2
148,110,5
148,115,3
148,117,5
148,119,4
148,127,1
148,130,1
148,152,5
148,154,5
148,173,1
148,176,5
148,212,5
148,220,5
148,221,5
148,222,5
148,231,2
148,250,3
148,251,3
148,260,3
148,272,5
148,286,3
148,290,3
148,305,1
148,328,3
148,337,3
148,340,5
148,374,5
148,404,1
148,442,5
148,443,5
148,448,4
148,475,5
148,481,3
148,498,5
148,516,3
148,520,5
148,538,5
148,573,1
148,582,1
148,594,5
149,29,3
149,34,1
149,50,5
149,55,5
149,56,5
149,57,5
149,75,1
149,78,5
149,87,3
149,89,3
149,90,5
149,99,4
149,104,3
149,107,5
149,117,1
149,119,5
149,163,3
149,165,5
149,173,5
149,176,1
149,198,1
149,212,5
149,221,5
149,222,5
149,226,5
149,240,3
149,247,1
149,249,3
149,251,5
149,253,5
149,259,5
149,272,5
149,276,5
149,277,1
149,284,3
149,290,1
149,312,3
149,317,5
149,328,1
149,334,5
149,343,5
149,345,4
149,348,3
149,355,4
149,361,3
149,362,1
149,380,1
149,382,1
149,384,5
149,388,4
149,391,4
149,396,1
149,409,3
149,442,5
149,472,5
149,475,5
149,481,5
149,487,1
149,494,3
149,510,1
149,514,5
149,517,5
149,529,1
149,532,5
149,542,1
149,556,3
149,559,5
149,561,5
149,562,5
149,565,5
149,573,1
149,582,3
149,590,1
149,596,5
149,601,3
149,604,1
149,606,3
150,15,5
150,17,5
150,21,5
150,29,3
150,30,5
150,31,5
150,34,1
150,42,5
150,53,5
150,55,5
150,56,3
150,66,5
150,71,4
150,77,3
150,78,3
150,83,5
150,86,3
150,88,3
150,89,5
150,90,4
150,93,3
150,95,5
150,96,3
150,97,3
150,99,1
150,100,5
150,104,4
150,105,5
150,107,5
150,110,5
150,115,3
150,116,5
150,117,3
150,138,1
150,141,3
150,150,5
150,156,5
150,160,5
150,163,3
150,165,5
150,171,5
150,173,3
150,174,5
150,176,5
150,179,4
150,186,3
150,198,5
150,209,1
150,221,3
150,222,1
150,224,5
150,231,3
150,232,5
150,240,3
150,242,5
150,251,5
150,259,5
150,260,3
150,272,3
150,284,3
150,287,5
150,288,3
150,297,1
150,300,1
150,310,5
150,312,3
150,321,3
150,343,4
150,352,5
150,355,3
150,363,2
150,380,5
150,384,3
150,385,1
150,407,5
150,409,3
150,412,1
150,422,1
150,425,3
150,434,5
150,439,5
150,442,3
150,448,3
150,462,1
150,472,4
150,475,3
150,479,1
150,481,5
150,498,5
150,504,5
150,506,1
150,509,1
150,516,4
150,517,1
150,520,5
150,521,3
150,544,5
150,560,5
150,561,3
150,565,5
150,594,5
150,601,2
150,614,3
151,34,3
151,55,3
151,57,5
151,71,3
151,78,1
151,79,3
151,97,3
151,99,5
151,117,3
151,125,3
151,127,5
151,152,3
151,176,5
151,198,3
151,199,4
151,226,1
151,236,1
151,239,3
151,251,3
151,258,1
151,259,3
151,284,3
151,314,3
151,326,5
151,328,3
151,339,5
151,343,3
151,357,1
151,372,3
151,380,3
151,389,1
151,390,4
151,407,5
151,414,1
151,416,5
151,434,1
151,440,3
151,442,3
151,449,3
151,472,5
151,502,5
151,510,3
151,511,3
151,514,5
151,537,5
151,560,3
151,565,5
151,571,1
151,582,4
151,592,5
152,6,1
152,7,1
152,10,1
152,15,5
152,16,3
152,17,5
152,18,3
152,20,3
152,21,3
152,29,3
152,42,5
152,43,1
152,53,3
152,55,5
152,66,5
152,69,5
152,71,4
152,78,4
152,83,5
152,84,5
152,86,3
152,87,3
152,88,4
152,89,3
152,90,4
152,93,3
152,94,5
152,97,3
152,99,1
152,100,5
152,104,5
152,105,5
152,107,3
152,109,3
152,110,3
152,115,5
152,116,5
152,117,5
152,119,4
152,125,3
152,138,1
152,141,3
152,143,3
152,148,1
152,150,5
152,154,2
152,156,3
152,160,1
152,171,5
152,173,5
152,174,5
152,175,5
152,176,5
152,182,1
152,198,3
152,209,1
152,221,3
152,222,5
152,226,5
152,231,3
152,232,5
152,235,5
152,242,5
152,251,5
152,259,1
152,260,5
152,272,3
152,276,1
152,288,5
152,292,3
152,297,1
152,300,3
152,301,3
152,312,5
152,321,3
152,322,3
152,326,3
152,339,5
152,351,5
152,355,3
152,367,5
152,372,4
152,380,5
152,381,5
152,385,5
152,404,4
152,407,5
152,409,4
152,410,5
152,412,1
152,421,3
152,422,1
152,428,1
152,431,4
152,439,5
152,440,3
152,442,3
152,448,3
152,462,3
152,469,3
152,472,3
152,475,5
152,479,5
152,481,5
152,498,5
152,505,3
152,506,1
152,516,5
152,521,3
152,532,3
152,542,5
152,544,3
152,561,3
152,565,5
152,567,5
152,569,3
152,573,1
152,582,3
152,594,5
152,595,5
152,599,5
152,601,5
152,603,3
152,608,5
152,614,3
153,29,3
153,78,1
153,99,5
153,104,5
153,117,3
153,141,3
153,176,4
153,182,4
153,197,1
153,281,4
153,312,5
153,376,1
153,513,5
153,529,3
154,2,4
154,3,1
154,30,3
154,32,3
154,34,3
154,39,4
154,43,5
154,51,4
154,53,5
154,54,3
154,55,3
154,58,5
154,59,1
154,60,4
154,62,3
154,67,4
154,71,4
154,74,5
154,78,4
154,83,5
154,86,5
154,89,4
154,90,3
154,99,5
154,103,4
154,104,3
154,109,4
154,110,4
154,117,3
154,123,5
154,124,5
154,127,5
154,140,5
154,141,3
154,143,4
154,148,4
154,149,1
154,159,3
154,161,4
154,162,1
154,165,1
154,166,4
154,173,5
154,176,4
154,182,4
154,184,4
154,186,5
154,194,3
154,195,5
154,197,1
154,198,1
154,201,4
154,202,5
154,203,3
154,206,4
154,208,5
154,221,4
154,226,5
154,228,4
154,231,4
154,251,1
154,253,4
154,259,3
154,261,1
154,262,4
154,263,4
154,266,3
154,272,4
154,276,1
154,282,3
154,286,4
154,287,5
154,290,4
154,291,3
154,292,5
154,293,5
154,300,1
154,307,4
154,309,4
154,310,3
154,312,5
154,313,5
154,314,3
154,321,4
154,322,5
154,326,5
154,328,1
154,330,3
154,331,4
154,335,4
154,342,4
154,343,3
154,348,1
154,352,1
154,355,3
154,359,1
154,364,5
154,368,4
154,374,5
154,380,4
154,381,5
154,384,5
154,385,3
154,386,2
154,390,5
154,396,2
154,401,4
154,407,5
154,409,5
154,412,3
154,414,4
154,418,4
154,420,4
154,421,1
154,422,1
154,431,5
154,434,1
154,440,4
154,442,5
154,449,1
154,459,1
154,462,5
154,465,1
154,468,4
154,469,5
154,475,5
154,481,5
154,489,5
154,491,1
154,505,4
154,516,3
154,517,3
154,518,3
154,521,4
154,535,4
154,542,5
154,544,4
154,551,1
154,552,4
154,560,4
154,561,3
154,565,4
154,569,5
154,571,4
154,573,1
154,582,3
154,583,3
154,591,5
154,592,4
154,594,5
154,596,5
154,599,5
154,601,3
155,7,1
155,24,5
155,35,5
155,46,5
155,48,1
155,52,5
155,53,5
155,55,5
155,57,5
155,59,5
155,71,5
155,75,1
155,78,4
155,80,5
155,86,5
155,87,3
155,95,3
155,96,3
155,99,3
155,104,1
155,123,5
155,125,3
155,127,4
155,150,4
155,171,1
155,176,5
155,195,3
155,220,5
155,221,5
155,224,5
155,226,5
155,239,1
155,251,5
155,252,5
155,253,5
155,259,3
155,260,3
155,272,5
155,290,1
155,291,3
155,300,1
155,312,4
155,319,5
155,322,1
155,352,1
155,355,1
155,380,5
155,391,3
155,396,1
155,409,5
155,421,1
155,422,1
155,429,1
155,433,5
155,438,5
155,442,3
155,448,5
155,461,5
155,462,3
155,469,5
155,472,3
155,475,4
155,481,5
155,489,5
155,516,5
155,517,3
155,519,4
155,527,5
155,540,1
155,542,5
155,544,3
155,551,5
155,561,5
155,565,5
155,569,1
155,572,1
155,581,5
155,582,1
156,186,5
156,192,3
156,195,1
156,487,1
157,78,1
157,523,5
158,78,3
158,391,3
158,483,1
158,592,5
159,69,5
159,176,5
159,259,5
159,391,3
159,448,5
159,562,3
159,592,5
160,17,5
160,104,1
160,198,1
160,281,2
160,409,5
160,561,5
161,6,3
161,21,5
161,24,5
161,34,5
161,41,4
161,46,1
161,53,3
161,71,5
161,78,5
161,83,5
161,87,3
161,89,3
161,95,5
161,97,4
161,99,5
161,104,3
161,107,2
161,110,4
161,117,3
161,123,3
161,152,3
161,173,5
161,176,2
161,197,1
161,221,4
161,251,1
161,253,2
161,259,5
161,260,3
161,261,3
161,276,5
161,288,5
161,312,3
161,326,3
161,348,1
161,352,1
161,355,1
161,380,2
161,381,3
161,407,1
161,409,3
161,420,3
161,422,1
161,424,5
161,442,5
161,462,3
161,471,2
161,472,5
161,475,3
161,481,5
161,516,2
161,551,5
161,552,2
161,561,3
161,573,5
161,579,3
162,10,3
162,24,5
162,41,4
162,53,3
162,59,5
162,78,4
162,89,4
162,99,5
162,104,5
162,125,1
162,176,3
162,236,1
162,251,5
162,357,3
162,374,5
162,380,5
162,409,3
162,475,5
162,481,3
162,572,1
163,2,4
163,17,3
163,20,5
163,30,4
163,54,5
163,78,5
163,90,4
163,99,4
163,103,5
163,104,3
163,115,5
163,117,4
163,155,5
163,176,3
163,182,1
163,187,1
163,197,3
163,239,5
163,251,4
163,259,2
163,260,5
163,263,4
163,269,5
163,272,4
163,281,2
163,286,4
163,312,3
163,331,4
163,355,3
163,378,5
163,380,4
163,434,3
163,442,3
163,468,4
163,475,3
163,510,1
163,516,3
163,535,4
163,559,4
163,562,4
163,563,4
163,565,4
163,582,4
163,592,4
163,594,2
164,78,5
164,104,3
164,141,3
164,165,5
164,343,3
164,352,5
164,442,5
164,502,3
164,516,3
165,1,5
165,24,5
165,29,3
165,48,1
165,54,5
165,55,4
165,60,3
165,71,5
165,75,1
165,78,3
165,80,5
165,81,5
165,89,3
165,90,1
165,99,5
165,104,5
165,110,3
165,117,5
165,123,5
165,127,3
165,134,3
165,138,5
165,149,1
165,150,3
165,152,1
165,159,5
165,165,1
165,166,3
165,173,5
165,176,5
165,187,1
165,197,1
165,198,1
165,203,4
165,205,5
165,222,5
165,224,5
165,231,3
165,235,5
165,239,3
165,240,3
165,251,5
165,260,5
165,263,3
165,276,4
165,281,4
165,286,1
165,288,5
165,291,5
165,292,5
165,293,3
165,300,1
165,310,5
165,312,5
165,313,3
165,322,1
165,324,1
165,326,4
165,334,1
165,336,3
165,343,4
165,348,4
165,352,5
165,354,3
165,355,3
165,357,1
165,361,3
165,373,4
165,376,1
165,379,3
165,380,5
165,381,5
165,382,1
165,384,5
165,385,3
165,386,3
165,392,3
165,397,3
165,406,1
165,409,5
165,420,3
165,421,1
165,429,1
165,432,5
165,433,5
165,434,5
165,442,3
165,455,3
165,462,1
165,471,3
165,472,4
165,475,5
165,481,5
165,498,5
165,506,5
165,516,3
165,517,5
165,530,5
165,542,3
165,544,4
165,551,5
165,558,1
165,571,4
165,573,5
165,582,3
165,590,5
166,78,5
166,87,3
166,127,5
166,141,1
166,152,5
166,231,5
166,349,3
166,475,5
167,16,5
167,20,5
167,34,1
167,52,3
167,78,5
167,99,5
167,104,5
167,117,1
167,126,5
167,141,3
167,247,1
167,251,1
167,409,1
167,422,1
167,440,4
167,442,3
167,475,4
167,483,1
167,582,1
168,78,5
168,104,5
168,117,1
168,251,1
168,440,4
168,582,1
169,16,5
169,41,4
169,53,3
169,55,3
169,71,1
169,78,3
169,87,2
169,99,3
169,101,3
169,104,3
169,107,3
169,150,4
169,152,3
169,173,5
169,176,4
169,203,3
169,221,2
169,251,3
169,253,5
169,259,3
169,260,3
169,281,2
169,380,1
169,420,3
169,442,3
169,448,5
169,473,5
169,475,3
169,481,3
169,510,5
169,516,3
169,551,5
169,561,3
169,573,5
170,21,3
170,34,5
170,78,5
170,99,4
170,104,1
170,259,5
170,260,4
170,380,3
170,448,3
170,472,3
170,475,5
170,481,3
170,483,5
171,34,3
171,221,5
171,259,5
171,407,5
171,442,5
171,516,3
172,34,3
172,78,4
172,221,5
172,259,5
172,407,5
172,409,4
172,442,5
172,475,4
172,516,3
173,65,5
173,99,3
173,139,3
173,176,5
173,182,3
173,259,4
173,260,5
173,266,1
173,355,1
173,422,1
173,516,3
173,537,5
173,567,3
173,582,5
174,3,3
174,8,4
174,10,4
174,16,5
174,20,1
174,21,5
174,26,1
174,29,3
174,30,5
174,32,3
174,34,3
174,43,5
174,51,3
174,53,5
174,54,3
174,55,5
174,57,5
174,63,5
174,67,5
174,68,3
174,71,1
174,75,1
174,78,5
174,83,5
174,88,5
174,89,3
174,90,2
174,93,5
174,97,3
174,99,4
174,101,1
174,104,1
174,105,5
174,107,3
174,108,5
174,113,5
174,115,5
174,117,5
174,119,3
174,120,3
174,127,3
174,136,3
174,137,5
174,141,5
174,149,4
174,150,1
174,155,3
174,156,5
174,161,1
174,162,3
174,163,3
174,166,5
174,170,3
174,171,3
174,173,5
174,176,1
174,179,5
174,182,1
174,183,3
174,186,5
174,191,5
174,192,1
174,195,1
174,198,3
174,201,5
174,202,3
174,208,5
174,209,5
174,219,4
174,221,5
174,228,4
174,231,1
174,239,1
174,249,3
174,251,4
174,252,5
174,253,3
174,259,5
174,260,5
174,261,1
174,263,4
174,272,5
174,276,3
174,281,1
174,286,3
174,287,4
174,291,3
174,292,5
174,300,4
174,302,4
174,306,3
174,308,5
174,310,4
174,312,5
174,318,3
174,326,3
174,329,3
174,332,5
174,335,3
174,337,3
174,339,3
174,343,5
174,344,1
174,345,3
174,348,1
174,352,5
174,355,5
174,356,3
174,357,1
174,361,1
174,364,5
174,367,5
174,368,3
174,370,5
174,373,5
174,374,3
174,380,1
174,381,5
174,384,5
174,385,4
174,386,1
174,387,3
174,389,5
174,390,5
174,391,5
174,392,1
174,394,4
174,396,2
174,397,3
174,401,4
174,403,1
174,406,3
174,409,5
174,420,3
174,421,5
174,422,1
174,424,5
174,429,4
174,430,5
174,431,5
174,433,1
174,434,5
174,442,5
174,459,1
174,462,5
174,465,1
174,469,5
174,472,5
174,475,5
174,479,1
174,481,5
174,487,1
174,489,5
174,491,1
174,503,3
174,506,1
174,510,3
174,516,3
174,517,5
174,523,5
174,526,5
174,528,5
174,535,5
174,542,5
174,544,3
174,546,3
174,551,5
174,556,4
174,559,5
174,561,3
174,562,5
174,563,5
174,565,5
174,569,4
174,571,4
174,573,3
174,578,3
174,582,5
174,590,5
174,591,3
174,592,5
174,593,3
174,594,5
174,599,1
174,601,3
174,606,3
174,607,3
174,608,5
174,611,5
174,613,3
175,3,3
175,18,3
175,21,5
175,43,3
175,51,3
175,53,5
175,54,5
175,59,5
175,71,5
175,78,4
175,87,3
175,89,5
175,90,3
175,99,5
175,104,5
175,107,3
175,113,5
175,117,5
175,127,5
175,144,5
175,176,3
175,195,1
175,198,1
175,203,4
175,209,1
175,222,3
175,227,5
175,228,1
175,231,5
175,251,4
175,259,5
175,260,5
175,272,3
175,281,4
175,286,5
175,292,3
175,318,3
175,325,1
175,326,5
175,337,1
175,343,1
175,345,4
175,348,1
175,349,3
175,352,4
175,355,3
175,359,1
175,369,5
175,380,3
175,384,5
175,385,5
175,387,3
175,388,3
175,393,4
175,401,5
175,409,5
175,420,3
175,421,5
175,428,3
175,432,3
175,435,5
175,442,3
175,444,5
175,448,3
175,463,3
175,469,5
175,472,3
175,481,5
175,484,3
175,498,5
175,499,1
175,504,3
175,516,4
175,518,3
175,535,5
175,537,5
175,540,1
175,544,1
175,561,1
175,562,5
175,563,5
175,564,5
175,594,5
175,596,5
175,598,3
176,20,3
176,34,3
176,54,5
176,57,5
176,59,5
176,66,5
176,70,3
176,71,5
176,75,1
176,78,3
176,83,5
176,89,5
176,99,4
176,100,3
176,103,3
176,104,5
176,110,5
176,140,5
176,165,1
176,175,5
176,176,4
176,182,3
176,187,1
176,198,1
176,222,5
176,237,1
176,251,5
176,259,3
176,260,5
176,276,5
176,287,5
176,312,5
176,326,5
176,329,3
176,352,3
176,359,1
176,371,3
176,374,4
176,393,5
176,409,5
176,421,3
176,428,3
176,435,5
176,442,4
176,473,5
176,475,5
176,481,5
176,492,1
176,499,1
176,516,5
176,522,5
176,540,1
176,556,5
176,562,3
176,567,3
176,568,3
176,573,5
176,584,3
176,594,5
176,597,4
177,2,1
177,8,4
177,15,5
177,20,4
177,34,4
177,53,5
177,55,3
177,71,3
177,77,5
177,78,5
177,79,5
177,87,3
177,90,3
177,97,3
177,99,4
177,101,1
177,104,3
177,107,4
177,113,5
177,130,1
177,141,3
177,150,3
177,152,3
177,162,1
177,164,3
177,166,1
177,175,5
177,176,5
177,188,3
177,212,1
177,221,5
177,222,5
177,235,3
177,251,3
177,253,1
177,258,1
177,259,4
177,260,5
177,274,1
177,276,1
177,284,3
177,286,3
177,287,1
177,300,3
177,310,3
177,313,3
177,326,1
177,343,3
177,352,3
177,355,3
177,359,5
177,363,1
177,369,1
177,374,1
177,376,1
177,380,5
177,384,1
177,394,4
177,396,1
177,397,4
177,409,1
177,420,3
177,432,3
177,434,3
177,442,2
177,444,5
177,459,1
177,469,5
177,475,3
177,483,5
177,492,1
177,499,3
177,501,1
177,502,5
177,510,5
177,516,5
177,522,5
177,525,3
177,528,5
177,535,5
177,537,5
177,538,4
177,542,5
177,551,5
177,556,3
177,558,1
177,561,1
177,565,5
177,570,5
177,573,5
177,589,1
177,592,1
177,601,5
177,610,5
178,8,5
178,18,3
178,60,5
178,78,3
178,83,5
178,99,1
178,104,2
178,107,3
178,117,5
178,174,5
178,176,3
178,186,1
178,238,1
178,251,5
178,259,5
178,260,3
178,276,5
178,281,4
178,287,1
178,339,3
178,343,5
178,345,4
178,348,1
178,352,3
178,355,2
178,359,1
178,361,1
178,371,3
178,384,4
178,385,5
178,389,1
178,393,4
178,409,5
178,420,3
178,421,5
178,431,1
178,442,5
178,463,3
178,472,5
178,475,4
178,481,3
178,483,3
178,484,3
178,498,5
178,499,1
178,506,1
178,516,5
178,535,5
178,544,1
178,556,5
178,594,5
179,8,5
179,34,5
179,60,5
179,78,3
179,83,5
179,89,1
179,99,5
179,104,5
179,117,5
179,174,5
179,176,3
179,186,1
179,238,1
179,251,5
179,259,5
179,260,3
179,276,5
179,287,1
179,339,3
179,343,5
179,352,3
179,361,1
179,371,3
179,384,5
179,389,1
179,409,5
179,420,4
179,431,1
179,442,5
179,463,3
179,472,5
179,475,3
179,481,3
179,483,1
179,484,3
179,498,5
179,499,1
179,506,1
179,516,5
179,535,5
179,544,1
179,556,5
179,594,5
180,17,5
180,18,3
180,20,3
180,21,3
180,24,5
180,26,1
180,55,3
180,57,4
180,64,5
180,71,5
180,78,4
180,80,2
180,83,5
180,84,5
180,87,3
180,88,5
180,89,5
180,90,5
180,97,5
180,99,1
180,104,4
180,110,4
180,120,3
180,124,3
180,141,3
180,152,3
180,162,3
180,165,5
180,173,3
180,174,5
180,176,1
180,182,3
180,188,3
180,195,3
180,198,3
180,219,3
180,222,1
180,227,5
180,228,3
180,239,3
180,251,3
180,253,5
180,254,3
180,259,5
180,260,5
180,263,4
180,276,5
180,280,3
180,281,4
180,288,5
180,291,3
180,300,1
180,308,3
180,312,5
180,314,1
180,335,3
180,343,4
180,345,5
180,348,3
180,352,3
180,354,3
180,355,3
180,357,3
180,361,5
180,363,5
180,372,3
180,380,3
180,384,5
180,385,5
180,386,3
180,389,3
180,391,5
180,392,1
180,393,3
180,396,5
180,401,4
180,407,4
180,409,5
180,413,5
180,417,5
180,420,1
180,421,4
180,427,4
180,431,3
180,433,1
180,434,3
180,440,1
180,442,3
180,448,3
180,460,3
180,461,3
180,462,1
180,472,4
180,475,5
180,481,5
180,510,3
180,514,5
180,516,5
180,521,3
180,532,5
180,535,4
180,537,5
180,538,3
180,540,3
180,561,5
180,565,5
180,569,5
180,573,3
180,588,5
180,591,5
180,594,5
180,601,3
181,57,4
181,78,4
181,80,2
181,90,5
181,99,3
181,124,3
181,141,3
181,152,3
181,173,5
181,176,3
181,253,5
181,254,3
181,312,5
181,343,3
181,348,1
181,352,3
181,355,2
181,374,5
181,384,3
181,386,3
181,391,3
181,442,3
181,448,3
181,460,3
181,472,4
181,516,5
181,532,5
181,569,5
182,58,4
182,87,3
182,198,5
182,312,5
182,352,3
182,360,3
182,469,3
182,573,1
183,8,3
183,10,1
183,13,1
183,23,5
183,30,1
183,32,3
183,55,3
183,60,5
183,78,5
183,87,3
183,89,4
183,97,3
183,99,3
183,104,3
183,105,3
183,107,3
183,113,1
183,117,3
183,119,3
183,121,3
183,134,4
183,147,5
183,173,5
183,176,5
183,179,3
183,197,5
183,251,3
183,259,5
183,260,5
183,276,5
183,287,1
183,291,1
183,308,3
183,312,3
183,327,4
183,333,3
183,343,3
183,344,1
183,348,3
183,352,1
183,353,3
183,355,1
183,357,3
183,359,5
183,380,5
183,385,1
183,390,4
183,416,3
183,420,1
183,434,3
183,449,2
183,453,4
183,469,3
183,472,3
183,475,5
183,498,5
183,510,3
183,516,5
183,551,1
183,559,5
183,567,3
183,569,3
183,573,1
183,582,3
184,385,5
184,396,5
184,409,5
184,420,1
184,431,5
184,442,3
184,469,5
184,472,5
184,507,3
184,510,1
184,562,5
184,565,3
184,573,5
184,582,1
184,594,3
185,52,5
185,78,5
185,99,2
185,104,5
185,138,5
185,169,3
185,176,5
185,182,5
185,251,3
185,272,5
185,286,5
185,325,3
185,343,1
185,352,3
185,355,1
185,359,1
185,368,3
185,380,5
185,384,1
185,385,5
185,396,5
185,409,5
185,420,1
185,431,5
185,442,3
185,469,5
185,472,5
185,492,1
185,507,3
185,510,1
185,562,5
185,565,3
185,573,5
185,594,3
186,8,3
186,21,3
186,24,5
186,47,3
186,55,4
186,58,1
186,78,5
186,87,5
186,89,3
186,90,3
186,99,3
186,104,5
186,113,5
186,127,5
186,141,3
186,176,3
186,199,1
186,209,5
186,251,3
186,259,5
186,260,3
186,286,1
186,301,3
186,312,5
186,352,1
186,355,3
186,368,3
186,396,2
186,403,5
186,420,1
186,430,5
186,442,3
186,453,4
186,462,1
186,464,5
186,472,3
186,475,3
186,481,3
186,498,5
186,516,3
186,517,3
186,532,3
186,540,3
186,559,5
186,561,5
186,565,5
186,571,3
186,573,3
187,24,5
187,54,5
187,59,1
187,78,5
187,99,3
187,138,5
187,176,1
187,251,5
187,259,5
187,260,3
187,272,5
187,286,5
187,312,2
187,348,1
187,352,3
187,355,1
187,359,1
187,363,4
187,368,3
187,380,3
187,407,5
187,442,2
187,472,5
187,481,5
187,490,5
187,507,3
187,516,5
187,532,5
187,540,1
187,562,5
187,565,1
187,592,5
188,24,5
188,54,5
188,78,5
188,99,3
188,138,5
188,251,5
188,259,5
188,260,3
188,272,5
188,286,5
188,352,1
188,355,1
188,359,1
188,368,3
188,380,3
188,407,5
188,431,1
188,472,5
188,481,5
188,490,5
188,507,3
188,532,5
188,540,1
188,562,5
188,565,1
188,592,5
188,594,4
189,34,3
189,78,3
189,84,5
189,99,5
189,130,5
189,152,1
189,228,1
189,251,2
189,259,2
189,278,5
189,287,3
189,301,3
189,347,1
189,352,1
189,355,1
189,380,5
189,407,5
189,428,1
189,431,1
189,442,3
189,448,3
189,472,5
189,481,3
189,507,3
189,515,1
189,516,5
189,550,5
189,561,5
189,565,1
189,573,1
190,59,5
190,82,5
190,84,5
190,99,3
190,113,3
190,259,5
190,260,3
190,272,5
190,355,1
190,359,1
190,407,5
190,431,1
190,475,5
190,481,1
190,498,5
190,516,5
190,561,3
190,562,5
190,565,1
191,16,5
191,20,3
191,28,5
191,55,3
191,67,4
191,71,5
191,78,5
191,84,5
191,86,5
191,87,1
191,88,4
191,89,3
191,90,5
191,91,5
191,93,5
191,96,3
191,99,1
191,104,5
191,110,5
191,113,3
191,115,5
191,117,3
191,119,4
191,126,3
191,127,3
191,130,1
191,140,5
191,148,4
191,161,1
191,172,3
191,174,1
191,176,5
191,187,5
191,198,1
191,215,1
191,221,5
191,229,3
191,230,5
191,237,5
191,239,3
191,251,5
191,258,4
191,259,3
191,260,4
191,276,5
191,287,5
191,291,3
191,294,4
191,304,5
191,312,3
191,327,4
191,340,5
191,346,5
191,359,3
191,363,5
191,365,3
191,373,4
191,374,5
191,380,2
191,389,5
191,407,3
191,409,5
191,413,5
191,420,3
191,442,5
191,448,5
191,472,3
191,475,4
191,481,5
191,506,1
191,510,5
191,516,5
191,529,1
191,538,3
191,544,1
191,548,5
191,554,3
191,562,4
191,564,5
191,568,3
191,594,5
192,165,1
192,167,3
192,260,1
192,481,1
193,20,3
193,105,4
193,357,1
193,407,5
194,16,5
194,20,5
194,21,3
194,71,5
194,78,1
194,84,5
194,87,4
194,89,3
194,90,3
194,91,5
194,95,3
194,99,2
194,100,5
194,103,1
194,104,1
194,107,4
194,110,5
194,113,3
194,115,5
194,116,5
194,117,3
194,125,5
194,126,4
194,127,3
194,128,5
194,156,3
194,174,5
194,176,4
194,215,1
194,220,5
194,221,5
194,222,3
194,230,5
194,231,5
194,237,5
194,251,5
194,260,4
194,261,3
194,266,3
194,291,1
194,294,4
194,337,3
194,340,5
194,343,3
194,356,3
194,365,3
194,380,5
194,389,5
194,407,3
194,409,3
194,412,5
194,442,5
194,448,3
194,455,4
194,469,5
194,472,3
194,475,3
194,478,3
194,479,4
194,481,3
194,497,5
194,516,5
194,529,1
194,531,5
194,532,3
194,540,5
194,543,3
194,561,3
194,564,3
194,565,5
194,568,3
194,582,5
194,591,1
194,594,5
195,21,4
195,99,3
195,104,3
195,107,3
195,117,4
195,119,3
195,138,5
195,144,4
195,192,1
195,251,4
195,258,1
195,259,5
195,260,5
195,380,5
195,382,1
195,384,5
195,442,5
195,466,1
195,475,3
195,525,5
195,530,4
195,559,4
195,561,4
195,562,4
195,565,5
195,584,1
195,611,1
196,71,5
196,78,5
196,87,3
196,90,1
196,97,3
196,99,3
196,104,3
196,107,3
196,115,5
196,117,5
196,176,5
196,180,3
196,195,3
196,205,5
196,231,3
196,251,5
196,260,2
196,274,1
196,286,5
196,287,3
196,306,4
196,333,3
196,369,3
196,380,3
196,382,1
196,409,3
196,428,1
196,442,3
196,475,3
196,516,3
196,559,3
196,561,1
196,564,5
197,12,5
197,71,3
197,97,3
197,99,3
197,104,4
197,176,3
197,221,5
197,244,1
197,251,5
197,260,5
197,269,5
197,276,5
197,286,5
197,306,4
197,335,5
197,352,1
197,380,5
197,407,4
197,409,3
197,420,3
197,434,5
197,442,3
197,475,3
197,481,5
197,495,5
197,561,5
197,565,1
198,20,5
198,30,5
198,31,5
198,53,5
198,89,3
198,96,1
198,97,3
198,99,5
198,103,3
198,104,5
198,119,5
198,140,5
198,176,3
198,198,3
198,251,5
198,326,5
198,352,4
198,380,3
198,475,3
198,516,5
198,525,5
199,34,3
199,99,3
199,310,5
199,510,1
199,516,3
199,523,5
199,537,5
200,13,5
200,15,3
200,20,4
200,24,5
200,30,5
200,34,3
200,53,5
200,64,5
200,71,5
200,73,5
200,78,3
200,84,5
200,87,3
200,88,5
200,90,3
200,97,5
200,99,5
200,113,1
200,115,5
200,173,4
200,176,2
200,198,5
200,209,1
200,251,5
200,259,3
200,260,5
200,272,5
200,276,3
200,280,3
200,281,4
200,288,5
200,308,4
200,343,3
200,345,5
200,348,1
200,352,3
200,354,1
200,355,3
200,357,1
200,361,3
200,378,5
200,380,5
200,384,5
200,385,5
200,386,4
200,389,1
200,392,1
200,393,3
200,396,5
200,407,3
200,409,4
200,413,5
200,420,1
200,422,3
200,427,4
200,440,5
200,442,5
200,448,3
200,462,5
200,472,5
200,475,3
200,481,1
200,510,1
200,516,4
200,520,5
200,532,3
200,561,5
200,562,1
200,587,4
200,588,5
200,594,3
200,601,3
201,24,5
201,78,5
201,84,5
201,90,1
201,99,5
201,107,5
201,173,5
201,176,2
201,221,2
201,251,5
201,253,2
201,260,5
201,272,5
201,276,3
201,359,3
201,375,3
201,380,5
201,384,1
201,409,4
201,442,1
201,505,5
201,510,1
201,523,1
201,573,1
201,588,5
202,57,5
202,176,5
202,186,1
202,251,3
202,260,3
202,361,5
202,442,3
202,449,5
202,472,3
202,481,3
202,516,1
203,71,5
203,136,3
203,230,5
203,442,3
204,74,5
204,155,5
204,462,3
204,472,3
204,526,3
204,613,4
205,451,5
205,523,5
206,78,3
206,99,5
206,176,5
206,410,5
206,481,5
206,516,3
207,78,5
207,605,5
208,10,5
208,24,5
208,34,3
208,71,5
208,75,1
208,78,5
208,87,2
208,99,2
208,100,3
208,104,3
208,113,1
208,118,5
208,130,1
208,173,5
208,174,5
208,176,3
208,186,1
208,198,1
208,222,3
208,251,3
208,269,5
208,288,5
208,374,1
208,380,5
208,409,5
208,421,1
208,442,5
208,450,5
208,472,3
208,475,4
208,481,5
208,498,5
208,502,1
208,510,5
208,516,5
208,521,5
208,582,3
208,590,1
208,610,5
209,97,5
209,176,3
210,78,1
210,176,3
210,201,3
210,244,1
211,7,1
211,14,5
211,15,5
211,17,5
211,19,5
211,20,3
211,21,5
211,28,3
211,53,5
211,66,5
211,78,3
211,83,5
211,99,5
211,103,5
211,104,5
211,114,1
211,117,5
211,127,5
211,129,1
211,138,1
211,152,1
211,156,3
211,161,1
211,162,5
211,173,5
211,174,5
211,176,5
211,186,5
211,198,5
211,201,5
211,231,5
211,251,5
211,276,5
211,287,5
211,290,3
211,312,3
211,326,5
211,334,1
211,335,5
211,336,1
211,337,3
211,339,5
211,369,1
211,373,4
211,380,5
211,420,3
211,424,5
211,428,1
211,442,5
211,443,5
211,444,1
211,448,3
211,472,3
211,475,5
211,481,5
211,498,5
211,509,1
211,522,5
211,526,3
211,559,5
211,561,3
211,573,1
211,592,1
211,594,5
212,29,3
212,78,3
212,166,3
212,251,4
212,372,3
212,442,3
212,561,1
213,18,3
213,46,5
213,57,5
213,71,2
213,75,1
213,78,3
213,86,5
213,87,2
213,90,3
213,95,3
213,99,2
213,104,2
213,115,3
213,117,3
213,176,5
213,187,1
213,221,3
213,222,5
213,226,1
213,244,1
213,259,5
213,260,3
213,313,3
213,322,1
213,355,3
213,380,5
213,407,5
213,409,5
213,413,5
213,429,1
213,438,5
213,442,3
213,444,5
213,472,3
213,475,3
213,516,5
213,523,5
213,540,1
213,544,1
213,564,5
214,16,5
214,17,2
214,21,3
214,24,4
214,34,1
214,57,5
214,59,5
214,78,3
214,104,1
214,149,1
214,162,1
214,176,3
214,221,5
214,226,1
214,251,5
214,259,3
214,260,3
214,272,5
214,281,5
214,312,3
214,343,1
214,347,3
214,355,3
214,385,5
214,407,1
214,409,5
214,438,5
214,442,3
214,462,3
214,475,5
214,481,3
214,505,1
214,509,1
214,516,3
214,542,3
214,561,3
214,562,3
214,594,5
215,7,1
215,14,5
215,15,5
215,17,5
215,18,3
215,21,3
215,24,4
215,46,5
215,66,5
215,78,3
215,96,3
215,97,3
215,99,5
215,110,4
215,115,3
215,117,5
215,152,1
215,156,5
215,173,5
215,176,3
215,205,5
215,207,3
215,228,1
215,231,5
215,251,5
215,260,3
215,287,3
215,312,3
215,326,1
215,368,3
215,374,4
215,380,5
215,409,3
215,420,5
215,431,1
215,441,5
215,472,3
215,505,1
215,516,1
215,517,3
215,559,5
215,561,1
216,16,5
216,78,4
216,83,5
216,176,3
216,221,3
216,222,5
216,326,5
216,371,5
216,409,4
216,475,5
216,481,5
216,516,5
217,16,5
217,78,3
217,83,5
217,176,3
217,221,3
217,222,5
217,326,5
217,371,5
217,475,5
217,481,5
217,516,5
218,20,1
218,25,5
218,34,3
218,45,5
218,46,5
218,54,5
218,71,5
218,78,4
218,83,5
218,88,5
218,89,1
218,95,3
218,99,2
218,102,3
218,104,3
218,113,3
218,115,3
218,117,5
218,119,3
218,138,3
218,141,5
218,150,4
218,159,5
218,171,3
218,173,4
218,176,4
218,199,4
218,203,3
218,216,5
218,220,5
218,222,3
218,251,5
218,259,3
218,260,3
218,272,5
218,276,4
218,288,5
218,290,5
218,339,5
218,343,3
218,348,1
218,352,3
218,355,3
218,368,3
218,380,3
218,382,1
218,385,3
218,409,5
218,422,1
218,424,5
218,434,1
218,435,5
218,442,3
218,472,3
218,475,5
218,481,3
218,483,1
218,492,1
218,499,5
218,502,5
218,510,3
218,516,4
218,540,5
218,544,3
218,556,4
218,561,3
218,562,5
218,568,3
218,572,1
218,582,4
218,594,3
218,612,3
219,21,5
219,99,4
219,162,1
219,217,5
219,343,5
219,442,3
219,481,5
219,591,5
220,17,3
220,21,1
220,78,4
220,86,3
220,89,5
220,90,4
220,99,4
220,100,5
220,114,5
220,117,4
220,156,5
220,162,1
220,171,4
220,173,5
220,176,4
220,186,4
220,206,4
220,212,5
220,250,5
220,251,5
220,260,5
220,272,3
220,292,5
220,339,3
220,380,4
220,394,4
220,409,3
220,421,1
220,442,4
220,458,5
220,466,1
220,472,5
220,479,1
220,481,5
220,526,4
220,541,1
220,561,1
220,562,4
220,564,5
220,573,1
221,2,4
221,66,5
221,78,4
221,83,5
221,99,5
221,104,3
221,117,5
221,174,5
221,176,3
221,186,4
221,231,4
221,251,5
221,253,5
221,260,4
221,276,5
221,286,4
221,287,5
221,355,1
221,380,4
221,479,1
221,481,5
221,594,5
222,2,4
222,66,5
222,78,4
222,83,5
222,99,5
222,103,4
222,104,3
222,137,4
222,161,4
222,166,4
222,174,5
222,176,3
222,182,4
222,186,4
222,198,4
222,221,4
222,231,4
222,251,4
222,253,5
222,260,4
222,270,4
222,272,4
222,276,5
222,286,4
222,287,4
222,352,4
222,355,1
222,368,4
222,374,4
222,380,4
222,418,4
222,434,4
222,442,4
222,479,1
222,481,5
222,516,4
222,561,4
222,571,4
222,592,4
222,594,5
222,608,4
223,53,4
223,57,4
223,110,4
223,179,4
223,182,4
223,260,4
223,263,4
223,468,4
224,20,5
224,24,5
224,78,3
224,89,3
224,104,3
224,110,5
224,173,5
224,176,3
224,186,4
224,217,5
224,222,3
224,231,5
224,251,3
224,269,5
224,287,5
224,343,3
224,348,3
224,355,1
224,357,3
224,363,1
224,380,4
224,412,5
224,431,4
224,442,3
224,458,5
224,466,1
224,472,5
224,475,5
224,481,5
224,516,2
224,526,4
224,591,5
224,594,4
225,54,5
225,78,5
225,86,3
225,87,5
225,95,5
225,99,5
225,104,5
225,126,5
225,173,5
225,176,3
225,182,1
225,198,1
225,225,3
225,241,5
225,259,5
225,266,3
225,272,5
225,380,5
225,382,1
225,409,5
225,420,3
225,421,3
225,434,1
225,475,3
225,481,3
225,510,5
225,512,1
225,516,3
225,517,5
225,562,5
225,565,5
225,597,3
225,600,5
226,46,5
226,520,5
227,357,1
227,380,3
227,389,3
227,520,5
228,580,5
228,596,5
229,21,5
229,78,5
229,95,5
229,99,3
229,168,5
229,176,3
229,251,5
229,259,3
229,380,3
229,381,5
229,382,1
229,442,3
229,472,3
229,481,3
229,510,5
229,516,3
229,540,4
230,86,3
230,99,3
230,176,5
230,276,1
230,308,3
230,324,5
230,504,5
231,13,3
231,21,4
231,57,3
231,60,5
231,71,5
231,78,5
231,86,3
231,87,3
231,93,3
231,97,5
231,99,5
231,103,3
231,104,1
231,115,3
231,127,3
231,140,5
231,141,3
231,162,5
231,166,2
231,176,5
231,182,3
231,183,3
231,198,3
231,199,5
231,222,3
231,251,3
231,260,3
231,263,1
231,269,5
231,271,5
231,276,5
231,287,3
231,333,5
231,349,3
231,368,3
231,374,3
231,380,5
231,409,1
231,420,3
231,442,3
231,462,5
231,469,3
231,472,3
231,474,5
231,475,5
231,481,4
231,504,3
231,516,3
231,521,5
231,548,5
231,567,3
231,571,4
231,576,3
231,577,4
232,69,5
232,78,2
232,99,4
232,104,2
232,105,5
232,117,5
232,136,3
232,138,5
232,166,5
232,176,2
232,186,1
232,222,3
232,251,1
232,287,5
232,326,5
232,380,5
232,385,5
232,409,1
232,422,1
232,425,3
232,442,5
232,472,5
232,475,3
232,481,5
232,483,1
232,516,5
232,577,2
232,594,3
232,606,3
233,69,5
233,78,5
233,99,5
233,104,2
233,105,5
233,117,5
233,136,3
233,138,5
233,176,2
233,186,1
233,222,3
233,251,1
233,287,5
233,326,5
233,385,5
233,409,1
233,422,1
233,425,3
233,442,5
233,472,5
233,475,3
233,483,1
233,516,5
233,521,3
233,577,2
233,594,3
233,606,3
234,57,3
234,71,5
234,78,2
234,99,5
234,104,2
234,107,5
234,117,5
234,125,5
234,127,5
234,136,3
234,140,5
234,156,1
234,176,5
234,183,3
234,187,5
234,221,1
234,251,5
234,271,5
234,276,5
234,287,5
234,288,5
234,312,3
234,322,1
234,331,3
234,343,1
234,355,3
234,357,1
234,380,5
234,407,2
234,422,1
234,475,2
234,481,5
234,483,1
234,505,1
234,514,5
234,562,5
234,571,4
234,582,4
234,594,4
235,4,4
235,6,3
235,10,1
235,30,1
235,55,3
235,57,4
235,64,5
235,71,5
235,73,5
235,78,3
235,80,2
235,90,4
235,99,1
235,103,3
235,115,5
235,117,3
235,118,5
235,119,3
235,122,5
235,124,3
235,134,3
235,141,3
235,150,3
235,152,3
235,165,5
235,170,3
235,173,4
235,176,3
235,195,3
235,209,5
235,231,3
235,251,5
235,253,5
235,254,3
235,258,1
235,259,5
235,260,5
235,276,3
235,280,3
235,281,4
235,284,3
235,293,5
235,303,4
235,312,5
235,317,5
235,343,3
235,345,5
235,348,1
235,352,3
235,354,1
235,355,3
235,357,3
235,361,3
235,364,3
235,378,4
235,380,4
235,384,3
235,385,5
235,386,3
235,389,1
235,391,3
235,392,1
235,393,3
235,396,5
235,407,4
235,409,4
235,420,3
235,427,4
235,432,1
235,442,1
235,448,3
235,460,3
235,469,3
235,472,4
235,475,4
235,477,3
235,481,3
235,516,5
235,517,5
235,532,5
235,535,3
235,544,3
235,561,5
235,563,3
235,564,1
235,565,3
235,569,5
235,582,3
235,594,5
235,601,3
236,10,1
236,40,3
236,55,3
236,57,5
236,78,5
236,90,4
236,92,4
236,97,3
236,99,3
236,103,3
236,104,3
236,110,5
236,115,1
236,134,3
236,141,4
236,176,5
236,186,5
236,195,3
236,199,1
236,251,3
236,253,3
236,260,5
236,263,4
236,276,3
236,284,3
236,300,3
236,329,3
236,345,4
236,351,1
236,355,1
236,357,3
236,378,4
236,384,5
236,407,3
236,409,3
236,420,1
236,435,4
236,442,1
236,472,3
236,483,5
236,564,1
236,565,3
237,24,5
237,57,5
237,64,5
237,78,4
237,80,2
237,84,5
237,90,5
237,99,3
237,124,3
237,141,3
237,152,3
237,173,5
237,176,2
237,253,5
237,254,3
237,259,5
237,276,5
237,280,3
237,281,4
237,312,5
237,313,5
237,343,3
237,345,5
237,348,1
237,352,3
237,354,1
237,355,3
237,361,3
237,380,4
237,384,3
237,385,5
237,386,4
237,389,1
237,391,3
237,392,1
237,393,3
237,396,5
237,407,3
237,409,4
237,413,5
237,422,1
237,427,4
237,442,5
237,448,3
237,460,3
237,472,5
237,475,4
237,483,1
237,490,5
237,516,5
237,532,5
237,535,3
237,569,5
237,594,5
238,24,5
238,57,5
238,64,5
238,84,5
238,99,3
238,173,5
238,259,5
238,276,5
238,313,5
238,343,3
238,354,1
238,355,3
238,361,3
238,384,1
238,385,5
238,389,1
238,392,1
238,396,5
238,407,3
238,413,5
238,422,1
238,442,1
238,483,1
238,490,5
238,535,3
238,592,5
238,594,5
239,99,5
239,343,1
240,20,3
240,21,5
240,71,5
240,78,5
240,87,3
240,88,4
240,90,3
240,93,3
240,94,2
240,99,5
240,103,3
240,104,3
240,110,3
240,113,3
240,117,5
240,126,3
240,136,5
240,176,1
240,178,4
240,195,5
240,197,5
240,198,3
240,222,1
240,251,2
240,260,3
240,288,2
240,290,3
240,313,5
240,331,3
240,335,5
240,355,2
240,378,3
240,380,2
240,442,2
240,475,5
240,481,1
240,516,5
240,565,5
241,7,1
241,16,5
241,17,5
241,20,3
241,35,3
241,63,5
241,66,5
241,71,5
241,78,2
241,87,3
241,88,3
241,89,5
241,90,3
241,91,5
241,93,3
241,94,5
241,97,3
241,99,3
241,100,1
241,104,5
241,107,4
241,109,2
241,113,3
241,115,5
241,117,5
241,119,3
241,124,3
241,127,1
241,139,4
241,150,1
241,152,5
241,156,1
241,173,5
241,176,2
241,195,3
241,201,5
241,220,5
241,221,3
241,222,5
241,231,5
241,239,5
241,251,3
241,253,2
241,260,3
241,261,1
241,286,5
241,287,3
241,293,3
241,340,5
241,341,3
241,357,3
241,368,3
241,374,5
241,380,3
241,384,3
241,409,5
241,442,5
241,443,5
241,448,3
241,462,5
241,475,4
241,481,5
241,516,5
241,520,5
241,538,5
241,561,3
241,565,4
241,573,1
241,582,3
241,594,5
242,7,1
242,16,5
242,20,3
242,21,3
242,25,5
242,46,5
242,66,5
242,68,3
242,71,2
242,78,2
242,83,5
242,87,5
242,88,3
242,89,4
242,91,5
242,93,3
242,94,5
242,99,4
242,103,5
242,104,1
242,107,3
242,110,1
242,113,3
242,115,3
242,117,5
242,119,5
242,130,1
242,150,2
242,152,5
242,154,5
242,156,5
242,166,5
242,173,5
242,176,3
242,178,4
242,189,4
242,195,3
242,198,3
242,201,5
242,220,5
242,221,5
242,222,5
242,239,5
242,251,5
242,253,5
242,259,5
242,260,5
242,261,1
242,263,3
242,286,5
242,287,3
242,301,5
242,313,3
242,334,1
242,340,5
242,368,5
242,374,5
242,380,5
242,384,3
242,409,5
242,442,4
242,443,5
242,462,5
242,472,3
242,475,4
242,481,5
242,490,3
242,514,5
242,516,5
242,520,5
242,529,3
242,538,5
242,561,4
242,562,5
242,565,5
242,571,4
242,573,1
242,582,5
242,584,3
242,594,5
243,7,1
243,16,5
243,20,5
243,21,3
243,22,5
243,66,5
243,71,5
243,78,5
243,83,5
243,87,2
243,88,5
243,90,5
243,93,3
243,94,5
243,95,1
243,97,4
243,99,5
243,103,3
243,104,3
243,107,3
243,109,2
243,110,1
243,113,3
243,117,5
243,119,3
243,141,3
243,152,3
243,161,3
243,171,3
243,173,4
243,176,5
243,180,3
243,186,1
243,189,4
243,201,5
243,220,5
243,221,4
243,222,5
243,251,3
243,253,5
243,260,3
243,272,5
243,276,5
243,286,5
243,293,3
243,317,5
243,332,1
243,337,3
243,340,5
243,341,3
243,374,5
243,378,3
243,380,4
243,382,1
243,384,3
243,391,1
243,404,5
243,409,5
243,442,5
243,475,5
243,481,5
243,498,3
243,516,3
243,538,5
243,562,5
243,566,5
243,573,1
243,582,3
243,592,1
243,594,5
243,602,3
244,20,3
244,78,1
244,96,1
244,99,5
244,176,3
244,222,5
244,258,1
244,380,5
244,420,1
244,472,3
244,474,5
244,481,3
244,510,5
244,542,3
244,561,3
245,15,3
245,16,5
245,17,5
245,20,3
245,25,5
245,56,1
245,66,5
245,71,5
245,75,4
245,78,2
245,81,5
245,83,5
245,87,3
245,89,3
245,90,3
245,93,2
245,95,5
245,97,3
245,99,2
245,103,5
245,104,5
245,106,3
245,107,3
245,109,5
245,116,5
245,117,1
245,152,3
245,156,5
245,166,3
245,173,5
245,174,5
245,176,5
245,180,3
245,186,5
245,200,5
245,222,5
245,223,5
245,226,1
245,231,3
245,234,3
245,238,4
245,251,3
245,259,4
245,260,3
245,272,5
245,278,3
245,292,5
245,312,3
245,337,3
245,339,3
245,355,2
245,356,2
245,364,5
245,380,5
245,384,2
245,407,5
245,409,4
245,420,2
245,432,3
245,441,5
245,442,3
245,448,3
245,449,3
245,467,3
245,472,3
245,475,1
245,481,5
245,502,5
245,503,3
245,510,1
245,516,5
245,517,3
245,533,2
245,535,5
245,548,5
245,559,5
245,561,3
245,562,4
245,565,5
245,567,5
245,573,1
245,594,2
246,78,5
246,99,3
246,107,5
246,117,3
246,380,3
246,516,3
246,528,5
247,7,3
247,10,3
247,16,5
247,20,3
247,46,1
247,47,1
247,48,3
247,71,5
247,78,5
247,87,3
247,93,3
247,95,3
247,97,5
247,99,5
247,104,3
247,107,3
247,110,3
247,115,3
247,117,5
247,119,5
247,123,3
247,127,5
247,138,5
247,150,3
247,156,5
247,165,5
247,173,3
247,176,5
247,195,3
247,221,3
247,251,3
247,260,3
247,276,5
247,300,3
247,312,3
247,322,3
247,326,4
247,336,1
247,348,1
247,351,3
247,355,1
247,384,3
247,385,3
247,409,5
247,442,4
247,445,3
247,448,5
247,462,5
247,469,3
247,472,3
247,479,1
247,481,5
247,498,5
247,510,5
247,516,3
247,521,5
247,529,5
247,532,5
247,535,1
247,565,5
247,567,5
247,582,3
247,592,1
247,596,3
247,601,3
248,16,5
248,17,5
248,20,5
248,30,5
248,43,3
248,66,5
248,71,5
248,78,1
248,83,3
248,87,5
248,89,3
248,90,5
248,93,5
248,95,5
248,99,3
248,102,3
248,104,5
248,107,4
248,109,3
248,117,3
248,120,3
248,121,4
248,124,3
248,130,1
248,149,1
248,150,3
248,152,3
248,156,5
248,173,4
248,176,5
248,187,5
248,194,3
248,220,5
248,221,5
248,231,5
248,232,5
248,251,5
248,258,1
248,259,3
248,260,5
248,272,5
248,276,5
248,286,2
248,288,2
248,339,5
248,380,5
248,389,3
248,409,4
248,431,4
248,440,3
248,442,3
248,443,5
248,448,3
248,471,3
248,472,3
248,475,5
248,479,5
248,481,3
248,483,3
248,504,5
248,510,1
248,516,3
248,534,3
248,559,3
248,561,3
248,562,5
248,563,3
248,564,1
248,565,5
248,567,5
248,573,1
248,594,3
248,614,5
249,34,5
249,35,1
249,54,5
249,55,3
249,70,3
249,71,3
249,78,5
249,80,3
249,87,3
249,88,4
249,89,3
249,97,1
249,99,3
249,103,3
249,104,4
249,110,3
249,117,5
249,119,4
249,122,5
249,134,4
249,166,3
249,176,5
249,182,3
249,198,5
249,214,1
249,220,5
249,229,3
249,251,5
249,290,5
249,312,5
249,313,5
249,325,5
249,339,5
249,352,4
249,380,1
249,407,4
249,409,5
249,415,1
249,422,4
249,423,5
249,424,1
249,425,1
249,427,5
249,429,4
249,434,3
249,438,5
249,442,3
249,472,3
249,475,4
249,481,3
249,499,5
249,510,5
249,514,5
249,521,1
249,533,3
249,538,5
249,540,4
249,554,5
249,557,3
249,562,3
249,563,3
249,564,3
249,565,4
249,592,1
249,602,4
249,611,2
250,10,1
250,99,3
250,134,1
250,137,5
250,195,3
250,275,2
250,276,5
250,434,1
250,602,5
250,606,3
251,10,1
251,57,5
251,78,3
251,99,5
251,134,5
251,141,1
251,176,2
251,182,1
251,221,2
251,253,2
251,276,5
251,328,1
251,380,3
251,434,3
251,435,1
251,438,5
251,561,3
252,10,5
252,99,5
252,137,5
252,138,4
252,233,1
252,276,5
252,300,1
252,382,1
252,434,4
252,472,3
252,556,5
252,607,1
253,18,3
253,40,3
253,57,4
253,64,5
253,71,5
253,78,5
253,80,2
253,82,5
253,88,5
253,89,5
253,90,3
253,96,3
253,97,5
253,99,4
253,102,5
253,104,4
253,113,1
253,120,3
253,124,3
253,127,5
253,141,3
253,152,3
253,165,5
253,166,5
253,173,5
253,174,5
253,176,5
253,195,3
253,210,1
253,222,3
253,231,5
253,251,4
253,253,5
253,254,3
253,259,5
253,260,2
253,280,3
253,281,4
253,287,1
253,291,1
253,312,5
253,314,1
253,326,5
253,336,3
253,343,3
253,345,1
253,348,1
253,351,1
253,352,3
253,354,3
253,355,2
253,357,4
253,361,3
253,369,4
253,379,3
253,380,5
253,384,3
253,385,5
253,386,3
253,389,5
253,391,3
253,392,1
253,393,3
253,396,5
253,407,3
253,409,4
253,413,5
253,417,5
253,420,1
253,421,5
253,427,4
253,431,3
253,432,3
253,433,1
253,434,1
253,440,1
253,442,4
253,448,3
253,460,3
253,472,3
253,475,3
253,481,5
253,510,5
253,516,5
253,522,5
253,523,1
253,532,5
253,537,5
253,538,3
253,561,1
253,562,5
253,564,1
253,565,4
253,567,5
253,569,5
253,573,1
253,582,3
253,588,5
253,591,3
253,594,3
253,599,1
253,601,3
253,604,1
254,18,3
254,71,3
254,78,5
254,87,5
254,89,5
254,99,5
254,104,4
254,176,3
254,198,1
254,203,3
254,219,3
254,251,5
254,260,5
254,276,1
254,317,1
254,339,5
254,409,3
254,413,5
254,428,1
254,442,1
254,475,5
254,492,1
254,510,3
254,516,3
254,537,5
254,540,5
254,562,3
254,588,5
254,594,5
254,607,3
255,2,3
255,3,1
255,7,5
255,8,5
255,10,1
255,12,5
255,15,5
255,17,5
255,19,5
255,20,5
255,21,5
255,23,5
255,27,5
255,29,3
255,32,3
255,34,5
255,36,3
255,39,1
255,44,5
255,46,5
255,50,3
255,53,4
255,54,5
255,55,3
255,56,5
255,57,5
255,58,3
255,59,5
255,61,1
255,62,1
255,66,3
255,68,3
255,69,1
255,71,3
255,76,3
255,77,5
255,78,5
255,80,5
255,83,5
255,84,3
255,87,3
255,88,5
255,89,5
255,90,3
255,94,3
255,95,5
255,96,1
255,97,5
255,99,4
255,100,3
255,101,1
255,103,1
255,104,4
255,105,5
255,107,5
255,108,5
255,109,3
255,110,3
255,112,3
255,113,5
255,115,5
255,116,5
255,117,3
255,119,5
255,120,3
255,121,5
255,122,5
255,126,5
255,127,3
255,128,5
255,129,1
255,130,1
255,131,3
255,134,5
255,136,1
255,137,5
255,138,3
255,141,5
255,150,5
255,152,4
255,153,5
255,156,5
255,165,1
255,166,1
255,168,5
255,170,4
255,171,5
255,173,5
255,174,4
255,175,5
255,176,5
255,179,3
255,182,5
255,183,3
255,187,5
255,190,3
255,191,5
255,195,3
255,197,1
255,198,1
255,201,5
255,206,1
255,216,5
255,220,5
255,221,5
255,222,5
255,223,3
255,226,5
255,228,1
255,231,5
255,233,1
255,235,5
255,236,1
255,239,4
255,241,5
255,242,5
255,251,4
255,259,5
255,260,4
255,261,1
255,264,3
255,272,3
255,275,4
255,276,5
255,281,4
255,284,3
255,287,1
255,288,1
255,291,3
255,300,4
255,301,5
255,302,1
255,306,1
255,308,3
255,310,5
255,312,5
255,313,5
255,319,1
255,325,5
255,326,3
255,333,3
255,334,1
255,335,5
255,336,3
255,337,3
255,339,5
255,342,3
255,343,1
255,348,4
255,352,3
255,355,4
255,357,2
255,364,5
255,368,3
255,369,3
255,374,5
255,376,1
255,378,5
255,380,5
255,384,5
255,385,3
255,386,1
255,389,3
255,390,3
255,391,3
255,394,3
255,396,2
255,407,5
255,409,1
255,410,5
255,412,5
255,413,5
255,420,5
255,421,3
255,422,5
255,429,1
255,431,1
255,432,5
255,434,1
255,435,4
255,439,5
255,440,3
255,441,5
255,442,4
255,445,2
255,447,1
255,448,4
255,459,1
255,462,5
255,464,5
255,466,3
255,467,3
255,469,3
255,472,3
255,475,5
255,477,3
255,479,5
255,481,2
255,483,5
255,490,5
255,491,1
255,493,5
255,494,3
255,495,5
255,496,5
255,498,5
255,499,3
255,505,3
255,506,1
255,510,1
255,513,5
255,515,1
255,516,5
255,517,5
255,521,4
255,523,5
255,526,5
255,535,1
255,537,5
255,542,5
255,546,5
255,551,5
255,556,5
255,559,5
255,561,5
255,562,1
255,563,5
255,564,3
255,565,5
255,566,5
255,568,3
255,569,5
255,571,3
255,573,5
255,582,5
255,583,3
255,592,5
255,594,5
255,599,1
255,601,3
255,602,3
255,607,5
255,613,3
255,614,3
256,2,1
256,6,4
256,7,1
256,10,3
256,16,5
256,17,5
256,20,5
256,21,3
256,24,5
256,25,5
256,46,1
256,54,5
256,55,3
256,71,5
256,78,1
256,83,5
256,87,5
256,88,5
256,90,3
256,99,5
256,104,5
256,110,4
256,113,4
256,117,5
256,118,5
256,119,1
256,141,2
256,148,4
256,150,3
256,161,1
256,165,1
256,166,5
256,173,5
256,176,4
256,197,1
256,214,1
256,215,1
256,221,5
256,226,1
256,228,4
256,231,5
256,251,1
256,254,4
256,259,5
256,260,5
256,276,5
256,278,2
256,282,3
256,288,5
256,291,5
256,303,4
256,304,3
256,306,3
256,318,4
256,325,5
256,326,3
256,327,5
256,336,3
256,337,4
256,339,3
256,343,5
256,355,1
256,374,5
256,380,3
256,382,1
256,384,1
256,403,5
256,405,3
256,409,5
256,422,1
256,434,3
256,442,1
256,444,1
256,445,3
256,447,3
256,448,3
256,462,3
256,469,4
256,472,5
256,475,5
256,479,1
256,481,5
256,497,3
256,498,5
256,510,5
256,516,1
256,517,3
256,520,5
256,521,3
256,535,1
256,538,5
256,544,3
256,554,3
256,556,3
256,561,5
256,562,1
256,564,5
256,565,5
256,571,5
256,573,1
256,594,3
257,21,3
257,46,1
257,88,3
257,89,3
257,90,3
257,99,3
257,109,1
257,110,5
257,165,5
257,176,3
257,226,1
257,260,2
257,272,3
257,276,1
257,336,1
257,408,5
257,409,1
257,442,3
257,481,3
257,520,5
257,548,5
257,565,4
257,582,4
258,99,5
258,176,5
258,498,5
258,605,5
259,21,3
259,28,3
259,34,3
259,59,5
259,78,3
259,87,2
259,89,5
259,99,5
259,104,2
259,115,4
259,190,3
259,198,4
259,226,1
259,251,4
259,253,2
259,259,3
259,270,3
259,276,5
259,300,1
259,312,1
259,327,3
259,352,5
259,357,3
259,369,1
259,376,1
259,378,5
259,380,5
259,389,1
259,475,3
259,481,3
259,508,3
259,540,3
259,565,5
259,594,5
260,10,1
260,20,4
260,21,5
260,25,5
260,38,1
260,71,5
260,73,3
260,78,5
260,80,5
260,87,3
260,89,3
260,90,3
260,99,3
260,103,3
260,104,1
260,107,3
260,109,3
260,110,3
260,113,3
260,123,3
260,126,5
260,132,3
260,134,3
260,136,3
260,138,5
260,140,5
260,150,3
260,152,3
260,176,5
260,195,4
260,231,3
260,251,5
260,260,3
260,269,5
260,271,5
260,276,3
260,288,5
260,293,3
260,326,5
260,337,4
260,339,5
260,352,2
260,368,5
260,372,4
260,378,2
260,380,5
260,385,5
260,390,5
260,391,1
260,409,5
260,413,5
260,422,1
260,424,5
260,440,3
260,442,3
260,472,4
260,474,5
260,475,5
260,481,5
260,483,4
260,486,5
260,516,5
260,530,5
260,533,2
260,535,1
260,541,5
260,546,5
260,549,3
260,561,4
260,563,3
260,565,5
260,567,3
260,576,3
260,594,5
261,17,5
261,20,5
261,66,5
261,78,4
261,89,5
261,90,3
261,99,5
261,117,5
261,149,1
261,150,3
261,160,5
261,173,5
261,174,5
261,176,5
261,251,5
261,260,4
261,276,5
261,287,3
261,290,3
261,337,3
261,355,1
261,380,3
261,409,4
261,420,3
261,442,5
261,475,4
261,481,3
262,21,5
262,71,3
262,176,1
262,442,3
262,481,3
263,7,1
263,55,3
263,90,3
263,99,3
263,113,3
263,135,3
263,237,5
263,276,5
263,322,5
263,374,3
263,380,5
263,409,3
263,471,3
263,481,5
263,565,3
264,7,1
264,18,5
264,87,3
264,99,3
264,107,3
264,117,5
264,176,3
264,204,3
264,237,5
264,276,5
264,322,5
264,380,5
264,440,3
264,481,5
265,7,1
265,21,5
265,87,3
265,88,3
265,90,3
265,95,3
265,99,5
265,133,3
265,168,5
265,176,3
265,189,4
265,198,1
265,251,3
265,291,5
265,322,5
265,341,5
265,368,3
265,380,3
265,409,1
265,472,3
265,481,5
265,517,5
265,561,5
266,6,3
266,20,5
266,21,5
266,32,3
266,54,5
266,71,3
266,78,5
266,86,3
266,88,5
266,89,1
266,90,3
266,93,3
266,95,2
266,97,4
266,99,3
266,103,3
266,104,3
266,117,4
266,133,3
266,138,4
266,150,3
266,156,3
266,166,4
266,173,5
266,176,5
266,251,5
266,253,5
266,254,3
266,259,3
266,260,5
266,269,5
266,286,4
266,348,1
266,355,3
266,374,3
266,380,5
266,407,5
266,409,3
266,434,4
266,442,3
266,472,3
266,481,5
266,516,3
266,532,3
266,559,5
266,561,4
266,563,3
266,564,3
266,565,5
267,78,4
267,89,5
267,99,4
267,104,3
267,117,5
267,150,3
267,173,3
267,176,5
267,251,1
267,259,3
267,260,5
267,276,5
267,384,1
267,407,3
267,409,4
267,440,3
267,475,4
267,481,3
267,516,5
267,562,3
267,565,3
267,594,1
268,78,4
268,89,5
268,99,4
268,104,3
268,117,5
268,150,3
268,173,3
268,176,5
268,251,3
268,259,3
268,260,5
268,276,5
268,380,5
268,384,1
268,407,3
268,440,3
268,481,3
268,562,3
268,565,3
268,582,3
268,594,4
269,34,3
269,54,5
269,78,2
269,90,3
269,97,4
269,99,3
269,104,3
269,117,1
269,151,3
269,164,2
269,259,5
269,312,3
269,407,5
269,410,5
269,462,5
269,540,4
270,24,5
270,78,4
270,176,4
270,251,4
270,380,5
270,407,5
270,409,4
270,475,4
270,561,4
271,535,1
271,540,1
272,6,3
272,11,3
272,17,3
272,42,5
272,50,3
272,53,5
272,54,3
272,55,1
272,78,5
272,99,5
272,104,3
272,110,5
272,113,1
272,115,3
272,117,3
272,130,1
272,141,5
272,176,5
272,182,3
272,198,3
272,222,1
272,231,3
272,235,2
272,251,5
272,258,1
272,266,3
272,276,5
272,286,1
272,293,3
272,347,5
272,348,1
272,352,1
272,357,3
272,374,5
272,380,5
272,384,3
272,385,3
272,407,3
272,409,5
272,421,1
272,422,1
272,431,3
272,434,1
272,442,5
272,472,5
272,475,5
272,481,5
272,483,3
272,511,1
272,514,5
272,516,5
272,533,3
272,535,1
272,540,1
272,569,1
272,582,1
272,601,3
273,10,1
273,17,5
273,21,3
273,27,5
273,29,3
273,33,5
273,53,5
273,54,4
273,55,5
273,58,5
273,71,5
273,73,3
273,76,3
273,78,5
273,86,3
273,87,3
273,88,5
273,90,1
273,95,5
273,97,3
273,99,4
273,100,3
273,104,4
273,115,5
273,116,3
273,117,5
273,119,5
273,123,5
273,125,5
273,127,5
273,141,1
273,142,4
273,143,3
273,152,3
273,153,5
273,156,5
273,173,5
273,176,1
273,182,3
273,183,1
273,220,5
273,222,5
273,230,3
273,234,3
273,251,5
273,253,3
273,254,3
273,259,5
273,260,5
273,272,5
273,276,1
273,281,4
273,286,5
273,287,1
273,288,5
273,300,1
273,302,3
273,310,5
273,312,4
273,326,4
273,331,5
273,339,3
273,347,3
273,348,3
273,349,3
273,352,3
273,353,5
273,355,1
273,357,1
273,368,5
273,371,3
273,373,3
273,374,1
273,378,4
273,380,3
273,384,1
273,391,5
273,395,5
273,404,3
273,406,3
273,407,5
273,409,4
273,420,3
273,422,1
273,424,5
273,438,5
273,442,1
273,448,3
273,455,4
273,462,5
273,472,3
273,475,5
273,481,5
273,483,3
273,494,3
273,506,1
273,516,5
273,522,5
273,535,4
273,559,5
273,562,3
273,565,5
273,569,1
273,573,1
273,581,5
273,582,5
273,594,5
273,601,3
273,604,1
274,12,5
274,19,5
274,20,1
274,21,5
274,34,3
274,55,5
274,68,3
274,69,5
274,71,5
274,76,3
274,78,1
274,82,5
274,83,5
274,87,5
274,89,3
274,93,3
274,97,5
274,99,4
274,100,3
274,104,3
274,107,3
274,117,1
274,123,3
274,127,4
274,138,5
274,141,3
274,142,4
274,152,1
274,162,1
274,173,5
274,176,3
274,182,1
274,196,5
274,216,5
274,220,5
274,222,5
274,226,1
274,230,3
274,251,3
274,253,5
274,254,3
274,259,5
274,260,5
274,276,1
274,281,4
274,288,5
274,291,1
274,301,3
274,312,3
274,331,5
274,348,3
274,352,3
274,353,5
274,355,1
274,357,1
274,362,1
274,368,5
274,372,3
274,380,3
274,391,3
274,395,5
274,406,3
274,407,5
274,409,5
274,420,3
274,422,1
274,424,5
274,431,5
274,442,4
274,448,5
274,462,4
274,469,4
274,475,3
274,481,4
274,482,5
274,495,5
274,510,1
274,513,5
274,516,4
274,522,5
274,535,3
274,548,5
274,559,5
274,562,3
274,565,3
274,568,3
274,581,5
274,582,1
274,594,5
274,601,3
275,1,5
275,3,1
275,6,3
275,12,5
275,15,3
275,16,5
275,20,1
275,21,3
275,29,3
275,30,1
275,43,5
275,55,5
275,56,3
275,57,5
275,60,5
275,66,3
275,71,5
275,78,1
275,88,3
275,97,3
275,99,2
275,104,1
275,107,3
275,112,3
275,119,3
275,141,3
275,156,5
275,173,5
275,174,5
275,176,4
275,182,3
275,190,1
275,195,3
275,198,3
275,217,5
275,219,4
275,222,5
275,226,1
275,228,3
275,231,5
275,242,5
275,251,5
275,253,5
275,259,4
275,260,3
275,270,3
275,272,5
275,276,5
275,278,5
275,281,3
275,283,3
275,284,3
275,286,1
275,288,5
275,291,3
275,300,1
275,309,1
275,312,4
275,313,5
275,319,1
275,326,4
275,338,5
275,343,5
275,344,1
275,347,1
275,348,1
275,349,3
275,351,1
275,352,3
275,355,3
275,359,5
275,361,3
275,363,1
275,369,1
275,374,1
275,380,5
275,382,1
275,391,1
275,394,1
275,396,3
275,406,1
275,407,5
275,409,5
275,420,5
275,421,4
275,422,1
275,424,5
275,430,5
275,434,1
275,440,1
275,442,3
275,459,1
275,462,5
275,466,1
275,469,5
275,472,5
275,475,1
275,481,1
275,487,1
275,488,5
275,489,3
275,494,3
275,495,5
275,502,1
275,504,5
275,505,5
275,506,1
275,510,1
275,516,5
275,517,1
275,535,5
275,544,5
275,551,5
275,559,5
275,561,1
275,565,5
275,571,1
275,572,1
275,573,5
275,576,3
275,590,5
275,591,3
275,592,5
275,599,1
275,606,1
275,607,3
276,17,3
276,20,3
276,21,3
276,30,5
276,31,5
276,53,5
276,78,5
276,89,5
276,97,3
276,99,2
276,104,3
276,110,3
276,117,5
276,148,4
276,152,3
276,173,5
276,174,5
276,176,5
276,182,4
276,251,5
276,257,1
276,260,5
276,287,3
276,288,5
276,313,3
276,357,1
276,368,3
276,380,5
276,384,1
276,385,3
276,391,1
276,407,1
276,409,3
276,410,3
276,442,3
276,472,4
276,475,3
276,481,3
276,488,5
276,510,1
276,516,5
276,551,5
276,561,3
276,564,5
276,565,5
276,573,5
276,582,5
276,594,5
277,117,5
277,343,3
277,421,4
278,4,3
278,18,3
278,20,3
278,21,5
278,54,5
278,57,5
278,59,5
278,71,5
278,78,1
278,90,1
278,94,3
278,99,3
278,102,4
278,107,5
278,110,3
278,113,3
278,138,3
278,141,1
278,151,1
278,173,5
278,176,3
278,182,5
278,186,1
278,197,3
278,198,1
278,222,3
278,228,1
278,251,5
278,253,3
278,260,5
278,275,3
278,276,5
278,304,3
278,325,3
278,343,3
278,354,3
278,355,3
278,357,3
278,368,3
278,380,3
278,382,1
278,386,1
278,391,5
278,401,4
278,409,5
278,421,1
278,422,5
278,424,3
278,431,3
278,454,3
278,469,4
278,472,5
278,475,5
278,481,5
278,490,5
278,498,5
278,505,1
278,516,3
278,535,3
278,540,1
278,561,1
278,562,4
278,563,5
278,565,5
278,590,5
278,601,3
278,606,3
279,17,3
279,53,4
279,59,1
279,71,5
279,78,1
279,81,3
279,82,5
279,83,5
279,93,3
279,97,3
279,99,3
279,104,3
279,107,4
279,115,5
279,117,3
279,119,3
279,123,5
279,138,5
279,154,3
279,176,3
279,197,3
279,198,3
279,199,5
279,201,3
279,222,3
279,251,5
279,259,3
279,260,3
279,276,5
279,286,1
279,312,3
279,321,3
279,337,3
279,352,1
279,355,5
279,368,5
279,384,5
279,389,1
279,409,5
279,420,3
279,438,5
279,442,4
279,454,3
279,455,3
279,471,3
279,475,3
279,478,3
279,481,3
279,498,5
279,505,1
279,514,5
279,516,4
279,521,5
279,537,5
279,565,5
280,2,1
280,4,3
280,13,5
280,15,5
280,50,3
280,54,5
280,55,3
280,71,3
280,78,4
280,86,3
280,90,3
280,93,4
280,99,5
280,104,3
280,105,3
280,107,4
280,113,1
280,115,5
280,141,5
280,148,4
280,172,2
280,173,3
280,175,5
280,176,3
280,197,1
280,198,3
280,204,3
280,209,5
280,227,5
280,251,3
280,253,3
280,258,1
280,259,3
280,260,5
280,269,5
280,274,1
280,276,5
280,290,3
280,296,5
280,312,3
280,314,3
280,331,5
280,336,3
280,343,3
280,344,1
280,355,3
280,380,1
280,389,4
280,421,1
280,469,3
280,472,3
280,481,5
280,516,5
280,535,1
280,562,4
280,564,3
280,568,4
281,71,3
281,78,3
281,99,5
281,138,5
281,173,5
281,198,1
281,251,5
281,260,3
281,276,5
281,321,3
281,339,3
281,352,1
281,355,2
281,374,3
281,380,5
281,384,2
281,389,1
281,409,5
281,420,2
281,442,3
281,472,3
281,481,5
281,510,1
281,532,3
281,540,5
281,568,3
281,586,4
281,594,5
282,78,3
282,99,5
282,138,5
282,173,5
282,198,1
282,251,5
282,260,3
282,275,3
282,276,5
282,339,3
282,374,5
282,380,5
282,389,1
282,442,2
282,472,3
282,481,3
282,510,1
282,532,3
282,540,5
282,568,3
282,601,3
283,17,5
283,18,3
283,20,5
283,24,5
283,36,3
283,57,5
283,66,3
283,78,5
283,87,3
283,89,3
283,90,4
283,99,4
283,103,3
283,104,3
283,110,5
283,113,1
283,127,1
283,152,3
283,156,4
283,173,5
283,174,5
283,176,5
283,212,5
283,220,5
283,231,5
283,251,5
283,253,5
283,259,3
283,260,3
283,276,1
283,286,4
283,312,3
283,322,3
283,350,1
283,380,4
283,396,3
283,399,1
283,409,4
283,411,3
283,413,5
283,420,1
283,426,5
283,442,3
283,472,3
283,473,5
283,475,3
283,481,5
283,492,1
283,502,1
283,505,2
283,510,5
283,516,5
283,521,3
283,532,3
283,561,3
283,565,5
283,582,5
284,141,1
284,442,3
284,562,5
285,15,5
285,20,3
285,34,1
285,55,3
285,57,1
285,71,3
285,78,5
285,87,3
285,89,3
285,90,5
285,96,3
285,99,1
285,100,3
285,103,3
285,104,5
285,107,5
285,115,5
285,117,3
285,121,3
285,124,5
285,127,3
285,130,1
285,152,3
285,161,1
285,176,5
285,198,4
285,201,5
285,239,4
285,251,3
285,259,3
285,260,5
285,261,5
285,263,4
285,276,3
285,306,3
285,312,3
285,326,4
285,327,3
285,349,3
285,351,1
285,352,2
285,355,5
285,374,5
285,380,5
285,384,3
285,386,5
285,391,3
285,396,3
285,409,5
285,421,5
285,429,3
285,434,1
285,442,3
285,445,4
285,449,4
285,469,5
285,472,4
285,475,1
285,481,5
285,498,5
285,510,3
285,512,5
285,516,3
285,532,3
285,567,5
285,568,3
285,569,1
285,573,1
285,581,5
285,602,4
285,606,3
286,34,5
286,45,5
286,46,5
286,78,3
286,99,5
286,117,1
286,152,3
286,159,5
286,176,5
286,231,3
286,251,4
286,276,5
286,286,4
286,320,3
286,355,3
286,380,3
286,384,3
286,396,5
286,409,5
286,419,5
286,440,3
286,483,1
286,510,1
286,561,4
287,34,5
287,45,5
287,46,5
287,78,3
287,99,3
287,117,5
287,152,3
287,159,5
287,176,5
287,231,3
287,276,5
287,320,3
287,355,3
287,380,3
287,384,3
287,396,5
287,409,5
287,419,5
287,440,3
287,483,1
287,510,1
288,10,5
288,20,5
288,24,5
288,34,5
288,55,1
288,71,5
288,78,5
288,87,3
288,89,5
288,90,3
288,99,5
288,101,1
288,104,3
288,110,3
288,117,1
288,152,3
288,165,5
288,171,5
288,174,5
288,176,5
288,216,5
288,233,1
288,251,5
288,260,3
288,263,1
288,272,5
288,276,1
288,286,3
288,287,1
288,364,5
288,378,4
288,380,5
288,385,3
288,394,5
288,396,5
288,409,5
288,442,4
288,462,5
288,469,5
288,472,5
288,481,3
288,492,1
288,502,1
288,506,1
288,510,5
288,516,3
288,517,3
288,527,5
288,528,3
288,535,3
288,540,5
288,568,3
288,569,1
289,24,3
289,92,3
289,239,5
289,287,5
290,4,3
290,5,1
290,20,3
290,21,3
290,23,5
290,24,5
290,54,3
290,59,5
290,71,3
290,78,4
290,87,3
290,88,5
290,89,5
290,90,1
290,96,3
290,99,1
290,103,5
290,104,1
290,107,3
290,113,1
290,117,4
290,129,3
290,136,3
290,149,5
290,173,5
290,176,3
290,179,4
290,195,3
290,198,4
290,201,3
290,208,5
290,221,5
290,225,3
290,231,5
290,239,3
290,251,5
290,258,5
290,260,5
290,275,3
290,276,1
290,286,4
290,287,3
290,291,4
290,292,5
290,300,4
290,318,5
290,337,3
290,339,3
290,343,3
290,355,5
290,373,3
290,380,3
290,387,3
290,396,3
290,421,1
290,442,1
290,454,3
290,462,3
290,469,5
290,471,5
290,472,3
290,475,5
290,481,3
290,505,3
290,510,1
290,516,5
290,523,5
290,533,3
290,535,4
290,544,1
290,561,3
290,565,4
290,567,3
290,594,5
290,601,3
290,606,5
291,1,5
291,17,3
291,24,5
291,52,3
291,55,3
291,71,4
291,78,3
291,87,3
291,88,5
291,89,5
291,97,3
291,99,3
291,104,4
291,109,1
291,119,3
291,141,4
291,150,4
291,176,5
291,198,5
291,203,3
291,208,5
291,221,5
291,231,5
291,251,4
291,259,5
291,260,5
291,272,3
291,339,5
291,343,3
291,352,4
291,355,3
291,364,5
291,372,3
291,378,3
291,380,5
291,384,5
291,421,5
291,429,3
291,442,3
291,448,3
291,454,3
291,469,5
291,475,5
291,481,5
291,492,1
291,516,4
291,521,3
291,528,5
291,562,3
291,565,3
291,569,1
291,594,5
291,601,3
292,53,5
292,83,5
292,99,3
292,105,5
292,166,5
292,176,4
292,198,1
292,231,5
292,251,3
292,263,1
292,276,5
292,287,5
292,291,3
292,327,3
292,385,3
292,389,3
292,391,1
292,422,1
292,442,3
292,483,1
292,492,1
292,561,5
292,593,1
292,594,5
292,601,3
293,84,5
293,89,1
293,127,5
293,141,3
293,155,5
293,201,3
294,29,3
294,71,3
294,78,3
294,99,3
294,102,5
294,104,2
294,107,3
294,136,1
294,161,1
294,195,3
294,198,3
294,223,1
294,227,3
294,251,3
294,260,1
294,276,5
294,281,4
294,291,3
294,335,5
294,341,5
294,352,3
294,355,3
294,378,3
294,404,5
294,434,3
294,442,2
294,472,3
294,516,3
294,521,3
294,537,5
294,564,3
294,591,3
295,182,3
295,348,3
296,34,3
296,55,1
296,74,5
296,76,3
296,78,3
296,99,5
296,102,3
296,104,3
296,125,3
296,162,1
296,173,1
296,251,3
296,259,2
296,260,5
296,276,5
296,287,5
296,300,1
296,382,1
296,391,5
296,409,4
296,429,1
296,442,3
296,458,5
296,475,3
296,481,5
296,510,5
296,516,4
296,561,5
296,594,5
297,20,3
297,115,1
297,176,3
297,259,3
297,276,5
297,544,1
297,559,2
298,78,3
298,357,1
298,487,1
298,569,1
299,18,5
299,78,1
299,259,3
299,276,5
299,355,1
299,357,1
299,380,3
299,422,1
299,442,3
299,485,5
299,512,5
299,537,5
299,551,5
300,1,5
300,11,5
300,20,3
300,34,4
300,39,1
300,44,5
300,55,3
300,57,4
300,60,5
300,78,5
300,80,5
300,87,4
300,90,3
300,99,5
300,103,4
300,104,3
300,107,1
300,110,5
300,112,5
300,119,5
300,127,4
300,136,1
300,138,1
300,152,3
300,171,3
300,173,5
300,176,5
300,186,1
300,195,3
300,198,1
300,201,5
300,203,3
300,220,5
300,223,4
300,227,5
300,239,3
300,244,3
300,251,5
300,258,1
300,259,4
300,260,3
300,276,1
300,291,3
300,300,4
300,306,4
300,307,3
300,312,3
300,314,2
300,326,3
300,335,4
300,347,1
300,352,1
300,355,3
300,358,3
300,363,5
300,368,1
300,369,1
300,374,5
300,380,2
300,385,3
300,386,2
300,399,1
300,401,5
300,404,3
300,409,3
300,416,3
300,420,4
300,421,3
300,425,4
300,434,5
300,442,5
300,447,3
300,448,5
300,466,4
300,472,3
300,475,5
300,481,3
300,483,5
300,502,1
300,510,1
300,511,3
300,516,4
300,532,5
300,533,3
300,535,3
300,540,5
300,541,1
300,542,3
300,547,5
300,550,5
300,559,5
300,560,3
300,562,3
300,565,3
300,568,3
300,592,3
300,604,1
301,1,5
301,34,3
301,43,5
301,46,5
301,55,3
301,71,5
301,75,1
301,78,5
301,87,4
301,90,3
301,93,3
301,99,5
301,104,5
301,107,3
301,113,5
301,117,4
301,136,1
301,141,3
301,148,3
301,151,3
301,152,3
301,173,5
301,176,5
301,195,3
301,198,1
301,203,3
301,235,3
301,239,3
301,251,3
301,258,3
301,259,3
301,260,1
301,264,4
301,274,4
301,276,5
301,312,3
301,348,1
301,352,1
301,368,4
301,372,3
301,380,2
301,384,5
301,404,3
301,410,5
301,420,3
301,431,5
301,434,1
301,442,3
301,448,3
301,462,3
301,475,5
301,481,5
301,483,5
301,510,1
301,513,5
301,516,3
301,520,5
301,521,3
301,548,5
301,562,3
301,565,5
301,568,3
301,569,1
301,573,1
301,582,3
301,606,3
301,613,4
302,34,3
302,44,5
302,55,2
302,71,3
302,78,5
302,99,3
302,104,3
302,105,5
302,173,5
302,201,5
302,226,1
302,259,3
302,276,5
302,325,5
302,335,4
302,352,4
302,355,3
302,358,3
302,363,5
302,368,1
302,380,3
302,385,3
302,409,3
302,420,2
302,421,3
302,425,4
302,434,5
302,438,5
302,442,3
302,445,3
302,472,5
302,475,2
302,481,5
302,483,1
302,516,5
302,532,5
302,533,3
302,540,5
302,542,5
302,573,2
302,594,5
303,34,1
303,44,5
303,55,2
303,78,3
303,99,3
303,104,3
303,105,5
303,201,5
303,226,1
303,259,3
303,321,3
303,325,5
303,335,4
303,352,2
303,355,2
303,358,3
303,363,5
303,368,1
303,380,5
303,385,3
303,409,3
303,420,2
303,421,3
303,425,4
303,434,5
303,438,5
303,442,3
303,445,3
303,472,5
303,475,2
303,483,1
303,532,5
303,533,3
303,542,5
303,573,2
304,17,5
304,20,3
304,34,5
304,44,5
304,71,3
304,75,4
304,78,3
304,84,5
304,86,3
304,92,4
304,97,3
304,99,5
304,103,3
304,104,3
304,113,1
304,117,1
304,119,3
304,136,1
304,138,1
304,150,3
304,176,5
304,195,5
304,201,1
304,215,1
304,221,5
304,222,5
304,231,3
304,239,3
304,251,4
304,258,1
304,259,3
304,272,5
304,306,3
304,314,3
304,335,4
304,352,5
304,363,5
304,368,1
304,380,5
304,384,5
304,385,5
304,404,3
304,410,5
304,422,1
304,425,4
304,438,5
304,440,1
304,442,3
304,447,3
304,462,1
304,472,3
304,475,5
304,481,3
304,483,5
304,516,3
304,527,5
304,528,5
304,532,5
304,533,3
304,537,5
304,540,5
304,561,5
304,562,5
304,565,3
304,573,1
304,594,5
304,597,3
305,6,3
305,55,3
305,105,5
305,134,3
305,136,5
305,162,1
305,195,5
305,201,1
305,260,3
305,276,3
305,283,3
305,327,3
305,335,5
305,336,3
305,372,3
305,442,3
305,481,3
306,86,3
306,90,3
306,276,5
306,380,4
306,442,3
306,472,3
306,475,5
306,499,3
306,563,5
306,594,5
307,104,1
307,162,5
307,481,5
308,21,5
308,34,1
308,46,5
308,60,1
308,78,5
308,83,5
308,99,5
308,110,4
308,157,5
308,176,3
308,186,5
308,191,3
308,231,3
308,251,5
308,380,4
308,409,5
308,420,3
308,472,3
308,481,3
308,483,1
308,490,5
308,510,1
308,516,5
308,537,5
308,549,3
309,83,5
309,90,3
309,113,3
309,173,5
309,355,3
309,380,4
309,481,5
309,516,5
309,537,5
310,99,2
310,141,3
310,442,3
310,449,3
311,55,3
311,64,5
311,78,3
311,90,1
311,176,3
311,237,5
311,251,5
311,255,2
311,259,3
311,260,5
311,272,3
311,276,5
311,309,1
311,409,4
311,442,1
311,472,3
311,475,4
311,510,5
311,592,5
311,594,3
312,18,5
312,78,3
312,92,3
312,99,5
312,103,3
312,117,1
312,251,5
312,259,3
312,260,5
312,272,3
312,276,5
312,407,5
312,409,4
312,442,5
312,475,4
312,510,5
312,561,5
312,582,3
313,19,5
313,69,5
313,78,3
313,99,5
313,117,3
313,154,2
313,251,5
313,259,3
313,260,5
313,272,3
313,276,5
313,309,1
313,314,3
313,409,4
313,442,1
313,474,5
313,475,4
313,510,5
313,537,5
313,552,3
314,78,4
314,90,5
314,99,3
314,251,5
314,255,2
314,259,3
314,260,5
314,272,3
314,407,5
314,409,4
314,442,5
314,475,4
314,510,5
315,251,5
315,272,3
315,442,5
315,510,5
316,78,5
316,251,5
316,272,3
316,442,5
316,510,5
317,258,1
317,573,1
318,18,3
318,20,4
318,24,5
318,28,3
318,43,3
318,44,5
318,46,1
318,57,5
318,60,5
318,65,5
318,71,5
318,78,5
318,83,5
318,87,1
318,88,3
318,96,3
318,99,3
318,104,5
318,107,3
318,110,4
318,112,5
318,113,1
318,116,5
318,117,3
318,119,3
318,127,5
318,129,4
318,138,3
318,154,3
318,166,5
318,173,3
318,176,3
318,217,5
318,220,5
318,225,3
318,226,1
318,228,1
318,251,4
318,258,1
318,260,3
318,263,1
318,276,5
318,286,4
318,287,5
318,306,3
318,358,3
318,372,3
318,374,5
318,380,5
318,382,1
318,405,3
318,409,5
318,422,1
318,429,3
318,434,1
318,440,4
318,442,3
318,444,1
318,462,1
318,472,3
318,475,5
318,483,1
318,490,5
318,510,3
318,514,5
318,516,3
318,540,5
318,542,3
318,544,3
318,561,5
318,562,3
318,564,5
318,567,5
318,571,1
318,573,3
319,24,5
319,28,3
319,44,5
319,45,5
319,46,5
319,55,1
319,57,3
319,71,5
319,78,3
319,87,1
319,89,3
319,95,3
319,99,5
319,102,4
319,117,3
319,159,5
319,161,1
319,162,5
319,173,5
319,176,3
319,231,5
319,244,1
319,251,2
319,259,3
319,260,3
319,276,1
319,287,5
319,312,3
319,325,5
319,380,5
319,409,4
319,442,3
319,469,3
319,475,4
319,481,5
319,482,5
319,483,1
319,502,5
319,506,1
319,540,5
319,564,1
319,565,5
319,569,1
319,592,1
320,10,1
320,46,1
320,75,1
320,78,5
320,87,1
320,93,3
320,99,3
320,104,3
320,113,1
320,115,5
320,117,5
320,162,5
320,173,5
320,176,3
320,239,3
320,244,1
320,251,5
320,260,3
320,269,5
320,276,4
320,292,1
320,298,3
320,336,1
320,355,3
320,380,5
320,404,3
320,475,5
320,481,5
320,486,3
320,506,1
320,516,1
320,521,3
321,24,5
321,44,5
321,78,3
321,99,3
321,117,1
321,173,5
321,251,4
321,276,5
321,287,5
321,380,4
321,413,5
321,442,5
321,475,5
321,481,5
321,483,1
321,516,5
322,20,3
322,24,5
322,44,5
322,78,5
322,99,3
322,117,1
322,119,3
322,127,5
322,173,5
322,251,4
322,276,5
322,287,5
322,380,3
322,413,5
322,442,5
322,475,5
322,481,5
322,483,1
322,516,5
322,532,5
323,10,1
323,20,5
323,44,5
323,78,5
323,99,5
323,104,3
323,117,3
323,173,5
323,176,5
323,198,5
323,199,5
323,201,3
323,258,1
323,276,1
323,287,5
323,380,5
323,382,1
323,405,3
323,409,4
323,417,5
323,442,5
323,475,4
323,516,3
323,540,5
323,561,3
323,564,5
323,582,3
323,595,5
324,44,5
324,55,1
324,87,3
324,88,5
324,99,3
324,104,1
324,112,5
324,127,5
324,198,1
324,201,3
324,251,3
324,259,3
324,260,3
324,276,5
324,317,1
324,357,3
324,380,5
324,385,3
324,409,1
324,442,3
324,462,5
324,475,5
324,483,3
324,489,5
324,526,3
324,540,1
324,569,1
324,590,5
325,15,2
325,17,5
325,18,3
325,20,5
325,21,5
325,34,1
325,46,1
325,50,3
325,55,5
325,78,5
325,87,3
325,88,3
325,89,3
325,90,3
325,95,3
325,97,5
325,99,5
325,103,3
325,104,3
325,109,5
325,114,5
325,116,5
325,127,3
325,150,3
325,155,3
325,156,5
325,170,3
325,173,3
325,174,5
325,176,5
325,182,3
325,188,3
325,220,5
325,221,3
325,222,1
325,231,5
325,235,5
325,251,5
325,253,5
325,259,5
325,260,5
325,272,5
325,277,5
325,300,4
325,308,5
325,312,5
325,313,5
325,331,5
325,332,5
325,339,5
325,343,3
325,352,1
325,357,5
325,374,3
325,380,5
325,390,5
325,407,5
325,409,2
325,413,4
325,425,3
325,434,4
325,441,5
325,442,5
325,466,5
325,475,5
325,481,5
325,488,5
325,502,5
325,516,2
325,517,5
325,520,5
325,528,5
325,530,5
325,542,5
325,544,3
325,560,5
325,561,5
325,562,4
325,565,5
325,567,3
325,573,1
325,582,5
325,592,1
325,594,5
325,598,3
326,46,5
326,451,5
327,49,3
327,292,3
328,3,1
328,57,1
328,115,5
329,343,3
329,355,3
329,404,3
330,53,3
330,210,1
330,516,4
331,57,1
331,71,5
332,442,3
332,520,5
332,525,5
333,87,5
333,97,4
334,115,5
334,442,3
335,78,5
335,84,5
335,250,5
336,75,1
336,78,3
336,97,3
336,99,3
336,104,5
336,165,5
336,173,5
336,176,4
336,251,5
336,259,3
336,276,5
336,354,5
336,380,5
336,426,5
336,429,3
336,442,3
336,472,3
336,481,5
336,502,5
336,505,5
336,516,5
336,565,3
336,606,3
337,78,4
337,90,3
337,99,5
337,104,4
337,150,4
337,175,5
337,195,3
337,251,3
337,260,3
337,276,5
337,313,3
337,328,3
337,380,5
337,409,5
337,421,3
337,424,5
337,466,3
337,472,3
337,475,4
337,516,4
337,596,3
338,110,5
338,357,1
339,15,5
339,55,3
339,71,3
339,78,3
339,87,1
339,89,3
339,97,3
339,99,5
339,107,3
339,117,1
339,120,3
339,176,5
339,195,3
339,198,1
339,203,3
339,218,3
339,228,3
339,251,5
339,259,3
339,260,3
339,265,3
339,276,5
339,316,5
339,322,1
339,325,3
339,326,3
339,357,3
339,398,3
339,400,1
339,401,5
339,409,4
339,421,1
339,422,1
339,428,3
339,442,1
339,470,3
339,471,3
339,472,1
339,475,4
339,505,3
339,516,3
340,15,5
340,107,4
340,142,1
340,175,5
340,176,3
340,182,4
340,316,3
340,400,1
340,401,5
340,421,3
341,78,3
341,99,5
341,117,1
341,316,5
342,78,3
342,99,5
342,117,1
342,316,5
343,71,3
343,201,3
343,316,3
343,481,3
344,78,3
344,99,5
344,176,3
344,316,5
345,24,5
345,78,3
345,99,5
345,176,3
345,316,5
346,6,3
346,78,1
346,119,3
346,198,1
346,260,5
346,316,3
346,391,1
347,78,3
347,99,5
347,316,5
347,331,3
348,78,3
348,316,5
348,331,3
349,78,3
349,99,5
349,135,4
349,461,5
350,3,1
350,113,1
350,415,1
350,421,3
350,442,3
350,560,3
350,582,5
351,217,1
351,228,5
351,247,1
351,355,1
351,407,5
351,442,3
351,582,3
352,24,5
352,37,5
352,78,1
352,90,5
352,99,5
352,105,5
352,107,3
352,141,3
352,162,5
352,176,1
352,260,3
352,335,3
352,352,1
352,382,1
352,407,3
352,462,1
352,505,5
352,516,5
352,573,1
353,99,3
353,104,3
353,276,5
353,487,1
353,510,5
354,20,3
354,76,3
354,99,5
354,104,3
354,173,5
354,176,3
354,197,1
354,251,3
354,260,5
354,355,3
354,378,3
354,407,3
354,421,5
354,430,5
354,442,3
354,472,3
354,551,5
354,573,5
355,20,4
355,24,3
355,57,5
355,78,2
355,95,3
355,103,5
355,150,4
355,166,3
355,176,5
355,251,5
355,259,5
355,260,3
355,276,1
355,288,3
355,300,3
355,312,3
355,316,5
355,355,1
355,357,3
355,409,5
355,434,1
355,436,3
355,449,1
355,472,2
355,512,5
355,573,1
355,594,2
356,38,3
356,89,3
356,208,5
356,251,3
356,260,3
356,448,3
356,472,4
356,499,3
357,6,3
357,34,3
357,55,3
357,135,3
357,141,1
357,195,3
357,207,3
357,517,1
357,559,5
358,6,3
358,21,3
358,87,3
358,90,3
358,99,5
358,104,3
358,130,5
358,173,3
358,176,3
358,187,4
358,247,1
358,259,3
358,276,5
358,355,3
358,380,3
358,409,1
358,426,5
358,442,5
358,475,3
358,481,3
358,516,3
358,519,4
359,20,5
359,78,3
359,89,3
359,97,1
359,99,3
359,176,3
359,251,3
359,259,3
359,291,5
359,343,1
359,348,1
359,352,1
359,355,3
359,380,5
359,414,1
359,420,1
359,426,5
359,442,3
359,516,3
360,6,1
360,25,5
360,71,4
360,78,2
360,83,5
360,96,1
360,97,3
360,99,2
360,105,3
360,117,5
360,119,3
360,171,1
360,173,5
360,176,5
360,193,3
360,216,5
360,251,5
360,254,3
360,260,3
360,331,3
360,347,1
360,355,1
360,380,3
360,410,3
360,420,1
360,422,1
360,424,5
360,438,5
360,442,3
360,448,3
360,461,5
360,462,5
360,469,3
360,472,3
360,475,3
360,481,3
360,483,1
360,492,1
360,502,1
360,516,5
360,557,1
360,561,5
360,573,1
361,21,5
361,89,3
361,104,3
361,176,3
361,217,5
361,355,4
361,449,1
361,537,5
361,561,1
362,24,5
362,35,1
362,78,4
362,99,3
362,103,3
362,104,4
362,107,3
362,163,5
362,176,5
362,242,5
362,251,3
362,253,5
362,286,3
362,322,5
362,380,4
362,407,5
362,409,5
362,448,3
362,449,1
362,475,4
362,481,5
362,565,5
362,594,5
363,20,1
363,34,3
363,78,4
363,97,3
363,117,1
363,173,3
363,176,3
363,182,3
363,226,1
363,276,5
363,343,1
363,348,3
363,362,1
363,391,1
363,409,4
363,448,5
363,475,1
363,582,3
364,24,5
364,28,3
364,55,5
364,89,3
364,96,3
364,99,5
364,104,3
364,113,3
364,115,3
364,122,5
364,173,5
364,176,3
364,286,3
364,287,5
364,295,1
364,299,1
364,329,3
364,366,3
364,380,5
364,391,1
364,409,3
364,414,1
364,438,5
364,469,3
364,472,3
364,568,3
365,20,3
365,55,3
365,78,3
365,99,3
365,103,3
365,130,1
365,176,4
365,198,1
365,295,1
365,296,4
365,299,1
365,366,3
365,380,5
365,407,4
365,409,3
365,420,1
365,438,5
365,472,3
365,561,5
366,21,3
366,78,3
366,86,5
366,96,3
366,97,3
366,104,5
366,115,3
366,117,3
366,176,2
366,235,1
366,251,3
366,281,4
366,306,5
366,352,2
366,372,5
366,391,5
366,442,5
366,481,5
366,516,5
366,521,4
366,537,5
366,540,1
366,614,3
367,78,4
367,95,3
367,99,5
367,119,3
367,176,5
367,182,3
367,251,5
367,260,1
367,276,5
367,369,1
367,375,3
367,376,1
367,380,3
367,409,3
367,448,2
367,462,1
367,472,3
367,502,5
367,516,3
367,563,3
367,565,3
368,24,5
368,34,3
368,78,5
368,89,3
368,99,3
368,104,3
368,171,1
368,176,3
368,195,5
368,197,1
368,201,1
368,224,5
368,244,1
368,251,5
368,259,1
368,269,5
368,276,5
368,287,5
368,324,1
368,352,1
368,355,1
368,359,5
368,380,3
368,384,5
368,396,1
368,409,3
368,420,2
368,449,1
368,462,5
368,510,5
368,513,5
368,514,5
368,535,1
368,544,1
368,551,5
368,573,5
368,592,5
369,24,5
369,78,5
369,99,5
369,104,5
369,113,1
369,176,2
369,384,5
369,464,5
369,481,3
369,502,5
369,516,1
369,573,1
369,594,5
370,87,3
370,89,3
370,99,5
370,107,4
370,266,3
370,313,5
370,382,1
370,510,3
370,535,5
370,540,1
371,10,3
371,20,5
371,21,5
371,24,5
371,34,5
371,46,5
371,54,5
371,55,3
371,60,5
371,71,3
371,75,1
371,76,3
371,78,2
371,80,5
371,83,1
371,86,2
371,87,5
371,88,3
371,89,4
371,90,3
371,92,3
371,93,3
371,95,3
371,97,4
371,99,1
371,102,4
371,103,3
371,104,2
371,105,5
371,106,5
371,107,3
371,109,3
371,116,5
371,117,4
371,119,5
371,127,3
371,138,3
371,140,5
371,141,5
371,144,3
371,150,5
371,152,3
371,155,3
371,156,5
371,166,5
371,168,5
371,173,2
371,174,4
371,176,5
371,177,3
371,179,3
371,182,3
371,195,4
371,198,1
371,207,3
371,231,2
371,238,1
371,239,3
371,251,5
371,254,3
371,259,5
371,260,4
371,272,5
371,275,3
371,276,1
371,287,1
371,288,5
371,291,3
371,292,5
371,293,3
371,300,1
371,312,5
371,314,3
371,328,5
371,337,3
371,339,3
371,343,4
371,352,3
371,353,5
371,355,3
371,357,3
371,359,2
371,363,5
371,368,3
371,369,5
371,372,5
371,374,5
371,380,4
371,385,3
371,407,3
371,409,5
371,414,3
371,420,3
371,422,1
371,426,5
371,431,5
371,434,3
371,438,5
371,442,3
371,448,5
371,462,1
371,469,3
371,472,5
371,475,2
371,479,3
371,481,3
371,483,4
371,488,5
371,494,3
371,502,5
371,510,2
371,516,4
371,532,3
371,535,4
371,537,5
371,538,2
371,540,1
371,543,4
371,544,3
371,561,3
371,562,5
371,563,4
371,565,5
371,566,5
371,567,3
371,568,3
371,571,5
371,589,1
371,594,2
371,599,1
371,604,1
372,58,1
372,71,2
372,78,5
372,87,2
372,90,1
372,95,4
372,97,4
372,99,4
372,104,4
372,105,2
372,107,5
372,115,4
372,117,4
372,123,3
372,127,4
372,138,5
372,140,5
372,176,3
372,206,4
372,213,2
372,231,2
372,244,1
372,251,4
372,276,5
372,286,4
372,288,5
372,293,1
372,321,4
372,343,2
372,350,4
372,352,2
372,355,4
372,356,1
372,359,2
372,380,5
372,399,1
372,402,1
372,403,4
372,409,3
372,413,2
372,438,5
372,440,4
372,442,4
372,448,3
372,466,4
372,471,4
372,472,4
372,475,2
372,481,2
372,483,3
372,502,2
372,516,5
372,528,5
372,532,4
372,538,2
372,539,2
372,545,5
372,554,2
372,556,3
372,561,4
372,582,5
372,594,5
372,612,2
373,21,3
373,34,5
373,52,5
373,78,3
373,86,2
373,90,1
373,93,3
373,95,4
373,97,3
373,99,4
373,100,1
373,102,5
373,103,3
373,104,2
373,105,2
373,107,5
373,115,4
373,117,4
373,127,4
373,140,5
373,166,5
373,176,1
373,201,4
373,213,2
373,221,3
373,222,5
373,231,2
373,244,1
373,251,4
373,253,2
373,259,5
373,276,5
373,286,4
373,288,5
373,311,5
373,312,1
373,313,3
373,321,4
373,339,3
373,343,3
373,350,4
373,352,3
373,354,4
373,355,5
373,359,2
373,374,5
373,380,5
373,402,1
373,407,5
373,409,4
373,413,2
373,434,3
373,438,5
373,440,4
373,442,4
373,446,1
373,471,4
373,472,3
373,475,5
373,481,3
373,483,5
373,502,2
373,505,5
373,516,5
373,528,5
373,532,4
373,538,2
373,539,2
373,545,5
373,554,2
373,556,3
373,561,4
373,562,5
373,563,4
373,594,2
374,87,1
374,99,5
374,104,1
374,147,5
374,176,3
374,182,3
374,186,5
374,233,1
374,251,4
374,260,3
374,355,3
374,407,5
374,409,1
374,516,3
374,567,3
375,57,5
375,87,5
375,110,5
375,367,1
375,462,5
375,580,5
376,115,3
376,553,5
377,24,5
377,89,3
377,99,3
377,176,3
377,186,1
377,233,1
377,251,3
377,337,3
377,353,3
377,409,1
377,422,1
377,448,3
377,569,1
377,573,1
378,34,3
378,115,5
379,57,5
379,59,1
379,78,3
379,97,3
379,99,3
379,117,5
379,176,3
379,251,5
379,260,4
379,272,4
379,310,5
379,341,5
379,384,5
379,426,3
379,492,1
379,510,5
379,535,5
379,559,5
379,600,5
379,601,3
379,611,1
380,29,3
380,55,3
380,87,4
380,104,3
380,209,1
380,251,3
380,260,3
380,276,3
380,343,1
380,384,3
380,456,4
380,469,5
380,472,3
380,481,3
380,567,3
380,573,1
381,78,5
381,99,5
381,117,1
381,173,5
381,222,5
381,226,1
381,276,5
381,380,3
381,382,1
381,409,1
381,412,1
381,504,3
382,78,5
382,99,5
382,117,1
382,173,5
382,222,5
382,276,5
382,380,3
382,382,1
382,409,1
383,46,5
383,315,1
383,409,5
384,21,3
384,78,4
384,99,3
384,104,3
384,117,1
384,138,4
384,141,3
384,176,4
384,251,3
384,255,1
384,259,3
384,260,5
384,276,5
384,409,4
384,426,3
384,442,1
384,449,3
384,475,4
384,561,3
384,576,3
384,594,3
385,74,5
385,352,3
385,481,3
385,498,5
386,93,5
386,99,5
386,290,1
386,357,2
386,421,3
386,517,1
387,20,5
387,55,3
387,78,3
387,97,4
387,99,5
387,103,3
387,104,3
387,109,3
387,146,3
387,147,5
387,152,4
387,176,4
387,182,1
387,251,5
387,260,4
387,278,5
387,286,3
387,298,1
387,355,3
387,357,5
387,368,3
387,369,5
387,415,1
387,442,3
387,448,5
387,462,5
387,469,3
387,472,5
387,475,5
387,516,4
387,563,5
387,582,5
388,99,5
388,138,5
388,176,3
388,255,2
388,332,1
388,381,3
388,516,5
388,576,2
389,64,5
389,107,5
389,235,5
389,251,5
389,255,1
389,260,5
389,381,1
389,442,5
389,576,3
389,577,1
390,154,3
390,201,3
391,18,5
391,64,5
391,78,3
391,92,5
391,93,4
391,99,5
391,104,5
391,107,5
391,109,5
391,115,3
391,117,3
391,129,5
391,145,1
391,176,1
391,251,4
391,255,1
391,260,5
391,270,5
391,276,5
391,281,4
391,286,3
391,287,5
391,374,5
391,380,3
391,442,5
391,474,5
391,479,3
391,576,3
391,577,3
391,594,3
392,64,5
392,78,1
392,89,3
392,90,5
392,92,5
392,99,3
392,104,3
392,109,5
392,110,3
392,145,1
392,150,5
392,152,3
392,176,4
392,231,3
392,243,3
392,251,5
392,255,1
392,260,5
392,276,5
392,281,4
392,286,3
392,287,3
392,362,1
392,374,2
392,380,3
392,396,3
392,407,5
392,409,1
392,442,3
392,469,3
392,474,5
392,475,3
392,481,3
392,516,5
392,532,3
392,561,5
392,563,3
392,568,3
392,576,2
392,577,3
393,87,4
393,99,3
393,100,1
393,104,3
393,107,3
393,165,5
393,173,5
393,251,5
393,263,1
393,269,5
393,304,1
393,380,5
393,442,4
393,472,3
393,483,1
394,24,5
394,52,5
394,78,5
394,87,1
394,88,5
394,90,3
394,251,5
394,269,5
394,394,3
394,409,3
394,483,1
395,3,1
395,18,5
395,20,5
395,21,5
395,29,3
395,34,3
395,78,2
395,83,5
395,86,5
395,87,3
395,89,3
395,95,5
395,97,5
395,99,2
395,104,5
395,105,5
395,109,2
395,110,2
395,113,5
395,114,5
395,115,3
395,122,5
395,123,3
395,124,3
395,125,5
395,126,5
395,127,5
395,176,3
395,195,5
395,197,1
395,198,5
395,222,5
395,226,1
395,231,5
395,239,3
395,251,3
395,253,5
395,259,5
395,260,5
395,272,5
395,276,1
395,278,5
395,339,5
395,355,1
395,371,4
395,374,3
395,380,2
395,409,3
395,433,2
395,442,5
395,448,3
395,462,1
395,472,3
395,505,5
395,516,5
395,520,5
395,537,5
395,561,3
395,562,3
395,563,5
395,565,3
395,568,5
395,582,5
395,594,3
396,20,5
396,72,3
396,78,1
396,99,3
396,104,1
396,176,3
396,198,1
396,442,3
396,475,3
396,481,5
396,561,3
396,601,3
397,83,5
397,99,5
397,380,5
397,407,5
397,537,5
398,83,5
398,99,5
398,380,5
398,407,5
398,537,5
399,83,5
399,148,3
399,266,1
400,78,1
400,83,5
400,90,1
400,150,4
400,251,1
400,287,5
400,314,1
400,322,3
400,407,5
400,421,1
400,422,1
400,424,5
400,475,3
400,591,5
401,57,3
401,78,3
401,99,3
401,104,3
401,113,3
401,119,3
401,201,1
401,251,3
401,259,3
401,263,1
401,276,5
401,326,4
401,328,3
401,355,1
401,380,5
401,384,4
401,385,5
401,472,3
401,565,3
402,17,5
402,20,3
402,21,3
402,55,3
402,73,3
402,78,4
402,97,5
402,99,4
402,104,3
402,107,3
402,117,1
402,119,5
402,173,5
402,175,5
402,176,1
402,192,1
402,228,1
402,251,3
402,260,5
402,276,1
402,355,3
402,357,2
402,369,5
402,374,3
402,391,5
402,442,3
402,462,5
402,475,3
402,481,1
402,516,4
402,533,3
402,563,1
402,567,5
403,24,5
403,42,5
403,78,5
403,84,5
403,99,5
403,117,1
403,134,3
403,141,3
403,176,5
403,221,3
403,251,2
403,339,5
403,343,1
403,368,3
403,409,1
403,431,5
403,438,5
403,516,1
403,517,5
403,533,3
403,565,5
403,594,5
404,84,5
404,117,1
404,516,1
404,594,5
405,84,5
405,117,1
405,516,1
405,594,5
406,84,5
406,117,1
406,516,1
406,594,5
407,84,5
407,117,1
407,516,1
407,594,5
408,84,5
408,117,1
408,516,1
408,594,5
409,84,5
409,117,1
409,516,1
409,594,5
410,84,5
410,117,1
410,442,3
410,516,1
410,594,5
411,84,5
411,117,1
411,516,1
411,594,5
412,84,5
412,117,1
412,309,1
412,516,1
412,594,5
413,78,3
413,99,5
413,104,3
413,407,5
413,413,3
413,414,3
413,421,1
413,422,1
413,472,3
413,473,5
414,10,1
414,426,5
414,573,1
415,18,3
415,19,5
415,59,5
415,78,3
415,87,3
415,99,5
415,110,5
415,117,1
415,229,3
415,260,3
415,276,5
415,337,3
415,380,3
415,422,1
415,438,5
415,442,5
415,472,3
415,475,4
415,499,3
415,554,5
415,575,3
415,591,3
416,55,3
416,80,5
416,104,3
416,115,3
416,176,4
416,276,5
416,291,3
416,415,1
416,442,3
416,472,3
416,475,3
416,514,5
416,561,3
417,64,5
417,78,4
417,97,1
417,103,3
417,115,3
417,138,5
417,218,3
417,227,5
417,260,3
417,265,3
417,384,3
417,407,5
417,409,4
417,442,3
417,475,4
417,498,5
417,552,3
417,556,3
417,604,1
418,99,3
418,260,3
418,339,5
418,435,3
418,442,3
419,141,3
419,198,1
420,20,3
420,34,5
420,71,3
420,78,1
420,87,3
420,99,5
420,176,3
420,198,1
420,251,3
420,355,1
420,407,5
420,472,3
420,475,5
420,483,5
420,516,3
420,537,5
421,16,5
421,33,5
421,55,3
421,78,4
421,99,3
421,115,5
421,176,4
421,251,3
421,260,3
421,309,1
421,357,2
421,380,3
421,448,5
421,472,3
421,481,3
421,487,1
421,499,3
421,529,3
421,569,4
421,573,4
422,20,5
422,78,1
422,80,5
422,87,3
422,99,3
422,263,1
422,413,3
422,421,4
422,472,2
422,475,5
422,510,5
422,533,3
423,24,5
423,69,3
423,78,5
423,87,5
423,89,3
423,251,5
423,300,3
423,448,3
423,472,4
423,567,5
423,592,5
424,99,3
424,104,3
424,136,3
424,176,5
424,260,3
424,339,5
424,409,1
424,421,1
424,472,4
424,498,5
425,71,5
425,462,5
425,475,5
425,498,5
426,10,1
426,78,1
426,87,5
426,90,1
426,95,4
426,99,5
426,130,1
426,141,1
426,159,3
426,165,1
426,176,3
426,186,5
426,187,5
426,251,4
426,260,4
426,263,1
426,276,5
426,284,3
426,289,1
426,334,1
426,357,1
426,380,4
426,381,1
426,382,1
426,401,5
426,434,5
426,442,4
426,466,4
426,502,5
426,517,5
426,561,4
426,562,5
426,590,1
426,610,5
427,13,1
427,46,1
427,74,5
427,78,3
427,83,5
427,87,4
427,89,3
427,93,3
427,99,3
427,104,3
427,110,5
427,117,3
427,119,5
427,140,5
427,173,5
427,176,5
427,187,5
427,222,5
427,246,1
427,276,5
427,279,1
427,287,1
427,288,4
427,300,3
427,313,5
427,343,3
427,357,3
427,409,1
427,431,4
427,434,1
427,513,5
427,516,5
427,521,3
427,530,5
427,562,3
427,567,5
427,591,5
427,592,5
427,594,5
428,71,5
428,78,5
428,99,3
428,117,1
428,118,5
428,119,3
428,150,5
428,176,1
428,209,1
428,251,3
428,259,3
428,260,3
428,276,3
428,300,3
428,376,1
428,442,1
428,481,5
428,516,5
428,564,3
428,610,5
429,8,3
429,87,3
429,187,3
430,57,1
430,357,1
431,171,3
431,259,5
432,176,5
432,380,3
432,409,5
433,16,5
433,21,3
433,64,5
433,66,5
433,71,4
433,78,5
433,89,3
433,90,3
433,91,5
433,94,5
433,95,3
433,99,3
433,104,4
433,113,5
433,117,5
433,119,5
433,130,1
433,150,4
433,152,2
433,170,5
433,174,5
433,176,5
433,195,4
433,215,1
433,220,5
433,221,4
433,222,5
433,239,5
433,243,3
433,251,3
433,259,3
433,261,1
433,276,5
433,290,1
433,340,5
433,374,5
433,398,3
433,409,4
433,442,3
433,443,5
433,472,3
433,475,4
433,481,5
433,516,3
433,528,5
433,538,5
433,565,3
433,573,1
433,594,5
434,104,4
434,561,4
435,78,1
435,481,5
436,55,3
436,59,5
436,80,5
436,99,5
436,130,1
436,176,1
436,259,3
436,266,1
436,287,5
436,407,3
436,441,5
436,472,2
437,55,3
437,59,5
437,89,3
437,99,5
437,276,5
437,292,2
437,409,3
437,422,1
437,448,3
437,472,2
437,475,5
437,514,5
437,540,1
438,107,5
438,409,5
439,24,5
439,55,3
439,89,3
439,99,5
439,223,3
439,251,5
439,253,5
439,382,1
439,475,4
439,483,3
439,502,1
439,516,5
439,532,5
439,565,3
440,99,3
440,289,1
441,420,1
441,540,1
442,71,5
442,90,5
442,236,1
443,90,3
443,99,3
444,115,5
444,174,5
445,90,5
445,176,5
446,78,3
446,99,3
446,136,5
446,162,3
446,251,4
446,287,5
446,421,3
446,475,3
446,565,4
447,409,1
447,448,3
448,111,5
448,115,3
448,420,1
449,7,1
449,16,5
449,18,4
449,20,4
449,78,3
449,83,5
449,87,5
449,93,3
449,97,4
449,99,4
449,104,5
449,173,5
449,251,3
449,259,3
449,260,3
449,286,4
449,287,3
449,374,3
449,378,4
449,380,3
449,442,3
449,472,5
449,475,5
449,516,3
449,532,4
449,537,5
449,545,5
449,594,3
450,16,5
450,20,5
450,71,5
450,83,5
450,87,5
450,99,5
450,104,5
450,222,5
450,251,5
450,288,5
450,314,3
450,316,5
450,354,4
450,374,3
450,442,3
450,475,5
450,537,5
450,545,5
450,561,4
450,605,5
451,251,5
451,605,5
452,93,5
452,442,3
453,78,5
453,99,5
454,78,5
454,99,5
455,78,5
455,99,5
455,580,5
456,20,3
456,57,5
456,78,1
456,86,3
456,95,3
456,97,5
456,99,4
456,103,3
456,104,5
456,107,3
456,113,3
456,117,3
456,127,5
456,166,5
456,176,5
456,180,3
456,182,3
456,212,1
456,217,5
456,222,5
456,239,5
456,251,3
456,253,5
456,259,5
456,260,4
456,284,3
456,328,3
456,349,3
456,355,3
456,357,4
456,367,5
456,374,3
456,380,5
456,420,3
456,441,5
456,442,3
456,472,3
456,475,3
456,500,5
456,501,1
456,506,5
456,514,5
456,516,5
456,520,5
456,521,5
456,535,3
456,562,4
457,20,5
457,78,5
457,99,3
457,104,5
457,117,3
457,127,1
457,136,3
457,141,1
457,198,1
457,201,3
457,228,3
457,236,1
457,242,5
457,249,3
457,251,5
457,258,1
457,259,3
457,260,3
457,274,1
457,357,1
457,361,3
457,362,1
457,380,5
457,434,5
457,442,3
457,481,5
457,506,1
457,530,5
457,563,4
457,592,5
458,104,1
458,481,5
459,17,3
459,20,5
459,24,5
459,29,3
459,78,3
459,87,5
459,99,3
459,104,3
459,117,5
459,119,5
459,125,3
459,176,5
459,231,5
459,259,5
459,269,5
459,276,5
459,407,1
459,409,3
459,422,1
459,442,5
459,516,2
459,523,3
459,594,5
460,74,5
460,78,3
461,300,5
461,462,5
462,24,5
462,104,4
462,117,1
462,176,3
462,182,3
462,198,1
462,231,5
462,260,1
462,269,5
462,276,1
462,337,3
462,343,1
462,372,3
462,472,3
462,475,5
462,549,3
463,18,3
463,82,5
463,84,5
463,99,3
463,115,3
463,176,3
463,198,1
463,251,4
463,259,5
463,260,3
463,272,5
463,312,5
463,321,3
463,391,1
463,469,1
463,562,1
463,565,4
464,78,1
464,535,1
465,87,5
465,481,5
466,24,3
466,57,5
466,384,3
467,41,3
467,267,5
467,286,3
468,171,1
468,442,3
469,201,3
469,355,1
469,384,3
470,107,3
470,341,5
471,12,5
471,18,3
471,20,3
471,21,1
471,25,1
471,34,1
471,57,5
471,83,5
471,90,5
471,97,4
471,99,5
471,104,1
471,107,1
471,112,5
471,113,1
471,150,3
471,152,1
471,176,4
471,198,5
471,258,3
471,260,3
471,309,1
471,322,1
471,325,3
471,328,3
471,332,3
471,357,1
471,407,5
471,432,1
471,471,3
471,481,1
471,495,5
471,497,5
471,502,5
471,516,3
471,523,5
471,544,1
471,561,1
471,568,3
471,579,3
472,25,5
472,58,5
472,59,5
472,83,5
472,99,5
472,125,1
472,176,2
472,209,1
472,352,1
472,382,1
472,409,5
472,414,1
472,439,5
472,481,1
472,505,5
473,20,5
473,41,4
473,53,5
473,78,4
473,99,5
473,222,5
473,227,5
473,296,4
473,343,3
473,429,1
473,475,5
473,554,3
473,559,2
474,3,1
474,21,3
474,47,3
474,57,5
474,59,1
474,66,5
474,78,4
474,87,5
474,99,5
474,103,5
474,104,5
474,127,5
474,140,5
474,149,1
474,173,5
474,176,5
474,179,5
474,195,3
474,198,1
474,212,1
474,231,5
474,251,4
474,259,3
474,334,5
474,339,5
474,343,3
474,357,3
474,374,5
474,380,3
474,382,1
474,384,5
474,442,1
474,446,1
474,475,5
474,481,5
474,514,5
474,516,5
474,520,5
474,544,1
474,546,5
474,556,3
474,564,5
474,577,5
474,592,5
475,119,5
475,339,5
476,6,3
476,20,3
476,141,5
476,176,3
476,251,5
476,269,5
476,380,3
476,422,1
476,445,3
476,448,5
477,78,4
477,87,4
477,130,5
477,251,4
477,409,4
477,472,4
477,475,4
477,516,3
478,43,3
478,78,3
478,99,5
478,102,5
478,104,3
478,110,3
478,117,5
478,134,3
478,136,3
478,263,1
478,424,5
478,563,3
478,565,5
479,55,3
479,71,5
479,88,4
479,90,3
479,97,2
479,99,5
479,103,3
479,176,3
479,341,5
479,380,3
479,442,1
479,472,5
479,476,3
479,560,3
480,2,3
480,27,5
480,64,5
480,78,3
480,83,5
480,89,3
480,99,5
480,119,5
480,171,1
480,176,4
480,251,3
480,259,5
480,260,3
480,272,5
480,287,3
480,295,3
480,374,2
480,415,1
480,472,3
480,516,5
480,532,5
480,562,5
480,584,3
481,78,3
481,90,3
481,99,4
481,119,3
481,176,4
481,288,5
481,517,4
482,78,5
482,88,5
482,99,5
482,125,3
482,380,3
482,409,3
482,514,5
482,516,3
482,594,3
483,7,1
483,21,3
483,78,3
483,87,5
483,89,3
483,90,3
483,97,3
483,99,3
483,104,3
483,110,3
483,152,5
483,154,3
483,158,5
483,195,3
483,251,5
483,253,3
483,260,5
483,276,5
483,285,3
483,318,3
483,325,3
483,326,3
483,336,3
483,355,3
483,380,3
483,382,1
483,384,3
483,389,3
483,407,5
483,421,3
483,442,3
483,475,4
483,481,5
483,513,1
483,516,3
483,556,3
483,559,3
483,561,5
483,565,1
483,568,3
483,573,1
483,594,3
483,611,1
484,55,3
484,78,5
484,86,3
484,97,3
484,103,3
484,104,3
484,105,3
484,117,3
484,186,5
484,195,1
484,251,3
484,260,4
484,343,5
484,380,5
484,407,5
484,422,1
484,442,3
484,480,3
484,485,5
484,490,5
484,510,3
484,516,3
484,537,5
484,571,4
485,54,5
485,71,5
485,78,4
485,83,5
485,89,1
485,99,2
485,104,3
485,110,4
485,138,5
485,148,3
485,176,3
485,251,5
485,253,3
485,260,5
485,276,5
485,281,2
485,323,4
485,326,4
485,337,3
485,380,3
485,413,5
485,422,1
485,442,3
485,448,3
485,472,1
485,475,5
485,481,3
485,532,5
485,540,5
485,559,5
485,594,3
486,30,5
486,31,5
486,53,5
486,99,5
486,176,5
486,331,3
486,357,1
486,380,3
486,475,5
486,535,5
486,568,5
487,3,1
487,10,1
487,39,4
487,51,4
487,57,1
487,67,4
487,78,3
487,90,4
487,95,3
487,97,5
487,99,4
487,104,1
487,137,5
487,141,3
487,171,4
487,176,4
487,179,4
487,182,4
487,221,4
487,233,1
487,251,4
487,272,4
487,275,2
487,276,5
487,286,4
487,348,4
487,380,4
487,434,1
487,435,1
487,442,4
487,466,3
487,468,4
487,516,4
487,535,4
487,544,1
487,561,4
487,562,4
487,571,4
487,590,1
487,592,4
488,10,5
488,55,3
488,78,4
488,99,3
488,137,4
488,166,4
488,176,3
488,182,4
488,231,4
488,263,4
488,270,4
488,272,5
488,276,1
488,384,5
488,434,5
488,475,5
488,535,4
488,560,4
488,565,4
488,592,4
488,607,1
489,99,3
489,380,4
489,565,4
490,115,3
490,276,1
490,380,5
491,99,5
491,104,1
491,276,5
491,316,5
491,382,1
492,99,5
492,572,1
493,99,4
493,286,3
493,409,1
493,422,1
494,78,3
494,89,4
494,99,4
494,104,1
494,117,5
494,119,4
494,356,3
494,394,4
494,424,5
494,475,4
494,516,5
495,25,5
495,55,3
495,78,5
495,80,5
495,87,5
495,89,5
495,94,3
495,95,5
495,99,5
495,104,5
495,141,1
495,172,3
495,176,5
495,195,1
495,198,1
495,222,3
495,233,4
495,251,5
495,259,5
495,300,3
495,380,5
495,442,3
495,444,3
495,472,3
495,516,5
495,521,3
495,542,5
495,594,2
496,107,5
496,222,5
496,251,5
496,259,5
496,260,3
496,272,3
496,380,5
496,384,3
496,407,5
496,442,3
496,563,3
496,565,3
497,24,5
497,34,3
497,46,5
497,78,1
497,93,3
497,99,4
497,138,1
497,251,4
497,300,1
497,322,1
497,481,1
497,512,1
497,572,1
498,21,5
498,78,3
498,89,3
498,90,3
498,99,3
498,107,3
498,110,3
498,113,3
498,119,3
498,141,4
498,173,3
498,176,3
498,251,3
498,259,3
498,260,3
498,368,3
498,374,3
498,380,3
498,409,1
498,475,3
498,481,4
499,276,5
499,409,5
499,442,3
500,97,3
500,99,5
500,112,5
500,117,1
500,251,3
500,260,4
500,409,5
501,41,4
501,97,3
501,99,3
501,103,4
501,104,3
501,110,3
501,112,5
501,117,3
501,176,4
501,273,5
501,408,5
501,409,1
501,442,3
501,475,3
502,52,5
502,117,1
502,409,5
503,52,5
503,117,1
503,409,5
504,52,5
504,110,3
504,117,1
504,222,5
504,409,5
505,260,3
505,270,3
506,78,3
506,110,5
506,112,5
506,117,5
506,324,4
506,389,1
506,409,5
506,442,3
507,350,1
507,380,3
508,34,3
508,99,5
508,161,1
508,193,3
508,249,3
508,355,3
508,380,3
508,391,3
508,396,3
509,20,5
509,34,3
509,90,5
509,99,5
509,104,3
509,251,2
509,380,3
509,390,5
509,562,3
510,99,3
510,276,5
510,594,5
511,99,3
511,276,5
511,407,4
511,594,5
512,310,3
512,322,5
513,52,5
513,78,3
513,251,5
513,368,1
513,380,3
513,409,5
513,532,5
514,52,5
514,78,3
514,251,5
514,368,1
514,380,3
514,409,5
514,532,5
515,218,3
515,251,5
515,368,1
515,409,5
515,532,5
516,99,3
516,251,5
516,368,1
516,409,5
516,532,5
517,409,3
518,117,5
518,409,5
519,117,5
519,409,5
520,117,5
520,409,5
521,251,5
521,276,5
521,565,5
522,251,5
522,276,5
522,565,5
523,256,5
523,502,1
524,46,5
524,78,1
524,574,1
525,248,5
525,251,5
525,382,1
525,475,3
526,248,5
526,251,5
526,382,1
526,475,3
527,78,1
527,251,5
527,382,1
527,514,5
528,78,1
528,251,5
528,382,1
528,514,5
529,256,5
529,426,5
530,99,3
530,217,1
530,251,5
530,380,3
530,409,1
530,510,5
530,516,5
531,510,5
531,545,5
532,99,5
532,482,5
532,510,5
532,525,5
533,300,4
533,510,1
533,511,4
533,561,3
534,99,5
534,176,3
534,300,5
535,99,5
535,129,1
535,154,5
535,231,5
535,256,5
535,259,3
535,357,1
535,382,1
535,384,5
536,173,5
536,382,1
536,466,3
536,510,3
537,71,5
537,99,5
537,300,5
537,409,1
537,510,1
538,107,3
538,251,3
538,355,3
539,87,3
539,99,5
539,475,5
539,563,3
540,20,5
540,24,5
540,251,5
540,262,4
540,525,5
540,562,5
541,251,5
541,262,4
541,562,5
542,57,5
542,102,5
542,262,4
542,409,1
543,78,3
543,176,3
543,251,5
543,262,4
543,442,3
543,516,1
544,20,4
544,78,5
544,99,2
544,217,1
544,262,4
544,442,3
544,472,5
544,510,3
545,78,4
545,99,5
545,251,5
545,262,4
545,442,3
546,78,5
546,99,3
546,104,3
546,176,4
546,222,4
546,251,5
546,256,5
546,262,4
546,276,5
546,353,3
546,384,4
546,386,4
546,389,4
546,394,4
546,561,3
547,20,5
547,78,3
547,97,3
547,99,3
547,130,1
547,222,4
547,262,4
547,276,5
547,498,5
548,78,3
548,87,3
548,222,4
548,243,3
548,251,5
548,260,3
548,276,5
548,281,2
548,391,3
548,409,1
548,516,5
549,64,5
549,78,3
549,99,5
549,222,4
549,251,5
549,262,4
549,276,5
549,391,1
549,442,3
549,490,5
549,592,5
550,97,3
550,99,5
550,104,3
550,222,4
550,262,4
550,276,5
550,380,3
551,222,4
551,259,3
551,262,4
551,276,5
551,442,3
551,525,5
552,78,5
552,99,3
552,176,3
552,222,4
552,262,4
552,276,5
553,78,3
553,89,3
553,222,4
553,256,5
553,262,4
553,276,5
553,348,3
553,380,3
553,481,5
553,525,5
553,565,5
554,90,3
554,99,5
554,176,3
554,259,3
554,525,5
555,90,1
555,276,5
555,462,5
555,498,5
556,97,5
556,173,5
556,187,1
556,251,5
556,259,5
556,260,3
556,409,3
557,90,4
557,99,5
557,217,1
557,256,5
557,276,5
557,357,1
557,374,3
557,442,5
557,574,1
558,256,5
558,442,3
559,78,1
559,99,5
559,251,5
559,276,5
560,78,1
560,99,5
560,251,5
560,276,5
561,97,4
561,99,5
561,182,3
561,276,5
561,380,3
561,561,4
562,99,5
562,260,5
562,300,5
563,34,1
563,97,3
563,99,5
563,119,5
563,176,1
563,186,1
563,269,5
563,409,3
563,412,1
563,442,3
563,475,5
563,535,3
563,573,1
564,59,5
564,90,1
564,99,3
564,220,5
564,259,5
564,276,3
564,384,5
564,407,5
564,472,3
564,575,3
564,582,3
565,54,3
565,71,3
565,78,5
565,84,5
565,87,3
565,93,5
565,95,3
565,99,5
565,100,1
565,104,1
565,109,3
565,176,4
565,251,3
565,260,3
565,380,3
565,409,4
565,442,3
565,448,3
565,472,5
565,475,5
565,516,5
565,565,5
565,580,5
565,611,1
566,89,3
566,93,3
566,104,5
566,115,3
566,251,3
566,300,3
566,472,3
566,485,5
566,519,5
566,605,5
567,176,4
567,251,3
567,260,5
567,309,1
568,251,3
568,260,5
569,21,3
569,34,1
569,182,3
569,380,3
569,442,4
570,161,3
570,260,3
570,394,3
571,54,5
571,248,5
571,562,3
571,592,5
572,248,5
572,475,3
573,78,3
573,177,3
573,470,3
574,19,5
574,174,5
575,195,4
575,519,5
576,59,5
576,99,3
576,384,5
576,409,1
576,514,5
576,592,5
577,59,5
577,99,3
577,384,5
577,409,1
577,514,5
577,592,5
578,99,3
578,592,5
579,176,4
579,251,3
580,110,5
580,127,5
580,355,1
581,90,5
581,173,5
581,174,5
581,442,3
581,481,5
582,222,5
582,573,1
583,99,5
583,103,3
583,235,5
583,382,1
584,87,4
584,173,5
584,420,1
585,78,5
585,357,5
585,380,3
586,24,5
586,259,3
587,78,1
587,176,4
588,288,3
588,573,4
589,96,3
589,99,3
589,103,3
589,251,4
589,472,2
589,606,4
590,99,5
590,117,1
590,248,5
590,368,1
591,84,5
591,90,1
591,110,3
591,198,1
591,201,3
591,396,3
591,421,1
592,71,5
592,251,5
592,535,4
593,57,5
593,78,1
593,87,5
593,99,5
593,104,1
593,110,5
593,115,3
593,161,1
593,176,3
593,182,1
593,222,5
593,231,5
593,246,1
593,251,5
593,271,5
593,380,3
593,409,5
593,472,3
593,510,1
593,516,5
593,544,1
593,555,3
593,561,5
594,33,3
594,46,5
594,78,3
594,104,3
594,343,1
594,382,1
594,462,5
595,71,3
595,78,3
595,99,5
595,176,5
595,260,1
596,239,3
596,251,5
596,561,3
597,462,5
597,516,5
597,573,1
598,24,5
598,90,1
598,99,3
598,176,3
598,380,3
598,426,5
598,502,5
598,510,3
598,516,5
598,562,3
598,591,3
599,286,1
599,382,1
600,123,3
600,173,5
600,176,5
600,220,5
600,260,5
600,300,4
600,312,5
600,346,5
600,409,1
600,502,5
601,104,3
601,182,3
602,263,1
602,444,1
602,472,5
603,24,5
603,493,5
604,20,3
604,34,1
604,55,3
604,57,5
604,78,5
604,87,3
604,89,3
604,90,3
604,99,3
604,104,3
604,115,3
604,136,3
604,176,3
604,198,3
604,259,3
604,260,1
604,337,3
604,442,3
604,609,5
605,251,5
605,475,3
606,90,1
606,99,5
606,104,3
606,176,4
606,226,1
606,260,3
606,327,3
606,505,5
607,231,3
607,409,1
607,568,3
608,99,1
608,127,5
608,220,5
608,251,5
608,313,3
608,448,3
608,502,5
609,109,3
609,382,1
609,565,5
610,87,3
610,176,5
610,309,1
611,59,5
611,185,1
611,235,5
611,498,5
612,18,3
612,71,5
612,92,3
612,136,3
612,176,5
612,251,5
612,382,1
612,516,3
613,33,3
613,99,3
613,286,3
613,382,1
614,78,4
614,88,3
614,176,4
614,481,5
615,78,4
615,117,5
615,152,3
615,251,4
615,322,3
615,380,5
616,78,4
616,90,4
616,99,4
616,107,4
616,155,3
616,176,4
616,300,3
616,331,3
616,380,4
616,382,1
616,442,3
616,523,4
616,561,4
617,99,5
617,260,4
617,380,3
618,382,1
618,502,4
619,176,3
619,259,5
619,357,1
619,382,1
620,34,3
620,78,4
620,220,5
620,326,4
620,435,4
620,516,3
620,532,3
621,380,3
621,421,1
622,21,2
622,29,3
622,99,4
622,173,5
622,357,2
622,382,1
622,502,5
623,99,3
623,273,5
623,355,3
623,516,3
624,388,3
624,462,5
624,571,4
624,592,3
625,20,3
625,442,3
626,99,3
626,173,5
626,176,3
626,251,3
626,260,3
626,382,1
626,398,3
626,475,5
626,523,5
626,561,4
627,182,3
627,251,4
627,288,5
627,442,3
628,78,1
628,95,5
628,99,5
628,104,1
628,117,1
628,176,5
628,221,5
628,247,1
628,251,3
628,355,3
628,409,1
628,413,1
628,414,1
628,420,1
628,426,5
628,475,5
628,481,5
629,24,5
629,87,4
629,251,1
630,97,5
630,176,1
630,250,5
630,269,5
630,481,1
630,516,1
631,78,5
631,99,5
631,117,3
631,173,5
631,251,5
631,287,1
631,313,5
631,374,5
631,380,4
631,382,1
631,384,5
631,421,3
631,442,3
631,475,3
631,516,5
631,573,1
631,574,1
631,577,5
631,600,5
632,46,5
632,78,3
632,97,3
632,104,3
632,110,5
632,129,5
632,173,5
632,176,3
632,251,5
632,337,5
632,380,3
632,475,4
632,481,3
632,523,5
632,524,5
633,420,3
633,516,3
634,78,3
634,102,5
634,107,5
635,107,3
635,150,4
635,409,5
635,442,3
635,475,3
636,46,5
636,99,3
636,137,1
636,481,1
637,141,3
637,260,3
637,300,4
637,382,1
637,521,3
638,35,1
638,67,5
638,78,5
638,84,5
638,97,5
638,99,3
638,176,3
638,201,3
638,251,5
638,290,1
638,343,1
638,380,5
638,381,5
638,382,1
638,409,3
638,442,5
638,561,5
638,573,1
639,71,5
639,115,5
639,123,3
639,137,1
639,580,5
639,584,3
640,251,5
640,592,5
641,292,2
642,382,1
642,475,5
642,516,3
643,113,1
643,267,5
643,516,3
644,71,5
644,355,1
645,19,3
645,141,1
645,167,3
645,472,3
645,523,5
646,97,3
646,99,4
646,117,3
646,137,1
646,176,4
646,409,1
646,472,3
647,97,3
647,475,5
648,421,1
648,521,3
649,20,5
649,24,5
649,99,5
649,260,5
649,276,5
649,535,3
649,564,5
650,87,1
650,99,5
651,3,1
651,59,5
651,70,3
651,78,3
651,176,1
651,251,1
651,322,5
651,368,1
651,380,5
651,462,1
651,472,5
651,481,3
651,516,3
652,20,3
652,24,5
652,99,5
652,117,1
652,355,3
652,499,3
652,561,5
653,99,3
653,339,5
653,382,1
653,560,3
654,251,5
654,382,1
655,190,4
655,462,5
656,266,3
656,343,1
656,352,1
656,380,3
656,420,1
656,434,1
657,78,5
657,251,5
657,260,3
657,472,3
658,104,5
658,382,1
659,15,5
659,41,1
659,55,5
659,244,1
659,259,3
659,286,1
659,343,1
659,355,2
659,380,5
659,409,5
659,475,5
659,481,3
659,601,3
660,59,1
660,71,1
660,78,5
660,81,5
660,96,3
660,99,4
660,129,2
660,155,5
660,343,1
660,355,1
660,357,2
660,381,1
660,382,1
660,440,3
661,65,5
661,412,1
661,520,5
662,90,5
662,348,3
662,384,3
662,409,1
662,472,4
662,514,5
663,130,1
663,472,3
664,98,5
664,198,1
664,357,1
664,520,5
665,78,5
665,317,5
666,17,3
666,18,3
666,87,5
666,99,5
666,229,3
666,263,1
666,380,5
666,431,1
666,514,5
666,523,5
666,554,5
667,78,3
667,83,5
667,90,3
667,99,5
667,104,3
667,226,2
667,251,3
667,260,3
667,322,5
667,409,3
667,469,5
667,472,3
667,516,3
667,520,5
667,562,4
668,78,4
668,90,1
669,85,1
669,562,3
670,78,1
670,90,1
671,20,5
671,25,4
671,74,5
671,76,3
671,78,3
671,87,3
671,88,3
671,97,3
671,99,3
671,104,5
671,110,3
671,113,3
671,117,1
671,125,3
671,127,5
671,176,3
671,195,5
671,220,5
671,251,3
671,259,5
671,260,5
671,291,5
671,318,3
671,326,3
671,374,4
671,380,4
671,409,3
671,442,5
671,445,5
671,449,3
671,475,3
671,481,5
671,483,4
671,516,1
671,540,5
671,561,3
671,582,5
672,24,5
672,31,5
672,59,5
672,64,5
672,78,2
672,83,5
672,99,3
672,104,3
672,117,1
672,166,5
672,176,3
672,226,1
672,251,3
672,253,5
672,259,5
672,260,3
672,380,3
672,409,3
672,413,5
672,447,5
672,448,5
672,452,3
672,483,3
672,502,5
672,540,5
672,582,5
672,594,4
673,24,5
673,31,5
673,59,5
673,64,5
673,78,2
673,83,5
673,99,3
673,104,3
673,127,5
673,166,5
673,176,3
673,226,1
673,251,3
673,253,5
673,259,5
673,260,3
673,380,3
673,409,3
673,413,5
673,447,5
673,452,3
673,483,3
673,540,5
673,582,5
673,594,4
674,24,5
674,31,5
674,59,5
674,64,5
674,78,2
674,83,5
674,99,3
674,104,3
674,166,5
674,176,3
674,226,1
674,251,3
674,253,5
674,259,5
674,260,3
674,380,3
674,409,3
674,413,5
674,447,5
674,452,3
674,483,3
674,540,5
674,582,5
674,594,3
675,34,3
675,53,3
675,71,5
675,78,1
675,99,5
675,104,5
675,138,5
675,176,5
675,222,5
675,235,3
675,281,4
675,312,3
675,339,5
675,348,3
675,350,1
675,384,5
675,390,5
675,442,3
675,475,3
675,481,5
675,516,1
675,594,5
676,99,3
676,335,5
677,46,5
677,78,1
677,99,1
677,544,3
678,67,1
678,71,5
678,78,3
678,87,5
678,88,3
678,99,5
678,161,3
678,176,5
678,182,3
678,222,5
678,231,3
678,286,1
678,355,2
678,409,5
678,431,1
678,442,5
678,500,5
678,523,5
678,560,3
679,24,5
679,28,3
679,75,1
679,87,5
679,99,5
679,150,4
679,251,1
679,272,5
679,312,3
679,481,3
679,573,1
680,141,1
680,268,1
680,287,5
680,573,1
681,78,3
681,99,3
681,110,4
681,117,1
681,176,5
681,251,5
681,535,1
682,88,3
682,99,5
682,104,3
683,41,4
683,78,3
683,99,5
683,182,1
683,523,5
683,554,5
684,20,5
684,34,3
684,198,1
684,312,5
684,409,5
684,567,5
685,31,5
685,260,5
685,409,3
685,442,2
686,382,1
686,409,4
687,88,3
687,250,3
687,259,5
688,78,5
688,198,1
688,208,5
688,472,3
689,78,3
689,217,5
689,222,5
689,259,5
689,260,3
689,273,5
689,380,3
689,475,3
690,30,5
690,31,5
690,53,5
690,78,3
690,104,3
690,113,3
690,176,3
690,251,5
690,269,5
690,322,1
690,326,3
690,415,1
690,421,3
690,562,3
691,115,3
691,292,3
692,99,3
692,307,3
693,34,1
693,90,3
693,99,1
693,113,1
693,161,1
693,176,1
693,259,5
693,272,4
693,288,5
693,290,1
693,428,1
693,442,3
693,448,3
693,481,1
693,502,5
693,510,1
693,516,5
693,562,3
694,30,5
694,53,5
694,75,1
694,78,3
694,87,5
694,173,5
694,176,1
694,380,5
694,390,5
694,396,3
694,475,5
694,601,3
695,78,5
695,90,1
695,99,5
696,57,1
696,78,5
696,176,3
697,6,3
697,20,3
697,34,3
697,35,1
697,53,3
697,55,3
697,71,3
697,78,5
697,86,5
697,87,2
697,88,3
697,95,3
697,97,3
697,99,5
697,102,3
697,104,5
697,107,1
697,110,3
697,111,5
697,126,5
697,131,3
697,136,5
697,146,5
697,150,1
697,176,2
697,195,3
697,199,3
697,207,3
697,220,5
697,239,3
697,251,4
697,253,5
697,259,4
697,260,5
697,279,3
697,312,4
697,314,4
697,338,3
697,343,4
697,352,2
697,357,3
697,368,3
697,380,5
697,390,5
697,407,5
697,409,1
697,421,3
697,439,5
697,442,5
697,469,5
697,472,4
697,475,3
697,481,5
697,483,3
697,502,5
697,505,5
697,516,4
697,521,4
697,535,1
697,540,4
697,556,4
697,557,5
697,565,3
697,569,1
697,571,5
697,582,5
697,611,5
698,34,3
698,69,5
698,76,5
698,78,3
698,117,2
698,141,3
698,173,3
698,176,5
698,212,5
698,221,5
698,251,2
698,259,3
698,260,3
698,380,5
698,385,5
698,389,3
698,409,4
698,420,2
698,440,3
698,442,2
698,448,5
698,475,4
698,540,5
698,562,3
698,565,2
698,594,2
698,611,1
698,614,1
699,34,1
699,69,5
699,76,5
699,78,3
699,141,3
699,173,3
699,176,5
699,221,5
699,251,2
699,259,3
699,260,3
699,380,5
699,385,5
699,389,1
699,440,3
699,442,2
699,448,5
699,540,5
699,562,3
699,594,5
699,611,2
699,614,1
700,34,3
700,69,5
700,76,5
700,78,5
700,104,2
700,117,2
700,141,3
700,173,3
700,176,5
700,221,5
700,251,2
700,259,3
700,380,5
700,385,5
700,389,3
700,420,2
700,442,2
700,448,5
700,540,5
700,565,2
700,594,2
700,611,1
700,614,1
701,78,3
701,99,1
701,104,5
701,251,5
701,343,5
701,351,1
701,352,1
701,385,3
701,476,1
701,601,1
702,57,4
702,78,4
702,80,2
702,90,5
702,99,3
702,124,3
702,141,3
702,152,3
702,173,5
702,176,3
702,253,5
702,254,3
702,312,5
702,343,3
702,348,1
702,352,3
702,355,2
702,384,3
702,386,3
702,391,1
702,442,3
702,448,3
702,460,3
702,472,4
702,516,5
702,532,5
702,569,5
703,34,3
703,78,5
703,99,3
703,248,5
704,3,1
704,4,4
704,10,4
704,13,1
704,18,3
704,34,3
704,53,3
704,55,5
704,58,3
704,71,1
704,78,4
704,89,3
704,90,3
704,99,3
704,104,5
704,105,1
704,107,4
704,110,3
704,116,3
704,130,1
704,173,5
704,174,5
704,176,5
704,182,3
704,195,3
704,198,1
704,212,1
704,231,5
704,251,3
704,260,3
704,276,5
704,291,3
704,300,1
704,306,3
704,321,3
704,325,5
704,327,3
704,343,1
704,345,4
704,352,1
704,355,3
704,359,3
704,379,3
704,384,5
704,390,3
704,394,1
704,396,1
704,421,5
704,434,5
704,435,4
704,442,5
704,469,3
704,472,4
704,514,5
704,516,5
704,535,3
704,540,1
704,542,5
704,573,1
704,598,3
704,604,1
705,24,5
705,59,1
705,64,5
705,78,1
705,99,5
705,117,5
705,173,4
705,174,5
705,176,2
705,226,1
705,259,3
705,276,1
705,280,3
705,281,4
705,343,1
705,345,5
705,352,3
705,354,1
705,355,3
705,361,3
705,380,1
705,384,1
705,385,1
705,386,4
705,389,1
705,392,1
705,393,3
705,396,5
705,407,3
705,413,5
705,420,1
705,426,3
705,427,4
705,430,5
705,434,1
705,442,5
705,448,5
705,472,5
705,475,4
705,481,3
705,516,5
705,540,5
705,542,5
705,565,5
705,582,5
705,594,5
706,24,5
706,59,1
706,64,5
706,78,3
706,99,1
706,117,5
706,174,5
706,176,5
706,259,3
706,276,1
706,343,1
706,354,1
706,355,3
706,361,3
706,384,1
706,385,1
706,389,1
706,392,1
706,396,5
706,407,3
706,413,5
706,426,3
706,430,5
706,434,1
706,442,4
706,448,5
706,475,3
706,516,5
706,540,5
706,542,5
706,565,5
706,582,5
706,594,5
707,71,4
707,76,5
707,78,3
707,99,4
707,104,3
707,115,5
707,116,5
707,163,5
707,176,5
707,231,3
707,251,1
707,259,3
707,260,3
707,276,1
707,317,5
707,407,5
707,442,5
707,448,5
707,475,5
707,505,5
707,510,5
707,540,5
707,559,2
707,561,3
707,565,5
707,605,5
708,26,3
708,34,1
708,53,3
708,57,5
708,58,3
708,59,5
708,66,3
708,71,5
708,73,3
708,78,4
708,84,5
708,90,5
708,97,4
708,99,2
708,103,3
708,104,5
708,107,5
708,110,3
708,117,1
708,150,4
708,173,5
708,174,5
708,176,5
708,198,1
708,215,1
708,231,5
708,251,5
708,253,5
708,258,4
708,259,3
708,260,5
708,263,1
708,276,1
708,318,3
708,337,5
708,339,5
708,341,3
708,376,1
708,380,3
708,384,5
708,396,1
708,401,5
708,409,4
708,430,5
708,442,5
708,448,5
708,450,5
708,455,3
708,472,3
708,475,1
708,505,1
708,510,1
708,514,5
708,516,5
708,561,4
708,563,3
708,588,5
708,590,1
708,591,1
708,610,5
709,520,5
709,562,3
710,71,5
710,98,3
710,99,3
710,407,5
711,34,3
711,380,4
712,97,4
712,251,4
712,290,1
713,87,3
713,90,1
713,97,5
713,99,1
713,104,3
713,110,3
713,182,3
713,279,3
713,380,5
714,21,3
714,78,3
714,99,3
714,107,3
714,110,3
714,113,4
714,141,5
714,251,3
714,315,1
714,516,3
714,568,5
715,24,5
715,69,5
715,87,1
715,99,5
715,287,3
715,331,4
715,444,1
716,99,5
716,357,1
717,17,3
717,89,3
717,380,1
718,16,5
718,20,4
718,59,5
718,98,5
718,104,3
718,147,5
718,176,3
718,251,5
718,259,5
718,260,3
718,272,5
718,288,5
718,292,2
718,380,5
718,481,5
718,510,5
718,516,3
719,18,3
719,21,5
719,71,5
719,78,5
719,87,1
719,88,3
719,89,5
719,90,3
719,91,5
719,95,3
719,99,5
719,100,5
719,104,3
719,107,4
719,110,5
719,113,3
719,115,3
719,116,5
719,117,3
719,127,3
719,130,1
719,134,3
719,138,5
719,174,5
719,176,5
719,198,3
719,202,3
719,221,5
719,230,5
719,251,3
719,260,4
719,288,5
719,294,4
719,322,3
719,340,5
719,355,1
719,365,3
719,368,3
719,380,5
719,389,5
719,407,3
719,420,3
719,442,5
719,472,3
719,475,5
719,478,3
719,481,3
719,516,5
719,529,3
719,531,5
719,543,4
719,560,3
719,562,3
719,568,3
719,594,5
720,34,3
720,43,3
720,78,5
720,90,3
720,99,5
720,104,5
720,150,3
720,161,1
720,198,3
720,223,3
720,231,3
720,233,4
720,253,5
720,260,3
720,276,5
720,300,5
720,302,4
720,331,5
720,380,3
720,395,5
720,409,3
720,434,5
720,440,3
720,442,5
720,453,4
720,469,5
720,471,4
720,475,3
720,510,1
720,516,5
720,521,3
720,535,3
720,540,5
721,9,3
721,10,1
721,21,3
721,55,3
721,71,5
721,78,5
721,86,5
721,87,3
721,89,3
721,90,3
721,99,5
721,109,5
721,110,3
721,124,3
721,126,5
721,136,2
721,141,3
721,163,5
721,176,5
721,186,5
721,208,5
721,221,3
721,222,5
721,231,3
721,251,2
721,272,5
721,286,1
721,331,3
721,348,3
721,363,1
721,368,3
721,380,5
721,382,1
721,409,1
721,420,3
721,434,5
721,439,5
721,442,5
721,448,5
721,481,5
721,516,3
721,517,5
721,565,3
721,572,1
721,578,3
721,594,5
722,16,5
722,46,5
722,89,3
722,90,5
722,99,3
722,127,5
722,163,5
722,174,5
722,176,3
722,222,5
722,231,5
722,260,5
722,310,5
722,313,5
722,420,1
722,422,1
722,462,1
722,475,5
722,537,5
722,565,3
722,572,5
722,594,5
