1	0.098793363	0.15271967	0.27725915	0.13035019	0.09939759	0.22553925	0.088010204	0.13357518	0	0.12730627	0.11921708	0.34647299	0.091029024	0.13876168	0.24434794	0.1	0	0.086157057	0.16046512	0	0.38274785	0.3204695	0	0.18270791	0.13803429	0	0.16223877	0	0.31053108	0.11694915	0	0.20489872	0	0.17535545	0.13476658	0.51025207	0.56096092	0.11841219	0.17617253	0	0	0.085677749	0.13464244	0.12897527	0.093837535	0.14503952	0.27189712	0	0.14530592	0.1216048	0.12453532	0	0	0.10927959	0.13773585	0	0.096100279	0	0.22039813	0	0	0	0.13765182	0.14954192	0.18016824	0.11201299	0.099702381	0	0	0.102526	0.085677749	0	0	0	0.12915129	0.17298578	0	0	0	0.096117688	0	0.16779729	0.13529412	0.16832477	0.1911659	0	0.1886009	0.11237785	0.097922849	0.31053108	0.087341772	0	0.10523711	0.13529412	0	0.15849896	0	0.11754386	0.15883568	0	0	0.40538815	0	0	0.17019782	0	0.15145228	0	0.17560248	0.34647299	0	0	0	0	0.098793363	0	0	0.13529412	0.17617253	0	0	0	0	0.15956203	0.16079295	0	0	0.20489872	0.14435146	0	0.19486622	0.18757619	0	0	0.13508065	0	0	0	0.089430894	0	0	0	0	0	0.17617253	0	0	0	0.18780815	0.80339399	0.12453532	0.20489872	0.28058156	0.12835249	0	0.16262763	0.11982563	0	0.24468021	0.11386139	0.14644351	0	0.12137681	0	0.14546888	0	0.12365591	0.30730953	0.24468021	0	0	0.083737864	0.14001883	0.13476658	0.17617253	0.097633136	0.097615499	0.17617253	0.20489872	0	0	0	0.18757619	0	0	0.34647299	0	0	0	0	0.17617253	0	0	0.08625	0.13877551	0.17652826	0	0.14001883	0.11279461	0	0.15271967	0.15067732	0.15352697	0.20489872	0.17617253	0	0	0.14086976	0.15380863	0.12835249	0	0	0	0	0.17020908	0.44552795	0.080432393	0.075031648	0	0	0	0	0.1886009	0	0.17019782	0.18479586	0.23757121	0.18016824	0.11486011	0.1886009	0.1627907	0	0	0.17617253	0.12020906	0	0	0.17535545	0.1911659	0	0.31053108	0.15016259	0.28680269	0	0.12352954	0	0	0.18016824	0.16079295	0.18479586	0.20489872	0.15789068	0	0	0	0	0.15291878	0.24127861	0	0.12730627	0.12730627	0.12639405	0	0	0	0.075574368	0.18565628	0	0	0.1911659
0.098793363	1	0.18983924	0.15591398	0.14508487	0.8766193	0.13674322	0.10273978	0.23441138	0	0.1491532	0	0.11064892	0.1069566	0.13015401	0.139413	0.10986501	0	0.080709921	0	0	0.10862355	0	0	0	0.10587326	0	0.11709402	0	0.10826446	0.29021819	0	0.1448203	0	0	0.10761589	0.12564991	0.10862355	0.10917719	0.13064833	0	0	0.096744248	0.12738295	0	0.10590456	0	0.094482759	0	0.1104	0.11380137	0	0	0	0.10315875	0	0.20473709	0	0	0	0	0	0	0	0.11290323	0.13674322	0.10394537	0	0	0	0	0.096744248	0	0	0	0	0.21246861	0	0	0.10651828	0	0	0.16283223	0.45582671	0.12818004	0.14011516	0	0	0.47855037	0.10574754	0.10826446	0.10355124	0	0.094227537	0.32963608	0	0.14326701	0	0.13150234	0	0	0	0.11551433	0	0.27163093	0.12666667	0	0.18787973	0	0.13541667	0.11064892	0	0	0	0	0.84109218	0	0	0.32963608	0.13064833	0	0	0	0.23390744	0.12242991	0.30575517	0.23976324	0	0.1448203	0	0	0.19317698	0	0	0	0	0	0	0	0.097210922	0	0	0	0	0.24212621	0.13064833	0	0	0.12310287	0	0.11139028	0.13858416	0.1448203	0.1448203	0.14262551	0	0.12428843	0.094244604	0.12169312	0	0	0	0	0	0	0.11234991	0	0.14501183	0.091946309	0	0	0	0	0.10934891	0.10761589	0.13064833	0.1051802	0.9849597	0.13064833	0.1448203	0	0	0	0	0	0	0.11064892	0	0	0	0.29731315	0.13064833	0	0.14587738	0.10071352	0	0	0	0.10934891	0.12717333	0	0.21384876	0.12965765	0	0.1448203	0.13064833	0	0.12829525	0.12916733	0.12037037	0.14262551	0	0	0	0	0.12666667	0.11139028	0	0.062671546	0	0	0	0	0.139413	0	0.12666667	0.13147793	0.15591398	0.13674322	0.091608392	0.139413	0	0	0	0.13064833	0	0	0	0	0.14011516	0	0.10826446	0	0.10708402	0	0.11394086	0	0	0.13674322	0.19944763	0.13147793	0.1448203	0	0	0	0	0	0.11590525	0.14182084	0	0.31361777	0.1491532	0	0	0	0	0	0.13915547	0.17521281	0	0
0.15271967	0.18983924	1	0.28571429	0.30285224	0.19667328	0.24829932	0.16986904	0.23613559	0	0.29976953	0	0.17788462	0.17953877	0.25071099	0.25342466	0.20030564	0	0.13173435	0	0.21972038	0.17464115	0	0	0	0.16450216	0	0.19	0	0.17380952	0.26360676	0	0.26388889	0	0	0.17303103	0.20408163	0.17464115	0.19697852	0.22839506	0	0	0.16372386	0	0	0.18541665	0	0.14074074	0	0	0.20224534	0	0	0	0.17765096	0	0	0.12152778	0	0	0	0	0	0	0.18316832	0.24829932	0.16033755	0.1675481	0	0	0.13559322	0.16372386	0	0	0	0	0.49869397	0.40812554	0	0	0	0	0.33965142	0.32806165	0.22392638	0	0	0	0.24521199	0.18827659	0.17380952	0.1724264	0	0.16095245	0.32806165	0	0.2995222	0	0.25611871	0	0	0.39062655	0.18627451	0	0	0.21764706	0	0.94110408	0	0.24576271	0.17788462	0	0	0	0	0.18983924	0	0	0.32806165	0.22839506	0	0	0	0	0.20857143	0.44404536	0	0	0.26388889	0	0	0.41521132	0	0	0	0	0	0	0	0.16798618	0	0	0	0	0	0.22839506	0	0	0	0.26990398	0.17961165	0.27810354	0.26388889	0.26388889	0.29216661	0	0.21345029	0.14313725	0	0	0.22280076	0	0	0	0.39062655	0.18341709	0	0.28505296	0.13571429	0	0	0	0	0.1763285	0.17303103	0.22839506	0.18679483	0.18632707	0.22839506	0.26388889	0	0	0	0	0	0	0.17788462	0	0	0	0	0.22839506	0	0	0.1654861	0	0	0	0.1763285	0.24485503	0	0.23809524	0.24763752	0.29805725	0.26388889	0.22839506	0	0	0.24310111	0.20422535	0.29216661	0	0	0	0	0.21764706	0.17961165	0	0.083700441	0	0	0	0.35456982	0.25342466	0	0.21764706	0.22619048	0.28571429	0.24829932	0.13773585	0.25342466	0	0	0	0.22839506	0	0	0	0	0	0	0.17380952	0	0.17180095	0	0.20402675	0	0	0.24829932	0.44404536	0.22619048	0.26388889	0	0	0	0	0	0.18719212	0.28246006	0	0.29976953	0.29976953	0	0	0	0	0	0.23809524	0	0	0
0.27725915	0.15591398	0.28571429	1	0.23417722	0.15665236	0.63379903	0.12969283	0.26548577	0	0.22093023	0	0.29267764	0.13571429	0.19680851	0.72276402	0.15800866	0	0.14209877	0	0	0.33158802	0	0	0	0.26781112	0	0.34112821	0	0.27505841	0.19387755	0	0.58783712	0	0	0.27278448	0.39342188	0.33158802	0.22090243	0.44701843	0	0	0.12671233	0	0	0.14341085	0	0.23312823	0	0	0.1557377	0	0	0	0.19281312	0	0	0	0	0	0	0	0	0	0.31499748	0.48104691	0.18181818	0	0	0	0	0.12671233	0	0	0	0	0.35714286	0	0	0	0	0	0.39353084	0.24358974	0.41713024	0	0	0	0.18269231	0.15336134	0.27505841	0.12837838	0	0.18185977	0.24358974	0	0.35973694	0	0.19892473	0	0	0	0.3259543	0	0	0.4109591	0	0.28169014	0	0.4564228	0.29267764	0	0	0	0	0.15591398	0	0	0.24358974	0.44701843	0	0	0	0	0.36831353	0.3125	0	0	0.58783712	0	0	0.29411765	0	0	0	0	0	0	0	0.13518519	0	0	0	0	0	0.44701843	0	0	0	0	0.3764683	0.21764706	0.58783712	0.87278945	0.22839506	0	0.3861389	0.22582679	0	0	0	0	0	0	0	0.31094005	0	0.21111111	0.22303365	0	0	0	0	0.28754334	0.27278448	0.44701843	0.15271967	0.15327696	0.44701843	0.58783712	0	0	0	0	0	0	0.29267764	0	0	0	0	0.44701843	0	0	0.12624585	0	0	0	0.28754334	0.18686869	0	0.28571429	0.29788112	0	0.58783712	0.44701843	0	0	0.19	0.34535072	0.22839506	0	0	0	0	0.41116435	0.3764683	0	0.11790742	0	0	0	0	0.52052065	0	0.4109591	0.4535057	0.71030992	0.48104691	0.21096804	0.52052065	0	0	0	0.44701843	0	0	0	0	0	0	0.27505841	0	0.26515545	0	0.22897803	0	0	0.48104691	0.3125	0.4535057	0.58783712	0	0	0	0	0	0.31757798	0.34506549	0	0.22093023	0.22093023	0	0	0	0	0	0.45835946	0	0	0
0.13035019	0.14508487	0.30285224	0.23417722	1	0.15115784	0.2030303	0.13422106	0.18107923	0	0.22886071	0.26717496	0.15044248	0.14175137	0.1912786	0.20731707	0.15397846	0	0.10289645	0	0	0.14757709	0	0	0	0.14056225	0	0.16055046	0	0.14692982	0.20368931	0	0.21604938	0	0	0.14615385	0.1728972	0.14757709	0.15130532	0.18888889	0	0	0.12810591	0	0	0.14428234	0	0.12152778	0	0	0.1577158	0	0	0	0.1390666	0	0	0	0	0	0	0	0	0	0.15454545	0.2030303	0.1372549	0	0	0.37307341	0	0.12810591	0	0	0	0	0.36616315	0	0	0	0	0.27589703	0.25633752	0.24805657	0.18508287	0	0	0	0.19047696	0.14452536	0.14692982	0.13664555	0	0.12488995	0.24805657	0	0.52355807	0	0.1952123	0	0	0	0.15765766	0.19047619	0	0.18085106	0	0.2954433	0	0.20090634	0.15044248	0	0	0	0	0.14508487	0	0	0.24805657	0.18888889	0	0.28790557	0	0	0.17357513	0.33192079	0	0	0.21604938	0	0	0.31384513	0	0	0	0	0	0	0	0.12983762	0	0	0	0	0	0.18888889	0	0	0.2950481	0	0.15178571	0.21043622	0.21604938	0.21604938	0.22007948	0	0.17724868	0.12271062	0	0	0	0	0	0	0	0.15437788	0	0.21871262	0.11744966	0	0.31308446	0	0	0.14888889	0.14615385	0.18888889	0.14334568	0.14248033	0.18888889	0.21604938	0	0	0	0	0	0	0.15044248	0	0	0	0	0.18888889	0	0	0.13090393	0	0	0	0.14888889	0.38551535	0	0.19892473	0.18958641	0	0.21604938	0.18888889	0	0	0.18715455	0.17007673	0.22007948	0	0	0	0	0.18085106	0.15178571	0	0.074152542	0	0.33680178	0	0	0.20731707	0	0.18085106	0.18817204	0.23417722	0.2030303	0.11837456	0.20731707	0	0	0	0.18888889	0	0	0	0	0	0	0.14692982	0	0.14519651	0	0.15763517	0	0	0.2030303	0.33192079	0.18817204	0.21604938	0	0	0	0	0	0.15837104	0.29975735	0	0.22886071	0.22886071	0	0	0	0	0	0.19892473	0	0	0
0.09939759	0.8766193	0.19667328	0.15665236	0.15115784	1	0.1375	0.10539682	0.2602969	0	0.15508063	0	0.11129568	0.10994785	0.13494663	0.14016736	0.11374896	0	0.082870554	0	0	0.10927152	0	0	0	0.10648148	0	0.11774744	0	0.10891089	0.32164836	0	0.14556962	0	0	0.10826446	0.12629758	0.10927152	0.11276591	0.13137255	0	0	0.099664837	0.134075	0	0.10934702	0	0.095041322	0	0.11182109	0.1176983	0	0	0	0.10656934	0	0.22700057	0	0	0	0	0	0	0	0.11355932	0.1375	0.10454545	0	0	0	0	0.099664837	0	0	0	0	0.22067403	0	0	0.10793651	0	0	0.16913734	0.53743018	0.12890625	0.14176245	0	0	0.55228919	0.10894726	0.10891089	0.10656169	0	0.097050797	0.36823683	0	0.14900752	0	0.1365453	0	0	0	0.11616162	0	0.32145715	0.12737643	0	0.19435944	0	0.13617464	0.11129568	0	0	0	0	0.8766193	0	0	0.36823683	0.13137255	0	0	0	0.27224239	0.12313433	0.34273211	0.2791612	0	0.14556962	0	0	0.2004045	0	0	0	0	0	0	0	0.10008512	0	0	0	0	0.26651826	0.13137255	0	0	0.12457912	0	0.11204013	0.14401779	0.14556962	0.14556962	0.14836724	0	0.125	0.094827586	0.12323944	0	0	0	0	0	0	0.1130137	0	0.15059684	0.092493298	0	0	0	0	0.11	0.10826446	0.13137255	0.10829827	0.84102719	0.13137255	0.14556962	0	0	0	0	0	0	0.11129568	0	0	0	0.34478996	0.13137255	0	0.14767932	0.10328597	0	0	0	0.11	0.13216544	0	0.23241632	0.13450028	0	0.14556962	0.13137255	0	0.12982456	0.13384306	0.12107209	0.14836724	0	0	0	0	0.12737643	0.11204013	0	0.063071298	0	0	0	0	0.14016736	0	0.12737643	0.13218391	0.15665236	0.1375	0.092178771	0.14016736	0	0	0	0.13137255	0	0	0	0	0.14176245	0	0.10891089	0	0.10773026	0	0.11754898	0	0	0.1375	0.20712099	0.13218391	0.14556962	0	0	0	0	0	0.11655405	0.14736424	0	0.34948756	0.15508063	0	0	0	0	0	0.13984674	0.1854052	0	0
0.22553925	0.13674322	0.24829932	0.63379903	0.2030303	0.1375	1	0.115	0.20149283	0	0.19273743	0	0.22217294	0.12020906	0.17179487	0.92809332	0.13865546	0	0.10931526	0	0	0.35061656	0	0	0	0.20546089	0	0.26034238	0	0.20726794	0.16995074	0	0.40620921	0	0	0.20468368	0.30541419	0.26724936	0.16836167	0.32229826	0	0	0.11204013	0	0	0.12641509	0	0.181842	0	0	0.1374502	0	0	0	0.14900287	0	0	0	0	0	0	0	0	0	0.23781359	0.34225325	0.15972222	0	0	0	0	0.11204013	0	0	0	0	0.30672269	0	0	0	0	0	0.29085719	0.21165644	0.30246083	0	0	0	0.16046512	0.13469388	0.20726794	0.11386139	0	0.14058504	0.21165644	0	0.26681903	0	0.17357513	0	0	0	0.2500179	0	0	0.30088974	0	0.24496644	0	0.32763177	0.22217294	0	0	0	0	0.13674322	0	0	0.21165644	0.32229826	0	0	0	0	0.27194107	0.27037037	0	0	0.40620921	0	0	0.25524476	0	0	0	0	0	0	0	0.11913357	0	0	0	0	0	0.32229826	0	0	0	0	0.30447391	0.18926554	0.40620921	0.77524334	0.19822485	0	0.28310287	0.17190962	0	0	0	0	0	0	0	0.23276954	0	0.18449198	0.17425197	0	0	0	0	0.21645307	0.20468368	0.32229826	0.13414634	0.13449692	0.32229826	0.40620921	0	0	0	0	0	0	0.22217294	0	0	0	0	0.32229826	0	0	0.11201299	0	0	0	0.21645307	0.16341463	0	0.24829932	0.22975088	0	0.40620921	0.32229826	0	0	0.16666667	0.25574026	0.19822485	0	0	0	0	0.30099003	0.42035013	0	0.091502718	0	0	0	0	0.3657479	0	0.30088974	0.33217985	0.48104691	0.34225325	0.16066891	0.3657479	0	0	0	0.32229826	0	0	0	0	0	0	0.20726794	0	0.19882491	0	0.17583652	0	0	0.34225325	0.27037037	0.33217985	0.40620921	0	0	0	0	0	0.24143326	0.26313045	0	0.19273743	0.19273743	0	0	0	0	0	0.33520518	0	0	0
0.088010204	0.10273978	0.16986904	0.12969283	0.13422106	0.10539682	0.115	1	0.11917695	0	0.31745617	0	0.096952909	0.23490166	0.12279639	0.11705686	0.10629219	0	0.08150084	0	0	0.095303867	0	0	0	0.09375	0	0.101983	0.12383901	0.095041322	0.29779525	0	0.12121212	0.14057508	0	0.094482759	0.10888252	0.095303867	0.21506376	0.11111111	0	0	0.095396554	0	0.10410959	0.10311989	0	0.085106383	0	0	0.16519556	0.098290598	0	0.14857207	0.10084943	0.11527378	0	0	0.1617468	0	0	0.13939972	0.14812237	0	0.098591549	0.115	0.11451249	0	0	0	0	0.095396554	0	0.09921671	0	0.097733711	0.18591206	0	0.088235294	0	0.070763501	0	0.14839771	0.14423659	0.10917722	0	0	0	0.12482423	0.10308718	0.095041322	0.23034274	0.10470511	0.093289805	0.14423659	0	0.13273857	0	0.267301	0	0.11426923	0	0.10084034	0	0	0.10835913	0	0.16850421	0	0.11397671	0.096952909	0	0	0.20223057	0	0.10273978	0	0	0.14423659	0.11111111	0	0	0	0	0.10518293	0.17670701	0	0	0.12121212	0	0	0.17223349	0	0	0	0.10151515	0	0	0.12457338	0.095865709	0.11692308	0.12263917	0	0	0	0.11111111	0.10541311	0	0	0	0.097493036	0.47618257	0.12121212	0.12121212	0.13240265	0.1360562	0.10648148	0.084558824	0	0	0	0	0.091280654	0.093575419	0	0.098011364	0.16368023	0.30983729	0.083140878	0	0	0	0	0.095833333	0.094482759	0.11111111	0.10263702	0.10160741	0.11111111	0.12121212	0	0	0.1397405	0	0	0	0.096952909	0	0.1360562	0	0	0.11111111	0.11692308	0	0.98792841	0.10550459	0	0	0.095833333	0.12030205	0	0.11838006	0.27282769	0	0.12121212	0.11111111	0	0	0.12216587	0.10363086	0.13240265	0	0	0	0	0.10835913	0.097493036	0.063903282	0.069354481	0.11331445	0	0.092178771	0	0.11705686	0.075620767	0.10835913	0.11214953	0.12969283	0.115	0.11186072	0.11705686	0	0	0	0.11111111	0	0	0	0	0	0	0.095041322	0	0.094093407	0	0.5505261	0.10237389	0.097855228	0.115	0.31286031	0.11214953	0.12121212	0	0	0.17677336	0	0	0.1011236	0.13202177	0	0.1378952	0.31745617	0.098290598	0	0	0	0.072943465	0.11838006	0	0.092178771	0
0.13357518	0.23441138	0.23613559	0.26548577	0.18107923	0.2602969	0.20149283	0.11917695	1	0	0.18419311	0	0.15657569	0.12488512	0.15876702	0.21138995	0.13183944	0	0.22054812	0	0	0.14963943	0	0	0	0.33359166	0	0.17729809	0	0.14763664	0.38656576	0	0.22970686	0	0	0.18091956	0.20495079	0.14963943	0.32465502	0.26335201	0	0	0.11326374	0.12152778	0	0.12546039	0	0.13793605	0	0.17758872	0.13564621	0	0	0	0.19022025	0	0.15217391	0	0	0	0	0	0	0	0.21876765	0.47605209	0.11784512	0	0	0	0	0.11326374	0	0	0	0	0.27048577	0	0	0.16660076	0	0	0.38722374	0.45288622	0.18728598	0.24929349	0	0	0.32948299	0.12544871	0.14763664	0.12076815	0	0.22337716	0.45288622	0	0.46147151	0	0.16103397	0	0	0	0.17300528	0	0.16666667	0.18894855	0	0.23265632	0	0.42844373	0.15657569	0	0	0	0	0.23441138	0	0	0.7100751	0.19644353	0	0	0	0.12962963	0.17610401	0.43269891	0.14728682	0	0.22970686	0	0	0.24159972	0	0	0	0	0	0	0	0.11427812	0	0	0	0	0.16363636	0.19644353	0	0	0.14393939	0	0.15951739	0.17108931	0.22970686	0.22970686	0.17707927	0	0.18018045	0.16543552	0.19903212	0	0	0	0	0	0	0.15928626	0	0.17802526	0.13362663	0	0	0	0	0.19487823	0.18091956	0.36569432	0.12460562	0.22936204	0.19644353	0.22970686	0	0	0	0	0	0	0.15657569	0	0	0	0.15789474	0.19644353	0	0.2493147	0.11657644	0	0	0	0.19487823	0.15535746	0	0.20859749	0.20274186	0	0.22970686	0.36569432	0	0.15079365	0.15658757	0.16880612	0.17707927	0	0	0	0	0.18897278	0.15951739	0	0.078525827	0	0	0	0	0.21138995	0	0.18894855	0.20522378	0.26548577	0.20149283	0.12271765	0.21138995	0	0	0	0.19644353	0	0	0	0	0.16666667	0	0.14763664	0	0.14248604	0	0.20921618	0	0	0.47605209	0.25122102	0.20522378	0.22970686	0	0	0	0	0	0.16676398	0.2263121	0	0.42583597	0.18419311	0	0	0	0	0	0.37304608	0.16363636	0	0
0	0	0	0	0	0	0	0	0	1	0	0	0	0	0	0	0	0	0	0	0	0	0	0.23026316	0	0	0	0	0	0	0	0.41065459	0	0	0	0	0	0	0	0	0.26027397	0	0	0	0	0	0.22343849	0.13043478	0	0	0	0	0	0	0	0	0	0	0.2	0.34938907	0.23839922	0	0.19125683	0	0	0	0	0.13284133	0	0	0	0	0	0	0	0	0	0	0	0	0.12644001	0	0	0	0	0	0	0	0	0	0	0	0	0	0	0.26027397	0	0	0	0	0	0	0	0	0	0	0	0	0.54920253	0	0	0.30445658	0	0	0.41030986	0	0.26027397	0	0	0	0	0	0.24	0	0	0	0	0	0	0	0	0	0.29241235	0.23026316	0.56297061	0	0.19886364	0	0	0	0.4469741	0	0	0	0	0	0.17647059	0.30993171	0	0.17821782	0	0	0	0	0	0	0	0	0	0	0	0.33725005	0	0	0	0	0	0	0.12587413	0	0	0	0	0	0	0	0	0	0	0	0	0	0.17560976	0	0	0	0	0	0	0	0	0	0	0	0	0	0	0	0	0	0	0	0	0	0	0	0	0	0	0	0	0	0	0.21686747	0.24	0	0	0.10420746	0	0	0	0	0	0	0.16898582	0	0	0	0	0	0	0	0	0	0	0	0	0	0	0	0	0	0	0	0.19886364	0	0	0.15929204	0	0	0	0	0	0	0	0	0	0	0	0	0	0	0	0	0	0	0	0	0	0	0
0.12730627	0.1491532	0.29976953	0.22093023	0.22886071	0.15508063	0.19273743	0.31745617	0.18419311	0	1	0	0.14583333	0.34242448	0.19407677	0.19662921	0.22388717	0	0.10705466	0	0	0.14315353	0	0	0	0.13688213	0	0.15517241	0.1980198	0.14256198	0.53293785	0	0.20454545	0.22916667	0	0.14182195	0.16666667	0.14315353	0.33569776	0.18041237	0	0	0.13211839	0	0.24054315	0.14815458	0	0.1192053	0	0	0.1613094	0	0	0	0.14301506	0.17699115	0	0	0	0	0	0	0	0	0.14957265	0.19273743	0.17035007	0	0	0	0	0.13211839	0	0.14503817	0	0	0.50235642	0	0	0	0.091346154	0	0.39288153	0.24847102	0.17692308	0	0	0	0.29570271	0.1485142	0.14256198	0.33626442	0	0.17543842	0.24847102	0	0.22477642	0	0.47973309	0	0	0	0.15254237	0	0	0.17326733	0	0.29264404	0	0.1908078	0.14583333	0	0	0	0	0.1491532	0	0	0.24847102	0.18041237	0	0	0	0	0.16666667	0.32716547	0	0	0.20454545	0	0	0.31022109	0	0	0	0	0	0	0	0.13399588	0.18627451	0	0	0	0	0.18041237	0.16086957	0	0	0	0.14705882	0.21258398	0.20454545	0.20454545	0.3290622	0	0.16995074	0.12020906	0	0	0	0	0	0	0	0.14935065	0	0.95746014	0.11538462	0	0	0	0	0.14435146	0.14182195	0.18041237	0.14734574	0.14658304	0.18041237	0.20454545	0	0	0	0	0	0	0.14583333	0	0	0	0	0.18041237	0.29213405	0	0.30902307	0	0	0	0.14435146	0.28211165	0	0.19	0.19249331	0	0.20454545	0.18041237	0	0	0.27579152	0.16348449	0.3290622	0	0	0	0	0.17326733	0.14705882	0.080786026	0.074074074	0.17241379	0	0	0	0.19662921	0	0.17326733	0.18	0.22093023	0.19273743	0.11616162	0.19662921	0	0	0	0.18041237	0	0	0	0	0	0	0.14256198	0	0.1409465	0	0.35849311	0	0	0.19273743	0.66323631	0.18	0.20454545	0	0	0	0	0	0.15319149	0.21681569	0	0.23018128	0.75563947	0	0	0	0	0	0.19	0	0	0
0.11921708	0	0	0	0.26717496	0	0	0	0	0	0	1	0.134	0	0	0	0	0	0	0	0	0	0.12068966	0	0	0	0	0	0	0.13194444	0	0	0	0	0	0	0.14705882	0.13346614	0	0	0	0	0	0.25016709	0.14566929	0	0	0.11217949	0	0	0.11146497	0.14166667	0	0	0	0.15677966	0	0.10606061	0	0	0	0	0	0	0	0	0	0.17849663	0	0.29954267	0.11382114	0	0	0	0	0	0	0	0	0	0	0.23453674	0	0	0	0	0	0	0	0	0.13194444	0	0	0	0	0	0	0	0	0.10724638	0	0	0.13821138	0.17094017	0	0	0	0	0	0	0.134	0	0	0	0	0	0	0	0	0	0	0.23696185	0	0	0	0	0	0	0	0	0	0	0	0	0	0	0	0	0	0	0	0	0	0	0	0	0	0	0.24903762	0	0.13709677	0	0	0	0	0	0	0	0	0	0.25354701	0	0	0	0	0	0	0	0.10869565	0	0.25491593	0	0.091383812	0	0	0	0	0	0	0	0	0	0	0	0	0	0.134	0	0	0	0	0	0	0	0	0	0	0	0	0.14925373	0	0	0	0	0	0	0	0	0	0	0	0	0	0	0	0	0	0	0	0	0.27998431	0	0	0	0	0	0	0	0	0	0	0	0	0	0	0	0	0	0	0	0	0.13194444	0	0.13092885	0	0	0	0	0	0	0	0	0	0	0	0	0	0	0	0	0	0	0	0	0	0	0	0	0	0	0
0.34647299	0.11064892	0.17788462	0.29267764	0.15044248	0.11129568	0.22217294	0.096952909	0.15657569	0	0.14583333	0.134	1	0.10057471	0.16000406	0.23278583	0.11204013	0	0.096518472	0.1875	0	0.1893851	0.37037701	0	0	0.16102786	0	0.19222211	0	0.80278922	0.13257576	0	0.2528546	0	0	0.15865903	0.72572901	0.39856445	0.13686411	0.21492023	0	0	0.094444444	0.15208982	0.14484127	0.10429448	0	0.31549723	0	0	0.13700852	0.1407563	0	0	0.12467644	0.15598291	0	0.10518293	0	0	0	0	0	0	0.17734809	0.22217294	0.12635379	0.10983607	0	0	0.11292962	0.094444444	0	0	0	0	0.20555556	0	0	0	0.10384902	0	0.2027014	0.15625	0.20517743	0	0	0.22472131	0.12681159	0.10947712	0.9384444	0.096153846	0	0.11943661	0.15625	0	0.19081681	0	0.13385827	0.12598987	0	0	0.92332532	0	0	0.20631479	0	0.17619048	0	0.21622419	0.95477742	0	0	0	0	0.11064892	0	0	0.15625	0.21492023	0	0	0	0	0.19252885	0.18877551	0	0	0.2528546	0.16586538	0	0.23191613	0	0	0	0	0	0	0	0.099112426	0	0	0	0	0	0.21492023	0	0	0	0.21575011	0.46474798	0.14285714	0.2528546	0.2528546	0.14782609	0	0.19700149	0.13880822	0	0	0.12683824	0	0	0	0	0.17303796	0	0.14112903	0.35525786	0	0	0	0.090551181	0.16534606	0.15865903	0.21492023	0.10912052	0.1091954	0.21492023	0.2528546	0	0	0	0	0	0	0.95477742	0	0	0	0	0.21492023	0	0	0.094850949	0	0	0	0.16534606	0.12781955	0	0.17788462	0.17648028	0	0.2528546	0.21492023	0	0	0.13059701	0.18492107	0.14782609	0	0	0	0	0.2063354	0.20512846	0.086071626	0.083004204	0	0	0	0	0.23278583	0	0.20631479	0.22392383	0.29267764	0.39938693	0.13223532	0.23278583	0	0	0	0.21492023	0.13476562	0	0	0	0	0	0.9384444	0	0.70994319	0	0.14261758	0	0	0.22217294	0.18877551	0.22392383	0.2528546	0	0	0	0	0	0.18093291	0.29041372	0	0.14583333	0.14583333	0	0	0	0	0.080652728	0.2251212	0	0	0
0.091029024	0.1069566	0.17953877	0.13571429	0.14175137	0.10994785	0.12020906	0.23490166	0.12488512	0	0.34242448	0	0.10057471	1	0.12890089	0.12237762	0.11101283	0	0.19172913	0	0	0.098853868	0	0	0	0.14277101	0.14728121	0.10588235	0.12903226	0.098571429	0.31966981	0	0.12676056	0.14666667	0	0.097997139	0.11309524	0.098853868	0.22811124	0.11589404	0	0.15142133	0.2526261	0	0.10795455	0.20560475	0	0.087804878	0.3593384	0	0.1144909	0	0.12737496	0	0.10493666	0.11976048	0	0	0	0	0	0	0	0	0.10233918	0.12020906	0.57883976	0	0	0	0.11952593	0.2526261	0	0.18464321	0	0	0.19752577	0	0	0	0.072519084	0	0.15679093	0.152364	0.11386139	0	0	0	0.13079288	0.4527801	0.098571429	0.385077	0	0.096715465	0.152364	0	0.14012386	0.15142133	0.28758845	0	0	0	0.10465116	0	0	0.11290323	0.13972599	0.17789978	0	0.11913043	0.10057471	0	0	0	0	0.1069566	0	0	0.152364	0.11589404	0.14728121	0	0	0	0.10952381	0.18730773	0	0	0.12676056	0	0	0.1822718	0	0	0	0	0	0	0	0.42374618	0.12179487	0	0	0.12982028	0	0.11589404	0.10946746	0	0	0	0.10115607	0.13618759	0.12676056	0.12676056	0.13963928	0	0.11093248	0.087341772	0	0	0	0	0	0	0	0.10176991	0	0.33337909	0.085714286	0	0	0.41476327	0.085802847	0.099423631	0.097997139	0.11589404	0.437185	0.10570128	0.11589404	0.12676056	0	0.15142133	0	0	0	0.18986246	0.10057471	0	0	0	0	0.11589404	0.12179487	0	0.23038235	0	0	0	0.099423631	0.1263622	0	0.12337662	0.12858835	0	0.12676056	0.11589404	0	0	0.12809934	0.10787402	0.13963928	0	0	0	0	0.11290323	0.10115607	0.065371025	0.060606061	0.64631044	0	0	0	0.12237762	0	0.11290323	0.11688312	0.13571429	0.12020906	0.085185185	0.12237762	0	0.12982028	0	0.11589404	0	0	0	0	0	0	0.098571429	0	0.097578348	0	0.24436691	0	0	0.12020906	0.33839142	0.11688312	0.12676056	0	0	0	0.13972599	0	0.15422159	0.13904759	0.12982028	0.14535599	0.34242448	0	0	0.15142133	0.15991274	0	0.12337662	0	0	0
0.13876168	0.13015401	0.25071099	0.19680851	0.1912786	0.13494663	0.17179487	0.12279639	0.15876702	0	0.19407677	0	0.16000406	0.12890089	1	0.17525773	0.13698031	0	0.095401288	0.36667168	0	0.32833894	0.11824324	0	0	0.12544803	0	0.14112903	0	0.15309538	0.17608897	0	0.18229167	0	0	0.12912621	0.19400595	0.15646163	0.13527827	0.16190476	0	0	0.11676779	0.15790777	0	0.12987006	0	0.17314549	0	0	0.14078425	0	0	0	0.12579546	0	0	0	0	0	0	0	0	0	0.136	0.17179487	0.12280702	0	0	0	0	0.11676779	0	0	0	0	0.29029454	0	0	0	0.081018519	0	0.21479722	0.20755045	0.15876777	0	0	0.17525773	0.16675153	0.12998896	0.15309538	0.12451772	0	0.11388749	0.20755045	0	0.18879107	0	0.16879803	0.13001538	0	0	0.17193961	0	0	0.1559633	0	0.24658913	0	0.17007673	0.16000406	0	0	0	0	0.13015401	0	0	0.20755045	0.16190476	0	0	0	0	0.15022422	0.2682139	0	0	0.18229167	0.30730454	0	0.54517943	0	0	0	0	0	0	0	0.11798547	0	0	0	0	0	0.16190476	0	0	0	0.15163934	0.16547279	0.17995771	0.18229167	0.18229167	0.18668559	0	0.15296804	0.11056106	0	0	0	0	0	0	0	0.13562753	0	0.18713068	0.17098869	0	0	0	0	0.13137255	0.12912621	0.16190476	0.1290788	0.12809333	0.16190476	0.18229167	0	0	0	0	0	0	0.16000406	0	0	0	0	0.16190476	0	0	0.12002703	0	0	0	0.13137255	0.16261402	0	0.1712963	0.1652019	0	0.18229167	0.16190476	0	0	0.16363321	0.14745011	0.18668559	0	0	0	0	0.1559633	0.38128649	0.071729958	0.069721116	0	0	0	0	0.17525773	0	0.1559633	0.16203704	0.19680851	0.17179487	0.10702875	0.17525773	0	0	0	0.16190476	0.1791536	0	0	0	0	0	0.15309538	0	0.14882138	0	0.14088987	0	0	0.17179487	0.2682139	0.16203704	0.18229167	0	0	0	0	0	0.13944223	0.23549668	0	0.19407677	0.19407677	0	0	0	0	0.070918232	0.1712963	0	0	0
0.24434794	0.139413	0.25342466	0.72276402	0.20731707	0.14016736	0.92809332	0.11705686	0.21138995	0	0.19662921	0	0.23278583	0.12237762	0.17525773	1	0.14135021	0	0.11405058	0	0	0.39725046	0	0	0	0.21495757	0	0.27333557	0	0.21722543	0.17326733	0	0.43805622	0	0	0.21473142	0.31994184	0.29016005	0.17619542	0.34381578	0	0	0.11409396	0	0	0.12878788	0	0.18963011	0	0	0.14	0	0	0	0.15555793	0	0	0	0	0	0	0	0	0	0.25000988	0.3657479	0.1627907	0	0	0	0	0.11409396	0	0	0	0	0.31355932	0	0	0	0	0	0.30796547	0.21604938	0.32170762	0	0	0	0.1635514	0.13729508	0.21722543	0.11589404	0	0.14663723	0.21604938	0	0.28160732	0	0.17708333	0	0	0	0.26188519	0	0	0.31952522	0	0.25	0	0.34883778	0.23278583	0	0	0	0	0.139413	0	0	0.21604938	0.34381578	0	0	0	0	0.28749259	0.2761194	0	0	0.43805622	0	0	0.26056338	0	0	0	0	0	0	0	0.12137681	0	0	0	0	0	0.34381578	0	0	0	0	0.32962587	0.19318182	0.43805622	0.9079626	0.20238095	0	0.3000855	0.18000661	0	0	0	0	0	0	0	0.24509515	0	0.18817204	0.18161971	0	0	0	0	0.22722905	0.21473142	0.34381578	0.13673469	0.1371134	0.34381578	0.43805622	0	0	0	0	0	0	0.23278583	0	0	0	0	0.34381578	0	0	0.11400651	0	0	0	0.22722905	0.16666667	0	0.25342466	0.24032687	0	0.43805622	0.34381578	0	0	0.16990291	0.26965353	0.20238095	0	0	0	0	0.31965159	0.47092541	0	0.095304965	0	0	0	0	0.39258692	0	0.31952522	0.35326038	0.52052065	0.3657479	0.16803083	0.39258692	0	0	0	0.34381578	0	0	0	0	0	0	0.21722543	0	0.2084123	0	0.18376242	0	0	0.3657479	0.2761194	0.35326038	0.43805622	0	0	0	0	0	0.25336774	0.27646053	0	0.19662921	0.19662921	0	0	0	0	0	0.35676641	0	0	0
0.1	0.10986501	0.20030564	0.15800866	0.15397846	0.11374896	0.13865546	0.10629219	0.13183944	0	0.22388717	0	0.11204013	0.11101283	0.13698031	0.14135021	1	0	0.083470164	0	0	0.11	0	0	0	0.10714286	0	0.1185567	0	0.10963455	0.14545771	0	0.14680851	0	0	0.10898502	0.1271777	0.11	0.11408237	0.13241107	0	0	0.10065018	0	0	0.11060489	0	0.095567867	0	0	0.11921254	0	0	0	0.10779582	0	0	0.092348285	0	0	0	0	0	0	0.11433447	0.13865546	0.10518293	0	0	0	0	0.10065018	0	0	0	0	0.27312366	0	0	0	0	0	0.24095527	0.16697573	0.12992126	0	0	0	0.19549816	0.1100657	0.10963455	0.10763041	0	0.82264319	0.16697573	0	0.15159649	0	0.13872192	0	0	0	0.11694915	0	0	0.12835249	0	0.19776418	0	0.13731656	0.11204013	0	0	0	0	0.10986501	0	0	0.16697573	0.13241107	0	0	0	0	0.12406015	0.21135047	0	0	0.14680851	0	0	0.20430401	0	0	0	0	0	0	0	0.10103089	0	0	0.15319149	0	0	0.13241107	0	0	0	0	0.11279461	0.14644132	0.14680851	0.14680851	0.25287866	0	0.1259542	0.095375723	0	0	0	0	0	0.12162162	0	0.1137931	0	0.21673656	0.092991914	0	0	0	0	0.11073826	0.10898502	0.13241107	0.10937563	0.10832863	0.13241107	0.14680851	0	0	0	0	0	0	0.11204013	0	0	0	0	0.13241107	0	0	0.10413761	0	0	0	0.11073826	0.38320906	0	0.14092664	0.13654129	0	0.14680851	0.13241107	0.16450216	0	0.22148253	0.12197393	0.25287866	0	0	0	0	0.12835249	0.11279461	0	0.10387365	0	0	0	0	0.14135021	0	0.12835249	0.13320463	0.15800866	0.13865546	0.092696629	0.14135021	0	0	0.14901961	0.13241107	0	0	0	0	0	0	0.10963455	0	0.10844371	0	0.11890391	0	0	0.13865546	0.21135047	0.13320463	0.14680851	0	0	0	0	0	0.11734694	0.14986545	0	0.15787067	0.22388717	0.13148789	0	0	0	0	0.14092664	0	0	0
0	0	0	0	0	0	0	0	0	0	0	0	0	0	0	0	0	1	0	0	0	0	0	0	0	0	0	0	0	0	0	0	0	0	0	0	0	0	0	0	0	0	0	0	0.19	0	0	0	0	0	0	0	0	0	0.28732991	0	0	0.13768116	0	0	0	0	0	0	0	0	0	0	0	0	0	0	0	0	0	0	0	0	0	0	0	0	0	0	0	0	0	0	0	0	0	0	0	0	0	0	0	0	0	0	0	0	0	0	0	0	0	0	0	0	0	0	0	0	0	0	0	0	0	0	0	0	0	0	0	0	0	0.3125	0	0	0.56740225	0	0	0	0	0	0	0	0	0	0	0	0	0	0	0	0.35130686	0	0	0	0	0	0	0	0	0	0	0	0	0	0	0	0	0	0	0	0	0	0	0	0	0	0	0	0	0	0	0	0	0	0	0	0	0	0.48538294	0	0	0.3125	0	0	0	0	0	0	0	0	0.42905538	0	0	0	0	0	0	0	0	0	0	0	0	0	0	0	0	0	0	0	0	0	0	0	0	0	0	0	0	0	0	0	0	0	0	0	0	0	0	0	0	0	0	0	0.51489737	0	0	0	0	0	0	0	0	0	0	0	0	0	0	0	0	0	0	0	0	0	0	0	0	0	0	0	0	0	0
0.086157057	0.080709921	0.13173435	0.14209877	0.10289645	0.082870554	0.10931526	0.08150084	0.22054812	0	0.10705466	0	0.096518472	0.19172913	0.095401288	0.11405058	0.083470164	0	1	0	0	0.092515926	0	0	0	0.24647828	0.33217444	0.10656478	0	0.091941402	0.10122742	0	0.12337047	0	0	0.10969185	0.12267444	0.092515926	0.1998271	0.13988571	0	0.11500208	0.56464406	0	0	0.20962847	0	0.090989699	0.13841352	0	0.087007304	0	0.29596427	0	0.12154388	0	0	0	0	0	0	0	0	0	0.12709505	0.23798787	0.11790753	0	0	0	0.26006123	0.83734045	0	0.37177118	0	0	0.14209877	0	0	0	0	0	0.19871579	0.11124695	0.10480989	0	0	0	0.098297657	0.20360717	0.091941402	0.1986758	0	0.14761141	0.11124695	0	0.24338828	0.11500208	0.096047665	0	0	0	0.10526825	0	0	0.10702915	0.29550287	0.13087041	0	0.2146756	0.096518472	0	0	0	0	0.080709921	0	0	0.11124695	0.10934432	0.33217444	0	0	0	0.10139899	0.13615456	0	0	0.12337047	0	0	0.13325506	0	0	0	0	0	0	0	0.19429204	0	0	0	0.10272869	0	0.10934432	0	0	0	0	0.097348244	0.099712606	0.12337047	0.12337047	0.10172997	0	0.10258922	0.10449893	0	0	0	0	0	0	0	0.095526529	0	0.1049671	0.089106384	0	0	0.1186805	0.061020036	0.11587052	0.10969185	0.189663	0.1982574	0.079930608	0.10934432	0.12337047	0	0.11500208	0	0	0	0.10632184	0.096518472	0	0	0	0	0.10934432	0	0	0.08025139	0	0	0	0.11587052	0.09368211	0	0.097074468	0.11923278	0	0.12337047	0.189663	0	0	0.095551028	0.098426382	0.10172997	0	0	0	0	0.10703251	0.097348244	0	0.059573569	0.1186805	0	0	0	0.11405058	0	0.10702915	0.11574993	0.14209877	0.10931526	0.081455186	0.11405058	0	0.10272869	0	0.10934432	0	0	0	0	0	0	0.091941402	0	0.089431454	0	0.12957492	0	0	0.23798787	0.13615456	0.11574993	0.12337047	0	0	0	0.29550287	0	0.13861781	0.12769497	0.10272869	0.10705466	0.10705466	0	0	0.11500208	0.39744171	0	0.19547904	0	0	0
0.16046512	0	0	0	0	0	0	0	0	0	0	0	0.1875	0	0.36667168	0	0	0	0	1	0	0.33360767	0.16071429	0	0	0	0	0	0	0.18413978	0	0	0	0	0	0	0.20930233	0.18648649	0	0	0	0	0	0.23323846	0	0	0	0.19208951	0	0	0	0	0	0	0	0	0	0	0	0	0	0	0	0	0	0	0	0	0	0	0	0	0	0	0	0	0	0	0	0	0.1	0	0	0	0	0	0	0.28688525	0	0	0.18413978	0	0	0	0	0	0	0	0	0.17516364	0	0	0.19444444	0	0	0	0	0	0	0	0.1875	0	0	0	0	0	0	0	0	0	0	0	0	0	0	0	0	0	0	0.59140288	0	0.45913351	0	0	0	0	0	0	0	0	0	0	0	0	0	0	0	0	0	0.22093023	0.19230769	0	0	0	0	0	0	0	0	0	0	0	0	0	0	0	0	0	0.18808623	0	0	0	0	0	0	0	0	0	0	0	0	0	0	0	0	0	0.1875	0	0	0	0	0	0	0	0	0	0	0	0	0	0	0	0	0	0	0	0	0	0	0	0	0	0	0	0	0	0.37595751	0.087064677	0	0	0	0	0	0	0	0	0	0	0	0	0	0	0	0	0	0.27174178	0	0	0	0	0	0.18413978	0	0.18248663	0	0	0	0	0	0	0	0	0	0	0	0	0	0	0.20454545	0	0	0	0	0	0	0	0.086169216	0	0	0	0
0	0	0.21972038	0	0	0	0	0	0	0	0	0	0	0	0	0	0	0	0	0	1	0	0.12195122	0	0.2039801	0	0	0	0	0	0	0	0	0	0	0	0	0	0	0	0	0	0	0	0	0	0	0	0	0	0	0	0	0	0	0	0	0.10244648	0	0	0	0	0	0	0	0	0	0.12879796	0	0	0.11330049	0	0	0	0	0	0	0.26697034	0	0.13409962	0	0.2140174	0	0	0	0	0	0	0	0	0	0	0	0	0	0	0	0	0	0	0	0.24826376	0	0.16017316	0	0	0	0.20190844	0	0	0	0	0.26891021	0	0	0	0	0.26023211	0	0	0	0	0	0	0	0	0	0	0	0	0	0	0	0	0	0	0	0	0	0	0	0	0	0	0	0	0	0	0	0.19240837	0	0	0	0	0	0.16299559	0	0	0	0	0.16605556	0	0	0	0.24826376	0	0	0	0	0	0	0.15481172	0.092105263	0	0	0	0	0	0	0	0	0	0	0	0	0	0	0	0.16299559	0	0	0	0	0	0	0	0	0.19125683	0	0	0	0	0	0.20190844	0	0	0	0	0	0	0	0.18378378	0.16908213	0	0	0	0	0	0	0	0.16894977	0	0.2279223	0	0	0	0	0	0	0	0	0	0	0	0	0	0.16431925	0	0	0	0	0	0.15778252	0	0	0	0	0	0	0	0	0	0.15611814	0	0	0	0.16915423	0	0	0	0	0	0	0	0	0	0	0	0	0	0
0.38274785	0.10862355	0.17464115	0.33158802	0.14757709	0.10927152	0.35061656	0.095303867	0.14963943	0	0.14315353	0	0.1893851	0.098853868	0.32833894	0.39725046	0.11	0	0.092515926	0.33360767	0	1	0.11937716	0	0.2049571	0.15423892	0	0.18412212	0	0.17662367	0.13018868	0	0.24129129	0	0.20165746	0.15148675	0.25391954	0.2225	0.13091184	0.20479685	0	0	0.092797784	0.15263688	0	0.10244648	0.15732193	0.20214563	0	0.15748109	0.11022364	0	0	0	0.11950372	0	0	0	0	0.24840287	0	0	0	0.15437788	0.16947249	0.21132435	0.12410072	0	0	0	0	0.092797784	0	0	0	0.14315353	0.20165746	0	0	0	0.081176471	0	0.19336383	0.15333333	0.19531708	0.21414936	0	0.17914439	0.12454874	0.10749186	0.17662367	0.094520548	0	0.11454622	0.15333333	0	0.18191402	0	0.13137255	0.17194421	0	0	0.21177702	0	0	0.19672367	0	0.17298578	0	0.20560633	0.1893851	0	0	0	0	0.10862355	0	0	0.15333333	0.20479685	0	0	0	0	0.18348139	0.18527919	0	0	0.24129129	0.27845755	0	0.30678976	0.20935473	0	0	0.15137615	0	0	0	0.097345133	0	0	0	0	0	0.20479685	0	0	0	0.15400844	0.24949887	0.14016736	0.24129129	0.4003003	0.14502165	0	0.1876485	0.13273307	0	0.28047006	0	0.16507177	0	0.13414634	0	0.16509558	0	0.13855422	0.19942966	0.28047006	0	0	0	0.15790629	0.15148675	0.20479685	0.10714286	0.10720131	0.20479685	0.24129129	0	0	0	0.20935473	0	0	0.1893851	0	0	0	0	0.20479685	0	0	0.093243243	0.15581395	0.1968945	0	0.15790629	0.12546816	0	0.17464115	0.16923498	0.17298578	0.24129129	0.20479685	0	0	0.15608019	0.17622385	0.14502165	0	0	0	0	0.19674172	0.92911029	0.071734475	0.079688296	0	0	0	0	0.22163882	0	0.19672367	0.21399522	0.28047006	0.21132435	0.12653035	0.22163882	0.18648649	0	0	0.20479685	0.17311854	0	0	0.20165746	0.21414936	0	0.17662367	0.16434495	0.16882634	0	0.13661222	0	0	0.21132435	0.18527919	0.21399522	0.24129129	0.17315919	0	0	0	0	0.17310063	0.22425058	0	0.14315353	0.14315353	0.14016736	0	0	0	0.070910556	0.21510812	0	0	0.21414936
0.3204695	0	0	0	0	0	0	0	0	0	0	0.12068966	0.37037701	0	0.11824324	0	0	0	0	0.16071429	0.12195122	0.11937716	1	0	0.17355372	0	0	0	0	0.33914169	0	0	0	0	0	0	0.50677105	0.36327268	0	0	0	0	0	0.1451419	0.13013699	0	0	0.24508983	0	0	0.10227273	0.12589928	0	0	0	0.13868613	0	0.097826087	0	0	0	0	0	0	0	0	0	0.10144928	0	0	0.10419682	0	0	0	0	0	0	0	0	0.2237416	0.10578582	0.13036021	0	0	0	0	0	0.21189925	0	0	0.33914169	0	0	0	0	0	0	0	0	0.12230009	0	0	0.42042575	0.18837239	0	0	0	0	0	0	0.37037701	0	0.15054945	0	0	0	0	0.14983535	0	0	0	0	0	0	0	0	0	0	0	0.14516129	0	0.1557377	0	0	0	0	0	0	0	0	0	0	0	0	0	0	0	0	0	0.20539323	0.41064044	0	0	0	0	0.14179104	0	0	0	0	0.11538462	0	0	0	0	0	0	0	0.2922059	0	0	0.13571429	0.14273943	0	0	0	0	0	0	0	0	0	0	0	0	0	0.37037701	0	0.14179104	0	0	0	0	0	0	0	0	0.32839251	0	0	0	0	0	0	0	0	0	0	0	0	0	0.21189925	0.5106636	0	0	0	0.12237762	0.088913702	0	0	0.14615385	0	0	0	0	0	0	0	0	0	0	0	0	0	0	0.12162162	0.14173228	0	0	0	0	0.33914169	0.13793103	0.31825728	0	0	0	0	0	0	0	0	0.13669065	0	0	0	0.28893132	0	0.17997539	0	0	0	0	0	0	0	0.083662374	0	0	0	0
0	0	0	0	0	0	0	0	0	0.23026316	0	0	0	0	0	0	0	0	0	0	0	0	0	1	0	0	0	0	0	0	0	0.31355932	0	0	0	0	0	0	0	0	0.52052065	0	0	0	0	0	0.24257209	0.18963011	0	0	0	0	0	0	0	0	0	0	0.32590141	0.26056338	0.53307646	0	0.28977535	0	0	0	0	0.18790751	0	0	0	0	0	0	0	0	0	0	0	0	0.096685083	0	0	0	0	0	0	0	0	0	0	0	0	0	0	0.52052065	0	0	0	0	0	0	0	0	0	0	0	0	0.28688525	0	0	0.35676641	0	0	0.21084337	0	0.52052065	0	0	0	0	0	0.43805622	0	0	0	0	0	0	0	0	0	0.23333333	0.84454125	0.31355932	0	0.31965159	0	0	0	0.23333333	0	0	0	0	0	0.2775686	0.22839506	0	0.28545908	0	0	0	0	0	0	0	0	0	0	0	0.25342466	0	0	0	0	0	0	0.18161971	0	0	0	0	0	0	0	0	0	0	0	0	0	0.27138841	0	0	0	0	0	0	0	0	0	0	0	0	0	0	0	0	0	0	0	0	0	0	0	0	0	0	0	0	0	0	0.38168087	0.43805622	0	0	0.084158416	0	0	0	0	0	0	0.13059701	0	0	0	0	0	0	0	0	0	0	0	0	0	0	0	0	0	0	0	0.31965159	0	0	0.17676768	0	0	0	0	0	0	0	0	0	0	0	0	0	0	0	0	0	0	0	0	0	0	0
0.18270791	0	0	0	0	0	0	0	0	0	0	0	0	0	0	0	0	0	0	0	0.2039801	0.2049571	0.17355372	0	1	0	0	0	0	0	0	0	0	0	0.2761194	0	0	0	0	0	0	0	0	0	0	0	0.20960023	0	0	0.20837496	0	0	0	0	0	0	0	0	0	0.37121626	0	0	0	0.2	0	0	0	0	0	0	0	0	0	0	0	0.18041237	0	0	0	0.19444444	0	0.21411192	0	0	0	0.31756189	0	0	0	0	0	0	0	0	0	0	0	0	0	0.1399752	0	0	0	0.23655914	0	0	0	0	0	0	0	0	0.2844523	0	0	0	0	0.28306878	0	0	0	0	0	0	0	0	0	0	0	0	0	0	0.30386874	0	0	0.19590643	0	0	0	0	0	0	0	0	0	0	0	0	0	0	0	0	0	0	0	0.24175824	0	0	0	0.61523638	0	0.21604938	0	0.16834171	0	0	0	0	0	0.44944024	0	0.22680412	0.12537313	0	0	0	0	0	0	0	0	0	0	0.30386874	0	0	0	0	0.24175824	0	0	0	0	0	0	0.20238095	0.2885881	0.30434783	0	0	0	0	0	0.22560976	0	0	0	0	0.15765766	0	0	0.29285714	0.25925926	0	0	0	0.22143888	0	0	0	0.25287356	0	0	0	0	0	0	0	0	0	0	0.25362319	0	0	0	0	0.25	0	0.2761194	0.31756189	0	0	0.66396428	0	0	0	0	0	0	0	0	0	0.75668718	0	0	0	0.26282051	0	0	0	0	0	0.17708333	0	0	0	0	0	0	0	0.31756189
0.13803429	0.10587326	0.16450216	0.26781112	0.14056225	0.10648148	0.20546089	0.09375	0.33359166	0	0.13688213	0	0.16102786	0.14277101	0.12544803	0.21495757	0.10714286	0	0.24647828	0	0	0.15423892	0	0	0	1	0.14892967	0.23743907	0	0.15239306	0.12543554	0	0.2327592	0	0	0.22884692	0.20826154	0.15423892	0.28892316	0.26530903	0	0.26978286	0.13849567	0	0	0.12698953	0	0.14166157	0.18564826	0	0.10746269	0	0.12422973	0	0.19889938	0	0	0	0	0	0	0	0	0	0.2800271	0.47106406	0.16202122	0	0	0	0.1176255	0.13849567	0	0.14387342	0	0	0.18719212	0	0	0	0	0	0.31559016	0.14574899	0.19124036	0	0	0	0.12040134	0.14762064	0.15239306	0.1142812	0	0.19909561	0.14574899	0	0.40299528	0.26978286	0.12635379	0	0	0	0.1770099	0	0	0.19268131	0.14259179	0.16309013	0	0.42522639	0.16102786	0	0	0	0	0.10587326	0	0	0.14574899	0.20004239	0.14892967	0	0	0	0.18030739	0.17351598	0	0	0.2327592	0	0	0.16740088	0	0	0	0	0	0	0	0.13578245	0	0	0	0.12835249	0	0.20004239	0	0	0	0	0.16376048	0.13409962	0.33388488	0.2327592	0.13833992	0	0.18423399	0.21143388	0	0	0	0	0	0	0	0.21824843	0	0.13284133	0.13732319	0	0	0.15616995	0.081683168	0.24808437	0.22884692	0.36436984	0.14455587	0.10458015	0.20004239	0.2327592	0	0.26978286	0	0	0	0.17980296	0.16102786	0	0	0	0	0.20004239	0	0	0.091836735	0	0	0	0.24808437	0.12110727	0	0.16450216	0.16723339	0	0.33388488	0.36436984	0	0	0.12371134	0.22495898	0.13833992	0	0	0	0	0.26494369	0.16376048	0	0.10171527	0.15616995	0	0	0	0.21495757	0	0.19268131	0.20853412	0.26781112	0.20546089	0.1269694	0.21495757	0	0.12835249	0	0.20004239	0	0	0	0	0	0	0.15239306	0	0.14745794	0	0.1763626	0	0	0.47106406	0.17351598	0.20853412	0.2327592	0	0	0	0.14259179	0	0.82335342	0.18229575	0.12835249	0.13688213	0.13688213	0	0	0.26978286	0.16001516	0	0.37141818	0	0	0
0	0	0	0	0	0	0	0	0	0	0	0	0	0.14728121	0	0	0	0	0.33217444	0	0	0	0	0	0	0.14892967	1	0	0	0	0	0	0	0	0	0	0	0	0	0	0	0.23073205	0.3030647	0	0	0.1340596	0	0	0.27117129	0	0	0	0.50259206	0	0	0	0	0	0	0	0	0	0	0	0	0	0.1653665	0	0	0	0.74890953	0.49301905	0	0.67358159	0	0	0	0	0	0	0	0	0	0	0	0	0	0	0	0.15479312	0	0.12003092	0	0	0	0	0	0.23073205	0	0	0	0	0	0	0	0	0.93516419	0	0	0	0	0	0	0	0	0	0	0	0	0	0.61972358	0	0	0	0	0	0	0	0	0	0	0	0	0	0	0	0	0	0	0.14039424	0	0	0	0.18330396	0	0	0	0	0	0	0	0	0	0	0	0	0	0	0	0	0	0	0	0	0	0	0	0	0	0	0	0.21698912	0.088157895	0	0	0	0.15152279	0	0	0	0	0.23073205	0	0	0	0.20670391	0	0	0	0	0	0	0	0	0	0	0	0	0	0	0	0	0	0	0	0	0	0	0	0	0	0	0	0	0	0	0	0	0	0.21698912	0	0	0	0	0	0	0	0	0	0	0	0	0.18330396	0	0	0	0	0	0	0	0	0	0	0	0	0	0	0	0	0	0	0	0	0	0	0.79691628	0	0.16719518	0	0.18330396	0	0	0	0	0.23073205	0.76674513	0	0	0	0	0
0.16223877	0.11709402	0.19	0.34112821	0.16055046	0.11774744	0.26034238	0.101983	0.17729809	0	0.15517241	0	0.19222211	0.10588235	0.14112903	0.27333557	0.1185567	0	0.10656478	0	0	0.18412212	0	0	0	0.23743907	0	1	0	0.1814112	0.140625	0	0.29661611	0	0	0.38009695	0.2508276	0.18412212	0.15351855	0.25061506	0	0	0.099431818	0	0	0.11006289	0	0.1646396	0	0	0.11842105	0	0	0	0.33052713	0	0	0	0	0	0	0	0	0	0.50213538	0.26034238	0.133829	0	0	0	0	0.099431818	0	0	0	0	0.22093023	0	0	0	0	0	0.23421063	0.16666667	0.23884881	0	0	0	0.13432836	0.11577181	0.1814112	0.1011236	0	0.13245234	0.16666667	0	0.21943354	0	0.14227642	0	0	0	0.21210698	0	0	0.23923035	0	0.18811881	0	0.25253762	0.19222211	0	0	0	0	0.11709402	0	0	0.16666667	0.25061506	0	0	0	0	0.2219893	0.20212766	0	0	0.29661611	0	0	0.19387755	0	0	0	0	0	0	0	0.10454545	0	0	0	0	0	0.25061506	0	0	0	0	0.19636258	0.15217391	0.42344035	0.29661611	0.15765766	0	0.22815011	0.35422166	0	0	0	0	0	0	0	0.75425255	0	0.15	0.15898213	0	0	0	0	0.42659344	0.38009695	0.25061506	0.11538462	0.11551433	0.25061506	0.29661611	0	0	0	0	0	0	0.19222211	0	0	0	0	0.25061506	0	0	0.099722992	0	0	0	0.42659344	0.13565891	0	0.19	0.27608736	0	0.42344035	0.25061506	0	0	0.13846154	0.72565513	0.15765766	0	0	0	0	0.8346314	0.19636258	0	0.19020786	0	0	0	0	0.27333557	0	0.23923035	0.25928993	0.34112821	0.26034238	0.18522711	0.27333557	0	0	0	0.25061506	0	0	0	0	0	0	0.1814112	0	0.17519543	0	0.15954206	0	0	0.26034238	0.20212766	0.25928993	0.45753126	0	0	0	0	0	0.26971493	0.2200935	0	0.15517241	0.15517241	0	0	0	0	0	0.26108482	0	0	0
0	0	0	0	0	0	0	0.12383901	0	0	0.1980198	0	0	0.12903226	0	0	0	0	0	0	0	0	0	0	0	0	0	0	1	0	0.17699115	0	0	0.87137629	0	0	0	0	0.14176245	0	0	0	0	0	0.17757009	0	0	0	0	0	0	0	0	0	0	0.76068324	0	0	0	0	0	0	0	0.19101124	0	0	0.15481172	0	0	0	0	0	0	0.24251999	0.44809384	0	0	0	0	0	0.098445596	0	0	0	0	0	0.28651892	0	0	0	0	0.12269939	0	0	0	0	0	0	0.17592593	0	0.18699135	0	0	0	0	0	0	0	0	0	0	0	0	0	0	0	0	0	0	0	0	0	0	0	0	0	0	0	0	0	0	0	0	0	0	0	0	0	0	0	0.33824306	0.17729409	0	0	0	0	0.27282809	0	0	0	0	0	0	0	0	0	0	0	0	0	0	0	0	0	0	0	0	0.19047619	0	0	0	0	0	0	0	0	0	0	0	0	0.18394595	0	0	0	0	0	0	0	0	0	0	0	0.2183908	0	0.12084592	0	0	0	0	0	0	0	0	0	0	0	0	0	0	0	0	0	0	0	0	0	0	0.086448598	0	0.1980198	0	0	0	0	0	0	0	0	0	0	0	0	0	0	0	0	0	0	0	0	0	0	0	0	0	0.14643545	0	0	0	0.27848101	0	0	0	0	0	0	0	0	0	0	0	0.1980198	0	0	0	0	0.088855303	0	0	0	0
0.31053108	0.10826446	0.17380952	0.27505841	0.14692982	0.10891089	0.20726794	0.095041322	0.14763664	0	0.14256198	0.13194444	0.80278922	0.098571429	0.15309538	0.21722543	0.10963455	0	0.091941402	0.18413978	0	0.17662367	0.33914169	0	0	0.15239306	0	0.1814112	0	1	0.12969925	0	0.23644496	0	0	0.14982937	0.62415105	0.35386395	0.12952354	0.20088072	0	0	0.092541436	0.14697831	0.14271654	0.10213415	0	0.28926839	0	0	0.13188409	0.13854167	0	0	0.11831701	0.15360169	0	0.10378788	0	0	0	0	0	0	0.16700198	0.20726794	0.12365591	0.10830619	0	0	0.11138211	0.092541436	0	0	0	0	0.20054945	0	0	0	0.10078708	0	0.18995315	0.15265487	0.19172365	0	0	0.21323607	0.12410072	0.10714286	0.66459927	0.094262295	0	0.11360145	0.15265487	0	0.17900654	0	0.13085938	0.1227682	0	0	0.76677004	0	0	0.1931535	0	0.17216981	0	0.20185585	0.9384444	0	0	0	0	0.10826446	0	0	0.15265487	0.20088072	0	0	0	0	0.18046149	0.18434343	0	0	0.23644496	0.16309524	0	0.22089202	0	0	0	0	0	0	0	0.097058824	0	0	0	0	0	0.20088072	0	0	0	0.20733247	0.41260349	0.13958333	0.23644496	0.23644496	0.14439655	0	0.18437257	0.13126015	0	0	0.125	0	0	0	0	0.16263636	0	0.138	0.32537362	0	0	0	0.089425587	0.15591525	0.14982937	0.20088072	0.10679612	0.10685155	0.20088072	0.23644496	0	0	0	0	0	0	0.80278922	0	0	0	0	0.20088072	0	0	0.092991914	0	0	0	0.15591525	0.125	0	0.17380952	0.16706758	0	0.23644496	0.20088072	0	0	0.12777778	0.17361678	0.14439655	0	0	0	0	0.1931676	0.19082377	0.083670313	0.079285505	0	0	0	0	0.21722543	0	0.1931535	0.2100591	0.27505841	0.46151973	0.12539276	0.21722543	0	0	0	0.20088072	0.13275194	0	0	0	0	0	0.66459927	0	0.82048791	0	0.13519115	0	0	0.20726794	0.18434343	0.2100591	0.23644496	0	0	0	0	0	0.1706612	0.26606861	0	0.14256198	0.14256198	0	0	0	0	0.078501327	0.21103142	0	0	0
0.11694915	0.29021819	0.26360676	0.19387755	0.20368931	0.32164836	0.16995074	0.29779525	0.38656576	0	0.53293785	0	0.13257576	0.31966981	0.17608897	0.17326733	0.14545771	0	0.10122742	0	0	0.13018868	0	0	0	0.12543554	0	0.140625	0.17699115	0.12969925	1	0	0.18	0.2037037	0	0.12900188	0.15079365	0.13018868	0.30982515	0.16055046	0	0	0.12362013	0.13028169	0.14179104	0.13752488	0	0.11042945	0	0.13768116	0.14902716	0	0	0	0.13326061	0.16	0.16371681	0	0	0	0	0	0	0	0.13565891	0.16995074	0.15718412	0	0	0	0	0.12362013	0	0.13286713	0	0	0.30670258	0	0	0.13309353	0.086363636	0	0.22702791	0.571508	0.15753425	0.17857143	0	0	0.40803773	0.13752833	0.12969925	0.31424815	0	0.12073822	0.571508	0	0.20037112	0	0.43000576	0	0	0	0.13846154	0	0.17980296	0.15486726	0	0.25851351	0	0.16830467	0.13257576	0	0	0	0	0.29021819	0	0	0.571508	0.16055046	0	0	0	0.13909774	0.14935065	0.56111168	0.15748031	0	0.18	0	0	0.27111888	0	0	0	0	0	0	0	0.12498677	0.16666667	0	0	0	0.17592593	0.16055046	0.14566929	0	0.25110817	0	0.13358779	0.19100368	0.18	0.18	0.19834267	0	0.15198238	0.11093248	0.15384615	0	0	0	0	0	0	0.13529412	0	0.50813861	0.10714286	0	0	0	0	0.13117871	0.12900188	0.16055046	0.13651845	0.28357609	0.16055046	0.18	0	0	0	0	0	0	0.13257576	0	0	0	0.16964286	0.16055046	0.16666667	0.19	0.29035196	0	0	0	0.13117871	0.17289689	0	0.23682105	0.17501361	0	0.18	0.16055046	0	0.16129032	0.17315959	0.14668094	0.19834267	0	0	0	0	0.15486726	0.13358779	0.076763485	0.070588235	0.15625	0	0	0	0.17326733	0	0.15486726	0.16071429	0.19387755	0.16995074	0.10747664	0.17326733	0	0	0	0.16055046	0	0	0	0	0.17857143	0	0.12969925	0	0.12827715	0	0.3307273	0	0	0.16995074	0.56242619	0.16071429	0.18	0	0	0	0	0	0.13899614	0.19490573	0	0.5326245	0.53293785	0	0	0	0	0	0.16964286	0.17592593	0	0
0	0	0	0	0	0	0	0	0	0.41065459	0	0	0	0	0	0	0	0	0	0	0	0	0	0.31355932	0	0	0	0	0	0	0	1	0	0	0	0	0	0	0	0	0.35714286	0	0	0	0	0	0.30059928	0.15702479	0	0	0	0	0	0	0	0	0	0	0.26027397	0.53398027	0.33282175	0	0.24832215	0	0	0	0	0.16033755	0	0	0	0	0	0	0	0	0	0	0	0	0.15609455	0	0	0	0	0	0	0	0	0	0	0	0	0	0	0.35714286	0	0	0	0	0	0	0	0	0	0	0	0	0.58783712	0	0	0.45835946	0	0	0.38068884	0	0.35714286	0	0	0	0	0	0.32758621	0	0	0	0	0	0	0	0	0	0.42916804	0.31355932	0.71030992	0	0.26056338	0	0	0	0.42916804	0	0	0	0	0	0.22352941	0.44319864	0	0.22619048	0	0	0	0	0	0	0	0	0	0	0	0.49869397	0	0	0	0	0	0	0.15079365	0	0	0	0	0	0	0	0	0	0	0	0	0	0.22222222	0	0	0	0	0	0	0	0	0	0	0	0	0	0	0	0	0	0	0	0	0	0	0	0	0	0	0	0	0	0	0.28787879	0.32758621	0	0	0.12829246	0	0	0	0	0	0	0.21605108	0	0	0	0	0	0	0	0	0	0	0	0	0	0	0	0	0	0	0	0.26056338	0	0	0.19791667	0	0	0	0	0	0	0	0	0	0	0	0	0	0	0	0	0	0	0	0	0	0	0
0.20489872	0.1448203	0.26388889	0.58783712	0.21604938	0.14556962	0.40620921	0.12121212	0.22970686	0	0.20454545	0	0.2528546	0.12676056	0.18229167	0.43805622	0.14680851	0	0.12337047	0	0	0.24129129	0	0	0	0.2327592	0	0.29661611	0	0.23644496	0.18	0	1	0	0	0.23405228	0.34544821	0.24129129	0.19115837	0.38036696	0	0	0.11824324	0	0	0.13358779	0	0.20428464	0	0	0.14516129	0	0	0	0.1680571	0	0	0	0	0	0	0	0	0	0.27217294	0.40620921	0.16901408	0	0	0	0	0.11824324	0	0	0	0	0.32758621	0	0	0	0	0	0.33776477	0.225	0.35505438	0	0	0	0.16981132	0.14256198	0.23644496	0.12	0	0.15838046	0.225	0	0.30829607	0	0.18421053	0	0	0	0.2836451	0	0	0.35160962	0	0.26027397	0	0.38609403	0.2528546	0	0	0	0	0.1448203	0	0	0.225	0.38036696	0	0	0	0	0.31525955	0.28787879	0	0	0.49166667	0	0	0.27142857	0	0	0	0	0	0	0	0.12591241	0	0	0	0	0	0.38036696	0	0	0	0	0.26092172	0.20114943	0.49166667	0.49166667	0.21084337	0	0.32991551	0.19537762	0	0	0	0	0	0	0	0.26752898	0	0.19565217	0.19555015	0	0	0	0	0.24748805	0.23405228	0.38036696	0.14197531	0.14241164	0.38036696	0.49166667	0	0	0	0	0	0	0.2528546	0	0	0	0	0.38036696	0	0	0.11803279	0	0	0	0.24748805	0.17326733	0	0.26388889	0.39255288	0	0.49166667	0.38036696	0	0	0.17647059	0.29526511	0.21084337	0	0	0	0	0.35177038	0.26092172	0	0.10281687	0	0	0	0	0.43805622	0	0.35160962	0.61918066	0.58783712	0.40620921	0.182318	0.43805622	0	0	0	0.38036696	0	0	0	0	0	0	0.23644496	0	0.22717163	0	0.19889651	0	0	0.40620921	0.28787879	0.38888889	0.49166667	0	0	0	0	0	0.27519618	0.30012614	0	0.20454545	0.20454545	0	0	0	0	0	0.39299689	0	0	0
0	0	0	0	0	0	0	0.14057508	0	0	0.22916667	0	0	0.14666667	0	0	0	0	0	0	0	0	0	0	0	0	0	0	0.87137629	0	0.2037037	0	0	1	0	0	0	0	0.16334661	0	0	0	0	0	0.20588235	0	0	0	0	0	0	0	0	0	0	0.72472004	0	0	0	0	0	0	0	0.20833333	0	0	0.1790393	0	0	0	0	0	0	0.20720721	0.55103764	0	0	0	0	0	0.11170213	0	0	0	0	0	0.33226991	0	0	0	0	0.13924051	0	0	0	0	0	0	0.2038835	0	0.21065129	0	0	0	0	0	0	0	0	0	0	0	0	0	0	0	0	0	0	0	0	0	0	0	0	0	0	0	0	0	0	0	0	0	0	0	0	0	0	0	0.2804878	0.19730816	0	0	0	0	0.22631579	0	0	0	0	0	0	0	0	0	0	0	0	0	0	0	0	0	0	0	0	0.22	0	0	0	0	0	0	0	0	0	0	0	0	0.2069132	0	0	0	0	0	0	0	0	0	0	0	0.25609756	0	0.13707165	0	0	0	0	0	0	0	0	0	0	0	0	0	0	0	0	0	0	0	0	0	0	0.098086124	0	0.22916667	0	0	0	0	0	0	0	0	0	0	0	0	0	0	0	0	0	0	0	0	0	0	0	0	0	0.16833667	0	0	0	0.32432432	0	0	0	0	0	0	0	0	0	0	0	0.22916667	0	0	0	0	0.098195747	0	0	0	0
0.17535545	0	0	0	0	0	0	0	0	0	0	0	0	0	0	0	0	0	0	0	0	0.20165746	0	0	0.2761194	0	0	0	0	0	0	0	0	0	1	0	0	0	0	0	0	0	0	0	0	0	0.19072165	0	0	0.19270833	0	0	0	0	0	0	0	0	0	0.29411765	0	0	0	0.25	0	0	0	0	0	0	0	0	0	0	0	0.34506549	0	0	0	0	0	0	0	0	0	0.27142857	0	0	0	0	0	0	0	0	0	0	0	0	0	0.13272727	0	0	0	0	0	0	0	0	0	0	0	0	0	0	0	0	0	0	0	0	0	0	0	0	0	0	0	0	0	0	0	0	0.26388889	0	0	0.24496644	0	0	0	0	0	0	0	0	0	0	0	0	0	0	0	0	0	0	0	0	0	0	0	0.35714286	0	0.64892508	0	0.20621469	0	0	0	0	0	0.35714286	0	0	0	0	0	0	0	0	0	0	0	0	0	0.26388889	0	0	0	0	0	0	0	0	0	0	0	0.25342466	0.26056338	0	0	0	0	0	0	0.47631201	0	0	0	0	0.28755833	0	0	0	0	0	0	0	0.20786517	0	0	0	0	0	0	0	0	0	0	0	0	0	0	0.32758621	0	0	0	0	0	0	0.35714286	0.27142857	0	0	0.21641791	0	0	0	0	0	0	0	0	0	0.21764706	0	0	0	0	0	0	0	0	0	0.21764706	0	0	0	0	0	0	0	0.27142857
0.13476658	0.10761589	0.17303103	0.27278448	0.14615385	0.10826446	0.20468368	0.094482759	0.18091956	0	0.14182195	0	0.15865903	0.097997139	0.12912621	0.21473142	0.10898502	0	0.10969185	0	0	0.15148675	0	0	0	0.22884692	0	0.38009695	0	0.14982937	0.12900188	0	0.23405228	0	0	1	0.2084153	0.15148675	0.15727605	0.25741629	0	0	0.09197787	0	0	0.10152672	0	0.13846585	0	0	0.1092504	0	0	0	0.46765241	0	0	0	0	0	0	0	0	0	0.75906505	0.25511827	0.12298025	0	0	0	0	0.09197787	0	0	0	0	0.19972452	0	0	0	0	0	0.23328956	0.1518847	0.18928823	0	0	0	0.12342342	0.10650407	0.14982937	0.09370725	0	0.14196273	0.1518847	0	0.21925669	0	0.13013699	0	0	0	0.17530549	0	0	0.19082839	0	0.1713948	0	0.2427233	0.15865903	0	0	0	0	0.10761589	0	0	0.1518847	0.19852785	0	0	0	0	0.17804695	0.1835443	0	0	0.23405228	0	0	0.17639903	0	0	0	0	0	0	0	0.09646539	0	0	0	0	0	0.19852785	0	0	0	0	0.16116613	0.1388309	0.31765468	0.23405228	0.14362851	0	0.18197191	0.68581815	0	0	0	0	0	0	0	0.35455465	0	0.13727455	0.13404446	0	0	0	0	0.79776734	0.4572305	0.25741629	0.10615883	0.10620915	0.19852785	0.23405228	0	0	0	0	0	0	0.15865903	0	0	0	0	0.19852785	0	0	0.092442645	0	0	0	0.93571684	0.12429907	0	0.17303103	0.22378517	0	0.31765468	0.25741629	0	0	0.1270872	0.34270441	0.14362851	0	0	0	0	0.47534676	0.16116613	0	0.12297646	0	0	0	0	0.21473142	0	0.19082839	0.20782148	0.27278448	0.20468368	0.15042161	0.21473142	0	0	0	0.19852785	0	0	0	0	0	0	0.14982937	0	0.14488789	0	0.16980154	0	0	0.25511827	0.1835443	0.20782148	0.23405228	0	0	0	0	0	0.21332313	0.18029455	0	0.14182195	0.14182195	0	0	0	0	0	0.26751911	0	0	0
0.51025207	0.12564991	0.20408163	0.39342188	0.1728972	0.12629758	0.30541419	0.10888252	0.20495079	0	0.16666667	0.14705882	0.72572901	0.11309524	0.19400595	0.31994184	0.1271777	0	0.12267444	0.20930233	0	0.25391954	0.50677105	0	0	0.20826154	0	0.2508276	0	0.62415105	0.15079365	0	0.34544821	0	0	0.2084153	1	0.59903968	0.17733832	0.29226293	0	0	0.10632184	0.17657756	0.15833333	0.11783439	0	0.4307321	0	0	0.16220142	0.15486726	0	0	0.15943355	0.17117117	0	0.11392405	0	0	0	0	0	0	0.23361532	0.30541419	0.14339623	0.11945392	0	0	0.12265758	0.10632184	0	0	0	0	0.23809524	0	0	0	0.11953169	0	0.27209495	0.17924528	0.27924945	0	0	0.28545908	0.14393939	0.12414966	0.62415105	0.10795455	0	0.15203272	0.17924528	0	0.25551272	0	0.15289256	0.14191081	0	0	0.89873897	0	0	0.27837178	0	0.2020202	0	0.29649606	0.72572901	0	0	0	0	0.12564991	0	0	0.17924528	0.29226293	0	0	0	0	0.25874361	0.2173913	0	0	0.34544821	0.18367347	0	0.28941023	0	0	0	0	0	0	0	0.11196319	0	0	0	0	0	0.29226293	0	0	0	0.25826594	0.69351454	0.16371681	0.34544821	0.34544821	0.16972477	0	0.26623382	0.1802787	0	0	0.13846154	0	0	0	0	0.22969766	0	0.16101695	0.48389192	0	0	0	0.097560976	0.21750094	0.2084153	0.29226293	0.12372881	0.12393162	0.29226293	0.34544821	0	0	0	0	0	0	0.72572901	0	0	0	0	0.29226293	0	0	0.10644258	0	0	0	0.21750094	0.14566929	0	0.20408163	0.22765002	0	0.34544821	0.29226293	0	0	0.1484375	0.24750834	0.16972477	0	0	0	0	0.27842565	0.27572108	0.099074832	0.10440622	0	0	0	0	0.31994184	0	0.27837178	0.30001626	0.39342188	0.37939825	0.17077942	0.31994184	0	0	0	0.29226293	0.14754098	0	0	0	0	0	0.62415105	0	0.56050029	0	0.18358054	0	0	0.30541419	0.2173913	0.30001626	0.34544821	0	0	0	0	0	0.23677635	0.40302092	0	0.16666667	0.16666667	0	0	0	0	0.093055376	0.30208875	0	0	0
0.56096092	0.10862355	0.17464115	0.33158802	0.14757709	0.10927152	0.26724936	0.095303867	0.14963943	0	0.14315353	0.13346614	0.39856445	0.098853868	0.15646163	0.29016005	0.11	0	0.092515926	0.18648649	0	0.2225	0.36327268	0	0	0.15423892	0	0.18412212	0	0.35386395	0.13018868	0	0.24129129	0	0	0.15148675	0.59903968	1	0.13091184	0.20479685	0	0	0.092797784	0.15077815	0.14426877	0.10244648	0	0.30516485	0	0	0.13432566	0.14016736	0	0	0.11950372	0.15531915	0	0.10486322	0	0	0	0	0	0	0.16947249	0.21132435	0.12410072	0.10947712	0	0	0.11256117	0.092797784	0	0	0	0	0.20165746	0	0	0	0.10333018	0	0.19336383	0.15333333	0.19531708	0	0	0.22163882	0.12454874	0.10749186	0.35386395	0.094520548	0	0.11454622	0.15333333	0	0.18191402	0	0.13137255	0.12527057	0	0	0.47119687	0	0	0.19672367	0	0.17298578	0	0.20560633	0.39856445	0	0	0	0	0.10862355	0	0	0.15333333	0.20479685	0	0	0	0	0.18348139	0.18527919	0	0	0.24129129	0.16507177	0	0.22645165	0	0	0	0	0	0	0	0.097345133	0	0	0	0	0	0.20479685	0	0	0	0.21359789	0.78657492	0.14016736	0.24129129	0.33360767	0.14502165	0	0.1876485	0.13273307	0	0	0.12637363	0	0	0	0	0.16509558	0	0.13855422	0.34421806	0	0	0	0.090314136	0.15790629	0.15148675	0.20479685	0.10714286	0.10720131	0.20479685	0.24129129	0	0	0	0	0	0	0.39856445	0	0	0	0	0.20479685	0	0	0.093243243	0	0	0	0.15790629	0.12546816	0	0.17464115	0.16923498	0	0.24129129	0.20479685	0	0	0.12825279	0.17622385	0.14502165	0	0	0	0	0.19674172	0.24949887	0.08574534	0.079688296	0	0	0	0	0.22163882	0	0.19672367	0.21399522	0.28047006	0.21132435	0.12653035	0.22163882	0	0	0	0.20479685	0.13424125	0	0	0	0	0	0.35386395	0	0.32424606	0	0.13661222	0	0	0.21132435	0.18527919	0.21399522	0.24129129	0	0	0	0	0	0.17310063	0.27846676	0	0.14315353	0.14315353	0	0	0	0	0.080416532	0.21510812	0	0	0
0.11841219	0.10917719	0.19697852	0.22090243	0.15130532	0.11276591	0.16836167	0.21506376	0.32465502	0	0.33569776	0	0.13686411	0.22811124	0.13527827	0.17619542	0.11408237	0	0.1998271	0	0	0.13091184	0	0	0	0.28892316	0	0.15351855	0.14176245	0.12952354	0.30982515	0	0.19115837	0.16334661	0	0.15727605	0.17733832	0.13091184	1	0.21756064	0	0	0.10004412	0	0.11551155	0.10970899	0	0.12304263	0	0	0.11799279	0	0	0	0.16622125	0.12982456	0	0	0	0	0	0	0	0	0.18701018	0.38493606	0.12327421	0	0	0	0	0.10004412	0	0.10903427	0	0	0.22090243	0	0	0	0.073684211	0	0.31362383	0.16400474	0.15812076	0	0	0	0.13723449	0.10943431	0.12952354	0.22426735	0	0.19804991	0.16400474	0	0.37917525	0	0.77421127	0	0	0	0.15052715	0	0	0.1601648	0	0.19476747	0	0.34700509	0.13686411	0	0	0	0	0.10917719	0	0	0.16400474	0.16546124	0	0	0	0	0.15025683	0.20728379	0	0	0.19115837	0	0	0.20061835	0	0	0	0	0	0	0	0.10052796	0.13307985	0	0	0	0	0.16546124	0.11764706	0	0	0	0.13887621	0.14427805	0.19115837	0.19115837	0.14859286	0	0.15306647	0.14549412	0	0	0	0	0	0	0	0.13775255	0	0.3250786	0.11959523	0	0	0	0	0.16813355	0.15727605	0.29935867	0.10880089	0.10770292	0.16546124	0.19115837	0	0	0	0	0	0	0.13686411	0	0	0	0	0.16546124	0.13307985	0	0.21038049	0	0	0	0.16813355	0.13236344	0	0.14092664	0.17202793	0	0.19115837	0.29935867	0	0	0.1341371	0.144782	0.14859286	0	0	0	0	0.16017749	0.13887621	0.065764023	0.072876826	0.12714777	0	0	0	0.17619542	0	0.1601648	0.17370633	0.22090243	0.16836167	0.10971067	0.17619542	0	0	0	0.16546124	0	0	0	0	0	0	0.12952354	0	0.12535187	0	0.2983076	0	0	0.38493606	0.32894014	0.17370633	0.19115837	0	0	0	0	0	0.14480442	0.18916753	0	0.15521751	0.33569776	0	0	0	0	0	0.3063981	0	0	0
0.17617253	0.13064833	0.22839506	0.44701843	0.18888889	0.13137255	0.32229826	0.11111111	0.26335201	0	0.18041237	0	0.21492023	0.11589404	0.16190476	0.34381578	0.13241107	0	0.13988571	0	0	0.20479685	0	0	0	0.26530903	0	0.25061506	0	0.20088072	0.16055046	0	0.38036696	0	0	0.25741629	0.29226293	0.20479685	0.21756064	1	0	0	0.10828025	0	0	0.12142857	0	0.17837402	0	0	0.13157895	0	0	0	0.20340058	0	0	0	0	0	0	0	0	0	0.32432175	0.45222685	0.15151515	0	0	0	0	0.10828025	0	0	0	0	0.2761194	0	0	0	0	0	0.3826965	0.19662921	0.28767846	0	0	0	0.15217391	0.12884615	0.20088072	0.11006289	0	0.1861575	0.19662921	0	0.34684609	0	0.16346154	0	0	0	0.24094656	0	0	0.28684468	0	0.22560976	0	0.42128414	0.21492023	0	0	0	0	0.13064833	0	0	0.19662921	0.30601347	0	0	0	0	0.26014183	0.24666667	0	0	0.38036696	0	0	0.23417722	0	0	0	0	0	0	0	0.11472603	0	0	0	0	0	0.30601347	0	0	0	0	0.22118895	0.17708333	0.38036696	0.38036696	0.18478261	0	0.2703582	0.22624804	0	0	0	0	0	0	0	0.22492962	0	0.17326733	0.17125752	0	0	0	0	0.28168866	0.25741629	0.44328069	0.12835249	0.12862669	0.30601347	0.38036696	0	0	0	0	0	0	0.21492023	0	0	0	0	0.30601347	0	0	0.10835913	0	0	0	0.28168866	0.15454545	0	0.22839506	0.22260368	0	0.38036696	0.44328069	0	0	0.15765766	0.24500159	0.18478261	0	0	0	0	0.28694217	0.22118895	0	0.092049544	0	0	0	0	0.34381578	0	0.28684468	0.31554826	0.44701843	0.32229826	0.15807762	0.34381578	0	0	0	0.30601347	0	0	0	0	0	0	0.20088072	0	0.19286459	0	0.33124707	0	0	0.45222685	0.24666667	0.31554826	0.38036696	0	0	0	0	0	0.23305526	0.25336399	0	0.18041237	0.18041237	0	0	0	0	0	0.45554134	0	0	0
0	0	0	0	0	0	0	0	0	0.26027397	0	0	0	0	0	0	0	0	0	0	0	0	0	0.52052065	0	0	0	0	0	0	0	0.35714286	0	0	0	0	0	0	0	0	1	0	0	0	0	0	0.30059928	0.23312823	0	0	0	0	0	0	0	0	0	0	0.41201915	0.29411765	0.32827613	0	0.36810362	0	0	0	0	0.23150372	0	0	0	0	0	0	0	0	0	0	0	0	0.10674157	0	0	0	0	0	0	0	0	0	0	0	0	0	0	0.71030992	0	0	0	0	0	0	0	0	0	0	0	0	0.32758621	0	0	0.45835946	0	0	0.2375	0	0.71030992	0	0	0	0	0	0.87278945	0	0	0	0	0	0	0	0	0	0.26388889	0.52052065	0.35714286	0	0.41116435	0	0	0	0.26388889	0	0	0	0	0	0.34678503	0.25641026	0	0.3577076	0	0	0	0	0	0	0	0	0	0	0	0.28571429	0	0	0	0	0	0	0.22303365	0	0	0	0	0	0	0	0	0	0	0	0	0	0.33841728	0	0	0	0	0	0	0	0	0	0	0	0	0	0	0	0	0	0	0	0	0	0	0	0	0	0	0	0	0	0	0.49789461	0.58783712	0	0	0.092964824	0	0	0	0	0	0	0.14503817	0	0	0	0	0	0	0	0	0	0	0	0	0	0	0	0	0	0	0	0.41116435	0	0	0.19791667	0	0	0	0	0	0	0	0	0	0	0	0	0	0	0	0	0	0	0	0	0	0	0
0	0	0	0	0	0	0	0	0	0	0	0	0	0.15142133	0	0	0	0	0.11500208	0	0	0	0	0	0	0.26978286	0.23073205	0	0	0	0	0	0	0	0	0	0	0	0	0	0	1	0.14725722	0	0	0.13257576	0	0	0.3259597	0	0	0	0.17755433	0	0	0	0	0	0	0	0	0	0	0	0	0	0.18629287	0	0	0	0.16571184	0.14725722	0	0.21612706	0	0	0	0	0	0	0	0	0	0	0	0	0	0	0	0.16816987	0	0.11589404	0	0	0	0	0	0.84454125	0	0	0	0	0	0	0	0	0.21750924	0	0	0	0	0	0	0	0	0	0	0	0	0	0.23073205	0	0	0	0	0	0	0	0	0	0	0	0	0	0	0	0	0	0	0.14868865	0	0	0	0.19318182	0	0	0	0	0	0	0	0	0	0	0	0	0	0	0	0	0	0	0	0	0	0	0	0	0	0	0	0.24952757	0.10501567	0	0	0	0.16458122	0	0	0	0	0.5757496	0	0	0	0.31355932	0	0	0	0	0	0	0	0	0	0	0	0	0	0	0	0	0	0	0	0	0	0	0	0	0	0	0	0	0	0	0	0	0	0.24952757	0	0	0	0	0	0	0	0	0	0	0	0	0.19318182	0	0	0	0	0	0	0	0	0	0	0	0	0	0	0	0	0	0	0	0	0	0	0.21750924	0	0.32123569	0	0.19318182	0	0	0	0	0.84454125	0.25462658	0	0	0	0	0
0.085677749	0.096744248	0.16372386	0.12671233	0.12810591	0.099664837	0.11204013	0.095396554	0.11326374	0	0.13211839	0	0.094444444	0.2526261	0.11676779	0.11409396	0.10065018	0	0.56464406	0	0	0.092797784	0	0	0	0.13849567	0.3030647	0.099431818	0	0.092541436	0.12362013	0	0.11824324	0	0	0.09197787	0.10632184	0.092797784	0.10004412	0.10828025	0	0.14725722	1	0	0	0.28395983	0	0.082938389	0.18179299	0	0.10434933	0	0.2616136	0	0.095723651	0	0	0	0	0	0	0	0	0	0.096045198	0.11204013	0.15228412	0	0	0	0.23527493	0.78459731	0	0.3177871	0	0	0.17948642	0	0	0	0	0	0.14211285	0.13825854	0.10634921	0	0	0	0.11921499	0.2778546	0.092541436	0.26375208	0	0.087909137	0.13825854	0	0.12618466	0.14725722	0.11786135	0	0	0	0.098314607	0	0	0.10559006	0.2762091	0.16224353	0	0.11101836	0.094444444	0	0	0	0	0.096744248	0	0	0.13825854	0.10828025	0.3030647	0	0	0	0.10244648	0.1705842	0	0	0.11824324	0	0	0.16615543	0	0	0	0	0	0	0	0.26172565	0	0	0	0.12940495	0	0.10828025	0	0	0	0	0.094972067	0.12319271	0.11824324	0.11824324	0.12622512	0	0.10371517	0.082309582	0	0	0	0	0	0	0	0.095441595	0	0.12898809	0.081018519	0	0	0.15379686	0.069979716	0.093314763	0.09197787	0.10828025	0.2702393	0.09562053	0.10828025	0.11824324	0	0.14725722	0	0	0	0.13013699	0.094444444	0	0	0	0	0.10828025	0	0	0.093723845	0	0	0	0.093314763	0.11462378	0	0.115625	0.11661586	0	0.11824324	0.10828025	0	0	0.11637663	0.10091047	0.12622512	0	0	0	0	0.10559006	0.094972067	0	0.057755776	0.15379686	0	0	0	0.11409396	0	0.10559006	0.109375	0.12671233	0.11204013	0.080335731	0.11409396	0	0.12940495	0	0.10828025	0	0	0	0	0	0	0.092541436	0	0.091597796	0	0.10408773	0	0	0.11204013	0.1705842	0.109375	0.11824324	0	0	0	0.2762091	0	0.14932554	0.12603786	0.12940495	0.13211839	0.13211839	0	0	0.14725722	0.34674105	0	0.115625	0	0	0
0.13464244	0.12738295	0	0	0	0.134075	0	0	0.12152778	0	0	0.25016709	0.15208982	0	0.15790777	0	0	0	0	0.23323846	0	0.15263688	0.1451419	0	0	0	0	0	0	0.14697831	0.13028169	0	0	0	0	0	0.17657756	0.15077815	0	0	0	0	0	1	0.13970588	0	0	0.1654127	0	0.125	0.10843373	0.13565891	0	0	0	0.1496063	0.26693381	0.10344828	0	0	0	0	0	0	0	0	0	0.18710567	0	0	0.11059908	0	0	0	0	0	0	0	0	0.12056738	0.078828829	0	0	0.22079812	0	0.1622807	0	0.16504854	0.23052286	0	0.14697831	0	0	0	0.15163934	0	0	0	0	0.15932445	0	0	0.16076592	0	0.20510143	0	0	0	0	0	0.15208982	0	0	0	0	0.12738295	0	0	0.15163934	0	0	0	0	0.22573075	0	0.18981481	0.17884125	0	0	0.20839599	0	0.24030475	0	0	0	0	0	0	0	0	0	0	0	0	0.31610635	0	0	0	0.14015152	0.14453125	0.15868529	0	0	0	0	0	0	0	0.13944223	0	0.2535912	0	0	0	0	0	0	0	0.16450347	0	0	0	0.089775561	0	0	0	0	0.12546511	0	0	0	0	0	0	0	0	0.15208982	0	0	0	0.30339592	0	0	0.17156863	0	0	0	0	0	0	0	0.3023792	0	0	0	0	0	0.1468254	0	0	0	0	0	0	0	0	0.16244468	0.069958848	0	0	0	0	0	0	0	0	0	0	0	0	0	0	0	0	0	0.1700617	0	0	0	0.1622807	0	0.14697831	0	0.14375007	0	0	0	0	0	0	0	0	0	0	0	0	0	0	0.13461538	0	0.14230769	0	0	0	0	0	0.06916129	0	0.55045563	0	0
0.12897527	0	0	0	0	0	0	0.10410959	0	0	0.24054315	0.14566929	0.14484127	0.10795455	0	0	0	0.19	0	0	0	0	0.13013699	0	0	0	0	0	0.17757009	0.14271654	0.14179104	0	0	0.20588235	0	0	0.15833333	0.14426877	0.11551155	0	0	0	0	0.13970588	1	0	0	0.12101911	0	0	0.17838274	0.22386913	0	0	0.10982659	0.33869474	0	0.20023933	0	0	0	0	0	0	0	0	0.12455516	0.1197411	0	0	0.17593179	0	0	0.13138686	0	0	0	0	0	0	0.08411215	0	0	0	0	0	0	0	0	0	0.14271654	0.10326087	0	0	0	0	0	0	0.13953488	0.17623204	0	0	0.14919355	0	0	0	0	0	0	0	0.14484127	0	0	0	0	0	0	0	0	0	0	0	0	0	0	0	0	0.20652174	0	0	0.19148936	0	0	0	0	0	0	0	0	0	0.16666667	0	0	0	0	0	0.20050836	0	0	0	0.148	0	0	0	0	0	0	0	0	0	0.13768116	0	0	0	0	0	0	0.2155744	0.11728395	0	0	0	0.098701299	0	0	0	0	0	0	0	0	0	0	0	0.18421053	0	0.14484127	0.20652174	0	0	0	0	0.24108611	0	0.10187668	0	0.17757009	0	0	0	0	0	0	0	0	0	0	0	0	0	0	0	0	0	0	0	0	0.074468085	0	0.1557377	0	0	0	0	0	0	0	0	0	0	0	0	0	0	0	0	0	0	0	0	0.15833333	0.14271654	0	0.14166667	0	0.11940299	0	0	0	0.21	0	0	0	0	0	0	0	0	0	0	0	0.1557377	0	0	0	0	0	0	0	0	0
0.093837535	0.10590456	0.18541665	0.14341085	0.14428234	0.10934702	0.12641509	0.10311989	0.12546039	0	0.14815458	0	0.10429448	0.20560475	0.12987006	0.12878788	0.11060489	0	0.20962847	0	0	0.10244648	0	0	0	0.12698953	0.1340596	0.11006289	0	0.10213415	0.13752488	0	0.13358779	0	0	0.10152672	0.11783439	0.10244648	0.10970899	0.12142857	0	0.13257576	0.28395983	0	0	1	0	0.090206186	0.16789949	0	0.11440445	0	0.1149901	0	0.10419185	0	0	0	0	0	0	0	0	0	0.10625	0.12641509	0.14483655	0	0	0	0.10889936	0.28395983	0	0.13207905	0	0	0.20594685	0	0	0	0	0	0.16051243	0.15588991	0.11921708	0	0	0	0.13197077	0.23901094	0.10213415	0.74527737	0	0.095236474	0.15588991	0	0.14218687	0.13257576	0.13131294	0	0	0	0.10869565	0	0	0.11805556	0.1282611	0.18339362	0	0.1252354	0.10429448	0	0	0	0	0.10590456	0	0	0.15588991	0.12142857	0.1340596	0	0	0	0.11433447	0.19442597	0	0	0.13358779	0	0	0.18865143	0	0	0	0	0	0	0	0.22314064	0	0	0	0.29559949	0	0.12142857	0	0	0	0	0.10493827	0.13795905	0.13358779	0.13358779	0.14181025	0	0.11591696	0.089812332	0	0	0	0	0	0	0	0.10567823	0	0.14417848	0.087939698	0	0	0.14210279	0.092078723	0.10307692	0.10152672	0.12142857	0.23163334	0.10454197	0.12142857	0.13358779	0	0.13257576	0	0	0	0.21228983	0.10429448	0	0	0	0	0.12142857	0	0	0.10116161	0	0	0	0.10307692	0.12740461	0	0.12937063	0.12956815	0	0.13358779	0.12142857	0	0	0.12902361	0.11252115	0.14181025	0	0	0	0	0.11805556	0.10493827	0	0.061188811	0.14210279	0	0	0	0.12878788	0	0.11805556	0.12237762	0.14341085	0.12641509	0.087467363	0.12878788	0	0.29559949	0	0.12142857	0	0	0	0	0	0	0.10213415	0	0.10106383	0	0.11416326	0	0	0.12641509	0.19442597	0.12237762	0.13358779	0	0	0	0.1282611	0	0.1379993	0.14109956	0.29559949	0.14815458	0.14815458	0	0	0.13257576	0.14434872	0	0.12937063	0	0	0
0.14503952	0	0	0	0	0	0	0	0	0.22343849	0	0	0	0	0	0	0	0	0	0	0	0.15732193	0	0.24257209	0.20960023	0	0	0	0	0	0	0.30059928	0	0	0.19072165	0	0	0	0	0	0.30059928	0	0	0	0	0	1	0.15400347	0	0.16012288	0	0	0	0	0	0	0	0	0.22369666	0.44439634	0.4371687	0	0.2045308	0.14782609	0	0	0	0.15320204	0	0	0	0	0	0	0	0.13779528	0	0	0	0	0.11304364	0	0	0	0	0.21835899	0	0	0	0	0	0	0	0	0	0.30059928	0	0	0	0.11609941	0	0	0	0	0	0	0	0	0.26240832	0	0	0.5780343	0	0	0.21227421	0	0.30059928	0	0	0	0	0	0.26240832	0	0	0	0	0	0	0	0	0	0.36223525	0.24257209	0.30059928	0.14502165	0.21557656	0	0	0	0.22750666	0	0	0	0	0	0.2016448	0.24405137	0	0.20479305	0	0	0	0	0	0	0	0	0	0.28338851	0	0.32057296	0	0.12934363	0	0	0	0	0.14905933	0.36281625	0	0	0	0	0	0	0	0	0	0	0	0	0.19915853	0.21289505	0	0	0	0	0	0	0	0	0	0	0	0.14912281	0.20112198	0	0	0	0	0	0	0.16517857	0	0	0	0	0.12411348	0	0	0	0	0.24289257	0.26240832	0	0.16789572	0.094328225	0	0	0	0	0	0	0.1457185	0	0	0	0	0	0	0.17676768	0	0	0	0	0	0	0.19072165	0.21835899	0	0	0.16758281	0	0.21557656	0	0	0.13138686	0	0	0	0	0.17652298	0	0	0	0	0	0	0	0	0	0.13492063	0	0	0	0	0	0	0	0.32057296
0.27189712	0.094482759	0.14074074	0.23312823	0.12152778	0.095041322	0.181842	0.085106383	0.13793605	0.13043478	0.1192053	0.11217949	0.31549723	0.087804878	0.17314549	0.18963011	0.095567867	0	0.090989699	0.19208951	0	0.20214563	0.24508983	0.18963011	0	0.14166157	0	0.1646396	0	0.28926839	0.11042945	0.15702479	0.20428464	0	0	0.13846585	0.4307321	0.30516485	0.12304263	0.17837402	0.23312823	0	0.082938389	0.1654127	0.12101911	0.090206186	0.15400347	1	0	0	0.12290119	0.11666667	0	0	0.11403128	0.12837838	0	0.092307692	0.18054644	0.14285714	0.15597839	0	0.16620478	0	0.15297202	0.181842	0.10619469	0.15868062	0	0	0.097959184	0.082938389	0	0	0	0	0.15702479	0	0	0	0.091141175	0	0.17049105	0.12587413	0.17106233	0	0	0.13709677	0.10650888	0.09375	0.28926839	0.084507042	0	0.10983027	0.12587413	0.23312823	0.16157407	0	0.11075949	0.1929027	0	0	0.35761911	0	0	0.17273195	0	0.13970588	0.14634146	0.1774539	0.31549723	0.18706281	0	0	0.12413793	0.094482759	0.23312823	0	0.12587413	0.17837402	0	0	0.20428464	0	0.16261247	0.14728682	0	0	0.20428464	0.17492805	0	0.2583195	0.13138686	0.18963011	0.15702479	0	0.17274745	0	0	0.08625	0.13138686	0	0	0	0	0.17837402	0.16591804	0.13286713	0	0.21359794	0.34051919	0.11666667	0.20428464	0.20428464	0.11986301	0	0.16566513	0.12446622	0	0	0.10778443	0.14074074	0	0	0	0.14932887	0	0.11612903	0.8543241	0	0	0	0.081264108	0.14372006	0.13846585	0.17837402	0.093495935	0.093451569	0.17837402	0.20428464	0	0	0.16446524	0	0	0	0.31549723	0	0	0	0	0.17837402	0	0	0.083526682	0	0	0	0.14372006	0.10670732	0	0.14074074	0.15354613	0	0.20428464	0.17837402	0	0	0.10909091	0.15692627	0.11986301	0	0	0.19212092	0.20428464	0.17274745	0.22138222	0.078104123	0.07964597	0	0	0	0	0.18963011	0.091836735	0.17273195	0.18603916	0.23312823	0.181842	0.11930749	0.18963011	0	0	0	0.17837402	0.14717147	0	0	0	0	0	0.28926839	0	0.27169043	0.17274745	0.12775302	0	0.11180124	0.181842	0.14728682	0.18603916	0.20428464	0	0	0	0	0	0.15598209	0.20358446	0	0.1192053	0.1192053	0	0	0	0	0.06364284	0.18706281	0	0	0
0	0	0	0	0	0	0	0	0	0	0	0	0	0.3593384	0	0	0	0	0.13841352	0	0	0	0	0	0	0.18564826	0.27117129	0	0	0	0	0	0	0	0	0	0	0	0	0	0	0.3259597	0.18179299	0	0	0.16789949	0	0	1	0	0	0	0.21241148	0	0	0	0	0	0	0	0	0	0	0	0	0	0.4117744	0	0	0	0.19451032	0.18179299	0	0.26205718	0	0	0	0	0	0	0	0	0	0	0	0	0	0	0	0.38515209	0	0.14898656	0	0	0	0	0	0.3259597	0	0	0	0	0	0	0	0	0.25047889	0	0	0	0	0	0	0	0	0	0	0	0	0	0.27117129	0	0	0	0	0	0	0	0	0	0	0	0	0	0	0	0	0	0	0.34225953	0	0	0	0.24182424	0	0	0	0	0	0	0	0	0	0	0	0	0	0	0	0	0	0	0	0	0	0	0	0	0	0	0	0.6338881	0.12809145	0	0	0	0.37601866	0	0	0	0	0.3259597	0	0	0	0.4314465	0	0	0	0	0	0	0	0	0	0	0	0	0	0	0	0	0	0	0	0	0	0	0	0	0	0	0	0	0	0	0	0	0	0.6338881	0	0	0	0	0	0	0	0	0	0	0	0	0.24182424	0	0	0	0	0	0	0	0	0	0	0	0	0	0	0	0	0	0	0	0	0	0	0.25047889	0	0.21404253	0	0.24182424	0	0	0	0	0.3259597	0.30624129	0	0	0	0	0
0.14530592	0.1104	0	0	0	0.11182109	0	0	0.17758872	0	0	0	0	0	0	0	0	0	0	0	0	0.15748109	0	0	0.20837496	0	0	0	0	0	0.13768116	0	0	0	0.19270833	0	0	0	0	0	0	0	0	0.125	0	0	0.16012288	0	0	1	0	0	0	0	0	0	0.15765766	0	0	0.25036622	0	0	0	0.14912281	0	0	0	0	0	0	0	0	0	0	0	0.13888889	0	0	0	0.17129107	0	0	0	0.16101695	0	0.64146498	0	0	0.125	0	0	0	0	0	0.23217826	0	0	0	0	0.11618387	0	0	0	0	0.17336683	0	0	0	0	0	0	0	0	0	0	0.1104	0	0	0.2423248	0	0	0	0	0.13358779	0	0.20192308	0.152	0	0	0	0	0	0.2119933	0	0	0.14628821	0	0	0	0	0	0	0	0	0.16981132	0	0	0	0.1484375	0	0	0	0	0	0	0	0	0	0.20544341	0.28171252	0	0.15909091	0	0.13035019	0	0	0	0	0	0.28171252	0	0	0	0	0	0	0	0.10900474	0	0	0	0	0	0.2119933	0	0	0	0	0	0	0.16363636	0	0	0.25983675	0	0.15044248	0.20012876	0	0	0	0	0.16363636	0	0.16666667	0	0	0	0.28756825	0.125	0	0	0	0	0	0	0	0.16779528	0	0	0	0	0	0	0	0	0	0	0	0	0	0	0.17857143	0	0	0	0	0	0	0.19270833	0.39721482	0	0	0.16721062	0	0	0	0	0	0	0	0	0	0.17601979	0	0	0	0	0	0	0	0.15079365	0	0.136	0	0	0	0	0	0.16981132	0	0.2171685
0.1216048	0.11380137	0.20224534	0.1557377	0.1577158	0.1176983	0.1374502	0.16519556	0.13564621	0	0.1613094	0.11146497	0.13700852	0.1144909	0.14078425	0.14	0.11921254	0	0.087007304	0	0	0.11022364	0.10227273	0	0	0.10746269	0	0.11842105	0	0.13188409	0.14902716	0	0.14516129	0	0	0.1092504	0.16220142	0.13432566	0.11799279	0.13157895	0	0	0.10434933	0.10843373	0.17838274	0.11440445	0	0.12290119	0	0	1	0.35824322	0	0.17551424	0.11155647	0.18908195	0	0.12490073	0.13309353	0	0	0.14084507	0.12989324	0	0.11437908	0.1374502	0.10557185	0.094850949	0	0	0.13080278	0.10434933	0	0	0	0.125	0.22644841	0	0.14618355	0	0	0	0.17525892	0.1702526	0.12921348	0	0	0	0.14251011	0.11391217	0.13188409	0.11113452	0.11825776	0.10174349	0.1702526	0	0.15537566	0	0.14255941	0.13497584	0.20465283	0	0.14585709	0	0	0.12773723	0	0.19970183	0	0.1361829	0.13700852	0	0	0.15322581	0	0.11380137	0	0	0.1702526	0.13157895	0	0	0	0	0.12365591	0.21302788	0	0	0.14516129	0	0	0.2061849	0	0	0	0.17541328	0	0	0.24458924	0.10482968	0	0.13515612	0	0	0	0.13157895	0	0	0	0	0.14095237	0.26103327	0.14516129	0.14516129	0.15471224	0.20493193	0.12545455	0.096100279	0	0	0.10714286	0	0.1163522	0.1197411	0	0.11386139	0.14541833	0.15664432	0.11886413	0	0	0	0.080898876	0.11093248	0.1092504	0.13157895	0.11320349	0.11224651	0.13157895	0.14516129	0	0	0.12046205	0	0	0	0.13700852	0	0.1369863	0	0	0.13157895	0	0	0.16155156	0.19016524	0	0	0.11093248	0.13821283	0	0.13970588	0.23010414	0	0.14516129	0.13157895	0	0	0.13953683	0.12166963	0.15471224	0	0	0	0	0.12773723	0.11290323	0	0.10438206	0	0	0.15375584	0	0.14	0.093908629	0.12773723	0.13235294	0.1557377	0.1374502	0.14903523	0.14	0	0	0	0.13157895	0	0	0	0	0	0	0.13188409	0	0.12870392	0	0.15427063	0.18557687	0.12345679	0.1374502	0.21302788	0.13235294	0.14516129	0	0	0.148	0	0	0.11726384	0.15350265	0	0.1613094	0.1613094	0.12582781	0	0	0	0.068251715	0.13970588	0	0.15375584	0
0.12453532	0	0	0	0	0	0	0.098290598	0	0	0	0.14166667	0.1407563	0	0	0	0	0	0	0	0	0	0.12589928	0	0	0	0	0	0	0.13854167	0	0	0	0	0	0	0.15486726	0.14016736	0	0	0	0	0	0.13565891	0.22386913	0	0	0.11666667	0	0	0.35824322	1	0	0.15652174	0	0.24201529	0	0.14477336	0.17156863	0	0	0.18095238	0.16666667	0	0	0	0	0.11525424	0	0	0.15315523	0	0	0	0	0.15652174	0	0	0.1374502	0	0	0	0	0	0	0	0	0	0	0	0.13854167	0	0.10681115	0	0	0	0	0	0	0.15601695	0.13432836	0	0.14529915	0	0	0	0	0	0	0	0.1407563	0	0	0.20689655	0	0	0	0	0	0	0	0	0	0	0	0	0	0	0	0	0	0	0	0	0	0.16908213	0	0	0.22352941	0	0	0.12068966	0	0	0	0	0	0	0	0	0.1440678	0.15789474	0	0	0	0.17431193	0	0	0	0	0.13358779	0	0.14344262	0.14893617	0	0	0.19491525	0	0.11290323	0	0	0	0.094339623	0	0	0	0	0	0	0	0	0	0.15065502	0	0	0	0.1407563	0	0.17431193	0	0	0	0	0	0.096100279	0.17647059	0	0	0	0	0	0	0.14	0	0	0	0	0	0	0	0	0	0	0	0	0	0	0	0.074380165	0	0	0.14680851	0	0	0.109375	0	0	0	0	0.11694915	0	0	0	0	0	0	0	0	0	0	0	0.13854167	0	0.13744813	0	0.11913043	0.1682243	0.152	0	0	0	0	0	0	0.19886364	0	0	0	0	0	0	0	0.15789474	0	0	0	0.074965612	0	0	0.14680851	0
0	0	0	0	0	0	0	0	0	0	0	0	0	0.12737496	0	0	0	0	0.29596427	0	0	0	0	0	0	0.12422973	0.50259206	0	0	0	0	0	0	0	0	0	0	0	0	0	0	0.17755433	0.2616136	0	0	0.1149901	0	0	0.21241148	0	0	0	1	0	0	0	0	0	0	0	0	0	0	0	0	0	0.13894591	0.12709677	0.21036322	0	0.36309804	0.42546378	0	0.55153726	0	0	0	0	0.15634001	0	0.18631506	0	0	0	0	0	0	0	0	0.13204288	0	0.10451092	0.11286386	0	0	0	0	0.17755433	0	0	0	0	0	0	0	0	0.43809359	0	0	0	0	0	0	0	0.17724291	0	0	0	0	0	0.50259206	0.13584906	0	0	0	0	0.17026355	0	0	0	0	0	0	0	0	0	0	0	0	0.1214176	0	0.12995342	0	0.14874629	0	0	0	0.18041194	0.18986571	0	0	0	0	0	0	0	0	0	0	0	0.15264326	0	0.29266485	0	0	0	0	0	0	0	0	0.1753482	0.077546296	0	0	0	0.12945951	0	0	0	0.13910983	0.17755433	0	0	0	0.16017316	0	0	0	0	0	0	0.18778221	0	0	0	0	0	0	0	0	0	0	0	0	0	0	0.17505348	0	0	0	0	0	0	0	0	0	0.14638633	0.082007629	0.1753482	0	0.16465604	0	0	0.23276778	0	0	0	0	0	0	0	0.14874629	0.21831711	0	0.16053649	0	0	0	0	0.17208652	0	0	0	0	0	0	0.15873171	0	0	0	0	0	0	0	0.43809359	0	0.13663047	0	0.14874629	0	0	0	0	0.17755433	0.6119138	0.079644989	0	0	0.16465604	0
0	0	0	0	0	0	0	0.14857207	0	0	0	0	0	0	0	0	0	0	0	0	0	0	0	0	0	0	0	0	0	0	0	0	0	0	0	0	0	0	0	0	0	0	0	0	0	0	0	0	0	0	0.17551424	0.15652174	0	1	0	0	0	0	0.30339104	0	0	0.24961361	0.27193095	0	0	0	0	0	0	0	0	0	0	0	0	0.15517241	0	0	0.13636364	0	0	0	0	0	0	0	0	0	0	0	0	0	0.19465411	0	0	0	0	0	0	0	0.24781784	0	0	0	0	0	0	0	0	0	0	0	0	0.41243881	0	0	0	0	0	0	0	0	0	0	0	0	0	0	0	0	0	0	0	0	0	0.16746411	0	0	0.22093023	0	0	0.24575912	0	0	0	0	0	0	0	0	0	0.3008507	0	0	0	0.34798565	0	0	0	0	0	0	0.14227642	0.14767932	0	0	0.33123242	0	0	0	0	0	0	0	0	0	0	0	0	0	0	0	0.24751632	0	0	0	0	0	0.23885394	0	0	0	0	0	0.14480622	0.17475728	0	0	0	0	0	0	0.13888889	0	0	0	0	0	0	0	0	0	0	0	0	0	0	0	0.096153253	0	0	0.14556962	0	0	0.10869565	0	0	0	0	0.11616162	0	0	0	0	0	0	0	0	0	0	0	0	0	0	0	0.18013178	0.16666667	0.15079365	0	0	0	0	0	0	0.36061924	0	0	0	0	0	0	0	0.15652174	0	0	0	0.098225103	0	0	0.14556962	0
0.10927959	0.10315875	0.17765096	0.19281312	0.1390666	0.10656934	0.14900287	0.10084943	0.19022025	0	0.14301506	0	0.12467644	0.10493666	0.12579546	0.15555793	0.10779582	0.28732991	0.12154388	0	0	0.11950372	0	0	0	0.19889938	0	0.33052713	0	0.11831701	0.13326061	0	0.1680571	0	0	0.46765241	0.15943355	0.11950372	0.16622125	0.20340058	0	0	0.095723651	0	0.10982659	0.10419185	0	0.11403128	0	0	0.11155647	0	0	0	1	0	0	0.090047393	0	0	0	0	0	0	0.6224676	0.19947277	0.094339623	0	0	0	0	0.095723651	0	0	0	0	0.1960561	0	0	0	0	0	0.23838488	0.15005311	0.14118873	0	0	0	0.12808804	0.10343634	0.11831701	0.10207861	0	0.15024616	0.15005311	0	0.21666393	0	0.12716368	0	0	0	0.1364572	0	0	0.14328689	0	0.17579474	0	0.19116462	0.12467644	0	0	0	0	0.10315875	0	0	0.15005311	0.14739606	0	0	0	0	0.13502735	0.18577957	0	0.1459854	0.1680571	0	0.18800993	0.18058582	0	0	0	0	0	0	0	0.095810417	0	0	0	0	0	0.14739606	0.17455237	0	0	0	0.12636169	0.1332555	0.23537885	0.1680571	0.13678567	0	0.13725342	0.46272619	0	0	0	0	0	0	0	0.31176352	0	0.13936353	0.1111421	0	0	0	0	0.5254781	0.46765241	0.20340058	0.10283905	0.10186145	0.14739606	0.1680571	0	0	0	0	0.17531236	0	0.12467644	0.1459854	0	0	0	0.14739606	0	0	0.098990802	0	0.19119803	0	0.5254781	0.1236064	0	0.12251656	0.21619542	0	0.23537885	0.20340058	0	0	0.12512269	0.30149153	0.13678567	0	0	0	0	0.39404056	0.12636169	0	0.12243579	0	0	0	0	0.15555793	0	0.14328689	0.15478278	0.19281312	0.14900287	0.1294987	0.15555793	0	0	0	0.14739606	0	0	0	0	0	0.23155986	0.11831701	0	0.1146838	0	0.17842655	0	0	0.19947277	0.18577957	0.15478278	0.1680571	0	0	0	0	0	0.17258762	0.17688912	0	0.14301506	0.14301506	0	0	0	0	0	0.21148511	0	0	0
0.13773585	0	0	0	0	0	0	0.11527378	0	0	0.17699115	0.15677966	0.15598291	0.11976048	0	0	0	0	0	0	0	0	0.13868613	0	0	0	0	0	0.76068324	0.15360169	0.16	0	0	0.72472004	0	0	0.17117117	0.15531915	0.12982456	0	0	0	0	0.1496063	0.33869474	0	0	0.12837838	0	0	0.18908195	0.24201529	0	0	0	1	0	0.1757404	0	0	0	0	0	0.16831683	0	0	0.14068441	0.12714777	0	0	0.18647952	0	0	0.21942505	0.38234498	0	0	0	0	0	0.092682927	0	0	0	0	0	0.24858101	0	0	0	0.15360169	0.11428571	0	0	0	0	0	0	0.15833333	0.1856463	0.16936323	0	0.16086957	0	0	0	0	0	0	0	0.15598291	0	0	0	0	0	0	0	0	0	0	0	0	0	0	0	0	0	0	0	0	0	0	0	0	0	0	0	0	0	0.29403556	0.16240316	0	0	0	0	0.24221082	0	0	0	0.15948276	0	0	0	0	0	0	0	0	0	0.14728682	0	0	0	0	0	0	0.17094017	0.12418301	0	0	0	0.10354223	0	0	0	0	0	0	0	0.16690461	0	0	0	0	0	0.15598291	0	0	0	0	0	0.19191919	0	0.11267606	0	0	0	0	0	0	0	0	0	0	0	0	0	0	0	0	0	0	0	0	0	0	0.081858407	0	0.17699115	0	0	0	0	0	0	0	0	0	0	0	0	0	0	0	0	0	0	0	0	0	0.15360169	0	0.15242616	0	0.1340388	0	0	0	0.24175824	0	0	0	0	0	0	0	0	0	0	0	0.17699115	0	0	0	0	0.084284094	0	0	0	0
0	0.20473709	0	0	0	0.22700057	0	0	0.15217391	0	0	0	0	0	0	0	0	0	0	0	0	0	0	0	0	0	0	0	0	0	0.16371681	0	0	0	0	0	0	0	0	0	0	0	0	0.26693381	0	0	0	0	0	0.15765766	0	0	0	0	0	0	1	0	0	0	0	0	0	0	0	0	0	0	0	0	0	0	0	0	0	0	0	0	0	0.15178571	0	0	0	0.30456649	0	0.21764706	0	0	0.20365822	0	0	0	0	0	0.19892473	0	0	0	0	0	0	0	0	0	0.42138162	0	0	0	0	0	0	0	0	0	0	0.20473709	0	0	0.19892473	0	0	0	0	0.6994954	0	0.25949367	0.32264673	0	0	0	0	0	0	0	0	0	0	0	0	0	0	0	0	0	0.87350839	0	0	0	0.17961165	0	0	0	0	0	0	0	0	0	0.18134715	0	0	0	0	0	0	0	0	0	0	0	0	0	0	0	0	0	0	0.20022155	0	0	0	0	0	0	0	0	0	0	0	0	0.58927313	0	0	0.23972603	0	0	0	0	0	0	0	0.29720006	0	0	0	0	0	0.19072165	0	0	0	0	0	0	0	0	0	0	0	0	0	0	0	0	0	0	0	0	0	0	0	0	0	0	0	0	0	0	0	0.21764706	0	0	0	0	0	0	0	0	0	0	0	0	0	0	0	0	0	0	0	0	0.18316832	0	0	0	0	0	0	0	0.48125178	0	0
0.096100279	0	0.12152778	0	0	0	0	0	0	0	0	0.10606061	0.10518293	0	0	0	0.092348285	0.13768116	0	0	0.10244648	0	0.097826087	0	0	0	0	0	0	0.10378788	0	0	0	0	0	0	0.11392405	0.10486322	0	0	0	0	0	0.10344828	0.20023933	0	0	0.092307692	0	0	0.12490073	0.14477336	0	0	0.090047393	0.1757404	0	1	0	0	0	0	0	0	0	0	0	0.10605725	0	0	0.17791401	0	0.25007491	0	0	0	0	0.19094618	0.1026393	0	0.071428571	0	0	0	0	0	0.12328767	0	0	0	0.10378788	0	0	0.07852194	0	0	0	0	0	0.12866937	0	0.13257576	0.10802469	0	0	0	0	0.11724138	0	0	0.10518293	0	0	0	0	0	0	0	0	0	0	0	0	0	0	0	0	0.14615385	0	0	0.13636364	0	0	0	0	0	0	0.3186896	0	0	0	0	0.17517425	0	0	0	0.11949686	0	0	0.11075949	0.10736196	0	0	0	0.14868072	0	0	0	0	0	0.12685269	0	0	0	0.13257576	0	0	0	0.09	0	0	0	0.078091106	0	0	0	0	0	0	0	0.24636885	0	0	0.12328767	0.13157895	0	0.10518293	0.14615385	0	0.13636364	0	0	0	0	0	0	0.13103448	0	0	0	0.13380282	0	0	0.11724138	0	0	0.20130249	0	0.13198605	0	0.21087756	0	0	0	0	0	0	0.064102564	0	0	0	0.10769231	0.12781955	0	0	0	0	0	0	0	0	0	0	0	0	0	0	0	0	0	0.12025316	0.10378788	0	0.10309668	0	0	0.18373655	0	0	0	0	0	0	0.13157895	0	0	0	0	0	0	0	0	0	0	0	0	0	0	0	0.10769231	0.13194444
0	0	0	0	0	0	0	0.1617468	0	0.2	0	0	0	0	0	0	0	0	0	0	0	0	0	0.32590141	0	0	0	0	0	0	0	0.26027397	0	0	0	0	0	0	0	0	0.41201915	0	0	0	0	0	0.22369666	0.18054644	0	0	0.13309353	0.17156863	0	0.30339104	0	0	0	0	1	0.22352941	0.23571963	0.28351077	0.91943904	0	0	0	0	0.17950721	0	0	0	0	0	0	0	0.16990291	0	0	0.14757709	0	0.092307692	0	0	0	0	0	0	0	0	0	0	0	0.17142872	0	0	0.41201915	0	0	0	0	0.1993522	0	0	0	0	0	0	0	0.24	0	0	0.30520154	0	0.50192357	0.18556701	0	0.41201915	0	0	0	0	0	0.35583333	0	0	0	0	0	0	0	0	0	0.20224719	0.32590141	0.26027397	0.18579235	0.27821419	0	0.25342466	0	0.20224719	0.21480214	0	0	0	0	0.25063953	0.2	0	0.25589575	0	0.34449012	0	0	0	0.269035	0	0	0	0	0	0.2183908	0.15454545	0.16113744	0	0	0.39812489	0	0.17375126	0	0	0	0	0	0	0	0	0	0	0	0	0	0.70061332	0	0	0	0	0	0.269035	0	0	0	0	0	0.15737454	0.19444444	0	0	0	0	0	0	0.15044248	0	0	0	0	0	0	0	0	0	0	0.3205591	0.35583333	0	0	0.081018519	0.076086957	0	0	0.15876777	0	0	0.14883034	0	0	0	0	0.12361624	0	0	0	0	0	0	0	0	0	0	0	0	0	0	0.27821419	0.19973863	0.18421053	0.2133114	0	0	0	0	0	0	0.43615968	0	0	0	0	0	0	0	0.17156863	0	0	0	0.10545765	0	0	0.15876777	0
0.22039813	0	0	0	0	0	0	0	0	0.34938907	0	0	0	0	0	0	0	0	0	0	0	0.24840287	0	0.26056338	0.37121626	0	0	0	0	0	0	0.53398027	0	0	0.29411765	0	0	0	0	0	0.29411765	0	0	0	0	0	0.44439634	0.14285714	0	0.25036622	0	0	0	0	0	0	0	0	0.22352941	1	0.29022727	0	0.21387283	0.21511628	0	0	0	0.14559387	0	0	0	0	0	0	0	0.19387755	0	0	0	0	0.1464587	0	0	0	0	0.37862595	0	0	0	0	0	0	0	0	0	0.29411765	0	0	0	0.16981718	0	0	0	0	0	0	0	0	0.45913351	0	0	0.38082254	0	0	0.32701055	0	0.29411765	0	0	0	0	0	0.27142857	0	0	0	0	0	0	0	0	0	0.87137629	0.26056338	0.53398027	0.21098266	0.22289157	0	0	0	0.36159627	0	0	0	0	0	0.19587629	0.37707081	0	0.19791667	0	0	0	0	0	0	0	0	0	0.53398027	0	0.55338027	0	0.18159204	0	0	0	0	0.13768116	0.53398027	0	0	0	0	0	0	0	0	0	0	0	0	0.19487179	0.36159627	0	0	0	0	0	0	0	0	0	0	0	0.21764706	0.34710975	0	0	0	0	0	0	0.24096386	0	0	0	0	0.16964286	0	0	0	0	0.24358974	0.27142857	0	0.26616549	0.12124534	0	0	0	0	0	0	0.1981068	0	0	0	0	0	0	0.27142857	0	0	0	0	0	0	0.29411765	0.37862595	0	0	0.27364611	0	0.22289157	0	0	0.17592593	0	0	0	0	0.28626347	0	0	0	0	0	0	0	0	0	0.19072165	0	0	0	0	0	0	0	0.37862595
0	0	0	0	0	0	0	0	0	0.23839922	0	0	0	0	0	0	0	0	0	0	0	0	0	0.53307646	0	0	0	0	0	0	0	0.33282175	0	0	0	0	0	0	0	0	0.32827613	0	0	0	0	0	0.4371687	0.15597839	0	0	0	0	0	0	0	0	0	0	0.23571963	0.29022727	1	0	0.2135791	0	0	0	0	0.15495446	0	0	0	0	0	0	0	0	0	0	0	0	0.11310411	0	0	0	0	0	0	0	0	0	0	0	0	0	0	0.32827613	0	0	0	0	0	0	0	0	0	0	0	0	0.28767245	0	0	0.60070806	0	0	0.22549223	0	0.32827613	0	0	0	0	0	0.28347457	0	0	0	0	0	0	0	0	0	0.24379666	0.53307646	0.33282175	0	0.22716329	0	0	0	0.24379666	0	0	0	0	0	0.20982878	0.26175232	0	0.21365559	0	0	0	0	0	0	0	0	0	0	0	0.28158671	0	0	0	0	0	0	0.15055849	0	0	0	0	0	0	0	0	0	0	0	0	0	0.2067927	0	0	0	0	0	0	0	0	0	0	0	0	0	0	0	0	0	0	0	0	0	0	0	0	0	0	0	0	0	0	0.25947463	0.28347457	0	0	0.093128908	0	0	0	0	0	0	0.14852731	0	0	0	0	0	0	0	0	0	0	0	0	0	0	0	0	0	0	0	0.22716329	0	0	0.14	0	0	0	0	0	0	0	0	0	0	0	0	0	0	0	0	0	0	0	0	0	0	0
0	0	0	0	0	0	0	0.13939972	0	0	0	0	0	0	0	0	0	0	0	0	0	0	0	0	0	0	0	0	0	0	0	0	0	0	0	0	0	0	0	0	0	0	0	0	0	0	0	0	0	0	0.14084507	0.18095238	0	0.24961361	0	0	0	0	0.28351077	0	0	1	0.26207198	0	0	0	0	0	0	0	0	0	0	0	0	0.17924528	0	0	0.15665236	0	0	0	0	0	0	0	0	0	0	0	0	0	0.20613109	0	0	0	0	0	0	0	0.3294997	0	0	0	0	0	0	0	0	0	0	0	0	0.38231313	0	0	0	0	0	0	0	0	0	0	0	0	0	0	0	0	0	0	0	0	0	0.1957672	0	0	0.26315789	0	0	0.25728511	0	0	0	0	0	0	0	0	0	0.26293907	0	0	0	0.30053781	0	0	0	0	0	0	0.16371681	0.17050691	0	0	0.32750399	0	0	0	0	0	0	0	0	0	0	0	0	0	0	0	0.23490432	0	0	0	0	0	0.30053781	0	0	0	0	0	0.13585375	0.20430108	0	0	0	0	0.25	0	0.15948276	0	0	0	0	0	0	0	0	0	0	0	0	0	0	0	0.081545064	0	0	0.16820276	0	0	0.12251656	0	0	0	0	0.13176895	0	0	0	0	0	0	0	0.33333333	0	0	0	0	0	0	0	0.17263453	0.19387755	0.17241379	0	0	0	0	0	0	0.34809639	0	0	0	0	0	0	0	0.18095238	0.26923077	0	0	0.098302126	0	0	0.16820276	0
0	0	0	0	0	0	0	0.14812237	0	0.19125683	0	0	0	0	0	0	0	0	0	0	0	0	0	0.28977535	0	0	0	0	0	0	0	0.24832215	0	0	0	0	0	0	0	0	0.36810362	0	0	0	0	0	0.2045308	0.16620478	0	0	0.12989324	0.16666667	0	0.27193095	0	0	0	0	0.91943904	0.21387283	0.2135791	0.26207198	1	0	0	0	0	0.16552478	0	0	0	0	0	0	0	0.16507177	0	0	0.14347826	0	0.089058524	0	0	0	0	0	0	0	0	0	0	0	0.15657536	0	0	0.36810362	0	0	0	0	0.18777449	0	0	0	0	0	0	0	0.22875817	0	0	0.27413368	0	0.43888532	0.17766497	0	0.36810362	0	0	0	0	0	0.31649484	0	0	0	0	0	0	0	0	0	0.19337017	0.28977535	0.24832215	0.18010753	0.24973755	0	0.24496644	0	0.19337017	0.19579541	0	0	0	0	0.22817063	0.19170984	0	0.2323894	0	0.3121312	0	0	0	0.24983672	0	0	0	0	0	0.20903955	0.15022422	0.15654206	0	0	0.34757808	0	0.16010071	0	0	0	0	0	0	0	0	0	0	0	0	0	0.58465754	0	0	0	0	0	0.24983672	0	0	0	0	0	0.14419646	0.18852459	0	0	0	0	0	0	0.14628821	0	0	0	0	0	0	0	0	0	0	0.28679653	0.31649484	0	0	0.07816092	0.074514039	0	0	0.15420561	0	0	0.14082937	0	0	0	0	0.12043796	0	0	0	0	0	0	0	0	0	0	0	0	0	0	0.24973755	0.1812395	0.17875648	0.20029617	0	0	0	0	0	0	0.38026096	0	0	0	0	0	0	0	0.16666667	0	0	0	0.096386385	0	0	0.15420561	0
0.13765182	0	0	0	0	0	0	0	0	0	0	0	0	0	0	0	0	0	0	0	0	0.15437788	0	0	0.2	0	0	0	0.19101124	0	0	0	0	0.20833333	0.25	0	0	0	0	0	0	0	0	0	0	0	0.14782609	0	0	0.14912281	0	0	0	0	0	0.16831683	0	0	0	0.21511628	0	0	0	1	0	0	0	0	0	0	0	0	0	0	0.21022727	0.2210615	0	0	0	0	0	0	0	0	0	0.19886364	0.19444444	0	0	0	0	0	0	0	0	0	0	0	0	0.13279688	0.13821138	0	0	0	0	0	0	0	0	0	0	0	0	0	0	0	0	0	0	0	0	0	0	0	0	0	0	0	0	0	0	0	0.19444444	0	0	0.22968669	0	0	0	0	0	0.13059701	0	0	0	0	0	0	0	0	0	0	0	0	0	0	0	0	0	0.25	0	0.19886364	0	0.19745922	0	0	0	0	0	0.25	0	0	0	0	0	0	0	0	0	0	0.13709677	0	0	0.19444444	0	0	0	0	0	0	0	0	0	0	0	0.24686518	0.19101124	0	0	0	0	0	0	0.20786517	0	0	0	0	0.14830508	0	0	0	0	0	0	0	0.1588785	0	0	0	0	0	0	0	0	0	0	0	0	0	0	0.32448737	0	0	0	0	0	0	0.37765612	0.19886364	0	0	0.16339066	0	0	0	0	0	0	0	0	0	0.16504854	0	0	0	0	0	0	0	0	0	0.21685541	0	0	0	0.076611737	0	0	0	0.19886364
0.14954192	0.11290323	0.18316832	0.31499748	0.15454545	0.11355932	0.23781359	0.098591549	0.21876765	0	0.14957265	0	0.17734809	0.10233918	0.136	0.25000988	0.11433447	0	0.12709505	0	0	0.16947249	0	0	0	0.2800271	0	0.50213538	0	0.16700198	0.13565891	0	0.27217294	0	0	0.75906505	0.23361532	0.16947249	0.18701018	0.32432175	0	0	0.096045198	0	0	0.10625	0	0.15297202	0	0	0.11437908	0	0	0	0.6224676	0	0	0	0	0	0	0	0	0	1	0.32526049	0.12915129	0	0	0	0	0.096045198	0	0	0	0	0.21264368	0	0	0	0	0	0.291427	0.16055046	0.21860036	0	0	0	0.12962963	0.11166667	0.16700198	0.097765363	0	0.16499276	0.16055046	0	0.27125909	0	0.13709677	0	0	0	0.19641608	0	0	0.21957489	0	0.18137255	0	0.30867089	0.17734809	0	0	0	0	0.11290323	0	0	0.16055046	0.22970352	0	0	0	0	0.20359706	0.19473684	0	0	0.27217294	0	0	0.18686869	0	0	0	0	0	0	0	0.10090361	0	0	0	0	0	0.22970352	0	0	0	0	0.18108346	0.14655172	0.39118001	0.27217294	0.15178571	0	0.20906551	0.76866851	0	0	0	0	0	0	0	0.4690364	0	0.1446281	0.14777272	0	0	0	0	0.91894348	0.6657405	0.32432175	0.11129568	0.11139028	0.22970352	0.27217294	0	0	0	0	0	0	0.17734809	0	0	0	0	0.22970352	0	0	0.096418733	0	0	0	0.91894348	0.13076923	0	0.18316832	0.25919336	0	0.39118001	0.32432175	0	0	0.13358779	0.46278154	0.15178571	0	0	0	0	0.63577997	0.18108346	0	0.14622354	0	0	0	0	0.25000988	0	0.21957489	0.23880882	0.31499748	0.23781359	0.17286051	0.25000988	0	0	0	0.22970352	0	0	0	0	0	0	0.16700198	0	0.16106477	0	0.20007787	0	0	0.32526049	0.19473684	0.23880882	0.27217294	0	0	0	0	0	0.25147658	0.20361909	0	0.14957265	0.14957265	0	0	0	0	0	0.33468692	0	0	0
0.18016824	0.13674322	0.24829932	0.48104691	0.2030303	0.1375	0.34225325	0.115	0.47605209	0	0.19273743	0	0.22217294	0.12020906	0.17179487	0.3657479	0.13865546	0	0.23798787	0	0	0.21132435	0	0	0	0.47106406	0	0.26034238	0	0.20726794	0.16995074	0	0.40620921	0	0	0.25511827	0.30541419	0.21132435	0.38493606	0.45222685	0	0	0.11204013	0	0	0.12641509	0	0.181842	0	0	0.1374502	0	0	0	0.19947277	0	0	0	0	0	0	0	0	0	0.32526049	1	0.15972222	0	0	0	0	0.11204013	0	0	0	0	0.30672269	0	0	0	0	0	0.52125794	0.21165644	0.30246083	0	0	0	0.16046512	0.13469388	0.20726794	0.11386139	0	0.24751895	0.21165644	0	0.64348457	0	0.17357513	0	0	0	0.2500179	0	0	0.30088974	0	0.24496644	0	0.94110408	0.22217294	0	0	0	0	0.13674322	0	0	0.21165644	0.32229826	0	0	0	0	0.27194107	0.27037037	0	0	0.40620921	0	0	0.25524476	0	0	0	0	0	0	0	0.11913357	0	0	0	0	0	0.32229826	0	0	0	0	0.22873618	0.18926554	0.40620921	0.40620921	0.19822485	0	0.28310287	0.22254833	0	0	0	0	0	0	0	0.23276954	0	0.18449198	0.17425197	0	0	0	0	0.28042966	0.25511827	0.64389506	0.13414634	0.13449692	0.32229826	0.40620921	0	0	0	0	0	0	0.22217294	0	0	0	0	0.32229826	0	0	0.11201299	0	0	0	0.28042966	0.16341463	0	0.24829932	0.22975088	0	0.40620921	0.64389506	0	0	0.16666667	0.25574026	0.19822485	0	0	0	0	0.30099003	0.22873618	0	0.091502718	0	0	0	0	0.3657479	0	0.30088974	0.33217985	0.48104691	0.34225325	0.16066891	0.3657479	0	0	0	0.32229826	0	0	0	0	0	0	0.20726794	0	0.19882491	0	0.23000571	0	0	0.8742685	0.27037037	0.33217985	0.40620921	0	0	0	0	0	0.24143326	0.26313045	0	0.19273743	0.19273743	0	0	0	0	0	0.65089624	0	0	0
0.11201299	0.10394537	0.16033755	0.18181818	0.1372549	0.10454545	0.15972222	0.11451249	0.11784512	0	0.17035007	0	0.12635379	0.57883976	0.12280702	0.1627907	0.10518293	0	0.11790753	0	0	0.12410072	0	0	0	0.16202122	0.1653665	0.133829	0.15481172	0.12365591	0.15718412	0	0.16901408	0.1790393	0	0.12298025	0.14339623	0.12410072	0.12327421	0.15151515	0	0.18629287	0.15228412	0	0.12455516	0.14483655	0	0.10619469	0.4117744	0	0.10557185	0	0.13894591	0	0.094339623	0.14068441	0	0	0	0	0	0	0	0	0.12915129	0.15972222	1	0	0	0	0.12941516	0.15228412	0	0.19744667	0	0	0.18181818	0	0	0	0.077262693	0	0.14814815	0.14229249	0.1487069	0	0	0	0.11803279	0.24543383	0.12365591	0.19915559	0	0.091623037	0.14229249	0	0.1402439	0.18629287	0.15177585	0	0	0	0.13186813	0	0	0.14644351	0.15594023	0.15899582	0	0.15819861	0.12635379	0	0	0	0	0.10394537	0	0	0.14229249	0.15151515	0.1653665	0	0	0	0.14139344	0.16888889	0	0	0.16901408	0	0	0.16309013	0	0	0	0	0	0	0	0.2253944	0.14522822	0	0	0.15133129	0	0.15151515	0.12734082	0	0	0	0.12727273	0.13108614	0.16901408	0.16901408	0.13513514	0	0.14375	0.10648148	0	0	0	0	0	0	0	0.12873134	0	0.16523934	0.10315186	0	0	0.45280251	0.093006496	0.125	0.12298025	0.15151515	0.24016291	0.10269865	0.15151515	0.16901408	0	0.18629287	0	0	0	0.23687612	0.12635379	0	0	0	0	0.15151515	0.14522822	0	0.11213207	0	0	0	0.125	0.11864407	0	0.16033755	0.12456747	0	0.16901408	0.15151515	0	0	0.12121212	0.13894523	0.13513514	0	0	0	0	0.14644351	0.12727273	0.068686869	0.068833652	0.66552326	0	0	0	0.1627907	0	0.14644351	0.15189873	0.18181818	0.15972222	0.10329341	0.1627907	0	0.15133129	0	0.15151515	0	0	0	0	0	0	0.12365591	0	0.12232143	0	0.12826943	0	0	0.15972222	0.22997563	0.15189873	0.16901408	0	0	0	0.15594023	0	0.17809312	0.133829	0.15133129	0.133829	0.17035007	0	0	0.18629287	0.18142619	0	0.16033755	0	0	0
0.099702381	0	0.1675481	0	0	0	0	0	0	0.13284133	0	0.17849663	0.10983607	0	0	0	0	0	0	0	0.12879796	0	0.10144928	0.18790751	0	0	0	0	0	0.10830619	0	0.16033755	0	0	0	0	0.11945392	0.10947712	0	0	0.23150372	0	0	0.18710567	0.1197411	0	0.15320204	0.15868062	0	0	0.094850949	0.11525424	0.12709677	0	0	0.12714777	0	0.10605725	0.17950721	0.14559387	0.15495446	0	0.16552478	0	0	0	0	1	0.1899957	0	0.11398521	0	0	0	0	0	0	0.20049823	0.14256891	0	0.11769992	0	0	0	0	0	0	0	0	0	0.10830619	0	0.10272153	0	0	0.23150372	0	0	0	0.0925	0	0.18377164	0.11295681	0	0	0	0	0.15451363	0.14937759	0	0.10983607	0.18525536	0	0	0.19950281	0	0.23150372	0	0	0	0	0.12915129	0.20244384	0	0	0	0.11864407	0	0	0	0	0	0.133829	0.18790751	0.16033755	0	0.17128265	0	0	0	0.133829	0.11826816	0	0	0	0	0.16504229	0.16441611	0.17396523	0.3057046	0.11221122	0	0	0	0	0	0	0	0	0	0.35140993	0.14339623	0.14856352	0	0.18377164	0	0	0	0.15350775	0	0	0	0.10283408	0	0	0	0	0	0	0	0.12633852	0	0.16387481	0	0	0	0.10983607	0	0	0	0	0	0.13011152	0	0	0	0	0	0	0	0	0	0	0.15451363	0	0	0	0.12110727	0	0	0	0	0	0.19031119	0.20244384	0	0	0.09666471	0.075252871	0	0	0.1499708	0.169389	0	0.14610733	0	0	0	0	0	0	0	0	0.14176245	0	0.14618523	0	0	0	0	0.1563865	0.10830619	0	0.1075487	0.17128265	0	0	0.13890138	0	0	0	0	0	0	0	0	0	0	0	0	0	0	0	0	0	0	0.07269621	0	0	0.1499708	0
0	0	0	0	0	0	0	0	0	0	0	0	0	0	0	0	0	0	0	0	0	0	0	0	0	0	0	0	0	0	0	0	0	0	0	0	0	0	0	0	0	0	0	0	0	0	0	0	0	0	0	0	0.21036322	0	0	0	0	0	0	0	0	0	0	0	0	0	0	0.1899957	1	0	0	0	0	0	0	0	0	0	0.25560832	0	0.1406447	0	0	0	0	0	0	0	0	0	0	0	0.16172474	0	0	0	0	0	0	0	0	0	0	0	0	0	0	0	0	0	0	0	0	0	0.32968866	0	0	0	0	0	0	0.24	0	0	0	0	0.20689655	0	0	0	0	0	0	0	0	0	0	0	0	0	0	0.19740397	0	0	0	0	0	0.225	0.34220921	0	0	0	0	0	0	0	0	0	0	0	0.24939569	0	0.27825354	0	0	0	0	0	0	0	0	0	0	0	0	0	0	0	0	0	0.22174354	0	0	0	0	0	0	0	0	0	0	0	0.24324324	0	0	0	0	0	0	0	0	0	0	0	0	0	0	0.21428571	0	0	0	0	0	0	0	0	0	0.11410333	0.10391595	0	0	0.27874091	0	0	0.19243018	0	0	0	0	0	0	0	0	0.27142857	0	0.27174178	0	0	0	0	0.31001838	0	0	0	0	0	0	0.18367347	0	0	0	0	0	0	0	0	0	0	0	0	0	0	0	0	0	0	0.10194525	0	0	0.27874091	0
0	0	0	0	0.37307341	0	0	0	0	0	0	0.29954267	0	0	0	0	0	0	0	0	0	0	0	0	0	0	0	0	0	0	0	0	0	0	0	0	0	0	0	0	0	0	0	0	0	0	0	0	0	0	0	0	0	0	0	0	0	0	0	0	0	0	0	0	0	0	0	0	0	1	0	0	0	0	0	0	0	0	0	0	0	0.30700392	0	0	0	0	0	0	0	0	0	0	0	0	0	0	0	0	0	0	0	0	0	0.22619048	0	0	0	0	0	0	0	0	0	0	0	0	0	0	0	0	0	0.50192357	0	0	0	0	0	0	0	0	0	0	0	0	0	0	0	0	0	0	0	0	0	0	0	0	0	0	0.33958362	0	0	0	0	0	0	0	0	0	0	0	0	0	0	0	0	0	0	0	0	0	0.38128862	0	0	0	0	0	0	0	0	0	0	0	0	0	0	0	0	0	0	0	0	0	0	0	0	0	0	0	0	0.18811881	0	0	0	0	0	0	0	0	0	0	0	0	0	0	0	0	0	0	0	0	0.40795415	0	0	0	0	0	0	0	0	0	0	0	0	0	0	0	0	0	0	0	0	0	0	0	0	0	0	0	0	0	0	0	0	0	0	0	0	0	0	0	0	0	0	0	0	0	0	0	0	0	0
0.102526	0	0.13559322	0	0	0	0	0	0	0	0	0.11382114	0.11292962	0.11952593	0	0	0	0	0.26006123	0	0.11330049	0	0.10419682	0	0	0.1176255	0.74890953	0	0	0.11138211	0	0	0	0	0	0	0.12265758	0.11256117	0	0	0	0.16571184	0.23527493	0.11059908	0.17593179	0.10889936	0	0.097959184	0.19451032	0	0.13080278	0.15315523	0.36309804	0	0	0.18647952	0	0.17791401	0	0	0	0	0	0	0	0	0.12941516	0.11398521	0	0	1	0.37494545	0	0.47647079	0	0	0	0.21560652	0	0	0	0	0	0	0	0	0	0	0	0.12356621	0.11138211	0.099233935	0	0	0	0	0	0.16571184	0	0.13468855	0	0.14906832	0.11608624	0	0	0	0.77918164	0.13084112	0	0	0.11292962	0	0	0	0	0	0	0	0	0	0.42564037	0	0	0	0	0	0	0	0	0	0	0	0	0	0	0	0	0	0	0.11393983	0	0	0	0.13912176	0	0	0	0	0	0.12265758	0.11532125	0	0	0	0	0	0	0	0	0	0.13610757	0	0	0	0.14906832	0	0	0	0.095364238	0	0	0.16134033	0.093632683	0	0	0	0.12121483	0	0	0	0	0.16571184	0	0	0	0.15368421	0.11292962	0	0	0	0	0	0	0	0	0	0	0	0	0	0	0	0	0.13084112	0	0	0	0	0	0	0	0	0	0	0	0	0	0	0	0.16134033	0	0	0.14373717	0	0	0	0	0	0	0	0	0	0.13912176	0	0	0	0	0	0	0	0	0.11138211	0	0.11061588	0	0	0	0	0	0	0	0	0	0	0	0.53224752	0	0.12882925	0	0.13912176	0	0	0	0	0.16571184	0.52369313	0	0	0	0	0
0.085677749	0.096744248	0.16372386	0.12671233	0.12810591	0.099664837	0.11204013	0.095396554	0.11326374	0	0.13211839	0	0.094444444	0.2526261	0.11676779	0.11409396	0.10065018	0	0.83734045	0	0	0.092797784	0	0	0	0.13849567	0.49301905	0.099431818	0	0.092541436	0.12362013	0	0.11824324	0	0	0.09197787	0.10632184	0.092797784	0.10004412	0.10828025	0	0.14725722	0.78459731	0	0	0.28395983	0	0.082938389	0.18179299	0	0.10434933	0	0.42546378	0	0.095723651	0	0	0	0	0	0	0	0	0	0.096045198	0.11204013	0.15228412	0	0	0	0.37494545	1	0	0.53311735	0	0	0.17948642	0	0	0	0	0	0.14211285	0.13825854	0.10634921	0	0	0	0.11921499	0.2778546	0.092541436	0.26375208	0	0.087909137	0.13825854	0	0.12618466	0.14725722	0.11786135	0	0	0	0.098314607	0	0	0.10559006	0.44050718	0.16224353	0	0.11101836	0.094444444	0	0	0	0	0.096744248	0	0	0.13825854	0.10828025	0.49301905	0	0	0	0.10244648	0.1705842	0	0	0.11824324	0	0	0.16615543	0	0	0	0	0	0	0	0.26172565	0	0	0	0.12940495	0	0.10828025	0	0	0	0	0.094972067	0.12319271	0.11824324	0.11824324	0.12622512	0	0.10371517	0.082309582	0	0	0	0	0	0	0	0.095441595	0	0.12898809	0.081018519	0	0	0.15379686	0.069979716	0.093314763	0.09197787	0.10828025	0.2702393	0.09562053	0.10828025	0.11824324	0	0.14725722	0	0	0	0.13013699	0.094444444	0	0	0	0	0.10828025	0	0	0.093723845	0	0	0	0.093314763	0.11462378	0	0.115625	0.11661586	0	0.11824324	0.10828025	0	0	0.11637663	0.10091047	0.12622512	0	0	0	0	0.10559006	0.094972067	0	0.057755776	0.15379686	0	0	0	0.11409396	0	0.10559006	0.109375	0.12671233	0.11204013	0.080335731	0.11409396	0	0.12940495	0	0.10828025	0	0	0	0	0	0	0.092541436	0	0.091597796	0	0.10408773	0	0	0.11204013	0.1705842	0.109375	0.11824324	0	0	0	0.44050718	0	0.14932554	0.12603786	0.12940495	0.13211839	0.13211839	0	0	0.14725722	0.58164806	0	0.115625	0	0	0
0	0	0	0	0	0	0	0	0	0	0	0	0	0	0	0	0	0	0	0	0	0	0	0	0	0	0	0	0	0	0	0	0	0	0	0	0	0	0	0	0	0	0	0	0	0	0	0	0	0	0	0	0	0	0	0	0	0.25007491	0	0	0	0	0	0	0	0	0	0	0	0	0	0	1	0	0	0	0	0	0.19170984	0	0.10674157	0	0	0	0	0	0.26388889	0	0	0	0	0	0	0	0	0	0	0	0	0	0	0	0	0	0	0	0	0	0	0	0	0	0	0	0	0	0	0	0	0	0	0	0	0	0	0	0	0	0	0	0	0	0	0	0	0	0	0.73359442	0	0	0	0	0	0	0	0	0	0	0	0	0	0	0	0	0	0	0	0	0	0	0	0	0	0	0	0	0	0	0	0	0	0	0	0	0	0	0	0	0	0	0.36656893	0	0	0.26388889	0	0	0	0	0	0.32758621	0	0	0	0	0	0	0	0	0	0	0.29411765	0	0	0	0	0	0	0	0	0	0	0	0	0	0	0	0	0.092964824	0	0	0	0.20903955	0	0	0	0	0	0	0	0	0	0	0	0	0	0	0	0	0	0	0	0	0	0	0	0	0.25641026	0	0	0	0	0	0	0.31355932	0	0	0	0	0	0	0	0	0	0	0	0	0	0	0	0.20903955	0.28571429
0	0	0	0	0	0	0	0.09921671	0	0	0.14503817	0	0	0.18464321	0	0	0	0	0.37177118	0	0	0	0	0	0	0.14387342	0.67358159	0	0.24251999	0	0.13286713	0	0	0.20720721	0	0	0	0	0.10903427	0	0	0.21612706	0.3177871	0	0.13138686	0.13207905	0	0	0.26205718	0	0	0	0.55153726	0	0	0.21942505	0	0	0	0	0	0	0	0	0	0	0.19744667	0	0	0	0.47647079	0.53311735	0	1	0	0	0	0	0	0	0.080717489	0	0	0	0	0	0	0	0	0.15390848	0	0.15391979	0	0	0	0	0	0.21612706	0.13043478	0	0	0	0	0	0	0	0.58985694	0	0	0	0	0	0	0	0	0	0	0	0	0	0.67358159	0	0	0	0	0	0	0	0	0	0	0	0	0	0	0	0	0	0	0.14032418	0.32060778	0	0	0.17718581	0	0	0.25810444	0	0	0	0	0	0	0	0	0	0	0	0	0	0	0	0	0	0	0	0	0.14074074	0	0	0	0.21238981	0.08560794	0	0	0	0.15078277	0	0	0	0	0.21612706	0	0	0	0.18811881	0	0	0	0	0	0	0.15384615	0	0.097186701	0	0	0	0	0	0	0	0	0	0	0	0	0	0	0	0	0	0	0	0	0	0	0.071721311	0	0.27116459	0	0	0	0	0	0	0	0	0	0	0	0	0.17718581	0	0	0	0	0	0	0	0	0	0	0	0	0.11267606	0	0	0	0.19266055	0	0	0	0	0	0.58985694	0	0.16030293	0	0.17718581	0	0.14503817	0	0	0.21612706	0.81329989	0	0	0	0	0
0	0	0	0	0	0	0	0	0	0	0	0	0	0	0	0	0	0	0	0	0	0	0	0	0	0	0	0	0.44809384	0	0	0	0	0.55103764	0	0	0	0	0	0	0	0	0	0	0	0	0	0	0	0	0	0	0	0	0	0.38234498	0	0	0	0	0	0	0	0.21022727	0	0	0	0	0	0	0	0	0	0	1.1904762	0	0	0	0	0	0	0	0	0	0	0	0.34679632	0	0	0	0	0	0	0	0	0	0	0	0	0	0.22771924	0	0	0	0	0	0	0	0	0	0	0	0	0	0	0	0	0	0	0	0	0	0	0	0	0	0	0	0	0	0	0	0	0	0	0	0	0	0	0	0	0.21393475	0	0	0	0	0	0	0	0	0	0	0	0	0	0	0	0	0	0	0	0	0	0	0	0	0	0	0	0	0	0	0	0	0	0	0	0	0	0	0.2241461	0	0	0	0	0	0	0	0	0	0	0	0	0	0	0	0	0	0	0	0	0	0	0	0	0	0	0	0	0	0	0	0	0	0	0	0	0	0	0	0	0	0	0	0	0	0	0	0	0	0	0	0	0	0	0	0	0	0	0	0	0	0	0	0	0	0	0	0	0	0	0	0	0	0	0	0	0	0	0	0	0	0	0	0	0	0.11051796	0	0	0	0
0.12915129	0	0	0	0	0	0	0.097733711	0	0	0	0	0	0	0	0	0	0	0	0	0	0.14315353	0	0	0.18041237	0	0	0	0	0	0	0	0	0	0.34506549	0	0	0	0	0	0	0	0	0	0	0	0.13779528	0	0	0.13888889	0.125	0.15652174	0	0.15517241	0	0	0	0	0.16990291	0.19387755	0	0.17924528	0.16507177	0.2210615	0	0	0	0	0	0	0	0	0	0	0	1	0	0	0.13636364	0	0	0	0	0	0	0.18	0	0	0	0	0	0	0.13515364	0	0	0	0	0	0	0.1274223	0.13333333	0	0	0	0	0	0	0	0	0	0	0	0	0.20454545	0	0	0	0	0	0	0	0	0	0	0	0	0	0	0	0	0	0	0.17647059	0	0	0.34437724	0	0	0.22093023	0	0	0.11986301	0	0	0	0	0	0	0	0	0	0.15652174	0	0	0	0.17272727	0	0	0	0.22093023	0	0.26246006	0.19410518	0.36554863	0	0	0.19273743	0	0	0.22093023	0	0	0	0	0	0	0	0	0	0	0	0	0.14935065	0.17647059	0	0	0	0	0.17272727	0	0	0	0	0	0.095567867	0.38897316	0.17326733	0	0	0	0	0	0.13888889	0.28668207	0	0	0	0	0.19462929	0	0	0	0	0	0	0	0.14705882	0	0.074074074	0	0	0.14556962	0	0	0.14526019	0	0	0	0	0.11616162	0	0.2887625	0	0	0	0	0	0	0.33343758	0.18	0	0	0.15054945	0	0	0.11830743	0.16666667	0.15079365	0	0	0	0	0.15217391	0	0.19662921	0	0	0	0	0	0	0	0.43264198	0	0	0	0.074637086	0	0	0.14556962	0.18
0.17298578	0.21246861	0.49869397	0.35714286	0.36616315	0.22067403	0.30672269	0.18591206	0.27048577	0	0.50235642	0	0.20555556	0.19752577	0.29029454	0.31355932	0.27312366	0	0.14209877	0	0	0.20165746	0	0	0	0.18719212	0	0.22093023	0	0.20054945	0.30670258	0	0.32758621	0	0	0.19972452	0.23809524	0.20165746	0.22090243	0.2761194	0	0	0.17948642	0	0	0.20594685	0	0.15702479	0	0	0.22644841	0	0	0	0.1960561	0	0	0	0	0	0	0	0	0	0.21264368	0.30672269	0.18181818	0	0	0	0	0.17948642	0	0	0	0	1	0	0	0	0	0	0.56478777	0.40130495	0.27037037	0	0	0	0.37759437	0.21015857	0.20054945	0.18897722	0	0.2028039	0.40130495	0	0.35973694	0	0.29809027	0	0	0	0.21590909	0	0	0.26056338	0	0.47631201	0	0.30334728	0.20555556	0	0	0	0	0.21246861	0	0	0.40130495	0.2761194	0	0	0	0	0.24829932	0.59430264	0	0	0.32758621	0	0	0.53398027	0	0	0	0	0	0	0	0.1851921	0	0	0	0	0	0.2761194	0	0	0	0	0.20786517	0.32862291	0.32758621	0.32758621	0.45511931	0	0.25524476	0.16079295	0	0	0	0	0	0	0	0.21345029	0	0.46509113	0.15079365	0	0	0	0	0.20391061	0.19972452	0.2761194	0.20834214	0.20809784	0.2761194	0.32758621	0	0	0	0	0	0	0.20555556	0	0	0	0	0.2761194	0	0	0.18068183	0	0	0	0.20391061	0.36698482	0	0.28571429	0.28554341	0	0.32758621	0.2761194	0	0	0.35159433	0.24247492	0.45511931	0	0	0	0	0.26056338	0.20786517	0	0.089201878	0	0	0	0	0.31355932	0	0.26056338	0.27142857	0.35714286	0.30672269	0.15400844	0.31355932	0	0	0	0.2761194	0	0	0	0	0	0	0.20054945	0	0.19808743	0	0.22897803	0	0	0.30672269	0.59430264	0.27142857	0.32758621	0	0	0	0	0	0.21714286	0.33343758	0	0.35865475	0.50235642	0	0	0	0	0	0.28571429	0	0	0
0	0	0.40812554	0	0	0	0	0	0	0	0	0	0	0	0	0	0	0	0	0	0.26697034	0	0	0	0	0	0	0	0	0	0	0	0	0	0	0	0	0	0	0	0	0	0	0	0	0	0	0	0	0	0	0	0	0	0	0	0	0.19094618	0	0	0	0	0	0	0	0	0	0.20049823	0	0	0.21560652	0	0	0	0	0	0	1	0	0	0	0	0	0	0	0	0	0	0	0	0	0	0	0	0	0	0	0	0	0	0	0.50679619	0	0	0	0	0	0.37209335	0	0	0	0	0	0	0	0	0	0	0	0	0	0	0	0	0	0	0	0	0	0	0	0	0	0	0	0	0	0	0	0	0	0	0	0	0	0	0	0	0	0.3283695	0	0	0	0	0	0	0	0	0	0	0.26652441	0	0	0	0.50679619	0	0	0	0	0	0	0	0	0	0	0	0	0	0	0	0	0	0	0	0	0	0	0	0	0	0	0	0	0	0	0	0	0	0	0	0	0	0	0.37209335	0	0	0	0	0	0	0	0	0	0	0	0	0	0	0	0	0	0	0.45553219	0	0	0	0	0	0	0	0	0	0	0	0	0	0	0	0	0	0	0	0	0	0	0	0	0	0	0	0	0	0	0	0	0	0	0	0	0	0	0	0	0	0	0	0	0	0	0	0
0	0	0	0	0	0	0	0.088235294	0	0	0	0	0	0	0	0	0	0	0	0	0	0	0	0	0	0	0	0	0	0	0	0	0	0	0	0	0	0	0	0	0	0	0	0	0	0	0	0	0	0	0.14618355	0.1374502	0.15634001	0.13636364	0	0	0	0.1026393	0.14757709	0	0	0.15665236	0.14347826	0	0	0	0	0.14256891	0.25560832	0	0	0	0.19170984	0	0	0.13636364	0	0	1	0	0.13872991	0	0	0	0	0	0.15555556	0	0	0	0	0	0.14772812	0	0	0	0	0	0	0	0.15803569	0	0	0	0	0	0	0	0	0	0	0	0	0.1751269	0.20802586	0	0	0	0	0	0	0.15859031	0	0	0	0	0.14342629	0	0	0	0	0	0	0	0	0.18162636	0	0.17050691	0.26979102	0	0	0.17543198	0	0	0	0	0	0.15189873	0.22116022	0	0	0.1374502	0	0	0	0.15145228	0	0	0	0	0.17462272	0	0.22586245	0.12984496	0	0	0.165	0	0	0	0	0	0	0	0	0	0	0	0	0	0.20461557	0	0.13095238	0.15555556	0	0	0	0	0.15145228	0.17766497	0	0	0.16	0	0.086387435	0.19964984	0	0	0	0	0.24707319	0	0.12271062	0	0	0	0	0.14693878	0	0	0	0	0	0	0	0	0	0.11220774	0.10362984	0	0	0.89359046	0	0	0.17327879	0	0	0	0	0.12197745	0	0	0	0.17511521	0	0.18507975	0	0	0	0	0.20083305	0	0	0	0	0.10547504	0.43116847	0.17175846	0	0	0	0	0	0.17085427	0.16834171	0	0	0	0	0	0	0	0.1374502	0	0	0	0.09522627	0	0	0.89359046	0.16742081
0	0.10651828	0	0	0	0.10793651	0	0	0.16660076	0	0	0	0	0	0	0	0	0	0	0	0.13409962	0	0.2237416	0	0.19444444	0	0	0	0	0	0.13309353	0	0	0	0	0	0	0	0	0	0	0	0	0.12056738	0	0	0	0	0	0.17129107	0	0	0	0	0	0	0.15178571	0	0	0	0	0	0	0	0	0	0	0	0	0	0	0	0	0	0	0	0	0	0	1	0	0.14312618	0	0.15546218	0	0.24515233	0	0	0.12068966	0	0	0	0	0	0.15546218	0	0	0	0	0	0	0	0	0.20965844	0.16666667	0	0	0	0	0	0	0	0.16997519	0	0	0.10651828	0	0.16914498	0.22990568	0	0	0	0	0.12878788	0	0.1952381	0.1468254	0	0	0	0	0	0	0	0	0	0	0	0	0	0	0	0	0	0.1635514	0	0	0	0.14341085	0	0	0	0	0	0	0.15702479	0	0	0.19293962	0	0	0	0	0	0	0	0	0	0	0	0	0.1496063	0.20710992	0	0	0	0	0.10518053	0	0	0	0	0	0	0	0	0	0	0.15702479	0	0.15765766	0	0	0.24531329	0	0	0	0.3777159	0	0	0	0.15765766	0	0	0	0	0	0.1504065	0	0	0	0.24130017	0.31828143	0	0	0	0	0	0	0	0.16239316	0	0	0	0	0	0	0	0	0	0	0	0	0	0	0	0.15789474	0	0	0.16666667	0	0	0.15230461	0	0	0	0	0	0	0	0	0	0.15079365	0	0	0	0.2237478	0	0	0	0.14566929	0	0	0	0	0	0	0	0.1635514	0	0
0.096117688	0	0	0	0	0	0	0.070763501	0	0.12644001	0.091346154	0	0.10384902	0.072519084	0.081018519	0	0	0	0	0.1	0	0.081176471	0.10578582	0.096685083	0	0	0	0	0.098445596	0.10078708	0.086363636	0.15609455	0	0.11170213	0	0	0.11953169	0.10333018	0.073684211	0	0.10674157	0	0	0.078828829	0.08411215	0	0.11304364	0.091141175	0	0	0	0	0.18631506	0	0	0.092682927	0	0.071428571	0.092307692	0.1464587	0.11310411	0	0.089058524	0	0	0	0.077262693	0.11769992	0.1406447	0	0	0	0.10674157	0.080717489	0	0	0	0	0.13872991	0	1	0	0	0	0	0	0.092783505	0.12753307	0	0	0.10078708	0.07037037	0.087470102	0	0	0.10674157	0	0	0.08372093	0.069364162	0	0	0.10927877	0	0	0	0	0	0.13749542	0	0.10384902	0.12961517	0	0	0.19754326	0	0.10674157	0	0	0	0	0.092307692	0.1	0	0	0	0.11865477	0	0	0.09375	0	0.1	0.12747418	0.096685083	0.15609455	0	0.090673575	0.1	0	0	0.15663086	0.098402854	0	0	0	0	0.10709449	0.41877825	0.1360544	0.16212647	0.10848034	0	0	0	0	0	0	0	0	0	0.11272251	0.14468513	0.3367523	0	0	0	0	0.089622642	0.12209476	0	0	0	0	0	0	0	0	0	0	0	0.13527278	0	0.086746988	0.092783505	0	0	0.10384902	0	0	0.1	0	0	0.15949257	0	0.069724771	0	0	0	0	0	0.1	0	0	0	0	0	0	0.12096526	0	0	0	0	0	0.095744681	0.1	0	0.082938389	0.89165418	0.068298957	0.091346154	0	0.14326086	0	0	0.59857625	0	0	0	0	0	0	0	0	0.14589507	0	0.14445677	0	0	0	0	0.12277285	0.10078708	0	0.098931224	0.090673575	0.076029567	0.095	0.22352907	0	0.11290323	0	0	0	0.096685083	0	0	0	0	0.11810688	0	0	0.13380291	0	0	0	0	0.092735197	0	0	0.14326086	0.098958333
0	0	0	0	0.27589703	0	0	0	0	0	0	0.23453674	0	0	0	0	0	0	0	0	0.2140174	0	0.13036021	0	0.21411192	0	0	0	0	0	0	0	0	0	0	0	0	0	0	0	0	0	0	0	0	0	0	0	0	0	0	0	0	0	0	0	0	0	0	0	0	0	0	0	0	0	0	0	0	0.30700392	0	0	0	0	0	0	0	0	0	0.14312618	0	1	0	0	0	0	0	0	0	0	0	0	0	0	0	0	0	0	0	0	0	0	0	0.46187862	0	0	0	0	0	0	0	0	0.6664095	0	0	0	0	0.64649257	0	0	0	0.24689438	0	0	0	0	0	0	0	0	0	0	0	0	0	0	0	0	0	0	0	0	0	0	0	0	0	0	0.25690237	0	0	0	0	0	0	0.17278618	0	0	0	0	0	0	0	0	0	0	0	0	0	0	0.26378436	0.16427105	0.098829649	0	0	0	0	0	0	0	0	0	0	0	0	0	0	0	0.17278618	0	0	0	0	0	0	0	0	0.20266667	0	0.14842301	0	0	0	0	0	0	0	0	0	0	0	0.19525066	0.17966903	0	0	0	0	0	0	0	0.63077853	0	0	0	0	0	0	0	0	0	0	0	0	0	0	0	0.17471264	0	0	0	0	0	0.16736402	0	0	0	0	0	0	0	0	0	0.16563147	0	0	0	0.18004866	0	0	0	0	0	0	0	0	0	0	0	0	0	0
0.16779729	0.16283223	0.33965142	0.39353084	0.25633752	0.16913734	0.29085719	0.14839771	0.38722374	0	0.39288153	0	0.2027014	0.15679093	0.21479722	0.30796547	0.24095527	0	0.19871579	0	0	0.19336383	0	0	0	0.31559016	0	0.23421063	0	0.18995315	0.22702791	0	0.33776477	0	0	0.23328956	0.27209495	0.19336383	0.31362383	0.3826965	0	0	0.14211285	0	0	0.16051243	0	0.17049105	0	0	0.17525892	0	0	0	0.23838488	0	0	0	0	0	0	0	0	0	0.291427	0.52125794	0.14814815	0	0	0	0	0.14211285	0	0	0	0	0.56478777	0	0	0	0	0	1	0.27858054	0.26275015	0	0	0	0.3203344	0.1619047	0.18995315	0.15080794	0	0.32895438	0.27858054	0	0.49811414	0	0.21911756	0	0	0	0.22618192	0	0	0.26264362	0	0.3314647	0	0.47657281	0.2027014	0	0	0	0	0.16283223	0	0	0.27858054	0.27782536	0	0	0	0	0.24053856	0.37307341	0	0	0.33776477	0	0	0.35208312	0	0	0	0	0	0	0	0.14487431	0	0	0	0	0	0.27782536	0	0	0	0	0.20801723	0.23695673	0.33776477	0.33776477	0.36158508	0	0.2487347	0.20727335	0	0	0	0	0	0	0	0.21053016	0	0.37329652	0.16403338	0	0	0	0	0.25456426	0.23328956	0.67720591	0.16061307	0.15986169	0.27782536	0.33776477	0	0	0	0	0	0	0.2027014	0	0	0	0	0.27782536	0	0	0.14463316	0	0	0	0.25456426	0.30578916	0	0.2183908	0.27246563	0	0.33776477	0.53785985	0	0	0.29939869	0.22788382	0.36158508	0	0	0	0	0.26271078	0.20801723	0	0.089927466	0	0	0	0	0.30796547	0	0.26264362	0.28729208	0.39353084	0.29085719	0.15137255	0.30796547	0	0	0	0.27782536	0	0	0	0	0	0	0.18995315	0	0.18262817	0	0.26807714	0	0	0.52125794	0.37307341	0.28729208	0.33776477	0	0	0	0	0	0.21862435	0.31443108	0	0.25611224	0.39288153	0	0	0	0	0	0.54522436	0	0	0
0.13529412	0.45582671	0.32806165	0.24358974	0.24805657	0.53743018	0.21165644	0.14423659	0.45288622	0	0.24847102	0	0.15625	0.152364	0.20755045	0.21604938	0.16697573	0	0.11124695	0	0	0.15333333	0	0	0	0.14574899	0	0.16666667	0	0.15265487	0.571508	0	0.225	0	0	0.1518847	0.17924528	0.15333333	0.16400474	0.19662921	0	0	0.13825854	0.22079812	0	0.15588991	0	0.12587413	0	0.16101695	0.1702526	0	0	0	0.15005311	0	0.30456649	0	0	0	0	0	0	0	0.16055046	0.21165644	0.14229249	0	0	0	0	0.13825854	0	0	0	0	0.40130495	0	0	0.15546218	0	0	0.27858054	1	0.19273743	0.2173913	0	0	0.75070969	0.15665364	0.15265487	0.14680996	0	0.13513972	0.71812031	0	0.24356589	0	0.21198999	0	0	0	0.16363636	0	0.33785627	0.18817204	0	0.31925668	0	0.20948012	0.15625	0	0	0	0	0.45582671	0	0	0.71812031	0.19662921	0	0	0	0.24539711	0.18062827	0.74434038	0.26945993	0	0.225	0	0	0.34104961	0	0	0	0	0	0	0	0.14058958	0	0	0	0	0.3491712	0.19662921	0	0	0.18181818	0	0.15765766	0.22890618	0.225	0.225	0.2397334	0	0.18449198	0.12730627	0.18357488	0	0	0	0	0	0	0.16046512	0	0.23702562	0.12162162	0	0	0	0	0.15470852	0.1518847	0.19662921	0.15537761	0.44311367	0.19662921	0.225	0	0	0	0	0	0	0.15625	0	0	0	0.32965476	0.19662921	0	0.2375	0.14064891	0	0	0	0.15470852	0.20349023	0	0.44170279	0.20553055	0	0.225	0.19662921	0	0.19230769	0.20257051	0.17700258	0.2397334	0	0	0	0	0.18817204	0.15765766	0	0.076595745	0	0	0	0	0.21604938	0	0.18817204	0.19565217	0.24358974	0.21165644	0.1227758	0.21604938	0	0	0	0.19662921	0	0	0	0	0.2173913	0	0.15265487	0	0.15088106	0	0.1704594	0	0	0.21165644	0.36212625	0.19565217	0.225	0	0	0	0	0	0.16438356	0.23334712	0	0.65665128	0.24847102	0	0	0	0	0	0.20652174	0.3491712	0	0
0.16832477	0.12818004	0.22392638	0.41713024	0.18508287	0.12890625	0.30246083	0.10917722	0.18728598	0	0.17692308	0	0.20517743	0.11386139	0.15876777	0.32170762	0.12992126	0	0.10480989	0	0	0.19531708	0	0	0	0.19124036	0	0.23884881	0	0.19172365	0.15753425	0	0.35505438	0	0	0.18928823	0.27924945	0.19531708	0.15812076	0.28767846	0	0	0.10634921	0	0	0.11921708	0	0.17106233	0	0	0.12921348	0	0	0	0.14118873	0	0	0	0	0	0	0	0	0	0.21860036	0.30246083	0.1487069	0	0	0	0	0.10634921	0	0	0	0	0.27037037	0	0	0	0	0	0.26275015	0.19273743	1	0	0	0	0.14935065	0.12643678	0.19172365	0.10815047	0	0.1335619	0.19273743	0	0.24223488	0	0.16028708	0	0	0	0.23012023	0	0	0.69769189	0	0.22121212	0	0.29051705	0.20517743	0	0	0	0	0.12818004	0	0	0.19273743	0.57107696	0	0	0	0	0.57629346	0.24172185	0	0	0.35505438	0	0	0.22955975	0	0	0	0	0	0	0	0.11262799	0	0	0	0	0	0.40192218	0	0	0	0	0.2108653	0.17357513	0.35505438	0.35505438	0.18108108	0	0.34085937	0.16122153	0	0	0	0	0	0	0	0.21372012	0	0.16995074	0.16432043	0	0	0	0	0.19978372	0.18928823	0.28767846	0.1259542	0.12620424	0.57107696	0.5246324	0	0	0	0	0	0	0.20517743	0	0	0	0	0.40192218	0	0	0.10648148	0	0	0	0.19978372	0.15158371	0	0.22392638	0.21286664	0	0.35505438	0.28767846	0	0	0.15470852	0.23249456	0.18108108	0	0	0	0	0.27071034	0.2108653	0	0.088379826	0	0	0	0	0.45082264	0	0.50657473	0.41334513	0.41713024	0.30246083	0.24140761	0.45082264	0	0	0	0.40192218	0	0	0	0	0	0	0.19172365	0	0.18404708	0	0.1650616	0	0	0.30246083	0.24172185	0.41334513	0.35505438	0	0	0	0	0	0.22216539	0.24131061	0	0.17692308	0.17692308	0	0	0	0	0	0.30015031	0	0	0
0.1911659	0.14011516	0	0	0	0.14176245	0	0	0.24929349	0	0	0	0	0	0	0	0	0	0	0	0	0.21414936	0	0	0.31756189	0	0	0	0	0	0.17857143	0	0	0	0.27142857	0	0	0	0	0	0	0	0	0.1622807	0	0	0.21835899	0	0	0.64146498	0	0	0	0	0	0	0.21764706	0	0	0.37862595	0	0	0	0.19886364	0	0	0	0	0	0	0	0	0	0	0	0.18	0	0	0	0.24515233	0	0	0	0.2173913	0	1	0	0	0.16101695	0	0	0	0	0	0.2173913	0	0	0	0	0.14744262	0	0	0	0	0.24829932	0	0	0	0	0	0	0	0	0	0	0.14011516	0	0	0.363063	0	0	0	0	0.17619048	0	0.28205128	0.2020202	0	0	0	0	0	0.31269474	0	0	0.19491525	0	0	0	0	0	0	0	0	0.2375	0	0	0	0.19607843	0	0	0	0	0	0	0	0	0	0.30229924	0.45583683	0	0.21428571	0	0.16829268	0	0	0	0	0	0.45583683	0	0	0	0	0	0	0	0.13799622	0	0	0	0	0	0.31269474	0	0	0	0	0	0	0.22619048	0	0	0.43229322	0	0.20114943	0.29805725	0	0	0	0	0.22619048	0	0.22352941	0	0	0	0.20833333	0.15789474	0	0	0	0	0	0	0	0.23046801	0	0	0	0	0	0	0	0	0	0	0	0	0	0	0.25	0	0	0	0	0	0	0.27142857	0.66266378	0	0	0.23528496	0	0	0	0	0	0	0	0	0	0.24758984	0	0	0	0	0	0	0	0.2	0	0.17676768	0	0	0	0	0	0.2375	0	0.32638023
0	0	0	0	0	0	0	0	0	0	0	0	0	0	0	0	0	0	0	0	0	0	0	0	0	0	0	0	0.28651892	0	0	0	0	0.33226991	0	0	0	0	0	0	0	0	0	0	0	0	0	0	0	0	0	0	0	0	0	0.24858101	0	0.12328767	0	0	0	0	0	0.19444444	0	0	0	0	0	0	0	0	0.26388889	0	0.34679632	0	0	0	0.15555556	0	0.092783505	0	0	0	0	0	1	0	0	0	0	0	0	0	0	0	0	0	0	0	0.1980795	0	0	0	0	0	0	0	0	0	0	0	0	0	0	0	0	0	0	0	0	0	0	0	0	0	0	0	0	0	0	0	0	0	0	0	0	0.22619048	0	0	0	0.18747221	0	0	0	0	0	0	0	0	0	0	0	0	0	0	0	0	0	0	0	0	0	0	0	0	0	0	0	0	0	0	0	0	0	0	0	0	0	0	0.26083922	0	0	0.30088674	0	0	0	0	0	0.36962614	0	0	0	0	0	0	0	0	0	0	0.22619048	0	0	0	0	0	0	0	0	0	0	0	0	0	0	0	0	0.081395349	0	0	0	0.16746411	0	0	0	0	0	0	0	0	0	0	0	0	0	0	0	0	0	0	0	0	0	0	0	0	0.20212766	0	0	0	0	0	0	0.23333333	0	0	0	0	0	0	0	0	0	0	0	0	0.095471156	0	0	0.16746411	0.34757846
0.1886009	0	0	0	0	0	0	0	0	0	0	0	0.22472131	0	0.17525773	0	0	0	0	0.28688525	0	0.17914439	0.21189925	0	0	0	0	0	0	0.21323607	0	0	0	0	0	0	0.28545908	0.22163882	0	0	0	0	0	0.16504854	0	0	0	0.13709677	0	0	0	0	0	0	0	0	0	0	0	0	0	0	0	0	0	0	0	0	0	0	0	0	0	0	0	0	0	0	0	0	0.12753307	0	0	0	0	0	0	1	0	0	0.21323607	0	0	0	0	0	0	0	0	0.12455516	0	0	0.24540167	0	0	0	0	0	0	0	0.22472131	0	0	0	0	0	0	0	0	0	0	0	0	0	0	0	0	0	0	0.23972603	0	0.26056338	0	0	0	0	0	0	0	0	0	0	0	0	0	0	0	0	0	0.31994184	0.24001396	0	0	0	0	0	0	0	0	0	0	0	0	0	0	0	0	0	0.18397557	0	0	0	0	0	0	0	0	0	0	0	0	0	0	0	0	0	0.22472131	0	0	0	0	0	0	0	0	0	0	0	0	0	0	0	0	0	0	0	0	0	0	0	0	0	0	0	0	0	0.18478261	0.10352809	0	0	0	0	0	0	0	0	0	0	0	0	0	0	0	0	0	0.18041237	0	0	0	0	0	0.21323607	0	0.20642817	0	0	0	0	0	0	0	0	0	0	0	0	0	0	0.27458099	0	0	0	0	0	0	0	0.15957072	0	0	0	0
0.11237785	0.47855037	0.24521199	0.18269231	0.19047696	0.55228919	0.16046512	0.12482423	0.32948299	0	0.29570271	0	0.12681159	0.13079288	0.16675153	0.1635514	0.19549816	0	0.098297657	0	0	0.12454874	0	0	0	0.12040134	0	0.13432836	0	0.12410072	0.40803773	0	0.16981132	0	0	0.12342342	0.14393939	0.12454874	0.13723449	0.15217391	0	0	0.11921499	0.23052286	0	0.13197077	0	0.10650888	0	0.125	0.14251011	0	0	0	0.12808804	0	0.20365822	0	0	0	0	0	0	0	0.12962963	0.16046512	0.11803279	0	0	0	0	0.11921499	0	0	0	0	0.37759437	0	0	0.12068966	0	0	0.3203344	0.75070969	0.14935065	0.16101695	0	0	1	0.13204972	0.12410072	0.12659014	0	0.15791635	0.4812691	0	0.18793461	0	0.16926766	0	0	0	0.13235294	0	0.2175595	0.14705882	0	0.24127746	0	0.15893271	0.12681159	0	0	0	0	0.47855037	0	0	0.4812691	0.15217391	0	0	0	0.17279825	0.14197531	0.46001063	0.18874149	0	0.16981132	0	0	0.25118425	0	0	0	0	0	0	0	0.12045012	0	0	0	0	0.228901	0.15217391	0	0	0.13970588	0	0.12773723	0.17975701	0.16981132	0.16981132	0.271464	0	0.14435146	0.10681115	0.13899614	0	0	0	0	0	0	0.12921348	0	0.28474292	0.10344828	0	0	0	0	0.12545455	0.12342342	0.15217391	0.13115252	0.4666282	0.15217391	0.16981132	0	0	0	0	0	0	0.12681159	0	0	0	0.2200049	0.15217391	0	0.16981132	0.12213139	0	0	0	0.12545455	0.23871108	0	0.41651146	0.16587546	0	0.16981132	0.15217391	0	0.14615385	0.23603485	0.1395112	0.271464	0	0	0	0	0.14705882	0.12773723	0	0.068965517	0	0	0	0	0.1635514	0	0.14705882	0.15254237	0.18269231	0.16046512	0.1036036	0.1635514	0	0	0	0.15217391	0	0	0	0	0.16101695	0	0.12410072	0	0.12275986	0	0.14251808	0	0	0.16046512	0.26133523	0.15254237	0.16981132	0	0	0	0	0	0.13284133	0.18342653	0	0.45159414	0.29570271	0	0	0	0	0	0.16101695	0.35285227	0	0
0.097922849	0.10574754	0.18827659	0.15336134	0.14452536	0.10894726	0.13469388	0.10308718	0.12544871	0	0.1485142	0	0.10947712	0.4527801	0.12998896	0.13729508	0.1100657	0	0.20360717	0	0	0.10749186	0	0	0	0.14762064	0.15479312	0.11577181	0	0.10714286	0.13752833	0	0.14256198	0	0	0.10650407	0.12414966	0.10749186	0.10943431	0.12884615	0	0.16816987	0.2778546	0	0	0.23901094	0	0.09375	0.38515209	0	0.11391217	0	0.13204288	0	0.10343634	0	0	0	0	0	0	0	0	0	0.11166667	0.13469388	0.24543383	0	0	0	0.12356621	0.2778546	0	0.15390848	0	0	0.21015857	0	0	0	0	0	0.1619047	0.15665364	0.12643678	0	0	0	0.13204972	1	0.10714286	0.22261254	0	0.094683857	0.15665364	0	0.14280875	0.16816987	0.13128275	0	0	0	0.11423841	0	0	0.125	0.14657137	0.18640689	0	0.13340122	0.10947712	0	0	0	0	0.10574754	0	0	0.15665364	0.12884615	0.15479312	0	0	0	0.12087912	0.19754879	0	0	0.14256198	0	0	0.19148671	0	0	0	0	0	0	0	0.9036801	0	0	0	0.14241411	0	0.12884615	0	0	0	0	0.11019737	0.13821374	0.14256198	0.14256198	0.14215127	0	0.12267658	0.093484419	0	0	0	0	0	0	0	0.11111111	0	0.14448472	0.091269841	0	0	0.29676346	0.090791417	0.10819672	0.10650407	0.12884615	0.98561219	0.10439433	0.12884615	0.14256198	0	0.16816987	0	0	0	0.21531485	0.10947712	0	0	0	0	0.12884615	0	0	0.1010847	0	0	0	0.10819672	0.12701055	0	0.13721805	0.12949445	0	0.14256198	0.12884615	0	0	0.12901403	0.11887477	0.14215127	0	0	0	0	0.125	0.11019737	0	0.0625	0.29676346	0	0	0	0.13729508	0	0.125	0.12969925	0.15336134	0.13469388	0.090909091	0.13729508	0	0.14241411	0	0.12884615	0	0	0	0	0	0	0.10714286	0	0.10598706	0	0.11412426	0	0	0.13469388	0.19754879	0.12969925	0.14256198	0	0	0	0.14657137	0	0.16076923	0.14137495	0.14241411	0.1485142	0.1485142	0	0	0.16816987	0.16881336	0	0.13721805	0	0	0
0.31053108	0.10826446	0.17380952	0.27505841	0.14692982	0.10891089	0.20726794	0.095041322	0.14763664	0	0.14256198	0.13194444	0.9384444	0.098571429	0.15309538	0.21722543	0.10963455	0	0.091941402	0.18413978	0	0.17662367	0.33914169	0	0	0.15239306	0	0.1814112	0	0.66459927	0.12969925	0	0.23644496	0	0	0.14982937	0.62415105	0.35386395	0.12952354	0.20088072	0	0	0.092541436	0.14697831	0.14271654	0.10213415	0	0.28926839	0	0	0.13188409	0.13854167	0	0	0.11831701	0.15360169	0	0.10378788	0	0	0	0	0	0	0.16700198	0.20726794	0.12365591	0.10830619	0	0	0.11138211	0.092541436	0	0	0	0	0.20054945	0	0	0	0.10078708	0	0.18995315	0.15265487	0.19172365	0	0	0.21323607	0.12410072	0.10714286	1	0.094262295	0	0.11360145	0.15265487	0	0.17900654	0	0.13085938	0.1227682	0	0	0.76677004	0	0	0.1931535	0	0.17216981	0	0.20185585	0.80278922	0	0	0	0	0.10826446	0	0	0.15265487	0.20088072	0	0	0	0	0.18046149	0.18434343	0	0	0.23644496	0.16309524	0	0.22089202	0	0	0	0	0	0	0	0.097058824	0	0	0	0	0	0.20088072	0	0	0	0.20733247	0.41260349	0.13958333	0.23644496	0.23644496	0.14439655	0	0.18437257	0.13126015	0	0	0.125	0	0	0	0	0.16263636	0	0.138	0.32537362	0	0	0	0.089425587	0.15591525	0.14982937	0.20088072	0.10679612	0.10685155	0.20088072	0.23644496	0	0	0	0	0	0	0.80278922	0	0	0	0	0.20088072	0	0	0.092991914	0	0	0	0.15591525	0.125	0	0.17380952	0.16706758	0	0.23644496	0.20088072	0	0	0.12777778	0.17361678	0.14439655	0	0	0	0	0.1931676	0.19082377	0.083670313	0.079285505	0	0	0	0	0.21722543	0	0.1931535	0.2100591	0.27505841	0.33700825	0.12539276	0.21722543	0	0	0	0.20088072	0.13275194	0	0	0	0	0	0.96288381	0	0.58145807	0	0.13519115	0	0	0.20726794	0.18434343	0.2100591	0.23644496	0	0	0	0	0	0.1706612	0.26606861	0	0.14256198	0.14256198	0	0	0	0	0.078501327	0.21103142	0	0	0
0.087341772	0.10355124	0.1724264	0.12837838	0.13664555	0.10656169	0.11386139	0.23034274	0.12076815	0	0.33626442	0	0.096153846	0.385077	0.12451772	0.11589404	0.10763041	0	0.1986758	0	0	0.094520548	0	0	0	0.1142812	0.12003092	0.1011236	0.12269939	0.094262295	0.31424815	0	0.12	0.13924051	0	0.09370725	0.10795455	0.094520548	0.22426735	0.11006289	0	0.11589404	0.26375208	0	0.10326087	0.74527737	0	0.084507042	0.14898656	0	0.11113452	0	0.10451092	0	0.10207861	0.11428571	0	0	0	0	0	0	0	0	0.097765363	0.11386139	0.19915559	0	0	0	0.099233935	0.26375208	0	0.15391979	0	0	0.18897722	0	0	0	0.07037037	0	0.15080794	0.14680996	0.10815047	0	0	0	0.12659014	0.22261254	0.094262295	1	0	0.094000003	0.14680996	0	0.13483785	0.11589404	0.28295983	0	0	0	0.1	0	0	0.10736196	0.11507599	0.17082534	0	0.11285008	0.096153846	0	0	0	0	0.10355124	0	0	0.14680996	0.11006289	0.12003092	0	0	0	0.10422961	0.17968248	0	0	0.12	0	0	0.17501805	0	0	0	0	0	0	0	0.20916788	0.11585366	0	0	0.26430871	0	0.11006289	0.10451977	0	0	0	0.096685083	0.13137751	0.12	0.12	0.13461453	0	0.10550459	0.083941606	0	0	0	0	0	0	0	0.097183099	0	0.32737272	0.082568807	0	0	0.1275947	0.085624335	0.095041322	0.09370725	0.11006289	0.21618965	0.10234945	0.11006289	0.12	0	0.11589404	0	0	0	0.18544913	0.096153846	0	0	0	0	0.11006289	0.11585366	0	0.2259481	0	0	0	0.095041322	0.12229326	0	0.11728395	0.12433331	0	0.12	0.11006289	0	0	0.12390941	0.10269865	0.13461453	0	0	0	0	0.10736196	0.096685083	0.063573883	0.059016393	0.23053218	0	0	0	0.11589404	0	0.10736196	0.11111111	0.12837838	0.11386139	0.081947743	0.11589404	0	0.26430871	0	0.11006289	0	0	0	0	0	0	0.094262295	0	0.093324251	0	0.23983313	0	0	0.11386139	0.32881844	0.11111111	0.12	0	0	0	0.11507599	0	0.12292555	0.13419676	0.26430871	0.14031373	0.33626442	0	0	0.11589404	0.12883043	0	0.11728395	0	0	0
0	0	0	0	0	0	0	0.10470511	0	0	0	0	0	0	0	0	0	0	0	0	0	0	0	0	0	0	0	0	0	0	0	0	0	0	0	0	0	0	0	0	0	0	0	0	0	0	0	0	0	0	0.11825776	0.10681115	0.11286386	0.19465411	0	0	0	0	0.17142872	0	0	0.20613109	0.15657536	0	0	0	0	0.10272153	0.16172474	0	0	0	0	0	0	0.13515364	0	0	0.14772812	0	0.087470102	0	0	0	0	0	0	0	0	0	0	0	1	0	0	0	0	0	0	0	0.20220683	0	0	0	0	0	0	0	0	0	0	0	0	0.21681593	0.13944816	0	0	0	0	0	0	0.11538462	0	0	0	0	0.10681115	0	0	0	0	0	0	0	0	0.11092715	0	0	0.13773585	0	0	0.58310623	0	0	0	0	0	0.11165049	0.15213062	0	0	0.18159642	0	0	0	0.19756202	0	0	0	0	0.12232669	0	0.18395246	0.12298418	0	0	0.17429143	0	0	0	0	0	0	0	0	0	0	0	0	0	0.11104932	0	0.14700971	0	0	0	0	0	0.14715067	0	0	0	0.11616162	0	0.10273305	0.11538462	0	0	0	0	0	0	0.097101449	0	0	0	0	0.10883281	0	0	0	0	0	0	0	0	0	0.073958003	0.14210518	0	0	0.15383533	0	0	0.15109051	0	0	0	0	0.084615385	0	0	0	0.12629758	0	0.12793185	0	0	0	0	0.1359342	0	0	0	0	0.11838236	0.11165049	0.12824267	0	0	0	0	0	0	0.18869969	0	0	0	0	0	0	0	0.13593229	0	0	0	0.095793417	0	0	0.15383533	0
0.10523711	0.094227537	0.16095245	0.18185977	0.12488995	0.097050797	0.14058504	0.093289805	0.22337716	0	0.17543842	0	0.11943661	0.096715465	0.11388749	0.14663723	0.82264319	0	0.14761141	0	0	0.11454622	0	0	0	0.19909561	0	0.13245234	0	0.11360145	0.12073822	0	0.15838046	0	0	0.14196273	0.15203272	0.11454622	0.19804991	0.1861575	0	0	0.087909137	0	0	0.095236474	0	0.10983027	0	0	0.10174349	0	0	0	0.15024616	0	0	0.07852194	0	0	0	0	0	0	0.16499276	0.24751895	0.091623037	0	0	0	0	0.087909137	0	0	0	0	0.2028039	0	0	0	0	0	0.32895438	0.13513972	0.1335619	0	0	0	0.15791635	0.094683857	0.11360145	0.094000003	0	1	0.13513972	0	0.25243588	0	0.11490363	0	0	0	0.13040534	0	0	0.13568625	0	0.15956148	0	0.23255134	0.11943661	0	0	0	0	0.094227537	0	0	0.13513972	0.13930438	0	0	0	0	0.12819452	0.16767474	0	0	0.15838046	0	0	0.16330223	0	0	0	0	0	0	0	0.087937274	0	0	0.12110727	0	0	0.13930438	0	0	0	0	0.12079376	0.12014311	0.15838046	0.15838046	0.18923683	0	0.13009206	0.13290693	0	0	0	0	0	0.1	0	0.11929227	0	0.17116816	0.10717661	0	0	0	0	0.15028729	0.14196273	0.26345263	0.094224587	0.093139577	0.13930438	0.15838046	0	0	0	0	0	0	0.11943661	0	0	0	0	0.13930438	0	0	0.091646778	0	0	0	0.15028729	0.28206026	0	0.11821086	0.14676285	0	0.15838046	0.26345263	0.12982456	0	0.17183702	0.12413486	0.18923683	0	0	0	0	0.13569321	0.12079376	0	0.10286383	0	0	0	0	0.14663723	0	0.13568625	0.14651856	0.18185977	0.14058504	0.098550777	0.14663723	0	0	0.1197411	0.13930438	0	0	0	0	0	0	0.11360145	0	0.11032575	0	0.16199273	0	0	0.24751895	0.16767474	0.14651856	0.15838046	0	0	0	0	0	0.12549047	0.1590111	0	0.12907848	0.17543842	0.10787172	0	0	0	0	0.26946372	0	0	0
0.13529412	0.32963608	0.32806165	0.24358974	0.24805657	0.36823683	0.21165644	0.14423659	0.45288622	0	0.24847102	0	0.15625	0.152364	0.20755045	0.21604938	0.16697573	0	0.11124695	0	0	0.15333333	0	0	0	0.14574899	0	0.16666667	0	0.15265487	0.571508	0	0.225	0	0	0.1518847	0.17924528	0.15333333	0.16400474	0.19662921	0	0	0.13825854	0.15163934	0	0.15588991	0	0.12587413	0	0.23217826	0.1702526	0	0	0	0.15005311	0	0.19892473	0	0	0	0	0	0	0	0.16055046	0.21165644	0.14229249	0	0	0	0	0.13825854	0	0	0	0	0.40130495	0	0	0.15546218	0	0	0.27858054	0.71812031	0.19273743	0.2173913	0	0	0.4812691	0.15665364	0.15265487	0.14680996	0	0.13513972	1	0	0.24356589	0	0.21198999	0	0	0	0.16363636	0	0.22392638	0.18817204	0	0.31925668	0	0.20948012	0.15625	0	0	0	0	0.32963608	0	0	0.71812031	0.19662921	0	0	0	0.16371681	0.18062827	0.74434038	0.18691589	0	0.225	0	0	0.34104961	0	0	0	0	0	0	0	0.14058958	0	0	0	0	0.21590909	0.19662921	0	0	0.18181818	0	0.15765766	0.22890618	0.225	0.225	0.2397334	0	0.18449198	0.12730627	0.18357488	0	0	0	0	0	0	0.16046512	0	0.23702562	0.12162162	0	0	0	0	0.15470852	0.1518847	0.19662921	0.15537761	0.32120485	0.19662921	0.225	0	0	0	0	0	0	0.15625	0	0	0	0.20652174	0.19662921	0	0.2375	0.14064891	0	0	0	0.15470852	0.20349023	0	0.29784561	0.20553055	0	0.225	0.19662921	0	0.29891692	0.20257051	0.17700258	0.2397334	0	0	0	0	0.18817204	0.15765766	0	0.076595745	0	0	0	0	0.21604938	0	0.18817204	0.19565217	0.24358974	0.21165644	0.1227758	0.21604938	0	0	0	0.19662921	0	0	0	0	0.2173913	0	0.15265487	0	0.15088106	0	0.1704594	0	0	0.21165644	0.36212625	0.19565217	0.225	0	0	0	0	0	0.16438356	0.23334712	0	0.65665128	0.24847102	0	0	0	0	0	0.20652174	0.21590909	0	0
0	0	0	0	0	0	0	0	0	0.26027397	0	0	0	0	0	0	0	0	0	0	0	0	0	0.52052065	0	0	0	0	0	0	0	0.35714286	0	0	0	0	0	0	0	0	0.71030992	0	0	0	0	0	0.30059928	0.23312823	0	0	0	0	0	0	0	0	0	0	0.41201915	0.29411765	0.32827613	0	0.36810362	0	0	0	0	0.23150372	0	0	0	0	0	0	0	0	0	0	0	0	0.10674157	0	0	0	0	0	0	0	0	0	0	0	0	0	0	1	0	0	0	0	0	0	0	0	0	0	0	0	0.32758621	0	0	0.45835946	0	0	0.2375	0	0.71030992	0	0	0	0	0	0.58783712	0	0	0	0	0	0	0	0	0	0.26388889	0.52052065	0.35714286	0	0.41116435	0	0	0	0.26388889	0	0	0	0	0	0.34678503	0.25641026	0	0.3577076	0	0	0	0	0	0	0	0	0	0	0	0.28571429	0	0	0	0	0	0	0.22303365	0	0	0	0	0	0	0	0	0	0	0	0	0	0.33841728	0	0	0	0	0	0	0	0	0	0	0	0	0	0	0	0	0	0	0	0	0	0	0	0	0	0	0	0	0	0	0.49789461	0.58783712	0	0	0.092964824	0	0	0	0	0	0	0.14503817	0	0	0	0	0	0	0	0	0	0	0	0	0	0	0	0	0	0	0	0.41116435	0	0	0.19791667	0	0	0	0	0	0	0	0	0	0	0	0	0	0	0	0	0	0	0	0	0	0	0
0.15849896	0.14326701	0.2995222	0.35973694	0.52355807	0.14900752	0.26681903	0.13273857	0.46147151	0	0.22477642	0	0.19081681	0.14012386	0.18879107	0.28160732	0.15159649	0	0.24338828	0	0	0.18191402	0	0	0	0.40299528	0	0.21943354	0	0.17900654	0.20037112	0	0.30829607	0	0	0.21925669	0.25551272	0.18191402	0.37917525	0.34684609	0	0	0.12618466	0	0	0.14218687	0	0.16157407	0	0	0.15537566	0	0	0	0.21666393	0	0	0	0	0	0	0	0	0	0.27125909	0.64348457	0.1402439	0	0	0	0	0.12618466	0	0	0	0	0.35973694	0	0	0	0	0	0.49811414	0.24356589	0.24223488	0	0	0	0.18793461	0.14280875	0.17900654	0.13483785	0	0.25243588	0.24356589	0	1	0	0.19228126	0	0	0	0.21265991	0	0	0.24263015	0	0.29334726	0	0.57403335	0.19081681	0	0	0	0	0.14326701	0	0	0.24356589	0.25547408	0	0	0	0	0.22338628	0.32588372	0	0	0.30829607	0	0	0.30912923	0	0	0	0	0	0	0	0.12801933	0	0	0	0	0	0.25547408	0	0	0	0	0.19528717	0.20735998	0.30829607	0.30829607	0.2166546	0	0.23022565	0.1953575	0	0	0	0	0	0	0	0.19666528	0	0.21519654	0.15562017	0	0	0	0	0.2382794	0.21925669	0.48517026	0.14168681	0.14069891	0.25547408	0.30829607	0	0	0	0	0	0	0.19081681	0	0	0	0	0.25547408	0	0	0.12941497	0	0	0	0.2382794	0.18415714	0	0.20621469	0.24248041	0	0.30829607	0.48517026	0	0	0.18466136	0.21248411	0.2166546	0	0	0	0	0.24267624	0.19528717	0	0.085859844	0	0	0	0	0.28160732	0	0.24263015	0.26520419	0.35973694	0.26681903	0.14327506	0.28160732	0	0	0	0.25547408	0	0	0	0	0	0	0.17900654	0	0.1722511	0	0.24276849	0	0	0.64348457	0.32588372	0.26520419	0.30829607	0	0	0	0	0	0.20506779	0.35540734	0	0.22477642	0.22477642	0	0	0	0	0	0.49249575	0	0	0
0	0	0	0	0	0	0	0	0	0	0	0	0	0.15142133	0	0	0	0	0.11500208	0	0	0	0	0	0	0.26978286	0.23073205	0	0	0	0	0	0	0	0	0	0	0	0	0	0	0.84454125	0.14725722	0	0	0.13257576	0	0	0.3259597	0	0	0	0.17755433	0	0	0	0	0	0	0	0	0	0	0	0	0	0.18629287	0	0	0	0.16571184	0.14725722	0	0.21612706	0	0	0	0	0	0	0	0	0	0	0	0	0	0	0	0.16816987	0	0.11589404	0	0	0	0	0	1	0	0	0	0	0	0	0	0	0.21750924	0	0	0	0	0	0	0	0	0	0	0	0	0	0.23073205	0	0	0	0	0	0	0	0	0	0	0	0	0	0	0	0	0	0	0.14868865	0	0	0	0.19318182	0	0	0	0	0	0	0	0	0	0	0	0	0	0	0	0	0	0	0	0	0	0	0	0	0	0	0	0.24952757	0.10501567	0	0	0	0.16458122	0	0	0	0	0.5757496	0	0	0	0.31355932	0	0	0	0	0	0	0	0	0	0	0	0	0	0	0	0	0	0	0	0	0	0	0	0	0	0	0	0	0	0	0	0	0	0.24952757	0	0	0	0	0	0	0	0	0	0	0	0	0.19318182	0	0	0	0	0	0	0	0	0	0	0	0	0	0	0	0	0	0	0	0	0	0	0.21750924	0	0.32123569	0	0.19318182	0	0	0	0	0.84454125	0.25462658	0	0	0	0	0
0.11754386	0.13150234	0.25611871	0.19892473	0.1952123	0.1365453	0.17357513	0.267301	0.16103397	0	0.47973309	0	0.13385827	0.28758845	0.16879803	0.17708333	0.13872192	0	0.096047665	0	0	0.13137255	0	0	0	0.12635379	0	0.14227642	0.17592593	0.13085938	0.43000576	0	0.18421053	0.2038835	0	0.13013699	0.15289256	0.13137255	0.77421127	0.16346154	0	0	0.11786135	0	0.13953488	0.13131294	0	0.11075949	0	0	0.14255941	0	0	0	0.12716368	0.15833333	0	0	0	0	0	0	0	0	0.13709677	0.17357513	0.15177585	0	0	0	0	0.11786135	0	0.13043478	0	0	0.29809027	0	0	0	0.08372093	0	0.21911756	0.21198999	0.16028708	0	0	0	0.16926766	0.13128275	0.13085938	0.28295983	0	0.11490363	0.21198999	0	0.19228126	0	1	0	0	0	0.14	0	0	0.15740741	0	0.25152113	0	0.17183463	0.13385827	0	0	0	0	0.13150234	0	0	0.21198999	0.16346154	0	0	0	0	0.15158371	0.27496019	0	0	0.18421053	0	0	0.26309795	0	0	0	0	0	0	0	0.11905036	0.16513761	0	0	0	0	0.16346154	0.14344262	0	0	0	0.13492063	0.18317621	0.18421053	0.18421053	0.19024354	0	0.15437788	0.11129568	0	0	0	0	0	0	0	0.13673469	0	0.45785017	0.10736196	0	0	0	0	0.13241107	0.13013699	0.16346154	0.13032472	0.12937451	0.16346154	0.18421053	0	0	0	0	0	0	0.13385827	0	0	0	0	0.16346154	0.16513761	0	0.26048862	0	0	0	0.13241107	0.16534665	0	0.1728972	0.16774153	0	0.18421053	0.16346154	0	0	0.16608478	0.14876957	0.19024354	0	0	0	0	0.15740741	0.13492063	0.074152542	0.07	0.15447154	0	0	0	0.17708333	0	0.15740741	0.1635514	0.19892473	0.17357513	0.10771704	0.17708333	0	0	0	0.16346154	0	0	0	0	0	0	0.13085938	0	0.12937743	0	0.29250583	0	0	0.17357513	0.49891035	0.1635514	0.18421053	0	0	0	0	0	0.14056225	0.18714072	0	0.19793064	0.47973309	0	0	0	0	0	0.1728972	0	0	0
0.15883568	0	0	0	0	0	0	0	0	0	0	0.10724638	0.12598987	0	0.13001538	0	0	0	0	0.17516364	0	0.17194421	0.12230009	0	0.1399752	0	0	0	0	0.1227682	0	0	0	0	0.13272727	0	0.14191081	0.12527057	0	0	0	0	0	0.15932445	0.17623204	0	0.11609941	0.1929027	0	0.11618387	0.13497584	0.15601695	0	0	0	0.1856463	0	0.12866937	0	0.16981718	0	0	0	0.13279688	0	0	0	0.0925	0	0	0.13468855	0	0	0	0	0.1274223	0	0	0	0	0.069364162	0	0	0	0	0.14744262	0	0.12455516	0	0	0.1227682	0	0	0	0	0	0	0	0	1	0	0	0.13156145	0	0	0	0	0	0	0	0.12598987	0	0	0	0	0	0	0	0	0	0	0	0	0	0	0	0	0	0	0.16153257	0	0.18414838	0.14518361	0	0	0.1270952	0	0	0	0	0	0	0	0	0	0	0	0	0	0.11480363	0.13042325	0	0	0	0	0	0	0	0	0.18418424	0.10354223	0.11386139	0	0.1164213	0	0	0	0	0.19143746	0.18418424	0	0	0.079831933	0	0	0	0	0	0	0	0	0	0	0.14518361	0	0	0.12598987	0	0	0	0	0	0	0	0	0.13409191	0.13619125	0	0	0	0	0	0	0.11967213	0	0	0	0	0.095041322	0	0	0	0	0	0	0	0.18680228	0.062388592	0	0	0	0	0	0	0	0	0	0	0	0	0	0.15977623	0	0	0	0.13909811	0	0	0.18418424	0.14744262	0	0.1227682	0.11801009	0.1207575	0	0	0	0	0	0	0	0	0.12445837	0	0	0	0	0	0.10746269	0	0	0	0.12452533	0	0	0	0.061675978	0	0	0	0.14744262
0	0	0	0	0	0	0	0.11426923	0	0	0	0	0	0	0	0	0	0	0	0	0	0	0	0	0	0	0	0	0.18699135	0	0	0	0	0.21065129	0	0	0	0	0	0	0	0	0	0	0	0	0	0	0	0	0.20465283	0.13432836	0	0.24781784	0	0.16936323	0	0	0.1993522	0	0	0.3294997	0.18777449	0.13821138	0	0	0	0	0	0	0	0	0	0	0.22771924	0.13333333	0	0	0.15803569	0	0	0	0	0	0	0	0.1980795	0	0	0	0	0	0.20220683	0	0	0	0	0	0	0	1	0	0	0	0	0	0	0	0	0	0	0	0	0.24554637	0	0	0	0	0	0	0	0	0	0	0	0	0	0	0	0	0	0	0	0	0	0.19384736	0	0	0.28039525	0	0	0.33782414	0	0	0	0	0	0	0	0	0	0.1929245	0	0	0	0.29910409	0	0	0	0	0	0	0.12323944	0.12727273	0	0	0.21739767	0	0	0	0	0	0	0	0	0	0	0	0	0	0.14166889	0	0.17297567	0	0	0	0	0	0.21261155	0	0	0	0	0	0.11179059	0.21164729	0	0	0	0	0	0	0.12068966	0	0	0	0	0	0	0	0	0	0	0	0	0	0	0	0.088886333	0	0	0.16727097	0	0	0.097222222	0	0	0	0	0.13238625	0	0	0	0	0	0	0	0	0	0	0	0	0	0	0	0.13596564	0.20633395	0.13103448	0	0	0	0	0	0	0.22741892	0	0	0	0	0	0	0	0.13432836	0	0	0	0.10963638	0	0	0.16727097	0
0	0	0.39062655	0	0	0	0	0	0	0	0	0	0	0	0	0	0	0	0	0	0.24826376	0	0	0	0	0	0	0	0	0	0	0	0	0	0	0	0	0	0	0	0	0	0	0	0	0	0	0	0	0	0	0	0	0	0	0	0	0.13257576	0	0	0	0	0	0	0	0	0	0.18377164	0	0	0.14906832	0	0	0	0	0	0	0.50679619	0	0	0	0	0	0	0	0	0	0	0	0	0	0	0	0	0	0	0	0	0	0	0	1	0	0	0	0	0	0.35315077	0	0	0	0	0	0	0	0	0	0	0	0	0	0	0	0	0	0	0	0	0	0	0	0	0	0	0	0	0	0	0	0	0	0	0	0	0	0	0	0	0	0.31056449	0	0	0	0	0	0	0	0	0	0	0.24939569	0	0	0	0.49166667	0	0	0	0	0	0	0	0	0	0	0	0	0	0	0	0	0	0	0	0	0	0	0	0	0	0	0	0	0	0	0	0	0	0	0	0	0	0	0.35315077	0	0	0	0	0	0	0	0	0	0	0	0	0	0	0	0	0	0	0.67690327	0	0	0	0	0	0	0	0	0	0	0	0	0	0	0	0	0	0	0	0	0	0	0	0	0	0	0	0	0	0	0	0	0	0	0	0	0	0	0	0	0	0	0	0	0	0	0	0
0.40538815	0.11551433	0.18627451	0.3259543	0.15765766	0.11616162	0.2500179	0.10084034	0.17300528	0	0.15254237	0.13821138	0.92332532	0.10465116	0.17193961	0.26188519	0.11694915	0	0.10526825	0.19444444	0	0.21177702	0.42042575	0	0	0.1770099	0	0.21210698	0	0.76677004	0.13846154	0	0.2836451	0	0	0.17530549	0.89873897	0.47119687	0.15052715	0.24094656	0	0	0.098314607	0.16076592	0.14919355	0.10869565	0	0.35761911	0	0	0.14585709	0.14529915	0	0	0.1364572	0.16086957	0	0.10802469	0	0	0	0	0	0	0.19641608	0.2500179	0.13186813	0.11295681	0	0	0.11608624	0.098314607	0	0	0	0	0.21590909	0	0	0	0.10927877	0	0.22618192	0.16363636	0.23012023	0	0	0.24540167	0.13235294	0.11423841	0.76677004	0.1	0	0.13040534	0.16363636	0	0.21265991	0	0.14	0.13156145	0	0	1	0	0	0.23063816	0	0.18446602	0	0.24308433	0.92332532	0	0	0	0	0.11551433	0	0	0.16363636	0.24094656	0	0	0	0	0.21487235	0.19791667	0	0	0.2836451	0.17156863	0	0.25161046	0	0	0	0	0	0	0	0.10329341	0	0	0	0	0	0.24094656	0	0	0	0.23053913	0.54849768	0.14957265	0.2836451	0.2836451	0.15486726	0	0.22036553	0.15282592	0	0	0.13059701	0	0	0	0	0.19222523	0	0.14754098	0.40261756	0	0	0	0.092838196	0.18291211	0.17530549	0.24094656	0.11386139	0.11397671	0.24094656	0.2836451	0	0	0	0	0	0	0.92332532	0	0	0	0	0.24094656	0	0	0.098630137	0	0	0	0.18291211	0.13358779	0	0.18627451	0.19383049	0	0.2836451	0.24094656	0	0	0.13636364	0.20597133	0.15486726	0	0	0	0	0.23067018	0.22986563	0.090494003	0.090158075	0	0	0	0	0.26188519	0	0.23063816	0.24957335	0.3259543	0.42903335	0.1451557	0.26188519	0	0	0	0.24094656	0.13888889	0	0	0	0	0	0.76677004	0	0.672306	0	0.1564436	0	0	0.2500179	0.19791667	0.24957335	0.2836451	0	0	0	0	0	0.1998568	0.33087369	0	0.15254237	0.15254237	0	0	0	0	0.084792575	0.25110646	0	0	0
0	0	0	0	0.19047619	0	0	0	0	0	0	0.17094017	0	0	0	0	0	0	0	0	0.16017316	0	0.18837239	0	0.23655914	0	0	0	0	0	0	0	0	0	0	0	0	0	0	0	0	0	0	0	0	0	0	0	0	0	0	0	0	0	0	0	0	0	0	0	0	0	0	0	0	0	0	0	0	0.22619048	0	0	0	0	0	0	0	0	0	0.20965844	0	0.46187862	0	0	0	0	0	0	0	0	0	0	0	0	0	0	0	0	0	0	0	0	0	1	0	0	0	0	0	0	0	0	0.21137026	0	0	0	0	0.21033479	0	0	0	0.18686869	0	0	0	0	0	0	0	0	0	0	0	0	0	0	0	0	0	0	0	0	0	0	0	0	0	0	0.1754386	0	0	0	0	0	0	0.18867925	0	0	0	0	0	0	0	0	0	0	0	0	0	0	0.19892473	0.17857143	0.16848	0	0	0	0	0	0	0	0	0	0	0	0	0	0	0	0.18867925	0	0	0	0	0	0	0	0	0.32633619	0	0.16	0	0	0	0	0	0	0	0	0	0	0	0.42383646	0.28082656	0	0	0	0	0	0	0	0.59830076	0	0	0	0	0	0	0	0	0	0	0	0	0	0	0	0.19191919	0	0	0	0	0	0.18223235	0	0	0	0	0	0	0	0	0	0.18018018	0	0	0	0.38577707	0	0	0	0	0	0	0	0	0	0	0	0	0	0
0	0.27163093	0	0	0	0.32145715	0	0	0.16666667	0	0	0	0	0	0	0	0	0	0	0	0	0	0	0	0	0	0	0	0	0	0.17980296	0	0	0	0	0	0	0	0	0	0	0	0	0.20510143	0	0	0	0	0	0.17336683	0	0	0	0	0	0	0.42138162	0	0	0	0	0	0	0	0	0	0	0	0	0	0	0	0	0	0	0	0	0	0	0.16666667	0	0	0	0.33785627	0	0.24829932	0	0	0.2175595	0	0	0	0	0	0.22392638	0	0	0	0	0	0	0	0	0	1	0	0	0	0	0	0	0	0	0	0	0.2065291	0	0	0.22392638	0	0	0	0	0.43159771	0	0.3	0.45115957	0	0	0	0	0	0	0	0	0	0	0	0	0	0	0	0	0	0.53255593	0	0	0	0.19945355	0	0	0	0	0	0	0	0	0	0.20294118	0	0	0	0	0	0	0	0	0	0	0	0	0	0	0	0	0	0	0.26458945	0	0	0	0	0	0	0	0	0	0	0	0	0.6504387	0	0	0.2804878	0	0	0	0	0	0	0	0.33318295	0	0	0	0	0	0.21345029	0	0	0	0	0	0	0	0	0	0	0	0	0	0	0	0	0	0	0	0	0	0	0	0	0	0	0	0	0	0	0	0.24829932	0	0	0	0	0	0	0	0	0	0	0	0	0	0	0	0	0	0	0	0	0.20391061	0	0	0	0	0	0	0	0.35677704	0	0
0.17019782	0.12666667	0.21764706	0.4109591	0.18085106	0.12737643	0.30088974	0.10835913	0.18894855	0	0.17326733	0	0.20631479	0.11290323	0.1559633	0.31952522	0.12835249	0	0.10702915	0	0	0.19672367	0	0	0	0.19268131	0	0.23923035	0	0.1931535	0.15486726	0	0.35160962	0	0	0.19082839	0.27837178	0.19672367	0.1601648	0.28684468	0	0	0.10559006	0	0	0.11805556	0	0.17273195	0	0	0.12773723	0	0	0	0.14328689	0	0	0	0	0	0	0	0	0	0.21957489	0.30088974	0.14644351	0	0	0	0	0.10559006	0	0	0	0	0.26056338	0	0	0	0	0	0.26264362	0.18817204	0.69769189	0	0	0	0.14705882	0.125	0.1931535	0.10736196	0	0.13568625	0.18817204	0	0.24263015	0	0.15740741	0	0	0	0.23063816	0	0	1	0	0.21511628	0	0.28924949	0.20631479	0	0	0	0	0.12666667	0	0	0.18817204	0.78204367	0	0	0	0	0.9090115	0.23417722	0	0	0.35160962	0	0	0.22289157	0	0	0	0	0	0	0	0.11166667	0	0	0	0	0	0.60492301	0	0	0	0	0.21194952	0.17	0.35160962	0.35160962	0.17708333	0	0.49819409	0.16323644	0	0	0	0	0	0	0	0.21487901	0	0.16666667	0.16606613	0	0	0	0	0.20114437	0.19082839	0.28684468	0.12453532	0.12476548	0.78204367	0.70501904	0	0	0	0	0	0	0.20631479	0	0	0	0	0.60492301	0	0	0.10574018	0	0	0	0.20114437	0.14912281	0	0.21764706	0.21381472	0	0.35160962	0.28684468	0	0	0.15217391	0.23308661	0.17708333	0	0	0	0	0.27038258	0.21194952	0	0.090437243	0	0	0	0	0.46003929	0	0.70322189	0.61087255	0.4109591	0.30088974	0.32771154	0.67359283	0	0	0	0.41157377	0	0	0	0	0	0	0.1931535	0	0.18561939	0	0.16693504	0	0	0.30088974	0.23417722	0.61087255	0.35160962	0	0	0	0	0	0.22299607	0.24168984	0	0.17326733	0.17326733	0	0	0	0	0	0.29893546	0	0	0
0	0	0	0	0	0	0	0	0	0	0	0	0	0.13972599	0	0	0	0	0.29550287	0	0	0	0	0	0	0.14259179	0.93516419	0	0	0	0	0	0	0	0	0	0	0	0	0	0	0.21750924	0.2762091	0	0	0.1282611	0	0	0.25047889	0	0	0	0.43809359	0	0	0	0	0	0	0	0	0	0	0	0	0	0.15594023	0	0	0	0.77918164	0.44050718	0	0.58985694	0	0	0	0	0	0	0	0	0	0	0	0	0	0	0	0.14657137	0	0.11507599	0	0	0	0	0	0.21750924	0	0	0	0	0	0	0	0	1	0	0	0	0	0	0	0	0	0	0	0	0	0	0.53257031	0	0	0	0	0	0	0	0	0	0	0	0	0	0	0	0	0	0	0.1332336	0	0	0	0.17330273	0	0	0	0	0	0	0	0	0	0	0	0	0	0	0	0	0	0	0	0	0	0	0	0	0	0	0	0.20183464	0.08627451	0	0	0	0.14355399	0	0	0	0	0.21750924	0	0	0	0.20110193	0	0	0	0	0	0	0	0	0	0	0	0	0	0	0	0	0	0	0	0	0	0	0	0	0	0	0	0	0	0	0	0	0	0.20183464	0	0	0	0	0	0	0	0	0	0	0	0	0.17330273	0	0	0	0	0	0	0	0	0	0	0	0	0	0	0	0	0	0	0	0	0	0	0.6570925	0	0.15944004	0	0.17330273	0	0	0	0	0.21750924	0.66436346	0	0	0	0	0
0.15145228	0.18787973	0.94110408	0.28169014	0.2954433	0.19435944	0.24496644	0.16850421	0.23265632	0	0.29264404	0	0.17619048	0.17789978	0.24658913	0.25	0.19776418	0	0.13087041	0	0.20190844	0.17298578	0	0	0	0.16309013	0	0.18811881	0	0.17216981	0.25851351	0	0.26027397	0	0	0.1713948	0.2020202	0.17298578	0.19476747	0.22560976	0	0	0.16224353	0	0	0.18339362	0	0.13970588	0	0	0.19970183	0	0	0	0.17579474	0	0	0.11724138	0	0	0	0	0	0	0.18137255	0.24496644	0.15899582	0.15451363	0	0	0.13084112	0.16224353	0	0	0	0	0.47631201	0.37209335	0	0	0	0	0.3314647	0.31925668	0.22121212	0	0	0	0.24127746	0.18640689	0.17216981	0.17082534	0	0.15956148	0.31925668	0	0.29334726	0	0.25152113	0	0	0.35315077	0.18446602	0	0	0.21511628	0	1	0	0.24247492	0.17619048	0	0	0	0	0.18787973	0	0	0.31925668	0.22560976	0	0	0	0	0.20621469	0.42675923	0	0	0.26027397	0	0	0.40132662	0	0	0	0	0	0	0	0.16649831	0	0	0	0	0	0.22560976	0	0	0	0.24858101	0.17788462	0.27256165	0.26027397	0.26027397	0.28578672	0	0.21098266	0.14202335	0	0	0.20623029	0	0	0	0.35315077	0.18159204	0	0.27898153	0.13475177	0	0	0	0	0.17464115	0.1713948	0.22560976	0.18499025	0.18446986	0.22560976	0.26027397	0	0	0	0	0	0	0.17619048	0	0	0	0	0.22560976	0	0	0.16420011	0	0	0	0.17464115	0.24041256	0	0.23529412	0.24367392	0.27181697	0.26027397	0.22560976	0	0	0.23929068	0.20194986	0.28578672	0	0	0	0	0.21511628	0.17788462	0	0.083333333	0	0	0	0.32073398	0.25	0	0.21511628	0.22352941	0.28169014	0.24496644	0.13670412	0.25	0	0	0	0.22560976	0	0	0	0	0	0	0.17216981	0	0.17018779	0	0.20173918	0	0	0.24496644	0.42675923	0.22352941	0.26027397	0	0	0	0	0	0.18536585	0.27678108	0	0.29264404	0.29264404	0	0	0	0	0	0.23529412	0	0	0
0	0	0	0	0	0	0	0	0	0.54920253	0	0	0	0	0	0	0	0	0	0	0	0	0	0.28688525	0	0	0	0	0	0	0	0.58783712	0	0	0	0	0	0	0	0	0.32758621	0	0	0	0	0	0.26240832	0.14634146	0	0	0	0	0	0	0	0	0	0	0.24	0.45913351	0.28767245	0	0.22875817	0	0	0	0	0.14937759	0	0	0	0	0	0	0	0	0	0	0	0	0.13749542	0	0	0	0	0	0	0	0	0	0	0	0	0	0	0.32758621	0	0	0	0	0	0	0	0	0	0	0	0	1	0	0	0.39299689	0	0	0.51505619	0	0.32758621	0	0	0	0	0	0.3	0	0	0	0	0	0	0	0	0	0.36962614	0.28688525	0.87278945	0	0.23972603	0	0	0	0.57736317	0	0	0	0	0	0.20689655	0.38696295	0	0.20930233	0	0	0	0	0	0	0	0	0	0	0	0.43229322	0	0	0	0	0	0	0.140625	0	0	0	0	0	0	0	0	0	0	0	0	0	0.20571429	0	0	0	0	0	0	0	0	0	0	0	0	0	0	0	0	0	0	0	0	0	0	0	0	0	0	0	0	0	0	0.26470588	0.3	0	0	0.1120326	0	0	0	0	0	0	0.18967298	0	0	0	0	0	0	0	0	0	0	0	0	0	0	0	0	0	0	0	0.23972603	0	0	0.18367347	0	0	0	0	0	0	0	0	0	0	0	0	0	0	0	0	0	0	0	0	0	0	0
0.17560248	0.13541667	0.24576271	0.4564228	0.20090634	0.13617464	0.32763177	0.11397671	0.42844373	0	0.1908078	0	0.21622419	0.11913043	0.17007673	0.34883778	0.13731656	0	0.2146756	0	0	0.20560633	0	0	0	0.42522639	0	0.25253762	0	0.20185585	0.16830467	0	0.38609403	0	0	0.2427233	0.29649606	0.20560633	0.34700509	0.42128414	0	0	0.11101836	0	0	0.1252354	0	0.1774539	0	0	0.1361829	0	0	0	0.19116462	0	0	0	0	0	0	0	0	0	0.30867089	0.94110408	0.15819861	0	0	0	0	0.11101836	0	0	0	0	0.30334728	0	0	0	0	0	0.47657281	0.20948012	0.29051705	0	0	0	0.15893271	0.13340122	0.20185585	0.11285008	0	0.23255134	0.20948012	0	0.57403335	0	0.17183463	0	0	0	0.24308433	0	0	0.28924949	0	0.24247492	0	1	0.21622419	0	0	0	0	0.13541667	0	0	0.20948012	0.30871808	0	0	0	0	0.26256914	0.26752768	0	0	0.38609403	0	0	0.25261324	0	0	0	0	0	0	0	0.11801802	0	0	0	0	0	0.30871808	0	0	0	0	0.22223953	0.18732394	0.38609403	0.38609403	0.19616519	0	0.27269404	0.21225966	0	0	0	0	0	0	0	0.22550062	0	0.18266667	0.17013117	0	0	0	0	0.26656973	0.2427233	0.58614461	0.13286004	0.13319672	0.30871808	0.38609403	0	0	0	0	0	0	0.21622419	0	0	0	0	0.30871808	0	0	0.11102107	0	0	0	0.26656973	0.16180049	0	0.24576271	0.22361953	0	0.38609403	0.58614461	0	0	0.16506024	0.247648	0.19616519	0	0	0	0	0.28933003	0.22223953	0	0.089535422	0	0	0	0	0.34883778	0	0.28924949	0.31881051	0.4564228	0.32763177	0.15671473	0.34883778	0	0	0	0.30871808	0	0	0	0	0	0	0.20185585	0	0.19372769	0	0.22018205	0	0	0.76694162	0.26752768	0.31881051	0.38609403	0	0	0	0	0	0.23443472	0.25503475	0	0.1908078	0.1908078	0	0	0	0	0	0.59383953	0	0	0
0.34647299	0.11064892	0.17788462	0.29267764	0.15044248	0.11129568	0.22217294	0.096952909	0.15657569	0	0.14583333	0.134	0.95477742	0.10057471	0.16000406	0.23278583	0.11204013	0	0.096518472	0.1875	0	0.1893851	0.37037701	0	0	0.16102786	0	0.19222211	0	0.9384444	0.13257576	0	0.2528546	0	0	0.15865903	0.72572901	0.39856445	0.13686411	0.21492023	0	0	0.094444444	0.15208982	0.14484127	0.10429448	0	0.31549723	0	0	0.13700852	0.1407563	0	0	0.12467644	0.15598291	0	0.10518293	0	0	0	0	0	0	0.17734809	0.22217294	0.12635379	0.10983607	0	0	0.11292962	0.094444444	0	0	0	0	0.20555556	0	0	0	0.10384902	0	0.2027014	0.15625	0.20517743	0	0	0.22472131	0.12681159	0.10947712	0.80278922	0.096153846	0	0.11943661	0.15625	0	0.19081681	0	0.13385827	0.12598987	0	0	0.92332532	0	0	0.20631479	0	0.17619048	0	0.21622419	1	0	0	0	0	0.11064892	0	0	0.15625	0.21492023	0	0	0	0	0.19252885	0.18877551	0	0	0.2528546	0.16586538	0	0.23191613	0	0	0	0	0	0	0	0.099112426	0	0	0	0	0	0.21492023	0	0	0	0.21575011	0.46474798	0.14285714	0.2528546	0.2528546	0.14782609	0	0.19700149	0.13880822	0	0	0.12683824	0	0	0	0	0.17303796	0	0.14112903	0.35525786	0	0	0	0.090551181	0.16534606	0.15865903	0.21492023	0.10912052	0.1091954	0.21492023	0.2528546	0	0	0	0	0	0	0.95477742	0	0	0	0	0.21492023	0	0	0.094850949	0	0	0	0.16534606	0.12781955	0	0.17788462	0.17648028	0	0.2528546	0.21492023	0	0	0.13059701	0.18492107	0.14782609	0	0	0	0	0.2063354	0.20512846	0.086071626	0.083004204	0	0	0	0	0.23278583	0	0.20631479	0.22392383	0.29267764	0.49087214	0.13223532	0.23278583	0	0	0	0.21492023	0.13476562	0	0	0	0	0	0.80278922	0	0.79289064	0	0.14261758	0	0	0.22217294	0.18877551	0.22392383	0.2528546	0	0	0	0	0	0.18093291	0.29041372	0	0.14583333	0.14583333	0	0	0	0	0.080652728	0.2251212	0	0	0
0	0	0	0	0	0	0	0	0	0.30445658	0	0	0	0	0	0	0	0	0	0	0	0	0	0.35676641	0	0	0	0	0	0	0	0.45835946	0	0	0	0	0	0	0	0	0.45835946	0	0	0	0	0	0.5780343	0.18706281	0	0	0	0	0	0	0	0	0	0	0.30520154	0.38082254	0.60070806	0	0.27413368	0	0	0	0	0.18525536	0	0	0	0	0	0	0	0	0	0	0	0	0.12961517	0	0	0	0	0	0	0	0	0	0	0	0	0	0	0.45835946	0	0	0	0	0	0	0	0	0	0	0	0	0.39299689	0	0	1	0	0	0.28562557	0	0.45835946	0	0	0	0	0	0.39299689	0	0	0	0	0	0	0	0	0	0.31455255	0.35676641	0.45835946	0	0.29903808	0	0	0	0.31455255	0	0	0	0	0	0.26471748	0.33227694	0	0.2714765	0	0	0	0	0	0	0	0	0	0	0	0.36411675	0	0	0	0	0	0	0.17972672	0	0	0	0	0	0	0	0	0	0	0	0	0	0.25932738	0	0	0	0	0	0	0	0	0	0	0	0	0	0	0	0	0	0	0	0	0	0	0	0	0	0	0	0	0	0	0.34978102	0.39299689	0	0	0.1063154	0	0	0	0	0	0	0.17486051	0	0	0	0	0	0	0	0	0	0	0	0	0	0	0	0	0	0	0	0.29903808	0	0	0.16363636	0	0	0	0	0	0	0	0	0	0	0	0	0	0	0	0	0	0	0	0	0	0	0
0	0	0	0	0	0	0	0	0	0	0	0	0	0	0	0	0	0	0	0	0.26891021	0	0.15054945	0	0.2844523	0	0	0	0	0	0	0	0	0	0	0	0	0	0	0	0	0	0	0	0	0	0	0	0	0	0	0	0	0	0	0	0	0	0	0	0	0	0	0	0	0	0	0	0	0	0	0	0	0	0	0	0	0	0	0.16997519	0	0.6664095	0	0	0	0	0	0	0	0	0	0	0	0	0	0	0	0	0	0	0	0	0	0.21137026	0	0	0	0	0	0	0	0	1	0	0	0	0	0.95019052	0	0	0	0	0	0	0	0	0	0	0	0	0	0	0	0	0	0	0	0	0	0	0	0	0	0	0	0	0	0	0	0	0	0	0	0	0	0.21641791	0	0	0	0	0	0	0	0	0	0	0	0	0	0	0	0.20194986	0.10686427	0	0	0	0	0	0	0	0	0	0	0	0	0	0	0	0.21641791	0	0	0	0	0	0	0	0	0.27732794	0	0	0	0	0	0	0	0	0	0	0	0	0	0.26494024	0.23220339	0	0	0	0	0	0	0	0.22727273	0	0	0	0	0	0	0	0	0	0	0	0	0	0	0	0.22312704	0	0	0	0	0	0.20714286	0	0	0	0	0	0	0	0	0	0.20422535	0	0	0	0.23498233	0	0	0	0	0	0	0	0	0	0	0	0	0	0
0	0	0	0	0	0	0	0.20223057	0	0	0	0	0	0	0	0	0	0	0	0	0	0	0	0	0	0	0	0	0	0	0	0	0	0	0	0	0	0	0	0	0	0	0	0	0	0	0	0	0	0	0.15322581	0.20689655	0	0.41243881	0	0	0	0	0.50192357	0	0	0.38231313	0.43888532	0	0	0	0	0	0	0	0	0	0	0	0	0.20454545	0	0	0.1751269	0	0	0	0	0	0	0	0	0	0	0	0	0	0.21681593	0	0	0	0	0	0	0	0.24554637	0	0	0	0	0	0	0	0	0	0	0	0	1	0	0	0	0	0	0	0	0	0	0	0	0	0	0	0	0	0	0	0	0	0	0.22875817	0	0	0.32758621	0	0	0.27484456	0	0	0	0	0	0	0	0	0	0.46208985	0	0	0	0.35495075	0	0	0	0	0	0	0.18421053	0.19337017	0	0	0.60469053	0	0	0	0	0	0	0	0	0	0	0	0	0	0	0	0.38466432	0	0	0	0	0	0.35495075	0	0	0	0	0	0.19627767	0.24	0	0	0	0	0	0	0.17857143	0	0	0	0	0	0	0	0	0	0	0	0	0	0	0	0.08372093	0	0	0.19060773	0	0	0.13157895	0	0	0	0	0.14315353	0	0	0	0	0	0	0	0	0	0	0	0	0	0	0	0.25765132	0.225	0.19387755	0	0	0	0	0	0	0.67690327	0	0	0	0	0	0	0	0.20689655	0	0	0	0.13048173	0	0	0.19060773	0
0	0	0	0	0	0	0	0	0	0.41030986	0	0	0	0	0	0	0	0	0	0	0	0	0	0.21084337	0	0	0	0	0	0	0	0.38068884	0	0	0	0	0	0	0	0	0.2375	0	0	0	0	0	0.21227421	0.12413793	0	0	0	0	0.17724291	0	0	0	0	0	0.18556701	0.32701055	0.22549223	0	0.17766497	0	0	0	0	0.19950281	0.32968866	0	0	0	0	0	0	0	0	0	0.20802586	0	0.19754326	0	0	0	0	0	0	0	0	0	0	0	0.13944816	0	0	0.2375	0	0	0	0	0	0	0	0	0	0	0	0	0.51505619	0	0	0.28562557	0	0	1	0	0.2375	0	0	0	0	0.18556701	0.2195122	0	0	0	0.16513761	0	0	0	0	0	0.274388	0.21084337	0.52821034	0	0.18421053	0	0	0	0.42239545	0.16622033	0	0	0	0	0.16513761	0.37649152	0.26582121	0.16666667	0	0	0	0	0	0	0	0	0	0	0.20341933	0.42976077	0.22259613	0	0	0	0	0	0.12	0	0	0	0	0	0	0	0	0	0	0	0.18294007	0	0.16438356	0	0	0	0	0	0	0	0	0	0.1875	0	0	0	0	0	0	0	0	0	0	0	0	0	0	0.16981132	0	0	0	0	0	0.2	0.2195122	0	0	0.15234745	0.094497052	0	0	0.22307301	0	0	0.26521347	0	0	0	0	0	0	0	0	0.20652174	0	0.21791136	0	0	0	0	0.24110591	0	0	0	0.18421053	0	0	0.20095738	0	0	0	0	0	0	0	0	0	0	0	0	0	0	0	0	0	0	0.092161529	0	0	0.22307301	0
0.098793363	0.84109218	0.18983924	0.15591398	0.14508487	0.8766193	0.13674322	0.10273978	0.23441138	0	0.1491532	0	0.11064892	0.1069566	0.13015401	0.139413	0.10986501	0	0.080709921	0	0	0.10862355	0	0	0	0.10587326	0	0.11709402	0	0.10826446	0.29021819	0	0.1448203	0	0	0.10761589	0.12564991	0.10862355	0.10917719	0.13064833	0	0	0.096744248	0.12738295	0	0.10590456	0	0.094482759	0	0.1104	0.11380137	0	0	0	0.10315875	0	0.20473709	0	0	0	0	0	0	0	0.11290323	0.13674322	0.10394537	0	0	0	0	0.096744248	0	0	0	0	0.21246861	0	0	0.10651828	0	0	0.16283223	0.45582671	0.12818004	0.14011516	0	0	0.47855037	0.10574754	0.10826446	0.10355124	0	0.094227537	0.32963608	0	0.14326701	0	0.13150234	0	0	0	0.11551433	0	0.2065291	0.12666667	0	0.18787973	0	0.13541667	0.11064892	0	0	0	0	1	0	0	0.32963608	0.13064833	0	0	0	0.17825577	0.12242991	0.30575517	0.18480895	0	0.1448203	0	0	0.19317698	0	0	0	0	0	0	0	0.097210922	0	0	0	0	0.24212621	0.13064833	0	0	0.12310287	0	0.11139028	0.13858416	0.1448203	0.1448203	0.14262551	0	0.12428843	0.094244604	0.12169312	0	0	0	0	0	0	0.11234991	0	0.14501183	0.091946309	0	0	0	0	0.10934891	0.10761589	0.13064833	0.1051802	0.80713959	0.13064833	0.1448203	0	0	0	0	0	0	0.11064892	0	0	0	0.21910917	0.13064833	0	0.14587738	0.10071352	0	0	0	0.10934891	0.12717333	0	0.21384876	0.12965765	0	0.1448203	0.13064833	0	0.12829525	0.12916733	0.12037037	0.14262551	0	0	0	0	0.12666667	0.11139028	0	0.062671546	0	0	0	0	0.139413	0	0.12666667	0.13147793	0.15591398	0.13674322	0.091608392	0.139413	0	0	0	0.13064833	0	0	0	0	0.14011516	0	0.10826446	0	0.10708402	0	0.11394086	0	0	0.13674322	0.19944763	0.13147793	0.1448203	0	0	0	0	0	0.11590525	0.14182084	0	0.31361777	0.1491532	0	0	0	0	0	0.13915547	0.17521281	0	0
0	0	0	0	0	0	0	0	0	0.26027397	0	0	0	0	0	0	0	0	0	0	0	0	0	0.52052065	0	0	0	0	0	0	0	0.35714286	0	0	0	0	0	0	0	0	0.71030992	0	0	0	0	0	0.30059928	0.23312823	0	0	0	0	0	0	0	0	0	0	0.41201915	0.29411765	0.32827613	0	0.36810362	0	0	0	0	0.23150372	0	0	0	0	0	0	0	0	0	0	0	0	0.10674157	0	0	0	0	0	0	0	0	0	0	0	0	0	0	0.71030992	0	0	0	0	0	0	0	0	0	0	0	0	0.32758621	0	0	0.45835946	0	0	0.2375	0	1	0	0	0	0	0	0.58783712	0	0	0	0	0	0	0	0	0	0.26388889	0.52052065	0.35714286	0	0.41116435	0	0	0	0.26388889	0	0	0	0	0	0.34678503	0.25641026	0	0.48809524	0	0	0	0	0	0	0	0	0	0	0	0.28571429	0	0	0	0	0	0	0.22303365	0	0	0	0	0	0	0	0	0	0	0	0	0	0.33841728	0	0	0	0	0	0	0	0	0	0	0	0	0	0	0	0	0	0	0	0	0	0	0	0	0	0	0	0	0	0	0.49789461	0.58783712	0	0	0.092964824	0	0	0	0	0	0	0.14503817	0	0	0	0	0	0	0	0	0	0	0	0	0	0	0	0	0	0	0	0.41116435	0	0	0.19791667	0	0	0	0	0	0	0	0	0	0	0	0	0	0	0	0	0	0	0	0	0	0	0
0	0	0	0	0	0	0	0	0	0	0	0	0	0	0	0	0	0	0	0	0.26023211	0	0.14983535	0	0.28306878	0	0	0	0	0	0	0	0	0	0	0	0	0	0	0	0	0	0	0	0	0	0	0	0	0	0	0	0	0	0	0	0	0	0	0	0	0	0	0	0	0	0	0	0	0	0	0	0	0	0	0	0	0	0	0.16914498	0	0.64649257	0	0	0	0	0	0	0	0	0	0	0	0	0	0	0	0	0	0	0	0	0	0.21033479	0	0	0	0	0	0	0	0	0.95019052	0	0	0	0	1	0	0	0	0	0	0	0	0	0	0	0	0	0	0	0	0	0	0	0	0	0	0	0	0	0	0	0	0	0	0	0	0	0	0	0	0	0	0.21535022	0	0	0	0	0	0	0	0	0	0	0	0	0	0	0	0.20097357	0.10639127	0	0	0	0	0	0	0	0	0	0	0	0	0	0	0	0.21535022	0	0	0	0	0	0	0	0	0.27575758	0	0	0	0	0	0	0	0	0	0	0	0	0	0.26341948	0.23096447	0	0	0	0	0	0	0	0.22613459	0	0	0	0	0	0	0	0	0	0	0	0	0	0	0	0.22195122	0	0	0	0	0	0.20613409	0	0	0	0	0	0	0	0	0	0.20323488	0	0	0	0.23368607	0	0	0	0	0	0	0	0	0	0	0	0	0	0
0.13529412	0.32963608	0.32806165	0.24358974	0.24805657	0.36823683	0.21165644	0.14423659	0.7100751	0	0.24847102	0	0.15625	0.152364	0.20755045	0.21604938	0.16697573	0	0.11124695	0	0	0.15333333	0	0	0	0.14574899	0	0.16666667	0	0.15265487	0.571508	0	0.225	0	0	0.1518847	0.17924528	0.15333333	0.16400474	0.19662921	0	0	0.13825854	0.15163934	0	0.15588991	0	0.12587413	0	0.2423248	0.1702526	0	0	0	0.15005311	0	0.19892473	0	0	0	0	0	0	0	0.16055046	0.21165644	0.14229249	0	0	0	0	0.13825854	0	0	0	0	0.40130495	0	0	0.22990568	0	0	0.27858054	0.71812031	0.19273743	0.363063	0	0	0.4812691	0.15665364	0.15265487	0.14680996	0	0.13513972	0.71812031	0	0.24356589	0	0.21198999	0	0	0	0.16363636	0	0.22392638	0.18817204	0	0.31925668	0	0.20948012	0.15625	0	0	0	0	0.32963608	0	0	1	0.19662921	0	0	0	0.16371681	0.18062827	0.74434038	0.18691589	0	0.225	0	0	0.34104961	0	0	0	0	0	0	0	0.14058958	0	0	0	0	0.21590909	0.19662921	0	0	0.18181818	0	0.15765766	0.22890618	0.225	0.225	0.2397334	0	0.18449198	0.12730627	0.28026413	0	0	0	0	0	0	0.16046512	0	0.23702562	0.12162162	0	0	0	0	0.15470852	0.1518847	0.19662921	0.15537761	0.32120485	0.19662921	0.225	0	0	0	0	0	0	0.15625	0	0	0	0.20652174	0.19662921	0	0.38696295	0.14064891	0	0	0	0.15470852	0.20349023	0	0.29784561	0.20553055	0	0.225	0.19662921	0	0.19230769	0.20257051	0.17700258	0.2397334	0	0	0	0	0.18817204	0.15765766	0	0.076595745	0	0	0	0	0.21604938	0	0.18817204	0.19565217	0.24358974	0.21165644	0.1227758	0.21604938	0	0	0	0.19662921	0	0	0	0	0.2173913	0	0.15265487	0	0.15088106	0	0.1704594	0	0	0.21165644	0.36212625	0.19565217	0.225	0	0	0	0	0	0.16438356	0.23334712	0	0.65665128	0.24847102	0	0	0	0	0	0.20652174	0.21590909	0	0
0.17617253	0.13064833	0.22839506	0.44701843	0.18888889	0.13137255	0.32229826	0.11111111	0.19644353	0	0.18041237	0	0.21492023	0.11589404	0.16190476	0.34381578	0.13241107	0	0.10934432	0	0	0.20479685	0	0	0	0.20004239	0	0.25061506	0	0.20088072	0.16055046	0	0.38036696	0	0	0.19852785	0.29226293	0.20479685	0.16546124	0.30601347	0	0	0.10828025	0	0	0.12142857	0	0.17837402	0	0	0.13157895	0	0	0	0.14739606	0	0	0	0	0	0	0	0	0	0.22970352	0.32229826	0.15151515	0	0	0	0	0.10828025	0	0	0	0	0.2761194	0	0	0	0	0	0.27782536	0.19662921	0.57107696	0	0	0	0.15217391	0.12884615	0.20088072	0.11006289	0	0.13930438	0.19662921	0	0.25547408	0	0.16346154	0	0	0	0.24094656	0	0	0.78204367	0	0.22560976	0	0.30871808	0.21492023	0	0	0	0	0.13064833	0	0	0.19662921	1	0	0	0	0	0.64664982	0.24666667	0	0	0.38036696	0	0	0.23417722	0	0	0	0	0	0	0	0.11472603	0	0	0	0	0	0.65429142	0	0	0	0	0.22118895	0.17708333	0.38036696	0.38036696	0.18478261	0	0.5325249	0.16879686	0	0	0	0	0	0	0	0.22492962	0	0.17326733	0.17125752	0	0	0	0	0.20967066	0.19852785	0.30601347	0.12835249	0.12862669	0.87454236	0.7798667	0	0	0	0	0	0	0.21492023	0	0	0	0	0.65429142	0	0	0.10835913	0	0	0	0.20967066	0.15454545	0	0.22839506	0.22260368	0	0.38036696	0.30601347	0	0	0.15765766	0.24500159	0.18478261	0	0	0	0	0.28694217	0.22118895	0	0.092049544	0	0	0	0	0.50066795	0	0.78204367	0.65997133	0.44701843	0.32229826	0.353826	0.73655774	0	0	0	0.44328069	0	0	0	0	0	0	0.20088072	0	0.19286459	0	0.17248347	0	0	0.32229826	0.24666667	0.65997133	0.38036696	0	0	0	0	0	0.23305526	0.25336399	0	0.18041237	0.18041237	0	0	0	0	0	0.31852025	0	0	0
0	0	0	0	0	0	0	0	0	0	0	0	0	0.14728121	0	0	0	0	0.33217444	0	0	0	0	0	0	0.14892967	0.61972358	0	0	0	0	0	0	0	0	0	0	0	0	0	0	0.23073205	0.3030647	0	0	0.1340596	0	0	0.27117129	0	0	0	0.50259206	0	0	0	0	0	0	0	0	0	0	0	0	0	0.1653665	0	0	0	0.42564037	0.49301905	0	0.67358159	0	0	0	0	0	0	0	0	0	0	0	0	0	0	0	0.15479312	0	0.12003092	0	0	0	0	0	0.23073205	0	0	0	0	0	0	0	0	0.53257031	0	0	0	0	0	0	0	0	0	0	0	0	0	1	0	0	0	0	0	0	0	0	0	0	0	0	0	0	0	0	0	0	0.14039424	0	0	0	0.18330396	0	0	0	0	0	0	0	0	0	0	0	0	0	0	0	0	0	0	0	0	0	0	0	0	0	0	0	0.21698912	0.088157895	0	0	0	0.15152279	0	0	0	0	0.23073205	0	0	0	0.20670391	0	0	0	0	0	0	0	0	0	0	0	0	0	0	0	0	0	0	0	0	0	0	0	0	0	0	0	0	0	0	0	0	0	0.21698912	0	0	0	0	0	0	0	0	0	0	0	0	0.18330396	0	0	0	0	0	0	0	0	0	0	0	0	0	0	0	0	0	0	0	0	0	0	0.53257031	0	0.16719518	0	0.18330396	0	0	0	0	0.23073205	0.76674513	0	0	0	0	0
0	0	0	0	0.28790557	0	0	0	0	0	0	0.23696185	0	0	0	0	0	0	0	0	0	0	0	0	0	0	0	0	0	0	0	0	0	0	0	0	0	0	0	0	0	0	0	0	0	0	0	0	0	0	0	0	0.13584906	0	0	0	0	0	0	0	0	0	0	0	0	0	0	0.12915129	0.24	0.50192357	0	0	0	0	0	0	0	0	0.15859031	0	0.092307692	0.24689438	0	0	0	0	0	0	0	0	0	0	0.11538462	0	0	0	0	0	0	0	0	0	0	0.18686869	0	0	0	0	0	0	0	0	0	0	0.18556701	0	0	0	0	0	0	1	0	0	0	0	0.17647059	0	0	0	0	0	0	0	0	0	0	0	0	0	0	0.13157895	0	0	0	0	0	0.18947368	0.47792656	0	0	0	0	0	0	0	0	0	0	0	0.1512605	0	0.16363636	0	0	0	0	0	0	0	0.2764966	0	0	0	0	0	0	0	0	0	0.14227642	0	0	0	0	0	0	0	0	0	0	0	0.20224719	0	0	0	0	0	0	0.15948276	0	0	0	0	0	0	0	0.18181818	0	0	0	0	0	0	0	0	0	0.081018519	0.076086957	0	0.30501614	0.17061611	0	0	0.12162162	0	0	0	0	0	0	0	0	0.22352941	0	0.16216216	0	0	0	0	0.17821782	0	0	0	0	0	0	0.15929204	0	0	0	0	0	0	0	0	0	0	0	0	0	0	0	0	0	0	0.079291316	0	0	0.17061611	0
0	0	0	0	0	0	0	0	0	0.24	0	0	0	0	0	0	0	0	0	0	0	0	0	0.43805622	0	0	0	0	0	0	0	0.32758621	0	0	0	0	0	0	0	0	0.87278945	0	0	0	0	0	0.26240832	0.20428464	0	0	0	0	0	0	0	0	0	0	0.35583333	0.27142857	0.28347457	0	0.31649484	0	0	0	0	0.20244384	0	0	0	0	0	0	0	0	0	0	0	0	0.1	0	0	0	0	0	0	0	0	0	0	0	0	0	0	0.58783712	0	0	0	0	0	0	0	0	0	0	0	0	0.3	0	0	0.39299689	0	0	0.2195122	0	0.58783712	0	0	0	0	0	1	0	0	0	0	0	0	0	0	0	0.24324324	0.43805622	0.32758621	0	0.35177038	0	0	0	0.24324324	0	0	0	0	0	0.30139455	0.2375	0	0.31056449	0	0	0	0	0	0	0	0	0	0	0	0.26388889	0	0	0	0	0	0	0.19555015	0	0	0	0	0	0	0	0	0	0	0	0	0	0.29425069	0	0	0	0	0	0	0	0	0	0	0	0	0	0	0	0	0	0	0	0	0	0	0	0	0	0	0	0	0	0	0.42334588	0.49166667	0	0	0.087064677	0	0	0	0	0	0	0.13533835	0	0	0	0	0	0	0	0	0	0	0	0	0	0	0	0	0	0	0	0.35177038	0	0	0.18367347	0	0	0	0	0	0	0	0	0	0	0	0	0	0	0	0	0	0	0	0	0	0	0
0	0.23390744	0	0	0	0.27224239	0	0	0.12962963	0	0	0	0	0	0	0	0	0	0	0	0	0	0	0	0	0	0	0	0	0	0.13909774	0	0	0	0	0	0	0	0	0	0	0	0	0.22573075	0	0	0	0	0	0.13358779	0	0	0	0	0	0	0.6994954	0	0	0	0	0	0	0	0	0	0	0	0	0	0	0	0	0	0	0	0	0	0	0.12878788	0	0	0	0.24539711	0	0.17619048	0	0	0.17279825	0	0	0	0	0	0.16371681	0	0	0	0	0	0	0	0	0	0.43159771	0	0	0	0	0	0	0	0	0	0	0.17825577	0	0	0.16371681	0	0	0	0	1	0	0.20707071	0.34857164	0	0	0	0	0	0	0	0	0	0	0	0	0	0	0	0	0	0.65801792	0	0	0	0.1504065	0	0	0	0	0	0	0	0	0	0.15021459	0	0	0	0	0	0	0	0	0	0	0	0	0	0	0	0	0	0	0.22883774	0	0	0	0	0	0	0	0	0	0	0	0	0.74145562	0	0	0.18817204	0	0	0	0	0	0	0	0.23429371	0	0	0	0	0	0.15811966	0	0	0	0	0	0	0	0	0	0	0	0	0	0	0	0	0	0	0	0	0	0	0	0	0	0	0	0	0	0	0	0.17619048	0	0	0	0	0	0	0	0	0	0	0	0	0	0	0	0	0	0	0	0	0.15289256	0	0	0	0	0	0	0	0.36640217	0	0
0.15956203	0.12242991	0.20857143	0.36831353	0.17357513	0.12313433	0.27194107	0.10518293	0.17610401	0	0.16666667	0	0.19252885	0.10952381	0.15022422	0.28749259	0.12406015	0	0.10139899	0	0	0.18348139	0	0	0	0.18030739	0	0.2219893	0	0.18046149	0.14935065	0	0.31525955	0	0	0.17804695	0.25874361	0.18348139	0.15025683	0.26014183	0	0	0.10244648	0	0	0.11433447	0	0.16261247	0	0	0.12365591	0	0	0	0.13502735	0	0	0	0	0	0	0	0	0	0.20359706	0.27194107	0.14139344	0	0	0	0	0.10244648	0	0	0	0	0.24829932	0	0	0	0	0	0.24053856	0.18062827	0.57629346	0	0	0	0.14197531	0.12087912	0.18046149	0.10422961	0	0.12819452	0.18062827	0	0.22338628	0	0.15158371	0	0	0	0.21487235	0	0	0.9090115	0	0.20621469	0	0.26256914	0.19252885	0	0	0	0	0.12242991	0	0	0.18062827	0.64664982	0	0	0	0	1	0.22392638	0	0	0.31525955	0	0	0.21345029	0	0	0	0	0	0	0	0.10819672	0	0	0	0	0	0.50421343	0	0	0	0	0.19721119	0.16341463	0.31525955	0.31525955	0.17005076	0	0.4166108	0.15295027	0	0	0	0	0	0	0	0.19884868	0	0.16046512	0.15654473	0	0	0	0	0.18722741	0.17804695	0.26014183	0.12043796	0.12062615	0.64664982	0.57206348	0	0	0	0	0	0	0.19252885	0	0	0	0	0.50421343	0	0	0.10267857	0	0	0	0.18722741	0.14377682	0	0.20857143	0.19980259	0	0.31525955	0.26014183	0	0	0.14680851	0.21506182	0.17005076	0	0	0	0	0.2466562	0.19721119	0	0.086001399	0	0	0	0	0.39410728	0	0.58414325	0.51159797	0.36831353	0.27194107	0.28160275	0.55473755	0	0	0	0.35648029	0	0	0	0	0	0	0.18046149	0	0.17357055	0	0.15682739	0	0	0.27194107	0.22392638	0.51159797	0.31525955	0	0	0	0	0	0.20726228	0.22399015	0	0.16666667	0.16666667	0	0	0	0	0	0.27193504	0	0	0
0.16079295	0.30575517	0.44404536	0.3125	0.33192079	0.34273211	0.27037037	0.17670701	0.43269891	0	0.32716547	0	0.18877551	0.18730773	0.2682139	0.2761194	0.21135047	0	0.13615456	0	0	0.18527919	0	0	0	0.17351598	0	0.20212766	0	0.18434343	0.56111168	0	0.28787879	0	0	0.1835443	0.2173913	0.18527919	0.20728379	0.24666667	0	0	0.1705842	0.18981481	0	0.19442597	0	0.14728682	0	0.20192308	0.21302788	0	0	0	0.18577957	0	0.25949367	0	0	0	0	0	0	0	0.19473684	0.27037037	0.16888889	0	0	0	0	0.1705842	0	0	0	0	0.59430264	0	0	0.1952381	0	0	0.37307341	0.74434038	0.24172185	0.28205128	0	0	0.46001063	0.19754879	0.18434343	0.17968248	0	0.16767474	0.74434038	0	0.32588372	0	0.27496019	0	0	0	0.19791667	0	0.3	0.23417722	0	0.42675923	0	0.26752768	0.18877551	0	0	0	0	0.30575517	0	0	0.74434038	0.24666667	0	0	0	0.20707071	0.22392638	1	0.23655914	0	0.28787879	0	0	0.4704117	0	0	0	0	0	0	0	0.17532529	0	0	0	0	0.28378378	0.24666667	0	0	0.22916667	0	0.19072165	0.30077166	0.28787879	0.28787879	0.31790266	0	0.22955975	0.15020576	0.23463687	0	0	0	0	0	0	0.19518717	0	0.30877219	0.14179104	0	0	0	0	0.18717949	0.1835443	0.24666667	0.19588808	0.2977179	0.24666667	0.28787879	0	0	0	0	0	0	0.18877551	0	0	0	0.26923077	0.24666667	0	0.31818182	0.17196114	0	0	0	0.18717949	0.26244829	0	0.40558382	0.26440998	0	0.28787879	0.24666667	0	0.24444444	0.25912708	0.21903323	0.31790266	0	0	0	0	0.23417722	0.19072165	0	0.085972851	0	0	0	0	0.2761194	0	0.23417722	0.24358974	0.3125	0.27037037	0.14426877	0.2761194	0	0	0	0.24666667	0	0	0	0	0.28205128	0	0.18434343	0	0.1821608	0	0.21475367	0	0	0.27037037	0.51388889	0.24358974	0.28787879	0	0	0	0	0	0.19895288	0.30544529	0	0.66323631	0.32716547	0	0	0	0	0	0.25641026	0.28378378	0	0
0	0.23976324	0	0	0	0.2791612	0	0	0.14728682	0	0	0	0	0	0	0	0	0	0	0	0	0	0	0	0	0	0	0	0	0	0.15748031	0	0	0	0	0	0	0	0	0	0	0	0	0.17884125	0	0	0	0	0	0.152	0	0	0.17026355	0	0	0	0.32264673	0	0	0	0	0	0	0	0	0	0	0.11864407	0.20689655	0	0	0	0	0	0	0	0	0	0.14342629	0.1468254	0.11865477	0	0	0.26945993	0	0.2020202	0	0	0.18874149	0	0	0	0.10681115	0	0.18691589	0	0	0	0	0	0	0	0	0	0.45115957	0	0	0	0	0	0	0	0	0	0.16513761	0.18480895	0	0	0.18691589	0	0	0.17647059	0	0.34857164	0	0.23655914	1	0	0	0	0	0	0	0	0	0	0	0	0	0	0	0.12068966	0	0	0.38814686	0	0	0.24292487	0.23402358	0	0	0	0	0	0	0	0	0	0.1719457	0	0.13740458	0	0.20817037	0	0	0	0	0	0	0	0	0	0	0	0	0	0	0.23451157	0	0	0.12962963	0	0	0	0	0	0	0	0	0	0.47571657	0	0.25538343	0.2183908	0	0	0	0	0	0	0	0.25963177	0	0	0	0	0	0.58414279	0	0	0	0	0	0	0	0	0	0.098514014	0.07231405	0	0	0.15319149	0	0	0.15556435	0	0	0	0	0	0	0	0	0.30197587	0	0.14634146	0	0	0	0.2020202	0.15929204	0	0	0	0	0	0	0.20366284	0	0	0	0	0	0	0	0	0	0	0	0	0.17391304	0	0	0	0	0	0.075103164	0	0.2720075	0.15319149	0
0	0	0	0	0	0	0	0	0	0	0	0	0	0	0	0	0	0.3125	0	0	0	0	0	0	0	0	0	0	0	0	0	0	0	0	0	0	0	0	0	0	0	0	0	0	0.20652174	0	0	0	0	0	0	0	0	0	0.1459854	0	0	0.14615385	0	0	0	0	0	0	0	0	0	0	0	0	0	0	0	0	0	0	0	0	0	0	0	0	0	0	0	0	0	0	0	0	0	0	0	0	0	0	0	0	0	0	0	0	0	0	0	0	0	0	0	0	0	0	0	0	0	0	0	0	0	0	0	0	0	0	0	0	0	1	0	0	0.32758621	0	0	0	0	0	0	0	0	0	0	0	0	0	0	0	0.23529412	0	0	0	0	0	0	0	0	0	0	0	0	0	0	0	0	0	0	0	0	0	0	0	0	0	0	0	0	0	0	0	0	0	0	0	0	0	0.31355932	0	0	0.35714286	0	0	0	0	0	0	0	0	0.28169014	0	0	0	0	0	0	0	0	0	0	0	0	0	0	0	0	0	0	0	0	0	0	0	0	0	0	0	0	0	0	0	0	0	0	0	0	0	0	0	0	0	0	0	0.23809524	0	0	0	0	0	0	0	0	0	0	0	0	0	0	0	0	0	0	0	0	0	0	0	0	0	0	0	0	0	0
0.20489872	0.1448203	0.26388889	0.58783712	0.21604938	0.14556962	0.40620921	0.12121212	0.22970686	0	0.20454545	0	0.2528546	0.12676056	0.18229167	0.43805622	0.14680851	0	0.12337047	0	0	0.24129129	0	0	0	0.2327592	0	0.29661611	0	0.23644496	0.18	0	0.49166667	0	0	0.23405228	0.34544821	0.24129129	0.19115837	0.38036696	0	0	0.11824324	0	0	0.13358779	0	0.20428464	0	0	0.14516129	0	0	0	0.1680571	0	0	0	0	0	0	0	0	0	0.27217294	0.40620921	0.16901408	0	0	0	0	0.11824324	0	0	0	0	0.32758621	0	0	0	0	0	0.33776477	0.225	0.35505438	0	0	0	0.16981132	0.14256198	0.23644496	0.12	0	0.15838046	0.225	0	0.30829607	0	0.18421053	0	0	0	0.2836451	0	0	0.35160962	0	0.26027397	0	0.38609403	0.2528546	0	0	0	0	0.1448203	0	0	0.225	0.38036696	0	0	0	0	0.31525955	0.28787879	0	0	1	0	0	0.27142857	0	0	0	0	0	0	0	0.12591241	0	0	0	0	0	0.38036696	0	0	0	0	0.26092172	0.20114943	0.49166667	0.49166667	0.21084337	0	0.32991551	0.19537762	0	0	0	0	0	0	0	0.26752898	0	0.19565217	0.19555015	0	0	0	0	0.24748805	0.23405228	0.38036696	0.14197531	0.14241164	0.38036696	0.49166667	0	0	0	0	0	0	0.2528546	0	0	0	0	0.38036696	0	0	0.11803279	0	0	0	0.24748805	0.17326733	0	0.26388889	0.25983675	0	0.49166667	0.38036696	0	0	0.17647059	0.29526511	0.21084337	0	0	0	0	0.35177038	0.26092172	0	0.10281687	0	0	0	0	0.43805622	0	0.35160962	0.38888889	0.58783712	0.40620921	0.182318	0.43805622	0	0	0	0.38036696	0	0	0	0	0	0	0.23644496	0	0.22717163	0	0.19889651	0	0	0.40620921	0.28787879	0.61918066	0.49166667	0	0	0	0	0	0.27519618	0.45817136	0	0.20454545	0.20454545	0	0	0	0	0	0.39299689	0	0	0
0.14435146	0	0	0	0	0	0	0	0	0	0	0	0.16586538	0	0.30730454	0	0	0	0	0.59140288	0	0.27845755	0.14516129	0	0	0	0	0	0	0.16309524	0	0	0	0	0	0	0.18367347	0.16507177	0	0	0	0	0	0.20839599	0	0	0	0.17492805	0	0	0	0	0	0	0	0	0	0	0	0	0	0	0	0	0	0	0	0	0	0	0	0	0	0	0	0	0	0	0	0	0.09375	0	0	0	0	0	0	0.23972603	0	0	0.16309524	0	0	0	0	0	0	0	0	0.16153257	0	0	0.17156863	0	0	0	0	0	0	0	0.16586538	0	0	0	0	0	0	0	0	0	0	0	0	0	0	0	0	0	0	1	0	0.37731651	0	0	0	0	0	0	0	0	0	0	0	0	0	0	0	0	0	0.19387755	0.16990291	0	0	0	0	0	0	0	0	0	0	0	0	0	0	0	0	0	0.17194548	0	0	0	0	0	0	0	0	0	0	0	0	0	0	0	0	0	0.16586538	0	0	0	0	0	0	0	0	0	0	0	0	0	0	0	0	0	0	0	0	0	0	0	0	0	0	0	0	0	0.31368159	0.082159624	0	0	0	0	0	0	0	0	0	0	0	0	0	0	0	0	0	0.34032674	0	0	0	0	0	0.16309524	0	0.16172986	0	0	0	0	0	0	0	0	0	0	0	0	0	0	0.18	0	0	0	0	0	0	0	0.081296024	0	0	0	0
0	0	0	0	0	0	0	0	0	0	0	0	0	0	0	0	0	0.56740225	0	0	0	0	0	0	0	0	0	0	0	0	0	0	0	0	0	0	0	0	0	0	0	0	0	0	0.19148936	0	0	0	0	0	0	0	0	0	0.18800993	0	0	0.13636364	0	0	0	0	0	0	0	0	0	0	0	0	0	0	0	0	0	0	0	0	0	0	0	0	0	0	0	0	0	0	0	0	0	0	0	0	0	0	0	0	0	0	0	0	0	0	0	0	0	0	0	0	0	0	0	0	0	0	0	0	0	0	0	0	0	0	0	0	0	0.32758621	0	0	1	0	0	0	0	0	0	0	0	0	0	0	0	0	0	0	0.3358773	0	0	0	0	0	0	0	0	0	0	0	0	0	0	0	0	0	0	0	0	0	0	0	0	0	0	0	0	0	0	0	0	0	0	0	0	0	0.9079626	0	0	0.32758621	0	0	0	0	0	0	0	0	0.4147946	0	0	0	0	0	0	0	0	0	0	0	0	0	0	0	0	0	0	0	0	0	0	0	0	0	0	0	0	0	0	0	0	0	0	0	0	0	0	0	0	0	0	0	0.45777093	0	0	0	0	0	0	0	0	0	0	0	0	0	0	0	0	0	0	0	0	0	0	0	0	0	0	0	0	0	0
0.19486622	0.19317698	0.41521132	0.29411765	0.31384513	0.2004045	0.25524476	0.17223349	0.24159972	0	0.31022109	0	0.23191613	0.1822718	0.54517943	0.26056338	0.20430401	0	0.13325506	0.45913351	0	0.30678976	0.1557377	0	0	0.16740088	0	0.19387755	0	0.22089202	0.27111888	0	0.27142857	0	0	0.17639903	0.28941023	0.22645165	0.20061835	0.23417722	0	0	0.16615543	0.24030475	0	0.18865143	0	0.2583195	0	0	0.2061849	0	0	0	0.18058582	0	0	0	0	0	0	0	0	0	0.18686869	0.25524476	0.16309013	0	0	0	0	0.16615543	0	0	0	0	0.53398027	0	0	0	0.1	0	0.35208312	0.34104961	0.22955975	0	0	0.26056338	0.25118425	0.19148671	0.22089202	0.17501805	0	0.16330223	0.34104961	0	0.30912923	0	0.26309795	0.18414838	0	0	0.25161046	0	0	0.22289157	0	0.40132662	0	0.25261324	0.23191613	0	0	0	0	0.19317698	0	0	0.34104961	0.23417722	0	0	0	0	0.21345029	0.4704117	0	0	0.27142857	0.37731651	0	1	0	0	0	0	0	0	0	0.17053415	0	0	0	0	0	0.23417722	0	0	0	0.20833333	0.24141301	0.28651196	0.27142857	0.27142857	0.30177452	0	0.21856287	0.14541833	0	0	0	0	0	0	0	0.18717949	0	0.29402854	0.25198785	0	0	0	0	0.17980296	0.17639903	0.23417722	0.18992731	0.18951765	0.23417722	0.27142857	0	0	0	0	0	0	0.23191613	0	0	0	0	0.23417722	0	0	0.16772215	0	0	0	0.17980296	0.2514617	0	0.24390244	0.25376679	0	0.27142857	0.23417722	0	0	0.24897424	0.20893372	0.30177452	0	0	0	0	0.22289157	0.33705162	0.087677725	0.084444444	0	0	0	0	0.26056338	0	0.22289157	0.23170732	0.29411765	0.25524476	0.13984674	0.26056338	0	0	0	0.23417722	0.27538613	0	0	0	0	0	0.22089202	0	0.21430717	0	0.20780795	0	0	0.25524476	0.4704117	0.23170732	0.27142857	0	0	0	0	0	0.19095477	0.38340881	0	0.31022109	0.31022109	0	0	0	0	0.086827238	0.24390244	0	0	0
0.18757619	0	0	0	0	0	0	0	0	0.29241235	0	0	0	0	0	0	0	0	0	0	0	0.20935473	0	0.23333333	0.30386874	0	0	0	0	0	0	0.42916804	0	0	0.26388889	0	0	0	0	0	0.26388889	0	0	0	0	0	0.36223525	0.13138686	0	0.2119933	0	0	0	0	0	0	0	0	0.20224719	0.87137629	0.24379666	0	0.19337017	0.19444444	0	0	0	0.133829	0	0	0	0	0	0	0	0.17647059	0	0	0	0	0.12747418	0	0	0	0	0.31269474	0	0	0	0	0	0	0	0	0	0.26388889	0	0	0	0.14518361	0	0	0	0	0	0	0	0	0.36962614	0	0	0.31455255	0	0	0.274388	0	0.26388889	0	0	0	0	0	0.24324324	0	0	0	0	0	0	0	0	0	1	0.23333333	0.42916804	0.19060773	0.20114943	0	0	0	0.30088674	0	0	0	0	0	0.17821782	0.31853965	0	0.18	0	0	0	0	0	0	0	0	0	0.42916804	0	0.44918435	0	0.16507177	0	0	0	0	0.12676056	0.42916804	0	0	0	0	0	0	0	0	0	0	0	0	0.1773399	0.30088674	0	0	0	0	0	0	0	0	0	0	0	0.19662921	0.28651892	0	0	0	0	0	0	0.2183908	0	0	0	0	0.15517241	0	0	0	0	0.2195122	0.24324324	0	0.22475525	0.10485773	0	0	0	0	0	0	0.17102309	0	0	0	0	0	0	0.24324324	0	0	0	0	0	0	0.26388889	0.31269474	0	0	0.22866725	0	0.20114943	0	0	0.16071429	0	0	0	0	0.2403527	0	0	0	0	0	0	0	0	0	0.17326733	0	0	0	0	0	0	0	0.31269474
0	0	0	0	0	0	0	0	0	0.23026316	0	0	0	0	0	0	0	0	0	0	0	0	0	0.84454125	0	0	0	0	0	0	0	0.31355932	0	0	0	0	0	0	0	0	0.52052065	0	0	0	0	0	0.24257209	0.18963011	0	0	0	0	0	0	0	0	0	0	0.32590141	0.26056338	0.53307646	0	0.28977535	0	0	0	0	0.18790751	0	0	0	0	0	0	0	0	0	0	0	0	0.096685083	0	0	0	0	0	0	0	0	0	0	0	0	0	0	0.52052065	0	0	0	0	0	0	0	0	0	0	0	0	0.28688525	0	0	0.35676641	0	0	0.21084337	0	0.52052065	0	0	0	0	0	0.43805622	0	0	0	0	0	0	0	0	0	0.23333333	1	0.31355932	0	0.31965159	0	0	0	0.23333333	0	0	0	0	0	0.2775686	0.22839506	0	0.28545908	0	0	0	0	0	0	0	0	0	0	0	0.25342466	0	0	0	0	0	0	0.18161971	0	0	0	0	0	0	0	0	0	0	0	0	0	0.27138841	0	0	0	0	0	0	0	0	0	0	0	0	0	0	0	0	0	0	0	0	0	0	0	0	0	0	0	0	0	0	0.38168087	0.43805622	0	0	0.084158416	0	0	0	0	0	0	0.13059701	0	0	0	0	0	0	0	0	0	0	0	0	0	0	0	0	0	0	0	0.31965159	0	0	0.17676768	0	0	0	0	0	0	0	0	0	0	0	0	0	0	0	0	0	0	0	0	0	0	0
0	0	0	0	0	0	0	0	0	0.56297061	0	0	0	0	0	0	0	0	0	0	0	0	0	0.31355932	0	0	0	0	0	0	0	0.71030992	0	0	0	0	0	0	0	0	0.35714286	0	0	0	0	0	0.30059928	0.15702479	0	0	0	0	0	0	0	0	0	0	0.26027397	0.53398027	0.33282175	0	0.24832215	0	0	0	0	0.16033755	0	0	0	0	0	0	0	0	0	0	0	0	0.15609455	0	0	0	0	0	0	0	0	0	0	0	0	0	0	0.35714286	0	0	0	0	0	0	0	0	0	0	0	0	0.87278945	0	0	0.45835946	0	0	0.52821034	0	0.35714286	0	0	0	0	0	0.32758621	0	0	0	0	0	0	0	0	0	0.42916804	0.31355932	1	0	0.26056338	0	0	0	0.59759934	0	0	0	0	0	0.22352941	0.44319864	0	0.22619048	0	0	0	0	0	0	0	0	0	0	0	0.49869397	0	0	0	0	0	0	0.15079365	0	0	0	0	0	0	0	0	0	0	0	0	0	0.22222222	0	0	0	0	0	0	0	0	0	0	0	0	0	0	0	0	0	0	0	0	0	0	0	0	0	0	0	0	0	0	0.28787879	0.32758621	0	0	0.12829246	0	0	0	0	0	0	0.21605108	0	0	0	0	0	0	0	0	0	0	0	0	0	0	0	0	0	0	0	0.26056338	0	0	0.19791667	0	0	0	0	0	0	0	0	0	0	0	0	0	0	0	0	0	0	0	0	0	0	0
0.13508065	0	0	0	0	0	0	0.10151515	0	0	0	0	0	0	0	0	0	0	0	0	0	0.15137615	0	0	0.19590643	0	0	0	0	0	0	0	0	0	0.24496644	0	0	0	0	0	0	0	0	0	0	0	0.14502165	0	0	0.14628821	0.17541328	0.16908213	0	0.16746411	0	0	0	0	0.18579235	0.21098266	0	0.1957672	0.18010753	0.22968669	0	0	0	0	0	0	0	0	0	0	0	0.34437724	0	0	0.18162636	0	0	0	0	0	0	0.19491525	0	0	0	0	0	0	0.11092715	0	0	0	0	0	0	0.1270952	0.19384736	0	0	0	0	0	0	0	0	0	0	0	0	0.22875817	0	0	0	0	0	0	0	0	0	0	0	0	0	0	0	0	0	0	0.19060773	0	0	1	0	0	0.46749562	0	0	0.12639405	0	0	0	0	0	0	0	0	0	0.16908213	0	0	0	0.18781726	0	0	0	0.24496644	0	0.19491525	0.15246637	0.28995952	0	0	0.21474359	0	0	0.24496644	0	0	0	0	0	0	0	0	0	0	0	0	0.16105769	0.19060773	0	0	0	0	0.18781726	0	0	0	0	0	0.099112426	0.91943904	0.18715084	0	0	0	0	0	0.14847162	0.20391061	0	0	0	0	0.14556962	0	0	0	0	0	0	0	0.15581395	0	0.075593952	0	0	0.19515343	0	0	0.11371237	0	0	0	0	0.18608524	0	0.30669092	0	0	0	0	0	0	0.35803651	0.19491525	0	0	0.1601467	0	0	0.12476548	0.2500156	0.16157205	0	0	0	0	0.16183575	0	0.21935484	0	0	0	0	0	0	0	0.34021876	0	0	0	0.076290741	0	0	0.19515343	0.19491525
0	0	0	0	0	0	0	0	0	0.19886364	0	0	0	0	0	0	0	0	0	0	0	0	0	0.31965159	0	0	0	0	0	0	0	0.26056338	0	0	0	0	0	0	0	0	0.41116435	0	0	0	0	0	0.21557656	0.17274745	0	0	0	0	0	0	0	0	0	0	0.27821419	0.22289157	0.22716329	0	0.24973755	0	0	0	0	0.17128265	0	0	0	0	0	0	0	0	0	0	0	0	0.090673575	0	0	0	0	0	0	0	0	0	0	0	0	0	0	0.41116435	0	0	0	0	0	0	0	0	0	0	0	0	0.23972603	0	0	0.29903808	0	0	0.18421053	0	0.41116435	0	0	0	0	0	0.35177038	0	0	0	0	0	0	0	0	0	0.20114943	0.31965159	0.26056338	0	1	0	0	0	0.20114943	0	0	0	0	0	0.24244704	0.19892473	0	0.24812262	0	0	0	0	0	0	0	0	0	0	0	0.21764706	0	0	0	0	0	0	0.16607982	0	0	0	0	0	0	0	0	0	0	0	0	0	0.34799847	0	0	0	0	0	0	0	0	0	0	0	0	0	0	0	0	0	0	0	0	0	0	0	0	0	0	0	0	0	0	0.87350839	0.35177038	0	0	0.079439252	0	0	0	0	0	0	0.11986301	0	0	0	0	0	0	0	0	0	0	0	0	0	0	0	0	0	0	0	0.89624606	0	0	0.15765766	0	0	0	0	0	0	0	0	0	0	0	0	0	0	0	0	0	0	0	0	0	0	0
0	0	0	0	0	0	0	0	0	0	0	0	0	0	0	0	0	0	0	0	0	0	0	0	0	0	0	0	0	0	0	0	0	0	0	0	0	0	0	0	0	0	0	0	0	0	0	0	0	0	0	0	0	0	0	0	0	0.3186896	0	0	0	0	0	0	0	0	0	0	0	0	0	0	0.73359442	0	0	0	0	0	0.17050691	0	0.1	0	0	0	0	0	0.22619048	0	0	0	0	0	0	0	0	0	0	0	0	0	0	0	0	0	0	0	0	0	0	0	0	0	0	0	0	0	0	0	0	0	0	0	0	0	0	0	0	0	0	0	0	0	0	0	0	0	0	1	0	0	0	0	0	0	0	0	0	0	0	0	0	0	0	0	0	0	0	0	0	0	0	0	0	0	0	0	0	0	0	0	0	0	0	0	0	0	0	0	0	0	0.46616956	0	0	0.22619048	0	0	0	0	0	0.27142857	0	0	0	0	0	0	0	0	0	0	0.25	0	0	0	0	0	0	0	0	0	0	0	0	0	0	0	0	0.087677725	0	0	0	0.1840796	0	0	0	0	0	0	0	0	0	0	0	0	0	0	0	0	0	0	0	0	0	0	0	0	0.37908097	0	0	0	0	0	0	0.26056338	0	0	0	0	0	0	0	0	0	0	0	0	0	0	0	0.1840796	0.24390244
0	0	0	0	0	0	0	0.12457338	0	0	0	0	0	0	0	0	0	0	0	0	0	0	0	0	0	0	0	0	0	0	0	0	0	0	0	0	0	0	0	0	0	0	0	0	0	0	0	0	0	0	0.24458924	0.22352941	0	0.22093023	0	0	0	0	0.25342466	0	0	0.26315789	0.24496644	0	0	0	0	0	0	0	0	0	0	0	0	0.22093023	0	0	0.26979102	0	0	0	0	0	0	0	0	0	0	0	0	0	0.13773585	0	0	0	0	0	0	0	0.28039525	0	0	0	0	0	0	0	0	0	0	0	0	0.32758621	0	0	0	0	0	0	0	0	0	0	0	0	0	0	0	0	0	0	0	0	0	0.46749562	0	0	1	0	0	0.15948276	0	0	0	0	0	0	0	0	0	0.22352941	0	0	0	0.25	0	0	0	0	0	0	0.19892473	0.20903955	0	0	0.30672269	0	0	0	0	0	0	0	0	0	0	0	0	0	0	0	0.21345029	0	0	0	0	0	0.25	0	0	0	0	0	0.12126246	0.56261955	0	0	0	0	0	0	0.19270833	0	0	0	0	0	0	0	0	0	0	0	0	0	0	0	0.089201878	0	0	0.29489751	0	0	0.14122137	0	0	0	0	0.24039177	0	0	0	0	0	0	0	0	0	0	0	0	0	0	0	0.15795207	0.40130495	0.20833333	0	0	0	0	0	0	0.31355932	0	0	0	0	0	0	0	0.22352941	0	0	0	0.090980763	0	0	0.29489751	0
0.089430894	0.097210922	0.16798618	0.13518519	0.12983762	0.10008512	0.11913357	0.095865709	0.11427812	0	0.13399588	0	0.099112426	0.42374618	0.11798547	0.12137681	0.10103089	0	0.19429204	0	0	0.097345133	0	0	0	0.13578245	0.14039424	0.10454545	0	0.097058824	0.12498677	0	0.12591241	0	0	0.09646539	0.11196319	0.097345133	0.10052796	0.11472603	0	0.14868865	0.26172565	0	0	0.22314064	0	0.08625	0.34225953	0	0.10482968	0	0.1214176	0	0.095810417	0	0	0	0	0	0	0	0	0	0.10090361	0.11913357	0.2253944	0	0	0	0.11393983	0.26172565	0	0.14032418	0	0	0.1851921	0	0	0	0	0	0.14487431	0.14058958	0.11262799	0	0	0	0.12045012	0.9036801	0.097058824	0.20916788	0	0.087937274	0.14058958	0	0.12801933	0.14868865	0.11905036	0	0	0	0.10329341	0	0	0.11166667	0.1332336	0.16649831	0	0.11801802	0.099112426	0	0	0	0	0.097210922	0	0	0.14058958	0.11472603	0.14039424	0	0	0	0.10819672	0.17532529	0	0	0.12591241	0	0	0.17053415	0	0	0	0	0	0	0	1	0	0	0	0.12775638	0	0.11472603	0	0	0	0	0.099702381	0.12472228	0.12591241	0.12591241	0.12791961	0	0.10963455	0.085714286	0	0	0	0	0	0	0	0.10030395	0	0.13070856	0.084146341	0	0	0.26662164	0.08425435	0.097922849	0.09646539	0.11472603	0.87169254	0.096062089	0.11472603	0.12591241	0	0.14868865	0	0	0	0.18877399	0.099112426	0	0	0	0	0.11472603	0	0	0.094130293	0	0	0	0.097922849	0.11552352	0	0.12248322	0.11769628	0	0.12591241	0.11472603	0	0	0.11748579	0.10650407	0.12791961	0	0	0	0	0.11166667	0.099702381	0	0.059075342	0.26662164	0	0	0	0.12137681	0	0.11166667	0.11577181	0.13518519	0.11913357	0.083544304	0.12137681	0	0.12775638	0	0.11472603	0	0	0	0	0	0	0.097058824	0	0.096041056	0	0.10479598	0	0	0.11913357	0.17532529	0.11577181	0.12591241	0	0	0	0.1332336	0	0.14664734	0.12764918	0.12775638	0.13399588	0.13399588	0	0	0.14868865	0.15261102	0	0.12248322	0	0	0
0	0	0	0	0	0	0	0.11692308	0	0.4469741	0.18627451	0	0	0.12179487	0	0	0	0	0	0	0	0	0	0.23333333	0	0	0	0	0.33824306	0	0.16666667	0.42916804	0	0.2804878	0	0	0	0	0.13307985	0	0.26388889	0	0	0	0.16666667	0	0.22750666	0.13138686	0	0	0	0	0	0	0	0.29403556	0	0	0.20224719	0.36159627	0.24379666	0	0.19337017	0	0	0	0.14522822	0.133829	0	0	0	0	0	0.32060778	0	0	0	0	0	0	0.15663086	0	0	0	0	0	0	0	0	0	0	0.11585366	0	0	0	0.26388889	0	0	0.16513761	0	0	0	0	0	0	0	0	0	0.57736317	0	0	0.31455255	0	0	0.42239545	0	0.26388889	0	0	0	0	0	0.24324324	0	0	0	0	0	0	0	0	0	0.30088674	0.23333333	0.59759934	0	0.20114943	0	0	0	1	0	0	0	0	0	0.43349057	0.31853965	0	0.18	0	0	0	0	0	0	0	0	0	0	0	0.34757846	0	0	0	0	0	0.17924528	0.12676056	0	0	0	0	0	0	0	0	0	0	0	0	0	0.1773399	0	0	0	0	0	0	0	0	0	0.20454545	0	0.11411411	0	0	0	0	0	0	0	0	0	0	0	0	0	0	0	0	0	0	0.2195122	0.24324324	0	0	0.12457016	0	0.18627451	0	0	0	0	0.17102309	0	0	0	0	0	0	0	0	0	0	0	0	0	0	0	0	0	0	0	0.20114943	0.1376673	0	0.16071429	0	0.2625	0	0	0	0	0	0	0	0	0	0	0	0.18627451	0	0	0	0	0	0	0	0	0
0	0	0	0	0	0	0	0.12263917	0	0	0	0	0	0	0	0	0	0	0	0	0	0	0	0	0	0	0	0	0.17729409	0	0	0	0	0.19730816	0	0	0	0	0	0	0	0	0	0	0	0	0	0	0	0	0.13515612	0.12068966	0.12995342	0.24575912	0	0.16240316	0	0	0.21480214	0	0	0.25728511	0.19579541	0.13059701	0	0	0	0.11826816	0.19740397	0	0	0	0	0	0.21393475	0.11986301	0	0	0.17543198	0	0.098402854	0	0	0	0	0	0.18747221	0	0	0	0	0	0.58310623	0	0	0	0	0	0	0	0.33782414	0	0	0	0	0	0	0	0	0	0	0	0	0.27484456	0.16622033	0	0	0	0	0	0	0.13157895	0	0	0	0	0.12068966	0	0	0	0	0	0	0	0	0.12639405	0	0	0.15948276	0	0	1	0	0	0	0	0	0.12681159	0.17946052	0	0	0.22205915	0	0	0	0.24199232	0	0	0	0	0.14303033	0	0.18700035	0.11447811	0	0	0.22340317	0	0	0	0	0	0	0	0	0	0	0	0	0	0.20258081	0	0.18225859	0	0	0	0	0	0.17548769	0	0	0	0.13257576	0	0.12004102	0.13157895	0	0	0	0	0	0	0.10897436	0	0	0	0	0.12323944	0	0	0	0	0	0	0	0	0	0.082467976	0.16665471	0	0	0.18377636	0	0	0.14862175	0	0	0	0	0.093837535	0	0	0	0.14453125	0	0.15044002	0	0	0	0	0.16134111	0	0	0	0	0.14229408	0.12681159	0.14810832	0	0	0	0	0	0	0.24120962	0	0	0	0	0	0	0	0.12068966	0	0	0	0.14509346	0	0	0.18377636	0
0	0	0	0	0	0	0	0	0	0	0	0	0	0	0	0	0.15319149	0	0	0	0	0	0	0	0	0	0	0	0	0	0	0	0	0	0	0	0	0	0	0	0	0	0	0	0	0	0	0	0	0	0	0	0	0	0	0	0	0.17517425	0	0	0	0	0	0	0	0	0	0	0	0	0	0	0	0	0	0	0	0	0	0	0	0	0	0	0	0	0	0	0	0	0	0	0	0.12110727	0	0	0	0	0	0	0	0	0	0	0	0	0	0	0	0	0	0	0	0	0	0	0	0	0	0	0	0	0	0	0	0	0	0	0	0	0	0	0	0	0	0	0	0	0	0	0	0	1	0	0	0	0	0	0	0	0	0	0	0	0.31891796	0	0	0	0	0	0	0	0	0	0	0	0	0	0	0	0	0	0	0	0	0	0	0	0	0	0	0	0	0	0	0	0	0	0	0	0	0	0	0	0	0	0	0	0	0	0	0	0	0	0	0	0.87278945	0	0.25108725	0	0.31891796	0	0	0	0	0	0	0	0	0	0	0	0	0	0	0	0	0	0	0	0	0	0	0	0	0	0	0	0	0	0	0	0	0	0	0	0	0	0	0	0	0	0	0	0	0	0	0	0	0	0	0	0	0	0	0	0	0	0	0	0
0	0	0	0	0	0	0	0	0	0	0	0	0	0.12982028	0	0	0	0	0.10272869	0	0	0	0	0	0	0.12835249	0.18330396	0	0	0	0	0	0	0	0	0	0	0	0	0	0	0.19318182	0.12940495	0	0	0.29559949	0	0	0.24182424	0	0	0	0.14874629	0	0	0	0	0	0	0	0	0	0	0	0	0	0.15133129	0	0	0	0.13912176	0.12940495	0	0.17718581	0	0	0	0	0	0	0	0	0	0	0	0	0	0	0	0.14241411	0	0.26430871	0	0	0	0	0	0.19318182	0	0	0	0	0	0	0	0	0.17330273	0	0	0	0	0	0	0	0	0	0	0	0	0	0.18330396	0	0	0	0	0	0	0	0	0	0	0	0	0	0	0	0	0	0	0.12775638	0	0	0	1	0	0	0	0	0	0	0	0	0	0	0	0	0	0	0	0	0	0	0	0	0	0	0	0	0	0	0	0.19423994	0.1104815	0	0	0	0.13957339	0	0	0	0	0.19318182	0	0	0	0.42667497	0	0	0	0	0	0	0	0	0	0	0	0	0	0	0	0	0	0	0	0	0	0	0	0	0	0	0	0	0	0	0	0	0	0.19423994	0	0	0	0	0	0	0	0	0	0	0	0	0.93114741	0	0	0	0	0	0	0	0	0	0	0	0	0	0	0	0	0	0	0	0	0	0	0.17330273	0	0.14377682	0	0.93114741	0	0	0	0	0.19318182	0.20094354	0	0	0	0	0
0	0.24212621	0	0	0	0.26651826	0	0	0.16363636	0	0	0	0	0	0	0	0	0	0	0	0	0	0	0	0	0	0	0	0	0	0.17592593	0	0	0	0	0	0	0	0	0	0	0	0	0.31610635	0	0	0	0	0	0.16981132	0	0	0	0	0	0	0.87350839	0	0	0	0	0	0	0	0	0	0	0	0	0	0	0	0	0	0	0	0	0	0	0.1635514	0	0	0	0.3491712	0	0.2375	0	0	0.228901	0	0	0	0	0	0.21590909	0	0	0	0	0	0	0	0	0	0.53255593	0	0	0	0	0	0	0	0	0	0	0.24212621	0	0	0.21590909	0	0	0	0	0.65801792	0	0.28378378	0.38814686	0	0	0	0	0	0	0	0	0	0	0	0	0	0	0	0	0	1	0	0	0	0.19387755	0	0	0	0	0	0	0	0	0	0.19672131	0	0	0	0	0	0	0	0	0	0	0	0	0	0	0	0	0	0	0.23666358	0	0	0	0	0	0	0	0	0	0	0	0	0.74746111	0	0	0.26470588	0	0	0	0	0	0	0	0.34760437	0	0	0	0	0	0.20652174	0	0	0	0	0	0	0	0	0	0	0	0	0	0	0	0	0	0	0	0	0	0	0	0	0	0	0	0	0	0	0	0.2375	0	0	0	0	0	0	0	0	0	0	0	0	0	0	0	0	0	0	0	0	0.19791667	0	0	0	0	0	0	0	0.60101238	0	0
0.17617253	0.13064833	0.22839506	0.44701843	0.18888889	0.13137255	0.32229826	0.11111111	0.19644353	0	0.18041237	0	0.21492023	0.11589404	0.16190476	0.34381578	0.13241107	0	0.10934432	0	0	0.20479685	0	0	0	0.20004239	0	0.25061506	0	0.20088072	0.16055046	0	0.38036696	0	0	0.19852785	0.29226293	0.20479685	0.16546124	0.30601347	0	0	0.10828025	0	0	0.12142857	0	0.17837402	0	0	0.13157895	0	0	0	0.14739606	0	0	0	0	0	0	0	0	0	0.22970352	0.32229826	0.15151515	0	0	0	0	0.10828025	0	0	0	0	0.2761194	0	0	0	0	0	0.27782536	0.19662921	0.40192218	0	0	0	0.15217391	0.12884615	0.20088072	0.11006289	0	0.13930438	0.19662921	0	0.25547408	0	0.16346154	0	0	0	0.24094656	0	0	0.60492301	0	0.22560976	0	0.30871808	0.21492023	0	0	0	0	0.13064833	0	0	0.19662921	0.65429142	0	0	0	0	0.50421343	0.24666667	0	0	0.38036696	0	0	0.23417722	0	0	0	0	0	0	0	0.11472603	0	0	0	0	0	1	0	0	0	0	0.22118895	0.17708333	0.38036696	0.38036696	0.18478261	0	0.5325249	0.16879686	0	0	0	0	0	0	0	0.22492962	0	0.17326733	0.17125752	0	0	0	0	0.20967066	0.19852785	0.30601347	0.12835249	0.12862669	0.65429142	0.7798667	0	0	0	0	0	0	0.21492023	0	0	0	0	0.65429142	0	0	0.10835913	0	0	0	0.20967066	0.15454545	0	0.22839506	0.22260368	0	0.38036696	0.30601347	0	0	0.15765766	0.24500159	0.18478261	0	0	0	0	0.28694217	0.22118895	0	0.092049544	0	0	0	0	0.50066795	0	0.60492301	0.65997133	0.44701843	0.32229826	0.2821981	0.73655774	0	0	0	0.65429142	0	0	0	0	0	0	0.20088072	0	0.19286459	0	0.17248347	0	0	0.32229826	0.24666667	0.65997133	0.38036696	0	0	0	0	0	0.23305526	0.25336399	0	0.18041237	0.18041237	0	0	0	0	0	0.31852025	0	0	0
0	0	0	0	0	0	0	0.10541311	0	0.17647059	0.16086957	0	0	0.10946746	0	0	0	0.35130686	0	0	0	0	0	0.2775686	0	0	0	0	0.27282809	0	0.14566929	0.22352941	0	0.22631579	0	0	0	0	0.11764706	0	0.34678503	0	0	0	0.20050836	0	0.2016448	0.16591804	0	0	0	0	0	0	0.17455237	0.24221082	0	0.11949686	0.25063953	0.19587629	0.20982878	0	0.22817063	0	0	0	0.12734082	0.16504229	0	0	0	0	0	0.25810444	0	0	0	0	0	0	0.10709449	0	0	0	0	0	0	0	0	0	0	0.10451977	0	0	0	0.34678503	0	0	0.14344262	0	0	0	0	0	0	0	0	0	0.20689655	0	0	0.26471748	0	0	0.16513761	0	0.34678503	0	0	0	0	0	0.30139455	0	0	0	0	0.23529412	0	0	0.3358773	0	0.17821782	0.2775686	0.22352941	0	0.24244704	0	0	0	0.43349057	0	0	0	0	0	1	0.17757009	0	0.22707966	0	0	0	0	0	0	0	0	0	0	0	0.19191919	0	0	0	0	0	0.15546218	0.16016768	0	0	0	0	0	0	0	0	0	0	0	0	0	0.21994682	0	0.31165951	0	0	0.23529412	0	0	0	0	0.17326733	0	0.10306407	0	0.31782809	0	0	0	0	0	0	0	0	0	0	0	0	0	0	0	0	0.27577193	0.30139455	0	0	0.090095138	0	0.16086957	0	0	0	0	0.1125	0	0	0	0	0	0	0	0	0	0	0	0	0	0	0	0.25480422	0	0	0	0.24244704	0.12173913	0	0.144	0	0.22043011	0	0	0	0	0	0	0	0	0	0	0	0.16086957	0	0	0	0	0	0	0	0	0
0	0	0	0	0	0	0	0	0	0.30993171	0	0	0	0	0	0	0	0	0	0	0	0	0	0.22839506	0	0	0	0	0	0	0	0.44319864	0	0	0	0	0	0	0	0	0.25641026	0	0	0	0	0	0.24405137	0.13286713	0	0	0	0	0.18041194	0	0	0	0	0	0.2	0.37707081	0.26175232	0	0.19170984	0	0	0	0	0.16441611	0.225	0	0	0	0	0	0	0	0	0	0.15189873	0	0.41877825	0	0	0	0	0	0	0	0	0	0	0	0.11165049	0	0	0.25641026	0	0	0	0	0	0	0	0	0	0	0	0	0.38696295	0	0	0.33227694	0	0	0.37649152	0	0.25641026	0	0	0	0	0.18947368	0.2375	0	0	0	0.24292487	0	0	0	0	0	0.31853965	0.22839506	0.44319864	0	0.19892473	0	0	0	0.31853965	0.12681159	0	0	0	0	0.17757009	1	0.17272727	0.17924528	0	0	0	0	0	0	0	0	0	0	0.14516129	0.363063	0.22553008	0	0	0	0	0	0.12837838	0	0	0	0	0	0	0	0	0	0	0	0.13671875	0	0.17674419	0	0	0	0	0	0	0	0	0	0.28448203	0	0	0	0	0	0	0	0	0	0	0	0	0	0	0.25662473	0	0	0	0	0	0.21590909	0.2375	0	0	0.29632371	0.074468085	0	0	0.16289593	0	0	0.57040359	0	0	0	0	0	0	0	0	0.34104961	0	0.15517241	0	0	0	0	0.16981132	0	0	0	0.19892473	0	0	0.51764461	0	0	0	0	0	0	0	0	0	0	0	0	0	0	0	0	0	0	0.077490775	0	0	0.16289593	0
0	0.12310287	0	0	0.2950481	0.12457912	0	0	0.14393939	0	0	0.24903762	0	0	0	0	0	0	0	0	0	0	0	0	0	0	0	0	0	0	0.25110817	0	0	0	0	0	0	0	0	0	0	0	0	0.14015152	0	0	0	0	0	0.1484375	0	0	0.18986571	0	0	0	0.17961165	0	0	0	0	0	0	0	0	0	0	0.17396523	0.34220921	0.33958362	0	0	0	0	0	0	0	0	0.22116022	0.14341085	0.1360544	0.25690237	0	0.18181818	0	0.19607843	0	0	0.13970588	0	0	0	0.15213062	0	0.18181818	0	0	0	0	0	0	0	0	0.1754386	0.19945355	0	0	0	0	0	0	0	0	0	0.26582121	0.12310287	0	0	0.18181818	0	0	0.47792656	0	0.1504065	0	0.22916667	0.23402358	0	0	0	0	0	0	0	0	0	0	0	0	0	0	0.17946052	0	0	0.19387755	0	0	0.17272727	1	0	0	0	0	0	0	0	0	0	0.16740088	0	0.21670126	0	0.23601397	0	0	0	0	0	0	0	0.28722917	0	0	0	0	0	0	0.12146423	0	0	0.19668215	0	0	0	0	0	0	0	0	0	0.18627451	0	0.18269231	0.21111111	0	0	0	0	0	0.15267176	0	0.18627451	0	0	0	0	0	0.24629417	0	0	0	0	0	0	0	0	0	0.11333945	0.10426455	0	0.31111944	0.23624083	0	0	0.17690114	0	0	0	0	0	0	0	0	0.2	0	0.23133219	0	0	0	0.19607843	0.2546665	0	0	0	0	0	0	0.1484375	0	0	0	0	0	0	0	0	0	0	0	0	0.16949153	0	0	0	0	0	0.10244347	0	0.19387755	0.23624083	0
0.18780815	0	0.26990398	0	0	0	0	0	0	0.17821782	0	0	0.21575011	0	0.15163934	0	0	0	0	0.22093023	0.19240837	0.15400844	0.20539323	0.28545908	0	0	0	0	0	0.20733247	0	0.22619048	0	0	0	0	0.25826594	0.21359789	0	0	0.3577076	0	0	0.14453125	0	0	0.20479305	0.21359794	0	0	0	0	0	0	0	0	0	0.11075949	0.25589575	0.19791667	0.21365559	0	0.2323894	0	0	0	0	0.3057046	0	0	0.12265758	0	0	0	0	0	0	0.3283695	0	0	0.16212647	0	0	0	0	0	0	0.31994184	0	0	0.20733247	0	0	0	0	0.3577076	0	0	0	0.11480363	0	0.31056449	0.23053913	0	0	0	0	0.24858101	0.20930233	0	0.21575011	0.2714765	0	0	0.16666667	0	0.48809524	0	0	0	0	0	0.31056449	0	0	0	0	0	0	0.19387755	0	0.20833333	0.18	0.28545908	0.22619048	0	0.24812262	0	0	0	0.18	0	0	0	0	0	0.22707966	0.17924528	0	1	0.22695242	0	0	0	0	0	0	0	0	0	0.19649381	0.19387755	0	0	0.31056449	0	0	0	0.28107926	0	0	0	0	0	0	0	0	0	0	0	0	0	0.22357938	0	0	0	0.21575011	0	0	0	0	0	0	0	0	0	0	0	0	0	0	0	0	0.24858101	0	0	0	0	0	0	0	0	0	0.2833448	0.31056449	0	0.15811966	0.13151112	0	0	0	0	0.28545908	0	0.11320755	0	0	0	0	0	0	0	0	0	0	0.1557377	0	0	0	0	0	0.20733247	0	0.20223014	0.24812262	0	0	0.14516129	0	0	0	0	0	0	0	0	0	0	0.25149211	0	0	0	0	0	0	0	0.10631871	0	0	0	0
0.80339399	0.11139028	0.17961165	0.3764683	0.15178571	0.11204013	0.30447391	0.097493036	0.15951739	0	0.14705882	0.13709677	0.46474798	0.10115607	0.16547279	0.32962587	0.11279461	0	0.097348244	0.19230769	0	0.24949887	0.41064044	0	0	0.16376048	0	0.19636258	0	0.41260349	0.13358779	0	0.26092172	0	0	0.16116613	0.69351454	0.78657492	0.13887621	0.22118895	0	0	0.094972067	0.15868529	0.148	0.10493827	0	0.34051919	0	0	0.14095237	0.1440678	0	0	0.12636169	0.15948276	0	0.10736196	0	0	0	0	0	0	0.18108346	0.22873618	0.12727273	0.11221122	0	0	0.11532125	0.094972067	0	0	0	0	0.20786517	0	0	0	0.10848034	0	0.20801723	0.15765766	0.2108653	0	0	0.24001396	0.12773723	0.11019737	0.41260349	0.096685083	0	0.12079376	0.15765766	0	0.19528717	0	0.13492063	0.13042325	0	0	0.54849768	0	0	0.21194952	0	0.17788462	0	0.22223953	0.46474798	0	0	0	0	0.11139028	0	0	0.15765766	0.22118895	0	0	0	0	0.19721119	0.19072165	0	0	0.26092172	0.16990291	0	0.24141301	0	0	0	0	0	0	0	0.099702381	0	0	0	0	0	0.22118895	0	0	0	0.22695242	1	0.1440678	0.26092172	0.37595751	0.14912281	0	0.20212078	0.14094889	0	0	0.12962963	0	0	0	0	0.17675231	0	0.14227642	0.38483409	0	0	0	0.092348285	0.16833791	0.16116613	0.22118895	0.10983607	0.10991736	0.22118895	0.26092172	0	0	0	0	0	0	0.46474798	0	0	0	0	0.22118895	0	0	0.095367847	0	0	0	0.16833791	0.12878788	0	0.17961165	0.17972514	0	0.26092172	0.22118895	0	0	0.13157895	0.18893195	0.14912281	0	0	0	0	0.21197695	0.27987151	0.089970228	0.083584988	0	0	0	0	0.24001396	0	0.21194952	0.23022759	0.3018803	0.22873618	0.13391216	0.24001396	0	0	0	0.22118895	0.13779528	0	0	0	0	0	0.41260349	0	0.37783522	0	0.14468827	0	0	0.22873618	0.19072165	0.23022759	0.26092172	0	0	0	0	0	0.18460946	0.309764	0	0.14705882	0.14705882	0	0	0	0	0.084373512	0.23163221	0	0	0
0.12453532	0.13858416	0.27810354	0.21764706	0.21043622	0.14401779	0.18926554	0.47618257	0.17108931	0	0.21258398	0	0.14285714	0.13618759	0.17995771	0.19318182	0.14644132	0	0.099712606	0	0	0.14016736	0	0	0	0.13409962	0	0.15217391	0	0.13958333	0.19100368	0	0.20114943	0	0	0.1388309	0.16371681	0.14016736	0.14427805	0.17708333	0	0	0.12319271	0	0	0.13795905	0	0.11666667	0	0	0.26103327	0.15789474	0	0.3008507	0.1332555	0	0	0	0.34449012	0	0	0.26293907	0.3121312	0	0.14655172	0.18926554	0.13108614	0	0	0	0	0.12319271	0	0	0	0.15652174	0.32862291	0	0.1374502	0	0	0	0.23695673	0.22890618	0.17357513	0	0	0	0.17975701	0.13821374	0.13958333	0.13137751	0.18159642	0.12014311	0.22890618	0	0.20735998	0	0.18317621	0	0.1929245	0	0.14957265	0	0	0.17	0	0.27256165	0	0.18732394	0.14285714	0	0	0.46208985	0	0.13858416	0	0	0.22890618	0.17708333	0	0	0	0	0.16341463	0.30077166	0	0	0.20114943	0	0	0.28651196	0	0	0	0.16908213	0	0	0.22352941	0.12472228	0	0.22205915	0	0	0	0.17708333	0	0	0	0	0.1440678	1	0.20114943	0.20114943	0.20461035	0.25149714	0.16666667	0.11754386	0	0	0	0	0.14344262	0.14893617	0	0.14628821	0.37898968	0.20408616	0.11290323	0	0	0	0	0.14135021	0.1388309	0.17708333	0.13716468	0.13623216	0.17708333	0.20114943	0	0	0.28361918	0	0	0	0.14285714	0	0.25149714	0	0	0.17708333	0	0	0.46226785	0.17647059	0	0	0.14135021	0.17610034	0	0.18686869	0.55257793	0	0.20114943	0.17708333	0	0	0.17656131	0.16024096	0.20461035	0	0	0	0	0.17	0.1440678	0	0.088627159	0	0	0.14680851	0	0.19318182	0.109375	0.17	0.17676768	0.21764706	0.18926554	0.17687788	0.19318182	0	0	0	0.17708333	0	0	0	0	0	0	0.13958333	0	0.1379668	0	0.29060697	0.1682243	0.152	0.18926554	0.30077166	0.17676768	0.20114943	0	0	0.40903497	0	0	0.15021459	0.20059669	0	0.21258398	0.21258398	0.15789474	0	0	0	0.11599482	0.18686869	0	0.14680851	0
0.20489872	0.1448203	0.26388889	0.58783712	0.21604938	0.14556962	0.40620921	0.12121212	0.22970686	0	0.20454545	0	0.2528546	0.12676056	0.18229167	0.43805622	0.14680851	0	0.12337047	0	0	0.24129129	0	0	0	0.33388488	0	0.42344035	0	0.23644496	0.18	0	0.49166667	0	0	0.31765468	0.34544821	0.24129129	0.19115837	0.38036696	0	0	0.11824324	0	0	0.13358779	0	0.20428464	0	0	0.14516129	0	0	0	0.23537885	0	0	0	0	0	0	0	0	0	0.39118001	0.40620921	0.16901408	0	0	0	0	0.11824324	0	0	0	0	0.32758621	0	0	0	0	0	0.33776477	0.225	0.35505438	0	0	0	0.16981132	0.14256198	0.23644496	0.12	0	0.15838046	0.225	0	0.30829607	0	0.18421053	0	0	0	0.2836451	0	0	0.35160962	0	0.26027397	0	0.38609403	0.2528546	0	0	0	0	0.1448203	0	0	0.225	0.38036696	0	0	0	0	0.31525955	0.28787879	0	0	0.49166667	0	0	0.27142857	0	0	0	0	0	0	0	0.12591241	0	0	0	0	0	0.38036696	0	0	0	0	0.26092172	0.20114943	1	0.49166667	0.21084337	0	0.32991551	0.27095443	0	0	0	0	0	0	0	0.38746734	0	0.19565217	0.19555015	0	0	0	0	0.34418554	0.31765468	0.38036696	0.14197531	0.14241164	0.38036696	0.49166667	0	0	0	0	0	0	0.2528546	0	0	0	0	0.38036696	0	0	0.11803279	0	0	0	0.34418554	0.17326733	0	0.26388889	0.25983675	0	0.79718047	0.38036696	0	0	0.17647059	0.41513986	0.21084337	0	0	0	0	0.53543039	0.26092172	0	0.13573522	0	0	0	0	0.43805622	0	0.35160962	0.38888889	0.58783712	0.40620921	0.182318	0.43805622	0	0	0	0.38036696	0	0	0	0	0	0	0.23644496	0	0.22717163	0	0.19889651	0	0	0.40620921	0.28787879	0.38888889	0.49166667	0	0	0	0	0	0.39655814	0.30012614	0	0.20454545	0.20454545	0	0	0	0	0	0.39299689	0	0	0
0.28058156	0.1448203	0.26388889	0.87278945	0.21604938	0.14556962	0.77524334	0.12121212	0.22970686	0	0.20454545	0	0.2528546	0.12676056	0.18229167	0.9079626	0.14680851	0	0.12337047	0	0	0.4003003	0	0	0	0.2327592	0	0.29661611	0	0.23644496	0.18	0	0.49166667	0	0	0.23405228	0.34544821	0.33360767	0.19115837	0.38036696	0	0	0.11824324	0	0	0.13358779	0	0.20428464	0	0	0.14516129	0	0	0	0.1680571	0	0	0	0	0	0	0	0	0	0.27217294	0.40620921	0.16901408	0	0	0	0	0.11824324	0	0	0	0	0.32758621	0	0	0	0	0	0.33776477	0.225	0.35505438	0	0	0	0.16981132	0.14256198	0.23644496	0.12	0	0.15838046	0.225	0	0.30829607	0	0.18421053	0	0	0	0.2836451	0	0	0.35160962	0	0.26027397	0	0.38609403	0.2528546	0	0	0	0	0.1448203	0	0	0.225	0.38036696	0	0	0	0	0.31525955	0.28787879	0	0	0.49166667	0	0	0.27142857	0	0	0	0	0	0	0	0.12591241	0	0	0	0	0	0.38036696	0	0	0	0	0.37595751	0.20114943	0.49166667	1	0.21084337	0	0.32991551	0.19537762	0	0	0	0	0	0	0	0.26752898	0	0.19565217	0.19555015	0	0	0	0	0.24748805	0.23405228	0.38036696	0.14197531	0.14241164	0.38036696	0.49166667	0	0	0	0	0	0	0.2528546	0	0	0	0	0.38036696	0	0	0.11803279	0	0	0	0.24748805	0.17326733	0	0.26388889	0.25983675	0	0.49166667	0.38036696	0	0	0.17647059	0.29526511	0.21084337	0	0	0	0	0.35177038	0.4777528	0	0.10281687	0	0	0	0	0.43805622	0	0.35160962	0.38888889	0.58783712	0.40620921	0.182318	0.43805622	0	0	0	0.38036696	0	0	0	0	0	0	0.23644496	0	0.22717163	0	0.19889651	0	0	0.40620921	0.28787879	0.38888889	0.49166667	0	0	0	0	0	0.27519618	0.30012614	0	0.20454545	0.20454545	0	0	0	0	0	0.39299689	0	0	0
0.12835249	0.14262551	0.29216661	0.22839506	0.22007948	0.14836724	0.19822485	0.13240265	0.17707927	0	0.3290622	0	0.14782609	0.13963928	0.18668559	0.20238095	0.25287866	0	0.10172997	0	0	0.14502165	0	0	0	0.13833992	0	0.15765766	0	0.14439655	0.19834267	0	0.21084337	0	0	0.14362851	0.16972477	0.14502165	0.14859286	0.18478261	0	0	0.12622512	0	0	0.14181025	0	0.11986301	0	0	0.15471224	0	0	0	0.13678567	0	0	0.14868072	0	0	0	0	0	0	0.15178571	0.19822485	0.13513514	0	0	0	0	0.12622512	0	0	0	0	0.45511931	0	0	0	0	0	0.36158508	0.2397334	0.18108108	0	0	0	0.271464	0.14215127	0.14439655	0.13461453	0	0.18923683	0.2397334	0	0.2166546	0	0.19024354	0	0	0	0.15486726	0	0	0.17708333	0	0.28578672	0	0.19616519	0.14782609	0	0	0	0	0.14262551	0	0	0.2397334	0.18478261	0	0	0	0	0.17005076	0.31790266	0	0	0.21084337	0	0	0.30177452	0	0	0	0	0	0	0	0.12791961	0	0	0.31891796	0	0	0.18478261	0	0	0	0	0.14912281	0.20461035	0.21084337	0.21084337	1	0	0.17357513	0.12093863	0	0	0	0	0	0	0	0.15158371	0	0.31366036	0.11589404	0	0	0	0	0.14628821	0.14362851	0.18478261	0.14103553	0.14012966	0.18478261	0.21084337	0	0	0	0	0	0	0.14782609	0	0	0	0	0.18478261	0	0	0.12918084	0	0	0	0.14628821	0.25557389	0	0.19473684	0.18512818	0	0.21084337	0.18478261	0.36765683	0	0.62285107	0.16666667	0.77101114	0	0	0	0	0.17708333	0.14912281	0	0.073529412	0	0	0	0	0.20238095	0	0.17708333	0.18421053	0.22839506	0.19822485	0.11672474	0.20238095	0	0	0	0.18478261	0	0	0	0	0	0	0.14439655	0	0.14270386	0	0.15481033	0	0	0.19822485	0.31790266	0.18421053	0.21084337	0	0	0	0	0	0.15555556	0.20891319	0	0.22185226	0.3290622	0	0	0	0	0	0.19473684	0	0	0
0	0	0	0	0	0	0	0.1360562	0	0	0	0	0	0	0	0	0	0	0	0	0.16299559	0	0.14179104	0	0.24175824	0	0	0	0	0	0	0	0	0	0	0	0	0	0	0	0	0	0	0	0	0	0	0	0	0	0.20493193	0.17431193	0	0.34798565	0	0	0	0	0.269035	0	0	0.30053781	0.24983672	0	0	0	0	0	0	0	0	0	0	0	0	0.17272727	0	0	0.15145228	0.15702479	0	0.17278618	0	0	0	0	0	0	0	0	0	0	0.19756202	0	0	0	0	0	0	0	0.29910409	0	0	0.18867925	0	0	0	0	0	0	0	0	0.21641791	0.35495075	0	0	0	0.21535022	0	0	0	0	0	0	0	0	0	0	0	0	0	0	0	0	0	0.18781726	0	0	0.25	0	0	0.24199232	0	0	0	0	0	0	0	0	0	0.25149714	0	0	0	1	0	0	0	0	0	0	0.15811966	0.16444444	0	0	0.30721816	0	0	0	0	0.18181818	0.10526316	0	0	0	0	0	0	0	0	0	0.22501374	0	0	0	0	0	0.72119724	0	0	0	0	0	0.13267842	0.19587629	0	0.23170732	0	0	0	0	0.15416667	0	0	0	0	0	0	0	0	0.22289157	0.20212766	0	0	0	0	0	0.11107182	0	0.2	0.16222222	0	0	0.11935484	0	0	0	0	0.12807018	0	0	0	0	0	0	0.19587629	0	0	0	0	0	0.18561485	0	0	0.16739766	0.18627451	0.16666667	0	0	0	0	0.18348624	0	0.32499585	0	0.2032967	0	0	0	0	0	0.17431193	0	0	0	0.096568292	0	0	0.16222222	0
0.16262763	0.12428843	0.21345029	0.3861389	0.17724868	0.125	0.28310287	0.10648148	0.18018045	0	0.16995074	0	0.19700149	0.11093248	0.15296804	0.3000855	0.1259542	0	0.10258922	0	0	0.1876485	0	0	0	0.18423399	0	0.22815011	0	0.18437257	0.15198238	0	0.32991551	0	0	0.18197191	0.26623382	0.1876485	0.15306647	0.2703582	0	0	0.10371517	0	0	0.11591696	0	0.16566513	0	0	0.12545455	0	0	0	0.13725342	0	0	0	0	0	0	0	0	0	0.20906551	0.28310287	0.14375	0	0	0	0	0.10371517	0	0	0	0	0.25524476	0	0	0	0	0	0.2487347	0.18449198	0.34085937	0	0	0	0.14435146	0.12267658	0.18437257	0.10550459	0	0.13009206	0.18449198	0	0.23022565	0	0.15437788	0	0	0	0.22036553	0	0	0.49819409	0	0.21098266	0	0.27269404	0.19700149	0	0	0	0	0.12428843	0	0	0.18449198	0.5325249	0	0	0	0	0.4166108	0.22955975	0	0	0.32991551	0	0	0.21856287	0	0	0	0	0	0	0	0.10963455	0	0	0	0	0	0.5325249	0	0	0	0	0.20212078	0.16666667	0.32991551	0.32991551	0.17357513	0	1	0.15592165	0	0	0	0	0	0	0	0.20427242	0	0.16350711	0.15934816	0	0	0	0	0.19170282	0.18197191	0.2703582	0.12222222	0.12242991	0.5325249	0.61228827	0	0	0	0	0	0	0.19700149	0	0	0	0	0.6979068	0	0	0.10391566	0	0	0	0.19170282	0.14628821	0	0.21345029	0.20452151	0	0.32991551	0.2703582	0	0	0.14935065	0.22130624	0.17357513	0	0	0	0	0.25556091	0.20212078	0	0.086830044	0	0	0	0	0.58940937	0	0.49819409	0.53993383	0.3861389	0.28310287	0.24218702	0.58940937	0	0	0	0.37441781	0	0	0	0	0	0	0.18437257	0	0.1771533	0	0.15976062	0	0	0.28310287	0.22955975	0.53993383	0.32991551	0	0	0	0	0	0.21266369	0.23036248	0	0.16995074	0.16995074	0	0	0	0	0	0.28244983	0	0	0
0.11982563	0.094244604	0.14313725	0.22582679	0.12271062	0.094827586	0.17190962	0.084558824	0.16543552	0	0.12020906	0	0.13880822	0.087341772	0.11056106	0.18000661	0.095375723	0	0.10449893	0	0	0.13273307	0	0	0	0.21143388	0	0.35422166	0	0.13126015	0.11093248	0	0.19537762	0	0	0.68581815	0.1802787	0.13273307	0.14549412	0.22624804	0	0	0.082309582	0	0	0.089812332	0	0.12446622	0	0	0.096100279	0	0	0	0.46272619	0	0	0	0	0	0	0	0	0	0.76866851	0.22254833	0.10648148	0	0	0	0	0.082309582	0	0	0	0	0.16079295	0	0	0	0	0	0.20727335	0.12730627	0.16122153	0	0	0	0.10681115	0.093484419	0.13126015	0.083941606	0	0.13290693	0.12730627	0	0.1953575	0	0.11129568	0	0	0	0.15282592	0	0	0.16323644	0	0.14202335	0	0.21225966	0.13880822	0	0	0	0	0.094244604	0	0	0.12730627	0.16879686	0	0	0	0	0.15295027	0.15020576	0	0	0.19537762	0	0	0.14541833	0	0	0	0	0	0	0	0.085714286	0	0	0	0	0	0.16879686	0	0	0	0	0.14094889	0.11754386	0.27095443	0.19537762	0.12093863	0	0.15592165	1	0	0	0	0	0	0	0	0.33176166	0	0.11694915	0.12091805	0	0	0	0	0.80990301	0.68581815	0.22624804	0.093220339	0.093172119	0.16879686	0.19537762	0	0	0	0	0	0	0.13880822	0	0	0	0	0.16879686	0	0	0.082932692	0	0	0	0.80990301	0.10702875	0	0.14313725	0.20019456	0	0.27095443	0.22624804	0	0	0.10952381	0.32016494	0.12093863	0	0	0	0	0.43261689	0.14094889	0	0.12095172	0	0	0	0	0.18000661	0	0.16323644	0.1771173	0.22582679	0.17190962	0.13803212	0.18000661	0	0	0	0.16879686	0	0	0	0	0	0	0.13126015	0	0.12696176	0	0.15633611	0	0	0.22254833	0.15020576	0.1771173	0.19537762	0	0	0	0	0	0.19020268	0.15700364	0	0.12020906	0.12020906	0	0	0	0	0	0.23546881	0	0	0
0	0.12169312	0	0	0	0.12323944	0	0	0.19903212	0	0	0	0	0	0	0	0	0	0	0	0	0	0	0	0	0	0	0	0	0	0.15384615	0	0	0	0	0	0	0	0	0	0	0	0	0.13944223	0	0	0	0	0	0.20544341	0	0	0	0	0	0	0.18134715	0	0	0	0	0	0	0	0	0	0	0	0	0	0	0	0	0	0	0	0	0	0	0.19293962	0	0	0	0.18357488	0	0.30229924	0	0	0.13899614	0	0	0	0	0	0.18357488	0	0	0	0	0	0	0	0	0	0.20294118	0	0	0	0	0	0	0	0	0	0	0.12169312	0	0	0.28026413	0	0	0	0	0.15021459	0	0.23463687	0.1719457	0	0	0	0	0	0	0	0	0	0	0	0	0	0	0	0	0	0.19672131	0	0	0	0.16740088	0	0	0	0	0	0	0	0	0	1	0	0	0	0	0	0	0	0	0	0	0	0	0	0	0	0	0	0	0.12	0	0	0	0	0	0	0	0	0	0	0	0	0.18848168	0	0	0.31126321	0	0	0	0	0	0	0	0.18848168	0	0	0	0	0	0.17674419	0	0	0	0	0	0	0	0	0	0	0	0	0	0	0	0	0	0	0	0	0	0	0	0	0	0	0	0	0	0	0	0.19895288	0	0	0	0	0	0	0	0	0	0	0	0	0	0	0	0	0	0	0	0	0.17040359	0	0	0	0	0	0	0	0.19672131	0	0
0.24468021	0	0	0	0	0	0	0	0	0	0	0	0	0	0	0	0	0	0	0	0	0.28047006	0	0	0.61523638	0	0	0	0	0	0	0	0	0	0.35714286	0	0	0	0	0	0	0	0	0	0	0	0.28338851	0	0	0.28171252	0	0	0	0	0	0	0	0	0	0.53398027	0	0	0	0.25	0	0	0	0	0	0	0	0	0	0	0	0.22093023	0	0	0	0	0	0	0	0	0	0.45583683	0	0	0	0	0	0	0	0	0	0	0	0	0	0.18418424	0	0	0	0	0	0	0	0	0	0	0	0	0	0	0	0	0	0	0	0	0	0	0	0	0	0	0	0	0	0	0	0	0.42916804	0	0	0.24496644	0	0	0	0	0	0	0	0	0	0	0	0	0	0	0	0	0	0	0	0	0	0	0	1	0	0.27142857	0	0.20621469	0	0	0	0	0	0.71030992	0	0	0	0	0	0	0	0	0	0	0	0	0	0.42916804	0	0	0	0	0	0	0	0	0	0	0	0.25342466	0.41293173	0	0	0	0	0	0	0.28169014	0	0	0	0	0.19	0	0	0	0	0	0	0	0.3018803	0	0	0	0	0	0	0	0	0	0	0	0	0	0	0.32758621	0	0	0	0	0	0	0.35714286	0.45583683	0	0	0.38322799	0	0	0	0	0	0	0	0	0	0.41413601	0	0	0	0	0	0	0	0	0	0.21764706	0	0	0	0	0	0	0	0.45583683
0.11386139	0	0.22280076	0	0	0	0	0	0	0	0	0.25354701	0.12683824	0	0	0	0	0	0	0	0.16605556	0	0.11538462	0	0	0	0	0	0	0.125	0	0	0	0	0	0	0.13846154	0.12637363	0	0	0	0	0	0.2535912	0.13768116	0	0	0.10778443	0	0	0.10714286	0.13358779	0.15264326	0	0	0.14728682	0	0.12685269	0	0	0	0	0	0	0	0	0	0.35140993	0.24939569	0	0.13610757	0	0	0	0	0	0	0.26652441	0.17462272	0	0.11272251	0	0	0	0	0	0	0	0	0	0.125	0	0.12232669	0	0	0	0	0	0	0.10354223	0	0.24939569	0.13059701	0	0	0	0	0.20623029	0	0	0.12683824	0	0	0	0.20341933	0	0	0	0	0	0	0.1512605	0	0	0	0	0.13740458	0	0	0	0	0	0	0	0	0	0	0	0	0	0	0.14303033	0	0	0	0	0	0.14516129	0.21670126	0.19649381	0.12962963	0	0	0	0	0	0	0	0	0	1	0	0.184514	0	0.24939569	0	0	0	0.10465116	0	0	0	0.088888889	0	0	0	0	0	0	0	0.15497507	0	0	0	0	0	0.12683824	0	0	0	0	0	0.15254237	0	0	0	0	0	0	0	0	0	0	0.20623029	0	0	0	0.140625	0	0	0	0	0	0	0	0	0	0.093961651	0.086550289	0	0	0.18508901	0.23067413	0	0.14320593	0	0	0	0	0	0	0	0	0.16666667	0	0.18100753	0	0	0	0	0.19635772	0.125	0	0.12409091	0	0	0	0.12676056	0	0	0	0	0	0	0	0	0	0	0	0	0	0	0	0	0	0	0.084058954	0	0	0.18508901	0
0.14644351	0	0	0	0	0	0	0	0	0.33725005	0	0	0	0	0	0	0	0	0	0	0	0.16507177	0	0.25342466	0.21604938	0	0	0	0	0	0	0.49869397	0	0	0.64892508	0	0	0	0	0	0.28571429	0	0	0	0	0	0.32057296	0.14074074	0	0.15909091	0	0	0	0	0	0	0	0	0.2183908	0.55338027	0.28158671	0	0.20903955	0.19886364	0	0	0	0.14339623	0	0	0	0	0	0	0	0.26246006	0	0	0	0	0.14468513	0	0	0	0	0.21428571	0	0	0	0	0	0	0	0	0	0.28571429	0	0	0	0.11386139	0	0	0	0	0	0	0	0	0.43229322	0	0	0.36411675	0	0	0.42976077	0	0.28571429	0	0	0	0	0	0.26388889	0	0	0	0	0	0	0	0	0	0.44918435	0.25342466	0.49869397	0.19491525	0.21764706	0	0	0	0.34757846	0	0	0	0	0	0.19191919	0.363063	0	0.19387755	0	0	0	0	0	0	0	0	0	0.27142857	0	1	0	0.16829268	0	0	0	0	0.13571429	0.27142857	0	0	0	0	0	0	0	0	0	0	0	0	0.19095477	0.20930233	0	0	0	0	0	0	0	0	0	0	0	0.20114943	0.20588235	0	0	0	0	0	0	0.35099843	0	0	0	0	0.22422983	0	0	0	0	0.2375	0.26388889	0	0.16990291	0.12002061	0	0	0	0	0	0	0.1947238	0	0	0	0	0	0	0.25	0	0	0	0	0	0	0.27142857	0.21428571	0	0	0.17519182	0	0.21764706	0	0	0.17272727	0	0	0	0	0.17676768	0	0	0	0	0	0	0	0	0	0.17676768	0	0	0	0	0	0	0	0.21428571
0	0	0	0	0	0	0	0.091280654	0	0	0	0	0	0	0	0	0	0	0	0	0	0	0	0	0	0	0	0	0	0	0	0	0	0	0	0	0	0	0	0	0	0	0	0	0	0	0	0	0	0	0.1163522	0.14344262	0.29266485	0.14227642	0	0	0	0	0.15454545	0	0	0.16371681	0.15022422	0	0	0	0	0.14856352	0.27825354	0	0	0	0	0	0	0.19410518	0	0	0.22586245	0	0.3367523	0	0	0	0	0	0	0	0	0	0	0	0.18395246	0	0	0	0	0	0	0	0.12323944	0	0	0	0	0	0	0	0	0	0	0	0	0.18421053	0.22259613	0	0	0	0	0	0	0.16363636	0	0	0	0	0.20817037	0	0	0	0	0	0	0	0	0.15246637	0	0	0.19892473	0	0	0.18700035	0	0	0	0	0	0.22553008	0.23601397	0	0	0.14344262	0	0	0	0.15811966	0	0	0	0	0.184514	0	1	0.17427728	0	0	0.17357513	0	0	0	0	0	0	0	0	0	0	0	0	0	0.16685702	0	0.13673469	0	0	0	0	0	0.15811966	0	0	0	0.23626294	0	0.089333333	0.15909091	0	0	0	0	0	0	0.12781955	0	0	0	0	0.21675575	0	0	0	0	0	0	0	0	0	0.24903236	0.10760519	0	0	0.23925841	0	0	0.68502484	0	0	0	0	0.10771704	0	0	0	0.27796212	0	0.1961422	0	0	0	0	0.21418967	0	0	0	0	0.10955519	0.15217391	0.24918237	0	0	0	0	0	0	0.17708333	0	0	0	0	0	0	0	0.1956132	0	0	0	0.098639719	0	0	0.23925841	0
0.12137681	0	0	0	0	0	0	0.093575419	0	0	0	0	0	0	0	0	0.12162162	0	0	0	0	0.13414634	0	0	0.16834171	0	0	0	0	0	0	0	0	0	0.20621469	0	0	0	0	0	0	0	0	0	0	0	0.12934363	0	0	0.13035019	0.1197411	0.14893617	0	0.14767932	0	0	0	0	0.16113744	0.18159204	0	0.17050691	0.15654206	0.19745922	0	0	0	0	0	0	0	0	0	0	0	0.36554863	0	0	0.12984496	0	0	0	0	0	0	0.16829268	0	0	0	0	0	0	0.12298418	0.1	0	0	0	0	0	0.1164213	0.12727273	0	0	0	0	0	0	0	0	0	0	0	0	0.19337017	0	0	0	0	0	0	0	0	0	0	0	0	0	0	0	0	0	0	0.16507177	0	0	0.28995952	0	0	0.20903955	0	0	0.11447811	0	0	0	0	0	0	0	0	0	0.14893617	0	0	0	0.16444444	0	0	0	0.20621469	0	0.16829268	0.17427728	1	0	0	0.18206522	0	0	0.20621469	0	0	0	0	0	0	0	0	0	0	0	0	0.14194915	0.16507177	0	0	0	0	0.16444444	0	0	0	0	0	0.091530055	0.32658802	0.16183575	0	0	0.14448669	0	0	0.13229572	0.1763285	0	0	0	0	0.13018868	0	0	0	0	0	0	0	0.13786008	0	0.10821422	0	0	0.13842975	0	0	0.13207466	0	0	0	0	0.11092715	0	0.25387904	0	0.28224844	0	0	0	0	0.29489751	0.16829268	0	0	0.14086022	0	0	0.11290323	0.15837104	0.14396887	0	0	0	0	0.14255319	0	0.18579235	0	0	0	0	0	0	0	0.90847565	0	0	0	0.071660797	0	0	0.13842975	0.16829268
0	0	0.39062655	0	0	0	0	0	0	0	0	0	0	0	0	0	0	0	0	0	0.24826376	0	0	0	0	0	0	0	0	0	0	0	0	0	0	0	0	0	0	0	0	0	0	0	0	0	0	0	0	0	0	0	0	0	0	0	0	0.13257576	0	0	0	0	0	0	0	0	0	0.18377164	0	0	0.14906832	0	0	0	0	0	0	0.50679619	0	0	0	0	0	0	0	0	0	0	0	0	0	0	0	0	0	0	0	0	0	0	0	0.49166667	0	0	0	0	0	0.35315077	0	0	0	0	0	0	0	0	0	0	0	0	0	0	0	0	0	0	0	0	0	0	0	0	0	0	0	0	0	0	0	0	0	0	0	0	0	0	0	0	0	0.31056449	0	0	0	0	0	0	0	0	0	0	0.24939569	0	0	0	1	0	0	0	0	0	0	0	0	0	0	0	0	0	0	0	0	0	0	0	0	0	0	0	0	0	0	0	0	0	0	0	0	0	0	0	0	0	0	0.35315077	0	0	0	0	0	0	0	0	0	0	0	0	0	0	0	0	0	0	0.43805622	0	0	0	0	0	0	0	0	0	0	0	0	0	0	0	0	0	0	0	0	0	0	0	0	0	0	0	0	0	0	0	0	0	0	0	0	0	0	0	0	0	0	0	0	0	0	0	0
0.14546888	0.11234991	0.18341709	0.31094005	0.15437788	0.1130137	0.23276954	0.098011364	0.15928626	0	0.14935065	0	0.17303796	0.10176991	0.13562753	0.24509515	0.1137931	0	0.095526529	0	0	0.16509558	0	0	0	0.21824843	0	0.75425255	0	0.16263636	0.13529412	0	0.26752898	0	0	0.35455465	0.22969766	0.16509558	0.13775255	0.22492962	0	0	0.095441595	0	0	0.10567823	0	0.14932887	0	0	0.11386139	0	0	0	0.31176352	0	0	0	0	0	0	0	0	0	0.4690364	0.23276954	0.12873134	0	0	0	0	0.095441595	0	0	0	0	0.21345029	0	0	0	0	0	0.21053016	0.16046512	0.21372012	0	0	0	0.12921348	0.11111111	0.16263636	0.097183099	0	0.11929227	0.16046512	0	0.19666528	0	0.13673469	0	0	0	0.19222523	0	0	0.21487901	0	0.18159204	0	0.22550062	0.17303796	0	0	0	0	0.11234991	0	0	0.16046512	0.22492962	0	0	0	0	0.19884868	0.19518717	0	0	0.26752898	0	0	0.18717949	0	0	0	0	0	0	0	0.10030395	0	0	0	0	0	0.22492962	0	0	0	0	0.17675231	0.14628821	0.38746734	0.26752898	0.15158371	0	0.20427242	0.33176166	0	0	0	0	0	0	0	1	0	0.14435146	0.14420554	0	0	0	0	0.39813428	0.35455465	0.22492962	0.11073826	0.1108291	0.22492962	0.26752898	0	0	0	0	0	0	0.17303796	0	0	0	0	0.22492962	0	0	0.095833333	0	0	0	0.39813428	0.13035019	0	0.18341709	0.25323663	0	0.38746734	0.22492962	0	0	0.13320463	0.68409461	0.15158371	0	0	0	0	0.78280597	0.17675231	0	0.28003078	0	0	0	0	0.24509515	0	0.21487901	0.23431545	0.31094005	0.23276954	0.22052573	0.24509515	0	0	0	0.22492962	0	0	0	0	0	0	0.16263636	0	0.15667255	0	0.1437072	0	0	0.23276954	0.19518717	0.23431545	0.26752898	0	0	0	0	0	0.24748269	0.19939172	0	0.14935065	0.14935065	0	0	0	0	0	0.23594181	0	0	0
0	0	0	0	0	0	0	0.16368023	0	0	0	0	0	0	0	0	0	0	0	0	0	0	0	0	0	0	0	0	0	0	0	0	0	0	0	0	0	0	0	0	0	0	0	0	0	0	0	0	0	0	0.14541833	0.19491525	0	0.33123242	0	0	0	0	0.39812489	0	0	0.32750399	0.34757808	0	0	0	0	0	0	0	0	0	0	0	0	0.19273743	0	0	0.165	0	0	0	0	0	0	0	0	0	0	0	0	0	0.17429143	0	0	0	0	0	0	0	0.21739767	0	0	0	0	0	0	0	0	0	0	0	0	0.60469053	0	0	0	0	0	0	0	0	0	0	0	0	0	0	0	0	0	0	0	0	0	0.21474359	0	0	0.30672269	0	0	0.22340317	0	0	0	0	0	0	0	0	0	0.37898968	0	0	0	0.30721816	0	0	0	0	0	0	0.17357513	0.18206522	0	0	1	0	0	0	0	0	0	0	0	0	0	0	0	0	0	0	0.30680603	0	0	0	0	0	0.30721816	0	0	0	0	0	0.15888203	0.2254902	0	0	0	0	0	0	0.16834171	0	0	0	0	0	0	0	0	0	0	0	0	0	0	0	0.079676674	0	0	0.17934783	0	0	0.12453532	0	0	0	0	0.1352459	0	0	0	0	0	0	0	0	0	0	0	0	0	0	0	0.20654304	0.21165644	0.18341709	0	0	0	0	0	0	0.51533149	0	0	0	0	0	0	0	0.19491525	0	0	0	0.10326427	0	0	0.17934783	0
0.12365591	0.14501183	0.28505296	0.21111111	0.21871262	0.15059684	0.18449198	0.30983729	0.17802526	0	0.95746014	0	0.14112903	0.33337909	0.18713068	0.18817204	0.21673656	0	0.1049671	0	0	0.13855422	0	0	0	0.13284133	0	0.15	0.19047619	0.138	0.50813861	0	0.19565217	0.22	0	0.13727455	0.16101695	0.13855422	0.3250786	0.17326733	0	0	0.12898809	0	0.2155744	0.14417848	0	0.11612903	0	0	0.15664432	0	0	0	0.13936353	0.17094017	0	0	0	0	0	0	0	0	0.1446281	0.18449198	0.16523934	0	0	0	0	0.12898809	0	0.14074074	0	0	0.46509113	0	0	0	0.089622642	0	0.37329652	0.23702562	0.16995074	0	0	0	0.28474292	0.14448472	0.138	0.32737272	0	0.17116816	0.23702562	0	0.21519654	0	0.45785017	0	0	0	0.14754098	0	0	0.16666667	0	0.27898153	0	0.18266667	0.14112903	0	0	0	0	0.14501183	0	0	0.23702562	0.17326733	0	0	0	0	0.16046512	0.30877219	0	0	0.19565217	0	0	0.29402854	0	0	0	0	0	0	0	0.13070856	0.17924528	0	0	0	0	0.17326733	0.15546218	0	0	0	0.14227642	0.20408616	0.19565217	0.19565217	0.31366036	0	0.16350711	0.11694915	0	0	0	0	0	0	0	0.14435146	0	1	0.1125	0	0	0	0	0.13967611	0.13727455	0.17326733	0.14338837	0.14259034	0.17326733	0.19565217	0	0	0	0	0	0	0.14112903	0	0	0	0	0.17326733	0.25960433	0	0.30181306	0	0	0	0.13967611	0.27075572	0	0.18269231	0.18574934	0	0.19565217	0.17326733	0	0	0.26557271	0.15747126	0.31366036	0	0	0	0	0.16666667	0.14227642	0.079399142	0.072874494	0.16666667	0	0	0	0.18817204	0	0.16666667	0.17307692	0.21111111	0.18449198	0.11311475	0.18817204	0	0	0	0.17326733	0	0	0	0	0	0	0.138	0	0.13645418	0	0.34720432	0	0	0.18449198	0.61571803	0.17307692	0.19565217	0	0	0	0	0	0.14814815	0.20816889	0	0.22041149	0.71365435	0	0	0	0	0	0.18269231	0	0	0
0.30730953	0.091946309	0.13571429	0.22303365	0.11744966	0.092493298	0.17425197	0.083140878	0.13362663	0.12587413	0.11538462	0.10869565	0.35525786	0.085714286	0.17098869	0.18161971	0.092991914	0	0.089106384	0.18808623	0	0.19942966	0.2922059	0.18161971	0	0.13732319	0	0.15898213	0	0.32537362	0.10714286	0.15079365	0.19555015	0	0	0.13404446	0.48389192	0.34421806	0.11959523	0.17125752	0.22303365	0	0.081018519	0.16450347	0.11728395	0.087939698	0.14905933	0.8543241	0	0	0.11886413	0.11290323	0	0	0.1111421	0.12418301	0	0.09	0.17375126	0.13768116	0.15055849	0	0.16010071	0	0.14777272	0.17425197	0.10315186	0.15350775	0	0	0.095364238	0.081018519	0	0	0	0	0.15079365	0	0	0	0.12209476	0	0.16403338	0.12162162	0.16432043	0	0	0.18397557	0.10344828	0.091269841	0.32537362	0.082568807	0	0.10717661	0.12162162	0.22303365	0.15562017	0	0.10736196	0.19143746	0	0	0.40261756	0	0	0.16606613	0	0.13475177	0.140625	0.17013117	0.35525786	0.17972672	0	0	0.12	0.091946309	0.22303365	0	0.12162162	0.17125752	0	0	0.19555015	0	0.15654473	0.14179104	0	0	0.19555015	0.17194548	0	0.25198785	0.12676056	0.18161971	0.15079365	0	0.16607982	0	0	0.084146341	0.12676056	0	0	0	0	0.17125752	0.16016768	0.12837838	0	0.28107926	0.38483409	0.11290323	0.19555015	0.19555015	0.11589404	0	0.15934816	0.12091805	0	0	0.10465116	0.13571429	0	0	0	0.14420554	0	0.1125	1	0	0	0	0.079470199	0.13901212	0.13404446	0.17125752	0.091029024	0.090969456	0.17125752	0.19555015	0	0	0.15884299	0	0	0	0.35525786	0	0	0	0	0.17125752	0	0	0.081632653	0	0	0	0.13901212	0.1035503	0	0.13571429	0.14865069	0	0.19555015	0.17125752	0	0	0.10588235	0.15121535	0.11589404	0	0	0.18436012	0.19555015	0.16607982	0.21774436	0.10058412	0.078228139	0	0	0	0	0.18161971	0.089552239	0.16606613	0.17876991	0.22303365	0.17425197	0.11606959	0.18161971	0	0	0	0.17125752	0.14562697	0	0	0	0	0	0.32537362	0	0.30505999	0.16607982	0.12416251	0	0.10843373	0.17425197	0.14179104	0.17876991	0.19555015	0	0	0	0	0	0.15072512	0.25690353	0	0.11538462	0.11538462	0	0	0	0	0.079210381	0.17972672	0	0	0
0.24468021	0	0	0	0	0	0	0	0	0	0	0	0	0	0	0	0	0	0	0	0	0.28047006	0	0	0.44944024	0	0	0	0	0	0	0	0	0	0.35714286	0	0	0	0	0	0	0	0	0	0	0	0.36281625	0	0	0.28171252	0	0	0	0	0	0	0	0	0	0.53398027	0	0	0	0.25	0	0	0	0	0	0	0	0	0	0	0	0.22093023	0	0	0	0	0	0	0	0	0	0.45583683	0	0	0	0	0	0	0	0	0	0	0	0	0	0.18418424	0	0	0	0	0	0	0	0	0	0	0	0	0	0	0	0	0	0	0	0	0	0	0	0	0	0	0	0	0	0	0	0	0.42916804	0	0	0.24496644	0	0	0	0	0	0	0	0	0	0	0	0	0	0	0	0	0	0	0	0	0	0	0	0.71030992	0	0.27142857	0	0.20621469	0	0	0	0	0	1	0	0	0	0	0	0	0	0	0	0	0	0	0	0.42916804	0	0	0	0	0	0	0	0	0	0	0	0.25342466	0.41293173	0	0	0	0	0	0	0.28169014	0	0	0	0	0.19	0	0	0	0	0	0	0	0.3018803	0	0	0	0	0	0	0	0	0	0	0	0	0	0	0.32758621	0	0	0	0	0	0	0.35714286	0.45583683	0	0	0.31347176	0	0	0	0	0	0	0	0	0	0.328278	0	0	0	0	0	0	0	0	0	0.21764706	0	0	0	0	0	0	0	0.45583683
0	0	0	0	0.31308446	0	0	0	0	0	0	0.25491593	0	0	0	0	0	0	0	0	0	0	0	0	0	0	0	0	0	0	0	0	0	0	0	0	0	0	0	0	0	0	0	0	0	0	0	0	0	0	0	0	0	0	0	0	0	0	0	0	0	0	0	0	0	0	0	0	0	0.38128862	0	0	0	0	0	0	0	0	0	0	0	0.26378436	0	0	0	0	0	0	0	0	0	0	0	0	0	0	0	0	0	0	0	0	0	0.19892473	0	0	0	0	0	0	0	0	0	0	0	0	0	0	0	0	0	0.2764966	0	0	0	0	0	0	0	0	0	0	0	0	0	0	0	0	0	0	0	0	0	0	0	0	0	0	0.28722917	0	0	0	0	0	0	0	0	0	0	0	0	0	0	0	0	0	0	0	0	0	1	0	0	0	0	0	0	0	0	0	0	0	0	0	0	0	0	0	0	0	0	0	0	0	0	0	0	0	0	0.16818182	0	0	0	0	0	0	0	0	0	0	0	0	0	0	0	0	0	0	0	0	0.33609327	0	0	0	0	0	0	0	0	0	0	0	0	0	0	0	0	0	0	0	0	0	0	0	0	0	0	0	0	0	0	0	0	0	0	0	0	0	0	0	0	0	0	0	0	0	0	0	0	0	0
0	0	0	0	0	0	0	0	0	0	0	0	0	0.41476327	0	0	0	0	0.1186805	0	0.15481172	0	0.13571429	0	0.22680412	0.15616995	0.21698912	0	0	0	0	0	0	0	0	0	0	0	0	0	0	0.24952757	0.15379686	0	0	0.14210279	0	0	0.6338881	0	0	0	0.1753482	0	0	0	0	0	0	0	0	0	0	0	0	0	0.45280251	0	0	0	0.16134033	0.15379686	0	0.21238981	0	0	0	0	0	0.1496063	0	0.16427105	0	0	0	0	0	0	0	0.29676346	0	0.1275947	0	0	0	0	0	0.24952757	0	0	0	0	0	0.17857143	0	0	0.20183464	0	0	0	0	0	0.20194986	0	0	0	0	0.20097357	0	0	0.21698912	0	0	0	0	0	0	0	0	0	0	0	0	0	0	0	0	0	0	0.26662164	0	0	0	0.19423994	0	0	0	0	0	0	0	0	0	0	0	0.18181818	0	0	0	0	0	0	0	0	0	0	0	0	0	0	0	1	0.14717154	0	0	0	0.28967089	0	0	0	0	0.24952757	0	0	0	0.3215306	0	0	0.18181818	0	0	0	0	0	0	0	0	0.21590909	0	0	0	0	0	0	0	0	0	0	0	0	0	0.20786517	0.19	0	0	0	0	0	0	0.71344598	0.18867925	0	0	0	0	0	0	0	0	0	0	0	0.19423994	0	0	0	0.18446602	0	0	0	0	0	0.17582418	0	0	0	0	0	0	0	0	0	0.17391304	0	0	0.20183464	0.19072165	0.17653995	0	0.19423994	0	0	0	0	0.24952757	0.24213969	0	0	0	0	0
0.083737864	0	0	0	0	0	0	0	0	0	0	0.091383812	0.090551181	0.085802847	0	0	0	0	0.061020036	0	0.092105263	0	0.14273943	0	0.12537313	0.081683168	0.088157895	0	0	0.089425587	0	0	0	0	0	0	0.097560976	0.090314136	0	0	0	0.10501567	0.069979716	0.089775561	0.098701299	0.092078723	0	0.081264108	0.12809145	0	0.080898876	0.094339623	0.077546296	0	0	0.10354223	0	0.078091106	0	0	0	0	0	0	0	0	0.093006496	0.10283408	0	0	0.093632683	0.069979716	0	0.08560794	0	0	0	0	0	0.20710992	0	0.098829649	0	0	0	0	0	0	0	0.090791417	0.089425587	0.085624335	0	0	0	0	0	0.10501567	0	0.079831933	0	0	0.092838196	0.16848	0	0	0.08627451	0	0	0	0.090551181	0	0.10686427	0	0	0	0	0.10639127	0	0	0.088157895	0	0	0	0	0	0	0	0	0	0	0	0	0	0	0	0	0	0	0.08425435	0	0	0	0.1104815	0	0	0	0	0	0	0.092348285	0	0	0	0	0.10526316	0	0	0	0	0.088888889	0	0	0	0	0	0	0	0.079470199	0	0	0.14717154	1	0	0	0	0.089224596	0	0	0	0	0.10501567	0	0	0	0.15985223	0.090551181	0	0.10526316	0	0	0	0	0	0	0	0	0.15355467	0	0	0	0	0	0	0	0	0	0	0	0	0	0.18059999	0.14299524	0	0	0	0	0	0	0.10999437	0.10764873	0	0	0	0	0	0	0	0	0	0	0	0.1104815	0	0	0	0.1037464	0	0	0	0	0.089425587	0.10312076	0.088867188	0	0	0	0	0	0	0	0	0.10242588	0	0	0.08627451	0.17275895	0.087765957	0	0.1104815	0	0	0	0	0.10501567	0.092	0	0	0	0	0
0.14001883	0.10934891	0.1763285	0.28754334	0.14888889	0.11	0.21645307	0.095833333	0.19487823	0	0.14435146	0	0.16534606	0.099423631	0.13137255	0.22722905	0.11073826	0	0.11587052	0	0	0.15790629	0	0	0	0.24808437	0	0.42659344	0	0.15591525	0.13117871	0	0.24748805	0	0	0.79776734	0.21750094	0.15790629	0.16813355	0.28168866	0	0	0.093314763	0	0	0.10307692	0	0.14372006	0	0	0.11093248	0	0	0	0.5254781	0	0	0	0	0	0	0	0	0	0.91894348	0.28042966	0.125	0	0	0	0	0.093314763	0	0	0	0	0.20391061	0	0	0	0	0	0.25456426	0.15470852	0.19978372	0	0	0	0.12545455	0.10819672	0.15591525	0.095041322	0	0.15028729	0.15470852	0	0.2382794	0	0.13241107	0	0	0	0.18291211	0	0	0.20114437	0	0.17464115	0	0.26656973	0.16534606	0	0	0	0	0.10934891	0	0	0.15470852	0.20967066	0	0	0	0	0.18722741	0.18717949	0	0	0.24748805	0	0	0.17980296	0	0	0	0	0	0	0	0.097922849	0	0	0	0	0	0.20967066	0	0	0	0	0.16833791	0.14135021	0.34418554	0.24748805	0.14628821	0	0.19170282	0.80990301	0	0	0	0	0	0	0	0.39813428	0	0.13967611	0.13901212	0	0	0	0	1	0.53401527	0.28168866	0.10784314	0.10790774	0.20967066	0.24748805	0	0	0	0	0	0	0.16534606	0	0	0	0	0.20967066	0	0	0.09375	0	0	0	0.95252648	0.12641509	0	0.1763285	0.23706589	0	0.34418554	0.28168866	0	0	0.12921348	0.38804976	0.14628821	0	0	0	0	0.53543842	0.16833791	0	0.13144297	0	0	0	0	0.22722905	0	0.20114437	0.21890758	0.28754334	0.21645307	0.15871059	0.22722905	0	0	0	0.20967066	0	0	0	0	0	0	0.15591525	0	0.15056413	0	0.18084777	0	0	0.28042966	0.18717949	0.21890758	0.24748805	0	0	0	0	0	0.22760083	0.18875039	0	0.14435146	0.14435146	0	0	0	0	0	0.29195092	0	0	0
0.13476658	0.10761589	0.17303103	0.27278448	0.14615385	0.10826446	0.20468368	0.094482759	0.18091956	0	0.14182195	0	0.15865903	0.097997139	0.12912621	0.21473142	0.10898502	0	0.10969185	0	0	0.15148675	0	0	0	0.22884692	0	0.38009695	0	0.14982937	0.12900188	0	0.23405228	0	0	0.4572305	0.2084153	0.15148675	0.15727605	0.25741629	0	0	0.09197787	0	0	0.10152672	0	0.13846585	0	0	0.1092504	0	0	0	0.46765241	0	0	0	0	0	0	0	0	0	0.6657405	0.25511827	0.12298025	0	0	0	0	0.09197787	0	0	0	0	0.19972452	0	0	0	0	0	0.23328956	0.1518847	0.18928823	0	0	0	0.12342342	0.10650407	0.14982937	0.09370725	0	0.14196273	0.1518847	0	0.21925669	0	0.13013699	0	0	0	0.17530549	0	0	0.19082839	0	0.1713948	0	0.2427233	0.15865903	0	0	0	0	0.10761589	0	0	0.1518847	0.19852785	0	0	0	0	0.17804695	0.1835443	0	0	0.23405228	0	0	0.17639903	0	0	0	0	0	0	0	0.09646539	0	0	0	0	0	0.19852785	0	0	0	0	0.16116613	0.1388309	0.31765468	0.23405228	0.14362851	0	0.18197191	0.68581815	0	0	0	0	0	0	0	0.35455465	0	0.13727455	0.13404446	0	0	0	0	0.53401527	1	0.25741629	0.10615883	0.10620915	0.19852785	0.23405228	0	0	0	0	0	0	0.15865903	0	0	0	0	0.19852785	0	0	0.092442645	0	0	0	0.53401527	0.12429907	0	0.17303103	0.22378517	0	0.31765468	0.25741629	0	0	0.1270872	0.34270441	0.14362851	0	0	0	0	0.47534676	0.16116613	0	0.12297646	0	0	0	0	0.21473142	0	0.19082839	0.20782148	0.27278448	0.20468368	0.15042161	0.21473142	0	0	0	0.19852785	0	0	0	0	0	0	0.14982937	0	0.14488789	0	0.16980154	0	0	0.25511827	0.1835443	0.20782148	0.23405228	0	0	0	0	0	0.21332313	0.18029455	0	0.14182195	0.14182195	0	0	0	0	0	0.26751911	0	0	0
0.17617253	0.13064833	0.22839506	0.44701843	0.18888889	0.13137255	0.32229826	0.11111111	0.36569432	0	0.18041237	0	0.21492023	0.11589404	0.16190476	0.34381578	0.13241107	0	0.189663	0	0	0.20479685	0	0	0	0.36436984	0	0.25061506	0	0.20088072	0.16055046	0	0.38036696	0	0	0.25741629	0.29226293	0.20479685	0.29935867	0.44328069	0	0	0.10828025	0	0	0.12142857	0	0.17837402	0	0	0.13157895	0	0	0	0.20340058	0	0	0	0	0	0	0	0	0	0.32432175	0.64389506	0.15151515	0	0	0	0	0.10828025	0	0	0	0	0.2761194	0	0	0	0	0	0.67720591	0.19662921	0.28767846	0	0	0	0.15217391	0.12884615	0.20088072	0.11006289	0	0.26345263	0.19662921	0	0.48517026	0	0.16346154	0	0	0	0.24094656	0	0	0.28684468	0	0.22560976	0	0.58614461	0.21492023	0	0	0	0	0.13064833	0	0	0.19662921	0.30601347	0	0	0	0	0.26014183	0.24666667	0	0	0.38036696	0	0	0.23417722	0	0	0	0	0	0	0	0.11472603	0	0	0	0	0	0.30601347	0	0	0	0	0.22118895	0.17708333	0.38036696	0.38036696	0.18478261	0	0.2703582	0.22624804	0	0	0	0	0	0	0	0.22492962	0	0.17326733	0.17125752	0	0	0	0	0.28168866	0.25741629	1	0.12835249	0.12862669	0.30601347	0.38036696	0	0	0	0	0	0	0.21492023	0	0	0	0	0.30601347	0	0	0.10835913	0	0	0	0.28168866	0.15454545	0	0.22839506	0.22260368	0	0.38036696	0.65429142	0	0	0.15765766	0.24500159	0.18478261	0	0	0	0	0.28694217	0.22118895	0	0.092049544	0	0	0	0	0.34381578	0	0.28684468	0.31554826	0.44701843	0.32229826	0.15807762	0.34381578	0	0	0	0.30601347	0	0	0	0	0	0	0.20088072	0	0.19286459	0	0.23294121	0	0	0.64389506	0.24666667	0.31554826	0.38036696	0	0	0	0	0	0.23305526	0.25336399	0	0.18041237	0.18041237	0	0	0	0	0	0.66041889	0	0	0
0.097633136	0.1051802	0.18679483	0.15271967	0.14334568	0.10829827	0.13414634	0.10263702	0.12460562	0	0.14734574	0	0.10912052	0.437185	0.1290788	0.13673469	0.10937563	0	0.1982574	0	0	0.10714286	0	0	0	0.14455587	0.15152279	0.11538462	0	0.10679612	0.13651845	0	0.14197531	0	0	0.10615883	0.12372881	0.10714286	0.10880089	0.12835249	0	0.16458122	0.2702393	0	0	0.23163334	0	0.093495935	0.37601866	0	0.11320349	0	0.12945951	0	0.10283905	0	0	0	0	0	0	0	0	0	0.11129568	0.13414634	0.24016291	0	0	0	0.12121483	0.2702393	0	0.15078277	0	0	0.20834214	0	0	0	0	0	0.16061307	0.15537761	0.1259542	0	0	0	0.13115252	0.98561219	0.10679612	0.21618965	0	0.094224587	0.15537761	0	0.14168681	0.16458122	0.13032472	0	0	0	0.11386139	0	0	0.12453532	0.14355399	0.18499025	0	0.13286004	0.10912052	0	0	0	0	0.1051802	0	0	0.15537761	0.12835249	0.15152279	0	0	0	0.12043796	0.19588808	0	0	0.14197531	0	0	0.18992731	0	0	0	0	0	0	0	0.87169254	0	0	0	0.13957339	0	0.12835249	0	0	0	0	0.10983607	0.13716468	0.14197531	0.14197531	0.14103553	0	0.12222222	0.093220339	0	0	0	0	0	0	0	0.11073826	0	0.14338837	0.091029024	0	0	0.28967089	0.089224596	0.10784314	0.10615883	0.12835249	1	0.10384997	0.12835249	0.14197531	0	0.16458122	0	0	0	0.21123395	0.10912052	0	0	0	0	0.12835249	0	0	0.10065466	0	0	0	0.10784314	0.12607478	0	0.13670412	0.12857226	0	0.14197531	0.12835249	0	0	0.12812465	0.11844485	0.14103553	0	0	0	0	0.12453532	0.10983607	0	0.06238698	0.28967089	0	0	0	0.13673469	0	0.12453532	0.12921348	0.15271967	0.13414634	0.090659341	0.13673469	0	0.13957339	0	0.12835249	0	0	0	0	0	0	0.10679612	0	0.10564516	0	0.11347315	0	0	0.13414634	0.19588808	0.12921348	0.14197531	0	0	0	0.14355399	0	0.15726269	0.14029328	0.13957339	0.14734574	0.14734574	0	0	0.16458122	0.16519475	0	0.13670412	0	0	0
0.097615499	0.9849597	0.18632707	0.15327696	0.14248033	0.84102719	0.13449692	0.10160741	0.22936204	0	0.14658304	0	0.1091954	0.10570128	0.12809333	0.1371134	0.10832863	0	0.079930608	0	0	0.10720131	0	0	0	0.10458015	0	0.11551433	0	0.10685155	0.28357609	0	0.14241164	0	0	0.10620915	0.12393162	0.10720131	0.10770292	0.12862669	0	0	0.09562053	0.12546511	0	0.10454197	0	0.093451569	0	0.10900474	0.11224651	0	0	0	0.10186145	0	0.20022155	0	0	0	0	0	0	0	0.11139028	0.13449692	0.10269865	0	0	0	0	0.09562053	0	0	0	0	0.20809784	0	0	0.10518053	0	0	0.15986169	0.44311367	0.12620424	0.13799622	0	0	0.4666282	0.10439433	0.10685155	0.10234945	0	0.093139577	0.32120485	0	0.14069891	0	0.12937451	0	0	0	0.11397671	0	0.26458945	0.12476548	0	0.18446986	0	0.13319672	0.1091954	0	0	0	0	0.80713959	0	0	0.32120485	0.12862669	0	0	0	0.22883774	0.12062615	0.2977179	0.23451157	0	0.14241164	0	0	0.18951765	0	0	0	0	0	0	0	0.096062089	0	0	0	0	0.23666358	0.12862669	0	0	0.12146423	0	0.10991736	0.13623216	0.14241164	0.14241164	0.14012966	0	0.12242991	0.093172119	0.12	0	0	0	0	0	0	0.1108291	0	0.14259034	0.090969456	0	0	0	0	0.10790774	0.10620915	0.12862669	0.10384997	1	0.12862669	0.14241164	0	0	0	0	0	0	0.1091954	0	0	0	0.29011301	0.12862669	0	0.14345114	0.099627275	0	0	0	0.10790774	0.12515051	0	0.20898437	0.12761314	0	0.14241164	0.12862669	0	0.12651646	0.12718132	0.11861314	0.14012966	0	0	0	0	0.12476548	0.10991736	0	0.062216167	0	0	0	0	0.1371134	0	0.12476548	0.1294896	0.15327696	0.13449692	0.090594744	0.1371134	0	0	0	0.12862669	0	0	0	0	0.13799622	0	0.10685155	0	0.10569106	0	0.11240497	0	0	0.13449692	0.19554663	0.1294896	0.14241164	0	0	0	0	0	0.11435726	0.13941643	0	0.30589951	0.14658304	0	0	0	0	0	0.13705104	0.1717932	0	0
0.17617253	0.13064833	0.22839506	0.44701843	0.18888889	0.13137255	0.32229826	0.11111111	0.19644353	0	0.18041237	0	0.21492023	0.11589404	0.16190476	0.34381578	0.13241107	0	0.10934432	0	0	0.20479685	0	0	0	0.20004239	0	0.25061506	0	0.20088072	0.16055046	0	0.38036696	0	0	0.19852785	0.29226293	0.20479685	0.16546124	0.30601347	0	0	0.10828025	0	0	0.12142857	0	0.17837402	0	0	0.13157895	0	0	0	0.14739606	0	0	0	0	0	0	0	0	0	0.22970352	0.32229826	0.15151515	0	0	0	0	0.10828025	0	0	0	0	0.2761194	0	0	0	0	0	0.27782536	0.19662921	0.57107696	0	0	0	0.15217391	0.12884615	0.20088072	0.11006289	0	0.13930438	0.19662921	0	0.25547408	0	0.16346154	0	0	0	0.24094656	0	0	0.78204367	0	0.22560976	0	0.30871808	0.21492023	0	0	0	0	0.13064833	0	0	0.19662921	0.87454236	0	0	0	0	0.64664982	0.24666667	0	0	0.38036696	0	0	0.23417722	0	0	0	0	0	0	0	0.11472603	0	0	0	0	0	0.65429142	0	0	0	0	0.22118895	0.17708333	0.38036696	0.38036696	0.18478261	0	0.5325249	0.16879686	0	0	0	0	0	0	0	0.22492962	0	0.17326733	0.17125752	0	0	0	0	0.20967066	0.19852785	0.30601347	0.12835249	0.12862669	1	0.7798667	0	0	0	0	0	0	0.21492023	0	0	0	0	0.65429142	0	0	0.10835913	0	0	0	0.20967066	0.15454545	0	0.22839506	0.22260368	0	0.38036696	0.30601347	0	0	0.15765766	0.24500159	0.18478261	0	0	0	0	0.28694217	0.22118895	0	0.092049544	0	0	0	0	0.50066795	0	0.78204367	0.65997133	0.44701843	0.32229826	0.353826	0.73655774	0	0	0	0.44328069	0	0	0	0	0	0	0.20088072	0	0.19286459	0	0.17248347	0	0	0.32229826	0.24666667	0.65997133	0.38036696	0	0	0	0	0	0.23305526	0.25336399	0	0.18041237	0.18041237	0	0	0	0	0	0.31852025	0	0	0
0.20489872	0.1448203	0.26388889	0.58783712	0.21604938	0.14556962	0.40620921	0.12121212	0.22970686	0	0.20454545	0	0.2528546	0.12676056	0.18229167	0.43805622	0.14680851	0	0.12337047	0	0	0.24129129	0	0	0	0.2327592	0	0.29661611	0	0.23644496	0.18	0	0.49166667	0	0	0.23405228	0.34544821	0.24129129	0.19115837	0.38036696	0	0	0.11824324	0	0	0.13358779	0	0.20428464	0	0	0.14516129	0	0	0	0.1680571	0	0	0	0	0	0	0	0	0	0.27217294	0.40620921	0.16901408	0	0	0	0	0.11824324	0	0	0	0	0.32758621	0	0	0	0	0	0.33776477	0.225	0.5246324	0	0	0	0.16981132	0.14256198	0.23644496	0.12	0	0.15838046	0.225	0	0.30829607	0	0.18421053	0	0	0	0.2836451	0	0	0.70501904	0	0.26027397	0	0.38609403	0.2528546	0	0	0	0	0.1448203	0	0	0.225	0.7798667	0	0	0	0	0.57206348	0.28787879	0	0	0.49166667	0	0	0.27142857	0	0	0	0	0	0	0	0.12591241	0	0	0	0	0	0.7798667	0	0	0	0	0.26092172	0.20114943	0.49166667	0.49166667	0.21084337	0	0.61228827	0.19537762	0	0	0	0	0	0	0	0.26752898	0	0.19565217	0.19555015	0	0	0	0	0.24748805	0.23405228	0.38036696	0.14197531	0.14241164	0.7798667	1	0	0	0	0	0	0	0.2528546	0	0	0	0	0.7798667	0	0	0.11803279	0	0	0	0.24748805	0.17326733	0	0.26388889	0.25983675	0	0.49166667	0.38036696	0	0	0.17647059	0.29526511	0.21084337	0	0	0	0	0.35177038	0.26092172	0	0.10281687	0	0	0	0	0.67690327	0	0.70501904	0.78485799	0.58783712	0.40620921	0.29800924	0.9079626	0	0	0	0.58201703	0	0	0	0	0	0	0.23644496	0	0.22717163	0	0.19889651	0	0	0.40620921	0.28787879	0.78485799	0.49166667	0	0	0	0	0	0.27519618	0.30012614	0	0.20454545	0.20454545	0	0	0	0	0	0.39299689	0	0	0
0	0	0	0	0	0	0	0	0	0	0	0	0	0	0	0	0	0	0	0	0	0	0	0	0	0	0	0	0.18394595	0	0	0	0	0.2069132	0	0	0	0	0	0	0	0	0	0	0	0	0	0	0	0	0	0	0.13910983	0	0	0.16690461	0	0.24636885	0	0	0	0	0	0.13709677	0	0	0	0.12633852	0.22174354	0	0	0	0.36656893	0	0.2241461	0	0	0	0.20461557	0	0.13527278	0	0	0	0	0	0.26083922	0	0	0	0	0	0.11104932	0	0	0	0	0	0	0	0.14166889	0	0	0	0	0	0	0	0	0	0	0	0	0	0.18294007	0	0	0	0	0	0	0.14227642	0	0	0	0	0.12962963	0	0	0	0	0	0	0	0	0	0	0.46616956	0	0	0	0.20258081	0	0	0	0	0	0.13671875	0.19668215	0	0	0	0	0	0	0	0	0	0	0	0.15497507	0	0.16685702	0	0	0	0	0	0	0	0	0	0	0	0	0	0	0	0	0	1	0	0	0.1557377	0	0	0	0	0	0.17592593	0	0	0.14344262	0	0	0	0	0	0	0	0.16949153	0	0	0	0	0	0	0.13257576	0	0	0	0	0	0	0	0	0	0.10954252	0.0793839	0	0	0.21538946	0	0	0.13077257	0	0	0	0	0	0	0	0	0.15677966	0	0.16372514	0	0	0	0	0.1769266	0	0	0	0	0	0.24946404	0.11986301	0	0	0	0	0	0.16972477	0	0	0	0	0	0	0	0	0	0	0	0	0.13794805	0	0	0.21538946	0.16666667
0	0	0	0	0	0	0	0	0	0	0	0	0	0.15142133	0	0	0	0	0.11500208	0	0	0	0	0	0	0.26978286	0.23073205	0	0	0	0	0	0	0	0	0	0	0	0	0	0	0.5757496	0.14725722	0	0	0.13257576	0	0	0.3259597	0	0	0	0.17755433	0	0	0	0	0	0	0	0	0	0	0	0	0	0.18629287	0	0	0	0.16571184	0.14725722	0	0.21612706	0	0	0	0	0	0	0	0	0	0	0	0	0	0	0	0.16816987	0	0.11589404	0	0	0	0	0	0.5757496	0	0	0	0	0	0	0	0	0.21750924	0	0	0	0	0	0	0	0	0	0	0	0	0	0.23073205	0	0	0	0	0	0	0	0	0	0	0	0	0	0	0	0	0	0	0.14868865	0	0	0	0.19318182	0	0	0	0	0	0	0	0	0	0	0	0	0	0	0	0	0	0	0	0	0	0	0	0	0	0	0	0.24952757	0.10501567	0	0	0	0.16458122	0	0	0	0	1	0	0	0	0.31355932	0	0	0	0	0	0	0	0	0	0	0	0	0	0	0	0	0	0	0	0	0	0	0	0	0	0	0	0	0	0	0	0	0	0.24952757	0	0	0	0	0	0	0	0	0	0	0	0	0.19318182	0	0	0	0	0	0	0	0	0	0	0	0	0	0	0	0	0	0	0	0	0	0	0.21750924	0	0.32123569	0	0.19318182	0	0	0	0	0.5757496	0.25462658	0	0	0	0	0
0	0	0	0	0	0	0	0.1397405	0	0.17560976	0	0	0	0	0	0	0	0	0	0	0	0	0	0.27138841	0	0	0	0	0	0	0	0.22222222	0	0	0	0	0	0	0	0	0.33841728	0	0	0	0	0	0.19915853	0.16446524	0	0	0.12046205	0.15065502	0	0.24751632	0	0	0	0	0.70061332	0.19487179	0.2067927	0.23490432	0.58465754	0	0	0	0	0.16387481	0	0	0	0	0	0	0	0.14935065	0	0	0.13095238	0	0.086746988	0	0	0	0	0	0	0	0	0	0	0	0.14700971	0	0	0.33841728	0	0	0	0	0.17297567	0	0	0	0	0	0	0	0.20571429	0	0	0.25932738	0	0.38466432	0.16438356	0	0.33841728	0	0	0	0	0	0.29425069	0	0	0	0	0	0	0	0	0	0.1773399	0.27138841	0.22222222	0.16105769	0.34799847	0	0.21345029	0	0.1773399	0.18225859	0	0	0	0	0.21994682	0.17674419	0	0.22357938	0	0.28361918	0	0	0	0.22501374	0	0	0	0	0	0.19095477	0.13673469	0.14194915	0	0	0.30680603	0	0.15884299	0	0	0	0	0	0	0	0	0	0	0	0	0	1	0	0	0	0	0	0.22501374	0	0	0	0	0	0.13622215	0.16829268	0	0	0	0	0	0	0.13346614	0	0	0	0	0	0	0	0	0	0	0.41200027	0.29425069	0	0	0.076586433	0.071134021	0	0	0.13983051	0	0	0.13542457	0	0	0	0	0.11148649	0	0	0	0	0	0	0	0	0	0	0	0	0	0	0.34799847	0.16868779	0.16046512	0.18828872	0	0	0	0	0	0	0.33461636	0	0	0	0	0	0	0	0.15065502	0	0	0	0.092174274	0	0	0.13983051	0
0.18757619	0	0	0	0	0	0	0	0	0	0	0	0	0	0	0	0	0	0	0	0	0.20935473	0	0	0.30386874	0	0	0	0	0	0	0	0	0	0.26388889	0	0	0	0	0	0	0	0	0	0	0	0.21289505	0	0	0.2119933	0	0	0	0	0	0	0	0.12328767	0	0.36159627	0	0	0	0.19444444	0	0	0	0	0	0	0	0	0.26388889	0	0	0.17647059	0	0	0.15555556	0	0.092783505	0	0	0	0	0.31269474	0.30088674	0	0	0	0	0	0	0	0	0	0	0	0	0.14518361	0	0	0	0	0	0	0	0	0	0	0	0	0	0	0	0	0	0	0	0	0	0	0	0	0	0	0	0	0	0	0	0	0.30088674	0	0	0.19060773	0	0.22619048	0	0	0	0	0	0	0	0	0	0	0	0	0	0	0	0	0	0	0	0	0	0.42916804	0	0.20930233	0	0.16507177	0	0	0	0	0	0.42916804	0	0	0	0	0	0	0	0	0	0	0.1557377	0	0	1	0	0	0	0	0	0.57736317	0	0	0	0	0	0.19662921	0.28651892	0	0	0	0.22619048	0	0	0.2183908	0	0	0	0	0.15517241	0	0	0	0	0	0	0	0.22475525	0.081395349	0	0	0	0.16746411	0	0	0	0	0	0	0	0	0	0.24324324	0	0	0	0	0	0	0.26388889	0.31269474	0	0	0.22866725	0	0	0	0.20212766	0	0	0	0	0	0.2403527	0.23333333	0	0	0	0	0	0	0	0	0.17326733	0	0	0	0	0	0	0.16746411	0.58798825
0	0	0	0	0	0	0	0	0	0	0	0	0	0	0	0	0	0.48538294	0	0	0	0	0	0	0	0	0	0	0	0	0	0	0	0	0	0	0	0	0	0	0	0	0	0	0.18421053	0	0	0	0	0	0	0	0	0	0.17531236	0	0	0.13157895	0	0	0	0	0	0	0	0	0	0	0	0	0	0	0	0	0	0	0	0	0	0	0	0	0	0	0	0	0	0	0	0	0	0	0	0	0	0	0	0	0	0	0	0	0	0	0	0	0	0	0	0	0	0	0	0	0	0	0	0	0	0	0	0	0	0	0	0	0	0.31355932	0	0	0.9079626	0	0	0	0	0	0	0	0	0	0	0	0	0	0	0	0.31165951	0	0	0	0	0	0	0	0	0	0	0	0	0	0	0	0	0	0	0	0	0	0	0	0	0	0	0	0	0	0	0	0	0	0	0	0	0	1	0	0	0.31355932	0	0	0	0	0	0	0	0	0.38154479	0	0	0	0	0	0	0	0	0	0	0	0	0	0	0	0	0	0	0	0	0	0	0	0	0	0	0	0	0	0	0	0	0	0	0	0	0	0	0	0	0	0	0	0.40201911	0	0	0	0	0	0	0	0	0	0	0	0	0	0	0	0	0	0	0	0	0	0	0	0	0	0	0	0	0	0
0	0	0	0	0	0	0	0	0	0	0	0	0	0.18986246	0	0	0	0	0.10632184	0	0	0	0	0	0	0.17980296	0.20670391	0	0	0	0	0	0	0	0	0	0	0	0	0	0	0.31355932	0.13013699	0	0	0.21228983	0	0	0.4314465	0	0	0	0.16017316	0	0	0	0	0	0	0	0	0	0	0	0	0	0.23687612	0	0	0	0.15368421	0.13013699	0	0.18811881	0	0	0	0	0	0	0	0	0	0	0	0	0	0	0	0.21531485	0	0.18544913	0	0	0	0	0	0.31355932	0	0	0	0	0	0	0	0	0.20110193	0	0	0	0	0	0	0	0	0	0	0	0	0	0.20670391	0	0	0	0	0	0	0	0	0	0	0	0	0	0	0	0	0	0	0.18877399	0	0	0	0.42667497	0	0	0	0	0	0	0	0	0	0	0	0	0	0	0	0	0	0	0	0	0	0	0	0	0	0	0	0.3215306	0.15985223	0	0	0	0.21123395	0	0	0	0	0.31355932	0	0	0	1	0	0	0	0	0	0	0	0	0	0	0	0	0	0	0	0	0	0	0	0	0	0	0	0	0	0	0	0	0	0	0	0	0	0.3215306	0	0	0	0	0	0	0	0	0	0	0	0	0.42667497	0	0	0	0	0	0	0	0	0	0	0	0	0	0	0	0	0	0	0	0	0	0	0.20110193	0	0.20857143	0	0.42667497	0	0	0	0	0.31355932	0.2183908	0	0	0	0	0
0.34647299	0.11064892	0.17788462	0.29267764	0.15044248	0.11129568	0.22217294	0.096952909	0.15657569	0	0.14583333	0.134	0.95477742	0.10057471	0.16000406	0.23278583	0.11204013	0	0.096518472	0.1875	0	0.1893851	0.37037701	0	0	0.16102786	0	0.19222211	0	0.80278922	0.13257576	0	0.2528546	0	0	0.15865903	0.72572901	0.39856445	0.13686411	0.21492023	0	0	0.094444444	0.15208982	0.14484127	0.10429448	0	0.31549723	0	0	0.13700852	0.1407563	0	0	0.12467644	0.15598291	0	0.10518293	0	0	0	0	0	0	0.17734809	0.22217294	0.12635379	0.10983607	0	0	0.11292962	0.094444444	0	0	0	0	0.20555556	0	0	0	0.10384902	0	0.2027014	0.15625	0.20517743	0	0	0.22472131	0.12681159	0.10947712	0.80278922	0.096153846	0	0.11943661	0.15625	0	0.19081681	0	0.13385827	0.12598987	0	0	0.92332532	0	0	0.20631479	0	0.17619048	0	0.21622419	0.95477742	0	0	0	0	0.11064892	0	0	0.15625	0.21492023	0	0	0	0	0.19252885	0.18877551	0	0	0.2528546	0.16586538	0	0.23191613	0	0	0	0	0	0	0	0.099112426	0	0	0	0	0	0.21492023	0	0	0	0.21575011	0.46474798	0.14285714	0.2528546	0.2528546	0.14782609	0	0.19700149	0.13880822	0	0	0.12683824	0	0	0	0	0.17303796	0	0.14112903	0.35525786	0	0	0	0.090551181	0.16534606	0.15865903	0.21492023	0.10912052	0.1091954	0.21492023	0.2528546	0	0	0	0	0	0	1	0	0	0	0	0.21492023	0	0	0.094850949	0	0	0	0.16534606	0.12781955	0	0.17788462	0.17648028	0	0.2528546	0.21492023	0	0	0.13059701	0.18492107	0.14782609	0	0	0	0	0.2063354	0.20512846	0.086071626	0.083004204	0	0	0	0	0.23278583	0	0.20631479	0.22392383	0.29267764	0.39938693	0.13223532	0.23278583	0	0	0	0.21492023	0.13476562	0	0	0	0	0	0.80278922	0	0.70994319	0	0.14261758	0	0	0.22217294	0.18877551	0.22392383	0.2528546	0	0	0	0	0	0.18093291	0.29041372	0	0.14583333	0.14583333	0	0	0	0	0.080652728	0.2251212	0	0	0
0	0	0	0	0	0	0	0	0	0	0	0	0	0	0	0	0	0.3125	0	0	0	0	0	0	0	0	0	0	0	0	0	0	0	0	0	0	0	0	0	0	0	0	0	0	0.20652174	0	0	0	0	0	0	0	0	0	0.1459854	0	0	0.14615385	0	0	0	0	0	0	0	0	0	0	0	0	0	0	0	0	0	0	0	0	0	0	0	0	0	0	0	0	0	0	0	0	0	0	0	0	0	0	0	0	0	0	0	0	0	0	0	0	0	0	0	0	0	0	0	0	0	0	0	0	0	0	0	0	0	0	0	0	0	0.35714286	0	0	0.32758621	0	0	0	0	0	0	0	0	0	0	0	0	0	0	0	0.23529412	0	0	0	0	0	0	0	0	0	0	0	0	0	0	0	0	0	0	0	0	0	0	0	0	0	0	0	0	0	0	0	0	0	0	0	0	0	0.31355932	0	0	1	0	0	0	0	0	0	0	0	0.28169014	0	0	0	0	0	0	0	0	0	0	0	0	0	0	0	0	0	0	0	0	0	0	0	0	0	0	0	0	0	0	0	0	0	0	0	0	0	0	0	0	0	0	0	0.23809524	0	0	0	0	0	0	0	0	0	0	0	0	0	0	0	0	0	0	0	0	0	0	0	0	0	0	0	0	0	0
0	0	0	0	0	0	0	0.1360562	0	0	0	0	0	0	0	0	0	0	0	0	0.16299559	0	0.14179104	0	0.24175824	0	0	0	0	0	0	0	0	0	0	0	0	0	0	0	0	0	0	0	0	0	0	0	0	0	0.1369863	0.17431193	0	0.23885394	0	0	0	0	0.269035	0	0	0.30053781	0.24983672	0	0	0	0	0	0	0	0	0	0	0	0	0.17272727	0	0	0.15145228	0.15702479	0	0.17278618	0	0	0	0	0	0	0	0	0	0	0.14715067	0	0	0	0	0	0	0	0.21261155	0	0	0.18867925	0	0	0	0	0	0	0	0	0.21641791	0.35495075	0	0	0	0.21535022	0	0	0	0	0	0	0	0	0	0	0	0	0	0	0	0	0	0.18781726	0	0	0.25	0	0	0.17548769	0	0	0	0	0	0	0	0	0	0.25149714	0	0	0	0.72119724	0	0	0	0	0	0	0.15811966	0.16444444	0	0	0.30721816	0	0	0	0	0.18181818	0.10526316	0	0	0	0	0	0	0	0	0	0.22501374	0	0	0	0	0	1	0	0	0	0	0	0.13267842	0.19587629	0	0.23170732	0	0	0	0	0.15416667	0	0	0	0	0	0	0	0	0.22289157	0.20212766	0	0	0	0	0	0.080168776	0	0.2	0.16222222	0	0	0.11935484	0	0	0	0	0.12807018	0	0	0	0	0	0	0.19587629	0	0	0	0	0	0.18561485	0	0	0.16739766	0.18627451	0.16666667	0	0	0	0	0.18348624	0	0.32499585	0	0.2032967	0	0	0	0	0	0.17431193	0	0	0	0.096568292	0	0	0.16222222	0
0	0	0	0	0	0	0	0	0	0	0	0	0	0	0	0	0	0	0	0	0	0	0	0	0	0	0	0	0	0	0	0	0	0	0	0	0	0	0	0	0	0	0	0	0	0	0	0	0	0	0	0	0	0	0	0	0	0.13636364	0	0	0	0	0	0	0	0	0	0	0	0	0	0	0.32758621	0	0	0	0	0	0.17766497	0	0.1	0	0	0	0	0	0.36962614	0	0	0	0	0	0	0	0	0	0	0	0	0	0	0	0	0	0	0	0	0	0	0	0	0	0	0	0	0	0	0	0	0	0	0	0	0	0	0	0	0	0	0	0	0	0	0	0	0	0	0.27142857	0	0	0	0	0	0	0	0	0	0	0	0	0	0	0	0	0	0	0	0	0	0	0	0	0	0	0	0	0	0	0	0	0	0	0	0	0	0	0	0	0	0	0.17592593	0	0	0.57736317	0	0	0	0	0	1	0	0	0	0	0	0	0	0	0	0	0.27142857	0	0	0	0	0	0	0	0	0	0	0	0	0	0	0	0	0.087064677	0	0	0	0.19337017	0	0	0	0	0	0	0	0	0	0	0	0	0	0	0	0	0	0	0	0	0	0	0	0	0.2375	0	0	0	0	0	0	0.28688525	0	0	0	0	0	0	0	0	0	0	0	0	0	0	0	0.19337017	0.43229322
0	0.29731315	0	0	0	0.34478996	0	0	0.15789474	0	0	0	0	0	0	0	0	0	0	0	0	0	0	0	0	0	0	0	0	0	0.16964286	0	0	0	0	0	0	0	0	0	0	0	0	0.30339592	0	0	0	0	0	0.16363636	0	0	0	0	0	0	0.58927313	0	0	0	0	0	0	0	0	0	0	0	0	0	0	0	0	0	0	0	0	0	0	0.15765766	0	0	0	0.32965476	0	0.22619048	0	0	0.2200049	0	0	0	0	0	0.20652174	0	0	0	0	0	0	0	0	0	0.6504387	0	0	0	0	0	0	0	0	0	0	0.21910917	0	0	0.20652174	0	0	0	0	0.74145562	0	0.26923077	0.47571657	0	0	0	0	0	0	0	0	0	0	0	0	0	0	0	0	0	0.74746111	0	0	0	0.18627451	0	0	0	0	0	0	0	0	0	0.18848168	0	0	0	0	0	0	0	0	0	0	0	0	0	0	0	0	0	0	0.29011301	0	0	0	0	0	0	0	0	0	0	0	0	1	0	0	0.25	0	0	0	0	0	0	0	0.32537713	0	0	0	0	0	0.19791667	0	0	0	0	0	0	0	0	0	0	0	0	0	0	0	0	0	0	0	0	0	0	0	0	0	0	0	0	0	0	0	0.22619048	0	0	0	0	0	0	0	0	0	0	0	0	0	0	0	0	0	0	0	0	0.19	0	0	0	0	0	0	0	0.55211682	0	0
0.17617253	0.13064833	0.22839506	0.44701843	0.18888889	0.13137255	0.32229826	0.11111111	0.19644353	0	0.18041237	0	0.21492023	0.11589404	0.16190476	0.34381578	0.13241107	0	0.10934432	0	0	0.20479685	0	0	0	0.20004239	0	0.25061506	0	0.20088072	0.16055046	0	0.38036696	0	0	0.19852785	0.29226293	0.20479685	0.16546124	0.30601347	0	0	0.10828025	0	0	0.12142857	0	0.17837402	0	0	0.13157895	0	0	0	0.14739606	0	0	0	0	0	0	0	0	0	0.22970352	0.32229826	0.15151515	0	0	0	0	0.10828025	0	0	0	0	0.2761194	0	0	0	0	0	0.27782536	0.19662921	0.40192218	0	0	0	0.15217391	0.12884615	0.20088072	0.11006289	0	0.13930438	0.19662921	0	0.25547408	0	0.16346154	0	0	0	0.24094656	0	0	0.60492301	0	0.22560976	0	0.30871808	0.21492023	0	0	0	0	0.13064833	0	0	0.19662921	0.65429142	0	0	0	0	0.50421343	0.24666667	0	0	0.38036696	0	0	0.23417722	0	0	0	0	0	0	0	0.11472603	0	0	0	0	0	0.65429142	0	0	0	0	0.22118895	0.17708333	0.38036696	0.38036696	0.18478261	0	0.6979068	0.16879686	0	0	0	0	0	0	0	0.22492962	0	0.17326733	0.17125752	0	0	0	0	0.20967066	0.19852785	0.30601347	0.12835249	0.12862669	0.65429142	0.7798667	0	0	0	0	0	0	0.21492023	0	0	0	0	1	0	0	0.10835913	0	0	0	0.20967066	0.15454545	0	0.22839506	0.22260368	0	0.38036696	0.30601347	0	0	0.15765766	0.24500159	0.18478261	0	0	0	0	0.28694217	0.22118895	0	0.092049544	0	0	0	0	0.73655774	0	0.60492301	0.65997133	0.44701843	0.32229826	0.2821981	0.73655774	0	0	0	0.44328069	0	0	0	0	0	0	0.20088072	0	0.19286459	0	0.17248347	0	0	0.32229826	0.24666667	0.65997133	0.38036696	0	0	0	0	0	0.23305526	0.25336399	0	0.18041237	0.18041237	0	0	0	0	0	0.31852025	0	0	0
0	0	0	0	0	0	0	0.11692308	0	0	0.29213405	0	0	0.12179487	0	0	0	0	0	0	0	0	0	0	0	0	0	0	0.2183908	0	0.16666667	0	0	0.25609756	0	0	0	0	0.13307985	0	0	0	0	0	0.24108611	0	0	0	0	0	0	0	0.18778221	0	0	0.19191919	0	0	0	0	0	0	0	0	0	0	0.14522822	0.13011152	0.24324324	0	0	0	0	0.15384615	0	0	0	0	0.16	0	0.15949257	0	0	0	0	0	0	0	0	0	0	0.11585366	0.11616162	0	0	0	0	0	0.16513761	0	0	0	0	0	0	0	0	0	0	0	0	0	0	0	0.1875	0	0	0	0	0	0	0.20224719	0	0	0	0	0.25538343	0	0	0	0	0	0	0	0	0	0	0	0	0	0.20454545	0.13257576	0	0	0	0	0.17326733	0.28448203	0.18269231	0	0	0	0	0	0	0	0	0	0	0	0.15254237	0	0.23626294	0	0	0	0	0.25960433	0	0	0	0	0	0	0	0	0	0	0	0	0.14344262	0	0	0	0	0	0	0	0	0	0	0	1	0	0.11411411	0	0	0	0	0	0	0	0	0	0	0	0	0.2699331	0	0	0	0	0	0	0	0	0	0.12650389	0.076419214	0.18627451	0	0.1722488	0	0	0.17030494	0	0	0	0	0	0	0	0	0.36159627	0	0.16363636	0	0	0	0	0.18	0	0	0	0	0.1376673	0	0.23070078	0	0.2625	0	0	0	0	0	0	0	0	0	0	0	0.18627451	0	0	0	0	0.079661512	0	0	0.1722488	0
0	0.14587738	0	0	0	0.14767932	0	0	0.2493147	0	0	0	0	0	0	0	0	0	0	0	0	0	0	0	0	0	0	0	0	0	0.19	0	0	0	0	0	0	0	0	0	0	0	0	0.17156863	0	0	0	0	0	0.25983675	0	0	0	0	0	0	0.23972603	0	0	0	0	0	0	0	0	0	0	0	0	0	0	0	0	0	0	0	0	0	0	0.24531329	0	0	0	0.2375	0	0.43229322	0	0	0.16981132	0	0	0	0	0	0.2375	0	0	0	0	0	0	0	0	0	0.2804878	0	0	0	0	0	0	0	0	0	0	0.14587738	0	0	0.38696295	0	0	0	0	0.18817204	0	0.31818182	0.2183908	0	0	0	0	0	0	0	0	0	0	0	0	0	0	0	0	0	0.26470588	0	0	0	0.21111111	0	0	0	0	0	0	0	0	0	0.31126321	0	0	0	0	0	0	0	0	0	0	0	0	0	0	0	0	0	0	0.14345114	0	0	0	0	0	0	0	0	0	0	0	0	0.25	0	0	1	0	0	0	0	0	0	0	0.25	0	0	0	0	0	0.22619048	0	0	0	0	0	0	0	0	0	0	0	0	0	0	0	0	0	0	0	0	0	0	0	0	0	0	0	0	0	0	0	0.26388889	0	0	0	0	0	0	0	0	0	0	0	0	0	0	0	0	0	0	0	0	0.21590909	0	0	0	0	0	0	0	0.26470588	0	0
0.08625	0.10071352	0.1654861	0.12624585	0.13090393	0.10328597	0.11201299	0.98792841	0.11657644	0	0.30902307	0	0.094850949	0.23038235	0.12002703	0.11400651	0.10413761	0	0.08025139	0	0	0.093243243	0	0	0	0.091836735	0	0.099722992	0.12084592	0.092991914	0.29035196	0	0.11803279	0.13707165	0	0.092442645	0.10644258	0.093243243	0.21038049	0.10835913	0	0	0.093723845	0	0.10187668	0.10116161	0	0.083526682	0	0	0.16155156	0.096100279	0	0.14480622	0.098990802	0.11267606	0	0	0.15737454	0	0	0.13585375	0.14419646	0	0.096418733	0.11201299	0.11213207	0	0	0	0	0.093723845	0	0.097186701	0	0.095567867	0.18068183	0	0.086387435	0	0.069724771	0	0.14463316	0.14064891	0.10648148	0	0	0	0.12213139	0.1010847	0.092991914	0.2259481	0.10273305	0.091646778	0.14064891	0	0.12941497	0	0.26048862	0	0.11179059	0	0.098630137	0	0	0.10574018	0	0.16420011	0	0.11102107	0.094850949	0	0	0.19627767	0	0.10071352	0	0	0.14064891	0.10835913	0	0	0	0	0.10267857	0.17196114	0	0	0.11803279	0	0	0.16772215	0	0	0	0.099112426	0	0	0.12126246	0.094130293	0.11411411	0.12004102	0	0	0	0.10835913	0.10306407	0	0	0	0.095367847	0.46226785	0.11803279	0.11803279	0.12918084	0.13267842	0.10391566	0.082932692	0	0	0	0	0.089333333	0.091530055	0	0.095833333	0.15888203	0.30181306	0.081632653	0	0	0	0	0.09375	0.092442645	0.10835913	0.10065466	0.099627275	0.10835913	0.11803279	0	0	0.13622215	0	0	0	0.094850949	0	0.13267842	0	0	0.10835913	0.11411411	0	1	0.10298507	0	0	0.09375	0.11762342	0	0.11550152	0.26551533	0	0.11803279	0.10835913	0	0	0.11948703	0.10118168	0.12918084	0	0	0	0	0.10574018	0.095367847	0.063032368	0.068425952	0.11080332	0	0.090163934	0	0.11400651	0.074279379	0.10574018	0.10942249	0.12624585	0.11201299	0.10957274	0.11400651	0	0	0	0.10835913	0	0	0	0	0	0	0.092991914	0	0.092069892	0	0.57176026	0.1	0.095800525	0.11201299	0.30380281	0.10942249	0.11803279	0	0	0.17156802	0	0	0.098901099	0.12889455	0	0.13460634	0.30902307	0.096100279	0	0	0	0.071945075	0.11550152	0	0.090163934	0
0.13877551	0	0	0	0	0	0	0.10550459	0	0	0	0	0	0	0	0	0	0	0	0	0	0.15581395	0	0	0.20238095	0	0	0	0	0	0	0	0	0	0.25342466	0	0	0	0	0	0	0	0	0	0	0	0.14912281	0	0	0.15044248	0.19016524	0.17647059	0	0.17475728	0	0	0	0	0.19444444	0.21764706	0	0.20430108	0.18852459	0.24686518	0	0	0	0	0	0	0	0	0	0	0	0.38897316	0	0	0.19964984	0	0	0	0	0	0	0.20114943	0	0	0	0	0	0	0.11538462	0	0	0	0	0	0	0.13409191	0.21164729	0	0	0	0	0	0	0	0	0	0	0	0	0.24	0	0	0	0	0	0	0	0	0	0	0	0	0	0	0	0	0	0	0.19662921	0	0	0.91943904	0	0	0.56261955	0	0	0.13157895	0	0	0	0	0	0	0	0	0	0.17647059	0	0	0	0.19587629	0	0	0	0.25342466	0	0.20114943	0.15909091	0.32658802	0	0	0.2254902	0	0	0.25342466	0	0	0	0	0	0	0	0	0	0	0	0	0.16829268	0.19662921	0	0	0	0	0.19587629	0	0	0	0	0	0.10298507	1	0.19318182	0	0	0	0	0	0.15486726	0.21022727	0	0	0	0	0.14957265	0	0	0	0	0	0	0	0.16037736	0	0.07826087	0	0	0.21494084	0	0	0.11824324	0	0	0	0	0.21626913	0	0.33583333	0	0	0	0	0	0	0.3914712	0.20114943	0	0	0.16501241	0	0	0.12998102	0.27703349	0.16814159	0	0	0	0	0.16666667	0	0.23026316	0	0	0	0	0	0	0	0.38491105	0	0	0	0.079146094	0	0	0.21494084	0.20114943
0.17652826	0	0	0	0	0	0	0	0	0	0	0	0	0	0	0	0	0.42905538	0	0	0	0.1968945	0	0	0.2885881	0	0	0	0	0	0	0	0	0	0.26056338	0	0	0	0	0	0	0	0	0	0.17757009	0	0.20112198	0	0	0.20012876	0	0	0	0	0.19119803	0	0	0.13103448	0	0.34710975	0	0	0	0.19101124	0	0	0	0	0	0	0	0	0	0	0	0.17326733	0	0	0	0	0	0	0	0	0	0.29805725	0	0	0	0	0	0	0	0	0	0	0	0	0	0.13619125	0	0	0	0	0	0	0	0	0	0	0	0	0	0	0	0	0	0	0	0	0	0	0	0	0	0	0	0.28169014	0	0	0.4147946	0	0.28651892	0	0	0.18715084	0	0	0	0	0	0	0	0	0	0	0.31782809	0	0	0	0	0	0	0	0	0	0	0	0	0.41293173	0	0.20588235	0	0.16183575	0	0	0	0	0	0.41293173	0	0	0	0	0	0	0	0	0	0	0	0	0	0.28651892	0.38154479	0	0	0.28169014	0	0	0	0	0	0	0	0.19318182	1	0	0	0	0	0	0	0.21511628	0	0	0	0	0.15217391	0	0	0	0	0	0	0	0.21220947	0	0	0	0	0	0	0	0	0	0	0	0	0	0	0.23972603	0	0	0	0	0	0	0.26056338	0.29805725	0.29547093	0	0.21544432	0	0	0	0	0	0	0	0	0	0.2273824	0	0	0	0	0	0	0	0	0	0.17	0	0	0	0	0	0	0	0.29805725
0	0	0	0	0	0	0	0	0	0	0	0	0	0	0	0	0	0	0	0	0.19125683	0	0.32839251	0	0.30434783	0	0	0	0	0	0	0	0	0	0	0	0	0	0	0	0	0	0	0	0	0	0	0	0	0	0	0	0	0	0	0	0	0	0	0	0	0	0	0	0	0	0	0	0	0	0	0	0	0	0	0	0	0	0	0.3777159	0	0.20266667	0	0	0	0	0	0	0	0	0	0	0	0	0	0	0	0	0	0	0	0	0	0.32633619	0	0	0	0	0	0	0	0	0.27732794	0	0	0	0	0.27575758	0	0	0	0	0	0	0	0	0	0	0	0	0	0	0	0	0	0	0	0	0	0	0	0	0	0	0	0	0	0	0	0	0	0	0	0	0	0.23170732	0	0	0	0	0	0	0	0	0	0	0	0	0	0	0	0.21590909	0.15355467	0	0	0	0	0	0	0	0	0	0	0	0	0	0	0	0.23170732	0	0	0	0	0	0	0	0	1	0	0	0	0	0	0	0	0	0	0	0	0	0	0.43805622	0.59140288	0	0	0	0	0	0	0	0.24358974	0	0	0	0	0	0	0	0	0	0	0	0	0	0	0	0.24	0	0	0	0	0	0.22157434	0	0	0	0	0	0	0	0	0	0.2183908	0	0	0	0.38217245	0	0	0	0	0	0	0	0	0	0	0	0	0	0
0.14001883	0.10934891	0.1763285	0.28754334	0.14888889	0.11	0.21645307	0.095833333	0.19487823	0	0.14435146	0	0.16534606	0.099423631	0.13137255	0.22722905	0.11073826	0	0.11587052	0	0	0.15790629	0	0	0	0.24808437	0	0.42659344	0	0.15591525	0.13117871	0	0.24748805	0	0	0.93571684	0.21750094	0.15790629	0.16813355	0.28168866	0	0	0.093314763	0	0	0.10307692	0	0.14372006	0	0	0.11093248	0	0	0	0.5254781	0	0	0	0	0	0	0	0	0	0.91894348	0.28042966	0.125	0	0	0	0	0.093314763	0	0	0	0	0.20391061	0	0	0	0	0	0.25456426	0.15470852	0.19978372	0	0	0	0.12545455	0.10819672	0.15591525	0.095041322	0	0.15028729	0.15470852	0	0.2382794	0	0.13241107	0	0	0	0.18291211	0	0	0.20114437	0	0.17464115	0	0.26656973	0.16534606	0	0	0	0	0.10934891	0	0	0.15470852	0.20967066	0	0	0	0	0.18722741	0.18717949	0	0	0.24748805	0	0	0.17980296	0	0	0	0	0	0	0	0.097922849	0	0	0	0	0	0.20967066	0	0	0	0	0.16833791	0.14135021	0.34418554	0.24748805	0.14628821	0	0.19170282	0.80990301	0	0	0	0	0	0	0	0.39813428	0	0.13967611	0.13901212	0	0	0	0	0.95252648	0.53401527	0.28168866	0.10784314	0.10790774	0.20967066	0.24748805	0	0	0	0	0	0	0.16534606	0	0	0	0	0.20967066	0	0	0.09375	0	0	0	1	0.12641509	0	0.1763285	0.23706589	0	0.34418554	0.28168866	0	0	0.12921348	0.38804976	0.14628821	0	0	0	0	0.53543842	0.16833791	0	0.13144297	0	0	0	0	0.22722905	0	0.20114437	0.21890758	0.28754334	0.21645307	0.15871059	0.22722905	0	0	0	0.20967066	0	0	0	0	0	0	0.15591525	0	0.15056413	0	0.18084777	0	0	0.28042966	0.18717949	0.21890758	0.24748805	0	0	0	0	0	0.22760083	0.18875039	0	0.14435146	0.14435146	0	0	0	0	0	0.29195092	0	0	0
0.11279461	0.12717333	0.24485503	0.18686869	0.38551535	0.13216544	0.16341463	0.12030205	0.15535746	0	0.28211165	0.14925373	0.12781955	0.1263622	0.16261402	0.16666667	0.38320906	0	0.09368211	0	0	0.12546816	0	0	0	0.12110727	0	0.13565891	0	0.125	0.17289689	0	0.17326733	0	0	0.12429907	0.14566929	0.12546816	0.13236344	0.15454545	0	0	0.11462378	0	0	0.12740461	0	0.10670732	0	0	0.13821283	0	0	0	0.1236064	0	0	0	0	0	0	0	0	0	0.13076923	0.16341463	0.11864407	0	0	0.18811881	0	0.11462378	0	0	0	0	0.36698482	0	0	0	0	0.14842301	0.30578916	0.20349023	0.15158371	0	0	0	0.23871108	0.12701055	0.125	0.12229326	0	0.28206026	0.20349023	0	0.18415714	0	0.16534665	0	0	0	0.13358779	0.16	0	0.14912281	0	0.24041256	0	0.16180049	0.12781955	0	0	0	0	0.12717333	0	0	0.20349023	0.15454545	0	0.15948276	0	0	0.14377682	0.26244829	0	0	0.17326733	0	0	0.2514617	0	0	0	0	0	0	0	0.11552352	0	0	0	0	0	0.15454545	0	0	0.15267176	0	0.12878788	0.17610034	0.17326733	0.17326733	0.25557389	0	0.14628821	0.10702875	0	0	0	0	0	0.14448669	0	0.13035019	0	0.27075572	0.1035503	0	0.16818182	0	0	0.12641509	0.12429907	0.15454545	0.12607478	0.12515051	0.15454545	0.17326733	0	0	0	0	0	0	0.12781955	0	0	0	0	0.15454545	0	0	0.11762342	0	0	0	0.12641509	1	0	0.16371681	0.16174196	0	0.17326733	0.15454545	0	0	0.22026936	0.14118896	0.25557389	0	0	0	0	0.14912281	0.12878788	0	0.12324276	0	0.16806723	0	0	0.16666667	0	0.14912281	0.15486726	0.18686869	0.16341463	0.10371517	0.16666667	0	0	0.18018018	0.15454545	0	0	0	0	0	0	0.125	0	0.12360595	0	0.13779546	0	0	0.16341463	0.26244829	0.15486726	0.17326733	0	0	0	0	0	0.13409962	0.18000078	0	0.19047028	0.28211165	0.15625	0	0	0	0	0.16371681	0	0	0
0	0	0	0	0	0	0	0	0	0	0	0	0	0	0	0	0	0	0	0	0	0	0	0	0	0	0	0	0	0	0	0	0	0	0	0	0	0	0	0	0	0	0	0	0	0	0	0	0	0	0	0	0	0	0	0	0	0.13380282	0	0	0	0.25	0	0	0	0	0	0	0	0	0	0	0.29411765	0	0	0	0	0	0.24707319	0	0.1	0	0	0	0	0	0.22619048	0	0	0	0	0	0	0	0	0	0	0	0	0	0	0	0	0	0	0	0	0	0	0	0	0	0	0	0	0	0	0	0	0	0	0	0	0	0	0	0	0	0	0	0	0	0	0	0	0	0	0.25	0	0	0	0	0	0	0	0	0	0	0	0	0	0	0	0	0	0	0	0	0	0	0	0	0	0	0	0	0	0	0	0	0	0	0	0	0	0	0	0	0	0	0.16949153	0	0	0.22619048	0	0	0	0	0	0.27142857	0	0	0	0	0	0	0	0	0	0	1	0	0	0	0	0	0	0	0	0	0	0	0	0	0	0	0	0.087677725	0	0	0	0.26732307	0	0	0	0	0	0	0	0	0	0	0	0	0	0	0	0.34375	0	0	0	0	0	0	0	0	0.37707081	0	0	0	0	0	0	0.26056338	0	0	0	0	0	0	0	0	0	0.27142857	0	0	0	0	0	0.26732307	0.24390244
0.15271967	0.21384876	0.23809524	0.28571429	0.19892473	0.23241632	0.24829932	0.11838006	0.20859749	0	0.19	0	0.17788462	0.12337662	0.1712963	0.25342466	0.14092664	0	0.097074468	0	0	0.17464115	0	0	0	0.16450216	0	0.19	0	0.17380952	0.23682105	0	0.26388889	0	0	0.17303103	0.20408163	0.17464115	0.14092664	0.22839506	0	0	0.115625	0.3023792	0	0.12937063	0	0.14074074	0	0.16363636	0.13970588	0	0	0	0.12251656	0	0.29720006	0	0	0	0	0	0	0	0.18316832	0.24829932	0.16033755	0	0	0	0	0.115625	0	0	0	0	0.28571429	0	0	0.15765766	0	0	0.2183908	0.44170279	0.22392638	0.22619048	0	0	0.41651146	0.13721805	0.17380952	0.11728395	0	0.11821086	0.29784561	0	0.20621469	0	0.1728972	0	0	0	0.18627451	0	0.33318295	0.21764706	0	0.23529412	0	0.24576271	0.17788462	0	0	0	0	0.21384876	0	0	0.29784561	0.22839506	0	0	0	0.23429371	0.20857143	0.40558382	0.25963177	0	0.26388889	0	0	0.24390244	0	0	0	0	0	0	0	0.12248322	0	0	0	0	0.34760437	0.22839506	0	0	0.18627451	0	0.17961165	0.18686869	0.26388889	0.26388889	0.19473684	0	0.21345029	0.14313725	0.18848168	0	0	0	0	0	0	0.18341709	0	0.18269231	0.13571429	0	0	0	0	0.1763285	0.17303103	0.22839506	0.13670412	0.20898437	0.22839506	0.26388889	0	0	0	0	0	0	0.17788462	0	0	0	0.32537713	0.22839506	0	0.25	0.11550152	0	0	0	0.1763285	0.16371681	0	1	0.17272727	0	0.26388889	0.22839506	0	0.19791667	0.25187304	0.20422535	0.19473684	0	0	0	0	0.21764706	0.17961165	0	0.083700441	0	0	0	0	0.25342466	0	0.21764706	0.22619048	0.28571429	0.24829932	0.13773585	0.25342466	0	0	0	0.22839506	0	0	0	0	0.22619048	0	0.17380952	0	0.17180095	0	0.14368932	0	0	0.24829932	0.25641026	0.22619048	0.26388889	0	0	0	0	0	0.18719212	0.19	0	0.26976953	0.19	0	0	0	0	0	0.23809524	0.55144082	0	0
0.15067732	0.12965765	0.24763752	0.29788112	0.18958641	0.13450028	0.22975088	0.27282769	0.20274186	0	0.19249331	0	0.17648028	0.12858835	0.1652019	0.24032687	0.13654129	0	0.11923278	0	0	0.16923498	0	0	0	0.16723339	0	0.27608736	0	0.16706758	0.17501361	0	0.39255288	0	0	0.22378517	0.22765002	0.16923498	0.17202793	0.22260368	0	0	0.11661586	0	0	0.12956815	0	0.15354613	0	0	0.23010414	0.14	0	0.13888889	0.21619542	0	0	0	0.15044248	0	0	0.15948276	0.14628821	0	0.25919336	0.22975088	0.12456747	0	0	0	0	0.11661586	0	0	0	0.13888889	0.28554341	0	0.12271062	0	0	0	0.27246563	0.20553055	0.21286664	0	0	0	0.16587546	0.12949445	0.16706758	0.12433331	0.097101449	0.14676285	0.20553055	0	0.24248041	0	0.16774153	0	0.12068966	0	0.19383049	0	0	0.21381472	0	0.24367392	0	0.22361953	0.17648028	0	0	0.17857143	0	0.12965765	0	0	0.20553055	0.22260368	0	0	0	0	0.19980259	0.26440998	0	0	0.25983675	0	0	0.25376679	0	0	0	0.14847162	0	0	0.19270833	0.11769628	0	0.10897436	0	0	0	0.22260368	0	0	0	0	0.17972514	0.55257793	0.25983675	0.25983675	0.18512818	0.15416667	0.20452151	0.20019456	0	0	0	0	0.12781955	0.13229572	0	0.25323663	0.16834171	0.18574934	0.14865069	0	0	0	0	0.23706589	0.22378517	0.22260368	0.12857226	0.12761314	0.22260368	0.25983675	0	0	0.13346614	0	0	0	0.17648028	0	0.15416667	0	0	0.22260368	0	0	0.26551533	0.15486726	0	0	0.23706589	0.16174196	0	0.17272727	1	0	0.25983675	0.22260368	0	0	0.16269973	0.26557192	0.18512818	0	0	0	0	0.31154802	0.17972514	0	0.13442673	0	0	0.13035019	0	0.24032687	0.099415205	0.21381472	0.35019959	0.29788112	0.22975088	0.25319236	0.24032687	0	0	0	0.22260368	0	0	0	0	0	0	0.16706758	0	0.16166522	0	0.21089481	0.14830508	0.13602941	0.22975088	0.26440998	0.23102416	0.25983675	0	0	0.17171717	0	0	0.18748548	0.24776564	0	0.19249331	0.19249331	0.14	0	0	0	0.069404356	0.23240019	0	0.13035019	0
0.15352697	0	0.29805725	0	0	0	0	0	0	0	0	0	0	0	0	0	0	0	0	0	0.20190844	0.17298578	0	0	0.22560976	0	0	0	0	0	0	0	0	0	0.47631201	0	0	0	0	0	0	0	0	0	0	0	0.16517857	0	0	0.16666667	0	0	0	0	0	0	0	0.11724138	0	0.24096386	0	0	0	0.20786517	0	0	0	0.15451363	0	0	0.13084112	0	0	0	0	0.28668207	0	0.37209335	0	0	0	0	0	0	0	0.22352941	0	0	0	0	0	0	0	0	0	0	0	0	0	0.11967213	0	0.35315077	0	0	0	0	0	0.27181697	0	0	0	0	0	0	0	0	0	0	0	0	0	0	0	0	0	0	0	0	0	0	0	0	0.2183908	0	0	0.20391061	0	0	0	0	0	0	0	0	0	0	0	0	0	0.24858101	0	0	0	0	0	0	0	0	0	0.28169014	0.20623029	0.35099843	0	0.1763285	0.35315077	0	0	0	0	0.28169014	0	0	0	0	0	0	0	0	0	0	0	0	0	0.2183908	0	0	0	0	0	0	0	0	0	0	0	0.21022727	0.21511628	0	0	0	0	0	0	1	0	0	0	0	0.24673958	0	0	0	0	0	0	0	0.17788462	0	0	0	0	0	0.32073398	0	0	0	0	0	0	0	0	0.26027397	0	0	0	0	0	0	0.28169014	0.22352941	0	0	0.1835443	0	0	0	0	0	0	0	0	0	0.185	0	0	0	0	0	0	0	0	0	0.185	0	0	0	0	0	0	0	0.22352941
0.20489872	0.1448203	0.26388889	0.58783712	0.21604938	0.14556962	0.40620921	0.12121212	0.22970686	0	0.20454545	0	0.2528546	0.12676056	0.18229167	0.43805622	0.14680851	0	0.12337047	0	0	0.24129129	0	0	0	0.33388488	0	0.42344035	0	0.23644496	0.18	0	0.49166667	0	0	0.31765468	0.34544821	0.24129129	0.19115837	0.38036696	0	0	0.11824324	0	0	0.13358779	0	0.20428464	0	0	0.14516129	0	0	0	0.23537885	0	0	0	0	0	0	0	0	0	0.39118001	0.40620921	0.16901408	0	0	0	0	0.11824324	0	0	0	0	0.32758621	0	0	0	0	0	0.33776477	0.225	0.35505438	0	0	0	0.16981132	0.14256198	0.23644496	0.12	0	0.15838046	0.225	0	0.30829607	0	0.18421053	0	0	0	0.2836451	0	0	0.35160962	0	0.26027397	0	0.38609403	0.2528546	0	0	0	0	0.1448203	0	0	0.225	0.38036696	0	0	0	0	0.31525955	0.28787879	0	0	0.49166667	0	0	0.27142857	0	0	0	0	0	0	0	0.12591241	0	0	0	0	0	0.38036696	0	0	0	0	0.26092172	0.20114943	0.79718047	0.49166667	0.21084337	0	0.32991551	0.27095443	0	0	0	0	0	0	0	0.38746734	0	0.19565217	0.19555015	0	0	0	0	0.34418554	0.31765468	0.38036696	0.14197531	0.14241164	0.38036696	0.49166667	0	0	0	0	0	0	0.2528546	0	0	0	0	0.38036696	0	0	0.11803279	0	0	0	0.34418554	0.17326733	0	0.26388889	0.25983675	0	1	0.38036696	0	0	0.17647059	0.41513986	0.21084337	0	0	0	0	0.53543039	0.26092172	0	0.13573522	0	0	0	0	0.43805622	0	0.35160962	0.38888889	0.58783712	0.40620921	0.182318	0.43805622	0	0	0	0.38036696	0	0	0	0	0	0	0.23644496	0	0.22717163	0	0.19889651	0	0	0.40620921	0.28787879	0.38888889	0.49166667	0	0	0	0	0	0.39655814	0.30012614	0	0.20454545	0.20454545	0	0	0	0	0	0.39299689	0	0	0
0.17617253	0.13064833	0.22839506	0.44701843	0.18888889	0.13137255	0.32229826	0.11111111	0.36569432	0	0.18041237	0	0.21492023	0.11589404	0.16190476	0.34381578	0.13241107	0	0.189663	0	0	0.20479685	0	0	0	0.36436984	0	0.25061506	0	0.20088072	0.16055046	0	0.38036696	0	0	0.25741629	0.29226293	0.20479685	0.29935867	0.44328069	0	0	0.10828025	0	0	0.12142857	0	0.17837402	0	0	0.13157895	0	0	0	0.20340058	0	0	0	0	0	0	0	0	0	0.32432175	0.64389506	0.15151515	0	0	0	0	0.10828025	0	0	0	0	0.2761194	0	0	0	0	0	0.53785985	0.19662921	0.28767846	0	0	0	0.15217391	0.12884615	0.20088072	0.11006289	0	0.26345263	0.19662921	0	0.48517026	0	0.16346154	0	0	0	0.24094656	0	0	0.28684468	0	0.22560976	0	0.58614461	0.21492023	0	0	0	0	0.13064833	0	0	0.19662921	0.30601347	0	0	0	0	0.26014183	0.24666667	0	0	0.38036696	0	0	0.23417722	0	0	0	0	0	0	0	0.11472603	0	0	0	0	0	0.30601347	0	0	0	0	0.22118895	0.17708333	0.38036696	0.38036696	0.18478261	0	0.2703582	0.22624804	0	0	0	0	0	0	0	0.22492962	0	0.17326733	0.17125752	0	0	0	0	0.28168866	0.25741629	0.65429142	0.12835249	0.12862669	0.30601347	0.38036696	0	0	0	0	0	0	0.21492023	0	0	0	0	0.30601347	0	0	0.10835913	0	0	0	0.28168866	0.15454545	0	0.22839506	0.22260368	0	0.38036696	1	0	0	0.15765766	0.24500159	0.18478261	0	0	0	0	0.28694217	0.22118895	0	0.092049544	0	0	0	0	0.34381578	0	0.28684468	0.31554826	0.44701843	0.32229826	0.15807762	0.34381578	0	0	0	0.30601347	0	0	0	0	0	0	0.20088072	0	0.19286459	0	0.23294121	0	0	0.64389506	0.24666667	0.31554826	0.38036696	0	0	0	0	0	0.23305526	0.25336399	0	0.18041237	0.18041237	0	0	0	0	0	0.66041889	0	0	0
0	0	0	0	0	0	0	0	0	0	0	0	0	0	0	0	0.16450216	0	0	0	0	0	0	0	0	0	0	0	0	0	0	0	0	0	0	0	0	0	0	0	0	0	0	0	0	0	0	0	0	0	0	0	0	0	0	0	0	0.20130249	0	0	0	0	0	0	0	0	0	0	0	0	0	0	0	0	0	0	0	0	0	0	0	0	0	0	0	0	0	0	0	0	0	0	0	0.12982456	0	0	0	0	0	0	0	0	0	0	0	0	0	0	0	0	0	0	0	0	0	0	0	0	0	0	0	0	0	0	0	0	0	0	0	0	0	0	0	0	0	0	0	0	0	0	0	0	0.87278945	0	0	0	0	0	0	0	0	0	0	0	0.36765683	0	0	0	0	0	0	0	0	0	0	0	0	0	0	0	0	0	0	0	0	0	0	0	0	0	0	0	0	0	0	0	0	0	0	0	0	0	0	0	0	0	0	0	0	0	0	0	0	0	0	0	1	0	0.28755833	0	0.36765683	0	0	0	0	0	0	0	0	0	0	0	0	0	0	0	0	0	0	0	0	0	0	0	0	0	0	0	0	0	0	0	0	0	0	0	0	0	0	0	0	0	0	0	0	0	0	0	0	0	0	0	0	0	0	0	0	0	0	0	0
0	0.12829525	0	0	0	0.12982456	0	0	0.15079365	0	0	0	0	0	0	0	0	0	0	0	0	0	0	0	0	0	0	0	0	0	0.16129032	0	0	0	0	0	0	0	0	0	0	0	0	0.1468254	0	0	0	0	0	0.28756825	0	0	0.17505348	0	0	0	0.19072165	0	0	0	0	0	0	0	0	0	0	0.12110727	0.21428571	0	0	0	0	0	0	0	0	0	0.14693878	0.1504065	0.12096526	0	0	0.19230769	0	0.20833333	0	0	0.14615385	0	0	0	0.10883281	0	0.29891692	0	0	0	0	0	0	0	0	0	0.21345029	0	0	0	0	0	0	0	0	0	0.16981132	0.12829525	0	0	0.19230769	0	0	0.18181818	0	0.15811966	0	0.24444444	0.58414279	0	0	0	0	0	0	0	0	0	0	0	0	0	0	0.12323944	0	0	0.20652174	0	0	0.25662473	0.24629417	0	0	0	0	0	0	0	0	0	0.17674419	0	0.140625	0	0.21675575	0	0	0	0	0	0	0	0	0	0	0	0	0	0	0.12651646	0	0	0.13257576	0	0	0	0	0	0	0	0	0	0.19791667	0	0.2699331	0.22619048	0	0	0	0	0	0	0	0.19791667	0	0	0	0	0	1	0	0	0	0	0	0	0	0	0	0.10006751	0.073221757	0	0	0.15720524	0	0	0.1598224	0	0	0	0	0	0	0	0	0.32156082	0	0.15	0	0	0	0.20833333	0.16363636	0	0	0	0	0	0	0.21204156	0	0	0	0	0	0	0	0	0	0	0	0	0.17857143	0	0	0	0	0	0.076108168	0	0.20652174	0.15720524	0
0.14086976	0.12916733	0.24310111	0.19	0.18715455	0.13384306	0.16666667	0.12216587	0.15658757	0	0.27579152	0	0.13059701	0.12809934	0.16363321	0.16990291	0.22148253	0	0.095551028	0	0	0.15608019	0	0	0.15765766	0.12371134	0	0.13846154	0	0.12777778	0.17315959	0	0.17647059	0	0.28755833	0.1270872	0.1484375	0.12825279	0.1341371	0.15765766	0	0	0.11637663	0	0	0.12902361	0.12411348	0.10909091	0	0.125	0.13953683	0	0	0	0.12512269	0	0	0.13198605	0	0.16964286	0	0	0	0.14830508	0.13358779	0.16666667	0.12121212	0	0	0	0	0.11637663	0	0	0	0.19462929	0.35159433	0	0	0	0	0	0.29939869	0.20257051	0.15470852	0.15789474	0	0	0.23603485	0.12901403	0.12777778	0.12390941	0	0.17183702	0.20257051	0	0.18466136	0	0.16608478	0.095041322	0	0	0.13636364	0	0	0.15217391	0	0.23929068	0	0.16506024	0.13059701	0	0	0	0	0.12916733	0	0	0.20257051	0.15765766	0	0	0	0	0.14680851	0.25912708	0	0	0.17647059	0	0	0.24897424	0.15517241	0	0	0.14556962	0	0	0	0.11748579	0	0	0.25108725	0	0	0.15765766	0	0	0	0	0.13157895	0.17656131	0.17647059	0.17647059	0.62285107	0	0.14935065	0.10952381	0	0.19	0	0.22422983	0	0.13018868	0	0.13320463	0	0.26557271	0.10588235	0.19	0	0	0	0.12921348	0.1270872	0.15765766	0.12812465	0.12718132	0.15765766	0.17647059	0	0	0	0.15517241	0	0	0.13059701	0	0	0	0	0.15765766	0	0	0.11948703	0.14957265	0.15217391	0	0.12921348	0.22026936	0	0.25187304	0.16269973	0.24673958	0.17647059	0.15765766	0.28755833	0	1	0.14421053	0.62285107	0	0	0	0	0.15217391	0.16444031	0	0.070038911	0	0	0	0	0.16990291	0	0.15217391	0.15789474	0.19	0.16666667	0.10615385	0.16990291	0.17647059	0	0	0.15765766	0	0	0	0.19	0.15789474	0	0.12777778	0.13405088	0.12638376	0	0.13953284	0	0	0.16666667	0.25912708	0.15789474	0.17647059	0.13565891	0	0	0	0	0.13688213	0.18027966	0	0.19003282	0.27579152	0.13565891	0	0	0	0	0.16666667	0	0	0.15789474
0.15380863	0.12037037	0.20422535	0.34535072	0.17007673	0.12107209	0.25574026	0.10363086	0.16880612	0	0.16348449	0	0.18492107	0.10787402	0.14745011	0.26965353	0.12197393	0	0.098426382	0	0	0.17622385	0	0	0	0.22495898	0	0.72565513	0	0.17361678	0.14668094	0	0.29526511	0	0	0.34270441	0.24750834	0.17622385	0.144782	0.24500159	0	0	0.10091047	0	0	0.11252115	0	0.15692627	0	0	0.12166963	0	0	0	0.30149153	0	0	0	0	0	0	0	0	0	0.46278154	0.25574026	0.13894523	0	0	0	0	0.10091047	0	0	0	0	0.24247492	0	0	0	0	0	0.22788382	0.17700258	0.23249456	0	0	0	0.1395112	0.11887477	0.17361678	0.10269865	0	0.12413486	0.17700258	0	0.21248411	0	0.14876957	0	0	0	0.20597133	0	0	0.23308661	0	0.20194986	0	0.247648	0.18492107	0	0	0	0	0.12037037	0	0	0.17700258	0.24500159	0	0	0	0	0.21506182	0.21903323	0	0	0.29526511	0	0	0.20893372	0	0	0	0	0	0	0	0.10650407	0	0	0	0	0	0.24500159	0	0	0	0	0.18893195	0.16024096	0.41513986	0.29526511	0.16666667	0	0.22130624	0.32016494	0	0	0	0	0	0	0	0.68409461	0	0.15747126	0.15121535	0	0	0	0	0.38804976	0.34270441	0.24500159	0.11844485	0.11861314	0.24500159	0.29526511	0	0	0	0	0	0	0.18492107	0	0	0	0	0.24500159	0	0	0.10118168	0	0	0	0.38804976	0.14118896	0	0.20422535	0.26557192	0	0.41513986	0.24500159	0	0	0.14421053	1	0.16666667	0	0	0	0	0.75367208	0.18893195	0	0.16534136	0	0	0	0	0.26965353	0	0.23308661	0.2548697	0.34535072	0.25574026	0.1723781	0.26965353	0	0	0	0.24500159	0	0	0	0	0	0	0.17361678	0	0.1672012	0	0.15124685	0	0	0.25574026	0.21903323	0.2548697	0.29526511	0	0	0	0	0	0.25715607	0.21380219	0	0.16348449	0.16348449	0	0	0	0	0	0.25653171	0	0	0
0.12835249	0.14262551	0.29216661	0.22839506	0.22007948	0.14836724	0.19822485	0.13240265	0.17707927	0	0.3290622	0	0.14782609	0.13963928	0.18668559	0.20238095	0.25287866	0	0.10172997	0	0	0.14502165	0	0	0	0.13833992	0	0.15765766	0	0.14439655	0.19834267	0	0.21084337	0	0	0.14362851	0.16972477	0.14502165	0.14859286	0.18478261	0	0	0.12622512	0	0	0.14181025	0	0.11986301	0	0	0.15471224	0	0	0	0.13678567	0	0	0.21087756	0	0	0	0	0	0	0.15178571	0.19822485	0.13513514	0	0	0	0	0.12622512	0	0	0	0	0.45511931	0	0	0	0	0	0.36158508	0.2397334	0.18108108	0	0	0	0.271464	0.14215127	0.14439655	0.13461453	0	0.18923683	0.2397334	0	0.2166546	0	0.19024354	0	0	0	0.15486726	0	0	0.17708333	0	0.28578672	0	0.19616519	0.14782609	0	0	0	0	0.14262551	0	0	0.2397334	0.18478261	0	0	0	0	0.17005076	0.31790266	0	0	0.21084337	0	0	0.30177452	0	0	0	0	0	0	0	0.12791961	0	0	0.31891796	0	0	0.18478261	0	0	0	0	0.14912281	0.20461035	0.21084337	0.21084337	0.77101114	0	0.17357513	0.12093863	0	0	0	0	0	0	0	0.15158371	0	0.31366036	0.11589404	0	0	0	0	0.14628821	0.14362851	0.18478261	0.14103553	0.14012966	0.18478261	0.21084337	0	0	0	0	0	0	0.14782609	0	0	0	0	0.18478261	0	0	0.12918084	0	0	0	0.14628821	0.25557389	0	0.19473684	0.18512818	0	0.21084337	0.18478261	0.36765683	0	0.62285107	0.16666667	1	0	0	0	0	0.17708333	0.14912281	0	0.073529412	0	0	0	0	0.20238095	0	0.17708333	0.18421053	0.22839506	0.19822485	0.11672474	0.20238095	0	0	0	0.18478261	0	0	0	0	0	0	0.14439655	0	0.14270386	0	0.15481033	0	0	0.19822485	0.31790266	0.18421053	0.21084337	0	0	0	0	0	0.15555556	0.20891319	0	0.22185226	0.3290622	0	0	0	0	0	0.19473684	0	0	0
0	0	0	0	0	0	0	0	0	0	0	0	0	0	0	0	0	0	0	0	0.18378378	0	0.21189925	0	0.29285714	0	0	0	0	0	0	0	0	0	0	0	0	0	0	0	0	0	0	0	0	0	0	0	0	0	0	0	0	0	0	0	0	0	0	0	0	0	0	0	0	0	0	0	0	0	0	0	0	0	0	0	0	0	0	0.24130017	0	0.19525066	0	0	0	0	0	0	0	0	0	0	0	0	0	0	0	0	0	0	0	0	0	0.42383646	0	0	0	0	0	0	0	0	0.26494024	0	0	0	0	0.26341948	0	0	0	0	0	0	0	0	0	0	0	0	0	0	0	0	0	0	0	0	0	0	0	0	0	0	0	0	0	0	0	0	0	0	0	0	0	0.22289157	0	0	0	0	0	0	0	0	0	0	0	0	0	0	0	0.20786517	0.18059999	0	0	0	0	0	0	0	0	0	0	0	0	0	0	0	0.22289157	0	0	0	0	0	0	0	0	0.43805622	0	0	0	0	0	0	0	0	0	0	0	0	0	1	0.35326038	0	0	0	0	0	0	0	0.23417722	0	0	0	0	0	0	0	0	0	0	0	0	0	0	0	0.23026316	0	0	0	0	0	0.21325648	0	0	0	0	0	0	0	0	0	0.21022727	0	0	0	0.50390292	0	0	0	0	0	0	0	0	0	0	0	0	0	0
0	0	0	0	0	0	0	0	0	0	0	0	0	0	0	0	0	0	0	0	0.16908213	0	0.5106636	0	0.25925926	0	0	0	0	0	0	0	0	0	0	0	0	0	0	0	0	0	0	0	0	0	0	0	0	0	0	0	0	0	0	0	0	0	0	0	0	0	0	0	0	0	0	0	0	0	0	0	0	0	0	0	0	0	0	0.31828143	0	0.17966903	0	0	0	0	0	0	0	0	0	0	0	0	0	0	0	0	0	0	0	0	0	0.28082656	0	0	0	0	0	0	0	0	0.23220339	0	0	0	0	0.23096447	0	0	0	0	0	0	0	0	0	0	0	0	0	0	0	0	0	0	0	0	0	0	0	0	0	0	0	0	0	0	0	0	0	0	0	0	0	0.20212766	0	0	0	0	0	0	0	0	0	0	0	0	0	0	0	0.19	0.14299524	0	0	0	0	0	0	0	0	0	0	0	0	0	0	0	0.20212766	0	0	0	0	0	0	0	0	0.59140288	0	0	0	0	0	0	0	0	0	0	0	0	0	0.35326038	1	0	0	0	0	0	0	0	0.21111111	0	0	0	0	0	0	0	0	0	0	0	0	0	0	0	0.20689655	0	0	0	0	0	0.1943734	0	0	0	0	0	0	0	0	0	0.19191919	0	0	0	0.31655879	0	0	0	0	0	0	0	0	0	0	0	0	0	0
0	0	0	0	0	0	0	0	0	0.21686747	0	0	0	0	0	0	0	0	0	0	0	0	0	0.38168087	0	0	0	0	0	0	0	0.28787879	0	0	0	0	0	0	0	0	0.49789461	0	0	0	0	0	0.24289257	0.19212092	0	0	0	0	0	0	0	0	0	0	0.3205591	0.24358974	0.25947463	0	0.28679653	0	0	0	0	0.19031119	0	0	0	0	0	0	0	0	0	0	0	0	0.095744681	0	0	0	0	0	0	0	0	0	0	0	0	0	0	0.49789461	0	0	0	0	0	0	0	0	0	0	0	0	0.26470588	0	0	0.34978102	0	0	0.2	0	0.49789461	0	0	0	0	0	0.42334588	0	0	0	0	0	0	0	0	0	0.2195122	0.38168087	0.28787879	0	0.87350839	0	0	0	0.2195122	0	0	0	0	0	0.27577193	0.21590909	0	0.2833448	0	0	0	0	0	0	0	0	0	0	0	0.2375	0	0	0	0	0	0	0.18436012	0	0	0	0	0	0	0	0	0	0	0	0	0	0.41200027	0	0	0	0	0	0	0	0	0	0	0	0	0	0	0	0	0	0	0	0	0	0	0	0	0	0	0	0	0	0	1	0.42334588	0	0	0.083732057	0	0	0	0	0	0	0.12765957	0	0	0	0	0	0	0	0	0	0	0	0	0	0	0	0	0	0	0	0.87350839	0	0	0.16981132	0	0	0	0	0	0	0	0	0	0	0	0	0	0	0	0	0	0	0	0	0	0	0
0	0	0	0	0	0	0	0	0	0.24	0	0	0	0	0	0	0	0	0	0	0	0	0	0.43805622	0	0	0	0	0	0	0	0.32758621	0	0	0	0	0	0	0	0	0.58783712	0	0	0	0	0	0.26240832	0.20428464	0	0	0	0	0	0	0	0	0	0	0.35583333	0.27142857	0.28347457	0	0.31649484	0	0	0	0	0.20244384	0	0	0	0	0	0	0	0	0	0	0	0	0.1	0	0	0	0	0	0	0	0	0	0	0	0	0	0	0.58783712	0	0	0	0	0	0	0	0	0	0	0	0	0.3	0	0	0.39299689	0	0	0.2195122	0	0.58783712	0	0	0	0	0	0.49166667	0	0	0	0	0	0	0	0	0	0.24324324	0.43805622	0.32758621	0	0.35177038	0	0	0	0.24324324	0	0	0	0	0	0.30139455	0.2375	0	0.31056449	0	0	0	0	0	0	0	0	0	0	0	0.26388889	0	0	0	0	0	0	0.19555015	0	0	0	0	0	0	0	0	0	0	0	0	0	0.29425069	0	0	0	0	0	0	0	0	0	0	0	0	0	0	0	0	0	0	0	0	0	0	0	0	0	0	0	0	0	0	0.42334588	1	0	0	0.087064677	0	0	0	0	0	0	0.13533835	0	0	0	0	0	0	0	0	0	0	0	0	0	0	0	0	0	0	0	0.35177038	0	0	0.18367347	0	0	0	0	0	0	0	0	0	0	0	0	0	0	0	0	0	0	0	0	0	0	0
0.17020908	0.12666667	0.21764706	0.41116435	0.18085106	0.12737643	0.30099003	0.10835913	0.18897278	0	0.17326733	0	0.2063354	0.11290323	0.1559633	0.31965159	0.12835249	0	0.10703251	0	0	0.19674172	0	0	0	0.26494369	0	0.8346314	0	0.1931676	0.15486726	0	0.35177038	0	0	0.47534676	0.27842565	0.19674172	0.16017749	0.28694217	0	0	0.10559006	0	0	0.11805556	0	0.17274745	0	0	0.12773723	0	0	0	0.39404056	0	0	0	0	0	0	0	0	0	0.63577997	0.30099003	0.14644351	0	0	0	0	0.10559006	0	0	0	0	0.26056338	0	0	0	0	0	0.26271078	0.18817204	0.27071034	0	0	0	0.14705882	0.125	0.1931676	0.10736196	0	0.13569321	0.18817204	0	0.24267624	0	0.15740741	0	0	0	0.23067018	0	0	0.27038258	0	0.21511628	0	0.28933003	0.2063354	0	0	0	0	0.12666667	0	0	0.18817204	0.28694217	0	0	0	0	0.2466562	0.23417722	0	0	0.35177038	0	0	0.22289157	0	0	0	0	0	0	0	0.11166667	0	0	0	0	0	0.28694217	0	0	0	0	0.21197695	0.17	0.53543039	0.35177038	0.17708333	0	0.25556091	0.43261689	0	0	0	0	0	0	0	0.78280597	0	0.16666667	0.16607982	0	0	0	0	0.53543842	0.47534676	0.28694217	0.12453532	0.12476548	0.28694217	0.35177038	0	0	0	0	0	0	0.2063354	0	0	0	0	0.28694217	0	0	0.10574018	0	0	0	0.53543842	0.14912281	0	0.21764706	0.31154802	0	0.53543039	0.28694217	0	0	0.15217391	0.75367208	0.17708333	0	0	0	0	1	0.21197695	0	0.19421134	0	0	0	0	0.31965159	0	0.27038258	0.29644116	0.41116435	0.30099003	0.20147529	0.31965159	0	0	0	0.28694217	0	0	0	0	0	0	0.1931676	0	0.18562952	0	0.16694795	0	0	0.30099003	0.23417722	0.29644116	0.35177038	0	0	0	0	0	0.30762212	0.24173593	0	0.17326733	0.17326733	0	0	0	0	0	0.29903808	0	0	0
0.44552795	0.11139028	0.17961165	0.3764683	0.15178571	0.11204013	0.42035013	0.097493036	0.15951739	0	0.14705882	0	0.20512846	0.10115607	0.38128649	0.47092541	0.11279461	0	0.097348244	0.37595751	0	0.92911029	0.12237762	0	0.22143888	0.16376048	0	0.19636258	0	0.19082377	0.13358779	0	0.26092172	0	0.20786517	0.16116613	0.27572108	0.24949887	0.13887621	0.22118895	0	0	0.094972067	0.16244468	0	0.10493827	0.16789572	0.22138222	0	0.16779528	0.11290323	0	0	0	0.12636169	0	0	0	0	0.26616549	0	0	0	0.1588785	0.18108346	0.22873618	0.12727273	0	0	0	0	0.094972067	0	0	0	0.14705882	0.20786517	0	0	0	0.082938389	0	0.20801723	0.15765766	0.2108653	0.23046801	0	0.18478261	0.12773723	0.11019737	0.19082377	0.096685083	0	0.12079376	0.15765766	0	0.19528717	0	0.13492063	0.18680228	0	0	0.22986563	0	0	0.21194952	0	0.17788462	0	0.22223953	0.20512846	0	0	0	0	0.11139028	0	0	0.15765766	0.22118895	0	0	0	0	0.19721119	0.19072165	0	0	0.26092172	0.31368159	0	0.33705162	0.22475525	0	0	0.15581395	0	0	0	0.099702381	0	0	0	0	0	0.22118895	0	0	0	0.15811966	0.27987151	0.1440678	0.26092172	0.4777528	0.14912281	0	0.20212078	0.14094889	0	0.3018803	0	0.16990291	0	0.13786008	0	0.17675231	0	0.14227642	0.21774436	0.3018803	0	0	0	0.16833791	0.16116613	0.22118895	0.10983607	0.10991736	0.22118895	0.26092172	0	0	0	0.22475525	0	0	0.20512846	0	0	0	0	0.22118895	0	0	0.095367847	0.16037736	0.21220947	0	0.16833791	0.12878788	0	0.17961165	0.17972514	0.17788462	0.26092172	0.22118895	0	0	0.16444031	0.18893195	0.14912281	0	0	0	0	0.21197695	1	0.073275862	0.083584988	0	0	0	0	0.24001396	0	0.21194952	0.23022759	0.3018803	0.22873618	0.13391216	0.24001396	0.19230769	0	0	0.22118895	0.18438431	0	0	0.20786517	0.23046801	0	0.19082377	0.17621554	0.18197251	0	0.14468827	0	0	0.22873618	0.19072165	0.23022759	0.26092172	0.18542048	0	0	0	0	0.18460946	0.24457336	0	0.14705882	0.14705882	0.1440678	0	0	0	0.072452014	0.23163221	0	0	0.23046801
0.080432393	0	0	0	0	0	0	0.063903282	0	0.10420746	0.080786026	0	0.086071626	0.065371025	0.071729958	0	0	0	0	0.087064677	0	0.071734475	0.088913702	0.084158416	0	0	0	0	0.086448598	0.083670313	0.076763485	0.12829246	0	0.098086124	0	0	0.099074832	0.08574534	0.065764023	0	0.092964824	0	0	0.069958848	0.074468085	0	0.094328225	0.078104123	0	0	0	0	0.14638633	0	0	0.081858407	0	0.064102564	0.081018519	0.12124534	0.093128908	0	0.07816092	0	0	0	0.068686869	0.09666471	0.11410333	0	0	0	0.092964824	0.071721311	0	0	0	0	0.11220774	0	0.89165418	0	0	0	0	0	0.081395349	0.10352809	0	0	0.083670313	0.063573883	0.073958003	0	0	0.092964824	0	0	0.074152542	0.062388592	0	0	0.090494003	0	0	0	0	0	0.1120326	0	0.086071626	0.1063154	0	0	0.15234745	0	0.092964824	0	0	0	0	0.081018519	0.087064677	0	0	0	0.098514014	0	0	0.082159624	0	0.087677725	0.10485773	0.084158416	0.12829246	0	0.079439252	0.087677725	0	0	0.12457016	0.082467976	0	0	0	0	0.090095138	0.29632371	0.11333945	0.13151112	0.089970228	0	0	0	0	0	0	0	0	0	0.093961651	0.12002061	0.24903236	0	0	0	0	0.079399142	0.10058412	0	0	0	0	0	0	0	0	0	0	0	0.10954252	0	0.076586433	0.081395349	0	0	0.086071626	0	0	0.087064677	0	0	0.12650389	0	0.063032368	0	0	0	0	0	0.087677725	0	0	0	0	0	0	0.10006751	0	0	0	0	0	0.083732057	0.087064677	0	0.073275862	1	0.05928725	0.080786026	0	0.11541816	0	0	0.44199004	0	0	0	0	0	0	0	0	0.12087144	0	0.11623533	0	0	0	0	0.10131389	0.083670313	0	0.082279238	0.079439252	0.067895247	0.083710407	0.1709996	0	0.099033816	0	0	0	0.084158416	0	0	0	0	0.098095715	0	0	0.11191599	0	0	0	0	0.076646187	0	0	0.11541816	0.08685446
0.075031648	0.062671546	0.083700441	0.11790742	0.074152542	0.063071298	0.091502718	0.069354481	0.078525827	0	0.074074074	0	0.083004204	0.060606061	0.069721116	0.095304965	0.10387365	0	0.059573569	0	0	0.079688296	0	0	0	0.10171527	0	0.19020786	0	0.079285505	0.070588235	0	0.10281687	0	0	0.12297646	0.10440622	0.079688296	0.072876826	0.092049544	0	0	0.057755776	0	0	0.061188811	0	0.07964597	0	0	0.10438206	0.074380165	0.082007629	0.096153253	0.12243579	0	0	0	0.076086957	0	0	0.081545064	0.074514039	0	0.14622354	0.091502718	0.068833652	0.075252871	0.10391595	0	0	0.057755776	0	0	0	0.074074074	0.089201878	0	0.10362984	0	0.068298957	0	0.089927466	0.076595745	0.088379826	0	0	0	0.068965517	0.0625	0.079285505	0.059016393	0.14210518	0.10286383	0.076595745	0	0.085859844	0	0.07	0	0.088886333	0	0.090158075	0	0	0.090437243	0	0.083333333	0	0.089535422	0.083004204	0	0	0.08372093	0.094497052	0.062671546	0	0	0.076595745	0.092049544	0	0.076086957	0	0	0.086001399	0.085972851	0.07231405	0	0.10281687	0	0	0.084444444	0	0	0	0.075593952	0	0	0.089201878	0.059075342	0	0.16665471	0	0	0	0.092049544	0	0.074468085	0.10426455	0	0.083584988	0.088627159	0.13573522	0.10281687	0.073529412	0.11107182	0.086830044	0.12095172	0	0	0.086550289	0	0.10760519	0.10821422	0	0.28003078	0.079676674	0.072874494	0.078228139	0	0	0	0	0.13144297	0.12297646	0.092049544	0.06238698	0.062216167	0.092049544	0.10281687	0.0793839	0	0.071134021	0	0	0	0.083004204	0	0.080168776	0	0	0.092049544	0.076419214	0	0.068425952	0.07826087	0	0	0.13144297	0.12324276	0	0.083700441	0.13442673	0	0.13573522	0.092049544	0	0.073221757	0.070038911	0.16534136	0.073529412	0	0	0	0	0.19421134	0.083584988	0.05928725	1	0	0	0.10642445	0	0.095304965	0.094113113	0.090437243	0.097551911	0.11790742	0.091502718	0.15859496	0.095304965	0	0	0.13605807	0.092049544	0.089236843	0	0	0	0	0.092925479	0.079285505	0	0.077267828	0	0.089092074	0.076595745	0.089242239	0.091502718	0.085972851	0.097551911	0.10281687	0	0	0.081018519	0	0	0.10730373	0.091439397	0	0.074074074	0.074074074	0.12504359	0	0	0	0.062098939	0.097909412	0	0.10642445	0
0	0	0	0	0	0	0	0.11331445	0	0	0.17241379	0	0	0.64631044	0	0	0	0	0.1186805	0	0	0	0	0	0	0.15616995	0.21698912	0	0.1980198	0	0.15625	0	0	0.22916667	0	0	0	0	0.12714777	0	0	0.24952757	0.15379686	0	0.1557377	0.14210279	0	0	0.6338881	0	0	0	0.1753482	0	0	0.17699115	0	0	0	0	0	0	0	0	0	0	0.66552326	0	0	0	0.16134033	0.15379686	0	0.27116459	0	0	0	0	0	0	0.091346154	0	0	0	0	0	0	0	0	0.29676346	0	0.23053218	0	0	0	0	0	0.24952757	0.15447154	0	0	0	0	0	0	0	0.20183464	0	0	0	0	0	0	0	0	0	0	0	0	0	0.21698912	0	0	0	0	0	0	0	0	0	0	0	0	0	0	0	0	0	0	0.26662164	0.18627451	0	0	0.19423994	0	0	0.16086957	0	0	0	0	0	0	0	0	0	0	0	0	0	0	0	0	0	0	0	0	0.16666667	0	0	0	0.71344598	0.10999437	0	0	0	0.28967089	0	0	0	0	0.24952757	0	0	0	0.3215306	0	0	0	0	0	0	0.18627451	0	0.11080332	0	0	0	0	0	0	0	0	0	0	0	0	0	0	0	0	0	0	0	0	0	0	0.080786026	0	1	0	0	0	0	0	0	0	0	0	0	0	0	0.19423994	0	0	0	0	0	0	0	0	0	0	0	0	0.13126079	0	0	0	0.23404255	0	0	0	0	0	0.20183464	0	0.17653995	0	0.19423994	0	0.17241379	0	0	0.24952757	0.24213969	0	0	0	0	0
0	0	0	0	0.33680178	0	0	0	0	0	0	0.27998431	0	0	0	0	0	0	0	0	0.16894977	0	0.14615385	0	0.25287356	0	0	0	0	0	0	0	0	0	0	0	0	0	0	0	0	0	0	0	0	0	0	0	0	0	0	0	0	0	0	0	0	0	0	0	0	0	0	0	0	0	0	0	0	0.40795415	0	0	0	0	0	0	0	0	0	0.16239316	0	0.63077853	0	0	0	0	0	0	0	0	0	0	0	0	0	0	0	0	0	0	0	0	0	0.59830076	0	0	0	0	0	0	0	0	0.22727273	0	0	0	0	0.22613459	0	0	0	0.30501614	0	0	0	0	0	0	0	0	0	0	0	0	0	0	0	0	0	0	0	0	0	0	0	0	0	0	0.31111944	0	0	0	0	0	0	0.2	0	0	0	0	0	0	0	0	0	0	0	0	0	0	0.33609327	0.18867925	0.10764873	0	0	0	0	0	0	0	0	0	0	0	0	0	0	0	0.2	0	0	0	0	0	0	0	0	0.24358974	0	0.16806723	0	0	0	0	0	0	0	0	0	0	0	0.23417722	0.21111111	0	0	0	0	0	0	0	1	0	0	0	0	0	0	0	0	0	0	0	0	0	0	0	0.20430108	0	0	0	0	0	0.19277108	0	0	0	0	0	0	0	0	0	0.19047619	0	0	0	0.21264368	0	0	0	0	0	0	0	0	0	0	0	0	0	0
0	0	0	0	0	0	0	0.092178771	0	0	0	0	0	0	0	0	0	0	0	0	0	0	0	0	0	0	0	0	0	0	0	0	0	0	0	0	0	0	0	0	0	0	0	0	0	0	0	0	0	0	0.15375584	0.14680851	0.16465604	0.14556962	0	0	0	0.10769231	0.15876777	0	0	0.16820276	0.15420561	0	0	0	0	0.1499708	0.27874091	0	0	0	0.20903955	0	0	0.14556962	0	0	0.89359046	0	0.14326086	0	0	0	0	0	0.16746411	0	0	0	0	0	0.15383533	0	0	0	0	0	0	0	0.16727097	0	0	0	0	0	0	0	0	0	0	0	0	0.19060773	0.22307301	0	0	0	0	0	0	0.17061611	0	0	0	0	0.15319149	0	0	0	0	0	0	0	0	0.19515343	0	0.1840796	0.29489751	0	0	0.18377636	0	0	0	0	0	0.16289593	0.23624083	0	0	0.14680851	0	0	0	0.16222222	0	0	0	0	0.18508901	0	0.23925841	0.13842975	0	0	0.17934783	0	0	0	0	0	0	0	0	0	0	0	0	0	0.21538946	0	0.13983051	0.16746411	0	0	0	0	0.16222222	0.19337017	0	0	0.1722488	0	0.090163934	0.21494084	0	0	0	0	0.26732307	0	0.13035019	0	0	0	0	0.15720524	0	0	0	0	0	0	0	0	0	0.11541816	0.10642445	0	0	1	0	0	0.18083262	0	0	0	0	0.1282599	0	0	0	0.18905473	0	0.19688003	0	0	0	0	0.21481419	0	0	0	0	0.11120543	0.46463404	0.18160493	0	0	0	0	0	0.18579235	0.18306011	0	0	0	0	0	0	0	0.14680851	0	0	0	0.097987162	0	0	0.94713553	0.1804878
0	0	0.35456982	0	0	0	0	0	0	0	0	0	0	0	0	0	0	0	0	0	0.2279223	0	0	0	0	0	0	0	0	0	0	0	0	0	0	0	0	0	0	0	0	0	0	0	0	0	0	0	0	0	0	0	0	0	0	0	0	0.12781955	0	0	0	0	0	0	0	0	0	0.169389	0	0	0.14373717	0	0	0	0	0	0	0.45553219	0	0	0	0	0	0	0	0	0	0	0	0	0	0	0	0	0	0	0	0	0	0	0	0.67690327	0	0	0	0	0	0.32073398	0	0	0	0	0	0	0	0	0	0	0	0	0	0	0	0	0	0	0	0	0	0	0	0	0	0	0	0	0	0	0	0	0	0	0	0	0	0	0	0	0	0.28545908	0	0	0	0	0	0	0	0	0	0	0.23067413	0	0	0	0.43805622	0	0	0	0	0	0	0	0	0	0	0	0	0	0	0	0	0	0	0	0	0	0	0	0	0	0	0	0	0	0	0	0	0	0	0	0	0	0	0.32073398	0	0	0	0	0	0	0	0	0	0	0	0	0	0	0	0	0	0	1	0	0	0	0	0	0	0	0	0	0	0	0	0	0	0	0	0	0	0	0	0	0	0	0	0	0	0	0	0	0	0	0	0	0	0	0	0	0	0	0	0	0	0	0	0	0	0	0
0.1886009	0.139413	0.25342466	0.52052065	0.20731707	0.14016736	0.3657479	0.11705686	0.21138995	0	0.19662921	0	0.23278583	0.12237762	0.17525773	0.39258692	0.14135021	0	0.11405058	0	0	0.22163882	0	0	0	0.21495757	0	0.27333557	0	0.21722543	0.17326733	0	0.43805622	0	0	0.21473142	0.31994184	0.22163882	0.17619542	0.34381578	0	0	0.11409396	0	0	0.12878788	0	0.18963011	0	0	0.14	0	0	0	0.15555793	0	0	0	0	0	0	0	0	0	0.25000988	0.3657479	0.1627907	0	0	0	0	0.11409396	0	0	0	0	0.31355932	0	0	0	0	0	0.30796547	0.21604938	0.45082264	0	0	0	0.1635514	0.13729508	0.21722543	0.11589404	0	0.14663723	0.21604938	0	0.28160732	0	0.17708333	0	0	0	0.26188519	0	0	0.46003929	0	0.25	0	0.34883778	0.23278583	0	0	0	0	0.139413	0	0	0.21604938	0.50066795	0	0	0	0	0.39410728	0.2761194	0	0	0.43805622	0	0	0.26056338	0	0	0	0	0	0	0	0.12137681	0	0	0	0	0	0.50066795	0	0	0	0	0.24001396	0.19318182	0.43805622	0.43805622	0.20238095	0	0.58940937	0.18000661	0	0	0	0	0	0	0	0.24509515	0	0.18817204	0.18161971	0	0	0	0	0.22722905	0.21473142	0.34381578	0.13673469	0.1371134	0.50066795	0.67690327	0	0	0	0	0	0	0.23278583	0	0	0	0	0.73655774	0	0	0.11400651	0	0	0	0.22722905	0.16666667	0	0.25342466	0.24032687	0	0.43805622	0.34381578	0	0	0.16990291	0.26965353	0.20238095	0	0	0	0	0.31965159	0.24001396	0	0.095304965	0	0	0	0	1	0	0.46003929	0.51165408	0.52052065	0.3657479	0.21761028	0.5757496	0	0	0	0.50066795	0	0	0	0	0	0	0.21722543	0	0.2084123	0	0.18376242	0	0	0.3657479	0.2761194	0.51165408	0.43805622	0	0	0	0	0	0.25336774	0.27646053	0	0.19662921	0.19662921	0	0	0	0	0	0.35676641	0	0	0
0	0	0	0	0	0	0	0.075620767	0	0.16898582	0	0	0	0	0	0	0	0	0	0	0	0	0	0.13059701	0	0	0	0	0	0	0	0.21605108	0	0	0	0	0	0	0	0	0.14503817	0	0	0	0	0	0.1457185	0.091836735	0	0	0.093908629	0.109375	0.23276778	0.10869565	0	0	0	0	0.14883034	0.1981068	0.14852731	0.12251656	0.14082937	0	0	0	0	0.14610733	0.19243018	0	0	0	0	0	0	0.14526019	0	0	0.17327879	0	0.59857625	0	0	0	0	0	0	0	0	0	0	0	0.15109051	0	0	0.14503817	0	0	0	0	0.097222222	0	0	0	0	0	0	0	0.18967298	0	0	0.17486051	0	0.13157895	0.26521347	0	0.14503817	0	0	0	0	0.12162162	0.13533835	0	0	0	0.15556435	0	0	0	0	0	0.17102309	0.13059701	0.21605108	0.11371237	0.11986301	0	0.14122137	0	0.17102309	0.14862175	0	0	0	0	0.1125	0.57040359	0.17690114	0.11320755	0	0.109375	0	0	0	0.11935484	0	0	0	0	0.14320593	0.1947238	0.68502484	0.13207466	0	0	0.12453532	0	0.089552239	0	0	0	0	0	0	0	0	0	0	0	0.13077257	0	0.13542457	0	0	0	0	0	0.11935484	0	0	0	0.17030494	0	0.074279379	0.11824324	0	0	0	0	0	0	0.099415205	0	0	0	0	0.1598224	0	0	0	0	0	0.12765957	0.13533835	0	0	0.44199004	0.094113113	0	0	0.18083262	0	0	1	0	0	0	0	0.086563307	0	0	0	0.19732415	0	0.15003661	0	0	0	0	0.16009719	0	0	0	0.11986301	0.087615283	0.11437908	0.34288185	0	0	0	0	0	0	0.12686567	0	0	0	0	0	0	0	0.14611649	0	0	0	0.08601022	0	0	0.18083262	0
0.17019782	0.12666667	0.21764706	0.4109591	0.18085106	0.12737643	0.30088974	0.10835913	0.18894855	0	0.17326733	0	0.20631479	0.11290323	0.1559633	0.31952522	0.12835249	0	0.10702915	0	0	0.19672367	0	0	0	0.19268131	0	0.23923035	0	0.1931535	0.15486726	0	0.35160962	0	0	0.19082839	0.27837178	0.19672367	0.1601648	0.28684468	0	0	0.10559006	0	0	0.11805556	0	0.17273195	0	0	0.12773723	0	0	0	0.14328689	0	0	0	0	0	0	0	0	0	0.21957489	0.30088974	0.14644351	0	0	0	0	0.10559006	0	0	0	0	0.26056338	0	0	0	0	0	0.26264362	0.18817204	0.50657473	0	0	0	0.14705882	0.125	0.1931535	0.10736196	0	0.13568625	0.18817204	0	0.24263015	0	0.15740741	0	0	0	0.23063816	0	0	0.70322189	0	0.21511628	0	0.28924949	0.20631479	0	0	0	0	0.12666667	0	0	0.18817204	0.78204367	0	0	0	0	0.58414325	0.23417722	0	0	0.35160962	0	0	0.22289157	0	0	0	0	0	0	0	0.11166667	0	0	0	0	0	0.60492301	0	0	0	0	0.21194952	0.17	0.35160962	0.35160962	0.17708333	0	0.49819409	0.16323644	0	0	0	0	0	0	0	0.21487901	0	0.16666667	0.16606613	0	0	0	0	0.20114437	0.19082839	0.28684468	0.12453532	0.12476548	0.78204367	0.70501904	0	0	0	0	0	0	0.20631479	0	0	0	0	0.60492301	0	0	0.10574018	0	0	0	0.20114437	0.14912281	0	0.21764706	0.21381472	0	0.35160962	0.28684468	0	0	0.15217391	0.23308661	0.17708333	0	0	0	0	0.27038258	0.21194952	0	0.090437243	0	0	0	0	0.46003929	0	1	0.61087255	0.4109591	0.30088974	0.50183669	0.67359283	0	0	0	0.41157377	0	0	0	0	0	0	0.1931535	0	0.18561939	0	0.16693504	0	0	0.30088974	0.23417722	0.61087255	0.35160962	0	0	0	0	0	0.22299607	0.24168984	0	0.17326733	0.17326733	0	0	0	0	0	0.29893546	0	0	0
0.18479586	0.13147793	0.22619048	0.4535057	0.18817204	0.13218391	0.33217985	0.11214953	0.20522378	0	0.18	0	0.22392383	0.11688312	0.16203704	0.35326038	0.13320463	0	0.11574993	0	0	0.21399522	0	0	0	0.20853412	0	0.25928993	0	0.2100591	0.16071429	0	0.61918066	0	0	0.20782148	0.30001626	0.21399522	0.17370633	0.31554826	0	0	0.109375	0	0	0.12237762	0	0.18603916	0	0	0.13235294	0	0	0	0.15478278	0	0	0	0	0	0	0	0	0	0.23880882	0.33217985	0.15189873	0	0	0	0	0.109375	0	0	0	0	0.27142857	0	0	0	0	0	0.28729208	0.19565217	0.41334513	0	0	0	0.15254237	0.12969925	0.2100591	0.11111111	0	0.14651856	0.19565217	0	0.26520419	0	0.1635514	0	0	0	0.24957335	0	0	0.61087255	0	0.22352941	0	0.31881051	0.22392383	0	0	0	0	0.13147793	0	0	0.19565217	0.65997133	0	0	0	0	0.51159797	0.24358974	0	0	0.38888889	0	0	0.23170732	0	0	0	0	0	0	0	0.11577181	0	0	0	0	0	0.65997133	0	0	0	0	0.23022759	0.17676768	0.38888889	0.38888889	0.18421053	0	0.53993383	0.1771173	0	0	0	0	0	0	0	0.23431545	0	0.17307692	0.17876991	0	0	0	0	0.21890758	0.20782148	0.31554826	0.12921348	0.1294896	0.65997133	0.78485799	0	0	0	0	0	0	0.22392383	0	0	0	0	0.65997133	0	0	0.10942249	0	0	0	0.21890758	0.15486726	0	0.22619048	0.35019959	0	0.38888889	0.31554826	0	0	0.15789474	0.2548697	0.18421053	0	0	0	0	0.29644116	0.23022759	0	0.097551911	0	0	0	0	0.51165408	0	0.61087255	1	0.4535057	0.33217985	0.28924013	0.7411139	0	0	0	0.4542619	0	0	0	0	0	0	0.2100591	0	0.20212697	0	0.18061762	0	0	0.33217985	0.24358974	0.66538222	0.38888889	0	0	0	0	0	0.24199381	0.26204035	0	0.18	0.18	0	0	0	0	0	0.32737876	0	0	0
0.23757121	0.15591398	0.28571429	0.71030992	0.23417722	0.15665236	0.48104691	0.12969283	0.26548577	0	0.22093023	0	0.29267764	0.13571429	0.19680851	0.52052065	0.15800866	0	0.14209877	0	0	0.28047006	0	0	0	0.26781112	0	0.34112821	0	0.27505841	0.19387755	0	0.58783712	0	0	0.27278448	0.39342188	0.28047006	0.22090243	0.44701843	0	0	0.12671233	0	0	0.14341085	0	0.23312823	0	0	0.1557377	0	0	0	0.19281312	0	0	0	0	0	0	0	0	0	0.31499748	0.48104691	0.18181818	0	0	0	0	0.12671233	0	0	0	0	0.35714286	0	0	0	0	0	0.39353084	0.24358974	0.41713024	0	0	0	0.18269231	0.15336134	0.27505841	0.12837838	0	0.18185977	0.24358974	0	0.35973694	0	0.19892473	0	0	0	0.3259543	0	0	0.4109591	0	0.28169014	0	0.4564228	0.29267764	0	0	0	0	0.15591398	0	0	0.24358974	0.44701843	0	0	0	0	0.36831353	0.3125	0	0	0.58783712	0	0	0.29411765	0	0	0	0	0	0	0	0.13518519	0	0	0	0	0	0.44701843	0	0	0	0	0.3018803	0.21764706	0.58783712	0.58783712	0.22839506	0	0.3861389	0.22582679	0	0	0	0	0	0	0	0.31094005	0	0.21111111	0.22303365	0	0	0	0	0.28754334	0.27278448	0.44701843	0.15271967	0.15327696	0.44701843	0.58783712	0	0	0	0	0	0	0.29267764	0	0	0	0	0.44701843	0	0	0.12624585	0	0	0	0.28754334	0.18686869	0	0.28571429	0.29788112	0	0.58783712	0.44701843	0	0	0.19	0.34535072	0.22839506	0	0	0	0	0.41116435	0.3018803	0	0.11790742	0	0	0	0	0.52052065	0	0.4109591	0.4535057	1	0.48104691	0.21096804	0.52052065	0	0	0	0.44701843	0	0	0	0	0	0	0.27505841	0	0.26515545	0	0.22897803	0	0	0.48104691	0.3125	0.4535057	0.58783712	0	0	0	0	0	0.31757798	0.34506549	0	0.22093023	0.22093023	0	0	0	0	0	0.45835946	0	0	0
0.18016824	0.13674322	0.24829932	0.48104691	0.2030303	0.1375	0.34225325	0.115	0.20149283	0	0.19273743	0	0.39938693	0.12020906	0.17179487	0.3657479	0.13865546	0	0.10931526	0	0	0.21132435	0	0	0	0.20546089	0	0.26034238	0	0.46151973	0.16995074	0	0.40620921	0	0	0.20468368	0.37939825	0.21132435	0.16836167	0.32229826	0	0	0.11204013	0	0	0.12641509	0	0.181842	0	0	0.1374502	0	0	0	0.14900287	0	0	0	0	0	0	0	0	0	0.23781359	0.34225325	0.15972222	0	0	0	0	0.11204013	0	0	0	0	0.30672269	0	0	0	0	0	0.29085719	0.21165644	0.30246083	0	0	0	0.16046512	0.13469388	0.33700825	0.11386139	0	0.14058504	0.21165644	0	0.26681903	0	0.17357513	0	0	0	0.42903335	0	0	0.30088974	0	0.24496644	0	0.32763177	0.49087214	0	0	0	0	0.13674322	0	0	0.21165644	0.32229826	0	0	0	0	0.27194107	0.27037037	0	0	0.40620921	0	0	0.25524476	0	0	0	0	0	0	0	0.11913357	0	0	0	0	0	0.32229826	0	0	0	0	0.22873618	0.18926554	0.40620921	0.40620921	0.19822485	0	0.28310287	0.17190962	0	0	0	0	0	0	0	0.23276954	0	0.18449198	0.17425197	0	0	0	0	0.21645307	0.20468368	0.32229826	0.13414634	0.13449692	0.32229826	0.40620921	0	0	0	0	0	0	0.39938693	0	0	0	0	0.32229826	0	0	0.11201299	0	0	0	0.21645307	0.16341463	0	0.24829932	0.22975088	0	0.40620921	0.32229826	0	0	0.16666667	0.25574026	0.19822485	0	0	0	0	0.30099003	0.22873618	0	0.091502718	0	0	0	0	0.3657479	0	0.30088974	0.33217985	0.48104691	1	0.16066891	0.3657479	0	0	0	0.32229826	0	0	0	0	0	0	0.33700825	0	0.39853712	0	0.17583652	0	0	0.34225325	0.27037037	0.33217985	0.40620921	0	0	0	0	0	0.24143326	0.26313045	0	0.19273743	0.19273743	0	0	0	0	0	0.33520518	0	0	0
0.11486011	0.091608392	0.13773585	0.21096804	0.11837456	0.092178771	0.16066891	0.11186072	0.12271765	0	0.11616162	0	0.13223532	0.085185185	0.10702875	0.16803083	0.092696629	0	0.081455186	0	0	0.12653035	0	0	0	0.1269694	0	0.18522711	0	0.12539276	0.10747664	0	0.182318	0	0	0.15042161	0.17077942	0.12653035	0.10971067	0.15807762	0	0	0.080335731	0	0	0.087467363	0	0.11930749	0	0	0.14903523	0.11694915	0	0.11616162	0.1294987	0	0	0	0.12361624	0	0	0.13176895	0.12043796	0	0.17286051	0.16066891	0.10329341	0	0	0	0	0.080335731	0	0	0	0.11616162	0.15400844	0	0.12197745	0	0	0	0.15137255	0.1227758	0.24140761	0	0	0	0.1036036	0.090909091	0.12539276	0.081947743	0.084615385	0.098550777	0.1227758	0	0.14327506	0	0.10771704	0	0.13238625	0	0.1451557	0	0	0.32771154	0	0.13670412	0	0.15671473	0.13223532	0	0	0.14315353	0	0.091608392	0	0	0.1227758	0.353826	0	0	0	0	0.28160275	0.14426877	0	0	0.182318	0	0	0.13984674	0	0	0	0.18608524	0	0	0.24039177	0.083544304	0	0.093837535	0	0	0	0.2821981	0	0	0	0	0.13391216	0.17687788	0.182318	0.182318	0.11672474	0.12807018	0.24218702	0.13803212	0	0	0	0	0.10771704	0.11092715	0	0.22052573	0.1352459	0.11311475	0.11606959	0	0	0	0	0.15871059	0.15042161	0.15807762	0.090659341	0.090594744	0.353826	0.29800924	0	0	0.11148649	0	0	0	0.13223532	0	0.12807018	0	0	0.2821981	0	0	0.10957274	0.21626913	0	0	0.15871059	0.10371517	0	0.13773585	0.25319236	0	0.182318	0.15807762	0	0	0.10615385	0.1723781	0.11672474	0	0	0	0	0.20147529	0.13391216	0	0.15859496	0	0	0.1282599	0	0.21761028	0.086563307	0.50183669	0.28924013	0.21096804	0.16066891	1	0.29785181	0	0	0	0.20519053	0	0	0	0	0	0	0.12539276	0	0.1215731	0	0.13207646	0.15607945	0.11514196	0.16066891	0.14426877	0.28924013	0.182318	0	0	0.13786008	0	0	0.13947919	0.14853446	0	0.11616162	0.11616162	0.11694915	0	0	0	0.062455047	0.16696311	0	0.1282599	0
0.1886009	0.139413	0.25342466	0.52052065	0.20731707	0.14016736	0.3657479	0.11705686	0.21138995	0	0.19662921	0	0.23278583	0.12237762	0.17525773	0.39258692	0.14135021	0	0.11405058	0	0	0.22163882	0	0	0	0.21495757	0	0.27333557	0	0.21722543	0.17326733	0	0.43805622	0	0	0.21473142	0.31994184	0.22163882	0.17619542	0.34381578	0	0	0.11409396	0	0	0.12878788	0	0.18963011	0	0	0.14	0	0	0	0.15555793	0	0	0	0	0	0	0	0	0	0.25000988	0.3657479	0.1627907	0	0	0	0	0.11409396	0	0	0	0	0.31355932	0	0	0	0	0	0.30796547	0.21604938	0.45082264	0	0	0	0.1635514	0.13729508	0.21722543	0.11589404	0	0.14663723	0.21604938	0	0.28160732	0	0.17708333	0	0	0	0.26188519	0	0	0.67359283	0	0.25	0	0.34883778	0.23278583	0	0	0	0	0.139413	0	0	0.21604938	0.73655774	0	0	0	0	0.55473755	0.2761194	0	0	0.43805622	0	0	0.26056338	0	0	0	0	0	0	0	0.12137681	0	0	0	0	0	0.73655774	0	0	0	0	0.24001396	0.19318182	0.43805622	0.43805622	0.20238095	0	0.58940937	0.18000661	0	0	0	0	0	0	0	0.24509515	0	0.18817204	0.18161971	0	0	0	0	0.22722905	0.21473142	0.34381578	0.13673469	0.1371134	0.73655774	0.9079626	0	0	0	0	0	0	0.23278583	0	0	0	0	0.73655774	0	0	0.11400651	0	0	0	0.22722905	0.16666667	0	0.25342466	0.24032687	0	0.43805622	0.34381578	0	0	0.16990291	0.26965353	0.20238095	0	0	0	0	0.31965159	0.24001396	0	0.095304965	0	0	0	0	0.5757496	0	0.67359283	0.7411139	0.52052065	0.3657479	0.29785181	1	0	0	0	0.50066795	0	0	0	0	0	0	0.21722543	0	0.2084123	0	0.18376242	0	0	0.3657479	0.2761194	0.7411139	0.43805622	0	0	0	0	0	0.25336774	0.27646053	0	0.19662921	0.19662921	0	0	0	0	0	0.35676641	0	0	0
0.1627907	0	0	0	0	0	0	0	0	0	0	0	0	0	0	0	0	0	0	0	0	0.18648649	0	0	0.25362319	0	0	0	0	0	0	0	0	0	0.32758621	0	0	0	0	0	0	0	0	0	0	0	0.17676768	0	0	0.17857143	0	0	0	0	0	0	0	0	0	0.27142857	0	0	0	0.32448737	0	0	0	0	0	0	0	0	0	0	0	0.2887625	0	0	0	0	0	0	0	0	0	0.25	0	0	0	0	0	0	0	0	0	0	0	0	0	0.15977623	0	0	0	0	0	0	0	0	0	0	0	0	0	0	0	0	0	0	0	0	0	0	0	0	0	0	0	0	0	0	0	0	0.24324324	0	0	0.30669092	0	0	0	0	0	0	0	0	0	0	0	0	0	0	0	0	0	0	0	0	0	0	0	0.32758621	0	0.25	0	0.25387904	0	0	0	0	0	0.32758621	0	0	0	0	0	0	0	0	0	0	0	0	0	0.24324324	0	0	0	0	0	0	0	0	0	0	0	0.33583333	0.23972603	0	0	0	0	0	0	0.26027397	0	0	0	0	0.17647059	0	0	0	0	0	0	0	0.19230769	0	0	0	0	0	0	0	0	0	0	0	0	0	0	1	0	0	0	0	0	0	0.58783712	0.25	0	0	0.19970845	0	0	0	0	0	0	0	0	0	0.20114943	0	0	0	0	0	0	0	0	0	0.28415317	0	0	0	0	0	0	0	0.25
0	0	0	0	0	0	0	0	0	0	0	0	0	0.12982028	0	0	0	0	0.10272869	0	0	0	0	0	0	0.12835249	0.18330396	0	0	0	0	0	0	0	0	0	0	0	0	0	0	0.19318182	0.12940495	0	0	0.29559949	0	0	0.24182424	0	0	0	0.14874629	0	0	0	0	0	0	0	0	0	0	0	0	0	0.15133129	0	0	0	0.13912176	0.12940495	0	0.17718581	0	0	0	0	0	0	0	0	0	0	0	0	0	0	0	0.14241411	0	0.26430871	0	0	0	0	0	0.19318182	0	0	0	0	0	0	0	0	0.17330273	0	0	0	0	0	0	0	0	0	0	0	0	0	0.18330396	0	0	0	0	0	0	0	0	0	0	0	0	0	0	0	0	0	0	0.12775638	0	0	0	0.93114741	0	0	0	0	0	0	0	0	0	0	0	0	0	0	0	0	0	0	0	0	0	0	0	0	0	0	0	0.19423994	0.1104815	0	0	0	0.13957339	0	0	0	0	0.19318182	0	0	0	0.42667497	0	0	0	0	0	0	0	0	0	0	0	0	0	0	0	0	0	0	0	0	0	0	0	0	0	0	0	0	0	0	0	0	0	0.19423994	0	0	0	0	0	0	0	0	0	0	0	0	1	0	0	0	0	0	0	0	0	0	0	0	0	0	0	0	0	0	0	0	0	0	0	0.17330273	0	0.14377682	0	0.93114741	0	0	0	0	0.19318182	0.20094354	0	0	0	0	0
0	0	0	0	0	0	0	0	0	0	0	0	0	0	0	0	0.14901961	0	0	0	0	0	0	0	0	0	0	0	0	0	0	0	0	0	0	0	0	0	0	0	0	0	0	0	0	0	0	0	0	0	0	0	0.21831711	0	0	0	0	0	0	0	0	0	0	0	0	0	0	0.14176245	0.27142857	0	0	0	0	0	0	0	0	0	0.17511521	0	0.14589507	0	0	0	0	0	0	0	0	0	0	0	0.12629758	0.1197411	0	0	0	0	0	0	0	0	0	0	0	0	0	0	0	0	0	0	0	0	0.20652174	0	0	0	0	0	0	0.22352941	0	0	0	0	0.30197587	0	0	0	0	0	0	0	0	0	0	0	0	0	0	0.14453125	0	0	0	0	0	0.34104961	0.2	0	0	0	0	0	0	0	0	0	0	0	0.16666667	0	0.27796212	0.28224844	0	0	0	0	0	0	0	0	0	0	0	0	0	0	0	0	0.15677966	0	0	0	0	0	0	0	0	0	0	0	0.36159627	0	0	0	0	0	0	0.18018018	0	0	0	0	0	0	0	0.32156082	0	0	0	0	0	0	0	0	0	0.12087144	0.13605807	0	0	0.18905473	0	0	0.19732415	0	0	0	0	0	0	0	0	1	0	0.17924528	0	0	0	0	0.19791667	0	0	0	0	0	0	0.27123147	0	0	0	0	0	0	0	0	0	0	0	0	0	0	0.33327385	0	0	0	0.085935177	0	0	0.18905473	0
0.17617253	0.13064833	0.22839506	0.44701843	0.18888889	0.13137255	0.32229826	0.11111111	0.19644353	0	0.18041237	0	0.21492023	0.11589404	0.16190476	0.34381578	0.13241107	0	0.10934432	0	0	0.20479685	0	0	0	0.20004239	0	0.25061506	0	0.20088072	0.16055046	0	0.38036696	0	0	0.19852785	0.29226293	0.20479685	0.16546124	0.30601347	0	0	0.10828025	0	0	0.12142857	0	0.17837402	0	0	0.13157895	0	0	0	0.14739606	0	0	0	0	0	0	0	0	0	0.22970352	0.32229826	0.15151515	0	0	0	0	0.10828025	0	0	0	0	0.2761194	0	0	0	0	0	0.27782536	0.19662921	0.40192218	0	0	0	0.15217391	0.12884615	0.20088072	0.11006289	0	0.13930438	0.19662921	0	0.25547408	0	0.16346154	0	0	0	0.24094656	0	0	0.41157377	0	0.22560976	0	0.30871808	0.21492023	0	0	0	0	0.13064833	0	0	0.19662921	0.44328069	0	0	0	0	0.35648029	0.24666667	0	0	0.38036696	0	0	0.23417722	0	0	0	0	0	0	0	0.11472603	0	0	0	0	0	0.65429142	0	0	0	0	0.22118895	0.17708333	0.38036696	0.38036696	0.18478261	0	0.37441781	0.16879686	0	0	0	0	0	0	0	0.22492962	0	0.17326733	0.17125752	0	0	0	0	0.20967066	0.19852785	0.30601347	0.12835249	0.12862669	0.44328069	0.58201703	0	0	0	0	0	0	0.21492023	0	0	0	0	0.44328069	0	0	0.10835913	0	0	0	0.20967066	0.15454545	0	0.22839506	0.22260368	0	0.38036696	0.30601347	0	0	0.15765766	0.24500159	0.18478261	0	0	0	0	0.28694217	0.22118895	0	0.092049544	0	0	0	0	0.50066795	0	0.41157377	0.4542619	0.44701843	0.32229826	0.20519053	0.50066795	0	0	0	1	0	0	0	0	0	0	0.20088072	0	0.19286459	0	0.17248347	0	0	0.32229826	0.24666667	0.4542619	0.38036696	0	0	0	0	0	0.23305526	0.25336399	0	0.18041237	0.18041237	0	0	0	0	0	0.31852025	0	0	0
0.12020906	0	0	0	0	0	0	0	0	0	0	0	0.13476562	0	0.1791536	0	0	0	0	0.27174178	0	0.17311854	0.12162162	0	0	0	0	0	0	0.13275194	0	0	0	0	0	0	0.14754098	0.13424125	0	0	0	0	0	0.1700617	0	0	0	0.14717147	0	0	0	0	0.16053649	0	0	0	0	0	0	0	0	0	0	0	0	0	0	0.14618523	0.27174178	0	0	0	0	0	0	0	0	0	0.18507975	0	0.14445677	0	0	0	0	0	0	0.18041237	0	0	0.13275194	0	0.12793185	0	0	0	0	0	0	0.13909811	0	0	0.13888889	0	0	0	0	0	0	0	0.13476562	0	0	0	0.21791136	0	0	0	0	0	0	0.16216216	0	0	0	0	0.14634146	0	0	0.34032674	0	0.27538613	0	0	0	0	0	0	0	0	0	0.15044002	0	0	0	0	0	0.15517241	0.23133219	0.1557377	0.13779528	0	0	0	0	0	0	0	0	0	0.18100753	0	0.1961422	0	0	0	0	0	0.14562697	0	0	0	0	0	0	0	0	0	0	0	0.16372514	0	0	0	0	0	0.13476562	0	0	0	0	0	0.16363636	0	0	0	0	0	0	0	0	0	0	0	0	0	0	0.15	0	0	0	0	0	0	0	0	0.18438431	0.11623533	0.089236843	0	0	0.19688003	0	0	0.15003661	0	0	0	0	0	0	0	0	0.17924528	0	1	0	0	0	0	0.2097946	0.13275194	0	0.13175676	0	0	0	0.13432836	0	0	0	0	0	0	0	0	0	0	0.14516129	0	0	0	0	0	0	0	0.10046923	0	0	0.19688003	0
0	0	0	0	0	0	0	0	0	0	0	0	0	0	0	0	0	0	0	0	0.16431925	0	0.14173228	0	0.25	0	0	0	0	0	0	0	0	0	0	0	0	0	0	0	0	0	0	0	0	0	0	0	0	0	0	0	0	0	0	0	0	0	0	0	0	0	0	0	0	0	0	0	0	0	0	0	0	0	0	0	0	0	0	0.15789474	0	0.17471264	0	0	0	0	0	0	0	0	0	0	0	0	0	0	0	0	0	0	0	0	0	0.19191919	0	0	0	0	0	0	0	0	0.22312704	0	0	0	0	0.22195122	0	0	0	0	0	0	0	0	0	0	0	0	0	0	0	0	0	0	0	0	0	0	0	0	0	0	0	0	0	0	0	0	0	0	0	0	0	0.19587629	0	0	0	0	0	0	0	0	0	0	0	0	0	0	0	0.18446602	0.1037464	0	0	0	0	0	0	0	0	0	0	0	0	0	0	0	0.19587629	0	0	0	0	0	0	0	0	0.24	0	0	0	0	0	0	0	0	0	0	0	0	0	0.23026316	0.20689655	0	0	0	0	0	0	0	0.20430108	0	0	0	0	0	0	0	0	0	0	0	0	0	0	0	1	0	0	0	0	0	0.18858561	0	0	0	0	0	0	0	0	0	0.18627451	0	0	0	0.20833333	0	0	0	0	0	0	0	0	0	0	0	0	0	0
0	0	0	0	0	0	0	0	0	0	0	0	0	0	0	0	0	0	0	0	0	0	0	0	0	0	0	0	0	0	0	0	0	0	0	0	0	0	0	0	0	0	0	0	0	0	0	0	0	0	0	0	0	0	0	0	0	0	0	0	0	0.33333333	0	0	0	0	0	0	0	0	0	0	0	0	0	0	0	0	0	0	0	0	0	0	0	0	0	0	0	0	0	0	0	0	0	0	0	0	0	0	0	0	0	0	0	0	0	0	0	0	0	0	0	0	0	0	0	0	0	0	0	0	0	0	0	0	0	0	0	0	0	0	0	0	0	0	0	0	0	0	0	0	0	0	0	0	0	0	0	0	0	0	0	0	0	0	0	0	0	0	0	0	0	0	0	0	0	0	0	0	0	0	0	0	0	0	0	0	0	0	0	0	0	0	0	0	0	0	0	0	0	0	0	0	0	0	0	0	0	0	0.34375	0	0	0	0	0	0	0	0	0	0	0	0	0	0	0	0	0	0	0	0	0	0	0	0	0	0	0	0	0	0	0	0	0	0	0	0	1	0	0	0	0	0	0	0	0	0	0	0	0	0	0	0	0	0	0	0	0	0	0	0	0	0	0.62592593	0	0	0	0	0	0	0
0.17535545	0	0	0	0	0	0	0	0	0	0	0	0	0	0	0	0	0	0	0	0	0.20165746	0	0	0.2761194	0	0	0	0	0	0	0	0	0	0.35714286	0	0	0	0	0	0	0	0	0	0	0	0.19072165	0	0	0.19270833	0	0	0	0	0	0	0	0	0	0.29411765	0	0	0	0.37765612	0	0	0	0	0	0	0	0	0	0	0	0.33343758	0	0	0	0	0	0	0	0	0	0.27142857	0	0	0	0	0	0	0	0	0	0	0	0	0	0.18418424	0	0	0	0	0	0	0	0	0	0	0	0	0	0	0	0	0	0	0	0	0	0	0	0	0	0	0	0	0	0	0	0	0.26388889	0	0	0.35803651	0	0	0	0	0	0	0	0	0	0	0	0	0	0	0	0	0	0	0	0	0	0	0	0.35714286	0	0.27142857	0	0.29489751	0	0	0	0	0	0.35714286	0	0	0	0	0	0	0	0	0	0	0	0	0	0.26388889	0	0	0	0	0	0	0	0	0	0	0	0.3914712	0.26056338	0	0	0	0	0	0	0.28169014	0	0	0	0	0.19	0	0	0	0	0	0	0	0.20786517	0	0	0	0	0	0	0	0	0	0	0	0	0	0	0.58783712	0	0	0	0	0	0	1	0.27142857	0	0	0.21641791	0	0	0	0	0	0	0	0	0	0.21764706	0	0	0	0	0	0	0	0	0	0.32913797	0	0	0	0	0	0	0	0.27142857
0.1911659	0.14011516	0	0	0	0.14176245	0	0	0.16666667	0	0	0	0	0	0	0	0	0	0	0	0	0.21414936	0	0	0.31756189	0	0	0	0	0	0.17857143	0	0	0	0.27142857	0	0	0	0	0	0	0	0	0.1622807	0	0	0.21835899	0	0	0.39721482	0	0	0	0	0	0	0.21764706	0	0	0.37862595	0	0	0	0.19886364	0	0	0	0	0	0	0	0	0	0	0	0.18	0	0	0	0.16666667	0	0	0	0.2173913	0	0.66266378	0	0	0.16101695	0	0	0	0	0	0.2173913	0	0	0	0	0.14744262	0	0	0	0	0.24829932	0	0	0	0	0	0	0	0	0	0	0.14011516	0	0	0.2173913	0	0	0	0	0.17619048	0	0.28205128	0.2020202	0	0	0	0	0	0.31269474	0	0	0.19491525	0	0	0	0	0	0	0	0	0.2375	0	0	0	0.19607843	0	0	0	0	0	0	0	0	0	0.19895288	0.45583683	0	0.21428571	0	0.16829268	0	0	0	0	0	0.45583683	0	0	0	0	0	0	0	0.13799622	0	0	0	0	0	0.31269474	0	0	0	0	0	0	0.22619048	0	0	0.26388889	0	0.20114943	0.29805725	0	0	0	0	0.22619048	0	0.22352941	0	0	0	0.20833333	0.15789474	0	0	0	0	0	0	0	0.23046801	0	0	0	0	0	0	0	0	0	0	0	0	0	0	0.25	0	0	0	0	0	0	0.27142857	1	0	0	0.23528496	0	0	0	0	0	0	0	0	0	0.24758984	0	0	0	0	0	0	0	0.3318838	0	0.17676768	0	0	0	0	0	0.2375	0	0.32638023
0	0	0	0	0	0	0	0	0	0	0	0	0	0	0	0	0	0.51489737	0	0	0	0	0	0	0	0	0	0	0	0	0	0	0	0	0	0	0	0	0	0	0	0	0	0	0.15833333	0	0	0	0	0	0	0	0.17208652	0	0.23155986	0	0	0.12025316	0	0	0	0	0	0	0	0	0	0.1563865	0.31001838	0	0	0	0	0	0	0	0	0	0.20083305	0	0.12277285	0	0	0	0	0	0	0	0	0	0	0	0.1359342	0	0	0	0	0	0	0	0	0	0	0	0	0	0	0	0	0	0	0	0	0	0.24110591	0	0	0	0	0	0	0.17821782	0	0	0	0	0.15929204	0.23809524	0	0	0.45777093	0	0	0	0	0	0	0	0	0	0	0.16134111	0	0	0	0	0.25480422	0.16981132	0.2546665	0	0	0	0	0	0	0	0	0	0	0	0.19635772	0	0.21418967	0	0	0	0	0	0	0	0	0	0	0	0	0	0	0	0	0	0.1769266	0	0	0	0.40201911	0	0	0.23809524	0	0	0	0	0.18	0	0	0	0.29547093	0	0	0	0	0	0	0	0	0	0	0.16363636	0	0	0	0	0	0	0	0	0	0.10131389	0.092925479	0	0	0.21481419	0	0	0.16009719	0	0	0	0	0	0	0	0	0.19791667	0	0.2097946	0	0	0	0	1	0	0	0	0	0	0	0.14516129	0	0	0	0	0	0	0	0	0	0	0	0	0	0	0	0	0	0	0.090562448	0	0	0.21481419	0
0.31053108	0.10826446	0.17380952	0.27505841	0.14692982	0.10891089	0.20726794	0.095041322	0.14763664	0	0.14256198	0.13194444	0.9384444	0.098571429	0.15309538	0.21722543	0.10963455	0	0.091941402	0.18413978	0	0.17662367	0.33914169	0	0	0.15239306	0	0.1814112	0	0.66459927	0.12969925	0	0.23644496	0	0	0.14982937	0.62415105	0.35386395	0.12952354	0.20088072	0	0	0.092541436	0.14697831	0.14271654	0.10213415	0	0.28926839	0	0	0.13188409	0.13854167	0	0	0.11831701	0.15360169	0	0.10378788	0	0	0	0	0	0	0.16700198	0.20726794	0.12365591	0.10830619	0	0	0.11138211	0.092541436	0	0	0	0	0.20054945	0	0	0	0.10078708	0	0.18995315	0.15265487	0.19172365	0	0	0.21323607	0.12410072	0.10714286	0.96288381	0.094262295	0	0.11360145	0.15265487	0	0.17900654	0	0.13085938	0.1227682	0	0	0.76677004	0	0	0.1931535	0	0.17216981	0	0.20185585	0.80278922	0	0	0	0	0.10826446	0	0	0.15265487	0.20088072	0	0	0	0	0.18046149	0.18434343	0	0	0.23644496	0.16309524	0	0.22089202	0	0	0	0	0	0	0	0.097058824	0	0	0	0	0	0.20088072	0	0	0	0.20733247	0.41260349	0.13958333	0.23644496	0.23644496	0.14439655	0	0.18437257	0.13126015	0	0	0.125	0	0	0	0	0.16263636	0	0.138	0.32537362	0	0	0	0.089425587	0.15591525	0.14982937	0.20088072	0.10679612	0.10685155	0.20088072	0.23644496	0	0	0	0	0	0	0.80278922	0	0	0	0	0.20088072	0	0	0.092991914	0	0	0	0.15591525	0.125	0	0.17380952	0.16706758	0	0.23644496	0.20088072	0	0	0.12777778	0.17361678	0.14439655	0	0	0	0	0.1931676	0.19082377	0.083670313	0.079285505	0	0	0	0	0.21722543	0	0.1931535	0.2100591	0.27505841	0.33700825	0.12539276	0.21722543	0	0	0	0.20088072	0.13275194	0	0	0	0	0	1	0	0.58145807	0	0.13519115	0	0	0.20726794	0.18434343	0.2100591	0.23644496	0	0	0	0	0	0.1706612	0.26606861	0	0.14256198	0.14256198	0	0	0	0	0.078501327	0.21103142	0	0	0
0.15016259	0	0	0	0	0	0	0	0	0	0	0	0	0	0	0	0	0	0	0	0.15778252	0.16434495	0.13793103	0	0.66396428	0	0	0	0	0	0	0	0	0	0.21641791	0	0	0	0	0	0	0	0	0	0	0	0.16758281	0	0	0.16721062	0	0	0	0	0	0	0	0	0	0.27364611	0	0	0	0.16339066	0	0	0	0	0	0	0	0	0	0	0	0.15054945	0	0	0	0.15230461	0	0.16736402	0	0	0	0.23528496	0	0	0	0	0	0	0	0	0	0	0	0	0	0.11801009	0	0	0	0.18223235	0	0	0	0	0	0	0	0	0.20714286	0	0	0	0	0.20613409	0	0	0	0	0	0	0	0	0	0	0	0	0	0	0.22866725	0	0	0.1601467	0	0	0	0	0	0	0	0	0	0	0	0	0	0	0	0	0	0	0	0.18561485	0	0	0	0.38322799	0	0.17519182	0	0.14086022	0	0	0	0	0	0.31347176	0	0.17582418	0.10312076	0	0	0	0	0	0	0	0	0	0	0.22866725	0	0	0	0	0.18561485	0	0	0	0	0	0	0.16501241	0.21544432	0.22157434	0	0	0	0	0	0.1835443	0	0	0	0	0.13405088	0	0	0.21325648	0.1943734	0	0	0	0.17621554	0	0	0	0.19277108	0	0	0	0	0	0	0	0	0	0	0.19970845	0	0	0	0	0.18858561	0	0.21641791	0.23528496	0	0	1	0	0	0	0	0	0	0	0	0	0.61835098	0	0	0	0.19525066	0	0	0	0	0	0.14745011	0	0	0	0	0	0	0	0.23528496
0.28680269	0.10708402	0.17180095	0.26515545	0.14519651	0.10773026	0.19882491	0.094093407	0.14248604	0	0.1409465	0.13092885	0.70994319	0.097578348	0.14882138	0.2084123	0.10844371	0	0.089431454	0.18248663	0	0.16882634	0.31825728	0	0	0.14745794	0	0.17519543	0	0.82048791	0.12827715	0	0.22717163	0	0	0.14488789	0.56050029	0.32424606	0.12535187	0.19286459	0	0	0.091597796	0.14375007	0.14166667	0.10106383	0	0.27169043	0	0	0.12870392	0.13744813	0	0	0.1146838	0.15242616	0	0.10309668	0	0	0	0	0	0	0.16106477	0.19882491	0.12232143	0.1075487	0	0	0.11061588	0.091597796	0	0	0	0	0.19808743	0	0	0	0.098931224	0	0.18262817	0.15088106	0.18404708	0	0	0.20642817	0.12275986	0.10598706	0.58145807	0.093324251	0	0.11032575	0.15088106	0	0.1722511	0	0.12937743	0.1207575	0	0	0.672306	0	0	0.18561939	0	0.17018779	0	0.19372769	0.79289064	0	0	0	0	0.10708402	0	0	0.15088106	0.19286459	0	0	0	0	0.17357055	0.1821608	0	0	0.22717163	0.16172986	0	0.21430717	0	0	0	0	0	0	0	0.096041056	0	0	0	0	0	0.19286459	0	0	0	0.20223014	0.37783522	0.1379668	0.22717163	0.22717163	0.14270386	0	0.1771533	0.12696176	0	0	0.12409091	0	0	0	0	0.15667255	0	0.13645418	0.30505999	0	0	0	0.088867188	0.15056413	0.14488789	0.19286459	0.10564516	0.10569106	0.19286459	0.22717163	0	0	0	0	0	0	0.70994319	0	0	0	0	0.19286459	0	0	0.092069892	0	0	0	0.15056413	0.12360595	0	0.17180095	0.16166522	0	0.22717163	0.19286459	0	0	0.12638376	0.1672012	0.14270386	0	0	0	0	0.18562952	0.18197251	0.082279238	0.077267828	0	0	0	0	0.2084123	0	0.18561939	0.20212697	0.26515545	0.39853712	0.1215731	0.2084123	0	0	0	0.19286459	0.13175676	0	0	0	0	0	0.58145807	0	1	0	0.13097213	0	0	0.19882491	0.1821608	0.20212697	0.22717163	0	0	0	0	0	0.16476109	0.25041916	0	0.1409465	0.1409465	0	0	0	0	0.07733086	0.20293971	0	0	0
0	0	0	0	0	0	0	0	0	0.19886364	0	0	0	0	0	0	0	0	0	0	0	0	0	0.31965159	0	0	0	0	0	0	0	0.26056338	0	0	0	0	0	0	0	0	0.41116435	0	0	0	0	0	0.21557656	0.17274745	0	0	0	0	0	0	0	0	0	0	0.27821419	0.22289157	0.22716329	0	0.24973755	0	0	0	0	0.17128265	0	0	0	0	0	0	0	0	0	0	0	0	0.090673575	0	0	0	0	0	0	0	0	0	0	0	0	0	0	0.41116435	0	0	0	0	0	0	0	0	0	0	0	0	0.23972603	0	0	0.29903808	0	0	0.18421053	0	0.41116435	0	0	0	0	0	0.35177038	0	0	0	0	0	0	0	0	0	0.20114943	0.31965159	0.26056338	0	0.89624606	0	0	0	0.20114943	0	0	0	0	0	0.24244704	0.19892473	0	0.24812262	0	0	0	0	0	0	0	0	0	0	0	0.21764706	0	0	0	0	0	0	0.16607982	0	0	0	0	0	0	0	0	0	0	0	0	0	0.34799847	0	0	0	0	0	0	0	0	0	0	0	0	0	0	0	0	0	0	0	0	0	0	0	0	0	0	0	0	0	0	0.87350839	0.35177038	0	0	0.079439252	0	0	0	0	0	0	0.11986301	0	0	0	0	0	0	0	0	0	0	0	0	0	0	0	0	0	0	0	1	0	0	0.15765766	0	0	0	0	0	0	0	0	0	0	0	0	0	0	0	0	0	0	0	0	0	0	0
0.12352954	0.11394086	0.20402675	0.22897803	0.15763517	0.11754898	0.17583652	0.5505261	0.20921618	0	0.35849311	0	0.14261758	0.24436691	0.14088987	0.18376242	0.11890391	0	0.12957492	0	0	0.13661222	0	0	0	0.1763626	0	0.15954206	0.14643545	0.13519115	0.3307273	0	0.19889651	0.16833667	0	0.16980154	0.18358054	0.13661222	0.2983076	0.33124707	0	0	0.10408773	0	0.11940299	0.11416326	0	0.12775302	0	0	0.15427063	0.11913043	0	0.18013178	0.17842655	0.1340388	0	0	0.19973863	0	0	0.17263453	0.1812395	0	0.20007787	0.23000571	0.12826943	0	0	0	0	0.10408773	0	0.11267606	0	0.11830743	0.22897803	0	0.10547504	0	0.076029567	0	0.26807714	0.1704594	0.1650616	0	0	0	0.14251808	0.11412426	0.13519115	0.23983313	0.11838236	0.16199273	0.1704594	0	0.24276849	0	0.29250583	0	0.13596564	0	0.1564436	0	0	0.16693504	0	0.20173918	0	0.22018205	0.14261758	0	0	0.25765132	0	0.11394086	0	0	0.1704594	0.17248347	0	0	0	0	0.15682739	0.21475367	0	0	0.19889651	0	0	0.20780795	0	0	0	0.12476548	0	0	0.15795207	0.10479598	0.1376673	0.14229408	0	0	0	0.17248347	0.12173913	0	0	0	0.14468827	0.29060697	0.19889651	0.19889651	0.15481033	0.16739766	0.15976062	0.15633611	0	0	0	0	0.10955519	0.11290323	0	0.1437072	0.20654304	0.34720432	0.12416251	0	0	0	0	0.18084777	0.16980154	0.23294121	0.11347315	0.11240497	0.17248347	0.19889651	0	0	0.16868779	0	0	0	0.14261758	0	0.16739766	0	0	0.17248347	0.1376673	0	0.57176026	0.12998102	0	0	0.18084777	0.13779546	0	0.14368932	0.21089481	0	0.19889651	0.23294121	0	0	0.13953284	0.15124685	0.15481033	0	0	0	0	0.16694795	0.14468827	0.067895247	0.089092074	0.13126079	0	0.11120543	0	0.18376242	0.087615283	0.16693504	0.18061762	0.22897803	0.17583652	0.13207646	0.18376242	0	0	0	0.17248347	0	0	0	0	0	0	0.13519115	0	0.13097213	0	1	0.12522852	0.11712439	0.23000571	0.35609677	0.18061762	0.19889651	0	0	0.22412894	0	0	0.15071229	0.1989004	0	0.16126895	0.35849311	0.11913043	0	0	0	0.078373061	0.2416797	0	0.11120543	0
0	0	0	0	0	0	0	0.10237389	0	0	0	0	0	0	0	0	0	0	0	0	0	0	0	0	0	0	0	0	0	0	0	0	0	0	0	0	0	0	0	0	0	0	0	0	0	0	0	0	0	0	0.18557687	0.1682243	0	0.16666667	0	0	0	0.18373655	0.18421053	0	0	0.19387755	0.17875648	0	0	0	0	0	0	0	0	0	0.25641026	0	0	0.16666667	0	0	0.43116847	0	0.095	0	0	0	0	0	0.20212766	0	0	0	0	0	0.11165049	0	0	0	0	0	0	0	0.20633395	0	0	0	0	0	0	0	0	0	0	0	0	0.225	0	0	0	0	0	0	0	0	0	0	0	0	0	0	0	0	0	0	0	0	0	0.2500156	0	0.37908097	0.40130495	0	0	0.12681159	0	0	0	0	0	0	0	0	0	0.1682243	0	0	0	0.18627451	0	0	0	0	0	0	0.15217391	0.15837104	0	0	0.21165644	0	0	0	0	0	0	0	0	0	0	0	0	0	0.24946404	0	0.16046512	0.20212766	0	0	0	0	0.18627451	0.2375	0	0	0	0	0.1	0.27703349	0	0	0	0	0.37707081	0	0.14830508	0	0	0	0	0	0	0	0	0	0	0	0	0	0	0.083710407	0.076595745	0	0	0.46463404	0	0	0.11437908	0	0	0	0	0.15607945	0	0	0	0	0	0	0	0	0	0	0	0	0	0	0	0.12522852	1	0.16101695	0	0	0	0	0	0.22839506	0.21604938	0	0	0	0	0	0	0	0.1682243	0	0	0	0.07734885	0	0	0.46463404	0.2173913
0	0	0	0	0	0	0	0.097855228	0	0.15929204	0	0	0	0	0	0	0	0	0	0	0	0	0	0.17676768	0	0	0	0	0	0	0	0.19791667	0	0	0	0	0	0	0	0	0.19791667	0	0	0	0	0	0.13138686	0.11180124	0	0	0.12345679	0.152	0.15873171	0.15079365	0	0	0	0	0.2133114	0.17592593	0.14	0.17241379	0.20029617	0	0	0	0	0.13890138	0.18367347	0	0	0	0	0	0	0.15079365	0	0	0.17175846	0	0.22352907	0	0	0	0	0	0	0	0	0	0	0	0.12824267	0	0	0.19791667	0	0	0	0	0.13103448	0	0	0	0	0	0	0	0.18367347	0	0	0.16363636	0	0.19387755	0.20095738	0	0.19791667	0	0	0	0	0.15929204	0.18367347	0	0	0	0.20366284	0	0	0	0	0	0.16071429	0.17676768	0.19791667	0.16157205	0.15765766	0	0.20833333	0	0.16071429	0.14810832	0	0	0	0	0.144	0.51764461	0.1484375	0.14516129	0	0.152	0	0	0	0.16666667	0	0	0	0	0.12676056	0.17272727	0.24918237	0.14396887	0	0	0.18341709	0	0.10843373	0	0	0	0	0	0	0	0	0	0	0	0.11986301	0	0.18828872	0	0	0	0	0	0.16666667	0	0	0	0.23070078	0	0.095800525	0.16814159	0	0	0	0	0	0	0.13602941	0	0	0	0	0.21204156	0	0	0	0	0	0.16981132	0.18367347	0	0	0.1709996	0.089242239	0	0	0.18160493	0	0	0.34288185	0	0	0	0	0.11514196	0	0	0	0.27123147	0	0.13432836	0	0	0	0	0.14516129	0	0	0	0.15765766	0.11712439	0.16101695	1	0	0	0	0	0	0	0.18686869	0	0	0	0	0	0	0	0.152	0	0	0	0.086553726	0	0	0.18160493	0
0.18016824	0.13674322	0.24829932	0.48104691	0.2030303	0.1375	0.34225325	0.115	0.47605209	0	0.19273743	0	0.22217294	0.12020906	0.17179487	0.3657479	0.13865546	0	0.23798787	0	0	0.21132435	0	0	0	0.47106406	0	0.26034238	0	0.20726794	0.16995074	0	0.40620921	0	0	0.25511827	0.30541419	0.21132435	0.38493606	0.45222685	0	0	0.11204013	0	0	0.12641509	0	0.181842	0	0	0.1374502	0	0	0	0.19947277	0	0	0	0	0	0	0	0	0	0.32526049	0.8742685	0.15972222	0	0	0	0	0.11204013	0	0	0	0	0.30672269	0	0	0	0	0	0.52125794	0.21165644	0.30246083	0	0	0	0.16046512	0.13469388	0.20726794	0.11386139	0	0.24751895	0.21165644	0	0.64348457	0	0.17357513	0	0	0	0.2500179	0	0	0.30088974	0	0.24496644	0	0.76694162	0.22217294	0	0	0	0	0.13674322	0	0	0.21165644	0.32229826	0	0	0	0	0.27194107	0.27037037	0	0	0.40620921	0	0	0.25524476	0	0	0	0	0	0	0	0.11913357	0	0	0	0	0	0.32229826	0	0	0	0	0.22873618	0.18926554	0.40620921	0.40620921	0.19822485	0	0.28310287	0.22254833	0	0	0	0	0	0	0	0.23276954	0	0.18449198	0.17425197	0	0	0	0	0.28042966	0.25511827	0.64389506	0.13414634	0.13449692	0.32229826	0.40620921	0	0	0	0	0	0	0.22217294	0	0	0	0	0.32229826	0	0	0.11201299	0	0	0	0.28042966	0.16341463	0	0.24829932	0.22975088	0	0.40620921	0.64389506	0	0	0.16666667	0.25574026	0.19822485	0	0	0	0	0.30099003	0.22873618	0	0.091502718	0	0	0	0	0.3657479	0	0.30088974	0.33217985	0.48104691	0.34225325	0.16066891	0.3657479	0	0	0	0.32229826	0	0	0	0	0	0	0.20726794	0	0.19882491	0	0.23000571	0	0	1	0.27037037	0.33217985	0.40620921	0	0	0	0	0	0.24143326	0.26313045	0	0.19273743	0.19273743	0	0	0	0	0	0.65089624	0	0	0
0.16079295	0.19944763	0.44404536	0.3125	0.33192079	0.20712099	0.27037037	0.31286031	0.25122102	0	0.66323631	0	0.18877551	0.33839142	0.2682139	0.2761194	0.21135047	0	0.13615456	0	0	0.18527919	0	0	0	0.17351598	0	0.20212766	0.27848101	0.18434343	0.56242619	0	0.28787879	0.32432432	0	0.1835443	0.2173913	0.18527919	0.32894014	0.24666667	0	0	0.1705842	0	0.21	0.19442597	0	0.14728682	0	0	0.21302788	0	0	0	0.18577957	0.24175824	0	0	0	0	0	0	0	0	0.19473684	0.27037037	0.22997563	0	0	0	0	0.1705842	0	0.19266055	0	0	0.59430264	0	0	0	0.11290323	0	0.37307341	0.36212625	0.24172185	0	0	0	0.26133523	0.19754879	0.18434343	0.32881844	0	0.16767474	0.36212625	0	0.32588372	0	0.49891035	0	0	0	0.19791667	0	0	0.23417722	0	0.42675923	0	0.26752768	0.18877551	0	0	0	0	0.19944763	0	0	0.36212625	0.24666667	0	0	0	0	0.22392638	0.51388889	0	0	0.28787879	0	0	0.4704117	0	0	0	0	0	0	0	0.17532529	0.2625	0	0	0	0	0.24666667	0.22043011	0	0	0	0.19072165	0.30077166	0.28787879	0.28787879	0.31790266	0	0.22955975	0.15020576	0	0	0	0	0	0	0	0.19518717	0	0.61571803	0.14179104	0	0	0	0	0.18717949	0.1835443	0.24666667	0.19588808	0.19554663	0.24666667	0.28787879	0	0	0	0	0	0	0.18877551	0	0	0	0	0.24666667	0.2625	0	0.30380281	0	0	0	0.18717949	0.26244829	0	0.25641026	0.26440998	0	0.28787879	0.24666667	0	0	0.25912708	0.21903323	0.31790266	0	0	0	0	0.23417722	0.19072165	0.099033816	0.085972851	0.23404255	0	0	0	0.2761194	0	0.23417722	0.24358974	0.3125	0.27037037	0.14426877	0.2761194	0	0	0	0.24666667	0	0	0	0	0	0	0.18434343	0	0.1821608	0	0.35609677	0	0	0.27037037	1	0.24358974	0.28787879	0	0	0	0	0	0.19895288	0.30544529	0	0.32716547	0.66323631	0	0	0	0	0	0.25641026	0	0	0
0.18479586	0.13147793	0.22619048	0.4535057	0.18817204	0.13218391	0.33217985	0.11214953	0.20522378	0	0.18	0	0.22392383	0.11688312	0.16203704	0.35326038	0.13320463	0	0.11574993	0	0	0.21399522	0	0	0	0.20853412	0	0.25928993	0	0.2100591	0.16071429	0	0.38888889	0	0	0.20782148	0.30001626	0.21399522	0.17370633	0.31554826	0	0	0.109375	0	0	0.12237762	0	0.18603916	0	0	0.13235294	0	0	0	0.15478278	0	0	0	0	0	0	0	0	0	0.23880882	0.33217985	0.15189873	0	0	0	0	0.109375	0	0	0	0	0.27142857	0	0	0	0	0	0.28729208	0.19565217	0.41334513	0	0	0	0.15254237	0.12969925	0.2100591	0.11111111	0	0.14651856	0.19565217	0	0.26520419	0	0.1635514	0	0	0	0.24957335	0	0	0.61087255	0	0.22352941	0	0.31881051	0.22392383	0	0	0	0	0.13147793	0	0	0.19565217	0.65997133	0	0	0	0	0.51159797	0.24358974	0	0	0.61918066	0	0	0.23170732	0	0	0	0	0	0	0	0.11577181	0	0	0	0	0	0.65997133	0	0	0	0	0.23022759	0.17676768	0.38888889	0.38888889	0.18421053	0	0.53993383	0.1771173	0	0	0	0	0	0	0	0.23431545	0	0.17307692	0.17876991	0	0	0	0	0.21890758	0.20782148	0.31554826	0.12921348	0.1294896	0.65997133	0.78485799	0	0	0	0	0	0	0.22392383	0	0	0	0	0.65997133	0	0	0.10942249	0	0	0	0.21890758	0.15486726	0	0.22619048	0.23102416	0	0.38888889	0.31554826	0	0	0.15789474	0.2548697	0.18421053	0	0	0	0	0.29644116	0.23022759	0	0.097551911	0	0	0	0	0.51165408	0	0.61087255	0.66538222	0.4535057	0.33217985	0.28924013	0.7411139	0	0	0	0.4542619	0	0	0	0	0	0	0.2100591	0	0.20212697	0	0.18061762	0	0	0.33217985	0.24358974	1	0.38888889	0	0	0	0	0	0.24199381	0.40047305	0	0.18	0.18	0	0	0	0	0	0.32737876	0	0	0
0.20489872	0.1448203	0.26388889	0.58783712	0.21604938	0.14556962	0.40620921	0.12121212	0.22970686	0	0.20454545	0	0.2528546	0.12676056	0.18229167	0.43805622	0.14680851	0	0.12337047	0	0	0.24129129	0	0	0	0.2327592	0	0.45753126	0	0.23644496	0.18	0	0.49166667	0	0	0.23405228	0.34544821	0.24129129	0.19115837	0.38036696	0	0	0.11824324	0	0	0.13358779	0	0.20428464	0	0	0.14516129	0	0	0	0.1680571	0	0	0	0	0	0	0	0	0	0.27217294	0.40620921	0.16901408	0	0	0	0	0.11824324	0	0	0	0	0.32758621	0	0	0	0	0	0.33776477	0.225	0.35505438	0	0	0	0.16981132	0.14256198	0.23644496	0.12	0	0.15838046	0.225	0	0.30829607	0	0.18421053	0	0	0	0.2836451	0	0	0.35160962	0	0.26027397	0	0.38609403	0.2528546	0	0	0	0	0.1448203	0	0	0.225	0.38036696	0	0	0	0	0.31525955	0.28787879	0	0	0.49166667	0	0	0.27142857	0	0	0	0	0	0	0	0.12591241	0	0	0	0	0	0.38036696	0	0	0	0	0.26092172	0.20114943	0.49166667	0.49166667	0.21084337	0	0.32991551	0.19537762	0	0	0	0	0	0	0	0.26752898	0	0.19565217	0.19555015	0	0	0	0	0.24748805	0.23405228	0.38036696	0.14197531	0.14241164	0.38036696	0.49166667	0	0	0	0	0	0	0.2528546	0	0	0	0	0.38036696	0	0	0.11803279	0	0	0	0.24748805	0.17326733	0	0.26388889	0.25983675	0	0.49166667	0.38036696	0	0	0.17647059	0.29526511	0.21084337	0	0	0	0	0.35177038	0.26092172	0	0.10281687	0	0	0	0	0.43805622	0	0.35160962	0.38888889	0.58783712	0.40620921	0.182318	0.43805622	0	0	0	0.38036696	0	0	0	0	0	0	0.23644496	0	0.22717163	0	0.19889651	0	0	0.40620921	0.28787879	0.38888889	1	0	0	0	0	0	0.27519618	0.30012614	0	0.20454545	0.20454545	0	0	0	0	0	0.39299689	0	0	0
0.15789068	0	0	0	0	0	0	0	0	0	0	0	0	0	0	0	0	0	0	0	0.15611814	0.17315919	0.13669065	0	0.75668718	0	0	0	0	0	0	0	0	0	0.21764706	0	0	0	0	0	0	0	0	0	0	0	0.17652298	0	0	0.17601979	0	0	0	0	0	0	0	0	0	0.28626347	0	0	0	0.16504854	0	0	0	0	0	0	0	0	0	0	0	0.15217391	0	0	0	0.15079365	0	0.16563147	0	0	0	0.24758984	0	0	0	0	0	0	0	0	0	0	0	0	0	0.12445837	0	0	0	0.18018018	0	0	0	0	0	0	0	0	0.20422535	0	0	0	0	0.20323488	0	0	0	0	0	0	0	0	0	0	0	0	0	0	0.2403527	0	0	0.16183575	0	0	0	0	0	0	0	0	0	0	0	0	0	0	0	0	0	0	0	0.18348624	0	0	0	0.41413601	0	0.17676768	0	0.14255319	0	0	0	0	0	0.328278	0	0.17391304	0.10242588	0	0	0	0	0	0	0	0	0	0	0.2403527	0	0	0	0	0.18348624	0	0	0	0	0	0	0.16666667	0.2273824	0.2183908	0	0	0	0	0	0.185	0	0	0	0	0.13565891	0	0	0.21022727	0.19191919	0	0	0	0.18542048	0	0	0	0.19047619	0	0	0	0	0	0	0	0	0	0	0.20114943	0	0	0	0	0.18627451	0	0.21764706	0.24758984	0	0	0.61835098	0	0	0	0	0	0	0	0	0	1	0	0	0	0.19270833	0	0	0	0	0	0.14912281	0	0	0	0	0	0	0	0.24758984
0	0	0	0	0	0	0	0	0	0	0	0	0	0	0	0	0	0	0	0	0	0	0	0	0	0	0	0	0	0	0	0	0	0	0	0	0	0	0	0	0	0	0	0	0	0	0	0	0	0	0	0	0	0	0	0	0	0.13157895	0	0	0	0	0	0	0	0	0	0	0	0	0	0	0.31355932	0	0	0	0	0	0.17085427	0	0.096685083	0	0	0	0	0	0.23333333	0	0	0	0	0	0	0	0	0	0	0	0	0	0	0	0	0	0	0	0	0	0	0	0	0	0	0	0	0	0	0	0	0	0	0	0	0	0	0	0	0	0	0	0	0	0	0	0	0	0	0.26056338	0	0	0	0	0	0	0	0	0	0	0	0	0	0	0	0	0	0	0	0	0	0	0	0	0	0	0	0	0	0	0	0	0	0	0	0	0	0	0	0	0	0	0.16972477	0	0	0.23333333	0	0	0	0	0	0.28688525	0	0	0	0	0	0	0	0	0	0	0.26056338	0	0	0	0	0	0	0	0	0	0	0	0	0	0	0	0	0.084158416	0	0	0	0.18579235	0	0	0	0	0	0	0	0	0	0	0	0	0	0	0	0	0	0	0	0	0	0	0	0	0.22839506	0	0	0	0	0	0	1	0	0	0	0	0	0	0	0	0	0	0	0	0	0	0	0.18579235	0.25342466
0	0	0	0	0	0	0	0.17677336	0	0	0	0	0	0	0	0	0	0	0	0	0	0	0	0	0	0	0	0	0	0	0	0	0	0	0	0	0	0	0	0	0	0	0	0	0	0	0	0	0	0	0.148	0.19886364	0	0.36061924	0	0	0	0	0.43615968	0	0	0.34809639	0.38026096	0	0	0	0	0	0	0	0	0	0	0	0	0.19662921	0	0	0.16834171	0	0	0	0	0	0	0	0	0	0	0	0	0	0.18869969	0	0	0	0	0	0	0	0.22741892	0	0	0	0	0	0	0	0	0	0	0	0	0.67690327	0	0	0	0	0	0	0	0	0	0	0	0	0	0	0	0	0	0	0	0	0	0.21935484	0	0	0.31355932	0	0	0.24120962	0	0	0	0	0	0	0	0	0	0.40903497	0	0	0	0.32499585	0	0	0	0	0	0	0.17708333	0.18579235	0	0	0.51533149	0	0	0	0	0	0	0	0	0	0	0	0	0	0	0	0.33461636	0	0	0	0	0	0.32499585	0	0	0	0	0	0.17156802	0.23026316	0	0	0	0	0	0	0.17171717	0	0	0	0	0	0	0	0	0	0	0	0	0	0	0	0.081018519	0	0	0.18306011	0	0	0.12686567	0	0	0	0	0.13786008	0	0	0	0	0	0	0	0	0	0	0	0	0	0	0	0.22412894	0.21604938	0.18686869	0	0	0	0	0	0	1	0	0	0	0	0	0	0	0.19886364	0	0	0	0.11235072	0	0	0.18306011	0
0	0	0	0	0	0	0	0	0	0	0	0	0	0.13972599	0	0	0	0	0.29550287	0	0	0	0	0	0	0.14259179	0.79691628	0	0	0	0	0	0	0	0	0	0	0	0	0	0	0.21750924	0.2762091	0	0	0.1282611	0	0	0.25047889	0	0	0	0.43809359	0	0	0	0	0	0	0	0	0	0	0	0	0	0.15594023	0	0	0	0.53224752	0.44050718	0	0.58985694	0	0	0	0	0	0	0	0	0	0	0	0	0	0	0	0.14657137	0	0.11507599	0	0	0	0	0	0.21750924	0	0	0	0	0	0	0	0	0.6570925	0	0	0	0	0	0	0	0	0	0	0	0	0	0.53257031	0	0	0	0	0	0	0	0	0	0	0	0	0	0	0	0	0	0	0.1332336	0	0	0	0.17330273	0	0	0	0	0	0	0	0	0	0	0	0	0	0	0	0	0	0	0	0	0	0	0	0	0	0	0	0.20183464	0.08627451	0	0	0	0.14355399	0	0	0	0	0.21750924	0	0	0	0.20110193	0	0	0	0	0	0	0	0	0	0	0	0	0	0	0	0	0	0	0	0	0	0	0	0	0	0	0	0	0	0	0	0	0	0.20183464	0	0	0	0	0	0	0	0	0	0	0	0	0.17330273	0	0	0	0	0	0	0	0	0	0	0	0	0	0	0	0	0	0	0	0	0	0	1	0	0.15944004	0	0.17330273	0	0	0	0	0.21750924	0.66436346	0	0	0	0	0
0	0	0	0	0	0	0	0	0	0	0	0	0	0	0	0	0	0	0	0	0.16915423	0	0.28893132	0	0.26282051	0	0	0	0	0	0	0	0	0	0	0	0	0	0	0	0	0	0	0	0	0	0	0	0	0	0	0	0	0	0	0	0	0	0	0	0	0	0	0	0	0	0	0	0	0	0	0	0	0	0	0	0	0	0	0.2237478	0	0.18004866	0	0	0	0	0	0	0	0	0	0	0	0	0	0	0	0	0	0	0	0	0	0.38577707	0	0	0	0	0	0	0	0	0.23498233	0	0	0	0	0.23368607	0	0	0	0	0	0	0	0	0	0	0	0	0	0	0	0	0	0	0	0	0	0	0	0	0	0	0	0	0	0	0	0	0	0	0	0	0	0.2032967	0	0	0	0	0	0	0	0	0	0	0	0	0	0	0	0.19072165	0.17275895	0	0	0	0	0	0	0	0	0	0	0	0	0	0	0	0.2032967	0	0	0	0	0	0	0	0	0.38217245	0	0	0	0	0	0	0	0	0	0	0	0	0	0.50390292	0.31655879	0	0	0	0	0	0	0	0.21264368	0	0	0	0	0	0	0	0	0	0	0	0	0	0	0	0.20833333	0	0	0	0	0	0.19525066	0	0	0	0	0	0	0	0	0	0.19270833	0	0	0	1	0	0	0	0	0	0	0	0	0	0	0	0	0	0
0.15291878	0.11590525	0.18719212	0.31757798	0.15837104	0.11655405	0.24143326	0.1011236	0.16676398	0	0.15319149	0	0.18093291	0.15422159	0.13944223	0.25336774	0.11734694	0	0.13861781	0	0	0.17310063	0	0	0	0.82335342	0.16719518	0.26971493	0	0.1706612	0.13899614	0	0.27519618	0	0	0.21332313	0.23677635	0.17310063	0.14480442	0.23305526	0	0.32123569	0.14932554	0	0	0.1379993	0	0.15598209	0.21404253	0	0.11726384	0	0.13663047	0	0.17258762	0	0	0	0	0	0	0	0	0	0.25147658	0.24143326	0.17809312	0	0	0	0.12882925	0.14932554	0	0.16030293	0	0	0.21714286	0	0	0	0	0	0.21862435	0.16438356	0.22216539	0	0	0	0.13284133	0.16076923	0.1706612	0.12292555	0	0.12549047	0.16438356	0	0.20506779	0.32123569	0.14056225	0	0	0	0.1998568	0	0	0.22299607	0.15944004	0.18536585	0	0.23443472	0.18093291	0	0	0	0	0.11590525	0	0	0.16438356	0.23305526	0.16719518	0	0	0	0.20726228	0.19895288	0	0	0.27519618	0	0	0.19095477	0	0	0	0	0	0	0	0.14664734	0	0	0	0.14377682	0	0.23305526	0	0	0	0	0.18460946	0.15021459	0.39655814	0.27519618	0.15555556	0	0.21266369	0.19020268	0	0	0	0	0	0	0	0.24748269	0	0.14814815	0.15072512	0	0	0.17653995	0.087765957	0.22760083	0.21332313	0.23305526	0.15726269	0.11435726	0.23305526	0.27519618	0	0.32123569	0	0	0	0.20857143	0.18093291	0	0	0	0	0.23305526	0	0	0.098901099	0	0	0	0.22760083	0.13409962	0	0.18719212	0.18748548	0	0.39655814	0.23305526	0	0	0.13688213	0.25715607	0.15555556	0	0	0	0	0.30762212	0.18460946	0	0.10730373	0.17653995	0	0	0	0.25336774	0	0.22299607	0.24199381	0.31757798	0.24143326	0.13947919	0.25336774	0	0.14377682	0	0.23305526	0	0	0	0	0	0	0.1706612	0	0.16476109	0	0.15071229	0	0	0.24143326	0.19895288	0.24199381	0.27519618	0	0	0	0.15944004	0	1	0.2069044	0.14377682	0.15319149	0.15319149	0	0	0.32123569	0.18075809	0	0.24352013	0	0	0
0.24127861	0.14182084	0.28246006	0.34506549	0.29975735	0.14736424	0.26313045	0.13202177	0.2263121	0	0.21681569	0	0.29041372	0.13904759	0.23549668	0.27646053	0.14986545	0	0.12769497	0.20454545	0	0.22425058	0.17997539	0	0	0.18229575	0	0.2200935	0	0.26606861	0.19490573	0	0.30012614	0	0	0.18029455	0.40302092	0.27846676	0.18916753	0.25336399	0	0	0.12603786	0.13461538	0	0.14109956	0	0.20358446	0	0	0.15350265	0	0	0	0.17688912	0	0	0	0	0	0	0	0	0	0.20361909	0.26313045	0.133829	0	0	0	0	0.12603786	0	0	0	0	0.33343758	0	0	0	0.11810688	0	0.31443108	0.23334712	0.24131061	0	0	0.27458099	0.18342653	0.14137495	0.26606861	0.13419676	0	0.1590111	0.23334712	0	0.35540734	0	0.18714072	0.10746269	0	0	0.33087369	0	0	0.24168984	0	0.27678108	0	0.25503475	0.29041372	0	0	0	0	0.14182084	0	0	0.23334712	0.25336399	0	0	0	0	0.22399015	0.30544529	0	0	0.45817136	0.18	0	0.38340881	0	0	0	0	0	0	0	0.12764918	0	0	0	0	0	0.25336399	0	0	0	0.25149211	0.309764	0.20059669	0.30012614	0.30012614	0.20891319	0	0.23036248	0.15700364	0	0	0	0	0	0	0	0.19939172	0	0.20816889	0.25690353	0	0	0	0	0.18875039	0.18029455	0.25336399	0.14029328	0.13941643	0.25336399	0.30012614	0	0	0	0	0	0	0.29041372	0	0	0	0	0.25336399	0	0	0.12889455	0	0	0	0.18875039	0.18000078	0	0.19	0.24776564	0	0.30012614	0.25336399	0	0	0.18027966	0.21380219	0.20891319	0	0	0	0	0.24173593	0.24457336	0.098095715	0.091439397	0	0	0	0	0.27646053	0	0.24168984	0.26204035	0.34506549	0.26313045	0.14853446	0.27646053	0	0	0	0.25336399	0.14516129	0	0	0	0	0	0.26606861	0	0.25041916	0	0.1989004	0	0	0.26313045	0.30544529	0.40047305	0.30012614	0	0	0	0	0	0.2069044	1	0	0.21681569	0.21681569	0	0	0	0	0.092207868	0.26389145	0	0	0
0	0	0	0	0	0	0	0	0	0	0	0	0	0.12982028	0	0	0	0	0.10272869	0	0	0	0	0	0	0.12835249	0.18330396	0	0	0	0	0	0	0	0	0	0	0	0	0	0	0.19318182	0.12940495	0	0	0.29559949	0	0	0.24182424	0	0	0	0.14874629	0	0	0	0	0	0	0	0	0	0	0	0	0	0.15133129	0	0	0	0.13912176	0.12940495	0	0.17718581	0	0	0	0	0	0	0	0	0	0	0	0	0	0	0	0.14241411	0	0.26430871	0	0	0	0	0	0.19318182	0	0	0	0	0	0	0	0	0.17330273	0	0	0	0	0	0	0	0	0	0	0	0	0	0.18330396	0	0	0	0	0	0	0	0	0	0	0	0	0	0	0	0	0	0	0.12775638	0	0	0	0.93114741	0	0	0	0	0	0	0	0	0	0	0	0	0	0	0	0	0	0	0	0	0	0	0	0	0	0	0	0.19423994	0.1104815	0	0	0	0.13957339	0	0	0	0	0.19318182	0	0	0	0.42667497	0	0	0	0	0	0	0	0	0	0	0	0	0	0	0	0	0	0	0	0	0	0	0	0	0	0	0	0	0	0	0	0	0	0.19423994	0	0	0	0	0	0	0	0	0	0	0	0	0.93114741	0	0	0	0	0	0	0	0	0	0	0	0	0	0	0	0	0	0	0	0	0	0	0.17330273	0	0.14377682	0	1	0	0	0	0	0.19318182	0.20094354	0	0	0	0	0
0.12730627	0.31361777	0.29976953	0.22093023	0.22886071	0.34948756	0.19273743	0.1378952	0.42583597	0	0.23018128	0	0.14583333	0.14535599	0.19407677	0.19662921	0.15787067	0	0.10705466	0	0	0.14315353	0	0	0	0.13688213	0	0.15517241	0	0.14256198	0.5326245	0	0.20454545	0	0	0.14182195	0.16666667	0.14315353	0.15521751	0.18041237	0	0	0.13211839	0.14230769	0	0.14815458	0	0.1192053	0	0.15079365	0.1613094	0	0	0	0.14301506	0	0.18316832	0	0	0	0	0	0	0	0.14957265	0.19273743	0.133829	0	0	0	0	0.13211839	0	0	0	0	0.35865475	0	0	0.14566929	0	0	0.25611224	0.65665128	0.17692308	0.2	0	0	0.45159414	0.1485142	0.14256198	0.14031373	0	0.12907848	0.65665128	0	0.22477642	0	0.19793064	0	0	0	0.15254237	0	0.20391061	0.17326733	0	0.29264404	0	0.1908078	0.14583333	0	0	0	0	0.31361777	0	0	0.65665128	0.18041237	0	0	0	0.15289256	0.16666667	0.66323631	0.17391304	0	0.20454545	0	0	0.31022109	0	0	0	0	0	0	0	0.13399588	0	0	0	0	0.19791667	0.18041237	0	0	0.16949153	0	0.14705882	0.21258398	0.20454545	0.20454545	0.22185226	0	0.16995074	0.12020906	0.17040359	0	0	0	0	0	0	0.14935065	0	0.22041149	0.11538462	0	0	0	0	0.14435146	0.14182195	0.18041237	0.14734574	0.30589951	0.18041237	0.20454545	0	0	0	0	0	0	0.14583333	0	0	0	0.19	0.18041237	0	0.21590909	0.13460634	0	0	0	0.14435146	0.19047028	0	0.26976953	0.19249331	0	0.20454545	0.18041237	0	0.17857143	0.19003282	0.16348449	0.22185226	0	0	0	0	0.17326733	0.14705882	0	0.074074074	0	0	0	0	0.19662921	0	0.17326733	0.18	0.22093023	0.19273743	0.11616162	0.19662921	0	0	0	0.18041237	0	0	0	0	0.3318838	0	0.14256198	0	0.1409465	0	0.16126895	0	0	0.19273743	0.32716547	0.18	0.20454545	0	0	0	0	0	0.15319149	0.21681569	0	1	0.23018128	0	0	0	0	0	0.19	0.19791667	0	0
0.12730627	0.1491532	0.29976953	0.22093023	0.22886071	0.15508063	0.19273743	0.31745617	0.18419311	0	0.75563947	0	0.14583333	0.34242448	0.19407677	0.19662921	0.22388717	0	0.10705466	0	0	0.14315353	0	0	0	0.13688213	0	0.15517241	0.1980198	0.14256198	0.53293785	0	0.20454545	0.22916667	0	0.14182195	0.16666667	0.14315353	0.33569776	0.18041237	0	0	0.13211839	0	0.1557377	0.14815458	0	0.1192053	0	0	0.1613094	0	0	0	0.14301506	0.17699115	0	0	0	0	0	0	0	0	0.14957265	0.19273743	0.17035007	0	0	0	0	0.13211839	0	0.14503817	0	0	0.50235642	0	0	0	0.13380291	0	0.39288153	0.24847102	0.17692308	0	0	0	0.29570271	0.1485142	0.14256198	0.33626442	0	0.17543842	0.24847102	0	0.22477642	0	0.47973309	0	0	0	0.15254237	0	0	0.17326733	0	0.29264404	0	0.1908078	0.14583333	0	0	0	0	0.1491532	0	0	0.24847102	0.18041237	0	0	0	0	0.16666667	0.32716547	0	0	0.20454545	0	0	0.31022109	0	0	0	0	0	0	0	0.13399588	0.18627451	0	0	0	0	0.18041237	0.16086957	0	0	0	0.14705882	0.21258398	0.20454545	0.20454545	0.3290622	0	0.16995074	0.12020906	0	0	0	0	0	0	0	0.14935065	0	0.71365435	0.11538462	0	0	0	0	0.14435146	0.14182195	0.18041237	0.14734574	0.14658304	0.18041237	0.20454545	0	0	0	0	0	0	0.14583333	0	0	0	0	0.18041237	0.18627451	0	0.30902307	0	0	0	0.14435146	0.28211165	0	0.19	0.19249331	0	0.20454545	0.18041237	0	0	0.27579152	0.16348449	0.3290622	0	0	0	0	0.17326733	0.14705882	0.11191599	0.074074074	0.17241379	0	0	0	0.19662921	0	0.17326733	0.18	0.22093023	0.19273743	0.11616162	0.19662921	0	0	0	0.18041237	0	0	0	0	0	0	0.14256198	0	0.1409465	0	0.35849311	0	0	0.19273743	0.66323631	0.18	0.20454545	0	0	0	0	0	0.15319149	0.21681569	0	0.23018128	1	0	0	0	0	0	0.19	0	0	0
0.12639405	0	0	0	0	0	0	0.098290598	0	0	0	0	0	0	0	0	0.13148789	0	0	0	0	0.14016736	0	0	0.17708333	0	0	0	0	0	0	0	0	0	0.21764706	0	0	0	0	0	0	0	0	0	0	0	0.13492063	0	0	0.136	0.12582781	0.15789474	0	0.15652174	0	0	0	0	0.17156863	0.19072165	0	0.18095238	0.16666667	0.21685541	0	0	0	0	0	0	0	0	0	0	0	0.43264198	0	0	0.1374502	0	0	0	0	0	0	0.17676768	0	0	0	0	0	0	0.13593229	0.10787172	0	0	0	0	0	0.12452533	0.13432836	0	0	0	0	0	0	0	0	0	0	0	0	0.20689655	0	0	0	0	0	0	0	0	0	0	0	0	0	0	0	0	0	0	0.17326733	0	0	0.34021876	0	0	0.22352941	0	0	0.12068966	0	0	0	0	0	0	0	0	0	0.15789474	0	0	0	0.17431193	0	0	0	0.21764706	0	0.17676768	0.1956132	0.90847565	0	0	0.19491525	0	0	0.21764706	0	0	0	0	0	0	0	0	0	0	0	0	0.15065502	0.17326733	0	0	0	0	0.17431193	0	0	0	0	0	0.096100279	0.38491105	0.17	0	0	0.15625	0	0	0.14	0.185	0	0	0	0	0.13565891	0	0	0	0	0	0	0	0.1440678	0	0.12504359	0	0	0.14680851	0	0	0.14611649	0	0	0	0	0.11694915	0	0.28415317	0	0.33327385	0	0	0	0	0.32913797	0.17676768	0	0	0.14745011	0	0	0.11913043	0.1682243	0.152	0	0	0	0	0.14912281	0	0.19886364	0	0	0	0	0	0	0	1	0	0	0	0.074965612	0	0	0.14680851	0.17676768
0	0	0	0	0	0	0	0	0	0	0	0	0	0	0	0	0	0	0	0	0	0	0	0	0	0	0	0	0	0	0	0	0	0	0	0	0	0	0	0	0	0	0	0	0	0	0	0	0	0	0	0	0	0	0	0	0	0	0	0	0	0.26923077	0	0	0	0	0	0	0	0	0	0	0	0	0	0	0	0	0	0	0	0	0	0	0	0	0	0	0	0	0	0	0	0	0	0	0	0	0	0	0	0	0	0	0	0	0	0	0	0	0	0	0	0	0	0	0	0	0	0	0	0	0	0	0	0	0	0	0	0	0	0	0	0	0	0	0	0	0	0	0	0	0	0	0	0	0	0	0	0	0	0	0	0	0	0	0	0	0	0	0	0	0	0	0	0	0	0	0	0	0	0	0	0	0	0	0	0	0	0	0	0	0	0	0	0	0	0	0	0	0	0	0	0	0	0	0	0	0	0	0.27142857	0	0	0	0	0	0	0	0	0	0	0	0	0	0	0	0	0	0	0	0	0	0	0	0	0	0	0	0	0	0	0	0	0	0	0	0	0.62592593	0	0	0	0	0	0	0	0	0	0	0	0	0	0	0	0	0	0	0	0	0	0	0	0	0	1	0	0	0	0	0	0	0
0	0	0	0	0	0	0	0	0	0	0	0	0	0.15142133	0	0	0	0	0.11500208	0	0	0	0	0	0	0.26978286	0.23073205	0	0	0	0	0	0	0	0	0	0	0	0	0	0	0.84454125	0.14725722	0	0	0.13257576	0	0	0.3259597	0	0	0	0.17755433	0	0	0	0	0	0	0	0	0	0	0	0	0	0.18629287	0	0	0	0.16571184	0.14725722	0	0.21612706	0	0	0	0	0	0	0	0	0	0	0	0	0	0	0	0.16816987	0	0.11589404	0	0	0	0	0	0.84454125	0	0	0	0	0	0	0	0	0.21750924	0	0	0	0	0	0	0	0	0	0	0	0	0	0.23073205	0	0	0	0	0	0	0	0	0	0	0	0	0	0	0	0	0	0	0.14868865	0	0	0	0.19318182	0	0	0	0	0	0	0	0	0	0	0	0	0	0	0	0	0	0	0	0	0	0	0	0	0	0	0	0.24952757	0.10501567	0	0	0	0.16458122	0	0	0	0	0.5757496	0	0	0	0.31355932	0	0	0	0	0	0	0	0	0	0	0	0	0	0	0	0	0	0	0	0	0	0	0	0	0	0	0	0	0	0	0	0	0	0.24952757	0	0	0	0	0	0	0	0	0	0	0	0	0.19318182	0	0	0	0	0	0	0	0	0	0	0	0	0	0	0	0	0	0	0	0	0	0	0.21750924	0	0.32123569	0	0.19318182	0	0	0	0	1	0.25462658	0	0	0	0	0
0	0	0	0	0	0	0	0	0	0	0	0	0	0.15991274	0	0	0	0	0.39744171	0	0	0	0	0	0	0.16001516	0.76674513	0	0	0	0	0	0	0	0	0	0	0	0	0	0	0.25462658	0.34674105	0	0	0.14434872	0	0	0.30624129	0	0	0	0.6119138	0	0	0	0	0	0	0	0	0	0	0	0	0	0.18142619	0	0	0	0.52369313	0.58164806	0	0.81329989	0	0	0	0	0	0	0	0	0	0	0	0	0	0	0	0.16881336	0	0.12883043	0	0	0	0	0	0.25462658	0	0	0	0	0	0	0	0	0.66436346	0	0	0	0	0	0	0	0	0	0	0	0	0	0.76674513	0	0	0	0	0	0	0	0	0	0	0	0	0	0	0	0	0	0	0.15261102	0	0	0	0.20094354	0	0	0	0	0	0	0	0	0	0	0	0	0	0	0	0	0	0	0	0	0	0	0	0	0	0	0	0.24213969	0.092	0	0	0	0.16519475	0	0	0	0	0.25462658	0	0	0	0.2183908	0	0	0	0	0	0	0	0	0	0	0	0	0	0	0	0	0	0	0	0	0	0	0	0	0	0	0	0	0	0	0	0	0	0.24213969	0	0	0	0	0	0	0	0	0	0	0	0	0.20094354	0	0	0	0	0	0	0	0	0	0	0	0	0	0	0	0	0	0	0	0	0	0	0.66436346	0	0.18075809	0	0.20094354	0	0	0	0	0.25462658	1	0	0	0	0	0
0.075574368	0	0	0	0	0	0	0.072943465	0	0	0	0	0.080652728	0	0.070918232	0	0	0	0	0.086169216	0	0.070910556	0.083662374	0	0	0	0	0	0.088855303	0.078501327	0	0	0	0.098195747	0	0	0.093055376	0.080416532	0	0	0	0	0	0.06916129	0	0	0	0.06364284	0	0	0.068251715	0.074965612	0.079644989	0.098225103	0	0.084284094	0	0	0.10545765	0	0	0.098302126	0.096386385	0.076611737	0	0	0	0.07269621	0.10194525	0	0	0	0	0	0.11051796	0.074637086	0	0	0.09522627	0	0.092735197	0	0	0	0	0	0.095471156	0.15957072	0	0	0.078501327	0	0.095793417	0	0	0	0	0	0	0.061675978	0.10963638	0	0.084792575	0	0	0	0	0	0	0	0.080652728	0	0	0.13048173	0.092161529	0	0	0	0	0	0	0.079291316	0	0	0	0	0.075103164	0	0	0.081296024	0	0.086827238	0	0	0	0.076290741	0	0	0.090980763	0	0	0.14509346	0	0	0	0	0	0.077490775	0.10244347	0.10631871	0.084373512	0.11599482	0	0	0	0.096568292	0	0	0	0	0.084058954	0	0.098639719	0.071660797	0	0	0.10326427	0	0.079210381	0	0	0	0	0	0	0	0	0	0	0	0.13794805	0	0.092174274	0	0	0	0.080652728	0	0.096568292	0	0	0	0.079661512	0	0.071945075	0.079146094	0	0	0	0	0	0	0.069404356	0	0	0	0	0.076108168	0	0	0	0	0	0	0	0	0.072452014	0.076646187	0.062098939	0	0	0.097987162	0	0	0.08601022	0	0	0	0	0.062455047	0	0	0	0.085935177	0	0.10046923	0	0	0	0	0.090562448	0.078501327	0	0.07733086	0	0.078373061	0.07734885	0.086553726	0	0	0	0	0	0	0.11235072	0	0	0	0.092207868	0	0	0	0.074965612	0	0	0	1	0	0	0.097987162	0
0.18565628	0.13915547	0.23809524	0.45835946	0.19892473	0.13984674	0.33520518	0.11838006	0.37304608	0	0.19	0	0.2251212	0.12337662	0.1712963	0.35676641	0.14092664	0	0.19547904	0	0	0.21510812	0	0	0	0.37141818	0	0.26108482	0	0.21103142	0.16964286	0	0.39299689	0	0	0.26751911	0.30208875	0.21510812	0.3063981	0.45554134	0	0	0.115625	0	0	0.12937063	0	0.18706281	0	0	0.13970588	0	0	0	0.21148511	0	0	0	0	0	0	0	0	0	0.33468692	0.65089624	0.16033755	0	0	0	0	0.115625	0	0	0	0	0.28571429	0	0	0	0	0	0.54522436	0.20652174	0.30015031	0	0	0	0.16101695	0.13721805	0.21103142	0.11728395	0	0.26946372	0.20652174	0	0.49249575	0	0.1728972	0	0	0	0.25110646	0	0	0.29893546	0	0.23529412	0	0.59383953	0.2251212	0	0	0	0	0.13915547	0	0	0.20652174	0.31852025	0	0	0	0	0.27193504	0.25641026	0	0	0.39299689	0	0	0.24390244	0	0	0	0	0	0	0	0.12248322	0	0	0	0	0	0.31852025	0	0	0	0	0.23163221	0.18686869	0.39299689	0.39299689	0.19473684	0	0.28244983	0.23546881	0	0	0	0	0	0	0	0.23594181	0	0.18269231	0.17972672	0	0	0	0	0.29195092	0.26751911	0.66041889	0.13670412	0.13705104	0.31852025	0.39299689	0	0	0	0	0	0	0.2251212	0	0	0	0	0.31852025	0	0	0.11550152	0	0	0	0.29195092	0.16371681	0	0.23809524	0.23240019	0	0.39299689	0.66041889	0	0	0.16666667	0.25653171	0.19473684	0	0	0	0	0.29903808	0.23163221	0	0.097909412	0	0	0	0	0.35676641	0	0.29893546	0.32737876	0.45835946	0.33520518	0.16696311	0.35676641	0	0	0	0.31852025	0	0	0	0	0	0	0.21103142	0	0.20293971	0	0.2416797	0	0	0.65089624	0.25641026	0.32737876	0.39299689	0	0	0	0	0	0.24352013	0.26389145	0	0.19	0.19	0	0	0	0	0	1	0	0	0
0	0.17521281	0	0	0	0.1854052	0	0	0.16363636	0	0	0	0	0	0	0	0	0	0	0	0	0	0	0	0	0	0	0	0	0	0.17592593	0	0	0	0	0	0	0	0	0	0	0	0	0.55045563	0	0	0	0	0	0.16981132	0	0	0	0	0	0	0.48125178	0	0	0	0	0	0	0	0	0	0	0	0	0	0	0	0	0	0	0	0	0	0	0.1635514	0	0	0	0.3491712	0	0.2375	0	0	0.35285227	0	0	0	0	0	0.21590909	0	0	0	0	0	0	0	0	0	0.35677704	0	0	0	0	0	0	0	0	0	0	0.17521281	0	0	0.21590909	0	0	0	0	0.36640217	0	0.28378378	0.2720075	0	0	0	0	0	0	0	0	0	0	0	0	0	0	0	0	0	0.60101238	0	0	0	0.19387755	0	0	0	0	0	0	0	0	0	0.19672131	0	0	0	0	0	0	0	0	0	0	0	0	0	0	0	0	0	0	0.1717932	0	0	0	0	0	0	0	0	0	0	0	0	0.55211682	0	0	0.26470588	0	0	0	0	0	0	0	0.55144082	0	0	0	0	0	0.20652174	0	0	0	0	0	0	0	0	0	0	0	0	0	0	0	0	0	0	0	0	0	0	0	0	0	0	0	0	0	0	0	0.2375	0	0	0	0	0	0	0	0	0	0	0	0	0	0	0	0	0	0	0	0	0.19791667	0	0	0	0	0	0	0	1	0	0
0	0	0	0	0	0	0	0.092178771	0	0	0	0	0	0	0	0	0	0	0	0	0	0	0	0	0	0	0	0	0	0	0	0	0	0	0	0	0	0	0	0	0	0	0	0	0	0	0	0	0	0	0.15375584	0.14680851	0.16465604	0.14556962	0	0	0	0.10769231	0.15876777	0	0	0.16820276	0.15420561	0	0	0	0	0.1499708	0.27874091	0	0	0	0.20903955	0	0	0.14556962	0	0	0.89359046	0	0.14326086	0	0	0	0	0	0.16746411	0	0	0	0	0	0.15383533	0	0	0	0	0	0	0	0.16727097	0	0	0	0	0	0	0	0	0	0	0	0	0.19060773	0.22307301	0	0	0	0	0	0	0.17061611	0	0	0	0	0.15319149	0	0	0	0	0	0	0	0	0.19515343	0	0.1840796	0.29489751	0	0	0.18377636	0	0	0	0	0	0.16289593	0.23624083	0	0	0.14680851	0	0	0	0.16222222	0	0	0	0	0.18508901	0	0.23925841	0.13842975	0	0	0.17934783	0	0	0	0	0	0	0	0	0	0	0	0	0	0.21538946	0	0.13983051	0.16746411	0	0	0	0	0.16222222	0.19337017	0	0	0.1722488	0	0.090163934	0.21494084	0	0	0	0	0.26732307	0	0.13035019	0	0	0	0	0.15720524	0	0	0	0	0	0	0	0	0	0.11541816	0.10642445	0	0	0.94713553	0	0	0.18083262	0	0	0	0	0.1282599	0	0	0	0.18905473	0	0.19688003	0	0	0	0	0.21481419	0	0	0	0	0.11120543	0.46463404	0.18160493	0	0	0	0	0	0.18579235	0.18306011	0	0	0	0	0	0	0	0.14680851	0	0	0	0.097987162	0	0	1	0.1804878
0.1911659	0	0	0	0	0	0	0	0	0	0	0	0	0	0	0	0	0	0	0	0	0.21414936	0	0	0.31756189	0	0	0	0	0	0	0	0	0	0.27142857	0	0	0	0	0	0	0	0	0	0	0	0.32057296	0	0	0.2171685	0	0	0	0	0	0	0	0.13194444	0	0.37862595	0	0	0	0.19886364	0	0	0	0	0	0	0	0	0.28571429	0	0	0.18	0	0	0.16742081	0	0.098958333	0	0	0	0	0.32638023	0.34757846	0	0	0	0	0	0	0	0	0	0	0	0	0.14744262	0	0	0	0	0	0	0	0	0	0	0	0	0	0	0	0	0	0	0	0	0	0	0	0	0	0	0	0	0	0	0	0	0.31269474	0	0	0.19491525	0	0.24390244	0	0	0	0	0	0	0	0	0	0	0	0	0	0	0	0	0	0	0	0	0	0.45583683	0	0.21428571	0	0.16829268	0	0	0	0	0	0.45583683	0	0	0	0	0	0	0	0	0	0	0.16666667	0	0	0.58798825	0	0	0	0	0	0.43229322	0	0	0	0	0	0.20114943	0.29805725	0	0	0	0.24390244	0	0	0.22352941	0	0	0	0	0.15789474	0	0	0	0	0	0	0	0.23046801	0.08685446	0	0	0	0.1804878	0	0	0	0	0	0	0	0	0	0.25	0	0	0	0	0	0	0.27142857	0.32638023	0	0	0.23528496	0	0	0	0.2173913	0	0	0	0	0	0.24758984	0.25342466	0	0	0	0	0	0	0	0	0.17676768	0	0	0	0	0	0	0.1804878	1
