1,1,3
1,3,3
1,4,3
1,5,3
1,6,3
1,8,3
1,9,3
1,12,3
1,13,3
1,16,3
1,19,3
1,28,3
1,34,3
1,37,3
1,46,3
1,48,3
1,49,3
1,51,3
1,53,3
1,55,3
1,73,3
1,77,3
1,80,3
1,94,3
1,106,3
1,108,3
1,112,3
1,137,3
1,138,3
1,160,3
1,175,3
1,190,3
1,225,3
1,228,3
1,229,3
2,1,3
2,3,3
2,4,3
2,5,3
2,6,3
2,8,3
2,9,3
2,14,3
2,16,3
2,24,3
2,28,3
2,36,3
2,41,3
2,42,3
2,46,3
2,47,3
2,48,3
2,62,3
2,65,3
2,66,3
2,67,3
2,80,3
2,94,3
2,97,3
2,108,3
2,125,3
2,138,3
2,140,3
2,145,3
2,149,3
2,239,3
3,2,3
3,3,3
3,4,3
3,5,3
3,6,3
3,9,3
3,14,3
3,16,3
3,19,3
3,24,3
3,28,3
3,31,3
3,32,3
3,36,3
3,37,3
3,43,3
3,46,3
3,47,3
3,57,3
3,64,3
3,65,3
3,77,3
3,79,3
3,89,3
3,90,3
3,94,3
3,106,3
3,129,3
3,140,3
3,160,3
3,161,3
3,175,3
3,177,3
3,183,3
3,201,3
3,232,3
3,239,3
4,2,3
4,3,3
4,5,3
4,6,3
4,9,3
4,11,3
4,12,3
4,14,3
4,16,3
4,17,3
4,19,3
4,24,3
4,25,3
4,26,3
4,28,3
4,29,3
4,31,3
4,32,3
4,36,3
4,41,3
4,43,3
4,46,3
4,49,3
4,52,3
4,55,3
4,59,3
4,64,3
4,65,3
4,67,3
4,77,3
4,89,3
4,90,3
4,94,3
4,97,3
4,106,3
4,108,3
4,110,3
4,138,3
4,140,3
4,175,3
4,177,3
4,183,3
4,195,3
4,196,3
4,202,3
5,1,3
5,3,3
5,4,3
5,5,3
5,6,3
5,9,3
5,16,3
5,24,3
5,28,3
5,29,3
5,31,3
5,34,3
5,35,3
5,36,3
5,38,3
5,46,3
5,57,3
5,61,3
5,64,3
5,65,3
5,71,3
5,94,3
5,106,3
5,111,3
5,113,3
5,114,3
5,132,3
5,145,3
5,160,3
5,161,3
5,178,3
5,182,3
5,187,3
5,202,3
5,207,3
5,239,3
5,240,3
6,3,3
6,5,3
6,6,3
6,9,3
6,13,3
6,16,3
6,22,3
6,24,3
6,28,3
6,31,3
6,34,3
6,36,3
6,46,3
6,52,3
6,55,3
6,62,3
6,65,3
6,66,3
6,78,3
6,82,3
6,83,3
6,94,3
6,97,3
6,106,3
6,107,3
6,108,3
6,124,3
6,147,3
6,157,3
6,160,3
6,166,3
7,3,3
7,5,3
7,6,3
7,9,3
7,13,3
7,31,3
7,34,3
7,36,3
7,46,3
7,49,3
7,83,3
7,89,3
7,97,3
7,104,3
7,106,3
7,119,3
7,140,3
7,157,3
7,166,3
7,171,3
8,2,3
8,3,3
8,5,3
8,9,3
8,17,3
8,24,3
8,36,3
8,49,3
8,77,3
8,83,3
8,94,3
8,106,3
8,148,3
8,175,3
8,190,3
9,3,3
9,4,3
9,9,3
9,14,3
9,16,3
9,28,3
9,36,3
9,42,3
9,43,3
9,46,3
9,77,3
9,90,3
9,102,3
9,106,3
9,111,3
9,132,3
9,151,3
10,3,3
10,4,3
10,9,3
10,14,3
10,28,3
10,36,3
10,43,3
10,46,3
10,65,3
10,77,3
10,90,3
10,102,3
10,106,3
10,111,3
10,132,3
10,151,3
11,3,3
11,5,3
11,9,3
11,24,3
11,31,3
11,36,3
11,43,3
11,46,3
11,65,3
11,71,3
11,91,3
11,108,3
11,148,3
11,175,3
12,2,3
12,3,3
12,6,3
12,7,3
12,9,3
12,19,3
12,24,3
12,28,3
12,31,3
12,34,3
12,40,3
12,46,3
12,47,3
12,49,3
12,54,3
12,64,3
12,65,3
12,68,3
12,81,3
12,84,3
12,85,3
12,86,3
12,97,3
12,106,3
12,119,3
12,124,3
12,147,3
12,168,3
12,179,3
12,215,3
12,217,3
13,1,3
13,2,3
13,3,3
13,4,3
13,5,3
13,6,3
13,9,3
13,13,3
13,14,3
13,16,3
13,20,3
13,24,3
13,28,3
13,29,3
13,31,3
13,34,3
13,36,3
13,37,3
13,38,3
13,42,3
13,43,3
13,46,3
13,47,3
13,48,3
13,49,3
13,52,3
13,61,3
13,65,3
13,66,3
13,68,3
13,91,3
13,97,3
13,106,3
13,108,3
13,114,3
13,116,3
13,149,3
13,154,3
13,158,3
13,160,3
13,175,3
13,187,3
13,189,3
13,193,3
13,227,3
14,3,3
14,5,3
14,6,3
14,9,3
14,28,3
14,40,3
14,46,3
14,84,3
14,90,3
14,125,3
14,160,3
15,3,3
15,5,3
15,6,3
15,9,3
15,28,3
15,84,3
15,90,3
15,125,3
15,160,3
16,3,3
16,5,3
16,6,3
16,9,3
16,28,3
16,40,3
16,84,3
16,90,3
16,125,3
16,160,3
17,3,3
17,5,3
17,9,3
17,18,3
17,28,3
17,31,3
17,41,3
17,46,3
17,55,3
17,68,3
17,77,3
17,90,3
17,114,3
17,160,3
18,3,3
18,5,3
18,6,3
18,9,3
18,18,3
18,24,3
18,28,3
18,36,3
18,46,3
18,77,3
18,90,3
18,97,3
18,160,3
18,224,3
19,3,3
19,5,3
19,9,3
19,14,3
19,18,3
19,19,3
19,28,3
19,29,3
19,31,3
19,54,3
19,57,3
19,77,3
19,90,3
19,160,3
19,171,3
20,3,3
20,5,3
20,9,3
20,18,3
20,28,3
20,48,3
20,57,3
20,77,3
20,90,3
20,160,3
21,3,3
21,5,3
21,9,3
21,14,3
21,28,3
21,40,3
21,90,3
21,158,3
21,160,3
22,3,3
22,5,3
22,9,3
22,14,3
22,28,3
22,40,3
22,90,3
22,160,3
23,3,3
23,5,3
23,9,3
23,18,3
23,24,3
23,28,3
23,36,3
23,77,3
23,90,3
23,97,3
23,160,3
24,3,3
24,5,3
24,9,3
24,14,3
24,18,3
24,28,3
24,31,3
24,61,3
24,77,3
24,83,3
24,90,3
24,160,3
25,1,3
25,4,3
25,9,3
25,16,3
25,43,3
25,86,3
25,170,3
26,1,3
26,5,3
26,9,3
26,65,3
26,86,3
27,1,3
27,5,3
27,9,3
27,65,3
27,86,3
28,9,3
28,36,3
28,65,3
28,106,3
29,1,3
29,2,3
29,3,3
29,4,3
29,5,3
29,6,3
29,9,3
29,12,3
29,13,3
29,14,3
29,16,3
29,19,3
29,23,3
29,24,3
29,25,3
29,28,3
29,29,3
29,31,3
29,32,3
29,36,3
29,37,3
29,41,3
29,42,3
29,46,3
29,47,3
29,48,3
29,52,3
29,59,3
29,65,3
29,67,3
29,72,3
29,73,3
29,75,3
29,80,3
29,83,3
29,84,3
29,86,3
29,89,3
29,94,3
29,106,3
29,108,3
29,112,3
29,113,3
29,119,3
29,124,3
29,135,3
29,146,3
29,151,3
29,160,3
29,163,3
29,169,3
29,171,3
29,190,3
29,191,3
29,199,3
29,200,3
29,205,3
29,208,3
29,221,3
29,223,3
29,229,3
30,1,3
30,3,3
30,9,3
30,28,3
30,36,3
30,46,3
30,51,3
30,52,3
30,55,3
30,61,3
30,65,3
30,83,3
30,97,3
30,155,3
30,194,3
30,237,3
31,1,3
31,3,3
31,4,3
31,6,3
31,9,3
31,14,3
31,31,3
31,46,3
31,48,3
31,54,3
31,55,3
31,65,3
31,94,3
31,106,3
31,187,3
31,194,3
31,200,3
31,225,3
31,228,3
32,1,3
32,3,3
32,6,3
32,9,3
32,14,3
32,31,3
32,46,3
32,48,3
32,55,3
32,65,3
32,106,3
32,194,3
32,200,3
32,225,3
32,228,3
33,3,3
33,4,3
33,5,3
33,9,3
33,16,3
33,18,3
33,28,3
33,31,3
33,48,3
33,65,3
33,80,3
33,100,3
33,106,3
33,108,3
33,160,3
34,6,3
34,9,3
34,48,3
35,5,3
35,9,3
35,11,3
35,17,3
35,35,3
35,43,3
35,46,3
35,60,3
35,77,3
35,83,3
35,157,3
35,160,3
35,162,3
35,200,3
36,5,3
36,9,3
36,11,3
36,17,3
36,35,3
36,43,3
36,46,3
36,60,3
36,77,3
36,83,3
36,157,3
36,160,3
36,162,3
36,200,3
37,3,3
37,5,3
37,9,3
37,16,3
37,24,3
37,36,3
37,106,3
37,138,3
37,160,3
38,1,3
38,3,3
38,6,3
38,9,3
38,14,3
38,34,3
38,36,3
38,47,3
38,65,3
38,80,3
38,102,3
38,108,3
38,138,3
38,140,3
39,4,3
39,5,3
39,6,3
39,9,3
39,11,3
39,17,3
39,19,3
39,24,3
39,29,3
39,36,3
39,42,3
39,66,3
39,87,3
39,104,3
39,106,3
39,239,3
40,6,3
40,14,3
40,35,3
40,41,3
40,43,3
40,46,3
40,60,3
40,77,3
40,86,3
40,89,3
40,106,3
40,162,3
41,6,3
41,14,3
41,35,3
41,41,3
41,43,3
41,46,3
41,60,3
41,86,3
41,89,3
41,106,3
41,162,3
42,3,3
42,6,3
42,9,3
42,11,3
42,12,3
42,14,3
42,19,3
42,27,3
42,28,3
42,31,3
42,36,3
42,46,3
42,48,3
42,49,3
42,64,3
42,65,3
42,66,3
42,71,3
42,108,3
42,160,3
42,168,3
42,215,3
43,3,3
43,6,3
43,9,3
43,12,3
43,28,3
43,31,3
43,72,3
43,119,3
44,3,3
44,9,3
44,12,3
44,14,3
44,24,3
44,31,3
44,36,3
44,46,3
44,48,3
44,65,3
44,66,3
44,94,3
44,106,3
44,108,3
44,147,3
45,1,3
45,3,3
45,4,3
45,5,3
45,6,3
45,9,3
45,11,3
45,13,3
45,16,3
45,24,3
45,25,3
45,28,3
45,30,3
45,31,3
45,35,3
45,37,3
45,38,3
45,46,3
45,47,3
45,48,3
45,74,3
45,75,3
45,78,3
45,83,3
45,87,3
45,89,3
45,102,3
45,106,3
45,108,3
45,138,3
45,140,3
45,145,3
45,154,3
45,160,3
45,162,3
45,196,3
45,198,3
45,215,3
45,232,3
46,1,3
46,2,3
46,3,3
46,5,3
46,6,3
46,9,3
46,11,3
46,19,3
46,23,3
46,24,3
46,26,3
46,28,3
46,31,3
46,35,3
46,36,3
46,46,3
46,48,3
46,54,3
46,61,3
46,65,3
46,66,3
46,68,3
46,83,3
46,84,3
46,86,3
46,106,3
46,108,3
46,152,3
46,160,3
46,168,3
46,175,3
46,193,3
46,194,3
46,200,3
46,213,3
46,240,3
47,3,3
47,14,3
47,65,3
47,175,3
48,3,3
48,14,3
48,65,3
48,175,3
49,2,3
49,3,3
49,5,3
49,6,3
49,9,3
49,18,3
49,19,3
49,28,3
49,29,3
49,31,3
49,43,3
49,46,3
49,48,3
49,65,3
49,83,3
49,86,3
49,106,3
49,108,3
49,110,3
49,158,3
49,162,3
49,177,3
50,6,3
50,9,3
50,14,3
50,19,3
50,43,3
50,49,3
50,79,3
50,135,3
51,3,3
51,5,3
51,6,3
51,9,3
51,14,3
51,18,3
51,19,3
51,28,3
51,32,3
51,36,3
51,46,3
51,77,3
51,83,3
51,89,3
51,94,3
51,102,3
51,106,3
51,125,3
51,127,3
51,140,3
51,152,3
51,161,3
52,3,3
52,5,3
52,6,3
52,19,3
52,36,3
52,54,3
52,65,3
52,106,3
52,133,3
52,138,3
52,160,3
53,3,3
53,6,3
53,9,3
53,16,3
53,24,3
53,32,3
53,65,3
53,177,3
53,237,3
54,1,3
54,3,3
54,5,3
54,6,3
54,9,3
54,14,3
54,23,3
54,24,3
54,28,3
54,31,3
54,36,3
54,46,3
54,48,3
54,61,3
54,65,3
54,68,3
54,83,3
54,84,3
54,91,3
54,94,3
54,97,3
54,119,3
54,152,3
54,160,3
54,168,3
54,177,3
54,193,3
54,208,3
54,213,3
55,3,3
55,5,3
55,6,3
55,7,3
55,9,3
55,14,3
55,16,3
55,19,3
55,24,3
55,28,3
55,32,3
55,36,3
55,43,3
55,46,3
55,47,3
55,48,3
55,65,3
55,75,3
55,81,3
55,83,3
55,97,3
55,106,3
55,108,3
55,119,3
55,158,3
55,160,3
55,168,3
55,177,3
55,180,3
55,231,3
56,3,3
56,4,3
56,5,3
56,9,3
56,14,3
56,19,3
56,26,3
56,27,3
56,28,3
56,31,3
56,43,3
56,45,3
56,46,3
56,49,3
56,55,3
56,72,3
56,97,3
56,106,3
56,158,3
56,175,3
56,177,3
57,3,3
57,6,3
57,9,3
57,14,3
57,31,3
57,46,3
57,65,3
57,72,3
57,80,3
57,89,3
57,94,3
57,101,3
57,108,3
57,119,3
57,127,3
57,138,3
57,177,3
58,3,3
58,5,3
58,6,3
58,9,3
58,11,3
58,14,3
58,19,3
58,28,3
58,31,3
58,36,3
58,37,3
58,43,3
58,46,3
58,49,3
58,65,3
58,66,3
58,72,3
58,77,3
58,83,3
58,90,3
58,94,3
58,108,3
58,119,3
58,124,3
58,177,3
58,195,3
58,196,3
58,224,3
58,234,3
59,1,3
59,3,3
59,4,3
59,5,3
59,6,3
59,9,3
59,14,3
59,16,3
59,32,3
59,36,3
59,38,3
59,40,3
59,43,3
59,46,3
59,55,3
59,61,3
59,65,3
59,76,3
59,106,3
59,108,3
59,158,3
59,175,3
59,178,3
59,187,3
59,227,3
60,1,3
60,3,3
60,4,3
60,5,3
60,6,3
60,9,3
60,11,3
60,13,3
60,14,3
60,16,3
60,19,3
60,24,3
60,25,3
60,31,3
60,32,3
60,34,3
60,35,3
60,36,3
60,37,3
60,38,3
60,43,3
60,46,3
60,48,3
60,66,3
60,84,3
60,89,3
60,91,3
60,106,3
60,108,3
60,116,3
60,138,3
60,140,3
60,158,3
60,162,3
60,175,3
60,187,3
60,191,3
60,193,3
60,223,3
60,227,3
60,239,3
61,1,3
61,4,3
61,6,3
61,9,3
61,13,3
61,16,3
61,32,3
61,37,3
61,38,3
61,43,3
61,48,3
61,66,3
61,91,3
61,116,3
61,158,3
61,175,3
61,187,3
61,193,3
61,227,3
62,4,3
62,9,3
62,16,3
62,32,3
62,38,3
62,43,3
62,158,3
63,1,3
63,3,3
63,4,3
63,6,3
63,9,3
63,11,3
63,13,3
63,14,3
63,16,3
63,20,3
63,24,3
63,31,3
63,34,3
63,36,3
63,37,3
63,38,3
63,42,3
63,43,3
63,46,3
63,48,3
63,49,3
63,55,3
63,65,3
63,66,3
63,91,3
63,106,3
63,113,3
63,116,3
63,154,3
63,158,3
63,175,3
63,187,3
63,193,3
63,227,3
64,1,3
64,3,3
64,14,3
64,16,3
64,31,3
64,36,3
64,38,3
64,158,3
64,175,3
64,187,3
64,222,3
64,227,3
65,3,3
65,14,3
65,16,3
65,36,3
65,38,3
65,158,3
65,222,3
66,3,3
66,5,3
66,6,3
66,9,3
66,11,3
66,18,3
66,28,3
66,29,3
66,31,3
66,34,3
66,36,3
66,37,3
66,46,3
66,65,3
66,75,3
66,90,3
66,94,3
66,97,3
66,106,3
66,108,3
66,119,3
66,140,3
66,143,3
66,145,3
66,155,3
66,177,3
66,208,3
67,1,3
67,2,3
67,3,3
67,4,3
67,5,3
67,6,3
67,9,3
67,10,3
67,13,3
67,14,3
67,16,3
67,19,3
67,24,3
67,25,3
67,28,3
67,31,3
67,34,3
67,36,3
67,42,3
67,43,3
67,46,3
67,47,3
67,48,3
67,54,3
67,55,3
67,61,3
67,64,3
67,65,3
67,66,3
67,72,3
67,75,3
67,81,3
67,83,3
67,86,3
67,89,3
67,94,3
67,104,3
67,106,3
67,108,3
67,129,3
67,138,3
67,140,3
67,148,3
67,152,3
67,153,3
67,158,3
67,175,3
67,177,3
67,193,3
67,200,3
67,205,3
67,240,3
68,6,3
69,3,3
69,6,3
69,9,3
69,28,3
69,65,3
69,80,3
69,94,3
69,175,3
70,3,3
70,5,3
70,9,3
70,14,3
70,19,3
70,24,3
70,25,3
70,28,3
70,31,3
70,36,3
70,42,3
70,43,3
70,47,3
70,62,3
70,64,3
70,65,3
70,66,3
70,97,3
70,102,3
70,106,3
70,108,3
70,140,3
70,166,3
70,170,3
70,171,3
70,175,3
70,180,3
70,200,3
70,210,3
70,230,3
71,3,3
71,9,3
71,14,3
71,28,3
71,46,3
71,152,3
72,3,3
72,11,3
72,14,3
72,19,3
72,46,3
72,54,3
72,74,3
72,190,3
72,230,3
73,9,3
73,65,3
73,67,3
73,94,3
73,138,3
73,158,3
74,9,3
74,42,3
74,45,3
74,108,3
75,5,3
75,53,3
76,3,3
76,5,3
77,6,3
77,9,3
77,29,3
77,65,3
77,74,3
77,97,3
77,239,3
79,3,3
79,4,3
79,5,3
79,14,3
79,34,3
79,36,3
79,47,3
79,62,3
79,138,3
80,9,3
80,36,3
80,81,3
81,36,3
82,9,3
82,80,3
82,204,3
83,9,3
84,3,3
84,14,3
84,19,3
84,52,3
84,119,3
85,28,3
85,65,3
85,127,3
86,17,3
87,3,3
87,5,3
87,6,3
87,24,3
87,31,3
87,46,3
87,48,3
87,68,3
87,86,3
87,89,3
87,90,3
87,102,3
87,108,3
88,3,3
88,9,3
88,16,3
88,32,3
88,108,3
88,133,3
88,135,3
88,160,3
89,3,3
89,86,3
89,90,3
89,157,3
89,162,3
90,6,3
90,42,3
90,61,3
90,72,3
90,97,3
90,106,3
90,236,3
91,3,3
91,9,3
91,24,3
91,204,3
92,3,3
92,5,3
92,6,3
92,9,3
92,11,3
92,12,3
92,13,3
92,14,3
92,16,3
92,19,3
92,20,3
92,25,3
92,29,3
92,32,3
92,37,3
92,45,3
92,46,3
92,54,3
92,61,3
92,89,3
92,106,3
92,134,3
92,157,3
92,158,3
92,199,3
93,3,3
93,5,3
93,8,3
93,9,3
93,14,3
93,31,3
93,55,3
93,65,3
93,66,3
93,80,3
93,89,3
93,92,3
93,111,3
93,138,3
93,226,3
94,3,3
94,9,3
94,19,3
94,36,3
94,38,3
94,65,3
94,74,3
94,114,3
94,135,3
94,206,3
95,2,3
95,3,3
95,6,3
95,9,3
95,14,3
95,19,3
95,77,3
95,222,3
96,3,3
96,5,3
96,9,3
96,31,3
96,34,3
96,36,3
96,93,3
96,175,3
97,3,3
97,5,3
97,9,3
97,13,3
97,16,3
97,22,3
97,28,3
97,36,3
97,48,3
97,52,3
97,157,3
97,183,3
98,3,3
98,4,3
98,5,3
98,6,3
98,9,3
98,11,3
98,12,3
98,13,3
98,16,3
98,19,3
98,24,3
98,25,3
98,28,3
98,34,3
98,36,3
98,37,3
98,45,3
98,46,3
98,47,3
98,59,3
98,62,3
98,70,3
98,71,3
98,80,3
98,102,3
98,104,3
98,108,3
98,138,3
98,147,3
98,160,3
98,199,3
99,3,3
99,5,3
99,6,3
99,9,3
99,11,3
99,14,3
99,19,3
99,28,3
99,31,3
99,34,3
99,37,3
99,46,3
99,64,3
99,65,3
99,72,3
99,86,3
99,90,3
99,94,3
99,97,3
99,101,3
99,105,3
99,108,3
99,119,3
99,175,3
99,177,3
99,188,3
99,224,3
100,3,3
100,6,3
100,9,3
100,14,3
100,19,3
100,28,3
100,36,3
100,46,3
100,106,3
100,119,3
100,196,3
100,226,3
101,1,3
101,3,3
101,6,3
101,9,3
101,11,3
101,31,3
101,42,3
101,46,3
101,55,3
101,65,3
101,66,3
101,84,3
101,85,3
101,97,3
101,108,3
101,133,3
101,165,3
101,177,3
101,200,3
101,202,3
101,224,3
101,239,3
102,3,3
102,4,3
102,6,3
102,8,3
102,9,3
102,24,3
102,47,3
102,52,3
102,59,3
102,65,3
102,81,3
102,84,3
102,106,3
102,140,3
102,238,3
103,3,3
103,6,3
103,9,3
103,28,3
103,42,3
103,46,3
103,83,3
103,108,3
103,113,3
103,147,3
103,189,3
104,3,3
104,9,3
104,14,3
104,17,3
104,28,3
104,32,3
104,43,3
104,65,3
104,66,3
104,81,3
104,89,3
104,94,3
104,106,3
104,108,3
104,135,3
104,140,3
104,162,3
104,168,3
104,236,3
105,9,3
105,12,3
105,24,3
105,28,3
105,31,3
105,87,3
105,119,3
106,5,3
106,6,3
106,9,3
106,19,3
106,31,3
106,86,3
106,106,3
106,108,3
107,2,3
107,5,3
107,6,3
107,9,3
107,14,3
107,16,3
107,31,3
107,36,3
107,46,3
107,108,3
108,3,3
108,9,3
108,28,3
108,116,3
110,5,3
110,9,3
112,89,3
112,108,3
113,6,3
113,19,3
113,106,3
114,3,3
114,6,3
114,9,3
114,11,3
114,14,3
114,29,3
114,31,3
114,49,3
114,106,3
114,108,3
115,5,3
115,6,3
115,9,3
115,14,3
115,31,3
115,45,3
115,46,3
115,48,3
115,52,3
115,75,3
115,212,3
116,1,3
116,2,3
116,3,3
116,4,3
116,5,3
116,6,3
116,8,3
116,9,3
116,10,3
116,11,3
116,12,3
116,13,3
116,14,3
116,16,3
116,17,3
116,19,3
116,24,3
116,26,3
116,28,3
116,31,3
116,32,3
116,34,3
116,36,3
116,41,3
116,43,3
116,46,3
116,47,3
116,48,3
116,49,3
116,52,3
116,56,3
116,61,3
116,63,3
116,64,3
116,65,3
116,66,3
116,67,3
116,72,3
116,74,3
116,77,3
116,78,3
116,83,3
116,86,3
116,89,3
116,91,3
116,94,3
116,97,3
116,102,3
116,103,3
116,106,3
116,108,3
116,109,3
116,116,3
116,119,3
116,133,3
116,134,3
116,138,3
116,140,3
116,143,3
116,148,3
116,152,3
116,160,3
116,162,3
116,175,3
116,200,3
116,202,3
116,206,3
116,208,3
116,239,3
116,240,3
117,3,3
117,55,3
117,65,3
117,106,3
117,119,3
117,183,3
117,200,3
118,3,3
118,31,3
118,55,3
118,65,3
118,106,3
118,200,3
119,3,3
119,6,3
119,24,3
119,34,3
119,36,3
119,46,3
119,51,3
119,65,3
119,67,3
119,87,3
119,94,3
119,114,3
119,147,3
119,170,3
120,3,3
120,9,3
120,17,3
120,19,3
120,43,3
120,46,3
120,83,3
120,108,3
121,3,3
121,9,3
121,17,3
121,19,3
121,43,3
121,46,3
121,83,3
122,3,3
122,4,3
122,5,3
122,6,3
122,9,3
122,14,3
122,16,3
122,31,3
122,34,3
122,46,3
122,64,3
122,65,3
122,67,3
122,70,3
122,72,3
122,74,3
122,94,3
122,97,3
122,106,3
122,108,3
122,111,3
122,135,3
122,157,3
122,177,3
122,198,3
122,199,3
122,200,3
122,212,3
122,229,3
123,3,3
123,6,3
123,9,3
123,16,3
123,36,3
123,46,3
124,3,3
124,5,3
124,9,3
124,13,3
124,16,3
124,22,3
124,28,3
124,36,3
124,48,3
124,52,3
124,157,3
125,2,3
125,3,3
125,4,3
125,9,3
125,19,3
125,33,3
125,34,3
125,41,3
125,46,3
125,47,3
125,65,3
125,83,3
125,108,3
125,129,3
125,177,3
126,3,3
126,6,3
126,9,3
126,24,3
126,36,3
126,41,3
126,46,3
126,49,3
126,106,3
126,108,3
126,121,3
127,9,3
127,13,3
127,196,3
128,14,3
128,24,3
128,74,3
128,106,3
129,3,3
129,5,3
129,9,3
129,16,3
129,17,3
129,37,3
129,66,3
129,89,3
130,3,3
130,5,3
130,9,3
130,16,3
130,17,3
130,37,3
130,66,3
130,89,3
131,3,3
131,5,3
131,9,3
131,14,3
131,54,3
132,3,3
132,5,3
132,9,3
132,14,3
132,54,3
132,97,3
133,6,3
133,9,3
133,14,3
133,43,3
133,49,3
133,79,3
133,135,3
133,236,3
134,2,3
134,3,3
134,5,3
134,9,3
134,26,3
134,48,3
134,56,3
134,57,3
134,72,3
134,80,3
134,89,3
134,97,3
134,106,3
134,127,3
134,160,3
134,175,3
135,3,3
135,5,3
135,6,3
135,9,3
135,14,3
135,17,3
135,19,3
135,28,3
135,29,3
135,31,3
135,36,3
135,39,3
135,43,3
135,46,3
135,54,3
135,66,3
135,77,3
135,87,3
135,89,3
135,90,3
135,94,3
135,106,3
135,108,3
135,137,3
135,140,3
135,175,3
135,176,3
135,177,3
136,5,3
136,6,3
136,90,3
137,5,3
137,6,3
137,90,3
138,3,3
138,5,3
138,6,3
138,9,3
138,11,3
138,16,3
138,17,3
138,24,3
138,31,3
138,36,3
138,43,3
138,46,3
138,52,3
138,68,3
138,89,3
138,90,3
138,106,3
138,108,3
138,179,3
138,221,3
139,2,3
139,3,3
139,5,3
139,6,3
139,9,3
139,10,3
139,14,3
139,36,3
139,46,3
139,65,3
139,72,3
139,83,3
139,97,3
139,108,3
139,138,3
139,147,3
139,157,3
139,175,3
139,199,3
140,3,3
140,6,3
140,9,3
140,11,3
140,19,3
140,25,3
140,31,3
140,34,3
140,36,3
140,46,3
140,52,3
140,64,3
140,65,3
140,91,3
140,102,3
140,106,3
140,108,3
140,160,3
140,168,3
140,198,3
141,3,3
141,6,3
141,9,3
141,12,3
141,24,3
141,29,3
141,36,3
141,57,3
141,72,3
141,97,3
141,106,3
141,108,3
141,135,3
142,3,3
142,5,3
142,6,3
142,9,3
142,17,3
142,28,3
142,54,3
142,64,3
142,87,3
143,9,3
143,65,3
143,231,3
143,237,3
144,3,3
144,5,3
144,6,3
144,9,3
144,28,3
144,29,3
144,34,3
144,43,3
144,46,3
144,75,3
144,77,3
144,83,3
144,84,3
144,89,3
144,97,3
144,106,3
144,108,3
144,119,3
144,168,3
144,175,3
145,3,3
145,5,3
145,6,3
145,9,3
145,28,3
145,31,3
145,36,3
145,43,3
145,65,3
145,66,3
145,72,3
145,77,3
145,83,3
145,89,3
145,94,3
145,97,3
145,102,3
145,106,3
145,108,3
145,160,3
145,175,3
145,178,3
145,200,3
145,221,3
145,234,3
146,2,3
146,17,3
146,19,3
146,31,3
146,36,3
146,65,3
146,83,3
146,140,3
146,158,3
147,2,3
147,11,3
147,17,3
147,19,3
147,31,3
147,36,3
147,65,3
147,83,3
147,140,3
147,158,3
148,3,3
148,6,3
148,9,3
148,14,3
148,35,3
148,36,3
148,43,3
148,46,3
148,54,3
148,65,3
148,119,3
148,160,3
148,162,3
148,183,3
148,186,3
149,6,3
149,74,3
150,3,3
150,5,3
150,14,3
150,16,3
150,19,3
150,65,3
150,90,3
150,97,3
150,106,3
150,145,3
150,176,3
150,178,3
153,3,3
153,6,3
153,9,3
153,11,3
153,16,3
154,9,3
154,25,3
155,3,3
155,6,3
155,14,3
155,25,3
155,52,3
155,74,3
155,83,3
155,87,3
156,108,3
157,3,3
157,6,3
157,16,3
157,28,3
157,31,3
157,36,3
157,46,3
157,64,3
157,65,3
157,78,3
157,83,3
157,108,3
157,160,3
158,6,3
158,9,3
158,28,3
158,31,3
158,77,3
158,128,3
158,147,3
159,2,3
159,3,3
159,5,3
159,6,3
159,9,3
159,10,3
159,14,3
159,19,3
159,22,3
159,25,3
159,28,3
159,42,3
159,46,3
159,54,3
159,65,3
159,78,3
159,83,3
159,85,3
159,94,3
159,106,3
159,118,3
159,137,3
159,171,3
159,179,3
159,212,3
159,230,3
160,6,3
160,9,3
160,42,3
160,108,3
161,119,3
162,3,3
162,5,3
162,7,3
162,9,3
162,11,3
162,14,3
162,18,3
162,24,3
162,28,3
162,29,3
162,38,3
162,62,3
162,68,3
162,106,3
162,108,3
162,160,3
162,232,3
162,239,3
162,240,3
163,9,3
163,36,3
163,158,3
163,160,3
164,3,3
164,9,3
164,11,3
164,14,3
164,36,3
164,65,3
164,77,3
164,153,3
165,3,3
165,6,3
165,9,3
165,19,3
165,36,3
165,65,3
165,77,3
165,104,3
166,9,3
166,28,3
166,36,3
166,43,3
166,222,3
167,3,3
167,5,3
167,8,3
167,19,3
167,65,3
167,72,3
167,106,3
167,108,3
167,113,3
167,231,3
168,6,3
168,9,3
168,19,3
168,46,3
168,61,3
168,196,3
169,24,3
169,36,3
169,42,3
169,158,3
170,6,3
170,9,3
170,16,3
170,46,3
170,61,3
170,64,3
170,65,3
171,2,3
171,3,3
171,4,3
171,6,3
171,9,3
171,16,3
171,24,3
171,29,3
171,32,3
171,36,3
171,46,3
171,64,3
171,81,3
171,84,3
171,94,3
171,104,3
171,106,3
171,119,3
171,127,3
171,134,3
171,138,3
171,160,3
172,5,3
172,9,3
172,14,3
172,17,3
172,24,3
172,28,3
172,29,3
172,46,3
172,61,3
172,65,3
172,89,3
172,109,3
172,137,3
172,138,3
172,140,3
173,3,3
173,6,3
173,46,3
173,97,3
173,106,3
173,108,3
173,189,3
174,3,3
174,4,3
174,5,3
174,6,3
174,9,3
174,14,3
174,16,3
174,25,3
174,28,3
174,29,3
174,32,3
174,36,3
174,42,3
174,46,3
174,55,3
174,65,3
174,74,3
174,80,3
174,83,3
174,86,3
174,94,3
174,106,3
174,108,3
174,109,3
174,119,3
174,125,3
174,134,3
174,138,3
174,145,3
174,158,3
174,160,3
175,41,3
175,95,3
175,108,3
175,175,3
176,5,3
176,6,3
176,9,3
176,14,3
176,28,3
176,47,3
176,48,3
177,5,3
177,45,3
178,5,3
178,6,3
178,9,3
178,31,3
178,36,3
178,46,3
178,106,3
179,6,3
179,7,3
179,9,3
179,12,3
179,16,3
179,34,3
179,37,3
179,61,3
179,65,3
179,106,3
179,138,3
179,171,3
179,183,3
180,60,3
180,87,3
180,97,3
180,145,3
181,6,3
181,9,3
181,177,3
182,18,3
182,77,3
183,9,3
183,137,3
184,3,3
184,9,3
185,3,3
185,5,3
185,6,3
185,9,3
185,19,3
185,24,3
185,28,3
185,29,3
185,31,3
185,32,3
185,36,3
185,37,3
185,42,3
185,46,3
185,55,3
185,65,3
185,66,3
185,74,3
185,81,3
185,91,3
185,97,3
185,108,3
185,111,3
185,118,3
185,128,3
185,138,3
185,160,3
185,161,3
185,171,3
185,196,3
186,3,3
186,5,3
186,6,3
186,9,3
186,13,3
186,28,3
186,31,3
186,46,3
186,64,3
186,65,3
186,66,3
186,80,3
186,102,3
186,106,3
186,108,3
187,14,3
187,28,3
188,3,3
188,4,3
188,5,3
188,6,3
188,9,3
188,10,3
188,14,3
188,16,3
188,20,3
188,24,3
188,25,3
188,46,3
188,49,3
188,56,3
188,65,3
188,84,3
188,86,3
188,94,3
188,97,3
188,108,3
188,154,3
188,170,3
189,2,3
189,3,3
189,5,3
189,6,3
189,10,3
189,12,3
189,14,3
189,16,3
189,32,3
189,34,3
189,35,3
189,46,3
189,47,3
189,60,3
189,61,3
189,94,3
189,106,3
189,110,3
189,141,3
189,157,3
189,162,3
189,177,3
189,183,3
189,205,3
190,3,3
190,6,3
190,18,3
190,19,3
190,160,3
191,3,3
191,19,3
191,24,3
191,42,3
191,46,3
191,65,3
191,158,3
192,2,3
192,3,3
192,5,3
192,17,3
192,36,3
192,65,3
192,83,3
192,175,3
193,1,3
193,2,3
193,3,3
193,4,3
193,5,3
193,6,3
193,9,3
193,10,3
193,13,3
193,16,3
193,25,3
193,31,3
193,32,3
193,36,3
193,42,3
193,43,3
193,46,3
193,49,3
193,65,3
193,86,3
193,106,3
193,124,3
193,147,3
194,3,3
194,6,3
194,9,3
194,14,3
194,16,3
194,24,3
194,31,3
194,36,3
194,46,3
194,55,3
194,63,3
194,65,3
194,70,3
194,86,3
194,102,3
194,106,3
194,160,3
195,3,3
195,5,3
195,6,3
195,9,3
195,13,3
195,14,3
195,19,3
195,28,3
195,36,3
195,46,3
195,47,3
195,59,3
195,65,3
195,68,3
195,81,3
195,82,3
195,83,3
195,94,3
195,106,3
195,108,3
195,119,3
195,124,3
195,145,3
195,158,3
195,160,3
195,177,3
195,198,3
195,199,3
195,223,3
195,235,3
196,3,3
196,5,3
196,9,3
196,12,3
196,14,3
196,24,3
196,28,3
196,33,3
196,34,3
196,36,3
196,52,3
196,54,3
196,65,3
196,75,3
196,86,3
196,94,3
196,97,3
196,106,3
196,108,3
196,138,3
196,141,3
196,160,3
196,235,3
197,3,3
197,5,3
197,6,3
197,9,3
197,16,3
197,26,3
197,28,3
197,31,3
197,36,3
197,46,3
197,54,3
197,55,3
197,65,3
197,87,3
197,106,3
197,119,3
197,140,3
197,177,3
197,178,3
197,188,3
197,193,3
197,198,3
198,3,3
198,5,3
198,6,3
198,14,3
198,16,3
198,19,3
198,36,3
198,48,3
198,61,3
198,65,3
198,87,3
198,94,3
198,97,3
198,106,3
198,119,3
198,138,3
198,234,3
198,239,3
199,3,3
199,9,3
199,14,3
199,24,3
199,28,3
199,97,3
199,106,3
199,201,3
200,9,3
200,94,3
200,106,3
201,2,3
201,3,3
201,4,3
201,5,3
201,6,3
201,9,3
201,14,3
201,25,3
201,28,3
201,35,3
201,36,3
201,42,3
201,46,3
201,61,3
201,65,3
201,77,3
201,79,3
201,83,3
201,90,3
201,97,3
201,102,3
201,108,3
201,119,3
201,134,3
201,140,3
201,149,3
201,160,3
201,191,3
201,205,3
202,3,3
202,5,3
202,6,3
202,9,3
202,12,3
202,14,3
202,36,3
202,46,3
202,65,3
202,67,3
202,94,3
202,106,3
202,131,3
202,133,3
202,190,3
202,196,3
202,202,3
202,224,3
203,2,3
203,6,3
203,9,3
203,14,3
203,16,3
203,24,3
203,28,3
203,65,3
203,74,3
203,94,3
203,97,3
203,106,3
203,119,3
203,157,3
204,5,3
204,6,3
204,9,3
204,14,3
204,31,3
204,65,3
204,71,3
204,78,3
204,90,3
204,108,3
205,3,3
205,5,3
205,6,3
205,9,3
205,14,3
205,25,3
205,31,3
205,65,3
205,106,3
205,138,3
205,175,3
205,193,3
205,203,3
206,3,3
206,4,3
206,9,3
206,12,3
206,16,3
206,19,3
206,24,3
206,25,3
206,32,3
206,34,3
206,37,3
206,46,3
206,52,3
206,57,3
206,59,3
206,65,3
206,66,3
206,75,3
206,80,3
206,86,3
206,109,3
206,119,3
206,145,3
206,186,3
207,3,3
207,4,3
207,6,3
207,9,3
207,11,3
207,19,3
207,24,3
207,36,3
207,42,3
207,47,3
207,48,3
207,59,3
207,65,3
207,68,3
207,70,3
207,87,3
207,88,3
207,94,3
207,106,3
207,108,3
207,138,3
207,148,3
207,160,3
207,217,3
208,12,3
208,14,3
208,68,3
208,125,3
208,160,3
209,1,3
209,3,3
209,5,3
209,6,3
209,9,3
209,16,3
209,28,3
209,31,3
209,46,3
209,54,3
209,62,3
209,70,3
209,168,3
209,175,3
210,3,3
210,6,3
210,9,3
210,28,3
210,65,3
210,80,3
210,86,3
210,102,3
210,106,3
210,160,3
211,2,3
211,31,3
211,39,3
211,46,3
211,65,3
211,87,3
211,97,3
211,128,3
211,140,3
211,150,3
211,170,3
211,215,3
212,2,3
212,3,3
212,6,3
212,9,3
212,11,3
212,13,3
212,16,3
212,19,3
212,26,3
212,28,3
212,34,3
212,36,3
212,37,3
212,41,3
212,42,3
212,46,3
212,65,3
212,81,3
212,90,3
212,94,3
212,97,3
212,106,3
212,108,3
212,110,3
212,130,3
212,138,3
212,140,3
212,160,3
212,168,3
212,175,3
212,177,3
213,5,3
213,6,3
213,9,3
213,28,3
214,24,3
214,31,3
214,32,3
214,65,3
214,162,3
215,31,3
215,36,3
216,6,3
216,52,3
217,2,3
217,3,3
217,5,3
217,8,3
217,9,3
217,24,3
217,28,3
217,31,3
217,46,3
217,47,3
217,52,3
217,54,3
217,65,3
217,80,3
217,97,3
217,106,3
217,119,3
217,160,3
217,235,3
218,2,3
218,3,3
218,6,3
218,9,3
218,12,3
218,14,3
218,24,3
218,32,3
218,34,3
218,46,3
218,77,3
218,106,3
218,134,3
218,160,3
218,162,3
218,177,3
218,183,3
219,3,3
219,5,3
219,6,3
219,11,3
219,14,3
219,28,3
219,36,3
219,46,3
219,55,3
219,65,3
219,66,3
219,97,3
219,106,3
219,108,3
219,110,3
219,111,3
219,133,3
219,160,3
219,202,3
219,222,3
220,3,3
220,4,3
220,5,3
220,6,3
220,9,3
220,12,3
220,28,3
220,65,3
220,74,3
221,6,3
221,9,3
221,145,3
222,3,3
222,6,3
222,9,3
222,14,3
222,16,3
222,29,3
222,36,3
222,46,3
222,65,3
222,106,3
222,198,3
223,16,3
223,28,3
223,34,3
223,108,3
224,6,3
224,9,3
224,14,3
224,28,3
224,29,3
224,32,3
224,46,3
224,48,3
224,49,3
224,53,3
224,61,3
224,62,3
224,65,3
224,86,3
224,92,3
224,106,3
224,108,3
224,119,3
224,133,3
224,138,3
224,177,3
225,5,3
225,9,3
225,36,3
226,233,3
226,237,3
227,3,3
227,9,3
227,24,3
227,28,3
227,29,3
227,32,3
227,34,3
227,35,3
227,41,3
227,84,3
227,106,3
227,108,3
227,158,3
227,162,3
227,239,3
228,3,3
228,9,3
228,36,3
228,106,3
228,133,3
229,104,3
229,119,3
230,3,3
230,5,3
230,6,3
230,9,3
230,14,3
230,28,3
230,46,3
230,54,3
230,65,3
230,108,3
230,152,3
230,190,3
231,3,3
231,5,3
231,6,3
231,9,3
231,24,3
231,28,3
231,31,3
231,36,3
231,46,3
231,55,3
231,65,3
231,68,3
231,90,3
231,94,3
231,106,3
231,108,3
231,110,3
231,119,3
231,138,3
231,177,3
231,239,3
232,5,3
232,6,3
232,9,3
232,48,3
232,55,3
232,62,3
232,65,3
232,70,3
232,106,3
232,108,3
232,138,3
232,181,3
233,14,3
233,31,3
233,36,3
233,160,3
234,3,3
234,65,3
234,91,3
234,108,3
234,226,3
236,3,3
236,5,3
236,6,3
236,9,3
236,14,3
236,31,3
236,32,3
236,34,3
236,43,3
236,65,3
236,72,3
236,84,3
236,175,3
237,1,3
237,4,3
237,6,3
237,9,3
237,13,3
237,37,3
237,48,3
237,66,3
237,91,3
237,116,3
237,119,3
237,175,3
237,193,3
238,1,3
238,4,3
238,6,3
238,9,3
238,13,3
238,37,3
238,48,3
238,66,3
238,91,3
238,116,3
238,175,3
238,193,3
239,3,3
239,13,3
240,43,3
241,5,3
241,6,3
241,9,3
241,72,3
241,175,3
241,217,3
242,14,3
242,110,3
243,3,3
243,9,3
243,17,3
243,40,3
243,75,3
243,106,3
244,24,3
244,28,3
244,175,3
245,5,3
245,6,3
245,97,3
246,9,3
246,65,3
246,80,3
247,11,3
247,106,3
248,3,3
248,9,3
248,14,3
248,16,3
248,24,3
248,80,3
248,86,3
248,138,3
248,178,3
249,1,3
249,3,3
249,4,3
249,5,3
249,6,3
249,9,3
249,28,3
249,31,3
249,46,3
249,47,3
249,62,3
249,90,3
249,94,3
249,106,3
249,145,3
249,177,3
249,200,3
250,106,3
251,3,3
251,9,3
251,63,3
251,114,3
252,3,3
252,5,3
252,32,3
252,47,3
253,65,3
255,3,3
255,5,3
255,6,3
255,9,3
255,11,3
255,12,3
255,14,3
255,24,3
255,34,3
255,36,3
255,46,3
255,48,3
255,64,3
255,66,3
255,83,3
255,86,3
255,94,3
255,125,3
255,128,3
255,147,3
255,160,3
255,175,3
255,177,3
256,9,3
256,13,3
256,14,3
256,32,3
256,36,3
256,54,3
256,65,3
256,74,3
256,108,3
257,28,3
257,31,3
257,77,3
257,200,3
258,3,3
258,6,3
258,24,3
258,36,3
258,43,3
258,65,3
258,77,3
258,106,3
258,143,3
259,3,3
259,9,3
259,36,3
259,77,3
260,3,3
260,5,3
260,8,3
260,9,3
260,19,3
260,43,3
260,65,3
260,80,3
260,92,3
261,3,3
261,6,3
261,9,3
261,24,3
261,46,3
261,59,3
261,177,3
261,198,3
262,6,3
262,9,3
262,11,3
262,16,3
262,52,3
262,65,3
262,97,3
262,106,3
262,152,3
262,158,3
262,236,3
263,3,3
263,6,3
263,9,3
263,31,3
263,46,3
263,48,3
263,89,3
263,106,3
263,236,3
264,14,3
264,28,3
264,103,3
265,5,3
265,6,3
265,90,3
266,5,3
266,6,3
266,90,3
267,3,3
267,5,3
267,6,3
267,9,3
267,14,3
267,19,3
267,28,3
267,36,3
267,48,3
267,65,3
267,87,3
267,106,3
267,108,3
267,175,3
267,193,3
267,199,3
268,2,3
268,3,3
268,5,3
268,17,3
268,36,3
268,65,3
268,83,3
268,175,3
269,2,3
269,3,3
269,5,3
269,36,3
269,175,3
270,6,3
270,9,3
270,24,3
270,65,3
271,2,3
271,3,3
271,5,3
271,6,3
271,9,3
271,13,3
271,14,3
271,19,3
271,28,3
271,31,3
271,46,3
271,66,3
271,86,3
271,97,3
271,145,3
271,203,3
272,6,3
272,36,3
272,97,3
273,5,3
273,6,3
273,64,3
273,106,3
274,2,3
274,5,3
274,6,3
274,9,3
274,31,3
274,48,3
274,65,3
274,72,3
274,90,3
274,127,3
274,140,3
275,9,3
275,40,3
275,62,3
275,108,3
275,157,3
276,3,3
276,6,3
276,9,3
276,14,3
276,19,3
276,25,3
276,28,3
276,29,3
276,31,3
276,36,3
276,46,3
276,48,3
276,49,3
276,56,3
276,65,3
276,72,3
276,74,3
276,87,3
276,160,3
276,177,3
276,179,3
276,183,3
276,196,3
276,238,3
277,3,3
277,5,3
278,3,3
278,5,3
280,9,3
281,3,3
281,31,3
281,46,3
282,3,3
282,4,3
282,9,3
282,16,3
282,24,3
282,77,3
282,83,3
282,108,3
282,118,3
282,147,3
282,150,3
282,175,3
282,198,3
282,233,3
283,3,3
283,32,3
283,47,3
283,64,3
284,3,3
284,5,3
284,9,3
284,16,3
284,31,3
284,34,3
284,36,3
284,37,3
284,43,3
284,46,3
284,52,3
284,62,3
284,65,3
284,81,3
284,84,3
284,158,3
284,170,3
284,176,3
284,179,3
284,190,3
284,212,3
285,5,3
285,9,3
285,36,3
286,9,3
286,65,3
287,3,3
287,6,3
287,9,3
287,14,3
287,19,3
287,24,3
287,31,3
287,46,3
287,47,3
287,61,3
287,83,3
287,106,3
287,108,3
287,122,3
287,157,3
287,160,3
287,180,3
287,200,3
287,231,3
289,3,3
289,5,3
289,9,3
289,19,3
289,24,3
289,36,3
289,65,3
289,74,3
289,77,3
289,94,3
289,97,3
289,106,3
289,114,3
289,196,3
290,9,3
290,34,3
292,108,3
293,9,3
293,14,3
293,24,3
293,54,3
293,109,3
294,3,3
294,5,3
294,6,3
294,9,3
294,14,3
294,28,3
294,34,3
294,46,3
294,89,3
294,94,3
294,108,3
294,176,3
294,234,3
295,9,3
295,16,3
295,32,3
295,36,3
295,41,3
295,65,3
295,108,3
296,5,3
296,61,3
297,6,3
297,24,3
297,28,3
297,80,3
297,106,3
297,138,3
297,200,3
297,201,3
298,3,3
298,4,3
298,5,3
298,6,3
298,9,3
298,14,3
298,16,3
298,31,3
298,36,3
298,39,3
298,46,3
298,51,3
298,65,3
298,87,3
298,108,3
298,114,3
298,138,3
299,5,3
299,9,3
299,14,3
299,24,3
299,46,3
299,65,3
299,74,3
299,97,3
299,160,3
300,3,3
300,4,3
300,5,3
300,6,3
300,49,3
300,68,3
301,24,3
301,28,3
301,31,3
301,32,3
301,37,3
301,46,3
301,59,3
301,65,3
301,106,3
302,6,3
302,9,3
302,14,3
303,1,3
303,3,3
303,4,3
303,6,3
303,9,3
303,14,3
303,19,3
303,25,3
303,31,3
303,46,3
303,72,3
303,83,3
303,91,3
303,94,3
303,102,3
303,106,3
303,140,3
303,207,3
304,24,3
304,36,3
305,52,3
305,67,3
306,3,3
306,6,3
306,9,3
306,65,3
306,106,3
306,155,3
307,5,3
307,8,3
307,9,3
307,18,3
307,24,3
307,31,3
307,63,3
307,65,3
307,106,3
307,108,3
308,83,3
308,175,3
309,5,3
309,14,3
309,16,3
309,108,3
310,9,3
310,14,3
310,190,3
311,24,3
311,34,3
312,3,3
312,5,3
312,6,3
312,9,3
312,24,3
312,35,3
312,36,3
312,37,3
312,46,3
312,49,3
312,65,3
312,106,3
312,135,3
312,177,3
313,5,3
313,32,3
313,41,3
313,65,3
313,160,3
314,3,3
314,17,3
314,74,3
316,34,3
316,52,3
316,65,3
316,106,3
316,145,3
317,3,3
317,5,3
317,6,3
317,9,3
317,11,3
317,28,3
317,32,3
317,46,3
317,61,3
317,102,3
317,106,3
317,108,3
317,131,3
317,176,3
318,14,3
318,108,3
319,9,3
319,106,3
320,31,3
320,65,3
320,106,3
320,108,3
321,3,3
321,9,3
321,16,3
321,31,3
322,9,3
322,14,3
322,24,3
322,62,3
322,65,3
322,97,3
322,196,3
323,1,3
323,3,3
323,9,3
323,16,3
323,19,3
323,29,3
323,32,3
323,34,3
323,46,3
323,47,3
323,94,3
323,106,3
323,113,3
323,132,3
323,174,3
324,5,3
324,6,3
324,24,3
324,106,3
326,3,3
326,9,3
326,36,3
326,37,3
327,3,3
327,61,3
327,89,3
328,3,3
328,5,3
328,9,3
328,14,3
328,31,3
328,36,3
328,182,3
330,3,3
331,3,3
331,5,3
331,9,3
331,46,3
332,3,3
332,6,3
332,9,3
332,14,3
332,16,3
332,19,3
332,34,3
332,46,3
332,47,3
332,56,3
332,65,3
332,138,3
332,160,3
333,3,3
334,9,3
334,46,3
334,65,3
334,74,3
335,3,3
335,7,3
335,9,3
335,32,3
336,9,3
337,2,3
337,3,3
337,6,3
337,24,3
337,28,3
337,41,3
337,65,3
337,108,3
337,129,3
337,160,3
337,198,3
338,155,3
338,168,3
339,3,3
339,5,3
339,6,3
339,14,3
339,16,3
339,28,3
339,31,3
339,33,3
339,46,3
339,65,3
339,94,3
339,118,3
339,124,3
340,5,3
340,6,3
340,9,3
340,14,3
340,29,3
340,46,3
341,6,3
341,9,3
341,31,3
341,48,3
341,78,3
341,97,3
341,106,3
343,74,3
343,111,3
344,3,3
344,9,3
344,31,3
344,36,3
344,46,3
344,93,3
344,106,3
344,118,3
344,222,3
345,3,3
345,111,3
346,3,3
346,5,3
346,68,3
347,6,3
347,24,3
348,32,3
348,37,3
348,62,3
348,65,3
348,66,3
348,158,3
349,4,3
349,5,3
349,6,3
349,9,3
349,14,3
349,108,3
349,180,3
350,3,3
350,36,3
350,65,3
350,89,3
351,106,3
352,3,3
353,6,3
353,9,3
353,17,3
353,65,3
353,94,3
353,108,3
354,3,3
354,5,3
354,9,3
354,36,3
354,43,3
354,46,3
354,65,3
354,106,3
354,108,3
354,119,3
354,177,3
355,3,3
355,5,3
355,9,3
355,14,3
355,29,3
355,65,3
355,97,3
355,108,3
355,127,3
355,177,3
357,5,3
357,9,3
357,65,3
357,106,3
357,108,3
357,175,3
357,199,3
358,2,3
358,3,3
358,5,3
358,6,3
358,9,3
358,14,3
358,36,3
358,55,3
358,65,3
358,86,3
358,94,3
358,119,3
359,9,3
359,14,3
359,19,3
360,3,3
360,5,3
360,6,3
360,9,3
360,14,3
360,19,3
360,36,3
360,54,3
360,65,3
360,106,3
360,108,3
360,168,3
360,175,3
361,5,3
361,9,3
361,16,3
361,91,3
361,111,3
362,2,3
362,6,3
362,11,3
362,46,3
362,61,3
362,68,3
362,97,3
363,68,3
363,145,3
363,175,3
364,6,3
364,33,3
364,61,3
364,108,3
367,74,3
368,3,3
368,19,3
369,108,3
370,3,3
370,9,3
370,46,3
370,94,3
371,6,3
371,52,3
372,9,3
372,14,3
372,17,3
372,65,3
372,94,3
372,176,3
373,3,3
373,6,3
373,135,3
373,137,3
373,162,3
374,6,3
374,9,3
374,19,3
374,65,3
374,74,3
374,160,3
374,183,3
375,9,3
376,28,3
376,65,3
376,106,3
377,3,3
377,5,3
377,14,3
377,36,3
377,65,3
377,89,3
378,36,3
379,9,3
381,9,3
381,11,3
381,32,3
381,106,3
382,29,3
382,31,3
382,36,3
382,65,3
382,119,3
384,14,3
384,28,3
384,46,3
384,106,3
385,6,3
385,46,3
385,65,3
385,138,3
386,64,3
386,106,3
387,3,3
387,5,3
387,6,3
387,9,3
387,28,3
387,36,3
387,43,3
387,54,3
387,65,3
387,219,3
388,47,3
388,64,3
390,74,3
390,179,3
391,108,3
392,3,3
393,65,3
394,46,3
394,135,3
394,153,3
395,9,3
395,41,3
395,75,3
395,97,3
395,205,3
396,6,3
396,9,3
396,65,3
397,9,3
397,34,3
398,6,3
399,6,3
400,3,3
400,6,3
400,9,3
400,46,3
400,65,3
400,158,3
401,3,3
401,6,3
401,9,3
401,46,3
401,65,3
401,158,3
402,3,3
402,9,3
402,46,3
402,158,3
403,6,3
403,9,3
403,65,3
403,135,3
404,9,3
405,9,3
406,65,3
406,168,3
407,2,3
407,3,3
407,68,3
407,135,3
408,3,3
408,5,3
408,6,3
408,9,3
408,28,3
408,36,3
408,43,3
408,54,3
408,65,3
408,219,3
409,9,3
409,65,3
410,3,3
410,5,3
410,6,3
410,9,3
410,28,3
410,36,3
410,43,3
410,54,3
410,65,3
410,219,3
1,1,1
1,3,1
1,4,1
1,7,1
1,8,1
1,25,1
1,29,1
1,34,1
1,46,1
1,48,1
1,65,1
1,68,1
1,72,1
1,75,1
1,114,1
1,170,1
2,1,1
2,3,1
2,4,1
2,6,1
2,9,1
2,28,1
2,32,1
2,37,1
2,48,1
2,65,1
2,74,1
2,82,1
2,84,1
2,94,1
2,96,1
2,108,1
2,111,1
2,119,1
2,128,1
2,145,1
2,164,1
3,2,1
3,3,1
3,6,1
3,9,1
3,10,1
3,13,1
3,15,1
3,16,1
3,25,1
3,29,1
3,41,1
3,49,1
3,64,1
3,75,1
3,76,1
3,102,1
4,2,1
4,3,1
4,5,1
4,6,1
4,9,1
4,10,1
4,14,1
4,15,1
4,24,1
4,28,1
4,29,1
4,31,1
4,32,1
4,36,1
4,41,1
4,49,1
4,51,1
4,52,1
4,59,1
4,60,1
4,61,1
4,76,1
4,81,1
4,97,1
4,115,1
4,137,1
5,1,1
5,3,1
5,4,1
5,7,1
5,9,1
5,14,1
5,15,1
5,16,1
5,17,1
5,21,1
5,23,1
5,25,1
5,26,1
5,29,1
5,31,1
5,32,1
5,34,1
5,41,1
5,42,1
5,44,1
5,46,1
5,47,1
5,52,1
5,61,1
5,63,1
5,64,1
5,67,1
5,68,1
5,76,1
5,80,1
5,91,1
5,97,1
5,100,1
5,102,1
5,103,1
5,112,1
5,113,1
5,119,1
5,120,1
5,138,1
5,145,1
5,172,1
6,1,1
6,3,1
6,6,1
6,9,1
6,10,1
6,16,1
6,24,1
6,29,1
6,32,1
6,42,1
6,54,1
6,57,1
6,74,1
6,78,1
6,82,1
6,86,1
6,93,1
6,94,1
6,117,1
6,128,1
6,135,1
6,173,1
7,1,1
7,3,1
7,6,1
7,9,1
7,10,1
7,17,1
7,19,1
7,24,1
7,34,1
7,54,1
7,64,1
7,74,1
7,76,1
7,86,1
7,108,1
7,128,1
7,135,1
8,3,1
8,4,1
8,6,1
8,9,1
8,26,1
8,28,1
9,3,1
9,14,1
9,20,1
9,116,1
9,154,1
10,3,1
10,14,1
10,116,1
10,154,1
11,4,1
11,9,1
11,16,1
11,22,1
11,74,1
12,4,1
12,5,1
12,6,1
12,9,1
12,16,1
12,19,1
12,24,1
12,29,1
12,31,1
12,32,1
12,34,1
12,40,1
12,41,1
12,42,1
12,46,1
12,47,1
12,52,1
12,54,1
12,57,1
12,61,1
12,63,1
12,64,1
12,65,1
12,72,1
12,74,1
12,76,1
12,88,1
12,96,1
12,108,1
12,130,1
12,134,1
12,137,1
12,138,1
12,151,1
12,167,1
13,3,1
13,4,1
13,5,1
13,6,1
13,9,1
13,13,1
13,17,1
13,24,1
13,28,1
13,30,1
13,37,1
13,41,1
13,42,1
13,47,1
13,48,1
13,49,1
13,61,1
13,64,1
13,68,1
13,72,1
13,91,1
13,104,1
13,122,1
13,131,1
13,151,1
13,154,1
14,3,1
14,5,1
14,14,1
14,19,1
14,20,1
14,21,1
15,3,1
15,5,1
15,19,1
15,20,1
15,21,1
16,3,1
16,5,1
16,7,1
16,14,1
16,19,1
16,20,1
16,21,1
17,3,1
17,4,1
17,5,1
17,14,1
17,16,1
17,19,1
17,20,1
17,24,1
17,32,1
17,45,1
17,46,1
17,47,1
17,48,1
17,57,1
17,59,1
17,63,1
17,68,1
17,101,1
18,3,1
18,5,1
18,7,1
18,19,1
18,20,1
18,44,1
18,46,1
18,48,1
18,76,1
18,80,1
18,163,1
19,5,1
19,7,1
19,19,1
19,20,1
19,28,1
19,31,1
19,36,1
19,69,1
19,114,1
20,5,1
20,9,1
20,11,1
20,14,1
20,19,1
20,20,1
20,21,1
20,24,1
20,41,1
20,55,1
20,63,1
20,76,1
20,120,1
21,5,1
21,19,1
21,20,1
22,5,1
22,19,1
22,20,1
23,2,1
23,3,1
23,5,1
23,6,1
23,19,1
23,20,1
23,47,1
23,52,1
23,56,1
23,65,1
23,82,1
23,83,1
23,87,1
23,167,1
24,5,1
24,6,1
24,19,1
24,20,1
24,28,1
24,32,1
24,74,1
24,76,1
24,108,1
25,1,1
25,3,1
25,4,1
25,7,1
25,16,1
25,20,1
25,28,1
25,37,1
25,42,1
25,48,1
25,96,1
26,1,1
26,6,1
26,7,1
26,16,1
26,68,1
27,1,1
27,7,1
27,16,1
27,20,1
28,7,1
28,16,1
28,20,1
28,31,1
29,1,1
29,2,1
29,3,1
29,4,1
29,5,1
29,6,1
29,9,1
29,11,1
29,13,1
29,15,1
29,16,1
29,25,1
29,27,1
29,28,1
29,29,1
29,30,1
29,31,1
29,32,1
29,34,1
29,37,1
29,38,1
29,41,1
29,42,1
29,47,1
29,52,1
29,56,1
29,58,1
29,59,1
29,61,1
29,68,1
29,76,1
29,82,1
29,89,1
29,91,1
29,97,1
29,102,1
29,104,1
29,108,1
29,111,1
29,115,1
29,130,1
29,131,1
29,132,1
29,138,1
29,139,1
29,140,1
29,143,1
29,145,1
29,151,1
29,167,1
29,169,1
29,171,1
29,172,1
30,6,1
30,7,1
30,8,1
30,9,1
30,28,1
30,29,1
30,51,1
30,52,1
30,65,1
30,74,1
30,88,1
30,96,1
31,1,1
31,3,1
31,7,1
31,8,1
31,9,1
31,15,1
31,20,1
31,25,1
31,38,1
31,48,1
31,57,1
31,68,1
31,159,1
32,3,1
32,8,1
32,9,1
32,15,1
32,20,1
32,25,1
32,38,1
32,54,1
32,57,1
32,159,1
33,1,1
33,4,1
33,5,1
33,9,1
33,24,1
33,28,1
33,29,1
33,32,1
33,71,1
33,76,1
33,112,1
33,120,1
34,9,1
34,48,1
34,64,1
34,76,1
34,120,1
35,10,1
35,18,1
35,35,1
35,41,1
35,47,1
35,54,1
35,61,1
35,79,1
36,10,1
36,18,1
36,35,1
36,41,1
36,47,1
36,54,1
36,61,1
36,79,1
37,3,1
37,9,1
37,11,1
37,16,1
37,24,1
37,108,1
37,136,1
38,3,1
38,11,1
38,14,1
38,42,1
38,61,1
38,62,1
38,64,1
38,76,1
38,88,1
38,114,1
39,3,1
39,9,1
39,11,1
39,19,1
39,29,1
39,44,1
39,47,1
39,60,1
39,61,1
39,63,1
39,69,1
39,75,1
39,128,1
39,161,1
39,168,1
40,10,1
40,24,1
40,35,1
40,41,1
40,47,1
40,59,1
40,79,1
40,87,1
41,10,1
41,24,1
41,35,1
41,41,1
41,47,1
41,59,1
41,79,1
41,87,1
42,1,1
42,3,1
42,5,1
42,9,1
42,12,1
42,16,1
42,46,1
42,48,1
42,56,1
42,68,1
42,76,1
42,106,1
42,158,1
43,3,1
43,5,1
43,12,1
43,69,1
43,120,1
44,5,1
44,12,1
44,42,1
45,1,1
45,9,1
45,13,1
45,15,1
45,16,1
45,19,1
45,21,1
45,23,1
45,25,1
45,28,1
45,29,1
45,31,1
45,37,1
45,41,1
45,47,1
45,52,1
45,56,1
45,64,1
45,66,1
45,80,1
45,88,1
45,105,1
45,110,1
45,118,1
45,130,1
45,147,1
46,1,1
46,3,1
46,6,1
46,9,1
46,11,1
46,15,1
46,16,1
46,19,1
46,24,1
46,28,1
46,31,1
46,32,1
46,35,1
46,36,1
46,37,1
46,41,1
46,46,1
46,48,1
46,54,1
46,59,1
46,61,1
46,64,1
46,66,1
46,68,1
46,71,1
46,76,1
46,91,1
46,108,1
46,117,1
46,119,1
47,36,1
48,5,1
48,9,1
48,36,1
49,3,1
49,5,1
49,9,1
49,16,1
49,18,1
49,29,1
49,31,1
49,43,1
49,91,1
49,108,1
49,158,1
50,9,1
50,28,1
50,54,1
50,57,1
50,76,1
51,3,1
51,15,1
51,34,1
51,54,1
51,71,1
51,88,1
51,115,1
51,119,1
51,147,1
52,15,1
52,24,1
52,29,1
52,32,1
52,54,1
52,59,1
52,62,1
52,82,1
52,101,1
52,107,1
52,108,1
52,147,1
53,9,1
53,15,1
53,29,1
53,32,1
53,46,1
53,52,1
53,107,1
53,108,1
54,1,1
54,3,1
54,9,1
54,11,1
54,16,1
54,19,1
54,24,1
54,32,1
54,36,1
54,42,1
54,44,1
54,46,1
54,61,1
54,64,1
54,66,1
54,75,1
54,76,1
54,97,1
54,108,1
55,3,1
55,5,1
55,9,1
55,15,1
55,18,1
55,24,1
55,25,1
55,29,1
55,31,1
55,32,1
55,36,1
55,65,1
55,70,1
55,108,1
55,158,1
56,3,1
56,5,1
56,6,1
56,9,1
56,12,1
56,18,1
56,28,1
56,43,1
56,65,1
56,70,1
56,72,1
56,113,1
56,158,1
57,2,1
57,3,1
57,6,1
57,11,1
57,14,1
57,19,1
57,46,1
57,54,1
57,66,1
58,2,1
58,3,1
58,5,1
58,6,1
58,14,1
58,19,1
58,21,1
58,28,1
58,46,1
58,57,1
58,66,1
58,68,1
58,81,1
58,82,1
58,91,1
58,108,1
58,150,1
59,5,1
59,6,1
59,9,1
59,13,1
59,28,1
59,30,1
59,31,1
59,37,1
59,42,1
59,48,1
59,55,1
59,68,1
59,83,1
59,149,1
59,151,1
59,154,1
60,1,1
60,3,1
60,4,1
60,5,1
60,6,1
60,9,1
60,13,1
60,19,1
60,30,1
60,37,1
60,52,1
60,68,1
60,91,1
60,108,1
60,128,1
60,151,1
60,154,1
61,4,1
61,5,1
61,6,1
61,9,1
61,13,1
61,30,1
61,37,1
61,54,1
61,68,1
61,76,1
61,91,1
61,151,1
61,154,1
62,9,1
62,13,1
62,30,1
62,37,1
62,54,1
62,76,1
62,154,1
63,1,1
63,3,1
63,5,1
63,6,1
63,9,1
63,13,1
63,17,1
63,28,1
63,29,1
63,30,1
63,36,1
63,37,1
63,47,1
63,48,1
63,49,1
63,56,1
63,68,1
63,91,1
63,104,1
63,108,1
63,116,1
63,117,1
63,151,1
63,154,1
64,3,1
64,4,1
64,5,1
64,6,1
64,9,1
64,13,1
64,30,1
64,32,1
64,37,1
64,44,1
64,47,1
64,48,1
64,151,1
64,154,1
65,3,1
65,4,1
65,6,1
65,9,1
65,13,1
65,30,1
65,32,1
65,37,1
65,47,1
65,154,1
66,2,1
66,3,1
66,9,1
66,11,1
66,14,1
66,27,1
66,66,1
66,81,1
67,1,1
67,3,1
67,6,1
67,9,1
67,13,1
67,14,1
67,24,1
67,29,1
67,31,1
67,32,1
67,39,1
67,41,1
67,52,1
67,54,1
67,64,1
67,76,1
67,108,1
67,117,1
67,159,1
67,168,1
69,3,1
69,6,1
69,9,1
69,101,1
70,3,1
70,5,1
70,6,1
70,9,1
70,16,1
70,19,1
70,21,1
70,24,1
70,28,1
70,31,1
70,37,1
70,42,1
70,44,1
70,46,1
70,47,1
70,51,1
70,56,1
70,65,1
70,76,1
70,81,1
70,83,1
70,88,1
70,97,1
70,99,1
70,121,1
71,2,1
71,21,1
71,24,1
71,41,1
71,42,1
71,118,1
72,21,1
72,29,1
72,32,1
72,48,1
72,128,1
73,1,1
73,3,1
73,6,1
73,21,1
73,51,1
73,64,1
74,21,1
74,73,1
75,19,1
75,21,1
75,28,1
75,44,1
76,19,1
76,21,1
76,28,1
77,3,1
77,6,1
77,9,1
77,21,1
77,32,1
77,47,1
77,64,1
77,71,1
77,75,1
77,88,1
78,1,1
78,6,1
78,21,1
78,31,1
78,46,1
78,64,1
78,75,1
79,3,1
79,21,1
79,25,1
79,29,1
79,64,1
79,112,1
79,136,1
80,21,1
81,21,1
82,21,1
83,21,1
84,19,1
84,21,1
85,21,1
86,4,1
86,16,1
86,21,1
86,71,1
87,21,1
87,28,1
87,80,1
87,90,1
87,108,1
87,120,1
88,4,1
88,16,1
88,26,1
88,54,1
88,67,1
88,76,1
88,90,1
88,110,1
89,4,1
89,19,1
89,28,1
89,46,1
90,4,1
90,19,1
90,29,1
90,32,1
90,65,1
90,115,1
91,4,1
91,21,1
91,150,1
92,1,1
92,9,1
92,11,1
92,14,1
92,24,1
92,28,1
92,32,1
92,45,1
92,47,1
92,49,1
92,52,1
92,54,1
92,59,1
92,68,1
92,76,1
92,80,1
92,128,1
93,3,1
93,28,1
93,92,1
93,153,1
94,3,1
94,15,1
94,19,1
94,29,1
94,31,1
94,69,1
94,128,1
94,164,1
95,96,1
95,169,1
96,1,1
96,16,1
96,20,1
96,51,1
96,66,1
96,114,1
97,1,1
97,44,1
97,54,1
97,86,1
98,1,1
98,3,1
98,7,1
98,11,1
98,16,1
98,24,1
98,25,1
98,27,1
98,28,1
98,29,1
98,31,1
98,32,1
98,34,1
98,41,1
98,42,1
98,44,1
98,46,1
98,47,1
98,52,1
98,56,1
98,58,1
98,61,1
98,62,1
98,63,1
98,64,1
98,68,1
98,71,1
98,74,1
98,75,1
98,76,1
98,88,1
98,102,1
98,112,1
98,114,1
98,138,1
98,139,1
98,143,1
99,2,1
99,3,1
99,11,1
99,14,1
99,26,1
99,27,1
99,46,1
99,56,1
99,81,1
99,140,1
100,2,1
100,27,1
100,127,1
101,3,1
101,9,1
101,14,1
101,19,1
101,28,1
101,32,1
101,42,1
101,44,1
101,114,1
101,174,1
102,3,1
102,7,1
102,9,1
102,28,1
102,29,1
102,31,1
102,34,1
102,57,1
102,69,1
102,76,1
102,127,1
102,136,1
103,3,1
103,28,1
103,29,1
103,32,1
103,51,1
103,62,1
103,96,1
104,3,1
104,14,1
104,28,1
104,73,1
104,74,1
104,76,1
104,91,1
105,28,1
105,81,1
106,28,1
106,29,1
106,81,1
107,28,1
107,142,1
108,3,1
108,28,1
108,76,1
108,158,1
109,19,1
109,28,1
110,28,1
111,28,1
111,42,1
111,54,1
112,28,1
113,28,1
113,115,1
114,6,1
114,29,1
114,31,1
114,52,1
114,57,1
114,62,1
114,106,1
114,119,1
114,137,1
115,3,1
115,5,1
115,21,1
115,29,1
115,47,1
115,50,1
115,61,1
116,1,1
116,3,1
116,4,1
116,5,1
116,6,1
116,9,1
116,14,1
116,15,1
116,19,1
116,20,1
116,24,1
116,27,1
116,28,1
116,29,1
116,31,1
116,32,1
116,34,1
116,35,1
116,36,1
116,37,1
116,41,1
116,42,1
116,43,1
116,44,1
116,46,1
116,47,1
116,48,1
116,52,1
116,56,1
116,59,1
116,61,1
116,64,1
116,65,1
116,66,1
116,69,1
116,71,1
116,72,1
116,74,1
116,76,1
116,82,1
116,83,1
116,86,1
116,88,1
116,89,1
116,91,1
116,95,1
116,97,1
116,102,1
116,103,1
116,106,1
116,108,1
116,111,1
116,112,1
116,114,1
116,118,1
116,123,1
116,126,1
116,129,1
116,133,1
116,135,1
116,139,1
116,140,1
116,145,1
116,147,1
116,152,1
116,154,1
116,165,1
116,166,1
116,171,1
117,1,1
117,3,1
117,29,1
117,42,1
118,3,1
118,29,1
118,42,1
119,6,1
119,19,1
119,29,1
119,32,1
119,52,1
119,76,1
119,106,1
119,108,1
119,110,1
119,138,1
120,30,1
120,36,1
121,30,1
121,36,1
121,68,1
122,4,1
122,9,1
122,25,1
122,29,1
122,31,1
122,32,1
122,42,1
122,52,1
122,106,1
123,1,1
123,4,1
123,9,1
123,48,1
123,68,1
123,75,1
123,101,1
124,1,1
124,44,1
124,54,1
124,86,1
125,3,1
125,28,1
125,33,1
125,47,1
126,29,1
126,34,1
126,61,1
126,70,1
127,29,1
127,54,1
127,76,1
127,91,1
127,96,1
127,147,1
129,9,1
129,19,1
129,42,1
129,54,1
130,9,1
130,19,1
130,42,1
130,54,1
131,14,1
131,19,1
131,54,1
132,14,1
132,19,1
132,54,1
133,9,1
133,28,1
133,54,1
133,57,1
133,76,1
134,9,1
134,10,1
134,26,1
134,31,1
134,32,1
134,34,1
134,46,1
134,51,1
134,66,1
134,74,1
134,81,1
134,82,1
134,121,1
135,3,1
135,14,1
135,28,1
135,31,1
135,42,1
135,43,1
135,46,1
135,65,1
135,77,1
135,128,1
136,1,1
136,3,1
136,40,1
136,42,1
136,76,1
137,1,1
137,3,1
137,40,1
137,42,1
137,76,1
138,3,1
138,9,1
138,16,1
138,24,1
138,39,1
138,43,1
138,56,1
138,76,1
138,89,1
138,99,1
138,112,1
139,2,1
139,6,1
139,19,1
139,31,1
139,36,1
139,46,1
139,47,1
139,57,1
139,66,1
139,108,1
139,145,1
140,1,1
140,3,1
140,11,1
140,12,1
140,16,1
140,24,1
140,41,1
140,44,1
140,46,1
140,52,1
140,59,1
140,76,1
140,81,1
140,91,1
140,102,1
140,110,1
140,111,1
140,118,1
140,120,1
140,124,1
140,127,1
140,130,1
141,65,1
142,1,1
142,6,1
142,7,1
142,16,1
142,25,1
142,28,1
142,32,1
142,36,1
142,42,1
142,48,1
142,56,1
142,74,1
142,105,1
142,107,1
142,111,1
142,124,1
142,156,1
143,20,1
143,150,1
144,3,1
144,9,1
144,16,1
144,29,1
144,32,1
144,34,1
144,44,1
144,46,1
144,56,1
144,64,1
144,89,1
144,97,1
144,112,1
145,3,1
145,6,1
145,14,1
145,19,1
145,28,1
145,37,1
145,42,1
145,44,1
145,161,1
146,37,1
146,43,1
147,37,1
147,43,1
148,5,1
148,18,1
148,24,1
148,41,1
148,47,1
148,79,1
148,106,1
148,112,1
148,133,1
148,135,1
149,3,1
149,107,1
149,108,1
150,3,1
150,25,1
150,44,1
150,107,1
150,110,1
150,118,1
150,158,1
151,3,1
152,3,1
153,3,1
153,19,1
153,28,1
153,40,1
153,48,1
153,75,1
153,142,1
154,3,1
154,9,1
155,3,1
155,110,1
156,19,1
157,4,1
157,29,1
157,31,1
157,44,1
157,67,1
157,158,1
158,28,1
158,31,1
158,32,1
158,44,1
159,3,1
159,21,1
159,28,1
159,29,1
159,32,1
159,44,1
159,47,1
159,54,1
159,63,1
159,64,1
159,76,1
159,108,1
159,114,1
159,121,1
159,128,1
160,9,1
160,42,1
160,62,1
162,5,1
162,6,1
162,18,1
162,19,1
162,21,1
162,28,1
162,29,1
162,32,1
162,42,1
162,44,1
162,61,1
162,70,1
162,75,1
162,78,1
162,111,1
162,115,1
162,117,1
162,127,1
162,142,1
162,172,1
163,19,1
164,19,1
165,9,1
165,19,1
165,100,1
166,19,1
167,12,1
167,19,1
167,76,1
168,16,1
168,45,1
168,76,1
169,6,1
169,45,1
170,28,1
170,108,1
170,123,1
171,4,1
171,5,1
171,9,1
171,29,1
171,31,1
171,32,1
171,46,1
171,52,1
171,56,1
171,74,1
171,94,1
171,108,1
171,128,1
171,164,1
172,5,1
172,42,1
173,3,1
173,16,1
173,29,1
173,46,1
174,3,1
174,6,1
174,9,1
174,24,1
174,28,1
174,46,1
174,47,1
174,48,1
174,62,1
174,80,1
174,93,1
174,108,1
174,131,1
176,1,1
176,28,1
176,47,1
176,107,1
177,1,1
177,4,1
177,47,1
177,48,1
178,5,1
178,21,1
179,1,1
179,4,1
179,6,1
179,16,1
179,29,1
179,41,1
179,61,1
179,64,1
179,91,1
179,103,1
179,111,1
179,112,1
179,117,1
180,32,1
180,47,1
180,60,1
180,79,1
180,135,1
181,3,1
181,9,1
181,10,1
181,31,1
181,41,1
181,50,1
181,110,1
181,120,1
181,145,1
182,5,1
182,9,1
182,14,1
183,29,1
183,56,1
183,62,1
183,108,1
185,9,1
185,14,1
185,24,1
185,47,1
185,54,1
185,59,1
185,66,1
185,74,1
185,106,1
185,119,1
185,133,1
186,15,1
186,19,1
186,24,1
186,29,1
186,31,1
186,32,1
186,59,1
186,96,1
186,123,1
187,6,1
187,34,1
187,57,1
187,64,1
188,3,1
188,6,1
188,9,1
188,21,1
188,29,1
188,52,1
188,57,1
188,67,1
188,114,1
188,133,1
189,9,1
189,32,1
189,47,1
189,53,1
189,60,1
189,79,1
189,112,1
189,123,1
189,130,1
189,133,1
190,3,1
190,56,1
191,5,1
191,34,1
191,42,1
191,76,1
192,3,1
192,169,1
193,1,1
193,3,1
193,10,1
193,21,1
193,32,1
193,39,1
193,47,1
193,54,1
193,68,1
193,76,1
193,96,1
193,97,1
193,106,1
193,108,1
193,120,1
194,1,1
194,3,1
194,6,1
194,24,1
194,48,1
194,64,1
194,80,1
194,141,1
195,59,1
195,65,1
196,28,1
196,29,1
196,54,1
196,59,1
196,65,1
196,94,1
196,101,1
196,140,1
197,9,1
197,68,1
198,3,1
198,6,1
198,14,1
198,91,1
198,108,1
198,119,1
199,29,1
199,48,1
200,29,1
200,54,1
200,106,1
201,1,1
201,5,1
201,6,1
201,49,1
201,82,1
202,3,1
202,5,1
202,14,1
202,19,1
202,29,1
202,32,1
202,42,1
202,65,1
202,67,1
202,84,1
202,111,1
202,113,1
203,6,1
203,19,1
203,31,1
203,32,1
203,64,1
203,74,1
203,114,1
204,9,1
204,21,1
204,32,1
204,42,1
204,64,1
204,74,1
204,75,1
204,108,1
204,142,1
205,3,1
205,14,1
205,16,1
205,48,1
205,54,1
205,64,1
205,76,1
205,96,1
205,124,1
206,3,1
206,6,1
206,9,1
206,16,1
206,25,1
206,31,1
206,41,1
206,42,1
206,51,1
206,59,1
206,61,1
206,63,1
206,64,1
206,67,1
206,75,1
206,80,1
206,98,1
206,108,1
206,112,1
206,119,1
206,159,1
207,1,1
207,4,1
207,13,1
207,16,1
207,48,1
207,56,1
207,58,1
207,68,1
207,138,1
208,3,1
208,46,1
209,6,1
209,93,1
209,107,1
210,20,1
210,34,1
210,46,1
210,66,1
210,67,1
210,81,1
210,114,1
211,25,1
211,31,1
211,39,1
211,66,1
211,94,1
211,99,1
211,100,1
211,110,1
212,16,1
212,62,1
212,68,1
212,82,1
214,24,1
214,47,1
214,74,1
215,4,1
215,80,1
215,107,1
217,2,1
217,3,1
217,5,1
217,14,1
217,25,1
217,29,1
217,31,1
217,40,1
217,41,1
217,44,1
217,46,1
217,59,1
217,64,1
217,76,1
217,108,1
217,160,1
217,172,1
218,10,1
218,25,1
218,32,1
218,41,1
218,47,1
218,79,1
218,98,1
218,112,1
218,123,1
218,135,1
219,3,1
219,5,1
219,31,1
219,32,1
219,48,1
219,61,1
219,74,1
219,89,1
219,93,1
219,96,1
219,108,1
220,4,1
220,9,1
220,21,1
220,24,1
220,71,1
220,101,1
220,127,1
221,3,1
221,6,1
221,16,1
221,28,1
221,31,1
221,32,1
221,89,1
222,4,1
222,36,1
222,46,1
222,52,1
222,68,1
222,142,1
223,70,1
224,3,1
224,5,1
224,6,1
224,9,1
224,14,1
224,28,1
224,29,1
224,34,1
224,52,1
224,54,1
224,65,1
224,106,1
225,3,1
225,16,1
225,32,1
225,54,1
225,76,1
226,11,1
226,19,1
226,28,1
226,54,1
226,71,1
226,76,1
226,89,1
226,108,1
226,142,1
227,3,1
227,16,1
227,48,1
227,61,1
227,91,1
227,141,1
228,16,1
228,46,1
228,74,1
229,54,1
229,59,1
230,19,1
230,31,1
230,46,1
230,54,1
230,65,1
231,9,1
231,29,1
231,118,1
232,3,1
232,51,1
232,75,1
232,76,1
232,87,1
232,108,1
232,118,1
232,138,1
233,31,1
234,28,1
234,75,1
235,75,1
236,3,1
236,17,1
236,76,1
236,106,1
237,4,1
237,6,1
237,68,1
237,91,1
238,6,1
238,68,1
238,91,1
238,108,1
239,1,1
239,3,1
239,9,1
240,11,1
240,20,1
240,42,1
240,48,1
241,28,1
241,57,1
241,59,1
241,76,1
241,123,1
241,145,1
242,3,1
242,52,1
242,76,1
242,104,1
243,52,1
243,76,1
244,76,1
245,76,1
246,6,1
246,28,1
246,76,1
247,16,1
247,142,1
248,16,1
248,61,1
248,64,1
249,6,1
249,29,1
249,46,1
249,107,1
249,136,1
250,21,1
250,41,1
250,47,1
250,123,1
251,59,1
251,172,1
252,3,1
252,32,1
252,47,1
252,61,1
253,71,1
254,71,1
254,92,1
255,1,1
255,9,1
255,24,1
255,29,1
255,34,1
255,42,1
255,47,1
255,59,1
255,65,1
255,68,1
255,90,1
255,135,1
256,5,1
256,9,1
256,24,1
256,28,1
256,29,1
256,32,1
256,59,1
257,31,1
257,52,1
258,100,1
260,6,1
260,92,1
260,153,1
261,6,1
261,29,1
261,32,1
261,46,1
261,64,1
261,94,1
261,119,1
262,42,1
262,52,1
262,56,1
262,68,1
263,3,1
263,42,1
263,54,1
264,54,1
264,108,1
265,3,1
265,42,1
266,3,1
266,42,1
267,65,1
267,116,1
268,3,1
268,169,1
269,3,1
269,169,1
270,32,1
270,47,1
271,9,1
271,37,1
271,42,1
271,85,1
271,91,1
271,158,1
272,25,1
273,3,1
273,25,1
273,42,1
273,61,1
274,3,1
274,5,1
274,16,1
274,106,1
275,3,1
275,5,1
276,1,1
276,3,1
276,67,1
276,80,1
276,87,1
276,108,1
277,86,1
278,86,1
279,86,1
280,86,1
281,3,1
281,6,1
281,64,1
281,68,1
281,86,1
281,112,1
282,24,1
282,59,1
282,74,1
282,96,1
282,108,1
282,147,1
283,25,1
283,32,1
283,47,1
283,61,1
283,112,1
283,123,1
283,133,1
284,5,1
284,9,1
284,21,1
284,42,1
284,60,1
284,81,1
284,156,1
284,169,1
285,75,1
285,91,1
286,75,1
286,91,1
287,5,1
287,9,1
287,12,1
287,28,1
287,47,1
287,61,1
287,79,1
287,82,1
287,101,1
287,106,1
287,108,1
287,157,1
287,169,1
288,21,1
288,59,1
288,80,1
289,19,1
289,21,1
289,31,1
289,47,1
289,150,1
290,32,1
290,47,1
290,162,1
291,31,1
291,46,1
291,65,1
291,88,1
292,6,1
292,31,1
292,46,1
293,21,1
294,21,1
294,28,1
294,51,1
294,60,1
294,65,1
294,164,1
295,6,1
295,19,1
297,24,1
297,28,1
297,29,1
297,75,1
297,91,1
298,3,1
298,6,1
298,9,1
299,6,1
299,16,1
299,54,1
299,172,1
300,4,1
300,16,1
300,70,1
301,4,1
302,3,1
302,29,1
303,5,1
303,14,1
303,29,1
304,98,1
305,70,1
305,112,1
306,124,1
307,100,1
307,172,1
308,6,1
308,9,1
308,31,1
308,42,1
308,51,1
308,127,1
310,29,1
311,102,1
312,2,1
312,6,1
312,42,1
312,54,1
313,3,1
313,172,1
314,75,1
315,19,1
315,46,1
315,100,1
316,65,1
316,145,1
317,64,1
317,65,1
320,46,1
320,57,1
321,6,1
321,46,1
322,42,1
322,101,1
323,65,1
323,109,1
323,135,1
326,56,1
326,80,1
326,110,1
327,6,1
327,12,1
327,20,1
327,80,1
328,41,1
328,44,1
328,160,1
332,42,1
332,61,1
333,61,1
334,42,1
335,3,1
335,37,1
335,42,1
335,116,1
336,42,1
337,6,1
337,16,1
337,28,1
337,32,1
337,47,1
337,62,1
337,133,1
337,150,1
338,115,1
339,5,1
339,46,1
339,51,1
341,3,1
341,6,1
341,48,1
341,128,1
342,29,1
343,29,1
343,52,1
345,6,1
346,3,1
347,15,1
348,117,1
349,118,1
350,32,1
351,5,1
352,91,1
353,81,1
354,54,1
354,81,1
355,6,1
355,9,1
355,14,1
355,31,1
355,49,1
356,108,1
356,121,1
357,16,1
357,169,1
358,28,1
359,16,1
359,28,1
359,148,1
360,32,1
362,4,1
362,14,1
362,19,1
362,44,1
362,91,1
362,97,1
363,9,1
364,9,1
366,3,1
366,29,1
366,91,1
368,125,1
369,3,1
371,102,1
371,127,1
372,21,1
372,128,1
372,155,1
372,169,1
374,29,1
374,83,1
374,91,1
374,108,1
374,137,1
374,138,1
375,29,1
376,59,1
379,32,1
380,101,1
381,144,1
382,101,1
383,146,1
384,108,1
385,29,1
386,24,1
387,24,1
387,44,1
388,6,1
388,75,1
391,47,1
392,68,1
394,21,1
395,21,1
396,21,1
397,21,1
398,16,1
399,16,1
400,16,1
400,59,1
401,59,1
402,59,1
403,28,1
403,52,1
404,28,1
405,28,1
406,28,1
407,19,1
408,19,1
408,44,1
409,44,1
410,44,1
411,11,1
411,19,1
1,1,2
1,16,2
3,3,2
4,14,2
4,46,2
4,97,2
4,179,2
5,9,2
6,5,2
6,9,2
6,46,2
6,104,2
7,3,2
7,5,2
8,24,2
8,83,2
8,176,2
9,3,2
9,9,2
10,9,2
10,46,2
11,24,2
12,6,2
12,9,2
13,6,2
13,16,2
13,122,2
16,16,2
17,119,2
18,9,2
18,135,2
20,3,2
25,9,2
26,9,2
26,160,2
27,9,2
28,9,2
29,37,2
29,48,2
29,65,2
29,103,2
29,111,2
31,1,2
31,16,2
32,1,2
33,6,2
35,6,2
35,84,2
35,90,2
37,2,2
37,5,2
37,43,2
37,46,2
37,106,2
37,108,2
40,6,2
41,6,2
42,3,2
42,5,2
42,6,2
42,9,2
42,46,2
42,84,2
42,87,2
42,90,2
42,94,2
42,108,2
43,3,2
44,6,2
44,9,2
44,24,2
44,84,2
44,90,2
44,108,2
44,132,2
46,3,2
50,3,2
50,6,2
50,92,2
55,5,2
56,9,2
57,46,2
57,89,2
58,3,2
58,9,2
58,46,2
58,108,2
59,6,2
60,3,2
60,6,2
60,16,2
60,122,2
61,6,2
61,16,2
61,122,2
63,6,2
63,16,2
63,65,2
63,122,2
64,6,2
66,3,2
66,9,2
66,140,2
67,1,2
67,2,2
67,3,2
67,6,2
67,7,2
67,14,2
67,19,2
67,31,2
67,42,2
67,43,2
67,46,2
67,66,2
67,89,2
70,6,2
70,43,2
71,36,2
72,14,2
78,6,2
79,6,2
83,9,2
87,135,2
88,3,2
88,6,2
88,14,2
88,158,2
89,86,2
92,66,2
92,68,2
92,125,2
93,6,2
93,66,2
93,119,2
96,9,2
96,36,2
97,1,2
97,14,2
97,16,2
97,24,2
97,48,2
98,46,2
98,111,2
99,3,2
99,6,2
99,9,2
99,84,2
99,90,2
100,9,2
100,66,2
101,9,2
101,67,2
102,14,2
102,31,2
102,108,2
104,1,2
104,157,2
108,46,2
114,9,2
114,108,2
116,3,2
116,6,2
116,31,2
116,46,2
116,52,2
116,111,2
116,160,2
117,16,2
117,37,2
117,48,2
119,3,2
120,9,2
120,80,2
121,80,2
122,9,2
122,31,2
124,1,2
124,5,2
124,14,2
124,16,2
124,24,2
124,48,2
126,43,2
133,3,2
133,6,2
133,92,2
135,46,2
135,80,2
135,129,2
142,48,2
144,3,2
144,5,2
144,9,2
144,29,2
144,46,2
144,89,2
144,108,2
145,3,2
145,9,2
145,16,2
145,28,2
145,37,2
145,43,2
145,48,2
145,108,2
145,157,2
145,177,2
146,3,2
147,3,2
148,46,2
150,9,2
150,16,2
150,108,2
157,46,2
158,28,2
158,65,2
160,9,2
162,9,2
162,111,2
163,3,2
165,179,2
169,106,2
171,94,2
174,6,2
174,28,2
174,108,2
174,179,2
185,1,2
188,9,2
189,162,2
192,3,2
192,14,2
192,19,2
192,43,2
192,48,2
192,169,2
193,9,2
194,111,2
195,46,2
195,108,2
195,140,2
196,1,2
196,6,2
196,108,2
196,158,2
201,3,2
201,28,2
201,46,2
201,178,2
202,9,2
202,67,2
203,9,2
204,14,2
204,108,2
205,3,2
205,9,2
206,9,2
209,1,2
209,3,2
209,4,2
209,6,2
209,7,2
209,9,2
209,14,2
209,19,2
209,31,2
209,40,2
209,43,2
209,46,2
209,89,2
209,108,2
209,180,2
215,16,2
217,31,2
217,46,2
217,108,2
218,162,2
219,9,2
219,67,2
224,92,2
226,3,2
231,5,2
231,36,2
231,65,2
232,138,2
234,132,2
236,9,2
236,132,2
237,16,2
237,122,2
238,16,2
238,122,2
244,106,2
248,66,2
249,1,2
249,3,2
249,6,2
249,7,2
249,14,2
249,19,2
249,31,2
249,40,2
249,43,2
249,84,2
249,89,2
249,180,2
252,6,2
252,84,2
252,90,2
253,43,2
255,5,2
267,5,2
267,36,2
267,83,2
267,90,2
267,108,2
267,175,2
268,43,2
268,169,2
269,19,2
269,43,2
269,48,2
271,9,2
271,46,2
272,176,2
275,106,2
276,46,2
282,3,2
285,9,2
285,11,2
286,3,2
286,5,2
286,9,2
286,11,2
286,14,2
286,19,2
286,65,2
286,89,2
287,169,2
293,66,2
294,65,2
298,9,2
300,46,2
306,119,2
317,175,2
321,6,2
327,16,2
328,43,2
328,84,2
328,108,2
332,3,2
332,6,2
332,36,2
332,43,2
332,132,2
335,6,2
335,84,2
335,90,2
337,3,2
337,43,2
337,106,2
339,65,2
342,132,2
349,176,2
350,176,2
355,3,2
355,5,2
355,16,2
355,129,2
368,1,2
368,6,2
368,108,2
377,86,2
382,6,2
382,28,2
387,3,2
399,9,2
400,6,2
400,9,2
400,19,2
400,20,2
400,31,2
400,66,2
400,84,2
400,90,2
401,6,2
401,9,2
401,19,2
401,20,2
401,31,2
401,66,2
401,84,2
401,90,2
402,6,2
402,9,2
402,19,2
402,20,2
402,31,2
402,84,2
402,90,2
408,3,2
410,3,2
1,1,4
1,3,4
1,4,4
1,8,4
1,9,4
1,28,4
1,34,4
1,37,4
1,46,4
1,48,4
1,94,4
1,132,4
1,147,4
1,151,4
1,187,4
2,3,4
2,9,4
2,36,4
2,65,4
2,70,4
2,94,4
2,97,4
2,103,4
3,2,4
3,3,4
3,4,4
3,46,4
3,106,4
3,148,4
4,3,4
4,5,4
4,6,4
4,9,4
4,14,4
4,20,4
4,24,4
4,28,4
4,36,4
4,46,4
5,1,4
5,3,4
5,6,4
5,7,4
5,25,4
5,36,4
5,52,4
5,160,4
5,189,4
6,14,4
6,16,4
6,34,4
6,36,4
6,41,4
6,46,4
6,48,4
6,79,4
6,108,4
6,109,4
6,133,4
6,171,4
7,79,4
7,153,4
8,6,4
8,31,4
8,47,4
8,90,4
8,140,4
9,3,4
9,5,4
9,9,4
9,14,4
9,16,4
9,43,4
9,46,4
9,151,4
10,9,4
10,36,4
10,46,4
11,16,4
12,9,4
12,11,4
12,12,4
12,24,4
12,31,4
12,32,4
12,46,4
12,47,4
12,49,4
12,62,4
12,131,4
13,1,4
13,2,4
13,3,4
13,4,4
13,5,4
13,9,4
13,14,4
13,28,4
13,37,4
13,40,4
13,52,4
13,106,4
13,132,4
13,133,4
13,158,4
13,185,4
14,2,4
14,5,4
14,6,4
14,14,4
14,35,4
14,49,4
14,89,4
15,2,4
15,5,4
15,6,4
15,14,4
15,35,4
15,49,4
15,89,4
16,2,4
16,5,4
16,6,4
16,14,4
16,35,4
16,49,4
16,89,4
17,2,4
17,5,4
17,35,4
17,49,4
17,65,4
17,185,4
18,2,4
18,5,4
18,14,4
18,32,4
18,35,4
18,46,4
18,49,4
18,80,4
18,123,4
19,2,4
19,5,4
19,19,4
19,35,4
19,49,4
19,185,4
20,2,4
20,5,4
20,9,4
20,14,4
20,35,4
20,49,4
20,57,4
21,2,4
21,5,4
21,35,4
21,49,4
21,57,4
22,2,4
22,5,4
22,35,4
22,49,4
22,57,4
23,2,4
23,5,4
23,9,4
23,28,4
23,35,4
23,49,4
23,106,4
24,2,4
24,5,4
24,9,4
24,19,4
24,35,4
24,49,4
27,43,4
29,9,4
29,13,4
29,14,4
29,16,4
29,28,4
29,29,4
29,35,4
29,36,4
29,41,4
29,59,4
29,62,4
29,63,4
29,70,4
29,73,4
29,91,4
29,103,4
29,114,4
29,118,4
29,132,4
29,185,4
29,189,4
30,1,4
30,6,4
30,9,4
30,65,4
30,119,4
31,1,4
31,4,4
31,8,4
31,14,4
31,37,4
31,46,4
31,48,4
31,132,4
31,151,4
31,187,4
32,1,4
32,48,4
33,2,4
33,3,4
33,9,4
33,14,4
33,20,4
33,55,4
33,108,4
33,182,4
35,3,4
35,9,4
35,14,4
35,28,4
36,9,4
37,64,4
38,14,4
38,16,4
38,32,4
38,63,4
39,11,4
39,141,4
40,3,4
41,3,4
41,14,4
41,28,4
42,3,4
42,90,4
43,3,4
43,28,4
43,90,4
44,6,4
44,12,4
44,140,4
45,4,4
45,9,4
45,24,4
45,25,4
45,32,4
45,47,4
45,63,4
45,64,4
45,65,4
45,68,4
45,106,4
45,132,4
45,147,4
46,3,4
46,9,4
46,11,4
46,14,4
46,28,4
46,46,4
46,108,4
46,132,4
46,160,4
46,196,4
46,199,4
49,65,4
49,94,4
50,9,4
51,3,4
51,9,4
51,29,4
51,94,4
51,106,4
51,125,4
51,185,4
52,3,4
52,9,4
52,14,4
52,28,4
53,32,4
54,3,4
54,9,4
54,11,4
54,31,4
54,46,4
54,64,4
54,132,4
54,138,4
55,14,4
55,28,4
55,65,4
55,83,4
55,106,4
55,108,4
55,128,4
56,6,4
56,65,4
56,94,4
56,108,4
56,196,4
57,3,4
57,9,4
57,94,4
57,175,4
58,2,4
58,3,4
58,5,4
58,28,4
58,90,4
58,108,4
59,2,4
59,3,4
59,5,4
59,9,4
59,14,4
59,28,4
59,43,4
59,46,4
59,97,4
59,132,4
59,151,4
60,2,4
60,3,4
60,5,4
60,6,4
60,9,4
60,14,4
60,28,4
60,43,4
60,48,4
60,65,4
60,106,4
60,132,4
60,133,4
60,151,4
60,158,4
61,2,4
61,3,4
61,5,4
61,9,4
61,14,4
61,28,4
61,106,4
61,132,4
61,133,4
63,2,4
63,3,4
63,5,4
63,9,4
63,14,4
63,28,4
63,106,4
63,132,4
63,133,4
64,2,4
64,5,4
64,9,4
64,14,4
64,132,4
66,3,4
66,9,4
66,14,4
66,28,4
66,49,4
66,63,4
66,90,4
66,108,4
67,4,4
67,5,4
67,6,4
67,9,4
67,19,4
67,28,4
67,34,4
67,46,4
67,47,4
67,54,4
67,63,4
67,64,4
67,65,4
67,66,4
67,108,4
67,138,4
67,175,4
67,195,4
68,16,4
69,3,4
69,5,4
69,14,4
69,28,4
70,6,4
70,47,4
70,72,4
70,114,4
70,138,4
70,190,4
70,193,4
71,3,4
71,14,4
71,28,4
71,46,4
72,3,4
72,14,4
72,28,4
74,94,4
77,3,4
77,5,4
77,6,4
77,61,4
77,65,4
79,3,4
79,6,4
83,9,4
84,5,4
85,41,4
86,9,4
88,6,4
88,11,4
88,43,4
88,63,4
92,14,4
92,32,4
93,6,4
93,65,4
93,132,4
95,65,4
95,77,4
97,79,4
98,3,4
98,5,4
98,6,4
98,9,4
98,11,4
98,12,4
98,13,4
98,14,4
98,17,4
98,19,4
98,24,4
98,25,4
98,28,4
98,29,4
98,36,4
98,41,4
98,43,4
98,46,4
98,47,4
98,48,4
98,52,4
98,61,4
98,63,4
98,67,4
98,73,4
98,74,4
98,75,4
98,77,4
98,80,4
98,82,4
98,84,4
98,86,4
98,89,4
98,90,4
98,100,4
98,102,4
98,108,4
98,112,4
98,114,4
98,124,4
98,126,4
98,127,4
98,147,4
98,181,4
98,183,4
98,184,4
98,185,4
99,3,4
99,14,4
99,28,4
99,46,4
99,94,4
100,3,4
100,14,4
100,28,4
100,34,4
100,90,4
100,140,4
101,3,4
101,8,4
101,9,4
101,14,4
101,19,4
101,24,4
101,28,4
101,80,4
101,108,4
102,3,4
102,43,4
104,3,4
104,9,4
104,14,4
104,28,4
104,34,4
104,54,4
104,72,4
104,94,4
104,97,4
104,106,4
104,162,4
113,6,4
113,9,4
114,14,4
116,3,4
116,5,4
116,6,4
116,9,4
116,12,4
116,16,4
116,24,4
116,26,4
116,28,4
116,32,4
116,36,4
116,41,4
116,47,4
116,62,4
116,64,4
116,65,4
116,66,4
116,68,4
116,81,4
116,83,4
116,86,4
116,89,4
116,91,4
116,106,4
116,132,4
116,160,4
116,165,4
116,170,4
116,175,4
116,191,4
119,3,4
119,9,4
119,14,4
119,28,4
119,46,4
120,2,4
120,3,4
120,5,4
120,9,4
120,31,4
121,3,4
121,5,4
121,31,4
122,3,4
122,5,4
122,6,4
122,19,4
122,29,4
122,41,4
122,46,4
122,64,4
122,80,4
122,90,4
122,148,4
123,46,4
124,1,4
124,16,4
124,79,4
125,2,4
125,20,4
125,108,4
125,129,4
126,106,4
126,108,4
126,123,4
127,6,4
128,6,4
129,5,4
129,80,4
131,3,4
131,5,4
132,5,4
133,3,4
133,9,4
133,14,4
133,28,4
134,9,4
134,97,4
135,2,4
135,6,4
135,19,4
135,20,4
135,28,4
135,46,4
135,90,4
135,94,4
135,108,4
137,3,4
137,14,4
137,28,4
138,9,4
138,14,4
138,19,4
138,46,4
138,106,4
139,106,4
140,3,4
140,5,4
140,11,4
140,14,4
140,140,4
140,160,4
144,6,4
144,34,4
144,194,4
145,28,4
145,31,4
145,36,4
145,46,4
145,83,4
145,159,4
146,3,4
146,9,4
146,14,4
146,28,4
146,43,4
147,3,4
147,9,4
147,43,4
155,6,4
156,65,4
157,198,4
158,11,4
159,17,4
159,46,4
159,80,4
159,97,4
160,97,4
160,181,4
162,4,4
162,5,4
162,9,4
162,16,4
162,91,4
162,151,4
164,3,4
164,9,4
164,14,4
164,28,4
165,3,4
165,14,4
165,28,4
166,3,4
166,6,4
166,10,4
166,14,4
166,28,4
167,14,4
168,36,4
168,46,4
170,97,4
171,3,4
171,32,4
171,83,4
171,94,4
171,177,4
172,35,4
172,87,4
172,123,4
174,3,4
174,4,4
174,14,4
174,16,4
174,28,4
174,49,4
174,55,4
174,66,4
174,101,4
174,106,4
174,151,4
175,106,4
176,158,4
176,171,4
179,3,4
179,7,4
179,94,4
179,106,4
179,151,4
181,9,4
182,49,4
182,65,4
185,14,4
185,29,4
185,36,4
185,46,4
185,91,4
185,106,4
185,108,4
186,9,4
186,64,4
188,83,4
188,138,4
188,185,4
189,6,4
189,10,4
189,32,4
189,46,4
189,47,4
189,61,4
189,83,4
189,162,4
190,6,4
190,61,4
190,132,4
191,63,4
191,65,4
192,3,4
192,14,4
192,28,4
193,2,4
193,3,4
193,6,4
193,11,4
193,32,4
193,46,4
193,62,4
193,140,4
193,141,4
194,24,4
195,36,4
195,55,4
195,80,4
195,106,4
195,158,4
196,4,4
196,36,4
196,46,4
196,62,4
196,104,4
196,106,4
196,108,4
196,160,4
197,9,4
197,10,4
197,19,4
197,47,4
197,80,4
197,175,4
198,9,4
198,19,4
198,65,4
198,83,4
199,6,4
199,158,4
200,108,4
201,14,4
201,40,4
201,41,4
201,47,4
201,83,4
201,97,4
201,192,4
202,3,4
202,14,4
202,28,4
202,128,4
202,140,4
203,3,4
203,9,4
203,46,4
204,9,4
204,14,4
204,63,4
204,71,4
206,9,4
206,41,4
206,59,4
206,66,4
206,80,4
206,119,4
206,188,4
207,4,4
207,9,4
207,16,4
207,24,4
207,162,4
208,132,4
209,6,4
209,9,4
209,16,4
209,17,4
209,19,4
209,55,4
209,80,4
209,87,4
209,106,4
209,126,4
209,175,4
209,183,4
210,6,4
210,119,4
210,198,4
211,6,4
212,46,4
212,65,4
215,4,4
216,61,4
216,94,4
217,9,4
217,29,4
217,32,4
217,46,4
217,106,4
217,160,4
218,10,4
218,32,4
218,35,4
218,41,4
218,47,4
218,65,4
219,3,4
219,5,4
219,9,4
219,14,4
219,26,4
219,28,4
219,80,4
222,36,4
223,5,4
224,3,4
224,31,4
224,63,4
224,92,4
225,9,4
226,3,4
226,14,4
226,17,4
226,28,4
227,151,4
227,153,4
228,37,4
229,154,4
230,3,4
230,5,4
230,9,4
230,54,4
230,99,4
230,119,4
231,5,4
231,9,4
231,106,4
232,65,4
232,95,4
232,106,4
232,190,4
233,140,4
234,49,4
236,3,4
236,106,4
237,3,4
237,106,4
237,133,4
238,3,4
238,106,4
238,133,4
242,140,4
246,9,4
248,6,4
248,16,4
248,46,4
248,65,4
248,66,4
249,5,4
249,6,4
249,9,4
249,17,4
249,19,4
249,28,4
249,46,4
249,55,4
249,74,4
249,80,4
249,87,4
249,154,4
249,175,4
249,183,4
250,10,4
250,47,4
252,47,4
255,19,4
255,46,4
255,86,4
255,108,4
255,164,4
257,3,4
257,5,4
257,6,4
257,9,4
257,19,4
257,46,4
257,57,4
257,83,4
257,103,4
257,106,4
257,124,4
257,126,4
258,3,4
258,14,4
258,28,4
259,3,4
259,14,4
259,28,4
260,132,4
260,177,4
263,5,4
263,6,4
264,108,4
267,9,4
267,28,4
267,36,4
270,3,4
270,9,4
270,32,4
270,61,4
270,82,4
270,89,4
270,115,4
270,182,4
271,61,4
271,106,4
274,3,4
274,14,4
274,28,4
274,65,4
275,3,4
275,52,4
276,3,4
276,12,4
276,46,4
276,94,4
282,1,4
282,3,4
282,46,4
282,133,4
282,140,4
283,3,4
283,5,4
283,6,4
283,9,4
283,32,4
283,46,4
283,47,4
283,61,4
283,63,4
283,68,4
283,73,4
283,77,4
283,80,4
283,82,4
283,83,4
283,90,4
283,108,4
283,124,4
283,148,4
283,184,4
284,14,4
287,1,4
287,9,4
287,14,4
287,76,4
287,83,4
287,101,4
287,118,4
287,157,4
287,158,4
287,162,4
289,65,4
293,14,4
294,171,4
299,158,4
300,5,4
300,16,4
300,20,4
300,43,4
300,57,4
301,108,4
303,36,4
303,61,4
303,64,4
303,106,4
303,190,4
303,200,4
306,6,4
307,3,4
307,6,4
307,9,4
307,59,4
308,77,4
312,3,4
312,14,4
312,28,4
312,158,4
314,9,4
314,14,4
314,27,4
316,3,4
316,14,4
316,46,4
316,140,4
317,3,4
323,132,4
324,6,4
328,29,4
328,32,4
331,49,4
331,181,4
332,3,4
332,5,4
332,6,4
332,9,4
332,11,4
332,19,4
332,47,4
332,61,4
332,63,4
332,77,4
332,80,4
332,82,4
332,83,4
332,176,4
332,184,4
335,28,4
337,97,4
337,140,4
339,6,4
339,9,4
339,31,4
339,46,4
339,49,4
339,63,4
339,80,4
339,86,4
339,132,4
339,185,4
340,1,4
341,48,4
344,5,4
344,6,4
346,49,4
346,181,4
347,74,4
348,3,4
348,14,4
348,28,4
349,3,4
350,9,4
352,49,4
352,181,4
354,3,4
354,9,4
354,46,4
354,55,4
354,80,4
354,97,4
354,119,4
357,6,4
357,28,4
358,3,4
358,31,4
359,6,4
360,158,4
362,3,4
362,14,4
362,28,4
365,9,4
368,132,4
372,19,4
372,83,4
372,176,4
372,197,4
382,29,4
382,106,4
384,3,4
384,14,4
384,28,4
384,106,4
384,108,4
385,97,4
387,43,4
389,9,4
395,3,4
395,5,4
395,6,4
395,9,4
395,94,4
395,116,4
396,6,4
398,3,4
398,5,4
398,57,4
398,65,4
398,80,4
398,89,4
399,1,4
399,3,4
399,5,4
399,6,4
399,9,4
399,12,4
399,29,4
399,43,4
399,46,4
399,47,4
399,57,4
399,61,4
399,63,4
399,65,4
399,77,4
399,80,4
399,82,4
399,83,4
399,86,4
399,89,4
399,90,4
399,115,4
399,119,4
399,133,4
399,148,4
399,182,4
399,184,4
400,3,4
400,65,4
400,175,4
401,3,4
401,65,4
401,175,4
402,3,4
402,65,4
402,175,4
403,106,4
406,41,4
408,36,4
408,43,4
409,6,4
410,43,4
411,17,4
1,1,5
1,3,5
1,4,5
1,5,5
1,9,5
1,12,5
1,13,5
1,19,5
1,28,5
1,31,5
1,36,5
1,37,5
1,43,5
1,46,5
1,52,5
1,65,5
1,80,5
1,83,5
1,89,5
1,101,5
1,121,5
1,138,5
1,174,5
1,185,5
1,195,5
1,199,5
1,211,5
2,1,5
2,3,5
2,5,5
2,6,5
2,7,5
2,12,5
2,14,5
2,36,5
2,42,5
2,46,5
2,48,5
2,49,5
2,54,5
2,58,5
2,65,5
2,78,5
2,90,5
2,101,5
2,121,5
2,138,5
2,178,5
2,211,5
3,1,5
3,2,5
3,3,5
3,5,5
3,6,5
3,9,5
3,12,5
3,19,5
3,24,5
3,25,5
3,26,5
3,29,5
3,31,5
3,36,5
3,39,5
3,43,5
3,46,5
3,47,5
3,49,5
3,53,5
3,64,5
3,88,5
3,89,5
3,94,5
3,106,5
3,124,5
3,140,5
3,158,5
3,160,5
3,178,5
3,183,5
3,188,5
3,195,5
3,202,5
3,214,5
3,243,5
3,247,5
3,269,5
4,2,5
4,3,5
4,5,5
4,6,5
4,9,5
4,13,5
4,14,5
4,19,5
4,20,5
4,28,5
4,31,5
4,36,5
4,39,5
4,43,5
4,44,5
4,46,5
4,48,5
4,49,5
4,65,5
4,71,5
4,78,5
4,89,5
4,95,5
4,97,5
4,105,5
4,108,5
4,124,5
4,125,5
4,129,5
4,140,5
4,146,5
4,158,5
4,160,5
4,178,5
4,195,5
4,200,5
4,202,5
4,203,5
4,206,5
4,214,5
4,247,5
4,269,5
5,1,5
5,2,5
5,3,5
5,4,5
5,5,5
5,7,5
5,9,5
5,14,5
5,24,5
5,25,5
5,26,5
5,28,5
5,31,5
5,32,5
5,46,5
5,47,5
5,48,5
5,49,5
5,53,5
5,58,5
5,64,5
5,67,5
5,77,5
5,82,5
5,84,5
5,88,5
5,89,5
5,101,5
5,102,5
5,105,5
5,106,5
5,108,5
5,129,5
5,133,5
5,137,5
5,138,5
5,145,5
5,158,5
5,160,5
5,161,5
5,173,5
5,176,5
5,199,5
5,244,5
5,247,5
5,261,5
6,2,5
6,3,5
6,5,5
6,6,5
6,9,5
6,14,5
6,32,5
6,34,5
6,46,5
6,47,5
6,54,5
6,55,5
6,65,5
6,74,5
6,105,5
6,108,5
6,119,5
6,122,5
6,173,5
6,174,5
6,175,5
6,176,5
6,185,5
6,245,5
6,250,5
7,1,5
7,3,5
7,5,5
7,6,5
7,9,5
7,13,5
7,14,5
7,34,5
7,37,5
7,43,5
7,49,5
7,54,5
7,55,5
7,74,5
7,77,5
7,83,5
7,88,5
7,90,5
7,97,5
7,203,5
7,206,5
7,211,5
7,245,5
8,3,5
8,5,5
8,6,5
8,9,5
8,10,5
8,11,5
8,14,5
8,19,5
8,31,5
8,32,5
8,36,5
8,43,5
8,49,5
8,55,5
8,64,5
8,65,5
8,83,5
8,89,5
8,94,5
8,108,5
8,119,5
8,158,5
8,174,5
8,195,5
9,1,5
9,3,5
9,5,5
9,9,5
9,11,5
9,14,5
9,28,5
9,31,5
9,39,5
9,43,5
9,49,5
9,65,5
9,77,5
9,102,5
9,158,5
9,161,5
9,198,5
9,200,5
9,223,5
9,246,5
9,252,5
10,1,5
10,3,5
10,6,5
10,9,5
10,11,5
10,28,5
10,31,5
10,39,5
10,43,5
10,49,5
10,77,5
10,102,5
10,158,5
10,161,5
10,163,5
10,198,5
10,200,5
10,223,5
10,246,5
10,252,5
11,3,5
11,9,5
11,10,5
11,24,5
11,31,5
11,36,5
11,43,5
11,46,5
11,49,5
11,54,5
11,83,5
11,145,5
11,158,5
11,174,5
11,192,5
11,200,5
12,2,5
12,3,5
12,5,5
12,6,5
12,9,5
12,11,5
12,12,5
12,14,5
12,19,5
12,24,5
12,32,5
12,36,5
12,37,5
12,39,5
12,40,5
12,42,5
12,43,5
12,46,5
12,47,5
12,49,5
12,59,5
12,61,5
12,65,5
12,66,5
12,84,5
12,89,5
12,91,5
12,97,5
12,106,5
12,115,5
12,137,5
12,143,5
12,158,5
12,170,5
12,246,5
12,250,5
12,262,5
13,2,5
13,3,5
13,4,5
13,5,5
13,6,5
13,9,5
13,13,5
13,14,5
13,28,5
13,31,5
13,32,5
13,36,5
13,37,5
13,38,5
13,39,5
13,40,5
13,43,5
13,46,5
13,49,5
13,52,5
13,55,5
13,59,5
13,65,5
13,84,5
13,88,5
13,91,5
13,106,5
13,111,5
13,113,5
13,129,5
13,143,5
13,144,5
13,151,5
13,160,5
13,174,5
13,198,5
13,206,5
13,211,5
13,246,5
14,3,5
14,6,5
14,9,5
14,14,5
14,17,5
14,31,5
14,32,5
14,36,5
14,39,5
14,62,5
14,77,5
14,126,5
14,143,5
14,165,5
14,195,5
14,202,5
14,211,5
14,242,5
14,244,5
15,3,5
15,6,5
15,9,5
15,14,5
15,17,5
15,31,5
15,32,5
15,36,5
15,39,5
15,62,5
15,77,5
15,126,5
15,143,5
15,165,5
15,195,5
15,202,5
15,211,5
15,242,5
15,244,5
16,3,5
16,6,5
16,9,5
16,14,5
16,17,5
16,31,5
16,36,5
16,39,5
16,62,5
16,77,5
16,126,5
16,143,5
16,165,5
16,195,5
16,202,5
16,211,5
16,242,5
16,244,5
17,3,5
17,5,5
17,8,5
17,11,5
17,14,5
17,17,5
17,19,5
17,28,5
17,31,5
17,32,5
17,39,5
17,42,5
17,46,5
17,50,5
17,57,5
17,64,5
17,77,5
17,89,5
17,97,5
17,126,5
17,143,5
17,156,5
17,186,5
17,242,5
17,248,5
17,250,5
17,251,5
17,264,5
18,2,5
18,3,5
18,5,5
18,8,5
18,9,5
18,14,5
18,17,5
18,19,5
18,31,5
18,32,5
18,39,5
18,46,5
18,55,5
18,77,5
18,89,5
18,94,5
18,126,5
18,143,5
18,163,5
18,242,5
18,252,5
18,264,5
19,3,5
19,5,5
19,8,5
19,12,5
19,14,5
19,17,5
19,31,5
19,32,5
19,36,5
19,39,5
19,46,5
19,77,5
19,101,5
19,126,5
19,242,5
19,244,5
19,270,5
20,3,5
20,5,5
20,6,5
20,8,5
20,12,5
20,14,5
20,17,5
20,32,5
20,77,5
20,120,5
20,124,5
20,126,5
20,198,5
20,242,5
21,3,5
21,14,5
21,17,5
21,31,5
21,32,5
21,77,5
21,126,5
21,242,5
21,244,5
22,3,5
22,14,5
22,17,5
22,31,5
22,32,5
22,77,5
22,95,5
22,126,5
22,242,5
22,244,5
23,3,5
23,5,5
23,6,5
23,8,5
23,9,5
23,14,5
23,17,5
23,46,5
23,54,5
23,77,5
23,84,5
23,101,5
23,116,5
23,126,5
23,242,5
23,243,5
24,3,5
24,5,5
24,8,5
24,14,5
24,17,5
24,31,5
24,55,5
24,77,5
24,83,5
24,94,5
24,95,5
24,101,5
24,105,5
24,115,5
24,126,5
24,129,5
24,156,5
24,160,5
24,220,5
24,242,5
25,3,5
25,5,5
25,6,5
25,10,5
25,13,5
25,20,5
25,28,5
25,61,5
25,77,5
25,80,5
25,83,5
25,106,5
25,111,5
25,138,5
25,233,5
26,3,5
26,10,5
26,31,5
26,36,5
26,46,5
26,55,5
26,77,5
26,80,5
26,82,5
26,83,5
26,106,5
26,143,5
26,158,5
26,198,5
26,199,5
27,3,5
27,10,5
27,31,5
27,36,5
27,55,5
27,77,5
27,80,5
27,82,5
27,83,5
27,106,5
27,143,5
27,158,5
27,198,5
27,199,5
28,14,5
28,36,5
28,46,5
28,77,5
28,83,5
28,158,5
28,195,5
28,206,5
28,249,5
29,1,5
29,2,5
29,3,5
29,4,5
29,5,5
29,6,5
29,9,5
29,11,5
29,12,5
29,13,5
29,14,5
29,16,5
29,19,5
29,20,5
29,24,5
29,26,5
29,28,5
29,31,5
29,36,5
29,37,5
29,39,5
29,41,5
29,43,5
29,46,5
29,47,5
29,52,5
29,57,5
29,58,5
29,59,5
29,64,5
29,65,5
29,71,5
29,74,5
29,77,5
29,78,5
29,82,5
29,83,5
29,90,5
29,91,5
29,102,5
29,106,5
29,108,5
29,115,5
29,116,5
29,124,5
29,133,5
29,137,5
29,138,5
29,146,5
29,148,5
29,150,5
29,160,5
29,163,5
29,169,5
29,176,5
29,177,5
29,199,5
29,200,5
29,207,5
29,223,5
29,244,5
30,7,5
30,9,5
30,14,5
30,28,5
30,31,5
30,39,5
30,43,5
30,46,5
30,49,5
30,62,5
30,65,5
30,101,5
30,115,5
30,133,5
30,160,5
30,187,5
30,199,5
30,202,5
30,220,5
31,1,5
31,3,5
31,4,5
31,9,5
31,13,5
31,19,5
31,28,5
31,32,5
31,36,5
31,37,5
31,39,5
31,43,5
31,46,5
31,52,5
31,62,5
31,70,5
31,106,5
31,195,5
32,1,5
32,4,5
32,9,5
32,19,5
32,28,5
32,32,5
32,36,5
32,37,5
32,39,5
32,43,5
32,46,5
32,62,5
32,70,5
32,106,5
32,195,5
33,2,5
33,3,5
33,5,5
33,9,5
33,18,5
33,32,5
33,37,5
33,49,5
33,55,5
33,64,5
33,71,5
33,77,5
33,91,5
33,116,5
33,120,5
33,129,5
33,192,5
33,206,5
33,270,5
34,9,5
34,14,5
34,43,5
34,49,5
34,65,5
34,89,5
34,120,5
34,145,5
34,211,5
35,3,5
35,5,5
35,6,5
35,11,5
35,20,5
35,32,5
35,35,5
35,39,5
35,43,5
35,46,5
35,47,5
35,49,5
35,61,5
35,77,5
35,157,5
35,200,5
35,245,5
36,3,5
36,5,5
36,6,5
36,11,5
36,20,5
36,32,5
36,35,5
36,39,5
36,43,5
36,46,5
36,47,5
36,49,5
36,61,5
36,77,5
36,157,5
36,200,5
36,245,5
37,2,5
37,3,5
37,6,5
37,11,5
37,14,5
37,46,5
37,71,5
37,91,5
37,158,5
37,256,5
38,5,5
38,9,5
38,14,5
38,32,5
38,34,5
38,39,5
38,46,5
38,77,5
38,80,5
38,83,5
38,89,5
38,91,5
38,94,5
38,101,5
38,108,5
38,143,5
38,200,5
38,246,5
39,6,5
39,9,5
39,11,5
39,46,5
39,82,5
39,101,5
39,106,5
39,133,5
39,158,5
39,200,5
39,211,5
39,246,5
40,6,5
40,10,5
40,32,5
40,35,5
40,39,5
40,43,5
40,47,5
40,77,5
40,157,5
40,199,5
40,200,5
40,245,5
41,6,5
41,10,5
41,32,5
41,35,5
41,39,5
41,43,5
41,47,5
41,77,5
41,199,5
41,200,5
41,245,5
42,2,5
42,3,5
42,6,5
42,9,5
42,31,5
42,32,5
42,36,5
42,39,5
42,58,5
42,84,5
42,101,5
42,106,5
42,129,5
42,198,5
43,5,5
43,9,5
43,14,5
43,101,5
43,119,5
43,198,5
44,2,5
44,3,5
44,6,5
44,9,5
44,42,5
44,58,5
44,84,5
44,175,5
44,220,5
44,249,5
45,1,5
45,2,5
45,4,5
45,5,5
45,6,5
45,9,5
45,10,5
45,14,5
45,15,5
45,19,5
45,28,5
45,31,5
45,32,5
45,37,5
45,47,5
45,49,5
45,58,5
45,65,5
45,71,5
45,102,5
45,106,5
45,122,5
45,125,5
45,129,5
45,160,5
45,168,5
45,173,5
45,195,5
45,197,5
45,198,5
45,199,5
45,218,5
45,238,5
45,243,5
46,2,5
46,3,5
46,6,5
46,9,5
46,11,5
46,12,5
46,14,5
46,19,5
46,24,5
46,26,5
46,28,5
46,31,5
46,36,5
46,43,5
46,46,5
46,48,5
46,49,5
46,64,5
46,65,5
46,77,5
46,80,5
46,84,5
46,86,5
46,91,5
46,101,5
46,105,5
46,106,5
46,129,5
46,158,5
46,160,5
46,165,5
46,168,5
46,176,5
46,199,5
46,204,5
46,217,5
46,242,5
46,250,5
47,36,5
47,42,5
47,52,5
47,199,5
48,2,5
48,5,5
48,31,5
48,36,5
48,42,5
48,52,5
49,3,5
49,5,5
49,6,5
49,9,5
49,10,5
49,14,5
49,43,5
49,46,5
49,90,5
49,97,5
49,129,5
49,213,5
49,241,5
49,268,5
50,3,5
50,5,5
50,6,5
50,9,5
50,10,5
50,13,5
50,19,5
50,31,5
50,46,5
50,95,5
50,106,5
51,3,5
51,5,5
51,6,5
51,8,5
51,9,5
51,12,5
51,14,5
51,28,5
51,31,5
51,46,5
51,52,5
51,83,5
51,97,5
51,101,5
51,108,5
51,143,5
51,168,5
51,176,5
51,211,5
52,2,5
52,3,5
52,5,5
52,9,5
52,31,5
52,32,5
52,89,5
52,97,5
52,101,5
52,170,5
52,198,5
52,245,5
52,262,5
53,2,5
53,3,5
53,5,5
53,14,5
53,19,5
53,31,5
53,97,5
53,101,5
53,270,5
54,2,5
54,3,5
54,9,5
54,10,5
54,11,5
54,14,5
54,19,5
54,20,5
54,24,5
54,28,5
54,31,5
54,36,5
54,39,5
54,43,5
54,46,5
54,49,5
54,65,5
54,84,5
54,86,5
54,95,5
54,108,5
54,129,5
54,156,5
54,158,5
54,160,5
54,175,5
54,176,5
54,217,5
54,242,5
54,249,5
54,250,5
54,253,5
54,261,5
54,262,5
54,265,5
55,3,5
55,5,5
55,6,5
55,9,5
55,14,5
55,28,5
55,31,5
55,32,5
55,40,5
55,42,5
55,43,5
55,46,5
55,65,5
55,90,5
55,97,5
55,101,5
55,175,5
55,177,5
55,206,5
55,213,5
55,253,5
55,268,5
56,3,5
56,5,5
56,6,5
56,9,5
56,11,5
56,14,5
56,28,5
56,31,5
56,43,5
56,46,5
56,65,5
56,89,5
56,90,5
56,97,5
56,101,5
56,108,5
56,138,5
56,199,5
56,206,5
56,210,5
56,213,5
56,241,5
56,250,5
56,268,5
57,2,5
57,3,5
57,6,5
57,14,5
57,19,5
57,31,5
57,43,5
57,46,5
57,49,5
57,66,5
57,77,5
57,89,5
57,90,5
57,94,5
57,95,5
57,122,5
57,144,5
57,177,5
57,179,5
57,188,5
57,195,5
57,202,5
57,250,5
57,266,5
57,268,5
58,2,5
58,3,5
58,5,5
58,6,5
58,9,5
58,14,5
58,19,5
58,28,5
58,31,5
58,32,5
58,39,5
58,43,5
58,46,5
58,49,5
58,66,5
58,74,5
58,77,5
58,80,5
58,83,5
58,84,5
58,90,5
58,97,5
58,202,5
58,250,5
59,2,5
59,3,5
59,5,5
59,6,5
59,9,5
59,12,5
59,13,5
59,14,5
59,17,5
59,28,5
59,29,5
59,37,5
59,40,5
59,43,5
59,64,5
59,65,5
59,77,5
59,106,5
59,111,5
59,129,5
59,144,5
59,151,5
59,188,5
59,198,5
59,206,5
59,271,5
60,2,5
60,3,5
60,5,5
60,6,5
60,9,5
60,13,5
60,36,5
60,43,5
60,46,5
60,55,5
60,59,5
60,65,5
60,84,5
60,88,5
60,102,5
60,106,5
60,111,5
60,133,5
60,144,5
60,151,5
60,160,5
60,271,5
61,2,5
61,6,5
61,13,5
61,32,5
61,36,5
61,40,5
61,43,5
61,46,5
61,55,5
61,59,5
61,84,5
61,106,5
61,111,5
61,133,5
61,143,5
61,144,5
61,145,5
61,151,5
61,160,5
61,198,5
61,206,5
62,2,5
62,13,5
62,32,5
62,36,5
62,40,5
62,43,5
62,82,5
62,111,5
62,133,5
62,143,5
62,144,5
62,145,5
62,198,5
62,206,5
63,2,5
63,3,5
63,5,5
63,6,5
63,9,5
63,13,5
63,14,5
63,28,5
63,31,5
63,36,5
63,40,5
63,42,5
63,43,5
63,46,5
63,49,5
63,52,5
63,55,5
63,59,5
63,65,5
63,83,5
63,84,5
63,88,5
63,89,5
63,106,5
63,111,5
63,144,5
63,151,5
63,160,5
63,211,5
63,249,5
64,6,5
64,9,5
64,11,5
64,19,5
64,40,5
64,43,5
64,46,5
64,78,5
64,106,5
64,111,5
64,144,5
64,151,5
64,175,5
64,198,5
64,244,5
65,6,5
65,9,5
65,11,5
65,19,5
65,40,5
65,43,5
65,46,5
65,78,5
65,111,5
65,144,5
65,175,5
65,198,5
65,244,5
66,2,5
66,3,5
66,5,5
66,11,5
66,14,5
66,19,5
66,26,5
66,28,5
66,31,5
66,36,5
66,39,5
66,43,5
66,46,5
66,49,5
66,64,5
66,65,5
66,66,5
66,74,5
66,80,5
66,83,5
66,84,5
66,86,5
66,90,5
66,97,5
66,99,5
66,108,5
66,177,5
66,179,5
66,188,5
66,202,5
66,246,5
66,250,5
66,266,5
66,268,5
67,2,5
67,3,5
67,4,5
67,5,5
67,6,5
67,9,5
67,20,5
67,26,5
67,28,5
67,31,5
67,34,5
67,36,5
67,43,5
67,46,5
67,55,5
67,63,5
67,65,5
67,77,5
67,83,5
67,89,5
67,97,5
67,101,5
67,106,5
67,108,5
67,119,5
67,122,5
67,129,5
67,140,5
67,160,5
67,175,5
67,198,5
67,199,5
67,211,5
67,217,5
67,222,5
67,254,5
67,271,5
68,211,5
69,5,5
69,6,5
69,28,5
69,31,5
69,43,5
69,84,5
69,110,5
69,158,5
69,198,5
69,247,5
70,2,5
70,3,5
70,4,5
70,5,5
70,6,5
70,9,5
70,14,5
70,19,5
70,28,5
70,31,5
70,32,5
70,36,5
70,39,5
70,42,5
70,46,5
70,47,5
70,63,5
70,65,5
70,89,5
70,90,5
70,97,5
70,99,5
70,106,5
70,108,5
70,119,5
70,129,5
70,170,5
70,188,5
70,195,5
70,198,5
70,199,5
70,216,5
71,9,5
71,31,5
71,32,5
71,42,5
71,43,5
71,65,5
71,91,5
71,257,5
71,267,5
72,2,5
72,3,5
72,5,5
72,6,5
72,9,5
72,14,5
72,29,5
72,54,5
72,97,5
72,141,5
72,245,5
73,5,5
73,9,5
73,46,5
73,67,5
73,94,5
73,198,5
74,9,5
74,145,5
75,2,5
75,3,5
75,9,5
75,32,5
75,49,5
76,2,5
76,3,5
76,9,5
76,32,5
76,49,5
77,9,5
77,32,5
77,47,5
77,57,5
77,83,5
77,102,5
77,108,5
77,185,5
78,9,5
78,28,5
78,39,5
78,52,5
78,67,5
78,99,5
79,2,5
79,3,5
79,5,5
79,6,5
79,9,5
79,11,5
79,14,5
79,31,5
79,37,5
79,46,5
79,52,5
79,82,5
79,89,5
79,92,5
79,108,5
79,119,5
79,128,5
79,133,5
79,148,5
79,188,5
79,200,5
79,202,5
79,246,5
80,9,5
80,32,5
81,9,5
81,37,5
81,89,5
81,179,5
81,258,5
83,2,5
84,2,5
84,3,5
84,5,5
84,9,5
84,14,5
84,37,5
84,46,5
84,92,5
84,119,5
84,145,5
86,3,5
86,116,5
86,205,5
86,238,5
87,3,5
87,5,5
87,6,5
87,9,5
87,31,5
87,43,5
87,46,5
87,47,5
87,49,5
87,57,5
87,77,5
87,83,5
87,97,5
87,102,5
87,163,5
87,175,5
88,3,5
88,5,5
88,6,5
88,9,5
88,19,5
88,31,5
88,32,5
88,66,5
88,83,5
88,94,5
88,129,5
88,158,5
88,246,5
88,262,5
89,3,5
89,6,5
89,9,5
89,20,5
89,43,5
89,102,5
89,198,5
89,200,5
89,206,5
89,214,5
90,14,5
90,89,5
90,198,5
90,270,5
91,64,5
92,3,5
92,5,5
92,6,5
92,9,5
92,12,5
92,14,5
92,28,5
92,31,5
92,32,5
92,46,5
92,101,5
92,106,5
92,119,5
92,214,5
92,246,5
93,3,5
93,9,5
93,32,5
93,46,5
93,65,5
93,140,5
93,144,5
93,153,5
93,158,5
94,3,5
94,5,5
94,31,5
94,47,5
94,82,5
94,97,5
94,101,5
94,108,5
94,197,5
94,247,5
95,6,5
95,19,5
95,37,5
95,42,5
95,133,5
95,176,5
95,224,5
96,5,5
96,9,5
96,36,5
96,46,5
96,106,5
96,158,5
96,206,5
97,5,5
97,47,5
97,55,5
97,74,5
97,78,5
97,106,5
97,170,5
97,245,5
98,2,5
98,3,5
98,5,5
98,6,5
98,9,5
98,12,5
98,14,5
98,17,5
98,20,5
98,25,5
98,28,5
98,31,5
98,34,5
98,37,5
98,39,5
98,43,5
98,44,5
98,46,5
98,57,5
98,58,5
98,59,5
98,64,5
98,71,5
98,74,5
98,78,5
98,80,5
98,84,5
98,102,5
98,110,5
98,113,5
98,119,5
98,129,5
98,137,5
98,138,5
98,145,5
98,158,5
98,160,5
98,163,5
98,168,5
98,207,5
98,223,5
98,257,5
99,2,5
99,3,5
99,6,5
99,9,5
99,14,5
99,19,5
99,28,5
99,31,5
99,43,5
99,46,5
99,49,5
99,64,5
99,66,5
99,74,5
99,80,5
99,84,5
99,88,5
99,89,5
99,90,5
99,119,5
99,177,5
99,188,5
99,202,5
99,250,5
99,266,5
99,268,5
100,3,5
100,6,5
100,14,5
100,19,5
100,31,5
100,32,5
100,43,5
100,46,5
100,49,5
100,66,5
100,90,5
100,144,5
100,191,5
100,202,5
100,250,5
100,266,5
100,268,5
101,2,5
101,3,5
101,6,5
101,9,5
101,14,5
101,19,5
101,32,5
101,39,5
101,40,5
101,46,5
101,65,5
101,83,5
101,84,5
101,88,5
101,89,5
101,97,5
101,101,5
101,106,5
101,125,5
101,129,5
101,133,5
101,158,5
101,175,5
101,206,5
101,207,5
102,2,5
102,3,5
102,5,5
102,7,5
102,9,5
102,14,5
102,29,5
102,31,5
102,32,5
102,46,5
102,65,5
102,77,5
102,88,5
102,178,5
102,199,5
102,203,5
103,3,5
103,6,5
103,9,5
103,14,5
103,40,5
103,43,5
103,65,5
103,108,5
103,200,5
103,211,5
104,3,5
104,5,5
104,6,5
104,9,5
104,10,5
104,13,5
104,14,5
104,28,5
104,31,5
104,40,5
104,43,5
104,46,5
104,66,5
104,86,5
104,88,5
104,97,5
104,99,5
104,108,5
104,122,5
104,129,5
104,197,5
104,200,5
104,270,5
105,5,5
105,31,5
105,32,5
105,110,5
106,9,5
106,31,5
106,102,5
106,110,5
106,224,5
106,254,5
107,9,5
107,32,5
107,46,5
107,222,5
108,6,5
108,19,5
108,32,5
108,36,5
108,43,5
108,46,5
108,89,5
108,97,5
108,108,5
108,198,5
108,270,5
109,28,5
109,49,5
109,233,5
110,9,5
110,42,5
110,46,5
111,9,5
111,41,5
114,2,5
114,3,5
114,5,5
114,28,5
114,31,5
114,42,5
114,46,5
114,108,5
114,129,5
114,195,5
114,198,5
114,216,5
114,270,5
115,2,5
115,3,5
115,5,5
115,9,5
115,28,5
115,36,5
115,42,5
115,77,5
115,83,5
115,102,5
115,108,5
115,199,5
116,2,5
116,3,5
116,4,5
116,5,5
116,6,5
116,9,5
116,11,5
116,14,5
116,19,5
116,24,5
116,26,5
116,28,5
116,29,5
116,31,5
116,32,5
116,36,5
116,37,5
116,39,5
116,40,5
116,42,5
116,43,5
116,44,5
116,46,5
116,47,5
116,48,5
116,49,5
116,54,5
116,58,5
116,59,5
116,61,5
116,62,5
116,64,5
116,65,5
116,66,5
116,70,5
116,74,5
116,76,5
116,77,5
116,78,5
116,81,5
116,82,5
116,83,5
116,88,5
116,89,5
116,90,5
116,94,5
116,97,5
116,102,5
116,105,5
116,108,5
116,115,5
116,116,5
116,119,5
116,122,5
116,124,5
116,125,5
116,133,5
116,140,5
116,143,5
116,145,5
116,156,5
116,158,5
116,160,5
116,161,5
116,162,5
116,165,5
116,170,5
116,176,5
116,178,5
116,195,5
116,199,5
116,200,5
116,202,5
116,203,5
116,209,5
116,211,5
116,223,5
116,245,5
116,247,5
116,249,5
116,250,5
116,254,5
116,255,5
116,261,5
116,265,5
117,2,5
117,5,5
117,9,5
117,10,5
117,28,5
117,31,5
117,32,5
117,43,5
117,119,5
118,2,5
118,5,5
118,9,5
118,10,5
118,31,5
118,32,5
118,119,5
119,6,5
119,9,5
119,32,5
119,52,5
119,178,5
119,185,5
120,5,5
120,37,5
120,48,5
120,77,5
120,83,5
120,89,5
120,97,5
120,111,5
120,198,5
120,210,5
121,37,5
121,77,5
121,83,5
121,89,5
121,111,5
121,198,5
121,210,5
122,2,5
122,6,5
122,9,5
122,14,5
122,16,5
122,31,5
122,32,5
122,43,5
122,46,5
122,65,5
122,87,5
122,89,5
122,90,5
122,116,5
122,128,5
122,138,5
122,163,5
122,190,5
122,198,5
123,5,5
123,97,5
123,222,5
124,2,5
124,3,5
124,5,5
124,31,5
124,32,5
124,43,5
124,46,5
124,47,5
124,55,5
124,74,5
124,78,5
124,106,5
124,170,5
124,245,5
125,2,5
125,6,5
125,9,5
125,32,5
125,39,5
125,43,5
125,46,5
125,48,5
125,49,5
125,82,5
125,113,5
125,145,5
125,156,5
125,197,5
125,257,5
126,3,5
126,5,5
126,6,5
126,9,5
126,36,5
126,46,5
126,49,5
126,78,5
126,99,5
126,108,5
126,122,5
127,6,5
127,12,5
127,32,5
127,39,5
127,43,5
127,48,5
127,89,5
127,101,5
128,32,5
128,122,5
128,246,5
129,5,5
129,6,5
129,9,5
129,19,5
129,28,5
129,32,5
129,111,5
130,6,5
130,9,5
130,19,5
130,28,5
130,32,5
130,111,5
131,2,5
131,5,5
131,14,5
131,31,5
131,32,5
131,40,5
131,46,5
131,198,5
131,245,5
132,2,5
132,3,5
132,5,5
132,14,5
132,31,5
132,32,5
132,40,5
132,46,5
132,55,5
132,198,5
132,245,5
133,3,5
133,6,5
133,9,5
133,10,5
133,13,5
133,19,5
133,46,5
133,95,5
133,106,5
134,2,5
134,5,5
134,6,5
134,9,5
134,12,5
134,14,5
134,19,5
134,29,5
134,31,5
134,32,5
134,39,5
134,43,5
134,57,5
134,74,5
134,89,5
134,105,5
134,176,5
134,178,5
134,195,5
134,200,5
134,202,5
134,266,5
135,2,5
135,3,5
135,5,5
135,6,5
135,9,5
135,14,5
135,26,5
135,28,5
135,32,5
135,46,5
135,53,5
135,65,5
135,66,5
135,77,5
135,83,5
135,89,5
135,90,5
135,94,5
135,97,5
135,108,5
135,177,5
135,200,5
135,202,5
135,250,5
135,264,5
135,266,5
135,269,5
136,3,5
136,5,5
137,3,5
137,5,5
138,5,5
138,6,5
138,9,5
138,11,5
138,14,5
138,31,5
138,39,5
138,43,5
138,46,5
138,49,5
138,77,5
138,83,5
138,89,5
138,90,5
138,102,5
138,143,5
139,2,5
139,3,5
139,5,5
139,6,5
139,9,5
139,14,5
139,19,5
139,26,5
139,28,5
139,31,5
139,36,5
139,40,5
139,42,5
139,46,5
139,65,5
139,84,5
139,102,5
139,115,5
139,133,5
139,145,5
139,158,5
139,197,5
139,199,5
139,204,5
140,3,5
140,5,5
140,6,5
140,11,5
140,12,5
140,14,5
140,24,5
140,28,5
140,31,5
140,36,5
140,44,5
140,46,5
140,54,5
140,58,5
140,77,5
140,78,5
140,84,5
140,90,5
140,101,5
140,122,5
140,133,5
140,138,5
140,160,5
140,168,5
140,175,5
140,198,5
140,207,5
140,233,5
140,243,5
140,250,5
141,3,5
141,133,5
142,3,5
142,7,5
142,32,5
142,34,5
142,37,5
142,42,5
142,58,5
142,64,5
142,82,5
142,101,5
142,108,5
142,156,5
142,198,5
142,243,5
142,246,5
142,270,5
143,5,5
143,9,5
143,108,5
143,116,5
143,180,5
143,246,5
144,2,5
144,3,5
144,5,5
144,6,5
144,11,5
144,29,5
144,34,5
144,36,5
144,39,5
144,46,5
144,49,5
144,65,5
144,67,5
144,77,5
144,83,5
144,84,5
144,89,5
144,97,5
144,105,5
144,116,5
144,188,5
144,200,5
144,211,5
145,2,5
145,3,5
145,5,5
145,6,5
145,9,5
145,14,5
145,26,5
145,28,5
145,31,5
145,36,5
145,37,5
145,39,5
145,43,5
145,46,5
145,49,5
145,57,5
145,77,5
145,83,5
145,89,5
145,99,5
145,102,5
145,108,5
145,109,5
145,158,5
145,176,5
145,202,5
145,223,5
145,238,5
145,253,5
145,255,5
146,6,5
146,19,5
146,32,5
146,46,5
146,65,5
147,5,5
147,6,5
147,19,5
147,32,5
147,65,5
148,2,5
148,3,5
148,5,5
148,6,5
148,9,5
148,11,5
148,14,5
148,19,5
148,31,5
148,32,5
148,37,5
148,42,5
148,43,5
148,46,5
148,47,5
148,65,5
148,92,5
148,106,5
148,119,5
148,211,5
149,3,5
150,5,5
150,6,5
150,9,5
150,28,5
150,36,5
150,40,5
150,46,5
150,49,5
150,116,5
150,121,5
150,133,5
150,158,5
151,9,5
151,32,5
152,9,5
152,32,5
153,6,5
153,9,5
153,14,5
153,31,5
153,90,5
153,222,5
155,12,5
155,270,5
156,9,5
156,28,5
157,13,5
157,14,5
157,28,5
157,43,5
157,77,5
157,90,5
157,132,5
157,133,5
158,6,5
158,28,5
158,32,5
158,88,5
158,158,5
158,188,5
158,253,5
159,3,5
159,5,5
159,6,5
159,9,5
159,14,5
159,28,5
159,32,5
159,39,5
159,54,5
159,119,5
159,133,5
159,143,5
159,171,5
159,198,5
159,216,5
159,245,5
159,246,5
159,250,5
159,256,5
160,3,5
160,106,5
161,9,5
161,32,5
161,258,5
162,2,5
162,3,5
162,4,5
162,5,5
162,9,5
162,14,5
162,19,5
162,24,5
162,31,5
162,32,5
162,36,5
162,37,5
162,44,5
162,49,5
162,55,5
162,77,5
162,83,5
162,84,5
162,88,5
162,90,5
162,94,5
162,102,5
162,106,5
162,133,5
162,134,5
162,161,5
162,176,5
162,246,5
163,36,5
163,64,5
163,158,5
163,199,5
163,203,5
164,3,5
164,9,5
164,14,5
164,32,5
164,42,5
164,65,5
164,158,5
165,9,5
165,32,5
165,42,5
165,65,5
165,95,5
165,211,5
166,32,5
166,65,5
167,9,5
167,32,5
167,180,5
168,6,5
168,11,5
168,65,5
168,211,5
168,256,5
169,9,5
169,83,5
169,122,5
169,255,5
170,9,5
170,57,5
170,158,5
170,248,5
171,3,5
171,9,5
171,31,5
171,32,5
171,46,5
171,65,5
171,94,5
171,105,5
171,143,5
171,174,5
171,178,5
171,199,5
171,270,5
172,3,5
172,5,5
172,9,5
172,32,5
172,41,5
172,46,5
172,47,5
172,65,5
172,84,5
172,138,5
172,242,5
173,9,5
173,14,5
173,54,5
173,108,5
173,158,5
173,211,5
174,2,5
174,3,5
174,4,5
174,5,5
174,6,5
174,9,5
174,12,5
174,14,5
174,28,5
174,36,5
174,42,5
174,46,5
174,65,5
174,82,5
174,83,5
174,89,5
174,101,5
174,102,5
174,143,5
174,160,5
174,204,5
175,3,5
175,82,5
175,108,5
175,198,5
176,5,5
176,31,5
176,32,5
176,47,5
176,65,5
176,80,5
176,90,5
176,101,5
176,261,5
176,270,5
177,216,5
178,3,5
178,5,5
178,9,5
178,42,5
178,71,5
178,254,5
179,2,5
179,3,5
179,5,5
179,6,5
179,14,5
179,24,5
179,32,5
179,37,5
179,46,5
179,47,5
179,52,5
179,78,5
179,89,5
179,170,5
179,246,5
179,264,5
180,29,5
180,32,5
180,53,5
180,241,5
181,3,5
181,198,5
182,2,5
182,5,5
182,8,5
182,11,5
182,14,5
182,16,5
182,64,5
182,101,5
182,105,5
182,122,5
182,170,5
183,31,5
183,40,5
183,101,5
184,9,5
185,3,5
185,5,5
185,6,5
185,9,5
185,14,5
185,16,5
185,27,5
185,28,5
185,31,5
185,42,5
185,50,5
185,52,5
185,65,5
185,74,5
185,94,5
185,101,5
185,106,5
185,119,5
185,133,5
185,138,5
185,178,5
185,195,5
186,3,5
186,5,5
186,6,5
186,9,5
186,28,5
186,42,5
186,64,5
186,77,5
186,88,5
186,97,5
186,101,5
186,103,5
186,106,5
186,108,5
186,111,5
186,124,5
186,138,5
186,198,5
186,223,5
186,265,5
187,9,5
187,14,5
187,101,5
187,270,5
188,2,5
188,3,5
188,10,5
188,14,5
188,28,5
188,31,5
188,48,5
188,61,5
188,65,5
188,76,5
188,91,5
188,94,5
188,101,5
188,106,5
188,133,5
188,143,5
188,195,5
188,199,5
189,3,5
189,5,5
189,6,5
189,8,5
189,9,5
189,19,5
189,32,5
189,46,5
189,47,5
189,49,5
189,108,5
189,133,5
189,162,5
189,214,5
189,241,5
190,9,5
190,156,5
190,160,5
191,3,5
191,4,5
191,5,5
191,57,5
191,143,5
191,158,5
191,211,5
192,3,5
192,5,5
192,6,5
192,13,5
192,28,5
192,43,5
192,90,5
192,95,5
192,152,5
192,175,5
193,2,5
193,3,5
193,6,5
193,8,5
193,9,5
193,10,5
193,14,5
193,19,5
193,28,5
193,32,5
193,39,5
193,46,5
193,77,5
193,83,5
193,97,5
193,99,5
193,108,5
193,127,5
193,129,5
193,199,5
193,200,5
193,250,5
193,265,5
194,3,5
194,36,5
194,108,5
194,160,5
194,176,5
194,195,5
194,198,5
194,209,5
194,244,5
195,3,5
195,5,5
195,6,5
195,32,5
195,36,5
195,57,5
195,59,5
195,65,5
195,97,5
195,199,5
195,251,5
196,3,5
196,5,5
196,9,5
196,11,5
196,14,5
196,31,5
196,36,5
196,54,5
196,63,5
196,65,5
196,67,5
196,84,5
196,106,5
196,135,5
196,138,5
196,140,5
196,158,5
196,169,5
196,250,5
197,2,5
197,3,5
197,5,5
197,6,5
197,31,5
197,65,5
197,84,5
197,97,5
197,158,5
197,176,5
197,199,5
197,270,5
198,3,5
198,5,5
198,6,5
198,15,5
198,36,5
198,46,5
198,49,5
198,84,5
198,133,5
198,146,5
198,188,5
198,246,5
198,255,5
199,5,5
200,2,5
200,5,5
200,88,5
200,270,5
201,2,5
201,3,5
201,5,5
201,6,5
201,9,5
201,11,5
201,14,5
201,24,5
201,26,5
201,31,5
201,36,5
201,43,5
201,47,5
201,65,5
201,77,5
201,78,5
201,84,5
201,89,5
201,97,5
201,102,5
201,125,5
201,145,5
201,150,5
201,158,5
201,160,5
201,188,5
201,197,5
201,200,5
201,250,5
201,255,5
202,2,5
202,3,5
202,6,5
202,9,5
202,14,5
202,37,5
202,46,5
202,65,5
202,72,5
202,84,5
202,89,5
202,94,5
202,97,5
202,101,5
202,128,5
202,133,5
202,175,5
202,185,5
202,200,5
202,206,5
202,216,5
202,244,5
203,2,5
203,6,5
203,14,5
203,64,5
203,65,5
203,91,5
204,3,5
204,5,5
204,6,5
204,9,5
204,19,5
204,28,5
204,31,5
204,32,5
204,36,5
204,46,5
204,77,5
204,82,5
204,89,5
204,101,5
204,105,5
204,122,5
204,160,5
204,195,5
205,2,5
205,3,5
205,6,5
205,19,5
205,39,5
205,46,5
205,64,5
205,65,5
205,99,5
205,265,5
206,6,5
206,9,5
206,11,5
206,19,5
206,28,5
206,29,5
206,31,5
206,59,5
206,64,5
206,80,5
206,86,5
206,129,5
206,194,5
206,220,5
206,233,5
207,2,5
207,3,5
207,4,5
207,5,5
207,6,5
207,7,5
207,9,5
207,14,5
207,32,5
207,36,5
207,46,5
207,56,5
207,65,5
207,176,5
207,195,5
207,248,5
207,249,5
208,6,5
208,9,5
208,10,5
208,31,5
208,37,5
208,43,5
208,49,5
208,200,5
209,3,5
209,5,5
209,10,5
209,11,5
209,14,5
209,17,5
209,32,5
209,43,5
209,46,5
209,54,5
209,94,5
209,129,5
209,260,5
209,264,5
210,2,5
210,5,5
210,6,5
210,9,5
210,19,5
210,26,5
210,48,5
210,89,5
210,176,5
210,178,5
210,202,5
210,218,5
210,255,5
211,6,5
211,9,5
211,29,5
211,39,5
211,99,5
211,116,5
211,133,5
211,158,5
211,210,5
211,261,5
212,3,5
212,6,5
212,9,5
212,10,5
212,18,5
212,19,5
212,26,5
212,28,5
212,31,5
212,32,5
212,42,5
212,46,5
212,55,5
212,64,5
212,80,5
212,88,5
212,175,5
212,195,5
213,2,5
214,34,5
214,135,5
215,5,5
215,14,5
215,24,5
215,28,5
215,178,5
216,178,5
216,185,5
217,1,5
217,3,5
217,6,5
217,9,5
217,31,5
217,32,5
217,36,5
217,39,5
217,65,5
217,101,5
217,105,5
217,106,5
217,138,5
217,145,5
217,160,5
217,207,5
218,2,5
218,3,5
218,6,5
218,19,5
218,31,5
218,35,5
218,88,5
218,108,5
218,115,5
218,116,5
218,216,5
219,2,5
219,3,5
219,5,5
219,6,5
219,9,5
219,11,5
219,31,5
219,40,5
219,42,5
219,46,5
219,84,5
219,89,5
219,97,5
219,133,5
219,198,5
219,220,5
219,222,5
219,250,5
220,3,5
220,5,5
220,71,5
220,206,5
221,6,5
221,9,5
221,31,5
221,84,5
221,108,5
221,175,5
221,188,5
221,198,5
222,31,5
222,36,5
222,66,5
222,101,5
223,2,5
223,31,5
223,39,5
223,46,5
223,211,5
224,3,5
224,5,5
224,6,5
224,9,5
224,14,5
224,28,5
224,32,5
224,64,5
224,66,5
224,141,5
224,253,5
224,270,5
225,9,5
225,32,5
225,50,5
225,58,5
225,211,5
226,3,5
226,9,5
226,97,5
226,101,5
227,3,5
227,5,5
227,6,5
227,37,5
227,54,5
227,57,5
227,65,5
227,129,5
227,133,5
227,143,5
228,5,5
228,13,5
228,32,5
229,9,5
229,14,5
229,39,5
229,49,5
229,97,5
229,108,5
229,129,5
229,211,5
229,260,5
230,6,5
230,11,5
230,31,5
230,34,5
230,36,5
230,51,5
230,65,5
230,97,5
230,250,5
230,257,5
231,2,5
231,3,5
231,5,5
231,9,5
231,31,5
231,46,5
231,80,5
231,158,5
231,250,5
232,3,5
232,5,5
232,9,5
232,14,5
232,52,5
232,108,5
232,129,5
232,138,5
232,206,5
232,211,5
232,259,5
233,9,5
233,77,5
233,108,5
233,198,5
234,9,5
234,32,5
234,46,5
235,32,5
235,64,5
235,83,5
235,195,5
236,3,5
236,9,5
236,10,5
236,14,5
236,31,5
236,32,5
236,39,5
236,40,5
236,46,5
236,55,5
236,65,5
236,176,5
236,199,5
237,2,5
237,6,5
237,46,5
237,55,5
237,59,5
237,84,5
237,160,5
238,2,5
238,6,5
238,46,5
238,55,5
238,59,5
238,84,5
238,160,5
239,4,5
239,9,5
240,13,5
240,20,5
240,28,5
240,83,5
240,106,5
240,111,5
240,138,5
241,6,5
241,19,5
241,198,5
242,39,5
242,113,5
242,158,5
243,9,5
243,158,5
243,220,5
244,9,5
244,14,5
244,32,5
244,246,5
245,175,5
245,270,5
247,114,5
247,158,5
248,9,5
248,11,5
248,14,5
248,64,5
248,97,5
248,106,5
248,175,5
248,248,5
249,3,5
249,5,5
249,9,5
249,14,5
249,16,5
249,17,5
249,31,5
249,32,5
249,36,5
249,43,5
249,46,5
249,49,5
249,54,5
249,55,5
249,67,5
249,83,5
249,94,5
249,97,5
249,119,5
249,129,5
249,158,5
249,186,5
249,192,5
249,233,5
249,260,5
249,264,5
250,9,5
250,32,5
250,62,5
250,115,5
252,9,5
252,32,5
252,47,5
252,133,5
252,162,5
253,5,5
253,9,5
253,43,5
253,81,5
253,116,5
254,65,5
254,94,5
254,125,5
254,144,5
255,2,5
255,3,5
255,6,5
255,9,5
255,14,5
255,20,5
255,31,5
255,32,5
255,37,5
255,46,5
255,54,5
255,83,5
255,97,5
255,108,5
255,137,5
255,156,5
255,173,5
255,188,5
255,203,5
255,253,5
256,5,5
256,14,5
256,32,5
256,64,5
256,207,5
256,245,5
257,2,5
257,3,5
257,26,5
257,31,5
257,65,5
257,106,5
257,192,5
257,202,5
257,267,5
258,32,5
258,42,5
258,65,5
258,82,5
258,144,5
259,3,5
259,42,5
259,65,5
259,129,5
259,158,5
260,9,5
260,32,5
260,65,5
260,94,5
260,97,5
260,119,5
260,144,5
260,153,5
260,182,5
261,5,5
261,29,5
261,31,5
261,84,5
261,110,5
262,2,5
262,9,5
262,52,5
262,58,5
262,65,5
262,244,5
263,3,5
263,5,5
263,9,5
263,28,5
263,39,5
263,46,5
263,57,5
263,143,5
263,211,5
264,3,5
264,198,5
264,233,5
264,270,5
267,2,5
267,6,5
267,9,5
267,28,5
267,36,5
267,39,5
267,65,5
267,199,5
267,203,5
267,224,5
267,250,5
268,3,5
268,5,5
268,6,5
268,13,5
268,43,5
268,90,5
268,95,5
268,152,5
268,175,5
269,3,5
269,5,5
269,6,5
269,13,5
269,43,5
269,90,5
269,95,5
269,152,5
269,175,5
270,14,5
270,32,5
270,37,5
270,47,5
270,77,5
271,2,5
271,3,5
271,5,5
271,6,5
271,9,5
271,11,5
271,12,5
271,19,5
271,43,5
271,46,5
271,58,5
271,65,5
271,129,5
272,32,5
273,9,5
273,28,5
273,46,5
273,49,5
273,89,5
273,108,5
273,133,5
274,2,5
274,3,5
274,6,5
274,9,5
274,19,5
274,32,5
274,97,5
274,202,5
275,14,5
275,42,5
275,97,5
275,122,5
276,3,5
276,10,5
276,16,5
276,28,5
276,32,5
276,37,5
276,39,5
276,46,5
276,86,5
276,141,5
276,168,5
276,195,5
276,211,5
276,246,5
276,249,5
277,28,5
277,55,5
277,233,5
278,28,5
278,55,5
278,233,5
279,28,5
279,55,5
280,28,5
280,55,5
281,5,5
281,6,5
281,106,5
281,110,5
282,3,5
282,5,5
282,6,5
282,14,5
282,29,5
282,31,5
282,36,5
282,37,5
282,43,5
282,46,5
282,52,5
282,65,5
282,89,5
282,90,5
282,101,5
282,138,5
282,163,5
282,173,5
282,198,5
282,200,5
282,223,5
283,32,5
283,115,5
284,14,5
284,31,5
284,32,5
284,65,5
284,66,5
284,108,5
284,158,5
285,3,5
285,9,5
285,78,5
285,152,5
286,3,5
286,9,5
286,32,5
286,78,5
286,83,5
286,152,5
287,3,5
287,6,5
287,8,5
287,14,5
287,19,5
287,28,5
287,29,5
287,42,5
287,124,5
287,127,5
287,145,5
287,170,5
287,180,5
287,199,5
287,200,5
287,246,5
287,250,5
289,5,5
289,9,5
289,14,5
289,28,5
289,31,5
289,32,5
289,46,5
290,32,5
290,115,5
292,270,5
293,9,5
293,46,5
293,55,5
293,84,5
293,198,5
294,3,5
294,6,5
294,12,5
294,19,5
294,80,5
294,218,5
295,3,5
295,31,5
295,46,5
295,101,5
295,140,5
296,2,5
297,2,5
297,5,5
297,9,5
297,24,5
297,97,5
297,198,5
298,3,5
298,6,5
298,9,5
298,19,5
298,32,5
298,36,5
298,37,5
298,39,5
298,48,5
298,108,5
298,158,5
298,206,5
298,262,5
299,19,5
299,46,5
299,67,5
299,195,5
300,2,5
300,14,5
300,31,5
300,49,5
300,57,5
300,89,5
300,97,5
300,106,5
300,113,5
300,198,5
300,267,5
300,270,5
301,138,5
302,31,5
302,97,5
303,2,5
303,9,5
303,11,5
303,19,5
303,46,5
303,65,5
303,97,5
303,108,5
303,163,5
303,179,5
305,11,5
306,9,5
306,36,5
306,39,5
306,46,5
306,55,5
306,77,5
306,83,5
306,144,5
307,175,5
307,204,5
308,36,5
308,46,5
308,129,5
309,6,5
309,9,5
309,12,5
309,14,5
310,188,5
311,61,5
311,176,5
312,2,5
312,6,5
312,31,5
312,41,5
312,43,5
312,46,5
312,55,5
312,89,5
312,106,5
312,158,5
313,65,5
314,46,5
315,43,5
315,206,5
316,5,5
316,9,5
316,14,5
316,28,5
316,32,5
316,271,5
317,3,5
317,6,5
317,9,5
317,32,5
318,3,5
318,14,5
318,66,5
318,89,5
319,116,5
320,6,5
320,38,5
320,133,5
321,3,5
321,6,5
321,9,5
321,37,5
321,43,5
321,46,5
321,198,5
321,209,5
321,216,5
322,5,5
322,32,5
322,246,5
323,32,5
323,211,5
323,224,5
324,5,5
324,6,5
324,9,5
324,106,5
324,224,5
325,6,5
326,9,5
326,178,5
327,6,5
327,9,5
327,28,5
327,49,5
327,108,5
327,116,5
327,143,5
328,1,5
328,5,5
328,9,5
328,32,5
328,43,5
328,108,5
329,257,5
330,65,5
331,32,5
331,97,5
331,195,5
332,3,5
332,9,5
332,19,5
332,48,5
332,65,5
332,97,5
332,199,5
332,205,5
332,270,5
333,9,5
333,116,5
333,180,5
334,116,5
334,211,5
335,2,5
335,3,5
335,5,5
335,9,5
335,65,5
335,67,5
335,77,5
335,94,5
335,198,5
335,206,5
336,9,5
336,42,5
336,262,5
337,6,5
337,28,5
337,36,5
337,43,5
337,50,5
337,133,5
338,259,5
339,3,5
339,14,5
339,31,5
339,46,5
340,9,5
340,12,5
340,14,5
340,46,5
340,97,5
341,5,5
341,9,5
341,42,5
341,48,5
341,49,5
342,28,5
342,105,5
343,46,5
343,206,5
344,2,5
344,5,5
344,31,5
344,32,5
344,46,5
344,67,5
344,88,5
344,154,5
344,222,5
345,2,5
345,5,5
345,12,5
345,14,5
345,108,5
346,31,5
346,32,5
346,258,5
347,6,5
347,31,5
347,108,5
347,270,5
348,10,5
348,144,5
348,158,5
348,174,5
348,195,5
349,9,5
349,12,5
349,14,5
349,49,5
349,97,5
349,174,5
350,6,5
350,9,5
350,14,5
350,42,5
350,66,5
350,67,5
350,152,5
350,158,5
350,175,5
350,264,5
352,9,5
352,32,5
352,82,5
352,143,5
352,144,5
353,5,5
353,19,5
353,31,5
353,32,5
353,110,5
354,2,5
354,14,5
354,39,5
354,83,5
354,106,5
354,108,5
354,211,5
354,260,5
355,3,5
355,6,5
355,9,5
355,14,5
355,19,5
355,34,5
355,46,5
355,56,5
355,135,5
355,145,5
356,9,5
356,46,5
356,95,5
356,198,5
357,3,5
357,6,5
357,9,5
357,14,5
357,46,5
357,106,5
357,177,5
357,206,5
357,259,5
358,28,5
359,263,5
360,3,5
360,6,5
360,9,5
360,48,5
360,101,5
360,260,5
361,9,5
362,3,5
362,32,5
362,175,5
362,216,5
363,250,5
364,5,5
365,14,5
366,65,5
367,205,5
367,206,5
368,31,5
368,46,5
368,91,5
368,171,5
368,211,5
369,108,5
371,9,5
371,177,5
372,5,5
372,10,5
372,36,5
372,37,5
372,65,5
372,128,5
372,197,5
372,251,5
373,9,5
373,14,5
373,19,5
373,108,5
374,36,5
374,77,5
374,206,5
374,249,5
375,2,5
375,28,5
375,97,5
375,160,5
376,2,5
376,36,5
377,36,5
377,49,5
377,263,5
378,125,5
378,195,5
379,6,5
379,53,5
379,105,5
380,6,5
380,9,5
380,195,5
381,36,5
381,37,5
381,158,5
381,250,5
382,3,5
382,29,5
382,137,5
383,2,5
383,64,5
383,108,5
383,133,5
383,259,5
385,5,5
385,9,5
385,31,5
385,36,5
385,42,5
385,46,5
385,77,5
385,129,5
385,248,5
386,205,5
386,257,5
387,11,5
387,36,5
387,39,5
387,40,5
387,84,5
387,144,5
387,166,5
387,198,5
388,31,5
388,84,5
389,4,5
389,31,5
389,113,5
393,2,5
393,9,5
393,42,5
393,156,5
394,6,5
395,9,5
396,2,5
396,14,5
396,116,5
397,200,5
398,9,5
398,19,5
398,31,5
398,32,5
398,39,5
398,43,5
398,84,5
398,202,5
399,9,5
399,31,5
399,32,5
399,39,5
399,43,5
399,84,5
399,202,5
400,5,5
400,25,5
400,36,5
400,37,5
400,48,5
400,55,5
400,199,5
401,5,5
401,25,5
401,36,5
401,55,5
401,199,5
402,5,5
402,36,5
402,55,5
402,199,5
403,6,5
403,195,5
403,200,5
404,37,5
404,82,5
404,246,5
405,37,5
405,82,5
405,246,5
406,2,5
406,6,5
406,65,5
406,101,5
406,160,5
406,250,5
407,6,5
407,9,5
407,255,5
407,257,5
408,11,5
408,36,5
408,39,5
408,40,5
408,84,5
408,144,5
408,166,5
408,175,5
408,198,5
409,9,5
409,67,5
409,105,5
409,108,5
410,11,5
410,36,5
410,39,5
410,40,5
410,84,5
410,144,5
410,166,5
410,198,5
411,3,5
411,101,5
