2,12,1
2,143,1
2,199,1
2,379,1
2,388,1
3,12,1
3,23,1
3,30,1
3,54,1
3,71,1
3,86,1
3,99,1
3,114,1
3,119,1
3,120,1
3,122,1
3,123,1
3,127,1
3,135,1
3,155,1
3,160,1
3,164,1
3,190,1
3,195,1
3,223,1
3,241,1
3,242,1
3,245,1
3,246,1
3,247,1
3,248,1
3,255,1
3,263,1
3,270,1
3,274,1
3,275,1
3,282,1
3,291,1
3,292,1
3,298,1
3,306,1
3,310,1
3,317,1
3,336,1
3,342,1
3,348,1
3,350,1
3,353,1
3,357,1
3,359,1
3,373,1
3,379,1
3,388,1
3,389,1
3,398,1
3,415,1
3,423,1
3,435,1
6,200,1
7,119,1
8,3,1
8,12,1
8,30,1
8,48,1
8,71,1
8,113,1
8,118,1
8,119,1
8,122,1
8,123,1
8,125,1
8,127,1
8,129,1
8,135,1
8,146,1
8,155,1
8,160,1
8,161,1
8,167,1
8,170,1
8,190,1
8,195,1
8,204,1
8,209,1
8,211,1
8,215,1
8,219,1
8,241,1
8,244,1
8,247,1
8,259,1
8,263,1
8,264,1
8,269,1
8,270,1
8,272,1
8,310,1
8,317,1
8,324,1
8,339,1
8,348,1
8,350,1
8,353,1
8,357,1
8,370,1
8,373,1
8,388,1
8,389,1
8,397,1
8,398,1
8,413,1
8,423,1
8,435,1
8,447,1
10,42,1
10,143,1
10,155,1
10,197,1
10,238,1
10,253,1
10,277,1
10,348,1
10,397,1
11,54,1
11,122,1
11,364,1
12,30,1
12,68,1
12,142,1
12,310,1
12,324,1
12,348,1
12,352,1
12,389,1
13,123,1
15,291,1
15,378,1
16,50,1
20,164,1
20,335,1
20,342,1
20,348,1
20,379,1
20,410,1
24,199,1
25,324,1
26,122,1
26,435,1
27,143,1
28,98,1
28,155,1
28,228,1
28,310,1
28,370,1
28,428,1
29,94,1
29,364,1
30,32,1
30,93,1
30,129,1
30,167,1
30,245,1
30,255,1
30,324,1
30,423,1
31,199,1
32,324,1
33,148,1
34,12,1
34,123,1
34,153,1
34,242,1
34,260,1
34,272,1
34,307,1
34,379,1
34,423,1
35,123,1
35,143,1
35,155,1
35,310,1
35,399,1
35,435,1
36,218,1
37,353,1
38,15,1
38,30,1
38,38,1
38,39,1
38,53,1
38,68,1
38,73,1
38,101,1
38,116,1
38,119,1
38,122,1
38,127,1
38,129,1
38,135,1
38,142,1
38,151,1
38,167,1
38,195,1
38,225,1
38,241,1
38,255,1
38,301,1
38,305,1
38,310,1
38,316,1
38,325,1
38,350,1
38,359,1
38,370,1
38,382,1
38,389,1
38,396,1
38,397,1
38,399,1
38,423,1
40,13,1
41,30,1
41,54,1
41,55,1
41,88,1
41,110,1
41,122,1
41,129,1
41,151,1
41,198,1
41,246,1
41,310,1
41,348,1
41,364,1
41,388,1
41,389,1
41,399,1
41,439,1
42,34,1
42,55,1
42,68,1
42,161,1
42,310,1
42,369,1
44,36,1
44,46,1
44,51,1
44,98,1
44,118,1
44,122,1
44,123,1
44,129,1
44,155,1
44,163,1
44,241,1
44,255,1
44,270,1
44,310,1
44,319,1
44,342,1
44,426,1
47,71,1
47,101,1
47,113,1
47,119,1
47,122,1
47,123,1
47,127,1
47,129,1
47,139,1
47,142,1
47,144,1
47,148,1
47,151,1
47,153,1
47,195,1
47,204,1
47,209,1
47,246,1
47,270,1
47,273,1
47,282,1
47,291,1
47,300,1
47,310,1
47,327,1
47,336,1
47,338,1
47,350,1
47,373,1
47,389,1
47,410,1
47,415,1
47,418,1
47,429,1
48,324,1
50,359,1
51,101,1
51,122,1
51,135,1
51,195,1
51,199,1
51,270,1
51,310,1
52,35,1
52,399,1
53,31,1
55,241,1
56,399,1
57,423,1
58,324,1
59,39,1
59,182,1
59,324,1
60,71,1
60,100,1
60,111,1
60,113,1
60,150,1
60,167,1
60,197,1
60,241,1
60,263,1
60,336,1
60,348,1
60,379,1
60,388,1
61,399,1
62,116,1
62,122,1
62,155,1
62,310,1
62,353,1
68,30,1
68,379,1
69,101,1
69,110,1
69,119,1
69,122,1
69,228,1
69,310,1
69,316,1
69,359,1
69,364,1
69,388,1
69,413,1
69,423,1
70,329,1
70,410,1
72,311,1
72,349,1
74,324,1
75,413,1
76,129,1
76,310,1
77,123,1
78,397,1
79,51,1
79,54,1
79,117,1
79,122,1
79,143,1
79,155,1
79,245,1
79,291,1
79,359,1
79,364,1
79,379,1
79,410,1
81,359,1
82,255,1
82,388,1
83,3,1
83,129,1
83,364,1
85,353,1
85,359,1
87,324,1
87,399,1
88,12,1
88,129,1
88,310,1
89,348,1
89,353,1
90,122,1
91,109,1
91,167,1
91,280,1
91,348,1
91,364,1
91,435,1
92,197,1
92,329,1
93,68,1
93,151,1
93,260,1
93,310,1
93,324,1
93,364,1
94,68,1
94,260,1
94,364,1
97,161,1
98,423,1
98,439,1
99,123,1
99,241,1
99,320,1
100,101,1
101,12,1
101,30,1
101,119,1
101,129,1
101,135,1
101,144,1
101,166,1
101,240,1
101,247,1
101,255,1
101,280,1
101,348,1
101,355,1
101,379,1
101,423,1
102,310,1
104,60,1
106,117,1
106,174,1
106,241,1
106,246,1
106,305,1
106,310,1
106,359,1
106,364,1
107,310,1
108,119,1
108,151,1
108,310,1
108,348,1
112,310,1
112,447,1
113,144,1
113,394,1
115,26,1
115,30,1
115,68,1
115,71,1
115,74,1
115,98,1
115,101,1
115,119,1
115,122,1
115,123,1
115,127,1
115,129,1
115,138,1
115,153,1
115,155,1
115,163,1
115,241,1
115,248,1
115,255,1
115,280,1
115,291,1
115,310,1
115,316,1
115,317,1
115,324,1
115,329,1
115,342,1
115,359,1
115,364,1
115,388,1
115,392,1
115,394,1
115,423,1
115,444,1
116,310,1
116,324,1
117,272,1
118,36,1
118,68,1
118,71,1
118,111,1
118,123,1
118,129,1
118,142,1
118,151,1
118,310,1
118,348,1
118,397,1
118,410,1
118,441,1
119,317,1
119,364,1
120,17,1
120,55,1
120,71,1
120,74,1
120,122,1
120,184,1
120,241,1
120,269,1
120,310,1
120,348,1
120,364,1
120,399,1
120,439,1
121,246,1
122,30,1
122,139,1
122,324,1
122,350,1
122,387,1
123,111,1
123,155,1
123,310,1
123,359,1
124,324,1
124,359,1
124,364,1
127,60,1
128,310,1
129,197,1
129,260,1
129,326,1
130,167,1
131,399,1
132,129,1
132,139,1
132,142,1
132,173,1
132,197,1
132,241,1
132,269,1
132,304,1
132,317,1
132,321,1
132,348,1
132,353,1
132,392,1
132,410,1
132,435,1
134,53,1
134,129,1
134,143,1
134,151,1
134,155,1
134,316,1
134,382,1
134,396,1
135,31,1
135,123,1
135,127,1
135,135,1
135,164,1
135,173,1
135,241,1
135,309,1
135,392,1
136,49,1
136,123,1
136,139,1
136,241,1
136,257,1
136,263,1
136,305,1
136,310,1
136,389,1
136,397,1
136,423,1
136,436,1
137,71,1
137,109,1
139,126,1
139,139,1
139,144,1
139,280,1
139,291,1
139,385,1
140,39,1
140,155,1
141,123,1
141,359,1
141,411,1
142,68,1
142,75,1
142,101,1
142,122,1
142,135,1
142,136,1
142,138,1
142,154,1
142,307,1
142,309,1
142,310,1
142,317,1
142,324,1
142,326,1
142,359,1
142,364,1
142,397,1
142,410,1
142,413,1
142,423,1
143,193,1
145,123,1
145,144,1
145,394,1
146,112,1
146,211,1
146,264,1
146,320,1
146,324,1
146,405,1
146,439,1
147,3,1
148,93,1
148,143,1
148,144,1
148,164,1
148,253,1
148,255,1
148,269,1
148,291,1
148,304,1
148,309,1
148,348,1
148,410,1
148,435,1
150,258,1
150,278,1
150,305,1
150,348,1
151,35,1
151,160,1
152,11,1
152,119,1
152,154,1
152,255,1
152,324,1
152,336,1
152,350,1
153,12,1
153,39,1
153,119,1
153,155,1
153,174,1
153,310,1
154,60,1
155,123,1
155,148,1
156,144,1
158,12,1
158,15,1
158,18,1
158,23,1
158,30,1
158,38,1
158,40,1
158,46,1
158,51,1
158,53,1
158,54,1
158,68,1
158,71,1
158,73,1
158,80,1
158,89,1
158,98,1
158,101,1
158,109,1
158,112,1
158,114,1
158,116,1
158,119,1
158,120,1
158,123,1
158,127,1
158,129,1
158,135,1
158,139,1
158,142,1
158,144,1
158,146,1
158,151,1
158,154,1
158,155,1
158,160,1
158,167,1
158,197,1
158,210,1
158,223,1
158,238,1
158,241,1
158,247,1
158,265,1
158,269,1
158,282,1
158,291,1
158,292,1
158,298,1
158,309,1
158,310,1
158,316,1
158,320,1
158,342,1
158,348,1
158,350,1
158,353,1
158,357,1
158,359,1
158,373,1
158,379,1
158,380,1
158,382,1
158,389,1
158,397,1
158,398,1
158,399,1
158,410,1
158,419,1
158,423,1
158,435,1
158,444,1
158,447,1
160,321,1
161,26,1
161,27,1
161,34,1
161,36,1
161,39,1
161,49,1
161,68,1
161,101,1
161,111,1
161,129,1
161,142,1
161,205,1
161,225,1
161,238,1
161,241,1
161,244,1
161,280,1
161,310,1
161,312,1
161,359,1
161,441,1
162,60,1
162,348,1
163,379,1
165,310,1
166,19,1
166,29,1
166,30,1
166,144,1
166,196,1
166,255,1
166,262,1
166,350,1
167,199,1
167,364,1
168,74,1
168,101,1
168,142,1
168,172,1
168,209,1
168,310,1
168,397,1
168,410,1
168,413,1
169,143,1
169,364,1
169,413,1
170,93,1
171,359,1
172,117,1
172,359,1
173,20,1
173,35,1
173,39,1
173,73,1
173,75,1
173,99,1
173,101,1
173,113,1
173,129,1
173,242,1
173,310,1
173,319,1
173,324,1
173,348,1
173,353,1
173,372,1
174,101,1
179,129,1
181,160,1
184,46,1
187,238,1
187,349,1
189,12,1
189,74,1
189,93,1
189,129,1
189,135,1
189,167,1
189,246,1
189,305,1
189,365,1
189,391,1
190,347,1
190,423,1
194,53,1
194,61,1
195,246,1
196,364,1
197,12,1
197,39,1
197,99,1
197,101,1
197,123,1
197,135,1
197,190,1
199,129,1
199,155,1
199,161,1
199,195,1
199,305,1
200,122,1
200,129,1
200,135,1
200,136,1
200,228,1
201,310,1
202,54,1
202,67,1
202,68,1
202,112,1
202,129,1
202,155,1
202,161,1
202,255,1
202,260,1
202,324,1
202,350,1
202,364,1
202,413,1
202,423,1
203,71,1
203,123,1
203,190,1
203,260,1
204,310,1
204,324,1
205,359,1
207,3,1
207,7,1
207,71,1
207,83,1
207,163,1
207,165,1
207,241,1
207,307,1
207,321,1
207,373,1
207,379,1
207,399,1
207,426,1
207,444,1
208,324,1
209,61,1
209,117,1
209,135,1
209,167,1
209,197,1
209,317,1
209,336,1
209,349,1
209,353,1
209,372,1
209,423,1
210,101,1
210,200,1
211,35,1
211,270,1
213,241,1
213,438,1
214,13,1
214,19,1
214,98,1
214,101,1
214,106,1
214,123,1
214,129,1
214,133,1
214,150,1
214,154,1
214,155,1
214,160,1
214,195,1
214,246,1
214,269,1
214,310,1
214,325,1
214,347,1
214,348,1
214,350,1
214,373,1
214,379,1
214,382,1
214,403,1
214,418,1
215,151,1
216,30,1
216,35,1
216,68,1
216,139,1
216,255,1
216,262,1
216,270,1
216,350,1
216,355,1
216,428,1
216,441,1
217,68,1
217,88,1
217,90,1
217,119,1
217,129,1
217,138,1
217,320,1
217,324,1
217,423,1
218,138,1
218,143,1
221,12,1
221,19,1
221,26,1
221,101,1
221,129,1
221,143,1
221,155,1
221,195,1
221,199,1
221,241,1
221,247,1
221,255,1
221,306,1
221,310,1
221,321,1
221,355,1
221,364,1
221,370,1
221,410,1
221,423,1
221,439,1
225,42,1
225,99,1
225,320,1
226,17,1
226,94,1
226,229,1
226,297,1
226,310,1
226,359,1
226,432,1
227,39,1
227,71,1
227,143,1
227,241,1
227,280,1
227,317,1
227,364,1
229,119,1
230,312,1
232,35,1
233,12,1
233,61,1
233,90,1
233,92,1
233,101,1
233,119,1
233,123,1
233,127,1
233,190,1
233,304,1
233,305,1
233,306,1
233,311,1
233,342,1
233,359,1
233,373,1
233,379,1
233,419,1
233,435,1
235,410,1
236,359,1
236,364,1
237,241,1
238,389,1
239,19,1
239,30,1
239,143,1
239,196,1
239,262,1
239,350,1
239,389,1
239,441,1
240,12,1
240,24,1
240,39,1
240,71,1
240,74,1
240,101,1
240,122,1
240,129,1
240,142,1
240,143,1
240,155,1
240,178,1
240,195,1
240,197,1
240,198,1
240,241,1
240,255,1
240,282,1
240,310,1
240,338,1
240,348,1
240,350,1
240,353,1
240,382,1
240,398,1
240,410,1
240,413,1
240,415,1
240,426,1
240,435,1
240,444,1
241,36,1
241,122,1
241,316,1
242,12,1
242,39,1
242,119,1
242,155,1
242,174,1
242,310,1
243,51,1
243,123,1
243,129,1
243,195,1
243,247,1
243,270,1
243,310,1
243,317,1
243,342,1
243,348,1
243,388,1
243,435,1
243,444,1
244,359,1
245,143,1
245,144,1
246,75,1
246,122,1
246,129,1
246,143,1
246,155,1
246,359,1
247,12,1
247,19,1
247,30,1
247,39,1
247,42,1
247,135,1
247,143,1
247,155,1
247,161,1
247,228,1
247,235,1
247,241,1
247,310,1
247,324,1
247,410,1
247,426,1
247,428,1
247,435,1
248,42,1
248,71,1
248,144,1
248,170,1
248,197,1
248,255,1
248,269,1
248,282,1
248,348,1
248,364,1
248,379,1
248,435,1
250,16,1
250,310,1
250,342,1
251,101,1
252,32,1
252,71,1
252,101,1
252,119,1
252,129,1
252,153,1
252,291,1
252,321,1
252,379,1
253,364,1
255,246,1
256,5,1
256,10,1
256,54,1
256,119,1
256,155,1
256,164,1
256,195,1
256,242,1
256,248,1
256,310,1
256,389,1
256,413,1
257,30,1
260,228,1
262,119,1
262,135,1
262,241,1
262,292,1
262,342,1
262,353,1
262,423,1
263,247,1
263,447,1
265,39,1
265,119,1
265,310,1
266,435,1
268,119,1
270,29,1
270,30,1
270,39,1
270,68,1
270,80,1
270,101,1
270,154,1
270,260,1
270,280,1
270,309,1
270,310,1
270,342,1
270,353,1
270,364,1
270,379,1
272,119,1
272,143,1
272,310,1
272,379,1
274,144,1
274,187,1
275,26,1
275,27,1
275,61,1
275,68,1
275,71,1
275,111,1
275,129,1
275,255,1
275,269,1
275,280,1
275,291,1
275,310,1
275,312,1
275,347,1
275,348,1
275,373,1
275,410,1
275,435,1
275,441,1
276,255,1
279,30,1
279,207,1
279,241,1
279,282,1
279,294,1
279,310,1
279,359,1
279,392,1
279,408,1
280,2,1
280,39,1
280,68,1
280,71,1
280,99,1
280,104,1
280,112,1
280,122,1
280,144,1
280,154,1
280,155,1
280,174,1
280,195,1
280,310,1
280,317,1
280,348,1
280,349,1
280,350,1
280,373,1
280,379,1
280,388,1
280,410,1
280,413,1
280,447,1
281,151,1
281,310,1
281,320,1
281,379,1
282,12,1
282,30,1
282,304,1
282,359,1
283,30,1
283,38,1
283,39,1
283,53,1
283,68,1
283,99,1
283,101,1
283,129,1
283,151,1
283,167,1
283,305,1
283,310,1
283,316,1
283,382,1
283,388,1
283,396,1
283,435,1
286,68,1
286,101,1
286,122,1
286,129,1
286,143,1
286,197,1
286,241,1
286,247,1
286,280,1
286,310,1
286,336,1
286,348,1
286,353,1
286,359,1
286,413,1
286,428,1
287,119,1
287,129,1
287,143,1
287,364,1
288,68,1
289,30,1
289,35,1
289,137,1
289,139,1
289,193,1
289,241,1
289,270,1
289,373,1
289,389,1
289,435,1
291,433,1
292,138,1
292,359,1
293,324,1
294,30,1
294,53,1
294,99,1
294,101,1
294,129,1
294,151,1
294,167,1
294,310,1
294,316,1
294,382,1
294,396,1
294,435,1
295,12,1
295,39,1
295,101,1
295,195,1
295,204,1
295,255,1
295,257,1
295,305,1
295,310,1
295,335,1
296,71,1
296,119,1
296,122,1
296,129,1
296,167,1
296,241,1
296,319,1
296,321,1
296,348,1
296,353,1
296,373,1
296,428,1
296,435,1
297,142,1
297,336,1
299,127,1
299,310,1
300,226,1
302,68,1
302,324,1
303,144,1
303,399,1
303,447,1
304,310,1
305,75,1
305,101,1
305,195,1
305,247,1
305,379,1
305,403,1
305,423,1
306,12,1
306,71,1
306,101,1
306,133,1
306,195,1
306,246,1
306,317,1
306,324,1
306,369,1
307,13,1
307,109,1
307,122,1
307,143,1
307,209,1
307,245,1
307,247,1
307,248,1
307,253,1
307,269,1
307,310,1
307,321,1
308,71,1
308,101,1
308,112,1
308,122,1
308,195,1
308,242,1
308,306,1
308,364,1
308,435,1
309,27,1
309,71,1
309,173,1
309,359,1
309,388,1
309,392,1
309,435,1
310,138,1
311,310,1
312,30,1
312,255,1
312,306,1
312,336,1
313,68,1
313,123,1
313,263,1
313,310,1
313,428,1
314,304,1
316,127,1
316,364,1
317,435,1
318,127,1
318,139,1
318,155,1
318,182,1
318,241,1
318,306,1
318,310,1
318,323,1
318,359,1
318,397,1
318,413,1
320,68,1
320,260,1
320,364,1
321,359,1
322,364,1
323,101,1
323,127,1
323,135,1
323,167,1
323,397,1
324,118,1
324,139,1
324,161,1
324,166,1
324,204,1
324,324,1
324,359,1
324,410,1
325,12,1
325,143,1
325,199,1
325,379,1
325,388,1
327,133,1
327,167,1
327,423,1
329,34,1
329,155,1
329,364,1
330,195,1
330,280,1
332,19,1
332,29,1
332,30,1
332,144,1
332,196,1
332,255,1
332,262,1
332,350,1
333,119,1
333,143,1
333,359,1
334,11,1
334,39,1
334,111,1
334,165,1
334,197,1
334,241,1
334,304,1
334,310,1
334,373,1
334,388,1
334,402,1
335,61,1
335,68,1
335,129,1
335,151,1
335,156,1
336,93,1
337,5,1
337,26,1
337,30,1
337,38,1
337,39,1
337,42,1
337,45,1
337,68,1
337,71,1
337,75,1
337,80,1
337,101,1
337,119,1
337,123,1
337,129,1
337,143,1
337,155,1
337,167,1
337,174,1
337,191,1
337,195,1
337,225,1
337,241,1
337,247,1
337,248,1
337,255,1
337,265,1
337,272,1
337,280,1
337,282,1
337,306,1
337,317,1
337,323,1
337,348,1
337,350,1
337,353,1
337,357,1
337,364,1
337,389,1
337,410,1
337,423,1
337,435,1
337,443,1
338,364,1
340,101,1
340,122,1
340,133,1
340,364,1
342,101,1
342,265,1
343,310,1
343,317,1
343,347,1
344,53,1
344,61,1
344,135,1
345,113,1
345,138,1
345,193,1
345,242,1
345,247,1
345,260,1
345,274,1
345,307,1
345,317,1
345,391,1
346,12,1
346,42,1
346,119,1
346,123,1
346,167,1
346,190,1
346,260,1
346,305,1
346,310,1
346,316,1
346,359,1
347,68,1
347,197,1
347,241,1
347,310,1
348,359,1
353,317,1
353,364,1
355,311,1
355,423,1
356,167,1
356,317,1
356,359,1
356,364,1
357,116,1
358,74,1
358,310,1
359,373,1
359,436,1
365,435,1
367,45,1
367,348,1
367,357,1
367,379,1
367,397,1
367,410,1
368,109,1
369,30,1
369,88,1
369,262,1
369,355,1
369,435,1
370,27,1
370,55,1
370,61,1
370,68,1
370,71,1
370,190,1
370,242,1
370,260,1
370,282,1
370,359,1
370,364,1
370,379,1
370,423,1
371,12,1
371,75,1
371,129,1
371,135,1
371,151,1
371,190,1
371,210,1
371,241,1
371,243,1
371,260,1
371,269,1
371,282,1
371,305,1
371,310,1
371,338,1
371,373,1
372,317,1
372,364,1
373,19,1
373,30,1
373,143,1
373,196,1
373,262,1
373,350,1
373,389,1
373,441,1
374,143,1
374,364,1
374,413,1
375,123,1
376,118,1
376,122,1
376,123,1
376,167,1
376,211,1
376,312,1
377,101,1
377,127,1
377,129,1
377,133,1
377,292,1
377,310,1
378,241,1
378,348,1
379,317,1
379,364,1
380,19,1
380,30,1
380,133,1
380,139,1
380,262,1
380,270,1
380,300,1
380,350,1
380,355,1
380,373,1
380,392,1
380,415,1
380,435,1
381,423,1
382,226,1
383,123,1
383,197,1
383,306,1
383,317,1
384,3,1
385,248,1
386,19,1
386,71,1
386,129,1
386,146,1
386,161,1
386,165,1
386,310,1
386,350,1
386,352,1
388,111,1
388,119,1
388,129,1
388,316,1
388,397,1
388,399,1
388,422,1
388,423,1
389,68,1
389,119,1
389,291,1
389,379,1
391,122,1
391,282,1
391,324,1
391,364,1
391,423,1
392,324,1
393,5,1
393,13,1
393,42,1
393,104,1
393,123,1
393,143,1
393,155,1
393,170,1
393,195,1
393,272,1
393,305,1
393,310,1
393,311,1
393,413,1
393,423,1
395,68,1
395,119,1
395,155,1
395,247,1
397,94,1
397,101,1
397,229,1
397,241,1
397,297,1
397,432,1
398,54,1
398,89,1
398,138,1
398,154,1
398,298,1
398,310,1
398,317,1
398,339,1
398,342,1
398,413,1
398,423,1
399,1,1
399,119,1
399,310,1
399,316,1
399,423,1
400,61,1
400,151,1
400,156,1
402,101,1
402,127,1
402,135,1
402,397,1
402,410,1
403,119,1
403,389,1
403,402,1
405,399,1
406,113,1
406,123,1
406,143,1
406,155,1
406,165,1
406,166,1
406,167,1
406,339,1
406,399,1
408,317,1
408,364,1
409,385,1
410,165,1
410,204,1
410,342,1
412,39,1
412,117,1
412,119,1
412,129,1
412,195,1
412,246,1
412,306,1
412,324,1
412,410,1
412,435,1
413,36,1
413,71,1
413,119,1
413,228,1
413,241,1
413,263,1
413,276,1
413,280,1
413,310,1
413,317,1
413,359,1
413,413,1
413,423,1
413,439,1
414,144,1
414,326,1
415,199,1
416,364,1
420,246,1
420,359,1
421,144,1
421,394,1
422,245,1
423,75,1
423,317,1
424,54,1
424,129,1
424,138,1
424,154,1
424,241,1
424,282,1
424,298,1
424,307,1
424,310,1
424,413,1
424,423,1
425,197,1
425,324,1
425,359,1
425,364,1
425,388,1
425,403,1
427,305,1
428,1,1
428,39,1
428,280,1
428,379,1
429,75,1
429,129,1
429,143,1
429,151,1
429,210,1
429,228,1
429,243,1
429,260,1
429,269,1
429,282,1
429,310,1
429,338,1
429,373,1
430,399,1
430,433,1
432,101,1
432,150,1
432,195,1
432,209,1
432,233,1
432,317,1
432,348,1
432,391,1
432,399,1
432,435,1
433,167,1
433,204,1
433,304,1
433,375,1
434,151,1
434,310,1
434,320,1
434,379,1
435,300,1
435,423,1
436,123,1
436,310,1
436,317,1
436,348,1
438,17,1
438,32,1
438,47,1
438,68,1
438,101,1
438,109,1
438,117,1
438,119,1
438,122,1
438,178,1
438,193,1
438,197,1
438,246,1
438,263,1
438,312,1
438,324,1
438,348,1
438,359,1
438,364,1
438,379,1
438,388,1
438,389,1
438,390,1
438,415,1
438,419,1
438,423,1
438,435,1
438,441,1
438,447,1
442,1,1
442,118,1
442,156,1
442,238,1
442,241,1
442,310,1
442,396,1
442,413,1
443,68,1
443,129,1
443,347,1
443,379,1
443,413,1
444,317,1
445,193,1
446,379,1
447,12,1
447,114,1
447,123,1
447,135,1
447,139,1
447,167,1
447,215,1
447,238,1
447,282,1
447,305,1
447,321,1
447,342,1
447,357,1
447,382,1
447,399,1
447,408,1
447,423,1
448,101,1
448,155,1
448,359,1
449,93,1
450,42,1
450,142,1
450,153,1
450,156,1
450,164,1
450,310,1
450,348,1
450,359,1
450,435,1
451,12,1
451,29,1
451,99,1
451,113,1
451,151,1
451,204,1
451,241,1
451,282,1
451,310,1
451,410,1
453,167,1
453,324,1
453,326,1
455,359,1
456,12,1
456,101,1
456,153,1
456,195,1
456,310,1
456,324,1
456,336,1
456,423,1
457,13,1
457,101,1
457,305,1
457,310,1
457,439,1
458,30,1
458,101,1
458,129,1
458,139,1
458,193,1
458,195,1
458,197,1
458,218,1
458,245,1
458,246,1
458,248,1
458,310,1
458,324,1
458,399,1
458,435,1
459,123,1
459,195,1
459,273,1
459,349,1
459,389,1
460,143,1
461,32,1
461,160,1
464,101,1
464,201,1
464,205,1
464,304,1
464,317,1
464,348,1
465,75,1
465,144,1
465,146,1
465,155,1
465,359,1
465,423,1
466,135,1
466,272,1
468,32,1
469,119,1
469,129,1
469,164,1
469,433,1
470,74,1
470,88,1
470,122,1
470,153,1
470,184,1
470,280,1
470,324,1
470,359,1
471,123,1
474,11,1
474,12,1
474,32,1
474,34,1
474,39,1
474,54,1
474,60,1
474,99,1
474,123,1
474,138,1
474,142,1
474,144,1
474,155,1
474,160,1
474,161,1
474,165,1
474,241,1
474,255,1
474,265,1
474,310,1
474,311,1
474,317,1
474,350,1
474,353,1
474,388,1
474,397,1
474,419,1
475,304,1
475,310,1
475,410,1
477,59,1
477,101,1
477,122,1
477,155,1
477,165,1
477,348,1
477,353,1
477,357,1
477,364,1
477,410,1
477,428,1
477,435,1
478,348,1
479,324,1
479,428,1
481,324,1
482,101,1
482,119,1
482,143,1
482,154,1
483,143,1
483,197,1
483,286,1
483,348,1
483,428,1
484,155,1
484,353,1
485,98,1
485,99,1
485,123,1
485,167,1
485,245,1
485,324,1
486,39,1
486,305,1
487,54,1
487,123,1
487,129,1
487,201,1
487,228,1
487,255,1
487,310,1
487,319,1
487,410,1
488,3,1
488,447,1
489,129,1
492,359,1
492,433,1
494,17,1
494,167,1
494,364,1
494,388,1
494,397,1
494,413,1
495,241,1
495,324,1
496,353,1
497,123,1
497,310,1
498,324,1
499,30,1
499,137,1
499,139,1
499,310,1
499,389,1
499,415,1
499,435,1
500,38,1
500,53,1
500,67,1
500,68,1
500,71,1
500,101,1
500,119,1
500,122,1
500,128,1
500,129,1
500,133,1
500,135,1
500,151,1
500,305,1
500,316,1
500,321,1
500,359,1
500,382,1
500,396,1
500,399,1
501,94,1
501,229,1
501,245,1
501,254,1
502,2,1
502,39,1
502,151,1
502,205,1
502,350,1
502,388,1
503,139,1
503,423,1
504,20,1
504,39,1
504,119,1
504,122,1
504,129,1
504,217,1
504,238,1
504,242,1
504,292,1
504,310,1
504,359,1
504,364,1
504,388,1
504,413,1
504,435,1
505,119,1
505,197,1
505,207,1
505,241,1
505,291,1
505,310,1
505,373,1
505,389,1
506,42,1
506,142,1
506,144,1
506,241,1
506,253,1
506,255,1
506,306,1
506,410,1
507,155,1
508,101,1
508,142,1
508,246,1
509,30,1
509,35,1
509,101,1
509,123,1
509,164,1
509,326,1
509,359,1
509,423,1
509,435,1
511,32,1
511,55,1
511,71,1
511,75,1
511,122,1
511,129,1
511,133,1
511,155,1
511,190,1
511,201,1
511,233,1
511,247,1
511,310,1
511,348,1
511,359,1
511,379,1
511,391,1
512,122,1
512,170,1
512,324,1
513,36,1
513,122,1
513,316,1
515,21,1
515,122,1
515,280,1
515,291,1
515,355,1
516,317,1
516,364,1
517,30,1
517,387,1
517,435,1
518,364,1
519,348,1
519,399,1
520,75,1
520,122,1
520,129,1
520,143,1
520,155,1
520,359,1
521,324,1
522,348,1
523,38,1
523,53,1
523,68,1
523,101,1
523,127,1
523,129,1
523,135,1
523,143,1
523,151,1
523,155,1
523,167,1
523,316,1
523,382,1
523,396,1
523,397,1
524,11,1
524,129,1
524,170,1
524,348,1
525,403,1
527,317,1
527,364,1
528,324,1
529,399,1
530,26,1
530,68,1
530,113,1
530,119,1
530,122,1
530,193,1
530,197,1
530,221,1
530,244,1
530,280,1
530,292,1
530,310,1
530,348,1
530,364,1
530,379,1
530,413,1
530,419,1
530,423,1
530,435,1
531,3,1
531,317,1
531,364,1
532,45,1
532,71,1
532,75,1
532,101,1
532,164,1
532,170,1
532,193,1
532,197,1
532,209,1
532,321,1
532,348,1
532,353,1
532,379,1
532,428,1
533,51,1
533,71,1
533,101,1
533,112,1
533,123,1
533,226,1
533,310,1
533,359,1
533,423,1
533,435,1
534,324,1
535,30,1
535,71,1
535,122,1
535,282,1
535,318,1
535,324,1
535,326,1
535,349,1
535,364,1
535,403,1
536,68,1
536,153,1
536,317,1
536,336,1
537,47,1
537,68,1
537,348,1
537,413,1
538,117,1
538,123,1
538,433,1
539,4,1
539,7,1
539,11,1
539,12,1
539,13,1
539,18,1
539,30,1
539,35,1
539,36,1
539,49,1
539,51,1
539,55,1
539,61,1
539,68,1
539,71,1
539,73,1
539,89,1
539,101,1
539,119,1
539,122,1
539,125,1
539,127,1
539,129,1
539,136,1
539,137,1
539,139,1
539,142,1
539,144,1
539,146,1
539,151,1
539,155,1
539,160,1
539,167,1
539,168,1
539,171,1
539,185,1
539,186,1
539,193,1
539,195,1
539,196,1
539,199,1
539,223,1
539,225,1
539,228,1
539,238,1
539,241,1
539,242,1
539,245,1
539,247,1
539,248,1
539,253,1
539,255,1
539,259,1
539,260,1
539,269,1
539,270,1
539,274,1
539,275,1
539,280,1
539,282,1
539,291,1
539,298,1
539,305,1
539,306,1
539,307,1
539,309,1
539,310,1
539,316,1
539,317,1
539,321,1
539,327,1
539,342,1
539,344,1
539,348,1
539,350,1
539,353,1
539,355,1
539,359,1
539,364,1
539,371,1
539,378,1
539,387,1
539,388,1
539,389,1
539,391,1
539,392,1
539,394,1
539,396,1
539,397,1
539,398,1
539,407,1
539,410,1
539,413,1
539,417,1
539,419,1
539,423,1
539,428,1
539,429,1
539,435,1
539,444,1
540,59,1
540,63,1
542,12,1
542,39,1
542,133,1
542,135,1
542,167,1
542,190,1
542,225,1
542,242,1
542,243,1
542,246,1
542,247,1
542,280,1
542,305,1
542,310,1
542,317,1
542,348,1
542,363,1
542,373,1
543,11,1
543,29,1
543,122,1
543,153,1
543,155,1
543,246,1
543,310,1
543,357,1
543,399,1
543,410,1
544,310,1
547,324,1
548,12,1
548,30,1
548,167,1
548,305,1
549,280,1
549,379,1
552,280,1
553,241,1
553,310,1
553,348,1
554,388,1
555,423,1
556,199,1
559,269,1
559,391,1
560,423,1
561,138,1
561,348,1
561,359,1
562,99,1
562,195,1
562,201,1
562,241,1
562,263,1
562,270,1
562,310,1
562,319,1
562,324,1
562,348,1
562,373,1
563,119,1
563,129,1
563,143,1
563,364,1
564,27,1
564,30,1
564,35,1
564,88,1
564,98,1
564,129,1
564,137,1
564,139,1
564,188,1
564,262,1
564,265,1
564,270,1
564,336,1
564,418,1
564,435,1
565,5,1
565,19,1
565,45,1
565,61,1
565,68,1
565,71,1
565,88,1
565,101,1
565,106,1
565,109,1
565,129,1
565,133,1
565,138,1
565,139,1
565,144,1
565,153,1
565,154,1
565,155,1
565,162,1
565,241,1
565,252,1
565,255,1
565,269,1
565,310,1
565,325,1
565,348,1
565,350,1
565,353,1
565,359,1
565,389,1
565,391,1
565,403,1
565,413,1
565,423,1
565,435,1
566,39,1
566,376,1
567,47,1
567,93,1
567,101,1
567,122,1
567,129,1
567,310,1
567,372,1
568,9,1
568,12,1
568,38,1
568,53,1
568,68,1
568,83,1
568,101,1
568,127,1
568,129,1
568,135,1
568,139,1
568,151,1
568,167,1
568,197,1
568,215,1
568,263,1
568,310,1
568,316,1
568,353,1
568,364,1
568,382,1
568,396,1
568,397,1
568,399,1
568,410,1
568,439,1
569,119,1
570,6,1
570,42,1
570,51,1
570,68,1
570,71,1
570,170,1
570,241,1
570,292,1
570,305,1
570,306,1
570,310,1
570,321,1
570,347,1
570,389,1
570,410,1
570,423,1
570,435,1
571,68,1
571,151,1
571,260,1
571,310,1
571,324,1
571,364,1
571,413,1
574,71,1
574,101,1
574,129,1
574,325,1
574,413,1
576,324,1
576,399,1
577,317,1
577,364,1
578,93,1
578,119,1
578,282,1
578,379,1
579,50,1
580,39,1
580,89,1
580,93,1
580,127,1
580,143,1
580,144,1
580,280,1
580,348,1
580,359,1
581,12,1
581,39,1
581,123,1
581,190,1
581,260,1
583,54,1
583,119,1
583,260,1
583,305,1
584,123,1
584,155,1
584,200,1
585,197,1
585,247,1
585,312,1
585,348,1
585,389,1
586,123,1
586,129,1
586,167,1
586,241,1
586,291,1
586,306,1
586,414,1
587,144,1
587,402,1
588,241,1
588,246,1
588,255,1
588,258,1
588,278,1
588,348,1
588,359,1
588,397,1
589,6,1
589,101,1
589,205,1
589,304,1
589,335,1
589,372,1
590,30,1
590,35,1
590,122,1
590,129,1
590,143,1
590,144,1
590,209,1
590,255,1
590,291,1
590,306,1
590,307,1
590,379,1
590,413,1
590,423,1
590,428,1
591,11,1
591,228,1
593,68,1
593,210,1
594,123,1
595,68,1
595,151,1
595,190,1
595,260,1
595,310,1
595,324,1
595,364,1
595,413,1
596,6,1
596,15,1
596,17,1
596,30,1
596,73,1
596,101,1
596,127,1
596,129,1
596,164,1
596,197,1
596,204,1
596,255,1
596,272,1
596,291,1
596,305,1
596,310,1
596,317,1
596,321,1
596,341,1
596,359,1
596,379,1
596,398,1
596,410,1
597,348,1
598,71,1
598,101,1
598,317,1
599,68,1
599,101,1
599,155,1
599,193,1
599,260,1
599,306,1
599,359,1
599,364,1
599,399,1
599,410,1
599,435,1
601,26,1
601,32,1
601,154,1
601,298,1
601,423,1
602,34,1
602,101,1
602,204,1
602,260,1
602,292,1
603,144,1
603,204,1
603,324,1
604,310,1
604,348,1
604,397,1
605,364,1
607,12,1
607,68,1
607,101,1
607,309,1
607,325,1
607,379,1
607,392,1
607,423,1
607,444,1
608,388,1
609,447,1
610,12,1
610,30,1
610,39,1
610,54,1
610,74,1
610,127,1
610,129,1
610,135,1
610,142,1
610,143,1
610,144,1
610,155,1
610,189,1
610,200,1
610,204,1
610,241,1
610,255,1
610,321,1
610,325,1
610,353,1
610,359,1
610,413,1
610,423,1
610,435,1
610,439,1
611,178,1
611,391,1
612,226,1
612,245,1
613,165,1
613,310,1
613,349,1
614,11,1
614,12,1
614,30,1
614,71,1
614,86,1
614,92,1
614,123,1
614,129,1
614,165,1
614,195,1
614,204,1
614,219,1
614,238,1
614,248,1
614,253,1
614,263,1
614,265,1
614,269,1
614,307,1
614,316,1
614,324,1
614,332,1
614,342,1
614,348,1
614,350,1
614,353,1
614,359,1
614,364,1
614,373,1
614,382,1
614,399,1
614,402,1
614,423,1
615,30,1
615,143,1
615,155,1
615,195,1
615,197,1
615,242,1
615,310,1
615,321,1
615,324,1
615,329,1
615,348,1
615,359,1
615,388,1
615,392,1
615,410,1
615,435,1
615,439,1
616,1,1
616,118,1
616,156,1
616,238,1
616,241,1
616,260,1
616,310,1
616,396,1
616,413,1
618,54,1
618,101,1
618,143,1
618,154,1
618,241,1
618,307,1
618,310,1
618,317,1
618,364,1
618,413,1
618,423,1
623,71,1
623,248,1
623,280,1
623,317,1
625,129,1
626,226,1
626,230,1
627,151,1
627,310,1
627,320,1
627,379,1
628,238,1
629,30,1
629,139,1
629,251,1
629,387,1
629,435,1
630,241,1
631,270,1
631,312,1
631,321,1
631,349,1
632,397,1
633,71,1
633,122,1
633,211,1
633,228,1
633,236,1
633,336,1
633,353,1
633,423,1
633,444,1
635,197,1
636,379,1
637,12,1
637,34,1
637,68,1
637,111,1
637,122,1
637,123,1
637,129,1
637,135,1
637,155,1
637,305,1
637,310,1
637,317,1
637,342,1
637,392,1
637,428,1
639,364,1
639,388,1
640,187,1
641,19,1
641,71,1
641,122,1
641,129,1
641,138,1
641,142,1
641,150,1
641,153,1
641,173,1
641,247,1
641,274,1
641,291,1
641,306,1
641,307,1
641,309,1
641,317,1
641,329,1
641,339,1
641,418,1
641,423,1
641,435,1
642,119,1
643,39,1
643,68,1
643,129,1
643,144,1
643,156,1
643,241,1
643,255,1
643,348,1
643,359,1
643,435,1
645,410,1
646,68,1
647,364,1
648,109,1
648,359,1
649,39,1
649,42,1
649,101,1
649,129,1
649,153,1
649,190,1
649,243,1
649,248,1
649,280,1
649,306,1
649,348,1
649,353,1
649,359,1
649,379,1
649,402,1
649,423,1
650,6,1
650,12,1
650,19,1
650,39,1
650,75,1
650,101,1
650,119,1
650,123,1
650,129,1
650,142,1
650,143,1
650,170,1
650,171,1
650,178,1
650,199,1
650,236,1
650,238,1
650,241,1
650,255,1
650,272,1
650,306,1
650,309,1
650,310,1
650,319,1
650,348,1
650,355,1
650,379,1
650,381,1
650,390,1
650,435,1
650,437,1
650,439,1
652,71,1
652,122,1
652,423,1
653,68,1
653,71,1
653,127,1
653,129,1
653,167,1
653,184,1
653,241,1
653,306,1
653,317,1
653,321,1
653,342,1
653,348,1
653,353,1
653,372,1
653,394,1
653,410,1
653,435,1
653,439,1
654,410,1
655,16,1
655,101,1
655,317,1
655,321,1
655,423,1
656,193,1
657,305,1
658,359,1
659,122,1
659,246,1
659,397,1
660,400,1
662,245,1
662,324,1
663,30,1
663,68,1
663,74,1
663,75,1
663,93,1
663,118,1
663,123,1
663,135,1
663,144,1
663,167,1
663,200,1
663,255,1
663,260,1
663,305,1
663,310,1
663,317,1
663,364,1
663,413,1
663,418,1
663,435,1
664,12,1
664,119,1
664,151,1
664,310,1
664,348,1
665,39,1
665,127,1
666,324,1
668,16,1
668,68,1
668,74,1
668,155,1
668,176,1
668,190,1
668,197,1
668,204,1
668,260,1
668,305,1
668,310,1
668,317,1
668,364,1
668,388,1
670,1,1
670,12,1
670,30,1
670,38,1
670,53,1
670,61,1
670,68,1
670,73,1
670,101,1
670,116,1
670,122,1
670,127,1
670,129,1
670,135,1
670,142,1
670,151,1
670,178,1
670,228,1
670,235,1
670,238,1
670,241,1
670,282,1
670,305,1
670,310,1
670,316,1
670,321,1
670,325,1
670,342,1
670,348,1
670,359,1
670,370,1
670,382,1
670,396,1
670,397,1
670,398,1
670,399,1
670,410,1
670,423,1
671,364,1
673,12,1
673,16,1
673,46,1
673,54,1
673,61,1
673,71,1
673,101,1
673,122,1
673,123,1
673,127,1
673,129,1
673,135,1
673,139,1
673,143,1
673,144,1
673,155,1
673,178,1
673,195,1
673,196,1
673,209,1
673,227,1
673,241,1
673,245,1
673,255,1
673,269,1
673,282,1
673,305,1
673,307,1
673,310,1
673,316,1
673,317,1
673,350,1
673,359,1
673,364,1
673,389,1
673,397,1
673,399,1
673,410,1
673,423,1
673,435,1
677,143,1
677,410,1
678,39,1
678,119,1
678,310,1
679,122,1
680,12,1
680,39,1
680,98,1
680,101,1
680,121,1
680,122,1
680,123,1
680,125,1
680,167,1
680,178,1
680,195,1
680,270,1
680,348,1
680,350,1
680,389,1
680,397,1
680,408,1
680,419,1
680,423,1
681,241,1
681,359,1
681,410,1
681,423,1
682,101,1
682,123,1
682,143,1
682,241,1
682,385,1
682,447,1
683,310,1
684,55,1
685,246,1
686,3,1
688,35,1
689,359,1
690,144,1
691,101,1
691,122,1
691,129,1
691,167,1
691,241,1
691,310,1
691,321,1
691,339,1
691,359,1
691,372,1
692,364,1
694,324,1
695,30,1
695,61,1
695,71,1
695,75,1
695,101,1
695,122,1
695,146,1
695,154,1
695,241,1
695,307,1
695,317,1
695,364,1
695,392,1
695,410,1
695,423,1
696,359,1
697,146,1
697,280,1
697,418,1
699,27,1
699,30,1
699,34,1
699,68,1
699,74,1
699,87,1
699,93,1
699,129,1
699,262,1
699,279,1
699,309,1
699,320,1
699,349,1
699,359,1
699,389,1
699,391,1
699,393,1
699,410,1
699,428,1
701,12,1
701,17,1
701,54,1
701,61,1
701,119,1
701,122,1
701,123,1
701,127,1
701,129,1
701,155,1
701,195,1
701,238,1
701,241,1
701,246,1
701,255,1
701,307,1
701,310,1
701,317,1
701,336,1
701,364,1
701,388,1
701,389,1
701,399,1
701,410,1
701,435,1
702,34,1
702,68,1
702,98,1
702,119,1
702,241,1
703,359,1
704,167,1
704,282,1
705,12,1
705,24,1
705,42,1
705,101,1
705,118,1
705,127,1
705,129,1
705,142,1
705,146,1
705,167,1
705,172,1
705,184,1
705,193,1
705,209,1
705,221,1
705,241,1
705,274,1
705,280,1
705,282,1
705,305,1
705,306,1
705,309,1
705,310,1
705,316,1
705,321,1
705,332,1
705,336,1
705,359,1
705,385,1
705,394,1
705,410,1
705,419,1
705,423,1
705,429,1
705,435,1
705,439,1
706,359,1
708,139,1
708,241,1
708,305,1
708,324,1
708,348,1
708,435,1
708,439,1
710,12,1
710,68,1
710,127,1
710,129,1
710,155,1
710,161,1
710,167,1
710,241,1
710,245,1
710,255,1
710,270,1
710,348,1
710,359,1
710,400,1
710,435,1
711,122,1
711,246,1
711,397,1
2,12,2
2,123,2
2,255,2
2,305,2
2,413,2
2,423,2
3,73,2
3,317,2
3,419,2
3,423,2
5,68,2
5,410,2
5,413,2
8,129,2
9,410,2
23,129,2
26,290,2
28,40,2
28,129,2
34,61,2
34,122,2
34,129,2
38,101,2
38,123,2
38,301,2
42,310,2
47,94,2
47,129,2
60,317,2
60,365,2
69,36,2
69,87,2
69,123,2
69,129,2
69,177,2
69,305,2
69,310,2
69,316,2
69,359,2
69,410,2
72,209,2
77,129,2
79,310,2
82,310,2
83,334,2
96,413,2
101,68,2
101,122,2
101,284,2
105,94,2
113,71,2
113,101,2
113,122,2
113,129,2
113,166,2
113,221,2
113,241,2
113,260,2
113,364,2
115,36,2
115,101,2
115,122,2
117,62,2
123,317,2
139,74,2
139,89,2
139,98,2
139,228,2
139,317,2
139,410,2
140,428,2
142,129,2
142,310,2
142,317,2
142,410,2
145,71,2
145,101,2
145,122,2
145,129,2
145,166,2
145,221,2
145,260,2
145,307,2
145,364,2
148,122,2
152,61,2
158,125,2
158,280,2
158,305,2
158,316,2
158,419,2
161,129,2
166,101,2
170,101,2
170,127,2
170,359,2
173,129,2
182,36,2
194,129,2
194,204,2
197,2,2
197,129,2
200,136,2
202,310,2
203,129,2
207,241,2
210,428,2
214,118,2
214,310,2
216,317,2
218,122,2
218,321,2
221,68,2
221,122,2
221,310,2
222,388,2
226,94,2
226,101,2
226,209,2
226,254,2
226,307,2
233,305,2
237,61,2
240,12,2
240,36,2
240,51,2
240,60,2
240,71,2
240,98,2
240,101,2
240,119,2
240,122,2
240,154,2
240,190,2
240,241,2
240,307,2
240,310,2
240,317,2
240,364,2
240,413,2
241,310,2
243,51,2
243,68,2
243,129,2
243,310,2
243,317,2
243,348,2
243,410,2
246,101,2
246,229,2
246,241,2
246,310,2
247,122,2
247,129,2
251,36,2
275,68,2
280,71,2
280,317,2
280,321,2
280,410,2
281,36,2
281,122,2
281,320,2
283,101,2
284,122,2
286,229,2
286,429,2
291,199,2
295,419,2
296,71,2
296,129,2
301,391,2
306,101,2
308,129,2
308,399,2
309,280,2
309,359,2
318,9,2
318,12,2
318,87,2
323,123,2
323,301,2
324,122,2
324,355,2
325,12,2
325,68,2
325,123,2
325,255,2
325,305,2
325,413,2
325,423,2
330,360,2
332,101,2
334,98,2
334,123,2
334,129,2
334,241,2
334,410,2
337,83,2
337,101,2
337,127,2
337,129,2
337,241,2
337,423,2
338,310,2
342,317,2
344,204,2
346,129,2
347,428,2
349,310,2
349,364,2
356,122,2
356,199,2
359,290,2
361,310,2
361,364,2
365,122,2
371,12,2
371,123,2
371,241,2
373,101,2
373,166,2
373,221,2
376,317,2
377,122,2
377,129,2
377,241,2
378,40,2
380,251,2
388,129,2
388,317,2
393,129,2
393,310,2
398,101,2
398,129,2
398,166,2
398,221,2
398,310,2
399,101,2
399,166,2
399,221,2
402,123,2
402,301,2
403,36,2
403,40,2
403,61,2
403,101,2
403,310,2
406,101,2
406,111,2
406,241,2
406,310,2
406,413,2
412,410,2
412,413,2
413,204,2
413,317,2
413,344,2
414,94,2
414,254,2
420,40,2
421,71,2
421,101,2
421,122,2
421,129,2
421,166,2
421,221,2
421,241,2
421,260,2
421,307,2
421,364,2
422,36,2
424,89,2
424,98,2
424,129,2
424,310,2
428,61,2
428,68,2
428,98,2
428,122,2
428,166,2
428,241,2
428,360,2
428,410,2
429,12,2
433,123,2
434,36,2
434,122,2
434,305,2
434,310,2
434,320,2
434,364,2
434,413,2
438,129,2
438,419,2
438,423,2
442,129,2
442,317,2
451,317,2
459,307,2
461,399,2
464,12,2
464,36,2
464,51,2
464,60,2
464,71,2
464,101,2
464,121,2
464,122,2
464,170,2
464,174,2
464,179,2
464,190,2
464,221,2
464,241,2
464,310,2
464,364,2
464,413,2
469,129,2
470,280,2
477,310,2
481,129,2
481,399,2
481,444,2
485,399,2
487,36,2
487,68,2
487,154,2
487,317,2
487,410,2
487,428,2
488,399,2
499,101,2
499,166,2
499,221,2
500,101,2
502,36,2
502,122,2
502,221,2
502,241,2
502,410,2
504,113,2
504,129,2
504,365,2
506,310,2
509,36,2
509,310,2
509,428,2
511,71,2
511,410,2
511,413,2
512,307,2
513,310,2
515,241,2
520,101,2
520,229,2
520,241,2
520,310,2
523,101,2
523,123,2
523,301,2
524,61,2
524,68,2
524,280,2
530,113,2
530,129,2
532,129,2
532,410,2
536,280,2
539,2,2
539,71,2
539,101,2
539,310,2
539,317,2
539,353,2
539,399,2
539,419,2
542,12,2
542,123,2
542,241,2
543,83,2
543,357,2
562,101,2
564,251,2
565,317,2
565,334,2
565,413,2
566,12,2
566,101,2
566,410,2
568,101,2
568,123,2
568,301,2
568,310,2
570,113,2
570,129,2
574,68,2
574,122,2
574,123,2
574,224,2
574,310,2
574,344,2
580,12,2
580,98,2
580,101,2
580,111,2
580,122,2
580,410,2
581,129,2
582,241,2
585,36,2
586,98,2
586,255,2
589,12,2
589,36,2
589,51,2
589,71,2
589,98,2
589,101,2
589,121,2
589,122,2
589,129,2
589,167,2
589,170,2
589,174,2
589,179,2
589,190,2
589,241,2
589,288,2
589,310,2
589,317,2
589,364,2
589,410,2
589,413,2
590,12,2
591,290,2
595,123,2
596,101,2
596,334,2
596,359,2
596,410,2
601,129,2
601,307,2
602,123,2
607,310,2
607,317,2
607,359,2
608,310,2
610,135,2
610,307,2
610,376,2
616,129,2
616,310,2
618,51,2
618,122,2
618,317,2
627,36,2
627,122,2
627,241,2
627,305,2
627,364,2
637,29,2
637,68,2
637,101,2
637,122,2
637,129,2
637,166,2
637,221,2
637,310,2
637,317,2
637,410,2
637,412,2
638,428,2
639,310,2
650,68,2
650,73,2
650,116,2
650,129,2
650,317,2
655,101,2
659,51,2
659,54,2
659,68,2
659,122,2
659,129,2
659,280,2
659,310,2
659,364,2
659,413,2
663,209,2
664,123,2
664,305,2
664,316,2
667,122,2
668,129,2
668,355,2
670,101,2
670,123,2
670,280,2
670,301,2
673,310,2
686,94,2
691,122,2
691,255,2
691,290,2
699,320,2
702,40,2
702,98,2
702,101,2
702,129,2
702,166,2
702,221,2
702,255,2
702,410,2
708,413,2
710,101,2
710,122,2
711,54,2
711,129,2
2,61,3
2,68,3
2,87,3
2,115,3
2,123,3
2,129,3
2,241,3
2,305,3
2,310,3
2,353,3
2,359,3
2,382,3
2,414,3
2,444,3
3,2,3
3,30,3
3,34,3
3,52,3
3,54,3
3,61,3
3,68,3
3,76,3
3,95,3
3,101,3
3,105,3
3,116,3
3,122,3
3,123,3
3,127,3
3,129,3
3,144,3
3,152,3
3,160,3
3,164,3
3,167,3
3,171,3
3,200,3
3,204,3
3,206,3
3,215,3
3,228,3
3,237,3
3,238,3
3,241,3
3,245,3
3,247,3
3,253,3
3,255,3
3,274,3
3,275,3
3,284,3
3,310,3
3,312,3
3,316,3
3,317,3
3,335,3
3,357,3
3,359,3
3,364,3
3,372,3
3,373,3
3,379,3
3,382,3
3,403,3
3,410,3
3,424,3
3,445,3
4,6,3
4,11,3
4,61,3
4,71,3
4,129,3
4,234,3
4,264,3
4,310,3
4,317,3
4,391,3
4,428,3
5,68,3
5,101,3
5,241,3
5,333,3
6,162,3
7,129,3
8,2,3
8,5,3
8,12,3
8,40,3
8,61,3
8,68,3
8,71,3
8,75,3
8,101,3
8,110,3
8,122,3
8,123,3
8,127,3
8,129,3
8,146,3
8,167,3
8,186,3
8,195,3
8,196,3
8,203,3
8,210,3
8,238,3
8,242,3
8,244,3
8,245,3
8,247,3
8,254,3
8,255,3
8,261,3
8,280,3
8,285,3
8,302,3
8,303,3
8,310,3
8,315,3
8,317,3
8,348,3
8,359,3
8,387,3
8,389,3
8,391,3
8,416,3
8,417,3
8,419,3
8,428,3
8,444,3
10,43,3
10,122,3
10,129,3
10,151,3
10,238,3
10,382,3
12,60,3
12,68,3
12,71,3
12,72,3
12,101,3
12,129,3
12,200,3
12,220,3
12,228,3
12,246,3
12,305,3
12,317,3
12,353,3
12,413,3
13,101,3
13,122,3
13,241,3
14,413,3
15,68,3
15,123,3
15,129,3
15,157,3
15,379,3
15,385,3
15,397,3
15,419,3
17,67,3
17,122,3
17,129,3
17,241,3
17,317,3
17,379,3
17,417,3
17,428,3
18,129,3
18,137,3
18,253,3
18,280,3
18,357,3
18,410,3
20,45,3
20,122,3
20,129,3
20,417,3
22,129,3
23,243,3
24,68,3
24,310,3
25,122,3
25,413,3
26,51,3
26,61,3
26,241,3
26,280,3
26,310,3
27,310,3
27,397,3
28,36,3
28,68,3
28,71,3
28,101,3
28,122,3
28,129,3
28,162,3
28,221,3
28,225,3
28,228,3
28,241,3
28,247,3
28,274,3
28,280,3
28,310,3
28,360,3
28,413,3
28,435,3
29,36,3
29,61,3
29,122,3
29,129,3
29,234,3
29,241,3
29,254,3
29,359,3
29,444,3
30,34,3
30,68,3
30,101,3
30,122,3
30,129,3
30,167,3
30,280,3
30,306,3
30,310,3
30,359,3
30,391,3
31,129,3
34,6,3
34,61,3
34,68,3
34,71,3
34,129,3
34,192,3
34,247,3
34,282,3
34,310,3
34,360,3
34,379,3
35,61,3
35,68,3
35,129,3
36,129,3
37,74,3
38,1,3
38,2,3
38,12,3
38,30,3
38,36,3
38,39,3
38,61,3
38,68,3
38,71,3
38,73,3
38,74,3
38,96,3
38,101,3
38,111,3
38,118,3
38,119,3
38,122,3
38,123,3
38,127,3
38,128,3
38,129,3
38,135,3
38,142,3
38,151,3
38,154,3
38,167,3
38,175,3
38,210,3
38,238,3
38,241,3
38,242,3
38,247,3
38,255,3
38,260,3
38,280,3
38,281,3
38,284,3
38,287,3
38,302,3
38,305,3
38,307,3
38,310,3
38,316,3
38,317,3
38,318,3
38,322,3
38,325,3
38,336,3
38,348,3
38,353,3
38,359,3
38,360,3
38,382,3
38,389,3
38,396,3
38,397,3
38,399,3
38,410,3
38,413,3
38,417,3
38,423,3
38,427,3
38,428,3
38,430,3
38,444,3
38,445,3
39,71,3
39,244,3
40,49,3
40,68,3
40,101,3
40,122,3
40,129,3
40,228,3
40,241,3
40,317,3
40,348,3
40,391,3
40,413,3
41,29,3
41,54,3
41,61,3
41,68,3
41,98,3
41,101,3
41,116,3
41,119,3
41,122,3
41,129,3
41,142,3
41,167,3
41,189,3
41,203,3
41,255,3
41,284,3
41,307,3
41,321,3
41,348,3
41,364,3
41,369,3
41,370,3
41,379,3
41,391,3
41,415,3
41,428,3
41,440,3
42,34,3
42,71,3
42,101,3
42,129,3
42,139,3
42,209,3
42,225,3
42,241,3
42,274,3
42,310,3
42,359,3
42,399,3
43,122,3
43,129,3
44,36,3
44,51,3
44,54,3
44,61,3
44,68,3
44,70,3
44,71,3
44,84,3
44,98,3
44,101,3
44,122,3
44,123,3
44,129,3
44,135,3
44,166,3
44,228,3
44,255,3
44,281,3
44,296,3
44,310,3
44,317,3
44,333,3
44,334,3
44,353,3
44,370,3
44,379,3
44,410,3
44,428,3
44,444,3
45,60,3
45,70,3
45,71,3
45,317,3
45,428,3
46,12,3
46,71,3
47,5,3
47,21,3
47,34,3
47,49,3
47,75,3
47,82,3
47,122,3
47,123,3
47,129,3
47,136,3
47,144,3
47,146,3
47,167,3
47,199,3
47,204,3
47,209,3
47,238,3
47,246,3
47,247,3
47,255,3
47,280,3
47,282,3
47,307,3
47,310,3
47,316,3
47,317,3
47,336,3
47,353,3
47,364,3
47,368,3
47,373,3
47,400,3
47,435,3
47,445,3
48,119,3
48,211,3
51,71,3
51,310,3
51,317,3
51,431,3
53,310,3
54,417,3
56,333,3
57,12,3
57,62,3
57,357,3
57,410,3
58,33,3
58,129,3
58,246,3
58,333,3
58,350,3
59,119,3
59,129,3
59,200,3
59,228,3
59,410,3
60,2,3
60,61,3
60,71,3
60,101,3
60,123,3
60,195,3
60,272,3
60,280,3
60,310,3
60,317,3
60,359,3
60,390,3
60,410,3
60,418,3
60,444,3
62,165,3
62,413,3
63,129,3
63,296,3
64,129,3
64,306,3
65,122,3
66,289,3
66,432,3
67,61,3
69,2,3
69,36,3
69,51,3
69,61,3
69,65,3
69,68,3
69,70,3
69,71,3
69,83,3
69,98,3
69,101,3
69,122,3
69,129,3
69,131,3
69,136,3
69,160,3
69,181,3
69,208,3
69,211,3
69,225,3
69,227,3
69,228,3
69,241,3
69,274,3
69,276,3
69,280,3
69,307,3
69,310,3
69,359,3
69,360,3
69,365,3
69,391,3
69,401,3
69,410,3
69,428,3
69,429,3
70,282,3
70,284,3
71,417,3
72,101,3
72,122,3
72,129,3
72,228,3
72,278,3
72,280,3
72,282,3
72,310,3
72,394,3
72,405,3
72,428,3
73,101,3
73,127,3
73,211,3
74,32,3
74,74,3
74,280,3
74,359,3
75,101,3
75,199,3
75,282,3
76,129,3
76,373,3
77,101,3
77,122,3
77,241,3
78,2,3
78,49,3
78,129,3
78,238,3
79,25,3
79,337,3
80,101,3
80,391,3
81,129,3
81,359,3
82,36,3
82,61,3
82,68,3
82,101,3
82,122,3
82,129,3
82,143,3
82,158,3
82,241,3
82,280,3
82,310,3
82,359,3
83,61,3
83,101,3
83,116,3
83,129,3
83,276,3
83,280,3
83,310,3
83,364,3
83,412,3
84,68,3
84,129,3
84,310,3
84,317,3
84,391,3
85,101,3
85,129,3
85,241,3
85,280,3
85,355,3
86,34,3
86,56,3
86,129,3
86,310,3
86,336,3
86,353,3
86,413,3
87,61,3
88,122,3
88,310,3
88,382,3
89,306,3
89,419,3
91,60,3
91,101,3
91,119,3
91,225,3
91,284,3
91,295,3
91,389,3
91,428,3
93,2,3
93,68,3
93,101,3
93,129,3
93,166,3
93,221,3
93,310,3
93,359,3
93,376,3
94,2,3
94,68,3
94,111,3
94,122,3
94,129,3
94,166,3
94,174,3
94,310,3
94,359,3
94,413,3
95,101,3
95,166,3
95,310,3
96,68,3
96,122,3
96,129,3
96,317,3
96,364,3
96,410,3
96,413,3
99,68,3
99,98,3
99,122,3
99,129,3
99,136,3
99,280,3
99,284,3
99,360,3
99,410,3
99,424,3
99,428,3
100,310,3
100,419,3
101,2,3
101,20,3
101,34,3
101,54,3
101,61,3
101,68,3
101,74,3
101,101,3
101,122,3
101,129,3
101,142,3
101,162,3
101,177,3
101,195,3
101,199,3
101,205,3
101,247,3
101,253,3
101,255,3
101,264,3
101,284,3
101,305,3
101,307,3
101,310,3
101,317,3
101,360,3
101,376,3
101,379,3
101,413,3
101,439,3
103,364,3
103,419,3
104,9,3
105,61,3
105,129,3
105,276,3
105,310,3
106,54,3
106,101,3
106,122,3
106,123,3
106,129,3
106,310,3
108,65,3
108,67,3
108,71,3
108,280,3
108,310,3
108,428,3
109,101,3
109,122,3
111,241,3
112,2,3
112,68,3
112,280,3
112,350,3
112,435,3
113,111,3
113,122,3
113,127,3
113,129,3
113,310,3
113,317,3
113,354,3
113,379,3
114,241,3
115,18,3
115,30,3
115,36,3
115,61,3
115,65,3
115,68,3
115,71,3
115,74,3
115,89,3
115,119,3
115,129,3
115,139,3
115,149,3
115,160,3
115,162,3
115,164,3
115,173,3
115,179,3
115,185,3
115,195,3
115,237,3
115,255,3
115,274,3
115,280,3
115,286,3
115,307,3
115,310,3
115,328,3
115,359,3
115,360,3
115,363,3
115,364,3
115,373,3
115,410,3
115,413,3
115,428,3
115,444,3
117,280,3
118,36,3
118,60,3
118,68,3
118,71,3
118,98,3
118,101,3
118,111,3
118,122,3
118,129,3
118,136,3
118,154,3
118,165,3
118,177,3
118,199,3
118,228,3
118,241,3
118,251,3
118,280,3
118,281,3
118,305,3
118,310,3
118,317,3
118,321,3
118,348,3
118,359,3
118,364,3
118,410,3
118,417,3
118,428,3
118,436,3
118,441,3
118,442,3
118,444,3
119,428,3
120,61,3
120,129,3
120,142,3
120,157,3
120,210,3
120,241,3
120,242,3
120,280,3
120,306,3
120,310,3
120,355,3
120,364,3
120,404,3
121,183,3
122,428,3
123,1,3
123,129,3
123,186,3
123,241,3
123,310,3
123,359,3
123,365,3
123,369,3
124,68,3
124,310,3
125,413,3
126,101,3
126,228,3
126,241,3
129,25,3
129,129,3
129,180,3
129,280,3
129,281,3
129,365,3
131,68,3
131,151,3
132,25,3
132,74,3
132,101,3
132,123,3
132,129,3
132,142,3
132,177,3
132,241,3
132,255,3
132,273,3
132,280,3
132,310,3
132,435,3
133,68,3
134,36,3
134,111,3
134,123,3
134,127,3
134,129,3
134,167,3
134,210,3
134,435,3
135,2,3
135,54,3
135,61,3
135,74,3
135,89,3
135,101,3
135,119,3
135,122,3
135,123,3
135,129,3
135,136,3
135,138,3
135,139,3
135,154,3
135,165,3
135,166,3
135,177,3
135,198,3
135,241,3
135,247,3
135,265,3
135,280,3
135,310,3
135,316,3
135,317,3
135,321,3
135,339,3
135,350,3
135,357,3
135,359,3
135,360,3
135,364,3
135,382,3
135,410,3
135,417,3
135,428,3
135,436,3
136,49,3
136,111,3
136,122,3
136,129,3
136,196,3
136,203,3
136,221,3
136,231,3
136,241,3
136,247,3
136,251,3
136,255,3
136,310,3
136,348,3
136,350,3
136,359,3
136,391,3
136,399,3
136,410,3
136,428,3
136,435,3
137,129,3
137,282,3
139,2,3
139,5,3
139,8,3
139,30,3
139,49,3
139,60,3
139,61,3
139,68,3
139,74,3
139,78,3
139,98,3
139,101,3
139,111,3
139,122,3
139,129,3
139,135,3
139,136,3
139,138,3
139,144,3
139,146,3
139,171,3
139,177,3
139,186,3
139,209,3
139,228,3
139,241,3
139,264,3
139,280,3
139,282,3
139,289,3
139,309,3
139,310,3
139,311,3
139,317,3
139,321,3
139,341,3
139,359,3
139,364,3
139,379,3
139,382,3
139,391,3
139,410,3
139,413,3
139,424,3
139,428,3
139,444,3
140,228,3
140,255,3
140,359,3
140,360,3
141,129,3
141,241,3
141,364,3
141,391,3
141,413,3
142,9,3
142,36,3
142,43,3
142,49,3
142,54,3
142,61,3
142,68,3
142,71,3
142,98,3
142,101,3
142,122,3
142,129,3
142,132,3
142,166,3
142,177,3
142,209,3
142,222,3
142,224,3
142,225,3
142,227,3
142,241,3
142,276,3
142,280,3
142,291,3
142,307,3
142,310,3
142,311,3
142,316,3
142,317,3
142,321,3
142,325,3
142,359,3
142,364,3
142,372,3
142,391,3
142,401,3
142,410,3
142,413,3
142,444,3
143,61,3
144,68,3
144,71,3
144,101,3
144,241,3
144,310,3
144,391,3
145,101,3
145,111,3
145,122,3
145,127,3
145,129,3
145,280,3
145,310,3
145,317,3
145,354,3
145,379,3
146,129,3
146,241,3
146,280,3
146,290,3
146,335,3
146,370,3
146,413,3
147,410,3
148,2,3
148,35,3
148,61,3
148,68,3
148,101,3
148,122,3
148,136,3
148,143,3
148,228,3
148,280,3
148,310,3
148,357,3
148,364,3
148,368,3
148,421,3
148,428,3
149,183,3
150,49,3
150,129,3
150,241,3
150,255,3
150,310,3
150,345,3
150,359,3
150,413,3
150,428,3
151,122,3
152,122,3
152,129,3
152,168,3
152,228,3
152,241,3
152,310,3
152,317,3
152,359,3
152,369,3
152,379,3
152,413,3
152,434,3
153,68,3
153,101,3
153,166,3
153,379,3
153,393,3
153,442,3
154,428,3
156,101,3
156,129,3
157,135,3
157,389,3
158,2,3
158,12,3
158,18,3
158,30,3
158,33,3
158,34,3
158,38,3
158,46,3
158,51,3
158,61,3
158,65,3
158,66,3
158,68,3
158,70,3
158,71,3
158,78,3
158,101,3
158,105,3
158,113,3
158,119,3
158,122,3
158,123,3
158,124,3
158,127,3
158,129,3
158,130,3
158,144,3
158,148,3
158,154,3
158,157,3
158,167,3
158,176,3
158,182,3
158,186,3
158,192,3
158,199,3
158,202,3
158,204,3
158,209,3
158,219,3
158,221,3
158,225,3
158,228,3
158,230,3
158,238,3
158,241,3
158,244,3
158,246,3
158,250,3
158,255,3
158,264,3
158,270,3
158,271,3
158,274,3
158,277,3
158,280,3
158,281,3
158,305,3
158,310,3
158,311,3
158,316,3
158,317,3
158,320,3
158,321,3
158,336,3
158,348,3
158,350,3
158,353,3
158,355,3
158,359,3
158,364,3
158,373,3
158,379,3
158,382,3
158,387,3
158,391,3
158,403,3
158,410,3
158,413,3
158,418,3
158,420,3
158,423,3
158,424,3
158,428,3
158,430,3
158,435,3
158,444,3
159,129,3
160,317,3
161,36,3
161,67,3
161,68,3
161,71,3
161,111,3
161,122,3
161,129,3
161,136,3
161,167,3
161,177,3
161,200,3
161,213,3
161,225,3
161,227,3
161,228,3
161,298,3
161,310,3
161,317,3
161,321,3
161,325,3
161,339,3
161,359,3
161,360,3
161,364,3
161,413,3
161,428,3
161,442,3
161,444,3
163,129,3
163,241,3
163,310,3
164,228,3
164,312,3
164,402,3
164,410,3
166,36,3
166,51,3
166,88,3
166,101,3
166,196,3
166,199,3
166,251,3
166,314,3
166,317,3
166,350,3
166,413,3
166,428,3
166,429,3
168,29,3
168,49,3
168,60,3
168,61,3
168,68,3
168,101,3
168,122,3
168,123,3
168,127,3
168,136,3
168,142,3
168,203,3
168,209,3
168,280,3
168,305,3
168,310,3
168,321,3
168,357,3
168,364,3
168,389,3
168,399,3
168,401,3
168,413,3
168,415,3
168,428,3
169,68,3
169,129,3
169,143,3
169,310,3
169,413,3
170,61,3
170,71,3
170,209,3
170,241,3
170,280,3
170,348,3
171,34,3
172,5,3
172,61,3
172,68,3
172,71,3
172,101,3
172,123,3
172,129,3
172,154,3
172,241,3
172,317,3
172,379,3
172,410,3
172,413,3
172,444,3
173,19,3
173,68,3
173,74,3
173,101,3
173,122,3
173,123,3
173,127,3
173,129,3
173,141,3
173,167,3
173,199,3
173,221,3
173,224,3
173,255,3
173,260,3
173,264,3
173,279,3
173,280,3
173,281,3
173,286,3
173,310,3
173,317,3
173,321,3
173,325,3
173,342,3
173,363,3
173,373,3
173,396,3
173,399,3
173,410,3
173,413,3
173,444,3
174,71,3
174,98,3
175,306,3
176,68,3
177,310,3
177,317,3
178,101,3
179,135,3
179,146,3
179,360,3
180,228,3
180,235,3
181,5,3
181,247,3
181,255,3
181,340,3
181,379,3
182,306,3
183,101,3
184,71,3
185,122,3
185,310,3
187,238,3
187,241,3
187,255,3
187,306,3
187,413,3
187,428,3
187,436,3
188,101,3
188,310,3
189,61,3
189,101,3
189,122,3
189,123,3
189,129,3
189,228,3
189,310,3
189,317,3
190,68,3
191,410,3
192,379,3
193,119,3
193,122,3
193,123,3
193,129,3
193,317,3
194,36,3
194,122,3
194,129,3
194,241,3
194,310,3
194,317,3
194,364,3
194,370,3
194,410,3
195,122,3
195,136,3
195,241,3
195,306,3
195,310,3
195,370,3
195,436,3
196,135,3
196,154,3
196,310,3
196,355,3
197,12,3
197,68,3
197,122,3
197,129,3
197,199,3
197,280,3
198,310,3
199,101,3
199,122,3
199,129,3
199,228,3
199,305,3
200,5,3
200,29,3
200,49,3
200,60,3
200,61,3
200,67,3
200,68,3
200,71,3
200,89,3
200,98,3
200,101,3
200,105,3
200,122,3
200,123,3
200,129,3
200,143,3
200,175,3
200,177,3
200,209,3
200,214,3
200,228,3
200,241,3
200,280,3
200,289,3
200,310,3
200,317,3
200,339,3
200,356,3
200,359,3
200,391,3
200,428,3
202,2,3
202,68,3
202,75,3
202,129,3
202,166,3
202,274,3
202,276,3
202,286,3
202,305,3
202,310,3
202,359,3
202,441,3
203,61,3
203,129,3
203,280,3
203,321,3
203,428,3
206,344,3
207,29,3
207,71,3
207,89,3
207,154,3
207,194,3
207,280,3
207,281,3
207,283,3
207,317,3
207,326,3
207,363,3
207,415,3
207,426,3
207,439,3
207,445,3
209,61,3
209,101,3
209,122,3
209,123,3
209,129,3
209,241,3
209,280,3
209,289,3
209,310,3
209,317,3
209,321,3
209,348,3
209,372,3
209,379,3
209,413,3
209,428,3
210,61,3
210,111,3
210,119,3
210,255,3
212,129,3
212,183,3
212,428,3
213,51,3
213,310,3
214,2,3
214,13,3
214,30,3
214,36,3
214,51,3
214,60,3
214,61,3
214,68,3
214,71,3
214,74,3
214,75,3
214,89,3
214,101,3
214,110,3
214,115,3
214,122,3
214,123,3
214,129,3
214,136,3
214,154,3
214,166,3
214,167,3
214,177,3
214,186,3
214,195,3
214,203,3
214,215,3
214,228,3
214,241,3
214,255,3
214,262,3
214,276,3
214,280,3
214,293,3
214,310,3
214,316,3
214,317,3
214,344,3
214,345,3
214,359,3
214,360,3
214,364,3
214,391,3
214,413,3
214,417,3
214,428,3
214,430,3
214,435,3
214,436,3
214,444,3
215,310,3
216,2,3
216,36,3
216,49,3
216,60,3
216,61,3
216,82,3
216,101,3
216,115,3
216,122,3
216,129,3
216,143,3
216,196,3
216,209,3
216,241,3
216,251,3
216,280,3
216,310,3
216,317,3
216,413,3
216,429,3
217,36,3
217,61,3
217,68,3
217,71,3
217,111,3
217,122,3
217,123,3
217,129,3
217,138,3
217,151,3
217,164,3
217,173,3
217,220,3
217,221,3
217,228,3
217,241,3
217,247,3
217,274,3
217,280,3
217,290,3
217,310,3
217,316,3
217,317,3
217,334,3
217,353,3
217,363,3
217,391,3
217,408,3
217,420,3
217,444,3
218,36,3
218,61,3
218,68,3
218,122,3
218,129,3
218,177,3
218,209,3
218,241,3
218,280,3
218,282,3
218,310,3
218,317,3
218,410,3
218,428,3
219,306,3
220,241,3
220,280,3
221,18,3
221,49,3
221,51,3
221,60,3
221,61,3
221,68,3
221,71,3
221,72,3
221,87,3
221,89,3
221,98,3
221,101,3
221,116,3
221,122,3
221,129,3
221,142,3
221,185,3
221,186,3
221,209,3
221,241,3
221,247,3
221,273,3
221,310,3
221,317,3
221,325,3
221,379,3
221,382,3
221,391,3
221,428,3
222,85,3
222,122,3
222,241,3
222,280,3
222,310,3
222,317,3
222,359,3
222,428,3
223,122,3
223,129,3
224,12,3
224,167,3
224,170,3
224,241,3
224,317,3
225,101,3
225,122,3
225,127,3
225,129,3
225,154,3
225,234,3
225,276,3
225,310,3
225,364,3
225,391,3
225,413,3
226,51,3
226,67,3
226,68,3
226,71,3
226,97,3
226,122,3
226,129,3
226,204,3
226,228,3
226,229,3
226,241,3
226,243,3
226,254,3
226,280,3
226,282,3
226,307,3
226,310,3
226,321,3
226,357,3
226,413,3
226,419,3
227,9,3
227,68,3
227,101,3
227,122,3
227,129,3
227,143,3
227,168,3
227,241,3
227,274,3
227,280,3
227,310,3
227,317,3
227,321,3
227,359,3
227,369,3
227,391,3
227,410,3
227,413,3
227,417,3
227,420,3
228,167,3
229,129,3
229,280,3
229,306,3
229,317,3
229,379,3
230,123,3
230,247,3
230,321,3
230,359,3
230,410,3
231,310,3
231,344,3
233,29,3
233,68,3
233,101,3
233,129,3
233,143,3
233,195,3
233,228,3
233,241,3
233,310,3
233,359,3
233,370,3
233,379,3
235,355,3
237,61,3
237,68,3
237,71,3
237,122,3
237,129,3
237,177,3
237,280,3
237,310,3
237,360,3
237,413,3
237,420,3
237,428,3
237,444,3
238,310,3
239,2,3
239,36,3
239,54,3
239,65,3
239,68,3
239,87,3
239,88,3
239,129,3
239,196,3
239,251,3
239,276,3
239,317,3
239,370,3
239,429,3
240,12,3
240,19,3
240,30,3
240,33,3
240,36,3
240,49,3
240,51,3
240,60,3
240,61,3
240,65,3
240,67,3
240,68,3
240,71,3
240,85,3
240,89,3
240,98,3
240,101,3
240,111,3
240,116,3
240,119,3
240,122,3
240,123,3
240,129,3
240,136,3
240,138,3
240,139,3
240,142,3
240,143,3
240,154,3
240,167,3
240,168,3
240,175,3
240,177,3
240,195,3
240,199,3
240,225,3
240,227,3
240,238,3
240,241,3
240,246,3
240,247,3
240,255,3
240,280,3
240,284,3
240,303,3
240,305,3
240,307,3
240,310,3
240,317,3
240,331,3
240,340,3
240,344,3
240,357,3
240,359,3
240,360,3
240,364,3
240,372,3
240,373,3
240,379,3
240,382,3
240,389,3
240,391,3
240,399,3
240,410,3
240,411,3
240,413,3
240,417,3
240,428,3
240,429,3
240,431,3
240,432,3
240,444,3
241,61,3
241,71,3
241,89,3
241,111,3
241,122,3
241,154,3
241,241,3
241,280,3
241,364,3
241,370,3
242,68,3
242,101,3
242,166,3
242,379,3
242,393,3
242,442,3
243,36,3
243,51,3
243,68,3
243,77,3
243,101,3
243,122,3
243,129,3
243,142,3
243,186,3
243,198,3
243,209,3
243,215,3
243,221,3
243,228,3
243,241,3
243,246,3
243,247,3
243,276,3
243,310,3
243,317,3
243,321,3
243,348,3
243,359,3
243,360,3
243,379,3
243,410,3
243,428,3
243,436,3
243,445,3
244,198,3
244,280,3
245,116,3
245,209,3
245,241,3
246,36,3
246,101,3
246,129,3
246,262,3
246,264,3
246,325,3
246,355,3
246,364,3
246,413,3
247,12,3
247,19,3
247,36,3
247,39,3
247,61,3
247,68,3
247,71,3
247,101,3
247,119,3
247,123,3
247,129,3
247,136,3
247,154,3
247,167,3
247,199,3
247,241,3
247,253,3
247,280,3
247,288,3
247,310,3
247,311,3
247,317,3
247,321,3
247,325,3
247,373,3
247,379,3
247,382,3
247,428,3
247,434,3
247,435,3
247,436,3
248,16,3
248,68,3
248,71,3
248,101,3
248,127,3
248,129,3
248,160,3
248,195,3
248,204,3
248,241,3
248,280,3
248,307,3
248,310,3
248,317,3
248,359,3
248,379,3
248,382,3
248,410,3
248,428,3
249,410,3
249,413,3
250,2,3
250,101,3
250,186,3
250,310,3
250,364,3
250,441,3
252,360,3
253,310,3
256,12,3
256,30,3
256,61,3
256,74,3
256,89,3
256,101,3
256,122,3
256,129,3
256,160,3
256,204,3
256,228,3
256,241,3
256,247,3
256,280,3
256,284,3
256,310,3
256,357,3
256,368,3
256,410,3
256,413,3
256,436,3
257,241,3
257,410,3
258,122,3
258,129,3
258,310,3
258,317,3
258,444,3
259,40,3
260,306,3
261,243,3
262,9,3
262,54,3
262,101,3
262,111,3
262,122,3
262,123,3
262,129,3
262,168,3
262,241,3
262,280,3
262,295,3
262,353,3
262,428,3
263,112,3
264,122,3
265,68,3
265,101,3
265,166,3
266,241,3
266,436,3
269,68,3
270,2,3
270,61,3
270,68,3
270,74,3
270,122,3
270,129,3
270,166,3
270,186,3
270,255,3
270,276,3
270,310,3
270,359,3
270,379,3
270,441,3
271,165,3
271,307,3
272,51,3
272,71,3
272,101,3
272,122,3
272,129,3
272,134,3
272,295,3
272,305,3
272,310,3
272,317,3
272,428,3
273,23,3
273,51,3
273,122,3
273,177,3
273,228,3
273,350,3
273,428,3
273,436,3
275,2,3
275,13,3
275,30,3
275,36,3
275,47,3
275,60,3
275,61,3
275,68,3
275,69,3
275,81,3
275,101,3
275,111,3
275,122,3
275,123,3
275,129,3
275,138,3
275,142,3
275,162,3
275,177,3
275,179,3
275,180,3
275,190,3
275,198,3
275,209,3
275,228,3
275,238,3
275,241,3
275,246,3
275,255,3
275,280,3
275,282,3
275,305,3
275,310,3
275,317,3
275,321,3
275,359,3
275,364,3
275,410,3
275,413,3
275,428,3
275,435,3
276,195,3
276,428,3
277,379,3
278,68,3
278,191,3
279,30,3
279,74,3
279,129,3
279,154,3
279,167,3
279,177,3
279,228,3
279,241,3
279,247,3
279,280,3
279,294,3
279,310,3
279,317,3
279,344,3
279,350,3
279,364,3
279,399,3
279,410,3
280,2,3
280,8,3
280,30,3
280,39,3
280,48,3
280,68,3
280,71,3
280,122,3
280,129,3
280,143,3
280,154,3
280,204,3
280,209,3
280,241,3
280,243,3
280,255,3
280,280,3
280,310,3
280,317,3
280,335,3
280,353,3
280,359,3
280,379,3
280,428,3
280,429,3
280,431,3
281,61,3
281,68,3
281,122,3
281,151,3
281,154,3
281,280,3
281,310,3
281,360,3
281,370,3
281,379,3
282,30,3
282,68,3
282,98,3
282,101,3
282,129,3
282,241,3
282,305,3
282,359,3
282,379,3
282,391,3
282,413,3
283,12,3
283,61,3
283,71,3
283,111,3
283,123,3
283,210,3
283,234,3
283,302,3
283,310,3
283,360,3
283,413,3
283,427,3
284,68,3
284,241,3
284,379,3
285,60,3
285,436,3
286,35,3
286,46,3
286,49,3
286,60,3
286,101,3
286,122,3
286,129,3
286,164,3
286,177,3
286,188,3
286,199,3
286,209,3
286,229,3
286,254,3
286,280,3
286,282,3
286,305,3
286,317,3
286,325,3
286,348,3
286,357,3
286,359,3
286,389,3
286,399,3
286,408,3
286,410,3
286,413,3
286,428,3
286,429,3
286,435,3
286,436,3
287,51,3
287,68,3
287,123,3
287,129,3
287,249,3
287,307,3
287,310,3
287,316,3
287,370,3
288,228,3
288,365,3
288,428,3
289,30,3
289,136,3
289,195,3
289,211,3
289,310,3
289,435,3
290,413,3
291,51,3
291,61,3
291,68,3
291,280,3
291,310,3
291,413,3
292,29,3
292,34,3
292,71,3
292,129,3
292,209,3
292,255,3
292,321,3
292,359,3
293,49,3
294,61,3
294,111,3
294,123,3
294,210,3
294,234,3
294,310,3
294,413,3
295,2,3
295,39,3
295,61,3
295,67,3
295,71,3
295,101,3
295,121,3
295,122,3
295,123,3
295,129,3
295,160,3
295,192,3
295,199,3
295,228,3
295,241,3
295,255,3
295,280,3
295,310,3
295,312,3
295,317,3
295,413,3
295,423,3
295,428,3
295,436,3
295,444,3
296,13,3
296,65,3
296,68,3
296,71,3
296,87,3
296,98,3
296,101,3
296,113,3
296,122,3
296,123,3
296,129,3
296,141,3
296,142,3
296,167,3
296,177,3
296,195,3
296,220,3
296,225,3
296,247,3
296,249,3
296,250,3
296,274,3
296,280,3
296,282,3
296,289,3
296,306,3
296,310,3
296,312,3
296,317,3
296,355,3
296,410,3
296,413,3
296,417,3
296,418,3
296,419,3
296,424,3
296,428,3
296,444,3
298,241,3
298,389,3
301,49,3
301,68,3
301,98,3
301,101,3
301,255,3
301,428,3
302,61,3
302,68,3
302,71,3
302,101,3
302,129,3
302,317,3
302,428,3
303,129,3
303,242,3
303,310,3
304,129,3
304,379,3
305,127,3
305,359,3
305,391,3
305,413,3
307,32,3
307,51,3
307,61,3
307,68,3
307,89,3
307,101,3
307,110,3
307,122,3
307,129,3
307,160,3
307,168,3
307,186,3
307,276,3
307,286,3
307,310,3
307,317,3
307,333,3
307,359,3
307,364,3
307,376,3
307,413,3
307,428,3
307,429,3
307,435,3
307,441,3
308,87,3
308,101,3
308,122,3
308,123,3
308,129,3
308,154,3
308,209,3
308,241,3
308,255,3
308,280,3
308,306,3
308,359,3
308,413,3
308,428,3
308,444,3
309,71,3
309,101,3
309,129,3
309,228,3
309,253,3
309,276,3
309,359,3
309,417,3
309,439,3
309,444,3
310,91,3
310,101,3
310,129,3
310,241,3
310,280,3
310,370,3
310,410,3
312,5,3
312,71,3
312,173,3
312,251,3
312,255,3
312,280,3
312,284,3
312,315,3
312,435,3
313,32,3
313,68,3
313,71,3
313,89,3
313,101,3
313,129,3
313,154,3
313,166,3
313,225,3
313,280,3
313,282,3
313,305,3
314,61,3
314,310,3
315,311,3
316,101,3
316,129,3
316,241,3
316,310,3
317,60,3
317,129,3
318,36,3
318,49,3
318,51,3
318,89,3
318,98,3
318,122,3
318,129,3
318,138,3
318,198,3
318,228,3
318,241,3
318,251,3
318,254,3
318,274,3
318,280,3
318,284,3
318,295,3
318,307,3
318,310,3
318,321,3
318,355,3
318,359,3
318,370,3
318,372,3
318,410,3
318,413,3
318,428,3
318,435,3
319,359,3
320,2,3
320,68,3
320,122,3
320,129,3
320,166,3
320,174,3
320,310,3
320,359,3
320,413,3
321,61,3
321,67,3
321,68,3
321,101,3
321,122,3
321,129,3
321,154,3
321,199,3
321,209,3
321,228,3
321,280,3
321,310,3
321,321,3
321,413,3
322,122,3
322,391,3
322,410,3
323,1,3
323,12,3
323,73,3
323,101,3
323,129,3
323,167,3
323,175,3
323,209,3
323,305,3
323,307,3
323,316,3
323,360,3
323,382,3
323,397,3
323,445,3
324,28,3
324,51,3
324,68,3
324,71,3
324,101,3
324,124,3
324,135,3
324,160,3
324,166,3
324,199,3
324,228,3
324,255,3
324,305,3
324,310,3
324,317,3
324,333,3
324,410,3
324,444,3
324,445,3
325,61,3
325,68,3
325,87,3
325,98,3
325,123,3
325,129,3
325,241,3
325,305,3
325,310,3
325,353,3
325,359,3
325,379,3
325,382,3
325,414,3
326,68,3
326,305,3
327,71,3
327,122,3
327,144,3
327,186,3
327,241,3
327,255,3
327,280,3
327,316,3
327,317,3
327,359,3
327,428,3
327,435,3
328,310,3
329,60,3
329,68,3
329,180,3
329,225,3
329,228,3
329,232,3
329,243,3
329,244,3
329,280,3
329,281,3
329,310,3
329,364,3
329,387,3
329,410,3
329,428,3
330,5,3
330,15,3
330,54,3
330,68,3
330,101,3
330,122,3
330,129,3
330,136,3
330,160,3
330,241,3
330,290,3
330,310,3
330,317,3
330,323,3
330,359,3
330,389,3
330,410,3
330,428,3
330,435,3
331,98,3
331,122,3
332,36,3
332,51,3
332,88,3
332,101,3
332,196,3
332,199,3
332,251,3
332,276,3
332,314,3
332,317,3
332,350,3
332,413,3
332,428,3
332,429,3
334,68,3
334,98,3
334,122,3
334,123,3
334,136,3
334,146,3
334,166,3
334,241,3
334,280,3
334,281,3
334,290,3
334,310,3
334,364,3
334,413,3
334,428,3
334,436,3
335,280,3
335,310,3
335,360,3
335,413,3
337,30,3
337,71,3
337,98,3
337,101,3
337,122,3
337,127,3
337,129,3
337,135,3
337,136,3
337,138,3
337,143,3
337,154,3
337,170,3
337,173,3
337,174,3
337,186,3
337,190,3
337,194,3
337,195,3
337,198,3
337,199,3
337,209,3
337,212,3
337,221,3
337,228,3
337,241,3
337,247,3
337,253,3
337,255,3
337,274,3
337,280,3
337,310,3
337,311,3
337,317,3
337,325,3
337,333,3
337,334,3
337,359,3
337,364,3
337,383,3
337,391,3
337,422,3
337,423,3
337,428,3
338,2,3
338,20,3
338,61,3
338,111,3
338,129,3
338,241,3
338,379,3
339,169,3
339,310,3
339,331,3
340,61,3
340,122,3
340,123,3
340,129,3
340,280,3
340,350,3
340,410,3
340,435,3
341,305,3
341,317,3
342,101,3
343,2,3
343,34,3
343,127,3
343,135,3
343,241,3
343,376,3
343,379,3
343,413,3
344,36,3
344,122,3
344,129,3
344,241,3
344,310,3
344,317,3
344,364,3
344,370,3
345,2,3
345,13,3
345,101,3
345,122,3
345,129,3
345,160,3
345,199,3
345,204,3
345,280,3
345,281,3
345,282,3
345,310,3
345,340,3
345,359,3
345,391,3
345,428,3
345,436,3
345,444,3
346,12,3
346,36,3
346,122,3
346,123,3
346,129,3
346,167,3
346,199,3
346,354,3
346,363,3
347,60,3
347,87,3
347,129,3
347,164,3
347,174,3
347,410,3
348,51,3
348,410,3
350,129,3
350,216,3
351,68,3
352,186,3
352,310,3
356,87,3
356,166,3
356,199,3
356,251,3
356,310,3
356,321,3
358,410,3
358,436,3
359,61,3
359,101,3
360,397,3
362,68,3
362,410,3
362,413,3
363,68,3
363,129,3
363,241,3
363,391,3
364,101,3
364,129,3
364,212,3
364,241,3
364,310,3
365,61,3
365,68,3
365,101,3
365,122,3
365,129,3
365,143,3
365,198,3
365,228,3
365,241,3
365,280,3
365,310,3
365,360,3
365,364,3
365,383,3
365,391,3
365,410,3
365,413,3
365,428,3
366,310,3
366,333,3
367,2,3
367,60,3
367,101,3
367,115,3
367,129,3
367,280,3
367,281,3
367,306,3
367,364,3
367,436,3
368,198,3
368,405,3
369,29,3
369,88,3
369,122,3
369,146,3
369,264,3
369,321,3
370,2,3
370,18,3
370,68,3
370,71,3
370,75,3
370,129,3
370,143,3
370,166,3
370,276,3
370,310,3
370,348,3
370,354,3
370,359,3
370,364,3
370,379,3
370,413,3
370,429,3
370,441,3
370,444,3
371,12,3
371,65,3
371,67,3
371,71,3
371,101,3
371,122,3
371,129,3
371,143,3
371,159,3
371,167,3
371,280,3
371,281,3
371,302,3
371,305,3
371,310,3
371,317,3
371,351,3
371,361,3
371,413,3
371,428,3
373,2,3
373,36,3
373,54,3
373,65,3
373,68,3
373,87,3
373,88,3
373,129,3
373,196,3
373,251,3
373,276,3
373,317,3
373,370,3
373,429,3
374,68,3
374,129,3
374,143,3
374,310,3
374,413,3
375,306,3
375,316,3
376,68,3
376,101,3
376,122,3
376,135,3
376,167,3
376,228,3
376,241,3
376,310,3
376,325,3
376,399,3
377,29,3
377,60,3
377,61,3
377,68,3
377,71,3
377,101,3
377,122,3
377,123,3
377,129,3
377,153,3
377,167,3
377,211,3
377,242,3
377,280,3
377,310,3
377,317,3
377,357,3
377,369,3
377,379,3
377,410,3
377,413,3
377,415,3
377,426,3
380,2,3
380,34,3
380,84,3
380,98,3
380,101,3
380,112,3
380,115,3
380,122,3
380,129,3
380,136,3
380,154,3
380,177,3
380,191,3
380,228,3
380,247,3
380,251,3
380,255,3
380,274,3
380,276,3
380,310,3
380,317,3
380,321,3
380,391,3
380,413,3
380,428,3
380,434,3
380,435,3
382,204,3
382,306,3
383,35,3
383,61,3
383,122,3
383,129,3
383,241,3
383,310,3
383,321,3
383,415,3
383,428,3
384,122,3
385,428,3
386,101,3
386,129,3
386,177,3
386,379,3
387,310,3
388,68,3
388,71,3
388,101,3
388,129,3
388,146,3
388,154,3
388,199,3
388,228,3
388,241,3
388,282,3
388,307,3
388,310,3
388,317,3
388,321,3
388,359,3
388,364,3
388,365,3
388,382,3
388,391,3
388,406,3
388,413,3
388,444,3
389,21,3
389,45,3
389,51,3
389,68,3
389,74,3
389,89,3
389,127,3
389,129,3
389,241,3
389,255,3
389,280,3
389,317,3
389,348,3
389,357,3
389,359,3
389,370,3
389,379,3
389,389,3
389,413,3
389,444,3
390,68,3
390,241,3
390,310,3
390,391,3
390,428,3
391,209,3
391,310,3
391,353,3
391,364,3
391,413,3
392,101,3
392,122,3
392,129,3
392,280,3
393,68,3
393,71,3
393,101,3
393,121,3
393,122,3
393,129,3
393,175,3
393,280,3
393,310,3
393,333,3
393,357,3
393,360,3
393,373,3
393,385,3
393,391,3
393,406,3
393,413,3
393,428,3
394,413,3
395,49,3
395,60,3
395,111,3
395,119,3
395,121,3
395,122,3
395,241,3
395,255,3
395,280,3
395,310,3
395,317,3
395,364,3
395,391,3
395,395,3
396,129,3
397,36,3
397,68,3
397,122,3
397,129,3
397,204,3
397,229,3
397,243,3
397,254,3
397,280,3
397,310,3
397,364,3
397,436,3
398,54,3
398,68,3
398,69,3
398,71,3
398,92,3
398,93,3
398,98,3
398,101,3
398,122,3
398,129,3
398,132,3
398,166,3
398,177,3
398,195,3
398,199,3
398,209,3
398,214,3
398,224,3
398,225,3
398,247,3
398,280,3
398,282,3
398,284,3
398,310,3
398,316,3
398,317,3
398,321,3
398,359,3
398,360,3
398,364,3
398,372,3
398,379,3
398,391,3
398,399,3
398,410,3
398,413,3
398,417,3
398,445,3
399,129,3
399,190,3
399,310,3
399,435,3
400,280,3
400,310,3
400,360,3
400,413,3
401,129,3
401,276,3
401,280,3
401,316,3
402,1,3
402,12,3
402,73,3
402,101,3
402,129,3
402,167,3
402,175,3
402,305,3
402,307,3
402,316,3
402,360,3
402,382,3
402,397,3
402,445,3
403,2,3
403,30,3
403,101,3
403,122,3
403,123,3
403,129,3
403,228,3
403,241,3
403,247,3
403,280,3
403,310,3
403,317,3
403,342,3
403,357,3
403,364,3
403,365,3
403,413,3
404,61,3
404,317,3
404,379,3
405,68,3
405,123,3
405,333,3
405,410,3
405,413,3
406,2,3
406,35,3
406,46,3
406,123,3
406,129,3
406,310,3
406,333,3
406,355,3
406,399,3
406,410,3
406,435,3
407,280,3
409,129,3
409,205,3
409,280,3
410,61,3
410,129,3
410,140,3
410,310,3
410,316,3
411,310,3
412,9,3
412,60,3
412,68,3
412,71,3
412,74,3
412,101,3
412,122,3
412,129,3
412,166,3
412,207,3
412,245,3
412,280,3
412,390,3
412,410,3
412,413,3
413,29,3
413,36,3
413,45,3
413,50,3
413,51,3
413,61,3
413,68,3
413,71,3
413,89,3
413,98,3
413,101,3
413,122,3
413,129,3
413,143,3
413,151,3
413,166,3
413,177,3
413,206,3
413,228,3
413,241,3
413,276,3
413,290,3
413,307,3
413,310,3
413,317,3
413,348,3
413,359,3
413,360,3
413,364,3
413,370,3
413,410,3
413,413,3
413,426,3
413,428,3
413,430,3
413,434,3
413,445,3
414,101,3
414,245,3
415,68,3
415,310,3
416,49,3
416,54,3
416,61,3
416,129,3
416,241,3
416,276,3
416,280,3
416,310,3
416,413,3
416,432,3
417,413,3
418,129,3
418,160,3
419,142,3
419,241,3
419,357,3
420,97,3
420,280,3
420,310,3
420,397,3
420,410,3
421,101,3
421,111,3
421,122,3
421,127,3
421,129,3
421,280,3
421,310,3
421,317,3
421,354,3
421,379,3
422,280,3
423,71,3
423,122,3
423,280,3
423,410,3
423,428,3
424,23,3
424,54,3
424,61,3
424,66,3
424,68,3
424,71,3
424,89,3
424,98,3
424,101,3
424,122,3
424,129,3
424,146,3
424,166,3
424,177,3
424,197,3
424,209,3
424,224,3
424,241,3
424,246,3
424,247,3
424,280,3
424,282,3
424,310,3
424,316,3
424,317,3
424,321,3
424,348,3
424,359,3
424,405,3
424,410,3
424,417,3
424,428,3
424,436,3
424,441,3
424,444,3
425,68,3
425,188,3
426,350,3
426,383,3
427,436,3
428,29,3
428,39,3
428,61,3
428,68,3
428,101,3
428,122,3
428,129,3
428,175,3
428,192,3
428,235,3
428,241,3
428,256,3
428,280,3
428,305,3
428,310,3
428,359,3
428,360,3
428,364,3
428,369,3
428,379,3
428,391,3
428,410,3
428,413,3
428,417,3
428,424,3
428,428,3
428,431,3
429,12,3
429,65,3
429,67,3
429,71,3
429,101,3
429,122,3
429,129,3
429,159,3
429,280,3
429,305,3
429,310,3
429,317,3
429,351,3
429,361,3
429,413,3
429,428,3
430,209,3
431,68,3
431,101,3
431,119,3
431,129,3
431,177,3
431,244,3
432,101,3
432,129,3
432,144,3
432,177,3
432,255,3
432,289,3
432,310,3
432,317,3
432,379,3
432,391,3
433,61,3
433,71,3
434,61,3
434,68,3
434,122,3
434,151,3
434,154,3
434,280,3
434,310,3
434,360,3
434,370,3
434,379,3
435,61,3
435,241,3
435,255,3
436,96,3
436,98,3
436,101,3
436,122,3
436,241,3
436,310,3
436,317,3
436,410,3
436,428,3
437,428,3
438,2,3
438,54,3
438,68,3
438,122,3
438,129,3
438,135,3
438,157,3
438,164,3
438,186,3
438,190,3
438,203,3
438,210,3
438,228,3
438,241,3
438,255,3
438,264,3
438,293,3
438,303,3
438,310,3
438,348,3
438,359,3
438,410,3
438,413,3
438,428,3
438,441,3
439,68,3
439,389,3
440,129,3
441,101,3
441,166,3
441,310,3
442,36,3
442,38,3
442,40,3
442,61,3
442,118,3
442,129,3
442,160,3
442,166,3
442,167,3
442,276,3
442,280,3
442,310,3
442,317,3
442,359,3
442,372,3
442,379,3
442,413,3
442,419,3
442,428,3
443,162,3
443,276,3
443,429,3
443,441,3
444,101,3
444,310,3
446,68,3
446,122,3
446,389,3
446,444,3
447,2,3
447,29,3
447,30,3
447,54,3
447,61,3
447,101,3
447,105,3
447,119,3
447,121,3
447,122,3
447,129,3
447,135,3
447,144,3
447,167,3
447,212,3
447,228,3
447,241,3
447,248,3
447,255,3
447,268,3
447,280,3
447,305,3
447,310,3
447,312,3
447,313,3
447,343,3
447,357,3
447,364,3
447,391,3
447,399,3
447,410,3
447,411,3
447,428,3
448,129,3
448,204,3
448,280,3
450,96,3
450,98,3
450,101,3
450,119,3
450,129,3
450,244,3
450,253,3
450,274,3
450,281,3
450,310,3
450,317,3
450,359,3
450,387,3
450,410,3
451,2,3
451,29,3
451,43,3
451,61,3
451,71,3
451,98,3
451,101,3
451,115,3
451,122,3
451,129,3
451,177,3
451,225,3
451,228,3
451,239,3
451,241,3
451,280,3
451,305,3
451,306,3
451,310,3
451,317,3
451,325,3
451,334,3
451,342,3
451,348,3
451,359,3
451,364,3
451,365,3
451,373,3
451,391,3
451,413,3
451,442,3
451,444,3
452,280,3
452,285,3
453,107,3
453,129,3
453,241,3
453,255,3
453,310,3
454,68,3
455,129,3
456,111,3
456,113,3
456,129,3
456,280,3
456,357,3
456,379,3
457,71,3
457,101,3
457,129,3
457,305,3
457,390,3
457,428,3
458,101,3
458,129,3
458,152,3
458,203,3
458,274,3
458,280,3
458,306,3
458,348,3
459,49,3
459,122,3
459,123,3
459,129,3
459,199,3
459,204,3
459,241,3
459,255,3
459,310,3
459,346,3
459,357,3
459,413,3
460,410,3
461,101,3
461,353,3
462,276,3
464,12,3
464,30,3
464,49,3
464,65,3
464,68,3
464,71,3
464,101,3
464,122,3
464,129,3
464,146,3
464,164,3
464,166,3
464,167,3
464,177,3
464,241,3
464,310,3
464,317,3
464,359,3
464,379,3
464,391,3
464,428,3
464,444,3
465,68,3
465,101,3
465,122,3
465,129,3
465,212,3
465,225,3
465,228,3
465,360,3
466,122,3
466,272,3
466,310,3
469,101,3
469,119,3
469,129,3
469,228,3
469,410,3
470,51,3
470,68,3
470,101,3
470,122,3
470,129,3
470,241,3
470,247,3
470,282,3
470,290,3
470,310,3
470,317,3
470,343,3
470,359,3
470,391,3
470,401,3
470,410,3
470,413,3
472,101,3
472,310,3
473,129,3
474,2,3
474,13,3
474,54,3
474,61,3
474,71,3
474,101,3
474,122,3
474,129,3
474,136,3
474,160,3
474,195,3
474,198,3
474,238,3
474,247,3
474,280,3
474,289,3
474,310,3
474,317,3
474,353,3
474,364,3
474,369,3
474,373,3
474,397,3
474,410,3
474,428,3
475,101,3
475,306,3
476,71,3
476,98,3
476,102,3
476,306,3
477,29,3
477,37,3
477,61,3
477,98,3
477,101,3
477,102,3
477,113,3
477,153,3
477,169,3
477,228,3
477,241,3
477,242,3
477,247,3
477,253,3
477,255,3
477,274,3
477,280,3
477,310,3
477,317,3
477,363,3
477,391,3
477,399,3
477,430,3
478,428,3
479,317,3
480,129,3
481,129,3
481,186,3
481,444,3
482,61,3
482,68,3
482,83,3
482,101,3
482,122,3
482,129,3
482,162,3
482,177,3
482,196,3
482,227,3
482,241,3
482,255,3
482,280,3
482,310,3
482,316,3
482,317,3
482,325,3
482,355,3
482,417,3
482,428,3
483,122,3
483,129,3
483,241,3
483,428,3
484,129,3
484,174,3
484,241,3
484,246,3
484,310,3
484,370,3
484,428,3
485,13,3
485,370,3
485,380,3
487,2,3
487,49,3
487,61,3
487,68,3
487,73,3
487,84,3
487,98,3
487,123,3
487,129,3
487,173,3
487,255,3
487,281,3
487,310,3
487,357,3
487,428,3
487,446,3
488,68,3
488,71,3
488,122,3
488,129,3
488,243,3
488,255,3
488,280,3
488,410,3
488,428,3
488,441,3
489,61,3
489,101,3
490,186,3
490,276,3
491,204,3
491,280,3
492,68,3
492,129,3
493,68,3
493,101,3
493,122,3
493,129,3
493,310,3
493,325,3
493,364,3
494,54,3
494,101,3
494,135,3
494,154,3
494,317,3
494,379,3
494,389,3
494,391,3
495,61,3
495,129,3
495,138,3
496,68,3
497,71,3
498,281,3
498,317,3
498,355,3
498,432,3
499,30,3
499,68,3
499,122,3
499,310,3
499,435,3
500,9,3
500,12,3
500,36,3
500,61,3
500,67,3
500,68,3
500,101,3
500,111,3
500,122,3
500,123,3
500,129,3
500,155,3
500,167,3
500,174,3
500,210,3
500,280,3
500,302,3
500,310,3
500,317,3
500,360,3
500,379,3
500,389,3
500,410,3
500,413,3
500,417,3
500,427,3
500,428,3
500,435,3
501,254,3
502,39,3
502,48,3
502,61,3
502,68,3
502,71,3
502,122,3
502,129,3
502,228,3
502,241,3
502,285,3
502,310,3
502,362,3
502,368,3
502,379,3
502,399,3
502,413,3
502,444,3
504,12,3
504,35,3
504,49,3
504,54,3
504,65,3
504,67,3
504,71,3
504,98,3
504,101,3
504,119,3
504,122,3
504,129,3
504,132,3
504,139,3
504,151,3
504,177,3
504,203,3
504,221,3
504,261,3
504,280,3
504,307,3
504,310,3
504,313,3
504,317,3
504,371,3
504,379,3
504,410,3
504,422,3
505,68,3
505,101,3
505,195,3
505,299,3
505,391,3
505,428,3
505,436,3
506,9,3
506,11,3
506,74,3
506,122,3
506,123,3
506,129,3
506,167,3
506,241,3
506,253,3
506,255,3
506,276,3
506,284,3
506,289,3
506,310,3
506,326,3
506,337,3
506,360,3
506,365,3
506,391,3
506,410,3
506,417,3
507,5,3
507,68,3
507,101,3
508,30,3
508,195,3
509,2,3
509,101,3
509,136,3
509,154,3
509,255,3
509,280,3
509,289,3
509,310,3
509,344,3
509,350,3
509,359,3
509,399,3
509,409,3
509,410,3
509,417,3
509,429,3
510,310,3
510,333,3
511,30,3
511,89,3
511,101,3
511,122,3
511,129,3
511,138,3
511,144,3
511,167,3
511,221,3
511,228,3
511,239,3
511,241,3
511,243,3
511,255,3
511,280,3
511,281,3
511,282,3
511,310,3
511,353,3
511,379,3
511,391,3
511,393,3
511,417,3
511,428,3
511,444,3
512,21,3
512,129,3
512,143,3
512,228,3
512,255,3
512,385,3
512,413,3
513,54,3
513,61,3
513,71,3
513,89,3
513,111,3
513,122,3
513,154,3
513,241,3
513,280,3
513,364,3
513,370,3
514,68,3
514,101,3
514,129,3
514,228,3
514,359,3
514,391,3
514,436,3
515,9,3
515,12,3
515,30,3
515,40,3
515,74,3
515,98,3
515,122,3
515,123,3
515,129,3
515,186,3
515,217,3
515,238,3
515,244,3
515,247,3
515,310,3
515,317,3
515,348,3
515,364,3
515,428,3
515,435,3
517,101,3
517,129,3
517,255,3
517,280,3
519,129,3
519,413,3
519,420,3
520,36,3
520,74,3
520,101,3
520,129,3
520,262,3
520,264,3
520,295,3
520,325,3
520,355,3
520,413,3
522,101,3
522,241,3
522,280,3
522,317,3
522,357,3
523,1,3
523,12,3
523,36,3
523,73,3
523,101,3
523,111,3
523,123,3
523,127,3
523,129,3
523,167,3
523,175,3
523,210,3
523,302,3
523,305,3
523,307,3
523,316,3
523,360,3
523,382,3
523,397,3
523,427,3
523,435,3
523,445,3
524,50,3
524,60,3
524,61,3
524,67,3
524,68,3
524,71,3
524,98,3
524,101,3
524,122,3
524,129,3
524,135,3
524,165,3
524,166,3
524,177,3
524,203,3
524,209,3
524,228,3
524,235,3
524,241,3
524,255,3
524,280,3
524,284,3
524,310,3
524,317,3
524,357,3
524,359,3
524,379,3
524,410,3
524,417,3
524,428,3
524,434,3
525,370,3
526,64,3
526,309,3
526,317,3
528,107,3
528,129,3
528,204,3
530,15,3
530,34,3
530,35,3
530,43,3
530,49,3
530,61,3
530,68,3
530,101,3
530,113,3
530,122,3
530,129,3
530,132,3
530,228,3
530,241,3
530,261,3
530,280,3
530,310,3
530,317,3
530,335,3
530,413,3
530,420,3
530,428,3
532,54,3
532,71,3
532,101,3
532,122,3
532,129,3
532,241,3
532,310,3
532,325,3
532,348,3
532,379,3
532,410,3
532,413,3
532,428,3
533,101,3
533,129,3
533,140,3
533,146,3
533,241,3
533,368,3
534,101,3
535,43,3
535,61,3
535,68,3
535,129,3
535,162,3
535,207,3
535,241,3
535,242,3
535,255,3
535,276,3
535,280,3
535,284,3
535,306,3
535,310,3
535,364,3
535,391,3
535,428,3
535,429,3
535,431,3
536,11,3
536,60,3
536,68,3
536,71,3
536,101,3
536,122,3
536,123,3
536,137,3
536,228,3
536,238,3
536,241,3
536,280,3
536,283,3
536,294,3
536,310,3
536,311,3
536,317,3
536,359,3
536,413,3
536,418,3
536,444,3
537,12,3
537,60,3
537,71,3
537,74,3
537,89,3
537,101,3
537,121,3
537,129,3
537,160,3
537,162,3
537,167,3
537,225,3
537,228,3
537,241,3
537,264,3
537,310,3
537,317,3
537,321,3
537,364,3
537,373,3
537,379,3
537,397,3
537,399,3
537,413,3
537,416,3
537,428,3
537,436,3
537,444,3
538,54,3
538,428,3
539,1,3
539,2,3
539,9,3
539,12,3
539,19,3
539,21,3
539,23,3
539,30,3
539,34,3
539,35,3
539,36,3
539,46,3
539,48,3
539,49,3
539,51,3
539,52,3
539,54,3
539,57,3
539,61,3
539,65,3
539,66,3
539,68,3
539,71,3
539,74,3
539,77,3
539,89,3
539,98,3
539,101,3
539,103,3
539,105,3
539,113,3
539,122,3
539,123,3
539,125,3
539,129,3
539,136,3
539,137,3
539,147,3
539,151,3
539,154,3
539,160,3
539,167,3
539,168,3
539,173,3
539,186,3
539,191,3
539,192,3
539,195,3
539,199,3
539,203,3
539,208,3
539,209,3
539,211,3
539,224,3
539,225,3
539,227,3
539,228,3
539,238,3
539,241,3
539,243,3
539,247,3
539,251,3
539,255,3
539,261,3
539,274,3
539,276,3
539,280,3
539,303,3
539,305,3
539,306,3
539,307,3
539,310,3
539,317,3
539,325,3
539,335,3
539,339,3
539,341,3
539,342,3
539,343,3
539,350,3
539,353,3
539,357,3
539,358,3
539,359,3
539,360,3
539,364,3
539,370,3
539,377,3
539,379,3
539,382,3
539,389,3
539,390,3
539,394,3
539,397,3
539,399,3
539,404,3
539,410,3
539,411,3
539,413,3
539,417,3
539,423,3
539,428,3
539,430,3
539,435,3
539,444,3
540,101,3
540,102,3
540,353,3
541,71,3
542,2,3
542,12,3
542,34,3
542,45,3
542,64,3
542,67,3
542,68,3
542,76,3
542,83,3
542,101,3
542,123,3
542,129,3
542,153,3
542,159,3
542,167,3
542,182,3
542,188,3
542,204,3
542,228,3
542,241,3
542,243,3
542,247,3
542,250,3
542,270,3
542,274,3
542,276,3
542,281,3
542,305,3
542,310,3
542,316,3
542,317,3
542,325,3
542,357,3
542,359,3
542,360,3
542,361,3
542,364,3
542,382,3
542,410,3
542,420,3
542,428,3
543,9,3
543,22,3
543,67,3
543,68,3
543,101,3
543,127,3
543,129,3
543,136,3
543,164,3
543,228,3
543,241,3
543,280,3
543,305,3
543,312,3
543,357,3
543,410,3
543,428,3
544,68,3
544,135,3
544,228,3
544,310,3
545,68,3
545,129,3
545,364,3
545,370,3
545,396,3
545,413,3
546,373,3
546,428,3
547,122,3
547,413,3
548,68,3
548,200,3
549,34,3
549,61,3
549,75,3
549,101,3
549,129,3
549,225,3
549,228,3
549,241,3
549,249,3
549,255,3
549,264,3
549,310,3
549,348,3
549,355,3
549,410,3
549,428,3
549,436,3
550,192,3
550,350,3
551,389,3
552,98,3
552,310,3
553,101,3
553,129,3
553,413,3
553,446,3
554,122,3
554,129,3
554,241,3
554,280,3
555,74,3
555,306,3
555,334,3
556,122,3
557,30,3
559,5,3
559,60,3
559,101,3
559,255,3
559,264,3
561,60,3
561,68,3
561,71,3
561,101,3
561,122,3
561,129,3
561,136,3
561,199,3
561,228,3
561,356,3
561,364,3
561,399,3
561,410,3
561,417,3
561,428,3
562,30,3
562,61,3
562,68,3
562,130,3
562,164,3
562,167,3
562,247,3
562,310,3
562,357,3
562,399,3
562,413,3
562,444,3
563,51,3
563,68,3
563,123,3
563,129,3
563,249,3
563,307,3
563,310,3
563,316,3
563,370,3
564,19,3
564,30,3
564,33,3
564,34,3
564,60,3
564,68,3
564,87,3
564,88,3
564,98,3
564,101,3
564,115,3
564,122,3
564,123,3
564,154,3
564,165,3
564,177,3
564,196,3
564,241,3
564,247,3
564,251,3
564,257,3
564,310,3
564,317,3
564,389,3
564,413,3
564,428,3
564,435,3
565,34,3
565,36,3
565,43,3
565,51,3
565,54,3
565,56,3
565,60,3
565,61,3
565,67,3
565,68,3
565,69,3
565,71,3
565,74,3
565,84,3
565,89,3
565,98,3
565,101,3
565,113,3
565,115,3
565,122,3
565,123,3
565,129,3
565,144,3
565,154,3
565,165,3
565,166,3
565,177,3
565,186,3
565,192,3
565,195,3
565,222,3
565,228,3
565,241,3
565,255,3
565,261,3
565,274,3
565,276,3
565,280,3
565,281,3
565,310,3
565,317,3
565,325,3
565,339,3
565,348,3
565,350,3
565,353,3
565,357,3
565,359,3
565,360,3
565,364,3
565,369,3
565,370,3
565,373,3
565,383,3
565,391,3
565,410,3
565,413,3
565,417,3
565,428,3
565,435,3
565,444,3
566,13,3
566,122,3
566,310,3
566,364,3
566,391,3
566,436,3
566,444,3
567,49,3
567,101,3
567,122,3
567,127,3
567,129,3
567,204,3
567,228,3
567,280,3
567,310,3
567,359,3
567,360,3
567,430,3
568,1,3
568,5,3
568,12,3
568,36,3
568,49,3
568,51,3
568,54,3
568,61,3
568,68,3
568,71,3
568,73,3
568,78,3
568,89,3
568,98,3
568,101,3
568,103,3
568,111,3
568,122,3
568,123,3
568,127,3
568,129,3
568,167,3
568,175,3
568,196,3
568,202,3
568,203,3
568,210,3
568,221,3
568,247,3
568,251,3
568,255,3
568,302,3
568,305,3
568,307,3
568,310,3
568,316,3
568,317,3
568,357,3
568,360,3
568,364,3
568,373,3
568,382,3
568,397,3
568,399,3
568,410,3
568,413,3
568,427,3
568,428,3
568,435,3
568,445,3
570,2,3
570,35,3
570,49,3
570,54,3
570,61,3
570,67,3
570,68,3
570,74,3
570,101,3
570,122,3
570,147,3
570,165,3
570,228,3
570,234,3
570,241,3
570,261,3
570,280,3
570,281,3
570,307,3
570,310,3
570,317,3
570,330,3
570,359,3
570,410,3
570,413,3
570,419,3
570,428,3
571,2,3
571,68,3
571,101,3
571,129,3
571,166,3
571,174,3
571,221,3
571,310,3
571,317,3
571,359,3
571,376,3
572,68,3
572,129,3
572,364,3
572,370,3
572,396,3
572,413,3
573,61,3
574,9,3
574,32,3
574,49,3
574,68,3
574,81,3
574,122,3
574,129,3
574,177,3
574,241,3
574,280,3
574,310,3
574,321,3
574,333,3
574,348,3
574,410,3
574,413,3
575,310,3
575,428,3
576,60,3
576,101,3
578,43,3
578,129,3
578,164,3
578,255,3
578,280,3
578,391,3
578,413,3
580,2,3
580,5,3
580,8,3
580,34,3
580,61,3
580,68,3
580,79,3
580,98,3
580,122,3
580,129,3
580,136,3
580,142,3
580,143,3
580,145,3
580,199,3
580,228,3
580,241,3
580,246,3
580,247,3
580,255,3
580,257,3
580,280,3
580,294,3
580,310,3
580,340,3
580,353,3
580,357,3
580,359,3
580,379,3
580,391,3
580,399,3
580,410,3
580,413,3
580,417,3
580,428,3
580,434,3
581,12,3
581,68,3
581,122,3
581,129,3
581,199,3
581,280,3
582,241,3
582,321,3
583,36,3
584,43,3
584,101,3
584,122,3
584,129,3
584,241,3
584,317,3
584,364,3
584,389,3
585,61,3
585,74,3
585,101,3
585,122,3
585,129,3
585,224,3
585,241,3
585,255,3
585,310,3
585,317,3
585,325,3
585,329,3
585,350,3
585,410,3
585,428,3
586,36,3
586,61,3
586,68,3
586,71,3
586,122,3
586,129,3
586,192,3
586,241,3
586,245,3
586,255,3
586,280,3
586,310,3
586,317,3
586,360,3
586,369,3
586,397,3
586,410,3
586,411,3
586,444,3
587,280,3
587,359,3
587,428,3
588,13,3
588,65,3
588,101,3
588,204,3
588,228,3
588,241,3
588,255,3
588,321,3
588,345,3
588,357,3
588,359,3
588,368,3
588,428,3
588,436,3
589,12,3
589,68,3
589,71,3
589,101,3
589,123,3
589,129,3
589,143,3
589,164,3
589,198,3
589,310,3
589,312,3
589,317,3
589,359,3
589,360,3
590,2,3
590,11,3
590,13,3
590,18,3
590,43,3
590,49,3
590,61,3
590,67,3
590,68,3
590,71,3
590,73,3
590,98,3
590,101,3
590,110,3
590,119,3
590,122,3
590,127,3
590,129,3
590,138,3
590,228,3
590,255,3
590,264,3
590,268,3
590,274,3
590,280,3
590,306,3
590,307,3
590,310,3
590,316,3
590,317,3
590,348,3
590,357,3
590,359,3
590,364,3
590,397,3
590,410,3
590,419,3
590,435,3
590,436,3
590,439,3
591,68,3
591,101,3
591,129,3
591,167,3
591,179,3
591,410,3
591,413,3
594,123,3
594,167,3
595,2,3
595,68,3
595,101,3
595,129,3
595,166,3
595,174,3
595,221,3
595,310,3
595,359,3
595,376,3
596,2,3
596,21,3
596,28,3
596,49,3
596,61,3
596,67,3
596,68,3
596,83,3
596,98,3
596,101,3
596,111,3
596,119,3
596,122,3
596,123,3
596,129,3
596,146,3
596,167,3
596,191,3
596,199,3
596,204,3
596,209,3
596,228,3
596,238,3
596,241,3
596,274,3
596,280,3
596,281,3
596,282,3
596,306,3
596,310,3
596,317,3
596,330,3
596,348,3
596,357,3
596,359,3
596,373,3
596,376,3
596,379,3
596,402,3
596,410,3
596,413,3
596,418,3
596,428,3
596,435,3
596,444,3
596,445,3
597,129,3
597,379,3
598,241,3
598,410,3
599,2,3
599,68,3
599,71,3
599,122,3
599,129,3
599,166,3
599,276,3
599,310,3
599,359,3
599,389,3
599,413,3
599,441,3
600,280,3
600,310,3
600,428,3
601,43,3
601,47,3
601,61,3
601,97,3
601,101,3
601,122,3
601,129,3
601,136,3
601,209,3
601,224,3
601,228,3
601,241,3
601,310,3
601,317,3
601,321,3
601,359,3
601,364,3
601,413,3
601,428,3
601,444,3
602,51,3
602,291,3
602,310,3
602,389,3
602,417,3
604,5,3
604,102,3
605,123,3
605,243,3
607,2,3
607,33,3
607,49,3
607,61,3
607,68,3
607,89,3
607,101,3
607,119,3
607,128,3
607,129,3
607,136,3
607,154,3
607,160,3
607,166,3
607,167,3
607,191,3
607,196,3
607,202,3
607,209,3
607,228,3
607,241,3
607,262,3
607,276,3
607,280,3
607,281,3
607,310,3
607,317,3
607,359,3
607,373,3
607,389,3
607,391,3
607,410,3
607,413,3
607,417,3
607,444,3
608,36,3
608,61,3
608,68,3
608,101,3
608,122,3
608,129,3
608,143,3
608,158,3
608,241,3
608,280,3
608,310,3
608,359,3
609,129,3
609,241,3
609,435,3
610,5,3
610,34,3
610,51,3
610,54,3
610,68,3
610,87,3
610,101,3
610,111,3
610,122,3
610,123,3
610,127,3
610,129,3
610,143,3
610,148,3
610,191,3
610,200,3
610,228,3
610,241,3
610,260,3
610,310,3
610,316,3
610,317,3
610,348,3
610,364,3
610,365,3
610,372,3
610,373,3
610,382,3
610,389,3
610,399,3
610,413,3
610,424,3
610,428,3
610,435,3
610,436,3
611,37,3
611,49,3
611,111,3
611,164,3
611,280,3
611,307,3
611,316,3
611,412,3
611,435,3
611,436,3
613,29,3
613,101,3
613,122,3
613,241,3
613,274,3
613,306,3
613,310,3
613,321,3
613,353,3
613,373,3
613,413,3
613,415,3
614,2,3
614,12,3
614,29,3
614,30,3
614,43,3
614,51,3
614,53,3
614,54,3
614,68,3
614,71,3
614,73,3
614,89,3
614,98,3
614,101,3
614,122,3
614,123,3
614,127,3
614,129,3
614,142,3
614,146,3
614,160,3
614,167,3
614,173,3
614,186,3
614,194,3
614,196,3
614,197,3
614,210,3
614,228,3
614,238,3
614,241,3
614,246,3
614,251,3
614,255,3
614,271,3
614,289,3
614,293,3
614,305,3
614,306,3
614,310,3
614,316,3
614,317,3
614,318,3
614,357,3
614,359,3
614,372,3
614,373,3
614,382,3
614,390,3
614,396,3
614,410,3
614,423,3
614,428,3
614,429,3
615,11,3
615,13,3
615,18,3
615,19,3
615,39,3
615,45,3
615,68,3
615,101,3
615,119,3
615,122,3
615,129,3
615,143,3
615,154,3
615,220,3
615,241,3
615,280,3
615,281,3
615,284,3
615,310,3
615,317,3
615,328,3
615,334,3
615,359,3
615,364,3
615,368,3
615,373,3
615,390,3
615,413,3
615,414,3
615,417,3
615,422,3
615,423,3
615,428,3
616,36,3
616,38,3
616,40,3
616,61,3
616,118,3
616,119,3
616,123,3
616,129,3
616,160,3
616,166,3
616,167,3
616,276,3
616,310,3
616,317,3
616,359,3
616,372,3
616,379,3
616,413,3
616,419,3
616,428,3
617,138,3
617,173,3
618,32,3
618,44,3
618,51,3
618,71,3
618,93,3
618,101,3
618,122,3
618,129,3
618,136,3
618,177,3
618,204,3
618,209,3
618,225,3
618,241,3
618,280,3
618,310,3
618,317,3
618,357,3
618,391,3
618,392,3
618,410,3
618,413,3
618,415,3
618,436,3
619,101,3
621,122,3
622,125,3
622,280,3
622,291,3
623,183,3
624,122,3
624,241,3
625,101,3
625,241,3
625,294,3
625,389,3
625,410,3
627,61,3
627,68,3
627,122,3
627,151,3
627,154,3
627,310,3
627,360,3
627,379,3
628,34,3
629,129,3
629,247,3
629,264,3
631,113,3
631,353,3
632,122,3
632,310,3
632,391,3
633,9,3
633,60,3
633,65,3
633,71,3
633,122,3
633,228,3
633,276,3
633,359,3
633,365,3
633,417,3
634,122,3
634,241,3
634,417,3
635,45,3
635,101,3
635,241,3
635,251,3
635,310,3
635,355,3
637,2,3
637,5,3
637,34,3
637,54,3
637,60,3
637,61,3
637,71,3
637,101,3
637,122,3
637,129,3
637,194,3
637,195,3
637,198,3
637,228,3
637,241,3
637,245,3
637,274,3
637,280,3
637,298,3
637,305,3
637,307,3
637,310,3
637,317,3
637,325,3
637,359,3
637,364,3
637,410,3
637,413,3
637,444,3
638,13,3
638,49,3
638,122,3
638,129,3
639,36,3
639,61,3
639,68,3
639,101,3
639,122,3
639,129,3
639,143,3
639,158,3
639,241,3
639,280,3
639,310,3
639,359,3
640,54,3
640,129,3
640,232,3
640,241,3
640,428,3
640,435,3
641,2,3
641,32,3
641,51,3
641,60,3
641,68,3
641,75,3
641,129,3
641,154,3
641,204,3
641,225,3
641,305,3
641,310,3
641,339,3
641,342,3
641,360,3
641,368,3
641,428,3
642,317,3
642,428,3
643,61,3
643,122,3
643,129,3
643,143,3
643,280,3
643,306,3
643,382,3
643,399,3
643,410,3
643,413,3
643,435,3
646,36,3
646,68,3
646,310,3
646,317,3
646,359,3
646,369,3
647,310,3
648,101,3
648,364,3
648,391,3
648,428,3
649,12,3
649,25,3
649,49,3
649,61,3
649,67,3
649,122,3
649,129,3
649,153,3
649,280,3
649,282,3
649,310,3
649,317,3
649,351,3
649,353,3
649,359,3
649,379,3
649,389,3
649,405,3
649,431,3
650,2,3
650,61,3
650,67,3
650,68,3
650,71,3
650,87,3
650,101,3
650,122,3
650,123,3
650,127,3
650,129,3
650,142,3
650,164,3
650,185,3
650,189,3
650,238,3
650,241,3
650,247,3
650,253,3
650,255,3
650,274,3
650,280,3
650,284,3
650,296,3
650,304,3
650,307,3
650,309,3
650,310,3
650,311,3
650,313,3
650,317,3
650,353,3
650,359,3
650,379,3
650,382,3
650,390,3
650,410,3
650,414,3
650,428,3
651,342,3
652,2,3
652,61,3
652,71,3
652,368,3
652,413,3
653,2,3
653,32,3
653,44,3
653,60,3
653,61,3
653,91,3
653,98,3
653,101,3
653,116,3
653,121,3
653,122,3
653,123,3
653,129,3
653,138,3
653,141,3
653,154,3
653,167,3
653,173,3
653,191,3
653,195,3
653,209,3
653,221,3
653,241,3
653,255,3
653,310,3
653,317,3
653,348,3
653,357,3
653,428,3
653,435,3
654,317,3
654,359,3
654,413,3
654,428,3
655,71,3
655,123,3
655,129,3
655,310,3
656,60,3
656,129,3
656,243,3
656,428,3
658,359,3
659,129,3
659,280,3
660,410,3
661,122,3
661,123,3
661,228,3
663,2,3
663,67,3
663,68,3
663,71,3
663,122,3
663,129,3
663,135,3
663,166,3
663,241,3
663,242,3
663,274,3
663,276,3
663,310,3
663,317,3
663,350,3
663,359,3
663,395,3
663,441,3
664,65,3
664,67,3
664,98,3
664,115,3
664,209,3
664,280,3
664,310,3
664,428,3
667,71,3
667,122,3
667,129,3
667,241,3
667,348,3
667,413,3
667,436,3
668,2,3
668,10,3
668,61,3
668,68,3
668,98,3
668,101,3
668,129,3
668,132,3
668,166,3
668,241,3
668,255,3
668,276,3
668,310,3
668,317,3
668,359,3
668,441,3
669,68,3
669,101,3
669,122,3
669,129,3
669,310,3
669,325,3
669,364,3
670,1,3
670,12,3
670,13,3
670,36,3
670,54,3
670,61,3
670,62,3
670,67,3
670,71,3
670,73,3
670,83,3
670,101,3
670,111,3
670,119,3
670,122,3
670,123,3
670,129,3
670,167,3
670,173,3
670,175,3
670,210,3
670,228,3
670,231,3
670,241,3
670,244,3
670,247,3
670,255,3
670,260,3
670,280,3
670,281,3
670,287,3
670,302,3
670,305,3
670,307,3
670,310,3
670,316,3
670,317,3
670,325,3
670,360,3
670,382,3
670,396,3
670,397,3
670,413,3
670,417,3
670,427,3
670,428,3
670,430,3
670,445,3
672,60,3
672,122,3
672,228,3
672,243,3
672,280,3
672,323,3
672,360,3
673,2,3
673,12,3
673,14,3
673,54,3
673,60,3
673,61,3
673,65,3
673,68,3
673,71,3
673,84,3
673,101,3
673,122,3
673,127,3
673,129,3
673,135,3
673,137,3
673,142,3
673,143,3
673,154,3
673,168,3
673,175,3
673,181,3
673,186,3
673,196,3
673,198,3
673,199,3
673,219,3
673,221,3
673,227,3
673,241,3
673,255,3
673,272,3
673,280,3
673,303,3
673,305,3
673,307,3
673,310,3
673,317,3
673,321,3
673,339,3
673,351,3
673,359,3
673,360,3
673,364,3
673,389,3
673,391,3
673,410,3
673,418,3
673,428,3
673,436,3
673,444,3
674,289,3
674,316,3
675,194,3
676,129,3
677,60,3
677,125,3
677,228,3
677,359,3
677,413,3
678,68,3
678,101,3
678,166,3
679,4,3
679,122,3
679,228,3
679,350,3
679,360,3
679,410,3
680,18,3
680,34,3
680,101,3
680,115,3
680,122,3
680,123,3
680,127,3
680,129,3
680,190,3
680,227,3
680,228,3
680,238,3
680,247,3
680,280,3
680,281,3
680,316,3
680,335,3
680,341,3
680,357,3
680,379,3
680,389,3
680,428,3
681,101,3
681,123,3
681,129,3
681,195,3
681,280,3
681,317,3
681,389,3
682,2,3
682,13,3
682,60,3
682,68,3
682,129,3
682,148,3
682,227,3
682,228,3
682,255,3
682,280,3
682,306,3
682,317,3
682,413,3
682,444,3
683,73,3
686,23,3
686,36,3
686,61,3
686,101,3
686,255,3
686,276,3
686,280,3
686,310,3
686,428,3
686,444,3
687,204,3
687,375,3
688,101,3
689,135,3
689,316,3
691,61,3
691,68,3
691,98,3
691,122,3
691,129,3
691,142,3
691,154,3
691,171,3
691,241,3
691,255,3
691,276,3
691,310,3
691,325,3
691,360,3
691,370,3
691,391,3
691,411,3
691,420,3
691,428,3
691,434,3
691,444,3
693,241,3
693,391,3
694,129,3
694,247,3
695,19,3
695,61,3
695,68,3
695,87,3
695,101,3
695,122,3
695,127,3
695,129,3
695,136,3
695,151,3
695,154,3
695,186,3
695,225,3
695,253,3
695,280,3
695,281,3
695,310,3
695,317,3
695,357,3
695,360,3
695,410,3
695,413,3
695,424,3
695,444,3
696,129,3
697,122,3
697,146,3
697,162,3
697,211,3
697,247,3
697,274,3
697,280,3
697,353,3
697,415,3
697,428,3
698,153,3
698,310,3
699,2,3
699,30,3
699,49,3
699,65,3
699,71,3
699,87,3
699,98,3
699,101,3
699,104,3
699,122,3
699,129,3
699,179,3
699,180,3
699,228,3
699,240,3
699,255,3
699,301,3
699,310,3
699,317,3
699,364,3
699,379,3
699,389,3
699,410,3
699,413,3
699,417,3
699,428,3
699,429,3
699,431,3
700,61,3
700,317,3
700,379,3
701,2,3
701,12,3
701,14,3
701,61,3
701,66,3
701,68,3
701,71,3
701,98,3
701,101,3
701,122,3
701,127,3
701,129,3
701,135,3
701,142,3
701,168,3
701,175,3
701,177,3
701,192,3
701,198,3
701,209,3
701,219,3
701,221,3
701,228,3
701,241,3
701,255,3
701,280,3
701,284,3
701,305,3
701,310,3
701,317,3
701,359,3
701,379,3
701,389,3
701,391,3
701,397,3
701,413,3
701,444,3
702,34,3
702,61,3
702,71,3
702,122,3
702,129,3
702,241,3
702,253,3
702,255,3
702,280,3
702,305,3
702,307,3
702,310,3
702,317,3
702,410,3
702,413,3
702,428,3
703,360,3
704,44,3
705,12,3
705,30,3
705,61,3
705,68,3
705,83,3
705,89,3
705,98,3
705,101,3
705,113,3
705,119,3
705,122,3
705,123,3
705,128,3
705,129,3
705,146,3
705,164,3
705,167,3
705,170,3
705,203,3
705,204,3
705,241,3
705,243,3
705,255,3
705,280,3
705,305,3
705,307,3
705,310,3
705,317,3
705,319,3
705,350,3
705,357,3
705,359,3
705,376,3
705,391,3
705,410,3
705,413,3
706,36,3
706,111,3
708,9,3
708,54,3
708,143,3
708,241,3
708,306,3
708,310,3
708,317,3
708,328,3
708,364,3
708,413,3
708,420,3
709,129,3
709,310,3
710,2,3
710,3,3
710,46,3
710,49,3
710,68,3
710,71,3
710,84,3
710,121,3
710,122,3
710,123,3
710,129,3
710,167,3
710,204,3
710,211,3
710,228,3
710,241,3
710,280,3
710,305,3
710,310,3
710,321,3
710,359,3
710,365,3
710,391,3
710,410,3
710,428,3
710,441,3
711,61,3
711,68,3
711,122,3
711,129,3
712,428,3
713,186,3
713,284,3
713,310,3
713,429,3
1,22,4
2,262,4
3,3,4
3,10,4
3,22,4
3,30,4
3,32,4
3,34,4
3,36,4
3,41,4
3,49,4
3,51,4
3,54,4
3,57,4
3,61,4
3,68,4
3,74,4
3,76,4
3,84,4
3,98,4
3,101,4
3,113,4
3,115,4
3,122,4
3,127,4
3,129,4
3,160,4
3,162,4
3,166,4
3,171,4
3,182,4
3,197,4
3,199,4
3,204,4
3,206,4
3,221,4
3,228,4
3,241,4
3,242,4
3,246,4
3,253,4
3,255,4
3,266,4
3,267,4
3,270,4
3,274,4
3,276,4
3,291,4
3,292,4
3,296,4
3,305,4
3,306,4
3,309,4
3,310,4
3,311,4
3,317,4
3,333,4
3,348,4
3,350,4
3,353,4
3,359,4
3,364,4
3,370,4
3,373,4
3,379,4
3,382,4
3,389,4
3,394,4
3,407,4
3,410,4
3,412,4
3,413,4
3,423,4
3,429,4
4,68,4
4,101,4
8,2,4
8,12,4
8,61,4
8,96,4
8,101,4
8,127,4
8,190,4
8,241,4
8,274,4
8,310,4
8,353,4
8,373,4
10,101,4
11,370,4
13,51,4
13,68,4
13,75,4
13,204,4
13,280,4
13,310,4
13,394,4
17,137,4
17,274,4
17,310,4
21,48,4
26,98,4
26,129,4
28,274,4
28,310,4
28,428,4
29,19,4
29,101,4
29,310,4
29,359,4
29,413,4
33,373,4
35,129,4
38,12,4
38,35,4
38,40,4
38,68,4
38,73,4
38,111,4
38,122,4
38,127,4
38,129,4
38,154,4
38,167,4
38,174,4
38,197,4
38,241,4
38,267,4
38,310,4
38,316,4
38,353,4
38,359,4
38,399,4
38,413,4
38,428,4
40,12,4
40,241,4
41,54,4
41,257,4
41,341,4
42,166,4
42,228,4
42,310,4
42,359,4
42,375,4
43,85,4
44,129,4
44,317,4
44,364,4
44,413,4
44,428,4
47,98,4
47,129,4
47,144,4
47,204,4
47,209,4
47,211,4
47,214,4
47,282,4
47,307,4
47,336,4
47,350,4
49,98,4
50,22,4
54,101,4
54,310,4
57,335,4
58,1,4
58,68,4
58,101,4
58,129,4
58,310,4
60,289,4
62,89,4
65,101,4
67,22,4
67,325,4
69,61,4
69,71,4
69,317,4
69,338,4
69,359,4
70,333,4
72,101,4
74,350,4
77,10,4
77,12,4
77,30,4
77,34,4
77,35,4
77,36,4
77,41,4
77,49,4
77,51,4
77,68,4
77,75,4
77,101,4
77,109,4
77,122,4
77,129,4
77,166,4
77,197,4
77,199,4
77,204,4
77,209,4
77,241,4
77,276,4
77,280,4
77,282,4
77,285,4
77,291,4
77,309,4
77,310,4
77,317,4
77,348,4
77,366,4
77,389,4
77,394,4
77,411,4
77,429,4
79,310,4
79,359,4
79,370,4
79,413,4
82,36,4
83,310,4
83,359,4
83,413,4
84,22,4
84,325,4
85,428,4
86,122,4
90,410,4
91,241,4
93,51,4
93,68,4
93,101,4
93,154,4
93,196,4
93,241,4
93,325,4
93,413,4
94,68,4
94,75,4
94,154,4
94,196,4
94,325,4
99,101,4
99,359,4
101,184,4
101,199,4
101,317,4
101,364,4
101,377,4
101,410,4
102,101,4
105,310,4
105,359,4
105,413,4
110,380,4
113,280,4
113,310,4
113,360,4
114,247,4
115,5,4
115,30,4
115,101,4
115,162,4
115,175,4
115,225,4
115,242,4
115,321,4
115,357,4
115,374,4
115,420,4
118,27,4
118,98,4
118,213,4
118,280,4
118,436,4
122,19,4
122,30,4
123,241,4
126,123,4
132,435,4
135,241,4
135,274,4
135,280,4
135,317,4
136,9,4
136,38,4
136,137,4
136,197,4
136,432,4
138,380,4
139,49,4
139,61,4
139,67,4
139,111,4
139,204,4
139,228,4
139,241,4
139,403,4
139,428,4
141,49,4
141,101,4
141,375,4
142,68,4
142,122,4
142,154,4
142,166,4
142,241,4
142,310,4
142,359,4
142,391,4
142,410,4
144,413,4
145,122,4
145,280,4
145,310,4
145,360,4
146,85,4
146,122,4
146,290,4
146,364,4
146,386,4
146,444,4
148,129,4
148,310,4
148,359,4
148,413,4
148,434,4
150,44,4
150,101,4
150,111,4
152,310,4
152,317,4
152,359,4
152,413,4
156,22,4
156,325,4
158,11,4
158,40,4
158,61,4
158,96,4
158,105,4
158,122,4
158,123,4
158,125,4
158,129,4
158,139,4
158,144,4
158,164,4
158,182,4
158,196,4
158,197,4
158,228,4
158,242,4
158,263,4
158,267,4
158,282,4
158,312,4
158,348,4
158,350,4
158,359,4
158,382,4
158,397,4
158,413,4
159,111,4
161,27,4
161,43,4
161,81,4
161,101,4
161,280,4
161,410,4
166,310,4
166,359,4
166,413,4
168,127,4
168,129,4
168,280,4
168,364,4
168,399,4
169,68,4
169,122,4
170,348,4
170,428,4
172,108,4
172,402,4
173,267,4
173,357,4
173,434,4
178,129,4
186,101,4
186,122,4
186,310,4
186,359,4
186,413,4
187,101,4
189,317,4
191,391,4
194,68,4
194,71,4
194,122,4
194,129,4
194,154,4
194,241,4
194,310,4
195,129,4
195,298,4
195,413,4
197,118,4
200,19,4
200,30,4
200,129,4
200,204,4
200,360,4
200,364,4
200,391,4
200,429,4
202,68,4
202,75,4
202,129,4
202,154,4
202,196,4
202,325,4
202,413,4
206,423,4
207,101,4
207,391,4
208,359,4
209,61,4
209,137,4
209,375,4
213,125,4
213,129,4
213,228,4
213,241,4
213,310,4
213,413,4
214,98,4
214,154,4
214,167,4
214,241,4
214,310,4
214,317,4
214,411,4
214,428,4
215,92,4
216,122,4
217,413,4
218,9,4
218,67,4
218,122,4
218,129,4
218,204,4
218,209,4
218,281,4
218,310,4
218,317,4
218,391,4
221,122,4
221,262,4
221,432,4
223,101,4
223,360,4
225,276,4
225,280,4
226,40,4
226,101,4
226,280,4
227,68,4
227,129,4
227,143,4
227,163,4
227,209,4
227,310,4
228,353,4
230,68,4
231,101,4
231,129,4
231,160,4
234,380,4
237,129,4
237,280,4
238,375,4
239,129,4
239,152,4
239,393,4
240,30,4
240,68,4
240,101,4
240,122,4
240,127,4
240,129,4
240,143,4
240,167,4
240,195,4
240,213,4
240,222,4
240,228,4
240,247,4
240,280,4
240,307,4
240,317,4
240,357,4
240,359,4
240,360,4
240,364,4
240,379,4
240,391,4
240,410,4
240,434,4
241,36,4
241,129,4
241,310,4
241,359,4
241,413,4
242,310,4
242,359,4
242,413,4
243,101,4
243,247,4
243,351,4
244,350,4
245,396,4
246,129,4
247,54,4
247,89,4
247,101,4
247,137,4
247,154,4
247,164,4
247,257,4
247,310,4
247,317,4
247,435,4
248,9,4
248,98,4
248,129,4
248,195,4
250,40,4
250,101,4
250,389,4
252,276,4
254,22,4
254,310,4
256,123,4
256,399,4
256,413,4
256,435,4
258,321,4
267,127,4
268,189,4
268,350,4
270,68,4
270,129,4
270,154,4
270,196,4
270,241,4
270,325,4
270,359,4
270,428,4
271,122,4
271,310,4
271,410,4
272,68,4
272,101,4
275,27,4
275,162,4
275,280,4
275,292,4
275,359,4
275,410,4
275,413,4
275,417,4
275,418,4
275,428,4
275,439,4
277,68,4
279,154,4
279,241,4
279,260,4
279,344,4
279,410,4
280,2,4
280,122,4
280,129,4
280,183,4
280,317,4
280,348,4
280,428,4
280,435,4
280,436,4
282,18,4
282,111,4
282,241,4
283,40,4
283,68,4
283,73,4
283,129,4
283,154,4
283,413,4
286,71,4
286,229,4
286,310,4
286,444,4
289,30,4
289,41,4
289,68,4
289,101,4
289,122,4
289,127,4
289,129,4
289,135,4
289,166,4
289,171,4
289,182,4
289,204,4
289,276,4
289,292,4
289,309,4
289,310,4
289,311,4
289,317,4
289,389,4
289,410,4
289,411,4
289,435,4
295,122,4
295,255,4
296,68,4
296,101,4
296,122,4
296,127,4
296,166,4
296,195,4
296,204,4
296,228,4
296,238,4
296,241,4
296,310,4
296,317,4
296,348,4
296,350,4
296,364,4
296,411,4
297,129,4
301,101,4
301,417,4
302,39,4
307,122,4
307,129,4
307,241,4
307,267,4
307,310,4
307,348,4
307,376,4
307,423,4
307,428,4
308,129,4
308,310,4
308,317,4
309,54,4
313,280,4
313,310,4
313,359,4
313,413,4
318,83,4
318,122,4
318,129,4
318,143,4
318,225,4
318,247,4
318,251,4
318,274,4
318,284,4
318,310,4
318,359,4
318,413,4
318,428,4
320,68,4
320,75,4
320,154,4
320,196,4
320,325,4
321,71,4
321,310,4
322,280,4
323,35,4
323,310,4
323,428,4
324,98,4
325,12,4
325,123,4
325,262,4
325,379,4
326,280,4
327,410,4
329,413,4
330,122,4
330,310,4
332,310,4
335,118,4
337,15,4
337,30,4
337,34,4
337,54,4
337,71,4
337,118,4
337,129,4
337,164,4
337,241,4
337,255,4
337,317,4
337,325,4
337,435,4
338,39,4
338,391,4
343,40,4
344,68,4
344,71,4
344,241,4
344,310,4
345,101,4
345,209,4
345,289,4
347,310,4
347,353,4
363,22,4
363,325,4
364,22,4
364,73,4
364,101,4
364,125,4
364,151,4
364,316,4
364,325,4
365,111,4
367,122,4
370,68,4
370,154,4
370,196,4
370,241,4
370,267,4
370,325,4
370,364,4
371,12,4
371,38,4
371,40,4
371,167,4
371,243,4
371,302,4
371,305,4
371,316,4
371,317,4
371,413,4
373,129,4
373,310,4
373,359,4
373,393,4
373,413,4
374,68,4
374,122,4
374,310,4
376,36,4
376,68,4
376,75,4
376,123,4
376,260,4
376,282,4
377,98,4
377,228,4
380,19,4
380,30,4
380,196,4
380,280,4
380,350,4
380,435,4
381,375,4
383,274,4
383,316,4
384,101,4
386,122,4
386,129,4
388,122,4
388,162,4
388,389,4
388,428,4
389,29,4
389,196,4
391,68,4
392,101,4
393,98,4
394,89,4
395,280,4
397,40,4
397,122,4
397,177,4
397,281,4
398,310,4
398,317,4
398,359,4
398,413,4
399,359,4
402,35,4
402,310,4
402,428,4
403,30,4
403,41,4
403,54,4
403,68,4
403,101,4
403,122,4
403,127,4
403,129,4
403,197,4
403,204,4
403,215,4
403,276,4
403,290,4
403,309,4
403,310,4
403,333,4
403,364,4
403,389,4
403,394,4
406,36,4
406,54,4
406,101,4
412,129,4
412,245,4
412,413,4
413,101,4
413,154,4
413,166,4
413,260,4
413,268,4
413,317,4
413,359,4
413,364,4
413,410,4
416,129,4
416,310,4
416,359,4
416,413,4
420,325,4
421,280,4
421,310,4
421,360,4
424,129,4
424,166,4
424,192,4
424,228,4
424,241,4
424,310,4
424,325,4
424,359,4
424,384,4
424,410,4
424,413,4
428,39,4
428,61,4
428,108,4
428,122,4
428,129,4
428,359,4
428,383,4
428,391,4
429,12,4
429,305,4
433,167,4
434,310,4
434,359,4
434,413,4
437,39,4
438,38,4
438,64,4
438,68,4
438,122,4
438,123,4
438,129,4
438,167,4
438,397,4
439,391,4
441,310,4
441,359,4
441,413,4
442,61,4
442,129,4
442,317,4
443,280,4
443,325,4
444,22,4
445,68,4
447,123,4
447,129,4
447,167,4
447,228,4
447,251,4
447,255,4
447,341,4
448,129,4
450,241,4
451,34,4
451,310,4
451,317,4
457,305,4
458,68,4
458,101,4
458,122,4
458,136,4
458,211,4
458,280,4
458,310,4
458,389,4
459,101,4
459,123,4
459,280,4
459,307,4
459,317,4
459,391,4
463,380,4
464,29,4
464,67,4
464,68,4
464,101,4
464,115,4
464,122,4
464,129,4
464,136,4
464,204,4
464,306,4
464,317,4
464,347,4
464,359,4
464,360,4
464,364,4
464,370,4
464,391,4
464,396,4
464,436,4
468,122,4
468,391,4
469,22,4
470,18,4
474,2,4
474,54,4
474,68,4
474,89,4
474,108,4
474,241,4
474,310,4
474,413,4
477,129,4
477,310,4
477,317,4
477,359,4
477,413,4
480,68,4
481,129,4
482,111,4
482,228,4
482,310,4
482,359,4
482,413,4
483,410,4
485,129,4
487,195,4
488,101,4
488,129,4
488,144,4
488,310,4
488,423,4
489,129,4
491,129,4
493,111,4
494,310,4
494,359,4
494,413,4
499,30,4
500,36,4
500,38,4
500,40,4
500,68,4
500,73,4
500,126,4
500,129,4
500,154,4
500,310,4
500,317,4
500,359,4
500,391,4
500,413,4
500,417,4
502,122,4
502,348,4
502,435,4
502,436,4
502,444,4
504,129,4
504,204,4
504,243,4
504,255,4
504,310,4
504,359,4
504,364,4
504,410,4
504,413,4
506,12,4
506,35,4
506,83,4
506,89,4
506,98,4
506,122,4
506,241,4
506,310,4
506,317,4
506,391,4
509,89,4
509,409,4
511,36,4
511,49,4
511,281,4
511,310,4
512,413,4
513,36,4
513,129,4
513,310,4
515,40,4
517,51,4
517,109,4
517,127,4
517,129,4
517,197,4
517,285,4
517,309,4
517,310,4
517,389,4
517,429,4
517,435,4
520,129,4
520,310,4
520,359,4
520,413,4
521,170,4
523,35,4
523,40,4
523,68,4
523,73,4
523,129,4
523,154,4
523,310,4
523,359,4
523,413,4
523,428,4
524,60,4
524,68,4
524,129,4
524,136,4
524,399,4
524,428,4
529,121,4
530,89,4
530,310,4
530,359,4
530,391,4
530,413,4
530,439,4
532,241,4
532,413,4
533,228,4
535,241,4
535,280,4
536,40,4
536,71,4
536,101,4
536,122,4
536,129,4
536,199,4
536,204,4
536,267,4
536,317,4
536,325,4
536,333,4
536,430,4
537,13,4
537,61,4
537,65,4
537,195,4
537,389,4
537,420,4
537,428,4
539,2,4
539,30,4
539,34,4
539,40,4
539,51,4
539,61,4
539,68,4
539,74,4
539,98,4
539,101,4
539,122,4
539,123,4
539,129,4
539,135,4
539,137,4
539,138,4
539,139,4
539,142,4
539,164,4
539,192,4
539,195,4
539,199,4
539,202,4
539,228,4
539,241,4
539,255,4
539,274,4
539,280,4
539,307,4
539,310,4
539,339,4
539,350,4
539,359,4
539,360,4
539,363,4
539,368,4
539,371,4
539,397,4
539,428,4
539,435,4
540,389,4
542,12,4
542,38,4
542,40,4
542,122,4
542,129,4
542,167,4
542,241,4
542,243,4
542,247,4
542,253,4
542,302,4
542,305,4
542,310,4
542,316,4
542,317,4
542,359,4
543,4,4
543,98,4
543,122,4
543,127,4
543,280,4
543,420,4
543,428,4
544,22,4
544,325,4
545,360,4
545,364,4
551,122,4
554,101,4
557,410,4
558,380,4
559,306,4
562,101,4
562,122,4
562,310,4
563,68,4
563,122,4
563,204,4
564,19,4
564,30,4
564,101,4
564,251,4
564,317,4
564,389,4
564,435,4
565,61,4
565,68,4
565,98,4
565,101,4
565,129,4
565,255,4
565,260,4
565,284,4
565,310,4
565,317,4
565,359,4
565,413,4
565,417,4
566,40,4
566,74,4
567,68,4
567,241,4
567,310,4
567,359,4
567,413,4
568,9,4
568,35,4
568,36,4
568,38,4
568,40,4
568,68,4
568,73,4
568,101,4
568,111,4
568,129,4
568,141,4
568,154,4
568,280,4
568,305,4
568,310,4
568,359,4
568,374,4
568,413,4
568,428,4
569,397,4
570,68,4
570,129,4
570,204,4
570,310,4
570,339,4
570,359,4
570,413,4
571,51,4
571,68,4
571,101,4
571,154,4
571,196,4
571,241,4
571,325,4
571,413,4
572,360,4
572,364,4
574,384,4
574,417,4
579,129,4
580,2,4
580,39,4
580,61,4
580,74,4
580,116,4
580,122,4
580,164,4
580,167,4
580,317,4
580,410,4
580,417,4
580,428,4
581,36,4
584,61,4
584,317,4
585,136,4
585,410,4
585,428,4
586,123,4
586,384,4
589,29,4
589,67,4
589,101,4
589,115,4
589,122,4
589,123,4
589,129,4
589,136,4
589,204,4
589,211,4
589,241,4
589,347,4
589,360,4
589,364,4
589,370,4
589,380,4
589,391,4
589,407,4
589,428,4
589,436,4
590,61,4
590,142,4
590,197,4
590,241,4
590,274,4
590,317,4
590,348,4
590,397,4
590,410,4
590,413,4
590,428,4
591,44,4
591,310,4
591,375,4
595,51,4
595,68,4
595,101,4
595,154,4
595,196,4
595,241,4
595,325,4
595,413,4
596,38,4
596,67,4
596,85,4
596,93,4
596,98,4
596,123,4
596,167,4
596,307,4
596,310,4
596,325,4
596,359,4
596,391,4
596,399,4
596,413,4
596,428,4
599,68,4
599,129,4
599,154,4
599,196,4
599,325,4
599,364,4
601,89,4
601,98,4
601,166,4
601,241,4
601,247,4
601,310,4
601,359,4
601,413,4
606,380,4
607,30,4
607,174,4
607,350,4
607,367,4
607,413,4
608,36,4
610,413,4
610,435,4
611,310,4
611,359,4
611,413,4
613,101,4
614,30,4
614,40,4
614,129,4
614,135,4
614,167,4
614,195,4
614,253,4
614,255,4
614,274,4
614,280,4
614,373,4
614,418,4
614,428,4
614,435,4
615,122,4
615,204,4
615,317,4
615,370,4
616,17,4
616,36,4
616,38,4
616,68,4
616,123,4
616,129,4
616,310,4
616,317,4
616,413,4
616,425,4
618,129,4
618,310,4
618,360,4
620,380,4
628,317,4
632,22,4
632,325,4
633,68,4
633,75,4
633,101,4
633,125,4
633,129,4
633,211,4
633,310,4
633,311,4
633,317,4
633,364,4
633,407,4
633,428,4
637,122,4
637,166,4
637,310,4
637,375,4
637,391,4
638,122,4
638,264,4
639,36,4
639,61,4
641,129,4
641,418,4
641,444,4
642,317,4
643,39,4
644,380,4
648,101,4
648,129,4
649,12,4
649,72,4
649,101,4
649,129,4
649,209,4
649,280,4
650,18,4
650,21,4
650,35,4
650,49,4
650,61,4
650,123,4
650,211,4
650,247,4
650,262,4
650,305,4
650,317,4
650,350,4
650,379,4
650,410,4
650,413,4
652,89,4
653,151,4
653,162,4
653,177,4
653,310,4
653,435,4
654,122,4
654,310,4
654,359,4
654,410,4
654,413,4
654,428,4
656,68,4
657,410,4
663,68,4
663,118,4
663,122,4
663,137,4
663,154,4
663,196,4
663,241,4
663,267,4
663,280,4
663,325,4
663,398,4
668,68,4
668,154,4
668,173,4
668,196,4
668,204,4
668,317,4
668,325,4
668,413,4
668,435,4
669,111,4
670,35,4
670,40,4
670,68,4
670,73,4
670,122,4
670,129,4
670,154,4
670,241,4
670,310,4
670,359,4
670,398,4
670,399,4
670,413,4
670,428,4
672,428,4
673,2,4
673,9,4
673,40,4
673,43,4
673,54,4
673,63,4
673,127,4
673,129,4
673,241,4
673,274,4
673,310,4
673,317,4
673,359,4
673,410,4
673,413,4
673,424,4
673,444,4
677,410,4
679,428,4
680,38,4
680,137,4
680,139,4
680,141,4
680,190,4
680,241,4
680,310,4
680,428,4
681,122,4
682,111,4
686,310,4
686,359,4
686,413,4
689,428,4
691,30,4
691,71,4
691,89,4
691,101,4
691,166,4
695,60,4
695,122,4
695,428,4
697,89,4
697,241,4
697,310,4
697,317,4
697,413,4
699,11,4
699,12,4
699,39,4
699,87,4
699,93,4
699,111,4
699,129,4
699,155,4
699,241,4
699,251,4
699,379,4
699,413,4
699,417,4
700,310,4
700,359,4
700,413,4
701,40,4
701,54,4
701,63,4
701,71,4
701,98,4
701,122,4
701,129,4
701,195,4
701,310,4
701,317,4
701,357,4
702,34,4
702,89,4
702,101,4
702,375,4
705,61,4
705,125,4
705,129,4
705,271,4
705,280,4
705,310,4
705,312,4
705,379,4
707,22,4
708,310,4
708,359,4
708,413,4
710,49,4
710,58,4
710,67,4
710,95,4
710,122,4
710,129,4
710,154,4
710,260,4
710,285,4
710,291,4
710,310,4
710,410,4
710,413,4
713,122,4
1,122,5
1,289,5
1,319,5
2,30,5
2,67,5
2,68,5
2,118,5
2,121,5
2,306,5
2,363,5
2,390,5
2,393,5
2,428,5
3,2,5
3,34,5
3,36,5
3,45,5
3,60,5
3,68,5
3,71,5
3,75,5
3,78,5
3,101,5
3,111,5
3,114,5
3,122,5
3,127,5
3,129,5
3,144,5
3,146,5
3,154,5
3,160,5
3,165,5
3,176,5
3,195,5
3,198,5
3,204,5
3,209,5
3,221,5
3,244,5
3,245,5
3,247,5
3,260,5
3,266,5
3,274,5
3,282,5
3,306,5
3,310,5
3,316,5
3,317,5
3,335,5
3,336,5
3,341,5
3,344,5
3,357,5
3,359,5
3,370,5
3,372,5
3,373,5
3,388,5
3,390,5
3,398,5
3,413,5
3,416,5
3,423,5
3,426,5
4,68,5
4,71,5
4,113,5
4,122,5
4,154,5
4,170,5
4,234,5
4,241,5
4,248,5
4,317,5
4,396,5
4,435,5
6,143,5
6,426,5
7,119,5
7,129,5
7,319,5
8,2,5
8,12,5
8,30,5
8,35,5
8,45,5
8,51,5
8,68,5
8,69,5
8,71,5
8,92,5
8,93,5
8,98,5
8,110,5
8,111,5
8,113,5
8,114,5
8,122,5
8,127,5
8,129,5
8,145,5
8,146,5
8,154,5
8,160,5
8,167,5
8,188,5
8,190,5
8,193,5
8,195,5
8,221,5
8,228,5
8,248,5
8,255,5
8,274,5
8,276,5
8,279,5
8,290,5
8,305,5
8,309,5
8,310,5
8,317,5
8,325,5
8,339,5
8,344,5
8,357,5
8,359,5
8,373,5
8,381,5
8,410,5
8,413,5
8,418,5
8,423,5
8,424,5
8,428,5
8,433,5
8,435,5
9,195,5
9,350,5
10,34,5
10,36,5
10,51,5
10,93,5
10,101,5
10,121,5
10,282,5
10,305,5
10,426,5
10,429,5
10,435,5
11,93,5
11,241,5
11,310,5
12,61,5
12,68,5
12,72,5
12,81,5
12,119,5
12,129,5
12,136,5
12,154,5
12,160,5
12,241,5
12,276,5
12,310,5
12,359,5
12,410,5
12,424,5
12,429,5
13,36,5
13,71,5
13,122,5
13,129,5
13,221,5
13,261,5
13,282,5
13,364,5
13,426,5
13,435,5
14,122,5
15,129,5
16,1,5
18,65,5
19,359,5
19,392,5
20,71,5
20,93,5
20,174,5
21,195,5
22,65,5
22,101,5
24,67,5
24,122,5
24,337,5
24,359,5
25,122,5
26,39,5
26,101,5
26,111,5
26,113,5
26,119,5
26,129,5
26,156,5
26,168,5
26,227,5
26,307,5
26,360,5
26,413,5
26,436,5
27,309,5
28,19,5
28,39,5
28,67,5
28,71,5
28,98,5
28,122,5
28,129,5
28,174,5
28,228,5
28,280,5
28,290,5
28,310,5
28,317,5
28,413,5
28,424,5
28,426,5
28,435,5
29,280,5
29,435,5
30,68,5
30,122,5
30,245,5
30,292,5
30,310,5
30,391,5
30,404,5
31,67,5
31,122,5
31,359,5
32,122,5
34,61,5
34,68,5
34,111,5
34,122,5
34,129,5
34,317,5
34,379,5
34,404,5
34,428,5
35,114,5
35,129,5
35,281,5
35,352,5
35,435,5
38,2,5
38,23,5
38,36,5
38,38,5
38,61,5
38,67,5
38,68,5
38,71,5
38,98,5
38,101,5
38,118,5
38,122,5
38,129,5
38,144,5
38,154,5
38,167,5
38,174,5
38,187,5
38,210,5
38,217,5
38,221,5
38,228,5
38,241,5
38,244,5
38,248,5
38,280,5
38,287,5
38,289,5
38,310,5
38,316,5
38,317,5
38,325,5
38,344,5
38,353,5
38,359,5
38,365,5
38,382,5
38,391,5
38,397,5
38,404,5
38,413,5
38,417,5
38,419,5
38,426,5
38,428,5
38,435,5
39,321,5
40,34,5
40,122,5
40,129,5
40,215,5
40,241,5
40,274,5
40,317,5
40,319,5
40,413,5
41,35,5
41,54,5
41,65,5
41,93,5
41,101,5
41,111,5
41,129,5
41,170,5
41,274,5
41,309,5
41,313,5
41,317,5
41,428,5
42,68,5
42,93,5
42,99,5
42,122,5
42,129,5
42,209,5
42,241,5
42,289,5
42,413,5
43,289,5
44,23,5
44,36,5
44,51,5
44,54,5
44,60,5
44,68,5
44,71,5
44,98,5
44,101,5
44,121,5
44,129,5
44,160,5
44,166,5
44,276,5
44,279,5
44,317,5
44,325,5
44,413,5
44,426,5
44,429,5
44,444,5
45,61,5
45,289,5
46,222,5
47,54,5
47,71,5
47,101,5
47,122,5
47,129,5
47,142,5
47,144,5
47,195,5
47,199,5
47,204,5
47,238,5
47,274,5
47,282,5
47,337,5
47,344,5
47,348,5
47,351,5
47,359,5
47,364,5
47,418,5
48,154,5
49,289,5
50,35,5
50,434,5
51,68,5
51,99,5
51,101,5
51,165,5
51,428,5
53,434,5
54,71,5
55,71,5
57,2,5
57,348,5
58,129,5
59,127,5
59,129,5
59,146,5
60,35,5
60,36,5
60,40,5
60,69,5
60,99,5
60,122,5
60,166,5
60,276,5
60,359,5
60,382,5
60,393,5
60,413,5
61,129,5
62,111,5
62,244,5
62,279,5
62,282,5
62,426,5
64,129,5
66,142,5
66,282,5
67,319,5
67,435,5
69,21,5
69,36,5
69,49,5
69,51,5
69,61,5
69,68,5
69,69,5
69,71,5
69,75,5
69,78,5
69,98,5
69,101,5
69,111,5
69,127,5
69,129,5
69,136,5
69,154,5
69,160,5
69,163,5
69,170,5
69,227,5
69,228,5
69,239,5
69,241,5
69,261,5
69,276,5
69,290,5
69,310,5
69,316,5
69,317,5
69,321,5
69,325,5
69,339,5
69,359,5
69,365,5
69,410,5
69,413,5
69,426,5
69,443,5
70,4,5
70,129,5
70,289,5
70,317,5
71,61,5
72,61,5
72,67,5
72,129,5
72,187,5
72,276,5
72,317,5
72,426,5
73,129,5
73,280,5
73,289,5
73,435,5
76,392,5
77,36,5
77,71,5
77,122,5
77,129,5
77,221,5
77,261,5
77,282,5
77,426,5
77,435,5
79,69,5
79,81,5
79,93,5
79,129,5
79,241,5
79,310,5
80,129,5
81,280,5
82,39,5
82,54,5
82,61,5
82,99,5
82,174,5
82,185,5
82,187,5
82,221,5
82,289,5
82,426,5
82,429,5
83,4,5
83,119,5
83,122,5
83,129,5
83,280,5
83,435,5
84,222,5
84,435,5
85,65,5
85,101,5
85,222,5
86,129,5
86,282,5
86,355,5
87,51,5
87,129,5
87,316,5
87,334,5
88,122,5
88,129,5
88,167,5
88,241,5
89,317,5
89,404,5
90,289,5
90,429,5
91,51,5
91,289,5
91,413,5
92,428,5
93,23,5
93,61,5
93,71,5
93,101,5
93,122,5
93,129,5
93,164,5
93,222,5
93,241,5
93,261,5
93,276,5
93,310,5
93,333,5
93,370,5
93,371,5
93,407,5
93,413,5
93,426,5
93,435,5
94,71,5
94,122,5
94,276,5
94,310,5
94,333,5
94,370,5
94,407,5
94,413,5
94,435,5
95,69,5
95,71,5
95,274,5
95,317,5
95,325,5
95,351,5
95,413,5
95,426,5
96,16,5
96,310,5
97,129,5
99,101,5
99,129,5
99,177,5
99,310,5
99,317,5
99,404,5
99,413,5
99,428,5
100,34,5
100,68,5
100,154,5
100,215,5
100,341,5
100,410,5
100,413,5
101,45,5
101,71,5
101,72,5
101,90,5
101,98,5
101,101,5
101,129,5
101,143,5
101,154,5
101,214,5
101,241,5
101,260,5
101,310,5
101,316,5
101,317,5
101,321,5
101,381,5
101,392,5
101,406,5
101,410,5
101,413,5
101,435,5
103,65,5
105,111,5
105,119,5
105,122,5
105,280,5
105,310,5
105,344,5
106,71,5
106,101,5
106,129,5
106,136,5
106,166,5
106,234,5
106,413,5
107,392,5
108,19,5
108,39,5
108,68,5
108,71,5
108,122,5
108,129,5
108,154,5
108,209,5
108,435,5
110,289,5
111,101,5
112,280,5
113,61,5
113,67,5
113,68,5
113,127,5
113,424,5
114,60,5
114,93,5
114,108,5
115,30,5
115,51,5
115,61,5
115,68,5
115,69,5
115,71,5
115,79,5
115,98,5
115,101,5
115,119,5
115,129,5
115,154,5
115,162,5
115,163,5
115,166,5
115,167,5
115,209,5
115,214,5
115,222,5
115,228,5
115,238,5
115,241,5
115,280,5
115,289,5
115,310,5
115,317,5
115,344,5
115,359,5
115,363,5
115,364,5
115,365,5
115,380,5
115,410,5
115,413,5
115,417,5
115,424,5
115,426,5
115,428,5
115,429,5
115,435,5
116,122,5
117,86,5
117,90,5
117,119,5
117,129,5
117,154,5
117,403,5
118,14,5
118,19,5
118,36,5
118,68,5
118,98,5
118,101,5
118,122,5
118,129,5
118,151,5
118,166,5
118,227,5
118,228,5
118,241,5
118,310,5
118,317,5
118,344,5
118,413,5
118,444,5
119,36,5
119,404,5
120,30,5
120,68,5
120,71,5
120,93,5
120,122,5
120,241,5
120,309,5
120,310,5
120,386,5
120,410,5
121,433,5
122,109,5
122,129,5
122,139,5
122,164,5
122,435,5
123,36,5
123,51,5
123,61,5
123,101,5
123,289,5
123,317,5
123,364,5
123,410,5
123,435,5
124,129,5
124,154,5
124,310,5
124,325,5
124,435,5
125,65,5
126,433,5
126,444,5
127,429,5
128,122,5
128,129,5
128,435,5
129,1,5
129,68,5
129,129,5
129,179,5
129,410,5
130,129,5
131,214,5
132,68,5
132,71,5
132,93,5
132,122,5
132,154,5
132,282,5
132,310,5
132,336,5
132,364,5
132,413,5
132,436,5
133,101,5
133,359,5
134,23,5
134,35,5
134,36,5
134,61,5
134,146,5
134,154,5
134,174,5
134,187,5
134,289,5
134,309,5
134,382,5
134,404,5
134,419,5
134,435,5
135,19,5
135,60,5
135,67,5
135,69,5
135,71,5
135,74,5
135,98,5
135,101,5
135,119,5
135,129,5
135,195,5
135,204,5
135,222,5
135,248,5
135,310,5
135,317,5
135,339,5
135,359,5
135,360,5
135,364,5
135,391,5
135,429,5
135,435,5
135,441,5
136,23,5
136,35,5
136,68,5
136,75,5
136,101,5
136,143,5
136,280,5
136,310,5
136,316,5
136,344,5
137,154,5
137,392,5
138,289,5
139,61,5
139,68,5
139,75,5
139,98,5
139,101,5
139,122,5
139,144,5
139,241,5
139,280,5
139,310,5
139,391,5
139,403,5
139,424,5
139,435,5
139,444,5
140,99,5
140,129,5
140,413,5
140,435,5
142,36,5
142,68,5
142,69,5
142,71,5
142,72,5
142,98,5
142,101,5
142,129,5
142,154,5
142,156,5
142,166,5
142,204,5
142,221,5
142,224,5
142,241,5
142,261,5
142,276,5
142,306,5
142,307,5
142,310,5
142,317,5
142,325,5
142,359,5
142,364,5
142,413,5
142,417,5
142,426,5
142,435,5
143,99,5
143,222,5
143,376,5
144,1,5
144,122,5
144,154,5
144,225,5
144,392,5
145,61,5
145,67,5
145,68,5
145,127,5
145,305,5
145,316,5
145,373,5
145,424,5
146,19,5
146,61,5
146,68,5
146,280,5
146,316,5
146,319,5
146,386,5
146,439,5
147,101,5
148,39,5
148,51,5
148,68,5
148,71,5
148,93,5
148,98,5
148,122,5
148,129,5
148,152,5
148,154,5
148,170,5
148,282,5
148,289,5
148,310,5
148,336,5
148,363,5
148,392,5
148,421,5
148,435,5
149,122,5
150,68,5
150,393,5
152,36,5
152,71,5
152,119,5
152,129,5
152,280,5
152,282,5
152,397,5
152,435,5
153,68,5
153,69,5
153,122,5
153,310,5
156,129,5
156,310,5
156,435,5
158,1,5
158,2,5
158,12,5
158,16,5
158,30,5
158,34,5
158,35,5
158,36,5
158,45,5
158,54,5
158,58,5
158,61,5
158,65,5
158,68,5
158,69,5
158,71,5
158,73,5
158,75,5
158,78,5
158,101,5
158,109,5
158,114,5
158,121,5
158,122,5
158,123,5
158,127,5
158,129,5
158,133,5
158,134,5
158,144,5
158,151,5
158,154,5
158,160,5
158,166,5
158,167,5
158,176,5
158,177,5
158,193,5
158,195,5
158,197,5
158,215,5
158,230,5
158,241,5
158,245,5
158,255,5
158,260,5
158,276,5
158,279,5
158,280,5
158,290,5
158,292,5
158,306,5
158,309,5
158,310,5
158,311,5
158,316,5
158,317,5
158,320,5
158,321,5
158,326,5
158,339,5
158,341,5
158,350,5
158,353,5
158,357,5
158,359,5
158,364,5
158,366,5
158,382,5
158,390,5
158,397,5
158,399,5
158,410,5
158,411,5
158,413,5
158,416,5
158,417,5
158,418,5
158,423,5
158,424,5
158,426,5
158,428,5
158,429,5
158,436,5
158,444,5
159,36,5
159,435,5
161,14,5
161,36,5
161,39,5
161,51,5
161,54,5
161,68,5
161,69,5
161,71,5
161,81,5
161,93,5
161,98,5
161,101,5
161,122,5
161,129,5
161,149,5
161,151,5
161,166,5
161,227,5
161,228,5
161,280,5
161,310,5
161,317,5
161,357,5
161,359,5
161,369,5
161,403,5
161,404,5
161,410,5
161,413,5
161,424,5
161,436,5
161,444,5
163,129,5
165,1,5
166,19,5
166,30,5
166,36,5
166,65,5
166,101,5
166,122,5
166,196,5
166,276,5
166,424,5
166,426,5
166,435,5
167,129,5
168,35,5
168,61,5
168,68,5
168,74,5
168,101,5
168,122,5
168,142,5
168,214,5
168,221,5
168,230,5
168,241,5
168,269,5
168,310,5
168,317,5
168,325,5
168,391,5
168,429,5
168,433,5
169,67,5
169,68,5
169,71,5
169,154,5
169,174,5
169,282,5
169,289,5
169,310,5
169,317,5
169,413,5
169,435,5
170,45,5
170,241,5
170,310,5
170,348,5
171,61,5
171,317,5
172,129,5
172,234,5
172,317,5
172,435,5
173,19,5
173,23,5
173,35,5
173,71,5
173,93,5
173,98,5
173,99,5
173,122,5
173,154,5
173,155,5
173,193,5
173,222,5
173,280,5
173,305,5
173,310,5
173,321,5
173,359,5
173,389,5
173,397,5
173,413,5
173,424,5
173,428,5
173,444,5
174,444,5
175,129,5
176,292,5
177,71,5
177,101,5
177,129,5
177,406,5
179,122,5
179,170,5
181,290,5
181,389,5
183,129,5
183,350,5
185,317,5
185,359,5
186,68,5
186,111,5
186,289,5
187,301,5
187,435,5
188,102,5
188,129,5
189,68,5
189,234,5
189,238,5
191,410,5
192,436,5
194,51,5
194,68,5
194,149,5
194,276,5
194,289,5
194,305,5
194,316,5
194,419,5
195,122,5
195,317,5
195,436,5
196,101,5
196,129,5
196,241,5
196,434,5
197,19,5
197,23,5
197,61,5
197,67,5
197,71,5
197,111,5
197,122,5
197,204,5
197,276,5
197,289,5
197,309,5
197,310,5
197,317,5
197,321,5
197,424,5
197,428,5
198,129,5
198,322,5
199,36,5
199,51,5
199,69,5
199,129,5
199,146,5
199,161,5
199,280,5
199,325,5
199,392,5
199,413,5
200,68,5
200,71,5
200,101,5
200,111,5
200,122,5
200,154,5
200,221,5
200,280,5
200,290,5
200,310,5
200,417,5
200,424,5
200,444,5
201,71,5
201,79,5
202,34,5
202,68,5
202,101,5
202,156,5
202,161,5
202,170,5
202,215,5
202,241,5
202,243,5
202,276,5
202,289,5
202,310,5
202,311,5
202,333,5
202,370,5
202,407,5
202,413,5
202,435,5
203,61,5
203,99,5
203,111,5
203,222,5
203,276,5
203,317,5
203,404,5
203,413,5
204,122,5
205,129,5
207,1,5
207,35,5
207,101,5
207,111,5
207,129,5
207,149,5
207,163,5
207,170,5
207,348,5
207,426,5
209,49,5
209,61,5
209,71,5
209,93,5
209,241,5
209,307,5
210,99,5
210,129,5
210,282,5
210,301,5
211,436,5
212,1,5
213,241,5
213,279,5
213,317,5
213,321,5
213,364,5
214,2,5
214,12,5
214,30,5
214,34,5
214,36,5
214,51,5
214,61,5
214,68,5
214,71,5
214,89,5
214,98,5
214,101,5
214,111,5
214,115,5
214,121,5
214,122,5
214,129,5
214,136,5
214,154,5
214,188,5
214,195,5
214,214,5
214,215,5
214,222,5
214,227,5
214,228,5
214,241,5
214,248,5
214,252,5
214,255,5
214,261,5
214,282,5
214,310,5
214,311,5
214,317,5
214,325,5
214,339,5
214,348,5
214,364,5
214,365,5
214,373,5
214,426,5
214,428,5
214,444,5
215,207,5
215,310,5
215,359,5
215,364,5
216,30,5
216,36,5
216,54,5
216,68,5
216,71,5
216,98,5
216,101,5
216,119,5
216,122,5
216,129,5
216,154,5
216,209,5
216,227,5
216,229,5
216,280,5
216,310,5
216,316,5
216,317,5
216,364,5
216,393,5
216,413,5
216,428,5
216,435,5
217,71,5
217,111,5
217,122,5
217,280,5
217,307,5
217,308,5
217,410,5
217,413,5
217,435,5
218,69,5
218,122,5
218,154,5
218,241,5
218,410,5
218,413,5
218,426,5
218,428,5
219,129,5
221,12,5
221,16,5
221,36,5
221,39,5
221,67,5
221,68,5
221,72,5
221,101,5
221,118,5
221,129,5
221,143,5
221,166,5
221,211,5
221,247,5
221,248,5
221,276,5
221,306,5
221,310,5
221,316,5
221,325,5
221,365,5
221,379,5
221,382,5
221,393,5
221,404,5
221,406,5
221,413,5
222,129,5
222,165,5
222,214,5
222,357,5
222,426,5
223,410,5
224,12,5
224,248,5
224,310,5
225,35,5
225,101,5
225,119,5
225,122,5
225,127,5
225,132,5
225,290,5
225,316,5
225,364,5
226,89,5
226,111,5
226,122,5
226,129,5
226,187,5
226,280,5
226,310,5
226,317,5
226,417,5
226,432,5
226,435,5
227,39,5
227,54,5
227,61,5
227,71,5
227,101,5
227,153,5
227,228,5
227,238,5
227,241,5
227,247,5
227,280,5
228,364,5
229,1,5
229,228,5
230,71,5
230,154,5
230,317,5
230,426,5
231,101,5
231,129,5
231,344,5
232,98,5
233,90,5
233,93,5
233,114,5
233,119,5
233,122,5
233,190,5
233,195,5
233,247,5
233,282,5
233,289,5
233,309,5
233,310,5
233,316,5
233,410,5
233,423,5
233,435,5
234,289,5
235,14,5
235,98,5
236,325,5
236,337,5
236,359,5
237,61,5
237,143,5
237,228,5
237,310,5
237,379,5
237,413,5
238,1,5
238,129,5
238,179,5
239,30,5
239,36,5
239,54,5
239,65,5
239,68,5
239,87,5
239,101,5
239,122,5
239,196,5
239,260,5
239,276,5
239,282,5
239,310,5
239,317,5
239,325,5
239,389,5
239,426,5
239,435,5
240,2,5
240,36,5
240,51,5
240,61,5
240,67,5
240,68,5
240,71,5
240,89,5
240,93,5
240,101,5
240,118,5
240,121,5
240,122,5
240,129,5
240,131,5
240,154,5
240,167,5
240,170,5
240,209,5
240,212,5
240,227,5
240,234,5
240,241,5
240,247,5
240,260,5
240,276,5
240,280,5
240,284,5
240,289,5
240,301,5
240,310,5
240,317,5
240,321,5
240,339,5
240,344,5
240,359,5
240,360,5
240,392,5
240,393,5
240,410,5
240,415,5
240,424,5
240,428,5
240,429,5
240,444,5
241,101,5
241,228,5
241,280,5
241,317,5
241,364,5
241,435,5
242,68,5
242,69,5
242,122,5
242,310,5
243,1,5
243,51,5
243,54,5
243,60,5
243,61,5
243,65,5
243,68,5
243,81,5
243,92,5
243,101,5
243,113,5
243,121,5
243,122,5
243,136,5
243,154,5
243,214,5
243,221,5
243,241,5
243,247,5
243,276,5
243,280,5
243,281,5
243,310,5
243,317,5
243,321,5
243,325,5
243,348,5
243,369,5
243,391,5
243,426,5
243,444,5
244,2,5
244,93,5
244,101,5
244,154,5
244,170,5
244,280,5
244,425,5
245,69,5
245,98,5
245,102,5
245,122,5
245,129,5
245,241,5
245,325,5
245,344,5
245,410,5
245,413,5
245,426,5
246,4,5
246,19,5
246,68,5
246,71,5
246,101,5
246,121,5
246,122,5
246,129,5
246,274,5
246,282,5
246,310,5
246,317,5
246,364,5
246,382,5
246,428,5
246,429,5
247,19,5
247,32,5
247,39,5
247,65,5
247,98,5
247,101,5
247,122,5
247,129,5
247,137,5
247,152,5
247,154,5
247,163,5
247,170,5
247,243,5
247,276,5
247,279,5
247,310,5
247,317,5
247,344,5
247,359,5
247,364,5
247,392,5
247,410,5
247,413,5
247,417,5
247,421,5
247,424,5
247,426,5
247,429,5
247,435,5
248,39,5
248,68,5
248,78,5
248,93,5
248,98,5
248,101,5
248,119,5
248,122,5
248,125,5
248,129,5
248,139,5
248,195,5
248,228,5
248,241,5
248,248,5
248,276,5
248,289,5
248,310,5
248,311,5
248,357,5
248,359,5
248,379,5
248,410,5
248,419,5
248,428,5
249,51,5
249,307,5
249,310,5
249,413,5
250,2,5
250,90,5
250,122,5
250,129,5
250,241,5
252,61,5
252,170,5
252,317,5
252,344,5
253,102,5
253,129,5
254,122,5
254,129,5
255,299,5
256,23,5
256,51,5
256,65,5
256,68,5
256,74,5
256,86,5
256,93,5
256,98,5
256,122,5
256,129,5
256,204,5
256,241,5
256,247,5
256,276,5
256,317,5
256,336,5
256,397,5
256,410,5
256,413,5
256,426,5
256,435,5
256,436,5
259,410,5
260,33,5
260,404,5
261,305,5
262,114,5
262,122,5
262,129,5
262,154,5
262,280,5
262,353,5
262,423,5
263,75,5
264,280,5
266,68,5
267,98,5
267,122,5
269,310,5
269,399,5
270,1,5
270,39,5
270,68,5
270,79,5
270,93,5
270,101,5
270,122,5
270,129,5
270,143,5
270,221,5
270,241,5
270,243,5
270,276,5
270,310,5
270,317,5
270,333,5
270,370,5
270,379,5
270,407,5
270,413,5
270,415,5
271,68,5
271,364,5
272,23,5
272,68,5
272,75,5
272,122,5
272,129,5
272,310,5
272,317,5
272,359,5
272,392,5
272,426,5
272,444,5
273,82,5
273,108,5
273,241,5
275,14,5
275,36,5
275,60,5
275,68,5
275,69,5
275,71,5
275,93,5
275,98,5
275,101,5
275,118,5
275,119,5
275,122,5
275,129,5
275,151,5
275,166,5
275,174,5
275,177,5
275,241,5
275,280,5
275,282,5
275,286,5
275,292,5
275,310,5
275,317,5
275,359,5
275,360,5
275,368,5
275,402,5
275,404,5
275,413,5
275,425,5
275,435,5
275,436,5
276,33,5
279,36,5
279,90,5
279,101,5
279,129,5
279,146,5
279,154,5
279,244,5
279,305,5
279,309,5
279,317,5
279,325,5
279,386,5
279,402,5
279,426,5
279,429,5
279,435,5
280,2,5
280,12,5
280,39,5
280,61,5
280,71,5
280,92,5
280,93,5
280,99,5
280,101,5
280,122,5
280,127,5
280,129,5
280,146,5
280,228,5
280,280,5
280,310,5
280,357,5
280,403,5
280,416,5
280,426,5
280,428,5
280,435,5
280,438,5
281,4,5
281,36,5
281,39,5
281,68,5
281,101,5
281,122,5
281,166,5
281,168,5
281,310,5
281,360,5
281,382,5
282,30,5
282,68,5
282,71,5
282,93,5
282,122,5
282,166,5
282,204,5
282,280,5
282,435,5
283,36,5
283,38,5
283,39,5
283,54,5
283,101,5
283,129,5
283,174,5
283,187,5
283,289,5
283,317,5
283,360,5
283,364,5
283,390,5
283,419,5
283,428,5
284,129,5
284,341,5
286,68,5
286,74,5
286,98,5
286,101,5
286,129,5
286,195,5
286,257,5
286,307,5
286,310,5
286,336,5
286,343,5
286,359,5
286,391,5
286,413,5
286,417,5
286,435,5
287,101,5
287,129,5
287,152,5
287,359,5
287,364,5
287,379,5
287,392,5
287,419,5
287,421,5
287,435,5
288,228,5
289,109,5
289,391,5
289,435,5
290,359,5
291,61,5
291,325,5
291,433,5
292,68,5
292,71,5
292,165,5
292,435,5
293,129,5
293,376,5
294,36,5
294,39,5
294,54,5
294,101,5
294,129,5
294,174,5
294,187,5
294,289,5
294,317,5
294,360,5
294,364,5
294,390,5
294,419,5
295,2,5
295,61,5
295,133,5
295,222,5
295,241,5
295,289,5
295,290,5
295,310,5
295,321,5
295,380,5
295,410,5
296,1,5
296,29,5
296,36,5
296,49,5
296,51,5
296,71,5
296,99,5
296,101,5
296,122,5
296,123,5
296,129,5
296,154,5
296,166,5
296,176,5
296,228,5
296,263,5
296,264,5
296,280,5
296,289,5
296,317,5
296,357,5
296,413,5
296,417,5
296,420,5
296,435,5
296,439,5
297,71,5
297,167,5
297,244,5
297,433,5
297,444,5
300,410,5
301,68,5
301,98,5
301,101,5
301,129,5
301,132,5
301,428,5
302,68,5
302,119,5
302,122,5
302,129,5
302,136,5
302,245,5
302,310,5
302,444,5
304,310,5
305,93,5
305,129,5
305,413,5
306,99,5
306,113,5
306,122,5
306,129,5
306,163,5
306,321,5
306,335,5
306,353,5
306,359,5
306,426,5
307,23,5
307,34,5
307,68,5
307,71,5
307,93,5
307,101,5
307,129,5
307,198,5
307,241,5
307,243,5
307,290,5
307,310,5
307,317,5
307,353,5
307,359,5
307,391,5
307,402,5
307,410,5
307,413,5
307,417,5
307,429,5
308,101,5
308,154,5
308,195,5
308,280,5
308,365,5
308,391,5
308,397,5
308,413,5
309,101,5
309,111,5
309,214,5
309,248,5
309,359,5
309,435,5
310,68,5
310,71,5
310,165,5
310,281,5
310,364,5
310,435,5
311,122,5
311,129,5
311,435,5
312,121,5
312,247,5
312,355,5
313,101,5
313,122,5
313,129,5
313,154,5
313,228,5
313,252,5
313,261,5
313,310,5
313,364,5
313,365,5
313,435,5
314,65,5
314,359,5
315,61,5
316,101,5
316,122,5
317,92,5
317,101,5
317,188,5
318,19,5
318,36,5
318,65,5
318,68,5
318,71,5
318,81,5
318,98,5
318,101,5
318,122,5
318,129,5
318,130,5
318,163,5
318,174,5
318,199,5
318,236,5
318,248,5
318,274,5
318,279,5
318,301,5
318,307,5
318,310,5
318,317,5
318,341,5
318,344,5
318,359,5
318,382,5
318,386,5
318,410,5
318,413,5
318,444,5
319,359,5
319,435,5
320,4,5
320,71,5
320,122,5
320,276,5
320,310,5
320,333,5
320,370,5
320,407,5
320,413,5
320,435,5
321,359,5
321,444,5
322,129,5
322,359,5
323,2,5
323,67,5
323,101,5
323,144,5
323,154,5
323,221,5
323,317,5
324,30,5
324,36,5
324,60,5
324,68,5
324,71,5
324,75,5
324,81,5
324,98,5
324,101,5
324,129,5
324,160,5
324,176,5
324,276,5
324,310,5
324,317,5
324,325,5
324,360,5
325,30,5
325,36,5
325,39,5
325,67,5
325,68,5
325,71,5
325,118,5
325,121,5
325,154,5
325,306,5
325,310,5
325,317,5
325,363,5
325,390,5
325,393,5
325,428,5
325,435,5
326,129,5
327,241,5
327,357,5
328,129,5
328,310,5
329,99,5
329,129,5
329,179,5
329,393,5
329,435,5
330,101,5
330,122,5
330,129,5
330,170,5
330,310,5
330,435,5
332,19,5
332,30,5
332,36,5
332,65,5
332,87,5
332,101,5
332,196,5
332,276,5
332,424,5
332,426,5
332,435,5
332,444,5
333,98,5
333,129,5
333,350,5
334,1,5
334,35,5
334,60,5
334,61,5
334,68,5
334,101,5
334,111,5
334,129,5
334,174,5
334,317,5
334,321,5
334,325,5
334,329,5
334,359,5
334,392,5
334,393,5
335,61,5
335,68,5
335,71,5
335,119,5
335,122,5
335,154,5
335,353,5
335,379,5
336,360,5
337,17,5
337,23,5
337,30,5
337,34,5
337,36,5
337,45,5
337,51,5
337,54,5
337,61,5
337,68,5
337,98,5
337,101,5
337,109,5
337,111,5
337,119,5
337,122,5
337,129,5
337,139,5
337,144,5
337,154,5
337,170,5
337,174,5
337,193,5
337,215,5
337,221,5
337,228,5
337,241,5
337,255,5
337,280,5
337,282,5
337,307,5
337,310,5
337,316,5
337,317,5
337,325,5
337,363,5
337,364,5
337,389,5
337,397,5
337,413,5
337,417,5
337,426,5
337,428,5
337,429,5
337,435,5
337,444,5
338,61,5
338,111,5
338,195,5
338,406,5
338,424,5
339,1,5
340,71,5
340,89,5
340,93,5
340,98,5
340,310,5
340,317,5
343,19,5
343,36,5
343,65,5
343,71,5
343,98,5
343,101,5
343,129,5
343,241,5
343,316,5
343,325,5
343,341,5
344,51,5
344,122,5
344,149,5
344,276,5
344,289,5
344,316,5
344,419,5
345,51,5
345,68,5
345,101,5
345,122,5
345,129,5
345,154,5
345,261,5
345,290,5
345,305,5
345,339,5
345,364,5
345,365,5
345,392,5
346,19,5
346,68,5
346,101,5
346,204,5
346,241,5
346,260,5
346,276,5
346,310,5
346,337,5
346,357,5
346,359,5
346,382,5
346,389,5
346,419,5
346,423,5
346,428,5
347,119,5
347,301,5
347,413,5
350,98,5
350,111,5
351,392,5
352,280,5
353,36,5
353,404,5
354,71,5
354,154,5
356,36,5
356,65,5
356,101,5
356,122,5
356,129,5
356,160,5
356,260,5
356,282,5
356,289,5
356,310,5
356,393,5
356,404,5
357,359,5
358,410,5
359,435,5
360,4,5
360,61,5
360,101,5
360,309,5
360,360,5
363,129,5
363,435,5
364,122,5
364,310,5
364,435,5
365,93,5
365,101,5
365,108,5
365,122,5
365,129,5
365,305,5
365,310,5
366,102,5
367,61,5
367,276,5
367,404,5
368,98,5
368,436,5
369,188,5
369,348,5
369,435,5
370,34,5
370,61,5
370,68,5
370,71,5
370,93,5
370,241,5
370,243,5
370,276,5
370,310,5
370,317,5
370,333,5
370,370,5
370,407,5
370,413,5
370,426,5
370,435,5
371,12,5
371,36,5
371,61,5
371,122,5
371,127,5
371,129,5
371,164,5
371,167,5
371,222,5
371,241,5
371,310,5
371,312,5
371,316,5
371,317,5
371,353,5
371,359,5
371,364,5
371,382,5
371,426,5
371,428,5
371,435,5
372,36,5
372,404,5
373,30,5
373,36,5
373,54,5
373,65,5
373,68,5
373,87,5
373,101,5
373,122,5
373,196,5
373,260,5
373,276,5
373,282,5
373,310,5
373,317,5
373,325,5
373,389,5
373,393,5
373,426,5
373,435,5
374,68,5
374,71,5
374,154,5
374,174,5
374,282,5
374,289,5
374,317,5
374,413,5
374,435,5
376,51,5
376,71,5
376,75,5
376,154,5
376,241,5
376,244,5
376,282,5
376,289,5
376,325,5
376,403,5
376,413,5
376,428,5
376,433,5
377,61,5
377,98,5
377,101,5
377,111,5
377,122,5
377,129,5
377,227,5
377,305,5
377,308,5
377,310,5
377,316,5
377,364,5
377,404,5
377,410,5
377,426,5
377,429,5
377,435,5
378,92,5
378,359,5
378,365,5
379,36,5
379,404,5
380,1,5
380,71,5
380,98,5
380,101,5
380,109,5
380,154,5
380,181,5
380,196,5
380,227,5
380,241,5
380,248,5
380,310,5
380,364,5
380,393,5
380,410,5
380,444,5
381,195,5
381,317,5
383,68,5
383,382,5
383,435,5
384,280,5
385,98,5
385,413,5
386,289,5
386,310,5
386,392,5
387,310,5
387,404,5
388,34,5
388,36,5
388,54,5
388,68,5
388,101,5
388,114,5
388,122,5
388,129,5
388,154,5
388,215,5
388,228,5
388,280,5
388,282,5
388,310,5
388,317,5
388,344,5
388,364,5
388,391,5
388,423,5
389,30,5
389,39,5
389,68,5
389,129,5
389,221,5
389,241,5
389,280,5
389,310,5
389,317,5
389,333,5
389,350,5
389,357,5
389,429,5
389,435,5
390,129,5
390,170,5
391,68,5
391,122,5
391,129,5
391,146,5
391,154,5
391,209,5
391,229,5
391,310,5
391,316,5
391,317,5
391,413,5
392,1,5
392,154,5
392,413,5
393,101,5
393,122,5
393,154,5
393,163,5
393,195,5
393,279,5
393,280,5
393,310,5
393,317,5
393,322,5
393,364,5
393,393,5
393,426,5
394,356,5
394,359,5
395,23,5
395,68,5
395,75,5
395,111,5
395,167,5
395,310,5
396,309,5
397,122,5
397,129,5
397,187,5
397,209,5
397,241,5
397,280,5
397,281,5
397,282,5
397,285,5
397,432,5
397,435,5
398,36,5
398,51,5
398,58,5
398,69,5
398,71,5
398,98,5
398,101,5
398,129,5
398,142,5
398,154,5
398,166,5
398,177,5
398,195,5
398,204,5
398,209,5
398,214,5
398,221,5
398,224,5
398,228,5
398,241,5
398,248,5
398,261,5
398,306,5
398,307,5
398,310,5
398,317,5
398,325,5
398,359,5
398,364,5
398,365,5
398,413,5
398,417,5
398,436,5
399,68,5
399,113,5
399,122,5
399,129,5
399,154,5
399,276,5
399,280,5
399,287,5
399,289,5
399,310,5
399,404,5
400,61,5
400,119,5
400,122,5
400,353,5
400,379,5
400,424,5
401,61,5
401,68,5
401,93,5
401,111,5
401,122,5
401,280,5
401,325,5
402,2,5
402,67,5
402,101,5
402,144,5
402,154,5
402,221,5
402,317,5
403,9,5
403,33,5
403,49,5
403,129,5
403,142,5
403,228,5
403,280,5
403,305,5
403,310,5
403,364,5
403,424,5
403,436,5
404,61,5
404,111,5
404,166,5
405,34,5
405,101,5
405,127,5
405,129,5
405,215,5
405,413,5
406,68,5
406,71,5
406,98,5
406,101,5
406,111,5
406,122,5
406,129,5
406,282,5
406,307,5
406,310,5
406,344,5
406,364,5
406,369,5
406,402,5
406,435,5
407,256,5
408,36,5
408,404,5
409,413,5
410,129,5
411,68,5
411,310,5
412,2,5
412,51,5
412,61,5
412,68,5
412,71,5
412,92,5
412,93,5
412,98,5
412,101,5
412,129,5
412,222,5
412,276,5
412,301,5
412,309,5
412,310,5
412,317,5
412,359,5
412,364,5
412,435,5
413,51,5
413,60,5
413,65,5
413,68,5
413,69,5
413,98,5
413,101,5
413,122,5
413,129,5
413,136,5
413,154,5
413,166,5
413,177,5
413,188,5
413,215,5
413,241,5
413,261,5
413,276,5
413,280,5
413,307,5
413,310,5
413,317,5
413,339,5
413,359,5
413,365,5
413,402,5
413,410,5
413,413,5
413,435,5
414,19,5
414,129,5
414,317,5
415,67,5
415,122,5
415,337,5
415,359,5
416,111,5
416,119,5
416,122,5
416,129,5
416,280,5
416,281,5
416,310,5
416,413,5
416,435,5
417,1,5
417,101,5
419,122,5
420,122,5
420,129,5
420,317,5
420,435,5
421,61,5
421,67,5
421,68,5
421,127,5
421,373,5
421,424,5
422,1,5
422,36,5
422,68,5
422,129,5
422,138,5
422,418,5
423,35,5
423,101,5
423,122,5
423,210,5
424,36,5
424,49,5
424,54,5
424,61,5
424,68,5
424,69,5
424,71,5
424,98,5
424,122,5
424,142,5
424,154,5
424,163,5
424,166,5
424,177,5
424,192,5
424,195,5
424,199,5
424,204,5
424,214,5
424,221,5
424,224,5
424,241,5
424,261,5
424,280,5
424,306,5
424,307,5
424,310,5
424,317,5
424,325,5
424,334,5
424,339,5
424,359,5
424,364,5
424,392,5
424,410,5
424,413,5
424,417,5
424,426,5
424,429,5
425,129,5
425,154,5
425,310,5
425,325,5
425,435,5
426,143,5
426,325,5
428,61,5
428,98,5
428,101,5
428,121,5
428,129,5
428,132,5
428,154,5
428,280,5
428,359,5
428,402,5
428,406,5
428,424,5
428,426,5
429,12,5
429,36,5
429,61,5
429,122,5
429,127,5
429,129,5
429,164,5
429,167,5
429,222,5
429,241,5
429,312,5
429,316,5
429,317,5
429,359,5
429,364,5
429,379,5
429,426,5
429,428,5
429,435,5
430,129,5
430,435,5
431,170,5
431,234,5
431,289,5
431,317,5
432,68,5
432,71,5
432,98,5
432,122,5
432,165,5
432,221,5
432,348,5
433,68,5
433,255,5
433,359,5
433,413,5
434,4,5
434,36,5
434,39,5
434,68,5
434,101,5
434,122,5
434,166,5
434,168,5
434,310,5
434,359,5
434,360,5
434,382,5
435,282,5
436,111,5
436,129,5
436,143,5
436,379,5
436,410,5
436,413,5
438,35,5
438,61,5
438,67,5
438,68,5
438,71,5
438,110,5
438,122,5
438,129,5
438,154,5
438,156,5
438,160,5
438,166,5
438,167,5
438,191,5
438,193,5
438,221,5
438,248,5
438,255,5
438,276,5
438,290,5
438,310,5
438,316,5
438,325,5
438,364,5
438,388,5
438,413,5
438,428,5
438,435,5
439,129,5
439,435,5
440,241,5
441,69,5
441,71,5
441,274,5
441,317,5
441,325,5
441,351,5
441,413,5
441,426,5
442,12,5
442,36,5
442,54,5
442,65,5
442,71,5
442,78,5
442,101,5
442,110,5
442,111,5
442,121,5
442,129,5
442,137,5
442,160,5
442,176,5
442,276,5
442,289,5
442,310,5
442,319,5
442,325,5
442,359,5
442,393,5
442,423,5
442,426,5
443,54,5
443,68,5
443,86,5
443,92,5
443,93,5
443,123,5
443,154,5
443,195,5
443,241,5
443,243,5
443,301,5
443,321,5
443,363,5
443,413,5
444,122,5
446,154,5
447,61,5
447,68,5
447,83,5
447,101,5
447,129,5
447,154,5
447,167,5
447,190,5
447,222,5
447,280,5
447,290,5
447,310,5
447,317,5
447,342,5
447,413,5
447,435,5
448,444,5
449,101,5
449,129,5
449,222,5
450,36,5
450,39,5
450,65,5
450,101,5
450,122,5
450,129,5
450,174,5
450,228,5
450,280,5
450,287,5
450,310,5
450,410,5
450,413,5
451,19,5
451,74,5
451,98,5
451,122,5
451,123,5
451,198,5
451,199,5
451,222,5
451,257,5
451,310,5
451,316,5
451,317,5
451,359,5
451,393,5
451,426,5
451,435,5
451,436,5
453,195,5
453,392,5
454,308,5
455,99,5
455,309,5
455,316,5
456,68,5
456,113,5
456,121,5
456,129,5
456,289,5
456,317,5
456,336,5
456,438,5
457,68,5
457,119,5
457,129,5
457,305,5
457,325,5
458,30,5
458,75,5
458,129,5
458,160,5
458,170,5
458,267,5
458,402,5
458,410,5
458,435,5
459,54,5
459,122,5
459,129,5
459,195,5
459,360,5
459,399,5
459,413,5
459,428,5
460,129,5
460,413,5
461,129,5
461,177,5
462,119,5
462,122,5
462,310,5
463,289,5
464,16,5
464,36,5
464,61,5
464,67,5
464,68,5
464,71,5
464,82,5
464,111,5
464,113,5
464,121,5
464,122,5
464,123,5
464,129,5
464,143,5
464,209,5
464,241,5
464,310,5
464,317,5
464,325,5
464,337,5
464,344,5
464,367,5
464,370,5
464,379,5
464,393,5
464,413,5
464,429,5
464,434,5
464,435,5
465,101,5
465,289,5
465,364,5
467,309,5
467,424,5
469,310,5
469,428,5
470,34,5
470,98,5
470,101,5
470,122,5
470,204,5
470,310,5
470,364,5
470,436,5
471,98,5
472,102,5
472,129,5
472,289,5
473,352,5
474,2,5
474,34,5
474,35,5
474,54,5
474,60,5
474,61,5
474,68,5
474,71,5
474,93,5
474,98,5
474,99,5
474,101,5
474,108,5
474,114,5
474,122,5
474,143,5
474,166,5
474,198,5
474,221,5
474,255,5
474,259,5
474,276,5
474,289,5
474,301,5
474,310,5
474,317,5
474,322,5
474,337,5
474,357,5
474,359,5
474,360,5
474,369,5
474,388,5
474,390,5
474,392,5
474,393,5
474,413,5
474,416,5
474,429,5
475,310,5
476,353,5
477,60,5
477,101,5
477,102,5
477,122,5
477,129,5
477,267,5
477,353,5
477,356,5
477,435,5
478,176,5
478,310,5
479,413,5
481,154,5
481,170,5
482,36,5
482,51,5
482,60,5
482,67,5
482,71,5
482,98,5
482,101,5
482,111,5
482,154,5
482,193,5
482,211,5
482,224,5
482,227,5
482,228,5
482,317,5
482,341,5
482,350,5
482,428,5
483,68,5
483,122,5
483,154,5
483,248,5
484,111,5
484,129,5
484,256,5
485,1,5
485,33,5
485,239,5
485,310,5
487,54,5
487,101,5
487,111,5
487,122,5
487,154,5
487,241,5
487,245,5
487,279,5
487,310,5
487,317,5
487,321,5
487,397,5
487,413,5
488,69,5
488,107,5
488,360,5
488,436,5
489,129,5
489,319,5
490,119,5
490,122,5
491,154,5
492,119,5
492,122,5
492,129,5
492,317,5
493,101,5
493,111,5
493,217,5
493,316,5
493,426,5
493,435,5
494,310,5
494,360,5
494,435,5
495,102,5
495,129,5
495,435,5
498,98,5
498,101,5
498,122,5
499,30,5
499,35,5
499,129,5
499,251,5
499,393,5
499,435,5
500,9,5
500,34,5
500,36,5
500,38,5
500,68,5
500,98,5
500,101,5
500,122,5
500,129,5
500,154,5
500,174,5
500,187,5
500,195,5
500,214,5
500,215,5
500,276,5
500,280,5
500,287,5
500,289,5
500,310,5
500,316,5
500,344,5
500,348,5
500,359,5
500,370,5
500,382,5
500,391,5
500,404,5
500,408,5
500,413,5
500,417,5
500,419,5
500,428,5
500,436,5
501,94,5
501,122,5
501,187,5
501,280,5
501,376,5
502,9,5
502,12,5
502,36,5
502,39,5
502,68,5
502,99,5
502,122,5
502,129,5
502,228,5
502,410,5
502,435,5
503,234,5
504,35,5
504,39,5
504,51,5
504,93,5
504,98,5
504,99,5
504,100,5
504,101,5
504,111,5
504,122,5
504,129,5
504,154,5
504,174,5
504,221,5
504,228,5
504,248,5
504,280,5
504,287,5
504,310,5
504,317,5
504,344,5
504,360,5
504,364,5
504,376,5
504,391,5
504,402,5
504,404,5
504,413,5
504,416,5
504,426,5
504,428,5
504,435,5
505,35,5
505,51,5
505,122,5
505,129,5
505,317,5
505,325,5
505,359,5
505,410,5
506,16,5
506,36,5
506,51,5
506,61,5
506,65,5
506,68,5
506,71,5
506,78,5
506,93,5
506,101,5
506,166,5
506,176,5
506,193,5
506,228,5
506,241,5
506,280,5
506,289,5
506,310,5
506,316,5
506,317,5
506,348,5
506,353,5
506,357,5
506,381,5
506,413,5
506,417,5
507,122,5
507,360,5
508,71,5
508,221,5
509,35,5
509,36,5
509,49,5
509,61,5
509,101,5
509,102,5
509,122,5
509,193,5
509,352,5
509,359,5
509,399,5
510,102,5
510,129,5
511,68,5
511,71,5
511,122,5
511,129,5
511,154,5
511,190,5
511,193,5
511,248,5
511,276,5
511,280,5
511,310,5
511,317,5
511,348,5
511,379,5
511,406,5
511,413,5
511,424,5
511,435,5
512,67,5
512,122,5
512,129,5
512,221,5
512,289,5
512,317,5
513,68,5
513,101,5
513,228,5
513,280,5
513,364,5
513,435,5
514,154,5
515,132,5
515,241,5
515,417,5
515,434,5
515,435,5
516,36,5
516,404,5
517,30,5
517,139,5
517,276,5
517,316,5
517,413,5
517,435,5
518,337,5
518,359,5
519,214,5
519,216,5
520,4,5
520,19,5
520,101,5
520,121,5
520,122,5
520,129,5
520,274,5
520,282,5
520,310,5
520,317,5
520,364,5
520,382,5
520,428,5
522,61,5
522,68,5
522,69,5
522,71,5
522,99,5
522,119,5
522,122,5
522,129,5
522,216,5
522,276,5
522,317,5
522,344,5
523,2,5
523,23,5
523,35,5
523,36,5
523,38,5
523,61,5
523,67,5
523,101,5
523,144,5
523,146,5
523,154,5
523,174,5
523,187,5
523,221,5
523,289,5
523,317,5
523,382,5
523,404,5
523,419,5
523,428,5
523,435,5
524,60,5
524,68,5
524,71,5
524,111,5
524,129,5
524,154,5
524,204,5
524,310,5
524,317,5
525,214,5
526,195,5
527,36,5
527,404,5
529,111,5
530,35,5
530,51,5
530,65,5
530,93,5
530,98,5
530,99,5
530,101,5
530,122,5
530,129,5
530,154,5
530,221,5
530,225,5
530,241,5
530,267,5
530,280,5
530,287,5
530,310,5
530,316,5
530,317,5
530,360,5
530,404,5
530,413,5
530,439,5
531,36,5
531,404,5
532,68,5
532,71,5
532,74,5
532,98,5
532,119,5
532,122,5
532,139,5
532,154,5
532,222,5
532,289,5
532,310,5
532,317,5
532,344,5
532,359,5
532,410,5
533,71,5
533,74,5
533,101,5
533,129,5
533,214,5
533,221,5
533,228,5
533,289,5
533,360,5
533,410,5
534,122,5
535,68,5
535,71,5
535,129,5
535,241,5
535,317,5
535,359,5
535,403,5
535,413,5
535,435,5
536,39,5
536,71,5
536,122,5
536,281,5
536,310,5
536,317,5
536,413,5
537,54,5
537,60,5
537,98,5
537,129,5
537,154,5
537,176,5
537,280,5
537,317,5
537,334,5
537,364,5
537,369,5
537,410,5
538,111,5
538,242,5
539,1,5
539,2,5
539,9,5
539,23,5
539,30,5
539,35,5
539,36,5
539,51,5
539,54,5
539,60,5
539,61,5
539,65,5
539,68,5
539,71,5
539,78,5
539,81,5
539,83,5
539,89,5
539,90,5
539,92,5
539,98,5
539,99,5
539,100,5
539,101,5
539,109,5
539,110,5
539,111,5
539,114,5
539,119,5
539,121,5
539,122,5
539,129,5
539,130,5
539,134,5
539,136,5
539,137,5
539,138,5
539,142,5
539,143,5
539,144,5
539,146,5
539,154,5
539,155,5
539,160,5
539,164,5
539,166,5
539,167,5
539,174,5
539,192,5
539,195,5
539,209,5
539,211,5
539,222,5
539,227,5
539,228,5
539,241,5
539,248,5
539,251,5
539,255,5
539,261,5
539,268,5
539,274,5
539,276,5
539,280,5
539,283,5
539,290,5
539,301,5
539,305,5
539,306,5
539,307,5
539,309,5
539,310,5
539,311,5
539,312,5
539,316,5
539,317,5
539,321,5
539,325,5
539,339,5
539,348,5
539,359,5
539,363,5
539,364,5
539,365,5
539,371,5
539,376,5
539,379,5
539,387,5
539,388,5
539,389,5
539,390,5
539,391,5
539,392,5
539,402,5
539,403,5
539,406,5
539,410,5
539,413,5
539,417,5
539,423,5
539,424,5
539,426,5
539,429,5
539,435,5
539,436,5
539,444,5
540,267,5
541,71,5
541,410,5
542,12,5
542,34,5
542,36,5
542,51,5
542,61,5
542,68,5
542,71,5
542,85,5
542,93,5
542,98,5
542,99,5
542,127,5
542,129,5
542,137,5
542,167,5
542,204,5
542,217,5
542,222,5
542,228,5
542,241,5
542,267,5
542,274,5
542,280,5
542,310,5
542,316,5
542,317,5
542,321,5
542,329,5
542,353,5
542,357,5
542,359,5
542,364,5
542,382,5
542,424,5
542,444,5
543,68,5
543,99,5
543,122,5
543,129,5
543,299,5
543,310,5
543,344,5
543,353,5
543,357,5
543,404,5
543,410,5
543,413,5
544,71,5
544,319,5
544,435,5
545,54,5
545,316,5
545,359,5
545,424,5
547,122,5
549,35,5
549,310,5
550,92,5
551,344,5
552,101,5
552,129,5
553,71,5
554,92,5
554,113,5
554,129,5
554,410,5
556,67,5
556,122,5
556,359,5
558,289,5
559,71,5
559,98,5
559,101,5
559,410,5
560,325,5
561,71,5
561,129,5
561,132,5
561,160,5
561,165,5
561,238,5
561,444,5
562,35,5
562,49,5
562,51,5
562,54,5
562,65,5
562,68,5
562,71,5
562,101,5
562,122,5
562,129,5
562,130,5
562,154,5
562,209,5
562,214,5
562,229,5
562,241,5
562,261,5
562,309,5
562,310,5
562,316,5
562,317,5
562,353,5
562,410,5
562,411,5
562,413,5
562,439,5
563,68,5
563,101,5
563,129,5
563,152,5
563,359,5
563,364,5
563,379,5
563,392,5
563,419,5
563,421,5
563,435,5
564,30,5
564,35,5
564,68,5
564,98,5
564,101,5
564,129,5
564,137,5
564,139,5
564,181,5
564,241,5
564,243,5
564,251,5
564,268,5
564,274,5
564,279,5
564,310,5
564,317,5
564,325,5
564,364,5
564,393,5
564,410,5
564,435,5
564,444,5
565,2,5
565,4,5
565,36,5
565,51,5
565,61,5
565,65,5
565,68,5
565,71,5
565,89,5
565,92,5
565,98,5
565,101,5
565,111,5
565,121,5
565,122,5
565,129,5
565,154,5
565,222,5
565,224,5
565,227,5
565,228,5
565,230,5
565,241,5
565,245,5
565,260,5
565,261,5
565,280,5
565,305,5
565,310,5
565,311,5
565,317,5
565,325,5
565,344,5
565,359,5
565,364,5
565,365,5
565,366,5
565,376,5
565,382,5
565,388,5
565,390,5
565,398,5
565,404,5
565,406,5
565,410,5
565,413,5
565,417,5
565,426,5
565,436,5
566,18,5
566,60,5
566,71,5
566,241,5
566,284,5
566,317,5
566,397,5
567,36,5
567,68,5
567,71,5
567,101,5
567,111,5
567,165,5
567,221,5
567,289,5
567,359,5
568,2,5
568,35,5
568,36,5
568,38,5
568,61,5
568,67,5
568,68,5
568,98,5
568,101,5
568,122,5
568,129,5
568,133,5
568,144,5
568,154,5
568,156,5
568,160,5
568,187,5
568,221,5
568,248,5
568,280,5
568,310,5
568,317,5
568,372,5
568,382,5
568,419,5
568,428,5
568,436,5
570,35,5
570,51,5
570,54,5
570,68,5
570,71,5
570,101,5
570,119,5
570,122,5
570,129,5
570,154,5
570,174,5
570,221,5
570,234,5
570,289,5
570,310,5
570,317,5
570,365,5
571,23,5
571,61,5
571,71,5
571,101,5
571,122,5
571,129,5
571,164,5
571,222,5
571,241,5
571,261,5
571,276,5
571,310,5
571,333,5
571,370,5
571,371,5
571,407,5
571,413,5
571,426,5
571,435,5
572,54,5
572,316,5
572,359,5
572,424,5
573,289,5
574,98,5
574,101,5
574,129,5
574,146,5
574,247,5
574,310,5
574,317,5
574,342,5
574,355,5
574,364,5
574,413,5
574,444,5
576,61,5
577,36,5
577,404,5
578,68,5
578,279,5
578,417,5
578,435,5
579,413,5
579,436,5
580,54,5
580,60,5
580,61,5
580,68,5
580,71,5
580,81,5
580,89,5
580,98,5
580,104,5
580,111,5
580,113,5
580,122,5
580,129,5
580,143,5
580,170,5
580,221,5
580,241,5
580,280,5
580,310,5
580,320,5
580,341,5
580,346,5
580,355,5
580,357,5
580,413,5
580,417,5
580,428,5
581,19,5
581,23,5
581,61,5
581,67,5
581,71,5
581,111,5
581,122,5
581,204,5
581,276,5
581,289,5
581,309,5
581,310,5
581,424,5
581,428,5
582,101,5
582,436,5
583,260,5
583,357,5
583,359,5
583,382,5
583,419,5
583,423,5
583,428,5
584,54,5
584,101,5
584,280,5
585,61,5
585,68,5
585,101,5
585,122,5
585,129,5
585,136,5
585,163,5
585,228,5
585,241,5
585,301,5
585,310,5
585,317,5
585,325,5
585,390,5
585,410,5
586,19,5
586,36,5
586,61,5
586,65,5
586,71,5
586,100,5
586,111,5
586,129,5
586,143,5
586,146,5
586,217,5
586,228,5
586,241,5
586,255,5
586,310,5
586,317,5
586,325,5
586,367,5
586,379,5
586,434,5
587,61,5
587,122,5
587,154,5
587,391,5
588,68,5
588,129,5
588,154,5
588,255,5
588,282,5
588,289,5
588,393,5
589,16,5
589,19,5
589,36,5
589,54,5
589,68,5
589,122,5
589,143,5
589,241,5
589,310,5
589,317,5
589,344,5
589,358,5
589,370,5
589,393,5
589,413,5
589,435,5
590,35,5
590,68,5
590,71,5
590,93,5
590,101,5
590,119,5
590,123,5
590,129,5
590,209,5
590,222,5
590,241,5
590,280,5
590,298,5
590,306,5
590,310,5
590,352,5
590,353,5
590,357,5
590,359,5
590,413,5
590,428,5
590,436,5
590,445,5
591,34,5
591,129,5
591,217,5
591,325,5
591,413,5
591,429,5
592,214,5
592,319,5
595,23,5
595,61,5
595,71,5
595,101,5
595,122,5
595,129,5
595,164,5
595,222,5
595,241,5
595,261,5
595,276,5
595,310,5
595,333,5
595,370,5
595,371,5
595,407,5
595,413,5
595,426,5
595,444,5
596,2,5
596,16,5
596,23,5
596,34,5
596,49,5
596,51,5
596,61,5
596,68,5
596,93,5
596,98,5
596,101,5
596,107,5
596,119,5
596,120,5
596,122,5
596,129,5
596,142,5
596,154,5
596,160,5
596,167,5
596,211,5
596,241,5
596,280,5
596,282,5
596,309,5
596,310,5
596,317,5
596,359,5
596,403,5
596,413,5
596,445,5
597,2,5
597,154,5
597,359,5
598,391,5
599,2,5
599,4,5
599,60,5
599,67,5
599,68,5
599,71,5
599,90,5
599,92,5
599,93,5
599,109,5
599,171,5
599,193,5
599,238,5
599,241,5
599,243,5
599,263,5
599,276,5
599,310,5
599,322,5
599,333,5
599,344,5
599,370,5
599,407,5
599,413,5
600,122,5
600,310,5
601,16,5
601,36,5
601,60,5
601,69,5
601,71,5
601,101,5
601,142,5
601,166,5
601,187,5
601,202,5
601,224,5
601,241,5
601,261,5
601,307,5
601,310,5
601,317,5
601,321,5
601,325,5
601,364,5
601,413,5
601,417,5
601,435,5
602,1,5
602,23,5
602,98,5
602,101,5
602,129,5
602,325,5
602,359,5
602,410,5
604,280,5
605,129,5
605,289,5
606,289,5
607,2,5
607,16,5
607,30,5
607,36,5
607,51,5
607,54,5
607,61,5
607,65,5
607,68,5
607,71,5
607,101,5
607,111,5
607,122,5
607,129,5
607,146,5
607,154,5
607,160,5
607,170,5
607,211,5
607,214,5
607,221,5
607,227,5
607,255,5
607,276,5
607,280,5
607,310,5
607,326,5
607,333,5
607,339,5
607,341,5
607,365,5
607,376,5
607,386,5
607,390,5
607,391,5
607,399,5
607,413,5
607,444,5
608,39,5
608,54,5
608,61,5
608,99,5
608,174,5
608,185,5
608,187,5
608,221,5
608,289,5
608,426,5
608,429,5
609,119,5
609,435,5
610,34,5
610,68,5
610,71,5
610,93,5
610,101,5
610,122,5
610,129,5
610,209,5
610,272,5
610,310,5
610,317,5
610,359,5
610,413,5
610,428,5
610,435,5
611,19,5
611,111,5
611,187,5
611,217,5
611,222,5
613,34,5
613,122,5
613,215,5
614,2,5
614,12,5
614,19,5
614,30,5
614,68,5
614,71,5
614,83,5
614,98,5
614,101,5
614,114,5
614,122,5
614,129,5
614,152,5
614,154,5
614,160,5
614,167,5
614,193,5
614,198,5
614,222,5
614,238,5
614,239,5
614,241,5
614,245,5
614,263,5
614,269,5
614,280,5
614,282,5
614,289,5
614,301,5
614,316,5
614,325,5
614,344,5
614,359,5
614,364,5
614,376,5
614,381,5
614,386,5
614,413,5
614,423,5
614,424,5
614,428,5
614,435,5
615,18,5
615,23,5
615,35,5
615,39,5
615,68,5
615,98,5
615,101,5
615,129,5
615,143,5
615,209,5
615,227,5
615,241,5
615,282,5
615,289,5
615,310,5
615,321,5
615,359,5
615,413,5
615,426,5
615,429,5
615,433,5
615,435,5
616,12,5
616,36,5
616,54,5
616,60,5
616,65,5
616,68,5
616,71,5
616,78,5
616,110,5
616,111,5
616,121,5
616,129,5
616,137,5
616,160,5
616,276,5
616,280,5
616,289,5
616,310,5
616,325,5
616,359,5
616,393,5
616,413,5
616,423,5
616,426,5
618,4,5
618,36,5
618,51,5
618,60,5
618,71,5
618,98,5
618,101,5
618,122,5
618,154,5
618,166,5
618,177,5
618,187,5
618,214,5
618,222,5
618,224,5
618,228,5
618,241,5
618,261,5
618,276,5
618,301,5
618,307,5
618,310,5
618,317,5
618,325,5
618,334,5
618,364,5
618,413,5
618,417,5
619,391,5
620,289,5
621,122,5
624,359,5
625,68,5
625,391,5
626,35,5
626,154,5
626,195,5
626,410,5
627,4,5
627,36,5
627,39,5
627,68,5
627,101,5
627,122,5
627,166,5
627,168,5
627,310,5
627,360,5
627,382,5
629,109,5
629,435,5
630,71,5
630,336,5
631,54,5
632,23,5
632,122,5
632,129,5
632,187,5
632,309,5
632,435,5
633,71,5
633,122,5
633,154,5
633,228,5
633,241,5
633,261,5
633,280,5
633,310,5
633,339,5
633,367,5
633,428,5
634,129,5
635,129,5
635,279,5
635,364,5
635,410,5
635,413,5
635,434,5
636,424,5
637,60,5
637,61,5
637,71,5
637,93,5
637,98,5
637,101,5
637,114,5
637,122,5
637,129,5
637,136,5
637,154,5
637,221,5
637,279,5
637,289,5
637,310,5
637,344,5
637,379,5
637,391,5
637,423,5
637,426,5
637,428,5
637,435,5
637,444,5
639,39,5
639,54,5
639,61,5
639,99,5
639,170,5
639,174,5
639,185,5
639,187,5
639,221,5
639,289,5
639,360,5
639,426,5
639,429,5
640,61,5
640,99,5
640,111,5
640,316,5
641,34,5
641,36,5
641,49,5
641,51,5
641,65,5
641,68,5
641,71,5
641,75,5
641,86,5
641,92,5
641,101,5
641,122,5
641,129,5
641,154,5
641,222,5
641,241,5
641,261,5
641,274,5
641,279,5
641,282,5
641,290,5
641,306,5
641,336,5
641,348,5
641,364,5
641,365,5
641,413,5
641,418,5
641,426,5
641,435,5
641,444,5
642,321,5
643,39,5
643,68,5
643,193,5
643,195,5
643,413,5
643,416,5
643,417,5
643,435,5
643,444,5
644,289,5
645,129,5
646,129,5
646,310,5
646,417,5
647,102,5
647,129,5
649,2,5
649,35,5
649,36,5
649,71,5
649,72,5
649,86,5
649,93,5
649,98,5
649,99,5
649,109,5
649,122,5
649,129,5
649,137,5
649,164,5
649,190,5
649,228,5
649,241,5
649,261,5
649,274,5
649,280,5
649,282,5
649,302,5
649,317,5
649,325,5
649,359,5
649,413,5
649,423,5
649,424,5
649,426,5
650,30,5
650,39,5
650,67,5
650,68,5
650,72,5
650,92,5
650,101,5
650,118,5
650,122,5
650,129,5
650,143,5
650,148,5
650,154,5
650,209,5
650,217,5
650,247,5
650,267,5
650,280,5
650,290,5
650,301,5
650,306,5
650,310,5
650,317,5
650,360,5
650,381,5
650,410,5
650,413,5
650,435,5
651,65,5
652,129,5
652,276,5
652,289,5
652,410,5
653,23,5
653,44,5
653,71,5
653,92,5
653,129,5
653,133,5
653,217,5
653,280,5
653,310,5
653,317,5
653,333,5
653,408,5
653,424,5
653,435,5
653,436,5
655,36,5
655,60,5
655,101,5
655,129,5
655,170,5
655,241,5
655,289,5
655,310,5
655,316,5
655,317,5
656,36,5
656,122,5
656,413,5
656,435,5
657,154,5
659,99,5
659,122,5
659,129,5
659,168,5
659,310,5
659,341,5
659,390,5
659,435,5
663,23,5
663,51,5
663,54,5
663,68,5
663,71,5
663,75,5
663,82,5
663,90,5
663,119,5
663,170,5
663,195,5
663,241,5
663,243,5
663,276,5
663,310,5
663,317,5
663,333,5
663,352,5
663,359,5
663,364,5
663,370,5
663,402,5
663,407,5
663,413,5
663,426,5
663,435,5
663,436,5
664,19,5
664,36,5
664,39,5
664,68,5
664,71,5
664,122,5
664,129,5
664,154,5
664,209,5
664,359,5
664,435,5
664,444,5
666,241,5
667,276,5
668,23,5
668,51,5
668,60,5
668,67,5
668,68,5
668,71,5
668,73,5
668,98,5
668,121,5
668,129,5
668,154,5
668,176,5
668,241,5
668,243,5
668,276,5
668,281,5
668,310,5
668,317,5
668,322,5
668,333,5
668,364,5
668,370,5
668,407,5
668,413,5
668,426,5
668,429,5
668,435,5
669,101,5
669,111,5
669,217,5
669,316,5
669,426,5
669,435,5
670,2,5
670,36,5
670,38,5
670,51,5
670,61,5
670,67,5
670,68,5
670,71,5
670,86,5
670,98,5
670,101,5
670,119,5
670,122,5
670,129,5
670,144,5
670,151,5
670,154,5
670,174,5
670,187,5
670,221,5
670,228,5
670,248,5
670,274,5
670,280,5
670,282,5
670,287,5
670,310,5
670,317,5
670,325,5
670,353,5
670,359,5
670,382,5
670,391,5
670,413,5
670,417,5
670,419,5
670,428,5
670,429,5
670,434,5
671,337,5
671,359,5
672,176,5
673,2,5
673,34,5
673,36,5
673,54,5
673,61,5
673,71,5
673,86,5
673,92,5
673,93,5
673,98,5
673,101,5
673,107,5
673,111,5
673,122,5
673,129,5
673,136,5
673,154,5
673,195,5
673,198,5
673,199,5
673,204,5
673,211,5
673,212,5
673,221,5
673,241,5
673,255,5
673,276,5
673,279,5
673,280,5
673,284,5
673,290,5
673,305,5
673,310,5
673,317,5
673,321,5
673,325,5
673,333,5
673,335,5
673,339,5
673,344,5
673,359,5
673,364,5
673,365,5
673,369,5
673,371,5
673,393,5
673,397,5
673,413,5
673,417,5
673,424,5
673,428,5
673,436,5
673,437,5
673,444,5
674,35,5
675,413,5
676,36,5
676,435,5
677,122,5
677,289,5
677,310,5
677,337,5
677,417,5
679,122,5
679,241,5
679,289,5
679,309,5
679,310,5
679,410,5
679,444,5
680,30,5
680,51,5
680,68,5
680,101,5
680,154,5
680,228,5
680,241,5
680,255,5
680,310,5
680,316,5
680,317,5
680,353,5
680,363,5
680,390,5
680,413,5
680,435,5
681,75,5
681,111,5
681,129,5
682,60,5
682,113,5
682,122,5
682,222,5
682,227,5
682,241,5
682,317,5
682,364,5
684,98,5
685,195,5
685,222,5
685,435,5
686,119,5
686,122,5
686,187,5
686,280,5
686,309,5
686,435,5
688,310,5
690,129,5
691,19,5
691,36,5
691,51,5
691,54,5
691,61,5
691,67,5
691,68,5
691,69,5
691,71,5
691,101,5
691,111,5
691,122,5
691,129,5
691,195,5
691,209,5
691,217,5
691,222,5
691,241,5
691,280,5
691,310,5
691,325,5
691,364,5
691,410,5
691,413,5
691,417,5
691,435,5
691,445,5
692,98,5
693,413,5
694,65,5
695,35,5
695,61,5
695,68,5
695,69,5
695,71,5
695,99,5
695,101,5
695,107,5
695,109,5
695,111,5
695,119,5
695,122,5
695,129,5
695,136,5
695,146,5
695,154,5
695,160,5
695,174,5
695,221,5
695,227,5
695,280,5
695,287,5
695,291,5
695,310,5
695,317,5
695,339,5
695,359,5
695,364,5
695,386,5
695,413,5
695,424,5
696,99,5
696,309,5
696,316,5
697,68,5
697,129,5
697,279,5
697,359,5
697,413,5
697,429,5
697,435,5
698,444,5
699,32,5
699,65,5
699,101,5
699,119,5
699,122,5
699,146,5
699,179,5
699,243,5
699,279,5
699,310,5
699,311,5
699,348,5
699,359,5
699,363,5
699,364,5
699,379,5
699,393,5
699,413,5
699,424,5
700,61,5
700,111,5
700,166,5
701,2,5
701,4,5
701,19,5
701,36,5
701,54,5
701,61,5
701,71,5
701,86,5
701,90,5
701,98,5
701,111,5
701,129,5
701,154,5
701,199,5
701,212,5
701,221,5
701,235,5
701,255,5
701,260,5
701,279,5
701,280,5
701,282,5
701,284,5
701,290,5
701,310,5
701,317,5
701,321,5
701,325,5
701,333,5
701,344,5
701,359,5
701,360,5
701,364,5
701,391,5
701,410,5
701,413,5
701,417,5
701,426,5
701,444,5
702,69,5
702,101,5
702,114,5
702,119,5
702,129,5
702,154,5
702,221,5
702,310,5
702,360,5
702,423,5
704,51,5
704,101,5
705,12,5
705,16,5
705,34,5
705,61,5
705,68,5
705,86,5
705,93,5
705,101,5
705,114,5
705,119,5
705,127,5
705,143,5
705,166,5
705,170,5
705,190,5
705,280,5
705,282,5
705,305,5
705,310,5
705,317,5
705,321,5
705,325,5
705,329,5
705,357,5
705,390,5
705,391,5
705,413,5
705,423,5
705,440,5
706,241,5
707,122,5
708,39,5
708,68,5
708,101,5
708,129,5
708,143,5
708,154,5
708,257,5
708,282,5
708,310,5
708,348,5
708,413,5
709,129,5
709,310,5
710,1,5
710,16,5
710,49,5
710,58,5
710,67,5
710,68,5
710,122,5
710,129,5
710,154,5
710,161,5
710,195,5
710,227,5
710,241,5
710,245,5
710,276,5
710,310,5
710,316,5
710,321,5
710,325,5
710,344,5
710,362,5
710,367,5
710,397,5
710,404,5
710,435,5
710,441,5
711,99,5
711,122,5
711,129,5
711,168,5
711,310,5
711,321,5
711,390,5
712,129,5
