1,22,4
1,122,5
1,289,5
1,319,5
2,12,1
2,30,5
2,61,3
2,67,5
2,68,3
2,87,3
2,115,3
2,118,5
2,121,5
2,123,2
2,129,3
2,143,1
2,199,1
2,241,3
2,255,2
2,262,4
2,305,2
2,306,5
2,310,3
2,353,3
2,359,3
2,363,5
2,379,1
2,382,3
2,388,1
2,390,5
2,393,5
2,413,2
2,414,3
2,423,2
2,428,5
2,444,3
3,2,3
3,3,4
3,10,4
3,12,1
3,22,4
3,23,1
3,30,1
3,32,4
3,34,3
3,36,4
3,41,4
3,45,5
3,49,4
3,51,4
3,52,3
3,54,1
3,57,4
3,60,5
3,61,3
3,68,3
3,71,1
3,73,2
3,74,4
3,75,5
3,76,3
3,78,5
3,84,4
3,86,1
3,95,3
3,98,4
3,99,1
3,101,3
3,105,3
3,111,5
3,113,4
3,114,1
3,115,4
3,116,3
3,119,1
3,120,1
3,122,1
3,123,1
3,127,1
3,129,3
3,135,1
3,144,3
3,146,5
3,152,3
3,154,5
3,155,1
3,160,1
3,162,4
3,164,1
3,165,5
3,166,4
3,167,3
3,171,3
3,176,5
3,182,4
3,190,1
3,195,1
3,197,4
3,198,5
3,199,4
3,200,3
3,204,3
3,206,3
3,209,5
3,215,3
3,221,4
3,223,1
3,228,3
3,237,3
3,238,3
3,241,1
3,242,1
3,244,5
3,245,1
3,246,1
3,247,1
3,248,1
3,253,3
3,255,1
3,260,5
3,263,1
3,266,4
3,267,4
3,270,1
3,274,1
3,275,1
3,276,4
3,282,1
3,284,3
3,291,1
3,292,1
3,296,4
3,298,1
3,305,4
3,306,1
3,309,4
3,310,1
3,311,4
3,312,3
3,316,3
3,317,1
3,333,4
3,335,3
3,336,1
3,341,5
3,342,1
3,344,5
3,348,1
3,350,1
3,353,1
3,357,1
3,359,1
3,364,3
3,370,4
3,372,3
3,373,1
3,379,1
3,382,3
3,388,1
3,389,1
3,390,5
3,394,4
3,398,1
3,403,3
3,407,4
3,410,3
3,412,4
3,413,4
3,415,1
3,416,5
3,419,2
3,423,1
3,424,3
3,426,5
3,429,4
3,435,1
3,445,3
4,6,3
4,11,3
4,61,3
4,68,4
4,71,3
4,101,4
4,113,5
4,122,5
4,129,3
4,154,5
4,170,5
4,234,3
4,241,5
4,248,5
4,264,3
4,310,3
4,317,3
4,391,3
4,396,5
4,428,3
4,435,5
5,68,2
5,101,3
5,241,3
5,333,3
5,410,2
5,413,2
6,143,5
6,162,3
6,200,1
6,426,5
7,119,1
7,129,3
7,319,5
8,2,3
8,3,1
8,5,3
8,12,1
8,30,1
8,35,5
8,40,3
8,45,5
8,48,1
8,51,5
8,61,3
8,68,3
8,69,5
8,71,1
8,75,3
8,92,5
8,93,5
8,96,4
8,98,5
8,101,3
8,110,3
8,111,5
8,113,1
8,114,5
8,118,1
8,119,1
8,122,1
8,123,1
8,125,1
8,127,1
8,129,1
8,135,1
8,145,5
8,146,1
8,154,5
8,155,1
8,160,1
8,161,1
8,167,1
8,170,1
8,186,3
8,188,5
8,190,1
8,193,5
8,195,1
8,196,3
8,203,3
8,204,1
8,209,1
8,210,3
8,211,1
8,215,1
8,219,1
8,221,5
8,228,5
8,238,3
8,241,1
8,242,3
8,244,1
8,245,3
8,247,1
8,248,5
8,254,3
8,255,3
8,259,1
8,261,3
8,263,1
8,264,1
8,269,1
8,270,1
8,272,1
8,274,4
8,276,5
8,279,5
8,280,3
8,285,3
8,290,5
8,302,3
8,303,3
8,305,5
8,309,5
8,310,1
8,315,3
8,317,1
8,324,1
8,325,5
8,339,1
8,344,5
8,348,1
8,350,1
8,353,1
8,357,1
8,359,3
8,370,1
8,373,1
8,381,5
8,387,3
8,388,1
8,389,1
8,391,3
8,397,1
8,398,1
8,410,5
8,413,1
8,416,3
8,417,3
8,418,5
8,419,3
8,423,1
8,424,5
8,428,3
8,433,5
8,435,1
8,444,3
8,447,1
9,195,5
9,350,5
9,410,2
10,34,5
10,36,5
10,42,1
10,43,3
10,51,5
10,93,5
10,101,4
10,121,5
10,122,3
10,129,3
10,143,1
10,151,3
10,155,1
10,197,1
10,238,1
10,253,1
10,277,1
10,282,5
10,305,5
10,348,1
10,382,3
10,397,1
10,426,5
10,429,5
10,435,5
11,54,1
11,93,5
11,122,1
11,241,5
11,310,5
11,364,1
11,370,4
12,30,1
12,60,3
12,61,5
12,68,1
12,71,3
12,72,3
12,81,5
12,101,3
12,119,5
12,129,3
12,136,5
12,142,1
12,154,5
12,160,5
12,200,3
12,220,3
12,228,3
12,241,5
12,246,3
12,276,5
12,305,3
12,310,1
12,317,3
12,324,1
12,348,1
12,352,1
12,353,3
12,359,5
12,389,1
12,410,5
12,413,3
12,424,5
12,429,5
13,36,5
13,51,4
13,68,4
13,71,5
13,75,4
13,101,3
13,122,3
13,123,1
13,129,5
13,204,4
13,221,5
13,241,3
13,261,5
13,280,4
13,282,5
13,310,4
13,364,5
13,394,4
13,426,5
13,435,5
14,122,5
14,413,3
15,68,3
15,123,3
15,129,3
15,157,3
15,291,1
15,378,1
15,379,3
15,385,3
15,397,3
15,419,3
16,1,5
16,50,1
17,67,3
17,122,3
17,129,3
17,137,4
17,241,3
17,274,4
17,310,4
17,317,3
17,379,3
17,417,3
17,428,3
18,65,5
18,129,3
18,137,3
18,253,3
18,280,3
18,357,3
18,410,3
19,359,5
19,392,5
20,45,3
20,71,5
20,93,5
20,122,3
20,129,3
20,164,1
20,174,5
20,335,1
20,342,1
20,348,1
20,379,1
20,410,1
20,417,3
21,48,4
21,195,5
22,65,5
22,101,5
22,129,3
23,129,2
23,243,3
24,67,5
24,68,3
24,122,5
24,199,1
24,310,3
24,337,5
24,359,5
25,122,3
25,324,1
25,413,3
26,39,5
26,51,3
26,61,3
26,98,4
26,101,5
26,111,5
26,113,5
26,119,5
26,122,1
26,129,4
26,156,5
26,168,5
26,227,5
26,241,3
26,280,3
26,290,2
26,307,5
26,310,3
26,360,5
26,413,5
26,435,1
26,436,5
27,143,1
27,309,5
27,310,3
27,397,3
28,19,5
28,36,3
28,39,5
28,40,2
28,67,5
28,68,3
28,71,3
28,98,1
28,101,3
28,122,3
28,129,2
28,155,1
28,162,3
28,174,5
28,221,3
28,225,3
28,228,1
28,241,3
28,247,3
28,274,3
28,280,3
28,290,5
28,310,1
28,317,5
28,360,3
28,370,1
28,413,3
28,424,5
28,426,5
28,428,1
28,435,3
29,19,4
29,36,3
29,61,3
29,94,1
29,101,4
29,122,3
29,129,3
29,234,3
29,241,3
29,254,3
29,280,5
29,310,4
29,359,3
29,364,1
29,413,4
29,435,5
29,444,3
30,32,1
30,34,3
30,68,3
30,93,1
30,101,3
30,122,3
30,129,1
30,167,1
30,245,1
30,255,1
30,280,3
30,292,5
30,306,3
30,310,3
30,324,1
30,359,3
30,391,3
30,404,5
30,423,1
31,67,5
31,122,5
31,129,3
31,199,1
31,359,5
32,122,5
32,324,1
33,148,1
33,373,4
34,6,3
34,12,1
34,61,2
34,68,3
34,71,3
34,111,5
34,122,2
34,123,1
34,129,2
34,153,1
34,192,3
34,242,1
34,247,3
34,260,1
34,272,1
34,282,3
34,307,1
34,310,3
34,317,5
34,360,3
34,379,1
34,404,5
34,423,1
34,428,5
35,61,3
35,68,3
35,114,5
35,123,1
35,129,3
35,143,1
35,155,1
35,281,5
35,310,1
35,352,5
35,399,1
35,435,1
36,129,3
36,218,1
37,74,3
37,353,1
38,1,3
38,2,3
38,12,3
38,15,1
38,23,5
38,30,1
38,35,4
38,36,3
38,38,1
38,39,1
38,40,4
38,53,1
38,61,3
38,67,5
38,68,1
38,71,3
38,73,1
38,74,3
38,96,3
38,98,5
38,101,1
38,111,3
38,116,1
38,118,3
38,119,1
38,122,1
38,123,2
38,127,1
38,128,3
38,129,1
38,135,1
38,142,1
38,144,5
38,151,1
38,154,3
38,167,1
38,174,4
38,175,3
38,187,5
38,195,1
38,197,4
38,210,3
38,217,5
38,221,5
38,225,1
38,228,5
38,238,3
38,241,1
38,242,3
38,244,5
38,247,3
38,248,5
38,255,1
38,260,3
38,267,4
38,280,3
38,281,3
38,284,3
38,287,3
38,289,5
38,301,1
38,302,3
38,305,1
38,307,3
38,310,1
38,316,1
38,317,3
38,318,3
38,322,3
38,325,1
38,336,3
38,344,5
38,348,3
38,350,1
38,353,3
38,359,1
38,360,3
38,365,5
38,370,1
38,382,1
38,389,1
38,391,5
38,396,1
38,397,1
38,399,1
38,404,5
38,410,3
38,413,3
38,417,3
38,419,5
38,423,1
38,426,5
38,427,3
38,428,3
38,430,3
38,435,5
38,444,3
38,445,3
39,71,3
39,244,3
39,321,5
40,12,4
40,13,1
40,34,5
40,49,3
40,68,3
40,101,3
40,122,3
40,129,3
40,215,5
40,228,3
40,241,3
40,274,5
40,317,3
40,319,5
40,348,3
40,391,3
40,413,3
41,29,3
41,30,1
41,35,5
41,54,1
41,55,1
41,61,3
41,65,5
41,68,3
41,88,1
41,93,5
41,98,3
41,101,3
41,110,1
41,111,5
41,116,3
41,119,3
41,122,1
41,129,1
41,142,3
41,151,1
41,167,3
41,170,5
41,189,3
41,198,1
41,203,3
41,246,1
41,255,3
41,257,4
41,274,5
41,284,3
41,307,3
41,309,5
41,310,1
41,313,5
41,317,5
41,321,3
41,341,4
41,348,1
41,364,1
41,369,3
41,370,3
41,379,3
41,388,1
41,389,1
41,391,3
41,399,1
41,415,3
41,428,3
41,439,1
41,440,3
42,34,1
42,55,1
42,68,1
42,71,3
42,93,5
42,99,5
42,101,3
42,122,5
42,129,3
42,139,3
42,161,1
42,166,4
42,209,3
42,225,3
42,228,4
42,241,3
42,274,3
42,289,5
42,310,1
42,359,3
42,369,1
42,375,4
42,399,3
42,413,5
43,85,4
43,122,3
43,129,3
43,289,5
44,23,5
44,36,1
44,46,1
44,51,1
44,54,3
44,60,5
44,61,3
44,68,3
44,70,3
44,71,3
44,84,3
44,98,1
44,101,3
44,118,1
44,121,5
44,122,1
44,123,1
44,129,1
44,135,3
44,155,1
44,160,5
44,163,1
44,166,3
44,228,3
44,241,1
44,255,1
44,270,1
44,276,5
44,279,5
44,281,3
44,296,3
44,310,1
44,317,3
44,319,1
44,325,5
44,333,3
44,334,3
44,342,1
44,353,3
44,364,4
44,370,3
44,379,3
44,410,3
44,413,4
44,426,1
44,428,3
44,429,5
44,444,3
45,60,3
45,61,5
45,70,3
45,71,3
45,289,5
45,317,3
45,428,3
46,12,3
46,71,3
46,222,5
47,5,3
47,21,3
47,34,3
47,49,3
47,54,5
47,71,1
47,75,3
47,82,3
47,94,2
47,98,4
47,101,1
47,113,1
47,119,1
47,122,1
47,123,1
47,127,1
47,129,1
47,136,3
47,139,1
47,142,1
47,144,1
47,146,3
47,148,1
47,151,1
47,153,1
47,167,3
47,195,1
47,199,3
47,204,1
47,209,1
47,211,4
47,214,4
47,238,3
47,246,1
47,247,3
47,255,3
47,270,1
47,273,1
47,274,5
47,280,3
47,282,1
47,291,1
47,300,1
47,307,3
47,310,1
47,316,3
47,317,3
47,327,1
47,336,1
47,337,5
47,338,1
47,344,5
47,348,5
47,350,1
47,351,5
47,353,3
47,359,5
47,364,3
47,368,3
47,373,1
47,389,1
47,400,3
47,410,1
47,415,1
47,418,1
47,429,1
47,435,3
47,445,3
48,119,3
48,154,5
48,211,3
48,324,1
49,98,4
49,289,5
50,22,4
50,35,5
50,359,1
50,434,5
51,68,5
51,71,3
51,99,5
51,101,1
51,122,1
51,135,1
51,165,5
51,195,1
51,199,1
51,270,1
51,310,1
51,317,3
51,428,5
51,431,3
52,35,1
52,399,1
53,31,1
53,310,3
53,434,5
54,71,5
54,101,4
54,310,4
54,417,3
55,71,5
55,241,1
56,333,3
56,399,1
57,2,5
57,12,3
57,62,3
57,335,4
57,348,5
57,357,3
57,410,3
57,423,1
58,1,4
58,33,3
58,68,4
58,101,4
58,129,3
58,246,3
58,310,4
58,324,1
58,333,3
58,350,3
59,39,1
59,119,3
59,127,5
59,129,3
59,146,5
59,182,1
59,200,3
59,228,3
59,324,1
59,410,3
60,2,3
60,35,5
60,36,5
60,40,5
60,61,3
60,69,5
60,71,1
60,99,5
60,100,1
60,101,3
60,111,1
60,113,1
60,122,5
60,123,3
60,150,1
60,166,5
60,167,1
60,195,3
60,197,1
60,241,1
60,263,1
60,272,3
60,276,5
60,280,3
60,289,4
60,310,3
60,317,2
60,336,1
60,348,1
60,359,3
60,365,2
60,379,1
60,382,5
60,388,1
60,390,3
60,393,5
60,410,3
60,413,5
60,418,3
60,444,3
61,129,5
61,399,1
62,89,4
62,111,5
62,116,1
62,122,1
62,155,1
62,165,3
62,244,5
62,279,5
62,282,5
62,310,1
62,353,1
62,413,3
62,426,5
63,129,3
63,296,3
64,129,3
64,306,3
65,101,4
65,122,3
66,142,5
66,282,5
66,289,3
66,432,3
67,22,4
67,61,3
67,319,5
67,325,4
67,435,5
68,30,1
68,379,1
69,2,3
69,21,5
69,36,2
69,49,5
69,51,3
69,61,3
69,65,3
69,68,3
69,69,5
69,70,3
69,71,3
69,75,5
69,78,5
69,83,3
69,87,2
69,98,3
69,101,1
69,110,1
69,111,5
69,119,1
69,122,1
69,123,2
69,127,5
69,129,2
69,131,3
69,136,3
69,154,5
69,160,3
69,163,5
69,170,5
69,177,2
69,181,3
69,208,3
69,211,3
69,225,3
69,227,3
69,228,1
69,239,5
69,241,3
69,261,5
69,274,3
69,276,3
69,280,3
69,290,5
69,305,2
69,307,3
69,310,1
69,316,1
69,317,4
69,321,5
69,325,5
69,338,4
69,339,5
69,359,1
69,360,3
69,364,1
69,365,3
69,388,1
69,391,3
69,401,3
69,410,2
69,413,1
69,423,1
69,426,5
69,428,3
69,429,3
69,443,5
70,4,5
70,129,5
70,282,3
70,284,3
70,289,5
70,317,5
70,329,1
70,333,4
70,410,1
71,61,5
71,417,3
72,61,5
72,67,5
72,101,3
72,122,3
72,129,3
72,187,5
72,209,2
72,228,3
72,276,5
72,278,3
72,280,3
72,282,3
72,310,3
72,311,1
72,317,5
72,349,1
72,394,3
72,405,3
72,426,5
72,428,3
73,101,3
73,127,3
73,129,5
73,211,3
73,280,5
73,289,5
73,435,5
74,32,3
74,74,3
74,280,3
74,324,1
74,350,4
74,359,3
75,101,3
75,199,3
75,282,3
75,413,1
76,129,1
76,310,1
76,373,3
76,392,5
77,10,4
77,12,4
77,30,4
77,34,4
77,35,4
77,36,4
77,41,4
77,49,4
77,51,4
77,68,4
77,71,5
77,75,4
77,101,3
77,109,4
77,122,3
77,123,1
77,129,2
77,166,4
77,197,4
77,199,4
77,204,4
77,209,4
77,221,5
77,241,3
77,261,5
77,276,4
77,280,4
77,282,4
77,285,4
77,291,4
77,309,4
77,310,4
77,317,4
77,348,4
77,366,4
77,389,4
77,394,4
77,411,4
77,426,5
77,429,4
77,435,5
78,2,3
78,49,3
78,129,3
78,238,3
78,397,1
79,25,3
79,51,1
79,54,1
79,69,5
79,81,5
79,93,5
79,117,1
79,122,1
79,129,5
79,143,1
79,155,1
79,241,5
79,245,1
79,291,1
79,310,2
79,337,3
79,359,1
79,364,1
79,370,4
79,379,1
79,410,1
79,413,4
80,101,3
80,129,5
80,391,3
81,129,3
81,280,5
81,359,1
82,36,3
82,39,5
82,54,5
82,61,3
82,68,3
82,99,5
82,101,3
82,122,3
82,129,3
82,143,3
82,158,3
82,174,5
82,185,5
82,187,5
82,221,5
82,241,3
82,255,1
82,280,3
82,289,5
82,310,2
82,359,3
82,388,1
82,426,5
82,429,5
83,3,1
83,4,5
83,61,3
83,101,3
83,116,3
83,119,5
83,122,5
83,129,1
83,276,3
83,280,3
83,310,3
83,334,2
83,359,4
83,364,1
83,412,3
83,413,4
83,435,5
84,22,4
84,68,3
84,129,3
84,222,5
84,310,3
84,317,3
84,325,4
84,391,3
84,435,5
85,65,5
85,101,3
85,129,3
85,222,5
85,241,3
85,280,3
85,353,1
85,355,3
85,359,1
85,428,4
86,34,3
86,56,3
86,122,4
86,129,3
86,282,5
86,310,3
86,336,3
86,353,3
86,355,5
86,413,3
87,51,5
87,61,3
87,129,5
87,316,5
87,324,1
87,334,5
87,399,1
88,12,1
88,122,3
88,129,1
88,167,5
88,241,5
88,310,1
88,382,3
89,306,3
89,317,5
89,348,1
89,353,1
89,404,5
89,419,3
90,122,1
90,289,5
90,410,4
90,429,5
91,51,5
91,60,3
91,101,3
91,109,1
91,119,3
91,167,1
91,225,3
91,241,4
91,280,1
91,284,3
91,289,5
91,295,3
91,348,1
91,364,1
91,389,3
91,413,5
91,428,3
91,435,1
92,197,1
92,329,1
92,428,5
93,2,3
93,23,5
93,51,4
93,61,5
93,68,1
93,71,5
93,101,3
93,122,5
93,129,3
93,151,1
93,154,4
93,164,5
93,166,3
93,196,4
93,221,3
93,222,5
93,241,4
93,260,1
93,261,5
93,276,5
93,310,1
93,324,1
93,325,4
93,333,5
93,359,3
93,364,1
93,370,5
93,371,5
93,376,3
93,407,5
93,413,4
93,426,5
93,435,5
94,2,3
94,68,1
94,71,5
94,75,4
94,111,3
94,122,3
94,129,3
94,154,4
94,166,3
94,174,3
94,196,4
94,260,1
94,276,5
94,310,3
94,325,4
94,333,5
94,359,3
94,364,1
94,370,5
94,407,5
94,413,3
94,435,5
95,69,5
95,71,5
95,101,3
95,166,3
95,274,5
95,310,3
95,317,5
95,325,5
95,351,5
95,413,5
95,426,5
96,16,5
96,68,3
96,122,3
96,129,3
96,310,5
96,317,3
96,364,3
96,410,3
96,413,2
97,129,5
97,161,1
98,423,1
98,439,1
99,68,3
99,98,3
99,101,4
99,122,3
99,123,1
99,129,3
99,136,3
99,177,5
99,241,1
99,280,3
99,284,3
99,310,5
99,317,5
99,320,1
99,359,4
99,360,3
99,404,5
99,410,3
99,413,5
99,424,3
99,428,3
100,34,5
100,68,5
100,101,1
100,154,5
100,215,5
100,310,3
100,341,5
100,410,5
100,413,5
100,419,3
101,2,3
101,12,1
101,20,3
101,30,1
101,34,3
101,45,5
101,54,3
101,61,3
101,68,2
101,71,5
101,72,5
101,74,3
101,90,5
101,98,5
101,101,3
101,119,1
101,122,2
101,129,1
101,135,1
101,142,3
101,143,5
101,144,1
101,154,5
101,162,3
101,166,1
101,177,3
101,184,4
101,195,3
101,199,3
101,205,3
101,214,5
101,240,1
101,241,5
101,247,1
101,253,3
101,255,1
101,260,5
101,264,3
101,280,1
101,284,2
101,305,3
101,307,3
101,310,3
101,316,5
101,317,3
101,321,5
101,348,1
101,355,1
101,360,3
101,364,4
101,376,3
101,377,4
101,379,1
101,381,5
101,392,5
101,406,5
101,410,4
101,413,3
101,423,1
101,435,5
101,439,3
102,101,4
102,310,1
103,65,5
103,364,3
103,419,3
104,9,3
104,60,1
105,61,3
105,94,2
105,111,5
105,119,5
105,122,5
105,129,3
105,276,3
105,280,5
105,310,3
105,344,5
105,359,4
105,413,4
106,54,3
106,71,5
106,101,3
106,117,1
106,122,3
106,123,3
106,129,3
106,136,5
106,166,5
106,174,1
106,234,5
106,241,1
106,246,1
106,305,1
106,310,1
106,359,1
106,364,1
106,413,5
107,310,1
107,392,5
108,19,5
108,39,5
108,65,3
108,67,3
108,68,5
108,71,3
108,119,1
108,122,5
108,129,5
108,151,1
108,154,5
108,209,5
108,280,3
108,310,1
108,348,1
108,428,3
108,435,5
109,101,3
109,122,3
110,289,5
110,380,4
111,101,5
111,241,3
112,2,3
112,68,3
112,280,3
112,310,1
112,350,3
112,435,3
112,447,1
113,61,5
113,67,5
113,68,5
113,71,2
113,101,2
113,111,3
113,122,2
113,127,3
113,129,2
113,144,1
113,166,2
113,221,2
113,241,2
113,260,2
113,280,4
113,310,3
113,317,3
113,354,3
113,360,4
113,364,2
113,379,3
113,394,1
113,424,5
114,60,5
114,93,5
114,108,5
114,241,3
114,247,4
115,5,4
115,18,3
115,26,1
115,30,1
115,36,2
115,51,5
115,61,3
115,65,3
115,68,1
115,69,5
115,71,1
115,74,1
115,79,5
115,89,3
115,98,1
115,101,1
115,119,1
115,122,1
115,123,1
115,127,1
115,129,1
115,138,1
115,139,3
115,149,3
115,153,1
115,154,5
115,155,1
115,160,3
115,162,3
115,163,1
115,164,3
115,166,5
115,167,5
115,173,3
115,175,4
115,179,3
115,185,3
115,195,3
115,209,5
115,214,5
115,222,5
115,225,4
115,228,5
115,237,3
115,238,5
115,241,1
115,242,4
115,248,1
115,255,1
115,274,3
115,280,1
115,286,3
115,289,5
115,291,1
115,307,3
115,310,1
115,316,1
115,317,1
115,321,4
115,324,1
115,328,3
115,329,1
115,342,1
115,344,5
115,357,4
115,359,1
115,360,3
115,363,3
115,364,1
115,365,5
115,373,3
115,374,4
115,380,5
115,388,1
115,392,1
115,394,1
115,410,3
115,413,3
115,417,5
115,420,4
115,423,1
115,424,5
115,426,5
115,428,3
115,429,5
115,435,5
115,444,1
116,122,5
116,310,1
116,324,1
117,62,2
117,86,5
117,90,5
117,119,5
117,129,5
117,154,5
117,272,1
117,280,3
117,403,5
118,14,5
118,19,5
118,27,4
118,36,1
118,60,3
118,68,1
118,71,1
118,98,3
118,101,3
118,111,1
118,122,3
118,123,1
118,129,1
118,136,3
118,142,1
118,151,1
118,154,3
118,165,3
118,166,5
118,177,3
118,199,3
118,213,4
118,227,5
118,228,3
118,241,3
118,251,3
118,280,3
118,281,3
118,305,3
118,310,1
118,317,3
118,321,3
118,344,5
118,348,1
118,359,3
118,364,3
118,397,1
118,410,1
118,413,5
118,417,3
118,428,3
118,436,3
118,441,1
118,442,3
118,444,3
119,36,5
119,317,1
119,364,1
119,404,5
119,428,3
120,17,1
120,30,5
120,55,1
120,61,3
120,68,5
120,71,1
120,74,1
120,93,5
120,122,1
120,129,3
120,142,3
120,157,3
120,184,1
120,210,3
120,241,1
120,242,3
120,269,1
120,280,3
120,306,3
120,309,5
120,310,1
120,348,1
120,355,3
120,364,1
120,386,5
120,399,1
120,404,3
120,410,5
120,439,1
121,183,3
121,246,1
121,433,5
122,19,4
122,30,1
122,109,5
122,129,5
122,139,1
122,164,5
122,324,1
122,350,1
122,387,1
122,428,3
122,435,5
123,1,3
123,36,5
123,51,5
123,61,5
123,101,5
123,111,1
123,129,3
123,155,1
123,186,3
123,241,3
123,289,5
123,310,1
123,317,2
123,359,1
123,364,5
123,365,3
123,369,3
123,410,5
123,435,5
124,68,3
124,129,5
124,154,5
124,310,3
124,324,1
124,325,5
124,359,1
124,364,1
124,435,5
125,65,5
125,413,3
126,101,3
126,123,4
126,228,3
126,241,3
126,433,5
126,444,5
127,60,1
127,429,5
128,122,5
128,129,5
128,310,1
128,435,5
129,1,5
129,25,3
129,68,5
129,129,3
129,179,5
129,180,3
129,197,1
129,260,1
129,280,3
129,281,3
129,326,1
129,365,3
129,410,5
130,129,5
130,167,1
131,68,3
131,151,3
131,214,5
131,399,1
132,25,3
132,68,5
132,71,5
132,74,3
132,93,5
132,101,3
132,122,5
132,123,3
132,129,1
132,139,1
132,142,1
132,154,5
132,173,1
132,177,3
132,197,1
132,241,1
132,255,3
132,269,1
132,273,3
132,280,3
132,282,5
132,304,1
132,310,3
132,317,1
132,321,1
132,336,5
132,348,1
132,353,1
132,364,5
132,392,1
132,410,1
132,413,5
132,435,1
132,436,5
133,68,3
133,101,5
133,359,5
134,23,5
134,35,5
134,36,3
134,53,1
134,61,5
134,111,3
134,123,3
134,127,3
134,129,1
134,143,1
134,146,5
134,151,1
134,154,5
134,155,1
134,167,3
134,174,5
134,187,5
134,210,3
134,289,5
134,309,5
134,316,1
134,382,1
134,396,1
134,404,5
134,419,5
134,435,3
135,2,3
135,19,5
135,31,1
135,54,3
135,60,5
135,61,3
135,67,5
135,69,5
135,71,5
135,74,3
135,89,3
135,98,5
135,101,3
135,119,3
135,122,3
135,123,1
135,127,1
135,129,3
135,135,1
135,136,3
135,138,3
135,139,3
135,154,3
135,164,1
135,165,3
135,166,3
135,173,1
135,177,3
135,195,5
135,198,3
135,204,5
135,222,5
135,241,1
135,247,3
135,248,5
135,265,3
135,274,4
135,280,3
135,309,1
135,310,3
135,316,3
135,317,3
135,321,3
135,339,3
135,350,3
135,357,3
135,359,3
135,360,3
135,364,3
135,382,3
135,391,5
135,392,1
135,410,3
135,417,3
135,428,3
135,429,5
135,435,5
135,436,3
135,441,5
136,9,4
136,23,5
136,35,5
136,38,4
136,49,1
136,68,5
136,75,5
136,101,5
136,111,3
136,122,3
136,123,1
136,129,3
136,137,4
136,139,1
136,143,5
136,196,3
136,197,4
136,203,3
136,221,3
136,231,3
136,241,1
136,247,3
136,251,3
136,255,3
136,257,1
136,263,1
136,280,5
136,305,1
136,310,1
136,316,5
136,344,5
136,348,3
136,350,3
136,359,3
136,389,1
136,391,3
136,397,1
136,399,3
136,410,3
136,423,1
136,428,3
136,432,4
136,435,3
136,436,1
137,71,1
137,109,1
137,129,3
137,154,5
137,282,3
137,392,5
138,289,5
138,380,4
139,2,3
139,5,3
139,8,3
139,30,3
139,49,3
139,60,3
139,61,3
139,67,4
139,68,3
139,74,2
139,75,5
139,78,3
139,89,2
139,98,2
139,101,3
139,111,3
139,122,3
139,126,1
139,129,3
139,135,3
139,136,3
139,138,3
139,139,1
139,144,1
139,146,3
139,171,3
139,177,3
139,186,3
139,204,4
139,209,3
139,228,2
139,241,3
139,264,3
139,280,1
139,282,3
139,289,3
139,291,1
139,309,3
139,310,3
139,311,3
139,317,2
139,321,3
139,341,3
139,359,3
139,364,3
139,379,3
139,382,3
139,385,1
139,391,3
139,403,4
139,410,2
139,413,3
139,424,3
139,428,3
139,435,5
139,444,3
140,39,1
140,99,5
140,129,5
140,155,1
140,228,3
140,255,3
140,359,3
140,360,3
140,413,5
140,428,2
140,435,5
141,49,4
141,101,4
141,123,1
141,129,3
141,241,3
141,359,1
141,364,3
141,375,4
141,391,3
141,411,1
141,413,3
142,9,3
142,36,3
142,43,3
142,49,3
142,54,3
142,61,3
142,68,1
142,69,5
142,71,3
142,72,5
142,75,1
142,98,3
142,101,1
142,122,1
142,129,2
142,132,3
142,135,1
142,136,1
142,138,1
142,154,1
142,156,5
142,166,3
142,177,3
142,204,5
142,209,3
142,221,5
142,222,3
142,224,3
142,225,3
142,227,3
142,241,3
142,261,5
142,276,3
142,280,3
142,291,3
142,306,5
142,307,1
142,309,1
142,310,1
142,311,3
142,316,3
142,317,1
142,321,3
142,324,1
142,325,3
142,326,1
142,359,1
142,364,1
142,372,3
142,391,3
142,397,1
142,401,3
142,410,1
142,413,1
142,417,5
142,423,1
142,426,5
142,435,5
142,444,3
143,61,3
143,99,5
143,193,1
143,222,5
143,376,5
144,1,5
144,68,3
144,71,3
144,101,3
144,122,5
144,154,5
144,225,5
144,241,3
144,310,3
144,391,3
144,392,5
144,413,4
145,61,5
145,67,5
145,68,5
145,71,2
145,101,2
145,111,3
145,122,2
145,123,1
145,127,3
145,129,2
145,144,1
145,166,2
145,221,2
145,260,2
145,280,3
145,305,5
145,307,2
145,310,3
145,316,5
145,317,3
145,354,3
145,360,4
145,364,2
145,373,5
145,379,3
145,394,1
145,424,5
146,19,5
146,61,5
146,68,5
146,85,4
146,112,1
146,122,4
146,129,3
146,211,1
146,241,3
146,264,1
146,280,3
146,290,3
146,316,5
146,319,5
146,320,1
146,324,1
146,335,3
146,364,4
146,370,3
146,386,4
146,405,1
146,413,3
146,439,1
146,444,4
147,3,1
147,101,5
147,410,3
148,2,3
148,35,3
148,39,5
148,51,5
148,61,3
148,68,3
148,71,5
148,93,1
148,98,5
148,101,3
148,122,2
148,129,4
148,136,3
148,143,1
148,144,1
148,152,5
148,154,5
148,164,1
148,170,5
148,228,3
148,253,1
148,255,1
148,269,1
148,280,3
148,282,5
148,289,5
148,291,1
148,304,1
148,309,1
148,310,3
148,336,5
148,348,1
148,357,3
148,359,4
148,363,5
148,364,3
148,368,3
148,392,5
148,410,1
148,413,4
148,421,3
148,428,3
148,434,4
148,435,1
149,122,5
149,183,3
150,44,4
150,49,3
150,68,5
150,101,4
150,111,4
150,129,3
150,241,3
150,255,3
150,258,1
150,278,1
150,305,1
150,310,3
150,345,3
150,348,1
150,359,3
150,393,5
150,413,3
150,428,3
151,35,1
151,122,3
151,160,1
152,11,1
152,36,5
152,61,2
152,71,5
152,119,1
152,122,3
152,129,3
152,154,1
152,168,3
152,228,3
152,241,3
152,255,1
152,280,5
152,282,5
152,310,3
152,317,3
152,324,1
152,336,1
152,350,1
152,359,3
152,369,3
152,379,3
152,397,5
152,413,3
152,434,3
152,435,5
153,12,1
153,39,1
153,68,3
153,69,5
153,101,3
153,119,1
153,122,5
153,155,1
153,166,3
153,174,1
153,310,1
153,379,3
153,393,3
153,442,3
154,60,1
154,428,3
155,123,1
155,148,1
156,22,4
156,101,3
156,129,3
156,144,1
156,310,5
156,325,4
156,435,5
157,135,3
157,389,3
158,1,5
158,2,3
158,11,4
158,12,1
158,15,1
158,16,5
158,18,1
158,23,1
158,30,1
158,33,3
158,34,3
158,35,5
158,36,5
158,38,1
158,40,1
158,45,5
158,46,1
158,51,1
158,53,1
158,54,1
158,58,5
158,61,3
158,65,3
158,66,3
158,68,1
158,69,5
158,70,3
158,71,1
158,73,1
158,75,5
158,78,3
158,80,1
158,89,1
158,96,4
158,98,1
158,101,1
158,105,3
158,109,1
158,112,1
158,113,3
158,114,1
158,116,1
158,119,1
158,120,1
158,121,5
158,122,3
158,123,1
158,124,3
158,125,2
158,127,1
158,129,1
158,130,3
158,133,5
158,134,5
158,135,1
158,139,1
158,142,1
158,144,1
158,146,1
158,148,3
158,151,1
158,154,1
158,155,1
158,157,3
158,160,1
158,164,4
158,166,5
158,167,1
158,176,3
158,177,5
158,182,3
158,186,3
158,192,3
158,193,5
158,195,5
158,196,4
158,197,1
158,199,3
158,202,3
158,204,3
158,209,3
158,210,1
158,215,5
158,219,3
158,221,3
158,223,1
158,225,3
158,228,3
158,230,3
158,238,1
158,241,1
158,242,4
158,244,3
158,245,5
158,246,3
158,247,1
158,250,3
158,255,3
158,260,5
158,263,4
158,264,3
158,265,1
158,267,4
158,269,1
158,270,3
158,271,3
158,274,3
158,276,5
158,277,3
158,279,5
158,280,2
158,281,3
158,282,1
158,290,5
158,291,1
158,292,1
158,298,1
158,305,2
158,306,5
158,309,1
158,310,1
158,311,3
158,312,4
158,316,1
158,317,3
158,320,1
158,321,3
158,326,5
158,336,3
158,339,5
158,341,5
158,342,1
158,348,1
158,350,1
158,353,1
158,355,3
158,357,1
158,359,1
158,364,3
158,366,5
158,373,1
158,379,1
158,380,1
158,382,1
158,387,3
158,389,1
158,390,5
158,391,3
158,397,1
158,398,1
158,399,1
158,403,3
158,410,1
158,411,5
158,413,3
158,416,5
158,417,5
158,418,3
158,419,1
158,420,3
158,423,1
158,424,3
158,426,5
158,428,3
158,429,5
158,430,3
158,435,1
158,436,5
158,444,1
158,447,1
159,36,5
159,111,4
159,129,3
159,435,5
160,317,3
160,321,1
161,14,5
161,26,1
161,27,1
161,34,1
161,36,1
161,39,1
161,43,4
161,49,1
161,51,5
161,54,5
161,67,3
161,68,1
161,69,5
161,71,3
161,81,4
161,93,5
161,98,5
161,101,1
161,111,1
161,122,3
161,129,1
161,136,3
161,142,1
161,149,5
161,151,5
161,166,5
161,167,3
161,177,3
161,200,3
161,205,1
161,213,3
161,225,1
161,227,3
161,228,3
161,238,1
161,241,1
161,244,1
161,280,1
161,298,3
161,310,1
161,312,1
161,317,3
161,321,3
161,325,3
161,339,3
161,357,5
161,359,1
161,360,3
161,364,3
161,369,5
161,403,5
161,404,5
161,410,4
161,413,3
161,424,5
161,428,3
161,436,5
161,441,1
161,442,3
161,444,3
162,60,1
162,348,1
163,129,3
163,241,3
163,310,3
163,379,1
164,228,3
164,312,3
164,402,3
164,410,3
165,1,5
165,310,1
166,19,1
166,29,1
166,30,1
166,36,3
166,51,3
166,65,5
166,88,3
166,101,2
166,122,5
166,144,1
166,196,1
166,199,3
166,251,3
166,255,1
166,262,1
166,276,5
166,310,4
166,314,3
166,317,3
166,350,1
166,359,4
166,413,3
166,424,5
166,426,5
166,428,3
166,429,3
166,435,5
167,129,5
167,199,1
167,364,1
168,29,3
168,35,5
168,49,3
168,60,3
168,61,3
168,68,3
168,74,1
168,101,1
168,122,3
168,123,3
168,127,3
168,129,4
168,136,3
168,142,1
168,172,1
168,203,3
168,209,1
168,214,5
168,221,5
168,230,5
168,241,5
168,269,5
168,280,3
168,305,3
168,310,1
168,317,5
168,321,3
168,325,5
168,357,3
168,364,3
168,389,3
168,391,5
168,397,1
168,399,3
168,401,3
168,410,1
168,413,1
168,415,3
168,428,3
168,429,5
168,433,5
169,67,5
169,68,3
169,71,5
169,122,4
169,129,3
169,143,1
169,154,5
169,174,5
169,282,5
169,289,5
169,310,3
169,317,5
169,364,1
169,413,1
169,435,5
170,45,5
170,61,3
170,71,3
170,93,1
170,101,2
170,127,2
170,209,3
170,241,3
170,280,3
170,310,5
170,348,3
170,359,2
170,428,4
171,34,3
171,61,5
171,317,5
171,359,1
172,5,3
172,61,3
172,68,3
172,71,3
172,101,3
172,108,4
172,117,1
172,123,3
172,129,3
172,154,3
172,234,5
172,241,3
172,317,3
172,359,1
172,379,3
172,402,4
172,410,3
172,413,3
172,435,5
172,444,3
173,19,3
173,20,1
173,23,5
173,35,1
173,39,1
173,68,3
173,71,5
173,73,1
173,74,3
173,75,1
173,93,5
173,98,5
173,99,1
173,101,1
173,113,1
173,122,3
173,123,3
173,127,3
173,129,1
173,141,3
173,154,5
173,155,5
173,167,3
173,193,5
173,199,3
173,221,3
173,222,5
173,224,3
173,242,1
173,255,3
173,260,3
173,264,3
173,267,4
173,279,3
173,280,3
173,281,3
173,286,3
173,305,5
173,310,1
173,317,3
173,319,1
173,321,3
173,324,1
173,325,3
173,342,3
173,348,1
173,353,1
173,357,4
173,359,5
173,363,3
173,372,1
173,373,3
173,389,5
173,396,3
173,397,5
173,399,3
173,410,3
173,413,3
173,424,5
173,428,5
173,434,4
173,444,3
174,71,3
174,98,3
174,101,1
174,444,5
175,129,5
175,306,3
176,68,3
176,292,5
177,71,5
177,101,5
177,129,5
177,310,3
177,317,3
177,406,5
178,101,3
178,129,4
179,122,5
179,129,1
179,135,3
179,146,3
179,170,5
179,360,3
180,228,3
180,235,3
181,5,3
181,160,1
181,247,3
181,255,3
181,290,5
181,340,3
181,379,3
181,389,5
182,36,2
182,306,3
183,101,3
183,129,5
183,350,5
184,46,1
184,71,3
185,122,3
185,310,3
185,317,5
185,359,5
186,68,5
186,101,4
186,111,5
186,122,4
186,289,5
186,310,4
186,359,4
186,413,4
187,101,4
187,238,1
187,241,3
187,255,3
187,301,5
187,306,3
187,349,1
187,413,3
187,428,3
187,435,5
187,436,3
188,101,3
188,102,5
188,129,5
188,310,3
189,12,1
189,61,3
189,68,5
189,74,1
189,93,1
189,101,3
189,122,3
189,123,3
189,129,1
189,135,1
189,167,1
189,228,3
189,234,5
189,238,5
189,246,1
189,305,1
189,310,3
189,317,3
189,365,1
189,391,1
190,68,3
190,347,1
190,423,1
191,391,4
191,410,3
192,379,3
192,436,5
193,119,3
193,122,3
193,123,3
193,129,3
193,317,3
194,36,3
194,51,5
194,53,1
194,61,1
194,68,4
194,71,4
194,122,3
194,129,2
194,149,5
194,154,4
194,204,2
194,241,3
194,276,5
194,289,5
194,305,5
194,310,3
194,316,5
194,317,3
194,364,3
194,370,3
194,410,3
194,419,5
195,122,3
195,129,4
195,136,3
195,241,3
195,246,1
195,298,4
195,306,3
195,310,3
195,317,5
195,370,3
195,413,4
195,436,3
196,101,5
196,129,5
196,135,3
196,154,3
196,241,5
196,310,3
196,355,3
196,364,1
196,434,5
197,2,2
197,12,1
197,19,5
197,23,5
197,39,1
197,61,5
197,67,5
197,68,3
197,71,5
197,99,1
197,101,1
197,111,5
197,118,4
197,122,3
197,123,1
197,129,2
197,135,1
197,190,1
197,199,3
197,204,5
197,276,5
197,280,3
197,289,5
197,309,5
197,310,5
197,317,5
197,321,5
197,424,5
197,428,5
198,129,5
198,310,3
198,322,5
199,36,5
199,51,5
199,69,5
199,101,3
199,122,3
199,129,1
199,146,5
199,155,1
199,161,1
199,195,1
199,228,3
199,280,5
199,305,1
199,325,5
199,392,5
199,413,5
200,5,3
200,19,4
200,29,3
200,30,4
200,49,3
200,60,3
200,61,3
200,67,3
200,68,3
200,71,3
200,89,3
200,98,3
200,101,3
200,105,3
200,111,5
200,122,1
200,123,3
200,129,1
200,135,1
200,136,1
200,143,3
200,154,5
200,175,3
200,177,3
200,204,4
200,209,3
200,214,3
200,221,5
200,228,1
200,241,3
200,280,3
200,289,3
200,290,5
200,310,3
200,317,3
200,339,3
200,356,3
200,359,3
200,360,4
200,364,4
200,391,3
200,417,5
200,424,5
200,428,3
200,429,4
200,444,5
201,71,5
201,79,5
201,310,1
202,2,3
202,34,5
202,54,1
202,67,1
202,68,1
202,75,3
202,101,5
202,112,1
202,129,1
202,154,4
202,155,1
202,156,5
202,161,1
202,166,3
202,170,5
202,196,4
202,215,5
202,241,5
202,243,5
202,255,1
202,260,1
202,274,3
202,276,3
202,286,3
202,289,5
202,305,3
202,310,2
202,311,5
202,324,1
202,325,4
202,333,5
202,350,1
202,359,3
202,364,1
202,370,5
202,407,5
202,413,1
202,423,1
202,435,5
202,441,3
203,61,3
203,71,1
203,99,5
203,111,5
203,123,1
203,129,2
203,190,1
203,222,5
203,260,1
203,276,5
203,280,3
203,317,5
203,321,3
203,404,5
203,413,5
203,428,3
204,122,5
204,310,1
204,324,1
205,129,5
205,359,1
206,344,3
206,423,4
207,1,5
207,3,1
207,7,1
207,29,3
207,35,5
207,71,1
207,83,1
207,89,3
207,101,4
207,111,5
207,129,5
207,149,5
207,154,3
207,163,1
207,165,1
207,170,5
207,194,3
207,241,1
207,280,3
207,281,3
207,283,3
207,307,1
207,317,3
207,321,1
207,326,3
207,348,5
207,363,3
207,373,1
207,379,1
207,391,4
207,399,1
207,415,3
207,426,1
207,439,3
207,444,1
207,445,3
208,324,1
208,359,4
209,49,5
209,61,1
209,71,5
209,93,5
209,101,3
209,117,1
209,122,3
209,123,3
209,129,3
209,135,1
209,137,4
209,167,1
209,197,1
209,241,3
209,280,3
209,289,3
209,307,5
209,310,3
209,317,1
209,321,3
209,336,1
209,348,3
209,349,1
209,353,1
209,372,1
209,375,4
209,379,3
209,413,3
209,423,1
209,428,3
210,61,3
210,99,5
210,101,1
210,111,3
210,119,3
210,129,5
210,200,1
210,255,3
210,282,5
210,301,5
210,428,2
211,35,1
211,270,1
211,436,5
212,1,5
212,129,3
212,183,3
212,428,3
213,51,3
213,125,4
213,129,4
213,228,4
213,241,1
213,279,5
213,310,3
213,317,5
213,321,5
213,364,5
213,413,4
213,438,1
214,2,3
214,12,5
214,13,1
214,19,1
214,30,3
214,34,5
214,36,3
214,51,3
214,60,3
214,61,3
214,68,3
214,71,3
214,74,3
214,75,3
214,89,3
214,98,1
214,101,1
214,106,1
214,110,3
214,111,5
214,115,3
214,118,2
214,121,5
214,122,3
214,123,1
214,129,1
214,133,1
214,136,3
214,150,1
214,154,1
214,155,1
214,160,1
214,166,3
214,167,3
214,177,3
214,186,3
214,188,5
214,195,1
214,203,3
214,214,5
214,215,3
214,222,5
214,227,5
214,228,3
214,241,3
214,246,1
214,248,5
214,252,5
214,255,3
214,261,5
214,262,3
214,269,1
214,276,3
214,280,3
214,282,5
214,293,3
214,310,1
214,311,5
214,316,3
214,317,3
214,325,1
214,339,5
214,344,3
214,345,3
214,347,1
214,348,1
214,350,1
214,359,3
214,360,3
214,364,3
214,365,5
214,373,1
214,379,1
214,382,1
214,391,3
214,403,1
214,411,4
214,413,3
214,417,3
214,418,1
214,426,5
214,428,3
214,430,3
214,435,3
214,436,3
214,444,3
215,92,4
215,151,1
215,207,5
215,310,3
215,359,5
215,364,5
216,2,3
216,30,1
216,35,1
216,36,3
216,49,3
216,54,5
216,60,3
216,61,3
216,68,1
216,71,5
216,82,3
216,98,5
216,101,3
216,115,3
216,119,5
216,122,3
216,129,3
216,139,1
216,143,3
216,154,5
216,196,3
216,209,3
216,227,5
216,229,5
216,241,3
216,251,3
216,255,1
216,262,1
216,270,1
216,280,3
216,310,3
216,316,5
216,317,2
216,350,1
216,355,1
216,364,5
216,393,5
216,413,3
216,428,1
216,429,3
216,435,5
216,441,1
217,36,3
217,61,3
217,68,1
217,71,3
217,88,1
217,90,1
217,111,3
217,119,1
217,122,3
217,123,3
217,129,1
217,138,1
217,151,3
217,164,3
217,173,3
217,220,3
217,221,3
217,228,3
217,241,3
217,247,3
217,274,3
217,280,3
217,290,3
217,307,5
217,308,5
217,310,3
217,316,3
217,317,3
217,320,1
217,324,1
217,334,3
217,353,3
217,363,3
217,391,3
217,408,3
217,410,5
217,413,4
217,420,3
217,423,1
217,435,5
217,444,3
218,9,4
218,36,3
218,61,3
218,67,4
218,68,3
218,69,5
218,122,2
218,129,3
218,138,1
218,143,1
218,154,5
218,177,3
218,204,4
218,209,3
218,241,3
218,280,3
218,281,4
218,282,3
218,310,3
218,317,3
218,321,2
218,391,4
218,410,3
218,413,5
218,426,5
218,428,3
219,129,5
219,306,3
220,241,3
220,280,3
221,12,1
221,16,5
221,18,3
221,19,1
221,26,1
221,36,5
221,39,5
221,49,3
221,51,3
221,60,3
221,61,3
221,67,5
221,68,2
221,71,3
221,72,3
221,87,3
221,89,3
221,98,3
221,101,1
221,116,3
221,118,5
221,122,2
221,129,1
221,142,3
221,143,1
221,155,1
221,166,5
221,185,3
221,186,3
221,195,1
221,199,1
221,209,3
221,211,5
221,241,1
221,247,1
221,248,5
221,255,1
221,262,4
221,273,3
221,276,5
221,306,1
221,310,1
221,316,5
221,317,3
221,321,1
221,325,3
221,355,1
221,364,1
221,365,5
221,370,1
221,379,3
221,382,3
221,391,3
221,393,5
221,404,5
221,406,5
221,410,1
221,413,5
221,423,1
221,428,3
221,432,4
221,439,1
222,85,3
222,122,3
222,129,5
222,165,5
222,214,5
222,241,3
222,280,3
222,310,3
222,317,3
222,357,5
222,359,3
222,388,2
222,426,5
222,428,3
223,101,4
223,122,3
223,129,3
223,360,4
223,410,5
224,12,3
224,167,3
224,170,3
224,241,3
224,248,5
224,310,5
224,317,3
225,35,5
225,42,1
225,99,1
225,101,3
225,119,5
225,122,3
225,127,3
225,129,3
225,132,5
225,154,3
225,234,3
225,276,3
225,280,4
225,290,5
225,310,3
225,316,5
225,320,1
225,364,3
225,391,3
225,413,3
226,17,1
226,40,4
226,51,3
226,67,3
226,68,3
226,71,3
226,89,5
226,94,1
226,97,3
226,101,2
226,111,5
226,122,3
226,129,3
226,187,5
226,204,3
226,209,2
226,228,3
226,229,1
226,241,3
226,243,3
226,254,2
226,280,3
226,282,3
226,297,1
226,307,2
226,310,1
226,317,5
226,321,3
226,357,3
226,359,1
226,413,3
226,417,5
226,419,3
226,432,1
226,435,5
227,9,3
227,39,1
227,54,5
227,61,5
227,68,3
227,71,1
227,101,3
227,122,3
227,129,3
227,143,1
227,153,5
227,163,4
227,168,3
227,209,4
227,228,5
227,238,5
227,241,1
227,247,5
227,274,3
227,280,1
227,310,3
227,317,1
227,321,3
227,359,3
227,364,1
227,369,3
227,391,3
227,410,3
227,413,3
227,417,3
227,420,3
228,167,3
228,353,4
228,364,5
229,1,5
229,119,1
229,129,3
229,228,5
229,280,3
229,306,3
229,317,3
229,379,3
230,68,4
230,71,5
230,123,3
230,154,5
230,247,3
230,312,1
230,317,5
230,321,3
230,359,3
230,410,3
230,426,5
231,101,4
231,129,4
231,160,4
231,310,3
231,344,3
232,35,1
232,98,5
233,12,1
233,29,3
233,61,1
233,68,3
233,90,1
233,92,1
233,93,5
233,101,1
233,114,5
233,119,1
233,122,5
233,123,1
233,127,1
233,129,3
233,143,3
233,190,1
233,195,3
233,228,3
233,241,3
233,247,5
233,282,5
233,289,5
233,304,1
233,305,1
233,306,1
233,309,5
233,310,3
233,311,1
233,316,5
233,342,1
233,359,1
233,370,3
233,373,1
233,379,1
233,410,5
233,419,1
233,423,5
233,435,1
234,289,5
234,380,4
235,14,5
235,98,5
235,355,3
235,410,1
236,325,5
236,337,5
236,359,1
236,364,1
237,61,2
237,68,3
237,71,3
237,122,3
237,129,3
237,143,5
237,177,3
237,228,5
237,241,1
237,280,3
237,310,3
237,360,3
237,379,5
237,413,3
237,420,3
237,428,3
237,444,3
238,1,5
238,129,5
238,179,5
238,310,3
238,375,4
238,389,1
239,2,3
239,19,1
239,30,1
239,36,3
239,54,3
239,65,3
239,68,3
239,87,3
239,88,3
239,101,5
239,122,5
239,129,3
239,143,1
239,152,4
239,196,1
239,251,3
239,260,5
239,262,1
239,276,3
239,282,5
239,310,5
239,317,3
239,325,5
239,350,1
239,370,3
239,389,1
239,393,4
239,426,5
239,429,3
239,435,5
239,441,1
240,2,5
240,12,1
240,19,3
240,24,1
240,30,3
240,33,3
240,36,2
240,39,1
240,49,3
240,51,2
240,60,2
240,61,3
240,65,3
240,67,3
240,68,3
240,71,1
240,74,1
240,85,3
240,89,3
240,93,5
240,98,2
240,101,1
240,111,3
240,116,3
240,118,5
240,119,2
240,121,5
240,122,1
240,123,3
240,127,4
240,129,1
240,131,5
240,136,3
240,138,3
240,139,3
240,142,1
240,143,1
240,154,2
240,155,1
240,167,3
240,168,3
240,170,5
240,175,3
240,177,3
240,178,1
240,190,2
240,195,1
240,197,1
240,198,1
240,199,3
240,209,5
240,212,5
240,213,4
240,222,4
240,225,3
240,227,3
240,228,4
240,234,5
240,238,3
240,241,1
240,246,3
240,247,3
240,255,1
240,260,5
240,276,5
240,280,3
240,282,1
240,284,3
240,289,5
240,301,5
240,303,3
240,305,3
240,307,2
240,310,1
240,317,2
240,321,5
240,331,3
240,338,1
240,339,5
240,340,3
240,344,3
240,348,1
240,350,1
240,353,1
240,357,3
240,359,3
240,360,3
240,364,2
240,372,3
240,373,3
240,379,3
240,382,1
240,389,3
240,391,3
240,392,5
240,393,5
240,398,1
240,399,3
240,410,1
240,411,3
240,413,1
240,415,1
240,417,3
240,424,5
240,426,1
240,428,3
240,429,3
240,431,3
240,432,3
240,434,4
240,435,1
240,444,1
241,36,1
241,61,3
241,71,3
241,89,3
241,101,5
241,111,3
241,122,1
241,129,4
241,154,3
241,228,5
241,241,3
241,280,3
241,310,2
241,316,1
241,317,5
241,359,4
241,364,3
241,370,3
241,413,4
241,435,5
242,12,1
242,39,1
242,68,3
242,69,5
242,101,3
242,119,1
242,122,5
242,155,1
242,166,3
242,174,1
242,310,1
242,359,4
242,379,3
242,393,3
242,413,4
242,442,3
243,1,5
243,36,3
243,51,1
243,54,5
243,60,5
243,61,5
243,65,5
243,68,2
243,77,3
243,81,5
243,92,5
243,101,3
243,113,5
243,121,5
243,122,3
243,123,1
243,129,1
243,136,5
243,142,3
243,154,5
243,186,3
243,195,1
243,198,3
243,209,3
243,214,5
243,215,3
243,221,3
243,228,3
243,241,3
243,246,3
243,247,1
243,270,1
243,276,3
243,280,5
243,281,5
243,310,1
243,317,1
243,321,3
243,325,5
243,342,1
243,348,1
243,351,4
243,359,3
243,360,3
243,369,5
243,379,3
243,388,1
243,391,5
243,410,2
243,426,5
243,428,3
243,435,1
243,436,3
243,444,1
243,445,3
244,2,5
244,93,5
244,101,5
244,154,5
244,170,5
244,198,3
244,280,3
244,350,4
244,359,1
244,425,5
245,69,5
245,98,5
245,102,5
245,116,3
245,122,5
245,129,5
245,143,1
245,144,1
245,209,3
245,241,3
245,325,5
245,344,5
245,396,4
245,410,5
245,413,5
245,426,5
246,4,5
246,19,5
246,36,3
246,68,5
246,71,5
246,75,1
246,101,2
246,121,5
246,122,1
246,129,1
246,143,1
246,155,1
246,229,2
246,241,2
246,262,3
246,264,3
246,274,5
246,282,5
246,310,2
246,317,5
246,325,3
246,355,3
246,359,1
246,364,3
246,382,5
246,413,3
246,428,5
246,429,5
247,12,1
247,19,1
247,30,1
247,32,5
247,36,3
247,39,1
247,42,1
247,54,4
247,61,3
247,65,5
247,68,3
247,71,3
247,89,4
247,98,5
247,101,3
247,119,3
247,122,2
247,123,3
247,129,2
247,135,1
247,136,3
247,137,4
247,143,1
247,152,5
247,154,3
247,155,1
247,161,1
247,163,5
247,164,4
247,167,3
247,170,5
247,199,3
247,228,1
247,235,1
247,241,1
247,243,5
247,253,3
247,257,4
247,276,5
247,279,5
247,280,3
247,288,3
247,310,1
247,311,3
247,317,3
247,321,3
247,324,1
247,325,3
247,344,5
247,359,5
247,364,5
247,373,3
247,379,3
247,382,3
247,392,5
247,410,1
247,413,5
247,417,5
247,421,5
247,424,5
247,426,1
247,428,1
247,429,5
247,434,3
247,435,1
247,436,3
248,9,4
248,16,3
248,39,5
248,42,1
248,68,3
248,71,1
248,78,5
248,93,5
248,98,4
248,101,3
248,119,5
248,122,5
248,125,5
248,127,3
248,129,3
248,139,5
248,144,1
248,160,3
248,170,1
248,195,3
248,197,1
248,204,3
248,228,5
248,241,3
248,248,5
248,255,1
248,269,1
248,276,5
248,280,3
248,282,1
248,289,5
248,307,3
248,310,3
248,311,5
248,317,3
248,348,1
248,357,5
248,359,3
248,364,1
248,379,1
248,382,3
248,410,3
248,419,5
248,428,3
248,435,1
249,51,5
249,307,5
249,310,5
249,410,3
249,413,3
250,2,3
250,16,1
250,40,4
250,90,5
250,101,3
250,122,5
250,129,5
250,186,3
250,241,5
250,310,1
250,342,1
250,364,3
250,389,4
250,441,3
251,36,2
251,101,1
252,32,1
252,61,5
252,71,1
252,101,1
252,119,1
252,129,1
252,153,1
252,170,5
252,276,4
252,291,1
252,317,5
252,321,1
252,344,5
252,360,3
252,379,1
253,102,5
253,129,5
253,310,3
253,364,1
254,22,4
254,122,5
254,129,5
254,310,4
255,246,1
255,299,5
256,5,1
256,10,1
256,12,3
256,23,5
256,30,3
256,51,5
256,54,1
256,61,3
256,65,5
256,68,5
256,74,3
256,86,5
256,89,3
256,93,5
256,98,5
256,101,3
256,119,1
256,122,3
256,123,4
256,129,3
256,155,1
256,160,3
256,164,1
256,195,1
256,204,3
256,228,3
256,241,3
256,242,1
256,247,3
256,248,1
256,276,5
256,280,3
256,284,3
256,310,1
256,317,5
256,336,5
256,357,3
256,368,3
256,389,1
256,397,5
256,399,4
256,410,3
256,413,1
256,426,5
256,435,4
256,436,3
257,30,1
257,241,3
257,410,3
258,122,3
258,129,3
258,310,3
258,317,3
258,321,4
258,444,3
259,40,3
259,410,5
260,33,5
260,228,1
260,306,3
260,404,5
261,243,3
261,305,5
262,9,3
262,54,3
262,101,3
262,111,3
262,114,5
262,119,1
262,122,3
262,123,3
262,129,3
262,135,1
262,154,5
262,168,3
262,241,1
262,280,3
262,292,1
262,295,3
262,342,1
262,353,1
262,423,1
262,428,3
263,75,5
263,112,3
263,247,1
263,447,1
264,122,3
264,280,5
265,39,1
265,68,3
265,101,3
265,119,1
265,166,3
265,310,1
266,68,5
266,241,3
266,435,1
266,436,3
267,98,5
267,122,5
267,127,4
268,119,1
268,189,4
268,350,4
269,68,3
269,310,5
269,399,5
270,1,5
270,2,3
270,29,1
270,30,1
270,39,1
270,61,3
270,68,1
270,74,3
270,79,5
270,80,1
270,93,5
270,101,1
270,122,3
270,129,3
270,143,5
270,154,1
270,166,3
270,186,3
270,196,4
270,221,5
270,241,4
270,243,5
270,255,3
270,260,1
270,276,3
270,280,1
270,309,1
270,310,1
270,317,5
270,325,4
270,333,5
270,342,1
270,353,1
270,359,3
270,364,1
270,370,5
270,379,1
270,407,5
270,413,5
270,415,5
270,428,4
270,441,3
271,68,5
271,122,4
271,165,3
271,307,3
271,310,4
271,364,5
271,410,4
272,23,5
272,51,3
272,68,4
272,71,3
272,75,5
272,101,3
272,119,1
272,122,3
272,129,3
272,134,3
272,143,1
272,295,3
272,305,3
272,310,1
272,317,3
272,359,5
272,379,1
272,392,5
272,426,5
272,428,3
272,444,5
273,23,3
273,51,3
273,82,5
273,108,5
273,122,3
273,177,3
273,228,3
273,241,5
273,350,3
273,428,3
273,436,3
274,144,1
274,187,1
275,2,3
275,13,3
275,14,5
275,26,1
275,27,1
275,30,3
275,36,3
275,47,3
275,60,3
275,61,1
275,68,1
275,69,3
275,71,1
275,81,3
275,93,5
275,98,5
275,101,3
275,111,1
275,118,5
275,119,5
275,122,3
275,123,3
275,129,1
275,138,3
275,142,3
275,151,5
275,162,3
275,166,5
275,174,5
275,177,3
275,179,3
275,180,3
275,190,3
275,198,3
275,209,3
275,228,3
275,238,3
275,241,3
275,246,3
275,255,1
275,269,1
275,280,1
275,282,3
275,286,5
275,291,1
275,292,4
275,305,3
275,310,1
275,312,1
275,317,3
275,321,3
275,347,1
275,348,1
275,359,3
275,360,5
275,364,3
275,368,5
275,373,1
275,402,5
275,404,5
275,410,1
275,413,3
275,417,4
275,418,4
275,425,5
275,428,3
275,435,1
275,436,5
275,439,4
275,441,1
276,33,5
276,195,3
276,255,1
276,428,3
277,68,4
277,379,3
278,68,3
278,191,3
279,30,1
279,36,5
279,74,3
279,90,5
279,101,5
279,129,3
279,146,5
279,154,3
279,167,3
279,177,3
279,207,1
279,228,3
279,241,1
279,244,5
279,247,3
279,260,4
279,280,3
279,282,1
279,294,1
279,305,5
279,309,5
279,310,1
279,317,3
279,325,5
279,344,3
279,350,3
279,359,1
279,364,3
279,386,5
279,392,1
279,399,3
279,402,5
279,408,1
279,410,3
279,426,5
279,429,5
279,435,5
280,2,1
280,8,3
280,12,5
280,30,3
280,39,1
280,48,3
280,61,5
280,68,1
280,71,1
280,92,5
280,93,5
280,99,1
280,101,5
280,104,1
280,112,1
280,122,1
280,127,5
280,129,3
280,143,3
280,144,1
280,146,5
280,154,1
280,155,1
280,174,1
280,183,4
280,195,1
280,204,3
280,209,3
280,228,5
280,241,3
280,243,3
280,255,3
280,280,3
280,310,1
280,317,1
280,321,2
280,335,3
280,348,1
280,349,1
280,350,1
280,353,3
280,357,5
280,359,3
280,373,1
280,379,1
280,388,1
280,403,5
280,410,1
280,413,1
280,416,5
280,426,5
280,428,3
280,429,3
280,431,3
280,435,4
280,436,4
280,438,5
280,447,1
281,4,5
281,36,2
281,39,5
281,61,3
281,68,3
281,101,5
281,122,2
281,151,1
281,154,3
281,166,5
281,168,5
281,280,3
281,310,1
281,320,1
281,360,3
281,370,3
281,379,1
281,382,5
282,12,1
282,18,4
282,30,1
282,68,3
282,71,5
282,93,5
282,98,3
282,101,3
282,111,4
282,122,5
282,129,3
282,166,5
282,204,5
282,241,3
282,280,5
282,304,1
282,305,3
282,359,1
282,379,3
282,391,3
282,413,3
282,435,5
283,12,3
283,30,1
283,36,5
283,38,1
283,39,1
283,40,4
283,53,1
283,54,5
283,61,3
283,68,1
283,71,3
283,73,4
283,99,1
283,101,1
283,111,3
283,123,3
283,129,1
283,151,1
283,154,4
283,167,1
283,174,5
283,187,5
283,210,3
283,234,3
283,289,5
283,302,3
283,305,1
283,310,1
283,316,1
283,317,5
283,360,3
283,364,5
283,382,1
283,388,1
283,390,5
283,396,1
283,413,3
283,419,5
283,427,3
283,428,5
283,435,1
284,68,3
284,122,2
284,129,5
284,241,3
284,341,5
284,379,3
285,60,3
285,436,3
286,35,3
286,46,3
286,49,3
286,60,3
286,68,1
286,71,4
286,74,5
286,98,5
286,101,1
286,122,1
286,129,1
286,143,1
286,164,3
286,177,3
286,188,3
286,195,5
286,197,1
286,199,3
286,209,3
286,229,2
286,241,1
286,247,1
286,254,3
286,257,5
286,280,1
286,282,3
286,305,3
286,307,5
286,310,1
286,317,3
286,325,3
286,336,1
286,343,5
286,348,1
286,353,1
286,357,3
286,359,1
286,389,3
286,391,5
286,399,3
286,408,3
286,410,3
286,413,1
286,417,5
286,428,1
286,429,2
286,435,3
286,436,3
286,444,4
287,51,3
287,68,3
287,101,5
287,119,1
287,123,3
287,129,1
287,143,1
287,152,5
287,249,3
287,307,3
287,310,3
287,316,3
287,359,5
287,364,1
287,370,3
287,379,5
287,392,5
287,419,5
287,421,5
287,435,5
288,68,1
288,228,3
288,365,3
288,428,3
289,30,1
289,35,1
289,41,4
289,68,4
289,101,4
289,109,5
289,122,4
289,127,4
289,129,4
289,135,4
289,136,3
289,137,1
289,139,1
289,166,4
289,171,4
289,182,4
289,193,1
289,195,3
289,204,4
289,211,3
289,241,1
289,270,1
289,276,4
289,292,4
289,309,4
289,310,3
289,311,4
289,317,4
289,373,1
289,389,1
289,391,5
289,410,4
289,411,4
289,435,1
290,359,5
290,413,3
291,51,3
291,61,3
291,68,3
291,199,2
291,280,3
291,310,3
291,325,5
291,413,3
291,433,1
292,29,3
292,34,3
292,68,5
292,71,3
292,129,3
292,138,1
292,165,5
292,209,3
292,255,3
292,321,3
292,359,1
292,435,5
293,49,3
293,129,5
293,324,1
293,376,5
294,30,1
294,36,5
294,39,5
294,53,1
294,54,5
294,61,3
294,99,1
294,101,1
294,111,3
294,123,3
294,129,1
294,151,1
294,167,1
294,174,5
294,187,5
294,210,3
294,234,3
294,289,5
294,310,1
294,316,1
294,317,5
294,360,5
294,364,5
294,382,1
294,390,5
294,396,1
294,413,3
294,419,5
294,435,1
295,2,3
295,12,1
295,39,1
295,61,3
295,67,3
295,71,3
295,101,1
295,121,3
295,122,3
295,123,3
295,129,3
295,133,5
295,160,3
295,192,3
295,195,1
295,199,3
295,204,1
295,222,5
295,228,3
295,241,3
295,255,1
295,257,1
295,280,3
295,289,5
295,290,5
295,305,1
295,310,1
295,312,3
295,317,3
295,321,5
295,335,1
295,380,5
295,410,5
295,413,3
295,419,2
295,423,3
295,428,3
295,436,3
295,444,3
296,1,5
296,13,3
296,29,5
296,36,5
296,49,5
296,51,5
296,65,3
296,68,3
296,71,1
296,87,3
296,98,3
296,99,5
296,101,3
296,113,3
296,119,1
296,122,1
296,123,3
296,127,4
296,129,1
296,141,3
296,142,3
296,154,5
296,166,4
296,167,1
296,176,5
296,177,3
296,195,3
296,204,4
296,220,3
296,225,3
296,228,4
296,238,4
296,241,1
296,247,3
296,249,3
296,250,3
296,263,5
296,264,5
296,274,3
296,280,3
296,282,3
296,289,3
296,306,3
296,310,3
296,312,3
296,317,3
296,319,1
296,321,1
296,348,1
296,350,4
296,353,1
296,355,3
296,357,5
296,364,4
296,373,1
296,410,3
296,411,4
296,413,3
296,417,3
296,418,3
296,419,3
296,420,5
296,424,3
296,428,1
296,435,1
296,439,5
296,444,3
297,71,5
297,129,4
297,142,1
297,167,5
297,244,5
297,336,1
297,433,5
297,444,5
298,241,3
298,389,3
299,127,1
299,310,1
300,226,1
300,410,5
301,49,3
301,68,3
301,98,3
301,101,3
301,129,5
301,132,5
301,255,3
301,391,2
301,417,4
301,428,3
302,39,4
302,61,3
302,68,1
302,71,3
302,101,3
302,119,5
302,122,5
302,129,3
302,136,5
302,245,5
302,310,5
302,317,3
302,324,1
302,428,3
302,444,5
303,129,3
303,144,1
303,242,3
303,310,3
303,399,1
303,447,1
304,129,3
304,310,1
304,379,3
305,75,1
305,93,5
305,101,1
305,127,3
305,129,5
305,195,1
305,247,1
305,359,3
305,379,1
305,391,3
305,403,1
305,413,3
305,423,1
306,12,1
306,71,1
306,99,5
306,101,1
306,113,5
306,122,5
306,129,5
306,133,1
306,163,5
306,195,1
306,246,1
306,317,1
306,321,5
306,324,1
306,335,5
306,353,5
306,359,5
306,369,1
306,426,5
307,13,1
307,23,5
307,32,3
307,34,5
307,51,3
307,61,3
307,68,3
307,71,5
307,89,3
307,93,5
307,101,3
307,109,1
307,110,3
307,122,1
307,129,3
307,143,1
307,160,3
307,168,3
307,186,3
307,198,5
307,209,1
307,241,4
307,243,5
307,245,1
307,247,1
307,248,1
307,253,1
307,267,4
307,269,1
307,276,3
307,286,3
307,290,5
307,310,1
307,317,3
307,321,1
307,333,3
307,348,4
307,353,5
307,359,3
307,364,3
307,376,3
307,391,5
307,402,5
307,410,5
307,413,3
307,417,5
307,423,4
307,428,3
307,429,3
307,435,3
307,441,3
308,71,1
308,87,3
308,101,1
308,112,1
308,122,1
308,123,3
308,129,2
308,154,3
308,195,1
308,209,3
308,241,3
308,242,1
308,255,3
308,280,3
308,306,1
308,310,4
308,317,4
308,359,3
308,364,1
308,365,5
308,391,5
308,397,5
308,399,2
308,413,3
308,428,3
308,435,1
308,444,3
309,27,1
309,54,4
309,71,1
309,101,3
309,111,5
309,129,3
309,173,1
309,214,5
309,228,3
309,248,5
309,253,3
309,276,3
309,280,2
309,359,1
309,388,1
309,392,1
309,417,3
309,435,1
309,439,3
309,444,3
310,68,5
310,71,5
310,91,3
310,101,3
310,129,3
310,138,1
310,165,5
310,241,3
310,280,3
310,281,5
310,364,5
310,370,3
310,410,3
310,435,5
311,122,5
311,129,5
311,310,1
311,435,5
312,5,3
312,30,1
312,71,3
312,121,5
312,173,3
312,247,5
312,251,3
312,255,1
312,280,3
312,284,3
312,306,1
312,315,3
312,336,1
312,355,5
312,435,3
313,32,3
313,68,1
313,71,3
313,89,3
313,101,3
313,122,5
313,123,1
313,129,3
313,154,3
313,166,3
313,225,3
313,228,5
313,252,5
313,261,5
313,263,1
313,280,3
313,282,3
313,305,3
313,310,1
313,359,4
313,364,5
313,365,5
313,413,4
313,428,1
313,435,5
314,61,3
314,65,5
314,304,1
314,310,3
314,359,5
315,61,5
315,311,3
316,101,3
316,122,5
316,127,1
316,129,3
316,241,3
316,310,3
316,364,1
317,60,3
317,92,5
317,101,5
317,129,3
317,188,5
317,435,1
318,9,2
318,12,2
318,19,5
318,36,3
318,49,3
318,51,3
318,65,5
318,68,5
318,71,5
318,81,5
318,83,4
318,87,2
318,89,3
318,98,3
318,101,5
318,122,3
318,127,1
318,129,3
318,130,5
318,138,3
318,139,1
318,143,4
318,155,1
318,163,5
318,174,5
318,182,1
318,198,3
318,199,5
318,225,4
318,228,3
318,236,5
318,241,1
318,247,4
318,248,5
318,251,3
318,254,3
318,274,3
318,279,5
318,280,3
318,284,3
318,295,3
318,301,5
318,306,1
318,307,3
318,310,1
318,317,5
318,321,3
318,323,1
318,341,5
318,344,5
318,355,3
318,359,1
318,370,3
318,372,3
318,382,5
318,386,5
318,397,1
318,410,3
318,413,1
318,428,3
318,435,3
318,444,5
319,359,3
319,435,5
320,2,3
320,4,5
320,68,1
320,71,5
320,75,4
320,122,3
320,129,3
320,154,4
320,166,3
320,174,3
320,196,4
320,260,1
320,276,5
320,310,3
320,325,4
320,333,5
320,359,3
320,364,1
320,370,5
320,407,5
320,413,3
320,435,5
321,61,3
321,67,3
321,68,3
321,71,4
321,101,3
321,122,3
321,129,3
321,154,3
321,199,3
321,209,3
321,228,3
321,280,3
321,310,3
321,321,3
321,359,1
321,413,3
321,444,5
322,122,3
322,129,5
322,280,4
322,359,5
322,364,1
322,391,3
322,410,3
323,1,3
323,2,5
323,12,3
323,35,4
323,67,5
323,73,3
323,101,1
323,123,2
323,127,1
323,129,3
323,135,1
323,144,5
323,154,5
323,167,1
323,175,3
323,209,3
323,221,5
323,301,2
323,305,3
323,307,3
323,310,4
323,316,3
323,317,5
323,360,3
323,382,3
323,397,1
323,428,4
323,445,3
324,28,3
324,30,5
324,36,5
324,51,3
324,60,5
324,68,3
324,71,3
324,75,5
324,81,5
324,98,4
324,101,3
324,118,1
324,122,2
324,124,3
324,129,5
324,135,3
324,139,1
324,160,3
324,161,1
324,166,1
324,176,5
324,199,3
324,204,1
324,228,3
324,255,3
324,276,5
324,305,3
324,310,3
324,317,3
324,324,1
324,325,5
324,333,3
324,355,2
324,359,1
324,360,5
324,410,1
324,444,3
324,445,3
325,12,1
325,30,5
325,36,5
325,39,5
325,61,3
325,67,5
325,68,2
325,71,5
325,87,3
325,98,3
325,118,5
325,121,5
325,123,2
325,129,3
325,143,1
325,154,5
325,199,1
325,241,3
325,255,2
325,262,4
325,305,2
325,306,5
325,310,3
325,317,5
325,353,3
325,359,3
325,363,5
325,379,1
325,382,3
325,388,1
325,390,5
325,393,5
325,413,2
325,414,3
325,423,2
325,428,5
325,435,5
326,68,3
326,129,5
326,280,4
326,305,3
327,71,3
327,122,3
327,133,1
327,144,3
327,167,1
327,186,3
327,241,3
327,255,3
327,280,3
327,316,3
327,317,3
327,357,5
327,359,3
327,410,4
327,423,1
327,428,3
327,435,3
328,129,5
328,310,3
329,34,1
329,60,3
329,68,3
329,99,5
329,129,5
329,155,1
329,179,5
329,180,3
329,225,3
329,228,3
329,232,3
329,243,3
329,244,3
329,280,3
329,281,3
329,310,3
329,364,1
329,387,3
329,393,5
329,410,3
329,413,4
329,428,3
329,435,5
330,5,3
330,15,3
330,54,3
330,68,3
330,101,3
330,122,3
330,129,3
330,136,3
330,160,3
330,170,5
330,195,1
330,241,3
330,280,1
330,290,3
330,310,3
330,317,3
330,323,3
330,359,3
330,360,2
330,389,3
330,410,3
330,428,3
330,435,3
331,98,3
331,122,3
332,19,1
332,29,1
332,30,1
332,36,3
332,51,3
332,65,5
332,87,5
332,88,3
332,101,2
332,144,1
332,196,1
332,199,3
332,251,3
332,255,1
332,262,1
332,276,3
332,310,4
332,314,3
332,317,3
332,350,1
332,413,3
332,424,5
332,426,5
332,428,3
332,429,3
332,435,5
332,444,5
333,98,5
333,119,1
333,129,5
333,143,1
333,350,5
333,359,1
334,1,5
334,11,1
334,35,5
334,39,1
334,60,5
334,61,5
334,68,3
334,98,2
334,101,5
334,111,1
334,122,3
334,123,2
334,129,2
334,136,3
334,146,3
334,165,1
334,166,3
334,174,5
334,197,1
334,241,1
334,280,3
334,281,3
334,290,3
334,304,1
334,310,1
334,317,5
334,321,5
334,325,5
334,329,5
334,359,5
334,364,3
334,373,1
334,388,1
334,392,5
334,393,5
334,402,1
334,410,2
334,413,3
334,428,3
334,436,3
335,61,1
335,68,1
335,71,5
335,118,4
335,119,5
335,122,5
335,129,1
335,151,1
335,154,5
335,156,1
335,280,3
335,310,3
335,353,5
335,360,3
335,379,5
335,413,3
336,93,1
336,360,5
337,5,1
337,15,4
337,17,5
337,23,5
337,26,1
337,30,1
337,34,4
337,36,5
337,38,1
337,39,1
337,42,1
337,45,1
337,51,5
337,54,4
337,61,5
337,68,1
337,71,1
337,75,1
337,80,1
337,83,2
337,98,3
337,101,1
337,109,5
337,111,5
337,118,4
337,119,1
337,122,3
337,123,1
337,127,2
337,129,1
337,135,3
337,136,3
337,138,3
337,139,5
337,143,1
337,144,5
337,154,3
337,155,1
337,164,4
337,167,1
337,170,3
337,173,3
337,174,1
337,186,3
337,190,3
337,191,1
337,193,5
337,194,3
337,195,1
337,198,3
337,199,3
337,209,3
337,212,3
337,215,5
337,221,3
337,225,1
337,228,3
337,241,1
337,247,1
337,248,1
337,253,3
337,255,1
337,265,1
337,272,1
337,274,3
337,280,1
337,282,1
337,306,1
337,307,5
337,310,3
337,311,3
337,316,5
337,317,1
337,323,1
337,325,3
337,333,3
337,334,3
337,348,1
337,350,1
337,353,1
337,357,1
337,359,3
337,363,5
337,364,1
337,383,3
337,389,1
337,391,3
337,397,5
337,410,1
337,413,5
337,417,5
337,422,3
337,423,1
337,426,5
337,428,3
337,429,5
337,435,1
337,443,1
337,444,5
338,2,3
338,20,3
338,39,4
338,61,3
338,111,3
338,129,3
338,195,5
338,241,3
338,310,2
338,364,1
338,379,3
338,391,4
338,406,5
338,424,5
339,1,5
339,169,3
339,310,3
339,331,3
340,61,3
340,71,5
340,89,5
340,93,5
340,98,5
340,101,1
340,122,1
340,123,3
340,129,3
340,133,1
340,280,3
340,310,5
340,317,5
340,350,3
340,364,1
340,410,3
340,435,3
341,305,3
341,317,3
342,101,1
342,265,1
342,317,2
343,2,3
343,19,5
343,34,3
343,36,5
343,40,4
343,65,5
343,71,5
343,98,5
343,101,5
343,127,3
343,129,5
343,135,3
343,241,3
343,310,1
343,316,5
343,317,1
343,325,5
343,341,5
343,347,1
343,376,3
343,379,3
343,413,3
344,36,3
344,51,5
344,53,1
344,61,1
344,68,4
344,71,4
344,122,3
344,129,3
344,135,1
344,149,5
344,204,2
344,241,3
344,276,5
344,289,5
344,310,3
344,316,5
344,317,3
344,364,3
344,370,3
344,419,5
345,2,3
345,13,3
345,51,5
345,68,5
345,101,3
345,113,1
345,122,3
345,129,3
345,138,1
345,154,5
345,160,3
345,193,1
345,199,3
345,204,3
345,209,4
345,242,1
345,247,1
345,260,1
345,261,5
345,274,1
345,280,3
345,281,3
345,282,3
345,289,4
345,290,5
345,305,5
345,307,1
345,310,3
345,317,1
345,339,5
345,340,3
345,359,3
345,364,5
345,365,5
345,391,1
345,392,5
345,428,3
345,436,3
345,444,3
346,12,1
346,19,5
346,36,3
346,42,1
346,68,5
346,101,5
346,119,1
346,122,3
346,123,1
346,129,2
346,167,1
346,190,1
346,199,3
346,204,5
346,241,5
346,260,1
346,276,5
346,305,1
346,310,1
346,316,1
346,337,5
346,354,3
346,357,5
346,359,1
346,363,3
346,382,5
346,389,5
346,419,5
346,423,5
346,428,5
347,60,3
347,68,1
347,87,3
347,119,5
347,129,3
347,164,3
347,174,3
347,197,1
347,241,1
347,301,5
347,310,1
347,353,4
347,410,3
347,413,5
347,428,2
348,51,3
348,359,1
348,410,3
349,310,2
349,364,2
350,98,5
350,111,5
350,129,3
350,216,3
351,68,3
351,392,5
352,186,3
352,280,5
352,310,3
353,36,5
353,317,1
353,364,1
353,404,5
354,71,5
354,154,5
355,311,1
355,423,1
356,36,5
356,65,5
356,87,3
356,101,5
356,122,2
356,129,5
356,160,5
356,166,3
356,167,1
356,199,2
356,251,3
356,260,5
356,282,5
356,289,5
356,310,3
356,317,1
356,321,3
356,359,1
356,364,1
356,393,5
356,404,5
357,116,1
357,359,5
358,74,1
358,310,1
358,410,3
358,436,3
359,61,3
359,101,3
359,290,2
359,373,1
359,435,5
359,436,1
360,4,5
360,61,5
360,101,5
360,309,5
360,360,5
360,397,3
361,310,2
361,364,2
362,68,3
362,410,3
362,413,3
363,22,4
363,68,3
363,129,3
363,241,3
363,325,4
363,391,3
363,435,5
364,22,4
364,73,4
364,101,3
364,122,5
364,125,4
364,129,3
364,151,4
364,212,3
364,241,3
364,310,3
364,316,4
364,325,4
364,435,5
365,61,3
365,68,3
365,93,5
365,101,3
365,108,5
365,111,4
365,122,2
365,129,3
365,143,3
365,198,3
365,228,3
365,241,3
365,280,3
365,305,5
365,310,3
365,360,3
365,364,3
365,383,3
365,391,3
365,410,3
365,413,3
365,428,3
365,435,1
366,102,5
366,310,3
366,333,3
367,2,3
367,45,1
367,60,3
367,61,5
367,101,3
367,115,3
367,122,4
367,129,3
367,276,5
367,280,3
367,281,3
367,306,3
367,348,1
367,357,1
367,364,3
367,379,1
367,397,1
367,404,5
367,410,1
367,436,3
368,98,5
368,109,1
368,198,3
368,405,3
368,436,5
369,29,3
369,30,1
369,88,1
369,122,3
369,146,3
369,188,5
369,262,1
369,264,3
369,321,3
369,348,5
369,355,1
369,435,1
370,2,3
370,18,3
370,27,1
370,34,5
370,55,1
370,61,1
370,68,1
370,71,1
370,75,3
370,93,5
370,129,3
370,143,3
370,154,4
370,166,3
370,190,1
370,196,4
370,241,4
370,242,1
370,243,5
370,260,1
370,267,4
370,276,3
370,282,1
370,310,3
370,317,5
370,325,4
370,333,5
370,348,3
370,354,3
370,359,1
370,364,1
370,370,5
370,379,1
370,407,5
370,413,3
370,423,1
370,426,5
370,429,3
370,435,5
370,441,3
370,444,3
371,12,1
371,36,5
371,38,4
371,40,4
371,61,5
371,65,3
371,67,3
371,71,3
371,75,1
371,101,3
371,122,3
371,123,2
371,127,5
371,129,1
371,135,1
371,143,3
371,151,1
371,159,3
371,164,5
371,167,3
371,190,1
371,210,1
371,222,5
371,241,1
371,243,1
371,260,1
371,269,1
371,280,3
371,281,3
371,282,1
371,302,3
371,305,1
371,310,1
371,312,5
371,316,4
371,317,3
371,338,1
371,351,3
371,353,5
371,359,5
371,361,3
371,364,5
371,373,1
371,382,5
371,413,3
371,426,5
371,428,3
371,435,5
372,36,5
372,317,1
372,364,1
372,404,5
373,2,3
373,19,1
373,30,1
373,36,3
373,54,3
373,65,3
373,68,3
373,87,3
373,88,3
373,101,2
373,122,5
373,129,3
373,143,1
373,166,2
373,196,1
373,221,2
373,251,3
373,260,5
373,262,1
373,276,3
373,282,5
373,310,4
373,317,3
373,325,5
373,350,1
373,359,4
373,370,3
373,389,1
373,393,4
373,413,4
373,426,5
373,429,3
373,435,5
373,441,1
374,68,3
374,71,5
374,122,4
374,129,3
374,143,1
374,154,5
374,174,5
374,282,5
374,289,5
374,310,3
374,317,5
374,364,1
374,413,1
374,435,5
375,123,1
375,306,3
375,316,3
376,36,4
376,51,5
376,68,3
376,71,5
376,75,4
376,101,3
376,118,1
376,122,1
376,123,1
376,135,3
376,154,5
376,167,1
376,211,1
376,228,3
376,241,3
376,244,5
376,260,4
376,282,4
376,289,5
376,310,3
376,312,1
376,317,2
376,325,3
376,399,3
376,403,5
376,413,5
376,428,5
376,433,5
377,29,3
377,60,3
377,61,3
377,68,3
377,71,3
377,98,4
377,101,1
377,111,5
377,122,2
377,123,3
377,127,1
377,129,1
377,133,1
377,153,3
377,167,3
377,211,3
377,227,5
377,228,4
377,241,2
377,242,3
377,280,3
377,292,1
377,305,5
377,308,5
377,310,1
377,316,5
377,317,3
377,357,3
377,364,5
377,369,3
377,379,3
377,404,5
377,410,3
377,413,3
377,415,3
377,426,3
377,429,5
377,435,5
378,40,2
378,92,5
378,241,1
378,348,1
378,359,5
378,365,5
379,36,5
379,317,1
379,364,1
379,404,5
380,1,5
380,2,3
380,19,1
380,30,1
380,34,3
380,71,5
380,84,3
380,98,3
380,101,3
380,109,5
380,112,3
380,115,3
380,122,3
380,129,3
380,133,1
380,136,3
380,139,1
380,154,3
380,177,3
380,181,5
380,191,3
380,196,4
380,227,5
380,228,3
380,241,5
380,247,3
380,248,5
380,251,2
380,255,3
380,262,1
380,270,1
380,274,3
380,276,3
380,280,4
380,300,1
380,310,3
380,317,3
380,321,3
380,350,1
380,355,1
380,364,5
380,373,1
380,391,3
380,392,1
380,393,5
380,410,5
380,413,3
380,415,1
380,428,3
380,434,3
380,435,1
380,444,5
381,195,5
381,317,5
381,375,4
381,423,1
382,204,3
382,226,1
382,306,3
383,35,3
383,61,3
383,68,5
383,122,3
383,123,1
383,129,3
383,197,1
383,241,3
383,274,4
383,306,1
383,310,3
383,316,4
383,317,1
383,321,3
383,382,5
383,415,3
383,428,3
383,435,5
384,3,1
384,101,4
384,122,3
384,280,5
385,98,5
385,248,1
385,413,5
385,428,3
386,19,1
386,71,1
386,101,3
386,122,4
386,129,1
386,146,1
386,161,1
386,165,1
386,177,3
386,289,5
386,310,1
386,350,1
386,352,1
386,379,3
386,392,5
387,310,3
387,404,5
388,34,5
388,36,5
388,54,5
388,68,3
388,71,3
388,101,3
388,111,1
388,114,5
388,119,1
388,122,4
388,129,1
388,146,3
388,154,3
388,162,4
388,199,3
388,215,5
388,228,3
388,241,3
388,280,5
388,282,3
388,307,3
388,310,3
388,316,1
388,317,2
388,321,3
388,344,5
388,359,3
388,364,3
388,365,3
388,382,3
388,389,4
388,391,3
388,397,1
388,399,1
388,406,3
388,413,3
388,422,1
388,423,1
388,428,4
388,444,3
389,21,3
389,29,4
389,30,5
389,39,5
389,45,3
389,51,3
389,68,1
389,74,3
389,89,3
389,119,1
389,127,3
389,129,3
389,196,4
389,221,5
389,241,3
389,255,3
389,280,3
389,291,1
389,310,5
389,317,3
389,333,5
389,348,3
389,350,5
389,357,3
389,359,3
389,370,3
389,379,1
389,389,3
389,413,3
389,429,5
389,435,5
389,444,3
390,68,3
390,129,5
390,170,5
390,241,3
390,310,3
390,391,3
390,428,3
391,68,4
391,122,1
391,129,5
391,146,5
391,154,5
391,209,3
391,229,5
391,282,1
391,310,3
391,316,5
391,317,5
391,324,1
391,353,3
391,364,1
391,413,3
391,423,1
392,1,5
392,101,3
392,122,3
392,129,3
392,154,5
392,280,3
392,324,1
392,413,5
393,5,1
393,13,1
393,42,1
393,68,3
393,71,3
393,98,4
393,101,3
393,104,1
393,121,3
393,122,3
393,123,1
393,129,2
393,143,1
393,154,5
393,155,1
393,163,5
393,170,1
393,175,3
393,195,1
393,272,1
393,279,5
393,280,3
393,305,1
393,310,1
393,311,1
393,317,5
393,322,5
393,333,3
393,357,3
393,360,3
393,364,5
393,373,3
393,385,3
393,391,3
393,393,5
393,406,3
393,413,1
393,423,1
393,426,5
393,428,3
394,89,4
394,356,5
394,359,5
394,413,3
395,23,5
395,49,3
395,60,3
395,68,1
395,75,5
395,111,3
395,119,1
395,121,3
395,122,3
395,155,1
395,167,5
395,241,3
395,247,1
395,255,3
395,280,3
395,310,3
395,317,3
395,364,3
395,391,3
395,395,3
396,129,3
396,309,5
397,36,3
397,40,4
397,68,3
397,94,1
397,101,1
397,122,3
397,129,3
397,177,4
397,187,5
397,204,3
397,209,5
397,229,1
397,241,1
397,243,3
397,254,3
397,280,3
397,281,4
397,282,5
397,285,5
397,297,1
397,310,3
397,364,3
397,432,1
397,435,5
397,436,3
398,36,5
398,51,5
398,54,1
398,58,5
398,68,3
398,69,3
398,71,3
398,89,1
398,92,3
398,93,3
398,98,3
398,101,2
398,122,3
398,129,2
398,132,3
398,138,1
398,142,5
398,154,1
398,166,2
398,177,3
398,195,3
398,199,3
398,204,5
398,209,3
398,214,3
398,221,2
398,224,3
398,225,3
398,228,5
398,241,5
398,247,3
398,248,5
398,261,5
398,280,3
398,282,3
398,284,3
398,298,1
398,306,5
398,307,5
398,310,1
398,316,3
398,317,1
398,321,3
398,325,5
398,339,1
398,342,1
398,359,3
398,360,3
398,364,3
398,365,5
398,372,3
398,379,3
398,391,3
398,399,3
398,410,3
398,413,1
398,417,3
398,423,1
398,436,5
398,445,3
399,1,1
399,68,5
399,101,2
399,113,5
399,119,1
399,122,5
399,129,3
399,154,5
399,166,2
399,190,3
399,221,2
399,276,5
399,280,5
399,287,5
399,289,5
399,310,1
399,316,1
399,359,4
399,404,5
399,423,1
399,435,3
400,61,1
400,119,5
400,122,5
400,151,1
400,156,1
400,280,3
400,310,3
400,353,5
400,360,3
400,379,5
400,413,3
400,424,5
401,61,5
401,68,5
401,93,5
401,111,5
401,122,5
401,129,3
401,276,3
401,280,3
401,316,3
401,325,5
402,1,3
402,2,5
402,12,3
402,35,4
402,67,5
402,73,3
402,101,1
402,123,2
402,127,1
402,129,3
402,135,1
402,144,5
402,154,5
402,167,3
402,175,3
402,221,5
402,301,2
402,305,3
402,307,3
402,310,4
402,316,3
402,317,5
402,360,3
402,382,3
402,397,1
402,410,1
402,428,4
402,445,3
403,2,3
403,9,5
403,30,3
403,33,5
403,36,2
403,40,2
403,41,4
403,49,5
403,54,4
403,61,2
403,68,4
403,101,2
403,119,1
403,122,3
403,123,3
403,127,4
403,129,3
403,142,5
403,197,4
403,204,4
403,215,4
403,228,3
403,241,3
403,247,3
403,276,4
403,280,3
403,290,4
403,305,5
403,309,4
403,310,2
403,317,3
403,333,4
403,342,3
403,357,3
403,364,3
403,365,3
403,389,1
403,394,4
403,402,1
403,413,3
403,424,5
403,436,5
404,61,3
404,111,5
404,166,5
404,317,3
404,379,3
405,34,5
405,68,3
405,101,5
405,123,3
405,127,5
405,129,5
405,215,5
405,333,3
405,399,1
405,410,3
405,413,3
406,2,3
406,35,3
406,36,4
406,46,3
406,54,4
406,68,5
406,71,5
406,98,5
406,101,2
406,111,2
406,113,1
406,122,5
406,123,1
406,129,3
406,143,1
406,155,1
406,165,1
406,166,1
406,167,1
406,241,2
406,282,5
406,307,5
406,310,2
406,333,3
406,339,1
406,344,5
406,355,3
406,364,5
406,369,5
406,399,1
406,402,5
406,410,3
406,413,2
406,435,3
407,256,5
407,280,3
408,36,5
408,317,1
408,364,1
408,404,5
409,129,3
409,205,3
409,280,3
409,385,1
409,413,5
410,61,3
410,129,3
410,140,3
410,165,1
410,204,1
410,310,3
410,316,3
410,342,1
411,68,5
411,310,3
412,2,5
412,9,3
412,39,1
412,51,5
412,60,3
412,61,5
412,68,3
412,71,3
412,74,3
412,92,5
412,93,5
412,98,5
412,101,3
412,117,1
412,119,1
412,122,3
412,129,1
412,166,3
412,195,1
412,207,3
412,222,5
412,245,3
412,246,1
412,276,5
412,280,3
412,301,5
412,306,1
412,309,5
412,310,5
412,317,5
412,324,1
412,359,5
412,364,5
412,390,3
412,410,1
412,413,2
412,435,1
413,29,3
413,36,1
413,45,3
413,50,3
413,51,3
413,60,5
413,61,3
413,65,5
413,68,3
413,69,5
413,71,1
413,89,3
413,98,3
413,101,3
413,119,1
413,122,3
413,129,3
413,136,5
413,143,3
413,151,3
413,154,4
413,166,3
413,177,3
413,188,5
413,204,2
413,206,3
413,215,5
413,228,1
413,241,1
413,260,4
413,261,5
413,263,1
413,268,4
413,276,1
413,280,1
413,290,3
413,307,3
413,310,1
413,317,1
413,339,5
413,344,2
413,348,3
413,359,1
413,360,3
413,364,3
413,365,5
413,370,3
413,402,5
413,410,3
413,413,1
413,423,1
413,426,3
413,428,3
413,430,3
413,434,3
413,435,5
413,439,1
413,445,3
414,19,5
414,94,2
414,101,3
414,129,5
414,144,1
414,245,3
414,254,2
414,317,5
414,326,1
415,67,5
415,68,3
415,122,5
415,199,1
415,310,3
415,337,5
415,359,5
416,49,3
416,54,3
416,61,3
416,111,5
416,119,5
416,122,5
416,129,3
416,241,3
416,276,3
416,280,3
416,281,5
416,310,3
416,359,4
416,364,1
416,413,3
416,432,3
416,435,5
417,1,5
417,101,5
417,413,3
418,129,3
418,160,3
419,122,5
419,142,3
419,241,3
419,357,3
420,40,2
420,97,3
420,122,5
420,129,5
420,246,1
420,280,3
420,310,3
420,317,5
420,325,4
420,359,1
420,397,3
420,410,3
420,435,5
421,61,5
421,67,5
421,68,5
421,71,2
421,101,2
421,111,3
421,122,2
421,127,3
421,129,2
421,144,1
421,166,2
421,221,2
421,241,2
421,260,2
421,280,3
421,307,2
421,310,3
421,317,3
421,354,3
421,360,4
421,364,2
421,373,5
421,379,3
421,394,1
421,424,5
422,1,5
422,36,2
422,68,5
422,129,5
422,138,5
422,245,1
422,280,3
422,418,5
423,35,5
423,71,3
423,75,1
423,101,5
423,122,3
423,210,5
423,280,3
423,317,1
423,410,3
423,428,3
424,23,3
424,36,5
424,49,5
424,54,1
424,61,3
424,66,3
424,68,3
424,69,5
424,71,3
424,89,2
424,98,2
424,101,3
424,122,3
424,129,1
424,138,1
424,142,5
424,146,3
424,154,1
424,163,5
424,166,3
424,177,3
424,192,4
424,195,5
424,197,3
424,199,5
424,204,5
424,209,3
424,214,5
424,221,5
424,224,3
424,228,4
424,241,1
424,246,3
424,247,3
424,261,5
424,280,3
424,282,1
424,298,1
424,306,5
424,307,1
424,310,1
424,316,3
424,317,3
424,321,3
424,325,4
424,334,5
424,339,5
424,348,3
424,359,3
424,364,5
424,384,4
424,392,5
424,405,3
424,410,3
424,413,1
424,417,3
424,423,1
424,426,5
424,428,3
424,429,5
424,436,3
424,441,3
424,444,3
425,68,3
425,129,5
425,154,5
425,188,3
425,197,1
425,310,5
425,324,1
425,325,5
425,359,1
425,364,1
425,388,1
425,403,1
425,435,5
426,143,5
426,325,5
426,350,3
426,383,3
427,305,1
427,436,3
428,1,1
428,29,3
428,39,1
428,61,2
428,68,2
428,98,2
428,101,3
428,108,4
428,121,5
428,122,2
428,129,3
428,132,5
428,154,5
428,166,2
428,175,3
428,192,3
428,235,3
428,241,2
428,256,3
428,280,1
428,305,3
428,310,3
428,359,3
428,360,2
428,364,3
428,369,3
428,379,1
428,383,4
428,391,3
428,402,5
428,406,5
428,410,2
428,413,3
428,417,3
428,424,3
428,426,5
428,428,3
428,431,3
429,12,2
429,36,5
429,61,5
429,65,3
429,67,3
429,71,3
429,75,1
429,101,3
429,122,3
429,127,5
429,129,1
429,143,1
429,151,1
429,159,3
429,164,5
429,167,5
429,210,1
429,222,5
429,228,1
429,241,5
429,243,1
429,260,1
429,269,1
429,280,3
429,282,1
429,305,3
429,310,1
429,312,5
429,316,5
429,317,3
429,338,1
429,351,3
429,359,5
429,361,3
429,364,5
429,373,1
429,379,5
429,413,3
429,426,5
429,428,3
429,435,5
430,129,5
430,209,3
430,399,1
430,433,1
430,435,5
431,68,3
431,101,3
431,119,3
431,129,3
431,170,5
431,177,3
431,234,5
431,244,3
431,289,5
431,317,5
432,68,5
432,71,5
432,98,5
432,101,1
432,122,5
432,129,3
432,144,3
432,150,1
432,165,5
432,177,3
432,195,1
432,209,1
432,221,5
432,233,1
432,255,3
432,289,3
432,310,3
432,317,1
432,348,1
432,379,3
432,391,1
432,399,1
432,435,1
433,61,3
433,68,5
433,71,3
433,123,2
433,167,1
433,204,1
433,255,5
433,304,1
433,359,5
433,375,1
433,413,5
434,4,5
434,36,2
434,39,5
434,61,3
434,68,3
434,101,5
434,122,2
434,151,1
434,154,3
434,166,5
434,168,5
434,280,3
434,305,2
434,310,1
434,320,1
434,359,4
434,360,3
434,364,2
434,370,3
434,379,1
434,382,5
434,413,2
435,61,3
435,241,3
435,255,3
435,282,5
435,300,1
435,423,1
436,96,3
436,98,3
436,101,3
436,111,5
436,122,3
436,123,1
436,129,5
436,143,5
436,241,3
436,310,1
436,317,1
436,348,1
436,379,5
436,410,3
436,413,5
436,428,3
437,39,4
437,428,3
438,2,3
438,17,1
438,32,1
438,35,5
438,38,4
438,47,1
438,54,3
438,61,5
438,64,4
438,67,5
438,68,1
438,71,5
438,101,1
438,109,1
438,110,5
438,117,1
438,119,1
438,122,1
438,123,4
438,129,2
438,135,3
438,154,5
438,156,5
438,157,3
438,160,5
438,164,3
438,166,5
438,167,4
438,178,1
438,186,3
438,190,3
438,191,5
438,193,1
438,197,1
438,203,3
438,210,3
438,221,5
438,228,3
438,241,3
438,246,1
438,248,5
438,255,3
438,263,1
438,264,3
438,276,5
438,290,5
438,293,3
438,303,3
438,310,3
438,312,1
438,316,5
438,324,1
438,325,5
438,348,1
438,359,1
438,364,1
438,379,1
438,388,1
438,389,1
438,390,1
438,397,4
438,410,3
438,413,3
438,415,1
438,419,1
438,423,1
438,428,3
438,435,1
438,441,1
438,447,1
439,68,3
439,129,5
439,389,3
439,391,4
439,435,5
440,129,3
440,241,5
441,69,5
441,71,5
441,101,3
441,166,3
441,274,5
441,310,3
441,317,5
441,325,5
441,351,5
441,359,4
441,413,4
441,426,5
442,1,1
442,12,5
442,36,3
442,38,3
442,40,3
442,54,5
442,61,3
442,65,5
442,71,5
442,78,5
442,101,5
442,110,5
442,111,5
442,118,1
442,121,5
442,129,2
442,137,5
442,156,1
442,160,3
442,166,3
442,167,3
442,176,5
442,238,1
442,241,1
442,276,3
442,280,3
442,289,5
442,310,1
442,317,2
442,319,5
442,325,5
442,359,3
442,372,3
442,379,3
442,393,5
442,396,1
442,413,1
442,419,3
442,423,5
442,426,5
442,428,3
443,54,5
443,68,1
443,86,5
443,92,5
443,93,5
443,123,5
443,129,1
443,154,5
443,162,3
443,195,5
443,241,5
443,243,5
443,276,3
443,280,4
443,301,5
443,321,5
443,325,4
443,347,1
443,363,5
443,379,1
443,413,1
443,429,3
443,441,3
444,22,4
444,101,3
444,122,5
444,310,3
444,317,1
445,68,4
445,193,1
446,68,3
446,122,3
446,154,5
446,379,1
446,389,3
446,444,3
447,2,3
447,12,1
447,29,3
447,30,3
447,54,3
447,61,3
447,68,5
447,83,5
447,101,3
447,105,3
447,114,1
447,119,3
447,121,3
447,122,3
447,123,1
447,129,3
447,135,1
447,139,1
447,144,3
447,154,5
447,167,1
447,190,5
447,212,3
447,215,1
447,222,5
447,228,3
447,238,1
447,241,3
447,248,3
447,251,4
447,255,3
447,268,3
447,280,3
447,282,1
447,290,5
447,305,1
447,310,3
447,312,3
447,313,3
447,317,5
447,321,1
447,341,4
447,342,1
447,343,3
447,357,1
447,364,3
447,382,1
447,391,3
447,399,1
447,408,1
447,410,3
447,411,3
447,413,5
447,423,1
447,428,3
447,435,5
448,101,1
448,129,3
448,155,1
448,204,3
448,280,3
448,359,1
448,444,5
449,93,1
449,101,5
449,129,5
449,222,5
450,36,5
450,39,5
450,42,1
450,65,5
450,96,3
450,98,3
450,101,3
450,119,3
450,122,5
450,129,3
450,142,1
450,153,1
450,156,1
450,164,1
450,174,5
450,228,5
450,241,4
450,244,3
450,253,3
450,274,3
450,280,5
450,281,3
450,287,5
450,310,1
450,317,3
450,348,1
450,359,1
450,387,3
450,410,3
450,413,5
450,435,1
451,2,3
451,12,1
451,19,5
451,29,1
451,34,4
451,43,3
451,61,3
451,71,3
451,74,5
451,98,3
451,99,1
451,101,3
451,113,1
451,115,3
451,122,3
451,123,5
451,129,3
451,151,1
451,177,3
451,198,5
451,199,5
451,204,1
451,222,5
451,225,3
451,228,3
451,239,3
451,241,1
451,257,5
451,280,3
451,282,1
451,305,3
451,306,3
451,310,1
451,316,5
451,317,2
451,325,3
451,334,3
451,342,3
451,348,3
451,359,3
451,364,3
451,365,3
451,373,3
451,391,3
451,393,5
451,410,1
451,413,3
451,426,5
451,435,5
451,436,5
451,442,3
451,444,3
452,280,3
452,285,3
453,107,3
453,129,3
453,167,1
453,195,5
453,241,3
453,255,3
453,310,3
453,324,1
453,326,1
453,392,5
454,68,3
454,308,5
455,99,5
455,129,3
455,309,5
455,316,5
455,359,1
456,12,1
456,68,5
456,101,1
456,111,3
456,113,3
456,121,5
456,129,3
456,153,1
456,195,1
456,280,3
456,289,5
456,310,1
456,317,5
456,324,1
456,336,1
456,357,3
456,379,3
456,423,1
456,438,5
457,13,1
457,68,5
457,71,3
457,101,1
457,119,5
457,129,3
457,305,1
457,310,1
457,325,5
457,390,3
457,428,3
457,439,1
458,30,1
458,68,4
458,75,5
458,101,1
458,122,4
458,129,1
458,136,4
458,139,1
458,152,3
458,160,5
458,170,5
458,193,1
458,195,1
458,197,1
458,203,3
458,211,4
458,218,1
458,245,1
458,246,1
458,248,1
458,267,5
458,274,3
458,280,3
458,306,3
458,310,1
458,324,1
458,348,3
458,389,4
458,399,1
458,402,5
458,410,5
458,435,1
459,49,3
459,54,5
459,101,4
459,122,3
459,123,1
459,129,3
459,195,1
459,199,3
459,204,3
459,241,3
459,255,3
459,273,1
459,280,4
459,307,2
459,310,3
459,317,4
459,346,3
459,349,1
459,357,3
459,360,5
459,389,1
459,391,4
459,399,5
459,413,3
459,428,5
460,129,5
460,143,1
460,410,3
460,413,5
461,32,1
461,101,3
461,129,5
461,160,1
461,177,5
461,353,3
461,399,2
462,119,5
462,122,5
462,276,3
462,310,5
463,289,5
463,380,4
464,12,2
464,16,5
464,29,4
464,30,3
464,36,2
464,49,3
464,51,2
464,60,2
464,61,5
464,65,3
464,67,4
464,68,3
464,71,2
464,82,5
464,101,1
464,111,5
464,113,5
464,115,4
464,121,2
464,122,2
464,123,5
464,129,3
464,136,4
464,143,5
464,146,3
464,164,3
464,166,3
464,167,3
464,170,2
464,174,2
464,177,3
464,179,2
464,190,2
464,201,1
464,204,4
464,205,1
464,209,5
464,221,2
464,241,2
464,304,1
464,306,4
464,310,2
464,317,1
464,325,5
464,337,5
464,344,5
464,347,4
464,348,1
464,359,3
464,360,4
464,364,2
464,367,5
464,370,4
464,379,3
464,391,3
464,393,5
464,396,4
464,413,2
464,428,3
464,429,5
464,434,5
464,435,5
464,436,4
464,444,3
465,68,3
465,75,1
465,101,3
465,122,3
465,129,3
465,144,1
465,146,1
465,155,1
465,212,3
465,225,3
465,228,3
465,289,5
465,359,1
465,360,3
465,364,5
465,423,1
466,122,3
466,135,1
466,272,1
466,310,3
467,309,5
467,424,5
468,32,1
468,122,4
468,391,4
469,22,4
469,101,3
469,119,1
469,129,1
469,164,1
469,228,3
469,310,5
469,410,3
469,428,5
469,433,1
470,18,4
470,34,5
470,51,3
470,68,3
470,74,1
470,88,1
470,98,5
470,101,3
470,122,1
470,129,3
470,153,1
470,184,1
470,204,5
470,241,3
470,247,3
470,280,1
470,282,3
470,290,3
470,310,3
470,317,3
470,324,1
470,343,3
470,359,1
470,364,5
470,391,3
470,401,3
470,410,3
470,413,3
470,436,5
471,98,5
471,123,1
472,101,3
472,102,5
472,129,5
472,289,5
472,310,3
473,129,3
473,352,5
474,2,3
474,11,1
474,12,1
474,13,3
474,32,1
474,34,1
474,35,5
474,39,1
474,54,1
474,60,1
474,61,3
474,68,4
474,71,3
474,89,4
474,93,5
474,98,5
474,99,1
474,101,3
474,108,4
474,114,5
474,122,3
474,123,1
474,129,3
474,136,3
474,138,1
474,142,1
474,143,5
474,144,1
474,155,1
474,160,1
474,161,1
474,165,1
474,166,5
474,195,3
474,198,3
474,221,5
474,238,3
474,241,1
474,247,3
474,255,1
474,259,5
474,265,1
474,276,5
474,280,3
474,289,3
474,301,5
474,310,1
474,311,1
474,317,1
474,322,5
474,337,5
474,350,1
474,353,1
474,357,5
474,359,5
474,360,5
474,364,3
474,369,3
474,373,3
474,388,1
474,390,5
474,392,5
474,393,5
474,397,1
474,410,3
474,413,4
474,416,5
474,419,1
474,428,3
474,429,5
475,101,3
475,304,1
475,306,3
475,310,1
475,410,1
476,71,3
476,98,3
476,102,3
476,306,3
476,353,5
477,29,3
477,37,3
477,59,1
477,60,5
477,61,3
477,98,3
477,101,1
477,102,3
477,113,3
477,122,1
477,129,4
477,153,3
477,155,1
477,165,1
477,169,3
477,228,3
477,241,3
477,242,3
477,247,3
477,253,3
477,255,3
477,267,5
477,274,3
477,280,3
477,310,2
477,317,3
477,348,1
477,353,1
477,356,5
477,357,1
477,359,4
477,363,3
477,364,1
477,391,3
477,399,3
477,410,1
477,413,4
477,428,1
477,430,3
477,435,1
478,176,5
478,310,5
478,348,1
478,428,3
479,317,3
479,324,1
479,413,5
479,428,1
480,68,4
480,129,3
481,129,2
481,154,5
481,170,5
481,186,3
481,324,1
481,399,2
481,444,2
482,36,5
482,51,5
482,60,5
482,61,3
482,67,5
482,68,3
482,71,5
482,83,3
482,98,5
482,101,1
482,111,4
482,119,1
482,122,3
482,129,3
482,143,1
482,154,1
482,162,3
482,177,3
482,193,5
482,196,3
482,211,5
482,224,5
482,227,3
482,228,4
482,241,3
482,255,3
482,280,3
482,310,3
482,316,3
482,317,3
482,325,3
482,341,5
482,350,5
482,355,3
482,359,4
482,413,4
482,417,3
482,428,3
483,68,5
483,122,3
483,129,3
483,143,1
483,154,5
483,197,1
483,241,3
483,248,5
483,286,1
483,348,1
483,410,4
483,428,1
484,111,5
484,129,3
484,155,1
484,174,3
484,241,3
484,246,3
484,256,5
484,310,3
484,353,1
484,370,3
484,428,3
485,1,5
485,13,3
485,33,5
485,98,1
485,99,1
485,123,1
485,129,4
485,167,1
485,239,5
485,245,1
485,310,5
485,324,1
485,370,3
485,380,3
485,399,2
486,39,1
486,305,1
487,2,3
487,36,2
487,49,3
487,54,1
487,61,3
487,68,2
487,73,3
487,84,3
487,98,3
487,101,5
487,111,5
487,122,5
487,123,1
487,129,1
487,154,2
487,173,3
487,195,4
487,201,1
487,228,1
487,241,5
487,245,5
487,255,1
487,279,5
487,281,3
487,310,1
487,317,2
487,319,1
487,321,5
487,357,3
487,397,5
487,410,1
487,413,5
487,428,2
487,446,3
488,3,1
488,68,3
488,69,5
488,71,3
488,101,4
488,107,5
488,122,3
488,129,3
488,144,4
488,243,3
488,255,3
488,280,3
488,310,4
488,360,5
488,399,2
488,410,3
488,423,4
488,428,3
488,436,5
488,441,3
488,447,1
489,61,3
489,101,3
489,129,1
489,319,5
490,119,5
490,122,5
490,186,3
490,276,3
491,129,4
491,154,5
491,204,3
491,280,3
492,68,3
492,119,5
492,122,5
492,129,3
492,317,5
492,359,1
492,433,1
493,68,3
493,101,3
493,111,4
493,122,3
493,129,3
493,217,5
493,310,3
493,316,5
493,325,3
493,364,3
493,426,5
493,435,5
494,17,1
494,54,3
494,101,3
494,135,3
494,154,3
494,167,1
494,310,4
494,317,3
494,359,4
494,360,5
494,364,1
494,379,3
494,388,1
494,389,3
494,391,3
494,397,1
494,413,1
494,435,5
495,61,3
495,102,5
495,129,3
495,138,3
495,241,1
495,324,1
495,435,5
496,68,3
496,353,1
497,71,3
497,123,1
497,310,1
498,98,5
498,101,5
498,122,5
498,281,3
498,317,3
498,324,1
498,355,3
498,432,3
499,30,1
499,35,5
499,68,3
499,101,2
499,122,3
499,129,5
499,137,1
499,139,1
499,166,2
499,221,2
499,251,5
499,310,1
499,389,1
499,393,5
499,415,1
499,435,1
500,9,3
500,12,3
500,34,5
500,36,3
500,38,1
500,40,4
500,53,1
500,61,3
500,67,1
500,68,1
500,71,1
500,73,4
500,98,5
500,101,1
500,111,3
500,119,1
500,122,1
500,123,3
500,126,4
500,128,1
500,129,1
500,133,1
500,135,1
500,151,1
500,154,4
500,155,3
500,167,3
500,174,3
500,187,5
500,195,5
500,210,3
500,214,5
500,215,5
500,276,5
500,280,3
500,287,5
500,289,5
500,302,3
500,305,1
500,310,3
500,316,1
500,317,3
500,321,1
500,344,5
500,348,5
500,359,1
500,360,3
500,370,5
500,379,3
500,382,1
500,389,3
500,391,4
500,396,1
500,399,1
500,404,5
500,408,5
500,410,3
500,413,3
500,417,3
500,419,5
500,427,3
500,428,3
500,435,3
500,436,5
501,94,1
501,122,5
501,187,5
501,229,1
501,245,1
501,254,1
501,280,5
501,376,5
502,2,1
502,9,5
502,12,5
502,36,2
502,39,1
502,48,3
502,61,3
502,68,3
502,71,3
502,99,5
502,122,2
502,129,3
502,151,1
502,205,1
502,221,2
502,228,3
502,241,2
502,285,3
502,310,3
502,348,4
502,350,1
502,362,3
502,368,3
502,379,3
502,388,1
502,399,3
502,410,2
502,413,3
502,435,4
502,436,4
502,444,3
503,139,1
503,234,5
503,423,1
504,12,3
504,20,1
504,35,3
504,39,1
504,49,3
504,51,5
504,54,3
504,65,3
504,67,3
504,71,3
504,93,5
504,98,3
504,99,5
504,100,5
504,101,3
504,111,5
504,113,2
504,119,1
504,122,1
504,129,1
504,132,3
504,139,3
504,151,3
504,154,5
504,174,5
504,177,3
504,203,3
504,204,4
504,217,1
504,221,3
504,228,5
504,238,1
504,242,1
504,243,4
504,248,5
504,255,4
504,261,3
504,280,3
504,287,5
504,292,1
504,307,3
504,310,1
504,313,3
504,317,3
504,344,5
504,359,1
504,360,5
504,364,1
504,365,2
504,371,3
504,376,5
504,379,3
504,388,1
504,391,5
504,402,5
504,404,5
504,410,3
504,413,1
504,416,5
504,422,3
504,426,5
504,428,5
504,435,1
505,35,5
505,51,5
505,68,3
505,101,3
505,119,1
505,122,5
505,129,5
505,195,3
505,197,1
505,207,1
505,241,1
505,291,1
505,299,3
505,310,1
505,317,5
505,325,5
505,359,5
505,373,1
505,389,1
505,391,3
505,410,5
505,428,3
505,436,3
506,9,3
506,11,3
506,12,4
506,16,5
506,35,4
506,36,5
506,42,1
506,51,5
506,61,5
506,65,5
506,68,5
506,71,5
506,74,3
506,78,5
506,83,4
506,89,4
506,93,5
506,98,4
506,101,5
506,122,3
506,123,3
506,129,3
506,142,1
506,144,1
506,166,5
506,167,3
506,176,5
506,193,5
506,228,5
506,241,1
506,253,1
506,255,1
506,276,3
506,280,5
506,284,3
506,289,3
506,306,1
506,310,2
506,316,5
506,317,4
506,326,3
506,337,3
506,348,5
506,353,5
506,357,5
506,360,3
506,365,3
506,381,5
506,391,3
506,410,1
506,413,5
506,417,3
507,5,3
507,68,3
507,101,3
507,122,5
507,155,1
507,360,5
508,30,3
508,71,5
508,101,1
508,142,1
508,195,3
508,221,5
508,246,1
509,2,3
509,30,1
509,35,1
509,36,2
509,49,5
509,61,5
509,89,4
509,101,1
509,102,5
509,122,5
509,123,1
509,136,3
509,154,3
509,164,1
509,193,5
509,255,3
509,280,3
509,289,3
509,310,2
509,326,1
509,344,3
509,350,3
509,352,5
509,359,1
509,399,3
509,409,3
509,410,3
509,417,3
509,423,1
509,428,2
509,429,3
509,435,1
510,102,5
510,129,5
510,310,3
510,333,3
511,30,3
511,32,1
511,36,4
511,49,4
511,55,1
511,68,5
511,71,1
511,75,1
511,89,3
511,101,3
511,122,1
511,129,1
511,133,1
511,138,3
511,144,3
511,154,5
511,155,1
511,167,3
511,190,1
511,193,5
511,201,1
511,221,3
511,228,3
511,233,1
511,239,3
511,241,3
511,243,3
511,247,1
511,248,5
511,255,3
511,276,5
511,280,3
511,281,3
511,282,3
511,310,1
511,317,5
511,348,1
511,353,3
511,359,1
511,379,1
511,391,1
511,393,3
511,406,5
511,410,2
511,413,2
511,417,3
511,424,5
511,428,3
511,435,5
511,444,3
512,21,3
512,67,5
512,122,1
512,129,3
512,143,3
512,170,1
512,221,5
512,228,3
512,255,3
512,289,5
512,307,2
512,317,5
512,324,1
512,385,3
512,413,3
513,36,1
513,54,3
513,61,3
513,68,5
513,71,3
513,89,3
513,101,5
513,111,3
513,122,1
513,129,4
513,154,3
513,228,5
513,241,3
513,280,3
513,310,2
513,316,1
513,364,3
513,370,3
513,435,5
514,68,3
514,101,3
514,129,3
514,154,5
514,228,3
514,359,3
514,391,3
514,436,3
515,9,3
515,12,3
515,21,1
515,30,3
515,40,3
515,74,3
515,98,3
515,122,1
515,123,3
515,129,3
515,132,5
515,186,3
515,217,3
515,238,3
515,241,2
515,244,3
515,247,3
515,280,1
515,291,1
515,310,3
515,317,3
515,348,3
515,355,1
515,364,3
515,417,5
515,428,3
515,434,5
515,435,3
516,36,5
516,317,1
516,364,1
516,404,5
517,30,1
517,51,4
517,101,3
517,109,4
517,127,4
517,129,3
517,139,5
517,197,4
517,255,3
517,276,5
517,280,3
517,285,4
517,309,4
517,310,4
517,316,5
517,387,1
517,389,4
517,413,5
517,429,4
517,435,1
518,337,5
518,359,5
518,364,1
519,129,3
519,214,5
519,216,5
519,348,1
519,399,1
519,413,3
519,420,3
520,4,5
520,19,5
520,36,3
520,74,3
520,75,1
520,101,2
520,121,5
520,122,1
520,129,1
520,143,1
520,155,1
520,229,2
520,241,2
520,262,3
520,264,3
520,274,5
520,282,5
520,295,3
520,310,2
520,317,5
520,325,3
520,355,3
520,359,1
520,364,5
520,382,5
520,413,3
520,428,5
521,170,4
521,324,1
522,61,5
522,68,5
522,69,5
522,71,5
522,99,5
522,101,3
522,119,5
522,122,5
522,129,5
522,216,5
522,241,3
522,276,5
522,280,3
522,317,3
522,344,5
522,348,1
522,357,3
523,1,3
523,2,5
523,12,3
523,23,5
523,35,4
523,36,3
523,38,1
523,40,4
523,53,1
523,61,5
523,67,5
523,68,1
523,73,3
523,101,1
523,111,3
523,123,2
523,127,1
523,129,1
523,135,1
523,143,1
523,144,5
523,146,5
523,151,1
523,154,4
523,155,1
523,167,1
523,174,5
523,175,3
523,187,5
523,210,3
523,221,5
523,289,5
523,301,2
523,302,3
523,305,3
523,307,3
523,310,4
523,316,1
523,317,5
523,359,4
523,360,3
523,382,1
523,396,1
523,397,1
523,404,5
523,413,4
523,419,5
523,427,3
523,428,4
523,435,3
523,445,3
524,11,1
524,50,3
524,60,3
524,61,2
524,67,3
524,68,2
524,71,3
524,98,3
524,101,3
524,111,5
524,122,3
524,129,1
524,135,3
524,136,4
524,154,5
524,165,3
524,166,3
524,170,1
524,177,3
524,203,3
524,204,5
524,209,3
524,228,3
524,235,3
524,241,3
524,255,3
524,280,2
524,284,3
524,310,3
524,317,3
524,348,1
524,357,3
524,359,3
524,379,3
524,399,4
524,410,3
524,417,3
524,428,3
524,434,3
525,214,5
525,370,3
525,403,1
526,64,3
526,195,5
526,309,3
526,317,3
527,36,5
527,317,1
527,364,1
527,404,5
528,107,3
528,129,3
528,204,3
528,324,1
529,111,5
529,121,4
529,399,1
530,15,3
530,26,1
530,34,3
530,35,3
530,43,3
530,49,3
530,51,5
530,61,3
530,65,5
530,68,1
530,89,4
530,93,5
530,98,5
530,99,5
530,101,3
530,113,1
530,119,1
530,122,1
530,129,2
530,132,3
530,154,5
530,193,1
530,197,1
530,221,1
530,225,5
530,228,3
530,241,3
530,244,1
530,261,3
530,267,5
530,280,1
530,287,5
530,292,1
530,310,1
530,316,5
530,317,3
530,335,3
530,348,1
530,359,4
530,360,5
530,364,1
530,379,1
530,391,4
530,404,5
530,413,1
530,419,1
530,420,3
530,423,1
530,428,3
530,435,1
530,439,4
531,3,1
531,36,5
531,317,1
531,364,1
531,404,5
532,45,1
532,54,3
532,68,5
532,71,1
532,74,5
532,75,1
532,98,5
532,101,1
532,119,5
532,122,3
532,129,2
532,139,5
532,154,5
532,164,1
532,170,1
532,193,1
532,197,1
532,209,1
532,222,5
532,241,3
532,289,5
532,310,3
532,317,5
532,321,1
532,325,3
532,344,5
532,348,1
532,353,1
532,359,5
532,379,1
532,410,2
532,413,3
532,428,1
533,51,1
533,71,1
533,74,5
533,101,1
533,112,1
533,123,1
533,129,3
533,140,3
533,146,3
533,214,5
533,221,5
533,226,1
533,228,4
533,241,3
533,289,5
533,310,1
533,359,1
533,360,5
533,368,3
533,410,5
533,423,1
533,435,1
534,101,3
534,122,5
534,324,1
535,30,1
535,43,3
535,61,3
535,68,3
535,71,1
535,122,1
535,129,3
535,162,3
535,207,3
535,241,3
535,242,3
535,255,3
535,276,3
535,280,3
535,282,1
535,284,3
535,306,3
535,310,3
535,317,5
535,318,1
535,324,1
535,326,1
535,349,1
535,359,5
535,364,1
535,391,3
535,403,1
535,413,5
535,428,3
535,429,3
535,431,3
535,435,5
536,11,3
536,39,5
536,40,4
536,60,3
536,68,1
536,71,3
536,101,3
536,122,3
536,123,3
536,129,4
536,137,3
536,153,1
536,199,4
536,204,4
536,228,3
536,238,3
536,241,3
536,267,4
536,280,2
536,281,5
536,283,3
536,294,3
536,310,3
536,311,3
536,317,1
536,325,4
536,333,4
536,336,1
536,359,3
536,413,3
536,418,3
536,430,4
536,444,3
537,12,3
537,13,4
537,47,1
537,54,5
537,60,3
537,61,4
537,65,4
537,68,1
537,71,3
537,74,3
537,89,3
537,98,5
537,101,3
537,121,3
537,129,3
537,154,5
537,160,3
537,162,3
537,167,3
537,176,5
537,195,4
537,225,3
537,228,3
537,241,3
537,264,3
537,280,5
537,310,3
537,317,3
537,321,3
537,334,5
537,348,1
537,364,3
537,369,5
537,373,3
537,379,3
537,389,4
537,397,3
537,399,3
537,410,5
537,413,1
537,416,3
537,420,4
537,428,3
537,436,3
537,444,3
538,54,3
538,111,5
538,117,1
538,123,1
538,242,5
538,428,3
538,433,1
539,1,3
539,2,2
539,4,1
539,7,1
539,9,3
539,11,1
539,12,1
539,13,1
539,18,1
539,19,3
539,21,3
539,23,3
539,30,1
539,34,3
539,35,1
539,36,1
539,40,4
539,46,3
539,48,3
539,49,1
539,51,1
539,52,3
539,54,3
539,55,1
539,57,3
539,60,5
539,61,1
539,65,3
539,66,3
539,68,1
539,71,1
539,73,1
539,74,3
539,77,3
539,78,5
539,81,5
539,83,5
539,89,1
539,90,5
539,92,5
539,98,3
539,99,5
539,100,5
539,101,1
539,103,3
539,105,3
539,109,5
539,110,5
539,111,5
539,113,3
539,114,5
539,119,1
539,121,5
539,122,1
539,123,3
539,125,1
539,127,1
539,129,1
539,130,5
539,134,5
539,135,4
539,136,1
539,137,1
539,138,4
539,139,1
539,142,1
539,143,5
539,144,1
539,146,1
539,147,3
539,151,1
539,154,3
539,155,1
539,160,1
539,164,4
539,166,5
539,167,1
539,168,1
539,171,1
539,173,3
539,174,5
539,185,1
539,186,1
539,191,3
539,192,3
539,193,1
539,195,1
539,196,1
539,199,1
539,202,4
539,203,3
539,208,3
539,209,3
539,211,3
539,222,5
539,223,1
539,224,3
539,225,1
539,227,3
539,228,1
539,238,1
539,241,1
539,242,1
539,243,3
539,245,1
539,247,1
539,248,1
539,251,3
539,253,1
539,255,1
539,259,1
539,260,1
539,261,3
539,268,5
539,269,1
539,270,1
539,274,1
539,275,1
539,276,3
539,280,1
539,282,1
539,283,5
539,290,5
539,291,1
539,298,1
539,301,5
539,303,3
539,305,1
539,306,1
539,307,1
539,309,1
539,310,1
539,311,5
539,312,5
539,316,1
539,317,1
539,321,1
539,325,3
539,327,1
539,335,3
539,339,3
539,341,3
539,342,1
539,343,3
539,344,1
539,348,1
539,350,1
539,353,1
539,355,1
539,357,3
539,358,3
539,359,1
539,360,3
539,363,4
539,364,1
539,365,5
539,368,4
539,370,3
539,371,1
539,376,5
539,377,3
539,378,1
539,379,3
539,382,3
539,387,1
539,388,1
539,389,1
539,390,3
539,391,1
539,392,1
539,394,1
539,396,1
539,397,1
539,398,1
539,399,2
539,402,5
539,403,5
539,404,3
539,406,5
539,407,1
539,410,1
539,411,3
539,413,1
539,417,1
539,419,1
539,423,1
539,424,5
539,426,5
539,428,1
539,429,1
539,430,3
539,435,1
539,436,5
539,444,1
540,59,1
540,63,1
540,101,3
540,102,3
540,267,5
540,353,3
540,389,4
541,71,3
541,410,5
542,2,3
542,12,1
542,34,3
542,36,5
542,38,4
542,39,1
542,40,4
542,45,3
542,51,5
542,61,5
542,64,3
542,67,3
542,68,3
542,71,5
542,76,3
542,83,3
542,85,5
542,93,5
542,98,5
542,99,5
542,101,3
542,122,4
542,123,2
542,127,5
542,129,3
542,133,1
542,135,1
542,137,5
542,153,3
542,159,3
542,167,1
542,182,3
542,188,3
542,190,1
542,204,3
542,217,5
542,222,5
542,225,1
542,228,3
542,241,2
542,242,1
542,243,1
542,246,1
542,247,1
542,250,3
542,253,4
542,267,5
542,270,3
542,274,3
542,276,3
542,280,1
542,281,3
542,302,4
542,305,1
542,310,1
542,316,3
542,317,1
542,321,5
542,325,3
542,329,5
542,348,1
542,353,5
542,357,3
542,359,3
542,360,3
542,361,3
542,363,1
542,364,3
542,373,1
542,382,3
542,410,3
542,420,3
542,424,5
542,428,3
542,444,5
543,4,4
543,9,3
543,11,1
543,22,3
543,29,1
543,67,3
543,68,3
543,83,2
543,98,4
543,99,5
543,101,3
543,122,1
543,127,3
543,129,3
543,136,3
543,153,1
543,155,1
543,164,3
543,228,3
543,241,3
543,246,1
543,280,3
543,299,5
543,305,3
543,310,1
543,312,3
543,344,5
543,353,5
543,357,1
543,399,1
543,404,5
543,410,1
543,413,5
543,420,4
543,428,3
544,22,4
544,68,3
544,71,5
544,135,3
544,228,3
544,310,1
544,319,5
544,325,4
544,435,5
545,54,5
545,68,3
545,129,3
545,316,5
545,359,5
545,360,4
545,364,3
545,370,3
545,396,3
545,413,3
545,424,5
546,373,3
546,428,3
547,122,3
547,324,1
547,413,3
548,12,1
548,30,1
548,68,3
548,167,1
548,200,3
548,305,1
549,34,3
549,35,5
549,61,3
549,75,3
549,101,3
549,129,3
549,225,3
549,228,3
549,241,3
549,249,3
549,255,3
549,264,3
549,280,1
549,310,3
549,348,3
549,355,3
549,379,1
549,410,3
549,428,3
549,436,3
550,92,5
550,192,3
550,350,3
551,122,4
551,344,5
551,389,3
552,98,3
552,101,5
552,129,5
552,280,1
552,310,3
553,71,5
553,101,3
553,129,3
553,241,1
553,310,1
553,348,1
553,413,3
553,446,3
554,92,5
554,101,4
554,113,5
554,122,3
554,129,3
554,241,3
554,280,3
554,388,1
554,410,5
555,74,3
555,306,3
555,334,3
555,423,1
556,67,5
556,122,3
556,199,1
556,359,5
557,30,3
557,410,4
558,289,5
558,380,4
559,5,3
559,60,3
559,71,5
559,98,5
559,101,3
559,255,3
559,264,3
559,269,1
559,306,4
559,391,1
559,410,5
560,325,5
560,423,1
561,60,3
561,68,3
561,71,3
561,101,3
561,122,3
561,129,3
561,132,5
561,136,3
561,138,1
561,160,5
561,165,5
561,199,3
561,228,3
561,238,5
561,348,1
561,356,3
561,359,1
561,364,3
561,399,3
561,410,3
561,417,3
561,428,3
561,444,5
562,30,3
562,35,5
562,49,5
562,51,5
562,54,5
562,61,3
562,65,5
562,68,3
562,71,5
562,99,1
562,101,2
562,122,4
562,129,5
562,130,3
562,154,5
562,164,3
562,167,3
562,195,1
562,201,1
562,209,5
562,214,5
562,229,5
562,241,1
562,247,3
562,261,5
562,263,1
562,270,1
562,309,5
562,310,1
562,316,5
562,317,5
562,319,1
562,324,1
562,348,1
562,353,5
562,357,3
562,373,1
562,399,3
562,410,5
562,411,5
562,413,3
562,439,5
562,444,3
563,51,3
563,68,3
563,101,5
563,119,1
563,122,4
563,123,3
563,129,1
563,143,1
563,152,5
563,204,4
563,249,3
563,307,3
563,310,3
563,316,3
563,359,5
563,364,1
563,370,3
563,379,5
563,392,5
563,419,5
563,421,5
563,435,5
564,19,3
564,27,1
564,30,1
564,33,3
564,34,3
564,35,1
564,60,3
564,68,3
564,87,3
564,88,1
564,98,1
564,101,3
564,115,3
564,122,3
564,123,3
564,129,1
564,137,1
564,139,1
564,154,3
564,165,3
564,177,3
564,181,5
564,188,1
564,196,3
564,241,3
564,243,5
564,247,3
564,251,2
564,257,3
564,262,1
564,265,1
564,268,5
564,270,1
564,274,5
564,279,5
564,310,3
564,317,3
564,325,5
564,336,1
564,364,5
564,389,3
564,393,5
564,410,5
564,413,3
564,418,1
564,428,3
564,435,1
564,444,5
565,2,5
565,4,5
565,5,1
565,19,1
565,34,3
565,36,3
565,43,3
565,45,1
565,51,3
565,54,3
565,56,3
565,60,3
565,61,1
565,65,5
565,67,3
565,68,1
565,69,3
565,71,1
565,74,3
565,84,3
565,88,1
565,89,3
565,92,5
565,98,3
565,101,1
565,106,1
565,109,1
565,111,5
565,113,3
565,115,3
565,121,5
565,122,3
565,123,3
565,129,1
565,133,1
565,138,1
565,139,1
565,144,1
565,153,1
565,154,1
565,155,1
565,162,1
565,165,3
565,166,3
565,177,3
565,186,3
565,192,3
565,195,3
565,222,3
565,224,5
565,227,5
565,228,3
565,230,5
565,241,1
565,245,5
565,252,1
565,255,1
565,260,4
565,261,3
565,269,1
565,274,3
565,276,3
565,280,3
565,281,3
565,284,4
565,305,5
565,310,1
565,311,5
565,317,2
565,325,1
565,334,2
565,339,3
565,344,5
565,348,1
565,350,1
565,353,1
565,357,3
565,359,1
565,360,3
565,364,3
565,365,5
565,366,5
565,369,3
565,370,3
565,373,3
565,376,5
565,382,5
565,383,3
565,388,5
565,389,1
565,390,5
565,391,1
565,398,5
565,403,1
565,404,5
565,406,5
565,410,3
565,413,1
565,417,3
565,423,1
565,426,5
565,428,3
565,435,1
565,436,5
565,444,3
566,12,2
566,13,3
566,18,5
566,39,1
566,40,4
566,60,5
566,71,5
566,74,4
566,101,2
566,122,3
566,241,5
566,284,5
566,310,3
566,317,5
566,364,3
566,376,1
566,391,3
566,397,5
566,410,2
566,436,3
566,444,3
567,36,5
567,47,1
567,49,3
567,68,4
567,71,5
567,93,1
567,101,1
567,111,5
567,122,1
567,127,3
567,129,1
567,165,5
567,204,3
567,221,5
567,228,3
567,241,4
567,280,3
567,289,5
567,310,1
567,359,3
567,360,3
567,372,1
567,413,4
567,430,3
568,1,3
568,2,5
568,5,3
568,9,1
568,12,1
568,35,4
568,36,3
568,38,1
568,40,4
568,49,3
568,51,3
568,53,1
568,54,3
568,61,3
568,67,5
568,68,1
568,71,3
568,73,3
568,78,3
568,83,1
568,89,3
568,98,3
568,101,1
568,103,3
568,111,3
568,122,3
568,123,2
568,127,1
568,129,1
568,133,5
568,135,1
568,139,1
568,141,4
568,144,5
568,151,1
568,154,4
568,156,5
568,160,5
568,167,1
568,175,3
568,187,5
568,196,3
568,197,1
568,202,3
568,203,3
568,210,3
568,215,1
568,221,3
568,247,3
568,248,5
568,251,3
568,255,3
568,263,1
568,280,4
568,301,2
568,302,3
568,305,3
568,307,3
568,310,1
568,316,1
568,317,3
568,353,1
568,357,3
568,359,4
568,360,3
568,364,1
568,372,5
568,373,3
568,374,4
568,382,1
568,396,1
568,397,1
568,399,1
568,410,1
568,413,3
568,419,5
568,427,3
568,428,3
568,435,3
568,436,5
568,439,1
568,445,3
569,119,1
569,397,4
570,2,3
570,6,1
570,35,3
570,42,1
570,49,3
570,51,1
570,54,3
570,61,3
570,67,3
570,68,1
570,71,1
570,74,3
570,101,3
570,113,2
570,119,5
570,122,3
570,129,2
570,147,3
570,154,5
570,165,3
570,170,1
570,174,5
570,204,4
570,221,5
570,228,3
570,234,3
570,241,1
570,261,3
570,280,3
570,281,3
570,289,5
570,292,1
570,305,1
570,306,1
570,307,3
570,310,1
570,317,3
570,321,1
570,330,3
570,339,4
570,347,1
570,359,3
570,365,5
570,389,1
570,410,1
570,413,3
570,419,3
570,423,1
570,428,3
570,435,1
571,2,3
571,23,5
571,51,4
571,61,5
571,68,1
571,71,5
571,101,3
571,122,5
571,129,3
571,151,1
571,154,4
571,164,5
571,166,3
571,174,3
571,196,4
571,221,3
571,222,5
571,241,4
571,260,1
571,261,5
571,276,5
571,310,1
571,317,3
571,324,1
571,325,4
571,333,5
571,359,3
571,364,1
571,370,5
571,371,5
571,376,3
571,407,5
571,413,1
571,426,5
571,435,5
572,54,5
572,68,3
572,129,3
572,316,5
572,359,5
572,360,4
572,364,3
572,370,3
572,396,3
572,413,3
572,424,5
573,61,3
573,289,5
574,9,3
574,32,3
574,49,3
574,68,2
574,71,1
574,81,3
574,98,5
574,101,1
574,122,2
574,123,2
574,129,1
574,146,5
574,177,3
574,224,2
574,241,3
574,247,5
574,280,3
574,310,2
574,317,5
574,321,3
574,325,1
574,333,3
574,342,5
574,344,2
574,348,3
574,355,5
574,364,5
574,384,4
574,410,3
574,413,1
574,417,4
574,444,5
575,310,3
575,428,3
576,60,3
576,61,5
576,101,3
576,324,1
576,399,1
577,36,5
577,317,1
577,364,1
577,404,5
578,43,3
578,68,5
578,93,1
578,119,1
578,129,3
578,164,3
578,255,3
578,279,5
578,280,3
578,282,1
578,379,1
578,391,3
578,413,3
578,417,5
578,435,5
579,50,1
579,129,4
579,413,5
579,436,5
580,2,3
580,5,3
580,8,3
580,12,2
580,34,3
580,39,1
580,54,5
580,60,5
580,61,3
580,68,3
580,71,5
580,74,4
580,79,3
580,81,5
580,89,1
580,93,1
580,98,2
580,101,2
580,104,5
580,111,2
580,113,5
580,116,4
580,122,2
580,127,1
580,129,3
580,136,3
580,142,3
580,143,1
580,144,1
580,145,3
580,164,4
580,167,4
580,170,5
580,199,3
580,221,5
580,228,3
580,241,3
580,246,3
580,247,3
580,255,3
580,257,3
580,280,1
580,294,3
580,310,3
580,317,4
580,320,5
580,340,3
580,341,5
580,346,5
580,348,1
580,353,3
580,355,5
580,357,3
580,359,1
580,379,3
580,391,3
580,399,3
580,410,2
580,413,3
580,417,3
580,428,3
580,434,3
581,12,1
581,19,5
581,23,5
581,36,4
581,39,1
581,61,5
581,67,5
581,68,3
581,71,5
581,111,5
581,122,3
581,123,1
581,129,2
581,190,1
581,199,3
581,204,5
581,260,1
581,276,5
581,280,3
581,289,5
581,309,5
581,310,5
581,424,5
581,428,5
582,101,5
582,241,2
582,321,3
582,436,5
583,36,3
583,54,1
583,119,1
583,260,1
583,305,1
583,357,5
583,359,5
583,382,5
583,419,5
583,423,5
583,428,5
584,43,3
584,54,5
584,61,4
584,101,3
584,122,3
584,123,1
584,129,3
584,155,1
584,200,1
584,241,3
584,280,5
584,317,3
584,364,3
584,389,3
585,36,2
585,61,3
585,68,5
585,74,3
585,101,3
585,122,3
585,129,3
585,136,4
585,163,5
585,197,1
585,224,3
585,228,5
585,241,3
585,247,1
585,255,3
585,301,5
585,310,3
585,312,1
585,317,3
585,325,3
585,329,3
585,348,1
585,350,3
585,389,1
585,390,5
585,410,3
585,428,3
586,19,5
586,36,3
586,61,3
586,65,5
586,68,3
586,71,3
586,98,2
586,100,5
586,111,5
586,122,3
586,123,1
586,129,1
586,143,5
586,146,5
586,167,1
586,192,3
586,217,5
586,228,5
586,241,1
586,245,3
586,255,2
586,280,3
586,291,1
586,306,1
586,310,3
586,317,3
586,325,5
586,360,3
586,367,5
586,369,3
586,379,5
586,384,4
586,397,3
586,410,3
586,411,3
586,414,1
586,434,5
586,444,3
587,61,5
587,122,5
587,144,1
587,154,5
587,280,3
587,359,3
587,391,5
587,402,1
587,428,3
588,13,3
588,65,3
588,68,5
588,101,3
588,129,5
588,154,5
588,204,3
588,228,3
588,241,1
588,246,1
588,255,1
588,258,1
588,278,1
588,282,5
588,289,5
588,321,3
588,345,3
588,348,1
588,357,3
588,359,1
588,368,3
588,393,5
588,397,1
588,428,3
588,436,3
589,6,1
589,12,2
589,16,5
589,19,5
589,29,4
589,36,2
589,51,2
589,54,5
589,67,4
589,68,3
589,71,2
589,98,2
589,101,1
589,115,4
589,121,2
589,122,2
589,123,3
589,129,2
589,136,4
589,143,3
589,164,3
589,167,2
589,170,2
589,174,2
589,179,2
589,190,2
589,198,3
589,204,4
589,205,1
589,211,4
589,241,2
589,288,2
589,304,1
589,310,2
589,312,3
589,317,2
589,335,1
589,344,5
589,347,4
589,358,5
589,359,3
589,360,3
589,364,2
589,370,4
589,372,1
589,380,4
589,391,4
589,393,5
589,407,4
589,410,2
589,413,2
589,428,4
589,435,5
589,436,4
590,2,3
590,11,3
590,12,2
590,13,3
590,18,3
590,30,1
590,35,1
590,43,3
590,49,3
590,61,3
590,67,3
590,68,3
590,71,3
590,73,3
590,93,5
590,98,3
590,101,3
590,110,3
590,119,3
590,122,1
590,123,5
590,127,3
590,129,1
590,138,3
590,142,4
590,143,1
590,144,1
590,197,4
590,209,1
590,222,5
590,228,3
590,241,4
590,255,1
590,264,3
590,268,3
590,274,3
590,280,3
590,291,1
590,298,5
590,306,1
590,307,1
590,310,3
590,316,3
590,317,3
590,348,3
590,352,5
590,353,5
590,357,3
590,359,3
590,364,3
590,379,1
590,397,3
590,410,3
590,413,1
590,419,3
590,423,1
590,428,1
590,435,3
590,436,3
590,439,3
590,445,5
591,11,1
591,34,5
591,44,4
591,68,3
591,101,3
591,129,3
591,167,3
591,179,3
591,217,5
591,228,1
591,290,2
591,310,4
591,325,5
591,375,4
591,410,3
591,413,3
591,429,5
592,214,5
592,319,5
593,68,1
593,210,1
594,123,1
594,167,3
595,2,3
595,23,5
595,51,4
595,61,5
595,68,1
595,71,5
595,101,3
595,122,5
595,123,2
595,129,3
595,151,1
595,154,4
595,164,5
595,166,3
595,174,3
595,190,1
595,196,4
595,221,3
595,222,5
595,241,4
595,260,1
595,261,5
595,276,5
595,310,1
595,324,1
595,325,4
595,333,5
595,359,3
595,364,1
595,370,5
595,371,5
595,376,3
595,407,5
595,413,1
595,426,5
595,444,5
596,2,3
596,6,1
596,15,1
596,16,5
596,17,1
596,21,3
596,23,5
596,28,3
596,30,1
596,34,5
596,38,4
596,49,3
596,51,5
596,61,3
596,67,3
596,68,3
596,73,1
596,83,3
596,85,4
596,93,4
596,98,3
596,101,1
596,107,5
596,111,3
596,119,3
596,120,5
596,122,3
596,123,3
596,127,1
596,129,1
596,142,5
596,146,3
596,154,5
596,160,5
596,164,1
596,167,3
596,191,3
596,197,1
596,199,3
596,204,1
596,209,3
596,211,5
596,228,3
596,238,3
596,241,3
596,255,1
596,272,1
596,274,3
596,280,3
596,281,3
596,282,3
596,291,1
596,305,1
596,306,3
596,307,4
596,309,5
596,310,1
596,317,1
596,321,1
596,325,4
596,330,3
596,334,2
596,341,1
596,348,3
596,357,3
596,359,1
596,373,3
596,376,3
596,379,1
596,391,4
596,398,1
596,399,4
596,402,3
596,403,5
596,410,1
596,413,3
596,418,3
596,428,3
596,435,3
596,444,3
596,445,3
597,2,5
597,129,3
597,154,5
597,348,1
597,359,5
597,379,3
598,71,1
598,101,1
598,241,3
598,317,1
598,391,5
598,410,3
599,2,3
599,4,5
599,60,5
599,67,5
599,68,1
599,71,3
599,90,5
599,92,5
599,93,5
599,101,1
599,109,5
599,122,3
599,129,3
599,154,4
599,155,1
599,166,3
599,171,5
599,193,1
599,196,4
599,238,5
599,241,5
599,243,5
599,260,1
599,263,5
599,276,3
599,306,1
599,310,3
599,322,5
599,325,4
599,333,5
599,344,5
599,359,1
599,364,1
599,370,5
599,389,3
599,399,1
599,407,5
599,410,1
599,413,3
599,435,1
599,441,3
600,122,5
600,280,3
600,310,3
600,428,3
601,16,5
601,26,1
601,32,1
601,36,5
601,43,3
601,47,3
601,60,5
601,61,3
601,69,5
601,71,5
601,89,4
601,97,3
601,98,4
601,101,3
601,122,3
601,129,2
601,136,3
601,142,5
601,154,1
601,166,4
601,187,5
601,202,5
601,209,3
601,224,3
601,228,3
601,241,3
601,247,4
601,261,5
601,298,1
601,307,2
601,310,3
601,317,3
601,321,3
601,325,5
601,359,3
601,364,3
601,413,3
601,417,5
601,423,1
601,428,3
601,435,5
601,444,3
602,1,5
602,23,5
602,34,1
602,51,3
602,98,5
602,101,1
602,123,2
602,129,5
602,204,1
602,260,1
602,291,3
602,292,1
602,310,3
602,325,5
602,359,5
602,389,3
602,410,5
602,417,3
603,144,1
603,204,1
603,324,1
604,5,3
604,102,3
604,280,5
604,310,1
604,348,1
604,397,1
605,123,3
605,129,5
605,243,3
605,289,5
605,364,1
606,289,5
606,380,4
607,2,3
607,12,1
607,16,5
607,30,4
607,33,3
607,36,5
607,49,3
607,51,5
607,54,5
607,61,3
607,65,5
607,68,1
607,71,5
607,89,3
607,101,1
607,111,5
607,119,3
607,122,5
607,128,3
607,129,3
607,136,3
607,146,5
607,154,3
607,160,3
607,166,3
607,167,3
607,170,5
607,174,4
607,191,3
607,196,3
607,202,3
607,209,3
607,211,5
607,214,5
607,221,5
607,227,5
607,228,3
607,241,3
607,255,5
607,262,3
607,276,3
607,280,3
607,281,3
607,309,1
607,310,2
607,317,2
607,325,1
607,326,5
607,333,5
607,339,5
607,341,5
607,350,4
607,359,2
607,365,5
607,367,4
607,373,3
607,376,5
607,379,1
607,386,5
607,389,3
607,390,5
607,391,3
607,392,1
607,399,5
607,410,3
607,413,3
607,417,3
607,423,1
607,444,1
608,36,3
608,39,5
608,54,5
608,61,3
608,68,3
608,99,5
608,101,3
608,122,3
608,129,3
608,143,3
608,158,3
608,174,5
608,185,5
608,187,5
608,221,5
608,241,3
608,280,3
608,289,5
608,310,2
608,359,3
608,388,1
608,426,5
608,429,5
609,119,5
609,129,3
609,241,3
609,435,3
609,447,1
610,5,3
610,12,1
610,30,1
610,34,3
610,39,1
610,51,3
610,54,1
610,68,3
610,71,5
610,74,1
610,87,3
610,93,5
610,101,3
610,111,3
610,122,3
610,123,3
610,127,1
610,129,1
610,135,1
610,142,1
610,143,1
610,144,1
610,148,3
610,155,1
610,189,1
610,191,3
610,200,1
610,204,1
610,209,5
610,228,3
610,241,1
610,255,1
610,260,3
610,272,5
610,307,2
610,310,3
610,316,3
610,317,3
610,321,1
610,325,1
610,348,3
610,353,1
610,359,1
610,364,3
610,365,3
610,372,3
610,373,3
610,376,2
610,382,3
610,389,3
610,399,3
610,413,1
610,423,1
610,424,3
610,428,3
610,435,1
610,436,3
610,439,1
611,19,5
611,37,3
611,49,3
611,111,3
611,164,3
611,178,1
611,187,5
611,217,5
611,222,5
611,280,3
611,307,3
611,310,4
611,316,3
611,359,4
611,391,1
611,412,3
611,413,4
611,435,3
611,436,3
612,226,1
612,245,1
613,29,3
613,34,5
613,101,3
613,122,3
613,165,1
613,215,5
613,241,3
613,274,3
613,306,3
613,310,1
613,321,3
613,349,1
613,353,3
613,373,3
613,413,3
613,415,3
614,2,3
614,11,1
614,12,1
614,19,5
614,29,3
614,30,1
614,40,4
614,43,3
614,51,3
614,53,3
614,54,3
614,68,3
614,71,1
614,73,3
614,83,5
614,86,1
614,89,3
614,92,1
614,98,3
614,101,3
614,114,5
614,122,3
614,123,1
614,127,3
614,129,1
614,135,4
614,142,3
614,146,3
614,152,5
614,154,5
614,160,3
614,165,1
614,167,3
614,173,3
614,186,3
614,193,5
614,194,3
614,195,1
614,196,3
614,197,3
614,198,5
614,204,1
614,210,3
614,219,1
614,222,5
614,228,3
614,238,1
614,239,5
614,241,3
614,245,5
614,246,3
614,248,1
614,251,3
614,253,1
614,255,3
614,263,1
614,265,1
614,269,1
614,271,3
614,274,4
614,280,4
614,282,5
614,289,3
614,293,3
614,301,5
614,305,3
614,306,3
614,307,1
614,310,3
614,316,1
614,317,3
614,318,3
614,324,1
614,325,5
614,332,1
614,342,1
614,344,5
614,348,1
614,350,1
614,353,1
614,357,3
614,359,1
614,364,1
614,372,3
614,373,1
614,376,5
614,381,5
614,382,1
614,386,5
614,390,3
614,396,3
614,399,1
614,402,1
614,410,3
614,413,5
614,418,4
614,423,1
614,424,5
614,428,3
614,429,3
614,435,4
615,11,3
615,13,3
615,18,3
615,19,3
615,23,5
615,30,1
615,35,5
615,39,3
615,45,3
615,68,3
615,98,5
615,101,3
615,119,3
615,122,3
615,129,3
615,143,1
615,154,3
615,155,1
615,195,1
615,197,1
615,204,4
615,209,5
615,220,3
615,227,5
615,241,3
615,242,1
615,280,3
615,281,3
615,282,5
615,284,3
615,289,5
615,310,1
615,317,3
615,321,1
615,324,1
615,328,3
615,329,1
615,334,3
615,348,1
615,359,1
615,364,3
615,368,3
615,370,4
615,373,3
615,388,1
615,390,3
615,392,1
615,410,1
615,413,3
615,414,3
615,417,3
615,422,3
615,423,3
615,426,5
615,428,3
615,429,5
615,433,5
615,435,1
615,439,1
616,1,1
616,12,5
616,17,4
616,36,3
616,38,3
616,40,3
616,54,5
616,60,5
616,61,3
616,65,5
616,68,4
616,71,5
616,78,5
616,110,5
616,111,5
616,118,1
616,119,3
616,121,5
616,123,3
616,129,2
616,137,5
616,156,1
616,160,3
616,166,3
616,167,3
616,238,1
616,241,1
616,260,1
616,276,3
616,280,5
616,289,5
616,310,1
616,317,3
616,325,5
616,359,3
616,372,3
616,379,3
616,393,5
616,396,1
616,413,1
616,419,3
616,423,5
616,425,4
616,426,5
616,428,3
617,138,3
617,173,3
618,4,5
618,32,3
618,36,5
618,44,3
618,51,2
618,54,1
618,60,5
618,71,3
618,93,3
618,98,5
618,101,1
618,122,2
618,129,3
618,136,3
618,143,1
618,154,1
618,166,5
618,177,3
618,187,5
618,204,3
618,209,3
618,214,5
618,222,5
618,224,5
618,225,3
618,228,5
618,241,1
618,261,5
618,276,5
618,280,3
618,301,5
618,307,1
618,310,1
618,317,1
618,325,5
618,334,5
618,357,3
618,360,4
618,364,1
618,391,3
618,392,3
618,410,3
618,413,1
618,415,3
618,417,5
618,423,1
618,436,3
619,101,3
619,391,5
620,289,5
620,380,4
621,122,3
622,125,3
622,280,3
622,291,3
623,71,1
623,183,3
623,248,1
623,280,1
623,317,1
624,122,3
624,241,3
624,359,5
625,68,5
625,101,3
625,129,1
625,241,3
625,294,3
625,389,3
625,391,5
625,410,3
626,35,5
626,154,5
626,195,5
626,226,1
626,230,1
626,410,5
627,4,5
627,36,2
627,39,5
627,61,3
627,68,3
627,101,5
627,122,2
627,151,1
627,154,3
627,166,5
627,168,5
627,241,2
627,305,2
627,310,1
627,320,1
627,360,3
627,364,2
627,379,1
627,382,5
628,34,3
628,238,1
628,317,4
629,30,1
629,109,5
629,129,3
629,139,1
629,247,3
629,251,1
629,264,3
629,387,1
629,435,1
630,71,5
630,241,1
630,336,5
631,54,5
631,113,3
631,270,1
631,312,1
631,321,1
631,349,1
631,353,3
632,22,4
632,23,5
632,122,3
632,129,5
632,187,5
632,309,5
632,310,3
632,325,4
632,391,3
632,397,1
632,435,5
633,9,3
633,60,3
633,65,3
633,68,4
633,71,1
633,75,4
633,101,4
633,122,1
633,125,4
633,129,4
633,154,5
633,211,1
633,228,1
633,236,1
633,241,5
633,261,5
633,276,3
633,280,5
633,310,4
633,311,4
633,317,4
633,336,1
633,339,5
633,353,1
633,359,3
633,364,4
633,365,3
633,367,5
633,407,4
633,417,3
633,423,1
633,428,4
633,444,1
634,122,3
634,129,5
634,241,3
634,417,3
635,45,3
635,101,3
635,129,5
635,197,1
635,241,3
635,251,3
635,279,5
635,310,3
635,355,3
635,364,5
635,410,5
635,413,5
635,434,5
636,379,1
636,424,5
637,2,3
637,5,3
637,12,1
637,29,2
637,34,1
637,54,3
637,60,3
637,61,3
637,68,1
637,71,3
637,93,5
637,98,5
637,101,2
637,111,1
637,114,5
637,122,1
637,123,1
637,129,1
637,135,1
637,136,5
637,154,5
637,155,1
637,166,2
637,194,3
637,195,3
637,198,3
637,221,2
637,228,3
637,241,3
637,245,3
637,274,3
637,279,5
637,280,3
637,289,5
637,298,3
637,305,1
637,307,3
637,310,1
637,317,1
637,325,3
637,342,1
637,344,5
637,359,3
637,364,3
637,375,4
637,379,5
637,391,4
637,392,1
637,410,2
637,412,2
637,413,3
637,423,5
637,426,5
637,428,1
637,435,5
637,444,3
638,13,3
638,49,3
638,122,3
638,129,3
638,264,4
638,428,2
639,36,3
639,39,5
639,54,5
639,61,3
639,68,3
639,99,5
639,101,3
639,122,3
639,129,3
639,143,3
639,158,3
639,170,5
639,174,5
639,185,5
639,187,5
639,221,5
639,241,3
639,280,3
639,289,5
639,310,2
639,359,3
639,360,5
639,364,1
639,388,1
639,426,5
639,429,5
640,54,3
640,61,5
640,99,5
640,111,5
640,129,3
640,187,1
640,232,3
640,241,3
640,316,5
640,428,3
640,435,3
641,2,3
641,19,1
641,32,3
641,34,5
641,36,5
641,49,5
641,51,3
641,60,3
641,65,5
641,68,3
641,71,1
641,75,3
641,86,5
641,92,5
641,101,5
641,122,1
641,129,1
641,138,1
641,142,1
641,150,1
641,153,1
641,154,3
641,173,1
641,204,3
641,222,5
641,225,3
641,241,5
641,247,1
641,261,5
641,274,1
641,279,5
641,282,5
641,290,5
641,291,1
641,305,3
641,306,1
641,307,1
641,309,1
641,310,3
641,317,1
641,329,1
641,336,5
641,339,1
641,342,3
641,348,5
641,360,3
641,364,5
641,365,5
641,368,3
641,413,5
641,418,1
641,423,1
641,426,5
641,428,3
641,435,1
641,444,4
642,119,1
642,317,3
642,321,5
642,428,3
643,39,1
643,61,3
643,68,1
643,122,3
643,129,1
643,143,3
643,144,1
643,156,1
643,193,5
643,195,5
643,241,1
643,255,1
643,280,3
643,306,3
643,348,1
643,359,1
643,382,3
643,399,3
643,410,3
643,413,3
643,416,5
643,417,5
643,435,1
643,444,5
644,289,5
644,380,4
645,129,5
645,410,1
646,36,3
646,68,1
646,129,5
646,310,3
646,317,3
646,359,3
646,369,3
646,417,5
647,102,5
647,129,5
647,310,3
647,364,1
648,101,3
648,109,1
648,129,4
648,359,1
648,364,3
648,391,3
648,428,3
649,2,5
649,12,3
649,25,3
649,35,5
649,36,5
649,39,1
649,42,1
649,49,3
649,61,3
649,67,3
649,71,5
649,72,4
649,86,5
649,93,5
649,98,5
649,99,5
649,101,1
649,109,5
649,122,3
649,129,1
649,137,5
649,153,1
649,164,5
649,190,1
649,209,4
649,228,5
649,241,5
649,243,1
649,248,1
649,261,5
649,274,5
649,280,1
649,282,3
649,302,5
649,306,1
649,310,3
649,317,3
649,325,5
649,348,1
649,351,3
649,353,1
649,359,1
649,379,1
649,389,3
649,402,1
649,405,3
649,413,5
649,423,1
649,424,5
649,426,5
649,431,3
650,2,3
650,6,1
650,12,1
650,18,4
650,19,1
650,21,4
650,30,5
650,35,4
650,39,1
650,49,4
650,61,3
650,67,3
650,68,2
650,71,3
650,72,5
650,73,2
650,75,1
650,87,3
650,92,5
650,101,1
650,116,2
650,118,5
650,119,1
650,122,3
650,123,1
650,127,3
650,129,1
650,142,1
650,143,1
650,148,5
650,154,5
650,164,3
650,170,1
650,171,1
650,178,1
650,185,3
650,189,3
650,199,1
650,209,5
650,211,4
650,217,5
650,236,1
650,238,1
650,241,1
650,247,3
650,253,3
650,255,1
650,262,4
650,267,5
650,272,1
650,274,3
650,280,3
650,284,3
650,290,5
650,296,3
650,301,5
650,304,3
650,305,4
650,306,1
650,307,3
650,309,1
650,310,1
650,311,3
650,313,3
650,317,2
650,319,1
650,348,1
650,350,4
650,353,3
650,355,1
650,359,3
650,360,5
650,379,1
650,381,1
650,382,3
650,390,1
650,410,3
650,413,4
650,414,3
650,428,3
650,435,1
650,437,1
650,439,1
651,65,5
651,342,3
652,2,3
652,61,3
652,71,1
652,89,4
652,122,1
652,129,5
652,276,5
652,289,5
652,368,3
652,410,5
652,413,3
652,423,1
653,2,3
653,23,5
653,32,3
653,44,3
653,60,3
653,61,3
653,68,1
653,71,1
653,91,3
653,92,5
653,98,3
653,101,3
653,116,3
653,121,3
653,122,3
653,123,3
653,127,1
653,129,1
653,133,5
653,138,3
653,141,3
653,151,4
653,154,3
653,162,4
653,167,1
653,173,3
653,177,4
653,184,1
653,191,3
653,195,3
653,209,3
653,217,5
653,221,3
653,241,1
653,255,3
653,280,5
653,306,1
653,310,3
653,317,1
653,321,1
653,333,5
653,342,1
653,348,1
653,353,1
653,357,3
653,372,1
653,394,1
653,408,5
653,410,1
653,424,5
653,428,3
653,435,1
653,436,5
653,439,1
654,122,4
654,310,4
654,317,3
654,359,3
654,410,1
654,413,3
654,428,3
655,16,1
655,36,5
655,60,5
655,71,3
655,101,1
655,123,3
655,129,3
655,170,5
655,241,5
655,289,5
655,310,3
655,316,5
655,317,1
655,321,1
655,423,1
656,36,5
656,60,3
656,68,4
656,122,5
656,129,3
656,193,1
656,243,3
656,413,5
656,428,3
656,435,5
657,154,5
657,305,1
657,410,4
658,359,1
659,51,2
659,54,2
659,68,2
659,99,5
659,122,1
659,129,2
659,168,5
659,246,1
659,280,2
659,310,2
659,341,5
659,364,2
659,390,5
659,397,1
659,413,2
659,435,5
660,400,1
660,410,3
661,122,3
661,123,3
661,228,3
662,245,1
662,324,1
663,2,3
663,23,5
663,30,1
663,51,5
663,54,5
663,67,3
663,68,1
663,71,3
663,74,1
663,75,1
663,82,5
663,90,5
663,93,1
663,118,1
663,119,5
663,122,3
663,123,1
663,129,3
663,135,1
663,137,4
663,144,1
663,154,4
663,166,3
663,167,1
663,170,5
663,195,5
663,196,4
663,200,1
663,209,2
663,241,3
663,242,3
663,243,5
663,255,1
663,260,1
663,267,4
663,274,3
663,276,3
663,280,4
663,305,1
663,310,1
663,317,1
663,325,4
663,333,5
663,350,3
663,352,5
663,359,3
663,364,1
663,370,5
663,395,3
663,398,4
663,402,5
663,407,5
663,413,1
663,418,1
663,426,5
663,435,1
663,436,5
663,441,3
664,12,1
664,19,5
664,36,5
664,39,5
664,65,3
664,67,3
664,68,5
664,71,5
664,98,3
664,115,3
664,119,1
664,122,5
664,123,2
664,129,5
664,151,1
664,154,5
664,209,3
664,280,3
664,305,2
664,310,1
664,316,2
664,348,1
664,359,5
664,428,3
664,435,5
664,444,5
665,39,1
665,127,1
666,241,5
666,324,1
667,71,3
667,122,2
667,129,3
667,241,3
667,276,5
667,348,3
667,413,3
667,436,3
668,2,3
668,10,3
668,16,1
668,23,5
668,51,5
668,60,5
668,61,3
668,67,5
668,68,1
668,71,5
668,73,5
668,74,1
668,98,3
668,101,3
668,121,5
668,129,2
668,132,3
668,154,4
668,155,1
668,166,3
668,173,4
668,176,1
668,190,1
668,196,4
668,197,1
668,204,1
668,241,3
668,243,5
668,255,3
668,260,1
668,276,3
668,281,5
668,305,1
668,310,1
668,317,1
668,322,5
668,325,4
668,333,5
668,355,2
668,359,3
668,364,1
668,370,5
668,388,1
668,407,5
668,413,4
668,426,5
668,429,5
668,435,4
668,441,3
669,68,3
669,101,3
669,111,4
669,122,3
669,129,3
669,217,5
669,310,3
669,316,5
669,325,3
669,364,3
669,426,5
669,435,5
670,1,1
670,2,5
670,12,1
670,13,3
670,30,1
670,35,4
670,36,3
670,38,1
670,40,4
670,51,5
670,53,1
670,54,3
670,61,1
670,62,3
670,67,3
670,68,1
670,71,3
670,73,1
670,83,3
670,86,5
670,98,5
670,101,1
670,111,3
670,116,1
670,119,3
670,122,1
670,123,2
670,127,1
670,129,1
670,135,1
670,142,1
670,144,5
670,151,1
670,154,4
670,167,3
670,173,3
670,174,5
670,175,3
670,178,1
670,187,5
670,210,3
670,221,5
670,228,1
670,231,3
670,235,1
670,238,1
670,241,1
670,244,3
670,247,3
670,248,5
670,255,3
670,260,3
670,274,5
670,280,2
670,281,3
670,282,1
670,287,3
670,301,2
670,302,3
670,305,1
670,307,3
670,310,1
670,316,1
670,317,3
670,321,1
670,325,1
670,342,1
670,348,1
670,353,5
670,359,1
670,360,3
670,370,1
670,382,1
670,391,5
670,396,1
670,397,1
670,398,1
670,399,1
670,410,1
670,413,3
670,417,3
670,419,5
670,423,1
670,427,3
670,428,3
670,429,5
670,430,3
670,434,5
670,445,3
671,337,5
671,359,5
671,364,1
672,60,3
672,122,3
672,176,5
672,228,3
672,243,3
672,280,3
672,323,3
672,360,3
672,428,4
673,2,3
673,9,4
673,12,1
673,14,3
673,16,1
673,34,5
673,36,5
673,40,4
673,43,4
673,46,1
673,54,1
673,60,3
673,61,1
673,63,4
673,65,3
673,68,3
673,71,1
673,84,3
673,86,5
673,92,5
673,93,5
673,98,5
673,101,1
673,107,5
673,111,5
673,122,1
673,123,1
673,127,1
673,129,1
673,135,1
673,136,5
673,137,3
673,139,1
673,142,3
673,143,1
673,144,1
673,154,3
673,155,1
673,168,3
673,175,3
673,178,1
673,181,3
673,186,3
673,195,1
673,196,1
673,198,3
673,199,3
673,204,5
673,209,1
673,211,5
673,212,5
673,219,3
673,221,3
673,227,1
673,241,1
673,245,1
673,255,1
673,269,1
673,272,3
673,274,4
673,276,5
673,279,5
673,280,3
673,282,1
673,284,5
673,290,5
673,303,3
673,305,1
673,307,1
673,310,1
673,316,1
673,317,1
673,321,3
673,325,5
673,333,5
673,335,5
673,339,3
673,344,5
673,350,1
673,351,3
673,359,1
673,360,3
673,364,1
673,365,5
673,369,5
673,371,5
673,389,1
673,391,3
673,393,5
673,397,1
673,399,1
673,410,1
673,413,4
673,417,5
673,418,3
673,423,1
673,424,4
673,428,3
673,435,1
673,436,3
673,437,5
673,444,3
674,35,5
674,289,3
674,316,3
675,194,3
675,413,5
676,36,5
676,129,3
676,435,5
677,60,3
677,122,5
677,125,3
677,143,1
677,228,3
677,289,5
677,310,5
677,337,5
677,359,3
677,410,1
677,413,3
677,417,5
678,39,1
678,68,3
678,101,3
678,119,1
678,166,3
678,310,1
679,4,3
679,122,1
679,228,3
679,241,5
679,289,5
679,309,5
679,310,5
679,350,3
679,360,3
679,410,3
679,428,4
679,444,5
680,12,1
680,18,3
680,30,5
680,34,3
680,38,4
680,39,1
680,51,5
680,68,5
680,98,1
680,101,1
680,115,3
680,121,1
680,122,1
680,123,1
680,125,1
680,127,3
680,129,3
680,137,4
680,139,4
680,141,4
680,154,5
680,167,1
680,178,1
680,190,3
680,195,1
680,227,3
680,228,3
680,238,3
680,241,4
680,247,3
680,255,5
680,270,1
680,280,3
680,281,3
680,310,4
680,316,3
680,317,5
680,335,3
680,341,3
680,348,1
680,350,1
680,353,5
680,357,3
680,363,5
680,379,3
680,389,1
680,390,5
680,397,1
680,408,1
680,413,5
680,419,1
680,423,1
680,428,3
680,435,5
681,75,5
681,101,3
681,111,5
681,122,4
681,123,3
681,129,3
681,195,3
681,241,1
681,280,3
681,317,3
681,359,1
681,389,3
681,410,1
681,423,1
682,2,3
682,13,3
682,60,3
682,68,3
682,101,1
682,111,4
682,113,5
682,122,5
682,123,1
682,129,3
682,143,1
682,148,3
682,222,5
682,227,3
682,228,3
682,241,1
682,255,3
682,280,3
682,306,3
682,317,3
682,364,5
682,385,1
682,413,3
682,444,3
682,447,1
683,73,3
683,310,1
684,55,1
684,98,5
685,195,5
685,222,5
685,246,1
685,435,5
686,3,1
686,23,3
686,36,3
686,61,3
686,94,2
686,101,3
686,119,5
686,122,5
686,187,5
686,255,3
686,276,3
686,280,3
686,309,5
686,310,3
686,359,4
686,413,4
686,428,3
686,435,5
686,444,3
687,204,3
687,375,3
688,35,1
688,101,3
688,310,5
689,135,3
689,316,3
689,359,1
689,428,4
690,129,5
690,144,1
691,19,5
691,30,4
691,36,5
691,51,5
691,54,5
691,61,3
691,67,5
691,68,3
691,69,5
691,71,4
691,89,4
691,98,3
691,101,1
691,111,5
691,122,1
691,129,1
691,142,3
691,154,3
691,166,4
691,167,1
691,171,3
691,195,5
691,209,5
691,217,5
691,222,5
691,241,1
691,255,2
691,276,3
691,280,5
691,290,2
691,310,1
691,321,1
691,325,3
691,339,1
691,359,1
691,360,3
691,364,5
691,370,3
691,372,1
691,391,3
691,410,5
691,411,3
691,413,5
691,417,5
691,420,3
691,428,3
691,434,3
691,435,5
691,444,3
691,445,5
692,98,5
692,364,1
693,241,3
693,391,3
693,413,5
694,65,5
694,129,3
694,247,3
694,324,1
695,19,3
695,30,1
695,35,5
695,60,4
695,61,1
695,68,3
695,69,5
695,71,1
695,75,1
695,87,3
695,99,5
695,101,1
695,107,5
695,109,5
695,111,5
695,119,5
695,122,1
695,127,3
695,129,3
695,136,3
695,146,1
695,151,3
695,154,1
695,160,5
695,174,5
695,186,3
695,221,5
695,225,3
695,227,5
695,241,1
695,253,3
695,280,3
695,281,3
695,287,5
695,291,5
695,307,1
695,310,3
695,317,1
695,339,5
695,357,3
695,359,5
695,360,3
695,364,1
695,386,5
695,392,1
695,410,1
695,413,3
695,423,1
695,424,3
695,428,4
695,444,3
696,99,5
696,129,3
696,309,5
696,316,5
696,359,1
697,68,5
697,89,4
697,122,3
697,129,5
697,146,1
697,162,3
697,211,3
697,241,4
697,247,3
697,274,3
697,279,5
697,280,1
697,310,4
697,317,4
697,353,3
697,359,5
697,413,4
697,415,3
697,418,1
697,428,3
697,429,5
697,435,5
698,153,3
698,310,3
698,444,5
699,2,3
699,11,4
699,12,4
699,27,1
699,30,1
699,32,5
699,34,1
699,39,4
699,49,3
699,65,3
699,68,1
699,71,3
699,74,1
699,87,1
699,93,1
699,98,3
699,101,3
699,104,3
699,111,4
699,119,5
699,122,3
699,129,1
699,146,5
699,155,4
699,179,3
699,180,3
699,228,3
699,240,3
699,241,4
699,243,5
699,251,4
699,255,3
699,262,1
699,279,1
699,301,3
699,309,1
699,310,3
699,311,5
699,317,3
699,320,1
699,348,5
699,349,1
699,359,1
699,363,5
699,364,3
699,379,3
699,389,1
699,391,1
699,393,1
699,410,1
699,413,3
699,417,3
699,424,5
699,428,1
699,429,3
699,431,3
700,61,3
700,111,5
700,166,5
700,310,4
700,317,3
700,359,4
700,379,3
700,413,4
701,2,3
701,4,5
701,12,1
701,14,3
701,17,1
701,19,5
701,36,5
701,40,4
701,54,1
701,61,1
701,63,4
701,66,3
701,68,3
701,71,3
701,86,5
701,90,5
701,98,3
701,101,3
701,111,5
701,119,1
701,122,1
701,123,1
701,127,1
701,129,1
701,135,3
701,142,3
701,154,5
701,155,1
701,168,3
701,175,3
701,177,3
701,192,3
701,195,1
701,198,3
701,199,5
701,209,3
701,212,5
701,219,3
701,221,3
701,228,3
701,235,5
701,238,1
701,241,1
701,246,1
701,255,1
701,260,5
701,279,5
701,280,3
701,282,5
701,284,3
701,290,5
701,305,3
701,307,1
701,310,1
701,317,1
701,321,5
701,325,5
701,333,5
701,336,1
701,344,5
701,357,4
701,359,3
701,360,5
701,364,1
701,379,3
701,388,1
701,389,1
701,391,3
701,397,3
701,399,1
701,410,1
701,413,3
701,417,5
701,426,5
701,435,1
701,444,3
702,34,1
702,40,2
702,61,3
702,68,1
702,69,5
702,71,3
702,89,4
702,98,1
702,101,2
702,114,5
702,119,1
702,122,3
702,129,2
702,154,5
702,166,2
702,221,2
702,241,1
702,253,3
702,255,2
702,280,3
702,305,3
702,307,3
702,310,3
702,317,3
702,360,5
702,375,4
702,410,2
702,413,3
702,423,5
702,428,3
703,359,1
703,360,3
704,44,3
704,51,5
704,101,5
704,167,1
704,282,1
705,12,1
705,16,5
705,24,1
705,30,3
705,34,5
705,42,1
705,61,3
705,68,3
705,83,3
705,86,5
705,89,3
705,93,5
705,98,3
705,101,1
705,113,3
705,114,5
705,118,1
705,119,3
705,122,3
705,123,3
705,125,4
705,127,1
705,128,3
705,129,1
705,142,1
705,143,5
705,146,1
705,164,3
705,166,5
705,167,1
705,170,3
705,172,1
705,184,1
705,190,5
705,193,1
705,203,3
705,204,3
705,209,1
705,221,1
705,241,1
705,243,3
705,255,3
705,271,4
705,274,1
705,280,1
705,282,1
705,305,1
705,306,1
705,307,3
705,309,1
705,310,1
705,312,4
705,316,1
705,317,3
705,319,3
705,321,1
705,325,5
705,329,5
705,332,1
705,336,1
705,350,3
705,357,3
705,359,1
705,376,3
705,379,4
705,385,1
705,390,5
705,391,3
705,394,1
705,410,1
705,413,3
705,419,1
705,423,1
705,429,1
705,435,1
705,439,1
705,440,5
706,36,3
706,111,3
706,241,5
706,359,1
707,22,4
707,122,5
708,9,3
708,39,5
708,54,3
708,68,5
708,101,5
708,129,5
708,139,1
708,143,3
708,154,5
708,241,1
708,257,5
708,282,5
708,305,1
708,306,3
708,310,3
708,317,3
708,324,1
708,328,3
708,348,1
708,359,4
708,364,3
708,413,2
708,420,3
708,435,1
708,439,1
709,129,3
709,310,3
710,1,5
710,2,3
710,3,3
710,12,1
710,16,5
710,46,3
710,49,3
710,58,4
710,67,4
710,68,1
710,71,3
710,84,3
710,95,4
710,101,2
710,121,3
710,122,2
710,123,3
710,127,1
710,129,1
710,154,4
710,155,1
710,161,1
710,167,1
710,195,5
710,204,3
710,211,3
710,227,5
710,228,3
710,241,1
710,245,1
710,255,1
710,260,4
710,270,1
710,276,5
710,280,3
710,285,4
710,291,4
710,305,3
710,310,3
710,316,5
710,321,3
710,325,5
710,344,5
710,348,1
710,359,1
710,362,5
710,365,3
710,367,5
710,391,3
710,397,5
710,400,1
710,404,5
710,410,3
710,413,4
710,428,3
710,435,1
710,441,3
711,54,2
711,61,3
711,68,3
711,99,5
711,122,1
711,129,2
711,168,5
711,246,1
711,310,5
711,321,5
711,390,5
711,397,1
712,129,5
712,428,3
713,122,4
713,186,3
713,284,3
713,310,3
713,429,3
