================================================================
 COMBO A: K=3,5 extend + Multi-seed verify (best config)
 Total: 4 runs x ~50min = ~3.5h CPU
================================================================

[Phase 1/2] K=3 and K=5 sweep (seed=1, default config)
----------------------------------------------------------------

K_neigs=3 (seed=1)
[CPU] torch.set_num_threads(14), interop=min(4, 14)
Using device: cpu
[INFO] Auto-computed BALANCED class weights (to prevent class collapse):
  Circulation  (367 samples): 0.780
  Epigenetics  (157 samples): 1.823
  Target       (293 samples): 0.977
  Genetics     (681 samples): 0.420
  [NOTE] Higher weights for minority classes to prevent model from only predicting majority class
[INFO] Using v2.0_495m383D dataset:
  miRNAs: 495
  Diseases: 383
  Expected associations: ~1498
  Types: 4 (Circulation, Epigenetics, Target, Genetics)

================================================================================
Configuration Summary
================================================================================
Dataset: v2.0_495m383D
Data Path: ./
Model: HeterogenousGraphCLAMIR
  - HGT Layers: 2
  - Attention Heads: 4
  - Association Types: 4
  - Inter-view CL: Enabled
    - Weight: 0.3
    - Temperature: 0.5
    - Margin: 0.5

Training:
  - Epochs: 650
  - Learning Rate: 0.0001
  - Dropout: 0.3
  - Weight Decay: 5e-05
  - Focal Loss: Enabled

Evaluation:
  - Cross-Validation Folds: 5
  - Primary Metric: AUPR

Device: cpu
Random Seed: 1
================================================================================

[SEED] Re-seeded với args.seed = 1
🚀 Running with comprehensive evaluation including Top-1 metrics...
🎯 Loading dual-view data...
Starting dual-view data preparation with new file format...
Loading all similarity and feature files from v2.0_495m383D...
✅ Loaded disease semantic similarity from D_SSM1.txt: (383, 383)
✅ Loaded miRNA functional similarity from M_FSM.txt: (495, 495)
✅ Loaded multi-type association pairs from ./v2.0_495m383D\multi_all_mirna_disease_pairs_without_negative.csv: (1679, 3)
✅ Created multi-type association matrix: (495, 383)
📊 Multi-type Association Statistics:
   无关联 (No association): 188087 pairs (99.21%)
   循环类型 (Circulation): 367 pairs (0.19%)
   表观遗传学 (Epigenetics): 157 pairs (0.08%)
   靶标类型 (Target): 293 pairs (0.15%)
   遗传学类型 (Genetics): 681 pairs (0.36%)
✅ Created association matrix from CSV: (495, 383)
✅ Loaded disease-gene features from D_SSM2.txt: torch.Size([383, 383])
✅ Loaded miRNA-sequence features from M_GSM.txt: torch.Size([495, 495])
Processing integrated similarity matrices...
Loaded similarity matrices from cache
Processing indices...
Loaded indices from cache (seed=1)
✅ Dual-view data preparation completed in 0.71 seconds

============================================================
🎯 DUAL-VIEW CONFIGURATION SUMMARY (v2.0_495m383D)
============================================================
miRNA Dual Views:
  📊 View 1 (Sequence): M_GSM.txt torch.Size([495, 495])
  📊 View 2 (Function): M_FSM.txt torch.Size([495, 495])

Disease Dual Views:
  📊 View 1 (Gene): D_SSM2.txt torch.Size([383, 383])
  📊 View 2 (Semantic): D_SSM1.txt torch.Size([383, 383])

Association Matrix: torch.Size([495, 383])
Data source: v2.0_495m383D (495 miRNAs × 383 Diseases)
============================================================
Preloading dual-view data to device...
✅ Loaded disease-gene features to device: torch.Size([383, 383])
✅ Loaded miRNA-sequence features to device: torch.Size([495, 495])
✅ Loaded disease semantic similarity to device: torch.Size([383, 383])
✅ Loaded miRNA functional similarity to device: torch.Size([495, 495])
✅ Dual-view data preloading completed in 0.00 seconds
OptimizedDataset initialized with 5 folds
Using device: cpu
=== Cross Validation Fold 1/5 ===
Using hidden dimensions: [256, 256] with 4 attention heads
优化模型初始化: miRNA数量 = 495, 疾病数量 = 383
   节点维度: 256 → 128
   类型数量: 4
   Temperature: 2.0 (可学习)
   Loss mode: two_head
   loss_mode=two_head
   exist_weight=0.300, type_weight=0.700

✅ SimplifiedMultiTypeAssociationLoss 初始化 (改进版)
   类别权重 (beta=0.99999): ['0.780', '1.822', '0.977', '0.421']
Original positive index shape: torch.Size([1072, 2])
Original negative index shape: torch.Size([135416, 2])
采样后负样本数量: 10720
🎯 Building TRUE DUAL VIEWS from four different sources...
📊 Data sources loaded:
  Disease semantic: torch.Size([383, 383])
  miRNA functional: torch.Size([495, 495])
  Disease-gene: torch.Size([383, 383])
  miRNA-sequence: torch.Size([495, 495])
🧬 Building miRNA dual-view hypergraphs...
  📊 miRNA View 1 (Sequence): torch.Size([495, 878])
  📊 miRNA View 2 (Function): torch.Size([495, 878])
🦠 Building disease dual-view hypergraphs...
  📊 Disease View 1 (Gene): torch.Size([383, 878])
  📊 Disease View 2 (Semantic): torch.Size([383, 878])
✅ Successfully built TRUE DUAL VIEWS:
   🧬 miRNA: Sequence Features (m_ss.xlsx) vs Functional Similarity (mi_fun_sim_2.0.csv)
   🦠 Disease: Gene Features (d_gs.xlsx) vs Semantic Similarity (dis_sem_sim_2.0.csv)

🔧 Epoch 1 梯度检查:
================================================================================

  参数名称                              梯度范数         梯度均值 状态             
  ----------------------------------------------------------------------
  type_relations                0.058071     0.001767 ✅ 正常           
  exist_relation                0.195868     0.011656 ✅ 正常           
  mi_proj_layer0                0.686341     0.001992 ✅ 正常           
  dis_proj_layer0               0.816431     0.002489 ✅ 正常           
================================================================================

Epoch 1, Total Loss: 20.1848, Recover Loss: 1.0828, miRNA CL: 8.9553, Disease CL: 8.4526, Inter-view (est): 4.0172, Recon Loss: 1.3959, Time: 1.01s
[INFO] Hypergraph updated at epoch 5
[INFO] Hypergraph updated at epoch 10
[INFO] Hypergraph updated at epoch 15
[INFO] Hypergraph updated at epoch 20
[INFO] Hypergraph updated at epoch 25
[INFO] Hypergraph updated at epoch 30
[INFO] Hypergraph updated at epoch 35
[INFO] Hypergraph updated at epoch 40
[INFO] Hypergraph updated at epoch 45
[INFO] Hypergraph updated at epoch 50

🔧 Epoch 50 梯度检查:
================================================================================

  参数名称                              梯度范数         梯度均值 状态             
  ----------------------------------------------------------------------
  type_relations                0.063761     0.001822 ✅ 正常           
  exist_relation                0.009073     0.000640 ✅ 正常           
  mi_proj_layer0                0.019972     0.000073 ✅ 正常           
  dis_proj_layer0               0.022568     0.000081 ✅ 正常           
================================================================================

Epoch 50, Total Loss: 16.8989, Recover Loss: 1.0089, miRNA CL: 7.9106, Disease CL: 7.5916, Inter-view (est): 3.5774, Recon Loss: 0.1057, Time: 92.18s
[INFO] Hypergraph updated at epoch 100

🔧 Epoch 100 梯度检查:
================================================================================

  参数名称                              梯度范数         梯度均值 状态             
  ----------------------------------------------------------------------
  type_relations                0.149945     0.002957 ✅ 正常           
  exist_relation                0.015456     0.000757 ✅ 正常           
  mi_proj_layer0                0.022549     0.000078 ✅ 正常           
  dis_proj_layer0               0.027478     0.000093 ✅ 正常           
================================================================================

Epoch 100, Total Loss: 15.7061, Recover Loss: 0.9812, miRNA CL: 7.5292, Disease CL: 6.9026, Inter-view (est): 3.3304, Recon Loss: 0.0300, Time: 129.25s
[INFO] Hypergraph updated at epoch 150

🔧 Epoch 150 梯度检查:
================================================================================

  参数名称                              梯度范数         梯度均值 状态             
  ----------------------------------------------------------------------
  type_relations                0.223559     0.003876 ✅ 正常           
  exist_relation                0.019879     0.000736 ✅ 正常           
  mi_proj_layer0                0.027310     0.000091 ✅ 正常           
  dis_proj_layer0               0.028084     0.000094 ✅ 正常           
================================================================================

Epoch 150, Total Loss: 14.8909, Recover Loss: 0.9356, miRNA CL: 7.1681, Disease CL: 6.5075, Inter-view (est): 3.1559, Recon Loss: 0.0288, Time: 165.41s
[INFO] Hypergraph updated at epoch 200

🔧 Epoch 200 梯度检查:
================================================================================

  参数名称                              梯度范数         梯度均值 状态             
  ----------------------------------------------------------------------
  type_relations                0.206802     0.003707 ✅ 正常           
  exist_relation                0.018285     0.000773 ✅ 正常           
  mi_proj_layer0                0.024768     0.000083 ✅ 正常           
  dis_proj_layer0               0.024669     0.000086 ✅ 正常           
================================================================================

Epoch 200, Total Loss: 14.4626, Recover Loss: 0.8938, miRNA CL: 6.9512, Disease CL: 6.3465, Inter-view (est): 3.0687, Recon Loss: 0.0272, Time: 201.17s
[INFO] Hypergraph updated at epoch 250

🔧 Epoch 250 梯度检查:
================================================================================

  参数名称                              梯度范数         梯度均值 状态             
  ----------------------------------------------------------------------
  type_relations                0.184806     0.003353 ✅ 正常           
  exist_relation                0.019517     0.000778 ✅ 正常           
  mi_proj_layer0                0.022573     0.000072 ✅ 正常           
  dis_proj_layer0               0.026836     0.000088 ✅ 正常           
================================================================================

Epoch 250, Total Loss: 14.2176, Recover Loss: 0.8729, miRNA CL: 6.8135, Disease CL: 6.2656, Inter-view (est): 3.0183, Recon Loss: 0.0269, Time: 236.16s
[INFO] Hypergraph updated at epoch 300

🔧 Epoch 300 梯度检查:
================================================================================

  参数名称                              梯度范数         梯度均值 状态             
  ----------------------------------------------------------------------
  type_relations                0.184274     0.003173 ✅ 正常           
  exist_relation                0.014123     0.000547 ✅ 正常           
  mi_proj_layer0                0.021863     0.000068 ✅ 正常           
  dis_proj_layer0               0.027133     0.000086 ✅ 正常           
================================================================================

Epoch 300, Total Loss: 14.0666, Recover Loss: 0.8494, miRNA CL: 6.7364, Disease CL: 6.2197, Inter-view (est): 2.9899, Recon Loss: 0.0264, Time: 271.44s
[INFO] Hypergraph updated at epoch 350

🔧 Epoch 350 梯度检查:
================================================================================

  参数名称                              梯度范数         梯度均值 状态             
  ----------------------------------------------------------------------
  type_relations                0.163013     0.002936 ✅ 正常           
  exist_relation                0.018243     0.000698 ✅ 正常           
  mi_proj_layer0                0.020533     0.000066 ✅ 正常           
  dis_proj_layer0               0.022752     0.000074 ✅ 正常           
================================================================================

Epoch 350, Total Loss: 13.9737, Recover Loss: 0.8304, miRNA CL: 6.6900, Disease CL: 6.1947, Inter-view (est): 2.9734, Recon Loss: 0.0263, Time: 306.74s
[INFO] Hypergraph updated at epoch 400

🔧 Epoch 400 梯度检查:
================================================================================

  参数名称                              梯度范数         梯度均值 状态             
  ----------------------------------------------------------------------
  type_relations                0.158255     0.002780 ✅ 正常           
  exist_relation                0.020887     0.000751 ✅ 正常           
  mi_proj_layer0                0.019467     0.000062 ✅ 正常           
  dis_proj_layer0               0.022850     0.000073 ✅ 正常           
================================================================================

Epoch 400, Total Loss: 13.8930, Recover Loss: 0.8202, miRNA CL: 6.6472, Disease CL: 6.1706, Inter-view (est): 2.9580, Recon Loss: 0.0252, Time: 342.95s
[INFO] Hypergraph updated at epoch 450

🔧 Epoch 450 梯度检查:
================================================================================

  参数名称                              梯度范数         梯度均值 状态             
  ----------------------------------------------------------------------
  type_relations                0.134838     0.002387 ✅ 正常           
  exist_relation                0.015595     0.000581 ✅ 正常           
  mi_proj_layer0                0.018486     0.000056 ✅ 正常           
  dis_proj_layer0               0.020390     0.000063 ✅ 正常           
================================================================================

Epoch 450, Total Loss: 13.8149, Recover Loss: 0.8034, miRNA CL: 6.6103, Disease CL: 6.1481, Inter-view (est): 2.9443, Recon Loss: 0.0256, Time: 378.41s
[INFO] Hypergraph updated at epoch 500

🔧 Epoch 500 梯度检查:
================================================================================

  参数名称                              梯度范数         梯度均值 状态             
  ----------------------------------------------------------------------
  type_relations                0.135862     0.002337 ✅ 正常           
  exist_relation                0.016280     0.000637 ✅ 正常           
  mi_proj_layer0                0.018978     0.000058 ✅ 正常           
  dis_proj_layer0               0.022781     0.000069 ✅ 正常           
================================================================================

Epoch 500, Total Loss: 13.7553, Recover Loss: 0.7970, miRNA CL: 6.5791, Disease CL: 6.1285, Inter-view (est): 2.9325, Recon Loss: 0.0254, Time: 414.49s
[INFO] Hypergraph updated at epoch 550

🔧 Epoch 550 梯度检查:
================================================================================

  参数名称                              梯度范数         梯度均值 状态             
  ----------------------------------------------------------------------
  type_relations                0.136786     0.002352 ✅ 正常           
  exist_relation                0.015100     0.000536 ✅ 正常           
  mi_proj_layer0                0.021236     0.000061 ✅ 正常           
  dis_proj_layer0               0.021824     0.000065 ✅ 正常           
================================================================================

Epoch 550, Total Loss: 13.7116, Recover Loss: 0.7930, miRNA CL: 6.5562, Disease CL: 6.1130, Inter-view (est): 2.9237, Recon Loss: 0.0262, Time: 449.80s
[INFO] Hypergraph updated at epoch 600

🔧 Epoch 600 梯度检查:
================================================================================

  参数名称                              梯度范数         梯度均值 状态             
  ----------------------------------------------------------------------
  type_relations                0.125326     0.002234 ✅ 正常           
  exist_relation                0.016917     0.000628 ✅ 正常           
  mi_proj_layer0                0.019381     0.000058 ✅ 正常           
  dis_proj_layer0               0.020953     0.000065 ✅ 正常           
================================================================================

Epoch 600, Total Loss: 13.6679, Recover Loss: 0.7788, miRNA CL: 6.5404, Disease CL: 6.1024, Inter-view (est): 2.9176, Recon Loss: 0.0245, Time: 485.55s
[INFO] Hypergraph updated at epoch 650

🔧 Epoch 650 梯度检查:
================================================================================

  参数名称                              梯度范数         梯度均值 状态             
  ----------------------------------------------------------------------
  type_relations                0.112521     0.002018 ✅ 正常           
  exist_relation                0.015640     0.000493 ✅ 正常           
  mi_proj_layer0                0.019878     0.000058 ✅ 正常           
  dis_proj_layer0               0.021215     0.000062 ✅ 正常           
================================================================================

Epoch 650, Total Loss: 13.6384, Recover Loss: 0.7749, miRNA CL: 6.5255, Disease CL: 6.0924, Inter-view (est): 2.9118, Recon Loss: 0.0252, Time: 520.55s

================================================================================
Training completed. Running final test...
================================================================================
Fold 1 completed - AUC: 0.9759, Top-1 F1: 0.6148
Fold 1 training time: 521.91 seconds
=== Cross Validation Fold 2/5 ===
Using hidden dimensions: [256, 256] with 4 attention heads
优化模型初始化: miRNA数量 = 495, 疾病数量 = 383
   节点维度: 256 → 128
   类型数量: 4
   Temperature: 2.0 (可学习)
   Loss mode: two_head
   loss_mode=two_head
   exist_weight=0.300, type_weight=0.700

✅ SimplifiedMultiTypeAssociationLoss 初始化 (改进版)
   类别权重 (beta=0.99999): ['0.780', '1.822', '0.977', '0.421']
Original positive index shape: torch.Size([1072, 2])
Original negative index shape: torch.Size([135416, 2])
采样后负样本数量: 10720
🎯 Building TRUE DUAL VIEWS from four different sources...
📊 Data sources loaded:
  Disease semantic: torch.Size([383, 383])
  miRNA functional: torch.Size([495, 495])
  Disease-gene: torch.Size([383, 383])
  miRNA-sequence: torch.Size([495, 495])
🧬 Building miRNA dual-view hypergraphs...
  📊 miRNA View 1 (Sequence): torch.Size([495, 878])
  📊 miRNA View 2 (Function): torch.Size([495, 878])
🦠 Building disease dual-view hypergraphs...
  📊 Disease View 1 (Gene): torch.Size([383, 878])
  📊 Disease View 2 (Semantic): torch.Size([383, 878])
✅ Successfully built TRUE DUAL VIEWS:
   🧬 miRNA: Sequence Features (m_ss.xlsx) vs Functional Similarity (mi_fun_sim_2.0.csv)
   🦠 Disease: Gene Features (d_gs.xlsx) vs Semantic Similarity (dis_sem_sim_2.0.csv)

🔧 Epoch 1 梯度检查:
================================================================================

  参数名称                              梯度范数         梯度均值 状态             
  ----------------------------------------------------------------------
  type_relations                0.063137     0.001774 ✅ 正常           
  exist_relation                0.273630     0.016012 ✅ 正常           
  mi_proj_layer0                0.982281     0.002788 ✅ 正常           
  dis_proj_layer0               0.916449     0.002652 ✅ 正常           
================================================================================

Epoch 1, Total Loss: 20.2464, Recover Loss: 1.1070, miRNA CL: 8.9990, Disease CL: 8.4335, Inter-view (est): 4.0229, Recon Loss: 1.4088, Time: 0.67s
[INFO] Hypergraph updated at epoch 5
[INFO] Hypergraph updated at epoch 10
[INFO] Hypergraph updated at epoch 15
[INFO] Hypergraph updated at epoch 20
[INFO] Hypergraph updated at epoch 25
[INFO] Hypergraph updated at epoch 30
[INFO] Hypergraph updated at epoch 35
[INFO] Hypergraph updated at epoch 40
[INFO] Hypergraph updated at epoch 45
[INFO] Hypergraph updated at epoch 50

🔧 Epoch 50 梯度检查:
================================================================================

  参数名称                              梯度范数         梯度均值 状态             
  ----------------------------------------------------------------------
  type_relations                0.067538     0.001887 ✅ 正常           
  exist_relation                0.017614     0.001030 ✅ 正常           
  mi_proj_layer0                0.023390     0.000085 ✅ 正常           
  dis_proj_layer0               0.026779     0.000093 ✅ 正常           
================================================================================

Epoch 50, Total Loss: 16.8994, Recover Loss: 1.0076, miRNA CL: 7.8925, Disease CL: 7.6188, Inter-view (est): 3.5795, Recon Loss: 0.0986, Time: 87.92s
[INFO] Hypergraph updated at epoch 100

🔧 Epoch 100 梯度检查:
================================================================================

  参数名称                              梯度范数         梯度均值 状态             
  ----------------------------------------------------------------------
  type_relations                0.164670     0.003433 ✅ 正常           
  exist_relation                0.013476     0.000702 ✅ 正常           
  mi_proj_layer0                0.025391     0.000089 ✅ 正常           
  dis_proj_layer0               0.027305     0.000096 ✅ 正常           
================================================================================

Epoch 100, Total Loss: 15.6000, Recover Loss: 0.9789, miRNA CL: 7.4656, Disease CL: 6.8643, Inter-view (est): 3.3069, Recon Loss: 0.0288, Time: 126.02s
[INFO] Hypergraph updated at epoch 150

🔧 Epoch 150 梯度检查:
================================================================================

  参数名称                              梯度范数         梯度均值 状态             
  ----------------------------------------------------------------------
  type_relations                0.210224     0.003904 ✅ 正常           
  exist_relation                0.023302     0.000793 ✅ 正常           
  mi_proj_layer0                0.024124     0.000089 ✅ 正常           
  dis_proj_layer0               0.026426     0.000092 ✅ 正常           
================================================================================

Epoch 150, Total Loss: 14.7907, Recover Loss: 0.9360, miRNA CL: 7.0827, Disease CL: 6.4935, Inter-view (est): 3.1330, Recon Loss: 0.0282, Time: 162.88s
[INFO] Hypergraph updated at epoch 200

🔧 Epoch 200 梯度检查:
================================================================================

  参数名称                              梯度范数         梯度均值 状态             
  ----------------------------------------------------------------------
  type_relations                0.220823     0.004042 ✅ 正常           
  exist_relation                0.034512     0.000947 ✅ 正常           
  mi_proj_layer0                0.024602     0.000084 ✅ 正常           
  dis_proj_layer0               0.025377     0.000085 ✅ 正常           
================================================================================

Epoch 200, Total Loss: 14.4033, Recover Loss: 0.9078, miRNA CL: 6.8823, Disease CL: 6.3427, Inter-view (est): 3.0519, Recon Loss: 0.0273, Time: 200.12s
[INFO] Hypergraph updated at epoch 250

🔧 Epoch 250 梯度检查:
================================================================================

  参数名称                              梯度范数         梯度均值 状态             
  ----------------------------------------------------------------------
  type_relations                0.227249     0.004114 ✅ 正常           
  exist_relation                0.028854     0.000846 ✅ 正常           
  mi_proj_layer0                0.025749     0.000082 ✅ 正常           
  dis_proj_layer0               0.027158     0.000092 ✅ 正常           
================================================================================

Epoch 250, Total Loss: 14.1676, Recover Loss: 0.8694, miRNA CL: 6.7597, Disease CL: 6.2731, Inter-view (est): 3.0076, Recon Loss: 0.0271, Time: 238.34s
[INFO] Hypergraph updated at epoch 300

🔧 Epoch 300 梯度检查:
================================================================================

  参数名称                              梯度范数         梯度均值 状态             
  ----------------------------------------------------------------------
  type_relations                0.189513     0.003354 ✅ 正常           
  exist_relation                0.025149     0.000695 ✅ 正常           
  mi_proj_layer0                0.021366     0.000070 ✅ 正常           
  dis_proj_layer0               0.026483     0.000083 ✅ 正常           
================================================================================

Epoch 300, Total Loss: 13.9995, Recover Loss: 0.8378, miRNA CL: 6.6769, Disease CL: 6.2244, Inter-view (est): 2.9772, Recon Loss: 0.0264, Time: 276.53s
[INFO] Hypergraph updated at epoch 350

🔧 Epoch 350 梯度检查:
================================================================================

  参数名称                              梯度范数         梯度均值 状态             
  ----------------------------------------------------------------------
  type_relations                0.171455     0.002998 ✅ 正常           
  exist_relation                0.026017     0.000748 ✅ 正常           
  mi_proj_layer0                0.021010     0.000065 ✅ 正常           
  dis_proj_layer0               0.022999     0.000075 ✅ 正常           
================================================================================

Epoch 350, Total Loss: 13.8782, Recover Loss: 0.8188, miRNA CL: 6.6178, Disease CL: 6.1854, Inter-view (est): 2.9546, Recon Loss: 0.0259, Time: 313.77s
[INFO] Hypergraph updated at epoch 400

🔧 Epoch 400 梯度检查:
================================================================================

  参数名称                              梯度范数         梯度均值 状态             
  ----------------------------------------------------------------------
  type_relations                0.146332     0.002578 ✅ 正常           
  exist_relation                0.017100     0.000562 ✅ 正常           
  mi_proj_layer0                0.018153     0.000056 ✅ 正常           
  dis_proj_layer0               0.018770     0.000060 ✅ 正常           
================================================================================

Epoch 400, Total Loss: 13.7875, Recover Loss: 0.8058, miRNA CL: 6.5737, Disease CL: 6.1552, Inter-view (est): 2.9375, Recon Loss: 0.0257, Time: 349.32s
[INFO] Hypergraph updated at epoch 450

🔧 Epoch 450 梯度检查:
================================================================================

  参数名称                              梯度范数         梯度均值 状态             
  ----------------------------------------------------------------------
  type_relations                0.146794     0.002674 ✅ 正常           
  exist_relation                0.016421     0.000574 ✅ 正常           
  mi_proj_layer0                0.020009     0.000061 ✅ 正常           
  dis_proj_layer0               0.020862     0.000067 ✅ 正常           
================================================================================

Epoch 450, Total Loss: 13.7426, Recover Loss: 0.7987, miRNA CL: 6.5549, Disease CL: 6.1387, Inter-view (est): 2.9293, Recon Loss: 0.0253, Time: 384.96s
[INFO] Hypergraph updated at epoch 500

🔧 Epoch 500 梯度检查:
================================================================================

  参数名称                              梯度范数         梯度均值 状态             
  ----------------------------------------------------------------------
  type_relations                0.133037     0.002438 ✅ 正常           
  exist_relation                0.017407     0.000658 ✅ 正常           
  mi_proj_layer0                0.017512     0.000056 ✅ 正常           
  dis_proj_layer0               0.019141     0.000060 ✅ 正常           
================================================================================

Epoch 500, Total Loss: 13.7024, Recover Loss: 0.7946, miRNA CL: 6.5355, Disease CL: 6.1250, Inter-view (est): 2.9217, Recon Loss: 0.0239, Time: 419.71s
[INFO] Hypergraph updated at epoch 550

🔧 Epoch 550 梯度检查:
================================================================================

  参数名称                              梯度范数         梯度均值 状态             
  ----------------------------------------------------------------------
  type_relations                0.138822     0.002472 ✅ 正常           
  exist_relation                0.012847     0.000455 ✅ 正常           
  mi_proj_layer0                0.019531     0.000061 ✅ 正常           
  dis_proj_layer0               0.021543     0.000067 ✅ 正常           
================================================================================

Epoch 550, Total Loss: 13.6622, Recover Loss: 0.7886, miRNA CL: 6.5161, Disease CL: 6.1114, Inter-view (est): 2.9140, Recon Loss: 0.0245, Time: 454.51s
[INFO] Hypergraph updated at epoch 600

🔧 Epoch 600 梯度检查:
================================================================================

  参数名称                              梯度范数         梯度均值 状态             
  ----------------------------------------------------------------------
  type_relations                0.112385     0.002039 ✅ 正常           
  exist_relation                0.015629     0.000508 ✅ 正常           
  mi_proj_layer0                0.016729     0.000053 ✅ 正常           
  dis_proj_layer0               0.018981     0.000059 ✅ 正常           
================================================================================

Epoch 600, Total Loss: 13.6173, Recover Loss: 0.7753, miRNA CL: 6.4988, Disease CL: 6.0984, Inter-view (est): 2.9071, Recon Loss: 0.0250, Time: 489.97s
[INFO] Hypergraph updated at epoch 650

🔧 Epoch 650 梯度检查:
================================================================================

  参数名称                              梯度范数         梯度均值 状态             
  ----------------------------------------------------------------------
  type_relations                0.117917     0.002094 ✅ 正常           
  exist_relation                0.015444     0.000556 ✅ 正常           
  mi_proj_layer0                0.018484     0.000057 ✅ 正常           
  dis_proj_layer0               0.021453     0.000064 ✅ 正常           
================================================================================

Epoch 650, Total Loss: 13.5788, Recover Loss: 0.7701, miRNA CL: 6.4805, Disease CL: 6.0860, Inter-view (est): 2.9000, Recon Loss: 0.0242, Time: 524.85s

================================================================================
Training completed. Running final test...
================================================================================
Fold 2 completed - AUC: 0.9754, Top-1 F1: 0.5813
Fold 2 training time: 525.64 seconds
=== Cross Validation Fold 3/5 ===
Using hidden dimensions: [256, 256] with 4 attention heads
优化模型初始化: miRNA数量 = 495, 疾病数量 = 383
   节点维度: 256 → 128
   类型数量: 4
   Temperature: 2.0 (可学习)
   Loss mode: two_head
   loss_mode=two_head
   exist_weight=0.300, type_weight=0.700

✅ SimplifiedMultiTypeAssociationLoss 初始化 (改进版)
   类别权重 (beta=0.99999): ['0.780', '1.822', '0.977', '0.421']
Original positive index shape: torch.Size([1072, 2])
Original negative index shape: torch.Size([135416, 2])
采样后负样本数量: 10720
🎯 Building TRUE DUAL VIEWS from four different sources...
📊 Data sources loaded:
  Disease semantic: torch.Size([383, 383])
  miRNA functional: torch.Size([495, 495])
  Disease-gene: torch.Size([383, 383])
  miRNA-sequence: torch.Size([495, 495])
🧬 Building miRNA dual-view hypergraphs...
  📊 miRNA View 1 (Sequence): torch.Size([495, 878])
  📊 miRNA View 2 (Function): torch.Size([495, 878])
🦠 Building disease dual-view hypergraphs...
  📊 Disease View 1 (Gene): torch.Size([383, 878])
  📊 Disease View 2 (Semantic): torch.Size([383, 878])
✅ Successfully built TRUE DUAL VIEWS:
   🧬 miRNA: Sequence Features (m_ss.xlsx) vs Functional Similarity (mi_fun_sim_2.0.csv)
   🦠 Disease: Gene Features (d_gs.xlsx) vs Semantic Similarity (dis_sem_sim_2.0.csv)

🔧 Epoch 1 梯度检查:
================================================================================

  参数名称                              梯度范数         梯度均值 状态             
  ----------------------------------------------------------------------
  type_relations                0.064034     0.001961 ✅ 正常           
  exist_relation                0.347771     0.018436 ✅ 正常           
  mi_proj_layer0                0.959498     0.002824 ✅ 正常           
  dis_proj_layer0               1.128987     0.003016 ✅ 正常           
================================================================================

Epoch 1, Total Loss: 20.2091, Recover Loss: 1.1098, miRNA CL: 8.9330, Disease CL: 8.4248, Inter-view (est): 4.0056, Recon Loss: 1.4431, Time: 0.69s
[INFO] Hypergraph updated at epoch 5
[INFO] Hypergraph updated at epoch 10
[INFO] Hypergraph updated at epoch 15
[INFO] Hypergraph updated at epoch 20
[INFO] Hypergraph updated at epoch 25
[INFO] Hypergraph updated at epoch 30
[INFO] Hypergraph updated at epoch 35
[INFO] Hypergraph updated at epoch 40
[INFO] Hypergraph updated at epoch 45
[INFO] Hypergraph updated at epoch 50

🔧 Epoch 50 梯度检查:
================================================================================

  参数名称                              梯度范数         梯度均值 状态             
  ----------------------------------------------------------------------
  type_relations                0.081089     0.002141 ✅ 正常           
  exist_relation                0.017421     0.001008 ✅ 正常           
  mi_proj_layer0                0.026360     0.000095 ✅ 正常           
  dis_proj_layer0               0.026551     0.000096 ✅ 正常           
================================================================================

Epoch 50, Total Loss: 16.9250, Recover Loss: 1.0078, miRNA CL: 7.9050, Disease CL: 7.6327, Inter-view (est): 3.5856, Recon Loss: 0.0968, Time: 91.34s
[INFO] Hypergraph updated at epoch 100

🔧 Epoch 100 梯度检查:
================================================================================

  参数名称                              梯度范数         梯度均值 状态             
  ----------------------------------------------------------------------
  type_relations                0.176759     0.003488 ✅ 正常           
  exist_relation                0.015281     0.000690 ✅ 正常           
  mi_proj_layer0                0.025205     0.000086 ✅ 正常           
  dis_proj_layer0               0.026189     0.000090 ✅ 正常           
================================================================================

Epoch 100, Total Loss: 15.7352, Recover Loss: 0.9774, miRNA CL: 7.5572, Disease CL: 6.9077, Inter-view (est): 3.3381, Recon Loss: 0.0298, Time: 127.68s
[INFO] Hypergraph updated at epoch 150

🔧 Epoch 150 梯度检查:
================================================================================

  参数名称                              梯度范数         梯度均值 状态             
  ----------------------------------------------------------------------
  type_relations                0.186919     0.003326 ✅ 正常           
  exist_relation                0.012990     0.000558 ✅ 正常           
  mi_proj_layer0                0.021663     0.000073 ✅ 正常           
  dis_proj_layer0               0.022223     0.000077 ✅ 正常           
================================================================================

Epoch 150, Total Loss: 14.8640, Recover Loss: 0.9383, miRNA CL: 7.1424, Disease CL: 6.5039, Inter-view (est): 3.1492, Recon Loss: 0.0290, Time: 162.76s
[INFO] Hypergraph updated at epoch 200

🔧 Epoch 200 梯度检查:
================================================================================

  参数名称                              梯度范数         梯度均值 状态             
  ----------------------------------------------------------------------
  type_relations                0.212456     0.003484 ✅ 正常           
  exist_relation                0.018756     0.000564 ✅ 正常           
  mi_proj_layer0                0.024587     0.000078 ✅ 正常           
  dis_proj_layer0               0.023250     0.000077 ✅ 正常           
================================================================================

Epoch 200, Total Loss: 14.4272, Recover Loss: 0.9052, miRNA CL: 6.9040, Disease CL: 6.3474, Inter-view (est): 3.0580, Recon Loss: 0.0276, Time: 197.94s
[INFO] Hypergraph updated at epoch 250

🔧 Epoch 250 梯度检查:
================================================================================

  参数名称                              梯度范数         梯度均值 状态             
  ----------------------------------------------------------------------
  type_relations                0.216010     0.003399 ✅ 正常           
  exist_relation                0.018529     0.000742 ✅ 正常           
  mi_proj_layer0                0.022897     0.000076 ✅ 正常           
  dis_proj_layer0               0.022389     0.000076 ✅ 正常           
================================================================================

Epoch 250, Total Loss: 14.1827, Recover Loss: 0.8747, miRNA CL: 6.7734, Disease CL: 6.2693, Inter-view (est): 3.0099, Recon Loss: 0.0273, Time: 232.62s
[INFO] Hypergraph updated at epoch 300

🔧 Epoch 300 梯度检查:
================================================================================

  参数名称                              梯度范数         梯度均值 状态             
  ----------------------------------------------------------------------
  type_relations                0.178767     0.003027 ✅ 正常           
  exist_relation                0.019298     0.000722 ✅ 正常           
  mi_proj_layer0                0.016951     0.000058 ✅ 正常           
  dis_proj_layer0               0.020051     0.000067 ✅ 正常           
================================================================================

Epoch 300, Total Loss: 14.0161, Recover Loss: 0.8479, miRNA CL: 6.6888, Disease CL: 6.2194, Inter-view (est): 2.9788, Recon Loss: 0.0261, Time: 268.06s
[INFO] Hypergraph updated at epoch 350

🔧 Epoch 350 梯度检查:
================================================================================

  参数名称                              梯度范数         梯度均值 状态             
  ----------------------------------------------------------------------
  type_relations                0.155827     0.002769 ✅ 正常           
  exist_relation                0.019127     0.000690 ✅ 正常           
  mi_proj_layer0                0.017782     0.000061 ✅ 正常           
  dis_proj_layer0               0.021070     0.000072 ✅ 正常           
================================================================================

Epoch 350, Total Loss: 13.9255, Recover Loss: 0.8342, miRNA CL: 6.6461, Disease CL: 6.1885, Inter-view (est): 2.9618, Recon Loss: 0.0259, Time: 303.22s
[INFO] Hypergraph updated at epoch 400

🔧 Epoch 400 梯度检查:
================================================================================

  参数名称                              梯度范数         梯度均值 状态             
  ----------------------------------------------------------------------
  type_relations                0.154363     0.002750 ✅ 正常           
  exist_relation                0.017531     0.000667 ✅ 正常           
  mi_proj_layer0                0.016493     0.000055 ✅ 正常           
  dis_proj_layer0               0.020175     0.000066 ✅ 正常           
================================================================================

Epoch 400, Total Loss: 13.8553, Recover Loss: 0.8226, miRNA CL: 6.6127, Disease CL: 6.1662, Inter-view (est): 2.9490, Recon Loss: 0.0253, Time: 338.40s
[INFO] Hypergraph updated at epoch 450

🔧 Epoch 450 梯度检查:
================================================================================

  参数名称                              梯度范数         梯度均值 状态             
  ----------------------------------------------------------------------
  type_relations                0.140533     0.002546 ✅ 正常           
  exist_relation                0.013265     0.000475 ✅ 正常           
  mi_proj_layer0                0.020685     0.000064 ✅ 正常           
  dis_proj_layer0               0.021408     0.000068 ✅ 正常           
================================================================================

Epoch 450, Total Loss: 13.7818, Recover Loss: 0.8054, miRNA CL: 6.5805, Disease CL: 6.1447, Inter-view (est): 2.9366, Recon Loss: 0.0252, Time: 373.58s
[INFO] Hypergraph updated at epoch 500

🔧 Epoch 500 梯度检查:
================================================================================

  参数名称                              梯度范数         梯度均值 状态             
  ----------------------------------------------------------------------
  type_relations                0.129363     0.002308 ✅ 正常           
  exist_relation                0.009877     0.000447 ✅ 正常           
  mi_proj_layer0                0.015883     0.000052 ✅ 正常           
  dis_proj_layer0               0.018888     0.000060 ✅ 正常           
================================================================================

Epoch 500, Total Loss: 13.7347, Recover Loss: 0.7973, miRNA CL: 6.5608, Disease CL: 6.1277, Inter-view (est): 2.9281, Recon Loss: 0.0251, Time: 408.35s
[INFO] Hypergraph updated at epoch 550

🔧 Epoch 550 梯度检查:
================================================================================

  参数名称                              梯度范数         梯度均值 状态             
  ----------------------------------------------------------------------
  type_relations                0.113957     0.002011 ✅ 正常           
  exist_relation                0.015882     0.000506 ✅ 正常           
  mi_proj_layer0                0.015265     0.000049 ✅ 正常           
  dis_proj_layer0               0.017631     0.000056 ✅ 正常           
================================================================================

Epoch 550, Total Loss: 13.6992, Recover Loss: 0.7902, miRNA CL: 6.5455, Disease CL: 6.1159, Inter-view (est): 2.9219, Recon Loss: 0.0253, Time: 443.97s
[INFO] Hypergraph updated at epoch 600

🔧 Epoch 600 梯度检查:
================================================================================

  参数名称                              梯度范数         梯度均值 状态             
  ----------------------------------------------------------------------
  type_relations                0.110574     0.001933 ✅ 正常           
  exist_relation                0.014851     0.000502 ✅ 正常           
  mi_proj_layer0                0.019786     0.000056 ✅ 正常           
  dis_proj_layer0               0.017855     0.000054 ✅ 正常           
================================================================================

Epoch 600, Total Loss: 13.6564, Recover Loss: 0.7793, miRNA CL: 6.5279, Disease CL: 6.1037, Inter-view (est): 2.9150, Recon Loss: 0.0250, Time: 479.13s
[INFO] Hypergraph updated at epoch 650

🔧 Epoch 650 梯度检查:
================================================================================

  参数名称                              梯度范数         梯度均值 状态             
  ----------------------------------------------------------------------
  type_relations                0.114513     0.001995 ✅ 正常           
  exist_relation                0.015357     0.000558 ✅ 正常           
  mi_proj_layer0                0.014971     0.000048 ✅ 正常           
  dis_proj_layer0               0.017519     0.000055 ✅ 正常           
================================================================================

Epoch 650, Total Loss: 13.6226, Recover Loss: 0.7767, miRNA CL: 6.5113, Disease CL: 6.0917, Inter-view (est): 2.9084, Recon Loss: 0.0241, Time: 514.21s

================================================================================
Training completed. Running final test...
================================================================================
Fold 3 completed - AUC: 0.9773, Top-1 F1: 0.5684
Fold 3 training time: 515.01 seconds
=== Cross Validation Fold 4/5 ===
Using hidden dimensions: [256, 256] with 4 attention heads
优化模型初始化: miRNA数量 = 495, 疾病数量 = 383
   节点维度: 256 → 128
   类型数量: 4
   Temperature: 2.0 (可学习)
   Loss mode: two_head
   loss_mode=two_head
   exist_weight=0.300, type_weight=0.700

✅ SimplifiedMultiTypeAssociationLoss 初始化 (改进版)
   类别权重 (beta=0.99999): ['0.780', '1.822', '0.977', '0.421']
Original positive index shape: torch.Size([1072, 2])
Original negative index shape: torch.Size([135416, 2])
采样后负样本数量: 10720
🎯 Building TRUE DUAL VIEWS from four different sources...
📊 Data sources loaded:
  Disease semantic: torch.Size([383, 383])
  miRNA functional: torch.Size([495, 495])
  Disease-gene: torch.Size([383, 383])
  miRNA-sequence: torch.Size([495, 495])
🧬 Building miRNA dual-view hypergraphs...
  📊 miRNA View 1 (Sequence): torch.Size([495, 878])
  📊 miRNA View 2 (Function): torch.Size([495, 878])
🦠 Building disease dual-view hypergraphs...
  📊 Disease View 1 (Gene): torch.Size([383, 878])
  📊 Disease View 2 (Semantic): torch.Size([383, 878])
✅ Successfully built TRUE DUAL VIEWS:
   🧬 miRNA: Sequence Features (m_ss.xlsx) vs Functional Similarity (mi_fun_sim_2.0.csv)
   🦠 Disease: Gene Features (d_gs.xlsx) vs Semantic Similarity (dis_sem_sim_2.0.csv)

🔧 Epoch 1 梯度检查:
================================================================================

  参数名称                              梯度范数         梯度均值 状态             
  ----------------------------------------------------------------------
  type_relations                0.053331     0.001661 ✅ 正常           
  exist_relation                0.171874     0.010312 ✅ 正常           
  mi_proj_layer0                0.480053     0.001455 ✅ 正常           
  dis_proj_layer0               0.652423     0.002016 ✅ 正常           
================================================================================

Epoch 1, Total Loss: 20.1832, Recover Loss: 1.0702, miRNA CL: 8.9433, Disease CL: 8.4393, Inter-view (est): 4.0114, Recon Loss: 1.4322, Time: 0.68s
[INFO] Hypergraph updated at epoch 5
[INFO] Hypergraph updated at epoch 10
[INFO] Hypergraph updated at epoch 15
[INFO] Hypergraph updated at epoch 20
[INFO] Hypergraph updated at epoch 25
[INFO] Hypergraph updated at epoch 30
[INFO] Hypergraph updated at epoch 35
[INFO] Hypergraph updated at epoch 40
[INFO] Hypergraph updated at epoch 45
[INFO] Hypergraph updated at epoch 50

🔧 Epoch 50 梯度检查:
================================================================================

  参数名称                              梯度范数         梯度均值 状态             
  ----------------------------------------------------------------------
  type_relations                0.072182     0.001878 ✅ 正常           
  exist_relation                0.011352     0.000749 ✅ 正常           
  mi_proj_layer0                0.019556     0.000073 ✅ 正常           
  dis_proj_layer0               0.023408     0.000085 ✅ 正常           
================================================================================

Epoch 50, Total Loss: 16.8958, Recover Loss: 1.0073, miRNA CL: 7.9112, Disease CL: 7.6091, Inter-view (est): 3.5816, Recon Loss: 0.0864, Time: 92.56s
[INFO] Hypergraph updated at epoch 100

🔧 Epoch 100 梯度检查:
================================================================================

  参数名称                              梯度范数         梯度均值 状态             
  ----------------------------------------------------------------------
  type_relations                0.162899     0.003348 ✅ 正常           
  exist_relation                0.022570     0.000901 ✅ 正常           
  mi_proj_layer0                0.024212     0.000085 ✅ 正常           
  dis_proj_layer0               0.029404     0.000104 ✅ 正常           
================================================================================

Epoch 100, Total Loss: 15.6796, Recover Loss: 0.9794, miRNA CL: 7.5573, Disease CL: 6.8516, Inter-view (est): 3.3251, Recon Loss: 0.0298, Time: 128.53s
[INFO] Hypergraph updated at epoch 150

🔧 Epoch 150 梯度检查:
================================================================================

  参数名称                              梯度范数         梯度均值 状态             
  ----------------------------------------------------------------------
  type_relations                0.180432     0.003268 ✅ 正常           
  exist_relation                0.011638     0.000553 ✅ 正常           
  mi_proj_layer0                0.021132     0.000074 ✅ 正常           
  dis_proj_layer0               0.024142     0.000082 ✅ 正常           
================================================================================

Epoch 150, Total Loss: 14.8689, Recover Loss: 0.9389, miRNA CL: 7.1705, Disease CL: 6.4821, Inter-view (est): 3.1506, Recon Loss: 0.0290, Time: 163.69s
[INFO] Hypergraph updated at epoch 200

🔧 Epoch 200 梯度检查:
================================================================================

  参数名称                              梯度范数         梯度均值 状态             
  ----------------------------------------------------------------------
  type_relations                0.198159     0.003559 ✅ 正常           
  exist_relation                0.016544     0.000616 ✅ 正常           
  mi_proj_layer0                0.021650     0.000076 ✅ 正常           
  dis_proj_layer0               0.025434     0.000084 ✅ 正常           
================================================================================

Epoch 200, Total Loss: 14.5079, Recover Loss: 0.9091, miRNA CL: 6.9698, Disease CL: 6.3598, Inter-view (est): 3.0761, Recon Loss: 0.0275, Time: 198.62s
[INFO] Hypergraph updated at epoch 250

🔧 Epoch 250 梯度检查:
================================================================================

  参数名称                              梯度范数         梯度均值 状态             
  ----------------------------------------------------------------------
  type_relations                0.217921     0.003915 ✅ 正常           
  exist_relation                0.015823     0.000627 ✅ 正常           
  mi_proj_layer0                0.020348     0.000069 ✅ 正常           
  dis_proj_layer0               0.024226     0.000083 ✅ 正常           
================================================================================

Epoch 250, Total Loss: 14.2896, Recover Loss: 0.8804, miRNA CL: 6.8544, Disease CL: 6.2898, Inter-view (est): 3.0333, Recon Loss: 0.0274, Time: 232.71s
[INFO] Hypergraph updated at epoch 300

🔧 Epoch 300 梯度检查:
================================================================================

  参数名称                              梯度范数         梯度均值 状态             
  ----------------------------------------------------------------------
  type_relations                0.193484     0.003627 ✅ 正常           
  exist_relation                0.022157     0.000750 ✅ 正常           
  mi_proj_layer0                0.020529     0.000071 ✅ 正常           
  dis_proj_layer0               0.025230     0.000082 ✅ 正常           
================================================================================

Epoch 300, Total Loss: 14.1567, Recover Loss: 0.8616, miRNA CL: 6.7845, Disease CL: 6.2493, Inter-view (est): 3.0078, Recon Loss: 0.0268, Time: 268.04s
[INFO] Hypergraph updated at epoch 350

🔧 Epoch 350 梯度检查:
================================================================================

  参数名称                              梯度范数         梯度均值 状态             
  ----------------------------------------------------------------------
  type_relations                0.171222     0.003088 ✅ 正常           
  exist_relation                0.019698     0.000780 ✅ 正常           
  mi_proj_layer0                0.017912     0.000061 ✅ 正常           
  dis_proj_layer0               0.021195     0.000072 ✅ 正常           
================================================================================

Epoch 350, Total Loss: 14.0564, Recover Loss: 0.8410, miRNA CL: 6.7344, Disease CL: 6.2221, Inter-view (est): 2.9900, Recon Loss: 0.0266, Time: 303.62s
[INFO] Hypergraph updated at epoch 400

🔧 Epoch 400 梯度检查:
================================================================================

  参数名称                              梯度范数         梯度均值 状态             
  ----------------------------------------------------------------------
  type_relations                0.182100     0.003146 ✅ 正常           
  exist_relation                0.019137     0.000708 ✅ 正常           
  mi_proj_layer0                0.020621     0.000066 ✅ 正常           
  dis_proj_layer0               0.022272     0.000073 ✅ 正常           
================================================================================

Epoch 400, Total Loss: 13.9753, Recover Loss: 0.8327, miRNA CL: 6.6893, Disease CL: 6.1973, Inter-view (est): 2.9738, Recon Loss: 0.0261, Time: 338.26s
[INFO] Hypergraph updated at epoch 450

🔧 Epoch 450 梯度检查:
================================================================================

  参数名称                              梯度范数         梯度均值 状态             
  ----------------------------------------------------------------------
  type_relations                0.162298     0.002886 ✅ 正常           
  exist_relation                0.025393     0.000951 ✅ 正常           
  mi_proj_layer0                0.018565     0.000061 ✅ 正常           
  dis_proj_layer0               0.020828     0.000070 ✅ 正常           
================================================================================

Epoch 450, Total Loss: 13.8918, Recover Loss: 0.8153, miRNA CL: 6.6487, Disease CL: 6.1742, Inter-view (est): 2.9591, Recon Loss: 0.0260, Time: 373.00s
[INFO] Hypergraph updated at epoch 500

🔧 Epoch 500 梯度检查:
================================================================================

  参数名称                              梯度范数         梯度均值 状态             
  ----------------------------------------------------------------------
  type_relations                0.150085     0.002608 ✅ 正常           
  exist_relation                0.029623     0.000970 ✅ 正常           
  mi_proj_layer0                0.017212     0.000053 ✅ 正常           
  dis_proj_layer0               0.019393     0.000061 ✅ 正常           
================================================================================

Epoch 500, Total Loss: 13.8249, Recover Loss: 0.8080, miRNA CL: 6.6134, Disease CL: 6.1528, Inter-view (est): 2.9461, Recon Loss: 0.0254, Time: 407.13s
[INFO] Hypergraph updated at epoch 550

🔧 Epoch 550 梯度检查:
================================================================================

  参数名称                              梯度范数         梯度均值 状态             
  ----------------------------------------------------------------------
  type_relations                0.131475     0.002339 ✅ 正常           
  exist_relation                0.017177     0.000677 ✅ 正常           
  mi_proj_layer0                0.017148     0.000054 ✅ 正常           
  dis_proj_layer0               0.018363     0.000058 ✅ 正常           
================================================================================

Epoch 550, Total Loss: 13.7615, Recover Loss: 0.7967, miRNA CL: 6.5836, Disease CL: 6.1334, Inter-view (est): 2.9347, Recon Loss: 0.0249, Time: 441.48s
[INFO] Hypergraph updated at epoch 600

🔧 Epoch 600 梯度检查:
================================================================================

  参数名称                              梯度范数         梯度均值 状态             
  ----------------------------------------------------------------------
  type_relations                0.124560     0.002252 ✅ 正常           
  exist_relation                0.016668     0.000655 ✅ 正常           
  mi_proj_layer0                0.016489     0.000050 ✅ 正常           
  dis_proj_layer0               0.017610     0.000057 ✅ 正常           
================================================================================

Epoch 600, Total Loss: 13.7116, Recover Loss: 0.7919, miRNA CL: 6.5573, Disease CL: 6.1162, Inter-view (est): 2.9247, Recon Loss: 0.0253, Time: 475.93s
[INFO] Hypergraph updated at epoch 650

🔧 Epoch 650 梯度检查:
================================================================================

  参数名称                              梯度范数         梯度均值 状态             
  ----------------------------------------------------------------------
  type_relations                0.111545     0.001963 ✅ 正常           
  exist_relation                0.017673     0.000693 ✅ 正常           
  mi_proj_layer0                0.017727     0.000051 ✅ 正常           
  dis_proj_layer0               0.015472     0.000050 ✅ 正常           
================================================================================

Epoch 650, Total Loss: 13.6668, Recover Loss: 0.7878, miRNA CL: 6.5339, Disease CL: 6.1011, Inter-view (est): 2.9158, Recon Loss: 0.0253, Time: 510.68s

================================================================================
Training completed. Running final test...
================================================================================
Fold 4 completed - AUC: 0.9745, Top-1 F1: 0.5908
Fold 4 training time: 511.49 seconds
=== Cross Validation Fold 5/5 ===
Using hidden dimensions: [256, 256] with 4 attention heads
优化模型初始化: miRNA数量 = 495, 疾病数量 = 383
   节点维度: 256 → 128
   类型数量: 4
   Temperature: 2.0 (可学习)
   Loss mode: two_head
   loss_mode=two_head
   exist_weight=0.300, type_weight=0.700

✅ SimplifiedMultiTypeAssociationLoss 初始化 (改进版)
   类别权重 (beta=0.99999): ['0.780', '1.822', '0.977', '0.421']
Original positive index shape: torch.Size([1072, 2])
Original negative index shape: torch.Size([135416, 2])
采样后负样本数量: 10720
🎯 Building TRUE DUAL VIEWS from four different sources...
📊 Data sources loaded:
  Disease semantic: torch.Size([383, 383])
  miRNA functional: torch.Size([495, 495])
  Disease-gene: torch.Size([383, 383])
  miRNA-sequence: torch.Size([495, 495])
🧬 Building miRNA dual-view hypergraphs...
  📊 miRNA View 1 (Sequence): torch.Size([495, 878])
  📊 miRNA View 2 (Function): torch.Size([495, 878])
🦠 Building disease dual-view hypergraphs...
  📊 Disease View 1 (Gene): torch.Size([383, 878])
  📊 Disease View 2 (Semantic): torch.Size([383, 878])
✅ Successfully built TRUE DUAL VIEWS:
   🧬 miRNA: Sequence Features (m_ss.xlsx) vs Functional Similarity (mi_fun_sim_2.0.csv)
   🦠 Disease: Gene Features (d_gs.xlsx) vs Semantic Similarity (dis_sem_sim_2.0.csv)

🔧 Epoch 1 梯度检查:
================================================================================

  参数名称                              梯度范数         梯度均值 状态             
  ----------------------------------------------------------------------
  type_relations                0.062968     0.001913 ✅ 正常           
  exist_relation                0.269177     0.014686 ✅ 正常           
  mi_proj_layer0                1.275202     0.002853 ✅ 正常           
  dis_proj_layer0               1.040931     0.002954 ✅ 正常           
================================================================================

Epoch 1, Total Loss: 20.3353, Recover Loss: 1.1136, miRNA CL: 9.0354, Disease CL: 8.4283, Inter-view (est): 4.0301, Recon Loss: 1.4598, Time: 0.70s
[INFO] Hypergraph updated at epoch 5
[INFO] Hypergraph updated at epoch 10
[INFO] Hypergraph updated at epoch 15
[INFO] Hypergraph updated at epoch 20
[INFO] Hypergraph updated at epoch 25
[INFO] Hypergraph updated at epoch 30
[INFO] Hypergraph updated at epoch 35
[INFO] Hypergraph updated at epoch 40
[INFO] Hypergraph updated at epoch 45
[INFO] Hypergraph updated at epoch 50

🔧 Epoch 50 梯度检查:
================================================================================

  参数名称                              梯度范数         梯度均值 状态             
  ----------------------------------------------------------------------
  type_relations                0.089522     0.002194 ✅ 正常           
  exist_relation                0.014305     0.000926 ✅ 正常           
  mi_proj_layer0                0.025826     0.000092 ✅ 正常           
  dis_proj_layer0               0.025636     0.000092 ✅ 正常           
================================================================================

Epoch 50, Total Loss: 16.9481, Recover Loss: 1.0040, miRNA CL: 7.9157, Disease CL: 7.6324, Inter-view (est): 3.5880, Recon Loss: 0.1135, Time: 98.70s
[INFO] Hypergraph updated at epoch 100

🔧 Epoch 100 梯度检查:
================================================================================

  参数名称                              梯度范数         梯度均值 状态             
  ----------------------------------------------------------------------
  type_relations                0.147518     0.002852 ✅ 正常           
  exist_relation                0.013976     0.000612 ✅ 正常           
  mi_proj_layer0                0.022063     0.000080 ✅ 正常           
  dis_proj_layer0               0.024503     0.000084 ✅ 正常           
================================================================================

Epoch 100, Total Loss: 15.6837, Recover Loss: 0.9728, miRNA CL: 7.5453, Disease CL: 6.8706, Inter-view (est): 3.3268, Recon Loss: 0.0311, Time: 135.49s
[INFO] Hypergraph updated at epoch 150

🔧 Epoch 150 梯度检查:
================================================================================

  参数名称                              梯度范数         梯度均值 状态             
  ----------------------------------------------------------------------
  type_relations                0.166683     0.003173 ✅ 正常           
  exist_relation                0.020253     0.000822 ✅ 正常           
  mi_proj_layer0                0.021351     0.000078 ✅ 正常           
  dis_proj_layer0               0.024856     0.000082 ✅ 正常           
================================================================================

Epoch 150, Total Loss: 14.9089, Recover Loss: 0.9417, miRNA CL: 7.1518, Disease CL: 6.5346, Inter-view (est): 3.1584, Recon Loss: 0.0295, Time: 170.01s
[INFO] Hypergraph updated at epoch 200

🔧 Epoch 200 梯度检查:
================================================================================

  参数名称                              梯度范数         梯度均值 状态             
  ----------------------------------------------------------------------
  type_relations                0.182690     0.003582 ✅ 正常           
  exist_relation                0.023318     0.000868 ✅ 正常           
  mi_proj_layer0                0.023219     0.000081 ✅ 正常           
  dis_proj_layer0               0.024311     0.000086 ✅ 正常           
================================================================================

Epoch 200, Total Loss: 14.4672, Recover Loss: 0.9061, miRNA CL: 6.9257, Disease CL: 6.3634, Inter-view (est): 3.0667, Recon Loss: 0.0284, Time: 204.86s
[INFO] Hypergraph updated at epoch 250

🔧 Epoch 250 梯度检查:
================================================================================

  参数名称                              梯度范数         梯度均值 状态             
  ----------------------------------------------------------------------
  type_relations                0.164246     0.003136 ✅ 正常           
  exist_relation                0.020592     0.000800 ✅ 正常           
  mi_proj_layer0                0.021225     0.000072 ✅ 正常           
  dis_proj_layer0               0.021978     0.000077 ✅ 正常           
================================================================================

Epoch 250, Total Loss: 14.2017, Recover Loss: 0.8653, miRNA CL: 6.7929, Disease CL: 6.2781, Inter-view (est): 3.0164, Recon Loss: 0.0270, Time: 239.50s
[INFO] Hypergraph updated at epoch 300

🔧 Epoch 300 梯度检查:
================================================================================

  参数名称                              梯度范数         梯度均值 状态             
  ----------------------------------------------------------------------
  type_relations                0.176351     0.003431 ✅ 正常           
  exist_relation                0.020409     0.000746 ✅ 正常           
  mi_proj_layer0                0.019864     0.000069 ✅ 正常           
  dis_proj_layer0               0.024261     0.000080 ✅ 正常           
================================================================================

Epoch 300, Total Loss: 14.0278, Recover Loss: 0.8441, miRNA CL: 6.7024, Disease CL: 6.2202, Inter-view (est): 2.9821, Recon Loss: 0.0272, Time: 274.37s
[INFO] Hypergraph updated at epoch 350

🔧 Epoch 350 梯度检查:
================================================================================

  参数名称                              梯度范数         梯度均值 状态             
  ----------------------------------------------------------------------
  type_relations                0.159962     0.003013 ✅ 正常           
  exist_relation                0.014220     0.000602 ✅ 正常           
  mi_proj_layer0                0.017265     0.000059 ✅ 正常           
  dis_proj_layer0               0.021545     0.000073 ✅ 正常           
================================================================================

Epoch 350, Total Loss: 13.9189, Recover Loss: 0.8220, miRNA CL: 6.6531, Disease CL: 6.1865, Inter-view (est): 2.9630, Recon Loss: 0.0266, Time: 309.02s
[INFO] Hypergraph updated at epoch 400

🔧 Epoch 400 梯度检查:
================================================================================

  参数名称                              梯度范数         梯度均值 状态             
  ----------------------------------------------------------------------
  type_relations                0.152590     0.002814 ✅ 正常           
  exist_relation                0.020966     0.000757 ✅ 正常           
  mi_proj_layer0                0.016922     0.000056 ✅ 正常           
  dis_proj_layer0               0.022375     0.000071 ✅ 正常           
================================================================================

Epoch 400, Total Loss: 13.8457, Recover Loss: 0.8094, miRNA CL: 6.6177, Disease CL: 6.1642, Inter-view (est): 2.9497, Recon Loss: 0.0263, Time: 343.43s
[INFO] Hypergraph updated at epoch 450

🔧 Epoch 450 梯度检查:
================================================================================

  参数名称                              梯度范数         梯度均值 状态             
  ----------------------------------------------------------------------
  type_relations                0.131059     0.002368 ✅ 正常           
  exist_relation                0.019337     0.000705 ✅ 正常           
  mi_proj_layer0                0.015560     0.000052 ✅ 正常           
  dis_proj_layer0               0.017843     0.000059 ✅ 正常           
================================================================================

Epoch 450, Total Loss: 13.7744, Recover Loss: 0.7914, miRNA CL: 6.5876, Disease CL: 6.1444, Inter-view (est): 2.9381, Recon Loss: 0.0253, Time: 378.42s
[INFO] Hypergraph updated at epoch 500

🔧 Epoch 500 梯度检查:
================================================================================

  参数名称                              梯度范数         梯度均值 状态             
  ----------------------------------------------------------------------
  type_relations                0.113845     0.002129 ✅ 正常           
  exist_relation                0.015333     0.000587 ✅ 正常           
  mi_proj_layer0                0.016780     0.000053 ✅ 正常           
  dis_proj_layer0               0.018757     0.000061 ✅ 正常           
================================================================================

Epoch 500, Total Loss: 13.7193, Recover Loss: 0.7862, miRNA CL: 6.5586, Disease CL: 6.1259, Inter-view (est): 2.9272, Recon Loss: 0.0252, Time: 413.84s
[INFO] Hypergraph updated at epoch 550

🔧 Epoch 550 梯度检查:
================================================================================

  参数名称                              梯度范数         梯度均值 状态             
  ----------------------------------------------------------------------
  type_relations                0.128350     0.002322 ✅ 正常           
  exist_relation                0.012712     0.000535 ✅ 正常           
  mi_proj_layer0                0.017623     0.000056 ✅ 正常           
  dis_proj_layer0               0.022521     0.000068 ✅ 正常           
================================================================================

Epoch 550, Total Loss: 13.6710, Recover Loss: 0.7827, miRNA CL: 6.5333, Disease CL: 6.1093, Inter-view (est): 2.9175, Recon Loss: 0.0247, Time: 449.43s
[INFO] Hypergraph updated at epoch 600

🔧 Epoch 600 梯度检查:
================================================================================

  参数名称                              梯度范数         梯度均值 状态             
  ----------------------------------------------------------------------
  type_relations                0.098331     0.001793 ✅ 正常           
  exist_relation                0.012586     0.000485 ✅ 正常           
  mi_proj_layer0                0.015778     0.000050 ✅ 正常           
  dis_proj_layer0               0.019214     0.000060 ✅ 正常           
================================================================================

Epoch 600, Total Loss: 13.6283, Recover Loss: 0.7692, miRNA CL: 6.5191, Disease CL: 6.0960, Inter-view (est): 2.9112, Recon Loss: 0.0249, Time: 484.46s
[INFO] Hypergraph updated at epoch 650

🔧 Epoch 650 梯度检查:
================================================================================

  参数名称                              梯度范数         梯度均值 状态             
  ----------------------------------------------------------------------
  type_relations                0.113947     0.002076 ✅ 正常           
  exist_relation                0.014547     0.000559 ✅ 正常           
  mi_proj_layer0                0.018774     0.000054 ✅ 正常           
  dis_proj_layer0               0.019793     0.000061 ✅ 正常           
================================================================================

Epoch 650, Total Loss: 13.6017, Recover Loss: 0.7696, miRNA CL: 6.5040, Disease CL: 6.0861, Inter-view (est): 2.9054, Recon Loss: 0.0244, Time: 519.48s

================================================================================
Training completed. Running final test...
================================================================================
Fold 5 completed - AUC: 0.9782, Top-1 F1: 0.6069
Fold 5 training time: 520.33 seconds
Average binary metrics across folds: [[0.97628258 0.97094148 0.93379335 0.93126866 0.96835821 0.8941791
  0.902191  ]]
🎯 Average Top-1 metrics across folds: {'top1_precision': 0.5701492537313433, 'top1_recall': np.float64(0.6166725284274919), 'top1_f1': np.float64(0.5924437696640215)}

📊 CV_type Style Metrics Details:
  AUC            : 0.9763
  AUPR           : 0.9709
  F1             : 0.9338
  Accuracy       : 0.9313
  Recall         : 0.9684
  Specificity    : 0.8942
  Precision      : 0.9022

🎯 Top-1 Metrics Details:
  top1_precision : 0.5701
  top1_recall    : 0.6167
  top1_f1        : 0.5924

Total execution time: 2595.11 seconds

==========================================================================================
🎯 FINAL COMPREHENSIVE RESULTS WITH TOP-1 METRICS
==========================================================================================
📊 Binary Classification Metrics (Original):
  AUC: 0.9763
  AUPR: 0.9709
  F1: 0.9338
  Accuracy: 0.9313
  Recall: 0.9684
  Specificity: 0.8942
  Precision: 0.9022

🎯 CV_type Style Metrics (Enhanced):
  AUC: 0.9763
  AUPR: 0.9709
  F1: 0.9338
  Accuracy: 0.9313
  Recall: 0.9684
  Specificity: 0.8942
  Precision: 0.9022

🏆 Top-1 Metrics (NEW):
  Top-1 Precision: 0.5701
  Top-1 Recall: 0.6167
  Top-1 F1: 0.5924
==========================================================================================

K_neigs=5 (seed=1)
[CPU] torch.set_num_threads(14), interop=min(4, 14)
Using device: cpu
[INFO] Auto-computed BALANCED class weights (to prevent class collapse):
  Circulation  (367 samples): 0.780
  Epigenetics  (157 samples): 1.823
  Target       (293 samples): 0.977
  Genetics     (681 samples): 0.420
  [NOTE] Higher weights for minority classes to prevent model from only predicting majority class
[INFO] Using v2.0_495m383D dataset:
  miRNAs: 495
  Diseases: 383
  Expected associations: ~1498
  Types: 4 (Circulation, Epigenetics, Target, Genetics)

================================================================================
Configuration Summary
================================================================================
Dataset: v2.0_495m383D
Data Path: ./
Model: HeterogenousGraphCLAMIR
  - HGT Layers: 2
  - Attention Heads: 4
  - Association Types: 4
  - Inter-view CL: Enabled
    - Weight: 0.3
    - Temperature: 0.5
    - Margin: 0.5

Training:
  - Epochs: 650
  - Learning Rate: 0.0001
  - Dropout: 0.3
  - Weight Decay: 5e-05
  - Focal Loss: Enabled

Evaluation:
  - Cross-Validation Folds: 5
  - Primary Metric: AUPR

Device: cpu
Random Seed: 1
================================================================================

[SEED] Re-seeded với args.seed = 1
🚀 Running with comprehensive evaluation including Top-1 metrics...
🎯 Loading dual-view data...
Starting dual-view data preparation with new file format...
Loading all similarity and feature files from v2.0_495m383D...
✅ Loaded disease semantic similarity from D_SSM1.txt: (383, 383)
✅ Loaded miRNA functional similarity from M_FSM.txt: (495, 495)
✅ Loaded multi-type association pairs from ./v2.0_495m383D\multi_all_mirna_disease_pairs_without_negative.csv: (1679, 3)
✅ Created multi-type association matrix: (495, 383)
📊 Multi-type Association Statistics:
   无关联 (No association): 188087 pairs (99.21%)
   循环类型 (Circulation): 367 pairs (0.19%)
   表观遗传学 (Epigenetics): 157 pairs (0.08%)
   靶标类型 (Target): 293 pairs (0.15%)
   遗传学类型 (Genetics): 681 pairs (0.36%)
✅ Created association matrix from CSV: (495, 383)
✅ Loaded disease-gene features from D_SSM2.txt: torch.Size([383, 383])
✅ Loaded miRNA-sequence features from M_GSM.txt: torch.Size([495, 495])
Processing integrated similarity matrices...
Loaded similarity matrices from cache
Processing indices...
Loaded indices from cache (seed=1)
✅ Dual-view data preparation completed in 0.39 seconds

============================================================
🎯 DUAL-VIEW CONFIGURATION SUMMARY (v2.0_495m383D)
============================================================
miRNA Dual Views:
  📊 View 1 (Sequence): M_GSM.txt torch.Size([495, 495])
  📊 View 2 (Function): M_FSM.txt torch.Size([495, 495])

Disease Dual Views:
  📊 View 1 (Gene): D_SSM2.txt torch.Size([383, 383])
  📊 View 2 (Semantic): D_SSM1.txt torch.Size([383, 383])

Association Matrix: torch.Size([495, 383])
Data source: v2.0_495m383D (495 miRNAs × 383 Diseases)
============================================================
Preloading dual-view data to device...
✅ Loaded disease-gene features to device: torch.Size([383, 383])
✅ Loaded miRNA-sequence features to device: torch.Size([495, 495])
✅ Loaded disease semantic similarity to device: torch.Size([383, 383])
✅ Loaded miRNA functional similarity to device: torch.Size([495, 495])
✅ Dual-view data preloading completed in 0.00 seconds
OptimizedDataset initialized with 5 folds
Using device: cpu
=== Cross Validation Fold 1/5 ===
Using hidden dimensions: [256, 256] with 4 attention heads
优化模型初始化: miRNA数量 = 495, 疾病数量 = 383
   节点维度: 256 → 128
   类型数量: 4
   Temperature: 2.0 (可学习)
   Loss mode: two_head
   loss_mode=two_head
   exist_weight=0.300, type_weight=0.700

✅ SimplifiedMultiTypeAssociationLoss 初始化 (改进版)
   类别权重 (beta=0.99999): ['0.780', '1.822', '0.977', '0.421']
Original positive index shape: torch.Size([1072, 2])
Original negative index shape: torch.Size([135416, 2])
采样后负样本数量: 10720
🎯 Building TRUE DUAL VIEWS from four different sources...
📊 Data sources loaded:
  Disease semantic: torch.Size([383, 383])
  miRNA functional: torch.Size([495, 495])
  Disease-gene: torch.Size([383, 383])
  miRNA-sequence: torch.Size([495, 495])
🧬 Building miRNA dual-view hypergraphs...
  📊 miRNA View 1 (Sequence): torch.Size([495, 878])
  📊 miRNA View 2 (Function): torch.Size([495, 878])
🦠 Building disease dual-view hypergraphs...
  📊 Disease View 1 (Gene): torch.Size([383, 878])
  📊 Disease View 2 (Semantic): torch.Size([383, 878])
✅ Successfully built TRUE DUAL VIEWS:
   🧬 miRNA: Sequence Features (m_ss.xlsx) vs Functional Similarity (mi_fun_sim_2.0.csv)
   🦠 Disease: Gene Features (d_gs.xlsx) vs Semantic Similarity (dis_sem_sim_2.0.csv)

🔧 Epoch 1 梯度检查:
================================================================================

  参数名称                              梯度范数         梯度均值 状态             
  ----------------------------------------------------------------------
  type_relations                0.060149     0.001802 ✅ 正常           
  exist_relation                0.201285     0.011826 ✅ 正常           
  mi_proj_layer0                0.700516     0.002039 ✅ 正常           
  dis_proj_layer0               0.834058     0.002559 ✅ 正常           
================================================================================

Epoch 1, Total Loss: 20.2163, Recover Loss: 1.0846, miRNA CL: 8.9379, Disease CL: 8.4582, Inter-view (est): 4.0145, Recon Loss: 1.4375, Time: 0.71s
[INFO] Hypergraph updated at epoch 5
[INFO] Hypergraph updated at epoch 10
[INFO] Hypergraph updated at epoch 15
[INFO] Hypergraph updated at epoch 20
[INFO] Hypergraph updated at epoch 25
[INFO] Hypergraph updated at epoch 30
[INFO] Hypergraph updated at epoch 35
[INFO] Hypergraph updated at epoch 40
[INFO] Hypergraph updated at epoch 45
[INFO] Hypergraph updated at epoch 50

🔧 Epoch 50 梯度检查:
================================================================================

  参数名称                              梯度范数         梯度均值 状态             
  ----------------------------------------------------------------------
  type_relations                0.061057     0.001747 ✅ 正常           
  exist_relation                0.009038     0.000649 ✅ 正常           
  mi_proj_layer0                0.019962     0.000073 ✅ 正常           
  dis_proj_layer0               0.022912     0.000082 ✅ 正常           
================================================================================

Epoch 50, Total Loss: 16.9946, Recover Loss: 1.0096, miRNA CL: 7.9566, Disease CL: 7.6275, Inter-view (est): 3.5963, Recon Loss: 0.1183, Time: 90.53s
[INFO] Hypergraph updated at epoch 100

🔧 Epoch 100 梯度检查:
================================================================================

  参数名称                              梯度范数         梯度均值 状态             
  ----------------------------------------------------------------------
  type_relations                0.141639     0.002746 ✅ 正常           
  exist_relation                0.018963     0.000887 ✅ 正常           
  mi_proj_layer0                0.022153     0.000077 ✅ 正常           
  dis_proj_layer0               0.027827     0.000095 ✅ 正常           
================================================================================

Epoch 100, Total Loss: 15.8626, Recover Loss: 0.9858, miRNA CL: 7.6353, Disease CL: 6.9463, Inter-view (est): 3.3650, Recon Loss: 0.0315, Time: 126.18s
[INFO] Hypergraph updated at epoch 150

🔧 Epoch 150 梯度检查:
================================================================================

  参数名称                              梯度范数         梯度均值 状态             
  ----------------------------------------------------------------------
  type_relations                0.190901     0.003218 ✅ 正常           
  exist_relation                0.014627     0.000685 ✅ 正常           
  mi_proj_layer0                0.024609     0.000083 ✅ 正常           
  dis_proj_layer0               0.025329     0.000084 ✅ 正常           
================================================================================

Epoch 150, Total Loss: 15.0531, Recover Loss: 0.9493, miRNA CL: 7.2949, Disease CL: 6.5282, Inter-view (est): 3.1900, Recon Loss: 0.0300, Time: 160.84s
[INFO] Hypergraph updated at epoch 200

🔧 Epoch 200 梯度检查:
================================================================================

  参数名称                              梯度范数         梯度均值 状态             
  ----------------------------------------------------------------------
  type_relations                0.170711     0.003005 ✅ 正常           
  exist_relation                0.017231     0.000666 ✅ 正常           
  mi_proj_layer0                0.023332     0.000078 ✅ 正常           
  dis_proj_layer0               0.024288     0.000083 ✅ 正常           
================================================================================

Epoch 200, Total Loss: 14.6168, Recover Loss: 0.9103, miRNA CL: 7.0836, Disease CL: 6.3531, Inter-view (est): 3.1008, Recon Loss: 0.0281, Time: 196.17s
[INFO] Hypergraph updated at epoch 250

🔧 Epoch 250 梯度检查:
================================================================================

  参数名称                              梯度范数         梯度均值 状态             
  ----------------------------------------------------------------------
  type_relations                0.177753     0.002959 ✅ 正常           
  exist_relation                0.030002     0.000992 ✅ 正常           
  mi_proj_layer0                0.024183     0.000075 ✅ 正常           
  dis_proj_layer0               0.028992     0.000090 ✅ 正常           
================================================================================

Epoch 250, Total Loss: 14.4336, Recover Loss: 0.8895, miRNA CL: 6.9858, Disease CL: 6.2937, Inter-view (est): 3.0645, Recon Loss: 0.0274, Time: 231.13s
[INFO] Hypergraph updated at epoch 300

🔧 Epoch 300 梯度检查:
================================================================================

  参数名称                              梯度范数         梯度均值 状态             
  ----------------------------------------------------------------------
  type_relations                0.194970     0.003151 ✅ 正常           
  exist_relation                0.024432     0.000798 ✅ 正常           
  mi_proj_layer0                0.024048     0.000077 ✅ 正常           
  dis_proj_layer0               0.026026     0.000083 ✅ 正常           
================================================================================

Epoch 300, Total Loss: 14.2746, Recover Loss: 0.8640, miRNA CL: 6.8985, Disease CL: 6.2501, Inter-view (est): 3.0343, Recon Loss: 0.0283, Time: 265.78s
[INFO] Hypergraph updated at epoch 350

🔧 Epoch 350 梯度检查:
================================================================================

  参数名称                              梯度范数         梯度均值 状态             
  ----------------------------------------------------------------------
  type_relations                0.171256     0.002950 ✅ 正常           
  exist_relation                0.014822     0.000558 ✅ 正常           
  mi_proj_layer0                0.021840     0.000068 ✅ 正常           
  dis_proj_layer0               0.022907     0.000074 ✅ 正常           
================================================================================

Epoch 350, Total Loss: 14.1241, Recover Loss: 0.8402, miRNA CL: 6.8104, Disease CL: 6.2155, Inter-view (est): 3.0060, Recon Loss: 0.0272, Time: 300.22s
[INFO] Hypergraph updated at epoch 400

🔧 Epoch 400 梯度检查:
================================================================================

  参数名称                              梯度范数         梯度均值 状态             
  ----------------------------------------------------------------------
  type_relations                0.158651     0.002681 ✅ 正常           
  exist_relation                0.025120     0.000840 ✅ 正常           
  mi_proj_layer0                0.021267     0.000066 ✅ 正常           
  dis_proj_layer0               0.023634     0.000075 ✅ 正常           
================================================================================

Epoch 400, Total Loss: 14.0187, Recover Loss: 0.8283, miRNA CL: 6.7460, Disease CL: 6.1894, Inter-view (est): 2.9851, Recon Loss: 0.0266, Time: 334.22s
[INFO] Hypergraph updated at epoch 450

🔧 Epoch 450 梯度检查:
================================================================================

  参数名称                              梯度范数         梯度均值 状态             
  ----------------------------------------------------------------------
  type_relations                0.145948     0.002476 ✅ 正常           
  exist_relation                0.014681     0.000539 ✅ 正常           
  mi_proj_layer0                0.022989     0.000065 ✅ 正常           
  dis_proj_layer0               0.024477     0.000069 ✅ 正常           
================================================================================

Epoch 450, Total Loss: 13.9323, Recover Loss: 0.8157, miRNA CL: 6.6956, Disease CL: 6.1684, Inter-view (est): 2.9686, Recon Loss: 0.0261, Time: 368.86s
[INFO] Hypergraph updated at epoch 500

🔧 Epoch 500 梯度检查:
================================================================================

  参数名称                              梯度范数         梯度均值 状态             
  ----------------------------------------------------------------------
  type_relations                0.143924     0.002356 ✅ 正常           
  exist_relation                0.016717     0.000633 ✅ 正常           
  mi_proj_layer0                0.021018     0.000061 ✅ 正常           
  dis_proj_layer0               0.023072     0.000067 ✅ 正常           
================================================================================

Epoch 500, Total Loss: 13.8805, Recover Loss: 0.8088, miRNA CL: 6.6667, Disease CL: 6.1541, Inter-view (est): 2.9587, Recon Loss: 0.0260, Time: 402.71s
[INFO] Hypergraph updated at epoch 550

🔧 Epoch 550 梯度检查:
================================================================================

  参数名称                              梯度范数         梯度均值 状态             
  ----------------------------------------------------------------------
  type_relations                0.149924     0.002515 ✅ 正常           
  exist_relation                0.017917     0.000671 ✅ 正常           
  mi_proj_layer0                0.026026     0.000075 ✅ 正常           
  dis_proj_layer0               0.024695     0.000075 ✅ 正常           
================================================================================

Epoch 550, Total Loss: 13.8536, Recover Loss: 0.8101, miRNA CL: 6.6517, Disease CL: 6.1423, Inter-view (est): 2.9525, Recon Loss: 0.0259, Time: 437.81s
[INFO] Hypergraph updated at epoch 600

🔧 Epoch 600 梯度检查:
================================================================================

  参数名称                              梯度范数         梯度均值 状态             
  ----------------------------------------------------------------------
  type_relations                0.126538     0.002083 ✅ 正常           
  exist_relation                0.021951     0.000749 ✅ 正常           
  mi_proj_layer0                0.022692     0.000063 ✅ 正常           
  dis_proj_layer0               0.023006     0.000067 ✅ 正常           
================================================================================

Epoch 600, Total Loss: 13.8036, Recover Loss: 0.7952, miRNA CL: 6.6288, Disease CL: 6.1317, Inter-view (est): 2.9447, Recon Loss: 0.0256, Time: 472.28s
[INFO] Hypergraph updated at epoch 650

🔧 Epoch 650 梯度检查:
================================================================================

  参数名称                              梯度范数         梯度均值 状态             
  ----------------------------------------------------------------------
  type_relations                0.127969     0.002133 ✅ 正常           
  exist_relation                0.020059     0.000614 ✅ 正常           
  mi_proj_layer0                0.019649     0.000057 ✅ 正常           
  dis_proj_layer0               0.022261     0.000065 ✅ 正常           
================================================================================

Epoch 650, Total Loss: 13.7610, Recover Loss: 0.7867, miRNA CL: 6.6060, Disease CL: 6.1221, Inter-view (est): 2.9373, Recon Loss: 0.0251, Time: 506.45s

================================================================================
Training completed. Running final test...
================================================================================
Fold 1 completed - AUC: 0.9762, Top-1 F1: 0.6166
Fold 1 training time: 507.51 seconds
=== Cross Validation Fold 2/5 ===
Using hidden dimensions: [256, 256] with 4 attention heads
优化模型初始化: miRNA数量 = 495, 疾病数量 = 383
   节点维度: 256 → 128
   类型数量: 4
   Temperature: 2.0 (可学习)
   Loss mode: two_head
   loss_mode=two_head
   exist_weight=0.300, type_weight=0.700

✅ SimplifiedMultiTypeAssociationLoss 初始化 (改进版)
   类别权重 (beta=0.99999): ['0.780', '1.822', '0.977', '0.421']
Original positive index shape: torch.Size([1072, 2])
Original negative index shape: torch.Size([135416, 2])
采样后负样本数量: 10720
🎯 Building TRUE DUAL VIEWS from four different sources...
📊 Data sources loaded:
  Disease semantic: torch.Size([383, 383])
  miRNA functional: torch.Size([495, 495])
  Disease-gene: torch.Size([383, 383])
  miRNA-sequence: torch.Size([495, 495])
🧬 Building miRNA dual-view hypergraphs...
  📊 miRNA View 1 (Sequence): torch.Size([495, 878])
  📊 miRNA View 2 (Function): torch.Size([495, 878])
🦠 Building disease dual-view hypergraphs...
  📊 Disease View 1 (Gene): torch.Size([383, 878])
  📊 Disease View 2 (Semantic): torch.Size([383, 878])
✅ Successfully built TRUE DUAL VIEWS:
   🧬 miRNA: Sequence Features (m_ss.xlsx) vs Functional Similarity (mi_fun_sim_2.0.csv)
   🦠 Disease: Gene Features (d_gs.xlsx) vs Semantic Similarity (dis_sem_sim_2.0.csv)

🔧 Epoch 1 梯度检查:
================================================================================

  参数名称                              梯度范数         梯度均值 状态             
  ----------------------------------------------------------------------
  type_relations                0.064183     0.001786 ✅ 正常           
  exist_relation                0.283503     0.016339 ✅ 正常           
  mi_proj_layer0                0.995707     0.002836 ✅ 正常           
  dis_proj_layer0               0.932553     0.002709 ✅ 正常           
================================================================================

Epoch 1, Total Loss: 20.2609, Recover Loss: 1.1093, miRNA CL: 8.9701, Disease CL: 8.4335, Inter-view (est): 4.0162, Recon Loss: 1.4499, Time: 0.75s
[INFO] Hypergraph updated at epoch 5
[INFO] Hypergraph updated at epoch 10
[INFO] Hypergraph updated at epoch 15
[INFO] Hypergraph updated at epoch 20
[INFO] Hypergraph updated at epoch 25
[INFO] Hypergraph updated at epoch 30
[INFO] Hypergraph updated at epoch 35
[INFO] Hypergraph updated at epoch 40
[INFO] Hypergraph updated at epoch 45
[INFO] Hypergraph updated at epoch 50

🔧 Epoch 50 梯度检查:
================================================================================

  参数名称                              梯度范数         梯度均值 状态             
  ----------------------------------------------------------------------
  type_relations                0.065116     0.001811 ✅ 正常           
  exist_relation                0.018653     0.001049 ✅ 正常           
  mi_proj_layer0                0.024273     0.000087 ✅ 正常           
  dis_proj_layer0               0.027459     0.000095 ✅ 正常           
================================================================================

Epoch 50, Total Loss: 16.9913, Recover Loss: 1.0084, miRNA CL: 7.9389, Disease CL: 7.6531, Inter-view (est): 3.5982, Recon Loss: 0.1086, Time: 90.57s
[INFO] Hypergraph updated at epoch 100

🔧 Epoch 100 梯度检查:
================================================================================

  参数名称                              梯度范数         梯度均值 状态             
  ----------------------------------------------------------------------
  type_relations                0.149578     0.003194 ✅ 正常           
  exist_relation                0.011518     0.000627 ✅ 正常           
  mi_proj_layer0                0.024612     0.000086 ✅ 正常           
  dis_proj_layer0               0.025482     0.000089 ✅ 正常           
================================================================================

Epoch 100, Total Loss: 15.7723, Recover Loss: 0.9832, miRNA CL: 7.5830, Disease CL: 6.9127, Inter-view (est): 3.3452, Recon Loss: 0.0307, Time: 127.15s
[INFO] Hypergraph updated at epoch 150

🔧 Epoch 150 梯度检查:
================================================================================

  参数名称                              梯度范数         梯度均值 状态             
  ----------------------------------------------------------------------
  type_relations                0.178929     0.003322 ✅ 正常           
  exist_relation                0.014007     0.000661 ✅ 正常           
  mi_proj_layer0                0.023689     0.000084 ✅ 正常           
  dis_proj_layer0               0.025660     0.000088 ✅ 正常           
================================================================================

Epoch 150, Total Loss: 14.9533, Recover Loss: 0.9433, miRNA CL: 7.2220, Disease CL: 6.5096, Inter-view (est): 3.1688, Recon Loss: 0.0292, Time: 161.54s
[INFO] Hypergraph updated at epoch 200

🔧 Epoch 200 梯度检查:
================================================================================

  参数名称                              梯度范数         梯度均值 状态             
  ----------------------------------------------------------------------
  type_relations                0.194788     0.003656 ✅ 正常           
  exist_relation                0.019487     0.000804 ✅ 正常           
  mi_proj_layer0                0.024927     0.000086 ✅ 正常           
  dis_proj_layer0               0.025496     0.000085 ✅ 正常           
================================================================================

Epoch 200, Total Loss: 14.5744, Recover Loss: 0.9149, miRNA CL: 7.0383, Disease CL: 6.3532, Inter-view (est): 3.0903, Recon Loss: 0.0277, Time: 195.68s
[INFO] Hypergraph updated at epoch 250

🔧 Epoch 250 梯度检查:
================================================================================

  参数名称                              梯度范数         梯度均值 状态             
  ----------------------------------------------------------------------
  type_relations                0.197343     0.003488 ✅ 正常           
  exist_relation                0.020557     0.000839 ✅ 正常           
  mi_proj_layer0                0.022299     0.000076 ✅ 正常           
  dis_proj_layer0               0.027988     0.000090 ✅ 正常           
================================================================================

Epoch 250, Total Loss: 14.3318, Recover Loss: 0.8769, miRNA CL: 6.9115, Disease CL: 6.2808, Inter-view (est): 3.0444, Recon Loss: 0.0277, Time: 230.06s
[INFO] Hypergraph updated at epoch 300

🔧 Epoch 300 梯度检查:
================================================================================

  参数名称                              梯度范数         梯度均值 状态             
  ----------------------------------------------------------------------
  type_relations                0.168453     0.003061 ✅ 正常           
  exist_relation                0.014626     0.000529 ✅ 正常           
  mi_proj_layer0                0.021002     0.000070 ✅ 正常           
  dis_proj_layer0               0.023652     0.000078 ✅ 正常           
================================================================================

Epoch 300, Total Loss: 14.1809, Recover Loss: 0.8576, miRNA CL: 6.8215, Disease CL: 6.2434, Inter-view (est): 3.0150, Recon Loss: 0.0266, Time: 264.29s
[INFO] Hypergraph updated at epoch 350

🔧 Epoch 350 梯度检查:
================================================================================

  参数名称                              梯度范数         梯度均值 状态             
  ----------------------------------------------------------------------
  type_relations                0.176897     0.003253 ✅ 正常           
  exist_relation                0.016274     0.000651 ✅ 正常           
  mi_proj_layer0                0.022591     0.000073 ✅ 正常           
  dis_proj_layer0               0.025338     0.000082 ✅ 正常           
================================================================================

Epoch 350, Total Loss: 14.0502, Recover Loss: 0.8364, miRNA CL: 6.7431, Disease CL: 6.2142, Inter-view (est): 2.9902, Recon Loss: 0.0270, Time: 298.96s
[INFO] Hypergraph updated at epoch 400

🔧 Epoch 400 梯度检查:
================================================================================

  参数名称                              梯度范数         梯度均值 状态             
  ----------------------------------------------------------------------
  type_relations                0.160143     0.002970 ✅ 正常           
  exist_relation                0.015940     0.000571 ✅ 正常           
  mi_proj_layer0                0.022324     0.000069 ✅ 正常           
  dis_proj_layer0               0.022049     0.000071 ✅ 正常           
================================================================================

Epoch 400, Total Loss: 13.9802, Recover Loss: 0.8290, miRNA CL: 6.7014, Disease CL: 6.1956, Inter-view (est): 2.9762, Recon Loss: 0.0266, Time: 333.91s
[INFO] Hypergraph updated at epoch 450

🔧 Epoch 450 梯度检查:
================================================================================

  参数名称                              梯度范数         梯度均值 状态             
  ----------------------------------------------------------------------
  type_relations                0.168372     0.003038 ✅ 正常           
  exist_relation                0.013301     0.000514 ✅ 正常           
  mi_proj_layer0                0.021933     0.000068 ✅ 正常           
  dis_proj_layer0               0.024326     0.000078 ✅ 正常           
================================================================================

Epoch 450, Total Loss: 13.9284, Recover Loss: 0.8232, miRNA CL: 6.6691, Disease CL: 6.1832, Inter-view (est): 2.9659, Recon Loss: 0.0264, Time: 368.80s
[INFO] Hypergraph updated at epoch 500

🔧 Epoch 500 梯度检查:
================================================================================

  参数名称                              梯度范数         梯度均值 状态             
  ----------------------------------------------------------------------
  type_relations                0.169298     0.003014 ✅ 正常           
  exist_relation                0.018079     0.000688 ✅ 正常           
  mi_proj_layer0                0.021857     0.000067 ✅ 正常           
  dis_proj_layer0               0.022262     0.000071 ✅ 正常           
================================================================================

Epoch 500, Total Loss: 13.8786, Recover Loss: 0.8146, miRNA CL: 6.6420, Disease CL: 6.1711, Inter-view (est): 2.9569, Recon Loss: 0.0256, Time: 403.38s
[INFO] Hypergraph updated at epoch 550

🔧 Epoch 550 梯度检查:
================================================================================

  参数名称                              梯度范数         梯度均值 状态             
  ----------------------------------------------------------------------
  type_relations                0.158324     0.002787 ✅ 正常           
  exist_relation                0.014554     0.000585 ✅ 正常           
  mi_proj_layer0                0.025216     0.000074 ✅ 正常           
  dis_proj_layer0               0.024875     0.000078 ✅ 正常           
================================================================================

Epoch 550, Total Loss: 13.8378, Recover Loss: 0.8100, miRNA CL: 6.6186, Disease CL: 6.1594, Inter-view (est): 2.9488, Recon Loss: 0.0258, Time: 438.36s
[INFO] Hypergraph updated at epoch 600

🔧 Epoch 600 梯度检查:
================================================================================

  参数名称                              梯度范数         梯度均值 状态             
  ----------------------------------------------------------------------
  type_relations                0.137017     0.002472 ✅ 正常           
  exist_relation                0.021487     0.000733 ✅ 正常           
  mi_proj_layer0                0.021498     0.000065 ✅ 正常           
  dis_proj_layer0               0.021160     0.000068 ✅ 正常           
================================================================================

Epoch 600, Total Loss: 13.7925, Recover Loss: 0.7971, miRNA CL: 6.5989, Disease CL: 6.1481, Inter-view (est): 2.9416, Recon Loss: 0.0258, Time: 473.38s
[INFO] Hypergraph updated at epoch 650

🔧 Epoch 650 梯度检查:
================================================================================

  参数名称                              梯度范数         梯度均值 状态             
  ----------------------------------------------------------------------
  type_relations                0.137684     0.002578 ✅ 正常           
  exist_relation                0.019992     0.000677 ✅ 正常           
  mi_proj_layer0                0.022132     0.000067 ✅ 正常           
  dis_proj_layer0               0.022435     0.000070 ✅ 正常           
================================================================================

Epoch 650, Total Loss: 13.8358, Recover Loss: 0.7943, miRNA CL: 6.6536, Disease CL: 6.1383, Inter-view (est): 2.9520, Recon Loss: 0.0280, Time: 507.77s

================================================================================
Training completed. Running final test...
================================================================================
Fold 2 completed - AUC: 0.9715, Top-1 F1: 0.5727
Fold 2 training time: 508.54 seconds
=== Cross Validation Fold 3/5 ===
Using hidden dimensions: [256, 256] with 4 attention heads
优化模型初始化: miRNA数量 = 495, 疾病数量 = 383
   节点维度: 256 → 128
   类型数量: 4
   Temperature: 2.0 (可学习)
   Loss mode: two_head
   loss_mode=two_head
   exist_weight=0.300, type_weight=0.700

✅ SimplifiedMultiTypeAssociationLoss 初始化 (改进版)
   类别权重 (beta=0.99999): ['0.780', '1.822', '0.977', '0.421']
Original positive index shape: torch.Size([1072, 2])
Original negative index shape: torch.Size([135416, 2])
采样后负样本数量: 10720
🎯 Building TRUE DUAL VIEWS from four different sources...
📊 Data sources loaded:
  Disease semantic: torch.Size([383, 383])
  miRNA functional: torch.Size([495, 495])
  Disease-gene: torch.Size([383, 383])
  miRNA-sequence: torch.Size([495, 495])
🧬 Building miRNA dual-view hypergraphs...
  📊 miRNA View 1 (Sequence): torch.Size([495, 878])
  📊 miRNA View 2 (Function): torch.Size([495, 878])
🦠 Building disease dual-view hypergraphs...
  📊 Disease View 1 (Gene): torch.Size([383, 878])
  📊 Disease View 2 (Semantic): torch.Size([383, 878])
✅ Successfully built TRUE DUAL VIEWS:
   🧬 miRNA: Sequence Features (m_ss.xlsx) vs Functional Similarity (mi_fun_sim_2.0.csv)
   🦠 Disease: Gene Features (d_gs.xlsx) vs Semantic Similarity (dis_sem_sim_2.0.csv)

🔧 Epoch 1 梯度检查:
================================================================================

  参数名称                              梯度范数         梯度均值 状态             
  ----------------------------------------------------------------------
  type_relations                0.063921     0.001970 ✅ 正常           
  exist_relation                0.355518     0.018831 ✅ 正常           
  mi_proj_layer0                0.982601     0.002893 ✅ 正常           
  dis_proj_layer0               1.145532     0.003069 ✅ 正常           
================================================================================

Epoch 1, Total Loss: 20.2347, Recover Loss: 1.1097, miRNA CL: 8.9121, Disease CL: 8.4297, Inter-view (est): 4.0020, Recon Loss: 1.4848, Time: 0.75s
[INFO] Hypergraph updated at epoch 5
[INFO] Hypergraph updated at epoch 10
[INFO] Hypergraph updated at epoch 15
[INFO] Hypergraph updated at epoch 20
[INFO] Hypergraph updated at epoch 25
[INFO] Hypergraph updated at epoch 30
[INFO] Hypergraph updated at epoch 35
[INFO] Hypergraph updated at epoch 40
[INFO] Hypergraph updated at epoch 45
[INFO] Hypergraph updated at epoch 50

🔧 Epoch 50 梯度检查:
================================================================================

  参数名称                              梯度范数         梯度均值 状态             
  ----------------------------------------------------------------------
  type_relations                0.077757     0.002031 ✅ 正常           
  exist_relation                0.018766     0.001047 ✅ 正常           
  mi_proj_layer0                0.027140     0.000099 ✅ 正常           
  dis_proj_layer0               0.026478     0.000097 ✅ 正常           
================================================================================

Epoch 50, Total Loss: 17.0210, Recover Loss: 1.0087, miRNA CL: 7.9561, Disease CL: 7.6649, Inter-view (est): 3.6049, Recon Loss: 0.1083, Time: 93.28s
[INFO] Hypergraph updated at epoch 100

🔧 Epoch 100 梯度检查:
================================================================================

  参数名称                              梯度范数         梯度均值 状态             
  ----------------------------------------------------------------------
  type_relations                0.155795     0.003234 ✅ 正常           
  exist_relation                0.013172     0.000697 ✅ 正常           
  mi_proj_layer0                0.025523     0.000086 ✅ 正常           
  dis_proj_layer0               0.025986     0.000090 ✅ 正常           
================================================================================

Epoch 100, Total Loss: 15.8784, Recover Loss: 0.9811, miRNA CL: 7.6520, Disease CL: 6.9513, Inter-view (est): 3.3700, Recon Loss: 0.0306, Time: 129.96s
[INFO] Hypergraph updated at epoch 150

🔧 Epoch 150 梯度检查:
================================================================================

  参数名称                              梯度范数         梯度均值 状态             
  ----------------------------------------------------------------------
  type_relations                0.184013     0.003162 ✅ 正常           
  exist_relation                0.019076     0.000715 ✅ 正常           
  mi_proj_layer0                0.021761     0.000073 ✅ 正常           
  dis_proj_layer0               0.022914     0.000081 ✅ 正常           
================================================================================

Epoch 150, Total Loss: 15.0366, Recover Loss: 0.9425, miRNA CL: 7.2910, Disease CL: 6.5231, Inter-view (est): 3.1879, Recon Loss: 0.0299, Time: 164.56s
[INFO] Hypergraph updated at epoch 200

🔧 Epoch 200 梯度检查:
================================================================================

  参数名称                              梯度范数         梯度均值 状态             
  ----------------------------------------------------------------------
  type_relations                0.208738     0.003245 ✅ 正常           
  exist_relation                0.017348     0.000521 ✅ 正常           
  mi_proj_layer0                0.021791     0.000073 ✅ 正常           
  dis_proj_layer0               0.022783     0.000076 ✅ 正常           
================================================================================

Epoch 200, Total Loss: 14.5749, Recover Loss: 0.9074, miRNA CL: 7.0493, Disease CL: 6.3489, Inter-view (est): 3.0919, Recon Loss: 0.0291, Time: 199.07s
[INFO] Hypergraph updated at epoch 250

🔧 Epoch 250 梯度检查:
================================================================================

  参数名称                              梯度范数         梯度均值 状态             
  ----------------------------------------------------------------------
  type_relations                0.198602     0.003135 ✅ 正常           
  exist_relation                0.013046     0.000476 ✅ 正常           
  mi_proj_layer0                0.022664     0.000070 ✅ 正常           
  dis_proj_layer0               0.021520     0.000071 ✅ 正常           
================================================================================

Epoch 250, Total Loss: 14.3432, Recover Loss: 0.8867, miRNA CL: 6.9191, Disease CL: 6.2748, Inter-view (est): 3.0447, Recon Loss: 0.0279, Time: 233.57s
[INFO] Hypergraph updated at epoch 300

🔧 Epoch 300 梯度检查:
================================================================================

  参数名称                              梯度范数         梯度均值 状态             
  ----------------------------------------------------------------------
  type_relations                0.163704     0.002795 ✅ 正常           
  exist_relation                0.013172     0.000548 ✅ 正常           
  mi_proj_layer0                0.018971     0.000065 ✅ 正常           
  dis_proj_layer0               0.018814     0.000063 ✅ 正常           
================================================================================

Epoch 300, Total Loss: 14.1768, Recover Loss: 0.8657, miRNA CL: 6.8181, Disease CL: 6.2343, Inter-view (est): 3.0121, Recon Loss: 0.0270, Time: 268.55s
[INFO] Hypergraph updated at epoch 350

🔧 Epoch 350 梯度检查:
================================================================================

  参数名称                              梯度范数         梯度均值 状态             
  ----------------------------------------------------------------------
  type_relations                0.141812     0.002623 ✅ 正常           
  exist_relation                0.015757     0.000603 ✅ 正常           
  mi_proj_layer0                0.022552     0.000069 ✅ 正常           
  dis_proj_layer0               0.020122     0.000067 ✅ 正常           
================================================================================

Epoch 350, Total Loss: 14.0648, Recover Loss: 0.8566, miRNA CL: 6.7489, Disease CL: 6.2035, Inter-view (est): 2.9890, Recon Loss: 0.0268, Time: 302.28s
[INFO] Hypergraph updated at epoch 400

🔧 Epoch 400 梯度检查:
================================================================================

  参数名称                              梯度范数         梯度均值 状态             
  ----------------------------------------------------------------------
  type_relations                0.151375     0.002702 ✅ 正常           
  exist_relation                0.018414     0.000672 ✅ 正常           
  mi_proj_layer0                0.018127     0.000061 ✅ 正常           
  dis_proj_layer0               0.021102     0.000070 ✅ 正常           
================================================================================

Epoch 400, Total Loss: 13.9948, Recover Loss: 0.8435, miRNA CL: 6.7116, Disease CL: 6.1856, Inter-view (est): 2.9763, Recon Loss: 0.0267, Time: 336.75s
[INFO] Hypergraph updated at epoch 450

🔧 Epoch 450 梯度检查:
================================================================================

  参数名称                              梯度范数         梯度均值 状态             
  ----------------------------------------------------------------------
  type_relations                0.140294     0.002522 ✅ 正常           
  exist_relation                0.018338     0.000663 ✅ 正常           
  mi_proj_layer0                0.019473     0.000064 ✅ 正常           
  dis_proj_layer0               0.022473     0.000073 ✅ 正常           
================================================================================

Epoch 450, Total Loss: 13.9392, Recover Loss: 0.8290, miRNA CL: 6.6911, Disease CL: 6.1677, Inter-view (est): 2.9674, Recon Loss: 0.0259, Time: 371.22s
[INFO] Hypergraph updated at epoch 500

🔧 Epoch 500 梯度检查:
================================================================================

  参数名称                              梯度范数         梯度均值 状态             
  ----------------------------------------------------------------------
  type_relations                0.148630     0.002716 ✅ 正常           
  exist_relation                0.018191     0.000712 ✅ 正常           
  mi_proj_layer0                0.018758     0.000063 ✅ 正常           
  dis_proj_layer0               0.020537     0.000070 ✅ 正常           
================================================================================

Epoch 500, Total Loss: 13.8835, Recover Loss: 0.8198, miRNA CL: 6.6578, Disease CL: 6.1557, Inter-view (est): 2.9570, Recon Loss: 0.0259, Time: 405.68s
[INFO] Hypergraph updated at epoch 550

🔧 Epoch 550 梯度检查:
================================================================================

  参数名称                              梯度范数         梯度均值 状态             
  ----------------------------------------------------------------------
  type_relations                0.127797     0.002264 ✅ 正常           
  exist_relation                0.016157     0.000557 ✅ 正常           
  mi_proj_layer0                0.016084     0.000052 ✅ 正常           
  dis_proj_layer0               0.019541     0.000064 ✅ 正常           
================================================================================

Epoch 550, Total Loss: 13.8462, Recover Loss: 0.8124, miRNA CL: 6.6394, Disease CL: 6.1449, Inter-view (est): 2.9502, Recon Loss: 0.0265, Time: 439.93s
[INFO] Hypergraph updated at epoch 600

🔧 Epoch 600 梯度检查:
================================================================================

  参数名称                              梯度范数         梯度均值 状态             
  ----------------------------------------------------------------------
  type_relations                0.110133     0.002080 ✅ 正常           
  exist_relation                0.015468     0.000587 ✅ 正常           
  mi_proj_layer0                0.017081     0.000056 ✅ 正常           
  dis_proj_layer0               0.018236     0.000061 ✅ 正常           
================================================================================

Epoch 600, Total Loss: 13.8046, Recover Loss: 0.7998, miRNA CL: 6.6229, Disease CL: 6.1341, Inter-view (est): 2.9439, Recon Loss: 0.0260, Time: 474.36s
[INFO] Hypergraph updated at epoch 650

🔧 Epoch 650 梯度检查:
================================================================================

  参数名称                              梯度范数         梯度均值 状态             
  ----------------------------------------------------------------------
  type_relations                0.113982     0.002079 ✅ 正常           
  exist_relation                0.016335     0.000558 ✅ 正常           
  mi_proj_layer0                0.017260     0.000054 ✅ 正常           
  dis_proj_layer0               0.017812     0.000059 ✅ 正常           
================================================================================

Epoch 650, Total Loss: 13.7697, Recover Loss: 0.7955, miRNA CL: 6.6053, Disease CL: 6.1235, Inter-view (est): 2.9374, Recon Loss: 0.0249, Time: 508.95s

================================================================================
Training completed. Running final test...
================================================================================
Fold 3 completed - AUC: 0.9759, Top-1 F1: 0.5940
Fold 3 training time: 509.74 seconds
=== Cross Validation Fold 4/5 ===
Using hidden dimensions: [256, 256] with 4 attention heads
优化模型初始化: miRNA数量 = 495, 疾病数量 = 383
   节点维度: 256 → 128
   类型数量: 4
   Temperature: 2.0 (可学习)
   Loss mode: two_head
   loss_mode=two_head
   exist_weight=0.300, type_weight=0.700

✅ SimplifiedMultiTypeAssociationLoss 初始化 (改进版)
   类别权重 (beta=0.99999): ['0.780', '1.822', '0.977', '0.421']
Original positive index shape: torch.Size([1072, 2])
Original negative index shape: torch.Size([135416, 2])
采样后负样本数量: 10720
🎯 Building TRUE DUAL VIEWS from four different sources...
📊 Data sources loaded:
  Disease semantic: torch.Size([383, 383])
  miRNA functional: torch.Size([495, 495])
  Disease-gene: torch.Size([383, 383])
  miRNA-sequence: torch.Size([495, 495])
🧬 Building miRNA dual-view hypergraphs...
  📊 miRNA View 1 (Sequence): torch.Size([495, 878])
  📊 miRNA View 2 (Function): torch.Size([495, 878])
🦠 Building disease dual-view hypergraphs...
  📊 Disease View 1 (Gene): torch.Size([383, 878])
  📊 Disease View 2 (Semantic): torch.Size([383, 878])
✅ Successfully built TRUE DUAL VIEWS:
   🧬 miRNA: Sequence Features (m_ss.xlsx) vs Functional Similarity (mi_fun_sim_2.0.csv)
   🦠 Disease: Gene Features (d_gs.xlsx) vs Semantic Similarity (dis_sem_sim_2.0.csv)

🔧 Epoch 1 梯度检查:
================================================================================

  参数名称                              梯度范数         梯度均值 状态             
  ----------------------------------------------------------------------
  type_relations                0.051518     0.001594 ✅ 正常           
  exist_relation                0.169136     0.010151 ✅ 正常           
  mi_proj_layer0                0.473481     0.001438 ✅ 正常           
  dis_proj_layer0               0.641651     0.001991 ✅ 正常           
================================================================================

Epoch 1, Total Loss: 20.2106, Recover Loss: 1.0702, miRNA CL: 8.9272, Disease CL: 8.4451, Inter-view (est): 4.0090, Recon Loss: 1.4699, Time: 0.75s
[INFO] Hypergraph updated at epoch 5
[INFO] Hypergraph updated at epoch 10
[INFO] Hypergraph updated at epoch 15
[INFO] Hypergraph updated at epoch 20
[INFO] Hypergraph updated at epoch 25
[INFO] Hypergraph updated at epoch 30
[INFO] Hypergraph updated at epoch 35
[INFO] Hypergraph updated at epoch 40
[INFO] Hypergraph updated at epoch 45
[INFO] Hypergraph updated at epoch 50

🔧 Epoch 50 梯度检查:
================================================================================

  参数名称                              梯度范数         梯度均值 状态             
  ----------------------------------------------------------------------
  type_relations                0.068758     0.001795 ✅ 正常           
  exist_relation                0.011192     0.000729 ✅ 正常           
  mi_proj_layer0                0.019742     0.000072 ✅ 正常           
  dis_proj_layer0               0.023016     0.000082 ✅ 正常           
================================================================================

Epoch 50, Total Loss: 16.9918, Recover Loss: 1.0075, miRNA CL: 7.9595, Disease CL: 7.6466, Inter-view (est): 3.6014, Recon Loss: 0.0959, Time: 94.16s
[INFO] Hypergraph updated at epoch 100

🔧 Epoch 100 梯度检查:
================================================================================

  参数名称                              梯度范数         梯度均值 状态             
  ----------------------------------------------------------------------
  type_relations                0.153881     0.002947 ✅ 正常           
  exist_relation                0.014822     0.000696 ✅ 正常           
  mi_proj_layer0                0.022083     0.000076 ✅ 正常           
  dis_proj_layer0               0.026735     0.000093 ✅ 正常           
================================================================================

Epoch 100, Total Loss: 15.8178, Recover Loss: 0.9841, miRNA CL: 7.6565, Disease CL: 6.8839, Inter-view (est): 3.3555, Recon Loss: 0.0313, Time: 130.26s
[INFO] Hypergraph updated at epoch 150

🔧 Epoch 150 梯度检查:
================================================================================

  参数名称                              梯度范数         梯度均值 状态             
  ----------------------------------------------------------------------
  type_relations                0.176566     0.002907 ✅ 正常           
  exist_relation                0.011352     0.000505 ✅ 正常           
  mi_proj_layer0                0.020794     0.000071 ✅ 正常           
  dis_proj_layer0               0.023686     0.000078 ✅ 正常           
================================================================================

Epoch 150, Total Loss: 15.0192, Recover Loss: 0.9435, miRNA CL: 7.3028, Disease CL: 6.4953, Inter-view (est): 3.1842, Recon Loss: 0.0295, Time: 164.69s
[INFO] Hypergraph updated at epoch 200

🔧 Epoch 200 梯度检查:
================================================================================

  参数名称                              梯度范数         梯度均值 状态             
  ----------------------------------------------------------------------
  type_relations                0.178181     0.002994 ✅ 正常           
  exist_relation                0.020296     0.000637 ✅ 正常           
  mi_proj_layer0                0.019787     0.000068 ✅ 正常           
  dis_proj_layer0               0.022835     0.000075 ✅ 正常           
================================================================================

Epoch 200, Total Loss: 14.5870, Recover Loss: 0.9083, miRNA CL: 7.0715, Disease CL: 6.3407, Inter-view (est): 3.0951, Recon Loss: 0.0286, Time: 199.41s
[INFO] Hypergraph updated at epoch 250

🔧 Epoch 250 梯度检查:
================================================================================

  参数名称                              梯度范数         梯度均值 状态             
  ----------------------------------------------------------------------
  type_relations                0.173935     0.002920 ✅ 正常           
  exist_relation                0.016055     0.000581 ✅ 正常           
  mi_proj_layer0                0.018975     0.000062 ✅ 正常           
  dis_proj_layer0               0.022393     0.000071 ✅ 正常           
================================================================================

Epoch 250, Total Loss: 14.3158, Recover Loss: 0.8804, miRNA CL: 6.9233, Disease CL: 6.2537, Inter-view (est): 3.0408, Recon Loss: 0.0275, Time: 234.66s
[INFO] Hypergraph updated at epoch 300

🔧 Epoch 300 梯度检查:
================================================================================

  参数名称                              梯度范数         梯度均值 状态             
  ----------------------------------------------------------------------
  type_relations                0.155225     0.002711 ✅ 正常           
  exist_relation                0.022409     0.000738 ✅ 正常           
  mi_proj_layer0                0.018803     0.000060 ✅ 正常           
  dis_proj_layer0               0.023247     0.000074 ✅ 正常           
================================================================================

Epoch 300, Total Loss: 14.1186, Recover Loss: 0.8553, miRNA CL: 6.8040, Disease CL: 6.2057, Inter-view (est): 3.0022, Recon Loss: 0.0270, Time: 268.92s
[INFO] Hypergraph updated at epoch 350

🔧 Epoch 350 梯度检查:
================================================================================

  参数名称                              梯度范数         梯度均值 状态             
  ----------------------------------------------------------------------
  type_relations                0.128655     0.002253 ✅ 正常           
  exist_relation                0.020828     0.000806 ✅ 正常           
  mi_proj_layer0                0.016392     0.000054 ✅ 正常           
  dis_proj_layer0               0.020213     0.000068 ✅ 正常           
================================================================================

Epoch 350, Total Loss: 13.9945, Recover Loss: 0.8416, miRNA CL: 6.7252, Disease CL: 6.1776, Inter-view (est): 2.9776, Recon Loss: 0.0263, Time: 303.71s
[INFO] Hypergraph updated at epoch 400

🔧 Epoch 400 梯度检查:
================================================================================

  参数名称                              梯度范数         梯度均值 状态             
  ----------------------------------------------------------------------
  type_relations                0.123053     0.002116 ✅ 正常           
  exist_relation                0.022836     0.000784 ✅ 正常           
  mi_proj_layer0                0.019363     0.000059 ✅ 正常           
  dis_proj_layer0               0.019516     0.000063 ✅ 正常           
================================================================================

Epoch 400, Total Loss: 13.9086, Recover Loss: 0.8347, miRNA CL: 6.6712, Disease CL: 6.1549, Inter-view (est): 2.9599, Recon Loss: 0.0265, Time: 338.04s
[INFO] Hypergraph updated at epoch 450

🔧 Epoch 450 梯度检查:
================================================================================

  参数名称                              梯度范数         梯度均值 状态             
  ----------------------------------------------------------------------
  type_relations                0.125974     0.002178 ✅ 正常           
  exist_relation                0.019990     0.000718 ✅ 正常           
  mi_proj_layer0                0.016569     0.000053 ✅ 正常           
  dis_proj_layer0               0.019274     0.000062 ✅ 正常           
================================================================================

Epoch 450, Total Loss: 13.8435, Recover Loss: 0.8211, miRNA CL: 6.6402, Disease CL: 6.1366, Inter-view (est): 2.9485, Recon Loss: 0.0263, Time: 373.04s
[INFO] Hypergraph updated at epoch 500

🔧 Epoch 500 梯度检查:
================================================================================

  参数名称                              梯度范数         梯度均值 状态             
  ----------------------------------------------------------------------
  type_relations                0.123482     0.002142 ✅ 正常           
  exist_relation                0.028663     0.000960 ✅ 正常           
  mi_proj_layer0                0.018080     0.000055 ✅ 正常           
  dis_proj_layer0               0.020364     0.000065 ✅ 正常           
================================================================================

Epoch 500, Total Loss: 13.8052, Recover Loss: 0.8205, miRNA CL: 6.6171, Disease CL: 6.1240, Inter-view (est): 2.9403, Recon Loss: 0.0256, Time: 407.46s
[INFO] Hypergraph updated at epoch 550

🔧 Epoch 550 梯度检查:
================================================================================

  参数名称                              梯度范数         梯度均值 状态             
  ----------------------------------------------------------------------
  type_relations                0.113779     0.002060 ✅ 正常           
  exist_relation                0.020930     0.000740 ✅ 正常           
  mi_proj_layer0                0.018346     0.000057 ✅ 正常           
  dis_proj_layer0               0.019495     0.000060 ✅ 正常           
================================================================================

Epoch 550, Total Loss: 13.7661, Recover Loss: 0.8120, miRNA CL: 6.5986, Disease CL: 6.1134, Inter-view (est): 2.9335, Recon Loss: 0.0253, Time: 442.28s
[INFO] Hypergraph updated at epoch 600

🔧 Epoch 600 梯度检查:
================================================================================

  参数名称                              梯度范数         梯度均值 状态             
  ----------------------------------------------------------------------
  type_relations                0.120494     0.002220 ✅ 正常           
  exist_relation                0.017209     0.000632 ✅ 正常           
  mi_proj_layer0                0.022705     0.000064 ✅ 正常           
  dis_proj_layer0               0.022450     0.000067 ✅ 正常           
================================================================================

Epoch 600, Total Loss: 13.7359, Recover Loss: 0.8095, miRNA CL: 6.5825, Disease CL: 6.1026, Inter-view (est): 2.9273, Recon Loss: 0.0258, Time: 478.17s
[INFO] Hypergraph updated at epoch 650

🔧 Epoch 650 梯度检查:
================================================================================

  参数名称                              梯度范数         梯度均值 状态             
  ----------------------------------------------------------------------
  type_relations                0.107357     0.001909 ✅ 正常           
  exist_relation                0.021978     0.000747 ✅ 正常           
  mi_proj_layer0                0.015421     0.000048 ✅ 正常           
  dis_proj_layer0               0.016496     0.000053 ✅ 正常           
================================================================================

Epoch 650, Total Loss: 13.6965, Recover Loss: 0.7993, miRNA CL: 6.5637, Disease CL: 6.0934, Inter-view (est): 2.9209, Recon Loss: 0.0257, Time: 512.76s

================================================================================
Training completed. Running final test...
================================================================================
Fold 4 completed - AUC: 0.9748, Top-1 F1: 0.6152
Fold 4 training time: 513.55 seconds
=== Cross Validation Fold 5/5 ===
Using hidden dimensions: [256, 256] with 4 attention heads
优化模型初始化: miRNA数量 = 495, 疾病数量 = 383
   节点维度: 256 → 128
   类型数量: 4
   Temperature: 2.0 (可学习)
   Loss mode: two_head
   loss_mode=two_head
   exist_weight=0.300, type_weight=0.700

✅ SimplifiedMultiTypeAssociationLoss 初始化 (改进版)
   类别权重 (beta=0.99999): ['0.780', '1.822', '0.977', '0.421']
Original positive index shape: torch.Size([1072, 2])
Original negative index shape: torch.Size([135416, 2])
采样后负样本数量: 10720
🎯 Building TRUE DUAL VIEWS from four different sources...
📊 Data sources loaded:
  Disease semantic: torch.Size([383, 383])
  miRNA functional: torch.Size([495, 495])
  Disease-gene: torch.Size([383, 383])
  miRNA-sequence: torch.Size([495, 495])
🧬 Building miRNA dual-view hypergraphs...
  📊 miRNA View 1 (Sequence): torch.Size([495, 878])
  📊 miRNA View 2 (Function): torch.Size([495, 878])
🦠 Building disease dual-view hypergraphs...
  📊 Disease View 1 (Gene): torch.Size([383, 878])
  📊 Disease View 2 (Semantic): torch.Size([383, 878])
✅ Successfully built TRUE DUAL VIEWS:
   🧬 miRNA: Sequence Features (m_ss.xlsx) vs Functional Similarity (mi_fun_sim_2.0.csv)
   🦠 Disease: Gene Features (d_gs.xlsx) vs Semantic Similarity (dis_sem_sim_2.0.csv)

🔧 Epoch 1 梯度检查:
================================================================================

  参数名称                              梯度范数         梯度均值 状态             
  ----------------------------------------------------------------------
  type_relations                0.063376     0.001922 ✅ 正常           
  exist_relation                0.258405     0.014185 ✅ 正常           
  mi_proj_layer0                1.223122     0.002761 ✅ 正常           
  dis_proj_layer0               0.997410     0.002834 ✅ 正常           
================================================================================

Epoch 1, Total Loss: 20.3362, Recover Loss: 1.1107, miRNA CL: 8.9995, Disease CL: 8.4296, Inter-view (est): 4.0221, Recon Loss: 1.4984, Time: 0.67s
[INFO] Hypergraph updated at epoch 5
[INFO] Hypergraph updated at epoch 10
[INFO] Hypergraph updated at epoch 15
[INFO] Hypergraph updated at epoch 20
[INFO] Hypergraph updated at epoch 25
[INFO] Hypergraph updated at epoch 30
[INFO] Hypergraph updated at epoch 35
[INFO] Hypergraph updated at epoch 40
[INFO] Hypergraph updated at epoch 45
[INFO] Hypergraph updated at epoch 50

🔧 Epoch 50 梯度检查:
================================================================================

  参数名称                              梯度范数         梯度均值 状态             
  ----------------------------------------------------------------------
  type_relations                0.084000     0.002095 ✅ 正常           
  exist_relation                0.017147     0.001044 ✅ 正常           
  mi_proj_layer0                0.026960     0.000095 ✅ 正常           
  dis_proj_layer0               0.027002     0.000096 ✅ 正常           
================================================================================

Epoch 50, Total Loss: 17.0491, Recover Loss: 1.0048, miRNA CL: 7.9674, Disease CL: 7.6657, Inter-view (est): 3.6076, Recon Loss: 0.1284, Time: 101.21s
[INFO] Hypergraph updated at epoch 100

🔧 Epoch 100 梯度检查:
================================================================================

  参数名称                              梯度范数         梯度均值 状态             
  ----------------------------------------------------------------------
  type_relations                0.135174     0.002594 ✅ 正常           
  exist_relation                0.013812     0.000621 ✅ 正常           
  mi_proj_layer0                0.021968     0.000077 ✅ 正常           
  dis_proj_layer0               0.024787     0.000084 ✅ 正常           
================================================================================

Epoch 100, Total Loss: 15.8234, Recover Loss: 0.9780, miRNA CL: 7.6473, Disease CL: 6.9014, Inter-view (est): 3.3574, Recon Loss: 0.0324, Time: 138.30s
[INFO] Hypergraph updated at epoch 150

🔧 Epoch 150 梯度检查:
================================================================================

  参数名称                              梯度范数         梯度均值 状态             
  ----------------------------------------------------------------------
  type_relations                0.165681     0.002978 ✅ 正常           
  exist_relation                0.021750     0.000920 ✅ 正常           
  mi_proj_layer0                0.022405     0.000080 ✅ 正常           
  dis_proj_layer0               0.026039     0.000086 ✅ 正常           
================================================================================

Epoch 150, Total Loss: 15.0754, Recover Loss: 0.9435, miRNA CL: 7.2951, Disease CL: 6.5551, Inter-view (est): 3.1962, Recon Loss: 0.0305, Time: 173.46s
[INFO] Hypergraph updated at epoch 200

🔧 Epoch 200 梯度检查:
================================================================================

  参数名称                              梯度范数         梯度均值 状态             
  ----------------------------------------------------------------------
  type_relations                0.157412     0.002795 ✅ 正常           
  exist_relation                0.020775     0.000741 ✅ 正常           
  mi_proj_layer0                0.021982     0.000075 ✅ 正常           
  dis_proj_layer0               0.022518     0.000076 ✅ 正常           
================================================================================

Epoch 200, Total Loss: 14.6165, Recover Loss: 0.9108, miRNA CL: 7.0784, Disease CL: 6.3556, Inter-view (est): 3.1002, Recon Loss: 0.0297, Time: 209.00s
[INFO] Hypergraph updated at epoch 250

🔧 Epoch 250 梯度检查:
================================================================================

  参数名称                              梯度范数         梯度均值 状态             
  ----------------------------------------------------------------------
  type_relations                0.144389     0.002663 ✅ 正常           
  exist_relation                0.029834     0.000949 ✅ 正常           
  mi_proj_layer0                0.019040     0.000066 ✅ 正常           
  dis_proj_layer0               0.022168     0.000073 ✅ 正常           
================================================================================

Epoch 250, Total Loss: 14.3793, Recover Loss: 0.8831, miRNA CL: 6.9501, Disease CL: 6.2815, Inter-view (est): 3.0534, Recon Loss: 0.0281, Time: 243.31s
[INFO] Hypergraph updated at epoch 300

🔧 Epoch 300 梯度检查:
================================================================================

  参数名称                              梯度范数         梯度均值 状态             
  ----------------------------------------------------------------------
  type_relations                0.152257     0.002890 ✅ 正常           
  exist_relation                0.022466     0.000805 ✅ 正常           
  mi_proj_layer0                0.018596     0.000064 ✅ 正常           
  dis_proj_layer0               0.022190     0.000075 ✅ 正常           
================================================================================

Epoch 300, Total Loss: 14.2473, Recover Loss: 0.8737, miRNA CL: 6.8694, Disease CL: 6.2437, Inter-view (est): 3.0261, Recon Loss: 0.0272, Time: 278.08s
[INFO] Hypergraph updated at epoch 350

🔧 Epoch 350 梯度检查:
================================================================================

  参数名称                              梯度范数         梯度均值 状态             
  ----------------------------------------------------------------------
  type_relations                0.150127     0.002746 ✅ 正常           
  exist_relation                0.017518     0.000621 ✅ 正常           
  mi_proj_layer0                0.018297     0.000063 ✅ 正常           
  dis_proj_layer0               0.022840     0.000075 ✅ 正常           
================================================================================

Epoch 350, Total Loss: 14.1387, Recover Loss: 0.8593, miRNA CL: 6.8034, Disease CL: 6.2178, Inter-view (est): 3.0049, Recon Loss: 0.0270, Time: 312.99s
[INFO] Hypergraph updated at epoch 400

🔧 Epoch 400 梯度检查:
================================================================================

  参数名称                              梯度范数         梯度均值 状态             
  ----------------------------------------------------------------------
  type_relations                0.155229     0.002780 ✅ 正常           
  exist_relation                0.019267     0.000722 ✅ 正常           
  mi_proj_layer0                0.018925     0.000064 ✅ 正常           
  dis_proj_layer0               0.024705     0.000078 ✅ 正常           
================================================================================

Epoch 400, Total Loss: 14.0455, Recover Loss: 0.8448, miRNA CL: 6.7486, Disease CL: 6.1961, Inter-view (est): 2.9872, Recon Loss: 0.0269, Time: 347.88s
[INFO] Hypergraph updated at epoch 450

🔧 Epoch 450 梯度检查:
================================================================================

  参数名称                              梯度范数         梯度均值 状态             
  ----------------------------------------------------------------------
  type_relations                0.134334     0.002527 ✅ 正常           
  exist_relation                0.018970     0.000715 ✅ 正常           
  mi_proj_layer0                0.018710     0.000063 ✅ 正常           
  dis_proj_layer0               0.021535     0.000071 ✅ 正常           
================================================================================

Epoch 450, Total Loss: 13.9585, Recover Loss: 0.8241, miRNA CL: 6.7033, Disease CL: 6.1776, Inter-view (est): 2.9725, Recon Loss: 0.0262, Time: 382.51s
[INFO] Hypergraph updated at epoch 500

🔧 Epoch 500 梯度检查:
================================================================================

  参数名称                              梯度范数         梯度均值 状态             
  ----------------------------------------------------------------------
  type_relations                0.128422     0.002367 ✅ 正常           
  exist_relation                0.017978     0.000651 ✅ 正常           
  mi_proj_layer0                0.018639     0.000061 ✅ 正常           
  dis_proj_layer0               0.022472     0.000074 ✅ 正常           
================================================================================

Epoch 500, Total Loss: 13.8937, Recover Loss: 0.8165, miRNA CL: 6.6644, Disease CL: 6.1608, Inter-view (est): 2.9597, Recon Loss: 0.0265, Time: 417.56s
[INFO] Hypergraph updated at epoch 550

🔧 Epoch 550 梯度检查:
================================================================================

  参数名称                              梯度范数         梯度均值 状态             
  ----------------------------------------------------------------------
  type_relations                0.141238     0.002567 ✅ 正常           
  exist_relation                0.014653     0.000588 ✅ 正常           
  mi_proj_layer0                0.023595     0.000071 ✅ 正常           
  dis_proj_layer0               0.027464     0.000081 ✅ 正常           
================================================================================

Epoch 550, Total Loss: 13.8373, Recover Loss: 0.8115, miRNA CL: 6.6319, Disease CL: 6.1442, Inter-view (est): 2.9483, Recon Loss: 0.0260, Time: 452.74s
[INFO] Hypergraph updated at epoch 600

🔧 Epoch 600 梯度检查:
================================================================================

  参数名称                              梯度范数         梯度均值 状态             
  ----------------------------------------------------------------------
  type_relations                0.119812     0.002156 ✅ 正常           
  exist_relation                0.016209     0.000629 ✅ 正常           
  mi_proj_layer0                0.021692     0.000063 ✅ 正常           
  dis_proj_layer0               0.021837     0.000069 ✅ 正常           
================================================================================

Epoch 600, Total Loss: 13.7939, Recover Loss: 0.8001, miRNA CL: 6.6149, Disease CL: 6.1308, Inter-view (est): 2.9413, Recon Loss: 0.0261, Time: 487.24s
[INFO] Hypergraph updated at epoch 650

🔧 Epoch 650 梯度检查:
================================================================================

  参数名称                              梯度范数         梯度均值 状态             
  ----------------------------------------------------------------------
  type_relations                0.123839     0.002238 ✅ 正常           
  exist_relation                0.016599     0.000634 ✅ 正常           
  mi_proj_layer0                0.018363     0.000057 ✅ 正常           
  dis_proj_layer0               0.020775     0.000065 ✅ 正常           
================================================================================

Epoch 650, Total Loss: 13.7573, Recover Loss: 0.7961, miRNA CL: 6.5936, Disease CL: 6.1211, Inter-view (est): 2.9342, Recon Loss: 0.0258, Time: 522.20s

================================================================================
Training completed. Running final test...
================================================================================
Fold 5 completed - AUC: 0.9784, Top-1 F1: 0.5603
Fold 5 training time: 523.02 seconds
Average binary metrics across folds: [[0.97536979 0.97005749 0.93064768 0.92873134 0.95656716 0.90089552
  0.90691024]]
🎯 Average Top-1 metrics across folds: {'top1_precision': 0.5664179104477612, 'top1_recall': np.float64(0.6199167317665438), 'top1_f1': np.float64(0.5917679509275194)}

📊 CV_type Style Metrics Details:
  AUC            : 0.9754
  AUPR           : 0.9701
  F1             : 0.9306
  Accuracy       : 0.9287
  Recall         : 0.9566
  Specificity    : 0.9009
  Precision      : 0.9069

🎯 Top-1 Metrics Details:
  top1_precision : 0.5664
  top1_recall    : 0.6199
  top1_f1        : 0.5918

Total execution time: 2562.77 seconds

==========================================================================================
🎯 FINAL COMPREHENSIVE RESULTS WITH TOP-1 METRICS
==========================================================================================
📊 Binary Classification Metrics (Original):
  AUC: 0.9754
  AUPR: 0.9701
  F1: 0.9306
  Accuracy: 0.9287
  Recall: 0.9566
  Specificity: 0.9009
  Precision: 0.9069

🎯 CV_type Style Metrics (Enhanced):
  AUC: 0.9754
  AUPR: 0.9701
  F1: 0.9306
  Accuracy: 0.9287
  Recall: 0.9566
  Specificity: 0.9009
  Precision: 0.9069

🏆 Top-1 Metrics (NEW):
  Top-1 Precision: 0.5664
  Top-1 Recall: 0.6199
  Top-1 F1: 0.5918
==========================================================================================

[Phase 2/2] Multi-seed verify best config (K=7, seeds 42 and 7)
----------------------------------------------------------------

K_neigs=7 (seed=42)
[CPU] torch.set_num_threads(14), interop=min(4, 14)
Using device: cpu
[INFO] Auto-computed BALANCED class weights (to prevent class collapse):
  Circulation  (367 samples): 0.780
  Epigenetics  (157 samples): 1.823
  Target       (293 samples): 0.977
  Genetics     (681 samples): 0.420
  [NOTE] Higher weights for minority classes to prevent model from only predicting majority class
[INFO] Using v2.0_495m383D dataset:
  miRNAs: 495
  Diseases: 383
  Expected associations: ~1498
  Types: 4 (Circulation, Epigenetics, Target, Genetics)

================================================================================
Configuration Summary
================================================================================
Dataset: v2.0_495m383D
Data Path: ./
Model: HeterogenousGraphCLAMIR
  - HGT Layers: 2
  - Attention Heads: 4
  - Association Types: 4
  - Inter-view CL: Enabled
    - Weight: 0.3
    - Temperature: 0.5
    - Margin: 0.5

Training:
  - Epochs: 650
  - Learning Rate: 0.0001
  - Dropout: 0.3
  - Weight Decay: 5e-05
  - Focal Loss: Enabled

Evaluation:
  - Cross-Validation Folds: 5
  - Primary Metric: AUPR

Device: cpu
Random Seed: 42
================================================================================

[SEED] Re-seeded với args.seed = 42
🚀 Running with comprehensive evaluation including Top-1 metrics...
🎯 Loading dual-view data...
Starting dual-view data preparation with new file format...
Loading all similarity and feature files from v2.0_495m383D...
✅ Loaded disease semantic similarity from D_SSM1.txt: (383, 383)
✅ Loaded miRNA functional similarity from M_FSM.txt: (495, 495)
✅ Loaded multi-type association pairs from ./v2.0_495m383D\multi_all_mirna_disease_pairs_without_negative.csv: (1679, 3)
✅ Created multi-type association matrix: (495, 383)
📊 Multi-type Association Statistics:
   无关联 (No association): 188087 pairs (99.21%)
   循环类型 (Circulation): 367 pairs (0.19%)
   表观遗传学 (Epigenetics): 157 pairs (0.08%)
   靶标类型 (Target): 293 pairs (0.15%)
   遗传学类型 (Genetics): 681 pairs (0.36%)
✅ Created association matrix from CSV: (495, 383)
✅ Loaded disease-gene features from D_SSM2.txt: torch.Size([383, 383])
✅ Loaded miRNA-sequence features from M_GSM.txt: torch.Size([495, 495])
Processing integrated similarity matrices...
Loaded similarity matrices from cache
Processing indices...
Loaded indices from cache (seed=42)
✅ Dual-view data preparation completed in 0.50 seconds

============================================================
🎯 DUAL-VIEW CONFIGURATION SUMMARY (v2.0_495m383D)
============================================================
miRNA Dual Views:
  📊 View 1 (Sequence): M_GSM.txt torch.Size([495, 495])
  📊 View 2 (Function): M_FSM.txt torch.Size([495, 495])

Disease Dual Views:
  📊 View 1 (Gene): D_SSM2.txt torch.Size([383, 383])
  📊 View 2 (Semantic): D_SSM1.txt torch.Size([383, 383])

Association Matrix: torch.Size([495, 383])
Data source: v2.0_495m383D (495 miRNAs × 383 Diseases)
============================================================
Preloading dual-view data to device...
✅ Loaded disease-gene features to device: torch.Size([383, 383])
✅ Loaded miRNA-sequence features to device: torch.Size([495, 495])
✅ Loaded disease semantic similarity to device: torch.Size([383, 383])
✅ Loaded miRNA functional similarity to device: torch.Size([495, 495])
✅ Dual-view data preloading completed in 0.00 seconds
OptimizedDataset initialized with 5 folds
Using device: cpu
=== Cross Validation Fold 1/5 ===
Using hidden dimensions: [256, 256] with 4 attention heads
优化模型初始化: miRNA数量 = 495, 疾病数量 = 383
   节点维度: 256 → 128
   类型数量: 4
   Temperature: 2.0 (可学习)
   Loss mode: two_head
   loss_mode=two_head
   exist_weight=0.300, type_weight=0.700

✅ SimplifiedMultiTypeAssociationLoss 初始化 (改进版)
   类别权重 (beta=0.99999): ['0.780', '1.822', '0.977', '0.421']
Original positive index shape: torch.Size([1072, 2])
Original negative index shape: torch.Size([135416, 2])
采样后负样本数量: 10720
🎯 Building TRUE DUAL VIEWS from four different sources...
📊 Data sources loaded:
  Disease semantic: torch.Size([383, 383])
  miRNA functional: torch.Size([495, 495])
  Disease-gene: torch.Size([383, 383])
  miRNA-sequence: torch.Size([495, 495])
🧬 Building miRNA dual-view hypergraphs...
  📊 miRNA View 1 (Sequence): torch.Size([495, 878])
  📊 miRNA View 2 (Function): torch.Size([495, 878])
🦠 Building disease dual-view hypergraphs...
  📊 Disease View 1 (Gene): torch.Size([383, 878])
  📊 Disease View 2 (Semantic): torch.Size([383, 878])
✅ Successfully built TRUE DUAL VIEWS:
   🧬 miRNA: Sequence Features (m_ss.xlsx) vs Functional Similarity (mi_fun_sim_2.0.csv)
   🦠 Disease: Gene Features (d_gs.xlsx) vs Semantic Similarity (dis_sem_sim_2.0.csv)

🔧 Epoch 1 梯度检查:
================================================================================

  参数名称                              梯度范数         梯度均值 状态             
  ----------------------------------------------------------------------
  type_relations                0.060874     0.001816 ✅ 正常           
  exist_relation                0.159746     0.008587 ✅ 正常           
  mi_proj_layer0                0.488081     0.001362 ✅ 正常           
  dis_proj_layer0               0.472067     0.001519 ✅ 正常           
================================================================================

Epoch 1, Total Loss: 20.4199, Recover Loss: 1.0733, miRNA CL: 9.0584, Disease CL: 8.4409, Inter-view (est): 4.0383, Recon Loss: 1.5495, Time: 0.77s
[INFO] Hypergraph updated at epoch 5
[INFO] Hypergraph updated at epoch 10
[INFO] Hypergraph updated at epoch 15
[INFO] Hypergraph updated at epoch 20
[INFO] Hypergraph updated at epoch 25
[INFO] Hypergraph updated at epoch 30
[INFO] Hypergraph updated at epoch 35
[INFO] Hypergraph updated at epoch 40
[INFO] Hypergraph updated at epoch 45
[INFO] Hypergraph updated at epoch 50

🔧 Epoch 50 梯度检查:
================================================================================

  参数名称                              梯度范数         梯度均值 状态             
  ----------------------------------------------------------------------
  type_relations                0.062817     0.001844 ✅ 正常           
  exist_relation                0.013729     0.000841 ✅ 正常           
  mi_proj_layer0                0.021628     0.000076 ✅ 正常           
  dis_proj_layer0               0.023825     0.000085 ✅ 正常           
================================================================================

Epoch 50, Total Loss: 17.1516, Recover Loss: 1.0091, miRNA CL: 7.9762, Disease CL: 7.7518, Inter-view (est): 3.6295, Recon Loss: 0.1323, Time: 102.40s
[INFO] Hypergraph updated at epoch 100

🔧 Epoch 100 梯度检查:
================================================================================

  参数名称                              梯度范数         梯度均值 状态             
  ----------------------------------------------------------------------
  type_relations                0.147926     0.002751 ✅ 正常           
  exist_relation                0.018498     0.000767 ✅ 正常           
  mi_proj_layer0                0.024561     0.000082 ✅ 正常           
  dis_proj_layer0               0.028085     0.000087 ✅ 正常           
================================================================================

Epoch 100, Total Loss: 15.8874, Recover Loss: 0.9862, miRNA CL: 7.6719, Disease CL: 6.9365, Inter-view (est): 3.3712, Recon Loss: 0.0308, Time: 138.43s
[INFO] Hypergraph updated at epoch 150

🔧 Epoch 150 梯度检查:
================================================================================

  参数名称                              梯度范数         梯度均值 状态             
  ----------------------------------------------------------------------
  type_relations                0.181770     0.003073 ✅ 正常           
  exist_relation                0.023146     0.000799 ✅ 正常           
  mi_proj_layer0                0.027050     0.000083 ✅ 正常           
  dis_proj_layer0               0.025792     0.000079 ✅ 正常           
================================================================================

Epoch 150, Total Loss: 15.1405, Recover Loss: 0.9470, miRNA CL: 7.3628, Disease CL: 6.5535, Inter-view (est): 3.2114, Recon Loss: 0.0293, Time: 173.08s
[INFO] Hypergraph updated at epoch 200

🔧 Epoch 200 梯度检查:
================================================================================

  参数名称                              梯度范数         梯度均值 状态             
  ----------------------------------------------------------------------
  type_relations                0.176640     0.002905 ✅ 正常           
  exist_relation                0.027506     0.000876 ✅ 正常           
  mi_proj_layer0                0.027862     0.000088 ✅ 正常           
  dis_proj_layer0               0.023161     0.000074 ✅ 正常           
================================================================================

Epoch 200, Total Loss: 14.7102, Recover Loss: 0.9139, miRNA CL: 7.1196, Disease CL: 6.4097, Inter-view (est): 3.1222, Recon Loss: 0.0278, Time: 207.12s
[INFO] Hypergraph updated at epoch 250

🔧 Epoch 250 梯度检查:
================================================================================

  参数名称                              梯度范数         梯度均值 状态             
  ----------------------------------------------------------------------
  type_relations                0.170190     0.002830 ✅ 正常           
  exist_relation                0.027264     0.000964 ✅ 正常           
  mi_proj_layer0                0.024022     0.000074 ✅ 正常           
  dis_proj_layer0               0.025236     0.000076 ✅ 正常           
================================================================================

Epoch 250, Total Loss: 14.4322, Recover Loss: 0.8756, miRNA CL: 6.9824, Disease CL: 6.3131, Inter-view (est): 3.0682, Recon Loss: 0.0283, Time: 241.22s
[INFO] Hypergraph updated at epoch 300

🔧 Epoch 300 梯度检查:
================================================================================

  参数名称                              梯度范数         梯度均值 状态             
  ----------------------------------------------------------------------
  type_relations                0.145234     0.002491 ✅ 正常           
  exist_relation                0.019176     0.000682 ✅ 正常           
  mi_proj_layer0                0.024085     0.000070 ✅ 正常           
  dis_proj_layer0               0.023030     0.000070 ✅ 正常           
================================================================================

Epoch 300, Total Loss: 14.2751, Recover Loss: 0.8539, miRNA CL: 6.9023, Disease CL: 6.2634, Inter-view (est): 3.0382, Recon Loss: 0.0266, Time: 276.09s
[INFO] Hypergraph updated at epoch 350

🔧 Epoch 350 梯度检查:
================================================================================

  参数名称                              梯度范数         梯度均值 状态             
  ----------------------------------------------------------------------
  type_relations                0.134079     0.002264 ✅ 正常           
  exist_relation                0.021491     0.000760 ✅ 正常           
  mi_proj_layer0                0.020638     0.000062 ✅ 正常           
  dis_proj_layer0               0.020831     0.000064 ✅ 正常           
================================================================================

Epoch 350, Total Loss: 14.1760, Recover Loss: 0.8415, miRNA CL: 6.8455, Disease CL: 6.2364, Inter-view (est): 3.0189, Recon Loss: 0.0259, Time: 310.42s
[INFO] Hypergraph updated at epoch 400

🔧 Epoch 400 梯度检查:
================================================================================

  参数名称                              梯度范数         梯度均值 状态             
  ----------------------------------------------------------------------
  type_relations                0.154127     0.002682 ✅ 正常           
  exist_relation                0.019989     0.000671 ✅ 正常           
  mi_proj_layer0                0.022040     0.000068 ✅ 正常           
  dis_proj_layer0               0.022548     0.000070 ✅ 正常           
================================================================================

Epoch 400, Total Loss: 14.0830, Recover Loss: 0.8318, miRNA CL: 6.7855, Disease CL: 6.2147, Inter-view (est): 3.0000, Recon Loss: 0.0266, Time: 345.50s
[INFO] Hypergraph updated at epoch 450

🔧 Epoch 450 梯度检查:
================================================================================

  参数名称                              梯度范数         梯度均值 状态             
  ----------------------------------------------------------------------
  type_relations                0.148068     0.002452 ✅ 正常           
  exist_relation                0.024984     0.000920 ✅ 正常           
  mi_proj_layer0                0.022645     0.000068 ✅ 正常           
  dis_proj_layer0               0.022568     0.000069 ✅ 正常           
================================================================================

Epoch 450, Total Loss: 14.0113, Recover Loss: 0.8295, miRNA CL: 6.7338, Disease CL: 6.1987, Inter-view (est): 2.9844, Recon Loss: 0.0265, Time: 379.85s
[INFO] Hypergraph updated at epoch 500

🔧 Epoch 500 梯度检查:
================================================================================

  参数名称                              梯度范数         梯度均值 状态             
  ----------------------------------------------------------------------
  type_relations                0.125085     0.002101 ✅ 正常           
  exist_relation                0.034666     0.001261 ✅ 正常           
  mi_proj_layer0                0.022300     0.000068 ✅ 正常           
  dis_proj_layer0               0.020131     0.000064 ✅ 正常           
================================================================================

Epoch 500, Total Loss: 13.9410, Recover Loss: 0.8127, miRNA CL: 6.6942, Disease CL: 6.1865, Inter-view (est): 2.9725, Recon Loss: 0.0262, Time: 415.01s
[INFO] Hypergraph updated at epoch 550

🔧 Epoch 550 梯度检查:
================================================================================

  参数名称                              梯度范数         梯度均值 状态             
  ----------------------------------------------------------------------
  type_relations                0.125845     0.002156 ✅ 正常           
  exist_relation                0.025198     0.000863 ✅ 正常           
  mi_proj_layer0                0.021814     0.000065 ✅ 正常           
  dis_proj_layer0               0.023719     0.000070 ✅ 正常           
================================================================================

Epoch 550, Total Loss: 13.9021, Recover Loss: 0.8128, miRNA CL: 6.6668, Disease CL: 6.1761, Inter-view (est): 2.9637, Recon Loss: 0.0261, Time: 449.31s
[INFO] Hypergraph updated at epoch 600

🔧 Epoch 600 梯度检查:
================================================================================

  参数名称                              梯度范数         梯度均值 状态             
  ----------------------------------------------------------------------
  type_relations                0.118619     0.002012 ✅ 正常           
  exist_relation                0.019778     0.000718 ✅ 正常           
  mi_proj_layer0                0.028199     0.000075 ✅ 正常           
  dis_proj_layer0               0.026733     0.000074 ✅ 正常           
================================================================================

Epoch 600, Total Loss: 13.8615, Recover Loss: 0.8056, miRNA CL: 6.6445, Disease CL: 6.1664, Inter-view (est): 2.9564, Recon Loss: 0.0259, Time: 483.99s
[INFO] Hypergraph updated at epoch 650

🔧 Epoch 650 梯度检查:
================================================================================

  参数名称                              梯度范数         梯度均值 状态             
  ----------------------------------------------------------------------
  type_relations                0.136259     0.002259 ✅ 正常           
  exist_relation                0.018959     0.000635 ✅ 正常           
  mi_proj_layer0                0.029134     0.000078 ✅ 正常           
  dis_proj_layer0               0.031093     0.000085 ✅ 正常           
================================================================================

Epoch 650, Total Loss: 13.8286, Recover Loss: 0.8035, miRNA CL: 6.6249, Disease CL: 6.1566, Inter-view (est): 2.9496, Recon Loss: 0.0255, Time: 518.88s

================================================================================
Training completed. Running final test...
================================================================================
Fold 1 completed - AUC: 0.9758, Top-1 F1: 0.6034
Fold 1 training time: 520.00 seconds
=== Cross Validation Fold 2/5 ===
Using hidden dimensions: [256, 256] with 4 attention heads
优化模型初始化: miRNA数量 = 495, 疾病数量 = 383
   节点维度: 256 → 128
   类型数量: 4
   Temperature: 2.0 (可学习)
   Loss mode: two_head
   loss_mode=two_head
   exist_weight=0.300, type_weight=0.700

✅ SimplifiedMultiTypeAssociationLoss 初始化 (改进版)
   类别权重 (beta=0.99999): ['0.780', '1.822', '0.977', '0.421']
Original positive index shape: torch.Size([1072, 2])
Original negative index shape: torch.Size([135416, 2])
采样后负样本数量: 10720
🎯 Building TRUE DUAL VIEWS from four different sources...
📊 Data sources loaded:
  Disease semantic: torch.Size([383, 383])
  miRNA functional: torch.Size([495, 495])
  Disease-gene: torch.Size([383, 383])
  miRNA-sequence: torch.Size([495, 495])
🧬 Building miRNA dual-view hypergraphs...
  📊 miRNA View 1 (Sequence): torch.Size([495, 878])
  📊 miRNA View 2 (Function): torch.Size([495, 878])
🦠 Building disease dual-view hypergraphs...
  📊 Disease View 1 (Gene): torch.Size([383, 878])
  📊 Disease View 2 (Semantic): torch.Size([383, 878])
✅ Successfully built TRUE DUAL VIEWS:
   🧬 miRNA: Sequence Features (m_ss.xlsx) vs Functional Similarity (mi_fun_sim_2.0.csv)
   🦠 Disease: Gene Features (d_gs.xlsx) vs Semantic Similarity (dis_sem_sim_2.0.csv)

🔧 Epoch 1 梯度检查:
================================================================================

  参数名称                              梯度范数         梯度均值 状态             
  ----------------------------------------------------------------------
  type_relations                0.055106     0.001708 ✅ 正常           
  exist_relation                0.278132     0.016608 ✅ 正常           
  mi_proj_layer0                0.936391     0.002732 ✅ 正常           
  dis_proj_layer0               0.946004     0.003075 ✅ 正常           
================================================================================

Epoch 1, Total Loss: 20.2109, Recover Loss: 1.0957, miRNA CL: 8.9063, Disease CL: 8.4264, Inter-view (est): 3.9999, Recon Loss: 1.4843, Time: 0.68s
[INFO] Hypergraph updated at epoch 5
[INFO] Hypergraph updated at epoch 10
[INFO] Hypergraph updated at epoch 15
[INFO] Hypergraph updated at epoch 20
[INFO] Hypergraph updated at epoch 25
[INFO] Hypergraph updated at epoch 30
[INFO] Hypergraph updated at epoch 35
[INFO] Hypergraph updated at epoch 40
[INFO] Hypergraph updated at epoch 45
[INFO] Hypergraph updated at epoch 50

🔧 Epoch 50 梯度检查:
================================================================================

  参数名称                              梯度范数         梯度均值 状态             
  ----------------------------------------------------------------------
  type_relations                0.070867     0.001888 ✅ 正常           
  exist_relation                0.012795     0.000750 ✅ 正常           
  mi_proj_layer0                0.019580     0.000073 ✅ 正常           
  dis_proj_layer0               0.020916     0.000076 ✅ 正常           
================================================================================

Epoch 50, Total Loss: 17.0163, Recover Loss: 1.0063, miRNA CL: 7.9673, Disease CL: 7.6223, Inter-view (est): 3.5976, Recon Loss: 0.1380, Time: 98.05s
[INFO] Hypergraph updated at epoch 100

🔧 Epoch 100 梯度检查:
================================================================================

  参数名称                              梯度范数         梯度均值 状态             
  ----------------------------------------------------------------------
  type_relations                0.113250     0.002440 ✅ 正常           
  exist_relation                0.014794     0.000646 ✅ 正常           
  mi_proj_layer0                0.022486     0.000076 ✅ 正常           
  dis_proj_layer0               0.022238     0.000074 ✅ 正常           
================================================================================

Epoch 100, Total Loss: 15.9210, Recover Loss: 0.9880, miRNA CL: 7.6803, Disease CL: 6.9572, Inter-view (est): 3.3779, Recon Loss: 0.0327, Time: 135.08s
[INFO] Hypergraph updated at epoch 150

🔧 Epoch 150 梯度检查:
================================================================================

  参数名称                              梯度范数         梯度均值 状态             
  ----------------------------------------------------------------------
  type_relations                0.184757     0.003339 ✅ 正常           
  exist_relation                0.018929     0.000713 ✅ 正常           
  mi_proj_layer0                0.023276     0.000078 ✅ 正常           
  dis_proj_layer0               0.025093     0.000076 ✅ 正常           
================================================================================

Epoch 150, Total Loss: 15.1296, Recover Loss: 0.9531, miRNA CL: 7.3519, Disease CL: 6.5455, Inter-view (est): 3.2071, Recon Loss: 0.0304, Time: 169.70s
[INFO] Hypergraph updated at epoch 200

🔧 Epoch 200 梯度检查:
================================================================================

  参数名称                              梯度范数         梯度均值 状态             
  ----------------------------------------------------------------------
  type_relations                0.168048     0.002793 ✅ 正常           
  exist_relation                0.019638     0.000667 ✅ 正常           
  mi_proj_layer0                0.022236     0.000071 ✅ 正常           
  dis_proj_layer0               0.021789     0.000068 ✅ 正常           
================================================================================

Epoch 200, Total Loss: 14.7056, Recover Loss: 0.9260, miRNA CL: 7.1039, Disease CL: 6.4070, Inter-view (est): 3.1179, Recon Loss: 0.0295, Time: 204.18s
[INFO] Hypergraph updated at epoch 250

🔧 Epoch 250 梯度检查:
================================================================================

  参数名称                              梯度范数         梯度均值 状态             
  ----------------------------------------------------------------------
  type_relations                0.177536     0.002793 ✅ 正常           
  exist_relation                0.027728     0.000903 ✅ 正常           
  mi_proj_layer0                0.025604     0.000078 ✅ 正常           
  dis_proj_layer0               0.021239     0.000065 ✅ 正常           
================================================================================

Epoch 250, Total Loss: 14.4526, Recover Loss: 0.8945, miRNA CL: 6.9799, Disease CL: 6.3172, Inter-view (est): 3.0686, Recon Loss: 0.0282, Time: 238.74s
[INFO] Hypergraph updated at epoch 300

🔧 Epoch 300 梯度检查:
================================================================================

  参数名称                              梯度范数         梯度均值 状态             
  ----------------------------------------------------------------------
  type_relations                0.159021     0.002554 ✅ 正常           
  exist_relation                0.022571     0.000683 ✅ 正常           
  mi_proj_layer0                0.024974     0.000072 ✅ 正常           
  dis_proj_layer0               0.021856     0.000064 ✅ 正常           
================================================================================

Epoch 300, Total Loss: 14.2794, Recover Loss: 0.8715, miRNA CL: 6.8930, Disease CL: 6.2588, Inter-view (est): 3.0350, Recon Loss: 0.0276, Time: 273.45s
[INFO] Hypergraph updated at epoch 350

🔧 Epoch 350 梯度检查:
================================================================================

  参数名称                              梯度范数         梯度均值 状态             
  ----------------------------------------------------------------------
  type_relations                0.150805     0.002333 ✅ 正常           
  exist_relation                0.013766     0.000526 ✅ 正常           
  mi_proj_layer0                0.021764     0.000068 ✅ 正常           
  dis_proj_layer0               0.020405     0.000065 ✅ 正常           
================================================================================

Epoch 350, Total Loss: 14.1484, Recover Loss: 0.8535, miRNA CL: 6.8208, Disease CL: 6.2217, Inter-view (est): 3.0098, Recon Loss: 0.0268, Time: 307.42s
[INFO] Hypergraph updated at epoch 400

🔧 Epoch 400 梯度检查:
================================================================================

  参数名称                              梯度范数         梯度均值 状态             
  ----------------------------------------------------------------------
  type_relations                0.123712     0.002016 ✅ 正常           
  exist_relation                0.014098     0.000518 ✅ 正常           
  mi_proj_layer0                0.016856     0.000054 ✅ 正常           
  dis_proj_layer0               0.022427     0.000066 ✅ 正常           
================================================================================

Epoch 400, Total Loss: 14.0592, Recover Loss: 0.8401, miRNA CL: 6.7659, Disease CL: 6.2029, Inter-view (est): 2.9928, Recon Loss: 0.0264, Time: 342.25s
[INFO] Hypergraph updated at epoch 450

🔧 Epoch 450 梯度检查:
================================================================================

  参数名称                              梯度范数         梯度均值 状态             
  ----------------------------------------------------------------------
  type_relations                0.127830     0.002028 ✅ 正常           
  exist_relation                0.015083     0.000546 ✅ 正常           
  mi_proj_layer0                0.018233     0.000056 ✅ 正常           
  dis_proj_layer0               0.018876     0.000059 ✅ 正常           
================================================================================

Epoch 450, Total Loss: 13.9970, Recover Loss: 0.8355, miRNA CL: 6.7249, Disease CL: 6.1876, Inter-view (est): 2.9798, Recon Loss: 0.0263, Time: 376.68s
[INFO] Hypergraph updated at epoch 500

🔧 Epoch 500 梯度检查:
================================================================================

  参数名称                              梯度范数         梯度均值 状态             
  ----------------------------------------------------------------------
  type_relations                0.117057     0.002039 ✅ 正常           
  exist_relation                0.021072     0.000648 ✅ 正常           
  mi_proj_layer0                0.018582     0.000057 ✅ 正常           
  dis_proj_layer0               0.019962     0.000062 ✅ 正常           
================================================================================

Epoch 500, Total Loss: 13.9444, Recover Loss: 0.8334, miRNA CL: 6.6898, Disease CL: 6.1741, Inter-view (est): 2.9686, Recon Loss: 0.0259, Time: 411.22s
[INFO] Hypergraph updated at epoch 550

🔧 Epoch 550 梯度检查:
================================================================================

  参数名称                              梯度范数         梯度均值 状态             
  ----------------------------------------------------------------------
  type_relations                0.126516     0.002114 ✅ 正常           
  exist_relation                0.018428     0.000664 ✅ 正常           
  mi_proj_layer0                0.019378     0.000059 ✅ 正常           
  dis_proj_layer0               0.020236     0.000060 ✅ 正常           
================================================================================

Epoch 550, Total Loss: 13.9140, Recover Loss: 0.8242, miRNA CL: 6.6810, Disease CL: 6.1626, Inter-view (est): 2.9639, Recon Loss: 0.0262, Time: 446.16s
[INFO] Hypergraph updated at epoch 600

🔧 Epoch 600 梯度检查:
================================================================================

  参数名称                              梯度范数         梯度均值 状态             
  ----------------------------------------------------------------------
  type_relations                0.116738     0.002094 ✅ 正常           
  exist_relation                0.014802     0.000526 ✅ 正常           
  mi_proj_layer0                0.020078     0.000062 ✅ 正常           
  dis_proj_layer0               0.019438     0.000061 ✅ 正常           
================================================================================

Epoch 600, Total Loss: 13.8825, Recover Loss: 0.8245, miRNA CL: 6.6568, Disease CL: 6.1553, Inter-view (est): 2.9566, Recon Loss: 0.0269, Time: 480.68s
[INFO] Hypergraph updated at epoch 650

🔧 Epoch 650 梯度检查:
================================================================================

  参数名称                              梯度范数         梯度均值 状态             
  ----------------------------------------------------------------------
  type_relations                0.110430     0.001944 ✅ 正常           
  exist_relation                0.014819     0.000519 ✅ 正常           
  mi_proj_layer0                0.017332     0.000053 ✅ 正常           
  dis_proj_layer0               0.018429     0.000057 ✅ 正常           
================================================================================

Epoch 650, Total Loss: 13.8459, Recover Loss: 0.8144, miRNA CL: 6.6395, Disease CL: 6.1479, Inter-view (est): 2.9509, Recon Loss: 0.0258, Time: 515.09s

================================================================================
Training completed. Running final test...
================================================================================
Fold 2 completed - AUC: 0.9762, Top-1 F1: 0.4846
Fold 2 training time: 515.88 seconds
=== Cross Validation Fold 3/5 ===
Using hidden dimensions: [256, 256] with 4 attention heads
优化模型初始化: miRNA数量 = 495, 疾病数量 = 383
   节点维度: 256 → 128
   类型数量: 4
   Temperature: 2.0 (可学习)
   Loss mode: two_head
   loss_mode=two_head
   exist_weight=0.300, type_weight=0.700

✅ SimplifiedMultiTypeAssociationLoss 初始化 (改进版)
   类别权重 (beta=0.99999): ['0.780', '1.822', '0.977', '0.421']
Original positive index shape: torch.Size([1072, 2])
Original negative index shape: torch.Size([135416, 2])
采样后负样本数量: 10720
🎯 Building TRUE DUAL VIEWS from four different sources...
📊 Data sources loaded:
  Disease semantic: torch.Size([383, 383])
  miRNA functional: torch.Size([495, 495])
  Disease-gene: torch.Size([383, 383])
  miRNA-sequence: torch.Size([495, 495])
🧬 Building miRNA dual-view hypergraphs...
  📊 miRNA View 1 (Sequence): torch.Size([495, 878])
  📊 miRNA View 2 (Function): torch.Size([495, 878])
🦠 Building disease dual-view hypergraphs...
  📊 Disease View 1 (Gene): torch.Size([383, 878])
  📊 Disease View 2 (Semantic): torch.Size([383, 878])
✅ Successfully built TRUE DUAL VIEWS:
   🧬 miRNA: Sequence Features (m_ss.xlsx) vs Functional Similarity (mi_fun_sim_2.0.csv)
   🦠 Disease: Gene Features (d_gs.xlsx) vs Semantic Similarity (dis_sem_sim_2.0.csv)

🔧 Epoch 1 梯度检查:
================================================================================

  参数名称                              梯度范数         梯度均值 状态             
  ----------------------------------------------------------------------
  type_relations                0.054987     0.001721 ✅ 正常           
  exist_relation                0.304449     0.018391 ✅ 正常           
  mi_proj_layer0                1.020048     0.003269 ✅ 正常           
  dis_proj_layer0               1.118989     0.003302 ✅ 正常           
================================================================================

Epoch 1, Total Loss: 20.2511, Recover Loss: 1.1087, miRNA CL: 8.8790, Disease CL: 8.4349, Inter-view (est): 3.9955, Recon Loss: 1.5303, Time: 0.65s
[INFO] Hypergraph updated at epoch 5
[INFO] Hypergraph updated at epoch 10
[INFO] Hypergraph updated at epoch 15
[INFO] Hypergraph updated at epoch 20
[INFO] Hypergraph updated at epoch 25
[INFO] Hypergraph updated at epoch 30
[INFO] Hypergraph updated at epoch 35
[INFO] Hypergraph updated at epoch 40
[INFO] Hypergraph updated at epoch 45
[INFO] Hypergraph updated at epoch 50

🔧 Epoch 50 梯度检查:
================================================================================

  参数名称                              梯度范数         梯度均值 状态             
  ----------------------------------------------------------------------
  type_relations                0.061308     0.001881 ✅ 正常           
  exist_relation                0.011089     0.000728 ✅ 正常           
  mi_proj_layer0                0.021175     0.000079 ✅ 正常           
  dis_proj_layer0               0.026328     0.000090 ✅ 正常           
================================================================================

Epoch 50, Total Loss: 17.0807, Recover Loss: 1.0088, miRNA CL: 7.9854, Disease CL: 7.6798, Inter-view (est): 3.6151, Recon Loss: 0.1238, Time: 98.71s
[INFO] Hypergraph updated at epoch 100

🔧 Epoch 100 梯度检查:
================================================================================

  参数名称                              梯度范数         梯度均值 状态             
  ----------------------------------------------------------------------
  type_relations                0.134617     0.002815 ✅ 正常           
  exist_relation                0.021987     0.000927 ✅ 正常           
  mi_proj_layer0                0.020898     0.000075 ✅ 正常           
  dis_proj_layer0               0.029654     0.000096 ✅ 正常           
================================================================================

Epoch 100, Total Loss: 15.8936, Recover Loss: 0.9885, miRNA CL: 7.6796, Disease CL: 6.9300, Inter-view (est): 3.3714, Recon Loss: 0.0319, Time: 135.60s
[INFO] Hypergraph updated at epoch 150

🔧 Epoch 150 梯度检查:
================================================================================

  参数名称                              梯度范数         梯度均值 状态             
  ----------------------------------------------------------------------
  type_relations                0.166268     0.002903 ✅ 正常           
  exist_relation                0.023977     0.000981 ✅ 正常           
  mi_proj_layer0                0.021279     0.000076 ✅ 正常           
  dis_proj_layer0               0.024984     0.000084 ✅ 正常           
================================================================================

Epoch 150, Total Loss: 15.0852, Recover Loss: 0.9471, miRNA CL: 7.3473, Disease CL: 6.5108, Inter-view (est): 3.1980, Recon Loss: 0.0298, Time: 170.11s
[INFO] Hypergraph updated at epoch 200

🔧 Epoch 200 梯度检查:
================================================================================

  参数名称                              梯度范数         梯度均值 状态             
  ----------------------------------------------------------------------
  type_relations                0.187295     0.003274 ✅ 正常           
  exist_relation                0.018462     0.000732 ✅ 正常           
  mi_proj_layer0                0.022753     0.000074 ✅ 正常           
  dis_proj_layer0               0.028342     0.000090 ✅ 正常           
================================================================================

Epoch 200, Total Loss: 14.6519, Recover Loss: 0.9183, miRNA CL: 7.1090, Disease CL: 6.3535, Inter-view (est): 3.1067, Recon Loss: 0.0294, Time: 204.84s
[INFO] Hypergraph updated at epoch 250

🔧 Epoch 250 梯度检查:
================================================================================

  参数名称                              梯度范数         梯度均值 状态             
  ----------------------------------------------------------------------
  type_relations                0.165670     0.002836 ✅ 正常           
  exist_relation                0.029013     0.000929 ✅ 正常           
  mi_proj_layer0                0.020016     0.000066 ✅ 正常           
  dis_proj_layer0               0.022788     0.000073 ✅ 正常           
================================================================================

Epoch 250, Total Loss: 14.4556, Recover Loss: 0.8925, miRNA CL: 7.0045, Disease CL: 6.2943, Inter-view (est): 3.0690, Recon Loss: 0.0277, Time: 238.89s
[INFO] Hypergraph updated at epoch 300

🔧 Epoch 300 梯度检查:
================================================================================

  参数名称                              梯度范数         梯度均值 状态             
  ----------------------------------------------------------------------
  type_relations                0.156942     0.002508 ✅ 正常           
  exist_relation                0.018996     0.000677 ✅ 正常           
  mi_proj_layer0                0.017615     0.000056 ✅ 正常           
  dis_proj_layer0               0.021735     0.000067 ✅ 正常           
================================================================================

Epoch 300, Total Loss: 14.2962, Recover Loss: 0.8721, miRNA CL: 6.9139, Disease CL: 6.2511, Inter-view (est): 3.0381, Recon Loss: 0.0267, Time: 273.63s
[INFO] Hypergraph updated at epoch 350

🔧 Epoch 350 梯度检查:
================================================================================

  参数名称                              梯度范数         梯度均值 状态             
  ----------------------------------------------------------------------
  type_relations                0.134950     0.002225 ✅ 正常           
  exist_relation                0.022210     0.000683 ✅ 正常           
  mi_proj_layer0                0.018208     0.000056 ✅ 正常           
  dis_proj_layer0               0.021365     0.000066 ✅ 正常           
================================================================================

Epoch 350, Total Loss: 14.1623, Recover Loss: 0.8615, miRNA CL: 6.8254, Disease CL: 6.2195, Inter-view (est): 3.0103, Recon Loss: 0.0269, Time: 308.06s
[INFO] Hypergraph updated at epoch 400

🔧 Epoch 400 梯度检查:
================================================================================

  参数名称                              梯度范数         梯度均值 状态             
  ----------------------------------------------------------------------
  type_relations                0.135892     0.002204 ✅ 正常           
  exist_relation                0.030684     0.000899 ✅ 正常           
  mi_proj_layer0                0.017641     0.000056 ✅ 正常           
  dis_proj_layer0               0.022529     0.000071 ✅ 正常           
================================================================================

Epoch 400, Total Loss: 14.0402, Recover Loss: 0.8483, miRNA CL: 6.7407, Disease CL: 6.1979, Inter-view (est): 2.9858, Recon Loss: 0.0264, Time: 342.49s
[INFO] Hypergraph updated at epoch 450

🔧 Epoch 450 梯度检查:
================================================================================

  参数名称                              梯度范数         梯度均值 状态             
  ----------------------------------------------------------------------
  type_relations                0.114857     0.001955 ✅ 正常           
  exist_relation                0.022289     0.000710 ✅ 正常           
  mi_proj_layer0                0.018056     0.000055 ✅ 正常           
  dis_proj_layer0               0.019892     0.000061 ✅ 正常           
================================================================================

Epoch 450, Total Loss: 13.9772, Recover Loss: 0.8420, miRNA CL: 6.6975, Disease CL: 6.1857, Inter-view (est): 2.9730, Recon Loss: 0.0264, Time: 377.19s
[INFO] Hypergraph updated at epoch 500

🔧 Epoch 500 梯度检查:
================================================================================

  参数名称                              梯度范数         梯度均值 状态             
  ----------------------------------------------------------------------
  type_relations                0.129166     0.002201 ✅ 正常           
  exist_relation                0.019761     0.000729 ✅ 正常           
  mi_proj_layer0                0.018247     0.000058 ✅ 正常           
  dis_proj_layer0               0.021095     0.000064 ✅ 正常           
================================================================================

Epoch 500, Total Loss: 13.9421, Recover Loss: 0.8409, miRNA CL: 6.6740, Disease CL: 6.1764, Inter-view (est): 2.9655, Recon Loss: 0.0262, Time: 412.10s
[INFO] Hypergraph updated at epoch 550

🔧 Epoch 550 梯度检查:
================================================================================

  参数名称                              梯度范数         梯度均值 状态             
  ----------------------------------------------------------------------
  type_relations                0.127792     0.002083 ✅ 正常           
  exist_relation                0.022792     0.000737 ✅ 正常           
  mi_proj_layer0                0.019518     0.000057 ✅ 正常           
  dis_proj_layer0               0.024348     0.000071 ✅ 正常           
================================================================================

Epoch 550, Total Loss: 13.8961, Recover Loss: 0.8368, miRNA CL: 6.6447, Disease CL: 6.1651, Inter-view (est): 2.9561, Recon Loss: 0.0261, Time: 447.94s
[INFO] Hypergraph updated at epoch 600

🔧 Epoch 600 梯度检查:
================================================================================

  参数名称                              梯度范数         梯度均值 状态             
  ----------------------------------------------------------------------
  type_relations                0.111540     0.001844 ✅ 正常           
  exist_relation                0.015377     0.000585 ✅ 正常           
  mi_proj_layer0                0.017210     0.000053 ✅ 正常           
  dis_proj_layer0               0.022364     0.000065 ✅ 正常           
================================================================================

Epoch 600, Total Loss: 13.8889, Recover Loss: 0.8240, miRNA CL: 6.6595, Disease CL: 6.1570, Inter-view (est): 2.9577, Recon Loss: 0.0259, Time: 483.76s
[INFO] Hypergraph updated at epoch 650

🔧 Epoch 650 梯度检查:
================================================================================

  参数名称                              梯度范数         梯度均值 状态             
  ----------------------------------------------------------------------
  type_relations                0.113726     0.001903 ✅ 正常           
  exist_relation                0.020721     0.000641 ✅ 正常           
  mi_proj_layer0                0.017510     0.000055 ✅ 正常           
  dis_proj_layer0               0.022409     0.000065 ✅ 正常           
================================================================================

Epoch 650, Total Loss: 13.8329, Recover Loss: 0.8203, miRNA CL: 6.6167, Disease CL: 6.1478, Inter-view (est): 2.9457, Recon Loss: 0.0265, Time: 520.07s

================================================================================
Training completed. Running final test...
================================================================================
Fold 3 completed - AUC: 0.9729, Top-1 F1: 0.5491
Fold 3 training time: 520.87 seconds
=== Cross Validation Fold 4/5 ===
Using hidden dimensions: [256, 256] with 4 attention heads
优化模型初始化: miRNA数量 = 495, 疾病数量 = 383
   节点维度: 256 → 128
   类型数量: 4
   Temperature: 2.0 (可学习)
   Loss mode: two_head
   loss_mode=two_head
   exist_weight=0.300, type_weight=0.700

✅ SimplifiedMultiTypeAssociationLoss 初始化 (改进版)
   类别权重 (beta=0.99999): ['0.780', '1.822', '0.977', '0.421']
Original positive index shape: torch.Size([1072, 2])
Original negative index shape: torch.Size([135416, 2])
采样后负样本数量: 10720
🎯 Building TRUE DUAL VIEWS from four different sources...
📊 Data sources loaded:
  Disease semantic: torch.Size([383, 383])
  miRNA functional: torch.Size([495, 495])
  Disease-gene: torch.Size([383, 383])
  miRNA-sequence: torch.Size([495, 495])
🧬 Building miRNA dual-view hypergraphs...
  📊 miRNA View 1 (Sequence): torch.Size([495, 878])
  📊 miRNA View 2 (Function): torch.Size([495, 878])
🦠 Building disease dual-view hypergraphs...
  📊 Disease View 1 (Gene): torch.Size([383, 878])
  📊 Disease View 2 (Semantic): torch.Size([383, 878])
✅ Successfully built TRUE DUAL VIEWS:
   🧬 miRNA: Sequence Features (m_ss.xlsx) vs Functional Similarity (mi_fun_sim_2.0.csv)
   🦠 Disease: Gene Features (d_gs.xlsx) vs Semantic Similarity (dis_sem_sim_2.0.csv)

🔧 Epoch 1 梯度检查:
================================================================================

  参数名称                              梯度范数         梯度均值 状态             
  ----------------------------------------------------------------------
  type_relations                0.073737     0.001930 ✅ 正常           
  exist_relation                0.250093     0.013362 ✅ 正常           
  mi_proj_layer0                0.875214     0.002746 ✅ 正常           
  dis_proj_layer0               1.012355     0.002258 ✅ 正常           
================================================================================

Epoch 1, Total Loss: 20.2131, Recover Loss: 1.0907, miRNA CL: 8.8777, Disease CL: 8.4345, Inter-view (est): 3.9951, Recon Loss: 1.5121, Time: 0.73s
[INFO] Hypergraph updated at epoch 5
[INFO] Hypergraph updated at epoch 10
[INFO] Hypergraph updated at epoch 15
[INFO] Hypergraph updated at epoch 20
[INFO] Hypergraph updated at epoch 25
[INFO] Hypergraph updated at epoch 30
[INFO] Hypergraph updated at epoch 35
[INFO] Hypergraph updated at epoch 40
[INFO] Hypergraph updated at epoch 45
[INFO] Hypergraph updated at epoch 50

🔧 Epoch 50 梯度检查:
================================================================================

  参数名称                              梯度范数         梯度均值 状态             
  ----------------------------------------------------------------------
  type_relations                0.073057     0.001825 ✅ 正常           
  exist_relation                0.015275     0.000956 ✅ 正常           
  mi_proj_layer0                0.025954     0.000092 ✅ 正常           
  dis_proj_layer0               0.029837     0.000100 ✅ 正常           
================================================================================

Epoch 50, Total Loss: 17.0675, Recover Loss: 1.0112, miRNA CL: 7.9868, Disease CL: 7.6788, Inter-view (est): 3.6151, Recon Loss: 0.1075, Time: 103.56s
[INFO] Hypergraph updated at epoch 100

🔧 Epoch 100 梯度检查:
================================================================================

  参数名称                              梯度范数         梯度均值 状态             
  ----------------------------------------------------------------------
  type_relations                0.146363     0.002471 ✅ 正常           
  exist_relation                0.018447     0.000676 ✅ 正常           
  mi_proj_layer0                0.020502     0.000074 ✅ 正常           
  dis_proj_layer0               0.029211     0.000092 ✅ 正常           
================================================================================

Epoch 100, Total Loss: 15.9280, Recover Loss: 0.9850, miRNA CL: 7.6790, Disease CL: 6.9684, Inter-view (est): 3.3802, Recon Loss: 0.0316, Time: 140.44s
[INFO] Hypergraph updated at epoch 150

🔧 Epoch 150 梯度检查:
================================================================================

  参数名称                              梯度范数         梯度均值 状态             
  ----------------------------------------------------------------------
  type_relations                0.186143     0.002877 ✅ 正常           
  exist_relation                0.017928     0.000682 ✅ 正常           
  mi_proj_layer0                0.022021     0.000071 ✅ 正常           
  dis_proj_layer0               0.025219     0.000080 ✅ 正常           
================================================================================

Epoch 150, Total Loss: 15.1758, Recover Loss: 0.9551, miRNA CL: 7.3975, Disease CL: 6.5415, Inter-view (est): 3.2167, Recon Loss: 0.0313, Time: 174.76s
[INFO] Hypergraph updated at epoch 200

🔧 Epoch 200 梯度检查:
================================================================================

  参数名称                              梯度范数         梯度均值 状态             
  ----------------------------------------------------------------------
  type_relations                0.192354     0.003125 ✅ 正常           
  exist_relation                0.019815     0.000702 ✅ 正常           
  mi_proj_layer0                0.021904     0.000074 ✅ 正常           
  dis_proj_layer0               0.029912     0.000087 ✅ 正常           
================================================================================

Epoch 200, Total Loss: 14.6997, Recover Loss: 0.9237, miRNA CL: 7.1355, Disease CL: 6.3707, Inter-view (est): 3.1168, Recon Loss: 0.0289, Time: 209.98s
[INFO] Hypergraph updated at epoch 250

🔧 Epoch 250 梯度检查:
================================================================================

  参数名称                              梯度范数         梯度均值 状态             
  ----------------------------------------------------------------------
  type_relations                0.201262     0.003443 ✅ 正常           
  exist_relation                0.021620     0.000736 ✅ 正常           
  mi_proj_layer0                0.025581     0.000079 ✅ 正常           
  dis_proj_layer0               0.026062     0.000083 ✅ 正常           
================================================================================

Epoch 250, Total Loss: 14.4640, Recover Loss: 0.8935, miRNA CL: 7.0150, Disease CL: 6.2934, Inter-view (est): 3.0712, Recon Loss: 0.0275, Time: 244.13s
[INFO] Hypergraph updated at epoch 300

🔧 Epoch 300 梯度检查:
================================================================================

  参数名称                              梯度范数         梯度均值 状态             
  ----------------------------------------------------------------------
  type_relations                0.150393     0.002644 ✅ 正常           
  exist_relation                0.015554     0.000573 ✅ 正常           
  mi_proj_layer0                0.021390     0.000068 ✅ 正常           
  dis_proj_layer0               0.023995     0.000073 ✅ 正常           
================================================================================

Epoch 300, Total Loss: 14.2913, Recover Loss: 0.8636, miRNA CL: 6.9292, Disease CL: 6.2420, Inter-view (est): 3.0395, Recon Loss: 0.0269, Time: 278.69s
[INFO] Hypergraph updated at epoch 350

🔧 Epoch 350 梯度检查:
================================================================================

  参数名称                              梯度范数         梯度均值 状态             
  ----------------------------------------------------------------------
  type_relations                0.130600     0.002350 ✅ 正常           
  exist_relation                0.019425     0.000660 ✅ 正常           
  mi_proj_layer0                0.021391     0.000067 ✅ 正常           
  dis_proj_layer0               0.022554     0.000072 ✅ 正常           
================================================================================

Epoch 350, Total Loss: 14.1770, Recover Loss: 0.8522, miRNA CL: 6.8607, Disease CL: 6.2099, Inter-view (est): 3.0163, Recon Loss: 0.0279, Time: 313.09s
[INFO] Hypergraph updated at epoch 400

🔧 Epoch 400 梯度检查:
================================================================================

  参数名称                              梯度范数         梯度均值 状态             
  ----------------------------------------------------------------------
  type_relations                0.138899     0.002494 ✅ 正常           
  exist_relation                0.017513     0.000629 ✅ 正常           
  mi_proj_layer0                0.019631     0.000063 ✅ 正常           
  dis_proj_layer0               0.025221     0.000077 ✅ 正常           
================================================================================

Epoch 400, Total Loss: 14.0678, Recover Loss: 0.8407, miRNA CL: 6.7935, Disease CL: 6.1830, Inter-view (est): 2.9946, Recon Loss: 0.0270, Time: 347.92s
[INFO] Hypergraph updated at epoch 450

🔧 Epoch 450 梯度检查:
================================================================================

  参数名称                              梯度范数         梯度均值 状态             
  ----------------------------------------------------------------------
  type_relations                0.137052     0.002413 ✅ 正常           
  exist_relation                0.022892     0.000702 ✅ 正常           
  mi_proj_layer0                0.021381     0.000066 ✅ 正常           
  dis_proj_layer0               0.025065     0.000076 ✅ 正常           
================================================================================

Epoch 450, Total Loss: 13.9823, Recover Loss: 0.8242, miRNA CL: 6.7424, Disease CL: 6.1668, Inter-view (est): 2.9791, Recon Loss: 0.0270, Time: 383.01s
[INFO] Hypergraph updated at epoch 500

🔧 Epoch 500 梯度检查:
================================================================================

  参数名称                              梯度范数         梯度均值 状态             
  ----------------------------------------------------------------------
  type_relations                0.131803     0.002311 ✅ 正常           
  exist_relation                0.015696     0.000634 ✅ 正常           
  mi_proj_layer0                0.021525     0.000064 ✅ 正常           
  dis_proj_layer0               0.023073     0.000070 ✅ 正常           
================================================================================

Epoch 500, Total Loss: 13.9175, Recover Loss: 0.8172, miRNA CL: 6.7003, Disease CL: 6.1538, Inter-view (est): 2.9663, Recon Loss: 0.0258, Time: 417.59s
[INFO] Hypergraph updated at epoch 550

🔧 Epoch 550 梯度检查:
================================================================================

  参数名称                              梯度范数         梯度均值 状态             
  ----------------------------------------------------------------------
  type_relations                0.125879     0.002233 ✅ 正常           
  exist_relation                0.017592     0.000647 ✅ 正常           
  mi_proj_layer0                0.023998     0.000068 ✅ 正常           
  dis_proj_layer0               0.021633     0.000066 ✅ 正常           
================================================================================

Epoch 550, Total Loss: 13.8630, Recover Loss: 0.8070, miRNA CL: 6.6691, Disease CL: 6.1423, Inter-view (est): 2.9565, Recon Loss: 0.0256, Time: 451.99s
[INFO] Hypergraph updated at epoch 600

🔧 Epoch 600 梯度检查:
================================================================================

  参数名称                              梯度范数         梯度均值 状态             
  ----------------------------------------------------------------------
  type_relations                0.117902     0.002092 ✅ 正常           
  exist_relation                0.019077     0.000708 ✅ 正常           
  mi_proj_layer0                0.018775     0.000058 ✅ 正常           
  dis_proj_layer0               0.021060     0.000063 ✅ 正常           
================================================================================

Epoch 600, Total Loss: 13.8245, Recover Loss: 0.8001, miRNA CL: 6.6491, Disease CL: 6.1310, Inter-view (est): 2.9493, Recon Loss: 0.0262, Time: 486.63s
[INFO] Hypergraph updated at epoch 650

🔧 Epoch 650 梯度检查:
================================================================================

  参数名称                              梯度范数         梯度均值 状态             
  ----------------------------------------------------------------------
  type_relations                0.118712     0.002091 ✅ 正常           
  exist_relation                0.015878     0.000643 ✅ 正常           
  mi_proj_layer0                0.022051     0.000064 ✅ 正常           
  dis_proj_layer0               0.023788     0.000068 ✅ 正常           
================================================================================

Epoch 650, Total Loss: 13.8134, Recover Loss: 0.8032, miRNA CL: 6.6447, Disease CL: 6.1228, Inter-view (est): 2.9463, Recon Loss: 0.0256, Time: 521.04s

================================================================================
Training completed. Running final test...
================================================================================
Fold 4 completed - AUC: 0.9729, Top-1 F1: 0.5961
Fold 4 training time: 521.93 seconds
=== Cross Validation Fold 5/5 ===
Using hidden dimensions: [256, 256] with 4 attention heads
优化模型初始化: miRNA数量 = 495, 疾病数量 = 383
   节点维度: 256 → 128
   类型数量: 4
   Temperature: 2.0 (可学习)
   Loss mode: two_head
   loss_mode=two_head
   exist_weight=0.300, type_weight=0.700

✅ SimplifiedMultiTypeAssociationLoss 初始化 (改进版)
   类别权重 (beta=0.99999): ['0.780', '1.822', '0.977', '0.421']
Original positive index shape: torch.Size([1072, 2])
Original negative index shape: torch.Size([135416, 2])
采样后负样本数量: 10720
🎯 Building TRUE DUAL VIEWS from four different sources...
📊 Data sources loaded:
  Disease semantic: torch.Size([383, 383])
  miRNA functional: torch.Size([495, 495])
  Disease-gene: torch.Size([383, 383])
  miRNA-sequence: torch.Size([495, 495])
🧬 Building miRNA dual-view hypergraphs...
  📊 miRNA View 1 (Sequence): torch.Size([495, 878])
  📊 miRNA View 2 (Function): torch.Size([495, 878])
🦠 Building disease dual-view hypergraphs...
  📊 Disease View 1 (Gene): torch.Size([383, 878])
  📊 Disease View 2 (Semantic): torch.Size([383, 878])
✅ Successfully built TRUE DUAL VIEWS:
   🧬 miRNA: Sequence Features (m_ss.xlsx) vs Functional Similarity (mi_fun_sim_2.0.csv)
   🦠 Disease: Gene Features (d_gs.xlsx) vs Semantic Similarity (dis_sem_sim_2.0.csv)

🔧 Epoch 1 梯度检查:
================================================================================

  参数名称                              梯度范数         梯度均值 状态             
  ----------------------------------------------------------------------
  type_relations                0.057406     0.001760 ✅ 正常           
  exist_relation                0.153042     0.007693 ✅ 正常           
  mi_proj_layer0                0.342992     0.001085 ✅ 正常           
  dis_proj_layer0               0.342163     0.001130 ✅ 正常           
================================================================================

Epoch 1, Total Loss: 20.1737, Recover Loss: 1.0567, miRNA CL: 8.9038, Disease CL: 8.4515, Inter-view (est): 4.0051, Recon Loss: 1.4634, Time: 0.66s
[INFO] Hypergraph updated at epoch 5
[INFO] Hypergraph updated at epoch 10
[INFO] Hypergraph updated at epoch 15
[INFO] Hypergraph updated at epoch 20
[INFO] Hypergraph updated at epoch 25
[INFO] Hypergraph updated at epoch 30
[INFO] Hypergraph updated at epoch 35
[INFO] Hypergraph updated at epoch 40
[INFO] Hypergraph updated at epoch 45
[INFO] Hypergraph updated at epoch 50

🔧 Epoch 50 梯度检查:
================================================================================

  参数名称                              梯度范数         梯度均值 状态             
  ----------------------------------------------------------------------
  type_relations                0.083514     0.002053 ✅ 正常           
  exist_relation                0.015625     0.000843 ✅ 正常           
  mi_proj_layer0                0.020463     0.000075 ✅ 正常           
  dis_proj_layer0               0.024065     0.000083 ✅ 正常           
================================================================================

Epoch 50, Total Loss: 17.0858, Recover Loss: 1.0049, miRNA CL: 7.9586, Disease CL: 7.7388, Inter-view (est): 3.6225, Recon Loss: 0.1014, Time: 93.16s
[INFO] Hypergraph updated at epoch 100

🔧 Epoch 100 梯度检查:
================================================================================

  参数名称                              梯度范数         梯度均值 状态             
  ----------------------------------------------------------------------
  type_relations                0.209194     0.003340 ✅ 正常           
  exist_relation                0.018615     0.000700 ✅ 正常           
  mi_proj_layer0                0.024055     0.000083 ✅ 正常           
  dis_proj_layer0               0.029199     0.000093 ✅ 正常           
================================================================================

Epoch 100, Total Loss: 15.9793, Recover Loss: 0.9705, miRNA CL: 7.6493, Disease CL: 7.0668, Inter-view (est): 3.3960, Recon Loss: 0.0307, Time: 131.63s
[INFO] Hypergraph updated at epoch 150

🔧 Epoch 150 梯度检查:
================================================================================

  参数名称                              梯度范数         梯度均值 状态             
  ----------------------------------------------------------------------
  type_relations                0.186347     0.003216 ✅ 正常           
  exist_relation                0.018352     0.000697 ✅ 正常           
  mi_proj_layer0                0.021765     0.000074 ✅ 正常           
  dis_proj_layer0               0.026648     0.000085 ✅ 正常           
================================================================================

Epoch 150, Total Loss: 15.1934, Recover Loss: 0.9429, miRNA CL: 7.3170, Disease CL: 6.6548, Inter-view (est): 3.2243, Recon Loss: 0.0297, Time: 167.03s
[INFO] Hypergraph updated at epoch 200

🔧 Epoch 200 梯度检查:
================================================================================

  参数名称                              梯度范数         梯度均值 状态             
  ----------------------------------------------------------------------
  type_relations                0.176539     0.002959 ✅ 正常           
  exist_relation                0.022225     0.000815 ✅ 正常           
  mi_proj_layer0                0.025258     0.000079 ✅ 正常           
  dis_proj_layer0               0.023299     0.000078 ✅ 正常           
================================================================================

Epoch 200, Total Loss: 14.6616, Recover Loss: 0.9077, miRNA CL: 7.0931, Disease CL: 6.3935, Inter-view (est): 3.1123, Recon Loss: 0.0281, Time: 202.69s
[INFO] Hypergraph updated at epoch 250

🔧 Epoch 250 梯度检查:
================================================================================

  参数名称                              梯度范数         梯度均值 状态             
  ----------------------------------------------------------------------
  type_relations                0.169612     0.002616 ✅ 正常           
  exist_relation                0.021540     0.000677 ✅ 正常           
  mi_proj_layer0                0.018840     0.000059 ✅ 正常           
  dis_proj_layer0               0.020264     0.000064 ✅ 正常           
================================================================================

Epoch 250, Total Loss: 14.4028, Recover Loss: 0.8717, miRNA CL: 6.9638, Disease CL: 6.3067, Inter-view (est): 3.0624, Recon Loss: 0.0283, Time: 238.56s
[INFO] Hypergraph updated at epoch 300

🔧 Epoch 300 梯度检查:
================================================================================

  参数名称                              梯度范数         梯度均值 状态             
  ----------------------------------------------------------------------
  type_relations                0.138527     0.002504 ✅ 正常           
  exist_relation                0.029134     0.000776 ✅ 正常           
  mi_proj_layer0                0.017533     0.000056 ✅ 正常           
  dis_proj_layer0               0.020964     0.000067 ✅ 正常           
================================================================================

Epoch 300, Total Loss: 14.2248, Recover Loss: 0.8553, miRNA CL: 6.8571, Disease CL: 6.2578, Inter-view (est): 3.0265, Recon Loss: 0.0271, Time: 273.43s
[INFO] Hypergraph updated at epoch 350

🔧 Epoch 350 梯度检查:
================================================================================

  参数名称                              梯度范数         梯度均值 状态             
  ----------------------------------------------------------------------
  type_relations                0.135797     0.002331 ✅ 正常           
  exist_relation                0.023889     0.000836 ✅ 正常           
  mi_proj_layer0                0.019967     0.000059 ✅ 正常           
  dis_proj_layer0               0.025170     0.000073 ✅ 正常           
================================================================================

Epoch 350, Total Loss: 14.0858, Recover Loss: 0.8398, miRNA CL: 6.7634, Disease CL: 6.2303, Inter-view (est): 2.9985, Recon Loss: 0.0279, Time: 309.30s
[INFO] Hypergraph updated at epoch 400

🔧 Epoch 400 梯度检查:
================================================================================

  参数名称                              梯度范数         梯度均值 状态             
  ----------------------------------------------------------------------
  type_relations                0.137796     0.002406 ✅ 正常           
  exist_relation                0.019834     0.000676 ✅ 正常           
  mi_proj_layer0                0.018864     0.000057 ✅ 正常           
  dis_proj_layer0               0.022654     0.000070 ✅ 正常           
================================================================================

Epoch 400, Total Loss: 14.0046, Recover Loss: 0.8336, miRNA CL: 6.7064, Disease CL: 6.2152, Inter-view (est): 2.9819, Recon Loss: 0.0267, Time: 343.67s
[INFO] Hypergraph updated at epoch 450

🔧 Epoch 450 梯度检查:
================================================================================

  参数名称                              梯度范数         梯度均值 状态             
  ----------------------------------------------------------------------
  type_relations                0.141436     0.002465 ✅ 正常           
  exist_relation                0.015585     0.000534 ✅ 正常           
  mi_proj_layer0                0.022512     0.000066 ✅ 正常           
  dis_proj_layer0               0.027125     0.000077 ✅ 正常           
================================================================================

Epoch 450, Total Loss: 13.9634, Recover Loss: 0.8314, miRNA CL: 6.6774, Disease CL: 6.2056, Inter-view (est): 2.9730, Recon Loss: 0.0273, Time: 378.55s
[INFO] Hypergraph updated at epoch 500

🔧 Epoch 500 梯度检查:
================================================================================

  参数名称                              梯度范数         梯度均值 状态             
  ----------------------------------------------------------------------
  type_relations                0.126453     0.002275 ✅ 正常           
  exist_relation                0.018624     0.000604 ✅ 正常           
  mi_proj_layer0                0.020435     0.000062 ✅ 正常           
  dis_proj_layer0               0.024664     0.000074 ✅ 正常           
================================================================================

Epoch 500, Total Loss: 13.9215, Recover Loss: 0.8229, miRNA CL: 6.6556, Disease CL: 6.1956, Inter-view (est): 2.9657, Recon Loss: 0.0268, Time: 413.37s
[INFO] Hypergraph updated at epoch 550

🔧 Epoch 550 梯度检查:
================================================================================

  参数名称                              梯度范数         梯度均值 状态             
  ----------------------------------------------------------------------
  type_relations                0.128006     0.002222 ✅ 正常           
  exist_relation                0.032498     0.000862 ✅ 正常           
  mi_proj_layer0                0.022502     0.000064 ✅ 正常           
  dis_proj_layer0               0.026472     0.000072 ✅ 正常           
================================================================================

Epoch 550, Total Loss: 13.8823, Recover Loss: 0.8163, miRNA CL: 6.6346, Disease CL: 6.1854, Inter-view (est): 2.9585, Recon Loss: 0.0265, Time: 448.03s
[INFO] Hypergraph updated at epoch 600

🔧 Epoch 600 梯度检查:
================================================================================

  参数名称                              梯度范数         梯度均值 状态             
  ----------------------------------------------------------------------
  type_relations                0.115677     0.002064 ✅ 正常           
  exist_relation                0.027422     0.000789 ✅ 正常           
  mi_proj_layer0                0.016650     0.000051 ✅ 正常           
  dis_proj_layer0               0.017989     0.000057 ✅ 正常           
================================================================================

Epoch 600, Total Loss: 13.8582, Recover Loss: 0.8073, miRNA CL: 6.6317, Disease CL: 6.1753, Inter-view (est): 2.9555, Recon Loss: 0.0257, Time: 483.19s
[INFO] Hypergraph updated at epoch 650

🔧 Epoch 650 梯度检查:
================================================================================

  参数名称                              梯度范数         梯度均值 状态             
  ----------------------------------------------------------------------
  type_relations                0.116627     0.001977 ✅ 正常           
  exist_relation                0.024725     0.000790 ✅ 正常           
  mi_proj_layer0                0.018518     0.000055 ✅ 正常           
  dis_proj_layer0               0.021900     0.000067 ✅ 正常           
================================================================================

Epoch 650, Total Loss: 13.8277, Recover Loss: 0.8041, miRNA CL: 6.6118, Disease CL: 6.1679, Inter-view (est): 2.9492, Recon Loss: 0.0265, Time: 518.06s

================================================================================
Training completed. Running final test...
================================================================================
Fold 5 completed - AUC: 0.9694, Top-1 F1: 0.5477
Fold 5 training time: 518.91 seconds
Average binary metrics across folds: [[0.97343061 0.96645116 0.9261309  0.92246269 0.97149254 0.87343284
  0.88511425]]
🎯 Average Top-1 metrics across folds: {'top1_precision': 0.5186567164179104, 'top1_recall': np.float64(0.600993883727761), 'top1_f1': np.float64(0.5561683845724043)}

📊 CV_type Style Metrics Details:
  AUC            : 0.9734
  AUPR           : 0.9665
  F1             : 0.9261
  Accuracy       : 0.9225
  Recall         : 0.9715
  Specificity    : 0.8734
  Precision      : 0.8851

🎯 Top-1 Metrics Details:
  top1_precision : 0.5187
  top1_recall    : 0.6010
  top1_f1        : 0.5562

Total execution time: 2598.11 seconds

==========================================================================================
🎯 FINAL COMPREHENSIVE RESULTS WITH TOP-1 METRICS
==========================================================================================
📊 Binary Classification Metrics (Original):
  AUC: 0.9734
  AUPR: 0.9665
  F1: 0.9261
  Accuracy: 0.9225
  Recall: 0.9715
  Specificity: 0.8734
  Precision: 0.8851

🎯 CV_type Style Metrics (Enhanced):
  AUC: 0.9734
  AUPR: 0.9665
  F1: 0.9261
  Accuracy: 0.9225
  Recall: 0.9715
  Specificity: 0.8734
  Precision: 0.8851

🏆 Top-1 Metrics (NEW):
  Top-1 Precision: 0.5187
  Top-1 Recall: 0.6010
  Top-1 F1: 0.5562
==========================================================================================

K_neigs=7 (seed=7)
[CPU] torch.set_num_threads(14), interop=min(4, 14)
Using device: cpu
[INFO] Auto-computed BALANCED class weights (to prevent class collapse):
  Circulation  (367 samples): 0.780
  Epigenetics  (157 samples): 1.823
  Target       (293 samples): 0.977
  Genetics     (681 samples): 0.420
  [NOTE] Higher weights for minority classes to prevent model from only predicting majority class
[INFO] Using v2.0_495m383D dataset:
  miRNAs: 495
  Diseases: 383
  Expected associations: ~1498
  Types: 4 (Circulation, Epigenetics, Target, Genetics)

================================================================================
Configuration Summary
================================================================================
Dataset: v2.0_495m383D
Data Path: ./
Model: HeterogenousGraphCLAMIR
  - HGT Layers: 2
  - Attention Heads: 4
  - Association Types: 4
  - Inter-view CL: Enabled
    - Weight: 0.3
    - Temperature: 0.5
    - Margin: 0.5

Training:
  - Epochs: 650
  - Learning Rate: 0.0001
  - Dropout: 0.3
  - Weight Decay: 5e-05
  - Focal Loss: Enabled

Evaluation:
  - Cross-Validation Folds: 5
  - Primary Metric: AUPR

Device: cpu
Random Seed: 7
================================================================================

[SEED] Re-seeded với args.seed = 7
🚀 Running with comprehensive evaluation including Top-1 metrics...
🎯 Loading dual-view data...
Starting dual-view data preparation with new file format...
Loading all similarity and feature files from v2.0_495m383D...
✅ Loaded disease semantic similarity from D_SSM1.txt: (383, 383)
✅ Loaded miRNA functional similarity from M_FSM.txt: (495, 495)
✅ Loaded multi-type association pairs from ./v2.0_495m383D\multi_all_mirna_disease_pairs_without_negative.csv: (1679, 3)
✅ Created multi-type association matrix: (495, 383)
📊 Multi-type Association Statistics:
   无关联 (No association): 188087 pairs (99.21%)
   循环类型 (Circulation): 367 pairs (0.19%)
   表观遗传学 (Epigenetics): 157 pairs (0.08%)
   靶标类型 (Target): 293 pairs (0.15%)
   遗传学类型 (Genetics): 681 pairs (0.36%)
✅ Created association matrix from CSV: (495, 383)
✅ Loaded disease-gene features from D_SSM2.txt: torch.Size([383, 383])
✅ Loaded miRNA-sequence features from M_GSM.txt: torch.Size([495, 495])
Processing integrated similarity matrices...
Loaded similarity matrices from cache
Processing indices...
Computing indices (seed=7)...
Indices computed in 0.59 seconds
✅ Dual-view data preparation completed in 0.95 seconds

============================================================
🎯 DUAL-VIEW CONFIGURATION SUMMARY (v2.0_495m383D)
============================================================
miRNA Dual Views:
  📊 View 1 (Sequence): M_GSM.txt torch.Size([495, 495])
  📊 View 2 (Function): M_FSM.txt torch.Size([495, 495])

Disease Dual Views:
  📊 View 1 (Gene): D_SSM2.txt torch.Size([383, 383])
  📊 View 2 (Semantic): D_SSM1.txt torch.Size([383, 383])

Association Matrix: torch.Size([495, 383])
Data source: v2.0_495m383D (495 miRNAs × 383 Diseases)
============================================================
Preloading dual-view data to device...
✅ Loaded disease-gene features to device: torch.Size([383, 383])
✅ Loaded miRNA-sequence features to device: torch.Size([495, 495])
✅ Loaded disease semantic similarity to device: torch.Size([383, 383])
✅ Loaded miRNA functional similarity to device: torch.Size([495, 495])
✅ Dual-view data preloading completed in 0.00 seconds
OptimizedDataset initialized with 5 folds
Using device: cpu
=== Cross Validation Fold 1/5 ===
Using hidden dimensions: [256, 256] with 4 attention heads
优化模型初始化: miRNA数量 = 495, 疾病数量 = 383
   节点维度: 256 → 128
   类型数量: 4
   Temperature: 2.0 (可学习)
   Loss mode: two_head
   loss_mode=two_head
   exist_weight=0.300, type_weight=0.700

✅ SimplifiedMultiTypeAssociationLoss 初始化 (改进版)
   类别权重 (beta=0.99999): ['0.780', '1.822', '0.977', '0.421']
Original positive index shape: torch.Size([1072, 2])
Original negative index shape: torch.Size([135416, 2])
采样后负样本数量: 10720
🎯 Building TRUE DUAL VIEWS from four different sources...
📊 Data sources loaded:
  Disease semantic: torch.Size([383, 383])
  miRNA functional: torch.Size([495, 495])
  Disease-gene: torch.Size([383, 383])
  miRNA-sequence: torch.Size([495, 495])
🧬 Building miRNA dual-view hypergraphs...
  📊 miRNA View 1 (Sequence): torch.Size([495, 878])
  📊 miRNA View 2 (Function): torch.Size([495, 878])
🦠 Building disease dual-view hypergraphs...
  📊 Disease View 1 (Gene): torch.Size([383, 878])
  📊 Disease View 2 (Semantic): torch.Size([383, 878])
✅ Successfully built TRUE DUAL VIEWS:
   🧬 miRNA: Sequence Features (m_ss.xlsx) vs Functional Similarity (mi_fun_sim_2.0.csv)
   🦠 Disease: Gene Features (d_gs.xlsx) vs Semantic Similarity (dis_sem_sim_2.0.csv)

🔧 Epoch 1 梯度检查:
================================================================================

  参数名称                              梯度范数         梯度均值 状态             
  ----------------------------------------------------------------------
  type_relations                0.058182     0.001787 ✅ 正常           
  exist_relation                0.129493     0.007419 ✅ 正常           
  mi_proj_layer0                0.310089     0.000958 ✅ 正常           
  dis_proj_layer0               0.408838     0.001133 ✅ 正常           
================================================================================

Epoch 1, Total Loss: 20.2423, Recover Loss: 1.0578, miRNA CL: 9.0014, Disease CL: 8.4399, Inter-view (est): 4.0249, Recon Loss: 1.4451, Time: 0.74s
[INFO] Hypergraph updated at epoch 5
[INFO] Hypergraph updated at epoch 10
[INFO] Hypergraph updated at epoch 15
[INFO] Hypergraph updated at epoch 20
[INFO] Hypergraph updated at epoch 25
[INFO] Hypergraph updated at epoch 30
[INFO] Hypergraph updated at epoch 35
[INFO] Hypergraph updated at epoch 40
[INFO] Hypergraph updated at epoch 45
[INFO] Hypergraph updated at epoch 50

🔧 Epoch 50 梯度检查:
================================================================================

  参数名称                              梯度范数         梯度均值 状态             
  ----------------------------------------------------------------------
  type_relations                0.076759     0.001998 ✅ 正常           
  exist_relation                0.010085     0.000611 ✅ 正常           
  mi_proj_layer0                0.018252     0.000065 ✅ 正常           
  dis_proj_layer0               0.020521     0.000072 ✅ 正常           
================================================================================

Epoch 50, Total Loss: 17.1042, Recover Loss: 1.0046, miRNA CL: 8.0010, Disease CL: 7.6903, Inter-view (est): 3.6211, Recon Loss: 0.1269, Time: 92.16s
[INFO] Hypergraph updated at epoch 100

🔧 Epoch 100 梯度检查:
================================================================================

  参数名称                              梯度范数         梯度均值 状态             
  ----------------------------------------------------------------------
  type_relations                0.153750     0.003145 ✅ 正常           
  exist_relation                0.027756     0.000907 ✅ 正常           
  mi_proj_layer0                0.021681     0.000078 ✅ 正常           
  dis_proj_layer0               0.024731     0.000089 ✅ 正常           
================================================================================

Epoch 100, Total Loss: 15.9518, Recover Loss: 0.9790, miRNA CL: 7.6933, Disease CL: 6.9872, Inter-view (est): 3.3878, Recon Loss: 0.0314, Time: 129.17s
[INFO] Hypergraph updated at epoch 150

🔧 Epoch 150 梯度检查:
================================================================================

  参数名称                              梯度范数         梯度均值 状态             
  ----------------------------------------------------------------------
  type_relations                0.221133     0.003778 ✅ 正常           
  exist_relation                0.010963     0.000489 ✅ 正常           
  mi_proj_layer0                0.020016     0.000068 ✅ 正常           
  dis_proj_layer0               0.023707     0.000081 ✅ 正常           
================================================================================

Epoch 150, Total Loss: 15.1171, Recover Loss: 0.9410, miRNA CL: 7.3893, Disease CL: 6.5097, Inter-view (est): 3.2074, Recon Loss: 0.0305, Time: 164.32s
[INFO] Hypergraph updated at epoch 200

🔧 Epoch 200 梯度检查:
================================================================================

  参数名称                              梯度范数         梯度均值 状态             
  ----------------------------------------------------------------------
  type_relations                0.178545     0.003297 ✅ 正常           
  exist_relation                0.014338     0.000626 ✅ 正常           
  mi_proj_layer0                0.020833     0.000071 ✅ 正常           
  dis_proj_layer0               0.024906     0.000085 ✅ 正常           
================================================================================

Epoch 200, Total Loss: 14.6805, Recover Loss: 0.9196, miRNA CL: 7.1282, Disease CL: 6.3664, Inter-view (est): 3.1141, Recon Loss: 0.0291, Time: 200.07s
[INFO] Hypergraph updated at epoch 250

🔧 Epoch 250 梯度检查:
================================================================================

  参数名称                              梯度范数         梯度均值 状态             
  ----------------------------------------------------------------------
  type_relations                0.189766     0.003499 ✅ 正常           
  exist_relation                0.017535     0.000667 ✅ 正常           
  mi_proj_layer0                0.022989     0.000071 ✅ 正常           
  dis_proj_layer0               0.026108     0.000086 ✅ 正常           
================================================================================

Epoch 250, Total Loss: 14.3857, Recover Loss: 0.8690, miRNA CL: 6.9806, Disease CL: 6.2790, Inter-view (est): 3.0599, Recon Loss: 0.0274, Time: 236.98s
[INFO] Hypergraph updated at epoch 300

🔧 Epoch 300 梯度检查:
================================================================================

  参数名称                              梯度范数         梯度均值 状态             
  ----------------------------------------------------------------------
  type_relations                0.169954     0.003289 ✅ 正常           
  exist_relation                0.015384     0.000575 ✅ 正常           
  mi_proj_layer0                0.019341     0.000064 ✅ 正常           
  dis_proj_layer0               0.022149     0.000072 ✅ 正常           
================================================================================

Epoch 300, Total Loss: 14.2035, Recover Loss: 0.8396, miRNA CL: 6.8864, Disease CL: 6.2250, Inter-view (est): 3.0257, Recon Loss: 0.0274, Time: 273.58s
[INFO] Hypergraph updated at epoch 350

🔧 Epoch 350 梯度检查:
================================================================================

  参数名称                              梯度范数         梯度均值 状态             
  ----------------------------------------------------------------------
  type_relations                0.155316     0.002890 ✅ 正常           
  exist_relation                0.016525     0.000638 ✅ 正常           
  mi_proj_layer0                0.019722     0.000063 ✅ 正常           
  dis_proj_layer0               0.021490     0.000070 ✅ 正常           
================================================================================

Epoch 350, Total Loss: 14.0909, Recover Loss: 0.8282, miRNA CL: 6.8163, Disease CL: 6.1975, Inter-view (est): 3.0032, Recon Loss: 0.0263, Time: 308.65s
[INFO] Hypergraph updated at epoch 400

🔧 Epoch 400 梯度检查:
================================================================================

  参数名称                              梯度范数         梯度均值 状态             
  ----------------------------------------------------------------------
  type_relations                0.138344     0.002645 ✅ 正常           
  exist_relation                0.017521     0.000658 ✅ 正常           
  mi_proj_layer0                0.018186     0.000060 ✅ 正常           
  dis_proj_layer0               0.019899     0.000065 ✅ 正常           
================================================================================

Epoch 400, Total Loss: 13.9747, Recover Loss: 0.8130, miRNA CL: 6.7392, Disease CL: 6.1757, Inter-view (est): 2.9803, Recon Loss: 0.0264, Time: 343.04s
[INFO] Hypergraph updated at epoch 450

🔧 Epoch 450 梯度检查:
================================================================================

  参数名称                              梯度范数         梯度均值 状态             
  ----------------------------------------------------------------------
  type_relations                0.135599     0.002507 ✅ 正常           
  exist_relation                0.018444     0.000655 ✅ 正常           
  mi_proj_layer0                0.016996     0.000055 ✅ 正常           
  dis_proj_layer0               0.019778     0.000064 ✅ 正常           
================================================================================

Epoch 450, Total Loss: 13.9151, Recover Loss: 0.8031, miRNA CL: 6.7049, Disease CL: 6.1625, Inter-view (est): 2.9694, Recon Loss: 0.0253, Time: 377.70s
[INFO] Hypergraph updated at epoch 500

🔧 Epoch 500 梯度检查:
================================================================================

  参数名称                              梯度范数         梯度均值 状态             
  ----------------------------------------------------------------------
  type_relations                0.125763     0.002375 ✅ 正常           
  exist_relation                0.024357     0.000871 ✅ 正常           
  mi_proj_layer0                0.016750     0.000054 ✅ 正常           
  dis_proj_layer0               0.018966     0.000061 ✅ 正常           
================================================================================

Epoch 500, Total Loss: 13.8761, Recover Loss: 0.8014, miRNA CL: 6.6780, Disease CL: 6.1522, Inter-view (est): 2.9608, Recon Loss: 0.0263, Time: 412.36s
[INFO] Hypergraph updated at epoch 550

🔧 Epoch 550 梯度检查:
================================================================================

  参数名称                              梯度范数         梯度均值 状态             
  ----------------------------------------------------------------------
  type_relations                0.125402     0.002423 ✅ 正常           
  exist_relation                0.011837     0.000464 ✅ 正常           
  mi_proj_layer0                0.018089     0.000059 ✅ 正常           
  dis_proj_layer0               0.022855     0.000071 ✅ 正常           
================================================================================

Epoch 550, Total Loss: 13.8376, Recover Loss: 0.7966, miRNA CL: 6.6555, Disease CL: 6.1420, Inter-view (est): 2.9533, Recon Loss: 0.0262, Time: 447.38s
[INFO] Hypergraph updated at epoch 600

🔧 Epoch 600 梯度检查:
================================================================================

  参数名称                              梯度范数         梯度均值 状态             
  ----------------------------------------------------------------------
  type_relations                0.111388     0.002128 ✅ 正常           
  exist_relation                0.019033     0.000688 ✅ 正常           
  mi_proj_layer0                0.016773     0.000054 ✅ 正常           
  dis_proj_layer0               0.021711     0.000067 ✅ 正常           
================================================================================

Epoch 600, Total Loss: 13.8026, Recover Loss: 0.7925, miRNA CL: 6.6362, Disease CL: 6.1321, Inter-view (est): 2.9465, Recon Loss: 0.0256, Time: 481.80s
[INFO] Hypergraph updated at epoch 650

🔧 Epoch 650 梯度检查:
================================================================================

  参数名称                              梯度范数         梯度均值 状态             
  ----------------------------------------------------------------------
  type_relations                0.098580     0.001917 ✅ 正常           
  exist_relation                0.015672     0.000584 ✅ 正常           
  mi_proj_layer0                0.015478     0.000050 ✅ 正常           
  dis_proj_layer0               0.018519     0.000059 ✅ 正常           
================================================================================

Epoch 650, Total Loss: 13.7713, Recover Loss: 0.7872, miRNA CL: 6.6208, Disease CL: 6.1227, Inter-view (est): 2.9408, Recon Loss: 0.0254, Time: 516.43s

================================================================================
Training completed. Running final test...
================================================================================
Fold 1 completed - AUC: 0.9766, Top-1 F1: 0.5702
Fold 1 training time: 517.61 seconds
=== Cross Validation Fold 2/5 ===
Using hidden dimensions: [256, 256] with 4 attention heads
优化模型初始化: miRNA数量 = 495, 疾病数量 = 383
   节点维度: 256 → 128
   类型数量: 4
   Temperature: 2.0 (可学习)
   Loss mode: two_head
   loss_mode=two_head
   exist_weight=0.300, type_weight=0.700

✅ SimplifiedMultiTypeAssociationLoss 初始化 (改进版)
   类别权重 (beta=0.99999): ['0.780', '1.822', '0.977', '0.421']
Original positive index shape: torch.Size([1072, 2])
Original negative index shape: torch.Size([135416, 2])
采样后负样本数量: 10720
🎯 Building TRUE DUAL VIEWS from four different sources...
📊 Data sources loaded:
  Disease semantic: torch.Size([383, 383])
  miRNA functional: torch.Size([495, 495])
  Disease-gene: torch.Size([383, 383])
  miRNA-sequence: torch.Size([495, 495])
🧬 Building miRNA dual-view hypergraphs...
  📊 miRNA View 1 (Sequence): torch.Size([495, 878])
  📊 miRNA View 2 (Function): torch.Size([495, 878])
🦠 Building disease dual-view hypergraphs...
  📊 Disease View 1 (Gene): torch.Size([383, 878])
  📊 Disease View 2 (Semantic): torch.Size([383, 878])
✅ Successfully built TRUE DUAL VIEWS:
   🧬 miRNA: Sequence Features (m_ss.xlsx) vs Functional Similarity (mi_fun_sim_2.0.csv)
   🦠 Disease: Gene Features (d_gs.xlsx) vs Semantic Similarity (dis_sem_sim_2.0.csv)

🔧 Epoch 1 梯度检查:
================================================================================

  参数名称                              梯度范数         梯度均值 状态             
  ----------------------------------------------------------------------
  type_relations                0.053496     0.001660 ✅ 正常           
  exist_relation                0.348001     0.020337 ✅ 正常           
  mi_proj_layer0                1.267220     0.003671 ✅ 正常           
  dis_proj_layer0               1.009740     0.003235 ✅ 正常           
================================================================================

Epoch 1, Total Loss: 20.2513, Recover Loss: 1.1170, miRNA CL: 8.8776, Disease CL: 8.4567, Inter-view (est): 4.0002, Recon Loss: 1.5016, Time: 0.67s
[INFO] Hypergraph updated at epoch 5
[INFO] Hypergraph updated at epoch 10
[INFO] Hypergraph updated at epoch 15
[INFO] Hypergraph updated at epoch 20
[INFO] Hypergraph updated at epoch 25
[INFO] Hypergraph updated at epoch 30
[INFO] Hypergraph updated at epoch 35
[INFO] Hypergraph updated at epoch 40
[INFO] Hypergraph updated at epoch 45
[INFO] Hypergraph updated at epoch 50

🔧 Epoch 50 梯度检查:
================================================================================

  参数名称                              梯度范数         梯度均值 状态             
  ----------------------------------------------------------------------
  type_relations                0.061405     0.001870 ✅ 正常           
  exist_relation                0.011723     0.000811 ✅ 正常           
  mi_proj_layer0                0.021491     0.000078 ✅ 正常           
  dis_proj_layer0               0.022912     0.000082 ✅ 正常           
================================================================================

Epoch 50, Total Loss: 17.1039, Recover Loss: 1.0087, miRNA CL: 7.9878, Disease CL: 7.7169, Inter-view (est): 3.6242, Recon Loss: 0.1076, Time: 95.18s
[INFO] Hypergraph updated at epoch 100

🔧 Epoch 100 梯度检查:
================================================================================

  参数名称                              梯度范数         梯度均值 状态             
  ----------------------------------------------------------------------
  type_relations                0.143969     0.002782 ✅ 正常           
  exist_relation                0.020216     0.000682 ✅ 正常           
  mi_proj_layer0                0.022790     0.000076 ✅ 正常           
  dis_proj_layer0               0.023618     0.000082 ✅ 正常           
================================================================================

Epoch 100, Total Loss: 15.9469, Recover Loss: 0.9865, miRNA CL: 7.6791, Disease CL: 6.9877, Inter-view (est): 3.3846, Recon Loss: 0.0305, Time: 132.50s
[INFO] Hypergraph updated at epoch 150

🔧 Epoch 150 梯度检查:
================================================================================

  参数名称                              梯度范数         梯度均值 状态             
  ----------------------------------------------------------------------
  type_relations                0.177930     0.003020 ✅ 正常           
  exist_relation                0.031539     0.001112 ✅ 正常           
  mi_proj_layer0                0.025233     0.000084 ✅ 正常           
  dis_proj_layer0               0.023292     0.000080 ✅ 正常           
================================================================================

Epoch 150, Total Loss: 15.1611, Recover Loss: 0.9536, miRNA CL: 7.3473, Disease CL: 6.5818, Inter-view (est): 3.2144, Recon Loss: 0.0291, Time: 167.81s
[INFO] Hypergraph updated at epoch 200

🔧 Epoch 200 梯度检查:
================================================================================

  参数名称                              梯度范数         梯度均值 状态             
  ----------------------------------------------------------------------
  type_relations                0.151914     0.002679 ✅ 正常           
  exist_relation                0.026607     0.000868 ✅ 正常           
  mi_proj_layer0                0.022943     0.000076 ✅ 正常           
  dis_proj_layer0               0.023066     0.000076 ✅ 正常           
================================================================================

Epoch 200, Total Loss: 14.6831, Recover Loss: 0.9351, miRNA CL: 7.0922, Disease CL: 6.3867, Inter-view (est): 3.1105, Recon Loss: 0.0296, Time: 205.54s
[INFO] Hypergraph updated at epoch 250

🔧 Epoch 250 梯度检查:
================================================================================

  参数名称                              梯度范数         梯度均值 状态             
  ----------------------------------------------------------------------
  type_relations                0.171967     0.002844 ✅ 正常           
  exist_relation                0.017079     0.000626 ✅ 正常           
  mi_proj_layer0                0.022996     0.000074 ✅ 正常           
  dis_proj_layer0               0.022058     0.000074 ✅ 正常           
================================================================================

Epoch 250, Total Loss: 14.4595, Recover Loss: 0.8969, miRNA CL: 6.9876, Disease CL: 6.3135, Inter-view (est): 3.0695, Recon Loss: 0.0275, Time: 241.97s
[INFO] Hypergraph updated at epoch 300

🔧 Epoch 300 梯度检查:
================================================================================

  参数名称                              梯度范数         梯度均值 状态             
  ----------------------------------------------------------------------
  type_relations                0.180718     0.003193 ✅ 正常           
  exist_relation                0.018767     0.000659 ✅ 正常           
  mi_proj_layer0                0.021283     0.000070 ✅ 正常           
  dis_proj_layer0               0.021251     0.000073 ✅ 正常           
================================================================================

Epoch 300, Total Loss: 14.2994, Recover Loss: 0.8747, miRNA CL: 6.9030, Disease CL: 6.2643, Inter-view (est): 3.0386, Recon Loss: 0.0271, Time: 276.24s
[INFO] Hypergraph updated at epoch 350

🔧 Epoch 350 梯度检查:
================================================================================

  参数名称                              梯度范数         梯度均值 状态             
  ----------------------------------------------------------------------
  type_relations                0.149673     0.002531 ✅ 正常           
  exist_relation                0.018043     0.000648 ✅ 正常           
  mi_proj_layer0                0.020966     0.000064 ✅ 正常           
  dis_proj_layer0               0.020089     0.000064 ✅ 正常           
================================================================================

Epoch 350, Total Loss: 14.1641, Recover Loss: 0.8513, miRNA CL: 6.8280, Disease CL: 6.2307, Inter-view (est): 3.0135, Recon Loss: 0.0268, Time: 310.76s
[INFO] Hypergraph updated at epoch 400

🔧 Epoch 400 梯度检查:
================================================================================

  参数名称                              梯度范数         梯度均值 状态             
  ----------------------------------------------------------------------
  type_relations                0.152266     0.002673 ✅ 正常           
  exist_relation                0.014255     0.000540 ✅ 正常           
  mi_proj_layer0                0.021337     0.000065 ✅ 正常           
  dis_proj_layer0               0.022996     0.000070 ✅ 正常           
================================================================================

Epoch 400, Total Loss: 14.0541, Recover Loss: 0.8381, miRNA CL: 6.7578, Disease CL: 6.2063, Inter-view (est): 2.9917, Recon Loss: 0.0267, Time: 345.09s
[INFO] Hypergraph updated at epoch 450

🔧 Epoch 450 梯度检查:
================================================================================

  参数名称                              梯度范数         梯度均值 状态             
  ----------------------------------------------------------------------
  type_relations                0.139401     0.002421 ✅ 正常           
  exist_relation                0.023919     0.000840 ✅ 正常           
  mi_proj_layer0                0.020892     0.000065 ✅ 正常           
  dis_proj_layer0               0.021410     0.000066 ✅ 正常           
================================================================================

Epoch 450, Total Loss: 13.9906, Recover Loss: 0.8287, miRNA CL: 6.7186, Disease CL: 6.1927, Inter-view (est): 2.9795, Recon Loss: 0.0269, Time: 379.66s
[INFO] Hypergraph updated at epoch 500

🔧 Epoch 500 梯度检查:
================================================================================

  参数名称                              梯度范数         梯度均值 状态             
  ----------------------------------------------------------------------
  type_relations                0.138935     0.002401 ✅ 正常           
  exist_relation                0.013867     0.000522 ✅ 正常           
  mi_proj_layer0                0.019671     0.000062 ✅ 正常           
  dis_proj_layer0               0.020673     0.000066 ✅ 正常           
================================================================================

Epoch 500, Total Loss: 13.9340, Recover Loss: 0.8152, miRNA CL: 6.6884, Disease CL: 6.1817, Inter-view (est): 2.9700, Recon Loss: 0.0262, Time: 415.95s
[INFO] Hypergraph updated at epoch 550

🔧 Epoch 550 梯度检查:
================================================================================

  参数名称                              梯度范数         梯度均值 状态             
  ----------------------------------------------------------------------
  type_relations                0.149388     0.002504 ✅ 正常           
  exist_relation                0.018249     0.000695 ✅ 正常           
  mi_proj_layer0                0.023851     0.000070 ✅ 正常           
  dis_proj_layer0               0.024337     0.000074 ✅ 正常           
================================================================================

Epoch 550, Total Loss: 13.8923, Recover Loss: 0.8101, miRNA CL: 6.6635, Disease CL: 6.1710, Inter-view (est): 2.9618, Recon Loss: 0.0263, Time: 453.34s
[INFO] Hypergraph updated at epoch 600

🔧 Epoch 600 梯度检查:
================================================================================

  参数名称                              梯度范数         梯度均值 状态             
  ----------------------------------------------------------------------
  type_relations                0.153142     0.002622 ✅ 正常           
  exist_relation                0.016075     0.000573 ✅ 正常           
  mi_proj_layer0                0.021285     0.000065 ✅ 正常           
  dis_proj_layer0               0.022307     0.000069 ✅ 正常           
================================================================================

Epoch 600, Total Loss: 13.8598, Recover Loss: 0.8081, miRNA CL: 6.6441, Disease CL: 6.1605, Inter-view (est): 2.9549, Recon Loss: 0.0268, Time: 490.90s
[INFO] Hypergraph updated at epoch 650

🔧 Epoch 650 梯度检查:
================================================================================

  参数名称                              梯度范数         梯度均值 状态             
  ----------------------------------------------------------------------
  type_relations                0.132787     0.002297 ✅ 正常           
  exist_relation                0.016091     0.000615 ✅ 正常           
  mi_proj_layer0                0.023022     0.000068 ✅ 正常           
  dis_proj_layer0               0.023425     0.000071 ✅ 正常           
================================================================================

Epoch 650, Total Loss: 13.8193, Recover Loss: 0.7971, miRNA CL: 6.6268, Disease CL: 6.1503, Inter-view (est): 2.9486, Recon Loss: 0.0260, Time: 526.16s

================================================================================
Training completed. Running final test...
================================================================================
Fold 2 completed - AUC: 0.9727, Top-1 F1: 0.5735
Fold 2 training time: 526.93 seconds
=== Cross Validation Fold 3/5 ===
Using hidden dimensions: [256, 256] with 4 attention heads
优化模型初始化: miRNA数量 = 495, 疾病数量 = 383
   节点维度: 256 → 128
   类型数量: 4
   Temperature: 2.0 (可学习)
   Loss mode: two_head
   loss_mode=two_head
   exist_weight=0.300, type_weight=0.700

✅ SimplifiedMultiTypeAssociationLoss 初始化 (改进版)
   类别权重 (beta=0.99999): ['0.780', '1.822', '0.977', '0.421']
Original positive index shape: torch.Size([1072, 2])
Original negative index shape: torch.Size([135416, 2])
采样后负样本数量: 10720
🎯 Building TRUE DUAL VIEWS from four different sources...
📊 Data sources loaded:
  Disease semantic: torch.Size([383, 383])
  miRNA functional: torch.Size([495, 495])
  Disease-gene: torch.Size([383, 383])
  miRNA-sequence: torch.Size([495, 495])
🧬 Building miRNA dual-view hypergraphs...
  📊 miRNA View 1 (Sequence): torch.Size([495, 878])
  📊 miRNA View 2 (Function): torch.Size([495, 878])
🦠 Building disease dual-view hypergraphs...
  📊 Disease View 1 (Gene): torch.Size([383, 878])
  📊 Disease View 2 (Semantic): torch.Size([383, 878])
✅ Successfully built TRUE DUAL VIEWS:
   🧬 miRNA: Sequence Features (m_ss.xlsx) vs Functional Similarity (mi_fun_sim_2.0.csv)
   🦠 Disease: Gene Features (d_gs.xlsx) vs Semantic Similarity (dis_sem_sim_2.0.csv)

🔧 Epoch 1 梯度检查:
================================================================================

  参数名称                              梯度范数         梯度均值 状态             
  ----------------------------------------------------------------------
  type_relations                0.053902     0.001617 ✅ 正常           
  exist_relation                0.253426     0.014283 ✅ 正常           
  mi_proj_layer0                0.766257     0.002137 ✅ 正常           
  dis_proj_layer0               0.841950     0.002290 ✅ 正常           
================================================================================

Epoch 1, Total Loss: 20.2294, Recover Loss: 1.0837, miRNA CL: 8.9008, Disease CL: 8.4284, Inter-view (est): 3.9991, Recon Loss: 1.5182, Time: 0.69s
[INFO] Hypergraph updated at epoch 5
[INFO] Hypergraph updated at epoch 10
[INFO] Hypergraph updated at epoch 15
[INFO] Hypergraph updated at epoch 20
[INFO] Hypergraph updated at epoch 25
[INFO] Hypergraph updated at epoch 30
[INFO] Hypergraph updated at epoch 35
[INFO] Hypergraph updated at epoch 40
[INFO] Hypergraph updated at epoch 45
[INFO] Hypergraph updated at epoch 50

🔧 Epoch 50 梯度检查:
================================================================================

  参数名称                              梯度范数         梯度均值 状态             
  ----------------------------------------------------------------------
  type_relations                0.060163     0.001572 ✅ 正常           
  exist_relation                0.013609     0.000772 ✅ 正常           
  mi_proj_layer0                0.021278     0.000072 ✅ 正常           
  dis_proj_layer0               0.022837     0.000081 ✅ 正常           
================================================================================

Epoch 50, Total Loss: 17.1005, Recover Loss: 1.0068, miRNA CL: 7.9909, Disease CL: 7.6931, Inter-view (est): 3.6194, Recon Loss: 0.1264, Time: 104.39s
[INFO] Hypergraph updated at epoch 100

🔧 Epoch 100 梯度检查:
================================================================================

  参数名称                              梯度范数         梯度均值 状态             
  ----------------------------------------------------------------------
  type_relations                0.142139     0.002689 ✅ 正常           
  exist_relation                0.023253     0.000662 ✅ 正常           
  mi_proj_layer0                0.022049     0.000073 ✅ 正常           
  dis_proj_layer0               0.022515     0.000076 ✅ 正常           
================================================================================

Epoch 100, Total Loss: 15.9409, Recover Loss: 0.9861, miRNA CL: 7.6905, Disease CL: 6.9693, Inter-view (est): 3.3830, Recon Loss: 0.0312, Time: 142.44s
[INFO] Hypergraph updated at epoch 150

🔧 Epoch 150 梯度检查:
================================================================================

  参数名称                              梯度范数         梯度均值 状态             
  ----------------------------------------------------------------------
  type_relations                0.228881     0.003736 ✅ 正常           
  exist_relation                0.021354     0.000884 ✅ 正常           
  mi_proj_layer0                0.023763     0.000082 ✅ 正常           
  dis_proj_layer0               0.030883     0.000100 ✅ 正常           
================================================================================

Epoch 150, Total Loss: 15.2017, Recover Loss: 0.9475, miRNA CL: 7.3731, Disease CL: 6.6021, Inter-view (est): 3.2250, Recon Loss: 0.0293, Time: 180.71s
[INFO] Hypergraph updated at epoch 200

🔧 Epoch 200 梯度检查:
================================================================================

  参数名称                              梯度范数         梯度均值 状态             
  ----------------------------------------------------------------------
  type_relations                0.189835     0.002981 ✅ 正常           
  exist_relation                0.026077     0.000846 ✅ 正常           
  mi_proj_layer0                0.019797     0.000069 ✅ 正常           
  dis_proj_layer0               0.021972     0.000074 ✅ 正常           
================================================================================

Epoch 200, Total Loss: 14.6849, Recover Loss: 0.9130, miRNA CL: 7.1018, Disease CL: 6.4006, Inter-view (est): 3.1159, Recon Loss: 0.0290, Time: 217.41s
[INFO] Hypergraph updated at epoch 250

🔧 Epoch 250 梯度检查:
================================================================================

  参数名称                              梯度范数         梯度均值 状态             
  ----------------------------------------------------------------------
  type_relations                0.187590     0.002903 ✅ 正常           
  exist_relation                0.016942     0.000596 ✅ 正常           
  mi_proj_layer0                0.019055     0.000062 ✅ 正常           
  dis_proj_layer0               0.021165     0.000069 ✅ 正常           
================================================================================

Epoch 250, Total Loss: 14.4610, Recover Loss: 0.8891, miRNA CL: 6.9832, Disease CL: 6.3253, Inter-view (est): 3.0712, Recon Loss: 0.0282, Time: 252.73s
[INFO] Hypergraph updated at epoch 300

🔧 Epoch 300 梯度检查:
================================================================================

  参数名称                              梯度范数         梯度均值 状态             
  ----------------------------------------------------------------------
  type_relations                0.182848     0.002704 ✅ 正常           
  exist_relation                0.025317     0.000763 ✅ 正常           
  mi_proj_layer0                0.017858     0.000060 ✅ 正常           
  dis_proj_layer0               0.021488     0.000069 ✅ 正常           
================================================================================

Epoch 300, Total Loss: 14.3031, Recover Loss: 0.8708, miRNA CL: 6.8893, Disease CL: 6.2842, Inter-view (est): 3.0400, Recon Loss: 0.0276, Time: 287.53s
[INFO] Hypergraph updated at epoch 350

🔧 Epoch 350 梯度检查:
================================================================================

  参数名称                              梯度范数         梯度均值 状态             
  ----------------------------------------------------------------------
  type_relations                0.161661     0.002539 ✅ 正常           
  exist_relation                0.017035     0.000619 ✅ 正常           
  mi_proj_layer0                0.018172     0.000059 ✅ 正常           
  dis_proj_layer0               0.022347     0.000069 ✅ 正常           
================================================================================

Epoch 350, Total Loss: 14.1659, Recover Loss: 0.8616, miRNA CL: 6.7917, Disease CL: 6.2564, Inter-view (est): 3.0111, Recon Loss: 0.0278, Time: 322.51s
[INFO] Hypergraph updated at epoch 400

🔧 Epoch 400 梯度检查:
================================================================================

  参数名称                              梯度范数         梯度均值 状态             
