================================================================
 FIG.4 VERIFY with REPRODUCE config
 seed=1, K_neigs=7, DEFAULT loss (--exist_weight 0.3, two_head)
 Paper baseline T1-F1 = 0.5970
 Our baseline T1-F1 = 0.5909 (gap -1.0%)
================================================================

[1/5] ablation=no_cl (seed=1, K=7)
----------------------------------------------------------------
[CPU] torch.set_num_threads(14), interop=min(4, 14)
Using device: cpu
[INFO] Auto-computed BALANCED class weights (to prevent class collapse):
  Circulation  (367 samples): 0.780
  Epigenetics  (157 samples): 1.823
  Target       (293 samples): 0.977
  Genetics     (681 samples): 0.420
  [NOTE] Higher weights for minority classes to prevent model from only predicting majority class
[INFO] Using v2.0_495m383D dataset:
  miRNAs: 495
  Diseases: 383
  Expected associations: ~1498
  Types: 4 (Circulation, Epigenetics, Target, Genetics)

================================================================================
Configuration Summary
================================================================================
Dataset: v2.0_495m383D
Data Path: ./
Model: HeterogenousGraphCLAMIR
  - HGT Layers: 2
  - Attention Heads: 4
  - Association Types: 4
  - Inter-view CL: Enabled
    - Weight: 0.3
    - Temperature: 0.5
    - Margin: 0.5

Training:
  - Epochs: 650
  - Learning Rate: 0.0001
  - Dropout: 0.3
  - Weight Decay: 5e-05
  - Focal Loss: Enabled

Evaluation:
  - Cross-Validation Folds: 5
  - Primary Metric: AUPR

Device: cpu
Random Seed: 1
================================================================================

[SEED] Re-seeded với args.seed = 1
🚀 Running with comprehensive evaluation including Top-1 metrics...
🎯 Loading dual-view data...
Starting dual-view data preparation with new file format...
Loading all similarity and feature files from v2.0_495m383D...
✅ Loaded disease semantic similarity from D_SSM1.txt: (383, 383)
✅ Loaded miRNA functional similarity from M_FSM.txt: (495, 495)
✅ Loaded multi-type association pairs from ./v2.0_495m383D\multi_all_mirna_disease_pairs_without_negative.csv: (1679, 3)
✅ Created multi-type association matrix: (495, 383)
📊 Multi-type Association Statistics:
   无关联 (No association): 188087 pairs (99.21%)
   循环类型 (Circulation): 367 pairs (0.19%)
   表观遗传学 (Epigenetics): 157 pairs (0.08%)
   靶标类型 (Target): 293 pairs (0.15%)
   遗传学类型 (Genetics): 681 pairs (0.36%)
✅ Created association matrix from CSV: (495, 383)
✅ Loaded disease-gene features from D_SSM2.txt: torch.Size([383, 383])
✅ Loaded miRNA-sequence features from M_GSM.txt: torch.Size([495, 495])
Processing integrated similarity matrices...
Loaded similarity matrices from cache
Processing indices...
Loaded indices from cache (seed=1)
✅ Dual-view data preparation completed in 0.40 seconds

============================================================
🎯 DUAL-VIEW CONFIGURATION SUMMARY (v2.0_495m383D)
============================================================
miRNA Dual Views:
  📊 View 1 (Sequence): M_GSM.txt torch.Size([495, 495])
  📊 View 2 (Function): M_FSM.txt torch.Size([495, 495])

Disease Dual Views:
  📊 View 1 (Gene): D_SSM2.txt torch.Size([383, 383])
  📊 View 2 (Semantic): D_SSM1.txt torch.Size([383, 383])

Association Matrix: torch.Size([495, 383])
Data source: v2.0_495m383D (495 miRNAs × 383 Diseases)
============================================================
Preloading dual-view data to device...
✅ Loaded disease-gene features to device: torch.Size([383, 383])
✅ Loaded miRNA-sequence features to device: torch.Size([495, 495])
✅ Loaded disease semantic similarity to device: torch.Size([383, 383])
✅ Loaded miRNA functional similarity to device: torch.Size([495, 495])
✅ Dual-view data preloading completed in 0.00 seconds
OptimizedDataset initialized with 5 folds
Using device: cpu
=== Cross Validation Fold 1/5 ===
Using hidden dimensions: [256, 256] with 4 attention heads
[ABLATION] Running with mode = no_cl
优化模型初始化: miRNA数量 = 495, 疾病数量 = 383
   节点维度: 256 → 128
   类型数量: 4
   Temperature: 2.0 (可学习)
   Loss mode: two_head
   loss_mode=two_head
   exist_weight=0.300, type_weight=0.700

✅ SimplifiedMultiTypeAssociationLoss 初始化 (改进版)
   类别权重 (beta=0.99999): ['0.780', '1.822', '0.977', '0.421']
Original positive index shape: torch.Size([1072, 2])
Original negative index shape: torch.Size([135416, 2])
采样后负样本数量: 10720
🎯 Building TRUE DUAL VIEWS from four different sources...
📊 Data sources loaded:
  Disease semantic: torch.Size([383, 383])
  miRNA functional: torch.Size([495, 495])
  Disease-gene: torch.Size([383, 383])
  miRNA-sequence: torch.Size([495, 495])
🧬 Building miRNA dual-view hypergraphs...
  📊 miRNA View 1 (Sequence): torch.Size([495, 878])
  📊 miRNA View 2 (Function): torch.Size([495, 878])
🦠 Building disease dual-view hypergraphs...
  📊 Disease View 1 (Gene): torch.Size([383, 878])
  📊 Disease View 2 (Semantic): torch.Size([383, 878])
✅ Successfully built TRUE DUAL VIEWS:
   🧬 miRNA: Sequence Features (m_ss.xlsx) vs Functional Similarity (mi_fun_sim_2.0.csv)
   🦠 Disease: Gene Features (d_gs.xlsx) vs Semantic Similarity (dis_sem_sim_2.0.csv)

🔧 Epoch 1 梯度检查:
================================================================================

  参数名称                              梯度范数         梯度均值 状态             
  ----------------------------------------------------------------------
  type_relations                0.059724     0.001792 ✅ 正常           
  exist_relation                0.204505     0.012003 ✅ 正常           
  mi_proj_layer0                0.713824     0.002079 ✅ 正常           
  dis_proj_layer0               0.849819     0.002610 ✅ 正常           
================================================================================

Epoch 1, Total Loss: 2.8444, Recover Loss: 1.0855, miRNA CL: 0.0000, Disease CL: 0.0000, Inter-view (est): 0.0000, Recon Loss: 1.4608, Time: 0.43s
[INFO] Hypergraph updated at epoch 5
[INFO] Hypergraph updated at epoch 10
[INFO] Hypergraph updated at epoch 15
[INFO] Hypergraph updated at epoch 20
[INFO] Hypergraph updated at epoch 25
[INFO] Hypergraph updated at epoch 30
[INFO] Hypergraph updated at epoch 35
[INFO] Hypergraph updated at epoch 40
[INFO] Hypergraph updated at epoch 45
[INFO] Hypergraph updated at epoch 50

🔧 Epoch 50 梯度检查:
================================================================================

  参数名称                              梯度范数         梯度均值 状态             
  ----------------------------------------------------------------------
  type_relations                0.064966     0.001806 ✅ 正常           
  exist_relation                0.012922     0.000850 ✅ 正常           
  mi_proj_layer0                0.021829     0.000078 ✅ 正常           
  dis_proj_layer0               0.026356     0.000091 ✅ 正常           
================================================================================

Epoch 50, Total Loss: 1.3657, Recover Loss: 1.0091, miRNA CL: 0.0000, Disease CL: 0.0000, Inter-view (est): 0.0000, Recon Loss: 0.0763, Time: 69.25s
[INFO] Hypergraph updated at epoch 100

🔧 Epoch 100 梯度检查:
================================================================================

  参数名称                              梯度范数         梯度均值 状态             
  ----------------------------------------------------------------------
  type_relations                0.152607     0.003156 ✅ 正常           
  exist_relation                0.019868     0.000920 ✅ 正常           
  mi_proj_layer0                0.022306     0.000080 ✅ 正常           
  dis_proj_layer0               0.027150     0.000095 ✅ 正常           
================================================================================

Epoch 100, Total Loss: 1.2714, Recover Loss: 0.9805, miRNA CL: 0.0000, Disease CL: 0.0000, Inter-view (est): 0.0000, Recon Loss: 0.0322, Time: 89.36s
[INFO] Hypergraph updated at epoch 150

🔧 Epoch 150 梯度检查:
================================================================================

  参数名称                              梯度范数         梯度均值 状态             
  ----------------------------------------------------------------------
  type_relations                0.189247     0.003249 ✅ 正常           
  exist_relation                0.021425     0.000834 ✅ 正常           
  mi_proj_layer0                0.025284     0.000085 ✅ 正常           
  dis_proj_layer0               0.024875     0.000083 ✅ 正常           
================================================================================

Epoch 150, Total Loss: 1.2111, Recover Loss: 0.9398, miRNA CL: 0.0000, Disease CL: 0.0000, Inter-view (est): 0.0000, Recon Loss: 0.0290, Time: 109.37s
[INFO] Hypergraph updated at epoch 200

🔧 Epoch 200 梯度检查:
================================================================================

  参数名称                              梯度范数         梯度均值 状态             
  ----------------------------------------------------------------------
  type_relations                0.195363     0.003320 ✅ 正常           
  exist_relation                0.021079     0.000769 ✅ 正常           
  mi_proj_layer0                0.021041     0.000073 ✅ 正常           
  dis_proj_layer0               0.022488     0.000074 ✅ 正常           
================================================================================

Epoch 200, Total Loss: 1.1447, Recover Loss: 0.8870, miRNA CL: 0.0000, Disease CL: 0.0000, Inter-view (est): 0.0000, Recon Loss: 0.0283, Time: 128.87s
[INFO] Hypergraph updated at epoch 250

🔧 Epoch 250 梯度检查:
================================================================================

  参数名称                              梯度范数         梯度均值 状态             
  ----------------------------------------------------------------------
  type_relations                0.168569     0.002878 ✅ 正常           
  exist_relation                0.027569     0.000916 ✅ 正常           
  mi_proj_layer0                0.021774     0.000068 ✅ 正常           
  dis_proj_layer0               0.025891     0.000079 ✅ 正常           
================================================================================

Epoch 250, Total Loss: 1.1122, Recover Loss: 0.8651, miRNA CL: 0.0000, Disease CL: 0.0000, Inter-view (est): 0.0000, Recon Loss: 0.0282, Time: 148.39s
[INFO] Hypergraph updated at epoch 300

🔧 Epoch 300 梯度检查:
================================================================================

  参数名称                              梯度范数         梯度均值 状态             
  ----------------------------------------------------------------------
  type_relations                0.159444     0.002750 ✅ 正常           
  exist_relation                0.019244     0.000738 ✅ 正常           
  mi_proj_layer0                0.020636     0.000064 ✅ 正常           
  dis_proj_layer0               0.021374     0.000069 ✅ 正常           
================================================================================

Epoch 300, Total Loss: 1.0702, Recover Loss: 0.8330, miRNA CL: 0.0000, Disease CL: 0.0000, Inter-view (est): 0.0000, Recon Loss: 0.0270, Time: 168.55s
[INFO] Hypergraph updated at epoch 350

🔧 Epoch 350 梯度检查:
================================================================================

  参数名称                              梯度范数         梯度均值 状态             
  ----------------------------------------------------------------------
  type_relations                0.149958     0.002655 ✅ 正常           
  exist_relation                0.017951     0.000634 ✅ 正常           
  mi_proj_layer0                0.020389     0.000063 ✅ 正常           
  dis_proj_layer0               0.026077     0.000075 ✅ 正常           
================================================================================

Epoch 350, Total Loss: 1.0370, Recover Loss: 0.8072, miRNA CL: 0.0000, Disease CL: 0.0000, Inter-view (est): 0.0000, Recon Loss: 0.0268, Time: 190.17s
[INFO] Hypergraph updated at epoch 400

🔧 Epoch 400 梯度检查:
================================================================================

  参数名称                              梯度范数         梯度均值 状态             
  ----------------------------------------------------------------------
  type_relations                0.117190     0.002079 ✅ 正常           
  exist_relation                0.022008     0.000695 ✅ 正常           
  mi_proj_layer0                0.018387     0.000056 ✅ 正常           
  dis_proj_layer0               0.018735     0.000060 ✅ 正常           
================================================================================

Epoch 400, Total Loss: 1.0111, Recover Loss: 0.7883, miRNA CL: 0.0000, Disease CL: 0.0000, Inter-view (est): 0.0000, Recon Loss: 0.0261, Time: 210.18s
[INFO] Hypergraph updated at epoch 450

🔧 Epoch 450 梯度检查:
================================================================================

  参数名称                              梯度范数         梯度均值 状态             
  ----------------------------------------------------------------------
  type_relations                0.108157     0.001818 ✅ 正常           
  exist_relation                0.013470     0.000500 ✅ 正常           
  mi_proj_layer0                0.018822     0.000054 ✅ 正常           
  dis_proj_layer0               0.020675     0.000057 ✅ 正常           
================================================================================

Epoch 450, Total Loss: 0.9909, Recover Loss: 0.7739, miRNA CL: 0.0000, Disease CL: 0.0000, Inter-view (est): 0.0000, Recon Loss: 0.0259, Time: 230.55s
[INFO] Hypergraph updated at epoch 500

🔧 Epoch 500 梯度检查:
================================================================================

  参数名称                              梯度范数         梯度均值 状态             
  ----------------------------------------------------------------------
  type_relations                0.101800     0.001687 ✅ 正常           
  exist_relation                0.011898     0.000416 ✅ 正常           
  mi_proj_layer0                0.018736     0.000054 ✅ 正常           
  dis_proj_layer0               0.018909     0.000055 ✅ 正常           
================================================================================

Epoch 500, Total Loss: 0.9778, Recover Loss: 0.7656, miRNA CL: 0.0000, Disease CL: 0.0000, Inter-view (est): 0.0000, Recon Loss: 0.0260, Time: 251.60s
[INFO] Hypergraph updated at epoch 550

🔧 Epoch 550 梯度检查:
================================================================================

  参数名称                              梯度范数         梯度均值 状态             
  ----------------------------------------------------------------------
  type_relations                0.104955     0.001842 ✅ 正常           
  exist_relation                0.018956     0.000578 ✅ 正常           
  mi_proj_layer0                0.022299     0.000062 ✅ 正常           
  dis_proj_layer0               0.021589     0.000063 ✅ 正常           
================================================================================

Epoch 550, Total Loss: 0.9610, Recover Loss: 0.7545, miRNA CL: 0.0000, Disease CL: 0.0000, Inter-view (est): 0.0000, Recon Loss: 0.0247, Time: 272.87s
[INFO] Hypergraph updated at epoch 600

🔧 Epoch 600 梯度检查:
================================================================================

  参数名称                              梯度范数         梯度均值 状态             
  ----------------------------------------------------------------------
  type_relations                0.093327     0.001579 ✅ 正常           
  exist_relation                0.009394     0.000343 ✅ 正常           
  mi_proj_layer0                0.017911     0.000051 ✅ 正常           
  dis_proj_layer0               0.022200     0.000061 ✅ 正常           
================================================================================

Epoch 600, Total Loss: 0.9415, Recover Loss: 0.7390, miRNA CL: 0.0000, Disease CL: 0.0000, Inter-view (est): 0.0000, Recon Loss: 0.0245, Time: 294.96s
[INFO] Hypergraph updated at epoch 650

🔧 Epoch 650 梯度检查:
================================================================================

  参数名称                              梯度范数         梯度均值 状态             
  ----------------------------------------------------------------------
  type_relations                0.077103     0.001345 ✅ 正常           
  exist_relation                0.010279     0.000385 ✅ 正常           
  mi_proj_layer0                0.018360     0.000051 ✅ 正常           
  dis_proj_layer0               0.019640     0.000055 ✅ 正常           
================================================================================

Epoch 650, Total Loss: 0.9302, Recover Loss: 0.7311, miRNA CL: 0.0000, Disease CL: 0.0000, Inter-view (est): 0.0000, Recon Loss: 0.0248, Time: 315.76s

================================================================================
Training completed. Running final test...
================================================================================
Fold 1 completed - AUC: 0.9761, Top-1 F1: 0.6284
Fold 1 training time: 316.84 seconds
=== Cross Validation Fold 2/5 ===
Using hidden dimensions: [256, 256] with 4 attention heads
[ABLATION] Running with mode = no_cl
优化模型初始化: miRNA数量 = 495, 疾病数量 = 383
   节点维度: 256 → 128
   类型数量: 4
   Temperature: 2.0 (可学习)
   Loss mode: two_head
   loss_mode=two_head
   exist_weight=0.300, type_weight=0.700

✅ SimplifiedMultiTypeAssociationLoss 初始化 (改进版)
   类别权重 (beta=0.99999): ['0.780', '1.822', '0.977', '0.421']
Original positive index shape: torch.Size([1072, 2])
Original negative index shape: torch.Size([135416, 2])
采样后负样本数量: 10720
🎯 Building TRUE DUAL VIEWS from four different sources...
📊 Data sources loaded:
  Disease semantic: torch.Size([383, 383])
  miRNA functional: torch.Size([495, 495])
  Disease-gene: torch.Size([383, 383])
  miRNA-sequence: torch.Size([495, 495])
🧬 Building miRNA dual-view hypergraphs...
  📊 miRNA View 1 (Sequence): torch.Size([495, 878])
  📊 miRNA View 2 (Function): torch.Size([495, 878])
🦠 Building disease dual-view hypergraphs...
  📊 Disease View 1 (Gene): torch.Size([383, 878])
  📊 Disease View 2 (Semantic): torch.Size([383, 878])
✅ Successfully built TRUE DUAL VIEWS:
   🧬 miRNA: Sequence Features (m_ss.xlsx) vs Functional Similarity (mi_fun_sim_2.0.csv)
   🦠 Disease: Gene Features (d_gs.xlsx) vs Semantic Similarity (dis_sem_sim_2.0.csv)

🔧 Epoch 1 梯度检查:
================================================================================

  参数名称                              梯度范数         梯度均值 状态             
  ----------------------------------------------------------------------
  type_relations                0.063554     0.001755 ✅ 正常           
  exist_relation                0.287845     0.016477 ✅ 正常           
  mi_proj_layer0                1.000848     0.002856 ✅ 正常           
  dis_proj_layer0               0.941850     0.002742 ✅ 正常           
================================================================================

Epoch 1, Total Loss: 2.8819, Recover Loss: 1.1099, miRNA CL: 0.0000, Disease CL: 0.0000, Inter-view (est): 0.0000, Recon Loss: 1.4738, Time: 0.44s
[INFO] Hypergraph updated at epoch 5
[INFO] Hypergraph updated at epoch 10
[INFO] Hypergraph updated at epoch 15
[INFO] Hypergraph updated at epoch 20
[INFO] Hypergraph updated at epoch 25
[INFO] Hypergraph updated at epoch 30
[INFO] Hypergraph updated at epoch 35
[INFO] Hypergraph updated at epoch 40
[INFO] Hypergraph updated at epoch 45
[INFO] Hypergraph updated at epoch 50

🔧 Epoch 50 梯度检查:
================================================================================

  参数名称                              梯度范数         梯度均值 状态             
  ----------------------------------------------------------------------
  type_relations                0.059606     0.001676 ✅ 正常           
  exist_relation                0.010693     0.000656 ✅ 正常           
  mi_proj_layer0                0.019310     0.000069 ✅ 正常           
  dis_proj_layer0               0.022857     0.000080 ✅ 正常           
================================================================================

Epoch 50, Total Loss: 1.3593, Recover Loss: 1.0092, miRNA CL: 0.0000, Disease CL: 0.0000, Inter-view (est): 0.0000, Recon Loss: 0.0701, Time: 67.23s
[INFO] Hypergraph updated at epoch 100

🔧 Epoch 100 梯度检查:
================================================================================

  参数名称                              梯度范数         梯度均值 状态             
  ----------------------------------------------------------------------
  type_relations                0.147740     0.003138 ✅ 正常           
  exist_relation                0.018502     0.000907 ✅ 正常           
  mi_proj_layer0                0.026660     0.000090 ✅ 正常           
  dis_proj_layer0               0.026089     0.000092 ✅ 正常           
================================================================================

Epoch 100, Total Loss: 1.2725, Recover Loss: 0.9847, miRNA CL: 0.0000, Disease CL: 0.0000, Inter-view (est): 0.0000, Recon Loss: 0.0302, Time: 88.09s
[INFO] Hypergraph updated at epoch 150

🔧 Epoch 150 梯度检查:
================================================================================

  参数名称                              梯度范数         梯度均值 状态             
  ----------------------------------------------------------------------
  type_relations                0.202880     0.003646 ✅ 正常           
  exist_relation                0.026504     0.001023 ✅ 正常           
  mi_proj_layer0                0.025169     0.000086 ✅ 正常           
  dis_proj_layer0               0.026621     0.000091 ✅ 正常           
================================================================================

Epoch 150, Total Loss: 1.2091, Recover Loss: 0.9405, miRNA CL: 0.0000, Disease CL: 0.0000, Inter-view (est): 0.0000, Recon Loss: 0.0280, Time: 108.37s
[INFO] Hypergraph updated at epoch 200

🔧 Epoch 200 梯度检查:
================================================================================

  参数名称                              梯度范数         梯度均值 状态             
  ----------------------------------------------------------------------
  type_relations                0.206771     0.003586 ✅ 正常           
  exist_relation                0.022145     0.000827 ✅ 正常           
  mi_proj_layer0                0.022076     0.000075 ✅ 正常           
  dis_proj_layer0               0.025765     0.000080 ✅ 正常           
================================================================================

Epoch 200, Total Loss: 1.1561, Recover Loss: 0.9006, miRNA CL: 0.0000, Disease CL: 0.0000, Inter-view (est): 0.0000, Recon Loss: 0.0281, Time: 128.38s
[INFO] Hypergraph updated at epoch 250

🔧 Epoch 250 梯度检查:
================================================================================

  参数名称                              梯度范数         梯度均值 状态             
  ----------------------------------------------------------------------
  type_relations                0.168847     0.002733 ✅ 正常           
  exist_relation                0.025939     0.000968 ✅ 正常           
  mi_proj_layer0                0.027036     0.000081 ✅ 正常           
  dis_proj_layer0               0.025506     0.000077 ✅ 正常           
================================================================================

Epoch 250, Total Loss: 1.1136, Recover Loss: 0.8707, miRNA CL: 0.0000, Disease CL: 0.0000, Inter-view (est): 0.0000, Recon Loss: 0.0264, Time: 148.54s
[INFO] Hypergraph updated at epoch 300

🔧 Epoch 300 梯度检查:
================================================================================

  参数名称                              梯度范数         梯度均值 状态             
  ----------------------------------------------------------------------
  type_relations                0.137347     0.002377 ✅ 正常           
  exist_relation                0.014387     0.000517 ✅ 正常           
  mi_proj_layer0                0.020061     0.000064 ✅ 正常           
  dis_proj_layer0               0.024309     0.000073 ✅ 正常           
================================================================================

Epoch 300, Total Loss: 1.0753, Recover Loss: 0.8409, miRNA CL: 0.0000, Disease CL: 0.0000, Inter-view (est): 0.0000, Recon Loss: 0.0269, Time: 168.40s
[INFO] Hypergraph updated at epoch 350

🔧 Epoch 350 梯度检查:
================================================================================

  参数名称                              梯度范数         梯度均值 状态             
  ----------------------------------------------------------------------
  type_relations                0.138525     0.002421 ✅ 正常           
  exist_relation                0.016516     0.000591 ✅ 正常           
  mi_proj_layer0                0.019862     0.000062 ✅ 正常           
  dis_proj_layer0               0.021247     0.000067 ✅ 正常           
================================================================================

Epoch 350, Total Loss: 1.0358, Recover Loss: 0.8088, miRNA CL: 0.0000, Disease CL: 0.0000, Inter-view (est): 0.0000, Recon Loss: 0.0269, Time: 188.29s
[INFO] Hypergraph updated at epoch 400

🔧 Epoch 400 梯度检查:
================================================================================

  参数名称                              梯度范数         梯度均值 状态             
  ----------------------------------------------------------------------
  type_relations                0.115241     0.002022 ✅ 正常           
  exist_relation                0.015290     0.000551 ✅ 正常           
  mi_proj_layer0                0.023895     0.000067 ✅ 正常           
  dis_proj_layer0               0.024224     0.000067 ✅ 正常           
================================================================================

Epoch 400, Total Loss: 1.0109, Recover Loss: 0.7923, miRNA CL: 0.0000, Disease CL: 0.0000, Inter-view (est): 0.0000, Recon Loss: 0.0249, Time: 208.61s
[INFO] Hypergraph updated at epoch 450

🔧 Epoch 450 梯度检查:
================================================================================

  参数名称                              梯度范数         梯度均值 状态             
  ----------------------------------------------------------------------
  type_relations                0.127474     0.002246 ✅ 正常           
  exist_relation                0.014646     0.000534 ✅ 正常           
  mi_proj_layer0                0.030543     0.000079 ✅ 正常           
  dis_proj_layer0               0.024824     0.000070 ✅ 正常           
================================================================================

Epoch 450, Total Loss: 0.9893, Recover Loss: 0.7756, miRNA CL: 0.0000, Disease CL: 0.0000, Inter-view (est): 0.0000, Recon Loss: 0.0255, Time: 228.38s
[INFO] Hypergraph updated at epoch 500

🔧 Epoch 500 梯度检查:
================================================================================

  参数名称                              梯度范数         梯度均值 状态             
  ----------------------------------------------------------------------
  type_relations                0.098453     0.001778 ✅ 正常           
  exist_relation                0.013843     0.000498 ✅ 正常           
  mi_proj_layer0                0.020302     0.000060 ✅ 正常           
  dis_proj_layer0               0.019341     0.000058 ✅ 正常           
================================================================================

Epoch 500, Total Loss: 0.9730, Recover Loss: 0.7649, miRNA CL: 0.0000, Disease CL: 0.0000, Inter-view (est): 0.0000, Recon Loss: 0.0246, Time: 248.04s
[INFO] Hypergraph updated at epoch 550

🔧 Epoch 550 梯度检查:
================================================================================

  参数名称                              梯度范数         梯度均值 状态             
  ----------------------------------------------------------------------
  type_relations                0.099293     0.001782 ✅ 正常           
  exist_relation                0.015357     0.000606 ✅ 正常           
  mi_proj_layer0                0.020452     0.000059 ✅ 正常           
  dis_proj_layer0               0.025705     0.000068 ✅ 正常           
================================================================================

Epoch 550, Total Loss: 0.9555, Recover Loss: 0.7518, miRNA CL: 0.0000, Disease CL: 0.0000, Inter-view (est): 0.0000, Recon Loss: 0.0244, Time: 267.97s
[INFO] Hypergraph updated at epoch 600

🔧 Epoch 600 梯度检查:
================================================================================

  参数名称                              梯度范数         梯度均值 状态             
  ----------------------------------------------------------------------
  type_relations                0.083921     0.001497 ✅ 正常           
  exist_relation                0.015666     0.000570 ✅ 正常           
  mi_proj_layer0                0.024715     0.000067 ✅ 正常           
  dis_proj_layer0               0.027309     0.000069 ✅ 正常           
================================================================================

Epoch 600, Total Loss: 0.9392, Recover Loss: 0.7386, miRNA CL: 0.0000, Disease CL: 0.0000, Inter-view (est): 0.0000, Recon Loss: 0.0251, Time: 288.08s
[INFO] Hypergraph updated at epoch 650

🔧 Epoch 650 梯度检查:
================================================================================

  参数名称                              梯度范数         梯度均值 状态             
  ----------------------------------------------------------------------
  type_relations                0.079097     0.001413 ✅ 正常           
  exist_relation                0.010575     0.000399 ✅ 正常           
  mi_proj_layer0                0.028054     0.000074 ✅ 正常           
  dis_proj_layer0               0.023996     0.000064 ✅ 正常           
================================================================================

Epoch 650, Total Loss: 0.9306, Recover Loss: 0.7353, miRNA CL: 0.0000, Disease CL: 0.0000, Inter-view (est): 0.0000, Recon Loss: 0.0232, Time: 308.06s

================================================================================
Training completed. Running final test...
================================================================================
Fold 2 completed - AUC: 0.9697, Top-1 F1: 0.5868
Fold 2 training time: 308.82 seconds
=== Cross Validation Fold 3/5 ===
Using hidden dimensions: [256, 256] with 4 attention heads
[ABLATION] Running with mode = no_cl
优化模型初始化: miRNA数量 = 495, 疾病数量 = 383
   节点维度: 256 → 128
   类型数量: 4
   Temperature: 2.0 (可学习)
   Loss mode: two_head
   loss_mode=two_head
   exist_weight=0.300, type_weight=0.700

✅ SimplifiedMultiTypeAssociationLoss 初始化 (改进版)
   类别权重 (beta=0.99999): ['0.780', '1.822', '0.977', '0.421']
Original positive index shape: torch.Size([1072, 2])
Original negative index shape: torch.Size([135416, 2])
采样后负样本数量: 10720
🎯 Building TRUE DUAL VIEWS from four different sources...
📊 Data sources loaded:
  Disease semantic: torch.Size([383, 383])
  miRNA functional: torch.Size([495, 495])
  Disease-gene: torch.Size([383, 383])
  miRNA-sequence: torch.Size([495, 495])
🧬 Building miRNA dual-view hypergraphs...
  📊 miRNA View 1 (Sequence): torch.Size([495, 878])
  📊 miRNA View 2 (Function): torch.Size([495, 878])
🦠 Building disease dual-view hypergraphs...
  📊 Disease View 1 (Gene): torch.Size([383, 878])
  📊 Disease View 2 (Semantic): torch.Size([383, 878])
✅ Successfully built TRUE DUAL VIEWS:
   🧬 miRNA: Sequence Features (m_ss.xlsx) vs Functional Similarity (mi_fun_sim_2.0.csv)
   🦠 Disease: Gene Features (d_gs.xlsx) vs Semantic Similarity (dis_sem_sim_2.0.csv)

🔧 Epoch 1 梯度检查:
================================================================================

  参数名称                              梯度范数         梯度均值 状态             
  ----------------------------------------------------------------------
  type_relations                0.064024     0.001960 ✅ 正常           
  exist_relation                0.362819     0.019218 ✅ 正常           
  mi_proj_layer0                1.001426     0.002949 ✅ 正常           
  dis_proj_layer0               1.164089     0.003117 ✅ 正常           
================================================================================

Epoch 1, Total Loss: 2.9160, Recover Loss: 1.1095, miRNA CL: 0.0000, Disease CL: 0.0000, Inter-view (est): 0.0000, Recon Loss: 1.5082, Time: 0.42s
[INFO] Hypergraph updated at epoch 5
[INFO] Hypergraph updated at epoch 10
[INFO] Hypergraph updated at epoch 15
[INFO] Hypergraph updated at epoch 20
[INFO] Hypergraph updated at epoch 25
[INFO] Hypergraph updated at epoch 30
[INFO] Hypergraph updated at epoch 35
[INFO] Hypergraph updated at epoch 40
[INFO] Hypergraph updated at epoch 45
[INFO] Hypergraph updated at epoch 50

🔧 Epoch 50 梯度检查:
================================================================================

  参数名称                              梯度范数         梯度均值 状态             
  ----------------------------------------------------------------------
  type_relations                0.069314     0.001875 ✅ 正常           
  exist_relation                0.013181     0.000859 ✅ 正常           
  mi_proj_layer0                0.023628     0.000085 ✅ 正常           
  dis_proj_layer0               0.023917     0.000087 ✅ 正常           
================================================================================

Epoch 50, Total Loss: 1.3660, Recover Loss: 1.0093, miRNA CL: 0.0000, Disease CL: 0.0000, Inter-view (est): 0.0000, Recon Loss: 0.0762, Time: 68.82s
[INFO] Hypergraph updated at epoch 100

🔧 Epoch 100 梯度检查:
================================================================================

  参数名称                              梯度范数         梯度均值 状态             
  ----------------------------------------------------------------------
  type_relations                0.190628     0.003480 ✅ 正常           
  exist_relation                0.012349     0.000629 ✅ 正常           
  mi_proj_layer0                0.028618     0.000090 ✅ 正常           
  dis_proj_layer0               0.025829     0.000088 ✅ 正常           
================================================================================

Epoch 100, Total Loss: 1.2687, Recover Loss: 0.9798, miRNA CL: 0.0000, Disease CL: 0.0000, Inter-view (est): 0.0000, Recon Loss: 0.0306, Time: 89.30s
[INFO] Hypergraph updated at epoch 150

🔧 Epoch 150 梯度检查:
================================================================================

  参数名称                              梯度范数         梯度均值 状态             
  ----------------------------------------------------------------------
  type_relations                0.190607     0.003129 ✅ 正常           
  exist_relation                0.014971     0.000561 ✅ 正常           
  mi_proj_layer0                0.024459     0.000072 ✅ 正常           
  dis_proj_layer0               0.021469     0.000074 ✅ 正常           
================================================================================

Epoch 150, Total Loss: 1.2139, Recover Loss: 0.9434, miRNA CL: 0.0000, Disease CL: 0.0000, Inter-view (est): 0.0000, Recon Loss: 0.0289, Time: 109.19s
[INFO] Hypergraph updated at epoch 200

🔧 Epoch 200 梯度检查:
================================================================================

  参数名称                              梯度范数         梯度均值 状态             
  ----------------------------------------------------------------------
  type_relations                0.250928     0.003595 ✅ 正常           
  exist_relation                0.020530     0.000551 ✅ 正常           
  mi_proj_layer0                0.023120     0.000072 ✅ 正常           
  dis_proj_layer0               0.023885     0.000079 ✅ 正常           
================================================================================

Epoch 200, Total Loss: 1.1543, Recover Loss: 0.8980, miRNA CL: 0.0000, Disease CL: 0.0000, Inter-view (est): 0.0000, Recon Loss: 0.0278, Time: 128.73s
[INFO] Hypergraph updated at epoch 250

🔧 Epoch 250 梯度检查:
================================================================================

  参数名称                              梯度范数         梯度均值 状态             
  ----------------------------------------------------------------------
  type_relations                0.174952     0.002803 ✅ 正常           
  exist_relation                0.015813     0.000548 ✅ 正常           
  mi_proj_layer0                0.018692     0.000062 ✅ 正常           
  dis_proj_layer0               0.019304     0.000065 ✅ 正常           
================================================================================

Epoch 250, Total Loss: 1.1142, Recover Loss: 0.8690, miRNA CL: 0.0000, Disease CL: 0.0000, Inter-view (est): 0.0000, Recon Loss: 0.0273, Time: 148.45s
[INFO] Hypergraph updated at epoch 300

🔧 Epoch 300 梯度检查:
================================================================================

  参数名称                              梯度范数         梯度均值 状态             
  ----------------------------------------------------------------------
  type_relations                0.139925     0.002413 ✅ 正常           
  exist_relation                0.019330     0.000643 ✅ 正常           
  mi_proj_layer0                0.017693     0.000056 ✅ 正常           
  dis_proj_layer0               0.019160     0.000061 ✅ 正常           
================================================================================

Epoch 300, Total Loss: 1.0764, Recover Loss: 0.8416, miRNA CL: 0.0000, Disease CL: 0.0000, Inter-view (est): 0.0000, Recon Loss: 0.0259, Time: 168.79s
[INFO] Hypergraph updated at epoch 350

🔧 Epoch 350 梯度检查:
================================================================================

  参数名称                              梯度范数         梯度均值 状态             
  ----------------------------------------------------------------------
  type_relations                0.128678     0.002260 ✅ 正常           
  exist_relation                0.027258     0.000891 ✅ 正常           
  mi_proj_layer0                0.018709     0.000060 ✅ 正常           
  dis_proj_layer0               0.021381     0.000069 ✅ 正常           
================================================================================

Epoch 350, Total Loss: 1.0444, Recover Loss: 0.8173, miRNA CL: 0.0000, Disease CL: 0.0000, Inter-view (est): 0.0000, Recon Loss: 0.0259, Time: 188.31s
[INFO] Hypergraph updated at epoch 400

🔧 Epoch 400 梯度检查:
================================================================================

  参数名称                              梯度范数         梯度均值 状态             
  ----------------------------------------------------------------------
  type_relations                0.121272     0.002288 ✅ 正常           
  exist_relation                0.025340     0.000835 ✅ 正常           
  mi_proj_layer0                0.026603     0.000078 ✅ 正常           
  dis_proj_layer0               0.023218     0.000073 ✅ 正常           
================================================================================

Epoch 400, Total Loss: 1.0179, Recover Loss: 0.7981, miRNA CL: 0.0000, Disease CL: 0.0000, Inter-view (est): 0.0000, Recon Loss: 0.0250, Time: 208.35s
[INFO] Hypergraph updated at epoch 450

🔧 Epoch 450 梯度检查:
================================================================================

  参数名称                              梯度范数         梯度均值 状态             
  ----------------------------------------------------------------------
  type_relations                0.096491     0.001820 ✅ 正常           
  exist_relation                0.022930     0.000841 ✅ 正常           
  mi_proj_layer0                0.017705     0.000056 ✅ 正常           
  dis_proj_layer0               0.020043     0.000061 ✅ 正常           
================================================================================

Epoch 450, Total Loss: 0.9886, Recover Loss: 0.7748, miRNA CL: 0.0000, Disease CL: 0.0000, Inter-view (est): 0.0000, Recon Loss: 0.0244, Time: 227.87s
[INFO] Hypergraph updated at epoch 500

🔧 Epoch 500 梯度检查:
================================================================================

  参数名称                              梯度范数         梯度均值 状态             
  ----------------------------------------------------------------------
  type_relations                0.087039     0.001565 ✅ 正常           
  exist_relation                0.013610     0.000562 ✅ 正常           
  mi_proj_layer0                0.018709     0.000055 ✅ 正常           
  dis_proj_layer0               0.019896     0.000060 ✅ 正常           
================================================================================

Epoch 500, Total Loss: 0.9751, Recover Loss: 0.7658, miRNA CL: 0.0000, Disease CL: 0.0000, Inter-view (est): 0.0000, Recon Loss: 0.0248, Time: 247.36s
[INFO] Hypergraph updated at epoch 550

🔧 Epoch 550 梯度检查:
================================================================================

  参数名称                              梯度范数         梯度均值 状态             
  ----------------------------------------------------------------------
  type_relations                0.070500     0.001285 ✅ 正常           
  exist_relation                0.017319     0.000685 ✅ 正常           
  mi_proj_layer0                0.015074     0.000046 ✅ 正常           
  dis_proj_layer0               0.017674     0.000053 ✅ 正常           
================================================================================

Epoch 550, Total Loss: 0.9570, Recover Loss: 0.7527, miRNA CL: 0.0000, Disease CL: 0.0000, Inter-view (est): 0.0000, Recon Loss: 0.0242, Time: 267.10s
[INFO] Hypergraph updated at epoch 600

🔧 Epoch 600 梯度检查:
================================================================================

  参数名称                              梯度范数         梯度均值 状态             
  ----------------------------------------------------------------------
  type_relations                0.078933     0.001440 ✅ 正常           
  exist_relation                0.014848     0.000528 ✅ 正常           
  mi_proj_layer0                0.020091     0.000057 ✅ 正常           
  dis_proj_layer0               0.023739     0.000067 ✅ 正常           
================================================================================

Epoch 600, Total Loss: 0.9486, Recover Loss: 0.7484, miRNA CL: 0.0000, Disease CL: 0.0000, Inter-view (est): 0.0000, Recon Loss: 0.0240, Time: 286.91s
[INFO] Hypergraph updated at epoch 650

🔧 Epoch 650 梯度检查:
================================================================================

  参数名称                              梯度范数         梯度均值 状态             
  ----------------------------------------------------------------------
  type_relations                0.076825     0.001328 ✅ 正常           
  exist_relation                0.015623     0.000537 ✅ 正常           
  mi_proj_layer0                0.018410     0.000054 ✅ 正常           
  dis_proj_layer0               0.024130     0.000065 ✅ 正常           
================================================================================

Epoch 650, Total Loss: 0.9345, Recover Loss: 0.7377, miRNA CL: 0.0000, Disease CL: 0.0000, Inter-view (est): 0.0000, Recon Loss: 0.0240, Time: 306.65s

================================================================================
Training completed. Running final test...
================================================================================
Fold 3 completed - AUC: 0.9731, Top-1 F1: 0.6047
Fold 3 training time: 307.40 seconds
=== Cross Validation Fold 4/5 ===
Using hidden dimensions: [256, 256] with 4 attention heads
[ABLATION] Running with mode = no_cl
优化模型初始化: miRNA数量 = 495, 疾病数量 = 383
   节点维度: 256 → 128
   类型数量: 4
   Temperature: 2.0 (可学习)
   Loss mode: two_head
   loss_mode=two_head
   exist_weight=0.300, type_weight=0.700

✅ SimplifiedMultiTypeAssociationLoss 初始化 (改进版)
   类别权重 (beta=0.99999): ['0.780', '1.822', '0.977', '0.421']
Original positive index shape: torch.Size([1072, 2])
Original negative index shape: torch.Size([135416, 2])
采样后负样本数量: 10720
🎯 Building TRUE DUAL VIEWS from four different sources...
📊 Data sources loaded:
  Disease semantic: torch.Size([383, 383])
  miRNA functional: torch.Size([495, 495])
  Disease-gene: torch.Size([383, 383])
  miRNA-sequence: torch.Size([495, 495])
🧬 Building miRNA dual-view hypergraphs...
  📊 miRNA View 1 (Sequence): torch.Size([495, 878])
  📊 miRNA View 2 (Function): torch.Size([495, 878])
🦠 Building disease dual-view hypergraphs...
  📊 Disease View 1 (Gene): torch.Size([383, 878])
  📊 Disease View 2 (Semantic): torch.Size([383, 878])
✅ Successfully built TRUE DUAL VIEWS:
   🧬 miRNA: Sequence Features (m_ss.xlsx) vs Functional Similarity (mi_fun_sim_2.0.csv)
   🦠 Disease: Gene Features (d_gs.xlsx) vs Semantic Similarity (dis_sem_sim_2.0.csv)

🔧 Epoch 1 梯度检查:
================================================================================

  参数名称                              梯度范数         梯度均值 状态             
  ----------------------------------------------------------------------
  type_relations                0.051310     0.001579 ✅ 正常           
  exist_relation                0.166491     0.009982 ✅ 正常           
  mi_proj_layer0                0.468232     0.001420 ✅ 正常           
  dis_proj_layer0               0.632850     0.001967 ✅ 正常           
================================================================================

Epoch 1, Total Loss: 2.8596, Recover Loss: 1.0694, miRNA CL: 0.0000, Disease CL: 0.0000, Inter-view (est): 0.0000, Recon Loss: 1.4920, Time: 0.37s
[INFO] Hypergraph updated at epoch 5
[INFO] Hypergraph updated at epoch 10
[INFO] Hypergraph updated at epoch 15
[INFO] Hypergraph updated at epoch 20
[INFO] Hypergraph updated at epoch 25
[INFO] Hypergraph updated at epoch 30
[INFO] Hypergraph updated at epoch 35
[INFO] Hypergraph updated at epoch 40
[INFO] Hypergraph updated at epoch 45
[INFO] Hypergraph updated at epoch 50

🔧 Epoch 50 梯度检查:
================================================================================

  参数名称                              梯度范数         梯度均值 状态             
  ----------------------------------------------------------------------
  type_relations                0.065711     0.001683 ✅ 正常           
  exist_relation                0.012279     0.000791 ✅ 正常           
  mi_proj_layer0                0.020904     0.000073 ✅ 正常           
  dis_proj_layer0               0.024546     0.000086 ✅ 正常           
================================================================================

Epoch 50, Total Loss: 1.3606, Recover Loss: 1.0080, miRNA CL: 0.0000, Disease CL: 0.0000, Inter-view (est): 0.0000, Recon Loss: 0.0724, Time: 71.13s
[INFO] Hypergraph updated at epoch 100

🔧 Epoch 100 梯度检查:
================================================================================

  参数名称                              梯度范数         梯度均值 状态             
  ----------------------------------------------------------------------
  type_relations                0.174407     0.003032 ✅ 正常           
  exist_relation                0.020339     0.000758 ✅ 正常           
  mi_proj_layer0                0.022097     0.000078 ✅ 正常           
  dis_proj_layer0               0.025572     0.000089 ✅ 正常           
================================================================================

Epoch 100, Total Loss: 1.2744, Recover Loss: 0.9859, miRNA CL: 0.0000, Disease CL: 0.0000, Inter-view (est): 0.0000, Recon Loss: 0.0315, Time: 91.53s
[INFO] Hypergraph updated at epoch 150

🔧 Epoch 150 梯度检查:
================================================================================

  参数名称                              梯度范数         梯度均值 状态             
  ----------------------------------------------------------------------
  type_relations                0.220730     0.003318 ✅ 正常           
  exist_relation                0.015599     0.000584 ✅ 正常           
  mi_proj_layer0                0.023492     0.000076 ✅ 正常           
  dis_proj_layer0               0.028746     0.000087 ✅ 正常           
================================================================================

Epoch 150, Total Loss: 1.2090, Recover Loss: 0.9404, miRNA CL: 0.0000, Disease CL: 0.0000, Inter-view (est): 0.0000, Recon Loss: 0.0291, Time: 111.05s
[INFO] Hypergraph updated at epoch 200

🔧 Epoch 200 梯度检查:
================================================================================

  参数名称                              梯度范数         梯度均值 状态             
  ----------------------------------------------------------------------
  type_relations                0.201649     0.003040 ✅ 正常           
  exist_relation                0.020825     0.000637 ✅ 正常           
  mi_proj_layer0                0.022822     0.000069 ✅ 正常           
  dis_proj_layer0               0.021685     0.000069 ✅ 正常           
================================================================================

Epoch 200, Total Loss: 1.1548, Recover Loss: 0.9003, miRNA CL: 0.0000, Disease CL: 0.0000, Inter-view (est): 0.0000, Recon Loss: 0.0287, Time: 130.68s
[INFO] Hypergraph updated at epoch 250

🔧 Epoch 250 梯度检查:
================================================================================

  参数名称                              梯度范数         梯度均值 状态             
  ----------------------------------------------------------------------
  type_relations                0.178837     0.002732 ✅ 正常           
  exist_relation                0.028374     0.000711 ✅ 正常           
  mi_proj_layer0                0.017478     0.000057 ✅ 正常           
  dis_proj_layer0               0.019718     0.000065 ✅ 正常           
================================================================================

Epoch 250, Total Loss: 1.1079, Recover Loss: 0.8655, miRNA CL: 0.0000, Disease CL: 0.0000, Inter-view (est): 0.0000, Recon Loss: 0.0275, Time: 150.91s
[INFO] Hypergraph updated at epoch 300

🔧 Epoch 300 梯度检查:
================================================================================

  参数名称                              梯度范数         梯度均值 状态             
  ----------------------------------------------------------------------
  type_relations                0.154472     0.002650 ✅ 正常           
  exist_relation                0.026493     0.000759 ✅ 正常           
  mi_proj_layer0                0.019218     0.000058 ✅ 正常           
  dis_proj_layer0               0.021538     0.000070 ✅ 正常           
================================================================================

Epoch 300, Total Loss: 1.0720, Recover Loss: 0.8397, miRNA CL: 0.0000, Disease CL: 0.0000, Inter-view (est): 0.0000, Recon Loss: 0.0264, Time: 170.72s
[INFO] Hypergraph updated at epoch 350

🔧 Epoch 350 梯度检查:
================================================================================

  参数名称                              梯度范数         梯度均值 状态             
  ----------------------------------------------------------------------
  type_relations                0.130178     0.002167 ✅ 正常           
  exist_relation                0.024998     0.000763 ✅ 正常           
  mi_proj_layer0                0.017514     0.000053 ✅ 正常           
  dis_proj_layer0               0.020314     0.000063 ✅ 正常           
================================================================================

Epoch 350, Total Loss: 1.0367, Recover Loss: 0.8122, miRNA CL: 0.0000, Disease CL: 0.0000, Inter-view (est): 0.0000, Recon Loss: 0.0261, Time: 190.71s
[INFO] Hypergraph updated at epoch 400

🔧 Epoch 400 梯度检查:
================================================================================

  参数名称                              梯度范数         梯度均值 状态             
  ----------------------------------------------------------------------
  type_relations                0.115762     0.001951 ✅ 正常           
  exist_relation                0.027365     0.000826 ✅ 正常           
  mi_proj_layer0                0.020101     0.000060 ✅ 正常           
  dis_proj_layer0               0.025669     0.000070 ✅ 正常           
================================================================================

Epoch 400, Total Loss: 1.0114, Recover Loss: 0.7934, miRNA CL: 0.0000, Disease CL: 0.0000, Inter-view (est): 0.0000, Recon Loss: 0.0260, Time: 210.47s
[INFO] Hypergraph updated at epoch 450

🔧 Epoch 450 梯度检查:
================================================================================

  参数名称                              梯度范数         梯度均值 状态             
  ----------------------------------------------------------------------
  type_relations                0.102783     0.001739 ✅ 正常           
  exist_relation                0.021540     0.000753 ✅ 正常           
  mi_proj_layer0                0.018189     0.000051 ✅ 正常           
  dis_proj_layer0               0.021583     0.000064 ✅ 正常           
================================================================================

Epoch 450, Total Loss: 0.9979, Recover Loss: 0.7859, miRNA CL: 0.0000, Disease CL: 0.0000, Inter-view (est): 0.0000, Recon Loss: 0.0256, Time: 230.33s
[INFO] Hypergraph updated at epoch 500

🔧 Epoch 500 梯度检查:
================================================================================

  参数名称                              梯度范数         梯度均值 状态             
  ----------------------------------------------------------------------
  type_relations                0.100621     0.001679 ✅ 正常           
  exist_relation                0.019651     0.000695 ✅ 正常           
  mi_proj_layer0                0.020432     0.000056 ✅ 正常           
  dis_proj_layer0               0.020294     0.000059 ✅ 正常           
================================================================================

Epoch 500, Total Loss: 0.9792, Recover Loss: 0.7718, miRNA CL: 0.0000, Disease CL: 0.0000, Inter-view (est): 0.0000, Recon Loss: 0.0258, Time: 250.31s
[INFO] Hypergraph updated at epoch 550

🔧 Epoch 550 梯度检查:
================================================================================

  参数名称                              梯度范数         梯度均值 状态             
  ----------------------------------------------------------------------
  type_relations                0.085834     0.001473 ✅ 正常           
  exist_relation                0.012456     0.000485 ✅ 正常           
  mi_proj_layer0                0.018619     0.000052 ✅ 正常           
  dis_proj_layer0               0.017862     0.000053 ✅ 正常           
================================================================================

Epoch 550, Total Loss: 0.9608, Recover Loss: 0.7582, miRNA CL: 0.0000, Disease CL: 0.0000, Inter-view (est): 0.0000, Recon Loss: 0.0253, Time: 270.43s
[INFO] Hypergraph updated at epoch 600

🔧 Epoch 600 梯度检查:
================================================================================

  参数名称                              梯度范数         梯度均值 状态             
  ----------------------------------------------------------------------
  type_relations                0.078162     0.001374 ✅ 正常           
  exist_relation                0.016032     0.000543 ✅ 正常           
  mi_proj_layer0                0.021441     0.000059 ✅ 正常           
  dis_proj_layer0               0.019780     0.000057 ✅ 正常           
================================================================================

Epoch 600, Total Loss: 0.9517, Recover Loss: 0.7542, miRNA CL: 0.0000, Disease CL: 0.0000, Inter-view (est): 0.0000, Recon Loss: 0.0242, Time: 290.69s
[INFO] Hypergraph updated at epoch 650

🔧 Epoch 650 梯度检查:
================================================================================

  参数名称                              梯度范数         梯度均值 状态             
  ----------------------------------------------------------------------
  type_relations                0.072287     0.001278 ✅ 正常           
  exist_relation                0.014032     0.000490 ✅ 正常           
  mi_proj_layer0                0.018609     0.000052 ✅ 正常           
  dis_proj_layer0               0.017174     0.000051 ✅ 正常           
================================================================================

Epoch 650, Total Loss: 0.9427, Recover Loss: 0.7485, miRNA CL: 0.0000, Disease CL: 0.0000, Inter-view (est): 0.0000, Recon Loss: 0.0244, Time: 310.62s

================================================================================
Training completed. Running final test...
================================================================================
Fold 4 completed - AUC: 0.9747, Top-1 F1: 0.6333
Fold 4 training time: 311.39 seconds
=== Cross Validation Fold 5/5 ===
Using hidden dimensions: [256, 256] with 4 attention heads
[ABLATION] Running with mode = no_cl
优化模型初始化: miRNA数量 = 495, 疾病数量 = 383
   节点维度: 256 → 128
   类型数量: 4
   Temperature: 2.0 (可学习)
   Loss mode: two_head
   loss_mode=two_head
   exist_weight=0.300, type_weight=0.700

✅ SimplifiedMultiTypeAssociationLoss 初始化 (改进版)
   类别权重 (beta=0.99999): ['0.780', '1.822', '0.977', '0.421']
Original positive index shape: torch.Size([1072, 2])
Original negative index shape: torch.Size([135416, 2])
采样后负样本数量: 10720
🎯 Building TRUE DUAL VIEWS from four different sources...
📊 Data sources loaded:
  Disease semantic: torch.Size([383, 383])
  miRNA functional: torch.Size([495, 495])
  Disease-gene: torch.Size([383, 383])
  miRNA-sequence: torch.Size([495, 495])
🧬 Building miRNA dual-view hypergraphs...
  📊 miRNA View 1 (Sequence): torch.Size([495, 878])
  📊 miRNA View 2 (Function): torch.Size([495, 878])
🦠 Building disease dual-view hypergraphs...
  📊 Disease View 1 (Gene): torch.Size([383, 878])
  📊 Disease View 2 (Semantic): torch.Size([383, 878])
✅ Successfully built TRUE DUAL VIEWS:
   🧬 miRNA: Sequence Features (m_ss.xlsx) vs Functional Similarity (mi_fun_sim_2.0.csv)
   🦠 Disease: Gene Features (d_gs.xlsx) vs Semantic Similarity (dis_sem_sim_2.0.csv)

🔧 Epoch 1 梯度检查:
================================================================================

  参数名称                              梯度范数         梯度均值 状态             
  ----------------------------------------------------------------------
  type_relations                0.060713     0.001866 ✅ 正常           
  exist_relation                0.254977     0.014106 ✅ 正常           
  mi_proj_layer0                1.207773     0.002746 ✅ 正常           
  dis_proj_layer0               0.981635     0.002796 ✅ 正常           
================================================================================

Epoch 1, Total Loss: 2.9284, Recover Loss: 1.1093, miRNA CL: 0.0000, Disease CL: 0.0000, Inter-view (est): 0.0000, Recon Loss: 1.5209, Time: 0.39s
[INFO] Hypergraph updated at epoch 5
[INFO] Hypergraph updated at epoch 10
[INFO] Hypergraph updated at epoch 15
[INFO] Hypergraph updated at epoch 20
[INFO] Hypergraph updated at epoch 25
[INFO] Hypergraph updated at epoch 30
[INFO] Hypergraph updated at epoch 35
[INFO] Hypergraph updated at epoch 40
[INFO] Hypergraph updated at epoch 45
[INFO] Hypergraph updated at epoch 50

🔧 Epoch 50 梯度检查:
================================================================================

  参数名称                              梯度范数         梯度均值 状态             
  ----------------------------------------------------------------------
  type_relations                0.077120     0.001937 ✅ 正常           
  exist_relation                0.017394     0.001064 ✅ 正常           
  mi_proj_layer0                0.028571     0.000100 ✅ 正常           
  dis_proj_layer0               0.028130     0.000100 ✅ 正常           
================================================================================

Epoch 50, Total Loss: 1.3621, Recover Loss: 1.0054, miRNA CL: 0.0000, Disease CL: 0.0000, Inter-view (est): 0.0000, Recon Loss: 0.0759, Time: 74.73s
[INFO] Hypergraph updated at epoch 100

🔧 Epoch 100 梯度检查:
================================================================================

  参数名称                              梯度范数         梯度均值 状态             
  ----------------------------------------------------------------------
  type_relations                0.141377     0.002566 ✅ 正常           
  exist_relation                0.013185     0.000632 ✅ 正常           
  mi_proj_layer0                0.021708     0.000076 ✅ 正常           
  dis_proj_layer0               0.024034     0.000083 ✅ 正常           
================================================================================

Epoch 100, Total Loss: 1.2720, Recover Loss: 0.9795, miRNA CL: 0.0000, Disease CL: 0.0000, Inter-view (est): 0.0000, Recon Loss: 0.0332, Time: 95.40s
[INFO] Hypergraph updated at epoch 150

🔧 Epoch 150 梯度检查:
================================================================================

  参数名称                              梯度范数         梯度均值 状态             
  ----------------------------------------------------------------------
  type_relations                0.195540     0.003342 ✅ 正常           
  exist_relation                0.023004     0.000774 ✅ 正常           
  mi_proj_layer0                0.023397     0.000079 ✅ 正常           
  dis_proj_layer0               0.026747     0.000084 ✅ 正常           
================================================================================

Epoch 150, Total Loss: 1.2174, Recover Loss: 0.9435, miRNA CL: 0.0000, Disease CL: 0.0000, Inter-view (est): 0.0000, Recon Loss: 0.0313, Time: 115.21s
[INFO] Hypergraph updated at epoch 200

🔧 Epoch 200 梯度检查:
================================================================================

  参数名称                              梯度范数         梯度均值 状态             
  ----------------------------------------------------------------------
  type_relations                0.192102     0.003296 ✅ 正常           
  exist_relation                0.020080     0.000738 ✅ 正常           
  mi_proj_layer0                0.023850     0.000078 ✅ 正常           
  dis_proj_layer0               0.023299     0.000077 ✅ 正常           
================================================================================

Epoch 200, Total Loss: 1.1645, Recover Loss: 0.9070, miRNA CL: 0.0000, Disease CL: 0.0000, Inter-view (est): 0.0000, Recon Loss: 0.0284, Time: 134.81s
[INFO] Hypergraph updated at epoch 250

🔧 Epoch 250 梯度检查:
================================================================================

  参数名称                              梯度范数         梯度均值 状态             
  ----------------------------------------------------------------------
  type_relations                0.147165     0.002539 ✅ 正常           
  exist_relation                0.024729     0.000902 ✅ 正常           
  mi_proj_layer0                0.020537     0.000066 ✅ 正常           
  dis_proj_layer0               0.022245     0.000068 ✅ 正常           
================================================================================

Epoch 250, Total Loss: 1.1140, Recover Loss: 0.8670, miRNA CL: 0.0000, Disease CL: 0.0000, Inter-view (est): 0.0000, Recon Loss: 0.0285, Time: 155.00s
[INFO] Hypergraph updated at epoch 300

🔧 Epoch 300 梯度检查:
================================================================================

  参数名称                              梯度范数         梯度均值 状态             
  ----------------------------------------------------------------------
  type_relations                0.155653     0.002747 ✅ 正常           
  exist_relation                0.019636     0.000746 ✅ 正常           
  mi_proj_layer0                0.018959     0.000063 ✅ 正常           
  dis_proj_layer0               0.024670     0.000077 ✅ 正常           
================================================================================

Epoch 300, Total Loss: 1.0721, Recover Loss: 0.8350, miRNA CL: 0.0000, Disease CL: 0.0000, Inter-view (est): 0.0000, Recon Loss: 0.0275, Time: 174.88s
[INFO] Hypergraph updated at epoch 350

🔧 Epoch 350 梯度检查:
================================================================================

  参数名称                              梯度范数         梯度均值 状态             
  ----------------------------------------------------------------------
  type_relations                0.143674     0.002362 ✅ 正常           
  exist_relation                0.018943     0.000730 ✅ 正常           
  mi_proj_layer0                0.018944     0.000060 ✅ 正常           
  dis_proj_layer0               0.022982     0.000070 ✅ 正常           
================================================================================

Epoch 350, Total Loss: 1.0399, Recover Loss: 0.8111, miRNA CL: 0.0000, Disease CL: 0.0000, Inter-view (est): 0.0000, Recon Loss: 0.0267, Time: 194.51s
[INFO] Hypergraph updated at epoch 400

🔧 Epoch 400 梯度检查:
================================================================================

  参数名称                              梯度范数         梯度均值 状态             
  ----------------------------------------------------------------------
  type_relations                0.123228     0.002183 ✅ 正常           
  exist_relation                0.024198     0.000790 ✅ 正常           
  mi_proj_layer0                0.018394     0.000057 ✅ 正常           
  dis_proj_layer0               0.019764     0.000063 ✅ 正常           
================================================================================

Epoch 400, Total Loss: 1.0101, Recover Loss: 0.7892, miRNA CL: 0.0000, Disease CL: 0.0000, Inter-view (est): 0.0000, Recon Loss: 0.0254, Time: 214.61s
[INFO] Hypergraph updated at epoch 450

🔧 Epoch 450 梯度检查:
================================================================================

  参数名称                              梯度范数         梯度均值 状态             
  ----------------------------------------------------------------------
  type_relations                0.090123     0.001569 ✅ 正常           
  exist_relation                0.013703     0.000487 ✅ 正常           
  mi_proj_layer0                0.019070     0.000056 ✅ 正常           
  dis_proj_layer0               0.019270     0.000055 ✅ 正常           
================================================================================

Epoch 450, Total Loss: 0.9929, Recover Loss: 0.7775, miRNA CL: 0.0000, Disease CL: 0.0000, Inter-view (est): 0.0000, Recon Loss: 0.0256, Time: 234.67s
[INFO] Hypergraph updated at epoch 500

🔧 Epoch 500 梯度检查:
================================================================================

  参数名称                              梯度范数         梯度均值 状态             
  ----------------------------------------------------------------------
  type_relations                0.090749     0.001507 ✅ 正常           
  exist_relation                0.025094     0.000945 ✅ 正常           
  mi_proj_layer0                0.015913     0.000048 ✅ 正常           
  dis_proj_layer0               0.019162     0.000057 ✅ 正常           
================================================================================

Epoch 500, Total Loss: 0.9773, Recover Loss: 0.7681, miRNA CL: 0.0000, Disease CL: 0.0000, Inter-view (est): 0.0000, Recon Loss: 0.0245, Time: 254.31s
[INFO] Hypergraph updated at epoch 550

🔧 Epoch 550 梯度检查:
================================================================================

  参数名称                              梯度范数         梯度均值 状态             
  ----------------------------------------------------------------------
  type_relations                0.093570     0.001622 ✅ 正常           
  exist_relation                0.011352     0.000412 ✅ 正常           
  mi_proj_layer0                0.020315     0.000059 ✅ 正常           
  dis_proj_layer0               0.025768     0.000068 ✅ 正常           
================================================================================

Epoch 550, Total Loss: 0.9693, Recover Loss: 0.7645, miRNA CL: 0.0000, Disease CL: 0.0000, Inter-view (est): 0.0000, Recon Loss: 0.0246, Time: 274.26s
[INFO] Hypergraph updated at epoch 600

🔧 Epoch 600 梯度检查:
================================================================================

  参数名称                              梯度范数         梯度均值 状态             
  ----------------------------------------------------------------------
  type_relations                0.076457     0.001345 ✅ 正常           
  exist_relation                0.015742     0.000576 ✅ 正常           
  mi_proj_layer0                0.016330     0.000050 ✅ 正常           
  dis_proj_layer0               0.019788     0.000058 ✅ 正常           
================================================================================

Epoch 600, Total Loss: 0.9531, Recover Loss: 0.7526, miRNA CL: 0.0000, Disease CL: 0.0000, Inter-view (est): 0.0000, Recon Loss: 0.0244, Time: 294.35s
[INFO] Hypergraph updated at epoch 650

🔧 Epoch 650 梯度检查:
================================================================================

  参数名称                              梯度范数         梯度均值 状态             
  ----------------------------------------------------------------------
  type_relations                0.073186     0.001303 ✅ 正常           
  exist_relation                0.012382     0.000419 ✅ 正常           
  mi_proj_layer0                0.018876     0.000054 ✅ 正常           
  dis_proj_layer0               0.020791     0.000060 ✅ 正常           
================================================================================

Epoch 650, Total Loss: 0.9471, Recover Loss: 0.7512, miRNA CL: 0.0000, Disease CL: 0.0000, Inter-view (est): 0.0000, Recon Loss: 0.0236, Time: 314.08s

================================================================================
Training completed. Running final test...
================================================================================
Fold 5 completed - AUC: 0.9765, Top-1 F1: 0.5955
Fold 5 training time: 314.85 seconds
Average binary metrics across folds: [[0.97404656 0.96798203 0.93081827 0.92858209 0.96044776 0.89671642
  0.90361495]]
🎯 Average Top-1 metrics across folds: {'top1_precision': 0.5888059701492537, 'top1_recall': np.float64(0.6323380073980808), 'top1_f1': np.float64(0.6097494960544219)}

📊 CV_type Style Metrics Details:
  AUC            : 0.9740
  AUPR           : 0.9680
  F1             : 0.9308
  Accuracy       : 0.9286
  Recall         : 0.9604
  Specificity    : 0.8967
  Precision      : 0.9036

🎯 Top-1 Metrics Details:
  top1_precision : 0.5888
  top1_recall    : 0.6323
  top1_f1        : 0.6097

Total execution time: 1559.71 seconds

==========================================================================================
🎯 FINAL COMPREHENSIVE RESULTS WITH TOP-1 METRICS
==========================================================================================
📊 Binary Classification Metrics (Original):
  AUC: 0.9740
  AUPR: 0.9680
  F1: 0.9308
  Accuracy: 0.9286
  Recall: 0.9604
  Specificity: 0.8967
  Precision: 0.9036

🎯 CV_type Style Metrics (Enhanced):
  AUC: 0.9740
  AUPR: 0.9680
  F1: 0.9308
  Accuracy: 0.9286
  Recall: 0.9604
  Specificity: 0.8967
  Precision: 0.9036

🏆 Top-1 Metrics (NEW):
  Top-1 Precision: 0.5888
  Top-1 Recall: 0.6323
  Top-1 F1: 0.6097
==========================================================================================

[2/5] ablation=no_hgcn (seed=1, K=7)
----------------------------------------------------------------
[CPU] torch.set_num_threads(14), interop=min(4, 14)
Using device: cpu
[INFO] Auto-computed BALANCED class weights (to prevent class collapse):
  Circulation  (367 samples): 0.780
  Epigenetics  (157 samples): 1.823
  Target       (293 samples): 0.977
  Genetics     (681 samples): 0.420
  [NOTE] Higher weights for minority classes to prevent model from only predicting majority class
[INFO] Using v2.0_495m383D dataset:
  miRNAs: 495
  Diseases: 383
  Expected associations: ~1498
  Types: 4 (Circulation, Epigenetics, Target, Genetics)

================================================================================
Configuration Summary
================================================================================
Dataset: v2.0_495m383D
Data Path: ./
Model: HeterogenousGraphCLAMIR
  - HGT Layers: 2
  - Attention Heads: 4
  - Association Types: 4
  - Inter-view CL: Enabled
    - Weight: 0.3
    - Temperature: 0.5
    - Margin: 0.5

Training:
  - Epochs: 650
  - Learning Rate: 0.0001
  - Dropout: 0.3
  - Weight Decay: 5e-05
  - Focal Loss: Enabled

Evaluation:
  - Cross-Validation Folds: 5
  - Primary Metric: AUPR

Device: cpu
Random Seed: 1
================================================================================

[SEED] Re-seeded với args.seed = 1
🚀 Running with comprehensive evaluation including Top-1 metrics...
🎯 Loading dual-view data...
Starting dual-view data preparation with new file format...
Loading all similarity and feature files from v2.0_495m383D...
✅ Loaded disease semantic similarity from D_SSM1.txt: (383, 383)
✅ Loaded miRNA functional similarity from M_FSM.txt: (495, 495)
✅ Loaded multi-type association pairs from ./v2.0_495m383D\multi_all_mirna_disease_pairs_without_negative.csv: (1679, 3)
✅ Created multi-type association matrix: (495, 383)
📊 Multi-type Association Statistics:
   无关联 (No association): 188087 pairs (99.21%)
   循环类型 (Circulation): 367 pairs (0.19%)
   表观遗传学 (Epigenetics): 157 pairs (0.08%)
   靶标类型 (Target): 293 pairs (0.15%)
   遗传学类型 (Genetics): 681 pairs (0.36%)
✅ Created association matrix from CSV: (495, 383)
✅ Loaded disease-gene features from D_SSM2.txt: torch.Size([383, 383])
✅ Loaded miRNA-sequence features from M_GSM.txt: torch.Size([495, 495])
Processing integrated similarity matrices...
Loaded similarity matrices from cache
Processing indices...
Loaded indices from cache (seed=1)
✅ Dual-view data preparation completed in 0.39 seconds

============================================================
🎯 DUAL-VIEW CONFIGURATION SUMMARY (v2.0_495m383D)
============================================================
miRNA Dual Views:
  📊 View 1 (Sequence): M_GSM.txt torch.Size([495, 495])
  📊 View 2 (Function): M_FSM.txt torch.Size([495, 495])

Disease Dual Views:
  📊 View 1 (Gene): D_SSM2.txt torch.Size([383, 383])
  📊 View 2 (Semantic): D_SSM1.txt torch.Size([383, 383])

Association Matrix: torch.Size([495, 383])
Data source: v2.0_495m383D (495 miRNAs × 383 Diseases)
============================================================
Preloading dual-view data to device...
✅ Loaded disease-gene features to device: torch.Size([383, 383])
✅ Loaded miRNA-sequence features to device: torch.Size([495, 495])
✅ Loaded disease semantic similarity to device: torch.Size([383, 383])
✅ Loaded miRNA functional similarity to device: torch.Size([495, 495])
✅ Dual-view data preloading completed in 0.00 seconds
OptimizedDataset initialized with 5 folds
Using device: cpu
=== Cross Validation Fold 1/5 ===
Using hidden dimensions: [256, 256] with 4 attention heads
[ABLATION] Running with mode = no_hgcn
优化模型初始化: miRNA数量 = 495, 疾病数量 = 383
   节点维度: 256 → 128
   类型数量: 4
   Temperature: 2.0 (可学习)
   Loss mode: two_head
   loss_mode=two_head
   exist_weight=0.300, type_weight=0.700

✅ SimplifiedMultiTypeAssociationLoss 初始化 (改进版)
   类别权重 (beta=0.99999): ['0.780', '1.822', '0.977', '0.421']
Original positive index shape: torch.Size([1072, 2])
Original negative index shape: torch.Size([135416, 2])
采样后负样本数量: 10720
🎯 Building TRUE DUAL VIEWS from four different sources...
📊 Data sources loaded:
  Disease semantic: torch.Size([383, 383])
  miRNA functional: torch.Size([495, 495])
  Disease-gene: torch.Size([383, 383])
  miRNA-sequence: torch.Size([495, 495])
🧬 Building miRNA dual-view hypergraphs...
  📊 miRNA View 1 (Sequence): torch.Size([495, 878])
  📊 miRNA View 2 (Function): torch.Size([495, 878])
🦠 Building disease dual-view hypergraphs...
  📊 Disease View 1 (Gene): torch.Size([383, 878])
  📊 Disease View 2 (Semantic): torch.Size([383, 878])
✅ Successfully built TRUE DUAL VIEWS:
   🧬 miRNA: Sequence Features (m_ss.xlsx) vs Functional Similarity (mi_fun_sim_2.0.csv)
   🦠 Disease: Gene Features (d_gs.xlsx) vs Semantic Similarity (dis_sem_sim_2.0.csv)

🔧 Epoch 1 梯度检查:
================================================================================

  参数名称                              梯度范数         梯度均值 状态             
  ----------------------------------------------------------------------
  type_relations                0.053687     0.001712 ✅ 正常           
  exist_relation                0.180151     0.010940 ✅ 正常           
  mi_proj_layer0                0.629475     0.001828 ✅ 正常           
  dis_proj_layer0               0.754808     0.002278 ✅ 正常           
================================================================================

Epoch 1, Total Loss: 20.1310, Recover Loss: 1.0799, miRNA CL: 9.0217, Disease CL: 8.4378, Inter-view (est): 4.0291, Recon Loss: 1.2936, Time: 0.74s
[INFO] Hypergraph updated at epoch 5
[INFO] Hypergraph updated at epoch 10
[INFO] Hypergraph updated at epoch 15
[INFO] Hypergraph updated at epoch 20
[INFO] Hypergraph updated at epoch 25
[INFO] Hypergraph updated at epoch 30
[INFO] Hypergraph updated at epoch 35
[INFO] Hypergraph updated at epoch 40
[INFO] Hypergraph updated at epoch 45
[INFO] Hypergraph updated at epoch 50

🔧 Epoch 50 梯度检查:
================================================================================

  参数名称                              梯度范数         梯度均值 状态             
  ----------------------------------------------------------------------
  type_relations                0.067223     0.001913 ✅ 正常           
  exist_relation                0.010277     0.000707 ✅ 正常           
  mi_proj_layer0                0.020986     0.000075 ✅ 正常           
  dis_proj_layer0               0.022292     0.000082 ✅ 正常           
================================================================================

Epoch 50, Total Loss: 16.6544, Recover Loss: 1.0075, miRNA CL: 7.7964, Disease CL: 7.4820, Inter-view (est): 3.5258, Recon Loss: 0.0873, Time: 80.38s
[INFO] Hypergraph updated at epoch 100

🔧 Epoch 100 梯度检查:
================================================================================

  参数名称                              梯度范数         梯度均值 状态             
  ----------------------------------------------------------------------
  type_relations                0.203214     0.004222 ✅ 正常           
  exist_relation                0.014656     0.000825 ✅ 正常           
  mi_proj_layer0                0.025716     0.000092 ✅ 正常           
  dis_proj_layer0               0.033517     0.000118 ✅ 正常           
================================================================================

Epoch 100, Total Loss: 15.2999, Recover Loss: 0.9686, miRNA CL: 7.2275, Disease CL: 6.8120, Inter-view (est): 3.2399, Recon Loss: 0.0293, Time: 115.63s
[INFO] Hypergraph updated at epoch 150

🔧 Epoch 150 梯度检查:
================================================================================

  参数名称                              梯度范数         梯度均值 状态             
  ----------------------------------------------------------------------
  type_relations                0.245728     0.004651 ✅ 正常           
  exist_relation                0.012484     0.000634 ✅ 正常           
  mi_proj_layer0                0.024893     0.000088 ✅ 正常           
  dis_proj_layer0               0.028675     0.000102 ✅ 正常           
================================================================================

Epoch 150, Total Loss: 14.6552, Recover Loss: 0.9370, miRNA CL: 6.8313, Disease CL: 6.6034, Inter-view (est): 3.1003, Recon Loss: 0.0269, Time: 150.80s
[INFO] Hypergraph updated at epoch 200

🔧 Epoch 200 梯度检查:
================================================================================

  参数名称                              梯度范数         梯度均值 状态             
  ----------------------------------------------------------------------
  type_relations                0.246656     0.004404 ✅ 正常           
  exist_relation                0.028153     0.001056 ✅ 正常           
  mi_proj_layer0                0.025108     0.000090 ✅ 正常           
  dis_proj_layer0               0.029933     0.000104 ✅ 正常           
================================================================================

Epoch 200, Total Loss: 14.4735, Recover Loss: 0.9232, miRNA CL: 6.7391, Disease CL: 6.5291, Inter-view (est): 3.0619, Recon Loss: 0.0274, Time: 186.19s
[INFO] Hypergraph updated at epoch 250

🔧 Epoch 250 梯度检查:
================================================================================

  参数名称                              梯度范数         梯度均值 状态             
  ----------------------------------------------------------------------
  type_relations                0.232479     0.004299 ✅ 正常           
  exist_relation                0.017082     0.000686 ✅ 正常           
  mi_proj_layer0                0.024779     0.000084 ✅ 正常           
  dis_proj_layer0               0.029751     0.000101 ✅ 正常           
================================================================================

Epoch 250, Total Loss: 14.3325, Recover Loss: 0.9107, miRNA CL: 6.6819, Disease CL: 6.4597, Inter-view (est): 3.0327, Recon Loss: 0.0274, Time: 220.93s
[INFO] Hypergraph updated at epoch 300

🔧 Epoch 300 梯度检查:
================================================================================

  参数名称                              梯度范数         梯度均值 状态             
  ----------------------------------------------------------------------
  type_relations                0.271102     0.004736 ✅ 正常           
  exist_relation                0.016602     0.000708 ✅ 正常           
  mi_proj_layer0                0.028299     0.000087 ✅ 正常           
  dis_proj_layer0               0.033296     0.000108 ✅ 正常           
================================================================================

Epoch 300, Total Loss: 14.2023, Recover Loss: 0.8890, miRNA CL: 6.6369, Disease CL: 6.3986, Inter-view (est): 3.0082, Recon Loss: 0.0270, Time: 255.83s
[INFO] Hypergraph updated at epoch 350

🔧 Epoch 350 梯度检查:
================================================================================

  参数名称                              梯度范数         梯度均值 状态             
  ----------------------------------------------------------------------
  type_relations                0.247849     0.004441 ✅ 正常           
  exist_relation                0.022315     0.000798 ✅ 正常           
  mi_proj_layer0                0.024055     0.000081 ✅ 正常           
  dis_proj_layer0               0.030629     0.000105 ✅ 正常           
================================================================================

Epoch 350, Total Loss: 14.0872, Recover Loss: 0.8695, miRNA CL: 6.5960, Disease CL: 6.3459, Inter-view (est): 2.9866, Recon Loss: 0.0270, Time: 290.54s
[INFO] Hypergraph updated at epoch 400

🔧 Epoch 400 梯度检查:
================================================================================

  参数名称                              梯度范数         梯度均值 状态             
  ----------------------------------------------------------------------
  type_relations                0.229646     0.004012 ✅ 正常           
  exist_relation                0.025234     0.000860 ✅ 正常           
  mi_proj_layer0                0.022351     0.000074 ✅ 正常           
  dis_proj_layer0               0.026750     0.000088 ✅ 正常           
================================================================================

Epoch 400, Total Loss: 13.9991, Recover Loss: 0.8486, miRNA CL: 6.5787, Disease CL: 6.2997, Inter-view (est): 2.9719, Recon Loss: 0.0258, Time: 325.60s
[INFO] Hypergraph updated at epoch 450

🔧 Epoch 450 梯度检查:
================================================================================

  参数名称                              梯度范数         梯度均值 状态             
  ----------------------------------------------------------------------
  type_relations                0.211733     0.003615 ✅ 正常           
  exist_relation                0.019080     0.000694 ✅ 正常           
  mi_proj_layer0                0.020590     0.000066 ✅ 正常           
  dis_proj_layer0               0.023526     0.000077 ✅ 正常           
================================================================================

Epoch 450, Total Loss: 13.9196, Recover Loss: 0.8363, miRNA CL: 6.5497, Disease CL: 6.2635, Inter-view (est): 2.9569, Recon Loss: 0.0261, Time: 360.90s
[INFO] Hypergraph updated at epoch 500

🔧 Epoch 500 梯度检查:
================================================================================

  参数名称                              梯度范数         梯度均值 状态             
  ----------------------------------------------------------------------
  type_relations                0.176091     0.002968 ✅ 正常           
  exist_relation                0.019274     0.000695 ✅ 正常           
  mi_proj_layer0                0.020967     0.000063 ✅ 正常           
  dis_proj_layer0               0.021792     0.000070 ✅ 正常           
================================================================================

Epoch 500, Total Loss: 13.8341, Recover Loss: 0.8195, miRNA CL: 6.5146, Disease CL: 6.2323, Inter-view (est): 2.9416, Recon Loss: 0.0262, Time: 395.53s
[INFO] Hypergraph updated at epoch 550

🔧 Epoch 550 梯度检查:
================================================================================

  参数名称                              梯度范数         梯度均值 状态             
  ----------------------------------------------------------------------
  type_relations                0.171091     0.002834 ✅ 正常           
  exist_relation                0.020938     0.000653 ✅ 正常           
  mi_proj_layer0                0.022204     0.000066 ✅ 正常           
  dis_proj_layer0               0.025056     0.000075 ✅ 正常           
================================================================================

Epoch 550, Total Loss: 13.7739, Recover Loss: 0.8114, miRNA CL: 6.4884, Disease CL: 6.2075, Inter-view (est): 2.9298, Recon Loss: 0.0275, Time: 430.55s
[INFO] Hypergraph updated at epoch 600

🔧 Epoch 600 梯度检查:
================================================================================

  参数名称                              梯度范数         梯度均值 状态             
  ----------------------------------------------------------------------
  type_relations                0.137363     0.002253 ✅ 正常           
  exist_relation                0.018219     0.000638 ✅ 正常           
  mi_proj_layer0                0.015894     0.000050 ✅ 正常           
  dis_proj_layer0               0.019105     0.000061 ✅ 正常           
================================================================================

Epoch 600, Total Loss: 13.7087, Recover Loss: 0.7874, miRNA CL: 6.4727, Disease CL: 6.1858, Inter-view (est): 2.9212, Recon Loss: 0.0258, Time: 465.59s
[INFO] Hypergraph updated at epoch 650

🔧 Epoch 650 梯度检查:
================================================================================

  参数名称                              梯度范数         梯度均值 状态             
  ----------------------------------------------------------------------
  type_relations                0.133333     0.002259 ✅ 正常           
  exist_relation                0.020427     0.000606 ✅ 正常           
  mi_proj_layer0                0.017680     0.000051 ✅ 正常           
  dis_proj_layer0               0.021115     0.000062 ✅ 正常           
================================================================================

Epoch 650, Total Loss: 13.6519, Recover Loss: 0.7803, miRNA CL: 6.4480, Disease CL: 6.1641, Inter-view (est): 2.9105, Recon Loss: 0.0249, Time: 501.45s

================================================================================
Training completed. Running final test...
================================================================================
Fold 1 completed - AUC: 0.9766, Top-1 F1: 0.6522
Fold 1 training time: 502.59 seconds
=== Cross Validation Fold 2/5 ===
Using hidden dimensions: [256, 256] with 4 attention heads
[ABLATION] Running with mode = no_hgcn
优化模型初始化: miRNA数量 = 495, 疾病数量 = 383
   节点维度: 256 → 128
   类型数量: 4
   Temperature: 2.0 (可学习)
   Loss mode: two_head
   loss_mode=two_head
   exist_weight=0.300, type_weight=0.700

✅ SimplifiedMultiTypeAssociationLoss 初始化 (改进版)
   类别权重 (beta=0.99999): ['0.780', '1.822', '0.977', '0.421']
Original positive index shape: torch.Size([1072, 2])
Original negative index shape: torch.Size([135416, 2])
采样后负样本数量: 10720
🎯 Building TRUE DUAL VIEWS from four different sources...
📊 Data sources loaded:
  Disease semantic: torch.Size([383, 383])
  miRNA functional: torch.Size([495, 495])
  Disease-gene: torch.Size([383, 383])
  miRNA-sequence: torch.Size([495, 495])
🧬 Building miRNA dual-view hypergraphs...
  📊 miRNA View 1 (Sequence): torch.Size([495, 878])
  📊 miRNA View 2 (Function): torch.Size([495, 878])
🦠 Building disease dual-view hypergraphs...
  📊 Disease View 1 (Gene): torch.Size([383, 878])
  📊 Disease View 2 (Semantic): torch.Size([383, 878])
✅ Successfully built TRUE DUAL VIEWS:
   🧬 miRNA: Sequence Features (m_ss.xlsx) vs Functional Similarity (mi_fun_sim_2.0.csv)
   🦠 Disease: Gene Features (d_gs.xlsx) vs Semantic Similarity (dis_sem_sim_2.0.csv)

🔧 Epoch 1 梯度检查:
================================================================================

  参数名称                              梯度范数         梯度均值 状态             
  ----------------------------------------------------------------------
  type_relations                0.057975     0.001720 ✅ 正常           
  exist_relation                0.255200     0.015247 ✅ 正常           
  mi_proj_layer0                0.938105     0.002672 ✅ 正常           
  dis_proj_layer0               0.858625     0.002485 ✅ 正常           
================================================================================

Epoch 1, Total Loss: 20.2152, Recover Loss: 1.1057, miRNA CL: 9.0741, Disease CL: 8.4208, Inter-view (est): 4.0373, Recon Loss: 1.3165, Time: 0.75s
[INFO] Hypergraph updated at epoch 5
[INFO] Hypergraph updated at epoch 10
[INFO] Hypergraph updated at epoch 15
[INFO] Hypergraph updated at epoch 20
[INFO] Hypergraph updated at epoch 25
[INFO] Hypergraph updated at epoch 30
[INFO] Hypergraph updated at epoch 35
[INFO] Hypergraph updated at epoch 40
[INFO] Hypergraph updated at epoch 45
[INFO] Hypergraph updated at epoch 50

🔧 Epoch 50 梯度检查:
================================================================================

  参数名称                              梯度范数         梯度均值 状态             
  ----------------------------------------------------------------------
  type_relations                0.066459     0.001917 ✅ 正常           
  exist_relation                0.018944     0.001093 ✅ 正常           
  mi_proj_layer0                0.024069     0.000088 ✅ 正常           
  dis_proj_layer0               0.026710     0.000093 ✅ 正常           
================================================================================

Epoch 50, Total Loss: 16.6590, Recover Loss: 1.0062, miRNA CL: 7.7682, Disease CL: 7.5195, Inter-view (est): 3.5279, Recon Loss: 0.0839, Time: 85.16s
[INFO] Hypergraph updated at epoch 100

🔧 Epoch 100 梯度检查:
================================================================================

  参数名称                              梯度范数         梯度均值 状态             
  ----------------------------------------------------------------------
  type_relations                0.180817     0.003854 ✅ 正常           
  exist_relation                0.016219     0.000780 ✅ 正常           
  mi_proj_layer0                0.026381     0.000095 ✅ 正常           
  dis_proj_layer0               0.030899     0.000105 ✅ 正常           
================================================================================

Epoch 100, Total Loss: 15.2038, Recover Loss: 0.9756, miRNA CL: 7.1230, Disease CL: 6.8147, Inter-view (est): 3.2164, Recon Loss: 0.0281, Time: 122.49s
[INFO] Hypergraph updated at epoch 150

🔧 Epoch 150 梯度检查:
================================================================================

  参数名称                              梯度范数         梯度均值 状态             
  ----------------------------------------------------------------------
  type_relations                0.264725     0.005099 ✅ 正常           
  exist_relation                0.030733     0.000845 ✅ 正常           
  mi_proj_layer0                0.027342     0.000097 ✅ 正常           
  dis_proj_layer0               0.033988     0.000118 ✅ 正常           
================================================================================

Epoch 150, Total Loss: 14.5639, Recover Loss: 0.9375, miRNA CL: 6.7432, Disease CL: 6.5998, Inter-view (est): 3.0792, Recon Loss: 0.0270, Time: 157.61s
[INFO] Hypergraph updated at epoch 200

🔧 Epoch 200 梯度检查:
================================================================================

  参数名称                              梯度范数         梯度均值 状态             
  ----------------------------------------------------------------------
  type_relations                0.285591     0.005215 ✅ 正常           
  exist_relation                0.037725     0.000966 ✅ 正常           
  mi_proj_layer0                0.025671     0.000090 ✅ 正常           
  dis_proj_layer0               0.032979     0.000112 ✅ 正常           
================================================================================

Epoch 200, Total Loss: 14.3582, Recover Loss: 0.9146, miRNA CL: 6.6654, Disease CL: 6.4977, Inter-view (est): 3.0376, Recon Loss: 0.0268, Time: 192.51s
[INFO] Hypergraph updated at epoch 250

🔧 Epoch 250 梯度检查:
================================================================================

  参数名称                              梯度范数         梯度均值 状态             
  ----------------------------------------------------------------------
  type_relations                0.257403     0.004805 ✅ 正常           
  exist_relation                0.040395     0.001039 ✅ 正常           
  mi_proj_layer0                0.023628     0.000083 ✅ 正常           
  dis_proj_layer0               0.029054     0.000103 ✅ 正常           
================================================================================

Epoch 250, Total Loss: 14.1793, Recover Loss: 0.8885, miRNA CL: 6.6080, Disease CL: 6.4053, Inter-view (est): 3.0031, Recon Loss: 0.0266, Time: 227.12s
[INFO] Hypergraph updated at epoch 300

🔧 Epoch 300 梯度检查:
================================================================================

  参数名称                              梯度范数         梯度均值 状态             
  ----------------------------------------------------------------------
  type_relations                0.242775     0.004297 ✅ 正常           
  exist_relation                0.044724     0.001112 ✅ 正常           
  mi_proj_layer0                0.022124     0.000075 ✅ 正常           
  dis_proj_layer0               0.028310     0.000095 ✅ 正常           
================================================================================

Epoch 300, Total Loss: 14.0401, Recover Loss: 0.8542, miRNA CL: 6.5747, Disease CL: 6.3366, Inter-view (est): 2.9795, Recon Loss: 0.0266, Time: 262.28s
[INFO] Hypergraph updated at epoch 350

🔧 Epoch 350 梯度检查:
================================================================================

  参数名称                              梯度范数         梯度均值 状态             
  ----------------------------------------------------------------------
  type_relations                0.211421     0.003568 ✅ 正常           
  exist_relation                0.032791     0.000931 ✅ 正常           
  mi_proj_layer0                0.019861     0.000065 ✅ 正常           
  dis_proj_layer0               0.025387     0.000081 ✅ 正常           
================================================================================

Epoch 350, Total Loss: 13.9159, Recover Loss: 0.8289, miRNA CL: 6.5301, Disease CL: 6.2857, Inter-view (est): 2.9575, Recon Loss: 0.0263, Time: 298.21s
[INFO] Hypergraph updated at epoch 400

🔧 Epoch 400 梯度检查:
================================================================================

  参数名称                              梯度范数         梯度均值 状态             
  ----------------------------------------------------------------------
  type_relations                0.191122     0.003213 ✅ 正常           
  exist_relation                0.025141     0.000827 ✅ 正常           
  mi_proj_layer0                0.016798     0.000056 ✅ 正常           
  dis_proj_layer0               0.019888     0.000066 ✅ 正常           
================================================================================

Epoch 400, Total Loss: 13.8425, Recover Loss: 0.8147, miRNA CL: 6.5097, Disease CL: 6.2505, Inter-view (est): 2.9447, Recon Loss: 0.0252, Time: 333.93s
[INFO] Hypergraph updated at epoch 450

🔧 Epoch 450 梯度检查:
================================================================================

  参数名称                              梯度范数         梯度均值 状态             
  ----------------------------------------------------------------------
  type_relations                0.188617     0.003240 ✅ 正常           
  exist_relation                0.032402     0.000861 ✅ 正常           
  mi_proj_layer0                0.016751     0.000055 ✅ 正常           
  dis_proj_layer0               0.022364     0.000069 ✅ 正常           
================================================================================

Epoch 450, Total Loss: 13.8027, Recover Loss: 0.8121, miRNA CL: 6.4969, Disease CL: 6.2279, Inter-view (est): 2.9365, Recon Loss: 0.0252, Time: 369.10s
[INFO] Hypergraph updated at epoch 500

🔧 Epoch 500 梯度检查:
================================================================================

  参数名称                              梯度范数         梯度均值 状态             
  ----------------------------------------------------------------------
  type_relations                0.161301     0.002633 ✅ 正常           
  exist_relation                0.023446     0.000775 ✅ 正常           
  mi_proj_layer0                0.018453     0.000058 ✅ 正常           
  dis_proj_layer0               0.020370     0.000063 ✅ 正常           
================================================================================

Epoch 500, Total Loss: 13.7433, Recover Loss: 0.7989, miRNA CL: 6.4756, Disease CL: 6.2057, Inter-view (est): 2.9265, Recon Loss: 0.0247, Time: 404.35s
[INFO] Hypergraph updated at epoch 550

🔧 Epoch 550 梯度检查:
================================================================================

  参数名称                              梯度范数         梯度均值 状态             
  ----------------------------------------------------------------------
  type_relations                0.161550     0.002667 ✅ 正常           
  exist_relation                0.018357     0.000661 ✅ 正常           
  mi_proj_layer0                0.020270     0.000058 ✅ 正常           
  dis_proj_layer0               0.022807     0.000066 ✅ 正常           
================================================================================

Epoch 550, Total Loss: 13.6964, Recover Loss: 0.7940, miRNA CL: 6.4578, Disease CL: 6.1839, Inter-view (est): 2.9173, Recon Loss: 0.0246, Time: 440.30s
[INFO] Hypergraph updated at epoch 600

🔧 Epoch 600 梯度检查:
================================================================================

  参数名称                              梯度范数         梯度均值 状态             
  ----------------------------------------------------------------------
  type_relations                0.128504     0.002046 ✅ 正常           
  exist_relation                0.018736     0.000578 ✅ 正常           
  mi_proj_layer0                0.016662     0.000050 ✅ 正常           
  dis_proj_layer0               0.019088     0.000057 ✅ 正常           
================================================================================

Epoch 600, Total Loss: 13.6336, Recover Loss: 0.7738, miRNA CL: 6.4390, Disease CL: 6.1624, Inter-view (est): 2.9080, Recon Loss: 0.0246, Time: 475.69s
[INFO] Hypergraph updated at epoch 650

🔧 Epoch 650 梯度检查:
================================================================================

  参数名称                              梯度范数         梯度均值 状态             
  ----------------------------------------------------------------------
  type_relations                0.116666     0.001964 ✅ 正常           
  exist_relation                0.014310     0.000478 ✅ 正常           
  mi_proj_layer0                0.017526     0.000050 ✅ 正常           
  dis_proj_layer0               0.020232     0.000057 ✅ 正常           
================================================================================

Epoch 650, Total Loss: 13.5900, Recover Loss: 0.7713, miRNA CL: 6.4225, Disease CL: 6.1411, Inter-view (est): 2.8993, Recon Loss: 0.0239, Time: 511.15s

================================================================================
Training completed. Running final test...
================================================================================
Fold 2 completed - AUC: 0.9716, Top-1 F1: 0.5745
Fold 2 training time: 511.96 seconds
=== Cross Validation Fold 3/5 ===
Using hidden dimensions: [256, 256] with 4 attention heads
[ABLATION] Running with mode = no_hgcn
优化模型初始化: miRNA数量 = 495, 疾病数量 = 383
   节点维度: 256 → 128
   类型数量: 4
   Temperature: 2.0 (可学习)
   Loss mode: two_head
   loss_mode=two_head
   exist_weight=0.300, type_weight=0.700

✅ SimplifiedMultiTypeAssociationLoss 初始化 (改进版)
   类别权重 (beta=0.99999): ['0.780', '1.822', '0.977', '0.421']
Original positive index shape: torch.Size([1072, 2])
Original negative index shape: torch.Size([135416, 2])
采样后负样本数量: 10720
🎯 Building TRUE DUAL VIEWS from four different sources...
📊 Data sources loaded:
  Disease semantic: torch.Size([383, 383])
  miRNA functional: torch.Size([495, 495])
  Disease-gene: torch.Size([383, 383])
  miRNA-sequence: torch.Size([495, 495])
🧬 Building miRNA dual-view hypergraphs...
  📊 miRNA View 1 (Sequence): torch.Size([495, 878])
  📊 miRNA View 2 (Function): torch.Size([495, 878])
🦠 Building disease dual-view hypergraphs...
  📊 Disease View 1 (Gene): torch.Size([383, 878])
  📊 Disease View 2 (Semantic): torch.Size([383, 878])
✅ Successfully built TRUE DUAL VIEWS:
   🧬 miRNA: Sequence Features (m_ss.xlsx) vs Functional Similarity (mi_fun_sim_2.0.csv)
   🦠 Disease: Gene Features (d_gs.xlsx) vs Semantic Similarity (dis_sem_sim_2.0.csv)

🔧 Epoch 1 梯度检查:
================================================================================

  参数名称                              梯度范数         梯度均值 状态             
  ----------------------------------------------------------------------
  type_relations                0.060809     0.001907 ✅ 正常           
  exist_relation                0.316194     0.016866 ✅ 正常           
  mi_proj_layer0                0.881788     0.002603 ✅ 正常           
  dis_proj_layer0               1.041434     0.002785 ✅ 正常           
================================================================================

Epoch 1, Total Loss: 20.1540, Recover Loss: 1.1075, miRNA CL: 8.9919, Disease CL: 8.4112, Inter-view (est): 4.0161, Recon Loss: 1.3451, Time: 0.67s
[INFO] Hypergraph updated at epoch 5
[INFO] Hypergraph updated at epoch 10
[INFO] Hypergraph updated at epoch 15
[INFO] Hypergraph updated at epoch 20
[INFO] Hypergraph updated at epoch 25
[INFO] Hypergraph updated at epoch 30
[INFO] Hypergraph updated at epoch 35
[INFO] Hypergraph updated at epoch 40
[INFO] Hypergraph updated at epoch 45
[INFO] Hypergraph updated at epoch 50

🔧 Epoch 50 梯度检查:
================================================================================

  参数名称                              梯度范数         梯度均值 状态             
  ----------------------------------------------------------------------
  type_relations                0.074716     0.002083 ✅ 正常           
  exist_relation                0.011470     0.000778 ✅ 正常           
  mi_proj_layer0                0.020840     0.000078 ✅ 正常           
  dis_proj_layer0               0.021857     0.000081 ✅ 正常           
================================================================================

Epoch 50, Total Loss: 16.6833, Recover Loss: 1.0065, miRNA CL: 7.7922, Disease CL: 7.5218, Inter-view (est): 3.5340, Recon Loss: 0.0809, Time: 86.35s
[INFO] Hypergraph updated at epoch 100

🔧 Epoch 100 梯度检查:
================================================================================

  参数名称                              梯度范数         梯度均值 状态             
  ----------------------------------------------------------------------
  type_relations                0.188925     0.003891 ✅ 正常           
  exist_relation                0.010985     0.000583 ✅ 正常           
  mi_proj_layer0                0.026987     0.000091 ✅ 正常           
  dis_proj_layer0               0.028789     0.000099 ✅ 正常           
================================================================================

Epoch 100, Total Loss: 15.3792, Recover Loss: 0.9758, miRNA CL: 7.2825, Disease CL: 6.8303, Inter-view (est): 3.2568, Recon Loss: 0.0280, Time: 122.19s
[INFO] Hypergraph updated at epoch 150

🔧 Epoch 150 梯度检查:
================================================================================

  参数名称                              梯度范数         梯度均值 状态             
  ----------------------------------------------------------------------
  type_relations                0.250300     0.004677 ✅ 正常           
  exist_relation                0.023071     0.000787 ✅ 正常           
  mi_proj_layer0                0.025673     0.000091 ✅ 正常           
  dis_proj_layer0               0.029988     0.000106 ✅ 正常           
================================================================================

Epoch 150, Total Loss: 14.5434, Recover Loss: 0.9345, miRNA CL: 6.7687, Disease CL: 6.5584, Inter-view (est): 3.0755, Recon Loss: 0.0275, Time: 157.38s
[INFO] Hypergraph updated at epoch 200

🔧 Epoch 200 梯度检查:
================================================================================

  参数名称                              梯度范数         梯度均值 状态             
  ----------------------------------------------------------------------
  type_relations                0.306707     0.004998 ✅ 正常           
  exist_relation                0.017500     0.000761 ✅ 正常           
  mi_proj_layer0                0.024840     0.000082 ✅ 正常           
  dis_proj_layer0               0.030463     0.000102 ✅ 正常           
================================================================================

Epoch 200, Total Loss: 14.2868, Recover Loss: 0.8961, miRNA CL: 6.6698, Disease CL: 6.4436, Inter-view (est): 3.0262, Recon Loss: 0.0264, Time: 192.50s
[INFO] Hypergraph updated at epoch 250

🔧 Epoch 250 梯度检查:
================================================================================

  参数名称                              梯度范数         梯度均值 状态             
  ----------------------------------------------------------------------
  type_relations                0.276746     0.004757 ✅ 正常           
  exist_relation                0.025687     0.000965 ✅ 正常           
  mi_proj_layer0                0.024108     0.000083 ✅ 正常           
  dis_proj_layer0               0.027987     0.000097 ✅ 正常           
================================================================================

Epoch 250, Total Loss: 14.1597, Recover Loss: 0.8794, miRNA CL: 6.6210, Disease CL: 6.3845, Inter-view (est): 3.0013, Recon Loss: 0.0261, Time: 228.34s
[INFO] Hypergraph updated at epoch 300

🔧 Epoch 300 梯度检查:
================================================================================

  参数名称                              梯度范数         梯度均值 状态             
  ----------------------------------------------------------------------
  type_relations                0.230902     0.004152 ✅ 正常           
  exist_relation                0.022976     0.000794 ✅ 正常           
  mi_proj_layer0                0.020746     0.000072 ✅ 正常           
  dis_proj_layer0               0.027810     0.000089 ✅ 正常           
================================================================================

Epoch 300, Total Loss: 14.0417, Recover Loss: 0.8571, miRNA CL: 6.5803, Disease CL: 6.3320, Inter-view (est): 2.9798, Recon Loss: 0.0259, Time: 263.12s
[INFO] Hypergraph updated at epoch 350

🔧 Epoch 350 梯度检查:
================================================================================

  参数名称                              梯度范数         梯度均值 状态             
  ----------------------------------------------------------------------
  type_relations                0.218784     0.003807 ✅ 正常           
  exist_relation                0.021638     0.000765 ✅ 正常           
  mi_proj_layer0                0.020340     0.000069 ✅ 正常           
  dis_proj_layer0               0.023862     0.000082 ✅ 正常           
================================================================================

Epoch 350, Total Loss: 13.9395, Recover Loss: 0.8378, miRNA CL: 6.5441, Disease CL: 6.2879, Inter-view (est): 2.9612, Recon Loss: 0.0258, Time: 297.87s
[INFO] Hypergraph updated at epoch 400

🔧 Epoch 400 梯度检查:
================================================================================

  参数名称                              梯度范数         梯度均值 状态             
  ----------------------------------------------------------------------
  type_relations                0.202084     0.003475 ✅ 正常           
  exist_relation                0.018721     0.000666 ✅ 正常           
  mi_proj_layer0                0.019798     0.000065 ✅ 正常           
  dis_proj_layer0               0.023759     0.000078 ✅ 正常           
================================================================================

Epoch 400, Total Loss: 13.8515, Recover Loss: 0.8234, miRNA CL: 6.5113, Disease CL: 6.2505, Inter-view (est): 2.9450, Recon Loss: 0.0250, Time: 333.37s
[INFO] Hypergraph updated at epoch 450

🔧 Epoch 450 梯度检查:
================================================================================

  参数名称                              梯度范数         梯度均值 状态             
  ----------------------------------------------------------------------
  type_relations                0.167489     0.002813 ✅ 正常           
  exist_relation                0.021228     0.000651 ✅ 正常           
  mi_proj_layer0                0.023017     0.000068 ✅ 正常           
  dis_proj_layer0               0.024939     0.000074 ✅ 正常           
================================================================================

Epoch 450, Total Loss: 13.7808, Recover Loss: 0.8068, miRNA CL: 6.4937, Disease CL: 6.2165, Inter-view (est): 2.9331, Recon Loss: 0.0251, Time: 368.55s
[INFO] Hypergraph updated at epoch 500

🔧 Epoch 500 梯度检查:
================================================================================

  参数名称                              梯度范数         梯度均值 状态             
  ----------------------------------------------------------------------
  type_relations                0.155738     0.002580 ✅ 正常           
  exist_relation                0.018595     0.000649 ✅ 正常           
  mi_proj_layer0                0.014414     0.000049 ✅ 正常           
  dis_proj_layer0               0.017760     0.000058 ✅ 正常           
================================================================================

Epoch 500, Total Loss: 13.7143, Recover Loss: 0.7921, miRNA CL: 6.4703, Disease CL: 6.1906, Inter-view (est): 2.9217, Recon Loss: 0.0249, Time: 403.88s
[INFO] Hypergraph updated at epoch 550

🔧 Epoch 550 梯度检查:
================================================================================

  参数名称                              梯度范数         梯度均值 状态             
  ----------------------------------------------------------------------
  type_relations                0.122881     0.002072 ✅ 正常           
  exist_relation                0.022251     0.000700 ✅ 正常           
  mi_proj_layer0                0.015702     0.000048 ✅ 正常           
  dis_proj_layer0               0.016143     0.000052 ✅ 正常           
================================================================================

Epoch 550, Total Loss: 13.6488, Recover Loss: 0.7833, miRNA CL: 6.4427, Disease CL: 6.1642, Inter-view (est): 2.9093, Recon Loss: 0.0248, Time: 439.00s
[INFO] Hypergraph updated at epoch 600

🔧 Epoch 600 梯度检查:
================================================================================

  参数名称                              梯度范数         梯度均值 状态             
  ----------------------------------------------------------------------
  type_relations                0.104134     0.001773 ✅ 正常           
  exist_relation                0.013029     0.000484 ✅ 正常           
  mi_proj_layer0                0.014716     0.000046 ✅ 正常           
  dis_proj_layer0               0.016634     0.000049 ✅ 正常           
================================================================================

Epoch 600, Total Loss: 13.6064, Recover Loss: 0.7738, miRNA CL: 6.4344, Disease CL: 6.1424, Inter-view (est): 2.9023, Recon Loss: 0.0243, Time: 474.54s
[INFO] Hypergraph updated at epoch 650

🔧 Epoch 650 梯度检查:
================================================================================

  参数名称                              梯度范数         梯度均值 状态             
  ----------------------------------------------------------------------
  type_relations                0.114362     0.001947 ✅ 正常           
  exist_relation                0.008745     0.000342 ✅ 正常           
  mi_proj_layer0                0.016561     0.000049 ✅ 正常           
  dis_proj_layer0               0.018930     0.000056 ✅ 正常           
================================================================================

Epoch 650, Total Loss: 13.5624, Recover Loss: 0.7734, miRNA CL: 6.4136, Disease CL: 6.1225, Inter-view (est): 2.8929, Recon Loss: 0.0237, Time: 510.21s

================================================================================
Training completed. Running final test...
================================================================================
Fold 3 completed - AUC: 0.9756, Top-1 F1: 0.5603
Fold 3 training time: 511.06 seconds
=== Cross Validation Fold 4/5 ===
Using hidden dimensions: [256, 256] with 4 attention heads
[ABLATION] Running with mode = no_hgcn
优化模型初始化: miRNA数量 = 495, 疾病数量 = 383
   节点维度: 256 → 128
   类型数量: 4
   Temperature: 2.0 (可学习)
   Loss mode: two_head
   loss_mode=two_head
   exist_weight=0.300, type_weight=0.700

✅ SimplifiedMultiTypeAssociationLoss 初始化 (改进版)
   类别权重 (beta=0.99999): ['0.780', '1.822', '0.977', '0.421']
Original positive index shape: torch.Size([1072, 2])
Original negative index shape: torch.Size([135416, 2])
采样后负样本数量: 10720
🎯 Building TRUE DUAL VIEWS from four different sources...
📊 Data sources loaded:
  Disease semantic: torch.Size([383, 383])
  miRNA functional: torch.Size([495, 495])
  Disease-gene: torch.Size([383, 383])
  miRNA-sequence: torch.Size([495, 495])
🧬 Building miRNA dual-view hypergraphs...
  📊 miRNA View 1 (Sequence): torch.Size([495, 878])
  📊 miRNA View 2 (Function): torch.Size([495, 878])
🦠 Building disease dual-view hypergraphs...
  📊 Disease View 1 (Gene): torch.Size([383, 878])
  📊 Disease View 2 (Semantic): torch.Size([383, 878])
✅ Successfully built TRUE DUAL VIEWS:
   🧬 miRNA: Sequence Features (m_ss.xlsx) vs Functional Similarity (mi_fun_sim_2.0.csv)
   🦠 Disease: Gene Features (d_gs.xlsx) vs Semantic Similarity (dis_sem_sim_2.0.csv)

🔧 Epoch 1 梯度检查:
================================================================================

  参数名称                              梯度范数         梯度均值 状态             
  ----------------------------------------------------------------------
  type_relations                0.050841     0.001623 ✅ 正常           
  exist_relation                0.170295     0.010328 ✅ 正常           
  mi_proj_layer0                0.479486     0.001454 ✅ 正常           
  dis_proj_layer0               0.641203     0.001968 ✅ 正常           
================================================================================

Epoch 1, Total Loss: 20.1319, Recover Loss: 1.0725, miRNA CL: 8.9907, Disease CL: 8.4265, Inter-view (est): 4.0194, Recon Loss: 1.3439, Time: 0.75s
[INFO] Hypergraph updated at epoch 5
[INFO] Hypergraph updated at epoch 10
[INFO] Hypergraph updated at epoch 15
[INFO] Hypergraph updated at epoch 20
[INFO] Hypergraph updated at epoch 25
[INFO] Hypergraph updated at epoch 30
[INFO] Hypergraph updated at epoch 35
[INFO] Hypergraph updated at epoch 40
[INFO] Hypergraph updated at epoch 45
[INFO] Hypergraph updated at epoch 50

🔧 Epoch 50 梯度检查:
================================================================================

  参数名称                              梯度范数         梯度均值 状态             
  ----------------------------------------------------------------------
  type_relations                0.070410     0.001889 ✅ 正常           
  exist_relation                0.013899     0.000816 ✅ 正常           
  mi_proj_layer0                0.019814     0.000074 ✅ 正常           
  dis_proj_layer0               0.024285     0.000088 ✅ 正常           
================================================================================

Epoch 50, Total Loss: 16.6602, Recover Loss: 1.0065, miRNA CL: 7.7940, Disease CL: 7.5028, Inter-view (est): 3.5300, Recon Loss: 0.0759, Time: 90.97s
[INFO] Hypergraph updated at epoch 100

🔧 Epoch 100 梯度检查:
================================================================================

  参数名称                              梯度范数         梯度均值 状态             
  ----------------------------------------------------------------------
  type_relations                0.157793     0.003607 ✅ 正常           
  exist_relation                0.012381     0.000677 ✅ 正常           
  mi_proj_layer0                0.023525     0.000085 ✅ 正常           
  dis_proj_layer0               0.029786     0.000106 ✅ 正常           
================================================================================

Epoch 100, Total Loss: 15.3331, Recover Loss: 0.9775, miRNA CL: 7.2857, Disease CL: 6.7808, Inter-view (est): 3.2461, Recon Loss: 0.0283, Time: 130.75s
[INFO] Hypergraph updated at epoch 150

🔧 Epoch 150 梯度检查:
================================================================================

  参数名称                              梯度范数         梯度均值 状态             
  ----------------------------------------------------------------------
  type_relations                0.233451     0.004713 ✅ 正常           
  exist_relation                0.012401     0.000587 ✅ 正常           
  mi_proj_layer0                0.022471     0.000083 ✅ 正常           
  dis_proj_layer0               0.033761     0.000114 ✅ 正常           
================================================================================

Epoch 150, Total Loss: 14.5799, Recover Loss: 0.9401, miRNA CL: 6.8041, Disease CL: 6.5540, Inter-view (est): 3.0826, Recon Loss: 0.0283, Time: 166.16s
[INFO] Hypergraph updated at epoch 200

🔧 Epoch 200 梯度检查:
================================================================================

  参数名称                              梯度范数         梯度均值 状态             
  ----------------------------------------------------------------------
  type_relations                0.267464     0.005120 ✅ 正常           
  exist_relation                0.016049     0.000704 ✅ 正常           
  mi_proj_layer0                0.023825     0.000085 ✅ 正常           
  dis_proj_layer0               0.033718     0.000115 ✅ 正常           
================================================================================

Epoch 200, Total Loss: 14.4198, Recover Loss: 0.9199, miRNA CL: 6.7245, Disease CL: 6.4969, Inter-view (est): 3.0511, Recon Loss: 0.0270, Time: 201.18s
[INFO] Hypergraph updated at epoch 250

🔧 Epoch 250 梯度检查:
================================================================================

  参数名称                              梯度范数         梯度均值 状态             
  ----------------------------------------------------------------------
  type_relations                0.270539     0.005188 ✅ 正常           
  exist_relation                0.026113     0.000936 ✅ 正常           
  mi_proj_layer0                0.023127     0.000083 ✅ 正常           
  dis_proj_layer0               0.031844     0.000113 ✅ 正常           
================================================================================

Epoch 250, Total Loss: 14.3141, Recover Loss: 0.9036, miRNA CL: 6.6800, Disease CL: 6.4539, Inter-view (est): 3.0309, Recon Loss: 0.0268, Time: 235.48s
[INFO] Hypergraph updated at epoch 300

🔧 Epoch 300 梯度检查:
================================================================================

  参数名称                              梯度范数         梯度均值 状态             
  ----------------------------------------------------------------------
  type_relations                0.264915     0.004807 ✅ 正常           
  exist_relation                0.028495     0.000801 ✅ 正常           
  mi_proj_layer0                0.023449     0.000079 ✅ 正常           
  dis_proj_layer0               0.029334     0.000100 ✅ 正常           
================================================================================

Epoch 300, Total Loss: 14.2072, Recover Loss: 0.8836, miRNA CL: 6.6383, Disease CL: 6.4105, Inter-view (est): 3.0113, Recon Loss: 0.0267, Time: 270.56s
[INFO] Hypergraph updated at epoch 350

🔧 Epoch 350 梯度检查:
================================================================================

  参数名称                              梯度范数         梯度均值 状态             
  ----------------------------------------------------------------------
  type_relations                0.238862     0.004029 ✅ 正常           
  exist_relation                0.031401     0.001176 ✅ 正常           
  mi_proj_layer0                0.023816     0.000076 ✅ 正常           
  dis_proj_layer0               0.027371     0.000091 ✅ 正常           
================================================================================

Epoch 350, Total Loss: 14.1033, Recover Loss: 0.8597, miRNA CL: 6.6025, Disease CL: 6.3683, Inter-view (est): 2.9933, Recon Loss: 0.0265, Time: 306.16s
[INFO] Hypergraph updated at epoch 400

🔧 Epoch 400 梯度检查:
================================================================================

  参数名称                              梯度范数         梯度均值 状态             
  ----------------------------------------------------------------------
  type_relations                0.239353     0.003958 ✅ 正常           
  exist_relation                0.021005     0.000652 ✅ 正常           
  mi_proj_layer0                0.022983     0.000073 ✅ 正常           
  dis_proj_layer0               0.026652     0.000088 ✅ 正常           
================================================================================

Epoch 400, Total Loss: 14.0221, Recover Loss: 0.8538, miRNA CL: 6.5693, Disease CL: 6.3282, Inter-view (est): 2.9763, Recon Loss: 0.0264, Time: 341.13s
[INFO] Hypergraph updated at epoch 450

🔧 Epoch 450 梯度检查:
================================================================================

  参数名称                              梯度范数         梯度均值 状态             
  ----------------------------------------------------------------------
  type_relations                0.213677     0.003646 ✅ 正常           
  exist_relation                0.028513     0.001001 ✅ 正常           
  mi_proj_layer0                0.020177     0.000065 ✅ 正常           
  dis_proj_layer0               0.024247     0.000082 ✅ 正常           
================================================================================

Epoch 450, Total Loss: 13.9330, Recover Loss: 0.8331, miRNA CL: 6.5399, Disease CL: 6.2915, Inter-view (est): 2.9611, Recon Loss: 0.0264, Time: 376.73s
[INFO] Hypergraph updated at epoch 500

🔧 Epoch 500 梯度检查:
================================================================================

  参数名称                              梯度范数         梯度均值 状态             
  ----------------------------------------------------------------------
  type_relations                0.203054     0.003371 ✅ 正常           
  exist_relation                0.020243     0.000625 ✅ 正常           
  mi_proj_layer0                0.020950     0.000062 ✅ 正常           
  dis_proj_layer0               0.024720     0.000076 ✅ 正常           
================================================================================

Epoch 500, Total Loss: 13.8611, Recover Loss: 0.8227, miRNA CL: 6.5129, Disease CL: 6.2597, Inter-view (est): 2.9475, Recon Loss: 0.0257, Time: 412.12s
[INFO] Hypergraph updated at epoch 550

🔧 Epoch 550 梯度检查:
================================================================================

  参数名称                              梯度范数         梯度均值 状态             
  ----------------------------------------------------------------------
  type_relations                0.182625     0.003104 ✅ 正常           
  exist_relation                0.013839     0.000513 ✅ 正常           
  mi_proj_layer0                0.019936     0.000062 ✅ 正常           
  dis_proj_layer0               0.022952     0.000070 ✅ 正常           
================================================================================

Epoch 550, Total Loss: 13.7923, Recover Loss: 0.8073, miRNA CL: 6.4887, Disease CL: 6.2330, Inter-view (est): 2.9358, Recon Loss: 0.0255, Time: 448.62s
[INFO] Hypergraph updated at epoch 600

🔧 Epoch 600 梯度检查:
================================================================================

  参数名称                              梯度范数         梯度均值 状态             
  ----------------------------------------------------------------------
  type_relations                0.172149     0.002920 ✅ 正常           
  exist_relation                0.020684     0.000732 ✅ 正常           
  mi_proj_layer0                0.018205     0.000055 ✅ 正常           
  dis_proj_layer0               0.022386     0.000069 ✅ 正常           
================================================================================

Epoch 600, Total Loss: 13.7532, Recover Loss: 0.7972, miRNA CL: 6.4807, Disease CL: 6.2136, Inter-view (est): 2.9294, Recon Loss: 0.0258, Time: 484.30s
[INFO] Hypergraph updated at epoch 650

🔧 Epoch 650 梯度检查:
================================================================================

  参数名称                              梯度范数         梯度均值 状态             
  ----------------------------------------------------------------------
  type_relations                0.161314     0.002723 ✅ 正常           
  exist_relation                0.022167     0.000760 ✅ 正常           
  mi_proj_layer0                0.018064     0.000054 ✅ 正常           
  dis_proj_layer0               0.021362     0.000068 ✅ 正常           
================================================================================

Epoch 650, Total Loss: 13.6946, Recover Loss: 0.7861, miRNA CL: 6.4580, Disease CL: 6.1917, Inter-view (est): 2.9191, Recon Loss: 0.0250, Time: 519.06s

================================================================================
Training completed. Running final test...
================================================================================
Fold 4 completed - AUC: 0.9738, Top-1 F1: 0.6040
Fold 4 training time: 519.91 seconds
=== Cross Validation Fold 5/5 ===
Using hidden dimensions: [256, 256] with 4 attention heads
[ABLATION] Running with mode = no_hgcn
优化模型初始化: miRNA数量 = 495, 疾病数量 = 383
   节点维度: 256 → 128
   类型数量: 4
   Temperature: 2.0 (可学习)
   Loss mode: two_head
   loss_mode=two_head
   exist_weight=0.300, type_weight=0.700

✅ SimplifiedMultiTypeAssociationLoss 初始化 (改进版)
   类别权重 (beta=0.99999): ['0.780', '1.822', '0.977', '0.421']
Original positive index shape: torch.Size([1072, 2])
Original negative index shape: torch.Size([135416, 2])
采样后负样本数量: 10720
🎯 Building TRUE DUAL VIEWS from four different sources...
📊 Data sources loaded:
  Disease semantic: torch.Size([383, 383])
  miRNA functional: torch.Size([495, 495])
  Disease-gene: torch.Size([383, 383])
  miRNA-sequence: torch.Size([495, 495])
🧬 Building miRNA dual-view hypergraphs...
  📊 miRNA View 1 (Sequence): torch.Size([495, 878])
  📊 miRNA View 2 (Function): torch.Size([495, 878])
🦠 Building disease dual-view hypergraphs...
  📊 Disease View 1 (Gene): torch.Size([383, 878])
  📊 Disease View 2 (Semantic): torch.Size([383, 878])
✅ Successfully built TRUE DUAL VIEWS:
   🧬 miRNA: Sequence Features (m_ss.xlsx) vs Functional Similarity (mi_fun_sim_2.0.csv)
   🦠 Disease: Gene Features (d_gs.xlsx) vs Semantic Similarity (dis_sem_sim_2.0.csv)

🔧 Epoch 1 梯度检查:
================================================================================

  参数名称                              梯度范数         梯度均值 状态             
  ----------------------------------------------------------------------
  type_relations                0.057996     0.001832 ✅ 正常           
  exist_relation                0.281257     0.014796 ✅ 正常           
  mi_proj_layer0                1.316969     0.002882 ✅ 正常           
  dis_proj_layer0               1.103751     0.003048 ✅ 正常           
================================================================================

Epoch 1, Total Loss: 20.3407, Recover Loss: 1.1193, miRNA CL: 9.1434, Disease CL: 8.4149, Inter-view (est): 4.0519, Recon Loss: 1.3650, Time: 0.68s
[INFO] Hypergraph updated at epoch 5
[INFO] Hypergraph updated at epoch 10
[INFO] Hypergraph updated at epoch 15
[INFO] Hypergraph updated at epoch 20
[INFO] Hypergraph updated at epoch 25
[INFO] Hypergraph updated at epoch 30
[INFO] Hypergraph updated at epoch 35
[INFO] Hypergraph updated at epoch 40
[INFO] Hypergraph updated at epoch 45
[INFO] Hypergraph updated at epoch 50

🔧 Epoch 50 梯度检查:
================================================================================

  参数名称                              梯度范数         梯度均值 状态             
  ----------------------------------------------------------------------
  type_relations                0.079351     0.002042 ✅ 正常           
  exist_relation                0.014266     0.000878 ✅ 正常           
  mi_proj_layer0                0.023249     0.000084 ✅ 正常           
  dis_proj_layer0               0.024376     0.000090 ✅ 正常           
================================================================================

Epoch 50, Total Loss: 16.7166, Recover Loss: 1.0048, miRNA CL: 7.8086, Disease CL: 7.5286, Inter-view (est): 3.5394, Recon Loss: 0.0929, Time: 91.64s
[INFO] Hypergraph updated at epoch 100

🔧 Epoch 100 梯度检查:
================================================================================

  参数名称                              梯度范数         梯度均值 状态             
  ----------------------------------------------------------------------
  type_relations                0.169283     0.003689 ✅ 正常           
  exist_relation                0.013557     0.000685 ✅ 正常           
  mi_proj_layer0                0.024636     0.000090 ✅ 正常           
  dis_proj_layer0               0.033057     0.000115 ✅ 正常           
================================================================================

Epoch 100, Total Loss: 15.2853, Recover Loss: 0.9748, miRNA CL: 7.2375, Disease CL: 6.7818, Inter-view (est): 3.2352, Recon Loss: 0.0286, Time: 128.25s
[INFO] Hypergraph updated at epoch 150

🔧 Epoch 150 梯度检查:
================================================================================

  参数名称                              梯度范数         梯度均值 状态             
  ----------------------------------------------------------------------
  type_relations                0.235806     0.004647 ✅ 正常           
  exist_relation                0.023521     0.000960 ✅ 正常           
  mi_proj_layer0                0.024839     0.000090 ✅ 正常           
  dis_proj_layer0               0.033478     0.000116 ✅ 正常           
================================================================================

Epoch 150, Total Loss: 14.5787, Recover Loss: 0.9371, miRNA CL: 6.7566, Disease CL: 6.6012, Inter-view (est): 3.0826, Recon Loss: 0.0279, Time: 162.91s
[INFO] Hypergraph updated at epoch 200

🔧 Epoch 200 梯度检查:
================================================================================

  参数名称                              梯度范数         梯度均值 状态             
  ----------------------------------------------------------------------
  type_relations                0.228555     0.004672 ✅ 正常           
  exist_relation                0.023285     0.000938 ✅ 正常           
  mi_proj_layer0                0.023837     0.000087 ✅ 正常           
  dis_proj_layer0               0.030050     0.000107 ✅ 正常           
================================================================================

Epoch 200, Total Loss: 14.3975, Recover Loss: 0.9193, miRNA CL: 6.6771, Disease CL: 6.5207, Inter-view (est): 3.0456, Recon Loss: 0.0274, Time: 198.11s
[INFO] Hypergraph updated at epoch 250

🔧 Epoch 250 梯度检查:
================================================================================

  参数名称                              梯度范数         梯度均值 状态             
  ----------------------------------------------------------------------
  type_relations                0.230700     0.004436 ✅ 正常           
  exist_relation                0.027250     0.001023 ✅ 正常           
  mi_proj_layer0                0.022481     0.000078 ✅ 正常           
  dis_proj_layer0               0.027970     0.000097 ✅ 正常           
================================================================================

Epoch 250, Total Loss: 14.2494, Recover Loss: 0.8810, miRNA CL: 6.6402, Disease CL: 6.4511, Inter-view (est): 3.0211, Recon Loss: 0.0264, Time: 233.47s
[INFO] Hypergraph updated at epoch 300

🔧 Epoch 300 梯度检查:
================================================================================

  参数名称                              梯度范数         梯度均值 状态             
  ----------------------------------------------------------------------
  type_relations                0.233803     0.004399 ✅ 正常           
  exist_relation                0.018716     0.000755 ✅ 正常           
  mi_proj_layer0                0.022725     0.000075 ✅ 正常           
  dis_proj_layer0               0.026247     0.000089 ✅ 正常           
================================================================================

Epoch 300, Total Loss: 14.1266, Recover Loss: 0.8661, miRNA CL: 6.5965, Disease CL: 6.3890, Inter-view (est): 2.9967, Recon Loss: 0.0265, Time: 269.12s
[INFO] Hypergraph updated at epoch 350

🔧 Epoch 350 梯度检查:
================================================================================

  参数名称                              梯度范数         梯度均值 状态             
  ----------------------------------------------------------------------
  type_relations                0.216599     0.004032 ✅ 正常           
  exist_relation                0.022333     0.000889 ✅ 正常           
  mi_proj_layer0                0.019987     0.000068 ✅ 正常           
  dis_proj_layer0               0.023738     0.000084 ✅ 正常           
================================================================================

Epoch 350, Total Loss: 14.0225, Recover Loss: 0.8503, miRNA CL: 6.5671, Disease CL: 6.3327, Inter-view (est): 2.9769, Recon Loss: 0.0266, Time: 304.55s
[INFO] Hypergraph updated at epoch 400

🔧 Epoch 400 梯度检查:
================================================================================

  参数名称                              梯度范数         梯度均值 状态             
  ----------------------------------------------------------------------
  type_relations                0.195476     0.003611 ✅ 正常           
  exist_relation                0.025514     0.000905 ✅ 正常           
  mi_proj_layer0                0.019773     0.000065 ✅ 正常           
  dis_proj_layer0               0.021695     0.000072 ✅ 正常           
================================================================================

Epoch 400, Total Loss: 13.9447, Recover Loss: 0.8339, miRNA CL: 6.5482, Disease CL: 6.2929, Inter-view (est): 2.9633, Recon Loss: 0.0259, Time: 339.94s
[INFO] Hypergraph updated at epoch 450

🔧 Epoch 450 梯度检查:
================================================================================

  参数名称                              梯度范数         梯度均值 状态             
  ----------------------------------------------------------------------
  type_relations                0.181667     0.003205 ✅ 正常           
  exist_relation                0.016724     0.000622 ✅ 正常           
  mi_proj_layer0                0.018929     0.000061 ✅ 正常           
  dis_proj_layer0               0.021181     0.000067 ✅ 正常           
================================================================================

Epoch 450, Total Loss: 13.8798, Recover Loss: 0.8159, miRNA CL: 6.5309, Disease CL: 6.2653, Inter-view (est): 2.9530, Recon Loss: 0.0257, Time: 375.14s
[INFO] Hypergraph updated at epoch 500

🔧 Epoch 500 梯度检查:
================================================================================

  参数名称                              梯度范数         梯度均值 状态             
  ----------------------------------------------------------------------
  type_relations                0.159214     0.002814 ✅ 正常           
  exist_relation                0.020589     0.000703 ✅ 正常           
  mi_proj_layer0                0.017060     0.000055 ✅ 正常           
  dis_proj_layer0               0.021549     0.000069 ✅ 正常           
================================================================================

Epoch 500, Total Loss: 13.8174, Recover Loss: 0.8020, miRNA CL: 6.5092, Disease CL: 6.2406, Inter-view (est): 2.9423, Recon Loss: 0.0255, Time: 410.09s
[INFO] Hypergraph updated at epoch 550

🔧 Epoch 550 梯度检查:
================================================================================

  参数名称                              梯度范数         梯度均值 状态             
  ----------------------------------------------------------------------
  type_relations                0.167836     0.003004 ✅ 正常           
  exist_relation                0.017047     0.000645 ✅ 正常           
  mi_proj_layer0                0.019015     0.000059 ✅ 正常           
  dis_proj_layer0               0.024981     0.000076 ✅ 正常           
================================================================================

Epoch 550, Total Loss: 13.7733, Recover Loss: 0.8043, miRNA CL: 6.4898, Disease CL: 6.2163, Inter-view (est): 2.9322, Recon Loss: 0.0249, Time: 444.98s
[INFO] Hypergraph updated at epoch 600

🔧 Epoch 600 梯度检查:
================================================================================

  参数名称                              梯度范数         梯度均值 状态             
  ----------------------------------------------------------------------
  type_relations                0.136007     0.002288 ✅ 正常           
  exist_relation                0.021948     0.000755 ✅ 正常           
  mi_proj_layer0                0.015895     0.000051 ✅ 正常           
  dis_proj_layer0               0.018685     0.000058 ✅ 正常           
================================================================================

Epoch 600, Total Loss: 13.7076, Recover Loss: 0.7837, miRNA CL: 6.4702, Disease CL: 6.1929, Inter-view (est): 2.9223, Recon Loss: 0.0249, Time: 481.06s
[INFO] Hypergraph updated at epoch 650

🔧 Epoch 650 梯度检查:
================================================================================

  参数名称                              梯度范数         梯度均值 状态             
  ----------------------------------------------------------------------
  type_relations                0.139446     0.002385 ✅ 正常           
  exist_relation                0.024204     0.000753 ✅ 正常           
  mi_proj_layer0                0.019835     0.000057 ✅ 正常           
  dis_proj_layer0               0.021456     0.000064 ✅ 正常           
================================================================================

Epoch 650, Total Loss: 13.6691, Recover Loss: 0.7866, miRNA CL: 6.4532, Disease CL: 6.1709, Inter-view (est): 2.9132, Recon Loss: 0.0249, Time: 516.63s

================================================================================
Training completed. Running final test...
================================================================================
Fold 5 completed - AUC: 0.9750, Top-1 F1: 0.5864
Fold 5 training time: 517.42 seconds
Average binary metrics across folds: [[0.97451771 0.97055728 0.92562699 0.92373134 0.94835821 0.89910448
  0.90462608]]
🎯 Average Top-1 metrics across folds: {'top1_precision': 0.5723880597014925, 'top1_recall': np.float64(0.6204937078115368), 'top1_f1': np.float64(0.595463385496944)}

📊 CV_type Style Metrics Details:
  AUC            : 0.9745
  AUPR           : 0.9706
  F1             : 0.9256
  Accuracy       : 0.9237
  Recall         : 0.9484
  Specificity    : 0.8991
  Precision      : 0.9046

🎯 Top-1 Metrics Details:
  top1_precision : 0.5724
  top1_recall    : 0.6205
  top1_f1        : 0.5955

Total execution time: 2563.35 seconds

==========================================================================================
🎯 FINAL COMPREHENSIVE RESULTS WITH TOP-1 METRICS
==========================================================================================
📊 Binary Classification Metrics (Original):
  AUC: 0.9745
  AUPR: 0.9706
  F1: 0.9256
  Accuracy: 0.9237
  Recall: 0.9484
  Specificity: 0.8991
  Precision: 0.9046

🎯 CV_type Style Metrics (Enhanced):
  AUC: 0.9745
  AUPR: 0.9706
  F1: 0.9256
  Accuracy: 0.9237
  Recall: 0.9484
  Specificity: 0.8991
  Precision: 0.9046

🏆 Top-1 Metrics (NEW):
  Top-1 Precision: 0.5724
  Top-1 Recall: 0.6205
  Top-1 F1: 0.5955
==========================================================================================

[3/5] ablation=no_avf (seed=1, K=7)
----------------------------------------------------------------
[CPU] torch.set_num_threads(14), interop=min(4, 14)
Using device: cpu
[INFO] Auto-computed BALANCED class weights (to prevent class collapse):
  Circulation  (367 samples): 0.780
  Epigenetics  (157 samples): 1.823
  Target       (293 samples): 0.977
  Genetics     (681 samples): 0.420
  [NOTE] Higher weights for minority classes to prevent model from only predicting majority class
[INFO] Using v2.0_495m383D dataset:
  miRNAs: 495
  Diseases: 383
  Expected associations: ~1498
  Types: 4 (Circulation, Epigenetics, Target, Genetics)

================================================================================
Configuration Summary
================================================================================
Dataset: v2.0_495m383D
Data Path: ./
Model: HeterogenousGraphCLAMIR
  - HGT Layers: 2
  - Attention Heads: 4
  - Association Types: 4
  - Inter-view CL: Enabled
    - Weight: 0.3
    - Temperature: 0.5
    - Margin: 0.5

Training:
  - Epochs: 650
  - Learning Rate: 0.0001
  - Dropout: 0.3
  - Weight Decay: 5e-05
  - Focal Loss: Enabled

Evaluation:
  - Cross-Validation Folds: 5
  - Primary Metric: AUPR

Device: cpu
Random Seed: 1
================================================================================

[SEED] Re-seeded với args.seed = 1
🚀 Running with comprehensive evaluation including Top-1 metrics...
🎯 Loading dual-view data...
Starting dual-view data preparation with new file format...
Loading all similarity and feature files from v2.0_495m383D...
✅ Loaded disease semantic similarity from D_SSM1.txt: (383, 383)
✅ Loaded miRNA functional similarity from M_FSM.txt: (495, 495)
✅ Loaded multi-type association pairs from ./v2.0_495m383D\multi_all_mirna_disease_pairs_without_negative.csv: (1679, 3)
✅ Created multi-type association matrix: (495, 383)
📊 Multi-type Association Statistics:
   无关联 (No association): 188087 pairs (99.21%)
   循环类型 (Circulation): 367 pairs (0.19%)
   表观遗传学 (Epigenetics): 157 pairs (0.08%)
   靶标类型 (Target): 293 pairs (0.15%)
   遗传学类型 (Genetics): 681 pairs (0.36%)
✅ Created association matrix from CSV: (495, 383)
✅ Loaded disease-gene features from D_SSM2.txt: torch.Size([383, 383])
✅ Loaded miRNA-sequence features from M_GSM.txt: torch.Size([495, 495])
Processing integrated similarity matrices...
Loaded similarity matrices from cache
Processing indices...
Loaded indices from cache (seed=1)
✅ Dual-view data preparation completed in 0.39 seconds

============================================================
🎯 DUAL-VIEW CONFIGURATION SUMMARY (v2.0_495m383D)
============================================================
miRNA Dual Views:
  📊 View 1 (Sequence): M_GSM.txt torch.Size([495, 495])
  📊 View 2 (Function): M_FSM.txt torch.Size([495, 495])

Disease Dual Views:
  📊 View 1 (Gene): D_SSM2.txt torch.Size([383, 383])
  📊 View 2 (Semantic): D_SSM1.txt torch.Size([383, 383])

Association Matrix: torch.Size([495, 383])
Data source: v2.0_495m383D (495 miRNAs × 383 Diseases)
============================================================
Preloading dual-view data to device...
✅ Loaded disease-gene features to device: torch.Size([383, 383])
✅ Loaded miRNA-sequence features to device: torch.Size([495, 495])
✅ Loaded disease semantic similarity to device: torch.Size([383, 383])
✅ Loaded miRNA functional similarity to device: torch.Size([495, 495])
✅ Dual-view data preloading completed in 0.00 seconds
OptimizedDataset initialized with 5 folds
Using device: cpu
=== Cross Validation Fold 1/5 ===
Using hidden dimensions: [256, 256] with 4 attention heads
[ABLATION] Running with mode = no_avf
优化模型初始化: miRNA数量 = 495, 疾病数量 = 383
   节点维度: 256 → 128
   类型数量: 4
   Temperature: 2.0 (可学习)
   Loss mode: two_head
   loss_mode=two_head
   exist_weight=0.300, type_weight=0.700

✅ SimplifiedMultiTypeAssociationLoss 初始化 (改进版)
   类别权重 (beta=0.99999): ['0.780', '1.822', '0.977', '0.421']
Original positive index shape: torch.Size([1072, 2])
Original negative index shape: torch.Size([135416, 2])
采样后负样本数量: 10720
🎯 Building TRUE DUAL VIEWS from four different sources...
📊 Data sources loaded:
  Disease semantic: torch.Size([383, 383])
  miRNA functional: torch.Size([495, 495])
  Disease-gene: torch.Size([383, 383])
  miRNA-sequence: torch.Size([495, 495])
🧬 Building miRNA dual-view hypergraphs...
  📊 miRNA View 1 (Sequence): torch.Size([495, 878])
  📊 miRNA View 2 (Function): torch.Size([495, 878])
🦠 Building disease dual-view hypergraphs...
  📊 Disease View 1 (Gene): torch.Size([383, 878])
  📊 Disease View 2 (Semantic): torch.Size([383, 878])
✅ Successfully built TRUE DUAL VIEWS:
   🧬 miRNA: Sequence Features (m_ss.xlsx) vs Functional Similarity (mi_fun_sim_2.0.csv)
   🦠 Disease: Gene Features (d_gs.xlsx) vs Semantic Similarity (dis_sem_sim_2.0.csv)

🔧 Epoch 1 梯度检查:
================================================================================

  参数名称                              梯度范数         梯度均值 状态             
  ----------------------------------------------------------------------
  type_relations                0.059957     0.001793 ✅ 正常           
  exist_relation                0.205455     0.011958 ✅ 正常           
  mi_proj_layer0                0.720512     0.002096 ✅ 正常           
  dis_proj_layer0               0.843546     0.002578 ✅ 正常           
================================================================================

Epoch 1, Total Loss: 20.2416, Recover Loss: 1.0858, miRNA CL: 8.9298, Disease CL: 8.4628, Inter-view (est): 4.0137, Recon Loss: 1.4650, Time: 0.76s
[INFO] Hypergraph updated at epoch 5
[INFO] Hypergraph updated at epoch 10
[INFO] Hypergraph updated at epoch 15
[INFO] Hypergraph updated at epoch 20
[INFO] Hypergraph updated at epoch 25
[INFO] Hypergraph updated at epoch 30
[INFO] Hypergraph updated at epoch 35
[INFO] Hypergraph updated at epoch 40
[INFO] Hypergraph updated at epoch 45
[INFO] Hypergraph updated at epoch 50

🔧 Epoch 50 梯度检查:
================================================================================

  参数名称                              梯度范数         梯度均值 状态             
  ----------------------------------------------------------------------
  type_relations                0.062072     0.001720 ✅ 正常           
  exist_relation                0.009066     0.000645 ✅ 正常           
  mi_proj_layer0                0.021532     0.000078 ✅ 正常           
  dis_proj_layer0               0.024048     0.000086 ✅ 正常           
================================================================================

Epoch 50, Total Loss: 17.0807, Recover Loss: 1.0099, miRNA CL: 7.9827, Disease CL: 7.6671, Inter-view (est): 3.6115, Recon Loss: 0.1381, Time: 92.50s
[INFO] Hypergraph updated at epoch 100

🔧 Epoch 100 梯度检查:
================================================================================

  参数名称                              梯度范数         梯度均值 状态             
  ----------------------------------------------------------------------
  type_relations                0.140636     0.002658 ✅ 正常           
  exist_relation                0.022750     0.001006 ✅ 正常           
  mi_proj_layer0                0.021863     0.000076 ✅ 正常           
  dis_proj_layer0               0.027287     0.000094 ✅ 正常           
================================================================================

Epoch 100, Total Loss: 15.9540, Recover Loss: 0.9863, miRNA CL: 7.6744, Disease CL: 6.9969, Inter-view (est): 3.3857, Recon Loss: 0.0322, Time: 129.85s
[INFO] Hypergraph updated at epoch 150

🔧 Epoch 150 梯度检查:
================================================================================

  参数名称                              梯度范数         梯度均值 状态             
  ----------------------------------------------------------------------
  type_relations                0.163850     0.002735 ✅ 正常           
  exist_relation                0.019767     0.000770 ✅ 正常           
  mi_proj_layer0                0.022478     0.000075 ✅ 正常           
  dis_proj_layer0               0.024305     0.000082 ✅ 正常           
================================================================================

Epoch 150, Total Loss: 15.1401, Recover Loss: 0.9539, miRNA CL: 7.3365, Disease CL: 6.5680, Inter-view (est): 3.2087, Recon Loss: 0.0308, Time: 164.80s
[INFO] Hypergraph updated at epoch 200

🔧 Epoch 200 梯度检查:
================================================================================

  参数名称                              梯度范数         梯度均值 状态             
  ----------------------------------------------------------------------
  type_relations                0.170961     0.003049 ✅ 正常           
  exist_relation                0.017302     0.000679 ✅ 正常           
  mi_proj_layer0                0.024743     0.000087 ✅ 正常           
  dis_proj_layer0               0.024058     0.000082 ✅ 正常           
================================================================================

Epoch 200, Total Loss: 14.7183, Recover Loss: 0.9213, miRNA CL: 7.1291, Disease CL: 6.3974, Inter-view (est): 3.1215, Recon Loss: 0.0280, Time: 199.88s
[INFO] Hypergraph updated at epoch 250

🔧 Epoch 250 梯度检查:
================================================================================

  参数名称                              梯度范数         梯度均值 状态             
  ----------------------------------------------------------------------
  type_relations                0.178159     0.002884 ✅ 正常           
  exist_relation                0.034033     0.001096 ✅ 正常           
  mi_proj_layer0                0.023657     0.000075 ✅ 正常           
  dis_proj_layer0               0.028214     0.000088 ✅ 正常           
================================================================================

Epoch 250, Total Loss: 14.5307, Recover Loss: 0.8974, miRNA CL: 7.0385, Disease CL: 6.3292, Inter-view (est): 3.0849, Recon Loss: 0.0280, Time: 234.71s
[INFO] Hypergraph updated at epoch 300

🔧 Epoch 300 梯度检查:
================================================================================

  参数名称                              梯度范数         梯度均值 状态             
  ----------------------------------------------------------------------
  type_relations                0.170108     0.002784 ✅ 正常           
  exist_relation                0.019919     0.000687 ✅ 正常           
  mi_proj_layer0                0.025211     0.000080 ✅ 正常           
  dis_proj_layer0               0.029159     0.000089 ✅ 正常           
================================================================================

Epoch 300, Total Loss: 14.3330, Recover Loss: 0.8703, miRNA CL: 6.9416, Disease CL: 6.2614, Inter-view (est): 3.0468, Recon Loss: 0.0273, Time: 270.23s
[INFO] Hypergraph updated at epoch 350

🔧 Epoch 350 梯度检查:
================================================================================

  参数名称                              梯度范数         梯度均值 状态             
  ----------------------------------------------------------------------
  type_relations                0.154245     0.002740 ✅ 正常           
  exist_relation                0.017260     0.000605 ✅ 正常           
  mi_proj_layer0                0.021986     0.000070 ✅ 正常           
  dis_proj_layer0               0.024421     0.000078 ✅ 正常           
================================================================================

Epoch 350, Total Loss: 14.2213, Recover Loss: 0.8539, miRNA CL: 6.8840, Disease CL: 6.2267, Inter-view (est): 3.0256, Recon Loss: 0.0269, Time: 305.63s
[INFO] Hypergraph updated at epoch 400

🔧 Epoch 400 梯度检查:
================================================================================

  参数名称                              梯度范数         梯度均值 状态             
  ----------------------------------------------------------------------
  type_relations                0.139276     0.002440 ✅ 正常           
  exist_relation                0.020134     0.000733 ✅ 正常           
  mi_proj_layer0                0.021249     0.000067 ✅ 正常           
  dis_proj_layer0               0.021330     0.000070 ✅ 正常           
================================================================================

Epoch 400, Total Loss: 14.1316, Recover Loss: 0.8450, miRNA CL: 6.8296, Disease CL: 6.2028, Inter-view (est): 3.0075, Recon Loss: 0.0265, Time: 340.94s
[INFO] Hypergraph updated at epoch 450

🔧 Epoch 450 梯度检查:
================================================================================

  参数名称                              梯度范数         梯度均值 状态             
  ----------------------------------------------------------------------
  type_relations                0.144465     0.002425 ✅ 正常           
  exist_relation                0.015964     0.000572 ✅ 正常           
  mi_proj_layer0                0.023268     0.000067 ✅ 正常           
  dis_proj_layer0               0.021864     0.000067 ✅ 正常           
================================================================================

Epoch 450, Total Loss: 14.0454, Recover Loss: 0.8333, miRNA CL: 6.7759, Disease CL: 6.1844, Inter-view (est): 2.9908, Recon Loss: 0.0260, Time: 376.17s
[INFO] Hypergraph updated at epoch 500

🔧 Epoch 500 梯度检查:
================================================================================

  参数名称                              梯度范数         梯度均值 状态             
  ----------------------------------------------------------------------
  type_relations                0.132334     0.002246 ✅ 正常           
  exist_relation                0.015284     0.000555 ✅ 正常           
  mi_proj_layer0                0.021584     0.000063 ✅ 正常           
  dis_proj_layer0               0.023313     0.000071 ✅ 正常           
================================================================================

Epoch 500, Total Loss: 13.9772, Recover Loss: 0.8260, miRNA CL: 6.7318, Disease CL: 6.1692, Inter-view (est): 2.9771, Recon Loss: 0.0261, Time: 410.95s
[INFO] Hypergraph updated at epoch 550

🔧 Epoch 550 梯度检查:
================================================================================

  参数名称                              梯度范数         梯度均值 状态             
  ----------------------------------------------------------------------
  type_relations                0.130486     0.002325 ✅ 正常           
  exist_relation                0.021817     0.000853 ✅ 正常           
  mi_proj_layer0                0.022277     0.000070 ✅ 正常           
  dis_proj_layer0               0.025544     0.000079 ✅ 正常           
================================================================================

Epoch 550, Total Loss: 13.9261, Recover Loss: 0.8239, miRNA CL: 6.6978, Disease CL: 6.1558, Inter-view (est): 2.9662, Recon Loss: 0.0259, Time: 445.90s
[INFO] Hypergraph updated at epoch 600

🔧 Epoch 600 梯度检查:
================================================================================

  参数名称                              梯度范数         梯度均值 状态             
  ----------------------------------------------------------------------
  type_relations                0.113426     0.001929 ✅ 正常           
  exist_relation                0.019939     0.000720 ✅ 正常           
  mi_proj_layer0                0.021215     0.000061 ✅ 正常           
  dis_proj_layer0               0.021487     0.000064 ✅ 正常           
================================================================================

Epoch 600, Total Loss: 13.8673, Recover Loss: 0.8052, miRNA CL: 6.6723, Disease CL: 6.1428, Inter-view (est): 2.9573, Recon Loss: 0.0257, Time: 481.37s
[INFO] Hypergraph updated at epoch 650

🔧 Epoch 650 梯度检查:
================================================================================

  参数名称                              梯度范数         梯度均值 状态             
  ----------------------------------------------------------------------
  type_relations                0.101782     0.001837 ✅ 正常           
  exist_relation                0.018981     0.000614 ✅ 正常           
  mi_proj_layer0                0.019530     0.000058 ✅ 正常           
  dis_proj_layer0               0.021668     0.000064 ✅ 正常           
================================================================================

Epoch 650, Total Loss: 13.8463, Recover Loss: 0.8044, miRNA CL: 6.6644, Disease CL: 6.1323, Inter-view (est): 2.9531, Recon Loss: 0.0252, Time: 516.75s

================================================================================
Training completed. Running final test...
================================================================================
Fold 1 completed - AUC: 0.9780, Top-1 F1: 0.5904
Fold 1 training time: 517.85 seconds
=== Cross Validation Fold 2/5 ===
Using hidden dimensions: [256, 256] with 4 attention heads
[ABLATION] Running with mode = no_avf
优化模型初始化: miRNA数量 = 495, 疾病数量 = 383
   节点维度: 256 → 128
   类型数量: 4
   Temperature: 2.0 (可学习)
   Loss mode: two_head
   loss_mode=two_head
   exist_weight=0.300, type_weight=0.700

✅ SimplifiedMultiTypeAssociationLoss 初始化 (改进版)
   类别权重 (beta=0.99999): ['0.780', '1.822', '0.977', '0.421']
Original positive index shape: torch.Size([1072, 2])
Original negative index shape: torch.Size([135416, 2])
采样后负样本数量: 10720
🎯 Building TRUE DUAL VIEWS from four different sources...
📊 Data sources loaded:
  Disease semantic: torch.Size([383, 383])
  miRNA functional: torch.Size([495, 495])
  Disease-gene: torch.Size([383, 383])
  miRNA-sequence: torch.Size([495, 495])
🧬 Building miRNA dual-view hypergraphs...
  📊 miRNA View 1 (Sequence): torch.Size([495, 878])
  📊 miRNA View 2 (Function): torch.Size([495, 878])
🦠 Building disease dual-view hypergraphs...
  📊 Disease View 1 (Gene): torch.Size([383, 878])
  📊 Disease View 2 (Semantic): torch.Size([383, 878])
✅ Successfully built TRUE DUAL VIEWS:
   🧬 miRNA: Sequence Features (m_ss.xlsx) vs Functional Similarity (mi_fun_sim_2.0.csv)
   🦠 Disease: Gene Features (d_gs.xlsx) vs Semantic Similarity (dis_sem_sim_2.0.csv)

🔧 Epoch 1 梯度检查:
================================================================================

  参数名称                              梯度范数         梯度均值 状态             
  ----------------------------------------------------------------------
  type_relations                0.062167     0.001733 ✅ 正常           
  exist_relation                0.296421     0.016746 ✅ 正常           
  mi_proj_layer0                1.036583     0.002951 ✅ 正常           
  dis_proj_layer0               0.967702     0.002828 ✅ 正常           
================================================================================

Epoch 1, Total Loss: 20.2933, Recover Loss: 1.1117, miRNA CL: 8.9620, Disease CL: 8.4418, Inter-view (est): 4.0163, Recon Loss: 1.4796, Time: 0.78s
[INFO] Hypergraph updated at epoch 5
[INFO] Hypergraph updated at epoch 10
[INFO] Hypergraph updated at epoch 15
[INFO] Hypergraph updated at epoch 20
[INFO] Hypergraph updated at epoch 25
[INFO] Hypergraph updated at epoch 30
[INFO] Hypergraph updated at epoch 35
[INFO] Hypergraph updated at epoch 40
[INFO] Hypergraph updated at epoch 45
[INFO] Hypergraph updated at epoch 50

🔧 Epoch 50 梯度检查:
================================================================================

  参数名称                              梯度范数         梯度均值 状态             
  ----------------------------------------------------------------------
  type_relations                0.062561     0.001716 ✅ 正常           
  exist_relation                0.016256     0.000909 ✅ 正常           
  mi_proj_layer0                0.021773     0.000079 ✅ 正常           
  dis_proj_layer0               0.025297     0.000087 ✅ 正常           
================================================================================

Epoch 50, Total Loss: 17.0666, Recover Loss: 1.0094, miRNA CL: 7.9694, Disease CL: 7.6875, Inter-view (est): 3.6131, Recon Loss: 0.1178, Time: 92.25s
[INFO] Hypergraph updated at epoch 100

🔧 Epoch 100 梯度检查:
================================================================================

  参数名称                              梯度范数         梯度均值 状态             
  ----------------------------------------------------------------------
  type_relations                0.129399     0.002922 ✅ 正常           
  exist_relation                0.011001     0.000611 ✅ 正常           
  mi_proj_layer0                0.022736     0.000080 ✅ 正常           
  dis_proj_layer0               0.023986     0.000083 ✅ 正常           
================================================================================

Epoch 100, Total Loss: 15.8707, Recover Loss: 0.9866, miRNA CL: 7.6281, Disease CL: 6.9627, Inter-view (est): 3.3671, Recon Loss: 0.0304, Time: 129.62s
[INFO] Hypergraph updated at epoch 150

🔧 Epoch 150 梯度检查:
================================================================================

  参数名称                              梯度范数         梯度均值 状态             
  ----------------------------------------------------------------------
  type_relations                0.179862     0.003280 ✅ 正常           
  exist_relation                0.018210     0.000735 ✅ 正常           
  mi_proj_layer0                0.024586     0.000087 ✅ 正常           
  dis_proj_layer0               0.027412     0.000093 ✅ 正常           
================================================================================

Epoch 150, Total Loss: 15.0302, Recover Loss: 0.9491, miRNA CL: 7.2557, Disease CL: 6.5475, Inter-view (est): 3.1853, Recon Loss: 0.0288, Time: 164.73s
[INFO] Hypergraph updated at epoch 200

🔧 Epoch 200 梯度检查:
================================================================================

  参数名称                              梯度范数         梯度均值 状态             
  ----------------------------------------------------------------------
  type_relations                0.187405     0.003449 ✅ 正常           
  exist_relation                0.020732     0.000774 ✅ 正常           
  mi_proj_layer0                0.024394     0.000082 ✅ 正常           
  dis_proj_layer0               0.025723     0.000084 ✅ 正常           
================================================================================

Epoch 200, Total Loss: 14.6740, Recover Loss: 0.9262, miRNA CL: 7.0856, Disease CL: 6.3927, Inter-view (est): 3.1104, Recon Loss: 0.0289, Time: 199.87s
[INFO] Hypergraph updated at epoch 250

🔧 Epoch 250 梯度检查:
================================================================================

  参数名称                              梯度范数         梯度均值 状态             
  ----------------------------------------------------------------------
  type_relations                0.201274     0.003426 ✅ 正常           
  exist_relation                0.019320     0.000741 ✅ 正常           
  mi_proj_layer0                0.021908     0.000073 ✅ 正常           
  dis_proj_layer0               0.026804     0.000085 ✅ 正常           
================================================================================

Epoch 250, Total Loss: 14.4504, Recover Loss: 0.8843, miRNA CL: 6.9901, Disease CL: 6.3121, Inter-view (est): 3.0697, Recon Loss: 0.0294, Time: 234.75s
[INFO] Hypergraph updated at epoch 300

🔧 Epoch 300 梯度检查:
================================================================================

  参数名称                              梯度范数         梯度均值 状态             
  ----------------------------------------------------------------------
  type_relations                0.161990     0.002849 ✅ 正常           
  exist_relation                0.016831     0.000621 ✅ 正常           
  mi_proj_layer0                0.022440     0.000072 ✅ 正常           
  dis_proj_layer0               0.023819     0.000078 ✅ 正常           
================================================================================

Epoch 300, Total Loss: 14.3201, Recover Loss: 0.8696, miRNA CL: 6.9177, Disease CL: 6.2735, Inter-view (est): 3.0441, Recon Loss: 0.0281, Time: 270.76s
[INFO] Hypergraph updated at epoch 350

🔧 Epoch 350 梯度检查:
================================================================================

  参数名称                              梯度范数         梯度均值 状态             
  ----------------------------------------------------------------------
  type_relations                0.155177     0.002836 ✅ 正常           
  exist_relation                0.016589     0.000621 ✅ 正常           
  mi_proj_layer0                0.021451     0.000069 ✅ 正常           
  dis_proj_layer0               0.024312     0.000077 ✅ 正常           
================================================================================

Epoch 350, Total Loss: 14.1980, Recover Loss: 0.8512, miRNA CL: 6.8508, Disease CL: 6.2408, Inter-view (est): 3.0211, Recon Loss: 0.0270, Time: 305.31s
[INFO] Hypergraph updated at epoch 400

🔧 Epoch 400 梯度检查:
================================================================================

  参数名称                              梯度范数         梯度均值 状态             
  ----------------------------------------------------------------------
  type_relations                0.138384     0.002677 ✅ 正常           
  exist_relation                0.017854     0.000628 ✅ 正常           
  mi_proj_layer0                0.020114     0.000064 ✅ 正常           
  dis_proj_layer0               0.021792     0.000071 ✅ 正常           
================================================================================

Epoch 400, Total Loss: 14.0891, Recover Loss: 0.8401, miRNA CL: 6.7823, Disease CL: 6.2142, Inter-view (est): 2.9992, Recon Loss: 0.0269, Time: 340.63s
[INFO] Hypergraph updated at epoch 450

🔧 Epoch 450 梯度检查:
================================================================================

  参数名称                              梯度范数         梯度均值 状态             
  ----------------------------------------------------------------------
  type_relations                0.132884     0.002610 ✅ 正常           
  exist_relation                0.014873     0.000601 ✅ 正常           
  mi_proj_layer0                0.023822     0.000072 ✅ 正常           
  dis_proj_layer0               0.025582     0.000079 ✅ 正常           
================================================================================

Epoch 450, Total Loss: 14.0034, Recover Loss: 0.8321, miRNA CL: 6.7269, Disease CL: 6.1942, Inter-view (est): 2.9818, Recon Loss: 0.0265, Time: 375.85s
[INFO] Hypergraph updated at epoch 500

🔧 Epoch 500 梯度检查:
================================================================================

  参数名称                              梯度范数         梯度均值 状态             
  ----------------------------------------------------------------------
  type_relations                0.131139     0.002528 ✅ 正常           
  exist_relation                0.017031     0.000718 ✅ 正常           
  mi_proj_layer0                0.024655     0.000076 ✅ 正常           
  dis_proj_layer0               0.027787     0.000083 ✅ 正常           
================================================================================

Epoch 500, Total Loss: 13.9577, Recover Loss: 0.8245, miRNA CL: 6.7055, Disease CL: 6.1799, Inter-view (est): 2.9736, Recon Loss: 0.0255, Time: 411.53s
[INFO] Hypergraph updated at epoch 550

🔧 Epoch 550 梯度检查:
================================================================================

  参数名称                              梯度范数         梯度均值 状态             
  ----------------------------------------------------------------------
  type_relations                0.139352     0.002625 ✅ 正常           
  exist_relation                0.015994     0.000573 ✅ 正常           
  mi_proj_layer0                0.022358     0.000068 ✅ 正常           
  dis_proj_layer0               0.024868     0.000079 ✅ 正常           
================================================================================

Epoch 550, Total Loss: 13.9025, Recover Loss: 0.8129, miRNA CL: 6.6729, Disease CL: 6.1698, Inter-view (est): 2.9637, Recon Loss: 0.0258, Time: 446.86s
[INFO] Hypergraph updated at epoch 600

🔧 Epoch 600 梯度检查:
================================================================================

  参数名称                              梯度范数         梯度均值 状态             
  ----------------------------------------------------------------------
  type_relations                0.125446     0.002349 ✅ 正常           
  exist_relation                0.012804     0.000527 ✅ 正常           
  mi_proj_layer0                0.019633     0.000062 ✅ 正常           
  dis_proj_layer0               0.023806     0.000074 ✅ 正常           
================================================================================

Epoch 600, Total Loss: 13.8594, Recover Loss: 0.8005, miRNA CL: 6.6519, Disease CL: 6.1609, Inter-view (est): 2.9568, Recon Loss: 0.0259, Time: 483.19s
[INFO] Hypergraph updated at epoch 650

🔧 Epoch 650 梯度检查:
================================================================================

  参数名称                              梯度范数         梯度均值 状态             
  ----------------------------------------------------------------------
  type_relations                0.117587     0.002297 ✅ 正常           
  exist_relation                0.012477     0.000497 ✅ 正常           
  mi_proj_layer0                0.020918     0.000064 ✅ 正常           
  dis_proj_layer0               0.020270     0.000065 ✅ 正常           
================================================================================

Epoch 650, Total Loss: 13.8254, Recover Loss: 0.7958, miRNA CL: 6.6327, Disease CL: 6.1516, Inter-view (est): 2.9502, Recon Loss: 0.0261, Time: 518.92s

================================================================================
Training completed. Running final test...
================================================================================
Fold 2 completed - AUC: 0.9755, Top-1 F1: 0.5372
Fold 2 training time: 519.68 seconds
=== Cross Validation Fold 3/5 ===
Using hidden dimensions: [256, 256] with 4 attention heads
[ABLATION] Running with mode = no_avf
优化模型初始化: miRNA数量 = 495, 疾病数量 = 383
   节点维度: 256 → 128
   类型数量: 4
   Temperature: 2.0 (可学习)
   Loss mode: two_head
   loss_mode=two_head
   exist_weight=0.300, type_weight=0.700

✅ SimplifiedMultiTypeAssociationLoss 初始化 (改进版)
   类别权重 (beta=0.99999): ['0.780', '1.822', '0.977', '0.421']
Original positive index shape: torch.Size([1072, 2])
Original negative index shape: torch.Size([135416, 2])
采样后负样本数量: 10720
🎯 Building TRUE DUAL VIEWS from four different sources...
📊 Data sources loaded:
  Disease semantic: torch.Size([383, 383])
  miRNA functional: torch.Size([495, 495])
  Disease-gene: torch.Size([383, 383])
  miRNA-sequence: torch.Size([495, 495])
🧬 Building miRNA dual-view hypergraphs...
  📊 miRNA View 1 (Sequence): torch.Size([495, 878])
  📊 miRNA View 2 (Function): torch.Size([495, 878])
🦠 Building disease dual-view hypergraphs...
  📊 Disease View 1 (Gene): torch.Size([383, 878])
  📊 Disease View 2 (Semantic): torch.Size([383, 878])
✅ Successfully built TRUE DUAL VIEWS:
   🧬 miRNA: Sequence Features (m_ss.xlsx) vs Functional Similarity (mi_fun_sim_2.0.csv)
   🦠 Disease: Gene Features (d_gs.xlsx) vs Semantic Similarity (dis_sem_sim_2.0.csv)

🔧 Epoch 1 梯度检查:
================================================================================

  参数名称                              梯度范数         梯度均值 状态             
  ----------------------------------------------------------------------
  type_relations                0.062689     0.001926 ✅ 正常           
  exist_relation                0.377672     0.019940 ✅ 正常           
  mi_proj_layer0                1.028309     0.003040 ✅ 正常           
  dis_proj_layer0               1.199542     0.003232 ✅ 正常           
================================================================================

Epoch 1, Total Loss: 20.2572, Recover Loss: 1.1120, miRNA CL: 8.9012, Disease CL: 8.4316, Inter-view (est): 3.9999, Recon Loss: 1.5141, Time: 0.72s
[INFO] Hypergraph updated at epoch 5
[INFO] Hypergraph updated at epoch 10
[INFO] Hypergraph updated at epoch 15
[INFO] Hypergraph updated at epoch 20
[INFO] Hypergraph updated at epoch 25
[INFO] Hypergraph updated at epoch 30
[INFO] Hypergraph updated at epoch 35
[INFO] Hypergraph updated at epoch 40
[INFO] Hypergraph updated at epoch 45
[INFO] Hypergraph updated at epoch 50

🔧 Epoch 50 梯度检查:
================================================================================

  参数名称                              梯度范数         梯度均值 状态             
  ----------------------------------------------------------------------
  type_relations                0.074978     0.001998 ✅ 正常           
  exist_relation                0.020453     0.001148 ✅ 正常           
  mi_proj_layer0                0.029067     0.000105 ✅ 正常           
  dis_proj_layer0               0.027213     0.000100 ✅ 正常           
================================================================================

Epoch 50, Total Loss: 17.0851, Recover Loss: 1.0097, miRNA CL: 7.9871, Disease CL: 7.6885, Inter-view (est): 3.6174, Recon Loss: 0.1166, Time: 96.50s
[INFO] Hypergraph updated at epoch 100

🔧 Epoch 100 梯度检查:
================================================================================

  参数名称                              梯度范数         梯度均值 状态             
  ----------------------------------------------------------------------
  type_relations                0.143132     0.003023 ✅ 正常           
  exist_relation                0.012772     0.000701 ✅ 正常           
  mi_proj_layer0                0.024442     0.000081 ✅ 正常           
  dis_proj_layer0               0.025976     0.000087 ✅ 正常           
================================================================================

Epoch 100, Total Loss: 15.9617, Recover Loss: 0.9849, miRNA CL: 7.6875, Disease CL: 6.9950, Inter-view (est): 3.3883, Recon Loss: 0.0306, Time: 133.76s
[INFO] Hypergraph updated at epoch 150

🔧 Epoch 150 梯度检查:
================================================================================

  参数名称                              梯度范数         梯度均值 状态             
  ----------------------------------------------------------------------
  type_relations                0.194008     0.003164 ✅ 正常           
  exist_relation                0.016222     0.000626 ✅ 正常           
  mi_proj_layer0                0.022879     0.000075 ✅ 正常           
  dis_proj_layer0               0.023524     0.000083 ✅ 正常           
================================================================================

Epoch 150, Total Loss: 15.1651, Recover Loss: 0.9470, miRNA CL: 7.3679, Disease CL: 6.5699, Inter-view (est): 3.2164, Recon Loss: 0.0305, Time: 170.05s
[INFO] Hypergraph updated at epoch 200

🔧 Epoch 200 梯度检查:
================================================================================

  参数名称                              梯度范数         梯度均值 状态             
  ----------------------------------------------------------------------
  type_relations                0.234203     0.003401 ✅ 正常           
  exist_relation                0.008290     0.000390 ✅ 正常           
  mi_proj_layer0                0.024082     0.000076 ✅ 正常           
  dis_proj_layer0               0.022905     0.000076 ✅ 正常           
================================================================================

Epoch 200, Total Loss: 14.6812, Recover Loss: 0.9158, miRNA CL: 7.1090, Disease CL: 6.3864, Inter-view (est): 3.1143, Recon Loss: 0.0293, Time: 205.50s
[INFO] Hypergraph updated at epoch 250

🔧 Epoch 250 梯度检查:
================================================================================

  参数名称                              梯度范数         梯度均值 状态             
  ----------------------------------------------------------------------
  type_relations                0.177478     0.002792 ✅ 正常           
  exist_relation                0.019209     0.000603 ✅ 正常           
  mi_proj_layer0                0.022363     0.000069 ✅ 正常           
  dis_proj_layer0               0.021565     0.000071 ✅ 正常           
================================================================================

Epoch 250, Total Loss: 14.4386, Recover Loss: 0.8912, miRNA CL: 6.9929, Disease CL: 6.2925, Inter-view (est): 3.0659, Recon Loss: 0.0275, Time: 240.67s
[INFO] Hypergraph updated at epoch 300

🔧 Epoch 300 梯度检查:
================================================================================

  参数名称                              梯度范数         梯度均值 状态             
  ----------------------------------------------------------------------
  type_relations                0.165606     0.002712 ✅ 正常           
  exist_relation                0.016773     0.000640 ✅ 正常           
  mi_proj_layer0                0.021718     0.000069 ✅ 正常           
  dis_proj_layer0               0.019764     0.000064 ✅ 正常           
================================================================================

Epoch 300, Total Loss: 14.2826, Recover Loss: 0.8636, miRNA CL: 6.9173, Disease CL: 6.2444, Inter-view (est): 3.0373, Recon Loss: 0.0268, Time: 276.10s
[INFO] Hypergraph updated at epoch 350

🔧 Epoch 350 梯度检查:
================================================================================

  参数名称                              梯度范数         梯度均值 状态             
  ----------------------------------------------------------------------
  type_relations                0.162716     0.002595 ✅ 正常           
  exist_relation                0.018428     0.000722 ✅ 正常           
  mi_proj_layer0                0.022611     0.000069 ✅ 正常           
  dis_proj_layer0               0.020618     0.000065 ✅ 正常           
================================================================================

Epoch 350, Total Loss: 14.1642, Recover Loss: 0.8505, miRNA CL: 6.8497, Disease CL: 6.2096, Inter-view (est): 3.0137, Recon Loss: 0.0269, Time: 311.64s
[INFO] Hypergraph updated at epoch 400

🔧 Epoch 400 梯度检查:
================================================================================

  参数名称                              梯度范数         梯度均值 状态             
  ----------------------------------------------------------------------
  type_relations                0.160306     0.002711 ✅ 正常           
  exist_relation                0.020440     0.000746 ✅ 正常           
  mi_proj_layer0                0.020140     0.000065 ✅ 正常           
  dis_proj_layer0               0.023294     0.000072 ✅ 正常           
================================================================================

Epoch 400, Total Loss: 14.0657, Recover Loss: 0.8390, miRNA CL: 6.7840, Disease CL: 6.1904, Inter-view (est): 2.9941, Recon Loss: 0.0266, Time: 347.06s
[INFO] Hypergraph updated at epoch 450

🔧 Epoch 450 梯度检查:
================================================================================

  参数名称                              梯度范数         梯度均值 状态             
  ----------------------------------------------------------------------
  type_relations                0.142299     0.002474 ✅ 正常           
  exist_relation                0.021514     0.000769 ✅ 正常           
  mi_proj_layer0                0.022530     0.000071 ✅ 正常           
  dis_proj_layer0               0.023044     0.000073 ✅ 正常           
================================================================================

Epoch 450, Total Loss: 13.9956, Recover Loss: 0.8284, miRNA CL: 6.7411, Disease CL: 6.1753, Inter-view (est): 2.9807, Recon Loss: 0.0264, Time: 382.65s
[INFO] Hypergraph updated at epoch 500

🔧 Epoch 500 梯度检查:
================================================================================

  参数名称                              梯度范数         梯度均值 状态             
  ----------------------------------------------------------------------
  type_relations                0.143627     0.002510 ✅ 正常           
  exist_relation                0.013943     0.000603 ✅ 正常           
  mi_proj_layer0                0.019692     0.000062 ✅ 正常           
  dis_proj_layer0               0.021102     0.000069 ✅ 正常           
================================================================================

Epoch 500, Total Loss: 13.9371, Recover Loss: 0.8186, miRNA CL: 6.7061, Disease CL: 6.1632, Inter-view (est): 2.9698, Recon Loss: 0.0260, Time: 417.93s
[INFO] Hypergraph updated at epoch 550

🔧 Epoch 550 梯度检查:
================================================================================

  参数名称                              梯度范数         梯度均值 状态             
  ----------------------------------------------------------------------
  type_relations                0.122545     0.002151 ✅ 正常           
  exist_relation                0.019825     0.000699 ✅ 正常           
  mi_proj_layer0                0.016561     0.000053 ✅ 正常           
  dis_proj_layer0               0.017624     0.000059 ✅ 正常           
================================================================================

Epoch 550, Total Loss: 13.8883, Recover Loss: 0.8072, miRNA CL: 6.6806, Disease CL: 6.1522, Inter-view (est): 2.9614, Recon Loss: 0.0265, Time: 452.56s
[INFO] Hypergraph updated at epoch 600

🔧 Epoch 600 梯度检查:
================================================================================

  参数名称                              梯度范数         梯度均值 状态             
  ----------------------------------------------------------------------
  type_relations                0.113483     0.002062 ✅ 正常           
  exist_relation                0.019525     0.000695 ✅ 正常           
  mi_proj_layer0                0.016550     0.000053 ✅ 正常           
  dis_proj_layer0               0.018746     0.000060 ✅ 正常           
================================================================================

Epoch 600, Total Loss: 13.8447, Recover Loss: 0.7977, miRNA CL: 6.6584, Disease CL: 6.1422, Inter-view (est): 2.9540, Recon Loss: 0.0257, Time: 488.18s
[INFO] Hypergraph updated at epoch 650

🔧 Epoch 650 梯度检查:
================================================================================

  参数名称                              梯度范数         梯度均值 状态             
  ----------------------------------------------------------------------
  type_relations                0.099319     0.001755 ✅ 正常           
  exist_relation                0.012959     0.000476 ✅ 正常           
  mi_proj_layer0                0.015544     0.000050 ✅ 正常           
  dis_proj_layer0               0.016428     0.000053 ✅ 正常           
================================================================================

Epoch 650, Total Loss: 13.8099, Recover Loss: 0.7931, miRNA CL: 6.6394, Disease CL: 6.1325, Inter-view (est): 2.9474, Recon Loss: 0.0254, Time: 523.94s

================================================================================
Training completed. Running final test...
================================================================================
Fold 3 completed - AUC: 0.9725, Top-1 F1: 0.5808
Fold 3 training time: 524.73 seconds
=== Cross Validation Fold 4/5 ===
Using hidden dimensions: [256, 256] with 4 attention heads
[ABLATION] Running with mode = no_avf
优化模型初始化: miRNA数量 = 495, 疾病数量 = 383
   节点维度: 256 → 128
   类型数量: 4
   Temperature: 2.0 (可学习)
   Loss mode: two_head
   loss_mode=two_head
   exist_weight=0.300, type_weight=0.700

✅ SimplifiedMultiTypeAssociationLoss 初始化 (改进版)
   类别权重 (beta=0.99999): ['0.780', '1.822', '0.977', '0.421']
Original positive index shape: torch.Size([1072, 2])
Original negative index shape: torch.Size([135416, 2])
采样后负样本数量: 10720
🎯 Building TRUE DUAL VIEWS from four different sources...
📊 Data sources loaded:
  Disease semantic: torch.Size([383, 383])
  miRNA functional: torch.Size([495, 495])
  Disease-gene: torch.Size([383, 383])
  miRNA-sequence: torch.Size([495, 495])
🧬 Building miRNA dual-view hypergraphs...
  📊 miRNA View 1 (Sequence): torch.Size([495, 878])
  📊 miRNA View 2 (Function): torch.Size([495, 878])
🦠 Building disease dual-view hypergraphs...
  📊 Disease View 1 (Gene): torch.Size([383, 878])
  📊 Disease View 2 (Semantic): torch.Size([383, 878])
✅ Successfully built TRUE DUAL VIEWS:
   🧬 miRNA: Sequence Features (m_ss.xlsx) vs Functional Similarity (mi_fun_sim_2.0.csv)
   🦠 Disease: Gene Features (d_gs.xlsx) vs Semantic Similarity (dis_sem_sim_2.0.csv)

🔧 Epoch 1 梯度检查:
================================================================================

  参数名称                              梯度范数         梯度均值 状态             
  ----------------------------------------------------------------------
  type_relations                0.052088     0.001601 ✅ 正常           
  exist_relation                0.166672     0.010031 ✅ 正常           
  mi_proj_layer0                0.473167     0.001442 ✅ 正常           
  dis_proj_layer0               0.639312     0.001989 ✅ 正常           
================================================================================

Epoch 1, Total Loss: 20.2358, Recover Loss: 1.0699, miRNA CL: 8.9195, Disease CL: 8.4502, Inter-view (est): 4.0084, Recon Loss: 1.4980, Time: 0.75s
[INFO] Hypergraph updated at epoch 5
[INFO] Hypergraph updated at epoch 10
[INFO] Hypergraph updated at epoch 15
[INFO] Hypergraph updated at epoch 20
[INFO] Hypergraph updated at epoch 25
[INFO] Hypergraph updated at epoch 30
[INFO] Hypergraph updated at epoch 35
[INFO] Hypergraph updated at epoch 40
[INFO] Hypergraph updated at epoch 45
[INFO] Hypergraph updated at epoch 50

🔧 Epoch 50 梯度检查:
================================================================================

  参数名称                              梯度范数         梯度均值 状态             
  ----------------------------------------------------------------------
  type_relations                0.066676     0.001730 ✅ 正常           
  exist_relation                0.012467     0.000770 ✅ 正常           
  mi_proj_layer0                0.020091     0.000073 ✅ 正常           
  dis_proj_layer0               0.023992     0.000085 ✅ 正常           
================================================================================

Epoch 50, Total Loss: 17.0750, Recover Loss: 1.0075, miRNA CL: 7.9867, Disease CL: 7.6938, Inter-view (est): 3.6186, Recon Loss: 0.1045, Time: 97.24s
[INFO] Hypergraph updated at epoch 100

🔧 Epoch 100 梯度检查:
================================================================================

  参数名称                              梯度范数         梯度均值 状态             
  ----------------------------------------------------------------------
  type_relations                0.155784     0.002895 ✅ 正常           
  exist_relation                0.022920     0.000890 ✅ 正常           
  mi_proj_layer0                0.021755     0.000077 ✅ 正常           
  dis_proj_layer0               0.026725     0.000092 ✅ 正常           
================================================================================

Epoch 100, Total Loss: 15.8939, Recover Loss: 0.9850, miRNA CL: 7.6887, Disease CL: 6.9266, Inter-view (est): 3.3728, Recon Loss: 0.0313, Time: 134.65s
[INFO] Hypergraph updated at epoch 150

🔧 Epoch 150 梯度检查:
================================================================================

  参数名称                              梯度范数         梯度均值 状态             
  ----------------------------------------------------------------------
  type_relations                0.190466     0.002982 ✅ 正常           
  exist_relation                0.018161     0.000691 ✅ 正常           
  mi_proj_layer0                0.021430     0.000072 ✅ 正常           
  dis_proj_layer0               0.024813     0.000081 ✅ 正常           
================================================================================

Epoch 150, Total Loss: 15.1228, Recover Loss: 0.9454, miRNA CL: 7.3736, Disease CL: 6.5262, Inter-view (est): 3.2076, Recon Loss: 0.0295, Time: 169.66s
[INFO] Hypergraph updated at epoch 200

🔧 Epoch 200 梯度检查:
================================================================================

  参数名称                              梯度范数         梯度均值 状态             
  ----------------------------------------------------------------------
  type_relations                0.169921     0.002747 ✅ 正常           
  exist_relation                0.017015     0.000604 ✅ 正常           
  mi_proj_layer0                0.023414     0.000074 ✅ 正常           
  dis_proj_layer0               0.023027     0.000073 ✅ 正常           
================================================================================

Epoch 200, Total Loss: 14.6662, Recover Loss: 0.9204, miRNA CL: 7.1096, Disease CL: 6.3685, Inter-view (est): 3.1103, Recon Loss: 0.0293, Time: 205.37s
[INFO] Hypergraph updated at epoch 250

🔧 Epoch 250 梯度检查:
================================================================================

  参数名称                              梯度范数         梯度均值 状态             
  ----------------------------------------------------------------------
  type_relations                0.185148     0.002968 ✅ 正常           
  exist_relation                0.022540     0.000823 ✅ 正常           
  mi_proj_layer0                0.021547     0.000066 ✅ 正常           
  dis_proj_layer0               0.023134     0.000074 ✅ 正常           
================================================================================

Epoch 250, Total Loss: 14.4360, Recover Loss: 0.8897, miRNA CL: 6.9967, Disease CL: 6.2896, Inter-view (est): 3.0661, Recon Loss: 0.0279, Time: 240.85s
[INFO] Hypergraph updated at epoch 300

🔧 Epoch 300 梯度检查:
================================================================================

  参数名称                              梯度范数         梯度均值 状态             
  ----------------------------------------------------------------------
  type_relations                0.163800     0.002709 ✅ 正常           
  exist_relation                0.020204     0.000716 ✅ 正常           
  mi_proj_layer0                0.021348     0.000064 ✅ 正常           
  dis_proj_layer0               0.024459     0.000075 ✅ 正常           
================================================================================

Epoch 300, Total Loss: 14.2577, Recover Loss: 0.8594, miRNA CL: 6.9095, Disease CL: 6.2339, Inter-view (est): 3.0331, Recon Loss: 0.0276, Time: 275.82s
[INFO] Hypergraph updated at epoch 350

🔧 Epoch 350 梯度检查:
================================================================================

  参数名称                              梯度范数         梯度均值 状态             
  ----------------------------------------------------------------------
  type_relations                0.155153     0.002515 ✅ 正常           
  exist_relation                0.022438     0.000826 ✅ 正常           
  mi_proj_layer0                0.020704     0.000061 ✅ 正常           
  dis_proj_layer0               0.024115     0.000073 ✅ 正常           
================================================================================

Epoch 350, Total Loss: 14.1400, Recover Loss: 0.8414, miRNA CL: 6.8463, Disease CL: 6.2016, Inter-view (est): 3.0111, Recon Loss: 0.0265, Time: 310.94s
[INFO] Hypergraph updated at epoch 400

🔧 Epoch 400 梯度检查:
================================================================================

  参数名称                              梯度范数         梯度均值 状态             
  ----------------------------------------------------------------------
  type_relations                0.146550     0.002217 ✅ 正常           
  exist_relation                0.029507     0.000965 ✅ 正常           
  mi_proj_layer0                0.024404     0.000067 ✅ 正常           
  dis_proj_layer0               0.024361     0.000071 ✅ 正常           
================================================================================

Epoch 400, Total Loss: 14.0596, Recover Loss: 0.8350, miRNA CL: 6.7942, Disease CL: 6.1815, Inter-view (est): 2.9944, Recon Loss: 0.0268, Time: 346.36s
[INFO] Hypergraph updated at epoch 450

🔧 Epoch 450 梯度检查:
================================================================================

  参数名称                              梯度范数         梯度均值 状态             
  ----------------------------------------------------------------------
  type_relations                0.142213     0.002215 ✅ 正常           
  exist_relation                0.018350     0.000593 ✅ 正常           
  mi_proj_layer0                0.019006     0.000057 ✅ 正常           
  dis_proj_layer0               0.023718     0.000069 ✅ 正常           
================================================================================

Epoch 450, Total Loss: 13.9812, Recover Loss: 0.8220, miRNA CL: 6.7481, Disease CL: 6.1643, Inter-view (est): 2.9798, Recon Loss: 0.0263, Time: 381.87s
[INFO] Hypergraph updated at epoch 500

🔧 Epoch 500 梯度检查:
================================================================================

  参数名称                              梯度范数         梯度均值 状态             
  ----------------------------------------------------------------------
  type_relations                0.140916     0.002322 ✅ 正常           
  exist_relation                0.033824     0.001079 ✅ 正常           
  mi_proj_layer0                0.021098     0.000061 ✅ 正常           
  dis_proj_layer0               0.023165     0.000071 ✅ 正常           
================================================================================

Epoch 500, Total Loss: 13.9440, Recover Loss: 0.8167, miRNA CL: 6.7324, Disease CL: 6.1499, Inter-view (est): 2.9728, Recon Loss: 0.0259, Time: 417.91s
[INFO] Hypergraph updated at epoch 550

🔧 Epoch 550 梯度检查:
================================================================================

  参数名称                              梯度范数         梯度均值 状态             
  ----------------------------------------------------------------------
  type_relations                0.126721     0.002042 ✅ 正常           
  exist_relation                0.020101     0.000676 ✅ 正常           
  mi_proj_layer0                0.019854     0.000058 ✅ 正常           
  dis_proj_layer0               0.023291     0.000066 ✅ 正常           
================================================================================

Epoch 550, Total Loss: 13.8813, Recover Loss: 0.8098, miRNA CL: 6.6867, Disease CL: 6.1407, Inter-view (est): 2.9602, Recon Loss: 0.0259, Time: 454.42s
[INFO] Hypergraph updated at epoch 600

🔧 Epoch 600 梯度检查:
================================================================================

  参数名称                              梯度范数         梯度均值 状态             
  ----------------------------------------------------------------------
  type_relations                0.130599     0.002176 ✅ 正常           
  exist_relation                0.028658     0.000849 ✅ 正常           
  mi_proj_layer0                0.020598     0.000059 ✅ 正常           
  dis_proj_layer0               0.022567     0.000067 ✅ 正常           
================================================================================

Epoch 600, Total Loss: 13.8571, Recover Loss: 0.8093, miRNA CL: 6.6718, Disease CL: 6.1329, Inter-view (est): 2.9549, Recon Loss: 0.0258, Time: 491.31s
[INFO] Hypergraph updated at epoch 650

🔧 Epoch 650 梯度检查:
================================================================================

  参数名称                              梯度范数         梯度均值 状态             
  ----------------------------------------------------------------------
  type_relations                0.125279     0.002089 ✅ 正常           
  exist_relation                0.026013     0.000878 ✅ 正常           
  mi_proj_layer0                0.020302     0.000058 ✅ 正常           
  dis_proj_layer0               0.021704     0.000063 ✅ 正常           
================================================================================

Epoch 650, Total Loss: 13.8234, Recover Loss: 0.8012, miRNA CL: 6.6547, Disease CL: 6.1252, Inter-view (est): 2.9492, Recon Loss: 0.0259, Time: 529.04s

================================================================================
Training completed. Running final test...
================================================================================
Fold 4 completed - AUC: 0.9743, Top-1 F1: 0.6215
Fold 4 training time: 529.85 seconds
=== Cross Validation Fold 5/5 ===
Using hidden dimensions: [256, 256] with 4 attention heads
[ABLATION] Running with mode = no_avf
优化模型初始化: miRNA数量 = 495, 疾病数量 = 383
   节点维度: 256 → 128
   类型数量: 4
   Temperature: 2.0 (可学习)
   Loss mode: two_head
   loss_mode=two_head
   exist_weight=0.300, type_weight=0.700

✅ SimplifiedMultiTypeAssociationLoss 初始化 (改进版)
   类别权重 (beta=0.99999): ['0.780', '1.822', '0.977', '0.421']
Original positive index shape: torch.Size([1072, 2])
Original negative index shape: torch.Size([135416, 2])
采样后负样本数量: 10720
🎯 Building TRUE DUAL VIEWS from four different sources...
📊 Data sources loaded:
  Disease semantic: torch.Size([383, 383])
  miRNA functional: torch.Size([495, 495])
  Disease-gene: torch.Size([383, 383])
  miRNA-sequence: torch.Size([495, 495])
🧬 Building miRNA dual-view hypergraphs...
  📊 miRNA View 1 (Sequence): torch.Size([495, 878])
  📊 miRNA View 2 (Function): torch.Size([495, 878])
🦠 Building disease dual-view hypergraphs...
  📊 Disease View 1 (Gene): torch.Size([383, 878])
  📊 Disease View 2 (Semantic): torch.Size([383, 878])
✅ Successfully built TRUE DUAL VIEWS:
   🧬 miRNA: Sequence Features (m_ss.xlsx) vs Functional Similarity (mi_fun_sim_2.0.csv)
   🦠 Disease: Gene Features (d_gs.xlsx) vs Semantic Similarity (dis_sem_sim_2.0.csv)

🔧 Epoch 1 梯度检查:
================================================================================

  参数名称                              梯度范数         梯度均值 状态             
  ----------------------------------------------------------------------
  type_relations                0.061147     0.001862 ✅ 正常           
  exist_relation                0.248903     0.013510 ✅ 正常           
  mi_proj_layer0                1.196482     0.002695 ✅ 正常           
  dis_proj_layer0               0.973050     0.002722 ✅ 正常           
================================================================================

Epoch 1, Total Loss: 20.3573, Recover Loss: 1.1081, miRNA CL: 8.9860, Disease CL: 8.4342, Inter-view (est): 4.0200, Recon Loss: 1.5310, Time: 0.72s
[INFO] Hypergraph updated at epoch 5
[INFO] Hypergraph updated at epoch 10
[INFO] Hypergraph updated at epoch 15
[INFO] Hypergraph updated at epoch 20
[INFO] Hypergraph updated at epoch 25
[INFO] Hypergraph updated at epoch 30
[INFO] Hypergraph updated at epoch 35
[INFO] Hypergraph updated at epoch 40
[INFO] Hypergraph updated at epoch 45
[INFO] Hypergraph updated at epoch 50

🔧 Epoch 50 梯度检查:
================================================================================

  参数名称                              梯度范数         梯度均值 状态             
  ----------------------------------------------------------------------
  type_relations                0.081323     0.002013 ✅ 正常           
  exist_relation                0.019349     0.001186 ✅ 正常           
  mi_proj_layer0                0.031051     0.000108 ✅ 正常           
  dis_proj_layer0               0.028982     0.000103 ✅ 正常           
================================================================================

Epoch 50, Total Loss: 17.1217, Recover Loss: 1.0053, miRNA CL: 7.9920, Disease CL: 7.6958, Inter-view (est): 3.6203, Recon Loss: 0.1455, Time: 106.04s
[INFO] Hypergraph updated at epoch 100

🔧 Epoch 100 梯度检查:
================================================================================

  参数名称                              梯度范数         梯度均值 状态             
  ----------------------------------------------------------------------
  type_relations                0.134314     0.002476 ✅ 正常           
  exist_relation                0.011185     0.000522 ✅ 正常           
  mi_proj_layer0                0.021169     0.000074 ✅ 正常           
  dis_proj_layer0               0.024650     0.000083 ✅ 正常           
================================================================================

Epoch 100, Total Loss: 15.9202, Recover Loss: 0.9801, miRNA CL: 7.6832, Disease CL: 6.9592, Inter-view (est): 3.3790, Recon Loss: 0.0333, Time: 144.92s
[INFO] Hypergraph updated at epoch 150

🔧 Epoch 150 梯度检查:
================================================================================

  参数名称                              梯度范数         梯度均值 状态             
  ----------------------------------------------------------------------
  type_relations                0.159084     0.002807 ✅ 正常           
  exist_relation                0.023534     0.000900 ✅ 正常           
  mi_proj_layer0                0.021802     0.000077 ✅ 正常           
  dis_proj_layer0               0.025852     0.000084 ✅ 正常           
================================================================================

Epoch 150, Total Loss: 15.1637, Recover Loss: 0.9462, miRNA CL: 7.3490, Disease CL: 6.5863, Inter-view (est): 3.2158, Recon Loss: 0.0312, Time: 181.33s
[INFO] Hypergraph updated at epoch 200

🔧 Epoch 200 梯度检查:
================================================================================

  参数名称                              梯度范数         梯度均值 状态             
  ----------------------------------------------------------------------
  type_relations                0.163300     0.002913 ✅ 正常           
  exist_relation                0.020773     0.000704 ✅ 正常           
  mi_proj_layer0                0.022455     0.000076 ✅ 正常           
  dis_proj_layer0               0.023118     0.000079 ✅ 正常           
================================================================================

Epoch 200, Total Loss: 14.7055, Recover Loss: 0.9182, miRNA CL: 7.1170, Disease CL: 6.3994, Inter-view (est): 3.1192, Recon Loss: 0.0287, Time: 217.19s
[INFO] Hypergraph updated at epoch 250

🔧 Epoch 250 梯度检查:
================================================================================

  参数名称                              梯度范数         梯度均值 状态             
  ----------------------------------------------------------------------
  type_relations                0.143419     0.002627 ✅ 正常           
  exist_relation                0.026900     0.001043 ✅ 正常           
  mi_proj_layer0                0.021502     0.000074 ✅ 正常           
  dis_proj_layer0               0.023460     0.000078 ✅ 正常           
================================================================================

Epoch 250, Total Loss: 14.4870, Recover Loss: 0.8878, miRNA CL: 7.0172, Disease CL: 6.3176, Inter-view (est): 3.0773, Recon Loss: 0.0277, Time: 252.62s
[INFO] Hypergraph updated at epoch 300

🔧 Epoch 300 梯度检查:
================================================================================

  参数名称                              梯度范数         梯度均值 状态             
  ----------------------------------------------------------------------
  type_relations                0.147100     0.002721 ✅ 正常           
  exist_relation                0.020095     0.000761 ✅ 正常           
  mi_proj_layer0                0.019130     0.000064 ✅ 正常           
  dis_proj_layer0               0.020930     0.000069 ✅ 正常           
================================================================================

Epoch 300, Total Loss: 14.3383, Recover Loss: 0.8710, miRNA CL: 6.9391, Disease CL: 6.2679, Inter-view (est): 3.0478, Recon Loss: 0.0279, Time: 287.75s
[INFO] Hypergraph updated at epoch 350

🔧 Epoch 350 梯度检查:
================================================================================

  参数名称                              梯度范数         梯度均值 状态             
  ----------------------------------------------------------------------
  type_relations                0.134337     0.002398 ✅ 正常           
  exist_relation                0.017455     0.000662 ✅ 正常           
  mi_proj_layer0                0.019186     0.000063 ✅ 正常           
  dis_proj_layer0               0.023288     0.000073 ✅ 正常           
================================================================================

Epoch 350, Total Loss: 14.1992, Recover Loss: 0.8538, miRNA CL: 6.8605, Disease CL: 6.2284, Inter-view (est): 3.0205, Recon Loss: 0.0276, Time: 323.34s
[INFO] Hypergraph updated at epoch 400

🔧 Epoch 400 梯度检查:
================================================================================

  参数名称                              梯度范数         梯度均值 状态             
  ----------------------------------------------------------------------
  type_relations                0.141497     0.002450 ✅ 正常           
  exist_relation                0.022185     0.000800 ✅ 正常           
  mi_proj_layer0                0.019687     0.000063 ✅ 正常           
  dis_proj_layer0               0.024844     0.000076 ✅ 正常           
================================================================================

Epoch 400, Total Loss: 14.0976, Recover Loss: 0.8365, miRNA CL: 6.8030, Disease CL: 6.2039, Inter-view (est): 3.0016, Recon Loss: 0.0275, Time: 359.52s
[INFO] Hypergraph updated at epoch 450

🔧 Epoch 450 梯度检查:
================================================================================

  参数名称                              梯度范数         梯度均值 状态             
  ----------------------------------------------------------------------
  type_relations                0.140121     0.002514 ✅ 正常           
  exist_relation                0.015149     0.000541 ✅ 正常           
  mi_proj_layer0                0.023387     0.000070 ✅ 正常           
  dis_proj_layer0               0.023829     0.000073 ✅ 正常           
================================================================================

Epoch 450, Total Loss: 14.0178, Recover Loss: 0.8235, miRNA CL: 6.7545, Disease CL: 6.1879, Inter-view (est): 2.9867, Recon Loss: 0.0268, Time: 395.27s
[INFO] Hypergraph updated at epoch 500

🔧 Epoch 500 梯度检查:
================================================================================

  参数名称                              梯度范数         梯度均值 状态             
  ----------------------------------------------------------------------
  type_relations                0.124752     0.002212 ✅ 正常           
  exist_relation                0.019327     0.000729 ✅ 正常           
  mi_proj_layer0                0.019932     0.000063 ✅ 正常           
  dis_proj_layer0               0.023748     0.000073 ✅ 正常           
================================================================================

Epoch 500, Total Loss: 13.9555, Recover Loss: 0.8133, miRNA CL: 6.7177, Disease CL: 6.1746, Inter-view (est): 2.9751, Recon Loss: 0.0263, Time: 430.55s
[INFO] Hypergraph updated at epoch 550

🔧 Epoch 550 梯度检查:
================================================================================

  参数名称                              梯度范数         梯度均值 状态             
  ----------------------------------------------------------------------
  type_relations                0.143587     0.002541 ✅ 正常           
  exist_relation                0.015199     0.000579 ✅ 正常           
  mi_proj_layer0                0.022270     0.000066 ✅ 正常           
  dis_proj_layer0               0.025806     0.000078 ✅ 正常           
================================================================================

Epoch 550, Total Loss: 13.9107, Recover Loss: 0.8099, miRNA CL: 6.6891, Disease CL: 6.1630, Inter-view (est): 2.9659, Recon Loss: 0.0263, Time: 467.08s
[INFO] Hypergraph updated at epoch 600

🔧 Epoch 600 梯度检查:
================================================================================

  参数名称                              梯度范数         梯度均值 状态             
  ----------------------------------------------------------------------
  type_relations                0.120248     0.002173 ✅ 正常           
  exist_relation                0.015526     0.000620 ✅ 正常           
  mi_proj_layer0                0.019424     0.000057 ✅ 正常           
  dis_proj_layer0               0.022251     0.000066 ✅ 正常           
================================================================================

Epoch 600, Total Loss: 13.8665, Recover Loss: 0.8027, miRNA CL: 6.6646, Disease CL: 6.1524, Inter-view (est): 2.9578, Recon Loss: 0.0257, Time: 503.29s
[INFO] Hypergraph updated at epoch 650

🔧 Epoch 650 梯度检查:
================================================================================

  参数名称                              梯度范数         梯度均值 状态             
  ----------------------------------------------------------------------
  type_relations                0.129597     0.002349 ✅ 正常           
  exist_relation                0.017035     0.000635 ✅ 正常           
  mi_proj_layer0                0.022121     0.000064 ✅ 正常           
  dis_proj_layer0               0.021593     0.000066 ✅ 正常           
================================================================================

Epoch 650, Total Loss: 13.8291, Recover Loss: 0.7986, miRNA CL: 6.6424, Disease CL: 6.1422, Inter-view (est): 2.9503, Recon Loss: 0.0260, Time: 538.84s

================================================================================
Training completed. Running final test...
================================================================================
Fold 5 completed - AUC: 0.9754, Top-1 F1: 0.5911
Fold 5 training time: 539.64 seconds
Average binary metrics across folds: [[0.97512419 0.97023246 0.93315765 0.93089552 0.9641791  0.89761194
  0.90467677]]
🎯 Average Top-1 metrics across folds: {'top1_precision': 0.5559701492537312, 'top1_recall': np.float64(0.6156894282731651), 'top1_f1': np.float64(0.5841903105890267)}

📊 CV_type Style Metrics Details:
  AUC            : 0.9751
  AUPR           : 0.9702
  F1             : 0.9332
  Accuracy       : 0.9309
  Recall         : 0.9642
  Specificity    : 0.8976
  Precision      : 0.9047

🎯 Top-1 Metrics Details:
  top1_precision : 0.5560
  top1_recall    : 0.6157
  top1_f1        : 0.5842

Total execution time: 2632.16 seconds

==========================================================================================
🎯 FINAL COMPREHENSIVE RESULTS WITH TOP-1 METRICS
==========================================================================================
📊 Binary Classification Metrics (Original):
  AUC: 0.9751
  AUPR: 0.9702
  F1: 0.9332
  Accuracy: 0.9309
  Recall: 0.9642
  Specificity: 0.8976
  Precision: 0.9047

🎯 CV_type Style Metrics (Enhanced):
  AUC: 0.9751
  AUPR: 0.9702
  F1: 0.9332
  Accuracy: 0.9309
  Recall: 0.9642
  Specificity: 0.8976
  Precision: 0.9047

🏆 Top-1 Metrics (NEW):
  Top-1 Precision: 0.5560
  Top-1 Recall: 0.6157
  Top-1 F1: 0.5842
==========================================================================================

[4/5] ablation=no_hgt (seed=1, K=7)
----------------------------------------------------------------
[CPU] torch.set_num_threads(14), interop=min(4, 14)
Using device: cpu
[INFO] Auto-computed BALANCED class weights (to prevent class collapse):
  Circulation  (367 samples): 0.780
  Epigenetics  (157 samples): 1.823
  Target       (293 samples): 0.977
  Genetics     (681 samples): 0.420
  [NOTE] Higher weights for minority classes to prevent model from only predicting majority class
[INFO] Using v2.0_495m383D dataset:
  miRNAs: 495
  Diseases: 383
  Expected associations: ~1498
  Types: 4 (Circulation, Epigenetics, Target, Genetics)

================================================================================
Configuration Summary
================================================================================
Dataset: v2.0_495m383D
Data Path: ./
Model: HeterogenousGraphCLAMIR
  - HGT Layers: 2
  - Attention Heads: 4
  - Association Types: 4
  - Inter-view CL: Enabled
    - Weight: 0.3
    - Temperature: 0.5
    - Margin: 0.5

Training:
  - Epochs: 650
  - Learning Rate: 0.0001
  - Dropout: 0.3
  - Weight Decay: 5e-05
  - Focal Loss: Enabled

Evaluation:
  - Cross-Validation Folds: 5
  - Primary Metric: AUPR

Device: cpu
Random Seed: 1
================================================================================

[SEED] Re-seeded với args.seed = 1
🚀 Running with comprehensive evaluation including Top-1 metrics...
🎯 Loading dual-view data...
Starting dual-view data preparation with new file format...
Loading all similarity and feature files from v2.0_495m383D...
✅ Loaded disease semantic similarity from D_SSM1.txt: (383, 383)
✅ Loaded miRNA functional similarity from M_FSM.txt: (495, 495)
✅ Loaded multi-type association pairs from ./v2.0_495m383D\multi_all_mirna_disease_pairs_without_negative.csv: (1679, 3)
✅ Created multi-type association matrix: (495, 383)
📊 Multi-type Association Statistics:
   无关联 (No association): 188087 pairs (99.21%)
   循环类型 (Circulation): 367 pairs (0.19%)
   表观遗传学 (Epigenetics): 157 pairs (0.08%)
   靶标类型 (Target): 293 pairs (0.15%)
   遗传学类型 (Genetics): 681 pairs (0.36%)
✅ Created association matrix from CSV: (495, 383)
✅ Loaded disease-gene features from D_SSM2.txt: torch.Size([383, 383])
✅ Loaded miRNA-sequence features from M_GSM.txt: torch.Size([495, 495])
Processing integrated similarity matrices...
Loaded similarity matrices from cache
Processing indices...
Loaded indices from cache (seed=1)
✅ Dual-view data preparation completed in 0.42 seconds

============================================================
🎯 DUAL-VIEW CONFIGURATION SUMMARY (v2.0_495m383D)
============================================================
miRNA Dual Views:
  📊 View 1 (Sequence): M_GSM.txt torch.Size([495, 495])
  📊 View 2 (Function): M_FSM.txt torch.Size([495, 495])

Disease Dual Views:
  📊 View 1 (Gene): D_SSM2.txt torch.Size([383, 383])
  📊 View 2 (Semantic): D_SSM1.txt torch.Size([383, 383])

Association Matrix: torch.Size([495, 383])
Data source: v2.0_495m383D (495 miRNAs × 383 Diseases)
============================================================
Preloading dual-view data to device...
✅ Loaded disease-gene features to device: torch.Size([383, 383])
✅ Loaded miRNA-sequence features to device: torch.Size([495, 495])
✅ Loaded disease semantic similarity to device: torch.Size([383, 383])
✅ Loaded miRNA functional similarity to device: torch.Size([495, 495])
✅ Dual-view data preloading completed in 0.00 seconds
OptimizedDataset initialized with 5 folds
Using device: cpu
=== Cross Validation Fold 1/5 ===
Using hidden dimensions: [256, 256] with 4 attention heads
[ABLATION] Running with mode = no_hgt
优化模型初始化: miRNA数量 = 495, 疾病数量 = 383
   节点维度: 256 → 128
   类型数量: 4
   Temperature: 2.0 (可学习)
   Loss mode: two_head
   loss_mode=two_head
   exist_weight=0.300, type_weight=0.700

✅ SimplifiedMultiTypeAssociationLoss 初始化 (改进版)
   类别权重 (beta=0.99999): ['0.780', '1.822', '0.977', '0.421']
Original positive index shape: torch.Size([1072, 2])
Original negative index shape: torch.Size([135416, 2])
采样后负样本数量: 10720
🎯 Building TRUE DUAL VIEWS from four different sources...
📊 Data sources loaded:
  Disease semantic: torch.Size([383, 383])
  miRNA functional: torch.Size([495, 495])
  Disease-gene: torch.Size([383, 383])
  miRNA-sequence: torch.Size([495, 495])
🧬 Building miRNA dual-view hypergraphs...
  📊 miRNA View 1 (Sequence): torch.Size([495, 878])
  📊 miRNA View 2 (Function): torch.Size([495, 878])
🦠 Building disease dual-view hypergraphs...
  📊 Disease View 1 (Gene): torch.Size([383, 878])
  📊 Disease View 2 (Semantic): torch.Size([383, 878])
✅ Successfully built TRUE DUAL VIEWS:
   🧬 miRNA: Sequence Features (m_ss.xlsx) vs Functional Similarity (mi_fun_sim_2.0.csv)
   🦠 Disease: Gene Features (d_gs.xlsx) vs Semantic Similarity (dis_sem_sim_2.0.csv)

🔧 Epoch 1 梯度检查:
================================================================================

  参数名称                              梯度范数         梯度均值 状态             
  ----------------------------------------------------------------------
  type_relations                0.081309     0.002198 ✅ 正常           
  exist_relation                0.277791     0.016025 ✅ 正常           
  mi_proj_layer0                0.890402     0.002383 ✅ 正常           
  dis_proj_layer0               0.579264     0.001774 ✅ 正常           
================================================================================

Epoch 1, Total Loss: 20.1995, Recover Loss: 1.0500, miRNA CL: 8.9288, Disease CL: 8.4618, Inter-view (est): 4.0132, Recon Loss: 1.4608, Time: 0.62s
[INFO] Hypergraph updated at epoch 5
[INFO] Hypergraph updated at epoch 10
[INFO] Hypergraph updated at epoch 15
[INFO] Hypergraph updated at epoch 20
[INFO] Hypergraph updated at epoch 25
[INFO] Hypergraph updated at epoch 30
[INFO] Hypergraph updated at epoch 35
[INFO] Hypergraph updated at epoch 40
[INFO] Hypergraph updated at epoch 45
[INFO] Hypergraph updated at epoch 50

🔧 Epoch 50 梯度检查:
================================================================================

  参数名称                              梯度范数         梯度均值 状态             
  ----------------------------------------------------------------------
  type_relations                0.129373     0.002983 ✅ 正常           
  exist_relation                0.011850     0.000561 ✅ 正常           
  mi_proj_layer0                0.030499     0.000113 ✅ 正常           
  dis_proj_layer0               0.031479     0.000110 ✅ 正常           
================================================================================

Epoch 50, Total Loss: 17.0419, Recover Loss: 0.9918, miRNA CL: 7.9818, Disease CL: 7.6644, Inter-view (est): 3.6107, Recon Loss: 0.1334, Time: 30.35s
[INFO] Hypergraph updated at epoch 100

🔧 Epoch 100 梯度检查:
================================================================================

  参数名称                              梯度范数         梯度均值 状态             
  ----------------------------------------------------------------------
  type_relations                0.242942     0.004383 ✅ 正常           
  exist_relation                0.014233     0.000555 ✅ 正常           
  mi_proj_layer0                0.042247     0.000140 ✅ 正常           
  dis_proj_layer0               0.035581     0.000122 ✅ 正常           
================================================================================

Epoch 100, Total Loss: 15.8800, Recover Loss: 0.9378, miRNA CL: 7.6754, Disease CL: 6.9936, Inter-view (est): 3.3851, Recon Loss: 0.0313, Time: 60.45s
[INFO] Hypergraph updated at epoch 150

🔧 Epoch 150 梯度检查:
================================================================================

  参数名称                              梯度范数         梯度均值 状态             
  ----------------------------------------------------------------------
  type_relations                0.245417     0.004680 ✅ 正常           
  exist_relation                0.022002     0.000913 ✅ 正常           
  mi_proj_layer0                0.082677     0.000267 ✅ 正常           
  dis_proj_layer0               0.070324     0.000196 ✅ 正常           
================================================================================

Epoch 150, Total Loss: 15.0499, Recover Loss: 0.9056, miRNA CL: 7.3363, Disease CL: 6.5563, Inter-view (est): 3.2060, Recon Loss: 0.0295, Time: 90.99s
[INFO] Hypergraph updated at epoch 200

🔧 Epoch 200 梯度检查:
================================================================================

  参数名称                              梯度范数         梯度均值 状态             
  ----------------------------------------------------------------------
  type_relations                0.221045     0.004356 ✅ 正常           
  exist_relation                0.020636     0.000845 ✅ 正常           
  mi_proj_layer0                0.069325     0.000224 ✅ 正常           
  dis_proj_layer0               0.046681     0.000157 ✅ 正常           
================================================================================

Epoch 200, Total Loss: 14.6306, Recover Loss: 0.8654, miRNA CL: 7.1306, Disease CL: 6.3955, Inter-view (est): 3.1214, Recon Loss: 0.0291, Time: 121.53s
[INFO] Hypergraph updated at epoch 250

🔧 Epoch 250 梯度检查:
================================================================================

  参数名称                              梯度范数         梯度均值 状态             
  ----------------------------------------------------------------------
  type_relations                0.200923     0.004015 ✅ 正常           
  exist_relation                0.014549     0.000597 ✅ 正常           
  mi_proj_layer0                0.065634     0.000202 ✅ 正常           
  dis_proj_layer0               0.050333     0.000161 ✅ 正常           
================================================================================

Epoch 250, Total Loss: 14.4644, Recover Loss: 0.8506, miRNA CL: 7.0460, Disease CL: 6.3366, Inter-view (est): 3.0883, Recon Loss: 0.0279, Time: 151.57s
[INFO] Hypergraph updated at epoch 300

🔧 Epoch 300 梯度检查:
================================================================================

  参数名称                              梯度范数         梯度均值 状态             
  ----------------------------------------------------------------------
  type_relations                0.182997     0.003938 ✅ 正常           
  exist_relation                0.015445     0.000546 ✅ 正常           
  mi_proj_layer0                0.070890     0.000231 ✅ 正常           
  dis_proj_layer0               0.067110     0.000211 ✅ 正常           
================================================================================

Epoch 300, Total Loss: 14.3151, Recover Loss: 0.8311, miRNA CL: 6.9707, Disease CL: 6.2880, Inter-view (est): 3.0597, Recon Loss: 0.0279, Time: 181.63s
[INFO] Hypergraph updated at epoch 350

🔧 Epoch 350 梯度检查:
================================================================================

  参数名称                              梯度范数         梯度均值 状态             
  ----------------------------------------------------------------------
  type_relations                0.176779     0.003861 ✅ 正常           
  exist_relation                0.016430     0.000683 ✅ 正常           
  mi_proj_layer0                0.076867     0.000240 ✅ 正常           
  dis_proj_layer0               0.080766     0.000266 ✅ 正常           
================================================================================

Epoch 350, Total Loss: 14.1742, Recover Loss: 0.8125, miRNA CL: 6.8970, Disease CL: 6.2451, Inter-view (est): 3.0328, Recon Loss: 0.0273, Time: 212.23s
[INFO] Hypergraph updated at epoch 400

🔧 Epoch 400 梯度检查:
================================================================================

  参数名称                              梯度范数         梯度均值 状态             
  ----------------------------------------------------------------------
  type_relations                0.164352     0.003633 ✅ 正常           
  exist_relation                0.011833     0.000541 ✅ 正常           
  mi_proj_layer0                0.070119     0.000229 ✅ 正常           
  dis_proj_layer0               0.072705     0.000243 ✅ 正常           
================================================================================

Epoch 400, Total Loss: 14.0502, Recover Loss: 0.8016, miRNA CL: 6.8210, Disease CL: 6.2120, Inter-view (est): 3.0076, Recon Loss: 0.0274, Time: 242.73s
[INFO] Hypergraph updated at epoch 450

🔧 Epoch 450 梯度检查:
================================================================================

  参数名称                              梯度范数         梯度均值 状态             
  ----------------------------------------------------------------------
  type_relations                0.165048     0.003643 ✅ 正常           
  exist_relation                0.016985     0.000609 ✅ 正常           
  mi_proj_layer0                0.098061     0.000284 ✅ 正常           
  dis_proj_layer0               0.099520     0.000300 ✅ 正常           
================================================================================

Epoch 450, Total Loss: 13.9468, Recover Loss: 0.7907, miRNA CL: 6.7547, Disease CL: 6.1898, Inter-view (est): 2.9872, Recon Loss: 0.0264, Time: 273.33s
[INFO] Hypergraph updated at epoch 500

🔧 Epoch 500 梯度检查:
================================================================================

  参数名称                              梯度范数         梯度均值 状态             
  ----------------------------------------------------------------------
  type_relations                0.146314     0.003322 ✅ 正常           
  exist_relation                0.012564     0.000498 ✅ 正常           
  mi_proj_layer0                0.101083     0.000292 ✅ 正常           
  dis_proj_layer0               0.102963     0.000320 ✅ 正常           
================================================================================

Epoch 500, Total Loss: 13.8834, Recover Loss: 0.7692, miRNA CL: 6.7304, Disease CL: 6.1749, Inter-view (est): 2.9781, Recon Loss: 0.0260, Time: 303.50s
[INFO] Hypergraph updated at epoch 550

🔧 Epoch 550 梯度检查:
================================================================================

  参数名称                              梯度范数         梯度均值 状态             
  ----------------------------------------------------------------------
  type_relations                0.145369     0.003300 ✅ 正常           
  exist_relation                0.013819     0.000531 ✅ 正常           
  mi_proj_layer0                0.104615     0.000296 ✅ 正常           
  dis_proj_layer0               0.111438     0.000328 ✅ 正常           
================================================================================

Epoch 550, Total Loss: 13.8405, Recover Loss: 0.7708, miRNA CL: 6.6971, Disease CL: 6.1650, Inter-view (est): 2.9682, Recon Loss: 0.0262, Time: 333.63s
[INFO] Hypergraph updated at epoch 600

🔧 Epoch 600 梯度检查:
================================================================================

  参数名称                              梯度范数         梯度均值 状态             
  ----------------------------------------------------------------------
  type_relations                0.131387     0.002986 ✅ 正常           
  exist_relation                0.017028     0.000655 ✅ 正常           
  mi_proj_layer0                0.112370     0.000318 ✅ 正常           
  dis_proj_layer0               0.104334     0.000322 ✅ 正常           
================================================================================

Epoch 600, Total Loss: 13.7924, Recover Loss: 0.7576, miRNA CL: 6.6747, Disease CL: 6.1547, Inter-view (est): 2.9606, Recon Loss: 0.0255, Time: 364.31s
[INFO] Hypergraph updated at epoch 650

🔧 Epoch 650 梯度检查:
================================================================================

  参数名称                              梯度范数         梯度均值 状态             
  ----------------------------------------------------------------------
  type_relations                0.140223     0.003150 ✅ 正常           
  exist_relation                0.012310     0.000504 ✅ 正常           
  mi_proj_layer0                0.120427     0.000311 ✅ 正常           
  dis_proj_layer0               0.102343     0.000303 ✅ 正常           
================================================================================

Epoch 650, Total Loss: 13.7576, Recover Loss: 0.7552, miRNA CL: 6.6546, Disease CL: 6.1437, Inter-view (est): 2.9535, Recon Loss: 0.0259, Time: 395.37s

================================================================================
Training completed. Running final test...
================================================================================
Fold 1 completed - AUC: 0.9788, Top-1 F1: 0.6653
Fold 1 training time: 396.46 seconds
=== Cross Validation Fold 2/5 ===
Using hidden dimensions: [256, 256] with 4 attention heads
[ABLATION] Running with mode = no_hgt
优化模型初始化: miRNA数量 = 495, 疾病数量 = 383
   节点维度: 256 → 128
   类型数量: 4
   Temperature: 2.0 (可学习)
   Loss mode: two_head
   loss_mode=two_head
   exist_weight=0.300, type_weight=0.700

✅ SimplifiedMultiTypeAssociationLoss 初始化 (改进版)
   类别权重 (beta=0.99999): ['0.780', '1.822', '0.977', '0.421']
Original positive index shape: torch.Size([1072, 2])
Original negative index shape: torch.Size([135416, 2])
采样后负样本数量: 10720
🎯 Building TRUE DUAL VIEWS from four different sources...
📊 Data sources loaded:
  Disease semantic: torch.Size([383, 383])
  miRNA functional: torch.Size([495, 495])
  Disease-gene: torch.Size([383, 383])
  miRNA-sequence: torch.Size([495, 495])
🧬 Building miRNA dual-view hypergraphs...
  📊 miRNA View 1 (Sequence): torch.Size([495, 878])
  📊 miRNA View 2 (Function): torch.Size([495, 878])
🦠 Building disease dual-view hypergraphs...
  📊 Disease View 1 (Gene): torch.Size([383, 878])
  📊 Disease View 2 (Semantic): torch.Size([383, 878])
✅ Successfully built TRUE DUAL VIEWS:
   🧬 miRNA: Sequence Features (m_ss.xlsx) vs Functional Similarity (mi_fun_sim_2.0.csv)
   🦠 Disease: Gene Features (d_gs.xlsx) vs Semantic Similarity (dis_sem_sim_2.0.csv)

🔧 Epoch 1 梯度检查:
================================================================================

  参数名称                              梯度范数         梯度均值 状态             
  ----------------------------------------------------------------------
  type_relations                0.060943     0.001846 ✅ 正常           
  exist_relation                0.186363     0.011902 ✅ 正常           
  mi_proj_layer0                0.608626     0.001879 ✅ 正常           
  dis_proj_layer0               0.373129     0.001154 ✅ 正常           
================================================================================

Epoch 1, Total Loss: 20.2980, Recover Loss: 1.0419, miRNA CL: 8.9992, Disease CL: 8.4282, Inter-view (est): 4.0217, Recon Loss: 1.5306, Time: 0.62s
[INFO] Hypergraph updated at epoch 5
[INFO] Hypergraph updated at epoch 10
[INFO] Hypergraph updated at epoch 15
[INFO] Hypergraph updated at epoch 20
[INFO] Hypergraph updated at epoch 25
[INFO] Hypergraph updated at epoch 30
[INFO] Hypergraph updated at epoch 35
[INFO] Hypergraph updated at epoch 40
[INFO] Hypergraph updated at epoch 45
[INFO] Hypergraph updated at epoch 50

🔧 Epoch 50 梯度检查:
================================================================================

  参数名称                              梯度范数         梯度均值 状态             
  ----------------------------------------------------------------------
  type_relations                0.112726     0.002806 ✅ 正常           
  exist_relation                0.011295     0.000579 ✅ 正常           
  mi_proj_layer0                0.035242     0.000121 ✅ 正常           
  dis_proj_layer0               0.023363     0.000085 ✅ 正常           
================================================================================

Epoch 50, Total Loss: 17.0416, Recover Loss: 0.9940, miRNA CL: 7.9529, Disease CL: 7.6915, Inter-view (est): 3.6102, Recon Loss: 0.1325, Time: 30.40s
[INFO] Hypergraph updated at epoch 100

🔧 Epoch 100 梯度检查:
================================================================================

  参数名称                              梯度范数         梯度均值 状态             
  ----------------------------------------------------------------------
  type_relations                0.245443     0.004719 ✅ 正常           
  exist_relation                0.018280     0.000710 ✅ 正常           
  mi_proj_layer0                0.044516     0.000151 ✅ 正常           
  dis_proj_layer0               0.049438     0.000154 ✅ 正常           
================================================================================

Epoch 100, Total Loss: 15.7724, Recover Loss: 0.9466, miRNA CL: 7.6396, Disease CL: 6.9142, Inter-view (est): 3.3586, Recon Loss: 0.0304, Time: 61.22s
[INFO] Hypergraph updated at epoch 150

🔧 Epoch 150 梯度检查:
================================================================================

  参数名称                              梯度范数         梯度均值 状态             
  ----------------------------------------------------------------------
  type_relations                0.217663     0.004628 ✅ 正常           
  exist_relation                0.015607     0.000636 ✅ 正常           
  mi_proj_layer0                0.051984     0.000179 ✅ 正常           
  dis_proj_layer0               0.057429     0.000187 ✅ 正常           
================================================================================

Epoch 150, Total Loss: 14.9770, Recover Loss: 0.9069, miRNA CL: 7.2990, Disease CL: 6.5194, Inter-view (est): 3.1889, Recon Loss: 0.0295, Time: 91.57s
[INFO] Hypergraph updated at epoch 200

🔧 Epoch 200 梯度检查:
================================================================================

  参数名称                              梯度范数         梯度均值 状态             
  ----------------------------------------------------------------------
  type_relations                0.196276     0.004118 ✅ 正常           
  exist_relation                0.020240     0.000708 ✅ 正常           
  mi_proj_layer0                0.051103     0.000173 ✅ 正常           
  dis_proj_layer0               0.044850     0.000164 ✅ 正常           
================================================================================

Epoch 200, Total Loss: 14.5348, Recover Loss: 0.8605, miRNA CL: 7.0874, Disease CL: 6.3503, Inter-view (est): 3.1010, Recon Loss: 0.0280, Time: 122.20s
[INFO] Hypergraph updated at epoch 250

🔧 Epoch 250 梯度检查:
================================================================================

  参数名称                              梯度范数         梯度均值 状态             
  ----------------------------------------------------------------------
  type_relations                0.197842     0.004306 ✅ 正常           
  exist_relation                0.018771     0.000721 ✅ 正常           
  mi_proj_layer0                0.061817     0.000205 ✅ 正常           
  dis_proj_layer0               0.078628     0.000248 ✅ 正常           
================================================================================

Epoch 250, Total Loss: 14.3084, Recover Loss: 0.8430, miRNA CL: 6.9596, Disease CL: 6.2786, Inter-view (est): 3.0550, Recon Loss: 0.0278, Time: 152.26s
[INFO] Hypergraph updated at epoch 300

🔧 Epoch 300 梯度检查:
================================================================================

  参数名称                              梯度范数         梯度均值 状态             
  ----------------------------------------------------------------------
  type_relations                0.188159     0.004229 ✅ 正常           
  exist_relation                0.016889     0.000575 ✅ 正常           
  mi_proj_layer0                0.063890     0.000200 ✅ 正常           
  dis_proj_layer0               0.093680     0.000302 ✅ 正常           
================================================================================

Epoch 300, Total Loss: 14.1605, Recover Loss: 0.8224, miRNA CL: 6.8710, Disease CL: 6.2454, Inter-view (est): 3.0268, Recon Loss: 0.0274, Time: 182.96s
[INFO] Hypergraph updated at epoch 350

🔧 Epoch 350 梯度检查:
================================================================================

  参数名称                              梯度范数         梯度均值 状态             
  ----------------------------------------------------------------------
  type_relations                0.173413     0.004089 ✅ 正常           
  exist_relation                0.017689     0.000627 ✅ 正常           
  mi_proj_layer0                0.069137     0.000227 ✅ 正常           
  dis_proj_layer0               0.080977     0.000268 ✅ 正常           
================================================================================

Epoch 350, Total Loss: 14.0184, Recover Loss: 0.8063, miRNA CL: 6.7788, Disease CL: 6.2169, Inter-view (est): 2.9990, Recon Loss: 0.0265, Time: 213.72s
[INFO] Hypergraph updated at epoch 400

🔧 Epoch 400 梯度检查:
================================================================================

  参数名称                              梯度范数         梯度均值 状态             
  ----------------------------------------------------------------------
  type_relations                0.167285     0.003891 ✅ 正常           
  exist_relation                0.024187     0.000752 ✅ 正常           
  mi_proj_layer0                0.063783     0.000208 ✅ 正常           
  dis_proj_layer0               0.089144     0.000277 ✅ 正常           
================================================================================

Epoch 400, Total Loss: 13.9216, Recover Loss: 0.7962, miRNA CL: 6.7138, Disease CL: 6.1980, Inter-view (est): 2.9796, Recon Loss: 0.0269, Time: 244.26s
[INFO] Hypergraph updated at epoch 450

🔧 Epoch 450 梯度检查:
================================================================================

  参数名称                              梯度范数         梯度均值 状态             
  ----------------------------------------------------------------------
  type_relations                0.149157     0.003464 ✅ 正常           
  exist_relation                0.015542     0.000620 ✅ 正常           
  mi_proj_layer0                0.063886     0.000202 ✅ 正常           
  dis_proj_layer0               0.072660     0.000239 ✅ 正常           
================================================================================

Epoch 450, Total Loss: 13.8567, Recover Loss: 0.7821, miRNA CL: 6.6782, Disease CL: 6.1855, Inter-view (est): 2.9686, Recon Loss: 0.0262, Time: 274.38s
[INFO] Hypergraph updated at epoch 500

🔧 Epoch 500 梯度检查:
================================================================================

  参数名称                              梯度范数         梯度均值 状态             
  ----------------------------------------------------------------------
  type_relations                0.147719     0.003489 ✅ 正常           
  exist_relation                0.009647     0.000439 ✅ 正常           
  mi_proj_layer0                0.078628     0.000240 ✅ 正常           
  dis_proj_layer0               0.082388     0.000269 ✅ 正常           
================================================================================

Epoch 500, Total Loss: 13.8199, Recover Loss: 0.7758, miRNA CL: 6.6612, Disease CL: 6.1741, Inter-view (est): 2.9620, Recon Loss: 0.0259, Time: 304.59s
[INFO] Hypergraph updated at epoch 550

🔧 Epoch 550 梯度检查:
================================================================================

  参数名称                              梯度范数         梯度均值 状态             
  ----------------------------------------------------------------------
  type_relations                0.140375     0.003337 ✅ 正常           
  exist_relation                0.015501     0.000640 ✅ 正常           
  mi_proj_layer0                0.070457     0.000213 ✅ 正常           
  dis_proj_layer0               0.082261     0.000258 ✅ 正常           
================================================================================

Epoch 550, Total Loss: 13.7810, Recover Loss: 0.7675, miRNA CL: 6.6393, Disease CL: 6.1667, Inter-view (est): 2.9552, Recon Loss: 0.0259, Time: 334.42s
[INFO] Hypergraph updated at epoch 600

🔧 Epoch 600 梯度检查:
================================================================================

  参数名称                              梯度范数         梯度均值 状态             
  ----------------------------------------------------------------------
  type_relations                0.139834     0.003316 ✅ 正常           
  exist_relation                0.011255     0.000525 ✅ 正常           
  mi_proj_layer0                0.076212     0.000225 ✅ 正常           
  dis_proj_layer0               0.086602     0.000276 ✅ 正常           
================================================================================

Epoch 600, Total Loss: 13.7467, Recover Loss: 0.7595, miRNA CL: 6.6224, Disease CL: 6.1587, Inter-view (est): 2.9495, Recon Loss: 0.0256, Time: 365.47s
[INFO] Hypergraph updated at epoch 650

🔧 Epoch 650 梯度检查:
================================================================================

  参数名称                              梯度范数         梯度均值 状态             
  ----------------------------------------------------------------------
  type_relations                0.142236     0.003382 ✅ 正常           
  exist_relation                0.015774     0.000662 ✅ 正常           
  mi_proj_layer0                0.074013     0.000227 ✅ 正常           
  dis_proj_layer0               0.097909     0.000304 ✅ 正常           
================================================================================

Epoch 650, Total Loss: 13.7175, Recover Loss: 0.7553, miRNA CL: 6.6074, Disease CL: 6.1504, Inter-view (est): 2.9441, Recon Loss: 0.0253, Time: 396.14s

================================================================================
Training completed. Running final test...
================================================================================
Fold 2 completed - AUC: 0.9713, Top-1 F1: 0.6442
Fold 2 training time: 396.93 seconds
=== Cross Validation Fold 3/5 ===
Using hidden dimensions: [256, 256] with 4 attention heads
[ABLATION] Running with mode = no_hgt
优化模型初始化: miRNA数量 = 495, 疾病数量 = 383
   节点维度: 256 → 128
   类型数量: 4
   Temperature: 2.0 (可学习)
   Loss mode: two_head
   loss_mode=two_head
   exist_weight=0.300, type_weight=0.700

✅ SimplifiedMultiTypeAssociationLoss 初始化 (改进版)
   类别权重 (beta=0.99999): ['0.780', '1.822', '0.977', '0.421']
Original positive index shape: torch.Size([1072, 2])
Original negative index shape: torch.Size([135416, 2])
采样后负样本数量: 10720
🎯 Building TRUE DUAL VIEWS from four different sources...
📊 Data sources loaded:
  Disease semantic: torch.Size([383, 383])
  miRNA functional: torch.Size([495, 495])
  Disease-gene: torch.Size([383, 383])
  miRNA-sequence: torch.Size([495, 495])
🧬 Building miRNA dual-view hypergraphs...
  📊 miRNA View 1 (Sequence): torch.Size([495, 878])
  📊 miRNA View 2 (Function): torch.Size([495, 878])
🦠 Building disease dual-view hypergraphs...
  📊 Disease View 1 (Gene): torch.Size([383, 878])
  📊 Disease View 2 (Semantic): torch.Size([383, 878])
✅ Successfully built TRUE DUAL VIEWS:
   🧬 miRNA: Sequence Features (m_ss.xlsx) vs Functional Similarity (mi_fun_sim_2.0.csv)
   🦠 Disease: Gene Features (d_gs.xlsx) vs Semantic Similarity (dis_sem_sim_2.0.csv)

🔧 Epoch 1 梯度检查:
================================================================================

  参数名称                              梯度范数         梯度均值 状态             
  ----------------------------------------------------------------------
  type_relations                0.073341     0.002103 ✅ 正常           
  exist_relation                0.131699     0.007924 ✅ 正常           
  mi_proj_layer0                0.451372     0.001155 ✅ 正常           
  dis_proj_layer0               0.297464     0.000928 ✅ 正常           
================================================================================

Epoch 1, Total Loss: 20.2113, Recover Loss: 1.0455, miRNA CL: 8.9635, Disease CL: 8.4316, Inter-view (est): 4.0142, Recon Loss: 1.4724, Time: 0.58s
[INFO] Hypergraph updated at epoch 5
[INFO] Hypergraph updated at epoch 10
[INFO] Hypergraph updated at epoch 15
[INFO] Hypergraph updated at epoch 20
[INFO] Hypergraph updated at epoch 25
[INFO] Hypergraph updated at epoch 30
[INFO] Hypergraph updated at epoch 35
[INFO] Hypergraph updated at epoch 40
[INFO] Hypergraph updated at epoch 45
[INFO] Hypergraph updated at epoch 50

🔧 Epoch 50 梯度检查:
================================================================================

  参数名称                              梯度范数         梯度均值 状态             
  ----------------------------------------------------------------------
  type_relations                0.125657     0.002944 ✅ 正常           
  exist_relation                0.015326     0.000722 ✅ 正常           
  mi_proj_layer0                0.031757     0.000107 ✅ 正常           
  dis_proj_layer0               0.024558     0.000087 ✅ 正常           
================================================================================

Epoch 50, Total Loss: 17.0075, Recover Loss: 0.9930, miRNA CL: 7.9675, Disease CL: 7.7184, Inter-view (est): 3.6198, Recon Loss: 0.0581, Time: 30.74s
[INFO] Hypergraph updated at epoch 100

🔧 Epoch 100 梯度检查:
================================================================================

  参数名称                              梯度范数         梯度均值 状态             
  ----------------------------------------------------------------------
  type_relations                0.218310     0.004434 ✅ 正常           
  exist_relation                0.022209     0.000796 ✅ 正常           
  mi_proj_layer0                0.053122     0.000175 ✅ 正常           
  dis_proj_layer0               0.040258     0.000125 ✅ 正常           
================================================================================

Epoch 100, Total Loss: 15.8952, Recover Loss: 0.9456, miRNA CL: 7.6673, Disease CL: 7.0104, Inter-view (est): 3.3872, Recon Loss: 0.0303, Time: 61.49s
[INFO] Hypergraph updated at epoch 150

🔧 Epoch 150 梯度检查:
================================================================================

  参数名称                              梯度范数         梯度均值 状态             
  ----------------------------------------------------------------------
  type_relations                0.233693     0.004609 ✅ 正常           
  exist_relation                0.029211     0.000959 ✅ 正常           
  mi_proj_layer0                0.060147     0.000190 ✅ 正常           
  dis_proj_layer0               0.049391     0.000155 ✅ 正常           
================================================================================

Epoch 150, Total Loss: 15.1090, Recover Loss: 0.9059, miRNA CL: 7.3840, Disease CL: 6.5666, Inter-view (est): 3.2194, Recon Loss: 0.0300, Time: 92.52s
[INFO] Hypergraph updated at epoch 200

🔧 Epoch 200 梯度检查:
================================================================================

  参数名称                              梯度范数         梯度均值 状态             
  ----------------------------------------------------------------------
  type_relations                0.196448     0.004335 ✅ 正常           
  exist_relation                0.023725     0.000977 ✅ 正常           
  mi_proj_layer0                0.061460     0.000203 ✅ 正常           
  dis_proj_layer0               0.050816     0.000170 ✅ 正常           
================================================================================

Epoch 200, Total Loss: 14.5918, Recover Loss: 0.8709, miRNA CL: 7.1136, Disease CL: 6.3697, Inter-view (est): 3.1115, Recon Loss: 0.0285, Time: 122.88s
[INFO] Hypergraph updated at epoch 250

🔧 Epoch 250 梯度检查:
================================================================================

  参数名称                              梯度范数         梯度均值 状态             
  ----------------------------------------------------------------------
  type_relations                0.196128     0.004487 ✅ 正常           
  exist_relation                0.020289     0.000820 ✅ 正常           
  mi_proj_layer0                0.075441     0.000245 ✅ 正常           
  dis_proj_layer0               0.080714     0.000269 ✅ 正常           
================================================================================

Epoch 250, Total Loss: 14.3346, Recover Loss: 0.8424, miRNA CL: 6.9677, Disease CL: 6.2974, Inter-view (est): 3.0612, Recon Loss: 0.0280, Time: 152.92s
[INFO] Hypergraph updated at epoch 300

🔧 Epoch 300 梯度检查:
================================================================================

  参数名称                              梯度范数         梯度均值 状态             
  ----------------------------------------------------------------------
  type_relations                0.163313     0.003744 ✅ 正常           
  exist_relation                0.018615     0.000828 ✅ 正常           
  mi_proj_layer0                0.070818     0.000230 ✅ 正常           
  dis_proj_layer0               0.070427     0.000229 ✅ 正常           
================================================================================

Epoch 300, Total Loss: 14.1317, Recover Loss: 0.8087, miRNA CL: 6.8553, Disease CL: 6.2491, Inter-view (est): 3.0241, Recon Loss: 0.0270, Time: 183.32s
[INFO] Hypergraph updated at epoch 350

🔧 Epoch 350 梯度检查:
================================================================================

  参数名称                              梯度范数         梯度均值 状态             
  ----------------------------------------------------------------------
  type_relations                0.153319     0.003568 ✅ 正常           
  exist_relation                0.013648     0.000639 ✅ 正常           
  mi_proj_layer0                0.080649     0.000268 ✅ 正常           
  dis_proj_layer0               0.072574     0.000244 ✅ 正常           
================================================================================

Epoch 350, Total Loss: 13.9727, Recover Loss: 0.7882, miRNA CL: 6.7547, Disease CL: 6.2166, Inter-view (est): 2.9934, Recon Loss: 0.0264, Time: 213.48s
[INFO] Hypergraph updated at epoch 400

🔧 Epoch 400 梯度检查:
================================================================================

  参数名称                              梯度范数         梯度均值 状态             
  ----------------------------------------------------------------------
  type_relations                0.150617     0.003596 ✅ 正常           
  exist_relation                0.017287     0.000715 ✅ 正常           
  mi_proj_layer0                0.089332     0.000267 ✅ 正常           
  dis_proj_layer0               0.072535     0.000245 ✅ 正常           
================================================================================

Epoch 400, Total Loss: 13.8777, Recover Loss: 0.7876, miRNA CL: 6.6831, Disease CL: 6.1968, Inter-view (est): 2.9723, Recon Loss: 0.0261, Time: 243.92s
[INFO] Hypergraph updated at epoch 450

🔧 Epoch 450 梯度检查:
================================================================================

  参数名称                              梯度范数         梯度均值 状态             
  ----------------------------------------------------------------------
  type_relations                0.146280     0.003569 ✅ 正常           
  exist_relation                0.013333     0.000580 ✅ 正常           
  mi_proj_layer0                0.078327     0.000255 ✅ 正常           
  dis_proj_layer0               0.071100     0.000245 ✅ 正常           
================================================================================

Epoch 450, Total Loss: 13.8274, Recover Loss: 0.7770, miRNA CL: 6.6578, Disease CL: 6.1842, Inter-view (est): 2.9636, Recon Loss: 0.0261, Time: 273.98s
[INFO] Hypergraph updated at epoch 500

🔧 Epoch 500 梯度检查:
================================================================================

  参数名称                              梯度范数         梯度均值 状态             
  ----------------------------------------------------------------------
  type_relations                0.137640     0.003351 ✅ 正常           
  exist_relation                0.016011     0.000640 ✅ 正常           
  mi_proj_layer0                0.087794     0.000271 ✅ 正常           
  dis_proj_layer0               0.085370     0.000268 ✅ 正常           
================================================================================

Epoch 500, Total Loss: 13.7862, Recover Loss: 0.7706, miRNA CL: 6.6349, Disease CL: 6.1740, Inter-view (est): 2.9559, Recon Loss: 0.0259, Time: 304.03s
[INFO] Hypergraph updated at epoch 550

🔧 Epoch 550 梯度检查:
================================================================================

  参数名称                              梯度范数         梯度均值 状态             
  ----------------------------------------------------------------------
  type_relations                0.141927     0.003464 ✅ 正常           
  exist_relation                0.017128     0.000722 ✅ 正常           
  mi_proj_layer0                0.082553     0.000257 ✅ 正常           
  dis_proj_layer0               0.073665     0.000247 ✅ 正常           
================================================================================

Epoch 550, Total Loss: 13.7607, Recover Loss: 0.7675, miRNA CL: 6.6227, Disease CL: 6.1653, Inter-view (est): 2.9511, Recon Loss: 0.0258, Time: 334.73s
[INFO] Hypergraph updated at epoch 600

🔧 Epoch 600 梯度检查:
================================================================================

  参数名称                              梯度范数         梯度均值 状态             
  ----------------------------------------------------------------------
  type_relations                0.132038     0.003201 ✅ 正常           
  exist_relation                0.012632     0.000619 ✅ 正常           
  mi_proj_layer0                0.074818     0.000237 ✅ 正常           
  dis_proj_layer0               0.079306     0.000256 ✅ 正常           
================================================================================

Epoch 600, Total Loss: 13.7443, Recover Loss: 0.7589, miRNA CL: 6.6244, Disease CL: 6.1571, Inter-view (est): 2.9496, Recon Loss: 0.0258, Time: 365.27s
[INFO] Hypergraph updated at epoch 650

🔧 Epoch 650 梯度检查:
================================================================================

  参数名称                              梯度范数         梯度均值 状态             
  ----------------------------------------------------------------------
  type_relations                0.115893     0.002913 ✅ 正常           
  exist_relation                0.011165     0.000521 ✅ 正常           
  mi_proj_layer0                0.097772     0.000289 ✅ 正常           
  dis_proj_layer0               0.071102     0.000238 ✅ 正常           
================================================================================

Epoch 650, Total Loss: 13.6949, Recover Loss: 0.7509, miRNA CL: 6.5953, Disease CL: 6.1472, Inter-view (est): 2.9406, Recon Loss: 0.0249, Time: 395.68s

================================================================================
Training completed. Running final test...
================================================================================
Fold 3 completed - AUC: 0.9724, Top-1 F1: 0.6543
Fold 3 training time: 396.40 seconds
=== Cross Validation Fold 4/5 ===
Using hidden dimensions: [256, 256] with 4 attention heads
[ABLATION] Running with mode = no_hgt
优化模型初始化: miRNA数量 = 495, 疾病数量 = 383
   节点维度: 256 → 128
   类型数量: 4
   Temperature: 2.0 (可学习)
   Loss mode: two_head
   loss_mode=two_head
   exist_weight=0.300, type_weight=0.700

✅ SimplifiedMultiTypeAssociationLoss 初始化 (改进版)
   类别权重 (beta=0.99999): ['0.780', '1.822', '0.977', '0.421']
Original positive index shape: torch.Size([1072, 2])
Original negative index shape: torch.Size([135416, 2])
采样后负样本数量: 10720
🎯 Building TRUE DUAL VIEWS from four different sources...
📊 Data sources loaded:
  Disease semantic: torch.Size([383, 383])
  miRNA functional: torch.Size([495, 495])
  Disease-gene: torch.Size([383, 383])
  miRNA-sequence: torch.Size([495, 495])
🧬 Building miRNA dual-view hypergraphs...
  📊 miRNA View 1 (Sequence): torch.Size([495, 878])
  📊 miRNA View 2 (Function): torch.Size([495, 878])
🦠 Building disease dual-view hypergraphs...
  📊 Disease View 1 (Gene): torch.Size([383, 878])
  📊 Disease View 2 (Semantic): torch.Size([383, 878])
✅ Successfully built TRUE DUAL VIEWS:
   🧬 miRNA: Sequence Features (m_ss.xlsx) vs Functional Similarity (mi_fun_sim_2.0.csv)
   🦠 Disease: Gene Features (d_gs.xlsx) vs Semantic Similarity (dis_sem_sim_2.0.csv)

🔧 Epoch 1 梯度检查:
================================================================================

  参数名称                              梯度范数         梯度均值 状态             
  ----------------------------------------------------------------------
  type_relations                0.064532     0.001940 ✅ 正常           
  exist_relation                1.033659     0.064212 ✅ 正常           
  mi_proj_layer0                3.574430     0.011071 ✅ 正常           
  dis_proj_layer0               2.240945     0.007321 ✅ 正常           
================================================================================

Epoch 1, Total Loss: 20.2885, Recover Loss: 1.2092, miRNA CL: 8.8358, Disease CL: 8.4539, Inter-view (est): 3.9899, Recon Loss: 1.4914, Time: 0.56s
[INFO] Hypergraph updated at epoch 5
[INFO] Hypergraph updated at epoch 10
[INFO] Hypergraph updated at epoch 15
[INFO] Hypergraph updated at epoch 20
[INFO] Hypergraph updated at epoch 25
[INFO] Hypergraph updated at epoch 30
[INFO] Hypergraph updated at epoch 35
[INFO] Hypergraph updated at epoch 40
[INFO] Hypergraph updated at epoch 45
[INFO] Hypergraph updated at epoch 50

🔧 Epoch 50 梯度检查:
================================================================================

  参数名称                              梯度范数         梯度均值 状态             
  ----------------------------------------------------------------------
  type_relations                0.085243     0.002279 ✅ 正常           
  exist_relation                0.008985     0.000553 ✅ 正常           
  mi_proj_layer0                0.024960     0.000093 ✅ 正常           
  dis_proj_layer0               0.023403     0.000087 ✅ 正常           
================================================================================

Epoch 50, Total Loss: 17.0031, Recover Loss: 1.0005, miRNA CL: 7.9531, Disease CL: 7.7005, Inter-view (est): 3.6124, Recon Loss: 0.0785, Time: 30.12s
[INFO] Hypergraph updated at epoch 100

🔧 Epoch 100 梯度检查:
================================================================================

  参数名称                              梯度范数         梯度均值 状态             
  ----------------------------------------------------------------------
  type_relations                0.197899     0.004053 ✅ 正常           
  exist_relation                0.016979     0.000617 ✅ 正常           
  mi_proj_layer0                0.046706     0.000157 ✅ 正常           
  dis_proj_layer0               0.040187     0.000134 ✅ 正常           
================================================================================

Epoch 100, Total Loss: 15.8585, Recover Loss: 0.9601, miRNA CL: 7.6588, Disease CL: 6.9677, Inter-view (est): 3.3753, Recon Loss: 0.0305, Time: 60.75s
[INFO] Hypergraph updated at epoch 150

🔧 Epoch 150 梯度检查:
================================================================================

  参数名称                              梯度范数         梯度均值 状态             
  ----------------------------------------------------------------------
  type_relations                0.201998     0.004060 ✅ 正常           
  exist_relation                0.020742     0.000715 ✅ 正常           
  mi_proj_layer0                0.041733     0.000150 ✅ 正常           
  dis_proj_layer0               0.050473     0.000168 ✅ 正常           
================================================================================

Epoch 150, Total Loss: 15.0400, Recover Loss: 0.9166, miRNA CL: 7.2996, Disease CL: 6.5718, Inter-view (est): 3.2011, Recon Loss: 0.0297, Time: 91.13s
[INFO] Hypergraph updated at epoch 200

🔧 Epoch 200 梯度检查:
================================================================================

  参数名称                              梯度范数         梯度均值 状态             
  ----------------------------------------------------------------------
  type_relations                0.195133     0.004123 ✅ 正常           
  exist_relation                0.017079     0.000688 ✅ 正常           
  mi_proj_layer0                0.049633     0.000177 ✅ 正常           
  dis_proj_layer0               0.067689     0.000213 ✅ 正常           
================================================================================

Epoch 200, Total Loss: 14.5970, Recover Loss: 0.8789, miRNA CL: 7.0938, Disease CL: 6.3870, Inter-view (est): 3.1109, Recon Loss: 0.0292, Time: 121.68s
[INFO] Hypergraph updated at epoch 250

🔧 Epoch 250 梯度检查:
================================================================================

  参数名称                              梯度范数         梯度均值 状态             
  ----------------------------------------------------------------------
  type_relations                0.189246     0.003879 ✅ 正常           
  exist_relation                0.015679     0.000592 ✅ 正常           
  mi_proj_layer0                0.057267     0.000183 ✅ 正常           
  dis_proj_layer0               0.075916     0.000231 ✅ 正常           
================================================================================

Epoch 250, Total Loss: 14.3544, Recover Loss: 0.8456, miRNA CL: 6.9832, Disease CL: 6.2991, Inter-view (est): 3.0652, Recon Loss: 0.0280, Time: 152.29s
[INFO] Hypergraph updated at epoch 300

🔧 Epoch 300 梯度检查:
================================================================================

  参数名称                              梯度范数         梯度均值 状态             
  ----------------------------------------------------------------------
  type_relations                0.155919     0.003323 ✅ 正常           
  exist_relation                0.018850     0.000689 ✅ 正常           
  mi_proj_layer0                0.060609     0.000186 ✅ 正常           
  dis_proj_layer0               0.076833     0.000226 ✅ 正常           
================================================================================

Epoch 300, Total Loss: 14.2002, Recover Loss: 0.8283, miRNA CL: 6.8976, Disease CL: 6.2543, Inter-view (est): 3.0351, Recon Loss: 0.0270, Time: 182.50s
[INFO] Hypergraph updated at epoch 350

🔧 Epoch 350 梯度检查:
================================================================================

  参数名称                              梯度范数         梯度均值 状态             
  ----------------------------------------------------------------------
  type_relations                0.155149     0.003314 ✅ 正常           
  exist_relation                0.018412     0.000697 ✅ 正常           
  mi_proj_layer0                0.054748     0.000175 ✅ 正常           
  dis_proj_layer0               0.061850     0.000204 ✅ 正常           
================================================================================

Epoch 350, Total Loss: 14.0982, Recover Loss: 0.8142, miRNA CL: 6.8355, Disease CL: 6.2315, Inter-view (est): 3.0154, Recon Loss: 0.0273, Time: 212.89s
[INFO] Hypergraph updated at epoch 400

🔧 Epoch 400 梯度检查:
================================================================================

  参数名称                              梯度范数         梯度均值 状态             
  ----------------------------------------------------------------------
  type_relations                0.149869     0.003238 ✅ 正常           
  exist_relation                0.019432     0.000638 ✅ 正常           
  mi_proj_layer0                0.054934     0.000178 ✅ 正常           
  dis_proj_layer0               0.073435     0.000237 ✅ 正常           
================================================================================

Epoch 400, Total Loss: 14.0201, Recover Loss: 0.8091, miRNA CL: 6.7807, Disease CL: 6.2160, Inter-view (est): 2.9992, Recon Loss: 0.0269, Time: 243.57s
[INFO] Hypergraph updated at epoch 450

🔧 Epoch 450 梯度检查:
================================================================================

  参数名称                              梯度范数         梯度均值 状态             
  ----------------------------------------------------------------------
  type_relations                0.138261     0.003026 ✅ 正常           
  exist_relation                0.021797     0.000760 ✅ 正常           
  mi_proj_layer0                0.058965     0.000186 ✅ 正常           
  dis_proj_layer0               0.066997     0.000219 ✅ 正常           
================================================================================

Epoch 450, Total Loss: 13.9502, Recover Loss: 0.8000, miRNA CL: 6.7350, Disease CL: 6.2028, Inter-view (est): 2.9856, Recon Loss: 0.0270, Time: 274.75s
[INFO] Hypergraph updated at epoch 500

🔧 Epoch 500 梯度检查:
================================================================================

  参数名称                              梯度范数         梯度均值 状态             
  ----------------------------------------------------------------------
  type_relations                0.144201     0.003159 ✅ 正常           
  exist_relation                0.017145     0.000574 ✅ 正常           
  mi_proj_layer0                0.061483     0.000195 ✅ 正常           
  dis_proj_layer0               0.071966     0.000228 ✅ 正常           
================================================================================

Epoch 500, Total Loss: 13.9038, Recover Loss: 0.7972, miRNA CL: 6.7037, Disease CL: 6.1914, Inter-view (est): 2.9758, Recon Loss: 0.0277, Time: 305.43s
[INFO] Hypergraph updated at epoch 550

🔧 Epoch 550 梯度检查:
================================================================================

  参数名称                              梯度范数         梯度均值 状态             
  ----------------------------------------------------------------------
  type_relations                0.137850     0.003002 ✅ 正常           
  exist_relation                0.014421     0.000578 ✅ 正常           
  mi_proj_layer0                0.052827     0.000182 ✅ 正常           
  dis_proj_layer0               0.083353     0.000241 ✅ 正常           
================================================================================

Epoch 550, Total Loss: 13.8795, Recover Loss: 0.7851, miRNA CL: 6.7021, Disease CL: 6.1828, Inter-view (est): 2.9735, Recon Loss: 0.0268, Time: 335.68s
[INFO] Hypergraph updated at epoch 600

🔧 Epoch 600 梯度检查:
================================================================================

  参数名称                              梯度范数         梯度均值 状态             
  ----------------------------------------------------------------------
  type_relations                0.136637     0.002997 ✅ 正常           
  exist_relation                0.018422     0.000632 ✅ 正常           
  mi_proj_layer0                0.062396     0.000197 ✅ 正常           
  dis_proj_layer0               0.065060     0.000220 ✅ 正常           
================================================================================

Epoch 600, Total Loss: 13.8321, Recover Loss: 0.7801, miRNA CL: 6.6697, Disease CL: 6.1748, Inter-view (est): 2.9641, Recon Loss: 0.0261, Time: 366.15s
[INFO] Hypergraph updated at epoch 650

🔧 Epoch 650 梯度检查:
================================================================================

  参数名称                              梯度范数         梯度均值 状态             
  ----------------------------------------------------------------------
  type_relations                0.124300     0.002819 ✅ 正常           
  exist_relation                0.014840     0.000576 ✅ 正常           
  mi_proj_layer0                0.066889     0.000206 ✅ 正常           
  dis_proj_layer0               0.081180     0.000242 ✅ 正常           
================================================================================

Epoch 650, Total Loss: 13.8064, Recover Loss: 0.7784, miRNA CL: 6.6547, Disease CL: 6.1669, Inter-view (est): 2.9588, Recon Loss: 0.0262, Time: 397.26s

================================================================================
Training completed. Running final test...
================================================================================
Fold 4 completed - AUC: 0.9704, Top-1 F1: 0.6155
Fold 4 training time: 397.99 seconds
=== Cross Validation Fold 5/5 ===
Using hidden dimensions: [256, 256] with 4 attention heads
[ABLATION] Running with mode = no_hgt
优化模型初始化: miRNA数量 = 495, 疾病数量 = 383
   节点维度: 256 → 128
   类型数量: 4
   Temperature: 2.0 (可学习)
   Loss mode: two_head
   loss_mode=two_head
   exist_weight=0.300, type_weight=0.700

✅ SimplifiedMultiTypeAssociationLoss 初始化 (改进版)
   类别权重 (beta=0.99999): ['0.780', '1.822', '0.977', '0.421']
Original positive index shape: torch.Size([1072, 2])
Original negative index shape: torch.Size([135416, 2])
采样后负样本数量: 10720
🎯 Building TRUE DUAL VIEWS from four different sources...
📊 Data sources loaded:
  Disease semantic: torch.Size([383, 383])
  miRNA functional: torch.Size([495, 495])
  Disease-gene: torch.Size([383, 383])
  miRNA-sequence: torch.Size([495, 495])
🧬 Building miRNA dual-view hypergraphs...
  📊 miRNA View 1 (Sequence): torch.Size([495, 878])
  📊 miRNA View 2 (Function): torch.Size([495, 878])
🦠 Building disease dual-view hypergraphs...
  📊 Disease View 1 (Gene): torch.Size([383, 878])
  📊 Disease View 2 (Semantic): torch.Size([383, 878])
✅ Successfully built TRUE DUAL VIEWS:
   🧬 miRNA: Sequence Features (m_ss.xlsx) vs Functional Similarity (mi_fun_sim_2.0.csv)
   🦠 Disease: Gene Features (d_gs.xlsx) vs Semantic Similarity (dis_sem_sim_2.0.csv)

🔧 Epoch 1 梯度检查:
================================================================================

  参数名称                              梯度范数         梯度均值 状态             
  ----------------------------------------------------------------------
  type_relations                0.079512     0.002269 ✅ 正常           
  exist_relation                0.173919     0.009671 ✅ 正常           
  mi_proj_layer0                0.360924     0.001158 ✅ 正常           
  dis_proj_layer0               0.419106     0.001194 ✅ 正常           
================================================================================

Epoch 1, Total Loss: 20.2044, Recover Loss: 1.0601, miRNA CL: 8.9073, Disease CL: 8.4260, Inter-view (est): 4.0000, Recon Loss: 1.5129, Time: 0.63s
[INFO] Hypergraph updated at epoch 5
[INFO] Hypergraph updated at epoch 10
[INFO] Hypergraph updated at epoch 15
[INFO] Hypergraph updated at epoch 20
[INFO] Hypergraph updated at epoch 25
[INFO] Hypergraph updated at epoch 30
[INFO] Hypergraph updated at epoch 35
[INFO] Hypergraph updated at epoch 40
[INFO] Hypergraph updated at epoch 45
[INFO] Hypergraph updated at epoch 50

🔧 Epoch 50 梯度检查:
================================================================================

  参数名称                              梯度范数         梯度均值 状态             
  ----------------------------------------------------------------------
  type_relations                0.138304     0.002782 ✅ 正常           
  exist_relation                0.011854     0.000565 ✅ 正常           
  mi_proj_layer0                0.032287     0.000110 ✅ 正常           
  dis_proj_layer0               0.024335     0.000090 ✅ 正常           
================================================================================

Epoch 50, Total Loss: 17.0382, Recover Loss: 0.9927, miRNA CL: 7.9679, Disease CL: 7.6911, Inter-view (est): 3.6136, Recon Loss: 0.1152, Time: 30.51s
[INFO] Hypergraph updated at epoch 100

🔧 Epoch 100 梯度检查:
================================================================================

  参数名称                              梯度范数         梯度均值 状态             
  ----------------------------------------------------------------------
  type_relations                0.241721     0.004284 ✅ 正常           
  exist_relation                0.025059     0.000787 ✅ 正常           
  mi_proj_layer0                0.059707     0.000171 ✅ 正常           
  dis_proj_layer0               0.055773     0.000150 ✅ 正常           
================================================================================

Epoch 100, Total Loss: 15.8991, Recover Loss: 0.9471, miRNA CL: 7.6535, Disease CL: 7.0251, Inter-view (est): 3.3874, Recon Loss: 0.0316, Time: 60.48s
[INFO] Hypergraph updated at epoch 150

🔧 Epoch 150 梯度检查:
================================================================================

  参数名称                              梯度范数         梯度均值 状态             
  ----------------------------------------------------------------------
  type_relations                0.234992     0.004405 ✅ 正常           
  exist_relation                0.025198     0.000828 ✅ 正常           
  mi_proj_layer0                0.062445     0.000198 ✅ 正常           
  dis_proj_layer0               0.058198     0.000180 ✅ 正常           
================================================================================

Epoch 150, Total Loss: 15.0843, Recover Loss: 0.9065, miRNA CL: 7.3080, Disease CL: 6.6182, Inter-view (est): 3.2137, Recon Loss: 0.0298, Time: 91.46s
[INFO] Hypergraph updated at epoch 200

🔧 Epoch 200 梯度检查:
================================================================================

  参数名称                              梯度范数         梯度均值 状态             
  ----------------------------------------------------------------------
  type_relations                0.214092     0.004135 ✅ 正常           
  exist_relation                0.022778     0.000733 ✅ 正常           
  mi_proj_layer0                0.061729     0.000190 ✅ 正常           
  dis_proj_layer0               0.061603     0.000179 ✅ 正常           
================================================================================

Epoch 200, Total Loss: 14.6272, Recover Loss: 0.8712, miRNA CL: 7.1060, Disease CL: 6.4117, Inter-view (est): 3.1195, Recon Loss: 0.0289, Time: 121.97s
[INFO] Hypergraph updated at epoch 250

🔧 Epoch 250 梯度检查:
================================================================================

  参数名称                              梯度范数         梯度均值 状态             
  ----------------------------------------------------------------------
  type_relations                0.191120     0.003898 ✅ 正常           
  exist_relation                0.018391     0.000724 ✅ 正常           
  mi_proj_layer0                0.063732     0.000204 ✅ 正常           
  dis_proj_layer0               0.067317     0.000215 ✅ 正常           
================================================================================

Epoch 250, Total Loss: 14.3951, Recover Loss: 0.8455, miRNA CL: 6.9961, Disease CL: 6.3240, Inter-view (est): 3.0739, Recon Loss: 0.0285, Time: 152.48s
[INFO] Hypergraph updated at epoch 300

🔧 Epoch 300 梯度检查:
================================================================================

  参数名称                              梯度范数         梯度均值 状态             
  ----------------------------------------------------------------------
  type_relations                0.176747     0.003839 ✅ 正常           
  exist_relation                0.014875     0.000622 ✅ 正常           
  mi_proj_layer0                0.091779     0.000263 ✅ 正常           
  dis_proj_layer0               0.089175     0.000252 ✅ 正常           
================================================================================

Epoch 300, Total Loss: 14.2206, Recover Loss: 0.8242, miRNA CL: 6.9015, Disease CL: 6.2730, Inter-view (est): 3.0403, Recon Loss: 0.0275, Time: 182.81s
[INFO] Hypergraph updated at epoch 350

🔧 Epoch 350 梯度检查:
================================================================================

  参数名称                              梯度范数         梯度均值 状态             
  ----------------------------------------------------------------------
  type_relations                0.174402     0.003751 ✅ 正常           
  exist_relation                0.018494     0.000722 ✅ 正常           
  mi_proj_layer0                0.069878     0.000228 ✅ 正常           
  dis_proj_layer0               0.076670     0.000235 ✅ 正常           
================================================================================

Epoch 350, Total Loss: 14.1103, Recover Loss: 0.8027, miRNA CL: 6.8428, Disease CL: 6.2465, Inter-view (est): 3.0206, Recon Loss: 0.0275, Time: 213.15s
[INFO] Hypergraph updated at epoch 400

🔧 Epoch 400 梯度检查:
================================================================================

  参数名称                              梯度范数         梯度均值 状态             
  ----------------------------------------------------------------------
  type_relations                0.181163     0.003939 ✅ 正常           
  exist_relation                0.013276     0.000567 ✅ 正常           
  mi_proj_layer0                0.071913     0.000228 ✅ 正常           
  dis_proj_layer0               0.081126     0.000256 ✅ 正常           
================================================================================

Epoch 400, Total Loss: 14.0324, Recover Loss: 0.7980, miRNA CL: 6.7916, Disease CL: 6.2276, Inter-view (est): 3.0044, Recon Loss: 0.0269, Time: 243.42s
[INFO] Hypergraph updated at epoch 450

🔧 Epoch 450 梯度检查:
================================================================================

  参数名称                              梯度范数         梯度均值 状态             
  ----------------------------------------------------------------------
  type_relations                0.165427     0.003550 ✅ 正常           
  exist_relation                0.023629     0.000897 ✅ 正常           
  mi_proj_layer0                0.068810     0.000226 ✅ 正常           
  dis_proj_layer0               0.093491     0.000303 ✅ 正常           
================================================================================

Epoch 450, Total Loss: 13.9547, Recover Loss: 0.7854, miRNA CL: 6.7456, Disease CL: 6.2108, Inter-view (est): 2.9899, Recon Loss: 0.0268, Time: 274.12s
[INFO] Hypergraph updated at epoch 500

🔧 Epoch 500 梯度检查:
================================================================================

  参数名称                              梯度范数         梯度均值 状态             
  ----------------------------------------------------------------------
  type_relations                0.155624     0.003478 ✅ 正常           
  exist_relation                0.019196     0.000714 ✅ 正常           
  mi_proj_layer0                0.071531     0.000238 ✅ 正常           
  dis_proj_layer0               0.078369     0.000250 ✅ 正常           
================================================================================

Epoch 500, Total Loss: 13.8945, Recover Loss: 0.7770, miRNA CL: 6.7115, Disease CL: 6.1957, Inter-view (est): 2.9786, Recon Loss: 0.0261, Time: 304.62s
[INFO] Hypergraph updated at epoch 550

🔧 Epoch 550 梯度检查:
================================================================================

  参数名称                              梯度范数         梯度均值 状态             
  ----------------------------------------------------------------------
  type_relations                0.162750     0.003646 ✅ 正常           
  exist_relation                0.014631     0.000549 ✅ 正常           
  mi_proj_layer0                0.077140     0.000242 ✅ 正常           
  dis_proj_layer0               0.109751     0.000322 ✅ 正常           
================================================================================

Epoch 550, Total Loss: 13.8470, Recover Loss: 0.7719, miRNA CL: 6.6841, Disease CL: 6.1817, Inter-view (est): 2.9690, Recon Loss: 0.0268, Time: 335.39s
[INFO] Hypergraph updated at epoch 600

🔧 Epoch 600 梯度检查:
================================================================================

  参数名称                              梯度范数         梯度均值 状态             
  ----------------------------------------------------------------------
  type_relations                0.145657     0.003257 ✅ 正常           
  exist_relation                0.021598     0.000930 ✅ 正常           
  mi_proj_layer0                0.087172     0.000269 ✅ 正常           
  dis_proj_layer0               0.100687     0.000313 ✅ 正常           
================================================================================

Epoch 600, Total Loss: 13.8039, Recover Loss: 0.7581, miRNA CL: 6.6697, Disease CL: 6.1688, Inter-view (est): 2.9627, Recon Loss: 0.0264, Time: 365.58s
[INFO] Hypergraph updated at epoch 650

🔧 Epoch 650 梯度检查:
================================================================================

  参数名称                              梯度范数         梯度均值 状态             
  ----------------------------------------------------------------------
  type_relations                0.137754     0.002994 ✅ 正常           
  exist_relation                0.015604     0.000711 ✅ 正常           
  mi_proj_layer0                0.105790     0.000321 ✅ 正常           
  dis_proj_layer0               0.085864     0.000279 ✅ 正常           
================================================================================

Epoch 650, Total Loss: 13.7652, Recover Loss: 0.7426, miRNA CL: 6.6587, Disease CL: 6.1576, Inter-view (est): 2.9576, Recon Loss: 0.0268, Time: 396.42s

================================================================================
Training completed. Running final test...
================================================================================
Fold 5 completed - AUC: 0.9715, Top-1 F1: 0.6535
Fold 5 training time: 397.17 seconds
Average binary metrics across folds: [[0.97287982 0.97349979 0.92834345 0.92813433 0.93208955 0.9241791
  0.92554528]]
🎯 Average Top-1 metrics across folds: {'top1_precision': 0.6276119402985074, 'top1_recall': np.float64(0.6668344049673534), 'top1_f1': np.float64(0.6465650876085668)}

📊 CV_type Style Metrics Details:
  AUC            : 0.9729
  AUPR           : 0.9735
  F1             : 0.9283
  Accuracy       : 0.9281
  Recall         : 0.9321
  Specificity    : 0.9242
  Precision      : 0.9255

🎯 Top-1 Metrics Details:
  top1_precision : 0.6276
  top1_recall    : 0.6668
  top1_f1        : 0.6466

Total execution time: 1985.39 seconds

==========================================================================================
🎯 FINAL COMPREHENSIVE RESULTS WITH TOP-1 METRICS
==========================================================================================
📊 Binary Classification Metrics (Original):
  AUC: 0.9729
  AUPR: 0.9735
  F1: 0.9283
  Accuracy: 0.9281
  Recall: 0.9321
  Specificity: 0.9242
  Precision: 0.9255

🎯 CV_type Style Metrics (Enhanced):
  AUC: 0.9729
  AUPR: 0.9735
  F1: 0.9283
  Accuracy: 0.9281
  Recall: 0.9321
  Specificity: 0.9242
  Precision: 0.9255

🏆 Top-1 Metrics (NEW):
  Top-1 Precision: 0.6276
  Top-1 Recall: 0.6668
  Top-1 F1: 0.6466
==========================================================================================

[5/5] ablation=no_dv (seed=1, K=7)
----------------------------------------------------------------
[CPU] torch.set_num_threads(14), interop=min(4, 14)
Using device: cpu
[INFO] Auto-computed BALANCED class weights (to prevent class collapse):
  Circulation  (367 samples): 0.780
  Epigenetics  (157 samples): 1.823
  Target       (293 samples): 0.977
  Genetics     (681 samples): 0.420
  [NOTE] Higher weights for minority classes to prevent model from only predicting majority class
[INFO] Using v2.0_495m383D dataset:
  miRNAs: 495
  Diseases: 383
  Expected associations: ~1498
  Types: 4 (Circulation, Epigenetics, Target, Genetics)

================================================================================
Configuration Summary
================================================================================
Dataset: v2.0_495m383D
Data Path: ./
Model: HeterogenousGraphCLAMIR
  - HGT Layers: 2
  - Attention Heads: 4
  - Association Types: 4
  - Inter-view CL: Enabled
    - Weight: 0.3
    - Temperature: 0.5
    - Margin: 0.5

Training:
  - Epochs: 650
  - Learning Rate: 0.0001
  - Dropout: 0.3
  - Weight Decay: 5e-05
  - Focal Loss: Enabled

Evaluation:
  - Cross-Validation Folds: 5
  - Primary Metric: AUPR

Device: cpu
Random Seed: 1
================================================================================

[SEED] Re-seeded với args.seed = 1
🚀 Running with comprehensive evaluation including Top-1 metrics...
🎯 Loading dual-view data...
Starting dual-view data preparation with new file format...
Loading all similarity and feature files from v2.0_495m383D...
✅ Loaded disease semantic similarity from D_SSM1.txt: (383, 383)
✅ Loaded miRNA functional similarity from M_FSM.txt: (495, 495)
✅ Loaded multi-type association pairs from ./v2.0_495m383D\multi_all_mirna_disease_pairs_without_negative.csv: (1679, 3)
✅ Created multi-type association matrix: (495, 383)
📊 Multi-type Association Statistics:
   无关联 (No association): 188087 pairs (99.21%)
   循环类型 (Circulation): 367 pairs (0.19%)
   表观遗传学 (Epigenetics): 157 pairs (0.08%)
   靶标类型 (Target): 293 pairs (0.15%)
   遗传学类型 (Genetics): 681 pairs (0.36%)
✅ Created association matrix from CSV: (495, 383)
✅ Loaded disease-gene features from D_SSM2.txt: torch.Size([383, 383])
✅ Loaded miRNA-sequence features from M_GSM.txt: torch.Size([495, 495])
Processing integrated similarity matrices...
Loaded similarity matrices from cache
Processing indices...
Loaded indices from cache (seed=1)
✅ Dual-view data preparation completed in 0.39 seconds

============================================================
🎯 DUAL-VIEW CONFIGURATION SUMMARY (v2.0_495m383D)
============================================================
miRNA Dual Views:
  📊 View 1 (Sequence): M_GSM.txt torch.Size([495, 495])
  📊 View 2 (Function): M_FSM.txt torch.Size([495, 495])

Disease Dual Views:
  📊 View 1 (Gene): D_SSM2.txt torch.Size([383, 383])
  📊 View 2 (Semantic): D_SSM1.txt torch.Size([383, 383])

Association Matrix: torch.Size([495, 383])
Data source: v2.0_495m383D (495 miRNAs × 383 Diseases)
============================================================
Preloading dual-view data to device...
✅ Loaded disease-gene features to device: torch.Size([383, 383])
✅ Loaded miRNA-sequence features to device: torch.Size([495, 495])
✅ Loaded disease semantic similarity to device: torch.Size([383, 383])
✅ Loaded miRNA functional similarity to device: torch.Size([495, 495])
✅ Dual-view data preloading completed in 0.00 seconds
OptimizedDataset initialized with 5 folds
Using device: cpu
=== Cross Validation Fold 1/5 ===
Using hidden dimensions: [256, 256] with 4 attention heads
[ABLATION] Running with mode = no_dv
优化模型初始化: miRNA数量 = 495, 疾病数量 = 383
   节点维度: 256 → 128
   类型数量: 4
   Temperature: 2.0 (可学习)
   Loss mode: two_head
   loss_mode=two_head
   exist_weight=0.300, type_weight=0.700

✅ SimplifiedMultiTypeAssociationLoss 初始化 (改进版)
   类别权重 (beta=0.99999): ['0.780', '1.822', '0.977', '0.421']
Original positive index shape: torch.Size([1072, 2])
Original negative index shape: torch.Size([135416, 2])
采样后负样本数量: 10720
🎯 Building TRUE DUAL VIEWS from four different sources...
📊 Data sources loaded:
  Disease semantic: torch.Size([383, 383])
  miRNA functional: torch.Size([495, 495])
  Disease-gene: torch.Size([383, 383])
  miRNA-sequence: torch.Size([495, 495])
🧬 Building miRNA dual-view hypergraphs...
  📊 miRNA View 1 (Sequence): torch.Size([495, 878])
  📊 miRNA View 2 (Function): torch.Size([495, 878])
🦠 Building disease dual-view hypergraphs...
  📊 Disease View 1 (Gene): torch.Size([383, 878])
  📊 Disease View 2 (Semantic): torch.Size([383, 878])
✅ Successfully built TRUE DUAL VIEWS:
   🧬 miRNA: Sequence Features (m_ss.xlsx) vs Functional Similarity (mi_fun_sim_2.0.csv)
   🦠 Disease: Gene Features (d_gs.xlsx) vs Semantic Similarity (dis_sem_sim_2.0.csv)

🔧 Epoch 1 梯度检查:
================================================================================

  参数名称                              梯度范数         梯度均值 状态             
  ----------------------------------------------------------------------
  type_relations                0.059302     0.001785 ✅ 正常           
  exist_relation                0.198809     0.011711 ✅ 正常           
  mi_proj_layer0                0.694584     0.002024 ✅ 正常           
  dis_proj_layer0               0.823377     0.002524 ✅ 正常           
================================================================================

Epoch 1, Total Loss: 20.2508, Recover Loss: 1.0840, miRNA CL: 8.9423, Disease CL: 8.4639, Inter-view (est): 4.0168, Recon Loss: 1.4625, Time: 0.73s
[INFO] Hypergraph updated at epoch 5
[INFO] Hypergraph updated at epoch 10
[INFO] Hypergraph updated at epoch 15
[INFO] Hypergraph updated at epoch 20
[INFO] Hypergraph updated at epoch 25
[INFO] Hypergraph updated at epoch 30
[INFO] Hypergraph updated at epoch 35
[INFO] Hypergraph updated at epoch 40
[INFO] Hypergraph updated at epoch 45
[INFO] Hypergraph updated at epoch 50

🔧 Epoch 50 梯度检查:
================================================================================

  参数名称                              梯度范数         梯度均值 状态             
  ----------------------------------------------------------------------
  type_relations                0.062001     0.001721 ✅ 正常           
  exist_relation                0.009650     0.000690 ✅ 正常           
  mi_proj_layer0                0.022088     0.000079 ✅ 正常           
  dis_proj_layer0               0.024679     0.000088 ✅ 正常           
================================================================================

Epoch 50, Total Loss: 16.8266, Recover Loss: 1.0097, miRNA CL: 7.7554, Disease CL: 7.6384, Inter-view (est): 3.5524, Recon Loss: 0.1402, Time: 95.23s
[INFO] Hypergraph updated at epoch 100

🔧 Epoch 100 梯度检查:
================================================================================

  参数名称                              梯度范数         梯度均值 状态             
  ----------------------------------------------------------------------
  type_relations                0.142520     0.002699 ✅ 正常           
  exist_relation                0.019407     0.000866 ✅ 正常           
  mi_proj_layer0                0.021674     0.000074 ✅ 正常           
  dis_proj_layer0               0.026927     0.000093 ✅ 正常           
================================================================================

Epoch 100, Total Loss: 15.4985, Recover Loss: 0.9856, miRNA CL: 7.2569, Disease CL: 6.9591, Inter-view (est): 3.2806, Recon Loss: 0.0326, Time: 132.25s
[INFO] Hypergraph updated at epoch 150

🔧 Epoch 150 梯度检查:
================================================================================

  参数名称                              梯度范数         梯度均值 状态             
  ----------------------------------------------------------------------
  type_relations                0.172911     0.002934 ✅ 正常           
  exist_relation                0.016377     0.000696 ✅ 正常           
  mi_proj_layer0                0.022343     0.000075 ✅ 正常           
  dis_proj_layer0               0.022723     0.000078 ✅ 正常           
================================================================================

Epoch 150, Total Loss: 14.7933, Recover Loss: 0.9582, miRNA CL: 6.9419, Disease CL: 6.6088, Inter-view (est): 3.1271, Recon Loss: 0.0303, Time: 167.93s
[INFO] Hypergraph updated at epoch 200

🔧 Epoch 200 梯度检查:
================================================================================

  参数名称                              梯度范数         梯度均值 状态             
  ----------------------------------------------------------------------
  type_relations                0.168932     0.003073 ✅ 正常           
  exist_relation                0.019099     0.000717 ✅ 正常           
  mi_proj_layer0                0.025416     0.000089 ✅ 正常           
  dis_proj_layer0               0.025730     0.000088 ✅ 正常           
================================================================================

Epoch 200, Total Loss: 14.3563, Recover Loss: 0.9334, miRNA CL: 6.7379, Disease CL: 6.4085, Inter-view (est): 3.0338, Recon Loss: 0.0294, Time: 203.51s
[INFO] Hypergraph updated at epoch 250

🔧 Epoch 250 梯度检查:
================================================================================

  参数名称                              梯度范数         梯度均值 状态             
  ----------------------------------------------------------------------
  type_relations                0.173293     0.002806 ✅ 正常           
  exist_relation                0.038909     0.001200 ✅ 正常           
  mi_proj_layer0                0.026096     0.000080 ✅ 正常           
  dis_proj_layer0               0.029553     0.000092 ✅ 正常           
================================================================================

Epoch 250, Total Loss: 14.1503, Recover Loss: 0.9102, miRNA CL: 6.6447, Disease CL: 6.3248, Inter-view (est): 2.9930, Recon Loss: 0.0294, Time: 239.73s
[INFO] Hypergraph updated at epoch 300

🔧 Epoch 300 梯度检查:
================================================================================

  参数名称                              梯度范数         梯度均值 状态             
  ----------------------------------------------------------------------
  type_relations                0.165868     0.002594 ✅ 正常           
  exist_relation                0.025776     0.000847 ✅ 正常           
  mi_proj_layer0                0.023822     0.000073 ✅ 正常           
  dis_proj_layer0               0.027333     0.000083 ✅ 正常           
================================================================================

Epoch 300, Total Loss: 13.9772, Recover Loss: 0.8768, miRNA CL: 6.5789, Disease CL: 6.2565, Inter-view (est): 2.9620, Recon Loss: 0.0290, Time: 275.16s
[INFO] Hypergraph updated at epoch 350

🔧 Epoch 350 梯度检查:
================================================================================

  参数名称                              梯度范数         梯度均值 状态             
  ----------------------------------------------------------------------
  type_relations                0.148995     0.002469 ✅ 正常           
  exist_relation                0.017727     0.000585 ✅ 正常           
  mi_proj_layer0                0.022595     0.000067 ✅ 正常           
  dis_proj_layer0               0.022623     0.000072 ✅ 正常           
================================================================================

Epoch 350, Total Loss: 13.8639, Recover Loss: 0.8538, miRNA CL: 6.5403, Disease CL: 6.2089, Inter-view (est): 2.9421, Recon Loss: 0.0286, Time: 310.71s
[INFO] Hypergraph updated at epoch 400

🔧 Epoch 400 梯度检查:
================================================================================

  参数名称                              梯度范数         梯度均值 状态             
  ----------------------------------------------------------------------
  type_relations                0.138627     0.002339 ✅ 正常           
  exist_relation                0.019984     0.000668 ✅ 正常           
  mi_proj_layer0                0.025283     0.000074 ✅ 正常           
  dis_proj_layer0               0.026702     0.000082 ✅ 正常           
================================================================================

Epoch 400, Total Loss: 13.7931, Recover Loss: 0.8443, miRNA CL: 6.5131, Disease CL: 6.1783, Inter-view (est): 2.9288, Recon Loss: 0.0280, Time: 346.10s
[INFO] Hypergraph updated at epoch 450

🔧 Epoch 450 梯度检查:
================================================================================

  参数名称                              梯度范数         梯度均值 状态             
  ----------------------------------------------------------------------
  type_relations                0.124110     0.002116 ✅ 正常           
  exist_relation                0.014192     0.000532 ✅ 正常           
  mi_proj_layer0                0.019839     0.000059 ✅ 正常           
  dis_proj_layer0               0.021417     0.000064 ✅ 正常           
================================================================================

Epoch 450, Total Loss: 13.7271, Recover Loss: 0.8269, miRNA CL: 6.4960, Disease CL: 6.1505, Inter-view (est): 2.9184, Recon Loss: 0.0273, Time: 381.80s
[INFO] Hypergraph updated at epoch 500

🔧 Epoch 500 梯度检查:
================================================================================

  参数名称                              梯度范数         梯度均值 状态             
  ----------------------------------------------------------------------
  type_relations                0.130578     0.002093 ✅ 正常           
  exist_relation                0.017460     0.000664 ✅ 正常           
  mi_proj_layer0                0.024067     0.000067 ✅ 正常           
  dis_proj_layer0               0.025607     0.000071 ✅ 正常           
================================================================================

Epoch 500, Total Loss: 13.6748, Recover Loss: 0.8203, miRNA CL: 6.4728, Disease CL: 6.1307, Inter-view (est): 2.9085, Recon Loss: 0.0268, Time: 417.39s
[INFO] Hypergraph updated at epoch 550

🔧 Epoch 550 梯度检查:
================================================================================

  参数名称                              梯度范数         梯度均值 状态             
  ----------------------------------------------------------------------
  type_relations                0.128561     0.002136 ✅ 正常           
  exist_relation                0.017437     0.000626 ✅ 正常           
  mi_proj_layer0                0.021699     0.000064 ✅ 正常           
  dis_proj_layer0               0.026221     0.000076 ✅ 正常           
================================================================================

Epoch 550, Total Loss: 13.6305, Recover Loss: 0.8153, miRNA CL: 6.4532, Disease CL: 6.1126, Inter-view (est): 2.8998, Recon Loss: 0.0272, Time: 452.46s
[INFO] Hypergraph updated at epoch 600

🔧 Epoch 600 梯度检查:
================================================================================

  参数名称                              梯度范数         梯度均值 状态             
  ----------------------------------------------------------------------
  type_relations                0.108280     0.001771 ✅ 正常           
  exist_relation                0.020138     0.000690 ✅ 正常           
  mi_proj_layer0                0.024588     0.000065 ✅ 正常           
  dis_proj_layer0               0.023888     0.000067 ✅ 正常           
================================================================================

Epoch 600, Total Loss: 13.5736, Recover Loss: 0.7948, miRNA CL: 6.4369, Disease CL: 6.0952, Inter-view (est): 2.8920, Recon Loss: 0.0268, Time: 487.21s
[INFO] Hypergraph updated at epoch 650

🔧 Epoch 650 梯度检查:
================================================================================

  参数名称                              梯度范数         梯度均值 状态             
  ----------------------------------------------------------------------
  type_relations                0.087244     0.001416 ✅ 正常           
  exist_relation                0.015018     0.000512 ✅ 正常           
  mi_proj_layer0                0.021521     0.000059 ✅ 正常           
  dis_proj_layer0               0.023100     0.000064 ✅ 正常           
================================================================================

Epoch 650, Total Loss: 13.5372, Recover Loss: 0.7933, miRNA CL: 6.4192, Disease CL: 6.0803, Inter-view (est): 2.8845, Recon Loss: 0.0266, Time: 522.10s

================================================================================
Training completed. Running final test...
================================================================================
Fold 1 completed - AUC: 0.9755, Top-1 F1: 0.6095
Fold 1 training time: 523.16 seconds
=== Cross Validation Fold 2/5 ===
Using hidden dimensions: [256, 256] with 4 attention heads
[ABLATION] Running with mode = no_dv
优化模型初始化: miRNA数量 = 495, 疾病数量 = 383
   节点维度: 256 → 128
   类型数量: 4
   Temperature: 2.0 (可学习)
   Loss mode: two_head
   loss_mode=two_head
   exist_weight=0.300, type_weight=0.700

✅ SimplifiedMultiTypeAssociationLoss 初始化 (改进版)
   类别权重 (beta=0.99999): ['0.780', '1.822', '0.977', '0.421']
Original positive index shape: torch.Size([1072, 2])
Original negative index shape: torch.Size([135416, 2])
采样后负样本数量: 10720
🎯 Building TRUE DUAL VIEWS from four different sources...
📊 Data sources loaded:
  Disease semantic: torch.Size([383, 383])
  miRNA functional: torch.Size([495, 495])
  Disease-gene: torch.Size([383, 383])
  miRNA-sequence: torch.Size([495, 495])
🧬 Building miRNA dual-view hypergraphs...
  📊 miRNA View 1 (Sequence): torch.Size([495, 878])
  📊 miRNA View 2 (Function): torch.Size([495, 878])
🦠 Building disease dual-view hypergraphs...
  📊 Disease View 1 (Gene): torch.Size([383, 878])
  📊 Disease View 2 (Semantic): torch.Size([383, 878])
✅ Successfully built TRUE DUAL VIEWS:
   🧬 miRNA: Sequence Features (m_ss.xlsx) vs Functional Similarity (mi_fun_sim_2.0.csv)
   🦠 Disease: Gene Features (d_gs.xlsx) vs Semantic Similarity (dis_sem_sim_2.0.csv)

🔧 Epoch 1 梯度检查:
================================================================================

  参数名称                              梯度范数         梯度均值 状态             
  ----------------------------------------------------------------------
  type_relations                0.064166     0.001768 ✅ 正常           
  exist_relation                0.288878     0.016661 ✅ 正常           
  mi_proj_layer0                1.023452     0.002914 ✅ 正常           
  dis_proj_layer0               0.941123     0.002744 ✅ 正常           
================================================================================

Epoch 1, Total Loss: 20.2944, Recover Loss: 1.1117, miRNA CL: 8.9652, Disease CL: 8.4367, Inter-view (est): 4.0158, Recon Loss: 1.4827, Time: 0.68s
[INFO] Hypergraph updated at epoch 5
[INFO] Hypergraph updated at epoch 10
[INFO] Hypergraph updated at epoch 15
[INFO] Hypergraph updated at epoch 20
[INFO] Hypergraph updated at epoch 25
[INFO] Hypergraph updated at epoch 30
[INFO] Hypergraph updated at epoch 35
[INFO] Hypergraph updated at epoch 40
[INFO] Hypergraph updated at epoch 45
[INFO] Hypergraph updated at epoch 50

🔧 Epoch 50 梯度检查:
================================================================================

  参数名称                              梯度范数         梯度均值 状态             
  ----------------------------------------------------------------------
  type_relations                0.062663     0.001725 ✅ 正常           
  exist_relation                0.014634     0.000802 ✅ 正常           
  mi_proj_layer0                0.020417     0.000074 ✅ 正常           
  dis_proj_layer0               0.023706     0.000084 ✅ 正常           
================================================================================

Epoch 50, Total Loss: 16.8047, Recover Loss: 1.0090, miRNA CL: 7.7281, Disease CL: 7.6638, Inter-view (est): 3.5520, Recon Loss: 0.1214, Time: 95.36s
[INFO] Hypergraph updated at epoch 100

🔧 Epoch 100 梯度检查:
================================================================================

  参数名称                              梯度范数         梯度均值 状态             
  ----------------------------------------------------------------------
  type_relations                0.113077     0.002642 ✅ 正常           
  exist_relation                0.014751     0.000766 ✅ 正常           
  mi_proj_layer0                0.023354     0.000083 ✅ 正常           
  dis_proj_layer0               0.025287     0.000087 ✅ 正常           
================================================================================

Epoch 100, Total Loss: 15.4106, Recover Loss: 0.9904, miRNA CL: 7.1954, Disease CL: 6.9308, Inter-view (est): 3.2599, Recon Loss: 0.0308, Time: 133.27s
[INFO] Hypergraph updated at epoch 150

🔧 Epoch 150 梯度检查:
================================================================================

  参数名称                              梯度范数         梯度均值 状态             
  ----------------------------------------------------------------------
  type_relations                0.180717     0.003343 ✅ 正常           
  exist_relation                0.016973     0.000734 ✅ 正常           
  mi_proj_layer0                0.025613     0.000091 ✅ 正常           
  dis_proj_layer0               0.028170     0.000095 ✅ 正常           
================================================================================

Epoch 150, Total Loss: 14.6785, Recover Loss: 0.9563, miRNA CL: 6.8610, Disease CL: 6.5791, Inter-view (est): 3.1016, Recon Loss: 0.0295, Time: 168.64s
[INFO] Hypergraph updated at epoch 200

🔧 Epoch 200 梯度检查:
================================================================================

  参数名称                              梯度范数         梯度均值 状态             
  ----------------------------------------------------------------------
  type_relations                0.180416     0.003352 ✅ 正常           
  exist_relation                0.017442     0.000722 ✅ 正常           
  mi_proj_layer0                0.025169     0.000085 ✅ 正常           
  dis_proj_layer0               0.025047     0.000082 ✅ 正常           
================================================================================

Epoch 200, Total Loss: 14.3399, Recover Loss: 0.9355, miRNA CL: 6.7163, Disease CL: 6.4138, Inter-view (est): 3.0300, Recon Loss: 0.0289, Time: 204.29s
[INFO] Hypergraph updated at epoch 250

🔧 Epoch 250 梯度检查:
================================================================================

  参数名称                              梯度范数         梯度均值 状态             
  ----------------------------------------------------------------------
  type_relations                0.174530     0.002884 ✅ 正常           
  exist_relation                0.024516     0.000853 ✅ 正常           
  mi_proj_layer0                0.023586     0.000075 ✅ 正常           
  dis_proj_layer0               0.026045     0.000078 ✅ 正常           
================================================================================

Epoch 250, Total Loss: 14.1417, Recover Loss: 0.9065, miRNA CL: 6.6357, Disease CL: 6.3308, Inter-view (est): 2.9923, Recon Loss: 0.0292, Time: 239.96s
[INFO] Hypergraph updated at epoch 300

🔧 Epoch 300 梯度检查:
================================================================================

  参数名称                              梯度范数         梯度均值 状态             
  ----------------------------------------------------------------------
  type_relations                0.134217     0.002212 ✅ 正常           
  exist_relation                0.020650     0.000735 ✅ 正常           
  mi_proj_layer0                0.019301     0.000063 ✅ 正常           
  dis_proj_layer0               0.019705     0.000065 ✅ 正常           
================================================================================

Epoch 300, Total Loss: 13.9776, Recover Loss: 0.8789, miRNA CL: 6.5718, Disease CL: 6.2639, Inter-view (est): 2.9621, Recon Loss: 0.0285, Time: 275.83s
[INFO] Hypergraph updated at epoch 350

🔧 Epoch 350 梯度检查:
================================================================================

  参数名称                              梯度范数         梯度均值 状态             
  ----------------------------------------------------------------------
  type_relations                0.143352     0.002410 ✅ 正常           
  exist_relation                0.013892     0.000546 ✅ 正常           
  mi_proj_layer0                0.020471     0.000065 ✅ 正常           
  dis_proj_layer0               0.022627     0.000070 ✅ 正常           
================================================================================

Epoch 350, Total Loss: 13.8571, Recover Loss: 0.8589, miRNA CL: 6.5279, Disease CL: 6.2124, Inter-view (est): 2.9401, Recon Loss: 0.0278, Time: 311.57s
[INFO] Hypergraph updated at epoch 400

🔧 Epoch 400 梯度检查:
================================================================================

  参数名称                              梯度范数         梯度均值 状态             
  ----------------------------------------------------------------------
  type_relations                0.119701     0.002167 ✅ 正常           
  exist_relation                0.018802     0.000633 ✅ 正常           
  mi_proj_layer0                0.018593     0.000059 ✅ 正常           
  dis_proj_layer0               0.020205     0.000063 ✅ 正常           
================================================================================

Epoch 400, Total Loss: 13.7788, Recover Loss: 0.8432, miRNA CL: 6.4982, Disease CL: 6.1834, Inter-view (est): 2.9265, Recon Loss: 0.0269, Time: 347.45s
[INFO] Hypergraph updated at epoch 450

🔧 Epoch 450 梯度检查:
================================================================================

  参数名称                              梯度范数         梯度均值 状态             
  ----------------------------------------------------------------------
  type_relations                0.140663     0.002563 ✅ 正常           
  exist_relation                0.011509     0.000462 ✅ 正常           
  mi_proj_layer0                0.027432     0.000078 ✅ 正常           
  dis_proj_layer0               0.028077     0.000083 ✅ 正常           
================================================================================

Epoch 450, Total Loss: 13.7064, Recover Loss: 0.8324, miRNA CL: 6.4667, Disease CL: 6.1560, Inter-view (est): 2.9129, Recon Loss: 0.0271, Time: 382.62s
[INFO] Hypergraph updated at epoch 500

🔧 Epoch 500 梯度检查:
================================================================================

  参数名称                              梯度范数         梯度均值 状态             
  ----------------------------------------------------------------------
  type_relations                0.128766     0.002266 ✅ 正常           
  exist_relation                0.015083     0.000552 ✅ 正常           
  mi_proj_layer0                0.025797     0.000075 ✅ 正常           
  dis_proj_layer0               0.028069     0.000082 ✅ 正常           
================================================================================

Epoch 500, Total Loss: 13.6316, Recover Loss: 0.8141, miRNA CL: 6.4402, Disease CL: 6.1294, Inter-view (est): 2.9007, Recon Loss: 0.0265, Time: 417.41s
[INFO] Hypergraph updated at epoch 550

🔧 Epoch 550 梯度检查:
================================================================================

  参数名称                              梯度范数         梯度均值 状态             
  ----------------------------------------------------------------------
  type_relations                0.122760     0.002091 ✅ 正常           
  exist_relation                0.017621     0.000589 ✅ 正常           
  mi_proj_layer0                0.024406     0.000069 ✅ 正常           
  dis_proj_layer0               0.026101     0.000076 ✅ 正常           
================================================================================

Epoch 550, Total Loss: 13.5754, Recover Loss: 0.7980, miRNA CL: 6.4216, Disease CL: 6.1103, Inter-view (est): 2.8920, Recon Loss: 0.0262, Time: 452.73s
[INFO] Hypergraph updated at epoch 600

🔧 Epoch 600 梯度检查:
================================================================================

  参数名称                              梯度范数         梯度均值 状态             
  ----------------------------------------------------------------------
  type_relations                0.104160     0.001797 ✅ 正常           
  exist_relation                0.023044     0.000793 ✅ 正常           
  mi_proj_layer0                0.023531     0.000065 ✅ 正常           
  dis_proj_layer0               0.026159     0.000072 ✅ 正常           
================================================================================

Epoch 600, Total Loss: 13.5213, Recover Loss: 0.7817, miRNA CL: 6.4026, Disease CL: 6.0934, Inter-view (est): 2.8837, Recon Loss: 0.0265, Time: 488.19s
[INFO] Hypergraph updated at epoch 650

🔧 Epoch 650 梯度检查:
================================================================================

  参数名称                              梯度范数         梯度均值 状态             
  ----------------------------------------------------------------------
  type_relations                0.098463     0.001732 ✅ 正常           
  exist_relation                0.016387     0.000513 ✅ 正常           
  mi_proj_layer0                0.020698     0.000060 ✅ 正常           
  dis_proj_layer0               0.022452     0.000065 ✅ 正常           
================================================================================

Epoch 650, Total Loss: 13.4767, Recover Loss: 0.7721, miRNA CL: 6.3861, Disease CL: 6.0773, Inter-view (est): 2.8762, Recon Loss: 0.0260, Time: 523.87s

================================================================================
Training completed. Running final test...
================================================================================
Fold 2 completed - AUC: 0.9752, Top-1 F1: 0.5954
Fold 2 training time: 524.67 seconds
=== Cross Validation Fold 3/5 ===
Using hidden dimensions: [256, 256] with 4 attention heads
[ABLATION] Running with mode = no_dv
优化模型初始化: miRNA数量 = 495, 疾病数量 = 383
   节点维度: 256 → 128
   类型数量: 4
   Temperature: 2.0 (可学习)
   Loss mode: two_head
   loss_mode=two_head
   exist_weight=0.300, type_weight=0.700

✅ SimplifiedMultiTypeAssociationLoss 初始化 (改进版)
   类别权重 (beta=0.99999): ['0.780', '1.822', '0.977', '0.421']
Original positive index shape: torch.Size([1072, 2])
Original negative index shape: torch.Size([135416, 2])
采样后负样本数量: 10720
🎯 Building TRUE DUAL VIEWS from four different sources...
📊 Data sources loaded:
  Disease semantic: torch.Size([383, 383])
  miRNA functional: torch.Size([495, 495])
  Disease-gene: torch.Size([383, 383])
  miRNA-sequence: torch.Size([495, 495])
🧬 Building miRNA dual-view hypergraphs...
  📊 miRNA View 1 (Sequence): torch.Size([495, 878])
  📊 miRNA View 2 (Function): torch.Size([495, 878])
🦠 Building disease dual-view hypergraphs...
  📊 Disease View 1 (Gene): torch.Size([383, 878])
  📊 Disease View 2 (Semantic): torch.Size([383, 878])
✅ Successfully built TRUE DUAL VIEWS:
   🧬 miRNA: Sequence Features (m_ss.xlsx) vs Functional Similarity (mi_fun_sim_2.0.csv)
   🦠 Disease: Gene Features (d_gs.xlsx) vs Semantic Similarity (dis_sem_sim_2.0.csv)

🔧 Epoch 1 梯度检查:
================================================================================

  参数名称                              梯度范数         梯度均值 状态             
  ----------------------------------------------------------------------
  type_relations                0.064334     0.001964 ✅ 正常           
  exist_relation                0.364230     0.019384 ✅ 正常           
  mi_proj_layer0                1.007424     0.002974 ✅ 正常           
  dis_proj_layer0               1.167918     0.003144 ✅ 正常           
================================================================================

Epoch 1, Total Loss: 20.2544, Recover Loss: 1.1097, miRNA CL: 8.9014, Disease CL: 8.4324, Inter-view (est): 4.0001, Recon Loss: 1.5126, Time: 0.78s
[INFO] Hypergraph updated at epoch 5
[INFO] Hypergraph updated at epoch 10
[INFO] Hypergraph updated at epoch 15
[INFO] Hypergraph updated at epoch 20
[INFO] Hypergraph updated at epoch 25
[INFO] Hypergraph updated at epoch 30
[INFO] Hypergraph updated at epoch 35
[INFO] Hypergraph updated at epoch 40
[INFO] Hypergraph updated at epoch 45
[INFO] Hypergraph updated at epoch 50

🔧 Epoch 50 梯度检查:
================================================================================

  参数名称                              梯度范数         梯度均值 状态             
  ----------------------------------------------------------------------
  type_relations                0.073638     0.001959 ✅ 正常           
  exist_relation                0.020412     0.001108 ✅ 正常           
  mi_proj_layer0                0.028403     0.000102 ✅ 正常           
  dis_proj_layer0               0.026790     0.000098 ✅ 正常           
================================================================================

Epoch 50, Total Loss: 16.8369, Recover Loss: 1.0093, miRNA CL: 7.7500, Disease CL: 7.6717, Inter-view (est): 3.5589, Recon Loss: 0.1229, Time: 99.16s
[INFO] Hypergraph updated at epoch 100

🔧 Epoch 100 梯度检查:
================================================================================

  参数名称                              梯度范数         梯度均值 状态             
  ----------------------------------------------------------------------
  type_relations                0.134866     0.002923 ✅ 正常           
  exist_relation                0.013671     0.000668 ✅ 正常           
  mi_proj_layer0                0.022967     0.000076 ✅ 正常           
  dis_proj_layer0               0.024722     0.000083 ✅ 正常           
================================================================================

Epoch 100, Total Loss: 15.5264, Recover Loss: 0.9871, miRNA CL: 7.2928, Disease CL: 6.9514, Inter-view (est): 3.2871, Recon Loss: 0.0319, Time: 137.06s
[INFO] Hypergraph updated at epoch 150

🔧 Epoch 150 梯度检查:
================================================================================

  参数名称                              梯度范数         梯度均值 状态             
  ----------------------------------------------------------------------
  type_relations                0.197691     0.003351 ✅ 正常           
  exist_relation                0.021056     0.000919 ✅ 正常           
  mi_proj_layer0                0.026641     0.000089 ✅ 正常           
  dis_proj_layer0               0.027496     0.000098 ✅ 正常           
================================================================================

Epoch 150, Total Loss: 14.9830, Recover Loss: 0.9615, miRNA CL: 7.0668, Disease CL: 6.6693, Inter-view (est): 3.1699, Recon Loss: 0.0304, Time: 172.52s
[INFO] Hypergraph updated at epoch 200

🔧 Epoch 200 梯度检查:
================================================================================

  参数名称                              梯度范数         梯度均值 状态             
  ----------------------------------------------------------------------
  type_relations                0.231177     0.003176 ✅ 正常           
  exist_relation                0.012834     0.000550 ✅ 正常           
  mi_proj_layer0                0.022899     0.000073 ✅ 正常           
  dis_proj_layer0               0.024543     0.000082 ✅ 正常           
================================================================================

Epoch 200, Total Loss: 14.5990, Recover Loss: 0.9389, miRNA CL: 6.8916, Disease CL: 6.4893, Inter-view (est): 3.0879, Recon Loss: 0.0299, Time: 207.77s
[INFO] Hypergraph updated at epoch 250

🔧 Epoch 250 梯度检查:
================================================================================

  参数名称                              梯度范数         梯度均值 状态             
  ----------------------------------------------------------------------
  type_relations                0.195958     0.002839 ✅ 正常           
  exist_relation                0.018241     0.000675 ✅ 正常           
  mi_proj_layer0                0.024903     0.000074 ✅ 正常           
  dis_proj_layer0               0.022999     0.000076 ✅ 正常           
================================================================================

Epoch 250, Total Loss: 14.3130, Recover Loss: 0.9187, miRNA CL: 6.7351, Disease CL: 6.3860, Inter-view (est): 3.0280, Recon Loss: 0.0296, Time: 243.30s
[INFO] Hypergraph updated at epoch 300

🔧 Epoch 300 梯度检查:
================================================================================

  参数名称                              梯度范数         梯度均值 状态             
  ----------------------------------------------------------------------
  type_relations                0.172703     0.002535 ✅ 正常           
  exist_relation                0.012474     0.000520 ✅ 正常           
  mi_proj_layer0                0.021263     0.000067 ✅ 正常           
  dis_proj_layer0               0.019992     0.000066 ✅ 正常           
================================================================================

Epoch 300, Total Loss: 14.0924, Recover Loss: 0.8881, miRNA CL: 6.6390, Disease CL: 6.2985, Inter-view (est): 2.9856, Recon Loss: 0.0286, Time: 279.42s
[INFO] Hypergraph updated at epoch 350

🔧 Epoch 350 梯度检查:
================================================================================

  参数名称                              梯度范数         梯度均值 状态             
  ----------------------------------------------------------------------
  type_relations                0.193905     0.002923 ✅ 正常           
  exist_relation                0.021910     0.000780 ✅ 正常           
  mi_proj_layer0                0.025012     0.000074 ✅ 正常           
  dis_proj_layer0               0.025795     0.000079 ✅ 正常           
================================================================================

Epoch 350, Total Loss: 13.9441, Recover Loss: 0.8660, miRNA CL: 6.5809, Disease CL: 6.2354, Inter-view (est): 2.9576, Recon Loss: 0.0279, Time: 314.64s
[INFO] Hypergraph updated at epoch 400

🔧 Epoch 400 梯度检查:
================================================================================

  参数名称                              梯度范数         梯度均值 状态             
  ----------------------------------------------------------------------
  type_relations                0.156481     0.002481 ✅ 正常           
  exist_relation                0.014535     0.000550 ✅ 正常           
  mi_proj_layer0                0.018939     0.000060 ✅ 正常           
  dis_proj_layer0               0.021622     0.000066 ✅ 正常           
================================================================================

Epoch 400, Total Loss: 13.8481, Recover Loss: 0.8506, miRNA CL: 6.5445, Disease CL: 6.1947, Inter-view (est): 2.9398, Recon Loss: 0.0275, Time: 350.68s
[INFO] Hypergraph updated at epoch 450

🔧 Epoch 450 梯度检查:
================================================================================

  参数名称                              梯度范数         梯度均值 状态             
  ----------------------------------------------------------------------
  type_relations                0.138171     0.002176 ✅ 正常           
  exist_relation                0.011903     0.000451 ✅ 正常           
  mi_proj_layer0                0.019628     0.000060 ✅ 正常           
  dis_proj_layer0               0.019431     0.000060 ✅ 正常           
================================================================================

Epoch 450, Total Loss: 13.7590, Recover Loss: 0.8278, miRNA CL: 6.5141, Disease CL: 6.1622, Inter-view (est): 2.9253, Recon Loss: 0.0273, Time: 385.78s
[INFO] Hypergraph updated at epoch 500

🔧 Epoch 500 梯度检查:
================================================================================

  参数名称                              梯度范数         梯度均值 状态             
  ----------------------------------------------------------------------
  type_relations                0.112072     0.001846 ✅ 正常           
  exist_relation                0.018042     0.000619 ✅ 正常           
  mi_proj_layer0                0.020999     0.000061 ✅ 正常           
  dis_proj_layer0               0.021361     0.000062 ✅ 正常           
================================================================================

Epoch 500, Total Loss: 13.6928, Recover Loss: 0.8175, miRNA CL: 6.4873, Disease CL: 6.1368, Inter-view (est): 2.9132, Recon Loss: 0.0268, Time: 421.91s
[INFO] Hypergraph updated at epoch 550

🔧 Epoch 550 梯度检查:
================================================================================

  参数名称                              梯度范数         梯度均值 状态             
  ----------------------------------------------------------------------
  type_relations                0.096347     0.001569 ✅ 正常           
  exist_relation                0.024779     0.000775 ✅ 正常           
  mi_proj_layer0                0.021605     0.000060 ✅ 正常           
  dis_proj_layer0               0.018482     0.000056 ✅ 正常           
================================================================================

Epoch 550, Total Loss: 13.6304, Recover Loss: 0.8029, miRNA CL: 6.4634, Disease CL: 6.1151, Inter-view (est): 2.9027, Recon Loss: 0.0272, Time: 457.75s
[INFO] Hypergraph updated at epoch 600

🔧 Epoch 600 梯度检查:
================================================================================

  参数名称                              梯度范数         梯度均值 状态             
  ----------------------------------------------------------------------
  type_relations                0.091459     0.001578 ✅ 正常           
  exist_relation                0.020799     0.000667 ✅ 正常           
  mi_proj_layer0                0.018322     0.000055 ✅ 正常           
  dis_proj_layer0               0.017660     0.000052 ✅ 正常           
================================================================================

Epoch 600, Total Loss: 13.5715, Recover Loss: 0.7879, miRNA CL: 6.4430, Disease CL: 6.0947, Inter-view (est): 2.8933, Recon Loss: 0.0267, Time: 493.61s
[INFO] Hypergraph updated at epoch 650

🔧 Epoch 650 梯度检查:
================================================================================

  参数名称                              梯度范数         梯度均值 状态             
  ----------------------------------------------------------------------
  type_relations                0.102769     0.001648 ✅ 正常           
  exist_relation                0.015851     0.000606 ✅ 正常           
  mi_proj_layer0                0.021844     0.000062 ✅ 正常           
  dis_proj_layer0               0.022448     0.000064 ✅ 正常           
================================================================================

Epoch 650, Total Loss: 13.5297, Recover Loss: 0.7856, miRNA CL: 6.4257, Disease CL: 6.0758, Inter-view (est): 2.8850, Recon Loss: 0.0259, Time: 528.80s

================================================================================
Training completed. Running final test...
================================================================================
Fold 3 completed - AUC: 0.9744, Top-1 F1: 0.5648
Fold 3 training time: 529.57 seconds
=== Cross Validation Fold 4/5 ===
Using hidden dimensions: [256, 256] with 4 attention heads
[ABLATION] Running with mode = no_dv
优化模型初始化: miRNA数量 = 495, 疾病数量 = 383
   节点维度: 256 → 128
   类型数量: 4
   Temperature: 2.0 (可学习)
   Loss mode: two_head
   loss_mode=two_head
   exist_weight=0.300, type_weight=0.700

✅ SimplifiedMultiTypeAssociationLoss 初始化 (改进版)
   类别权重 (beta=0.99999): ['0.780', '1.822', '0.977', '0.421']
Original positive index shape: torch.Size([1072, 2])
Original negative index shape: torch.Size([135416, 2])
采样后负样本数量: 10720
🎯 Building TRUE DUAL VIEWS from four different sources...
📊 Data sources loaded:
  Disease semantic: torch.Size([383, 383])
  miRNA functional: torch.Size([495, 495])
  Disease-gene: torch.Size([383, 383])
  miRNA-sequence: torch.Size([495, 495])
🧬 Building miRNA dual-view hypergraphs...
  📊 miRNA View 1 (Sequence): torch.Size([495, 878])
  📊 miRNA View 2 (Function): torch.Size([495, 878])
🦠 Building disease dual-view hypergraphs...
  📊 Disease View 1 (Gene): torch.Size([383, 878])
  📊 Disease View 2 (Semantic): torch.Size([383, 878])
✅ Successfully built TRUE DUAL VIEWS:
   🧬 miRNA: Sequence Features (m_ss.xlsx) vs Functional Similarity (mi_fun_sim_2.0.csv)
   🦠 Disease: Gene Features (d_gs.xlsx) vs Semantic Similarity (dis_sem_sim_2.0.csv)

🔧 Epoch 1 梯度检查:
================================================================================

  参数名称                              梯度范数         梯度均值 状态             
  ----------------------------------------------------------------------
  type_relations                0.051697     0.001585 ✅ 正常           
  exist_relation                0.166392     0.009967 ✅ 正常           
  mi_proj_layer0                0.477764     0.001450 ✅ 正常           
  dis_proj_layer0               0.642553     0.001995 ✅ 正常           
================================================================================

Epoch 1, Total Loss: 20.2329, Recover Loss: 1.0704, miRNA CL: 8.9194, Disease CL: 8.4514, Inter-view (est): 4.0086, Recon Loss: 1.4936, Time: 0.79s
[INFO] Hypergraph updated at epoch 5
[INFO] Hypergraph updated at epoch 10
[INFO] Hypergraph updated at epoch 15
[INFO] Hypergraph updated at epoch 20
[INFO] Hypergraph updated at epoch 25
[INFO] Hypergraph updated at epoch 30
[INFO] Hypergraph updated at epoch 35
[INFO] Hypergraph updated at epoch 40
[INFO] Hypergraph updated at epoch 45
[INFO] Hypergraph updated at epoch 50

🔧 Epoch 50 梯度检查:
================================================================================

  参数名称                              梯度范数         梯度均值 状态             
  ----------------------------------------------------------------------
  type_relations                0.066550     0.001719 ✅ 正常           
  exist_relation                0.011198     0.000720 ✅ 正常           
  mi_proj_layer0                0.019265     0.000070 ✅ 正常           
  dis_proj_layer0               0.022659     0.000081 ✅ 正常           
================================================================================

Epoch 50, Total Loss: 16.8275, Recover Loss: 1.0080, miRNA CL: 7.7660, Disease CL: 7.6635, Inter-view (est): 3.5606, Recon Loss: 0.1077, Time: 98.80s
[INFO] Hypergraph updated at epoch 100

🔧 Epoch 100 梯度检查:
================================================================================

  参数名称                              梯度范数         梯度均值 状态             
  ----------------------------------------------------------------------
  type_relations                0.130631     0.002643 ✅ 正常           
  exist_relation                0.017894     0.000790 ✅ 正常           
  mi_proj_layer0                0.020748     0.000073 ✅ 正常           
  dis_proj_layer0               0.024441     0.000085 ✅ 正常           
================================================================================

Epoch 100, Total Loss: 15.4914, Recover Loss: 0.9901, miRNA CL: 7.3149, Disease CL: 6.8926, Inter-view (est): 3.2787, Recon Loss: 0.0315, Time: 136.35s
[INFO] Hypergraph updated at epoch 150

🔧 Epoch 150 梯度检查:
================================================================================

  参数名称                              梯度范数         梯度均值 状态             
  ----------------------------------------------------------------------
  type_relations                0.176599     0.002926 ✅ 正常           
  exist_relation                0.011751     0.000543 ✅ 正常           
  mi_proj_layer0                0.021615     0.000074 ✅ 正常           
  dis_proj_layer0               0.024234     0.000080 ✅ 正常           
================================================================================

Epoch 150, Total Loss: 14.8051, Recover Loss: 0.9585, miRNA CL: 6.9945, Disease CL: 6.5700, Inter-view (est): 3.1303, Recon Loss: 0.0309, Time: 171.15s
[INFO] Hypergraph updated at epoch 200

🔧 Epoch 200 梯度检查:
================================================================================

  参数名称                              梯度范数         梯度均值 状态             
  ----------------------------------------------------------------------
  type_relations                0.167637     0.002737 ✅ 正常           
  exist_relation                0.020193     0.000733 ✅ 正常           
  mi_proj_layer0                0.022951     0.000076 ✅ 正常           
  dis_proj_layer0               0.023419     0.000078 ✅ 正常           
================================================================================

Epoch 200, Total Loss: 14.3684, Recover Loss: 0.9353, miRNA CL: 6.7584, Disease CL: 6.4012, Inter-view (est): 3.0368, Recon Loss: 0.0301, Time: 206.41s
[INFO] Hypergraph updated at epoch 250

🔧 Epoch 250 梯度检查:
================================================================================

  参数名称                              梯度范数         梯度均值 状态             
  ----------------------------------------------------------------------
  type_relations                0.177922     0.002948 ✅ 正常           
  exist_relation                0.014481     0.000595 ✅ 正常           
  mi_proj_layer0                0.022967     0.000072 ✅ 正常           
  dis_proj_layer0               0.023182     0.000076 ✅ 正常           
================================================================================

Epoch 250, Total Loss: 14.1569, Recover Loss: 0.9103, miRNA CL: 6.6619, Disease CL: 6.3181, Inter-view (est): 2.9954, Recon Loss: 0.0291, Time: 242.52s
[INFO] Hypergraph updated at epoch 300

🔧 Epoch 300 梯度检查:
================================================================================

  参数名称                              梯度范数         梯度均值 状态             
  ----------------------------------------------------------------------
  type_relations                0.162754     0.002736 ✅ 正常           
  exist_relation                0.015229     0.000590 ✅ 正常           
  mi_proj_layer0                0.022158     0.000069 ✅ 正常           
  dis_proj_layer0               0.024065     0.000076 ✅ 正常           
================================================================================

Epoch 300, Total Loss: 14.0061, Recover Loss: 0.8829, miRNA CL: 6.6046, Disease CL: 6.2578, Inter-view (est): 2.9683, Recon Loss: 0.0282, Time: 278.19s
[INFO] Hypergraph updated at epoch 350

🔧 Epoch 350 梯度检查:
================================================================================

  参数名称                              梯度范数         梯度均值 状态             
  ----------------------------------------------------------------------
  type_relations                0.144119     0.002444 ✅ 正常           
  exist_relation                0.021389     0.000796 ✅ 正常           
  mi_proj_layer0                0.018325     0.000060 ✅ 正常           
  dis_proj_layer0               0.021160     0.000069 ✅ 正常           
================================================================================

Epoch 350, Total Loss: 13.9186, Recover Loss: 0.8613, miRNA CL: 6.5741, Disease CL: 6.2252, Inter-view (est): 2.9537, Recon Loss: 0.0282, Time: 313.86s
[INFO] Hypergraph updated at epoch 400

🔧 Epoch 400 梯度检查:
================================================================================

  参数名称                              梯度范数         梯度均值 状态             
  ----------------------------------------------------------------------
  type_relations                0.135880     0.002116 ✅ 正常           
  exist_relation                0.027628     0.000889 ✅ 正常           
  mi_proj_layer0                0.022111     0.000064 ✅ 正常           
  dis_proj_layer0               0.023842     0.000073 ✅ 正常           
================================================================================

Epoch 400, Total Loss: 13.8469, Recover Loss: 0.8498, miRNA CL: 6.5449, Disease CL: 6.1972, Inter-view (est): 2.9405, Recon Loss: 0.0280, Time: 348.77s
[INFO] Hypergraph updated at epoch 450

🔧 Epoch 450 梯度检查:
================================================================================

  参数名称                              梯度范数         梯度均值 状态             
  ----------------------------------------------------------------------
  type_relations                0.137134     0.002248 ✅ 正常           
  exist_relation                0.021928     0.000769 ✅ 正常           
  mi_proj_layer0                0.018438     0.000057 ✅ 正常           
  dis_proj_layer0               0.023925     0.000072 ✅ 正常           
================================================================================

Epoch 450, Total Loss: 13.7709, Recover Loss: 0.8315, miRNA CL: 6.5160, Disease CL: 6.1714, Inter-view (est): 2.9278, Recon Loss: 0.0279, Time: 384.25s
[INFO] Hypergraph updated at epoch 500

🔧 Epoch 500 梯度检查:
================================================================================

  参数名称                              梯度范数         梯度均值 状态             
  ----------------------------------------------------------------------
  type_relations                0.133424     0.002215 ✅ 正常           
  exist_relation                0.032145     0.001046 ✅ 正常           
  mi_proj_layer0                0.020506     0.000058 ✅ 正常           
  dis_proj_layer0               0.021291     0.000068 ✅ 正常           
================================================================================

Epoch 500, Total Loss: 13.7050, Recover Loss: 0.8206, miRNA CL: 6.4893, Disease CL: 6.1471, Inter-view (est): 2.9161, Recon Loss: 0.0266, Time: 419.99s
[INFO] Hypergraph updated at epoch 550

🔧 Epoch 550 梯度检查:
================================================================================

  参数名称                              梯度范数         梯度均值 状态             
  ----------------------------------------------------------------------
  type_relations                0.126396     0.002000 ✅ 正常           
  exist_relation                0.017739     0.000649 ✅ 正常           
  mi_proj_layer0                0.026810     0.000072 ✅ 正常           
  dis_proj_layer0               0.033363     0.000085 ✅ 正常           
================================================================================

Epoch 550, Total Loss: 13.6421, Recover Loss: 0.8089, miRNA CL: 6.4649, Disease CL: 6.1233, Inter-view (est): 2.9050, Recon Loss: 0.0264, Time: 455.37s
[INFO] Hypergraph updated at epoch 600

🔧 Epoch 600 梯度检查:
================================================================================

  参数名称                              梯度范数         梯度均值 状态             
  ----------------------------------------------------------------------
  type_relations                0.106760     0.001777 ✅ 正常           
  exist_relation                0.017810     0.000626 ✅ 正常           
  mi_proj_layer0                0.026491     0.000069 ✅ 正常           
  dis_proj_layer0               0.025558     0.000069 ✅ 正常           
================================================================================

Epoch 600, Total Loss: 13.5889, Recover Loss: 0.8028, miRNA CL: 6.4431, Disease CL: 6.1000, Inter-view (est): 2.8946, Recon Loss: 0.0269, Time: 491.18s
[INFO] Hypergraph updated at epoch 650

🔧 Epoch 650 梯度检查:
================================================================================

  参数名称                              梯度范数         梯度均值 状态             
  ----------------------------------------------------------------------
  type_relations                0.092553     0.001530 ✅ 正常           
  exist_relation                0.018813     0.000679 ✅ 正常           
  mi_proj_layer0                0.017541     0.000050 ✅ 正常           
  dis_proj_layer0               0.018155     0.000053 ✅ 正常           
================================================================================

Epoch 650, Total Loss: 13.5468, Recover Loss: 0.7897, miRNA CL: 6.4327, Disease CL: 6.0837, Inter-view (est): 2.8884, Recon Loss: 0.0267, Time: 526.56s

================================================================================
Training completed. Running final test...
================================================================================
Fold 4 completed - AUC: 0.9773, Top-1 F1: 0.5951
Fold 4 training time: 527.44 seconds
=== Cross Validation Fold 5/5 ===
Using hidden dimensions: [256, 256] with 4 attention heads
[ABLATION] Running with mode = no_dv
优化模型初始化: miRNA数量 = 495, 疾病数量 = 383
   节点维度: 256 → 128
   类型数量: 4
   Temperature: 2.0 (可学习)
   Loss mode: two_head
   loss_mode=two_head
   exist_weight=0.300, type_weight=0.700

✅ SimplifiedMultiTypeAssociationLoss 初始化 (改进版)
   类别权重 (beta=0.99999): ['0.780', '1.822', '0.977', '0.421']
Original positive index shape: torch.Size([1072, 2])
Original negative index shape: torch.Size([135416, 2])
采样后负样本数量: 10720
🎯 Building TRUE DUAL VIEWS from four different sources...
📊 Data sources loaded:
  Disease semantic: torch.Size([383, 383])
  miRNA functional: torch.Size([495, 495])
  Disease-gene: torch.Size([383, 383])
  miRNA-sequence: torch.Size([495, 495])
🧬 Building miRNA dual-view hypergraphs...
  📊 miRNA View 1 (Sequence): torch.Size([495, 878])
  📊 miRNA View 2 (Function): torch.Size([495, 878])
🦠 Building disease dual-view hypergraphs...
  📊 Disease View 1 (Gene): torch.Size([383, 878])
  📊 Disease View 2 (Semantic): torch.Size([383, 878])
✅ Successfully built TRUE DUAL VIEWS:
   🧬 miRNA: Sequence Features (m_ss.xlsx) vs Functional Similarity (mi_fun_sim_2.0.csv)
   🦠 Disease: Gene Features (d_gs.xlsx) vs Semantic Similarity (dis_sem_sim_2.0.csv)

🔧 Epoch 1 梯度检查:
================================================================================

  参数名称                              梯度范数         梯度均值 状态             
  ----------------------------------------------------------------------
  type_relations                0.060693     0.001870 ✅ 正常           
  exist_relation                0.254896     0.013743 ✅ 正常           
  mi_proj_layer0                1.208257     0.002717 ✅ 正常           
  dis_proj_layer0               1.002640     0.002796 ✅ 正常           
================================================================================

Epoch 1, Total Loss: 20.3904, Recover Loss: 1.1085, miRNA CL: 9.0227, Disease CL: 8.4313, Inter-view (est): 4.0278, Recon Loss: 1.5298, Time: 0.70s
[INFO] Hypergraph updated at epoch 5
[INFO] Hypergraph updated at epoch 10
[INFO] Hypergraph updated at epoch 15
[INFO] Hypergraph updated at epoch 20
[INFO] Hypergraph updated at epoch 25
[INFO] Hypergraph updated at epoch 30
[INFO] Hypergraph updated at epoch 35
[INFO] Hypergraph updated at epoch 40
[INFO] Hypergraph updated at epoch 45
[INFO] Hypergraph updated at epoch 50

🔧 Epoch 50 梯度检查:
================================================================================

  参数名称                              梯度范数         梯度均值 状态             
  ----------------------------------------------------------------------
  type_relations                0.080361     0.002026 ✅ 正常           
  exist_relation                0.015936     0.001003 ✅ 正常           
  mi_proj_layer0                0.025478     0.000091 ✅ 正常           
  dis_proj_layer0               0.025551     0.000091 ✅ 正常           
================================================================================

Epoch 50, Total Loss: 16.8701, Recover Loss: 1.0049, miRNA CL: 7.7538, Disease CL: 7.6756, Inter-view (est): 3.5606, Recon Loss: 0.1530, Time: 105.97s
[INFO] Hypergraph updated at epoch 100

🔧 Epoch 100 梯度检查:
================================================================================

  参数名称                              梯度范数         梯度均值 状态             
  ----------------------------------------------------------------------
  type_relations                0.123300     0.002314 ✅ 正常           
  exist_relation                0.015038     0.000663 ✅ 正常           
  mi_proj_layer0                0.020204     0.000072 ✅ 正常           
  dis_proj_layer0               0.023916     0.000081 ✅ 正常           
================================================================================

Epoch 100, Total Loss: 15.4544, Recover Loss: 0.9818, miRNA CL: 7.2612, Disease CL: 6.9150, Inter-view (est): 3.2714, Recon Loss: 0.0323, Time: 145.18s
[INFO] Hypergraph updated at epoch 150

🔧 Epoch 150 梯度检查:
================================================================================

  参数名称                              梯度范数         梯度均值 状态             
  ----------------------------------------------------------------------
  type_relations                0.175194     0.003087 ✅ 正常           
  exist_relation                0.018975     0.000776 ✅ 正常           
  mi_proj_layer0                0.022946     0.000082 ✅ 正常           
  dis_proj_layer0               0.028913     0.000093 ✅ 正常           
================================================================================

Epoch 150, Total Loss: 14.8351, Recover Loss: 0.9560, miRNA CL: 6.9634, Disease CL: 6.6301, Inter-view (est): 3.1370, Recon Loss: 0.0314, Time: 181.15s
[INFO] Hypergraph updated at epoch 200

🔧 Epoch 200 梯度检查:
================================================================================

  参数名称                              梯度范数         梯度均值 状态             
  ----------------------------------------------------------------------
  type_relations                0.149881     0.002663 ✅ 正常           
  exist_relation                0.014850     0.000591 ✅ 正常           
  mi_proj_layer0                0.021363     0.000073 ✅ 正常           
  dis_proj_layer0               0.023626     0.000080 ✅ 正常           
================================================================================

Epoch 200, Total Loss: 14.4133, Recover Loss: 0.9347, miRNA CL: 6.7449, Disease CL: 6.4564, Inter-view (est): 3.0465, Recon Loss: 0.0304, Time: 216.26s
[INFO] Hypergraph updated at epoch 250

🔧 Epoch 250 梯度检查:
================================================================================

  参数名称                              梯度范数         梯度均值 状态             
  ----------------------------------------------------------------------
  type_relations                0.147818     0.002675 ✅ 正常           
  exist_relation                0.018082     0.000732 ✅ 正常           
  mi_proj_layer0                0.020419     0.000071 ✅ 正常           
  dis_proj_layer0               0.025263     0.000083 ✅ 正常           
================================================================================

Epoch 250, Total Loss: 14.1649, Recover Loss: 0.9078, miRNA CL: 6.6501, Disease CL: 6.3363, Inter-view (est): 2.9969, Recon Loss: 0.0296, Time: 251.18s
[INFO] Hypergraph updated at epoch 300

🔧 Epoch 300 梯度检查:
================================================================================

  参数名称                              梯度范数         梯度均值 状态             
  ----------------------------------------------------------------------
  type_relations                0.168407     0.003036 ✅ 正常           
  exist_relation                0.036360     0.001094 ✅ 正常           
  mi_proj_layer0                0.020406     0.000070 ✅ 正常           
  dis_proj_layer0               0.023145     0.000079 ✅ 正常           
================================================================================

Epoch 300, Total Loss: 13.9957, Recover Loss: 0.8834, miRNA CL: 6.5833, Disease CL: 6.2644, Inter-view (est): 2.9649, Recon Loss: 0.0289, Time: 287.04s
[INFO] Hypergraph updated at epoch 350

🔧 Epoch 350 梯度检查:
================================================================================

  参数名称                              梯度范数         梯度均值 状态             
  ----------------------------------------------------------------------
  type_relations                0.135029     0.002428 ✅ 正常           
  exist_relation                0.023955     0.000838 ✅ 正常           
  mi_proj_layer0                0.021113     0.000066 ✅ 正常           
  dis_proj_layer0               0.021932     0.000071 ✅ 正常           
================================================================================

Epoch 350, Total Loss: 13.8787, Recover Loss: 0.8658, miRNA CL: 6.5382, Disease CL: 6.2152, Inter-view (est): 2.9431, Recon Loss: 0.0283, Time: 322.83s
[INFO] Hypergraph updated at epoch 400

🔧 Epoch 400 梯度检查:
================================================================================

  参数名称                              梯度范数         梯度均值 状态             
  ----------------------------------------------------------------------
  type_relations                0.120759     0.002138 ✅ 正常           
  exist_relation                0.022467     0.000697 ✅ 正常           
  mi_proj_layer0                0.016844     0.000054 ✅ 正常           
  dis_proj_layer0               0.018945     0.000061 ✅ 正常           
================================================================================

Epoch 400, Total Loss: 13.7765, Recover Loss: 0.8439, miRNA CL: 6.5013, Disease CL: 6.1758, Inter-view (est): 2.9255, Recon Loss: 0.0282, Time: 359.18s
[INFO] Hypergraph updated at epoch 450

🔧 Epoch 450 梯度检查:
================================================================================

  参数名称                              梯度范数         梯度均值 状态             
  ----------------------------------------------------------------------
  type_relations                0.114734     0.002000 ✅ 正常           
  exist_relation                0.014757     0.000522 ✅ 正常           
  mi_proj_layer0                0.019061     0.000058 ✅ 正常           
  dis_proj_layer0               0.017637     0.000057 ✅ 正常           
================================================================================

Epoch 450, Total Loss: 13.7036, Recover Loss: 0.8262, miRNA CL: 6.4798, Disease CL: 6.1455, Inter-view (est): 2.9135, Recon Loss: 0.0278, Time: 395.61s
[INFO] Hypergraph updated at epoch 500

🔧 Epoch 500 梯度检查:
================================================================================

  参数名称                              梯度范数         梯度均值 状态             
  ----------------------------------------------------------------------
  type_relations                0.097903     0.001704 ✅ 正常           
  exist_relation                0.015685     0.000553 ✅ 正常           
  mi_proj_layer0                0.016267     0.000050 ✅ 正常           
  dis_proj_layer0               0.018154     0.000056 ✅ 正常           
================================================================================

Epoch 500, Total Loss: 13.6511, Recover Loss: 0.8184, miRNA CL: 6.4565, Disease CL: 6.1268, Inter-view (est): 2.9038, Recon Loss: 0.0275, Time: 431.22s
[INFO] Hypergraph updated at epoch 550

🔧 Epoch 550 梯度检查:
================================================================================

  参数名称                              梯度范数         梯度均值 状态             
  ----------------------------------------------------------------------
  type_relations                0.113521     0.002023 ✅ 正常           
  exist_relation                0.011121     0.000415 ✅ 正常           
  mi_proj_layer0                0.020142     0.000059 ✅ 正常           
  dis_proj_layer0               0.021304     0.000063 ✅ 正常           
================================================================================

Epoch 550, Total Loss: 13.6017, Recover Loss: 0.8118, miRNA CL: 6.4369, Disease CL: 6.1073, Inter-view (est): 2.8948, Recon Loss: 0.0263, Time: 466.61s
[INFO] Hypergraph updated at epoch 600

🔧 Epoch 600 梯度检查:
================================================================================

  参数名称                              梯度范数         梯度均值 状态             
  ----------------------------------------------------------------------
  type_relations                0.102762     0.001756 ✅ 正常           
  exist_relation                0.012433     0.000450 ✅ 正常           
  mi_proj_layer0                0.021617     0.000059 ✅ 正常           
  dis_proj_layer0               0.020598     0.000062 ✅ 正常           
================================================================================

Epoch 600, Total Loss: 13.5513, Recover Loss: 0.8013, miRNA CL: 6.4188, Disease CL: 6.0872, Inter-view (est): 2.8860, Recon Loss: 0.0270, Time: 502.34s
[INFO] Hypergraph updated at epoch 650

🔧 Epoch 650 梯度检查:
================================================================================

  参数名称                              梯度范数         梯度均值 状态             
  ----------------------------------------------------------------------
  type_relations                0.093940     0.001651 ✅ 正常           
  exist_relation                0.014859     0.000541 ✅ 正常           
  mi_proj_layer0                0.019694     0.000056 ✅ 正常           
  dis_proj_layer0               0.020531     0.000060 ✅ 正常           
================================================================================

Epoch 650, Total Loss: 13.5010, Recover Loss: 0.7936, miRNA CL: 6.3989, Disease CL: 6.0670, Inter-view (est): 2.8768, Recon Loss: 0.0269, Time: 537.99s

================================================================================
Training completed. Running final test...
================================================================================
Fold 5 completed - AUC: 0.9770, Top-1 F1: 0.5683
Fold 5 training time: 538.77 seconds
Average binary metrics across folds: [[0.97589608 0.97008144 0.93208108 0.92977612 0.96283582 0.89671642
  0.90376162]]
🎯 Average Top-1 metrics across folds: {'top1_precision': 0.558955223880597, 'top1_recall': np.float64(0.617333963031895), 'top1_f1': np.float64(0.5866374667225557)}

📊 CV_type Style Metrics Details:
  AUC            : 0.9759
  AUPR           : 0.9701
  F1             : 0.9321
  Accuracy       : 0.9298
  Recall         : 0.9628
  Specificity    : 0.8967
  Precision      : 0.9038

🎯 Top-1 Metrics Details:
  top1_precision : 0.5590
  top1_recall    : 0.6173
  top1_f1        : 0.5866

Total execution time: 2644.01 seconds

==========================================================================================
🎯 FINAL COMPREHENSIVE RESULTS WITH TOP-1 METRICS
==========================================================================================
📊 Binary Classification Metrics (Original):
  AUC: 0.9759
  AUPR: 0.9701
  F1: 0.9321
  Accuracy: 0.9298
  Recall: 0.9628
  Specificity: 0.8967
  Precision: 0.9038

🎯 CV_type Style Metrics (Enhanced):
  AUC: 0.9759
  AUPR: 0.9701
  F1: 0.9321
  Accuracy: 0.9298
  Recall: 0.9628
  Specificity: 0.8967
  Precision: 0.9038

🏆 Top-1 Metrics (NEW):
  Top-1 Precision: 0.5590
  Top-1 Recall: 0.6173
  Top-1 F1: 0.5866
==========================================================================================

================================================================
 FIG.4 VERIFY SUMMARY
================================================================

====================================================================================================
FIG.4 VERIFY — reproduce config (seed=1, K=7, default loss)
Paper claim: ALL ablation HURT baseline Top-1 F1
====================================================================================================
Variant                     AUC    T1-F1      Δ Full     Match paper
----------------------------------------------------------------------------------------------------
Full DHGCMDA (K=7)       0.9745   0.5909         ---        baseline
w/o no_cl                0.9740   0.6097       +3.2%            NO ❌
w/o no_hgcn              0.9745   0.5955       +0.8%            NO ❌
w/o no_avf               0.9751   0.5842       -1.1%           YES ✅
w/o no_hgt               0.9729   0.6466       +9.4%            NO ❌
w/o no_dv                0.9759   0.5866       -0.7%           YES ✅
----------------------------------------------------------------------------------------------------

Fig.4 match: 2/5 ablations hurt baseline

====================================================================================================
VERDICT
====================================================================================================
❌ STILL NOT REPRODUCE: only 2/5 match.
   Need fallback: λ₂ sweep, class weighting, or HMDD v3.2.

[save] results/fig4_verify_summary.json
