================================================================
 K_neigs SWEEP - paper Fig.3 reproduce
 Seed: 1 (best calibration from seed sweep)
 K values: 7, 9, 11, 13, 15
 Config: DEFAULT (--exist_weight 0.3, two_head, no ablation)
================================================================

[1/5] K_neigs=7 (seed=1)
----------------------------------------------------------------
[CPU] torch.set_num_threads(14), interop=min(4, 14)
Using device: cpu
[INFO] Auto-computed BALANCED class weights (to prevent class collapse):
  Circulation  (367 samples): 0.780
  Epigenetics  (157 samples): 1.823
  Target       (293 samples): 0.977
  Genetics     (681 samples): 0.420
  [NOTE] Higher weights for minority classes to prevent model from only predicting majority class
[INFO] Using v2.0_495m383D dataset:
  miRNAs: 495
  Diseases: 383
  Expected associations: ~1498
  Types: 4 (Circulation, Epigenetics, Target, Genetics)

================================================================================
Configuration Summary
================================================================================
Dataset: v2.0_495m383D
Data Path: ./
Model: HeterogenousGraphCLAMIR
  - HGT Layers: 2
  - Attention Heads: 4
  - Association Types: 4
  - Inter-view CL: Enabled
    - Weight: 0.3
    - Temperature: 0.5
    - Margin: 0.5

Training:
  - Epochs: 650
  - Learning Rate: 0.0001
  - Dropout: 0.3
  - Weight Decay: 5e-05
  - Focal Loss: Enabled

Evaluation:
  - Cross-Validation Folds: 5
  - Primary Metric: AUPR

Device: cpu
Random Seed: 1
================================================================================

[SEED] Re-seeded với args.seed = 1
🚀 Running with comprehensive evaluation including Top-1 metrics...
🎯 Loading dual-view data...
Starting dual-view data preparation with new file format...
Loading all similarity and feature files from v2.0_495m383D...
✅ Loaded disease semantic similarity from D_SSM1.txt: (383, 383)
✅ Loaded miRNA functional similarity from M_FSM.txt: (495, 495)
✅ Loaded multi-type association pairs from ./v2.0_495m383D\multi_all_mirna_disease_pairs_without_negative.csv: (1679, 3)
✅ Created multi-type association matrix: (495, 383)
📊 Multi-type Association Statistics:
   无关联 (No association): 188087 pairs (99.21%)
   循环类型 (Circulation): 367 pairs (0.19%)
   表观遗传学 (Epigenetics): 157 pairs (0.08%)
   靶标类型 (Target): 293 pairs (0.15%)
   遗传学类型 (Genetics): 681 pairs (0.36%)
✅ Created association matrix from CSV: (495, 383)
✅ Loaded disease-gene features from D_SSM2.txt: torch.Size([383, 383])
✅ Loaded miRNA-sequence features from M_GSM.txt: torch.Size([495, 495])
Processing integrated similarity matrices...
Loaded similarity matrices from cache
Processing indices...
Loaded indices from cache (seed=1)
✅ Dual-view data preparation completed in 0.78 seconds

============================================================
🎯 DUAL-VIEW CONFIGURATION SUMMARY (v2.0_495m383D)
============================================================
miRNA Dual Views:
  📊 View 1 (Sequence): M_GSM.txt torch.Size([495, 495])
  📊 View 2 (Function): M_FSM.txt torch.Size([495, 495])

Disease Dual Views:
  📊 View 1 (Gene): D_SSM2.txt torch.Size([383, 383])
  📊 View 2 (Semantic): D_SSM1.txt torch.Size([383, 383])

Association Matrix: torch.Size([495, 383])
Data source: v2.0_495m383D (495 miRNAs × 383 Diseases)
============================================================
Preloading dual-view data to device...
✅ Loaded disease-gene features to device: torch.Size([383, 383])
✅ Loaded miRNA-sequence features to device: torch.Size([495, 495])
✅ Loaded disease semantic similarity to device: torch.Size([383, 383])
✅ Loaded miRNA functional similarity to device: torch.Size([495, 495])
✅ Dual-view data preloading completed in 0.00 seconds
OptimizedDataset initialized with 5 folds
Using device: cpu
=== Cross Validation Fold 1/5 ===
Using hidden dimensions: [256, 256] with 4 attention heads
优化模型初始化: miRNA数量 = 495, 疾病数量 = 383
   节点维度: 256 → 128
   类型数量: 4
   Temperature: 2.0 (可学习)
   Loss mode: two_head
   loss_mode=two_head
   exist_weight=0.300, type_weight=0.700

✅ SimplifiedMultiTypeAssociationLoss 初始化 (改进版)
   类别权重 (beta=0.99999): ['0.780', '1.822', '0.977', '0.421']
Original positive index shape: torch.Size([1072, 2])
Original negative index shape: torch.Size([135416, 2])
采样后负样本数量: 10720
🎯 Building TRUE DUAL VIEWS from four different sources...
📊 Data sources loaded:
  Disease semantic: torch.Size([383, 383])
  miRNA functional: torch.Size([495, 495])
  Disease-gene: torch.Size([383, 383])
  miRNA-sequence: torch.Size([495, 495])
🧬 Building miRNA dual-view hypergraphs...
  📊 miRNA View 1 (Sequence): torch.Size([495, 878])
  📊 miRNA View 2 (Function): torch.Size([495, 878])
🦠 Building disease dual-view hypergraphs...
  📊 Disease View 1 (Gene): torch.Size([383, 878])
  📊 Disease View 2 (Semantic): torch.Size([383, 878])
✅ Successfully built TRUE DUAL VIEWS:
   🧬 miRNA: Sequence Features (m_ss.xlsx) vs Functional Similarity (mi_fun_sim_2.0.csv)
   🦠 Disease: Gene Features (d_gs.xlsx) vs Semantic Similarity (dis_sem_sim_2.0.csv)

🔧 Epoch 1 梯度检查:
================================================================================

  参数名称                              梯度范数         梯度均值 状态             
  ----------------------------------------------------------------------
  type_relations                0.059724     0.001792 ✅ 正常           
  exist_relation                0.204505     0.012003 ✅ 正常           
  mi_proj_layer0                0.713824     0.002079 ✅ 正常           
  dis_proj_layer0               0.849819     0.002610 ✅ 正常           
================================================================================

Epoch 1, Total Loss: 20.2349, Recover Loss: 1.0855, miRNA CL: 8.9288, Disease CL: 8.4618, Inter-view (est): 4.0132, Recon Loss: 1.4608, Time: 0.97s
[INFO] Hypergraph updated at epoch 5
[INFO] Hypergraph updated at epoch 10
[INFO] Hypergraph updated at epoch 15
[INFO] Hypergraph updated at epoch 20
[INFO] Hypergraph updated at epoch 25
[INFO] Hypergraph updated at epoch 30
[INFO] Hypergraph updated at epoch 35
[INFO] Hypergraph updated at epoch 40
[INFO] Hypergraph updated at epoch 45
[INFO] Hypergraph updated at epoch 50

🔧 Epoch 50 梯度检查:
================================================================================

  参数名称                              梯度范数         梯度均值 状态             
  ----------------------------------------------------------------------
  type_relations                0.060750     0.001714 ✅ 正常           
  exist_relation                0.009100     0.000659 ✅ 正常           
  mi_proj_layer0                0.021741     0.000079 ✅ 正常           
  dis_proj_layer0               0.024206     0.000087 ✅ 正常           
================================================================================

Epoch 50, Total Loss: 17.0693, Recover Loss: 1.0100, miRNA CL: 7.9822, Disease CL: 7.6620, Inter-view (est): 3.6102, Recon Loss: 0.1322, Time: 94.77s
[INFO] Hypergraph updated at epoch 100

🔧 Epoch 100 梯度检查:
================================================================================

  参数名称                              梯度范数         梯度均值 状态             
  ----------------------------------------------------------------------
  type_relations                0.148184     0.002766 ✅ 正常           
  exist_relation                0.019931     0.000919 ✅ 正常           
  mi_proj_layer0                0.021802     0.000075 ✅ 正常           
  dis_proj_layer0               0.027121     0.000092 ✅ 正常           
================================================================================

Epoch 100, Total Loss: 15.9470, Recover Loss: 0.9848, miRNA CL: 7.6740, Disease CL: 6.9925, Inter-view (est): 3.3846, Recon Loss: 0.0316, Time: 131.23s
[INFO] Hypergraph updated at epoch 150

🔧 Epoch 150 梯度检查:
================================================================================

  参数名称                              梯度范数         梯度均值 状态             
  ----------------------------------------------------------------------
  type_relations                0.180675     0.003015 ✅ 正常           
  exist_relation                0.016222     0.000678 ✅ 正常           
  mi_proj_layer0                0.023761     0.000079 ✅ 正常           
  dis_proj_layer0               0.024180     0.000080 ✅ 正常           
================================================================================

Epoch 150, Total Loss: 15.1548, Recover Loss: 0.9522, miRNA CL: 7.3536, Disease CL: 6.5679, Inter-view (est): 3.2126, Recon Loss: 0.0299, Time: 164.53s
[INFO] Hypergraph updated at epoch 200

🔧 Epoch 200 梯度检查:
================================================================================

  参数名称                              梯度范数         梯度均值 状态             
  ----------------------------------------------------------------------
  type_relations                0.173705     0.003054 ✅ 正常           
  exist_relation                0.024691     0.000861 ✅ 正常           
  mi_proj_layer0                0.025898     0.000088 ✅ 正常           
  dis_proj_layer0               0.025043     0.000083 ✅ 正常           
================================================================================

Epoch 200, Total Loss: 14.7651, Recover Loss: 0.9233, miRNA CL: 7.1571, Disease CL: 6.4120, Inter-view (est): 3.1313, Recon Loss: 0.0286, Time: 197.69s
[INFO] Hypergraph updated at epoch 250

🔧 Epoch 250 梯度检查:
================================================================================

  参数名称                              梯度范数         梯度均值 状态             
  ----------------------------------------------------------------------
  type_relations                0.176518     0.002868 ✅ 正常           
  exist_relation                0.027070     0.000891 ✅ 正常           
  mi_proj_layer0                0.025784     0.000078 ✅ 正常           
  dis_proj_layer0               0.029190     0.000089 ✅ 正常           
================================================================================

Epoch 250, Total Loss: 14.5517, Recover Loss: 0.8990, miRNA CL: 7.0503, Disease CL: 6.3357, Inter-view (est): 3.0891, Recon Loss: 0.0281, Time: 230.56s
[INFO] Hypergraph updated at epoch 300

🔧 Epoch 300 梯度检查:
================================================================================

  参数名称                              梯度范数         梯度均值 状态             
  ----------------------------------------------------------------------
  type_relations                0.181679     0.002906 ✅ 正常           
  exist_relation                0.018936     0.000674 ✅ 正常           
  mi_proj_layer0                0.024696     0.000077 ✅ 正常           
  dis_proj_layer0               0.026427     0.000081 ✅ 正常           
================================================================================

Epoch 300, Total Loss: 14.3608, Recover Loss: 0.8674, miRNA CL: 6.9569, Disease CL: 6.2747, Inter-view (est): 3.0535, Recon Loss: 0.0281, Time: 263.46s
[INFO] Hypergraph updated at epoch 350

🔧 Epoch 350 梯度检查:
================================================================================

  参数名称                              梯度范数         梯度均值 状态             
  ----------------------------------------------------------------------
  type_relations                0.147975     0.002587 ✅ 正常           
  exist_relation                0.014326     0.000531 ✅ 正常           
  mi_proj_layer0                0.023257     0.000071 ✅ 正常           
  dis_proj_layer0               0.024327     0.000076 ✅ 正常           
================================================================================

Epoch 350, Total Loss: 14.2061, Recover Loss: 0.8505, miRNA CL: 6.8705, Disease CL: 6.2279, Inter-view (est): 3.0227, Recon Loss: 0.0274, Time: 296.62s
[INFO] Hypergraph updated at epoch 400

🔧 Epoch 400 梯度检查:
================================================================================

  参数名称                              梯度范数         梯度均值 状态             
  ----------------------------------------------------------------------
  type_relations                0.145335     0.002489 ✅ 正常           
  exist_relation                0.022513     0.000709 ✅ 正常           
  mi_proj_layer0                0.024021     0.000070 ✅ 正常           
  dis_proj_layer0               0.021136     0.000069 ✅ 正常           
================================================================================

Epoch 400, Total Loss: 14.1004, Recover Loss: 0.8415, miRNA CL: 6.8044, Disease CL: 6.2004, Inter-view (est): 3.0011, Recon Loss: 0.0267, Time: 330.04s
[INFO] Hypergraph updated at epoch 450

🔧 Epoch 450 梯度检查:
================================================================================

  参数名称                              梯度范数         梯度均值 状态             
  ----------------------------------------------------------------------
  type_relations                0.143343     0.002370 ✅ 正常           
  exist_relation                0.016180     0.000562 ✅ 正常           
  mi_proj_layer0                0.026417     0.000071 ✅ 正常           
  dis_proj_layer0               0.023075     0.000067 ✅ 正常           
================================================================================

Epoch 450, Total Loss: 14.0197, Recover Loss: 0.8300, miRNA CL: 6.7540, Disease CL: 6.1836, Inter-view (est): 2.9856, Recon Loss: 0.0263, Time: 362.85s
[INFO] Hypergraph updated at epoch 500

🔧 Epoch 500 梯度检查:
================================================================================

  参数名称                              梯度范数         梯度均值 状态             
  ----------------------------------------------------------------------
  type_relations                0.134576     0.002228 ✅ 正常           
  exist_relation                0.016921     0.000607 ✅ 正常           
  mi_proj_layer0                0.023195     0.000063 ✅ 正常           
  dis_proj_layer0               0.023749     0.000070 ✅ 正常           
================================================================================

Epoch 500, Total Loss: 13.9677, Recover Loss: 0.8247, miRNA CL: 6.7212, Disease CL: 6.1714, Inter-view (est): 2.9752, Recon Loss: 0.0259, Time: 396.39s
[INFO] Hypergraph updated at epoch 550

🔧 Epoch 550 梯度检查:
================================================================================

  参数名称                              梯度范数         梯度均值 状态             
  ----------------------------------------------------------------------
  type_relations                0.131703     0.002268 ✅ 正常           
  exist_relation                0.020535     0.000713 ✅ 正常           
  mi_proj_layer0                0.020484     0.000063 ✅ 正常           
  dis_proj_layer0               0.023164     0.000071 ✅ 正常           
================================================================================

Epoch 550, Total Loss: 13.9306, Recover Loss: 0.8257, miRNA CL: 6.6943, Disease CL: 6.1604, Inter-view (est): 2.9665, Recon Loss: 0.0269, Time: 431.04s
[INFO] Hypergraph updated at epoch 600

🔧 Epoch 600 梯度检查:
================================================================================

  参数名称                              梯度范数         梯度均值 状态             
  ----------------------------------------------------------------------
  type_relations                0.117700     0.001992 ✅ 正常           
  exist_relation                0.019870     0.000651 ✅ 正常           
  mi_proj_layer0                0.020539     0.000057 ✅ 正常           
  dis_proj_layer0               0.021231     0.000062 ✅ 正常           
================================================================================

Epoch 600, Total Loss: 13.8748, Recover Loss: 0.8053, miRNA CL: 6.6718, Disease CL: 6.1493, Inter-view (est): 2.9587, Recon Loss: 0.0263, Time: 464.12s
[INFO] Hypergraph updated at epoch 650

🔧 Epoch 650 梯度检查:
================================================================================

  参数名称                              梯度范数         梯度均值 状态             
  ----------------------------------------------------------------------
  type_relations                0.111774     0.001884 ✅ 正常           
  exist_relation                0.020314     0.000598 ✅ 正常           
  mi_proj_layer0                0.019324     0.000057 ✅ 正常           
  dis_proj_layer0               0.023748     0.000065 ✅ 正常           
================================================================================

Epoch 650, Total Loss: 13.8384, Recover Loss: 0.8024, miRNA CL: 6.6513, Disease CL: 6.1383, Inter-view (est): 2.9514, Recon Loss: 0.0256, Time: 496.76s

================================================================================
Training completed. Running final test...
================================================================================
Fold 1 completed - AUC: 0.9762, Top-1 F1: 0.5724
Fold 1 training time: 498.18 seconds
=== Cross Validation Fold 2/5 ===
Using hidden dimensions: [256, 256] with 4 attention heads
优化模型初始化: miRNA数量 = 495, 疾病数量 = 383
   节点维度: 256 → 128
   类型数量: 4
   Temperature: 2.0 (可学习)
   Loss mode: two_head
   loss_mode=two_head
   exist_weight=0.300, type_weight=0.700

✅ SimplifiedMultiTypeAssociationLoss 初始化 (改进版)
   类别权重 (beta=0.99999): ['0.780', '1.822', '0.977', '0.421']
Original positive index shape: torch.Size([1072, 2])
Original negative index shape: torch.Size([135416, 2])
采样后负样本数量: 10720
🎯 Building TRUE DUAL VIEWS from four different sources...
📊 Data sources loaded:
  Disease semantic: torch.Size([383, 383])
  miRNA functional: torch.Size([495, 495])
  Disease-gene: torch.Size([383, 383])
  miRNA-sequence: torch.Size([495, 495])
🧬 Building miRNA dual-view hypergraphs...
  📊 miRNA View 1 (Sequence): torch.Size([495, 878])
  📊 miRNA View 2 (Function): torch.Size([495, 878])
🦠 Building disease dual-view hypergraphs...
  📊 Disease View 1 (Gene): torch.Size([383, 878])
  📊 Disease View 2 (Semantic): torch.Size([383, 878])
✅ Successfully built TRUE DUAL VIEWS:
   🧬 miRNA: Sequence Features (m_ss.xlsx) vs Functional Similarity (mi_fun_sim_2.0.csv)
   🦠 Disease: Gene Features (d_gs.xlsx) vs Semantic Similarity (dis_sem_sim_2.0.csv)

🔧 Epoch 1 梯度检查:
================================================================================

  参数名称                              梯度范数         梯度均值 状态             
  ----------------------------------------------------------------------
  type_relations                0.063554     0.001755 ✅ 正常           
  exist_relation                0.287845     0.016477 ✅ 正常           
  mi_proj_layer0                1.000848     0.002856 ✅ 正常           
  dis_proj_layer0               0.941850     0.002742 ✅ 正常           
================================================================================

Epoch 1, Total Loss: 20.2718, Recover Loss: 1.1099, miRNA CL: 8.9550, Disease CL: 8.4349, Inter-view (est): 4.0131, Recon Loss: 1.4738, Time: 0.67s
[INFO] Hypergraph updated at epoch 5
[INFO] Hypergraph updated at epoch 10
[INFO] Hypergraph updated at epoch 15
[INFO] Hypergraph updated at epoch 20
[INFO] Hypergraph updated at epoch 25
[INFO] Hypergraph updated at epoch 30
[INFO] Hypergraph updated at epoch 35
[INFO] Hypergraph updated at epoch 40
[INFO] Hypergraph updated at epoch 45
[INFO] Hypergraph updated at epoch 50

🔧 Epoch 50 梯度检查:
================================================================================

  参数名称                              梯度范数         梯度均值 状态             
  ----------------------------------------------------------------------
  type_relations                0.063062     0.001740 ✅ 正常           
  exist_relation                0.014704     0.000824 ✅ 正常           
  mi_proj_layer0                0.021072     0.000077 ✅ 正常           
  dis_proj_layer0               0.024200     0.000085 ✅ 正常           
================================================================================

Epoch 50, Total Loss: 17.0620, Recover Loss: 1.0091, miRNA CL: 7.9678, Disease CL: 7.6837, Inter-view (est): 3.6119, Recon Loss: 0.1189, Time: 87.67s
[INFO] Hypergraph updated at epoch 100

🔧 Epoch 100 梯度检查:
================================================================================

  参数名称                              梯度范数         梯度均值 状态             
  ----------------------------------------------------------------------
  type_relations                0.137568     0.003036 ✅ 正常           
  exist_relation                0.012520     0.000687 ✅ 正常           
  mi_proj_layer0                0.024338     0.000085 ✅ 正常           
  dis_proj_layer0               0.025458     0.000088 ✅ 正常           
================================================================================

Epoch 100, Total Loss: 15.8613, Recover Loss: 0.9857, miRNA CL: 7.6259, Disease CL: 6.9564, Inter-view (est): 3.3651, Recon Loss: 0.0305, Time: 122.23s
[INFO] Hypergraph updated at epoch 150

🔧 Epoch 150 梯度检查:
================================================================================

  参数名称                              梯度范数         梯度均值 状态             
  ----------------------------------------------------------------------
  type_relations                0.181332     0.003305 ✅ 正常           
  exist_relation                0.022038     0.000737 ✅ 正常           
  mi_proj_layer0                0.025069     0.000088 ✅ 正常           
  dis_proj_layer0               0.028010     0.000094 ✅ 正常           
================================================================================

Epoch 150, Total Loss: 15.0201, Recover Loss: 0.9470, miRNA CL: 7.2502, Disease CL: 6.5447, Inter-view (est): 3.1834, Recon Loss: 0.0290, Time: 155.25s
[INFO] Hypergraph updated at epoch 200

🔧 Epoch 200 梯度检查:
================================================================================

  参数名称                              梯度范数         梯度均值 状态             
  ----------------------------------------------------------------------
  type_relations                0.188154     0.003471 ✅ 正常           
  exist_relation                0.024100     0.000869 ✅ 正常           
  mi_proj_layer0                0.025730     0.000086 ✅ 正常           
  dis_proj_layer0               0.025642     0.000084 ✅ 正常           
================================================================================

Epoch 200, Total Loss: 14.7025, Recover Loss: 0.9272, miRNA CL: 7.0977, Disease CL: 6.4073, Inter-view (est): 3.1165, Recon Loss: 0.0287, Time: 188.27s
[INFO] Hypergraph updated at epoch 250

🔧 Epoch 250 梯度检查:
================================================================================

  参数名称                              梯度范数         梯度均值 状态             
  ----------------------------------------------------------------------
  type_relations                0.195732     0.003328 ✅ 正常           
  exist_relation                0.020172     0.000765 ✅ 正常           
  mi_proj_layer0                0.021428     0.000072 ✅ 正常           
  dis_proj_layer0               0.024870     0.000080 ✅ 正常           
================================================================================

Epoch 250, Total Loss: 14.4613, Recover Loss: 0.8855, miRNA CL: 6.9898, Disease CL: 6.3223, Inter-view (est): 3.0720, Recon Loss: 0.0282, Time: 221.58s
[INFO] Hypergraph updated at epoch 300

🔧 Epoch 300 梯度检查:
================================================================================

  参数名称                              梯度范数         梯度均值 状态             
  ----------------------------------------------------------------------
  type_relations                0.150563     0.002644 ✅ 正常           
  exist_relation                0.020372     0.000701 ✅ 正常           
  mi_proj_layer0                0.022771     0.000073 ✅ 正常           
  dis_proj_layer0               0.024038     0.000079 ✅ 正常           
================================================================================

Epoch 300, Total Loss: 14.2964, Recover Loss: 0.8648, miRNA CL: 6.9052, Disease CL: 6.2678, Inter-view (est): 3.0399, Recon Loss: 0.0277, Time: 254.66s
[INFO] Hypergraph updated at epoch 350

🔧 Epoch 350 梯度检查:
================================================================================

  参数名称                              梯度范数         梯度均值 状态             
  ----------------------------------------------------------------------
  type_relations                0.159946     0.002821 ✅ 正常           
  exist_relation                0.017156     0.000631 ✅ 正常           
  mi_proj_layer0                0.022355     0.000072 ✅ 正常           
  dis_proj_layer0               0.025005     0.000079 ✅ 正常           
================================================================================

Epoch 350, Total Loss: 14.1844, Recover Loss: 0.8504, miRNA CL: 6.8410, Disease CL: 6.2378, Inter-view (est): 3.0182, Recon Loss: 0.0269, Time: 288.23s
[INFO] Hypergraph updated at epoch 400

🔧 Epoch 400 梯度检查:
================================================================================

  参数名称                              梯度范数         梯度均值 状态             
  ----------------------------------------------------------------------
  type_relations                0.136548     0.002620 ✅ 正常           
  exist_relation                0.018283     0.000634 ✅ 正常           
  mi_proj_layer0                0.019994     0.000063 ✅ 正常           
  dis_proj_layer0               0.021469     0.000069 ✅ 正常           
================================================================================

Epoch 400, Total Loss: 14.0960, Recover Loss: 0.8404, miRNA CL: 6.7889, Disease CL: 6.2142, Inter-view (est): 3.0007, Recon Loss: 0.0265, Time: 321.02s
[INFO] Hypergraph updated at epoch 450

🔧 Epoch 450 梯度检查:
================================================================================

  参数名称                              梯度范数         梯度均值 状态             
  ----------------------------------------------------------------------
  type_relations                0.143044     0.002779 ✅ 正常           
  exist_relation                0.013464     0.000522 ✅ 正常           
  mi_proj_layer0                0.023051     0.000070 ✅ 正常           
  dis_proj_layer0               0.023133     0.000074 ✅ 正常           
================================================================================

Epoch 450, Total Loss: 14.0261, Recover Loss: 0.8312, miRNA CL: 6.7448, Disease CL: 6.1991, Inter-view (est): 2.9871, Recon Loss: 0.0263, Time: 353.87s
[INFO] Hypergraph updated at epoch 500

🔧 Epoch 500 梯度检查:
================================================================================

  参数名称                              梯度范数         梯度均值 状态             
  ----------------------------------------------------------------------
  type_relations                0.149486     0.002822 ✅ 正常           
  exist_relation                0.014968     0.000616 ✅ 正常           
  mi_proj_layer0                0.023432     0.000073 ✅ 正常           
  dis_proj_layer0               0.028683     0.000084 ✅ 正常           
================================================================================

Epoch 500, Total Loss: 13.9734, Recover Loss: 0.8271, miRNA CL: 6.7113, Disease CL: 6.1858, Inter-view (est): 2.9763, Recon Loss: 0.0258, Time: 387.17s
[INFO] Hypergraph updated at epoch 550

🔧 Epoch 550 梯度检查:
================================================================================

  参数名称                              梯度范数         梯度均值 状态             
  ----------------------------------------------------------------------
  type_relations                0.143955     0.002642 ✅ 正常           
  exist_relation                0.015687     0.000597 ✅ 正常           
  mi_proj_layer0                0.023346     0.000070 ✅ 正常           
  dis_proj_layer0               0.024564     0.000077 ✅ 正常           
================================================================================

Epoch 550, Total Loss: 13.9162, Recover Loss: 0.8154, miRNA CL: 6.6791, Disease CL: 6.1740, Inter-view (est): 2.9661, Recon Loss: 0.0257, Time: 419.86s
[INFO] Hypergraph updated at epoch 600

🔧 Epoch 600 梯度检查:
================================================================================

  参数名称                              梯度范数         梯度均值 状态             
  ----------------------------------------------------------------------
  type_relations                0.125010     0.002298 ✅ 正常           
  exist_relation                0.017191     0.000628 ✅ 正常           
  mi_proj_layer0                0.022088     0.000066 ✅ 正常           
  dis_proj_layer0               0.025353     0.000075 ✅ 正常           
================================================================================

Epoch 600, Total Loss: 13.8668, Recover Loss: 0.8022, miRNA CL: 6.6544, Disease CL: 6.1630, Inter-view (est): 2.9578, Recon Loss: 0.0264, Time: 452.94s
[INFO] Hypergraph updated at epoch 650

🔧 Epoch 650 梯度检查:
================================================================================

  参数名称                              梯度范数         梯度均值 状态             
  ----------------------------------------------------------------------
  type_relations                0.131176     0.002467 ✅ 正常           
  exist_relation                0.015715     0.000579 ✅ 正常           
  mi_proj_layer0                0.022405     0.000067 ✅ 正常           
  dis_proj_layer0               0.022382     0.000070 ✅ 正常           
================================================================================

Epoch 650, Total Loss: 13.8253, Recover Loss: 0.7953, miRNA CL: 6.6322, Disease CL: 6.1523, Inter-view (est): 2.9503, Recon Loss: 0.0258, Time: 486.32s

================================================================================
Training completed. Running final test...
================================================================================
Fold 2 completed - AUC: 0.9754, Top-1 F1: 0.5651
Fold 2 training time: 487.12 seconds
=== Cross Validation Fold 3/5 ===
Using hidden dimensions: [256, 256] with 4 attention heads
优化模型初始化: miRNA数量 = 495, 疾病数量 = 383
   节点维度: 256 → 128
   类型数量: 4
   Temperature: 2.0 (可学习)
   Loss mode: two_head
   loss_mode=two_head
   exist_weight=0.300, type_weight=0.700

✅ SimplifiedMultiTypeAssociationLoss 初始化 (改进版)
   类别权重 (beta=0.99999): ['0.780', '1.822', '0.977', '0.421']
Original positive index shape: torch.Size([1072, 2])
Original negative index shape: torch.Size([135416, 2])
采样后负样本数量: 10720
🎯 Building TRUE DUAL VIEWS from four different sources...
📊 Data sources loaded:
  Disease semantic: torch.Size([383, 383])
  miRNA functional: torch.Size([495, 495])
  Disease-gene: torch.Size([383, 383])
  miRNA-sequence: torch.Size([495, 495])
🧬 Building miRNA dual-view hypergraphs...
  📊 miRNA View 1 (Sequence): torch.Size([495, 878])
  📊 miRNA View 2 (Function): torch.Size([495, 878])
🦠 Building disease dual-view hypergraphs...
  📊 Disease View 1 (Gene): torch.Size([383, 878])
  📊 Disease View 2 (Semantic): torch.Size([383, 878])
✅ Successfully built TRUE DUAL VIEWS:
   🧬 miRNA: Sequence Features (m_ss.xlsx) vs Functional Similarity (mi_fun_sim_2.0.csv)
   🦠 Disease: Gene Features (d_gs.xlsx) vs Semantic Similarity (dis_sem_sim_2.0.csv)

🔧 Epoch 1 梯度检查:
================================================================================

  参数名称                              梯度范数         梯度均值 状态             
  ----------------------------------------------------------------------
  type_relations                0.064024     0.001960 ✅ 正常           
  exist_relation                0.362819     0.019218 ✅ 正常           
  mi_proj_layer0                1.001426     0.002949 ✅ 正常           
  dis_proj_layer0               1.164089     0.003117 ✅ 正常           
================================================================================

Epoch 1, Total Loss: 20.2499, Recover Loss: 1.1095, miRNA CL: 8.9017, Disease CL: 8.4322, Inter-view (est): 4.0001, Recon Loss: 1.5082, Time: 0.69s
[INFO] Hypergraph updated at epoch 5
[INFO] Hypergraph updated at epoch 10
[INFO] Hypergraph updated at epoch 15
[INFO] Hypergraph updated at epoch 20
[INFO] Hypergraph updated at epoch 25
[INFO] Hypergraph updated at epoch 30
[INFO] Hypergraph updated at epoch 35
[INFO] Hypergraph updated at epoch 40
[INFO] Hypergraph updated at epoch 45
[INFO] Hypergraph updated at epoch 50

🔧 Epoch 50 梯度检查:
================================================================================

  参数名称                              梯度范数         梯度均值 状态             
  ----------------------------------------------------------------------
  type_relations                0.075324     0.002001 ✅ 正常           
  exist_relation                0.020373     0.001127 ✅ 正常           
  mi_proj_layer0                0.028955     0.000104 ✅ 正常           
  dis_proj_layer0               0.027378     0.000100 ✅ 正常           
================================================================================

Epoch 50, Total Loss: 17.0870, Recover Loss: 1.0093, miRNA CL: 7.9857, Disease CL: 7.6901, Inter-view (est): 3.6175, Recon Loss: 0.1189, Time: 90.43s
[INFO] Hypergraph updated at epoch 100

🔧 Epoch 100 梯度检查:
================================================================================

  参数名称                              梯度范数         梯度均值 状态             
  ----------------------------------------------------------------------
  type_relations                0.145879     0.003064 ✅ 正常           
  exist_relation                0.013415     0.000681 ✅ 正常           
  mi_proj_layer0                0.024194     0.000081 ✅ 正常           
  dis_proj_layer0               0.025361     0.000086 ✅ 正常           
================================================================================

Epoch 100, Total Loss: 15.9607, Recover Loss: 0.9838, miRNA CL: 7.6880, Disease CL: 6.9940, Inter-view (est): 3.3881, Recon Loss: 0.0314, Time: 125.11s
[INFO] Hypergraph updated at epoch 150

🔧 Epoch 150 梯度检查:
================================================================================

  参数名称                              梯度范数         梯度均值 状态             
  ----------------------------------------------------------------------
  type_relations                0.183258     0.003040 ✅ 正常           
  exist_relation                0.013935     0.000587 ✅ 正常           
  mi_proj_layer0                0.023032     0.000074 ✅ 正常           
  dis_proj_layer0               0.022972     0.000080 ✅ 正常           
================================================================================

Epoch 150, Total Loss: 15.1630, Recover Loss: 0.9464, miRNA CL: 7.3685, Disease CL: 6.5685, Inter-view (est): 3.2162, Recon Loss: 0.0295, Time: 158.65s
[INFO] Hypergraph updated at epoch 200

🔧 Epoch 200 梯度检查:
================================================================================

  参数名称                              梯度范数         梯度均值 状态             
  ----------------------------------------------------------------------
  type_relations                0.219535     0.003258 ✅ 正常           
  exist_relation                0.008557     0.000374 ✅ 正常           
  mi_proj_layer0                0.023268     0.000072 ✅ 正常           
  dis_proj_layer0               0.022366     0.000074 ✅ 正常           
================================================================================

Epoch 200, Total Loss: 14.7389, Recover Loss: 0.9204, miRNA CL: 7.1367, Disease CL: 6.4106, Inter-view (est): 3.1263, Recon Loss: 0.0291, Time: 191.97s
[INFO] Hypergraph updated at epoch 250

🔧 Epoch 250 梯度检查:
================================================================================

  参数名称                              梯度范数         梯度均值 状态             
  ----------------------------------------------------------------------
  type_relations                0.199547     0.003049 ✅ 正常           
  exist_relation                0.016855     0.000590 ✅ 正常           
  mi_proj_layer0                0.023132     0.000072 ✅ 正常           
  dis_proj_layer0               0.022682     0.000075 ✅ 正常           
================================================================================

Epoch 250, Total Loss: 14.5125, Recover Loss: 0.8999, miRNA CL: 7.0255, Disease CL: 6.3229, Inter-view (est): 3.0804, Recon Loss: 0.0277, Time: 224.55s
[INFO] Hypergraph updated at epoch 300

🔧 Epoch 300 梯度检查:
================================================================================

  参数名称                              梯度范数         梯度均值 状态             
  ----------------------------------------------------------------------
  type_relations                0.180636     0.002857 ✅ 正常           
  exist_relation                0.017952     0.000617 ✅ 正常           
  mi_proj_layer0                0.018986     0.000063 ✅ 正常           
  dis_proj_layer0               0.020155     0.000065 ✅ 正常           
================================================================================

Epoch 300, Total Loss: 14.3293, Recover Loss: 0.8672, miRNA CL: 6.9398, Disease CL: 6.2634, Inter-view (est): 3.0469, Recon Loss: 0.0266, Time: 257.77s
[INFO] Hypergraph updated at epoch 350

🔧 Epoch 350 梯度检查:
================================================================================

  参数名称                              梯度范数         梯度均值 状态             
  ----------------------------------------------------------------------
  type_relations                0.153573     0.002555 ✅ 正常           
  exist_relation                0.023636     0.000844 ✅ 正常           
  mi_proj_layer0                0.022432     0.000066 ✅ 正常           
  dis_proj_layer0               0.024377     0.000073 ✅ 正常           
================================================================================

Epoch 350, Total Loss: 14.1772, Recover Loss: 0.8540, miRNA CL: 6.8489, Disease CL: 6.2187, Inter-view (est): 3.0156, Recon Loss: 0.0269, Time: 290.31s
[INFO] Hypergraph updated at epoch 400

🔧 Epoch 400 梯度检查:
================================================================================

  参数名称                              梯度范数         梯度均值 状态             
  ----------------------------------------------------------------------
  type_relations                0.142511     0.002396 ✅ 正常           
  exist_relation                0.022300     0.000757 ✅ 正常           
  mi_proj_layer0                0.021980     0.000066 ✅ 正常           
  dis_proj_layer0               0.020787     0.000067 ✅ 正常           
================================================================================

Epoch 400, Total Loss: 14.0629, Recover Loss: 0.8406, miRNA CL: 6.7761, Disease CL: 6.1938, Inter-view (est): 2.9931, Recon Loss: 0.0261, Time: 323.22s
[INFO] Hypergraph updated at epoch 450

🔧 Epoch 450 梯度检查:
================================================================================

  参数名称                              梯度范数         梯度均值 状态             
  ----------------------------------------------------------------------
  type_relations                0.135644     0.002372 ✅ 正常           
  exist_relation                0.023002     0.000729 ✅ 正常           
  mi_proj_layer0                0.020541     0.000064 ✅ 正常           
  dis_proj_layer0               0.021213     0.000069 ✅ 正常           
================================================================================

Epoch 450, Total Loss: 13.9842, Recover Loss: 0.8257, miRNA CL: 6.7297, Disease CL: 6.1775, Inter-view (est): 2.9786, Recon Loss: 0.0266, Time: 355.97s
[INFO] Hypergraph updated at epoch 500

🔧 Epoch 500 梯度检查:
================================================================================

  参数名称                              梯度范数         梯度均值 状态             
  ----------------------------------------------------------------------
  type_relations                0.141484     0.002470 ✅ 正常           
  exist_relation                0.014048     0.000585 ✅ 正常           
  mi_proj_layer0                0.018627     0.000059 ✅ 正常           
  dis_proj_layer0               0.020828     0.000066 ✅ 正常           
================================================================================

Epoch 500, Total Loss: 13.9387, Recover Loss: 0.8195, miRNA CL: 6.7020, Disease CL: 6.1675, Inter-view (est): 2.9699, Recon Loss: 0.0260, Time: 388.85s
[INFO] Hypergraph updated at epoch 550

🔧 Epoch 550 梯度检查:
================================================================================

  参数名称                              梯度范数         梯度均值 状态             
  ----------------------------------------------------------------------
  type_relations                0.120178     0.002109 ✅ 正常           
  exist_relation                0.019518     0.000687 ✅ 正常           
  mi_proj_layer0                0.017537     0.000055 ✅ 正常           
  dis_proj_layer0               0.019767     0.000063 ✅ 正常           
================================================================================

Epoch 550, Total Loss: 13.9020, Recover Loss: 0.8135, miRNA CL: 6.6808, Disease CL: 6.1584, Inter-view (est): 2.9629, Recon Loss: 0.0266, Time: 422.48s
[INFO] Hypergraph updated at epoch 600

🔧 Epoch 600 梯度检查:
================================================================================

  参数名称                              梯度范数         梯度均值 状态             
  ----------------------------------------------------------------------
  type_relations                0.111137     0.002036 ✅ 正常           
  exist_relation                0.021128     0.000743 ✅ 正常           
  mi_proj_layer0                0.017985     0.000058 ✅ 正常           
  dis_proj_layer0               0.019807     0.000063 ✅ 正常           
================================================================================

Epoch 600, Total Loss: 13.8626, Recover Loss: 0.8039, miRNA CL: 6.6618, Disease CL: 6.1493, Inter-view (est): 2.9564, Recon Loss: 0.0260, Time: 455.71s
[INFO] Hypergraph updated at epoch 650

🔧 Epoch 650 梯度检查:
================================================================================

  参数名称                              梯度范数         梯度均值 状态             
  ----------------------------------------------------------------------
  type_relations                0.099228     0.001736 ✅ 正常           
  exist_relation                0.013345     0.000506 ✅ 正常           
  mi_proj_layer0                0.015864     0.000050 ✅ 正常           
  dis_proj_layer0               0.016916     0.000053 ✅ 正常           
================================================================================

Epoch 650, Total Loss: 13.8306, Recover Loss: 0.7991, miRNA CL: 6.6452, Disease CL: 6.1401, Inter-view (est): 2.9505, Recon Loss: 0.0258, Time: 488.28s

================================================================================
Training completed. Running final test...
================================================================================
Fold 3 completed - AUC: 0.9728, Top-1 F1: 0.5973
Fold 3 training time: 489.10 seconds
=== Cross Validation Fold 4/5 ===
Using hidden dimensions: [256, 256] with 4 attention heads
优化模型初始化: miRNA数量 = 495, 疾病数量 = 383
   节点维度: 256 → 128
   类型数量: 4
   Temperature: 2.0 (可学习)
   Loss mode: two_head
   loss_mode=two_head
   exist_weight=0.300, type_weight=0.700

✅ SimplifiedMultiTypeAssociationLoss 初始化 (改进版)
   类别权重 (beta=0.99999): ['0.780', '1.822', '0.977', '0.421']
Original positive index shape: torch.Size([1072, 2])
Original negative index shape: torch.Size([135416, 2])
采样后负样本数量: 10720
🎯 Building TRUE DUAL VIEWS from four different sources...
📊 Data sources loaded:
  Disease semantic: torch.Size([383, 383])
  miRNA functional: torch.Size([495, 495])
  Disease-gene: torch.Size([383, 383])
  miRNA-sequence: torch.Size([495, 495])
🧬 Building miRNA dual-view hypergraphs...
  📊 miRNA View 1 (Sequence): torch.Size([495, 878])
  📊 miRNA View 2 (Function): torch.Size([495, 878])
🦠 Building disease dual-view hypergraphs...
  📊 Disease View 1 (Gene): torch.Size([383, 878])
  📊 Disease View 2 (Semantic): torch.Size([383, 878])
✅ Successfully built TRUE DUAL VIEWS:
   🧬 miRNA: Sequence Features (m_ss.xlsx) vs Functional Similarity (mi_fun_sim_2.0.csv)
   🦠 Disease: Gene Features (d_gs.xlsx) vs Semantic Similarity (dis_sem_sim_2.0.csv)

🔧 Epoch 1 梯度检查:
================================================================================

  参数名称                              梯度范数         梯度均值 状态             
  ----------------------------------------------------------------------
  type_relations                0.051310     0.001579 ✅ 正常           
  exist_relation                0.166491     0.009982 ✅ 正常           
  mi_proj_layer0                0.468232     0.001420 ✅ 正常           
  dis_proj_layer0               0.632850     0.001967 ✅ 正常           
================================================================================

Epoch 1, Total Loss: 20.2301, Recover Loss: 1.0694, miRNA CL: 8.9199, Disease CL: 8.4506, Inter-view (est): 4.0086, Recon Loss: 1.4920, Time: 0.73s
[INFO] Hypergraph updated at epoch 5
[INFO] Hypergraph updated at epoch 10
[INFO] Hypergraph updated at epoch 15
[INFO] Hypergraph updated at epoch 20
[INFO] Hypergraph updated at epoch 25
[INFO] Hypergraph updated at epoch 30
[INFO] Hypergraph updated at epoch 35
[INFO] Hypergraph updated at epoch 40
[INFO] Hypergraph updated at epoch 45
[INFO] Hypergraph updated at epoch 50

🔧 Epoch 50 梯度检查:
================================================================================

  参数名称                              梯度范数         梯度均值 状态             
  ----------------------------------------------------------------------
  type_relations                0.066736     0.001735 ✅ 正常           
  exist_relation                0.011687     0.000745 ✅ 正常           
  mi_proj_layer0                0.019882     0.000073 ✅ 正常           
  dis_proj_layer0               0.023399     0.000083 ✅ 正常           
================================================================================

Epoch 50, Total Loss: 17.0666, Recover Loss: 1.0080, miRNA CL: 7.9859, Disease CL: 7.6876, Inter-view (est): 3.6169, Recon Loss: 0.1027, Time: 91.51s
[INFO] Hypergraph updated at epoch 100

🔧 Epoch 100 梯度检查:
================================================================================

  参数名称                              梯度范数         梯度均值 状态             
  ----------------------------------------------------------------------
  type_relations                0.154703     0.002875 ✅ 正常           
  exist_relation                0.019262     0.000796 ✅ 正常           
  mi_proj_layer0                0.020672     0.000074 ✅ 正常           
  dis_proj_layer0               0.025703     0.000089 ✅ 正常           
================================================================================

Epoch 100, Total Loss: 15.8888, Recover Loss: 0.9864, miRNA CL: 7.6892, Disease CL: 6.9199, Inter-view (est): 3.3713, Recon Loss: 0.0312, Time: 125.85s
[INFO] Hypergraph updated at epoch 150

🔧 Epoch 150 梯度检查:
================================================================================

  参数名称                              梯度范数         梯度均值 状态             
  ----------------------------------------------------------------------
  type_relations                0.182565     0.002942 ✅ 正常           
  exist_relation                0.016109     0.000640 ✅ 正常           
  mi_proj_layer0                0.020679     0.000070 ✅ 正常           
  dis_proj_layer0               0.024136     0.000078 ✅ 正常           
================================================================================

Epoch 150, Total Loss: 15.1292, Recover Loss: 0.9475, miRNA CL: 7.3743, Disease CL: 6.5296, Inter-view (est): 3.2086, Recon Loss: 0.0299, Time: 158.38s
[INFO] Hypergraph updated at epoch 200

🔧 Epoch 200 梯度检查:
================================================================================

  参数名称                              梯度范数         梯度均值 状态             
  ----------------------------------------------------------------------
  type_relations                0.161779     0.002656 ✅ 正常           
  exist_relation                0.025628     0.000810 ✅ 正常           
  mi_proj_layer0                0.022046     0.000072 ✅ 正常           
  dis_proj_layer0               0.024269     0.000078 ✅ 正常           
================================================================================

Epoch 200, Total Loss: 14.7093, Recover Loss: 0.9255, miRNA CL: 7.1337, Disease CL: 6.3815, Inter-view (est): 3.1189, Recon Loss: 0.0293, Time: 191.19s
[INFO] Hypergraph updated at epoch 250

🔧 Epoch 250 梯度检查:
================================================================================

  参数名称                              梯度范数         梯度均值 状态             
  ----------------------------------------------------------------------
  type_relations                0.173527     0.002927 ✅ 正常           
  exist_relation                0.016193     0.000602 ✅ 正常           
  mi_proj_layer0                0.021912     0.000069 ✅ 正常           
  dis_proj_layer0               0.022264     0.000073 ✅ 正常           
================================================================================

Epoch 250, Total Loss: 14.4919, Recover Loss: 0.8997, miRNA CL: 7.0254, Disease CL: 6.3051, Inter-view (est): 3.0763, Recon Loss: 0.0283, Time: 224.30s
[INFO] Hypergraph updated at epoch 300

🔧 Epoch 300 梯度检查:
================================================================================

  参数名称                              梯度范数         梯度均值 状态             
  ----------------------------------------------------------------------
  type_relations                0.159772     0.002731 ✅ 正常           
  exist_relation                0.019867     0.000766 ✅ 正常           
  mi_proj_layer0                0.025594     0.000075 ✅ 正常           
  dis_proj_layer0               0.027310     0.000082 ✅ 正常           
================================================================================

Epoch 300, Total Loss: 14.3025, Recover Loss: 0.8656, miRNA CL: 6.9354, Disease CL: 6.2456, Inter-view (est): 3.0418, Recon Loss: 0.0275, Time: 258.18s
[INFO] Hypergraph updated at epoch 350

🔧 Epoch 350 梯度检查:
================================================================================

  参数名称                              梯度范数         梯度均值 状态             
  ----------------------------------------------------------------------
  type_relations                0.144385     0.002464 ✅ 正常           
  exist_relation                0.022536     0.000822 ✅ 正常           
  mi_proj_layer0                0.019547     0.000060 ✅ 正常           
  dis_proj_layer0               0.022576     0.000072 ✅ 正常           
================================================================================

Epoch 350, Total Loss: 14.1573, Recover Loss: 0.8437, miRNA CL: 6.8560, Disease CL: 6.2061, Inter-view (est): 3.0143, Recon Loss: 0.0270, Time: 290.81s
[INFO] Hypergraph updated at epoch 400

🔧 Epoch 400 梯度检查:
================================================================================

  参数名称                              梯度范数         梯度均值 状态             
  ----------------------------------------------------------------------
  type_relations                0.145244     0.002311 ✅ 正常           
  exist_relation                0.032592     0.001027 ✅ 正常           
  mi_proj_layer0                0.021179     0.000063 ✅ 正常           
  dis_proj_layer0               0.021875     0.000069 ✅ 正常           
================================================================================

Epoch 400, Total Loss: 14.0456, Recover Loss: 0.8297, miRNA CL: 6.7870, Disease CL: 6.1802, Inter-view (est): 2.9924, Recon Loss: 0.0267, Time: 323.37s
[INFO] Hypergraph updated at epoch 450

🔧 Epoch 450 梯度检查:
================================================================================

  参数名称                              梯度范数         梯度均值 状态             
  ----------------------------------------------------------------------
  type_relations                0.145019     0.002371 ✅ 正常           
  exist_relation                0.019262     0.000692 ✅ 正常           
  mi_proj_layer0                0.019039     0.000057 ✅ 正常           
  dis_proj_layer0               0.023974     0.000072 ✅ 正常           
================================================================================

Epoch 450, Total Loss: 13.9745, Recover Loss: 0.8193, miRNA CL: 6.7442, Disease CL: 6.1646, Inter-view (est): 2.9790, Recon Loss: 0.0262, Time: 356.35s
[INFO] Hypergraph updated at epoch 500

🔧 Epoch 500 梯度检查:
================================================================================

  参数名称                              梯度范数         梯度均值 状态             
  ----------------------------------------------------------------------
  type_relations                0.137143     0.002386 ✅ 正常           
  exist_relation                0.029682     0.001012 ✅ 正常           
  mi_proj_layer0                0.019110     0.000058 ✅ 正常           
  dis_proj_layer0               0.023921     0.000074 ✅ 正常           
================================================================================

Epoch 500, Total Loss: 13.9348, Recover Loss: 0.8144, miRNA CL: 6.7216, Disease CL: 6.1532, Inter-view (est): 2.9711, Recon Loss: 0.0265, Time: 389.69s
[INFO] Hypergraph updated at epoch 550

🔧 Epoch 550 梯度检查:
================================================================================

  参数名称                              梯度范数         梯度均值 状态             
  ----------------------------------------------------------------------
  type_relations                0.127266     0.002158 ✅ 正常           
  exist_relation                0.018845     0.000723 ✅ 正常           
  mi_proj_layer0                0.019007     0.000056 ✅ 正常           
  dis_proj_layer0               0.021514     0.000064 ✅ 正常           
================================================================================

Epoch 550, Total Loss: 13.8868, Recover Loss: 0.8038, miRNA CL: 6.6946, Disease CL: 6.1446, Inter-view (est): 2.9629, Recon Loss: 0.0257, Time: 422.68s
[INFO] Hypergraph updated at epoch 600

🔧 Epoch 600 梯度检查:
================================================================================

  参数名称                              梯度范数         梯度均值 状态             
  ----------------------------------------------------------------------
  type_relations                0.128398     0.002269 ✅ 正常           
  exist_relation                0.021302     0.000696 ✅ 正常           
  mi_proj_layer0                0.020032     0.000059 ✅ 正常           
  dis_proj_layer0               0.023772     0.000071 ✅ 正常           
================================================================================

Epoch 600, Total Loss: 13.8580, Recover Loss: 0.8055, miRNA CL: 6.6738, Disease CL: 6.1359, Inter-view (est): 2.9561, Recon Loss: 0.0257, Time: 455.84s
[INFO] Hypergraph updated at epoch 650

🔧 Epoch 650 梯度检查:
================================================================================

  参数名称                              梯度范数         梯度均值 状态             
  ----------------------------------------------------------------------
  type_relations                0.119888     0.002053 ✅ 正常           
  exist_relation                0.024689     0.000840 ✅ 正常           
  mi_proj_layer0                0.019039     0.000058 ✅ 正常           
  dis_proj_layer0               0.022073     0.000065 ✅ 正常           
================================================================================

Epoch 650, Total Loss: 13.8224, Recover Loss: 0.7979, miRNA CL: 6.6551, Disease CL: 6.1272, Inter-view (est): 2.9498, Recon Loss: 0.0260, Time: 488.49s

================================================================================
Training completed. Running final test...
================================================================================
Fold 4 completed - AUC: 0.9716, Top-1 F1: 0.6234
Fold 4 training time: 489.31 seconds
=== Cross Validation Fold 5/5 ===
Using hidden dimensions: [256, 256] with 4 attention heads
优化模型初始化: miRNA数量 = 495, 疾病数量 = 383
   节点维度: 256 → 128
   类型数量: 4
   Temperature: 2.0 (可学习)
   Loss mode: two_head
   loss_mode=two_head
   exist_weight=0.300, type_weight=0.700

✅ SimplifiedMultiTypeAssociationLoss 初始化 (改进版)
   类别权重 (beta=0.99999): ['0.780', '1.822', '0.977', '0.421']
Original positive index shape: torch.Size([1072, 2])
Original negative index shape: torch.Size([135416, 2])
采样后负样本数量: 10720
🎯 Building TRUE DUAL VIEWS from four different sources...
📊 Data sources loaded:
  Disease semantic: torch.Size([383, 383])
  miRNA functional: torch.Size([495, 495])
  Disease-gene: torch.Size([383, 383])
  miRNA-sequence: torch.Size([495, 495])
🧬 Building miRNA dual-view hypergraphs...
  📊 miRNA View 1 (Sequence): torch.Size([495, 878])
  📊 miRNA View 2 (Function): torch.Size([495, 878])
🦠 Building disease dual-view hypergraphs...
  📊 Disease View 1 (Gene): torch.Size([383, 878])
  📊 Disease View 2 (Semantic): torch.Size([383, 878])
✅ Successfully built TRUE DUAL VIEWS:
   🧬 miRNA: Sequence Features (m_ss.xlsx) vs Functional Similarity (mi_fun_sim_2.0.csv)
   🦠 Disease: Gene Features (d_gs.xlsx) vs Semantic Similarity (dis_sem_sim_2.0.csv)

🔧 Epoch 1 梯度检查:
================================================================================

  参数名称                              梯度范数         梯度均值 状态             
  ----------------------------------------------------------------------
  type_relations                0.060713     0.001866 ✅ 正常           
  exist_relation                0.254977     0.014106 ✅ 正常           
  mi_proj_layer0                1.207773     0.002746 ✅ 正常           
  dis_proj_layer0               0.981635     0.002796 ✅ 正常           
================================================================================

Epoch 1, Total Loss: 20.3405, Recover Loss: 1.1093, miRNA CL: 8.9820, Disease CL: 8.4302, Inter-view (est): 4.0182, Recon Loss: 1.5209, Time: 0.62s
[INFO] Hypergraph updated at epoch 5
[INFO] Hypergraph updated at epoch 10
[INFO] Hypergraph updated at epoch 15
[INFO] Hypergraph updated at epoch 20
[INFO] Hypergraph updated at epoch 25
[INFO] Hypergraph updated at epoch 30
[INFO] Hypergraph updated at epoch 35
[INFO] Hypergraph updated at epoch 40
[INFO] Hypergraph updated at epoch 45
[INFO] Hypergraph updated at epoch 50

🔧 Epoch 50 梯度检查:
================================================================================

  参数名称                              梯度范数         梯度均值 状态             
  ----------------------------------------------------------------------
  type_relations                0.081510     0.002041 ✅ 正常           
  exist_relation                0.016631     0.001032 ✅ 正常           
  mi_proj_layer0                0.027837     0.000098 ✅ 正常           
  dis_proj_layer0               0.026812     0.000096 ✅ 正常           
================================================================================

Epoch 50, Total Loss: 17.1219, Recover Loss: 1.0052, miRNA CL: 7.9932, Disease CL: 7.6962, Inter-view (est): 3.6206, Recon Loss: 0.1443, Time: 97.95s
[INFO] Hypergraph updated at epoch 100

🔧 Epoch 100 梯度检查:
================================================================================

  参数名称                              梯度范数         梯度均值 状态             
  ----------------------------------------------------------------------
  type_relations                0.135725     0.002471 ✅ 正常           
  exist_relation                0.011917     0.000532 ✅ 正常           
  mi_proj_layer0                0.020917     0.000073 ✅ 正常           
  dis_proj_layer0               0.024417     0.000082 ✅ 正常           
================================================================================

Epoch 100, Total Loss: 15.9143, Recover Loss: 0.9799, miRNA CL: 7.6861, Disease CL: 6.9515, Inter-view (est): 3.3779, Recon Loss: 0.0326, Time: 134.13s
[INFO] Hypergraph updated at epoch 150

🔧 Epoch 150 梯度检查:
================================================================================

  参数名称                              梯度范数         梯度均值 状态             
  ----------------------------------------------------------------------
  type_relations                0.172609     0.003027 ✅ 正常           
  exist_relation                0.024072     0.000957 ✅ 正常           
  mi_proj_layer0                0.023121     0.000082 ✅ 正常           
  dis_proj_layer0               0.026888     0.000087 ✅ 正常           
================================================================================

Epoch 150, Total Loss: 15.1742, Recover Loss: 0.9457, miRNA CL: 7.3579, Disease CL: 6.5891, Inter-view (est): 3.2185, Recon Loss: 0.0305, Time: 168.02s
[INFO] Hypergraph updated at epoch 200

🔧 Epoch 200 梯度检查:
================================================================================

  参数名称                              梯度范数         梯度均值 状态             
  ----------------------------------------------------------------------
  type_relations                0.161788     0.002837 ✅ 正常           
  exist_relation                0.019533     0.000693 ✅ 正常           
  mi_proj_layer0                0.022442     0.000075 ✅ 正常           
  dis_proj_layer0               0.022690     0.000077 ✅ 正常           
================================================================================

Epoch 200, Total Loss: 14.7075, Recover Loss: 0.9179, miRNA CL: 7.1198, Disease CL: 6.3986, Inter-view (est): 3.1196, Recon Loss: 0.0289, Time: 201.66s
[INFO] Hypergraph updated at epoch 250

🔧 Epoch 250 梯度检查:
================================================================================

  参数名称                              梯度范数         梯度均值 状态             
  ----------------------------------------------------------------------
  type_relations                0.141650     0.002606 ✅ 正常           
  exist_relation                0.028850     0.001017 ✅ 正常           
  mi_proj_layer0                0.019038     0.000065 ✅ 正常           
  dis_proj_layer0               0.021485     0.000073 ✅ 正常           
================================================================================

Epoch 250, Total Loss: 14.4487, Recover Loss: 0.8816, miRNA CL: 7.0010, Disease CL: 6.3015, Inter-view (est): 3.0698, Recon Loss: 0.0291, Time: 234.88s
[INFO] Hypergraph updated at epoch 300

🔧 Epoch 300 梯度检查:
================================================================================

  参数名称                              梯度范数         梯度均值 状态             
  ----------------------------------------------------------------------
  type_relations                0.148711     0.002777 ✅ 正常           
  exist_relation                0.023196     0.000753 ✅ 正常           
  mi_proj_layer0                0.017968     0.000062 ✅ 正常           
  dis_proj_layer0               0.020152     0.000068 ✅ 正常           
================================================================================

Epoch 300, Total Loss: 14.2964, Recover Loss: 0.8683, miRNA CL: 6.9170, Disease CL: 6.2522, Inter-view (est): 3.0391, Recon Loss: 0.0275, Time: 269.34s
[INFO] Hypergraph updated at epoch 350

🔧 Epoch 350 梯度检查:
================================================================================

  参数名称                              梯度范数         梯度均值 状态             
  ----------------------------------------------------------------------
  type_relations                0.135213     0.002497 ✅ 正常           
  exist_relation                0.015643     0.000623 ✅ 正常           
  mi_proj_layer0                0.018879     0.000062 ✅ 正常           
  dis_proj_layer0               0.024302     0.000076 ✅ 正常           
================================================================================

Epoch 350, Total Loss: 14.1430, Recover Loss: 0.8486, miRNA CL: 6.8280, Disease CL: 6.2115, Inter-view (est): 3.0091, Recon Loss: 0.0272, Time: 302.39s
[INFO] Hypergraph updated at epoch 400

🔧 Epoch 400 梯度检查:
================================================================================

  参数名称                              梯度范数         梯度均值 状态             
  ----------------------------------------------------------------------
  type_relations                0.142944     0.002575 ✅ 正常           
  exist_relation                0.016794     0.000663 ✅ 正常           
  mi_proj_layer0                0.019456     0.000063 ✅ 正常           
  dis_proj_layer0               0.022232     0.000072 ✅ 正常           
================================================================================

Epoch 400, Total Loss: 14.0474, Recover Loss: 0.8330, miRNA CL: 6.7723, Disease CL: 6.1898, Inter-view (est): 2.9913, Recon Loss: 0.0266, Time: 335.01s
[INFO] Hypergraph updated at epoch 450

🔧 Epoch 450 梯度检查:
================================================================================

  参数名称                              梯度范数         梯度均值 状态             
  ----------------------------------------------------------------------
  type_relations                0.125389     0.002324 ✅ 正常           
  exist_relation                0.017241     0.000603 ✅ 正常           
  mi_proj_layer0                0.017770     0.000058 ✅ 正常           
  dis_proj_layer0               0.020877     0.000066 ✅ 正常           
================================================================================

Epoch 450, Total Loss: 13.9805, Recover Loss: 0.8214, miRNA CL: 6.7321, Disease CL: 6.1765, Inter-view (est): 2.9789, Recon Loss: 0.0261, Time: 367.83s
[INFO] Hypergraph updated at epoch 500

🔧 Epoch 500 梯度检查:
================================================================================

  参数名称                              梯度范数         梯度均值 状态             
  ----------------------------------------------------------------------
  type_relations                0.119107     0.002192 ✅ 正常           
  exist_relation                0.016657     0.000607 ✅ 正常           
  mi_proj_layer0                0.018237     0.000059 ✅ 正常           
  dis_proj_layer0               0.019971     0.000066 ✅ 正常           
================================================================================

Epoch 500, Total Loss: 13.9278, Recover Loss: 0.8125, miRNA CL: 6.7011, Disease CL: 6.1648, Inter-view (est): 2.9691, Recon Loss: 0.0264, Time: 401.16s
[INFO] Hypergraph updated at epoch 550

🔧 Epoch 550 梯度检查:
================================================================================

  参数名称                              梯度范数         梯度均值 状态             
  ----------------------------------------------------------------------
  type_relations                0.141300     0.002564 ✅ 正常           
  exist_relation                0.018871     0.000639 ✅ 正常           
  mi_proj_layer0                0.021712     0.000067 ✅ 正常           
  dis_proj_layer0               0.029942     0.000085 ✅ 正常           
================================================================================

Epoch 550, Total Loss: 13.8950, Recover Loss: 0.8149, miRNA CL: 6.6779, Disease CL: 6.1542, Inter-view (est): 2.9613, Recon Loss: 0.0262, Time: 433.73s
[INFO] Hypergraph updated at epoch 600

🔧 Epoch 600 梯度检查:
================================================================================

  参数名称                              梯度范数         梯度均值 状态             
  ----------------------------------------------------------------------
  type_relations                0.124915     0.002248 ✅ 正常           
  exist_relation                0.013153     0.000526 ✅ 正常           
  mi_proj_layer0                0.022174     0.000060 ✅ 正常           
  dis_proj_layer0               0.020221     0.000064 ✅ 正常           
================================================================================

Epoch 600, Total Loss: 13.8525, Recover Loss: 0.8040, miRNA CL: 6.6572, Disease CL: 6.1443, Inter-view (est): 2.9542, Recon Loss: 0.0264, Time: 467.04s
[INFO] Hypergraph updated at epoch 650

🔧 Epoch 650 梯度检查:
================================================================================

  参数名称                              梯度范数         梯度均值 状态             
  ----------------------------------------------------------------------
  type_relations                0.125286     0.002301 ✅ 正常           
  exist_relation                0.015268     0.000558 ✅ 正常           
  mi_proj_layer0                0.019774     0.000059 ✅ 正常           
  dis_proj_layer0               0.022196     0.000069 ✅ 正常           
================================================================================

Epoch 650, Total Loss: 13.8163, Recover Loss: 0.8004, miRNA CL: 6.6360, Disease CL: 6.1346, Inter-view (est): 2.9471, Recon Loss: 0.0259, Time: 500.30s

================================================================================
Training completed. Running final test...
================================================================================
Fold 5 completed - AUC: 0.9766, Top-1 F1: 0.5965
Fold 5 training time: 501.09 seconds
Average binary metrics across folds: [[0.97454834 0.96906031 0.93073294 0.92858209 0.96029851 0.89686567
  0.90331302]]
🎯 Average Top-1 metrics across folds: {'top1_precision': 0.5626865671641792, 'top1_recall': np.float64(0.6223512682348172), 'top1_f1': np.float64(0.590942438693349)}

📊 CV_type Style Metrics Details:
  AUC            : 0.9745
  AUPR           : 0.9691
  F1             : 0.9307
  Accuracy       : 0.9286
  Recall         : 0.9603
  Specificity    : 0.8969
  Precision      : 0.9033

🎯 Top-1 Metrics Details:
  top1_precision : 0.5627
  top1_recall    : 0.6224
  top1_f1        : 0.5909

Total execution time: 2465.60 seconds

==========================================================================================
🎯 FINAL COMPREHENSIVE RESULTS WITH TOP-1 METRICS
==========================================================================================
📊 Binary Classification Metrics (Original):
  AUC: 0.9745
  AUPR: 0.9691
  F1: 0.9307
  Accuracy: 0.9286
  Recall: 0.9603
  Specificity: 0.8969
  Precision: 0.9033

🎯 CV_type Style Metrics (Enhanced):
  AUC: 0.9745
  AUPR: 0.9691
  F1: 0.9307
  Accuracy: 0.9286
  Recall: 0.9603
  Specificity: 0.8969
  Precision: 0.9033

🏆 Top-1 Metrics (NEW):
  Top-1 Precision: 0.5627
  Top-1 Recall: 0.6224
  Top-1 F1: 0.5909
==========================================================================================

[2/5] K_neigs=9 (seed=1)
----------------------------------------------------------------
[CPU] torch.set_num_threads(14), interop=min(4, 14)
Using device: cpu
[INFO] Auto-computed BALANCED class weights (to prevent class collapse):
  Circulation  (367 samples): 0.780
  Epigenetics  (157 samples): 1.823
  Target       (293 samples): 0.977
  Genetics     (681 samples): 0.420
  [NOTE] Higher weights for minority classes to prevent model from only predicting majority class
[INFO] Using v2.0_495m383D dataset:
  miRNAs: 495
  Diseases: 383
  Expected associations: ~1498
  Types: 4 (Circulation, Epigenetics, Target, Genetics)

================================================================================
Configuration Summary
================================================================================
Dataset: v2.0_495m383D
Data Path: ./
Model: HeterogenousGraphCLAMIR
  - HGT Layers: 2
  - Attention Heads: 4
  - Association Types: 4
  - Inter-view CL: Enabled
    - Weight: 0.3
    - Temperature: 0.5
    - Margin: 0.5

Training:
  - Epochs: 650
  - Learning Rate: 0.0001
  - Dropout: 0.3
  - Weight Decay: 5e-05
  - Focal Loss: Enabled

Evaluation:
  - Cross-Validation Folds: 5
  - Primary Metric: AUPR

Device: cpu
Random Seed: 1
================================================================================

[SEED] Re-seeded với args.seed = 1
🚀 Running with comprehensive evaluation including Top-1 metrics...
🎯 Loading dual-view data...
Starting dual-view data preparation with new file format...
Loading all similarity and feature files from v2.0_495m383D...
✅ Loaded disease semantic similarity from D_SSM1.txt: (383, 383)
✅ Loaded miRNA functional similarity from M_FSM.txt: (495, 495)
✅ Loaded multi-type association pairs from ./v2.0_495m383D\multi_all_mirna_disease_pairs_without_negative.csv: (1679, 3)
✅ Created multi-type association matrix: (495, 383)
📊 Multi-type Association Statistics:
   无关联 (No association): 188087 pairs (99.21%)
   循环类型 (Circulation): 367 pairs (0.19%)
   表观遗传学 (Epigenetics): 157 pairs (0.08%)
   靶标类型 (Target): 293 pairs (0.15%)
   遗传学类型 (Genetics): 681 pairs (0.36%)
✅ Created association matrix from CSV: (495, 383)
✅ Loaded disease-gene features from D_SSM2.txt: torch.Size([383, 383])
✅ Loaded miRNA-sequence features from M_GSM.txt: torch.Size([495, 495])
Processing integrated similarity matrices...
Loaded similarity matrices from cache
Processing indices...
Loaded indices from cache (seed=1)
✅ Dual-view data preparation completed in 0.40 seconds

============================================================
🎯 DUAL-VIEW CONFIGURATION SUMMARY (v2.0_495m383D)
============================================================
miRNA Dual Views:
  📊 View 1 (Sequence): M_GSM.txt torch.Size([495, 495])
  📊 View 2 (Function): M_FSM.txt torch.Size([495, 495])

Disease Dual Views:
  📊 View 1 (Gene): D_SSM2.txt torch.Size([383, 383])
  📊 View 2 (Semantic): D_SSM1.txt torch.Size([383, 383])

Association Matrix: torch.Size([495, 383])
Data source: v2.0_495m383D (495 miRNAs × 383 Diseases)
============================================================
Preloading dual-view data to device...
✅ Loaded disease-gene features to device: torch.Size([383, 383])
✅ Loaded miRNA-sequence features to device: torch.Size([495, 495])
✅ Loaded disease semantic similarity to device: torch.Size([383, 383])
✅ Loaded miRNA functional similarity to device: torch.Size([495, 495])
✅ Dual-view data preloading completed in 0.00 seconds
OptimizedDataset initialized with 5 folds
Using device: cpu
=== Cross Validation Fold 1/5 ===
Using hidden dimensions: [256, 256] with 4 attention heads
优化模型初始化: miRNA数量 = 495, 疾病数量 = 383
   节点维度: 256 → 128
   类型数量: 4
   Temperature: 2.0 (可学习)
   Loss mode: two_head
   loss_mode=two_head
   exist_weight=0.300, type_weight=0.700

✅ SimplifiedMultiTypeAssociationLoss 初始化 (改进版)
   类别权重 (beta=0.99999): ['0.780', '1.822', '0.977', '0.421']
Original positive index shape: torch.Size([1072, 2])
Original negative index shape: torch.Size([135416, 2])
采样后负样本数量: 10720
🎯 Building TRUE DUAL VIEWS from four different sources...
📊 Data sources loaded:
  Disease semantic: torch.Size([383, 383])
  miRNA functional: torch.Size([495, 495])
  Disease-gene: torch.Size([383, 383])
  miRNA-sequence: torch.Size([495, 495])
🧬 Building miRNA dual-view hypergraphs...
  📊 miRNA View 1 (Sequence): torch.Size([495, 878])
  📊 miRNA View 2 (Function): torch.Size([495, 878])
🦠 Building disease dual-view hypergraphs...
  📊 Disease View 1 (Gene): torch.Size([383, 878])
  📊 Disease View 2 (Semantic): torch.Size([383, 878])
✅ Successfully built TRUE DUAL VIEWS:
   🧬 miRNA: Sequence Features (m_ss.xlsx) vs Functional Similarity (mi_fun_sim_2.0.csv)
   🦠 Disease: Gene Features (d_gs.xlsx) vs Semantic Similarity (dis_sem_sim_2.0.csv)

🔧 Epoch 1 梯度检查:
================================================================================

  参数名称                              梯度范数         梯度均值 状态             
  ----------------------------------------------------------------------
  type_relations                0.060591     0.001811 ✅ 正常           
  exist_relation                0.204819     0.011996 ✅ 正常           
  mi_proj_layer0                0.716470     0.002091 ✅ 正常           
  dis_proj_layer0               0.848365     0.002607 ✅ 正常           
================================================================================

Epoch 1, Total Loss: 20.2477, Recover Loss: 1.0855, miRNA CL: 8.9264, Disease CL: 8.4645, Inter-view (est): 4.0133, Recon Loss: 1.4732, Time: 0.70s
[INFO] Hypergraph updated at epoch 5
[INFO] Hypergraph updated at epoch 10
[INFO] Hypergraph updated at epoch 15
[INFO] Hypergraph updated at epoch 20
[INFO] Hypergraph updated at epoch 25
[INFO] Hypergraph updated at epoch 30
[INFO] Hypergraph updated at epoch 35
[INFO] Hypergraph updated at epoch 40
[INFO] Hypergraph updated at epoch 45
[INFO] Hypergraph updated at epoch 50

🔧 Epoch 50 梯度检查:
================================================================================

  参数名称                              梯度范数         梯度均值 状态             
  ----------------------------------------------------------------------
  type_relations                0.061302     0.001705 ✅ 正常           
  exist_relation                0.009580     0.000681 ✅ 正常           
  mi_proj_layer0                0.022526     0.000081 ✅ 正常           
  dis_proj_layer0               0.024395     0.000088 ✅ 正常           
================================================================================

Epoch 50, Total Loss: 17.1344, Recover Loss: 1.0099, miRNA CL: 8.0049, Disease CL: 7.6899, Inter-view (est): 3.6219, Recon Loss: 0.1466, Time: 89.14s
[INFO] Hypergraph updated at epoch 100

🔧 Epoch 100 梯度检查:
================================================================================

  参数名称                              梯度范数         梯度均值 状态             
  ----------------------------------------------------------------------
  type_relations                0.142581     0.002624 ✅ 正常           
  exist_relation                0.020251     0.000897 ✅ 正常           
  mi_proj_layer0                0.021177     0.000072 ✅ 正常           
  dis_proj_layer0               0.026287     0.000090 ✅ 正常           
================================================================================

Epoch 100, Total Loss: 16.0214, Recover Loss: 0.9858, miRNA CL: 7.7151, Disease CL: 7.0240, Inter-view (est): 3.4013, Recon Loss: 0.0320, Time: 124.23s
[INFO] Hypergraph updated at epoch 150

🔧 Epoch 150 梯度检查:
================================================================================

  参数名称                              梯度范数         梯度均值 状态             
  ----------------------------------------------------------------------
  type_relations                0.171424     0.002768 ✅ 正常           
  exist_relation                0.021569     0.000721 ✅ 正常           
  mi_proj_layer0                0.021875     0.000073 ✅ 正常           
  dis_proj_layer0               0.022134     0.000076 ✅ 正常           
================================================================================

Epoch 150, Total Loss: 15.2724, Recover Loss: 0.9541, miRNA CL: 7.4432, Disease CL: 6.5942, Inter-view (est): 3.2394, Recon Loss: 0.0300, Time: 156.65s
[INFO] Hypergraph updated at epoch 200

🔧 Epoch 200 梯度检查:
================================================================================

  参数名称                              梯度范数         梯度均值 状态             
  ----------------------------------------------------------------------
  type_relations                0.169281     0.002939 ✅ 正常           
  exist_relation                0.016223     0.000596 ✅ 正常           
  mi_proj_layer0                0.024897     0.000083 ✅ 正常           
  dis_proj_layer0               0.024697     0.000079 ✅ 正常           
================================================================================

Epoch 200, Total Loss: 14.7615, Recover Loss: 0.9231, miRNA CL: 7.1652, Disease CL: 6.4025, Inter-view (est): 3.1310, Recon Loss: 0.0292, Time: 189.37s
[INFO] Hypergraph updated at epoch 250

🔧 Epoch 250 梯度检查:
================================================================================

  参数名称                              梯度范数         梯度均值 状态             
  ----------------------------------------------------------------------
  type_relations                0.175225     0.002826 ✅ 正常           
  exist_relation                0.042770     0.001256 ✅ 正常           
  mi_proj_layer0                0.026052     0.000082 ✅ 正常           
  dis_proj_layer0               0.029365     0.000092 ✅ 正常           
================================================================================

Epoch 250, Total Loss: 14.5552, Recover Loss: 0.8979, miRNA CL: 7.0621, Disease CL: 6.3315, Inter-view (est): 3.0908, Recon Loss: 0.0278, Time: 221.88s
[INFO] Hypergraph updated at epoch 300

🔧 Epoch 300 梯度检查:
================================================================================

  参数名称                              梯度范数         梯度均值 状态             
  ----------------------------------------------------------------------
  type_relations                0.161855     0.002712 ✅ 正常           
  exist_relation                0.015070     0.000563 ✅ 正常           
  mi_proj_layer0                0.020785     0.000070 ✅ 正常           
  dis_proj_layer0               0.026214     0.000083 ✅ 正常           
================================================================================

Epoch 300, Total Loss: 14.3917, Recover Loss: 0.8712, miRNA CL: 6.9821, Disease CL: 6.2785, Inter-view (est): 3.0601, Recon Loss: 0.0285, Time: 254.59s
[INFO] Hypergraph updated at epoch 350

🔧 Epoch 350 梯度检查:
================================================================================

  参数名称                              梯度范数         梯度均值 状态             
  ----------------------------------------------------------------------
  type_relations                0.135029     0.002438 ✅ 正常           
  exist_relation                0.016424     0.000598 ✅ 正常           
  mi_proj_layer0                0.020946     0.000066 ✅ 正常           
  dis_proj_layer0               0.021963     0.000072 ✅ 正常           
================================================================================

Epoch 350, Total Loss: 14.2576, Recover Loss: 0.8564, miRNA CL: 6.9105, Disease CL: 6.2355, Inter-view (est): 3.0337, Recon Loss: 0.0276, Time: 287.09s
[INFO] Hypergraph updated at epoch 400

🔧 Epoch 400 梯度检查:
================================================================================

  参数名称                              梯度范数         梯度均值 状态             
  ----------------------------------------------------------------------
  type_relations                0.122157     0.002171 ✅ 正常           
  exist_relation                0.018737     0.000637 ✅ 正常           
  mi_proj_layer0                0.020260     0.000065 ✅ 正常           
  dis_proj_layer0               0.025278     0.000078 ✅ 正常           
================================================================================

Epoch 400, Total Loss: 14.1591, Recover Loss: 0.8496, miRNA CL: 6.8474, Disease CL: 6.2098, Inter-view (est): 3.0132, Recon Loss: 0.0268, Time: 319.86s
[INFO] Hypergraph updated at epoch 450

🔧 Epoch 450 梯度检查:
================================================================================

  参数名称                              梯度范数         梯度均值 状态             
  ----------------------------------------------------------------------
  type_relations                0.122528     0.002153 ✅ 正常           
  exist_relation                0.016677     0.000641 ✅ 正常           
  mi_proj_layer0                0.024908     0.000075 ✅ 正常           
  dis_proj_layer0               0.028111     0.000079 ✅ 正常           
================================================================================

Epoch 450, Total Loss: 14.0677, Recover Loss: 0.8372, miRNA CL: 6.7870, Disease CL: 6.1927, Inter-view (est): 2.9953, Recon Loss: 0.0271, Time: 353.14s
[INFO] Hypergraph updated at epoch 500

🔧 Epoch 500 梯度检查:
================================================================================

  参数名称                              梯度范数         梯度均值 状态             
  ----------------------------------------------------------------------
  type_relations                0.115206     0.002059 ✅ 正常           
  exist_relation                0.014247     0.000599 ✅ 正常           
  mi_proj_layer0                0.021348     0.000064 ✅ 正常           
  dis_proj_layer0               0.022394     0.000068 ✅ 正常           
================================================================================

Epoch 500, Total Loss: 14.0076, Recover Loss: 0.8315, miRNA CL: 6.7461, Disease CL: 6.1812, Inter-view (est): 2.9832, Recon Loss: 0.0263, Time: 385.55s
[INFO] Hypergraph updated at epoch 550

🔧 Epoch 550 梯度检查:
================================================================================

  参数名称                              梯度范数         梯度均值 状态             
  ----------------------------------------------------------------------
  type_relations                0.126016     0.002314 ✅ 正常           
  exist_relation                0.013631     0.000567 ✅ 正常           
  mi_proj_layer0                0.023470     0.000070 ✅ 正常           
  dis_proj_layer0               0.023646     0.000073 ✅ 正常           
================================================================================

Epoch 550, Total Loss: 13.9690, Recover Loss: 0.8323, miRNA CL: 6.7169, Disease CL: 6.1718, Inter-view (est): 2.9743, Recon Loss: 0.0267, Time: 418.48s
[INFO] Hypergraph updated at epoch 600

🔧 Epoch 600 梯度检查:
================================================================================

  参数名称                              梯度范数         梯度均值 状态             
  ----------------------------------------------------------------------
  type_relations                0.121052     0.002134 ✅ 正常           
  exist_relation                0.018452     0.000695 ✅ 正常           
  mi_proj_layer0                0.022853     0.000068 ✅ 正常           
  dis_proj_layer0               0.025818     0.000075 ✅ 正常           
================================================================================

Epoch 600, Total Loss: 13.9167, Recover Loss: 0.8143, miRNA CL: 6.6925, Disease CL: 6.1627, Inter-view (est): 2.9666, Recon Loss: 0.0269, Time: 451.85s
[INFO] Hypergraph updated at epoch 650

🔧 Epoch 650 梯度检查:
================================================================================

  参数名称                              梯度范数         梯度均值 状态             
  ----------------------------------------------------------------------
  type_relations                0.112295     0.002013 ✅ 正常           
  exist_relation                0.020044     0.000710 ✅ 正常           
  mi_proj_layer0                0.023746     0.000070 ✅ 正常           
  dis_proj_layer0               0.024907     0.000074 ✅ 正常           
================================================================================

Epoch 650, Total Loss: 13.9012, Recover Loss: 0.8122, miRNA CL: 6.6880, Disease CL: 6.1554, Inter-view (est): 2.9639, Recon Loss: 0.0261, Time: 485.10s

================================================================================
Training completed. Running final test...
================================================================================
Fold 1 completed - AUC: 0.9756, Top-1 F1: 0.5385
Fold 1 training time: 486.17 seconds
=== Cross Validation Fold 2/5 ===
Using hidden dimensions: [256, 256] with 4 attention heads
优化模型初始化: miRNA数量 = 495, 疾病数量 = 383
   节点维度: 256 → 128
   类型数量: 4
   Temperature: 2.0 (可学习)
   Loss mode: two_head
   loss_mode=two_head
   exist_weight=0.300, type_weight=0.700

✅ SimplifiedMultiTypeAssociationLoss 初始化 (改进版)
   类别权重 (beta=0.99999): ['0.780', '1.822', '0.977', '0.421']
Original positive index shape: torch.Size([1072, 2])
Original negative index shape: torch.Size([135416, 2])
采样后负样本数量: 10720
🎯 Building TRUE DUAL VIEWS from four different sources...
📊 Data sources loaded:
  Disease semantic: torch.Size([383, 383])
  miRNA functional: torch.Size([495, 495])
  Disease-gene: torch.Size([383, 383])
  miRNA-sequence: torch.Size([495, 495])
🧬 Building miRNA dual-view hypergraphs...
  📊 miRNA View 1 (Sequence): torch.Size([495, 878])
  📊 miRNA View 2 (Function): torch.Size([495, 878])
🦠 Building disease dual-view hypergraphs...
  📊 Disease View 1 (Gene): torch.Size([383, 878])
  📊 Disease View 2 (Semantic): torch.Size([383, 878])
✅ Successfully built TRUE DUAL VIEWS:
   🧬 miRNA: Sequence Features (m_ss.xlsx) vs Functional Similarity (mi_fun_sim_2.0.csv)
   🦠 Disease: Gene Features (d_gs.xlsx) vs Semantic Similarity (dis_sem_sim_2.0.csv)

🔧 Epoch 1 梯度检查:
================================================================================

  参数名称                              梯度范数         梯度均值 状态             
  ----------------------------------------------------------------------
  type_relations                0.063327     0.001764 ✅ 正常           
  exist_relation                0.291226     0.016590 ✅ 正常           
  mi_proj_layer0                1.006605     0.002879 ✅ 正常           
  dis_proj_layer0               0.948316     0.002763 ✅ 正常           
================================================================================

Epoch 1, Total Loss: 20.2834, Recover Loss: 1.1102, miRNA CL: 8.9485, Disease CL: 8.4369, Inter-view (est): 4.0120, Recon Loss: 1.4897, Time: 0.72s
[INFO] Hypergraph updated at epoch 5
[INFO] Hypergraph updated at epoch 10
[INFO] Hypergraph updated at epoch 15
[INFO] Hypergraph updated at epoch 20
[INFO] Hypergraph updated at epoch 25
[INFO] Hypergraph updated at epoch 30
[INFO] Hypergraph updated at epoch 35
[INFO] Hypergraph updated at epoch 40
[INFO] Hypergraph updated at epoch 45
[INFO] Hypergraph updated at epoch 50

🔧 Epoch 50 梯度检查:
================================================================================

  参数名称                              梯度范数         梯度均值 状态             
  ----------------------------------------------------------------------
  type_relations                0.063005     0.001731 ✅ 正常           
  exist_relation                0.013895     0.000797 ✅ 正常           
  mi_proj_layer0                0.021290     0.000077 ✅ 正常           
  dis_proj_layer0               0.024287     0.000084 ✅ 正常           
================================================================================

Epoch 50, Total Loss: 17.1177, Recover Loss: 1.0097, miRNA CL: 7.9908, Disease CL: 7.7084, Inter-view (est): 3.6229, Recon Loss: 0.1262, Time: 89.07s
[INFO] Hypergraph updated at epoch 100

🔧 Epoch 100 梯度检查:
================================================================================

  参数名称                              梯度范数         梯度均值 状态             
  ----------------------------------------------------------------------
  type_relations                0.121308     0.002716 ✅ 正常           
  exist_relation                0.012378     0.000683 ✅ 正常           
  mi_proj_layer0                0.022876     0.000081 ✅ 正常           
  dis_proj_layer0               0.024276     0.000084 ✅ 正常           
================================================================================

Epoch 100, Total Loss: 15.9437, Recover Loss: 0.9893, miRNA CL: 7.6743, Disease CL: 6.9870, Inter-view (est): 3.3834, Recon Loss: 0.0303, Time: 123.80s
[INFO] Hypergraph updated at epoch 150

🔧 Epoch 150 梯度检查:
================================================================================

  参数名称                              梯度范数         梯度均值 状态             
  ----------------------------------------------------------------------
  type_relations                0.177875     0.003297 ✅ 正常           
  exist_relation                0.018933     0.000735 ✅ 正常           
  mi_proj_layer0                0.024754     0.000086 ✅ 正常           
  dis_proj_layer0               0.026136     0.000088 ✅ 正常           
================================================================================

Epoch 150, Total Loss: 15.1308, Recover Loss: 0.9519, miRNA CL: 7.3227, Disease CL: 6.5786, Inter-view (est): 3.2080, Recon Loss: 0.0286, Time: 157.18s
[INFO] Hypergraph updated at epoch 200

🔧 Epoch 200 梯度检查:
================================================================================

  参数名称                              梯度范数         梯度均值 状态             
  ----------------------------------------------------------------------
  type_relations                0.173876     0.003260 ✅ 正常           
  exist_relation                0.023011     0.000862 ✅ 正常           
  mi_proj_layer0                0.024614     0.000083 ✅ 正常           
  dis_proj_layer0               0.023770     0.000079 ✅ 正常           
================================================================================

Epoch 200, Total Loss: 14.7658, Recover Loss: 0.9304, miRNA CL: 7.1425, Disease CL: 6.4233, Inter-view (est): 3.1306, Recon Loss: 0.0287, Time: 190.35s
[INFO] Hypergraph updated at epoch 250

🔧 Epoch 250 梯度检查:
================================================================================

  参数名称                              梯度范数         梯度均值 状态             
  ----------------------------------------------------------------------
  type_relations                0.167958     0.002868 ✅ 正常           
  exist_relation                0.020557     0.000771 ✅ 正常           
  mi_proj_layer0                0.025212     0.000078 ✅ 正常           
  dis_proj_layer0               0.025274     0.000079 ✅ 正常           
================================================================================

Epoch 250, Total Loss: 14.5241, Recover Loss: 0.8984, miRNA CL: 7.0330, Disease CL: 6.3305, Inter-view (est): 3.0839, Recon Loss: 0.0281, Time: 222.87s
[INFO] Hypergraph updated at epoch 300

🔧 Epoch 300 梯度检查:
================================================================================

  参数名称                              梯度范数         梯度均值 状态             
  ----------------------------------------------------------------------
  type_relations                0.139781     0.002444 ✅ 正常           
  exist_relation                0.020283     0.000766 ✅ 正常           
  mi_proj_layer0                0.024107     0.000076 ✅ 正常           
  dis_proj_layer0               0.025788     0.000081 ✅ 正常           
================================================================================

Epoch 300, Total Loss: 14.3857, Recover Loss: 0.8784, miRNA CL: 6.9675, Disease CL: 6.2825, Inter-view (est): 3.0577, Recon Loss: 0.0272, Time: 256.53s
[INFO] Hypergraph updated at epoch 350

🔧 Epoch 350 梯度检查:
================================================================================

  参数名称                              梯度范数         梯度均值 状态             
  ----------------------------------------------------------------------
  type_relations                0.148465     0.002723 ✅ 正常           
  exist_relation                0.012867     0.000547 ✅ 正常           
  mi_proj_layer0                0.022124     0.000072 ✅ 正常           
  dis_proj_layer0               0.026870     0.000083 ✅ 正常           
================================================================================

Epoch 350, Total Loss: 14.2625, Recover Loss: 0.8578, miRNA CL: 6.9019, Disease CL: 6.2488, Inter-view (est): 3.0348, Recon Loss: 0.0270, Time: 289.81s
[INFO] Hypergraph updated at epoch 400

🔧 Epoch 400 梯度检查:
================================================================================

  参数名称                              梯度范数         梯度均值 状态             
  ----------------------------------------------------------------------
  type_relations                0.126503     0.002364 ✅ 正常           
  exist_relation                0.016936     0.000612 ✅ 正常           
  mi_proj_layer0                0.018432     0.000059 ✅ 正常           
  dis_proj_layer0               0.021005     0.000067 ✅ 正常           
================================================================================

Epoch 400, Total Loss: 14.1424, Recover Loss: 0.8377, miRNA CL: 6.8300, Disease CL: 6.2233, Inter-view (est): 3.0123, Recon Loss: 0.0269, Time: 323.38s
[INFO] Hypergraph updated at epoch 450

🔧 Epoch 450 梯度检查:
================================================================================

  参数名称                              梯度范数         梯度均值 状态             
  ----------------------------------------------------------------------
  type_relations                0.138672     0.002621 ✅ 正常           
  exist_relation                0.012980     0.000470 ✅ 正常           
  mi_proj_layer0                0.023883     0.000071 ✅ 正常           
  dis_proj_layer0               0.024037     0.000076 ✅ 正常           
================================================================================

Epoch 450, Total Loss: 14.0490, Recover Loss: 0.8254, miRNA CL: 6.7683, Disease CL: 6.2059, Inter-view (est): 2.9940, Recon Loss: 0.0267, Time: 356.04s
[INFO] Hypergraph updated at epoch 500

🔧 Epoch 500 梯度检查:
================================================================================

  参数名称                              梯度范数         梯度均值 状态             
  ----------------------------------------------------------------------
  type_relations                0.148881     0.002643 ✅ 正常           
  exist_relation                0.016736     0.000622 ✅ 正常           
  mi_proj_layer0                0.021416     0.000065 ✅ 正常           
  dis_proj_layer0               0.023582     0.000072 ✅ 正常           
================================================================================

Epoch 500, Total Loss: 13.9823, Recover Loss: 0.8139, miRNA CL: 6.7256, Disease CL: 6.1935, Inter-view (est): 2.9813, Recon Loss: 0.0279, Time: 388.88s
[INFO] Hypergraph updated at epoch 550

🔧 Epoch 550 梯度检查:
================================================================================

  参数名称                              梯度范数         梯度均值 状态             
  ----------------------------------------------------------------------
  type_relations                0.152026     0.002669 ✅ 正常           
  exist_relation                0.017160     0.000663 ✅ 正常           
  mi_proj_layer0                0.021300     0.000063 ✅ 正常           
  dis_proj_layer0               0.023836     0.000073 ✅ 正常           
================================================================================

Epoch 550, Total Loss: 13.9405, Recover Loss: 0.8068, miRNA CL: 6.7044, Disease CL: 6.1830, Inter-view (est): 2.9740, Recon Loss: 0.0259, Time: 422.75s
[INFO] Hypergraph updated at epoch 600

🔧 Epoch 600 梯度检查:
================================================================================

  参数名称                              梯度范数         梯度均值 状态             
  ----------------------------------------------------------------------
  type_relations                0.126896     0.002249 ✅ 正常           
  exist_relation                0.017928     0.000634 ✅ 正常           
  mi_proj_layer0                0.027459     0.000075 ✅ 正常           
  dis_proj_layer0               0.028431     0.000078 ✅ 正常           
================================================================================

Epoch 600, Total Loss: 13.9074, Recover Loss: 0.8033, miRNA CL: 6.6836, Disease CL: 6.1748, Inter-view (est): 2.9673, Recon Loss: 0.0262, Time: 456.36s
[INFO] Hypergraph updated at epoch 650

🔧 Epoch 650 梯度检查:
================================================================================

  参数名称                              梯度范数         梯度均值 状态             
  ----------------------------------------------------------------------
  type_relations                0.119891     0.002098 ✅ 正常           
  exist_relation                0.016138     0.000540 ✅ 正常           
  mi_proj_layer0                0.019890     0.000058 ✅ 正常           
  dis_proj_layer0               0.019889     0.000060 ✅ 正常           
================================================================================

Epoch 650, Total Loss: 13.8760, Recover Loss: 0.7994, miRNA CL: 6.6660, Disease CL: 6.1663, Inter-view (est): 2.9613, Recon Loss: 0.0257, Time: 490.27s

================================================================================
Training completed. Running final test...
================================================================================
Fold 2 completed - AUC: 0.9773, Top-1 F1: 0.5827
Fold 2 training time: 491.05 seconds
=== Cross Validation Fold 3/5 ===
Using hidden dimensions: [256, 256] with 4 attention heads
优化模型初始化: miRNA数量 = 495, 疾病数量 = 383
   节点维度: 256 → 128
   类型数量: 4
   Temperature: 2.0 (可学习)
   Loss mode: two_head
   loss_mode=two_head
   exist_weight=0.300, type_weight=0.700

✅ SimplifiedMultiTypeAssociationLoss 初始化 (改进版)
   类别权重 (beta=0.99999): ['0.780', '1.822', '0.977', '0.421']
Original positive index shape: torch.Size([1072, 2])
Original negative index shape: torch.Size([135416, 2])
采样后负样本数量: 10720
🎯 Building TRUE DUAL VIEWS from four different sources...
📊 Data sources loaded:
  Disease semantic: torch.Size([383, 383])
  miRNA functional: torch.Size([495, 495])
  Disease-gene: torch.Size([383, 383])
  miRNA-sequence: torch.Size([495, 495])
🧬 Building miRNA dual-view hypergraphs...
  📊 miRNA View 1 (Sequence): torch.Size([495, 878])
  📊 miRNA View 2 (Function): torch.Size([495, 878])
🦠 Building disease dual-view hypergraphs...
  📊 Disease View 1 (Gene): torch.Size([383, 878])
  📊 Disease View 2 (Semantic): torch.Size([383, 878])
✅ Successfully built TRUE DUAL VIEWS:
   🧬 miRNA: Sequence Features (m_ss.xlsx) vs Functional Similarity (mi_fun_sim_2.0.csv)
   🦠 Disease: Gene Features (d_gs.xlsx) vs Semantic Similarity (dis_sem_sim_2.0.csv)

🔧 Epoch 1 梯度检查:
================================================================================

  参数名称                              梯度范数         梯度均值 状态             
  ----------------------------------------------------------------------
  type_relations                0.064291     0.001962 ✅ 正常           
  exist_relation                0.371761     0.019625 ✅ 正常           
  mi_proj_layer0                1.023373     0.003011 ✅ 正常           
  dis_proj_layer0               1.186698     0.003177 ✅ 正常           
================================================================================

Epoch 1, Total Loss: 20.2598, Recover Loss: 1.1109, miRNA CL: 8.8972, Disease CL: 8.4327, Inter-view (est): 3.9992, Recon Loss: 1.5207, Time: 0.74s
[INFO] Hypergraph updated at epoch 5
[INFO] Hypergraph updated at epoch 10
[INFO] Hypergraph updated at epoch 15
[INFO] Hypergraph updated at epoch 20
[INFO] Hypergraph updated at epoch 25
[INFO] Hypergraph updated at epoch 30
[INFO] Hypergraph updated at epoch 35
[INFO] Hypergraph updated at epoch 40
[INFO] Hypergraph updated at epoch 45
[INFO] Hypergraph updated at epoch 50

🔧 Epoch 50 梯度检查:
================================================================================

  参数名称                              梯度范数         梯度均值 状态             
  ----------------------------------------------------------------------
  type_relations                0.073079     0.001967 ✅ 正常           
  exist_relation                0.022355     0.001228 ✅ 正常           
  mi_proj_layer0                0.030118     0.000108 ✅ 正常           
  dis_proj_layer0               0.028118     0.000102 ✅ 正常           
================================================================================

Epoch 50, Total Loss: 17.1388, Recover Loss: 1.0097, miRNA CL: 8.0078, Disease CL: 7.7097, Inter-view (est): 3.6271, Recon Loss: 0.1283, Time: 91.69s
[INFO] Hypergraph updated at epoch 100

🔧 Epoch 100 梯度检查:
================================================================================

  参数名称                              梯度范数         梯度均值 状态             
  ----------------------------------------------------------------------
  type_relations                0.131658     0.002847 ✅ 正常           
  exist_relation                0.013461     0.000677 ✅ 正常           
  mi_proj_layer0                0.022892     0.000077 ✅ 正常           
  dis_proj_layer0               0.024463     0.000084 ✅ 正常           
================================================================================

Epoch 100, Total Loss: 16.0315, Recover Loss: 0.9873, miRNA CL: 7.7251, Disease CL: 7.0250, Inter-view (est): 3.4039, Recon Loss: 0.0306, Time: 126.95s
[INFO] Hypergraph updated at epoch 150

🔧 Epoch 150 梯度检查:
================================================================================

  参数名称                              梯度范数         梯度均值 状态             
  ----------------------------------------------------------------------
  type_relations                0.193189     0.003215 ✅ 正常           
  exist_relation                0.013709     0.000630 ✅ 正常           
  mi_proj_layer0                0.024454     0.000080 ✅ 正常           
  dis_proj_layer0               0.024115     0.000084 ✅ 正常           
================================================================================

Epoch 150, Total Loss: 15.3260, Recover Loss: 0.9520, miRNA CL: 7.4876, Disease CL: 6.6061, Inter-view (est): 3.2524, Recon Loss: 0.0304, Time: 160.93s
[INFO] Hypergraph updated at epoch 200

🔧 Epoch 200 梯度检查:
================================================================================

  参数名称                              梯度范数         梯度均值 状态             
  ----------------------------------------------------------------------
  type_relations                0.190323     0.002936 ✅ 正常           
  exist_relation                0.013373     0.000583 ✅ 正常           
  mi_proj_layer0                0.021745     0.000070 ✅ 正常           
  dis_proj_layer0               0.022130     0.000074 ✅ 正常           
================================================================================

Epoch 200, Total Loss: 14.8786, Recover Loss: 0.9283, miRNA CL: 7.2366, Disease CL: 6.4415, Inter-view (est): 3.1565, Recon Loss: 0.0297, Time: 194.44s
[INFO] Hypergraph updated at epoch 250

🔧 Epoch 250 梯度检查:
================================================================================

  参数名称                              梯度范数         梯度均值 状态             
  ----------------------------------------------------------------------
  type_relations                0.187056     0.002825 ✅ 正常           
  exist_relation                0.018981     0.000732 ✅ 正常           
  mi_proj_layer0                0.023188     0.000072 ✅ 正常           
  dis_proj_layer0               0.022521     0.000075 ✅ 正常           
================================================================================

Epoch 250, Total Loss: 14.6019, Recover Loss: 0.9077, miRNA CL: 7.0864, Disease CL: 6.3438, Inter-view (est): 3.0993, Recon Loss: 0.0282, Time: 226.64s
[INFO] Hypergraph updated at epoch 300

🔧 Epoch 300 梯度检查:
================================================================================

  参数名称                              梯度范数         梯度均值 状态             
  ----------------------------------------------------------------------
  type_relations                0.150853     0.002466 ✅ 正常           
  exist_relation                0.013717     0.000591 ✅ 正常           
  mi_proj_layer0                0.021275     0.000069 ✅ 正常           
  dis_proj_layer0               0.020557     0.000068 ✅ 正常           
================================================================================

Epoch 300, Total Loss: 14.3971, Recover Loss: 0.8765, miRNA CL: 6.9887, Disease CL: 6.2738, Inter-view (est): 3.0606, Recon Loss: 0.0277, Time: 259.80s
[INFO] Hypergraph updated at epoch 350

🔧 Epoch 350 梯度检查:
================================================================================

  参数名称                              梯度范数         梯度均值 状态             
  ----------------------------------------------------------------------
  type_relations                0.156200     0.002471 ✅ 正常           
  exist_relation                0.015662     0.000685 ✅ 正常           
  mi_proj_layer0                0.022621     0.000069 ✅ 正常           
  dis_proj_layer0               0.024261     0.000076 ✅ 正常           
================================================================================

Epoch 350, Total Loss: 14.2402, Recover Loss: 0.8609, miRNA CL: 6.9019, Disease CL: 6.2238, Inter-view (est): 3.0290, Recon Loss: 0.0270, Time: 292.73s
[INFO] Hypergraph updated at epoch 400

🔧 Epoch 400 梯度检查:
================================================================================

  参数名称                              梯度范数         梯度均值 状态             
  ----------------------------------------------------------------------
  type_relations                0.134953     0.002407 ✅ 正常           
  exist_relation                0.012738     0.000551 ✅ 正常           
  mi_proj_layer0                0.018544     0.000061 ✅ 正常           
  dis_proj_layer0               0.020927     0.000068 ✅ 正常           
================================================================================

Epoch 400, Total Loss: 14.1214, Recover Loss: 0.8469, miRNA CL: 6.8267, Disease CL: 6.1968, Inter-view (est): 3.0054, Recon Loss: 0.0268, Time: 325.67s
[INFO] Hypergraph updated at epoch 450

🔧 Epoch 450 梯度检查:
================================================================================

  参数名称                              梯度范数         梯度均值 状态             
  ----------------------------------------------------------------------
  type_relations                0.120590     0.002118 ✅ 正常           
  exist_relation                0.016813     0.000679 ✅ 正常           
  mi_proj_layer0                0.019108     0.000063 ✅ 正常           
  dis_proj_layer0               0.020772     0.000068 ✅ 正常           
================================================================================

Epoch 450, Total Loss: 14.0248, Recover Loss: 0.8317, miRNA CL: 6.7627, Disease CL: 6.1807, Inter-view (est): 2.9869, Recon Loss: 0.0272, Time: 358.80s
[INFO] Hypergraph updated at epoch 500

🔧 Epoch 500 梯度检查:
================================================================================

  参数名称                              梯度范数         梯度均值 状态             
  ----------------------------------------------------------------------
  type_relations                0.124001     0.002249 ✅ 正常           
  exist_relation                0.015175     0.000611 ✅ 正常           
  mi_proj_layer0                0.018796     0.000060 ✅ 正常           
  dis_proj_layer0               0.020457     0.000068 ✅ 正常           
================================================================================

Epoch 500, Total Loss: 13.9731, Recover Loss: 0.8269, miRNA CL: 6.7301, Disease CL: 6.1684, Inter-view (est): 2.9766, Recon Loss: 0.0264, Time: 391.90s
[INFO] Hypergraph updated at epoch 550

🔧 Epoch 550 梯度检查:
================================================================================

  参数名称                              梯度范数         梯度均值 状态             
  ----------------------------------------------------------------------
  type_relations                0.117484     0.002160 ✅ 正常           
  exist_relation                0.015677     0.000615 ✅ 正常           
  mi_proj_layer0                0.020962     0.000065 ✅ 正常           
  dis_proj_layer0               0.023322     0.000073 ✅ 正常           
================================================================================

Epoch 550, Total Loss: 13.9360, Recover Loss: 0.8220, miRNA CL: 6.7069, Disease CL: 6.1602, Inter-view (est): 2.9693, Recon Loss: 0.0264, Time: 425.24s
[INFO] Hypergraph updated at epoch 600

🔧 Epoch 600 梯度检查:
================================================================================

  参数名称                              梯度范数         梯度均值 状态             
  ----------------------------------------------------------------------
  type_relations                0.112800     0.002060 ✅ 正常           
  exist_relation                0.019724     0.000728 ✅ 正常           
  mi_proj_layer0                0.019428     0.000060 ✅ 正常           
  dis_proj_layer0               0.019960     0.000063 ✅ 正常           
================================================================================

Epoch 600, Total Loss: 13.8941, Recover Loss: 0.8101, miRNA CL: 6.6865, Disease CL: 6.1520, Inter-view (est): 2.9627, Recon Loss: 0.0260, Time: 458.17s
[INFO] Hypergraph updated at epoch 650

🔧 Epoch 650 梯度检查:
================================================================================

  参数名称                              梯度范数         梯度均值 状态             
  ----------------------------------------------------------------------
  type_relations                0.106231     0.001975 ✅ 正常           
  exist_relation                0.015917     0.000653 ✅ 正常           
  mi_proj_layer0                0.017572     0.000056 ✅ 正常           
  dis_proj_layer0               0.018026     0.000058 ✅ 正常           
================================================================================

Epoch 650, Total Loss: 13.8648, Recover Loss: 0.8085, miRNA CL: 6.6676, Disease CL: 6.1439, Inter-view (est): 2.9565, Recon Loss: 0.0263, Time: 491.73s

================================================================================
Training completed. Running final test...
================================================================================
Fold 3 completed - AUC: 0.9734, Top-1 F1: 0.5256
Fold 3 training time: 492.50 seconds
=== Cross Validation Fold 4/5 ===
Using hidden dimensions: [256, 256] with 4 attention heads
优化模型初始化: miRNA数量 = 495, 疾病数量 = 383
   节点维度: 256 → 128
   类型数量: 4
   Temperature: 2.0 (可学习)
   Loss mode: two_head
   loss_mode=two_head
   exist_weight=0.300, type_weight=0.700

✅ SimplifiedMultiTypeAssociationLoss 初始化 (改进版)
   类别权重 (beta=0.99999): ['0.780', '1.822', '0.977', '0.421']
Original positive index shape: torch.Size([1072, 2])
Original negative index shape: torch.Size([135416, 2])
采样后负样本数量: 10720
🎯 Building TRUE DUAL VIEWS from four different sources...
📊 Data sources loaded:
  Disease semantic: torch.Size([383, 383])
  miRNA functional: torch.Size([495, 495])
  Disease-gene: torch.Size([383, 383])
  miRNA-sequence: torch.Size([495, 495])
🧬 Building miRNA dual-view hypergraphs...
  📊 miRNA View 1 (Sequence): torch.Size([495, 878])
  📊 miRNA View 2 (Function): torch.Size([495, 878])
🦠 Building disease dual-view hypergraphs...
  📊 Disease View 1 (Gene): torch.Size([383, 878])
  📊 Disease View 2 (Semantic): torch.Size([383, 878])
✅ Successfully built TRUE DUAL VIEWS:
   🧬 miRNA: Sequence Features (m_ss.xlsx) vs Functional Similarity (mi_fun_sim_2.0.csv)
   🦠 Disease: Gene Features (d_gs.xlsx) vs Semantic Similarity (dis_sem_sim_2.0.csv)

🔧 Epoch 1 梯度检查:
================================================================================

  参数名称                              梯度范数         梯度均值 状态             
  ----------------------------------------------------------------------
  type_relations                0.051673     0.001583 ✅ 正常           
  exist_relation                0.164486     0.009822 ✅ 正常           
  mi_proj_layer0                0.461387     0.001403 ✅ 正常           
  dis_proj_layer0               0.626120     0.001945 ✅ 正常           
================================================================================

Epoch 1, Total Loss: 20.2434, Recover Loss: 1.0694, miRNA CL: 8.9172, Disease CL: 8.4525, Inter-view (est): 4.0084, Recon Loss: 1.5061, Time: 0.68s
[INFO] Hypergraph updated at epoch 5
[INFO] Hypergraph updated at epoch 10
[INFO] Hypergraph updated at epoch 15
[INFO] Hypergraph updated at epoch 20
[INFO] Hypergraph updated at epoch 25
[INFO] Hypergraph updated at epoch 30
[INFO] Hypergraph updated at epoch 35
[INFO] Hypergraph updated at epoch 40
[INFO] Hypergraph updated at epoch 45
[INFO] Hypergraph updated at epoch 50

🔧 Epoch 50 梯度检查:
================================================================================

  参数名称                              梯度范数         梯度均值 状态             
  ----------------------------------------------------------------------
  type_relations                0.064954     0.001717 ✅ 正常           
  exist_relation                0.011598     0.000740 ✅ 正常           
  mi_proj_layer0                0.019587     0.000072 ✅ 正常           
  dis_proj_layer0               0.023066     0.000082 ✅ 正常           
================================================================================

Epoch 50, Total Loss: 17.1302, Recover Loss: 1.0084, miRNA CL: 8.0107, Disease CL: 7.7172, Inter-view (est): 3.6295, Recon Loss: 0.1112, Time: 93.01s
[INFO] Hypergraph updated at epoch 100

🔧 Epoch 100 梯度检查:
================================================================================

  参数名称                              梯度范数         梯度均值 状态             
  ----------------------------------------------------------------------
  type_relations                0.139510     0.002703 ✅ 正常           
  exist_relation                0.019042     0.000808 ✅ 正常           
  mi_proj_layer0                0.019849     0.000071 ✅ 正常           
  dis_proj_layer0               0.025024     0.000088 ✅ 正常           
================================================================================

Epoch 100, Total Loss: 15.9598, Recover Loss: 0.9891, miRNA CL: 7.7272, Disease CL: 6.9501, Inter-view (est): 3.3871, Recon Loss: 0.0310, Time: 127.55s
[INFO] Hypergraph updated at epoch 150

🔧 Epoch 150 梯度检查:
================================================================================

  参数名称                              梯度范数         梯度均值 状态             
  ----------------------------------------------------------------------
  type_relations                0.175006     0.002856 ✅ 正常           
  exist_relation                0.024076     0.000888 ✅ 正常           
  mi_proj_layer0                0.021753     0.000073 ✅ 正常           
  dis_proj_layer0               0.024501     0.000081 ✅ 正常           
================================================================================

Epoch 150, Total Loss: 15.2738, Recover Loss: 0.9518, miRNA CL: 7.4690, Disease CL: 6.5751, Inter-view (est): 3.2409, Recon Loss: 0.0301, Time: 160.23s
[INFO] Hypergraph updated at epoch 200

🔧 Epoch 200 梯度检查:
================================================================================

  参数名称                              梯度范数         梯度均值 状态             
  ----------------------------------------------------------------------
  type_relations                0.163908     0.002695 ✅ 正常           
  exist_relation                0.019152     0.000683 ✅ 正常           
  mi_proj_layer0                0.023499     0.000074 ✅ 正常           
  dis_proj_layer0               0.022678     0.000074 ✅ 正常           
================================================================================

Epoch 200, Total Loss: 14.7796, Recover Loss: 0.9284, miRNA CL: 7.1857, Disease CL: 6.3984, Inter-view (est): 3.1348, Recon Loss: 0.0286, Time: 193.39s
[INFO] Hypergraph updated at epoch 250

🔧 Epoch 250 梯度检查:
================================================================================

  参数名称                              梯度范数         梯度均值 状态             
  ----------------------------------------------------------------------
  type_relations                0.157275     0.002649 ✅ 正常           
  exist_relation                0.028009     0.000855 ✅ 正常           
  mi_proj_layer0                0.022094     0.000071 ✅ 正常           
  dis_proj_layer0               0.024731     0.000075 ✅ 正常           
================================================================================

Epoch 250, Total Loss: 14.5309, Recover Loss: 0.9013, miRNA CL: 7.0577, Disease CL: 6.3119, Inter-view (est): 3.0853, Recon Loss: 0.0282, Time: 226.52s
[INFO] Hypergraph updated at epoch 300

🔧 Epoch 300 梯度检查:
================================================================================

  参数名称                              梯度范数         梯度均值 状态             
  ----------------------------------------------------------------------
  type_relations                0.161956     0.002852 ✅ 正常           
  exist_relation                0.021790     0.000823 ✅ 正常           
  mi_proj_layer0                0.023849     0.000075 ✅ 正常           
  dis_proj_layer0               0.024686     0.000078 ✅ 正常           
================================================================================

Epoch 300, Total Loss: 14.3718, Recover Loss: 0.8708, miRNA CL: 6.9883, Disease CL: 6.2577, Inter-view (est): 3.0568, Recon Loss: 0.0274, Time: 259.63s
[INFO] Hypergraph updated at epoch 350

🔧 Epoch 350 梯度检查:
================================================================================

  参数名称                              梯度范数         梯度均值 状态             
  ----------------------------------------------------------------------
  type_relations                0.160136     0.002673 ✅ 正常           
  exist_relation                0.027906     0.001018 ✅ 正常           
  mi_proj_layer0                0.022347     0.000069 ✅ 正常           
  dis_proj_layer0               0.029521     0.000089 ✅ 正常           
================================================================================

Epoch 350, Total Loss: 14.2382, Recover Loss: 0.8489, miRNA CL: 6.9212, Disease CL: 6.2166, Inter-view (est): 3.0318, Recon Loss: 0.0274, Time: 291.94s
[INFO] Hypergraph updated at epoch 400

🔧 Epoch 400 梯度检查:
================================================================================

  参数名称                              梯度范数         梯度均值 状态             
  ----------------------------------------------------------------------
  type_relations                0.140829     0.002285 ✅ 正常           
  exist_relation                0.046928     0.001451 ✅ 正常           
  mi_proj_layer0                0.021609     0.000066 ✅ 正常           
  dis_proj_layer0               0.023860     0.000075 ✅ 正常           
================================================================================

Epoch 400, Total Loss: 14.1111, Recover Loss: 0.8299, miRNA CL: 6.8444, Disease CL: 6.1889, Inter-view (est): 3.0077, Recon Loss: 0.0269, Time: 324.83s
[INFO] Hypergraph updated at epoch 450

🔧 Epoch 450 梯度检查:
================================================================================

  参数名称                              梯度范数         梯度均值 状态             
  ----------------------------------------------------------------------
  type_relations                0.145684     0.002497 ✅ 正常           
  exist_relation                0.022147     0.000704 ✅ 正常           
  mi_proj_layer0                0.021132     0.000063 ✅ 正常           
  dis_proj_layer0               0.022526     0.000071 ✅ 正常           
================================================================================

Epoch 450, Total Loss: 14.0289, Recover Loss: 0.8207, miRNA CL: 6.7896, Disease CL: 6.1728, Inter-view (est): 2.9913, Recon Loss: 0.0264, Time: 357.77s
[INFO] Hypergraph updated at epoch 500

🔧 Epoch 500 梯度检查:
================================================================================

  参数名称                              梯度范数         梯度均值 状态             
  ----------------------------------------------------------------------
  type_relations                0.146696     0.002526 ✅ 正常           
  exist_relation                0.029582     0.000984 ✅ 正常           
  mi_proj_layer0                0.023055     0.000066 ✅ 正常           
  dis_proj_layer0               0.023048     0.000073 ✅ 正常           
================================================================================

Epoch 500, Total Loss: 13.9794, Recover Loss: 0.8129, miRNA CL: 6.7596, Disease CL: 6.1629, Inter-view (est): 2.9821, Recon Loss: 0.0259, Time: 390.48s
[INFO] Hypergraph updated at epoch 550

🔧 Epoch 550 梯度检查:
================================================================================

  参数名称                              梯度范数         梯度均值 状态             
  ----------------------------------------------------------------------
  type_relations                0.130511     0.002251 ✅ 正常           
  exist_relation                0.022417     0.000789 ✅ 正常           
  mi_proj_layer0                0.019387     0.000058 ✅ 正常           
  dis_proj_layer0               0.023005     0.000067 ✅ 正常           
================================================================================

Epoch 550, Total Loss: 13.9329, Recover Loss: 0.8044, miRNA CL: 6.7316, Disease CL: 6.1539, Inter-view (est): 2.9736, Recon Loss: 0.0258, Time: 422.85s
[INFO] Hypergraph updated at epoch 600

🔧 Epoch 600 梯度检查:
================================================================================

  参数名称                              梯度范数         梯度均值 状态             
  ----------------------------------------------------------------------
  type_relations                0.127763     0.002255 ✅ 正常           
  exist_relation                0.023937     0.000810 ✅ 正常           
  mi_proj_layer0                0.020044     0.000059 ✅ 正常           
  dis_proj_layer0               0.023845     0.000071 ✅ 正常           
================================================================================

Epoch 600, Total Loss: 13.8977, Recover Loss: 0.8033, miRNA CL: 6.7072, Disease CL: 6.1451, Inter-view (est): 2.9659, Recon Loss: 0.0259, Time: 455.62s
[INFO] Hypergraph updated at epoch 650

🔧 Epoch 650 梯度检查:
================================================================================

  参数名称                              梯度范数         梯度均值 状态             
  ----------------------------------------------------------------------
  type_relations                0.126809     0.002294 ✅ 正常           
  exist_relation                0.023481     0.000733 ✅ 正常           
  mi_proj_layer0                0.020725     0.000060 ✅ 正常           
  dis_proj_layer0               0.024054     0.000071 ✅ 正常           
================================================================================

Epoch 650, Total Loss: 13.8625, Recover Loss: 0.7980, miRNA CL: 6.6870, Disease CL: 6.1365, Inter-view (est): 2.9593, Recon Loss: 0.0260, Time: 488.07s

================================================================================
Training completed. Running final test...
================================================================================
Fold 4 completed - AUC: 0.9714, Top-1 F1: 0.6157
Fold 4 training time: 488.86 seconds
=== Cross Validation Fold 5/5 ===
Using hidden dimensions: [256, 256] with 4 attention heads
优化模型初始化: miRNA数量 = 495, 疾病数量 = 383
   节点维度: 256 → 128
   类型数量: 4
   Temperature: 2.0 (可学习)
   Loss mode: two_head
   loss_mode=two_head
   exist_weight=0.300, type_weight=0.700

✅ SimplifiedMultiTypeAssociationLoss 初始化 (改进版)
   类别权重 (beta=0.99999): ['0.780', '1.822', '0.977', '0.421']
Original positive index shape: torch.Size([1072, 2])
Original negative index shape: torch.Size([135416, 2])
采样后负样本数量: 10720
🎯 Building TRUE DUAL VIEWS from four different sources...
📊 Data sources loaded:
  Disease semantic: torch.Size([383, 383])
  miRNA functional: torch.Size([495, 495])
  Disease-gene: torch.Size([383, 383])
  miRNA-sequence: torch.Size([495, 495])
🧬 Building miRNA dual-view hypergraphs...
  📊 miRNA View 1 (Sequence): torch.Size([495, 878])
  📊 miRNA View 2 (Function): torch.Size([495, 878])
🦠 Building disease dual-view hypergraphs...
  📊 Disease View 1 (Gene): torch.Size([383, 878])
  📊 Disease View 2 (Semantic): torch.Size([383, 878])
✅ Successfully built TRUE DUAL VIEWS:
   🧬 miRNA: Sequence Features (m_ss.xlsx) vs Functional Similarity (mi_fun_sim_2.0.csv)
   🦠 Disease: Gene Features (d_gs.xlsx) vs Semantic Similarity (dis_sem_sim_2.0.csv)

🔧 Epoch 1 梯度检查:
================================================================================

  参数名称                              梯度范数         梯度均值 状态             
  ----------------------------------------------------------------------
  type_relations                0.060192     0.001862 ✅ 正常           
  exist_relation                0.249391     0.013852 ✅ 正常           
  mi_proj_layer0                1.185774     0.002700 ✅ 正常           
  dis_proj_layer0               0.961046     0.002738 ✅ 正常           
================================================================================

Epoch 1, Total Loss: 20.3465, Recover Loss: 1.1079, miRNA CL: 8.9752, Disease CL: 8.4314, Inter-view (est): 4.0169, Recon Loss: 1.5339, Time: 0.72s
[INFO] Hypergraph updated at epoch 5
[INFO] Hypergraph updated at epoch 10
[INFO] Hypergraph updated at epoch 15
[INFO] Hypergraph updated at epoch 20
[INFO] Hypergraph updated at epoch 25
[INFO] Hypergraph updated at epoch 30
[INFO] Hypergraph updated at epoch 35
[INFO] Hypergraph updated at epoch 40
[INFO] Hypergraph updated at epoch 45
[INFO] Hypergraph updated at epoch 50

🔧 Epoch 50 梯度检查:
================================================================================

  参数名称                              梯度范数         梯度均值 状态             
  ----------------------------------------------------------------------
  type_relations                0.080909     0.002027 ✅ 正常           
  exist_relation                0.017695     0.001093 ✅ 正常           
  mi_proj_layer0                0.028433     0.000100 ✅ 正常           
  dis_proj_layer0               0.027446     0.000098 ✅ 正常           
================================================================================

Epoch 50, Total Loss: 17.1782, Recover Loss: 1.0055, miRNA CL: 8.0139, Disease CL: 7.7163, Inter-view (est): 3.6300, Recon Loss: 0.1594, Time: 99.79s
[INFO] Hypergraph updated at epoch 100

🔧 Epoch 100 梯度检查:
================================================================================

  参数名称                              梯度范数         梯度均值 状态             
  ----------------------------------------------------------------------
  type_relations                0.121750     0.002232 ✅ 正常           
  exist_relation                0.013728     0.000578 ✅ 正常           
  mi_proj_layer0                0.019375     0.000068 ✅ 正常           
  dis_proj_layer0               0.022909     0.000079 ✅ 正常           
================================================================================

Epoch 100, Total Loss: 15.9889, Recover Loss: 0.9822, miRNA CL: 7.7287, Disease CL: 6.9821, Inter-view (est): 3.3948, Recon Loss: 0.0317, Time: 135.83s
[INFO] Hypergraph updated at epoch 150

🔧 Epoch 150 梯度检查:
================================================================================

  参数名称                              梯度范数         梯度均值 状态             
  ----------------------------------------------------------------------
  type_relations                0.160188     0.002904 ✅ 正常           
  exist_relation                0.022566     0.000901 ✅ 正常           
  mi_proj_layer0                0.022333     0.000079 ✅ 正常           
  dis_proj_layer0               0.027614     0.000088 ✅ 正常           
================================================================================

Epoch 150, Total Loss: 15.3036, Recover Loss: 0.9539, miRNA CL: 7.4488, Disease CL: 6.6198, Inter-view (est): 3.2466, Recon Loss: 0.0304, Time: 169.23s
[INFO] Hypergraph updated at epoch 200

🔧 Epoch 200 梯度检查:
================================================================================

  参数名称                              梯度范数         梯度均值 状态             
  ----------------------------------------------------------------------
  type_relations                0.157706     0.002794 ✅ 正常           
  exist_relation                0.017419     0.000677 ✅ 正常           
  mi_proj_layer0                0.023794     0.000082 ✅ 正常           
  dis_proj_layer0               0.023600     0.000081 ✅ 正常           
================================================================================

Epoch 200, Total Loss: 14.8474, Recover Loss: 0.9321, miRNA CL: 7.2000, Disease CL: 6.4441, Inter-view (est): 3.1486, Recon Loss: 0.0286, Time: 202.29s
[INFO] Hypergraph updated at epoch 250

🔧 Epoch 250 梯度检查:
================================================================================

  参数名称                              梯度范数         梯度均值 状态             
  ----------------------------------------------------------------------
  type_relations                0.154476     0.002869 ✅ 正常           
  exist_relation                0.027380     0.000933 ✅ 正常           
  mi_proj_layer0                0.023474     0.000079 ✅ 正常           
  dis_proj_layer0               0.024187     0.000079 ✅ 正常           
================================================================================

Epoch 250, Total Loss: 14.6211, Recover Loss: 0.9049, miRNA CL: 7.0936, Disease CL: 6.3568, Inter-view (est): 3.1040, Recon Loss: 0.0282, Time: 235.25s
[INFO] Hypergraph updated at epoch 300

🔧 Epoch 300 梯度检查:
================================================================================

  参数名称                              梯度范数         梯度均值 状态             
  ----------------------------------------------------------------------
  type_relations                0.144785     0.002757 ✅ 正常           
  exist_relation                0.023185     0.000710 ✅ 正常           
  mi_proj_layer0                0.020163     0.000069 ✅ 正常           
  dis_proj_layer0               0.020588     0.000070 ✅ 正常           
================================================================================

Epoch 300, Total Loss: 14.4420, Recover Loss: 0.8813, miRNA CL: 7.0099, Disease CL: 6.2901, Inter-view (est): 3.0692, Recon Loss: 0.0278, Time: 268.37s
[INFO] Hypergraph updated at epoch 350

🔧 Epoch 350 梯度检查:
================================================================================

  参数名称                              梯度范数         梯度均值 状态             
  ----------------------------------------------------------------------
  type_relations                0.117833     0.002190 ✅ 正常           
  exist_relation                0.016473     0.000697 ✅ 正常           
  mi_proj_layer0                0.018740     0.000064 ✅ 正常           
  dis_proj_layer0               0.022485     0.000073 ✅ 正常           
================================================================================

Epoch 350, Total Loss: 14.2956, Recover Loss: 0.8615, miRNA CL: 6.9342, Disease CL: 6.2429, Inter-view (est): 3.0409, Recon Loss: 0.0283, Time: 302.02s
[INFO] Hypergraph updated at epoch 400

🔧 Epoch 400 梯度检查:
================================================================================

  参数名称                              梯度范数         梯度均值 状态             
  ----------------------------------------------------------------------
  type_relations                0.129017     0.002324 ✅ 正常           
  exist_relation                0.016008     0.000580 ✅ 正常           
  mi_proj_layer0                0.019467     0.000063 ✅ 正常           
  dis_proj_layer0               0.023055     0.000073 ✅ 正常           
================================================================================

Epoch 400, Total Loss: 14.1948, Recover Loss: 0.8450, miRNA CL: 6.8785, Disease CL: 6.2180, Inter-view (est): 3.0223, Recon Loss: 0.0270, Time: 335.05s
[INFO] Hypergraph updated at epoch 450

🔧 Epoch 450 梯度检查:
================================================================================

  参数名称                              梯度范数         梯度均值 状态             
  ----------------------------------------------------------------------
  type_relations                0.119278     0.002162 ✅ 正常           
  exist_relation                0.015673     0.000585 ✅ 正常           
  mi_proj_layer0                0.021327     0.000067 ✅ 正常           
  dis_proj_layer0               0.024396     0.000078 ✅ 正常           
================================================================================

Epoch 450, Total Loss: 14.1023, Recover Loss: 0.8348, miRNA CL: 6.8175, Disease CL: 6.1986, Inter-view (est): 3.0037, Recon Loss: 0.0268, Time: 367.71s
[INFO] Hypergraph updated at epoch 500

🔧 Epoch 500 梯度检查:
================================================================================

  参数名称                              梯度范数         梯度均值 状态             
  ----------------------------------------------------------------------
  type_relations                0.122105     0.002174 ✅ 正常           
  exist_relation                0.012693     0.000542 ✅ 正常           
  mi_proj_layer0                0.019431     0.000062 ✅ 正常           
  dis_proj_layer0               0.021566     0.000069 ✅ 正常           
================================================================================

Epoch 500, Total Loss: 14.0207, Recover Loss: 0.8215, miRNA CL: 6.7665, Disease CL: 6.1827, Inter-view (est): 2.9883, Recon Loss: 0.0269, Time: 400.89s
[INFO] Hypergraph updated at epoch 550

🔧 Epoch 550 梯度检查:
================================================================================

  参数名称                              梯度范数         梯度均值 状态             
  ----------------------------------------------------------------------
  type_relations                0.132191     0.002456 ✅ 正常           
  exist_relation                0.012378     0.000527 ✅ 正常           
  mi_proj_layer0                0.020455     0.000066 ✅ 正常           
  dis_proj_layer0               0.027648     0.000082 ✅ 正常           
================================================================================

Epoch 550, Total Loss: 13.9696, Recover Loss: 0.8200, miRNA CL: 6.7312, Disease CL: 6.1699, Inter-view (est): 2.9772, Recon Loss: 0.0266, Time: 433.63s
[INFO] Hypergraph updated at epoch 600

🔧 Epoch 600 梯度检查:
================================================================================

  参数名称                              梯度范数         梯度均值 状态             
  ----------------------------------------------------------------------
  type_relations                0.119793     0.002200 ✅ 正常           
  exist_relation                0.015421     0.000631 ✅ 正常           
  mi_proj_layer0                0.018454     0.000058 ✅ 正常           
  dis_proj_layer0               0.024484     0.000075 ✅ 正常           
================================================================================

Epoch 600, Total Loss: 13.9233, Recover Loss: 0.8132, miRNA CL: 6.7042, Disease CL: 6.1588, Inter-view (est): 2.9684, Recon Loss: 0.0264, Time: 466.85s
[INFO] Hypergraph updated at epoch 650

🔧 Epoch 650 梯度检查:
================================================================================

  参数名称                              梯度范数         梯度均值 状态             
  ----------------------------------------------------------------------
  type_relations                0.121807     0.002184 ✅ 正常           
  exist_relation                0.014846     0.000615 ✅ 正常           
  mi_proj_layer0                0.021201     0.000062 ✅ 正常           
  dis_proj_layer0               0.022594     0.000069 ✅ 正常           
================================================================================

Epoch 650, Total Loss: 13.8833, Recover Loss: 0.8080, miRNA CL: 6.6806, Disease CL: 6.1487, Inter-view (est): 2.9606, Recon Loss: 0.0264, Time: 500.48s

================================================================================
Training completed. Running final test...
================================================================================
Fold 5 completed - AUC: 0.9753, Top-1 F1: 0.5760
Fold 5 training time: 501.29 seconds
Average binary metrics across folds: [[0.97459512 0.96852393 0.93527981 0.93373134 0.95791045 0.90955224
  0.91409683]]
🎯 Average Top-1 metrics across folds: {'top1_precision': 0.5350746268656716, 'top1_recall': np.float64(0.6056887521779122), 'top1_f1': np.float64(0.5677137269337529)}

📊 CV_type Style Metrics Details:
  AUC            : 0.9746
  AUPR           : 0.9685
  F1             : 0.9353
  Accuracy       : 0.9337
  Recall         : 0.9579
  Specificity    : 0.9096
  Precision      : 0.9141

🎯 Top-1 Metrics Details:
  top1_precision : 0.5351
  top1_recall    : 0.6057
  top1_f1        : 0.5677

Total execution time: 2460.27 seconds

==========================================================================================
🎯 FINAL COMPREHENSIVE RESULTS WITH TOP-1 METRICS
==========================================================================================
📊 Binary Classification Metrics (Original):
  AUC: 0.9746
  AUPR: 0.9685
  F1: 0.9353
  Accuracy: 0.9337
  Recall: 0.9579
  Specificity: 0.9096
  Precision: 0.9141

🎯 CV_type Style Metrics (Enhanced):
  AUC: 0.9746
  AUPR: 0.9685
  F1: 0.9353
  Accuracy: 0.9337
  Recall: 0.9579
  Specificity: 0.9096
  Precision: 0.9141

🏆 Top-1 Metrics (NEW):
  Top-1 Precision: 0.5351
  Top-1 Recall: 0.6057
  Top-1 F1: 0.5677
==========================================================================================

[3/5] K_neigs=11 (seed=1)
----------------------------------------------------------------
[CPU] torch.set_num_threads(14), interop=min(4, 14)
Using device: cpu
[INFO] Auto-computed BALANCED class weights (to prevent class collapse):
  Circulation  (367 samples): 0.780
  Epigenetics  (157 samples): 1.823
  Target       (293 samples): 0.977
  Genetics     (681 samples): 0.420
  [NOTE] Higher weights for minority classes to prevent model from only predicting majority class
[INFO] Using v2.0_495m383D dataset:
  miRNAs: 495
  Diseases: 383
  Expected associations: ~1498
  Types: 4 (Circulation, Epigenetics, Target, Genetics)

================================================================================
Configuration Summary
================================================================================
Dataset: v2.0_495m383D
Data Path: ./
Model: HeterogenousGraphCLAMIR
  - HGT Layers: 2
  - Attention Heads: 4
  - Association Types: 4
  - Inter-view CL: Enabled
    - Weight: 0.3
    - Temperature: 0.5
    - Margin: 0.5

Training:
  - Epochs: 650
  - Learning Rate: 0.0001
  - Dropout: 0.3
  - Weight Decay: 5e-05
  - Focal Loss: Enabled

Evaluation:
  - Cross-Validation Folds: 5
  - Primary Metric: AUPR

Device: cpu
Random Seed: 1
================================================================================

[SEED] Re-seeded với args.seed = 1
🚀 Running with comprehensive evaluation including Top-1 metrics...
🎯 Loading dual-view data...
Starting dual-view data preparation with new file format...
Loading all similarity and feature files from v2.0_495m383D...
✅ Loaded disease semantic similarity from D_SSM1.txt: (383, 383)
✅ Loaded miRNA functional similarity from M_FSM.txt: (495, 495)
✅ Loaded multi-type association pairs from ./v2.0_495m383D\multi_all_mirna_disease_pairs_without_negative.csv: (1679, 3)
✅ Created multi-type association matrix: (495, 383)
📊 Multi-type Association Statistics:
   无关联 (No association): 188087 pairs (99.21%)
   循环类型 (Circulation): 367 pairs (0.19%)
   表观遗传学 (Epigenetics): 157 pairs (0.08%)
   靶标类型 (Target): 293 pairs (0.15%)
   遗传学类型 (Genetics): 681 pairs (0.36%)
✅ Created association matrix from CSV: (495, 383)
✅ Loaded disease-gene features from D_SSM2.txt: torch.Size([383, 383])
✅ Loaded miRNA-sequence features from M_GSM.txt: torch.Size([495, 495])
Processing integrated similarity matrices...
Loaded similarity matrices from cache
Processing indices...
Loaded indices from cache (seed=1)
✅ Dual-view data preparation completed in 0.39 seconds

============================================================
🎯 DUAL-VIEW CONFIGURATION SUMMARY (v2.0_495m383D)
============================================================
miRNA Dual Views:
  📊 View 1 (Sequence): M_GSM.txt torch.Size([495, 495])
  📊 View 2 (Function): M_FSM.txt torch.Size([495, 495])

Disease Dual Views:
  📊 View 1 (Gene): D_SSM2.txt torch.Size([383, 383])
  📊 View 2 (Semantic): D_SSM1.txt torch.Size([383, 383])

Association Matrix: torch.Size([495, 383])
Data source: v2.0_495m383D (495 miRNAs × 383 Diseases)
============================================================
Preloading dual-view data to device...
✅ Loaded disease-gene features to device: torch.Size([383, 383])
✅ Loaded miRNA-sequence features to device: torch.Size([495, 495])
✅ Loaded disease semantic similarity to device: torch.Size([383, 383])
✅ Loaded miRNA functional similarity to device: torch.Size([495, 495])
✅ Dual-view data preloading completed in 0.00 seconds
OptimizedDataset initialized with 5 folds
Using device: cpu
=== Cross Validation Fold 1/5 ===
Using hidden dimensions: [256, 256] with 4 attention heads
优化模型初始化: miRNA数量 = 495, 疾病数量 = 383
   节点维度: 256 → 128
   类型数量: 4
   Temperature: 2.0 (可学习)
   Loss mode: two_head
   loss_mode=two_head
   exist_weight=0.300, type_weight=0.700

✅ SimplifiedMultiTypeAssociationLoss 初始化 (改进版)
   类别权重 (beta=0.99999): ['0.780', '1.822', '0.977', '0.421']
Original positive index shape: torch.Size([1072, 2])
Original negative index shape: torch.Size([135416, 2])
采样后负样本数量: 10720
🎯 Building TRUE DUAL VIEWS from four different sources...
📊 Data sources loaded:
  Disease semantic: torch.Size([383, 383])
  miRNA functional: torch.Size([495, 495])
  Disease-gene: torch.Size([383, 383])
  miRNA-sequence: torch.Size([495, 495])
🧬 Building miRNA dual-view hypergraphs...
  📊 miRNA View 1 (Sequence): torch.Size([495, 878])
  📊 miRNA View 2 (Function): torch.Size([495, 878])
🦠 Building disease dual-view hypergraphs...
  📊 Disease View 1 (Gene): torch.Size([383, 878])
  📊 Disease View 2 (Semantic): torch.Size([383, 878])
✅ Successfully built TRUE DUAL VIEWS:
   🧬 miRNA: Sequence Features (m_ss.xlsx) vs Functional Similarity (mi_fun_sim_2.0.csv)
   🦠 Disease: Gene Features (d_gs.xlsx) vs Semantic Similarity (dis_sem_sim_2.0.csv)

🔧 Epoch 1 梯度检查:
================================================================================

  参数名称                              梯度范数         梯度均值 状态             
  ----------------------------------------------------------------------
  type_relations                0.059279     0.001780 ✅ 正常           
  exist_relation                0.203684     0.011938 ✅ 正常           
  mi_proj_layer0                0.715008     0.002086 ✅ 正常           
  dis_proj_layer0               0.843627     0.002596 ✅ 正常           
================================================================================

Epoch 1, Total Loss: 20.2562, Recover Loss: 1.0856, miRNA CL: 8.9268, Disease CL: 8.4658, Inter-view (est): 4.0137, Recon Loss: 1.4800, Time: 0.69s
[INFO] Hypergraph updated at epoch 5
[INFO] Hypergraph updated at epoch 10
[INFO] Hypergraph updated at epoch 15
[INFO] Hypergraph updated at epoch 20
[INFO] Hypergraph updated at epoch 25
[INFO] Hypergraph updated at epoch 30
[INFO] Hypergraph updated at epoch 35
[INFO] Hypergraph updated at epoch 40
[INFO] Hypergraph updated at epoch 45
[INFO] Hypergraph updated at epoch 50

🔧 Epoch 50 梯度检查:
================================================================================

  参数名称                              梯度范数         梯度均值 状态             
  ----------------------------------------------------------------------
  type_relations                0.060148     0.001693 ✅ 正常           
  exist_relation                0.009670     0.000669 ✅ 正常           
  mi_proj_layer0                0.022228     0.000080 ✅ 正常           
  dis_proj_layer0               0.024092     0.000087 ✅ 正常           
================================================================================

Epoch 50, Total Loss: 17.1687, Recover Loss: 1.0101, miRNA CL: 8.0119, Disease CL: 7.7010, Inter-view (est): 3.6261, Recon Loss: 0.1627, Time: 90.12s
[INFO] Hypergraph updated at epoch 100

🔧 Epoch 100 梯度检查:
================================================================================

  参数名称                              梯度范数         梯度均值 状态             
  ----------------------------------------------------------------------
  type_relations                0.138173     0.002580 ✅ 正常           
  exist_relation                0.015840     0.000734 ✅ 正常           
  mi_proj_layer0                0.020341     0.000068 ✅ 正常           
  dis_proj_layer0               0.025274     0.000084 ✅ 正常           
================================================================================

Epoch 100, Total Loss: 16.0711, Recover Loss: 0.9879, miRNA CL: 7.7326, Disease CL: 7.0544, Inter-view (est): 3.4124, Recon Loss: 0.0318, Time: 125.17s
[INFO] Hypergraph updated at epoch 150

🔧 Epoch 150 梯度检查:
================================================================================

  参数名称                              梯度范数         梯度均值 状态             
  ----------------------------------------------------------------------
  type_relations                0.180833     0.002787 ✅ 正常           
  exist_relation                0.021008     0.000689 ✅ 正常           
  mi_proj_layer0                0.021167     0.000071 ✅ 正常           
  dis_proj_layer0               0.022799     0.000075 ✅ 正常           
================================================================================

Epoch 150, Total Loss: 15.3824, Recover Loss: 0.9561, miRNA CL: 7.5194, Disease CL: 6.6259, Inter-view (est): 3.2643, Recon Loss: 0.0304, Time: 159.11s
[INFO] Hypergraph updated at epoch 200

🔧 Epoch 200 梯度检查:
================================================================================

  参数名称                              梯度范数         梯度均值 状态             
  ----------------------------------------------------------------------
  type_relations                0.145672     0.002538 ✅ 正常           
  exist_relation                0.027614     0.000836 ✅ 正常           
  mi_proj_layer0                0.026475     0.000085 ✅ 正常           
  dis_proj_layer0               0.025720     0.000078 ✅ 正常           
================================================================================

Epoch 200, Total Loss: 14.8554, Recover Loss: 0.9318, miRNA CL: 7.2235, Disease CL: 6.4294, Inter-view (est): 3.1507, Recon Loss: 0.0297, Time: 192.25s
[INFO] Hypergraph updated at epoch 250

🔧 Epoch 250 梯度检查:
================================================================================

  参数名称                              梯度范数         梯度均值 状态             
  ----------------------------------------------------------------------
  type_relations                0.148107     0.002439 ✅ 正常           
  exist_relation                0.032189     0.000974 ✅ 正常           
  mi_proj_layer0                0.022893     0.000071 ✅ 正常           
  dis_proj_layer0               0.024495     0.000076 ✅ 正常           
================================================================================

Epoch 250, Total Loss: 14.5928, Recover Loss: 0.9016, miRNA CL: 7.0840, Disease CL: 6.3450, Inter-view (est): 3.0990, Recon Loss: 0.0278, Time: 225.54s
[INFO] Hypergraph updated at epoch 300

🔧 Epoch 300 梯度检查:
================================================================================

  参数名称                              梯度范数         梯度均值 状态             
  ----------------------------------------------------------------------
  type_relations                0.144293     0.002476 ✅ 正常           
  exist_relation                0.014150     0.000540 ✅ 正常           
  mi_proj_layer0                0.022881     0.000072 ✅ 正常           
  dis_proj_layer0               0.027450     0.000080 ✅ 正常           
================================================================================

Epoch 300, Total Loss: 14.4169, Recover Loss: 0.8791, miRNA CL: 6.9930, Disease CL: 6.2867, Inter-view (est): 3.0645, Recon Loss: 0.0290, Time: 258.65s
[INFO] Hypergraph updated at epoch 350

🔧 Epoch 350 梯度检查:
================================================================================

  参数名称                              梯度范数         梯度均值 状态             
  ----------------------------------------------------------------------
  type_relations                0.141649     0.002538 ✅ 正常           
  exist_relation                0.014461     0.000565 ✅ 正常           
  mi_proj_layer0                0.025826     0.000080 ✅ 正常           
  dis_proj_layer0               0.022421     0.000073 ✅ 正常           
================================================================================

Epoch 350, Total Loss: 14.2856, Recover Loss: 0.8620, miRNA CL: 6.9249, Disease CL: 6.2442, Inter-view (est): 3.0390, Recon Loss: 0.0288, Time: 291.81s
[INFO] Hypergraph updated at epoch 400

🔧 Epoch 400 梯度检查:
================================================================================

  参数名称                              梯度范数         梯度均值 状态             
  ----------------------------------------------------------------------
  type_relations                0.122584     0.002166 ✅ 正常           
  exist_relation                0.019758     0.000766 ✅ 正常           
  mi_proj_layer0                0.021144     0.000067 ✅ 正常           
  dis_proj_layer0               0.021355     0.000068 ✅ 正常           
================================================================================

Epoch 400, Total Loss: 14.1850, Recover Loss: 0.8533, miRNA CL: 6.8621, Disease CL: 6.2188, Inter-view (est): 3.0187, Recon Loss: 0.0273, Time: 324.68s
[INFO] Hypergraph updated at epoch 450

🔧 Epoch 450 梯度检查:
================================================================================

  参数名称                              梯度范数         梯度均值 状态             
  ----------------------------------------------------------------------
  type_relations                0.126743     0.002299 ✅ 正常           
  exist_relation                0.014975     0.000546 ✅ 正常           
  mi_proj_layer0                0.026183     0.000077 ✅ 正常           
  dis_proj_layer0               0.025450     0.000073 ✅ 正常           
================================================================================

Epoch 450, Total Loss: 14.0969, Recover Loss: 0.8373, miRNA CL: 6.8065, Disease CL: 6.2037, Inter-view (est): 3.0024, Recon Loss: 0.0273, Time: 357.54s
[INFO] Hypergraph updated at epoch 500

🔧 Epoch 500 梯度检查:
================================================================================

  参数名称                              梯度范数         梯度均值 状态             
  ----------------------------------------------------------------------
  type_relations                0.132850     0.002269 ✅ 正常           
  exist_relation                0.013938     0.000539 ✅ 正常           
  mi_proj_layer0                0.024148     0.000070 ✅ 正常           
  dis_proj_layer0               0.024546     0.000071 ✅ 正常           
================================================================================

Epoch 500, Total Loss: 14.0413, Recover Loss: 0.8338, miRNA CL: 6.7667, Disease CL: 6.1929, Inter-view (est): 2.9907, Recon Loss: 0.0269, Time: 390.23s
[INFO] Hypergraph updated at epoch 550

🔧 Epoch 550 梯度检查:
================================================================================

  参数名称                              梯度范数         梯度均值 状态             
  ----------------------------------------------------------------------
  type_relations                0.124366     0.002200 ✅ 正常           
  exist_relation                0.016566     0.000629 ✅ 正常           
  mi_proj_layer0                0.024923     0.000073 ✅ 正常           
  dis_proj_layer0               0.024785     0.000073 ✅ 正常           
================================================================================

Epoch 550, Total Loss: 14.0053, Recover Loss: 0.8374, miRNA CL: 6.7375, Disease CL: 6.1838, Inter-view (est): 2.9818, Recon Loss: 0.0265, Time: 423.26s
[INFO] Hypergraph updated at epoch 600

🔧 Epoch 600 梯度检查:
================================================================================

  参数名称                              梯度范数         梯度均值 状态             
  ----------------------------------------------------------------------
  type_relations                0.118329     0.002071 ✅ 正常           
  exist_relation                0.020309     0.000603 ✅ 正常           
  mi_proj_layer0                0.021668     0.000064 ✅ 正常           
  dis_proj_layer0               0.024525     0.000070 ✅ 正常           
================================================================================

Epoch 600, Total Loss: 13.9684, Recover Loss: 0.8176, miRNA CL: 6.7289, Disease CL: 6.1759, Inter-view (est): 2.9780, Recon Loss: 0.0269, Time: 456.34s
[INFO] Hypergraph updated at epoch 650

🔧 Epoch 650 梯度检查:
================================================================================

  参数名称                              梯度范数         梯度均值 状态             
  ----------------------------------------------------------------------
  type_relations                0.105242     0.001815 ✅ 正常           
  exist_relation                0.014087     0.000531 ✅ 正常           
  mi_proj_layer0                0.022840     0.000066 ✅ 正常           
  dis_proj_layer0               0.022863     0.000065 ✅ 正常           
================================================================================

Epoch 650, Total Loss: 13.9315, Recover Loss: 0.8154, miRNA CL: 6.7014, Disease CL: 6.1697, Inter-view (est): 2.9703, Recon Loss: 0.0265, Time: 489.36s

================================================================================
Training completed. Running final test...
================================================================================
Fold 1 completed - AUC: 0.9758, Top-1 F1: 0.5549
Fold 1 training time: 490.44 seconds
=== Cross Validation Fold 2/5 ===
Using hidden dimensions: [256, 256] with 4 attention heads
优化模型初始化: miRNA数量 = 495, 疾病数量 = 383
   节点维度: 256 → 128
   类型数量: 4
   Temperature: 2.0 (可学习)
   Loss mode: two_head
   loss_mode=two_head
   exist_weight=0.300, type_weight=0.700

✅ SimplifiedMultiTypeAssociationLoss 初始化 (改进版)
   类别权重 (beta=0.99999): ['0.780', '1.822', '0.977', '0.421']
Original positive index shape: torch.Size([1072, 2])
Original negative index shape: torch.Size([135416, 2])
采样后负样本数量: 10720
🎯 Building TRUE DUAL VIEWS from four different sources...
📊 Data sources loaded:
  Disease semantic: torch.Size([383, 383])
  miRNA functional: torch.Size([495, 495])
  Disease-gene: torch.Size([383, 383])
  miRNA-sequence: torch.Size([495, 495])
🧬 Building miRNA dual-view hypergraphs...
  📊 miRNA View 1 (Sequence): torch.Size([495, 878])
  📊 miRNA View 2 (Function): torch.Size([495, 878])
🦠 Building disease dual-view hypergraphs...
  📊 Disease View 1 (Gene): torch.Size([383, 878])
  📊 Disease View 2 (Semantic): torch.Size([383, 878])
✅ Successfully built TRUE DUAL VIEWS:
   🧬 miRNA: Sequence Features (m_ss.xlsx) vs Functional Similarity (mi_fun_sim_2.0.csv)
   🦠 Disease: Gene Features (d_gs.xlsx) vs Semantic Similarity (dis_sem_sim_2.0.csv)

🔧 Epoch 1 梯度检查:
================================================================================

  参数名称                              梯度范数         梯度均值 状态             
  ----------------------------------------------------------------------
  type_relations                0.062978     0.001778 ✅ 正常           
  exist_relation                0.292270     0.016582 ✅ 正常           
  mi_proj_layer0                1.008271     0.002884 ✅ 正常           
  dis_proj_layer0               0.949006     0.002768 ✅ 正常           
================================================================================

Epoch 1, Total Loss: 20.2869, Recover Loss: 1.1110, miRNA CL: 8.9427, Disease CL: 8.4359, Inter-view (est): 4.0104, Recon Loss: 1.4993, Time: 0.67s
[INFO] Hypergraph updated at epoch 5
[INFO] Hypergraph updated at epoch 10
[INFO] Hypergraph updated at epoch 15
[INFO] Hypergraph updated at epoch 20
[INFO] Hypergraph updated at epoch 25
[INFO] Hypergraph updated at epoch 30
[INFO] Hypergraph updated at epoch 35
[INFO] Hypergraph updated at epoch 40
[INFO] Hypergraph updated at epoch 45
[INFO] Hypergraph updated at epoch 50

🔧 Epoch 50 梯度检查:
================================================================================

  参数名称                              梯度范数         梯度均值 状态             
  ----------------------------------------------------------------------
  type_relations                0.061624     0.001704 ✅ 正常           
  exist_relation                0.014080     0.000802 ✅ 正常           
  mi_proj_layer0                0.021914     0.000079 ✅ 正常           
  dis_proj_layer0               0.024363     0.000084 ✅ 正常           
================================================================================

Epoch 50, Total Loss: 17.1487, Recover Loss: 1.0103, miRNA CL: 8.0002, Disease CL: 7.7205, Inter-view (est): 3.6279, Recon Loss: 0.1350, Time: 90.34s
[INFO] Hypergraph updated at epoch 100

🔧 Epoch 100 梯度检查:
================================================================================

  参数名称                              梯度范数         梯度均值 状态             
  ----------------------------------------------------------------------
  type_relations                0.110546     0.002578 ✅ 正常           
  exist_relation                0.011945     0.000658 ✅ 正常           
  mi_proj_layer0                0.022691     0.000080 ✅ 正常           
  dis_proj_layer0               0.023160     0.000080 ✅ 正常           
================================================================================

Epoch 100, Total Loss: 16.0072, Recover Loss: 0.9920, miRNA CL: 7.7020, Disease CL: 7.0201, Inter-view (est): 3.3974, Recon Loss: 0.0303, Time: 125.79s
[INFO] Hypergraph updated at epoch 150

🔧 Epoch 150 梯度检查:
================================================================================

  参数名称                              梯度范数         梯度均值 状态             
  ----------------------------------------------------------------------
  type_relations                0.182325     0.003382 ✅ 正常           
  exist_relation                0.014096     0.000637 ✅ 正常           
  mi_proj_layer0                0.025062     0.000086 ✅ 正常           
  dis_proj_layer0               0.025614     0.000087 ✅ 正常           
================================================================================

Epoch 150, Total Loss: 15.2699, Recover Loss: 0.9544, miRNA CL: 7.4134, Disease CL: 6.6243, Inter-view (est): 3.2395, Recon Loss: 0.0289, Time: 159.20s
[INFO] Hypergraph updated at epoch 200

🔧 Epoch 200 梯度检查:
================================================================================

  参数名称                              梯度范数         梯度均值 状态             
  ----------------------------------------------------------------------
  type_relations                0.179262     0.003275 ✅ 正常           
  exist_relation                0.026271     0.000952 ✅ 正常           
  mi_proj_layer0                0.024564     0.000083 ✅ 正常           
  dis_proj_layer0               0.024736     0.000080 ✅ 正常           
================================================================================

Epoch 200, Total Loss: 14.8806, Recover Loss: 0.9354, miRNA CL: 7.2085, Disease CL: 6.4659, Inter-view (est): 3.1556, Recon Loss: 0.0291, Time: 192.71s
[INFO] Hypergraph updated at epoch 250

🔧 Epoch 250 梯度检查:
================================================================================

  参数名称                              梯度范数         梯度均值 状态             
  ----------------------------------------------------------------------
  type_relations                0.176119     0.002874 ✅ 正常           
  exist_relation                0.030299     0.001060 ✅ 正常           
  mi_proj_layer0                0.020659     0.000071 ✅ 正常           
  dis_proj_layer0               0.022742     0.000074 ✅ 正常           
================================================================================

Epoch 250, Total Loss: 14.6353, Recover Loss: 0.8998, miRNA CL: 7.0899, Disease CL: 6.3815, Inter-view (est): 3.1088, Recon Loss: 0.0285, Time: 226.40s
[INFO] Hypergraph updated at epoch 300

🔧 Epoch 300 梯度检查:
================================================================================

  参数名称                              梯度范数         梯度均值 状态             
  ----------------------------------------------------------------------
  type_relations                0.134119     0.002294 ✅ 正常           
  exist_relation                0.018798     0.000671 ✅ 正常           
  mi_proj_layer0                0.025268     0.000078 ✅ 正常           
  dis_proj_layer0               0.026509     0.000079 ✅ 正常           
================================================================================

Epoch 300, Total Loss: 14.4470, Recover Loss: 0.8807, miRNA CL: 6.9987, Disease CL: 6.3099, Inter-view (est): 3.0712, Recon Loss: 0.0276, Time: 259.49s
[INFO] Hypergraph updated at epoch 350

🔧 Epoch 350 梯度检查:
================================================================================

  参数名称                              梯度范数         梯度均值 状态             
  ----------------------------------------------------------------------
  type_relations                0.143791     0.002559 ✅ 正常           
  exist_relation                0.012824     0.000488 ✅ 正常           
  mi_proj_layer0                0.019650     0.000066 ✅ 正常           
  dis_proj_layer0               0.023992     0.000074 ✅ 正常           
================================================================================

Epoch 350, Total Loss: 14.3197, Recover Loss: 0.8579, miRNA CL: 6.9383, Disease CL: 6.2698, Inter-view (est): 3.0480, Recon Loss: 0.0271, Time: 292.71s
[INFO] Hypergraph updated at epoch 400

🔧 Epoch 400 梯度检查:
================================================================================

  参数名称                              梯度范数         梯度均值 状态             
  ----------------------------------------------------------------------
  type_relations                0.140316     0.002615 ✅ 正常           
  exist_relation                0.015543     0.000564 ✅ 正常           
  mi_proj_layer0                0.021255     0.000068 ✅ 正常           
  dis_proj_layer0               0.023952     0.000074 ✅ 正常           
================================================================================

Epoch 400, Total Loss: 14.2117, Recover Loss: 0.8422, miRNA CL: 6.8726, Disease CL: 6.2458, Inter-view (est): 3.0273, Recon Loss: 0.0266, Time: 326.33s
[INFO] Hypergraph updated at epoch 450

🔧 Epoch 450 梯度检查:
================================================================================

  参数名称                              梯度范数         梯度均值 状态             
  ----------------------------------------------------------------------
  type_relations                0.133832     0.002571 ✅ 正常           
  exist_relation                0.011550     0.000454 ✅ 正常           
  mi_proj_layer0                0.021416     0.000067 ✅ 正常           
  dis_proj_layer0               0.023554     0.000075 ✅ 正常           
================================================================================

Epoch 450, Total Loss: 14.1382, Recover Loss: 0.8365, miRNA CL: 6.8207, Disease CL: 6.2310, Inter-view (est): 3.0119, Recon Loss: 0.0269, Time: 359.80s
[INFO] Hypergraph updated at epoch 500

🔧 Epoch 500 梯度检查:
================================================================================

  参数名称                              梯度范数         梯度均值 状态             
  ----------------------------------------------------------------------
  type_relations                0.149853     0.002795 ✅ 正常           
  exist_relation                0.014359     0.000543 ✅ 正常           
  mi_proj_layer0                0.021809     0.000068 ✅ 正常           
  dis_proj_layer0               0.025784     0.000077 ✅ 正常           
================================================================================

Epoch 500, Total Loss: 14.0798, Recover Loss: 0.8293, miRNA CL: 6.7822, Disease CL: 6.2199, Inter-view (est): 3.0005, Recon Loss: 0.0263, Time: 393.06s
[INFO] Hypergraph updated at epoch 550

🔧 Epoch 550 梯度检查:
================================================================================

  参数名称                              梯度范数         梯度均值 状态             
  ----------------------------------------------------------------------
  type_relations                0.156377     0.002731 ✅ 正常           
  exist_relation                0.012818     0.000518 ✅ 正常           
  mi_proj_layer0                0.024191     0.000071 ✅ 正常           
  dis_proj_layer0               0.026435     0.000081 ✅ 正常           
================================================================================

Epoch 550, Total Loss: 14.0344, Recover Loss: 0.8217, miRNA CL: 6.7550, Disease CL: 6.2099, Inter-view (est): 2.9919, Recon Loss: 0.0267, Time: 426.43s
[INFO] Hypergraph updated at epoch 600

🔧 Epoch 600 梯度检查:
================================================================================

  参数名称                              梯度范数         梯度均值 状态             
  ----------------------------------------------------------------------
  type_relations                0.127906     0.002278 ✅ 正常           
  exist_relation                0.017426     0.000601 ✅ 正常           
  mi_proj_layer0                0.023315     0.000069 ✅ 正常           
  dis_proj_layer0               0.025867     0.000078 ✅ 正常           
================================================================================

Epoch 600, Total Loss: 13.9910, Recover Loss: 0.8128, miRNA CL: 6.7312, Disease CL: 6.2004, Inter-view (est): 2.9842, Recon Loss: 0.0265, Time: 459.91s
[INFO] Hypergraph updated at epoch 650

🔧 Epoch 650 梯度检查:
================================================================================

  参数名称                              梯度范数         梯度均值 状态             
  ----------------------------------------------------------------------
  type_relations                0.126290     0.002298 ✅ 正常           
  exist_relation                0.018177     0.000630 ✅ 正常           
  mi_proj_layer0                0.020860     0.000062 ✅ 正常           
  dis_proj_layer0               0.022889     0.000069 ✅ 正常           
================================================================================

Epoch 650, Total Loss: 13.9562, Recover Loss: 0.8089, miRNA CL: 6.7107, Disease CL: 6.1912, Inter-view (est): 2.9774, Recon Loss: 0.0261, Time: 493.33s

================================================================================
Training completed. Running final test...
================================================================================
Fold 2 completed - AUC: 0.9733, Top-1 F1: 0.5802
Fold 2 training time: 494.09 seconds
=== Cross Validation Fold 3/5 ===
Using hidden dimensions: [256, 256] with 4 attention heads
优化模型初始化: miRNA数量 = 495, 疾病数量 = 383
   节点维度: 256 → 128
   类型数量: 4
   Temperature: 2.0 (可学习)
   Loss mode: two_head
   loss_mode=two_head
   exist_weight=0.300, type_weight=0.700

✅ SimplifiedMultiTypeAssociationLoss 初始化 (改进版)
   类别权重 (beta=0.99999): ['0.780', '1.822', '0.977', '0.421']
Original positive index shape: torch.Size([1072, 2])
Original negative index shape: torch.Size([135416, 2])
采样后负样本数量: 10720
🎯 Building TRUE DUAL VIEWS from four different sources...
📊 Data sources loaded:
  Disease semantic: torch.Size([383, 383])
  miRNA functional: torch.Size([495, 495])
  Disease-gene: torch.Size([383, 383])
  miRNA-sequence: torch.Size([495, 495])
🧬 Building miRNA dual-view hypergraphs...
  📊 miRNA View 1 (Sequence): torch.Size([495, 878])
  📊 miRNA View 2 (Function): torch.Size([495, 878])
🦠 Building disease dual-view hypergraphs...
  📊 Disease View 1 (Gene): torch.Size([383, 878])
  📊 Disease View 2 (Semantic): torch.Size([383, 878])
✅ Successfully built TRUE DUAL VIEWS:
   🧬 miRNA: Sequence Features (m_ss.xlsx) vs Functional Similarity (mi_fun_sim_2.0.csv)
   🦠 Disease: Gene Features (d_gs.xlsx) vs Semantic Similarity (dis_sem_sim_2.0.csv)

🔧 Epoch 1 梯度检查:
================================================================================

  参数名称                              梯度范数         梯度均值 状态             
  ----------------------------------------------------------------------
  type_relations                0.063302     0.001933 ✅ 正常           
  exist_relation                0.377263     0.019851 ✅ 正常           
  mi_proj_layer0                1.038384     0.003057 ✅ 正常           
  dis_proj_layer0               1.201875     0.003214 ✅ 正常           
================================================================================

Epoch 1, Total Loss: 20.2665, Recover Loss: 1.1109, miRNA CL: 8.8940, Disease CL: 8.4333, Inter-view (est): 3.9986, Recon Loss: 1.5301, Time: 0.64s
[INFO] Hypergraph updated at epoch 5
[INFO] Hypergraph updated at epoch 10
[INFO] Hypergraph updated at epoch 15
[INFO] Hypergraph updated at epoch 20
[INFO] Hypergraph updated at epoch 25
[INFO] Hypergraph updated at epoch 30
[INFO] Hypergraph updated at epoch 35
[INFO] Hypergraph updated at epoch 40
[INFO] Hypergraph updated at epoch 45
[INFO] Hypergraph updated at epoch 50

🔧 Epoch 50 梯度检查:
================================================================================

  参数名称                              梯度范数         梯度均值 状态             
  ----------------------------------------------------------------------
  type_relations                0.069126     0.001888 ✅ 正常           
  exist_relation                0.024871     0.001334 ✅ 正常           
  mi_proj_layer0                0.032503     0.000115 ✅ 正常           
  dis_proj_layer0               0.029603     0.000107 ✅ 正常           
================================================================================

Epoch 50, Total Loss: 17.1782, Recover Loss: 1.0103, miRNA CL: 8.0226, Disease CL: 7.7253, Inter-view (est): 3.6341, Recon Loss: 0.1368, Time: 93.27s
[INFO] Hypergraph updated at epoch 100

🔧 Epoch 100 梯度检查:
================================================================================

  参数名称                              梯度范数         梯度均值 状态             
  ----------------------------------------------------------------------
  type_relations                0.119964     0.002656 ✅ 正常           
  exist_relation                0.015038     0.000634 ✅ 正常           
  mi_proj_layer0                0.021620     0.000074 ✅ 正常           
  dis_proj_layer0               0.022815     0.000079 ✅ 正常           
================================================================================

Epoch 100, Total Loss: 16.0706, Recover Loss: 0.9902, miRNA CL: 7.7376, Disease CL: 7.0489, Inter-view (est): 3.4122, Recon Loss: 0.0306, Time: 129.15s
[INFO] Hypergraph updated at epoch 150

🔧 Epoch 150 梯度检查:
================================================================================

  参数名称                              梯度范数         梯度均值 状态             
  ----------------------------------------------------------------------
  type_relations                0.205369     0.003349 ✅ 正常           
  exist_relation                0.013039     0.000564 ✅ 正常           
  mi_proj_layer0                0.024894     0.000081 ✅ 正常           
  dis_proj_layer0               0.025857     0.000088 ✅ 正常           
================================================================================

Epoch 150, Total Loss: 15.4231, Recover Loss: 0.9545, miRNA CL: 7.5435, Disease CL: 6.6460, Inter-view (est): 3.2745, Recon Loss: 0.0300, Time: 162.22s
[INFO] Hypergraph updated at epoch 200

🔧 Epoch 200 梯度检查:
================================================================================

  参数名称                              梯度范数         梯度均值 状态             
  ----------------------------------------------------------------------
  type_relations                0.226412     0.003315 ✅ 正常           
  exist_relation                0.010721     0.000476 ✅ 正常           
  mi_proj_layer0                0.023712     0.000076 ✅ 正常           
  dis_proj_layer0               0.022552     0.000078 ✅ 正常           
================================================================================

Epoch 200, Total Loss: 14.8862, Recover Loss: 0.9217, miRNA CL: 7.2549, Disease CL: 6.4404, Inter-view (est): 3.1605, Recon Loss: 0.0293, Time: 195.94s
[INFO] Hypergraph updated at epoch 250

🔧 Epoch 250 梯度检查:
================================================================================

  参数名称                              梯度范数         梯度均值 状态             
  ----------------------------------------------------------------------
  type_relations                0.180593     0.002741 ✅ 正常           
  exist_relation                0.016264     0.000589 ✅ 正常           
  mi_proj_layer0                0.023350     0.000070 ✅ 正常           
  dis_proj_layer0               0.021871     0.000072 ✅ 正常           
================================================================================

Epoch 250, Total Loss: 14.6048, Recover Loss: 0.9031, miRNA CL: 7.0966, Disease CL: 6.3438, Inter-view (est): 3.1016, Recon Loss: 0.0281, Time: 229.20s
[INFO] Hypergraph updated at epoch 300

🔧 Epoch 300 梯度检查:
================================================================================

  参数名称                              梯度范数         梯度均值 状态             
  ----------------------------------------------------------------------
  type_relations                0.140907     0.002281 ✅ 正常           
  exist_relation                0.013211     0.000510 ✅ 正常           
  mi_proj_layer0                0.021184     0.000066 ✅ 正常           
  dis_proj_layer0               0.019885     0.000065 ✅ 正常           
================================================================================

Epoch 300, Total Loss: 14.4079, Recover Loss: 0.8741, miRNA CL: 7.0034, Disease CL: 6.2752, Inter-view (est): 3.0643, Recon Loss: 0.0275, Time: 262.69s
[INFO] Hypergraph updated at epoch 350

🔧 Epoch 350 梯度检查:
================================================================================

  参数名称                              梯度范数         梯度均值 状态             
  ----------------------------------------------------------------------
  type_relations                0.132073     0.002300 ✅ 正常           
  exist_relation                0.017636     0.000707 ✅ 正常           
  mi_proj_layer0                0.022317     0.000069 ✅ 正常           
  dis_proj_layer0               0.023252     0.000074 ✅ 正常           
================================================================================

Epoch 350, Total Loss: 14.3019, Recover Loss: 0.8634, miRNA CL: 6.9465, Disease CL: 6.2401, Inter-view (est): 3.0431, Recon Loss: 0.0270, Time: 296.53s
[INFO] Hypergraph updated at epoch 400

🔧 Epoch 400 梯度检查:
================================================================================

  参数名称                              梯度范数         梯度均值 状态             
  ----------------------------------------------------------------------
  type_relations                0.127426     0.002374 ✅ 正常           
  exist_relation                0.020905     0.000765 ✅ 正常           
  mi_proj_layer0                0.019759     0.000066 ✅ 正常           
  dis_proj_layer0               0.023414     0.000075 ✅ 正常           
================================================================================

Epoch 400, Total Loss: 14.1925, Recover Loss: 0.8497, miRNA CL: 6.8823, Disease CL: 6.2110, Inter-view (est): 3.0215, Recon Loss: 0.0271, Time: 329.79s
[INFO] Hypergraph updated at epoch 450

🔧 Epoch 450 梯度检查:
================================================================================

  参数名称                              梯度范数         梯度均值 状态             
  ----------------------------------------------------------------------
  type_relations                0.118372     0.002158 ✅ 正常           
  exist_relation                0.021348     0.000707 ✅ 正常           
  mi_proj_layer0                0.028164     0.000082 ✅ 正常           
  dis_proj_layer0               0.030050     0.000091 ✅ 正常           
================================================================================

Epoch 450, Total Loss: 14.0928, Recover Loss: 0.8366, miRNA CL: 6.8167, Disease CL: 6.1918, Inter-view (est): 3.0020, Recon Loss: 0.0271, Time: 362.94s
[INFO] Hypergraph updated at epoch 500

🔧 Epoch 500 梯度检查:
================================================================================

  参数名称                              梯度范数         梯度均值 状态             
  ----------------------------------------------------------------------
  type_relations                0.129810     0.002365 ✅ 正常           
  exist_relation                0.019868     0.000685 ✅ 正常           
  mi_proj_layer0                0.021058     0.000067 ✅ 正常           
  dis_proj_layer0               0.022491     0.000072 ✅ 正常           
================================================================================

Epoch 500, Total Loss: 14.0149, Recover Loss: 0.8234, miRNA CL: 6.7661, Disease CL: 6.1791, Inter-view (est): 2.9874, Recon Loss: 0.0270, Time: 396.53s
[INFO] Hypergraph updated at epoch 550

🔧 Epoch 550 梯度检查:
================================================================================

  参数名称                              梯度范数         梯度均值 状态             
  ----------------------------------------------------------------------
  type_relations                0.114520     0.002099 ✅ 正常           
  exist_relation                0.021829     0.000704 ✅ 正常           
  mi_proj_layer0                0.018676     0.000061 ✅ 正常           
  dis_proj_layer0               0.021143     0.000067 ✅ 正常           
================================================================================

Epoch 550, Total Loss: 13.9851, Recover Loss: 0.8178, miRNA CL: 6.7508, Disease CL: 6.1708, Inter-view (est): 2.9819, Recon Loss: 0.0271, Time: 429.65s
[INFO] Hypergraph updated at epoch 600

🔧 Epoch 600 梯度检查:
================================================================================

  参数名称                              梯度范数         梯度均值 状态             
  ----------------------------------------------------------------------
  type_relations                0.106953     0.001939 ✅ 正常           
  exist_relation                0.020685     0.000726 ✅ 正常           
  mi_proj_layer0                0.018968     0.000060 ✅ 正常           
  dis_proj_layer0               0.019405     0.000063 ✅ 正常           
================================================================================

Epoch 600, Total Loss: 13.9426, Recover Loss: 0.8075, miRNA CL: 6.7275, Disease CL: 6.1635, Inter-view (est): 2.9748, Recon Loss: 0.0263, Time: 463.06s
[INFO] Hypergraph updated at epoch 650

🔧 Epoch 650 梯度检查:
================================================================================

  参数名称                              梯度范数         梯度均值 状态             
  ----------------------------------------------------------------------
  type_relations                0.108350     0.001944 ✅ 正常           
  exist_relation                0.016842     0.000642 ✅ 正常           
  mi_proj_layer0                0.020122     0.000064 ✅ 正常           
  dis_proj_layer0               0.024849     0.000071 ✅ 正常           
================================================================================

Epoch 650, Total Loss: 13.9150, Recover Loss: 0.8076, miRNA CL: 6.7081, Disease CL: 6.1560, Inter-view (est): 2.9686, Recon Loss: 0.0264, Time: 496.81s

================================================================================
Training completed. Running final test...
================================================================================
Fold 3 completed - AUC: 0.9699, Top-1 F1: 0.5297
Fold 3 training time: 497.60 seconds
=== Cross Validation Fold 4/5 ===
Using hidden dimensions: [256, 256] with 4 attention heads
优化模型初始化: miRNA数量 = 495, 疾病数量 = 383
   节点维度: 256 → 128
   类型数量: 4
   Temperature: 2.0 (可学习)
   Loss mode: two_head
   loss_mode=two_head
   exist_weight=0.300, type_weight=0.700

✅ SimplifiedMultiTypeAssociationLoss 初始化 (改进版)
   类别权重 (beta=0.99999): ['0.780', '1.822', '0.977', '0.421']
Original positive index shape: torch.Size([1072, 2])
Original negative index shape: torch.Size([135416, 2])
采样后负样本数量: 10720
🎯 Building TRUE DUAL VIEWS from four different sources...
📊 Data sources loaded:
  Disease semantic: torch.Size([383, 383])
  miRNA functional: torch.Size([495, 495])
  Disease-gene: torch.Size([383, 383])
  miRNA-sequence: torch.Size([495, 495])
🧬 Building miRNA dual-view hypergraphs...
  📊 miRNA View 1 (Sequence): torch.Size([495, 878])
  📊 miRNA View 2 (Function): torch.Size([495, 878])
🦠 Building disease dual-view hypergraphs...
  📊 Disease View 1 (Gene): torch.Size([383, 878])
  📊 Disease View 2 (Semantic): torch.Size([383, 878])
✅ Successfully built TRUE DUAL VIEWS:
   🧬 miRNA: Sequence Features (m_ss.xlsx) vs Functional Similarity (mi_fun_sim_2.0.csv)
   🦠 Disease: Gene Features (d_gs.xlsx) vs Semantic Similarity (dis_sem_sim_2.0.csv)

🔧 Epoch 1 梯度检查:
================================================================================

  参数名称                              梯度范数         梯度均值 状态             
  ----------------------------------------------------------------------
  type_relations                0.051687     0.001581 ✅ 正常           
  exist_relation                0.163857     0.009792 ✅ 正常           
  mi_proj_layer0                0.459949     0.001400 ✅ 正常           
  dis_proj_layer0               0.626396     0.001945 ✅ 正常           
================================================================================

Epoch 1, Total Loss: 20.2495, Recover Loss: 1.0697, miRNA CL: 8.9147, Disease CL: 8.4521, Inter-view (est): 4.0077, Recon Loss: 1.5147, Time: 0.67s
[INFO] Hypergraph updated at epoch 5
[INFO] Hypergraph updated at epoch 10
[INFO] Hypergraph updated at epoch 15
[INFO] Hypergraph updated at epoch 20
[INFO] Hypergraph updated at epoch 25
[INFO] Hypergraph updated at epoch 30
[INFO] Hypergraph updated at epoch 35
[INFO] Hypergraph updated at epoch 40
[INFO] Hypergraph updated at epoch 45
[INFO] Hypergraph updated at epoch 50

🔧 Epoch 50 梯度检查:
================================================================================

  参数名称                              梯度范数         梯度均值 状态             
  ----------------------------------------------------------------------
  type_relations                0.062896     0.001679 ✅ 正常           
  exist_relation                0.010688     0.000668 ✅ 正常           
  mi_proj_layer0                0.018974     0.000071 ✅ 正常           
  dis_proj_layer0               0.022174     0.000079 ✅ 正常           
================================================================================

Epoch 50, Total Loss: 17.1690, Recover Loss: 1.0089, miRNA CL: 8.0230, Disease CL: 7.7335, Inter-view (est): 3.6361, Recon Loss: 0.1209, Time: 94.44s
[INFO] Hypergraph updated at epoch 100

🔧 Epoch 100 梯度检查:
================================================================================

  参数名称                              梯度范数         梯度均值 状态             
  ----------------------------------------------------------------------
  type_relations                0.128545     0.002652 ✅ 正常           
  exist_relation                0.020075     0.000832 ✅ 正常           
  mi_proj_layer0                0.020291     0.000073 ✅ 正常           
  dis_proj_layer0               0.024708     0.000088 ✅ 正常           
================================================================================

Epoch 100, Total Loss: 16.0043, Recover Loss: 0.9912, miRNA CL: 7.7397, Disease CL: 6.9801, Inter-view (est): 3.3969, Recon Loss: 0.0309, Time: 130.54s
[INFO] Hypergraph updated at epoch 150

🔧 Epoch 150 梯度检查:
================================================================================

  参数名称                              梯度范数         梯度均值 状态             
  ----------------------------------------------------------------------
  type_relations                0.174255     0.002928 ✅ 正常           
  exist_relation                0.024102     0.000944 ✅ 正常           
  mi_proj_layer0                0.022050     0.000075 ✅ 正常           
  dis_proj_layer0               0.024745     0.000083 ✅ 正常           
================================================================================

Epoch 150, Total Loss: 15.3882, Recover Loss: 0.9547, miRNA CL: 7.5429, Disease CL: 6.6135, Inter-view (est): 3.2669, Recon Loss: 0.0295, Time: 163.67s
[INFO] Hypergraph updated at epoch 200

🔧 Epoch 200 梯度检查:
================================================================================

  参数名称                              梯度范数         梯度均值 状态             
  ----------------------------------------------------------------------
  type_relations                0.164617     0.002748 ✅ 正常           
  exist_relation                0.021189     0.000746 ✅ 正常           
  mi_proj_layer0                0.024217     0.000077 ✅ 正常           
  dis_proj_layer0               0.023628     0.000077 ✅ 正常           
================================================================================

Epoch 200, Total Loss: 14.8657, Recover Loss: 0.9274, miRNA CL: 7.2461, Disease CL: 6.4240, Inter-view (est): 3.1546, Recon Loss: 0.0302, Time: 197.05s
[INFO] Hypergraph updated at epoch 250

🔧 Epoch 250 梯度检查:
================================================================================

  参数名称                              梯度范数         梯度均值 状态             
  ----------------------------------------------------------------------
  type_relations                0.158125     0.002620 ✅ 正常           
  exist_relation                0.022478     0.000771 ✅ 正常           
  mi_proj_layer0                0.020584     0.000068 ✅ 正常           
  dis_proj_layer0               0.023561     0.000076 ✅ 正常           
================================================================================

Epoch 250, Total Loss: 14.6179, Recover Loss: 0.9036, miRNA CL: 7.1073, Disease CL: 6.3466, Inter-view (est): 3.1048, Recon Loss: 0.0282, Time: 230.72s
[INFO] Hypergraph updated at epoch 300

🔧 Epoch 300 梯度检查:
================================================================================

  参数名称                              梯度范数         梯度均值 状态             
  ----------------------------------------------------------------------
  type_relations                0.169273     0.002821 ✅ 正常           
  exist_relation                0.019302     0.000718 ✅ 正常           
  mi_proj_layer0                0.026206     0.000079 ✅ 正常           
  dis_proj_layer0               0.026244     0.000080 ✅ 正常           
================================================================================

Epoch 300, Total Loss: 14.4137, Recover Loss: 0.8652, miRNA CL: 7.0178, Disease CL: 6.2759, Inter-view (est): 3.0678, Recon Loss: 0.0278, Time: 264.37s
[INFO] Hypergraph updated at epoch 350

🔧 Epoch 350 梯度检查:
================================================================================

  参数名称                              梯度范数         梯度均值 状态             
  ----------------------------------------------------------------------
  type_relations                0.150503     0.002430 ✅ 正常           
  exist_relation                0.025527     0.000897 ✅ 正常           
  mi_proj_layer0                0.019780     0.000061 ✅ 正常           
  dis_proj_layer0               0.025053     0.000078 ✅ 正常           
================================================================================

Epoch 350, Total Loss: 14.2806, Recover Loss: 0.8421, miRNA CL: 6.9563, Disease CL: 6.2318, Inter-view (est): 3.0434, Recon Loss: 0.0271, Time: 298.05s
[INFO] Hypergraph updated at epoch 400

🔧 Epoch 400 梯度检查:
================================================================================

  参数名称                              梯度范数         梯度均值 状态             
  ----------------------------------------------------------------------
  type_relations                0.151880     0.002430 ✅ 正常           
  exist_relation                0.038415     0.001212 ✅ 正常           
  mi_proj_layer0                0.022353     0.000067 ✅ 正常           
  dis_proj_layer0               0.026391     0.000080 ✅ 正常           
================================================================================

Epoch 400, Total Loss: 14.1878, Recover Loss: 0.8279, miRNA CL: 6.9046, Disease CL: 6.2070, Inter-view (est): 3.0258, Recon Loss: 0.0274, Time: 332.60s
[INFO] Hypergraph updated at epoch 450

🔧 Epoch 450 梯度检查:
================================================================================

  参数名称                              梯度范数         梯度均值 状态             
  ----------------------------------------------------------------------
  type_relations                0.146101     0.002318 ✅ 正常           
  exist_relation                0.022878     0.000774 ✅ 正常           
  mi_proj_layer0                0.021017     0.000061 ✅ 正常           
  dis_proj_layer0               0.022447     0.000068 ✅ 正常           
================================================================================

Epoch 450, Total Loss: 14.0987, Recover Loss: 0.8141, miRNA CL: 6.8486, Disease CL: 6.1897, Inter-view (est): 3.0088, Recon Loss: 0.0271, Time: 366.05s
[INFO] Hypergraph updated at epoch 500

🔧 Epoch 500 梯度检查:
================================================================================

  参数名称                              梯度范数         梯度均值 状态             
  ----------------------------------------------------------------------
  type_relations                0.145599     0.002365 ✅ 正常           
  exist_relation                0.023460     0.000770 ✅ 正常           
  mi_proj_layer0                0.021355     0.000061 ✅ 正常           
  dis_proj_layer0               0.024067     0.000073 ✅ 正常           
================================================================================

Epoch 500, Total Loss: 14.0392, Recover Loss: 0.8100, miRNA CL: 6.8085, Disease CL: 6.1766, Inter-view (est): 2.9966, Recon Loss: 0.0263, Time: 399.64s
[INFO] Hypergraph updated at epoch 550

🔧 Epoch 550 梯度检查:
================================================================================

  参数名称                              梯度范数         梯度均值 状态             
  ----------------------------------------------------------------------
  type_relations                0.124883     0.002062 ✅ 正常           
  exist_relation                0.018470     0.000629 ✅ 正常           
  mi_proj_layer0                0.019545     0.000057 ✅ 正常           
  dis_proj_layer0               0.020618     0.000062 ✅ 正常           
================================================================================

Epoch 550, Total Loss: 13.9899, Recover Loss: 0.8049, miRNA CL: 6.7756, Disease CL: 6.1662, Inter-view (est): 2.9866, Recon Loss: 0.0267, Time: 432.47s
[INFO] Hypergraph updated at epoch 600

🔧 Epoch 600 梯度检查:
================================================================================

  参数名称                              梯度范数         梯度均值 状态             
  ----------------------------------------------------------------------
  type_relations                0.119583     0.002012 ✅ 正常           
  exist_relation                0.022630     0.000798 ✅ 正常           
  mi_proj_layer0                0.018881     0.000055 ✅ 正常           
  dis_proj_layer0               0.021494     0.000064 ✅ 正常           
================================================================================

Epoch 600, Total Loss: 13.9523, Recover Loss: 0.8058, miRNA CL: 6.7475, Disease CL: 6.1569, Inter-view (est): 2.9779, Recon Loss: 0.0267, Time: 465.90s
[INFO] Hypergraph updated at epoch 650

🔧 Epoch 650 梯度检查:
================================================================================

  参数名称                              梯度范数         梯度均值 状态             
  ----------------------------------------------------------------------
  type_relations                0.119377     0.002028 ✅ 正常           
  exist_relation                0.021838     0.000712 ✅ 正常           
  mi_proj_layer0                0.019638     0.000057 ✅ 正常           
  dis_proj_layer0               0.021210     0.000064 ✅ 正常           
================================================================================

Epoch 650, Total Loss: 13.9080, Recover Loss: 0.7983, miRNA CL: 6.7211, Disease CL: 6.1481, Inter-view (est): 2.9698, Recon Loss: 0.0261, Time: 499.46s

================================================================================
Training completed. Running final test...
================================================================================
Fold 4 completed - AUC: 0.9730, Top-1 F1: 0.5886
Fold 4 training time: 500.24 seconds
=== Cross Validation Fold 5/5 ===
Using hidden dimensions: [256, 256] with 4 attention heads
优化模型初始化: miRNA数量 = 495, 疾病数量 = 383
   节点维度: 256 → 128
   类型数量: 4
   Temperature: 2.0 (可学习)
   Loss mode: two_head
   loss_mode=two_head
   exist_weight=0.300, type_weight=0.700

✅ SimplifiedMultiTypeAssociationLoss 初始化 (改进版)
   类别权重 (beta=0.99999): ['0.780', '1.822', '0.977', '0.421']
Original positive index shape: torch.Size([1072, 2])
Original negative index shape: torch.Size([135416, 2])
采样后负样本数量: 10720
🎯 Building TRUE DUAL VIEWS from four different sources...
📊 Data sources loaded:
  Disease semantic: torch.Size([383, 383])
  miRNA functional: torch.Size([495, 495])
  Disease-gene: torch.Size([383, 383])
  miRNA-sequence: torch.Size([495, 495])
🧬 Building miRNA dual-view hypergraphs...
  📊 miRNA View 1 (Sequence): torch.Size([495, 878])
  📊 miRNA View 2 (Function): torch.Size([495, 878])
🦠 Building disease dual-view hypergraphs...
  📊 Disease View 1 (Gene): torch.Size([383, 878])
  📊 Disease View 2 (Semantic): torch.Size([383, 878])
✅ Successfully built TRUE DUAL VIEWS:
   🧬 miRNA: Sequence Features (m_ss.xlsx) vs Functional Similarity (mi_fun_sim_2.0.csv)
   🦠 Disease: Gene Features (d_gs.xlsx) vs Semantic Similarity (dis_sem_sim_2.0.csv)

🔧 Epoch 1 梯度检查:
================================================================================

  参数名称                              梯度范数         梯度均值 状态             
  ----------------------------------------------------------------------
  type_relations                0.060159     0.001865 ✅ 正常           
  exist_relation                0.242340     0.013486 ✅ 正常           
  mi_proj_layer0                1.153764     0.002633 ✅ 正常           
  dis_proj_layer0               0.931545     0.002660 ✅ 正常           
================================================================================

Epoch 1, Total Loss: 20.3480, Recover Loss: 1.1062, miRNA CL: 8.9692, Disease CL: 8.4318, Inter-view (est): 4.0156, Recon Loss: 1.5426, Time: 0.69s
[INFO] Hypergraph updated at epoch 5
[INFO] Hypergraph updated at epoch 10
[INFO] Hypergraph updated at epoch 15
[INFO] Hypergraph updated at epoch 20
[INFO] Hypergraph updated at epoch 25
[INFO] Hypergraph updated at epoch 30
[INFO] Hypergraph updated at epoch 35
[INFO] Hypergraph updated at epoch 40
[INFO] Hypergraph updated at epoch 45
[INFO] Hypergraph updated at epoch 50

🔧 Epoch 50 梯度检查:
================================================================================

  参数名称                              梯度范数         梯度均值 状态             
  ----------------------------------------------------------------------
  type_relations                0.075212     0.001941 ✅ 正常           
  exist_relation                0.019402     0.001177 ✅ 正常           
  mi_proj_layer0                0.029445     0.000104 ✅ 正常           
  dis_proj_layer0               0.028186     0.000101 ✅ 正常           
================================================================================

Epoch 50, Total Loss: 17.2151, Recover Loss: 1.0059, miRNA CL: 8.0264, Disease CL: 7.7252, Inter-view (est): 3.6350, Recon Loss: 0.1745, Time: 100.79s
[INFO] Hypergraph updated at epoch 100

🔧 Epoch 100 梯度检查:
================================================================================

  参数名称                              梯度范数         梯度均值 状态             
  ----------------------------------------------------------------------
  type_relations                0.115172     0.002250 ✅ 正常           
  exist_relation                0.013337     0.000588 ✅ 正常           
  mi_proj_layer0                0.019477     0.000069 ✅ 正常           
  dis_proj_layer0               0.024339     0.000084 ✅ 正常           
================================================================================

Epoch 100, Total Loss: 16.0454, Recover Loss: 0.9861, miRNA CL: 7.7489, Disease CL: 7.0135, Inter-view (est): 3.4067, Recon Loss: 0.0327, Time: 138.53s
[INFO] Hypergraph updated at epoch 150

🔧 Epoch 150 梯度检查:
================================================================================

  参数名称                              梯度范数         梯度均值 状态             
  ----------------------------------------------------------------------
  type_relations                0.155223     0.002866 ✅ 正常           
  exist_relation                0.022307     0.000867 ✅ 正常           
  mi_proj_layer0                0.021235     0.000076 ✅ 正常           
  dis_proj_layer0               0.025419     0.000084 ✅ 正常           
================================================================================

Epoch 150, Total Loss: 15.4361, Recover Loss: 0.9564, miRNA CL: 7.5504, Disease CL: 6.6488, Inter-view (est): 3.2767, Recon Loss: 0.0303, Time: 172.49s
[INFO] Hypergraph updated at epoch 200

🔧 Epoch 200 梯度检查:
================================================================================

  参数名称                              梯度范数         梯度均值 状态             
  ----------------------------------------------------------------------
  type_relations                0.156374     0.002895 ✅ 正常           
  exist_relation                0.017048     0.000688 ✅ 正常           
  mi_proj_layer0                0.024072     0.000083 ✅ 正常           
  dis_proj_layer0               0.022335     0.000079 ✅ 正常           
================================================================================

Epoch 200, Total Loss: 14.8956, Recover Loss: 0.9301, miRNA CL: 7.2359, Disease CL: 6.4598, Inter-view (est): 3.1605, Recon Loss: 0.0290, Time: 206.40s
[INFO] Hypergraph updated at epoch 250

🔧 Epoch 250 梯度检查:
================================================================================

  参数名称                              梯度范数         梯度均值 状态             
  ----------------------------------------------------------------------
  type_relations                0.140435     0.002633 ✅ 正常           
  exist_relation                0.028648     0.001004 ✅ 正常           
  mi_proj_layer0                0.021717     0.000074 ✅ 正常           
  dis_proj_layer0               0.022091     0.000076 ✅ 正常           
================================================================================

Epoch 250, Total Loss: 14.6425, Recover Loss: 0.9022, miRNA CL: 7.1121, Disease CL: 6.3646, Inter-view (est): 3.1100, Recon Loss: 0.0282, Time: 240.53s
[INFO] Hypergraph updated at epoch 300

🔧 Epoch 300 梯度检查:
================================================================================

  参数名称                              梯度范数         梯度均值 状态             
  ----------------------------------------------------------------------
  type_relations                0.136201     0.002592 ✅ 正常           
  exist_relation                0.021003     0.000705 ✅ 正常           
  mi_proj_layer0                0.021893     0.000071 ✅ 正常           
  dis_proj_layer0               0.020943     0.000070 ✅ 正常           
================================================================================

Epoch 300, Total Loss: 14.4688, Recover Loss: 0.8819, miRNA CL: 7.0260, Disease CL: 6.3017, Inter-view (est): 3.0756, Recon Loss: 0.0280, Time: 273.37s
[INFO] Hypergraph updated at epoch 350

🔧 Epoch 350 梯度检查:
================================================================================

  参数名称                              梯度范数         梯度均值 状态             
  ----------------------------------------------------------------------
  type_relations                0.122569     0.002260 ✅ 正常           
  exist_relation                0.016660     0.000663 ✅ 正常           
  mi_proj_layer0                0.018848     0.000063 ✅ 正常           
  dis_proj_layer0               0.023720     0.000076 ✅ 正常           
================================================================================

Epoch 350, Total Loss: 14.3101, Recover Loss: 0.8591, miRNA CL: 6.9467, Disease CL: 6.2492, Inter-view (est): 3.0452, Recon Loss: 0.0283, Time: 306.34s
[INFO] Hypergraph updated at epoch 400

🔧 Epoch 400 梯度检查:
================================================================================

  参数名称                              梯度范数         梯度均值 状态             
  ----------------------------------------------------------------------
  type_relations                0.129682     0.002402 ✅ 正常           
  exist_relation                0.014576     0.000619 ✅ 正常           
  mi_proj_layer0                0.028311     0.000080 ✅ 正常           
  dis_proj_layer0               0.026443     0.000083 ✅ 正常           
================================================================================

Epoch 400, Total Loss: 14.2064, Recover Loss: 0.8467, miRNA CL: 6.8886, Disease CL: 6.2197, Inter-view (est): 3.0250, Recon Loss: 0.0273, Time: 339.07s
[INFO] Hypergraph updated at epoch 450

🔧 Epoch 450 梯度检查:
================================================================================

  参数名称                              梯度范数         梯度均值 状态             
  ----------------------------------------------------------------------
  type_relations                0.114701     0.002111 ✅ 正常           
  exist_relation                0.011678     0.000411 ✅ 正常           
  mi_proj_layer0                0.019009     0.000060 ✅ 正常           
  dis_proj_layer0               0.021509     0.000070 ✅ 正常           
================================================================================

Epoch 450, Total Loss: 14.1064, Recover Loss: 0.8350, miRNA CL: 6.8214, Disease CL: 6.2009, Inter-view (est): 3.0051, Recon Loss: 0.0268, Time: 372.35s
[INFO] Hypergraph updated at epoch 500

🔧 Epoch 500 梯度检查:
================================================================================

  参数名称                              梯度范数         梯度均值 状态             
  ----------------------------------------------------------------------
  type_relations                0.106268     0.001949 ✅ 正常           
  exist_relation                0.015946     0.000563 ✅ 正常           
  mi_proj_layer0                0.018322     0.000059 ✅ 正常           
  dis_proj_layer0               0.020404     0.000066 ✅ 正常           
================================================================================

Epoch 500, Total Loss: 14.0360, Recover Loss: 0.8262, miRNA CL: 6.7754, Disease CL: 6.1868, Inter-view (est): 2.9913, Recon Loss: 0.0267, Time: 405.72s
[INFO] Hypergraph updated at epoch 550

🔧 Epoch 550 梯度检查:
================================================================================

  参数名称                              梯度范数         梯度均值 状态             
  ----------------------------------------------------------------------
  type_relations                0.126708     0.002266 ✅ 正常           
  exist_relation                0.014743     0.000618 ✅ 正常           
  mi_proj_layer0                0.019098     0.000062 ✅ 正常           
  dis_proj_layer0               0.025447     0.000078 ✅ 正常           
================================================================================

Epoch 550, Total Loss: 13.9925, Recover Loss: 0.8259, miRNA CL: 6.7450, Disease CL: 6.1748, Inter-view (est): 2.9815, Recon Loss: 0.0268, Time: 439.73s
[INFO] Hypergraph updated at epoch 600

🔧 Epoch 600 梯度检查:
================================================================================

  参数名称                              梯度范数         梯度均值 状态             
  ----------------------------------------------------------------------
  type_relations                0.113138     0.002139 ✅ 正常           
  exist_relation                0.017184     0.000621 ✅ 正常           
  mi_proj_layer0                0.018863     0.000059 ✅ 正常           
  dis_proj_layer0               0.023193     0.000075 ✅ 正常           
================================================================================

Epoch 600, Total Loss: 13.9455, Recover Loss: 0.8207, miRNA CL: 6.7161, Disease CL: 6.1638, Inter-view (est): 2.9723, Recon Loss: 0.0262, Time: 472.76s
[INFO] Hypergraph updated at epoch 650

🔧 Epoch 650 梯度检查:
================================================================================

  参数名称                              梯度范数         梯度均值 状态             
  ----------------------------------------------------------------------
  type_relations                0.115544     0.002093 ✅ 正常           
  exist_relation                0.013816     0.000542 ✅ 正常           
  mi_proj_layer0                0.019545     0.000060 ✅ 正常           
  dis_proj_layer0               0.020513     0.000066 ✅ 正常           
================================================================================

Epoch 650, Total Loss: 13.9057, Recover Loss: 0.8149, miRNA CL: 6.6931, Disease CL: 6.1535, Inter-view (est): 2.9646, Recon Loss: 0.0264, Time: 506.73s

================================================================================
Training completed. Running final test...
================================================================================
Fold 5 completed - AUC: 0.9753, Top-1 F1: 0.5630
Fold 5 training time: 507.52 seconds
Average binary metrics across folds: [[0.97349131 0.96669335 0.92939098 0.92753731 0.95268657 0.90238806
  0.90746731]]
🎯 Average Top-1 metrics across folds: {'top1_precision': 0.5268656716417911, 'top1_recall': np.float64(0.6052352688445483), 'top1_f1': np.float64(0.5632884655873445)}

📊 CV_type Style Metrics Details:
  AUC            : 0.9735
  AUPR           : 0.9667
  F1             : 0.9294
  Accuracy       : 0.9275
  Recall         : 0.9527
  Specificity    : 0.9024
  Precision      : 0.9075

🎯 Top-1 Metrics Details:
  top1_precision : 0.5269
  top1_recall    : 0.6052
  top1_f1        : 0.5633

Total execution time: 2490.30 seconds

==========================================================================================
🎯 FINAL COMPREHENSIVE RESULTS WITH TOP-1 METRICS
==========================================================================================
📊 Binary Classification Metrics (Original):
  AUC: 0.9735
  AUPR: 0.9667
  F1: 0.9294
  Accuracy: 0.9275
  Recall: 0.9527
  Specificity: 0.9024
  Precision: 0.9075

🎯 CV_type Style Metrics (Enhanced):
  AUC: 0.9735
  AUPR: 0.9667
  F1: 0.9294
  Accuracy: 0.9275
  Recall: 0.9527
  Specificity: 0.9024
  Precision: 0.9075

🏆 Top-1 Metrics (NEW):
  Top-1 Precision: 0.5269
  Top-1 Recall: 0.6052
  Top-1 F1: 0.5633
==========================================================================================

[4/5] K_neigs=13 (seed=1)
----------------------------------------------------------------
[CPU] torch.set_num_threads(14), interop=min(4, 14)
Using device: cpu
[INFO] Auto-computed BALANCED class weights (to prevent class collapse):
  Circulation  (367 samples): 0.780
  Epigenetics  (157 samples): 1.823
  Target       (293 samples): 0.977
  Genetics     (681 samples): 0.420
  [NOTE] Higher weights for minority classes to prevent model from only predicting majority class
[INFO] Using v2.0_495m383D dataset:
  miRNAs: 495
  Diseases: 383
  Expected associations: ~1498
  Types: 4 (Circulation, Epigenetics, Target, Genetics)

================================================================================
Configuration Summary
================================================================================
Dataset: v2.0_495m383D
Data Path: ./
Model: HeterogenousGraphCLAMIR
  - HGT Layers: 2
  - Attention Heads: 4
  - Association Types: 4
  - Inter-view CL: Enabled
    - Weight: 0.3
    - Temperature: 0.5
    - Margin: 0.5

Training:
  - Epochs: 650
  - Learning Rate: 0.0001
  - Dropout: 0.3
  - Weight Decay: 5e-05
  - Focal Loss: Enabled

Evaluation:
  - Cross-Validation Folds: 5
  - Primary Metric: AUPR

Device: cpu
Random Seed: 1
================================================================================

[SEED] Re-seeded với args.seed = 1
🚀 Running with comprehensive evaluation including Top-1 metrics...
🎯 Loading dual-view data...
Starting dual-view data preparation with new file format...
Loading all similarity and feature files from v2.0_495m383D...
✅ Loaded disease semantic similarity from D_SSM1.txt: (383, 383)
✅ Loaded miRNA functional similarity from M_FSM.txt: (495, 495)
✅ Loaded multi-type association pairs from ./v2.0_495m383D\multi_all_mirna_disease_pairs_without_negative.csv: (1679, 3)
✅ Created multi-type association matrix: (495, 383)
📊 Multi-type Association Statistics:
   无关联 (No association): 188087 pairs (99.21%)
   循环类型 (Circulation): 367 pairs (0.19%)
   表观遗传学 (Epigenetics): 157 pairs (0.08%)
   靶标类型 (Target): 293 pairs (0.15%)
   遗传学类型 (Genetics): 681 pairs (0.36%)
✅ Created association matrix from CSV: (495, 383)
✅ Loaded disease-gene features from D_SSM2.txt: torch.Size([383, 383])
✅ Loaded miRNA-sequence features from M_GSM.txt: torch.Size([495, 495])
Processing integrated similarity matrices...
Loaded similarity matrices from cache
Processing indices...
Loaded indices from cache (seed=1)
✅ Dual-view data preparation completed in 0.38 seconds

============================================================
🎯 DUAL-VIEW CONFIGURATION SUMMARY (v2.0_495m383D)
============================================================
miRNA Dual Views:
  📊 View 1 (Sequence): M_GSM.txt torch.Size([495, 495])
  📊 View 2 (Function): M_FSM.txt torch.Size([495, 495])

Disease Dual Views:
  📊 View 1 (Gene): D_SSM2.txt torch.Size([383, 383])
  📊 View 2 (Semantic): D_SSM1.txt torch.Size([383, 383])

Association Matrix: torch.Size([495, 383])
Data source: v2.0_495m383D (495 miRNAs × 383 Diseases)
============================================================
Preloading dual-view data to device...
✅ Loaded disease-gene features to device: torch.Size([383, 383])
✅ Loaded miRNA-sequence features to device: torch.Size([495, 495])
✅ Loaded disease semantic similarity to device: torch.Size([383, 383])
✅ Loaded miRNA functional similarity to device: torch.Size([495, 495])
✅ Dual-view data preloading completed in 0.00 seconds
OptimizedDataset initialized with 5 folds
Using device: cpu
=== Cross Validation Fold 1/5 ===
Using hidden dimensions: [256, 256] with 4 attention heads
优化模型初始化: miRNA数量 = 495, 疾病数量 = 383
   节点维度: 256 → 128
   类型数量: 4
   Temperature: 2.0 (可学习)
   Loss mode: two_head
   loss_mode=two_head
   exist_weight=0.300, type_weight=0.700

✅ SimplifiedMultiTypeAssociationLoss 初始化 (改进版)
   类别权重 (beta=0.99999): ['0.780', '1.822', '0.977', '0.421']
Original positive index shape: torch.Size([1072, 2])
Original negative index shape: torch.Size([135416, 2])
采样后负样本数量: 10720
🎯 Building TRUE DUAL VIEWS from four different sources...
📊 Data sources loaded:
  Disease semantic: torch.Size([383, 383])
  miRNA functional: torch.Size([495, 495])
  Disease-gene: torch.Size([383, 383])
  miRNA-sequence: torch.Size([495, 495])
🧬 Building miRNA dual-view hypergraphs...
  📊 miRNA View 1 (Sequence): torch.Size([495, 878])
  📊 miRNA View 2 (Function): torch.Size([495, 878])
🦠 Building disease dual-view hypergraphs...
  📊 Disease View 1 (Gene): torch.Size([383, 878])
  📊 Disease View 2 (Semantic): torch.Size([383, 878])
✅ Successfully built TRUE DUAL VIEWS:
   🧬 miRNA: Sequence Features (m_ss.xlsx) vs Functional Similarity (mi_fun_sim_2.0.csv)
   🦠 Disease: Gene Features (d_gs.xlsx) vs Semantic Similarity (dis_sem_sim_2.0.csv)

🔧 Epoch 1 梯度检查:
================================================================================

  参数名称                              梯度范数         梯度均值 状态             
  ----------------------------------------------------------------------
  type_relations                0.058949     0.001773 ✅ 正常           
  exist_relation                0.204709     0.011947 ✅ 正常           
  mi_proj_layer0                0.716904     0.002093 ✅ 正常           
  dis_proj_layer0               0.842311     0.002597 ✅ 正常           
================================================================================

Epoch 1, Total Loss: 20.2649, Recover Loss: 1.0860, miRNA CL: 8.9264, Disease CL: 8.4668, Inter-view (est): 4.0138, Recon Loss: 1.4876, Time: 0.71s
[INFO] Hypergraph updated at epoch 5
[INFO] Hypergraph updated at epoch 10
[INFO] Hypergraph updated at epoch 15
[INFO] Hypergraph updated at epoch 20
[INFO] Hypergraph updated at epoch 25
[INFO] Hypergraph updated at epoch 30
[INFO] Hypergraph updated at epoch 35
[INFO] Hypergraph updated at epoch 40
[INFO] Hypergraph updated at epoch 45
[INFO] Hypergraph updated at epoch 50

🔧 Epoch 50 梯度检查:
================================================================================

  参数名称                              梯度范数         梯度均值 状态             
  ----------------------------------------------------------------------
  type_relations                0.060142     0.001682 ✅ 正常           
  exist_relation                0.010373     0.000704 ✅ 正常           
  mi_proj_layer0                0.022616     0.000081 ✅ 正常           
  dis_proj_layer0               0.024306     0.000088 ✅ 正常           
================================================================================

Epoch 50, Total Loss: 17.1879, Recover Loss: 1.0101, miRNA CL: 8.0191, Disease CL: 7.6984, Inter-view (est): 3.6271, Recon Loss: 0.1773, Time: 90.70s
[INFO] Hypergraph updated at epoch 100

🔧 Epoch 100 梯度检查:
================================================================================

  参数名称                              梯度范数         梯度均值 状态             
  ----------------------------------------------------------------------
  type_relations                0.125066     0.002381 ✅ 正常           
  exist_relation                0.016018     0.000724 ✅ 正常           
  mi_proj_layer0                0.019714     0.000067 ✅ 正常           
  dis_proj_layer0               0.024106     0.000080 ✅ 正常           
================================================================================

Epoch 100, Total Loss: 16.1072, Recover Loss: 0.9899, miRNA CL: 7.7493, Disease CL: 7.0717, Inter-view (est): 3.4202, Recon Loss: 0.0319, Time: 127.30s
[INFO] Hypergraph updated at epoch 150

🔧 Epoch 150 梯度检查:
================================================================================

  参数名称                              梯度范数         梯度均值 状态             
  ----------------------------------------------------------------------
  type_relations                0.185565     0.002941 ✅ 正常           
  exist_relation                0.022033     0.000786 ✅ 正常           
  mi_proj_layer0                0.022167     0.000074 ✅ 正常           
  dis_proj_layer0               0.023613     0.000078 ✅ 正常           
================================================================================

Epoch 150, Total Loss: 15.4428, Recover Loss: 0.9586, miRNA CL: 7.5532, Disease CL: 6.6510, Inter-view (est): 3.2779, Recon Loss: 0.0298, Time: 160.40s
[INFO] Hypergraph updated at epoch 200

🔧 Epoch 200 梯度检查:
================================================================================

  参数名称                              梯度范数         梯度均值 状态             
  ----------------------------------------------------------------------
  type_relations                0.173099     0.002936 ✅ 正常           
  exist_relation                0.022576     0.000812 ✅ 正常           
  mi_proj_layer0                0.029526     0.000091 ✅ 正常           
  dis_proj_layer0               0.026750     0.000083 ✅ 正常           
================================================================================

Epoch 200, Total Loss: 14.9582, Recover Loss: 0.9287, miRNA CL: 7.2886, Disease CL: 6.4711, Inter-view (est): 3.1753, Recon Loss: 0.0290, Time: 192.94s
[INFO] Hypergraph updated at epoch 250

🔧 Epoch 250 梯度检查:
================================================================================

  参数名称                              梯度范数         梯度均值 状态             
  ----------------------------------------------------------------------
  type_relations                0.158992     0.002527 ✅ 正常           
  exist_relation                0.029497     0.000938 ✅ 正常           
  mi_proj_layer0                0.021969     0.000068 ✅ 正常           
  dis_proj_layer0               0.022116     0.000069 ✅ 正常           
================================================================================

Epoch 250, Total Loss: 14.6445, Recover Loss: 0.8981, miRNA CL: 7.1145, Disease CL: 6.3696, Inter-view (est): 3.1117, Recon Loss: 0.0285, Time: 226.26s
[INFO] Hypergraph updated at epoch 300

🔧 Epoch 300 梯度检查:
================================================================================

  参数名称                              梯度范数         梯度均值 状态             
  ----------------------------------------------------------------------
  type_relations                0.142475     0.002425 ✅ 正常           
  exist_relation                0.015111     0.000565 ✅ 正常           
  mi_proj_layer0                0.022394     0.000071 ✅ 正常           
  dis_proj_layer0               0.023801     0.000073 ✅ 正常           
================================================================================

Epoch 300, Total Loss: 14.4878, Recover Loss: 0.8825, miRNA CL: 7.0292, Disease CL: 6.3181, Inter-view (est): 3.0801, Recon Loss: 0.0287, Time: 259.27s
[INFO] Hypergraph updated at epoch 350

🔧 Epoch 350 梯度检查:
================================================================================

  参数名称                              梯度范数         梯度均值 状态             
  ----------------------------------------------------------------------
  type_relations                0.131342     0.002353 ✅ 正常           
  exist_relation                0.016875     0.000549 ✅ 正常           
  mi_proj_layer0                0.023339     0.000073 ✅ 正常           
  dis_proj_layer0               0.022317     0.000072 ✅ 正常           
================================================================================

Epoch 350, Total Loss: 14.3854, Recover Loss: 0.8727, miRNA CL: 6.9726, Disease CL: 6.2853, Inter-view (est): 3.0595, Recon Loss: 0.0287, Time: 292.62s
[INFO] Hypergraph updated at epoch 400

🔧 Epoch 400 梯度检查:
================================================================================

  参数名称                              梯度范数         梯度均值 状态             
  ----------------------------------------------------------------------
  type_relations                0.131210     0.002274 ✅ 正常           
  exist_relation                0.019519     0.000722 ✅ 正常           
  mi_proj_layer0                0.022053     0.000068 ✅ 正常           
  dis_proj_layer0               0.023465     0.000072 ✅ 正常           
================================================================================

Epoch 400, Total Loss: 14.2817, Recover Loss: 0.8580, miRNA CL: 6.9181, Disease CL: 6.2546, Inter-view (est): 3.0399, Recon Loss: 0.0274, Time: 325.87s
[INFO] Hypergraph updated at epoch 450

🔧 Epoch 450 梯度检查:
================================================================================

  参数名称                              梯度范数         梯度均值 状态             
  ----------------------------------------------------------------------
  type_relations                0.116230     0.002118 ✅ 正常           
  exist_relation                0.019508     0.000713 ✅ 正常           
  mi_proj_layer0                0.022120     0.000068 ✅ 正常           
  dis_proj_layer0               0.023069     0.000069 ✅ 正常           
================================================================================

Epoch 450, Total Loss: 14.1904, Recover Loss: 0.8469, miRNA CL: 6.8620, Disease CL: 6.2326, Inter-view (est): 3.0218, Recon Loss: 0.0269, Time: 359.40s
[INFO] Hypergraph updated at epoch 500

🔧 Epoch 500 梯度检查:
================================================================================

  参数名称                              梯度范数         梯度均值 状态             
  ----------------------------------------------------------------------
  type_relations                0.123356     0.002190 ✅ 正常           
  exist_relation                0.013923     0.000548 ✅ 正常           
  mi_proj_layer0                0.023850     0.000070 ✅ 正常           
  dis_proj_layer0               0.022215     0.000065 ✅ 正常           
================================================================================

Epoch 500, Total Loss: 14.1341, Recover Loss: 0.8423, miRNA CL: 6.8249, Disease CL: 6.2185, Inter-view (est): 3.0100, Recon Loss: 0.0275, Time: 392.73s
[INFO] Hypergraph updated at epoch 550

🔧 Epoch 550 梯度检查:
================================================================================

  参数名称                              梯度范数         梯度均值 状态             
  ----------------------------------------------------------------------
  type_relations                0.127742     0.002236 ✅ 正常           
  exist_relation                0.016359     0.000683 ✅ 正常           
  mi_proj_layer0                0.024833     0.000073 ✅ 正常           
  dis_proj_layer0               0.027859     0.000077 ✅ 正常           
================================================================================

Epoch 550, Total Loss: 14.0765, Recover Loss: 0.8447, miRNA CL: 6.7774, Disease CL: 6.2074, Inter-view (est): 2.9965, Recon Loss: 0.0271, Time: 426.10s
[INFO] Hypergraph updated at epoch 600

🔧 Epoch 600 梯度检查:
================================================================================

  参数名称                              梯度范数         梯度均值 状态             
  ----------------------------------------------------------------------
  type_relations                0.116954     0.002041 ✅ 正常           
  exist_relation                0.012806     0.000452 ✅ 正常           
  mi_proj_layer0                0.023730     0.000068 ✅ 正常           
  dis_proj_layer0               0.023554     0.000069 ✅ 正常           
================================================================================

Epoch 600, Total Loss: 14.0256, Recover Loss: 0.8242, miRNA CL: 6.7580, Disease CL: 6.1972, Inter-view (est): 2.9897, Recon Loss: 0.0269, Time: 459.26s
[INFO] Hypergraph updated at epoch 650

🔧 Epoch 650 梯度检查:
================================================================================

  参数名称                              梯度范数         梯度均值 状态             
  ----------------------------------------------------------------------
  type_relations                0.118841     0.002071 ✅ 正常           
  exist_relation                0.016402     0.000571 ✅ 正常           
  mi_proj_layer0                0.022437     0.000066 ✅ 正常           
  dis_proj_layer0               0.023780     0.000070 ✅ 正常           
================================================================================

Epoch 650, Total Loss: 13.9861, Recover Loss: 0.8187, miRNA CL: 6.7345, Disease CL: 6.1881, Inter-view (est): 2.9821, Recon Loss: 0.0265, Time: 491.75s

================================================================================
Training completed. Running final test...
================================================================================
Fold 1 completed - AUC: 0.9747, Top-1 F1: 0.5394
Fold 1 training time: 492.85 seconds
=== Cross Validation Fold 2/5 ===
Using hidden dimensions: [256, 256] with 4 attention heads
优化模型初始化: miRNA数量 = 495, 疾病数量 = 383
   节点维度: 256 → 128
   类型数量: 4
   Temperature: 2.0 (可学习)
   Loss mode: two_head
   loss_mode=two_head
   exist_weight=0.300, type_weight=0.700

✅ SimplifiedMultiTypeAssociationLoss 初始化 (改进版)
   类别权重 (beta=0.99999): ['0.780', '1.822', '0.977', '0.421']
Original positive index shape: torch.Size([1072, 2])
Original negative index shape: torch.Size([135416, 2])
采样后负样本数量: 10720
🎯 Building TRUE DUAL VIEWS from four different sources...
📊 Data sources loaded:
  Disease semantic: torch.Size([383, 383])
  miRNA functional: torch.Size([495, 495])
  Disease-gene: torch.Size([383, 383])
  miRNA-sequence: torch.Size([495, 495])
🧬 Building miRNA dual-view hypergraphs...
  📊 miRNA View 1 (Sequence): torch.Size([495, 878])
  📊 miRNA View 2 (Function): torch.Size([495, 878])
🦠 Building disease dual-view hypergraphs...
  📊 Disease View 1 (Gene): torch.Size([383, 878])
  📊 Disease View 2 (Semantic): torch.Size([383, 878])
✅ Successfully built TRUE DUAL VIEWS:
   🧬 miRNA: Sequence Features (m_ss.xlsx) vs Functional Similarity (mi_fun_sim_2.0.csv)
   🦠 Disease: Gene Features (d_gs.xlsx) vs Semantic Similarity (dis_sem_sim_2.0.csv)

🔧 Epoch 1 梯度检查:
================================================================================

  参数名称                              梯度范数         梯度均值 状态             
  ----------------------------------------------------------------------
  type_relations                0.063450     0.001797 ✅ 正常           
  exist_relation                0.294061     0.016613 ✅ 正常           
  mi_proj_layer0                1.011021     0.002891 ✅ 正常           
  dis_proj_layer0               0.950236     0.002769 ✅ 正常           
================================================================================

Epoch 1, Total Loss: 20.2919, Recover Loss: 1.1115, miRNA CL: 8.9386, Disease CL: 8.4364, Inter-view (est): 4.0096, Recon Loss: 1.5072, Time: 0.60s
[INFO] Hypergraph updated at epoch 5
[INFO] Hypergraph updated at epoch 10
[INFO] Hypergraph updated at epoch 15
[INFO] Hypergraph updated at epoch 20
[INFO] Hypergraph updated at epoch 25
[INFO] Hypergraph updated at epoch 30
[INFO] Hypergraph updated at epoch 35
[INFO] Hypergraph updated at epoch 40
[INFO] Hypergraph updated at epoch 45
[INFO] Hypergraph updated at epoch 50

🔧 Epoch 50 梯度检查:
================================================================================

  参数名称                              梯度范数         梯度均值 状态             
  ----------------------------------------------------------------------
  type_relations                0.060345     0.001668 ✅ 正常           
  exist_relation                0.013786     0.000803 ✅ 正常           
  mi_proj_layer0                0.022291     0.000080 ✅ 正常           
  dis_proj_layer0               0.024262     0.000084 ✅ 正常           
================================================================================

Epoch 50, Total Loss: 17.1673, Recover Loss: 1.0104, miRNA CL: 8.0097, Disease CL: 7.7200, Inter-view (est): 3.6299, Recon Loss: 0.1445, Time: 91.14s
[INFO] Hypergraph updated at epoch 100

🔧 Epoch 100 梯度检查:
================================================================================

  参数名称                              梯度范数         梯度均值 状态             
  ----------------------------------------------------------------------
  type_relations                0.106705     0.002482 ✅ 正常           
  exist_relation                0.013353     0.000741 ✅ 正常           
  mi_proj_layer0                0.022223     0.000079 ✅ 正常           
  dis_proj_layer0               0.023264     0.000080 ✅ 正常           
================================================================================

Epoch 100, Total Loss: 16.0477, Recover Loss: 0.9935, miRNA CL: 7.7206, Disease CL: 7.0405, Inter-view (est): 3.4064, Recon Loss: 0.0302, Time: 126.71s
[INFO] Hypergraph updated at epoch 150

🔧 Epoch 150 梯度检查:
================================================================================

  参数名称                              梯度范数         梯度均值 状态             
  ----------------------------------------------------------------------
  type_relations                0.181509     0.003307 ✅ 正常           
  exist_relation                0.015904     0.000683 ✅ 正常           
  mi_proj_layer0                0.024596     0.000085 ✅ 正常           
  dis_proj_layer0               0.025064     0.000087 ✅ 正常           
================================================================================

Epoch 150, Total Loss: 15.3508, Recover Loss: 0.9567, miRNA CL: 7.4590, Disease CL: 6.6582, Inter-view (est): 3.2578, Recon Loss: 0.0284, Time: 159.84s
[INFO] Hypergraph updated at epoch 200

🔧 Epoch 200 梯度检查:
================================================================================

  参数名称                              梯度范数         梯度均值 状态             
  ----------------------------------------------------------------------
  type_relations                0.182480     0.003238 ✅ 正常           
  exist_relation                0.020405     0.000794 ✅ 正常           
  mi_proj_layer0                0.023665     0.000080 ✅ 正常           
  dis_proj_layer0               0.023773     0.000078 ✅ 正常           
================================================================================

Epoch 200, Total Loss: 14.8869, Recover Loss: 0.9320, miRNA CL: 7.2162, Disease CL: 6.4701, Inter-view (est): 3.1584, Recon Loss: 0.0291, Time: 192.37s
[INFO] Hypergraph updated at epoch 250

🔧 Epoch 250 梯度检查:
================================================================================

  参数名称                              梯度范数         梯度均值 状态             
  ----------------------------------------------------------------------
  type_relations                0.180925     0.003017 ✅ 正常           
  exist_relation                0.028339     0.000931 ✅ 正常           
  mi_proj_layer0                0.020889     0.000072 ✅ 正常           
  dis_proj_layer0               0.023484     0.000074 ✅ 正常           
================================================================================

Epoch 250, Total Loss: 14.6560, Recover Loss: 0.9049, miRNA CL: 7.1022, Disease CL: 6.3876, Inter-view (est): 3.1130, Recon Loss: 0.0280, Time: 225.68s
[INFO] Hypergraph updated at epoch 300

🔧 Epoch 300 梯度检查:
================================================================================

  参数名称                              梯度范数         梯度均值 状态             
  ----------------------------------------------------------------------
  type_relations                0.149026     0.002450 ✅ 正常           
  exist_relation                0.018918     0.000696 ✅ 正常           
  mi_proj_layer0                0.019468     0.000063 ✅ 正常           
  dis_proj_layer0               0.021741     0.000070 ✅ 正常           
================================================================================

Epoch 300, Total Loss: 14.4688, Recover Loss: 0.8733, miRNA CL: 7.0201, Disease CL: 6.3196, Inter-view (est): 3.0784, Recon Loss: 0.0275, Time: 259.07s
[INFO] Hypergraph updated at epoch 350

🔧 Epoch 350 梯度检查:
================================================================================

  参数名称                              梯度范数         梯度均值 状态             
  ----------------------------------------------------------------------
  type_relations                0.132045     0.002343 ✅ 正常           
  exist_relation                0.020382     0.000688 ✅ 正常           
  mi_proj_layer0                0.018647     0.000062 ✅ 正常           
  dis_proj_layer0               0.022724     0.000068 ✅ 正常           
================================================================================

Epoch 350, Total Loss: 14.3600, Recover Loss: 0.8623, miRNA CL: 6.9652, Disease CL: 6.2804, Inter-view (est): 3.0567, Recon Loss: 0.0273, Time: 292.69s
[INFO] Hypergraph updated at epoch 400

🔧 Epoch 400 梯度检查:
================================================================================

  参数名称                              梯度范数         梯度均值 状态             
  ----------------------------------------------------------------------
  type_relations                0.129175     0.002264 ✅ 正常           
  exist_relation                0.020183     0.000634 ✅ 正常           
  mi_proj_layer0                0.019899     0.000061 ✅ 正常           
  dis_proj_layer0               0.023097     0.000070 ✅ 正常           
================================================================================

Epoch 400, Total Loss: 14.2336, Recover Loss: 0.8416, miRNA CL: 6.8901, Disease CL: 6.2528, Inter-view (est): 3.0330, Recon Loss: 0.0269, Time: 325.80s
[INFO] Hypergraph updated at epoch 450

🔧 Epoch 450 梯度检查:
================================================================================

  参数名称                              梯度范数         梯度均值 状态             
  ----------------------------------------------------------------------
  type_relations                0.120880     0.002233 ✅ 正常           
  exist_relation                0.018564     0.000623 ✅ 正常           
  mi_proj_layer0                0.020129     0.000064 ✅ 正常           
  dis_proj_layer0               0.024023     0.000073 ✅ 正常           
================================================================================

Epoch 450, Total Loss: 14.1402, Recover Loss: 0.8309, miRNA CL: 6.8280, Disease CL: 6.2337, Inter-view (est): 3.0142, Recon Loss: 0.0271, Time: 358.89s
[INFO] Hypergraph updated at epoch 500

🔧 Epoch 500 梯度检查:
================================================================================

  参数名称                              梯度范数         梯度均值 状态             
  ----------------------------------------------------------------------
  type_relations                0.140557     0.002540 ✅ 正常           
  exist_relation                0.015208     0.000570 ✅ 正常           
  mi_proj_layer0                0.021454     0.000067 ✅ 正常           
  dis_proj_layer0               0.025185     0.000075 ✅ 正常           
================================================================================

Epoch 500, Total Loss: 14.0856, Recover Loss: 0.8255, miRNA CL: 6.7903, Disease CL: 6.2239, Inter-view (est): 3.0033, Recon Loss: 0.0263, Time: 392.05s
[INFO] Hypergraph updated at epoch 550

🔧 Epoch 550 梯度检查:
================================================================================

  参数名称                              梯度范数         梯度均值 状态             
  ----------------------------------------------------------------------
  type_relations                0.154631     0.002697 ✅ 正常           
  exist_relation                0.016811     0.000612 ✅ 正常           
  mi_proj_layer0                0.023020     0.000068 ✅ 正常           
  dis_proj_layer0               0.027189     0.000083 ✅ 正常           
================================================================================

Epoch 550, Total Loss: 14.0519, Recover Loss: 0.8195, miRNA CL: 6.7724, Disease CL: 6.2147, Inter-view (est): 2.9970, Recon Loss: 0.0266, Time: 425.08s
[INFO] Hypergraph updated at epoch 600

🔧 Epoch 600 梯度检查:
================================================================================

  参数名称                              梯度范数         梯度均值 状态             
  ----------------------------------------------------------------------
  type_relations                0.121645     0.002206 ✅ 正常           
  exist_relation                0.014325     0.000520 ✅ 正常           
  mi_proj_layer0                0.020090     0.000063 ✅ 正常           
  dis_proj_layer0               0.023514     0.000072 ✅ 正常           
================================================================================

Epoch 600, Total Loss: 14.0155, Recover Loss: 0.8119, miRNA CL: 6.7531, Disease CL: 6.2061, Inter-view (est): 2.9906, Recon Loss: 0.0265, Time: 458.53s
[INFO] Hypergraph updated at epoch 650

🔧 Epoch 650 梯度检查:
================================================================================

  参数名称                              梯度范数         梯度均值 状态             
  ----------------------------------------------------------------------
  type_relations                0.132720     0.002356 ✅ 正常           
  exist_relation                0.019712     0.000712 ✅ 正常           
  mi_proj_layer0                0.024351     0.000070 ✅ 正常           
  dis_proj_layer0               0.024961     0.000074 ✅ 正常           
================================================================================

Epoch 650, Total Loss: 13.9807, Recover Loss: 0.8081, miRNA CL: 6.7308, Disease CL: 6.1984, Inter-view (est): 2.9837, Recon Loss: 0.0261, Time: 491.90s

================================================================================
Training completed. Running final test...
================================================================================
Fold 2 completed - AUC: 0.9733, Top-1 F1: 0.5827
Fold 2 training time: 492.75 seconds
=== Cross Validation Fold 3/5 ===
Using hidden dimensions: [256, 256] with 4 attention heads
优化模型初始化: miRNA数量 = 495, 疾病数量 = 383
   节点维度: 256 → 128
   类型数量: 4
   Temperature: 2.0 (可学习)
   Loss mode: two_head
   loss_mode=two_head
   exist_weight=0.300, type_weight=0.700

✅ SimplifiedMultiTypeAssociationLoss 初始化 (改进版)
   类别权重 (beta=0.99999): ['0.780', '1.822', '0.977', '0.421']
Original positive index shape: torch.Size([1072, 2])
Original negative index shape: torch.Size([135416, 2])
采样后负样本数量: 10720
🎯 Building TRUE DUAL VIEWS from four different sources...
📊 Data sources loaded:
  Disease semantic: torch.Size([383, 383])
  miRNA functional: torch.Size([495, 495])
  Disease-gene: torch.Size([383, 383])
  miRNA-sequence: torch.Size([495, 495])
🧬 Building miRNA dual-view hypergraphs...
  📊 miRNA View 1 (Sequence): torch.Size([495, 878])
  📊 miRNA View 2 (Function): torch.Size([495, 878])
🦠 Building disease dual-view hypergraphs...
  📊 Disease View 1 (Gene): torch.Size([383, 878])
  📊 Disease View 2 (Semantic): torch.Size([383, 878])
✅ Successfully built TRUE DUAL VIEWS:
   🧬 miRNA: Sequence Features (m_ss.xlsx) vs Functional Similarity (mi_fun_sim_2.0.csv)
   🦠 Disease: Gene Features (d_gs.xlsx) vs Semantic Similarity (dis_sem_sim_2.0.csv)

🔧 Epoch 1 梯度检查:
================================================================================

  参数名称                              梯度范数         梯度均值 状态             
  ----------------------------------------------------------------------
  type_relations                0.062667     0.001924 ✅ 正常           
  exist_relation                0.381102     0.020049 ✅ 正常           
  mi_proj_layer0                1.050474     0.003093 ✅ 正常           
  dis_proj_layer0               1.215983     0.003247 ✅ 正常           
================================================================================

Epoch 1, Total Loss: 20.2749, Recover Loss: 1.1111, miRNA CL: 8.8919, Disease CL: 8.4352, Inter-view (est): 3.9985, Recon Loss: 1.5385, Time: 0.64s
[INFO] Hypergraph updated at epoch 5
[INFO] Hypergraph updated at epoch 10
[INFO] Hypergraph updated at epoch 15
[INFO] Hypergraph updated at epoch 20
[INFO] Hypergraph updated at epoch 25
[INFO] Hypergraph updated at epoch 30
[INFO] Hypergraph updated at epoch 35
[INFO] Hypergraph updated at epoch 40
[INFO] Hypergraph updated at epoch 45
[INFO] Hypergraph updated at epoch 50

🔧 Epoch 50 梯度检查:
================================================================================

  参数名称                              梯度范数         梯度均值 状态             
  ----------------------------------------------------------------------
  type_relations                0.067983     0.001862 ✅ 正常           
  exist_relation                0.023651     0.001291 ✅ 正常           
  mi_proj_layer0                0.032181     0.000115 ✅ 正常           
  dis_proj_layer0               0.029368     0.000106 ✅ 正常           
================================================================================

Epoch 50, Total Loss: 17.1944, Recover Loss: 1.0104, miRNA CL: 8.0341, Disease CL: 7.7215, Inter-view (est): 3.6359, Recon Loss: 0.1451, Time: 93.59s
[INFO] Hypergraph updated at epoch 100

🔧 Epoch 100 梯度检查:
================================================================================

  参数名称                              梯度范数         梯度均值 状态             
  ----------------------------------------------------------------------
  type_relations                0.110386     0.002506 ✅ 正常           
  exist_relation                0.013933     0.000614 ✅ 正常           
  mi_proj_layer0                0.020411     0.000070 ✅ 正常           
  dis_proj_layer0               0.021863     0.000075 ✅ 正常           
================================================================================

Epoch 100, Total Loss: 16.1004, Recover Loss: 0.9922, miRNA CL: 7.7535, Disease CL: 7.0602, Inter-view (est): 3.4185, Recon Loss: 0.0310, Time: 130.08s
[INFO] Hypergraph updated at epoch 150

🔧 Epoch 150 梯度检查:
================================================================================

  参数名称                              梯度范数         梯度均值 状态             
  ----------------------------------------------------------------------
  type_relations                0.198919     0.003262 ✅ 正常           
  exist_relation                0.016130     0.000656 ✅ 正常           
  mi_proj_layer0                0.025032     0.000083 ✅ 正常           
  dis_proj_layer0               0.027482     0.000092 ✅ 正常           
================================================================================

Epoch 150, Total Loss: 15.5069, Recover Loss: 0.9603, miRNA CL: 7.5786, Disease CL: 6.6890, Inter-view (est): 3.2925, Recon Loss: 0.0301, Time: 163.28s
[INFO] Hypergraph updated at epoch 200

🔧 Epoch 200 梯度检查:
================================================================================

  参数名称                              梯度范数         梯度均值 状态             
  ----------------------------------------------------------------------
  type_relations                0.199885     0.003080 ✅ 正常           
  exist_relation                0.010473     0.000437 ✅ 正常           
  mi_proj_layer0                0.021074     0.000069 ✅ 正常           
  dis_proj_layer0               0.022895     0.000077 ✅ 正常           
================================================================================

Epoch 200, Total Loss: 14.9835, Recover Loss: 0.9305, miRNA CL: 7.3167, Disease CL: 6.4670, Inter-view (est): 3.1809, Recon Loss: 0.0297, Time: 196.90s
[INFO] Hypergraph updated at epoch 250

🔧 Epoch 250 梯度检查:
================================================================================

  参数名称                              梯度范数         梯度均值 状态             
  ----------------------------------------------------------------------
  type_relations                0.206541     0.003203 ✅ 正常           
  exist_relation                0.026359     0.000918 ✅ 正常           
  mi_proj_layer0                0.024698     0.000075 ✅ 正常           
  dis_proj_layer0               0.027754     0.000087 ✅ 正常           
================================================================================

Epoch 250, Total Loss: 14.7068, Recover Loss: 0.9060, miRNA CL: 7.1555, Disease CL: 6.3838, Inter-view (est): 3.1245, Recon Loss: 0.0281, Time: 230.78s
[INFO] Hypergraph updated at epoch 300

🔧 Epoch 300 梯度检查:
================================================================================

  参数名称                              梯度范数         梯度均值 状态             
  ----------------------------------------------------------------------
  type_relations                0.175697     0.002823 ✅ 正常           
  exist_relation                0.021020     0.000631 ✅ 正常           
  mi_proj_layer0                0.019535     0.000063 ✅ 正常           
  dis_proj_layer0               0.022275     0.000070 ✅ 正常           
================================================================================

Epoch 300, Total Loss: 14.5186, Recover Loss: 0.8721, miRNA CL: 7.0593, Disease CL: 6.3306, Inter-view (est): 3.0900, Recon Loss: 0.0275, Time: 264.21s
[INFO] Hypergraph updated at epoch 350

🔧 Epoch 350 梯度检查:
================================================================================

  参数名称                              梯度范数         梯度均值 状态             
  ----------------------------------------------------------------------
  type_relations                0.171140     0.002577 ✅ 正常           
  exist_relation                0.019782     0.000643 ✅ 正常           
  mi_proj_layer0                0.021254     0.000066 ✅ 正常           
  dis_proj_layer0               0.019596     0.000064 ✅ 正常           
================================================================================

Epoch 350, Total Loss: 14.3720, Recover Loss: 0.8530, miRNA CL: 6.9875, Disease CL: 6.2792, Inter-view (est): 3.0615, Recon Loss: 0.0271, Time: 297.14s
[INFO] Hypergraph updated at epoch 400

🔧 Epoch 400 梯度检查:
================================================================================

  参数名称                              梯度范数         梯度均值 状态             
  ----------------------------------------------------------------------
  type_relations                0.147781     0.002337 ✅ 正常           
  exist_relation                0.016915     0.000613 ✅ 正常           
  mi_proj_layer0                0.018419     0.000058 ✅ 正常           
  dis_proj_layer0               0.019810     0.000062 ✅ 正常           
================================================================================

Epoch 400, Total Loss: 14.2591, Recover Loss: 0.8472, miRNA CL: 6.9223, Disease CL: 6.2405, Inter-view (est): 3.0376, Recon Loss: 0.0271, Time: 330.55s
[INFO] Hypergraph updated at epoch 450

🔧 Epoch 450 梯度检查:
================================================================================

  参数名称                              梯度范数         梯度均值 状态             
  ----------------------------------------------------------------------
  type_relations                0.131749     0.002048 ✅ 正常           
  exist_relation                0.016900     0.000554 ✅ 正常           
  mi_proj_layer0                0.019457     0.000058 ✅ 正常           
  dis_proj_layer0               0.018059     0.000057 ✅ 正常           
================================================================================

Epoch 450, Total Loss: 14.1417, Recover Loss: 0.8301, miRNA CL: 6.8522, Disease CL: 6.2131, Inter-view (est): 3.0151, Recon Loss: 0.0266, Time: 363.55s
[INFO] Hypergraph updated at epoch 500

🔧 Epoch 500 梯度检查:
================================================================================

  参数名称                              梯度范数         梯度均值 状态             
  ----------------------------------------------------------------------
  type_relations                0.126539     0.002048 ✅ 正常           
  exist_relation                0.022506     0.000620 ✅ 正常           
  mi_proj_layer0                0.019012     0.000057 ✅ 正常           
  dis_proj_layer0               0.017996     0.000056 ✅ 正常           
================================================================================

Epoch 500, Total Loss: 14.0655, Recover Loss: 0.8228, miRNA CL: 6.8023, Disease CL: 6.1956, Inter-view (est): 2.9995, Recon Loss: 0.0266, Time: 396.74s
[INFO] Hypergraph updated at epoch 550

🔧 Epoch 550 梯度检查:
================================================================================

  参数名称                              梯度范数         梯度均值 状态             
  ----------------------------------------------------------------------
  type_relations                0.105204     0.001695 ✅ 正常           
  exist_relation                0.014010     0.000546 ✅ 正常           
  mi_proj_layer0                0.019450     0.000055 ✅ 正常           
  dis_proj_layer0               0.017684     0.000055 ✅ 正常           
================================================================================

Epoch 550, Total Loss: 14.0308, Recover Loss: 0.8201, miRNA CL: 6.7835, Disease CL: 6.1834, Inter-view (est): 2.9924, Recon Loss: 0.0267, Time: 430.07s
[INFO] Hypergraph updated at epoch 600

🔧 Epoch 600 梯度检查:
================================================================================

  参数名称                              梯度范数         梯度均值 状态             
  ----------------------------------------------------------------------
  type_relations                0.097929     0.001666 ✅ 正常           
  exist_relation                0.025532     0.000764 ✅ 正常           
  mi_proj_layer0                0.017591     0.000053 ✅ 正常           
  dis_proj_layer0               0.017759     0.000054 ✅ 正常           
================================================================================

Epoch 600, Total Loss: 13.9994, Recover Loss: 0.8122, miRNA CL: 6.7693, Disease CL: 6.1750, Inter-view (est): 2.9871, Recon Loss: 0.0266, Time: 463.26s
[INFO] Hypergraph updated at epoch 650

🔧 Epoch 650 梯度检查:
================================================================================

  参数名称                              梯度范数         梯度均值 状态             
  ----------------------------------------------------------------------
  type_relations                0.105818     0.001722 ✅ 正常           
  exist_relation                0.015786     0.000590 ✅ 正常           
  mi_proj_layer0                0.016244     0.000051 ✅ 正常           
  dis_proj_layer0               0.016822     0.000053 ✅ 正常           
================================================================================

Epoch 650, Total Loss: 13.9685, Recover Loss: 0.8111, miRNA CL: 6.7468, Disease CL: 6.1681, Inter-view (est): 2.9804, Recon Loss: 0.0269, Time: 496.66s

================================================================================
Training completed. Running final test...
================================================================================
Fold 3 completed - AUC: 0.9744, Top-1 F1: 0.5451
Fold 3 training time: 497.47 seconds
=== Cross Validation Fold 4/5 ===
Using hidden dimensions: [256, 256] with 4 attention heads
优化模型初始化: miRNA数量 = 495, 疾病数量 = 383
   节点维度: 256 → 128
   类型数量: 4
   Temperature: 2.0 (可学习)
   Loss mode: two_head
   loss_mode=two_head
   exist_weight=0.300, type_weight=0.700

✅ SimplifiedMultiTypeAssociationLoss 初始化 (改进版)
   类别权重 (beta=0.99999): ['0.780', '1.822', '0.977', '0.421']
Original positive index shape: torch.Size([1072, 2])
Original negative index shape: torch.Size([135416, 2])
采样后负样本数量: 10720
🎯 Building TRUE DUAL VIEWS from four different sources...
📊 Data sources loaded:
  Disease semantic: torch.Size([383, 383])
  miRNA functional: torch.Size([495, 495])
  Disease-gene: torch.Size([383, 383])
  miRNA-sequence: torch.Size([495, 495])
🧬 Building miRNA dual-view hypergraphs...
  📊 miRNA View 1 (Sequence): torch.Size([495, 878])
  📊 miRNA View 2 (Function): torch.Size([495, 878])
🦠 Building disease dual-view hypergraphs...
  📊 Disease View 1 (Gene): torch.Size([383, 878])
  📊 Disease View 2 (Semantic): torch.Size([383, 878])
✅ Successfully built TRUE DUAL VIEWS:
   🧬 miRNA: Sequence Features (m_ss.xlsx) vs Functional Similarity (mi_fun_sim_2.0.csv)
   🦠 Disease: Gene Features (d_gs.xlsx) vs Semantic Similarity (dis_sem_sim_2.0.csv)

🔧 Epoch 1 梯度检查:
================================================================================

  参数名称                              梯度范数         梯度均值 状态             
  ----------------------------------------------------------------------
  type_relations                0.051159     0.001570 ✅ 正常           
  exist_relation                0.161277     0.009626 ✅ 正常           
  mi_proj_layer0                0.452222     0.001379 ✅ 正常           
  dis_proj_layer0               0.616432     0.001916 ✅ 正常           
================================================================================

Epoch 1, Total Loss: 20.2530, Recover Loss: 1.0691, miRNA CL: 8.9112, Disease CL: 8.4507, Inter-view (est): 4.0066, Recon Loss: 1.5238, Time: 0.75s
[INFO] Hypergraph updated at epoch 5
[INFO] Hypergraph updated at epoch 10
[INFO] Hypergraph updated at epoch 15
[INFO] Hypergraph updated at epoch 20
[INFO] Hypergraph updated at epoch 25
[INFO] Hypergraph updated at epoch 30
[INFO] Hypergraph updated at epoch 35
[INFO] Hypergraph updated at epoch 40
[INFO] Hypergraph updated at epoch 45
[INFO] Hypergraph updated at epoch 50

🔧 Epoch 50 梯度检查:
================================================================================

  参数名称                              梯度范数         梯度均值 状态             
  ----------------------------------------------------------------------
  type_relations                0.062454     0.001651 ✅ 正常           
  exist_relation                0.011109     0.000697 ✅ 正常           
  mi_proj_layer0                0.018955     0.000070 ✅ 正常           
  dis_proj_layer0               0.022651     0.000081 ✅ 正常           
================================================================================

Epoch 50, Total Loss: 17.1872, Recover Loss: 1.0092, miRNA CL: 8.0353, Disease CL: 7.7305, Inter-view (est): 3.6383, Recon Loss: 0.1295, Time: 94.79s
[INFO] Hypergraph updated at epoch 100

🔧 Epoch 100 梯度检查:
================================================================================

  参数名称                              梯度范数         梯度均值 状态             
  ----------------------------------------------------------------------
  type_relations                0.125355     0.002583 ✅ 正常           
  exist_relation                0.015340     0.000711 ✅ 正常           
  mi_proj_layer0                0.018925     0.000068 ✅ 正常           
  dis_proj_layer0               0.023109     0.000081 ✅ 正常           
================================================================================

Epoch 100, Total Loss: 16.0380, Recover Loss: 0.9922, miRNA CL: 7.7553, Disease CL: 6.9969, Inter-view (est): 3.4044, Recon Loss: 0.0312, Time: 130.51s
[INFO] Hypergraph updated at epoch 150

🔧 Epoch 150 梯度检查:
================================================================================

  参数名称                              梯度范数         梯度均值 状态             
  ----------------------------------------------------------------------
  type_relations                0.186976     0.003091 ✅ 正常           
  exist_relation                0.013460     0.000592 ✅ 正常           
  mi_proj_layer0                0.021845     0.000074 ✅ 正常           
  dis_proj_layer0               0.025215     0.000084 ✅ 正常           
================================================================================

Epoch 150, Total Loss: 15.4676, Recover Loss: 0.9588, miRNA CL: 7.5837, Disease CL: 6.6476, Inter-view (est): 3.2841, Recon Loss: 0.0303, Time: 163.78s
[INFO] Hypergraph updated at epoch 200

🔧 Epoch 200 梯度检查:
================================================================================

  参数名称                              梯度范数         梯度均值 状态             
  ----------------------------------------------------------------------
  type_relations                0.158166     0.002654 ✅ 正常           
  exist_relation                0.017946     0.000726 ✅ 正常           
  mi_proj_layer0                0.023403     0.000076 ✅ 正常           
  dis_proj_layer0               0.025665     0.000080 ✅ 正常           
================================================================================

Epoch 200, Total Loss: 14.9495, Recover Loss: 0.9317, miRNA CL: 7.3012, Disease CL: 6.4492, Inter-view (est): 3.1732, Recon Loss: 0.0305, Time: 197.30s
[INFO] Hypergraph updated at epoch 250

🔧 Epoch 250 梯度检查:
================================================================================

  参数名称                              梯度范数         梯度均值 状态             
  ----------------------------------------------------------------------
  type_relations                0.161691     0.002693 ✅ 正常           
  exist_relation                0.022281     0.000721 ✅ 正常           
  mi_proj_layer0                0.022926     0.000074 ✅ 正常           
  dis_proj_layer0               0.024418     0.000079 ✅ 正常           
================================================================================

Epoch 250, Total Loss: 14.6647, Recover Loss: 0.9012, miRNA CL: 7.1417, Disease CL: 6.3625, Inter-view (est): 3.1163, Recon Loss: 0.0289, Time: 230.36s
[INFO] Hypergraph updated at epoch 300

🔧 Epoch 300 梯度检查:
================================================================================

  参数名称                              梯度范数         梯度均值 状态             
  ----------------------------------------------------------------------
  type_relations                0.176900     0.002920 ✅ 正常           
  exist_relation                0.017620     0.000637 ✅ 正常           
  mi_proj_layer0                0.027667     0.000081 ✅ 正常           
  dis_proj_layer0               0.027252     0.000084 ✅ 正常           
================================================================================

Epoch 300, Total Loss: 14.4801, Recover Loss: 0.8713, miRNA CL: 7.0477, Disease CL: 6.3067, Inter-view (est): 3.0818, Recon Loss: 0.0281, Time: 263.67s
[INFO] Hypergraph updated at epoch 350

🔧 Epoch 350 梯度检查:
================================================================================

  参数名称                              梯度范数         梯度均值 状态             
  ----------------------------------------------------------------------
  type_relations                0.153646     0.002382 ✅ 正常           
  exist_relation                0.028056     0.000995 ✅ 正常           
  mi_proj_layer0                0.019796     0.000062 ✅ 正常           
  dis_proj_layer0               0.025964     0.000080 ✅ 正常           
================================================================================

Epoch 350, Total Loss: 14.3716, Recover Loss: 0.8469, miRNA CL: 7.0016, Disease CL: 6.2717, Inter-view (est): 3.0631, Recon Loss: 0.0277, Time: 296.75s
[INFO] Hypergraph updated at epoch 400

🔧 Epoch 400 梯度检查:
================================================================================

  参数名称                              梯度范数         梯度均值 状态             
  ----------------------------------------------------------------------
  type_relations                0.146261     0.002406 ✅ 正常           
  exist_relation                0.034623     0.001142 ✅ 正常           
  mi_proj_layer0                0.021249     0.000064 ✅ 正常           
  dis_proj_layer0               0.022966     0.000073 ✅ 正常           
================================================================================

Epoch 400, Total Loss: 14.2743, Recover Loss: 0.8357, miRNA CL: 6.9516, Disease CL: 6.2383, Inter-view (est): 3.0438, Recon Loss: 0.0277, Time: 329.92s
[INFO] Hypergraph updated at epoch 450

🔧 Epoch 450 梯度检查:
================================================================================

  参数名称                              梯度范数         梯度均值 状态             
  ----------------------------------------------------------------------
  type_relations                0.145607     0.002425 ✅ 正常           
  exist_relation                0.027156     0.000982 ✅ 正常           
  mi_proj_layer0                0.020729     0.000061 ✅ 正常           
  dis_proj_layer0               0.022739     0.000070 ✅ 正常           
================================================================================

Epoch 450, Total Loss: 14.1666, Recover Loss: 0.8161, miRNA CL: 6.8949, Disease CL: 6.2101, Inter-view (est): 3.0242, Recon Loss: 0.0267, Time: 363.17s
[INFO] Hypergraph updated at epoch 500

🔧 Epoch 500 梯度检查:
================================================================================

  参数名称                              梯度范数         梯度均值 状态             
  ----------------------------------------------------------------------
  type_relations                0.143229     0.002415 ✅ 正常           
  exist_relation                0.030148     0.000969 ✅ 正常           
  mi_proj_layer0                0.020989     0.000062 ✅ 正常           
  dis_proj_layer0               0.024529     0.000076 ✅ 正常           
================================================================================

Epoch 500, Total Loss: 14.0864, Recover Loss: 0.8071, miRNA CL: 6.8445, Disease CL: 6.1915, Inter-view (est): 3.0083, Recon Loss: 0.0263, Time: 396.51s
[INFO] Hypergraph updated at epoch 550

🔧 Epoch 550 梯度检查:
================================================================================

  参数名称                              梯度范数         梯度均值 状态             
  ----------------------------------------------------------------------
  type_relations                0.126484     0.002205 ✅ 正常           
  exist_relation                0.017230     0.000629 ✅ 正常           
  mi_proj_layer0                0.024429     0.000066 ✅ 正常           
  dis_proj_layer0               0.026122     0.000073 ✅ 正常           
================================================================================

Epoch 550, Total Loss: 14.0284, Recover Loss: 0.8035, miRNA CL: 6.8042, Disease CL: 6.1782, Inter-view (est): 2.9959, Recon Loss: 0.0268, Time: 429.78s
[INFO] Hypergraph updated at epoch 600

🔧 Epoch 600 梯度检查:
================================================================================

  参数名称                              梯度范数         梯度均值 状态             
  ----------------------------------------------------------------------
  type_relations                0.114208     0.002019 ✅ 正常           
  exist_relation                0.017473     0.000575 ✅ 正常           
  mi_proj_layer0                0.020570     0.000059 ✅ 正常           
  dis_proj_layer0               0.026981     0.000074 ✅ 正常           
================================================================================

Epoch 600, Total Loss: 13.9841, Recover Loss: 0.8019, miRNA CL: 6.7732, Disease CL: 6.1677, Inter-view (est): 2.9864, Recon Loss: 0.0267, Time: 462.88s
[INFO] Hypergraph updated at epoch 650

🔧 Epoch 650 梯度检查:
================================================================================

  参数名称                              梯度范数         梯度均值 状态             
  ----------------------------------------------------------------------
  type_relations                0.123232     0.002133 ✅ 正常           
  exist_relation                0.016086     0.000560 ✅ 正常           
  mi_proj_layer0                0.019002     0.000055 ✅ 正常           
  dis_proj_layer0               0.023119     0.000067 ✅ 正常           
================================================================================

Epoch 650, Total Loss: 13.9325, Recover Loss: 0.7902, miRNA CL: 6.7438, Disease CL: 6.1585, Inter-view (est): 2.9775, Recon Loss: 0.0265, Time: 497.14s

================================================================================
Training completed. Running final test...
================================================================================
Fold 4 completed - AUC: 0.9717, Top-1 F1: 0.6045
Fold 4 training time: 497.98 seconds
=== Cross Validation Fold 5/5 ===
Using hidden dimensions: [256, 256] with 4 attention heads
优化模型初始化: miRNA数量 = 495, 疾病数量 = 383
   节点维度: 256 → 128
   类型数量: 4
   Temperature: 2.0 (可学习)
   Loss mode: two_head
   loss_mode=two_head
   exist_weight=0.300, type_weight=0.700

✅ SimplifiedMultiTypeAssociationLoss 初始化 (改进版)
   类别权重 (beta=0.99999): ['0.780', '1.822', '0.977', '0.421']
Original positive index shape: torch.Size([1072, 2])
Original negative index shape: torch.Size([135416, 2])
采样后负样本数量: 10720
🎯 Building TRUE DUAL VIEWS from four different sources...
📊 Data sources loaded:
  Disease semantic: torch.Size([383, 383])
  miRNA functional: torch.Size([495, 495])
  Disease-gene: torch.Size([383, 383])
  miRNA-sequence: torch.Size([495, 495])
🧬 Building miRNA dual-view hypergraphs...
  📊 miRNA View 1 (Sequence): torch.Size([495, 878])
  📊 miRNA View 2 (Function): torch.Size([495, 878])
🦠 Building disease dual-view hypergraphs...
  📊 Disease View 1 (Gene): torch.Size([383, 878])
  📊 Disease View 2 (Semantic): torch.Size([383, 878])
✅ Successfully built TRUE DUAL VIEWS:
   🧬 miRNA: Sequence Features (m_ss.xlsx) vs Functional Similarity (mi_fun_sim_2.0.csv)
   🦠 Disease: Gene Features (d_gs.xlsx) vs Semantic Similarity (dis_sem_sim_2.0.csv)

🔧 Epoch 1 梯度检查:
================================================================================

  参数名称                              梯度范数         梯度均值 状态             
  ----------------------------------------------------------------------
  type_relations                0.059310     0.001844 ✅ 正常           
  exist_relation                0.238688     0.013239 ✅ 正常           
  mi_proj_layer0                1.135482     0.002594 ✅ 正常           
  dis_proj_layer0               0.916702     0.002614 ✅ 正常           
================================================================================

Epoch 1, Total Loss: 20.3500, Recover Loss: 1.1060, miRNA CL: 8.9638, Disease CL: 8.4311, Inter-view (est): 4.0142, Recon Loss: 1.5511, Time: 0.73s
[INFO] Hypergraph updated at epoch 5
[INFO] Hypergraph updated at epoch 10
[INFO] Hypergraph updated at epoch 15
[INFO] Hypergraph updated at epoch 20
[INFO] Hypergraph updated at epoch 25
[INFO] Hypergraph updated at epoch 30
[INFO] Hypergraph updated at epoch 35
[INFO] Hypergraph updated at epoch 40
[INFO] Hypergraph updated at epoch 45
[INFO] Hypergraph updated at epoch 50

🔧 Epoch 50 梯度检查:
================================================================================

  参数名称                              梯度范数         梯度均值 状态             
  ----------------------------------------------------------------------
  type_relations                0.072697     0.001890 ✅ 正常           
  exist_relation                0.021542     0.001267 ✅ 正常           
  mi_proj_layer0                0.030463     0.000107 ✅ 正常           
  dis_proj_layer0               0.029286     0.000105 ✅ 正常           
================================================================================

Epoch 50, Total Loss: 17.2371, Recover Loss: 1.0063, miRNA CL: 8.0385, Disease CL: 7.7232, Inter-view (est): 3.6373, Recon Loss: 0.1860, Time: 101.97s
[INFO] Hypergraph updated at epoch 100

🔧 Epoch 100 梯度检查:
================================================================================

  参数名称                              梯度范数         梯度均值 状态             
  ----------------------------------------------------------------------
  type_relations                0.114642     0.002299 ✅ 正常           
  exist_relation                0.012774     0.000574 ✅ 正常           
  mi_proj_layer0                0.019513     0.000070 ✅ 正常           
  dis_proj_layer0               0.024723     0.000084 ✅ 正常           
================================================================================

Epoch 100, Total Loss: 16.0747, Recover Loss: 0.9882, miRNA CL: 7.7626, Disease CL: 7.0274, Inter-view (est): 3.4131, Recon Loss: 0.0322, Time: 139.29s
[INFO] Hypergraph updated at epoch 150

🔧 Epoch 150 梯度检查:
================================================================================

  参数名称                              梯度范数         梯度均值 状态             
  ----------------------------------------------------------------------
  type_relations                0.158064     0.002890 ✅ 正常           
  exist_relation                0.021634     0.000877 ✅ 正常           
  mi_proj_layer0                0.020627     0.000073 ✅ 正常           
  dis_proj_layer0               0.025913     0.000087 ✅ 正常           
================================================================================

Epoch 150, Total Loss: 15.4938, Recover Loss: 0.9579, miRNA CL: 7.5897, Disease CL: 6.6647, Inter-view (est): 3.2895, Recon Loss: 0.0313, Time: 172.48s
[INFO] Hypergraph updated at epoch 200

🔧 Epoch 200 梯度检查:
================================================================================

  参数名称                              梯度范数         梯度均值 状态             
  ----------------------------------------------------------------------
  type_relations                0.152297     0.002829 ✅ 正常           
  exist_relation                0.024900     0.001030 ✅ 正常           
  mi_proj_layer0                0.026054     0.000092 ✅ 正常           
  dis_proj_layer0               0.023866     0.000085 ✅ 正常           
================================================================================

Epoch 200, Total Loss: 15.0133, Recover Loss: 0.9352, miRNA CL: 7.3102, Disease CL: 6.4984, Inter-view (est): 3.1866, Recon Loss: 0.0292, Time: 205.23s
[INFO] Hypergraph updated at epoch 250

🔧 Epoch 250 梯度检查:
================================================================================

  参数名称                              梯度范数         梯度均值 状态             
  ----------------------------------------------------------------------
  type_relations                0.139020     0.002632 ✅ 正常           
  exist_relation                0.035628     0.001323 ✅ 正常           
  mi_proj_layer0                0.023605     0.000081 ✅ 正常           
  dis_proj_layer0               0.023483     0.000081 ✅ 正常           
================================================================================

Epoch 250, Total Loss: 14.6993, Recover Loss: 0.8986, miRNA CL: 7.1454, Disease CL: 6.3917, Inter-view (est): 3.1240, Recon Loss: 0.0290, Time: 238.54s
[INFO] Hypergraph updated at epoch 300

🔧 Epoch 300 梯度检查:
================================================================================

  参数名称                              梯度范数         梯度均值 状态             
  ----------------------------------------------------------------------
  type_relations                0.126334     0.002338 ✅ 正常           
  exist_relation                0.017838     0.000661 ✅ 正常           
  mi_proj_layer0                0.019447     0.000064 ✅ 正常           
  dis_proj_layer0               0.019208     0.000064 ✅ 正常           
================================================================================

Epoch 300, Total Loss: 14.4951, Recover Loss: 0.8812, miRNA CL: 7.0472, Disease CL: 6.3092, Inter-view (est): 3.0822, Recon Loss: 0.0280, Time: 272.10s
[INFO] Hypergraph updated at epoch 350

🔧 Epoch 350 梯度检查:
================================================================================

  参数名称                              梯度范数         梯度均值 状态             
  ----------------------------------------------------------------------
  type_relations                0.111010     0.002082 ✅ 正常           
  exist_relation                0.017706     0.000737 ✅ 正常           
  mi_proj_layer0                0.020917     0.000068 ✅ 正常           
  dis_proj_layer0               0.027671     0.000082 ✅ 正常           
================================================================================

Epoch 350, Total Loss: 14.3892, Recover Loss: 0.8677, miRNA CL: 6.9946, Disease CL: 6.2718, Inter-view (est): 3.0615, Recon Loss: 0.0284, Time: 305.36s
[INFO] Hypergraph updated at epoch 400

🔧 Epoch 400 梯度检查:
================================================================================

  参数名称                              梯度范数         梯度均值 状态             
  ----------------------------------------------------------------------
  type_relations                0.111438     0.002113 ✅ 正常           
  exist_relation                0.015582     0.000615 ✅ 正常           
  mi_proj_layer0                0.021311     0.000064 ✅ 正常           
  dis_proj_layer0               0.022456     0.000072 ✅ 正常           
================================================================================

Epoch 400, Total Loss: 14.2875, Recover Loss: 0.8534, miRNA CL: 6.9424, Disease CL: 6.2398, Inter-view (est): 3.0421, Recon Loss: 0.0278, Time: 338.59s
[INFO] Hypergraph updated at epoch 450

🔧 Epoch 450 梯度检查:
================================================================================

  参数名称                              梯度范数         梯度均值 状态             
  ----------------------------------------------------------------------
  type_relations                0.110739     0.002083 ✅ 正常           
  exist_relation                0.011024     0.000493 ✅ 正常           
  mi_proj_layer0                0.021756     0.000069 ✅ 正常           
  dis_proj_layer0               0.021617     0.000070 ✅ 正常           
================================================================================

Epoch 450, Total Loss: 14.1779, Recover Loss: 0.8395, miRNA CL: 6.8757, Disease CL: 6.2141, Inter-view (est): 3.0207, Recon Loss: 0.0271, Time: 372.36s
[INFO] Hypergraph updated at epoch 500

🔧 Epoch 500 梯度检查:
================================================================================

  参数名称                              梯度范数         梯度均值 状态             
  ----------------------------------------------------------------------
  type_relations                0.106647     0.001942 ✅ 正常           
  exist_relation                0.019248     0.000693 ✅ 正常           
  mi_proj_layer0                0.020500     0.000064 ✅ 正常           
  dis_proj_layer0               0.022135     0.000069 ✅ 正常           
================================================================================

Epoch 500, Total Loss: 14.0999, Recover Loss: 0.8281, miRNA CL: 6.8294, Disease CL: 6.1959, Inter-view (est): 3.0058, Recon Loss: 0.0268, Time: 405.06s
[INFO] Hypergraph updated at epoch 550

🔧 Epoch 550 梯度检查:
================================================================================

  参数名称                              梯度范数         梯度均值 状态             
  ----------------------------------------------------------------------
  type_relations                0.122364     0.002311 ✅ 正常           
  exist_relation                0.013024     0.000547 ✅ 正常           
  mi_proj_layer0                0.020685     0.000065 ✅ 正常           
  dis_proj_layer0               0.024865     0.000077 ✅ 正常           
================================================================================

Epoch 550, Total Loss: 14.0507, Recover Loss: 0.8290, miRNA CL: 6.7897, Disease CL: 6.1864, Inter-view (est): 2.9945, Recon Loss: 0.0267, Time: 438.24s
[INFO] Hypergraph updated at epoch 600

🔧 Epoch 600 梯度检查:
================================================================================

  参数名称                              梯度范数         梯度均值 状态             
  ----------------------------------------------------------------------
  type_relations                0.107422     0.002050 ✅ 正常           
  exist_relation                0.014723     0.000589 ✅ 正常           
  mi_proj_layer0                0.018700     0.000059 ✅ 正常           
  dis_proj_layer0               0.021162     0.000069 ✅ 正常           
================================================================================

Epoch 600, Total Loss: 14.0013, Recover Loss: 0.8230, miRNA CL: 6.7568, Disease CL: 6.1771, Inter-view (est): 2.9847, Recon Loss: 0.0264, Time: 471.95s
[INFO] Hypergraph updated at epoch 650

🔧 Epoch 650 梯度检查:
================================================================================

  参数名称                              梯度范数         梯度均值 状态             
  ----------------------------------------------------------------------
  type_relations                0.115791     0.002149 ✅ 正常           
  exist_relation                0.014894     0.000593 ✅ 正常           
  mi_proj_layer0                0.023130     0.000067 ✅ 正常           
  dis_proj_layer0               0.024405     0.000072 ✅ 正常           
================================================================================

Epoch 650, Total Loss: 13.9759, Recover Loss: 0.8230, miRNA CL: 6.7398, Disease CL: 6.1692, Inter-view (est): 2.9790, Recon Loss: 0.0268, Time: 505.40s

================================================================================
Training completed. Running final test...
================================================================================
Fold 5 completed - AUC: 0.9710, Top-1 F1: 0.5558
Fold 5 training time: 506.20 seconds
Average binary metrics across folds: [[0.97302796 0.96706921 0.92919934 0.92664179 0.96253731 0.89074627
  0.8984862 ]]
🎯 Average Top-1 metrics across folds: {'top1_precision': 0.5373134328358209, 'top1_recall': np.float64(0.5968915147349939), 'top1_f1': np.float64(0.5654919925328903)}

📊 CV_type Style Metrics Details:
  AUC            : 0.9730
  AUPR           : 0.9671
  F1             : 0.9292
  Accuracy       : 0.9266
  Recall         : 0.9625
  Specificity    : 0.8907
  Precision      : 0.8985

🎯 Top-1 Metrics Details:
  top1_precision : 0.5373
  top1_recall    : 0.5969
  top1_f1        : 0.5655

Total execution time: 2487.64 seconds

==========================================================================================
🎯 FINAL COMPREHENSIVE RESULTS WITH TOP-1 METRICS
==========================================================================================
📊 Binary Classification Metrics (Original):
  AUC: 0.9730
  AUPR: 0.9671
  F1: 0.9292
  Accuracy: 0.9266
  Recall: 0.9625
  Specificity: 0.8907
  Precision: 0.8985

🎯 CV_type Style Metrics (Enhanced):
  AUC: 0.9730
  AUPR: 0.9671
  F1: 0.9292
  Accuracy: 0.9266
  Recall: 0.9625
  Specificity: 0.8907
  Precision: 0.8985

🏆 Top-1 Metrics (NEW):
  Top-1 Precision: 0.5373
  Top-1 Recall: 0.5969
  Top-1 F1: 0.5655
==========================================================================================

[5/5] K_neigs=15 (seed=1)
----------------------------------------------------------------
[CPU] torch.set_num_threads(14), interop=min(4, 14)
Using device: cpu
[INFO] Auto-computed BALANCED class weights (to prevent class collapse):
  Circulation  (367 samples): 0.780
  Epigenetics  (157 samples): 1.823
  Target       (293 samples): 0.977
  Genetics     (681 samples): 0.420
  [NOTE] Higher weights for minority classes to prevent model from only predicting majority class
[INFO] Using v2.0_495m383D dataset:
  miRNAs: 495
  Diseases: 383
  Expected associations: ~1498
  Types: 4 (Circulation, Epigenetics, Target, Genetics)

================================================================================
Configuration Summary
================================================================================
Dataset: v2.0_495m383D
Data Path: ./
Model: HeterogenousGraphCLAMIR
  - HGT Layers: 2
  - Attention Heads: 4
  - Association Types: 4
  - Inter-view CL: Enabled
    - Weight: 0.3
    - Temperature: 0.5
    - Margin: 0.5

Training:
  - Epochs: 650
  - Learning Rate: 0.0001
  - Dropout: 0.3
  - Weight Decay: 5e-05
  - Focal Loss: Enabled

Evaluation:
  - Cross-Validation Folds: 5
  - Primary Metric: AUPR

Device: cpu
Random Seed: 1
================================================================================

[SEED] Re-seeded với args.seed = 1
🚀 Running with comprehensive evaluation including Top-1 metrics...
🎯 Loading dual-view data...
Starting dual-view data preparation with new file format...
Loading all similarity and feature files from v2.0_495m383D...
✅ Loaded disease semantic similarity from D_SSM1.txt: (383, 383)
✅ Loaded miRNA functional similarity from M_FSM.txt: (495, 495)
✅ Loaded multi-type association pairs from ./v2.0_495m383D\multi_all_mirna_disease_pairs_without_negative.csv: (1679, 3)
✅ Created multi-type association matrix: (495, 383)
📊 Multi-type Association Statistics:
   无关联 (No association): 188087 pairs (99.21%)
   循环类型 (Circulation): 367 pairs (0.19%)
   表观遗传学 (Epigenetics): 157 pairs (0.08%)
   靶标类型 (Target): 293 pairs (0.15%)
   遗传学类型 (Genetics): 681 pairs (0.36%)
✅ Created association matrix from CSV: (495, 383)
✅ Loaded disease-gene features from D_SSM2.txt: torch.Size([383, 383])
✅ Loaded miRNA-sequence features from M_GSM.txt: torch.Size([495, 495])
Processing integrated similarity matrices...
Loaded similarity matrices from cache
Processing indices...
Loaded indices from cache (seed=1)
✅ Dual-view data preparation completed in 0.38 seconds

============================================================
🎯 DUAL-VIEW CONFIGURATION SUMMARY (v2.0_495m383D)
============================================================
miRNA Dual Views:
  📊 View 1 (Sequence): M_GSM.txt torch.Size([495, 495])
  📊 View 2 (Function): M_FSM.txt torch.Size([495, 495])

Disease Dual Views:
  📊 View 1 (Gene): D_SSM2.txt torch.Size([383, 383])
  📊 View 2 (Semantic): D_SSM1.txt torch.Size([383, 383])

Association Matrix: torch.Size([495, 383])
Data source: v2.0_495m383D (495 miRNAs × 383 Diseases)
============================================================
Preloading dual-view data to device...
✅ Loaded disease-gene features to device: torch.Size([383, 383])
✅ Loaded miRNA-sequence features to device: torch.Size([495, 495])
✅ Loaded disease semantic similarity to device: torch.Size([383, 383])
✅ Loaded miRNA functional similarity to device: torch.Size([495, 495])
✅ Dual-view data preloading completed in 0.00 seconds
OptimizedDataset initialized with 5 folds
Using device: cpu
=== Cross Validation Fold 1/5 ===
Using hidden dimensions: [256, 256] with 4 attention heads
优化模型初始化: miRNA数量 = 495, 疾病数量 = 383
   节点维度: 256 → 128
   类型数量: 4
   Temperature: 2.0 (可学习)
   Loss mode: two_head
   loss_mode=two_head
   exist_weight=0.300, type_weight=0.700

✅ SimplifiedMultiTypeAssociationLoss 初始化 (改进版)
   类别权重 (beta=0.99999): ['0.780', '1.822', '0.977', '0.421']
Original positive index shape: torch.Size([1072, 2])
Original negative index shape: torch.Size([135416, 2])
采样后负样本数量: 10720
🎯 Building TRUE DUAL VIEWS from four different sources...
📊 Data sources loaded:
  Disease semantic: torch.Size([383, 383])
  miRNA functional: torch.Size([495, 495])
  Disease-gene: torch.Size([383, 383])
  miRNA-sequence: torch.Size([495, 495])
🧬 Building miRNA dual-view hypergraphs...
  📊 miRNA View 1 (Sequence): torch.Size([495, 878])
  📊 miRNA View 2 (Function): torch.Size([495, 878])
🦠 Building disease dual-view hypergraphs...
  📊 Disease View 1 (Gene): torch.Size([383, 878])
  📊 Disease View 2 (Semantic): torch.Size([383, 878])
✅ Successfully built TRUE DUAL VIEWS:
   🧬 miRNA: Sequence Features (m_ss.xlsx) vs Functional Similarity (mi_fun_sim_2.0.csv)
   🦠 Disease: Gene Features (d_gs.xlsx) vs Semantic Similarity (dis_sem_sim_2.0.csv)

🔧 Epoch 1 梯度检查:
================================================================================

  参数名称                              梯度范数         梯度均值 状态             
  ----------------------------------------------------------------------
  type_relations                0.059183     0.001759 ✅ 正常           
  exist_relation                0.205945     0.011992 ✅ 正常           
  mi_proj_layer0                0.722873     0.002109 ✅ 正常           
  dis_proj_layer0               0.848198     0.002616 ✅ 正常           
================================================================================

Epoch 1, Total Loss: 20.2738, Recover Loss: 1.0868, miRNA CL: 8.9239, Disease CL: 8.4682, Inter-view (est): 4.0136, Recon Loss: 1.4967, Time: 0.68s
[INFO] Hypergraph updated at epoch 5
[INFO] Hypergraph updated at epoch 10
[INFO] Hypergraph updated at epoch 15
[INFO] Hypergraph updated at epoch 20
[INFO] Hypergraph updated at epoch 25
[INFO] Hypergraph updated at epoch 30
[INFO] Hypergraph updated at epoch 35
[INFO] Hypergraph updated at epoch 40
[INFO] Hypergraph updated at epoch 45
[INFO] Hypergraph updated at epoch 50

🔧 Epoch 50 梯度检查:
================================================================================

  参数名称                              梯度范数         梯度均值 状态             
  ----------------------------------------------------------------------
  type_relations                0.058941     0.001665 ✅ 正常           
  exist_relation                0.011266     0.000745 ✅ 正常           
  mi_proj_layer0                0.023399     0.000083 ✅ 正常           
  dis_proj_layer0               0.025229     0.000091 ✅ 正常           
================================================================================

Epoch 50, Total Loss: 17.2029, Recover Loss: 1.0104, miRNA CL: 8.0184, Disease CL: 7.6998, Inter-view (est): 3.6273, Recon Loss: 0.1914, Time: 90.25s
[INFO] Hypergraph updated at epoch 100

🔧 Epoch 100 梯度检查:
================================================================================

  参数名称                              梯度范数         梯度均值 状态             
  ----------------------------------------------------------------------
  type_relations                0.114652     0.002246 ✅ 正常           
  exist_relation                0.023020     0.000900 ✅ 正常           
  mi_proj_layer0                0.018675     0.000065 ✅ 正常           
  dis_proj_layer0               0.022550     0.000076 ✅ 正常           
================================================================================

Epoch 100, Total Loss: 16.1349, Recover Loss: 0.9921, miRNA CL: 7.7599, Disease CL: 7.0861, Inter-view (est): 3.4260, Recon Loss: 0.0326, Time: 126.82s
[INFO] Hypergraph updated at epoch 150

🔧 Epoch 150 梯度检查:
================================================================================

  参数名称                              梯度范数         梯度均值 状态             
  ----------------------------------------------------------------------
  type_relations                0.182559     0.003056 ✅ 正常           
  exist_relation                0.019382     0.000732 ✅ 正常           
  mi_proj_layer0                0.022660     0.000075 ✅ 正常           
  dis_proj_layer0               0.024523     0.000082 ✅ 正常           
================================================================================

Epoch 150, Total Loss: 15.5069, Recover Loss: 0.9632, miRNA CL: 7.5805, Disease CL: 6.6837, Inter-view (est): 3.2917, Recon Loss: 0.0298, Time: 160.44s
[INFO] Hypergraph updated at epoch 200

🔧 Epoch 200 梯度检查:
================================================================================

  参数名称                              梯度范数         梯度均值 状态             
  ----------------------------------------------------------------------
  type_relations                0.169787     0.003008 ✅ 正常           
  exist_relation                0.026873     0.000929 ✅ 正常           
  mi_proj_layer0                0.024462     0.000082 ✅ 正常           
  dis_proj_layer0               0.022251     0.000076 ✅ 正常           
================================================================================

Epoch 200, Total Loss: 15.0945, Recover Loss: 0.9352, miRNA CL: 7.3640, Disease CL: 6.5244, Inter-view (est): 3.2050, Recon Loss: 0.0290, Time: 193.29s
[INFO] Hypergraph updated at epoch 250

🔧 Epoch 250 梯度检查:
================================================================================

  参数名称                              梯度范数         梯度均值 状态             
  ----------------------------------------------------------------------
  type_relations                0.180629     0.002821 ✅ 正常           
  exist_relation                0.028713     0.000989 ✅ 正常           
  mi_proj_layer0                0.024228     0.000076 ✅ 正常           
  dis_proj_layer0               0.023862     0.000073 ✅ 正常           
================================================================================

Epoch 250, Total Loss: 14.8159, Recover Loss: 0.9108, miRNA CL: 7.2139, Disease CL: 6.4264, Inter-view (est): 3.1478, Recon Loss: 0.0293, Time: 226.54s
[INFO] Hypergraph updated at epoch 300

🔧 Epoch 300 梯度检查:
================================================================================

  参数名称                              梯度范数         梯度均值 状态             
  ----------------------------------------------------------------------
  type_relations                0.127743     0.002257 ✅ 正常           
  exist_relation                0.014331     0.000507 ✅ 正常           
  mi_proj_layer0                0.025159     0.000074 ✅ 正常           
  dis_proj_layer0               0.029030     0.000080 ✅ 正常           
================================================================================

Epoch 300, Total Loss: 14.5580, Recover Loss: 0.8949, miRNA CL: 7.0612, Disease CL: 6.3432, Inter-view (est): 3.0933, Recon Loss: 0.0297, Time: 259.69s
[INFO] Hypergraph updated at epoch 350

🔧 Epoch 350 梯度检查:
================================================================================

  参数名称                              梯度范数         梯度均值 状态             
  ----------------------------------------------------------------------
  type_relations                0.115746     0.002036 ✅ 正常           
  exist_relation                0.017194     0.000599 ✅ 正常           
  mi_proj_layer0                0.024039     0.000069 ✅ 正常           
  dis_proj_layer0               0.021349     0.000066 ✅ 正常           
================================================================================

Epoch 350, Total Loss: 14.4031, Recover Loss: 0.8722, miRNA CL: 6.9761, Disease CL: 6.3013, Inter-view (est): 3.0640, Recon Loss: 0.0287, Time: 293.23s
[INFO] Hypergraph updated at epoch 400

🔧 Epoch 400 梯度检查:
================================================================================

  参数名称                              梯度范数         梯度均值 状态             
  ----------------------------------------------------------------------
  type_relations                0.123079     0.002109 ✅ 正常           
  exist_relation                0.018019     0.000657 ✅ 正常           
  mi_proj_layer0                0.021920     0.000066 ✅ 正常           
  dis_proj_layer0               0.024163     0.000072 ✅ 正常           
================================================================================

Epoch 400, Total Loss: 14.3130, Recover Loss: 0.8608, miRNA CL: 6.9192, Disease CL: 6.2818, Inter-view (est): 3.0464, Recon Loss: 0.0284, Time: 326.51s
[INFO] Hypergraph updated at epoch 450

🔧 Epoch 450 梯度检查:
================================================================================

  参数名称                              梯度范数         梯度均值 状态             
  ----------------------------------------------------------------------
  type_relations                0.116486     0.002030 ✅ 正常           
  exist_relation                0.013863     0.000510 ✅ 正常           
  mi_proj_layer0                0.023999     0.000070 ✅ 正常           
  dis_proj_layer0               0.023363     0.000068 ✅ 正常           
================================================================================

Epoch 450, Total Loss: 14.2279, Recover Loss: 0.8529, miRNA CL: 6.8580, Disease CL: 6.2680, Inter-view (est): 3.0291, Recon Loss: 0.0276, Time: 360.14s
[INFO] Hypergraph updated at epoch 500

🔧 Epoch 500 梯度检查:
================================================================================

  参数名称                              梯度范数         梯度均值 状态             
  ----------------------------------------------------------------------
  type_relations                0.124180     0.002099 ✅ 正常           
  exist_relation                0.013756     0.000563 ✅ 正常           
  mi_proj_layer0                0.022485     0.000067 ✅ 正常           
  dis_proj_layer0               0.020723     0.000062 ✅ 正常           
================================================================================

Epoch 500, Total Loss: 14.1675, Recover Loss: 0.8465, miRNA CL: 6.8139, Disease CL: 6.2585, Inter-view (est): 3.0167, Recon Loss: 0.0280, Time: 393.17s
[INFO] Hypergraph updated at epoch 550

🔧 Epoch 550 梯度检查:
================================================================================

  参数名称                              梯度范数         梯度均值 状态             
  ----------------------------------------------------------------------
  type_relations                0.126374     0.002199 ✅ 正常           
  exist_relation                0.017921     0.000682 ✅ 正常           
  mi_proj_layer0                0.021569     0.000066 ✅ 正常           
  dis_proj_layer0               0.023576     0.000069 ✅ 正常           
================================================================================

Epoch 550, Total Loss: 14.1436, Recover Loss: 0.8503, miRNA CL: 6.7957, Disease CL: 6.2502, Inter-view (est): 3.0106, Recon Loss: 0.0275, Time: 426.58s
[INFO] Hypergraph updated at epoch 600

🔧 Epoch 600 梯度检查:
================================================================================

  参数名称                              梯度范数         梯度均值 状态             
  ----------------------------------------------------------------------
  type_relations                0.110000     0.001922 ✅ 正常           
  exist_relation                0.013406     0.000484 ✅ 正常           
  mi_proj_layer0                0.021558     0.000064 ✅ 正常           
  dis_proj_layer0               0.022201     0.000066 ✅ 正常           
================================================================================

Epoch 600, Total Loss: 14.0999, Recover Loss: 0.8338, miRNA CL: 6.7775, Disease CL: 6.2423, Inter-view (est): 3.0046, Recon Loss: 0.0271, Time: 459.45s
[INFO] Hypergraph updated at epoch 650

🔧 Epoch 650 梯度检查:
================================================================================

  参数名称                              梯度范数         梯度均值 状态             
  ----------------------------------------------------------------------
  type_relations                0.104484     0.001841 ✅ 正常           
  exist_relation                0.015396     0.000510 ✅ 正常           
  mi_proj_layer0                0.022227     0.000066 ✅ 正常           
  dis_proj_layer0               0.020347     0.000063 ✅ 正常           
================================================================================

Epoch 650, Total Loss: 14.0686, Recover Loss: 0.8307, miRNA CL: 6.7590, Disease CL: 6.2337, Inter-view (est): 2.9983, Recon Loss: 0.0268, Time: 492.63s

================================================================================
Training completed. Running final test...
================================================================================
Fold 1 completed - AUC: 0.9742, Top-1 F1: 0.4952
Fold 1 training time: 493.71 seconds
=== Cross Validation Fold 2/5 ===
Using hidden dimensions: [256, 256] with 4 attention heads
优化模型初始化: miRNA数量 = 495, 疾病数量 = 383
   节点维度: 256 → 128
   类型数量: 4
   Temperature: 2.0 (可学习)
   Loss mode: two_head
   loss_mode=two_head
   exist_weight=0.300, type_weight=0.700

✅ SimplifiedMultiTypeAssociationLoss 初始化 (改进版)
   类别权重 (beta=0.99999): ['0.780', '1.822', '0.977', '0.421']
Original positive index shape: torch.Size([1072, 2])
Original negative index shape: torch.Size([135416, 2])
采样后负样本数量: 10720
🎯 Building TRUE DUAL VIEWS from four different sources...
📊 Data sources loaded:
  Disease semantic: torch.Size([383, 383])
  miRNA functional: torch.Size([495, 495])
  Disease-gene: torch.Size([383, 383])
  miRNA-sequence: torch.Size([495, 495])
🧬 Building miRNA dual-view hypergraphs...
  📊 miRNA View 1 (Sequence): torch.Size([495, 878])
  📊 miRNA View 2 (Function): torch.Size([495, 878])
🦠 Building disease dual-view hypergraphs...
  📊 Disease View 1 (Gene): torch.Size([383, 878])
  📊 Disease View 2 (Semantic): torch.Size([383, 878])
✅ Successfully built TRUE DUAL VIEWS:
   🧬 miRNA: Sequence Features (m_ss.xlsx) vs Functional Similarity (mi_fun_sim_2.0.csv)
   🦠 Disease: Gene Features (d_gs.xlsx) vs Semantic Similarity (dis_sem_sim_2.0.csv)

🔧 Epoch 1 梯度检查:
================================================================================

  参数名称                              梯度范数         梯度均值 状态             
  ----------------------------------------------------------------------
  type_relations                0.063192     0.001802 ✅ 正常           
  exist_relation                0.296953     0.016721 ✅ 正常           
  mi_proj_layer0                1.016953     0.002910 ✅ 正常           
  dis_proj_layer0               0.957156     0.002792 ✅ 正常           
================================================================================

Epoch 1, Total Loss: 20.2912, Recover Loss: 1.1120, miRNA CL: 8.9309, Disease CL: 8.4345, Inter-view (est): 4.0074, Recon Loss: 1.5157, Time: 0.69s
[INFO] Hypergraph updated at epoch 5
[INFO] Hypergraph updated at epoch 10
[INFO] Hypergraph updated at epoch 15
[INFO] Hypergraph updated at epoch 20
[INFO] Hypergraph updated at epoch 25
[INFO] Hypergraph updated at epoch 30
[INFO] Hypergraph updated at epoch 35
[INFO] Hypergraph updated at epoch 40
[INFO] Hypergraph updated at epoch 45
[INFO] Hypergraph updated at epoch 50

🔧 Epoch 50 梯度检查:
================================================================================

  参数名称                              梯度范数         梯度均值 状态             
  ----------------------------------------------------------------------
  type_relations                0.059336     0.001653 ✅ 正常           
  exist_relation                0.012520     0.000758 ✅ 正常           
  mi_proj_layer0                0.021943     0.000079 ✅ 正常           
  dis_proj_layer0               0.022988     0.000080 ✅ 正常           
================================================================================

Epoch 50, Total Loss: 17.1744, Recover Loss: 1.0108, miRNA CL: 8.0082, Disease CL: 7.7185, Inter-view (est): 3.6292, Recon Loss: 0.1544, Time: 91.27s
[INFO] Hypergraph updated at epoch 100

🔧 Epoch 100 梯度检查:
================================================================================

  参数名称                              梯度范数         梯度均值 状态             
  ----------------------------------------------------------------------
  type_relations                0.106427     0.002404 ✅ 正常           
  exist_relation                0.012813     0.000700 ✅ 正常           
  mi_proj_layer0                0.021529     0.000075 ✅ 正常           
  dis_proj_layer0               0.021649     0.000076 ✅ 正常           
================================================================================

Epoch 100, Total Loss: 16.0737, Recover Loss: 0.9944, miRNA CL: 7.7305, Disease CL: 7.0552, Inter-view (est): 3.4121, Recon Loss: 0.0308, Time: 126.59s
[INFO] Hypergraph updated at epoch 150

🔧 Epoch 150 梯度检查:
================================================================================

  参数名称                              梯度范数         梯度均值 状态             
  ----------------------------------------------------------------------
  type_relations                0.177606     0.003098 ✅ 正常           
  exist_relation                0.013403     0.000567 ✅ 正常           
  mi_proj_layer0                0.025334     0.000083 ✅ 正常           
  dis_proj_layer0               0.024268     0.000082 ✅ 正常           
================================================================================

Epoch 150, Total Loss: 15.4156, Recover Loss: 0.9598, miRNA CL: 7.4879, Disease CL: 6.6912, Inter-view (est): 3.2721, Recon Loss: 0.0289, Time: 160.01s
[INFO] Hypergraph updated at epoch 200

🔧 Epoch 200 梯度检查:
================================================================================

  参数名称                              梯度范数         梯度均值 状态             
  ----------------------------------------------------------------------
  type_relations                0.178385     0.003245 ✅ 正常           
  exist_relation                0.022335     0.000805 ✅ 正常           
  mi_proj_layer0                0.025493     0.000085 ✅ 正常           
  dis_proj_layer0               0.023411     0.000078 ✅ 正常           
================================================================================

Epoch 200, Total Loss: 14.9703, Recover Loss: 0.9380, miRNA CL: 7.2620, Disease CL: 6.5012, Inter-view (est): 3.1761, Recon Loss: 0.0303, Time: 193.23s
[INFO] Hypergraph updated at epoch 250

🔧 Epoch 250 梯度检查:
================================================================================

  参数名称                              梯度范数         梯度均值 状态             
  ----------------------------------------------------------------------
  type_relations                0.152823     0.002478 ✅ 正常           
  exist_relation                0.019972     0.000621 ✅ 正常           
  mi_proj_layer0                0.025950     0.000077 ✅ 正常           
  dis_proj_layer0               0.022048     0.000069 ✅ 正常           
================================================================================

Epoch 250, Total Loss: 14.6806, Recover Loss: 0.9067, miRNA CL: 7.1135, Disease CL: 6.3993, Inter-view (est): 3.1183, Recon Loss: 0.0295, Time: 226.81s
[INFO] Hypergraph updated at epoch 300

🔧 Epoch 300 梯度检查:
================================================================================

  参数名称                              梯度范数         梯度均值 状态             
  ----------------------------------------------------------------------
  type_relations                0.147875     0.002422 ✅ 正常           
  exist_relation                0.015542     0.000538 ✅ 正常           
  mi_proj_layer0                0.024272     0.000071 ✅ 正常           
  dis_proj_layer0               0.022261     0.000068 ✅ 正常           
================================================================================

Epoch 300, Total Loss: 14.4865, Recover Loss: 0.8771, miRNA CL: 7.0248, Disease CL: 6.3307, Inter-view (est): 3.0820, Recon Loss: 0.0277, Time: 260.07s
[INFO] Hypergraph updated at epoch 350

🔧 Epoch 350 梯度检查:
================================================================================

  参数名称                              梯度范数         梯度均值 状态             
  ----------------------------------------------------------------------
  type_relations                0.137940     0.002400 ✅ 正常           
  exist_relation                0.013551     0.000466 ✅ 正常           
  mi_proj_layer0                0.019058     0.000061 ✅ 正常           
  dis_proj_layer0               0.021408     0.000065 ✅ 正常           
================================================================================

Epoch 350, Total Loss: 14.3696, Recover Loss: 0.8625, miRNA CL: 6.9639, Disease CL: 6.2923, Inter-view (est): 3.0591, Recon Loss: 0.0281, Time: 293.30s
[INFO] Hypergraph updated at epoch 400

🔧 Epoch 400 梯度检查:
================================================================================

  参数名称                              梯度范数         梯度均值 状态             
  ----------------------------------------------------------------------
  type_relations                0.126608     0.002246 ✅ 正常           
  exist_relation                0.015183     0.000567 ✅ 正常           
  mi_proj_layer0                0.018878     0.000058 ✅ 正常           
  dis_proj_layer0               0.019214     0.000059 ✅ 正常           
================================================================================

Epoch 400, Total Loss: 14.2832, Recover Loss: 0.8532, miRNA CL: 6.9068, Disease CL: 6.2749, Inter-view (est): 3.0419, Recon Loss: 0.0274, Time: 326.02s
[INFO] Hypergraph updated at epoch 450

🔧 Epoch 450 梯度检查:
================================================================================

  参数名称                              梯度范数         梯度均值 状态             
  ----------------------------------------------------------------------
  type_relations                0.117250     0.002232 ✅ 正常           
  exist_relation                0.014067     0.000559 ✅ 正常           
  mi_proj_layer0                0.019455     0.000060 ✅ 正常           
  dis_proj_layer0               0.019587     0.000061 ✅ 正常           
================================================================================

Epoch 450, Total Loss: 14.2124, Recover Loss: 0.8470, miRNA CL: 6.8544, Disease CL: 6.2639, Inter-view (est): 3.0273, Recon Loss: 0.0274, Time: 359.93s
[INFO] Hypergraph updated at epoch 500

🔧 Epoch 500 梯度检查:
================================================================================

  参数名称                              梯度范数         梯度均值 状态             
  ----------------------------------------------------------------------
  type_relations                0.130482     0.002304 ✅ 正常           
  exist_relation                0.012087     0.000470 ✅ 正常           
  mi_proj_layer0                0.022297     0.000067 ✅ 正常           
  dis_proj_layer0               0.022464     0.000066 ✅ 正常           
================================================================================

Epoch 500, Total Loss: 14.1578, Recover Loss: 0.8442, miRNA CL: 6.8125, Disease CL: 6.2559, Inter-view (est): 3.0158, Recon Loss: 0.0264, Time: 393.35s
[INFO] Hypergraph updated at epoch 550

🔧 Epoch 550 梯度检查:
================================================================================

  参数名称                              梯度范数         梯度均值 状态             
  ----------------------------------------------------------------------
  type_relations                0.130612     0.002363 ✅ 正常           
  exist_relation                0.012521     0.000472 ✅ 正常           
  mi_proj_layer0                0.024071     0.000069 ✅ 正常           
  dis_proj_layer0               0.021624     0.000068 ✅ 正常           
================================================================================

Epoch 550, Total Loss: 14.1322, Recover Loss: 0.8400, miRNA CL: 6.7984, Disease CL: 6.2492, Inter-view (est): 3.0110, Recon Loss: 0.0266, Time: 427.04s
[INFO] Hypergraph updated at epoch 600

🔧 Epoch 600 梯度检查:
================================================================================

  参数名称                              梯度范数         梯度均值 状态             
  ----------------------------------------------------------------------
  type_relations                0.113488     0.002005 ✅ 正常           
  exist_relation                0.012851     0.000477 ✅ 正常           
  mi_proj_layer0                0.022391     0.000067 ✅ 正常           
  dis_proj_layer0               0.021808     0.000068 ✅ 正常           
================================================================================

Epoch 600, Total Loss: 14.0970, Recover Loss: 0.8302, miRNA CL: 6.7801, Disease CL: 6.2425, Inter-view (est): 3.0052, Recon Loss: 0.0270, Time: 460.87s
[INFO] Hypergraph updated at epoch 650

🔧 Epoch 650 梯度检查:
================================================================================

  参数名称                              梯度范数         梯度均值 状态             
  ----------------------------------------------------------------------
  type_relations                0.119306     0.002202 ✅ 正常           
  exist_relation                0.018286     0.000665 ✅ 正常           
  mi_proj_layer0                0.023334     0.000069 ✅ 正常           
  dis_proj_layer0               0.023717     0.000071 ✅ 正常           
================================================================================

Epoch 650, Total Loss: 14.0603, Recover Loss: 0.8303, miRNA CL: 6.7521, Disease CL: 6.2351, Inter-view (est): 2.9970, Recon Loss: 0.0264, Time: 494.02s

================================================================================
Training completed. Running final test...
================================================================================
Fold 2 completed - AUC: 0.9749, Top-1 F1: 0.5288
Fold 2 training time: 494.77 seconds
=== Cross Validation Fold 3/5 ===
Using hidden dimensions: [256, 256] with 4 attention heads
优化模型初始化: miRNA数量 = 495, 疾病数量 = 383
   节点维度: 256 → 128
   类型数量: 4
   Temperature: 2.0 (可学习)
   Loss mode: two_head
   loss_mode=two_head
   exist_weight=0.300, type_weight=0.700

✅ SimplifiedMultiTypeAssociationLoss 初始化 (改进版)
   类别权重 (beta=0.99999): ['0.780', '1.822', '0.977', '0.421']
Original positive index shape: torch.Size([1072, 2])
Original negative index shape: torch.Size([135416, 2])
采样后负样本数量: 10720
🎯 Building TRUE DUAL VIEWS from four different sources...
📊 Data sources loaded:
  Disease semantic: torch.Size([383, 383])
  miRNA functional: torch.Size([495, 495])
  Disease-gene: torch.Size([383, 383])
  miRNA-sequence: torch.Size([495, 495])
🧬 Building miRNA dual-view hypergraphs...
  📊 miRNA View 1 (Sequence): torch.Size([495, 878])
  📊 miRNA View 2 (Function): torch.Size([495, 878])
🦠 Building disease dual-view hypergraphs...
  📊 Disease View 1 (Gene): torch.Size([383, 878])
  📊 Disease View 2 (Semantic): torch.Size([383, 878])
✅ Successfully built TRUE DUAL VIEWS:
   🧬 miRNA: Sequence Features (m_ss.xlsx) vs Functional Similarity (mi_fun_sim_2.0.csv)
   🦠 Disease: Gene Features (d_gs.xlsx) vs Semantic Similarity (dis_sem_sim_2.0.csv)

🔧 Epoch 1 梯度检查:
================================================================================

  参数名称                              梯度范数         梯度均值 状态             
  ----------------------------------------------------------------------
  type_relations                0.061979     0.001920 ✅ 正常           
  exist_relation                0.384775     0.020207 ✅ 正常           
  mi_proj_layer0                1.059444     0.003122 ✅ 正常           
  dis_proj_layer0               1.225357     0.003270 ✅ 正常           
================================================================================

Epoch 1, Total Loss: 20.2761, Recover Loss: 1.1114, miRNA CL: 8.8853, Disease CL: 8.4349, Inter-view (est): 3.9970, Recon Loss: 1.5461, Time: 0.64s
[INFO] Hypergraph updated at epoch 5
[INFO] Hypergraph updated at epoch 10
[INFO] Hypergraph updated at epoch 15
[INFO] Hypergraph updated at epoch 20
[INFO] Hypergraph updated at epoch 25
[INFO] Hypergraph updated at epoch 30
[INFO] Hypergraph updated at epoch 35
[INFO] Hypergraph updated at epoch 40
[INFO] Hypergraph updated at epoch 45
[INFO] Hypergraph updated at epoch 50

🔧 Epoch 50 梯度检查:
================================================================================

  参数名称                              梯度范数         梯度均值 状态             
  ----------------------------------------------------------------------
  type_relations                0.066247     0.001807 ✅ 正常           
  exist_relation                0.022177     0.001247 ✅ 正常           
  mi_proj_layer0                0.031437     0.000112 ✅ 正常           
  dis_proj_layer0               0.027769     0.000101 ✅ 正常           
================================================================================

Epoch 50, Total Loss: 17.2042, Recover Loss: 1.0109, miRNA CL: 8.0341, Disease CL: 7.7216, Inter-view (est): 3.6359, Recon Loss: 0.1544, Time: 94.01s
[INFO] Hypergraph updated at epoch 100

🔧 Epoch 100 梯度检查:
================================================================================

  参数名称                              梯度范数         梯度均值 状态             
  ----------------------------------------------------------------------
  type_relations                0.103412     0.002349 ✅ 正常           
  exist_relation                0.016560     0.000684 ✅ 正常           
  mi_proj_layer0                0.020432     0.000069 ✅ 正常           
  dis_proj_layer0               0.020673     0.000073 ✅ 正常           
================================================================================

Epoch 100, Total Loss: 16.1226, Recover Loss: 0.9946, miRNA CL: 7.7593, Disease CL: 7.0740, Inter-view (est): 3.4231, Recon Loss: 0.0314, Time: 130.40s
[INFO] Hypergraph updated at epoch 150

🔧 Epoch 150 梯度检查:
================================================================================

  参数名称                              梯度范数         梯度均值 状态             
  ----------------------------------------------------------------------
  type_relations                0.195254     0.003110 ✅ 正常           
  exist_relation                0.015638     0.000747 ✅ 正常           
  mi_proj_layer0                0.026219     0.000084 ✅ 正常           
  dis_proj_layer0               0.028193     0.000094 ✅ 正常           
================================================================================

Epoch 150, Total Loss: 15.5844, Recover Loss: 0.9669, miRNA CL: 7.5969, Disease CL: 6.7413, Inter-view (est): 3.3088, Recon Loss: 0.0308, Time: 163.53s
[INFO] Hypergraph updated at epoch 200

🔧 Epoch 200 梯度检查:
================================================================================

  参数名称                              梯度范数         梯度均值 状态             
  ----------------------------------------------------------------------
  type_relations                0.218275     0.003219 ✅ 正常           
  exist_relation                0.017749     0.000729 ✅ 正常           
  mi_proj_layer0                0.022955     0.000073 ✅ 正常           
  dis_proj_layer0               0.026747     0.000088 ✅ 正常           
================================================================================

Epoch 200, Total Loss: 15.0411, Recover Loss: 0.9315, miRNA CL: 7.3377, Disease CL: 6.5038, Inter-view (est): 3.1942, Recon Loss: 0.0297, Time: 197.03s
[INFO] Hypergraph updated at epoch 250

🔧 Epoch 250 梯度检查:
================================================================================

  参数名称                              梯度范数         梯度均值 状态             
  ----------------------------------------------------------------------
  type_relations                0.227368     0.003390 ✅ 正常           
  exist_relation                0.025319     0.000848 ✅ 正常           
  mi_proj_layer0                0.023742     0.000074 ✅ 正常           
  dis_proj_layer0               0.027626     0.000088 ✅ 正常           
================================================================================

Epoch 250, Total Loss: 14.7732, Recover Loss: 0.9052, miRNA CL: 7.1946, Disease CL: 6.4116, Inter-view (est): 3.1399, Recon Loss: 0.0287, Time: 230.34s
[INFO] Hypergraph updated at epoch 300

🔧 Epoch 300 梯度检查:
================================================================================

  参数名称                              梯度范数         梯度均值 状态             
  ----------------------------------------------------------------------
  type_relations                0.174655     0.002772 ✅ 正常           
  exist_relation                0.018436     0.000662 ✅ 正常           
  mi_proj_layer0                0.019489     0.000064 ✅ 正常           
  dis_proj_layer0               0.022119     0.000071 ✅ 正常           
================================================================================

Epoch 300, Total Loss: 14.5675, Recover Loss: 0.8731, miRNA CL: 7.0826, Disease CL: 6.3552, Inter-view (est): 3.1010, Recon Loss: 0.0280, Time: 263.41s
[INFO] Hypergraph updated at epoch 350

🔧 Epoch 350 梯度检查:
================================================================================

  参数名称                              梯度范数         梯度均值 状态             
  ----------------------------------------------------------------------
  type_relations                0.179685     0.002661 ✅ 正常           
  exist_relation                0.020554     0.000758 ✅ 正常           
  mi_proj_layer0                0.021703     0.000066 ✅ 正常           
  dis_proj_layer0               0.020750     0.000065 ✅ 正常           
================================================================================

Epoch 350, Total Loss: 14.4072, Recover Loss: 0.8553, miRNA CL: 7.0000, Disease CL: 6.2995, Inter-view (est): 3.0691, Recon Loss: 0.0276, Time: 296.63s
[INFO] Hypergraph updated at epoch 400

🔧 Epoch 400 梯度检查:
================================================================================

  参数名称                              梯度范数         梯度均值 状态             
  ----------------------------------------------------------------------
  type_relations                0.140839     0.002256 ✅ 正常           
  exist_relation                0.018311     0.000615 ✅ 正常           
  mi_proj_layer0                0.019536     0.000060 ✅ 正常           
  dis_proj_layer0               0.020057     0.000062 ✅ 正常           
================================================================================

Epoch 400, Total Loss: 14.3022, Recover Loss: 0.8486, miRNA CL: 6.9396, Disease CL: 6.2648, Inter-view (est): 3.0472, Recon Loss: 0.0273, Time: 329.28s
[INFO] Hypergraph updated at epoch 450

🔧 Epoch 450 梯度检查:
================================================================================

  参数名称                              梯度范数         梯度均值 状态             
  ----------------------------------------------------------------------
  type_relations                0.138605     0.002167 ✅ 正常           
  exist_relation                0.013925     0.000524 ✅ 正常           
  mi_proj_layer0                0.018353     0.000056 ✅ 正常           
  dis_proj_layer0               0.017906     0.000057 ✅ 正常           
================================================================================

Epoch 450, Total Loss: 14.1964, Recover Loss: 0.8286, miRNA CL: 6.8803, Disease CL: 6.2404, Inter-view (est): 3.0279, Recon Loss: 0.0272, Time: 362.87s
[INFO] Hypergraph updated at epoch 500

🔧 Epoch 500 梯度检查:
================================================================================

  参数名称                              梯度范数         梯度均值 状态             
  ----------------------------------------------------------------------
  type_relations                0.122181     0.002022 ✅ 正常           
  exist_relation                0.019681     0.000545 ✅ 正常           
  mi_proj_layer0                0.018214     0.000055 ✅ 正常           
  dis_proj_layer0               0.016989     0.000052 ✅ 正常           
================================================================================

Epoch 500, Total Loss: 14.1490, Recover Loss: 0.8285, miRNA CL: 6.8478, Disease CL: 6.2274, Inter-view (est): 3.0174, Recon Loss: 0.0266, Time: 396.46s
[INFO] Hypergraph updated at epoch 550

🔧 Epoch 550 梯度检查:
================================================================================

  参数名称                              梯度范数         梯度均值 状态             
  ----------------------------------------------------------------------
  type_relations                0.125355     0.001889 ✅ 正常           
  exist_relation                0.020780     0.000727 ✅ 正常           
  mi_proj_layer0                0.018988     0.000056 ✅ 正常           
  dis_proj_layer0               0.017732     0.000055 ✅ 正常           
================================================================================

Epoch 550, Total Loss: 14.0977, Recover Loss: 0.8199, miRNA CL: 6.8175, Disease CL: 6.2159, Inter-view (est): 3.0077, Recon Loss: 0.0268, Time: 429.62s
[INFO] Hypergraph updated at epoch 600

🔧 Epoch 600 梯度检查:
================================================================================

  参数名称                              梯度范数         梯度均值 状态             
  ----------------------------------------------------------------------
  type_relations                0.105923     0.001786 ✅ 正常           
  exist_relation                0.020763     0.000636 ✅ 正常           
  mi_proj_layer0                0.018007     0.000054 ✅ 正常           
  dis_proj_layer0               0.016100     0.000051 ✅ 正常           
================================================================================

Epoch 600, Total Loss: 14.0592, Recover Loss: 0.8169, miRNA CL: 6.7942, Disease CL: 6.2044, Inter-view (est): 2.9997, Recon Loss: 0.0270, Time: 462.96s
[INFO] Hypergraph updated at epoch 650

🔧 Epoch 650 梯度检查:
================================================================================

  参数名称                              梯度范数         梯度均值 状态             
  ----------------------------------------------------------------------
  type_relations                0.113139     0.001847 ✅ 正常           
  exist_relation                0.013446     0.000508 ✅ 正常           
  mi_proj_layer0                0.016877     0.000052 ✅ 正常           
  dis_proj_layer0               0.016209     0.000051 ✅ 正常           
================================================================================

Epoch 650, Total Loss: 14.0224, Recover Loss: 0.8125, miRNA CL: 6.7740, Disease CL: 6.1931, Inter-view (est): 2.9924, Recon Loss: 0.0270, Time: 496.00s

================================================================================
Training completed. Running final test...
================================================================================
Fold 3 completed - AUC: 0.9763, Top-1 F1: 0.5597
Fold 3 training time: 496.79 seconds
=== Cross Validation Fold 4/5 ===
Using hidden dimensions: [256, 256] with 4 attention heads
优化模型初始化: miRNA数量 = 495, 疾病数量 = 383
   节点维度: 256 → 128
   类型数量: 4
   Temperature: 2.0 (可学习)
   Loss mode: two_head
   loss_mode=two_head
   exist_weight=0.300, type_weight=0.700

✅ SimplifiedMultiTypeAssociationLoss 初始化 (改进版)
   类别权重 (beta=0.99999): ['0.780', '1.822', '0.977', '0.421']
Original positive index shape: torch.Size([1072, 2])
Original negative index shape: torch.Size([135416, 2])
采样后负样本数量: 10720
🎯 Building TRUE DUAL VIEWS from four different sources...
📊 Data sources loaded:
  Disease semantic: torch.Size([383, 383])
  miRNA functional: torch.Size([495, 495])
  Disease-gene: torch.Size([383, 383])
  miRNA-sequence: torch.Size([495, 495])
🧬 Building miRNA dual-view hypergraphs...
  📊 miRNA View 1 (Sequence): torch.Size([495, 878])
  📊 miRNA View 2 (Function): torch.Size([495, 878])
🦠 Building disease dual-view hypergraphs...
  📊 Disease View 1 (Gene): torch.Size([383, 878])
  📊 Disease View 2 (Semantic): torch.Size([383, 878])
✅ Successfully built TRUE DUAL VIEWS:
   🧬 miRNA: Sequence Features (m_ss.xlsx) vs Functional Similarity (mi_fun_sim_2.0.csv)
   🦠 Disease: Gene Features (d_gs.xlsx) vs Semantic Similarity (dis_sem_sim_2.0.csv)

🔧 Epoch 1 梯度检查:
================================================================================

  参数名称                              梯度范数         梯度均值 状态             
  ----------------------------------------------------------------------
  type_relations                0.050873     0.001572 ✅ 正常           
  exist_relation                0.160962     0.009608 ✅ 正常           
  mi_proj_layer0                0.450944     0.001373 ✅ 正常           
  dis_proj_layer0               0.616490     0.001918 ✅ 正常           
================================================================================

Epoch 1, Total Loss: 20.2533, Recover Loss: 1.0687, miRNA CL: 8.9051, Disease CL: 8.4497, Inter-view (est): 4.0049, Recon Loss: 1.5317, Time: 0.65s
[INFO] Hypergraph updated at epoch 5
[INFO] Hypergraph updated at epoch 10
[INFO] Hypergraph updated at epoch 15
[INFO] Hypergraph updated at epoch 20
[INFO] Hypergraph updated at epoch 25
[INFO] Hypergraph updated at epoch 30
[INFO] Hypergraph updated at epoch 35
[INFO] Hypergraph updated at epoch 40
[INFO] Hypergraph updated at epoch 45
[INFO] Hypergraph updated at epoch 50

🔧 Epoch 50 梯度检查:
================================================================================

  参数名称                              梯度范数         梯度均值 状态             
  ----------------------------------------------------------------------
  type_relations                0.061585     0.001637 ✅ 正常           
  exist_relation                0.009370     0.000614 ✅ 正常           
  mi_proj_layer0                0.017817     0.000067 ✅ 正常           
  dis_proj_layer0               0.021087     0.000075 ✅ 正常           
================================================================================

Epoch 50, Total Loss: 17.2012, Recover Loss: 1.0095, miRNA CL: 8.0352, Disease CL: 7.7342, Inter-view (est): 3.6391, Recon Loss: 0.1396, Time: 95.82s
[INFO] Hypergraph updated at epoch 100

🔧 Epoch 100 梯度检查:
================================================================================

  参数名称                              梯度范数         梯度均值 状态             
  ----------------------------------------------------------------------
  type_relations                0.119178     0.002509 ✅ 正常           
  exist_relation                0.013960     0.000689 ✅ 正常           
  mi_proj_layer0                0.018663     0.000068 ✅ 正常           
  dis_proj_layer0               0.021461     0.000076 ✅ 正常           
================================================================================

Epoch 100, Total Loss: 16.0606, Recover Loss: 0.9938, miRNA CL: 7.7613, Disease CL: 7.0119, Inter-view (est): 3.4092, Recon Loss: 0.0315, Time: 131.25s
[INFO] Hypergraph updated at epoch 150

🔧 Epoch 150 梯度检查:
================================================================================

  参数名称                              梯度范数         梯度均值 状态             
  ----------------------------------------------------------------------
  type_relations                0.180245     0.003098 ✅ 正常           
  exist_relation                0.010712     0.000476 ✅ 正常           
  mi_proj_layer0                0.022111     0.000075 ✅ 正常           
  dis_proj_layer0               0.025229     0.000083 ✅ 正常           
================================================================================

Epoch 150, Total Loss: 15.5186, Recover Loss: 0.9657, miRNA CL: 7.6015, Disease CL: 6.6745, Inter-view (est): 3.2944, Recon Loss: 0.0304, Time: 164.41s
[INFO] Hypergraph updated at epoch 200

🔧 Epoch 200 梯度检查:
================================================================================

  参数名称                              梯度范数         梯度均值 状态             
  ----------------------------------------------------------------------
  type_relations                0.148908     0.002621 ✅ 正常           
  exist_relation                0.018501     0.000738 ✅ 正常           
  mi_proj_layer0                0.023099     0.000075 ✅ 正常           
  dis_proj_layer0               0.021919     0.000074 ✅ 正常           
================================================================================

Epoch 200, Total Loss: 15.0248, Recover Loss: 0.9339, miRNA CL: 7.3327, Disease CL: 6.4925, Inter-view (est): 3.1904, Recon Loss: 0.0298, Time: 197.85s
[INFO] Hypergraph updated at epoch 250

🔧 Epoch 250 梯度检查:
================================================================================

  参数名称                              梯度范数         梯度均值 状态             
  ----------------------------------------------------------------------
  type_relations                0.167942     0.002797 ✅ 正常           
  exist_relation                0.020057     0.000708 ✅ 正常           
  mi_proj_layer0                0.029883     0.000086 ✅ 正常           
  dis_proj_layer0               0.028633     0.000085 ✅ 正常           
================================================================================

Epoch 250, Total Loss: 14.7254, Recover Loss: 0.9036, miRNA CL: 7.1833, Disease CL: 6.3804, Inter-view (est): 3.1301, Recon Loss: 0.0289, Time: 231.27s
[INFO] Hypergraph updated at epoch 300

🔧 Epoch 300 梯度检查:
================================================================================

  参数名称                              梯度范数         梯度均值 状态             
  ----------------------------------------------------------------------
  type_relations                0.149079     0.002538 ✅ 正常           
  exist_relation                0.018847     0.000694 ✅ 正常           
  mi_proj_layer0                0.020468     0.000064 ✅ 正常           
  dis_proj_layer0               0.022641     0.000070 ✅ 正常           
================================================================================

Epoch 300, Total Loss: 14.5553, Recover Loss: 0.8817, miRNA CL: 7.0863, Disease CL: 6.3333, Inter-view (est): 3.0968, Recon Loss: 0.0284, Time: 264.75s
[INFO] Hypergraph updated at epoch 350

🔧 Epoch 350 梯度检查:
================================================================================

  参数名称                              梯度范数         梯度均值 状态             
  ----------------------------------------------------------------------
  type_relations                0.132469     0.002113 ✅ 正常           
  exist_relation                0.021266     0.000747 ✅ 正常           
  mi_proj_layer0                0.022380     0.000064 ✅ 正常           
  dis_proj_layer0               0.021481     0.000067 ✅ 正常           
================================================================================

Epoch 350, Total Loss: 14.4153, Recover Loss: 0.8603, miRNA CL: 7.0149, Disease CL: 6.2897, Inter-view (est): 3.0703, Recon Loss: 0.0283, Time: 297.61s
[INFO] Hypergraph updated at epoch 400

🔧 Epoch 400 梯度检查:
================================================================================

  参数名称                              梯度范数         梯度均值 状态             
  ----------------------------------------------------------------------
  type_relations                0.125025     0.001983 ✅ 正常           
  exist_relation                0.023319     0.000868 ✅ 正常           
  mi_proj_layer0                0.021976     0.000065 ✅ 正常           
  dis_proj_layer0               0.020664     0.000065 ✅ 正常           
================================================================================

Epoch 400, Total Loss: 14.2961, Recover Loss: 0.8497, miRNA CL: 6.9505, Disease CL: 6.2485, Inter-view (est): 3.0459, Recon Loss: 0.0283, Time: 330.83s
[INFO] Hypergraph updated at epoch 450

🔧 Epoch 450 梯度检查:
================================================================================

  参数名称                              梯度范数         梯度均值 状态             
  ----------------------------------------------------------------------
  type_relations                0.109340     0.001898 ✅ 正常           
  exist_relation                0.017575     0.000683 ✅ 正常           
  mi_proj_layer0                0.019500     0.000059 ✅ 正常           
  dis_proj_layer0               0.023720     0.000070 ✅ 正常           
================================================================================

Epoch 450, Total Loss: 14.2038, Recover Loss: 0.8398, miRNA CL: 6.8975, Disease CL: 6.2221, Inter-view (est): 3.0276, Recon Loss: 0.0275, Time: 364.04s
[INFO] Hypergraph updated at epoch 500

🔧 Epoch 500 梯度检查:
================================================================================

  参数名称                              梯度范数         梯度均值 状态             
  ----------------------------------------------------------------------
  type_relations                0.125796     0.002101 ✅ 正常           
  exist_relation                0.026423     0.000910 ✅ 正常           
  mi_proj_layer0                0.018330     0.000056 ✅ 正常           
  dis_proj_layer0               0.025785     0.000077 ✅ 正常           
================================================================================

Epoch 500, Total Loss: 14.1365, Recover Loss: 0.8276, miRNA CL: 6.8596, Disease CL: 6.2069, Inter-view (est): 3.0154, Recon Loss: 0.0270, Time: 397.50s
[INFO] Hypergraph updated at epoch 550

🔧 Epoch 550 梯度检查:
================================================================================

  参数名称                              梯度范数         梯度均值 状态             
  ----------------------------------------------------------------------
  type_relations                0.111059     0.001982 ✅ 正常           
  exist_relation                0.013550     0.000504 ✅ 正常           
  mi_proj_layer0                0.019798     0.000059 ✅ 正常           
  dis_proj_layer0               0.022715     0.000067 ✅ 正常           
================================================================================

Epoch 550, Total Loss: 14.0974, Recover Loss: 0.8277, miRNA CL: 6.8304, Disease CL: 6.1978, Inter-view (est): 3.0065, Recon Loss: 0.0270, Time: 430.82s
[INFO] Hypergraph updated at epoch 600

🔧 Epoch 600 梯度检查:
================================================================================

  参数名称                              梯度范数         梯度均值 状态             
  ----------------------------------------------------------------------
  type_relations                0.116646     0.001973 ✅ 正常           
  exist_relation                0.016307     0.000640 ✅ 正常           
  mi_proj_layer0                0.018030     0.000054 ✅ 正常           
  dis_proj_layer0               0.020441     0.000065 ✅ 正常           
================================================================================

Epoch 600, Total Loss: 14.0562, Recover Loss: 0.8218, miRNA CL: 6.8046, Disease CL: 6.1894, Inter-view (est): 2.9986, Recon Loss: 0.0268, Time: 464.13s
[INFO] Hypergraph updated at epoch 650

🔧 Epoch 650 梯度检查:
================================================================================

  参数名称                              梯度范数         梯度均值 状态             
  ----------------------------------------------------------------------
  type_relations                0.122957     0.002163 ✅ 正常           
  exist_relation                0.016292     0.000604 ✅ 正常           
  mi_proj_layer0                0.019370     0.000057 ✅ 正常           
  dis_proj_layer0               0.025801     0.000076 ✅ 正常           
================================================================================

Epoch 650, Total Loss: 14.0229, Recover Loss: 0.8176, miRNA CL: 6.7839, Disease CL: 6.1813, Inter-view (est): 2.9920, Recon Loss: 0.0273, Time: 497.68s

================================================================================
Training completed. Running final test...
================================================================================
Fold 4 completed - AUC: 0.9733, Top-1 F1: 0.5724
Fold 4 training time: 498.47 seconds
=== Cross Validation Fold 5/5 ===
Using hidden dimensions: [256, 256] with 4 attention heads
优化模型初始化: miRNA数量 = 495, 疾病数量 = 383
   节点维度: 256 → 128
   类型数量: 4
   Temperature: 2.0 (可学习)
   Loss mode: two_head
   loss_mode=two_head
   exist_weight=0.300, type_weight=0.700

✅ SimplifiedMultiTypeAssociationLoss 初始化 (改进版)
   类别权重 (beta=0.99999): ['0.780', '1.822', '0.977', '0.421']
Original positive index shape: torch.Size([1072, 2])
Original negative index shape: torch.Size([135416, 2])
采样后负样本数量: 10720
🎯 Building TRUE DUAL VIEWS from four different sources...
📊 Data sources loaded:
  Disease semantic: torch.Size([383, 383])
  miRNA functional: torch.Size([495, 495])
  Disease-gene: torch.Size([383, 383])
  miRNA-sequence: torch.Size([495, 495])
🧬 Building miRNA dual-view hypergraphs...
  📊 miRNA View 1 (Sequence): torch.Size([495, 878])
  📊 miRNA View 2 (Function): torch.Size([495, 878])
🦠 Building disease dual-view hypergraphs...
  📊 Disease View 1 (Gene): torch.Size([383, 878])
  📊 Disease View 2 (Semantic): torch.Size([383, 878])
✅ Successfully built TRUE DUAL VIEWS:
   🧬 miRNA: Sequence Features (m_ss.xlsx) vs Functional Similarity (mi_fun_sim_2.0.csv)
   🦠 Disease: Gene Features (d_gs.xlsx) vs Semantic Similarity (dis_sem_sim_2.0.csv)

🔧 Epoch 1 梯度检查:
================================================================================

  参数名称                              梯度范数         梯度均值 状态             
  ----------------------------------------------------------------------
  type_relations                0.057942     0.001810 ✅ 正常           
  exist_relation                0.238393     0.013214 ✅ 正常           
  mi_proj_layer0                1.125113     0.002569 ✅ 正常           
  dis_proj_layer0               0.912270     0.002602 ✅ 正常           
================================================================================

Epoch 1, Total Loss: 20.3495, Recover Loss: 1.1068, miRNA CL: 8.9558, Disease CL: 8.4298, Inter-view (est): 4.0121, Recon Loss: 1.5590, Time: 0.71s
[INFO] Hypergraph updated at epoch 5
[INFO] Hypergraph updated at epoch 10
[INFO] Hypergraph updated at epoch 15
[INFO] Hypergraph updated at epoch 20
[INFO] Hypergraph updated at epoch 25
[INFO] Hypergraph updated at epoch 30
[INFO] Hypergraph updated at epoch 35
[INFO] Hypergraph updated at epoch 40
[INFO] Hypergraph updated at epoch 45
[INFO] Hypergraph updated at epoch 50

🔧 Epoch 50 梯度检查:
================================================================================

  参数名称                              梯度范数         梯度均值 状态             
  ----------------------------------------------------------------------
  type_relations                0.069098     0.001823 ✅ 正常           
  exist_relation                0.024083     0.001378 ✅ 正常           
  mi_proj_layer0                0.031629     0.000111 ✅ 正常           
  dis_proj_layer0               0.030016     0.000108 ✅ 正常           
================================================================================

Epoch 50, Total Loss: 17.2503, Recover Loss: 1.0069, miRNA CL: 8.0356, Disease CL: 7.7242, Inter-view (est): 3.6369, Recon Loss: 0.2006, Time: 102.46s
[INFO] Hypergraph updated at epoch 100

🔧 Epoch 100 梯度检查:
================================================================================

  参数名称                              梯度范数         梯度均值 状态             
  ----------------------------------------------------------------------
  type_relations                0.106079     0.002298 ✅ 正常           
  exist_relation                0.012494     0.000628 ✅ 正常           
  mi_proj_layer0                0.020174     0.000073 ✅ 正常           
  dis_proj_layer0               0.024807     0.000085 ✅ 正常           
================================================================================

Epoch 100, Total Loss: 16.1027, Recover Loss: 0.9916, miRNA CL: 7.7686, Disease CL: 7.0455, Inter-view (est): 3.4186, Recon Loss: 0.0329, Time: 140.49s
[INFO] Hypergraph updated at epoch 150

🔧 Epoch 150 梯度检查:
================================================================================

  参数名称                              梯度范数         梯度均值 状态             
  ----------------------------------------------------------------------
  type_relations                0.153221     0.002798 ✅ 正常           
  exist_relation                0.019496     0.000802 ✅ 正常           
  mi_proj_layer0                0.019803     0.000070 ✅ 正常           
  dis_proj_layer0               0.025249     0.000085 ✅ 正常           
================================================================================

Epoch 150, Total Loss: 15.5429, Recover Loss: 0.9610, miRNA CL: 7.6138, Disease CL: 6.6874, Inter-view (est): 3.3003, Recon Loss: 0.0308, Time: 174.61s
[INFO] Hypergraph updated at epoch 200

🔧 Epoch 200 梯度检查:
================================================================================

  参数名称                              梯度范数         梯度均值 状态             
  ----------------------------------------------------------------------
  type_relations                0.148191     0.002785 ✅ 正常           
  exist_relation                0.024895     0.001025 ✅ 正常           
  mi_proj_layer0                0.024601     0.000087 ✅ 正常           
  dis_proj_layer0               0.023157     0.000082 ✅ 正常           
================================================================================

Epoch 200, Total Loss: 15.0649, Recover Loss: 0.9376, miRNA CL: 7.3320, Disease CL: 6.5258, Inter-view (est): 3.1980, Recon Loss: 0.0297, Time: 209.82s
[INFO] Hypergraph updated at epoch 250

🔧 Epoch 250 梯度检查:
================================================================================

  参数名称                              梯度范数         梯度均值 状态             
  ----------------------------------------------------------------------
  type_relations                0.134282     0.002579 ✅ 正常           
  exist_relation                0.022081     0.000862 ✅ 正常           
  mi_proj_layer0                0.024040     0.000084 ✅ 正常           
  dis_proj_layer0               0.024791     0.000085 ✅ 正常           
================================================================================

Epoch 250, Total Loss: 14.7281, Recover Loss: 0.9118, miRNA CL: 7.1469, Disease CL: 6.4067, Inter-view (est): 3.1278, Recon Loss: 0.0301, Time: 245.60s
[INFO] Hypergraph updated at epoch 300

🔧 Epoch 300 梯度检查:
================================================================================

  参数名称                              梯度范数         梯度均值 状态             
  ----------------------------------------------------------------------
  type_relations                0.136158     0.002668 ✅ 正常           
  exist_relation                0.019447     0.000724 ✅ 正常           
  mi_proj_layer0                0.022544     0.000073 ✅ 正常           
  dis_proj_layer0               0.020885     0.000071 ✅ 正常           
================================================================================

Epoch 300, Total Loss: 14.5238, Recover Loss: 0.8880, miRNA CL: 7.0514, Disease CL: 6.3281, Inter-view (est): 3.0876, Recon Loss: 0.0285, Time: 281.11s
[INFO] Hypergraph updated at epoch 350

🔧 Epoch 350 梯度检查:
================================================================================

  参数名称                              梯度范数         梯度均值 状态             
  ----------------------------------------------------------------------
  type_relations                0.120280     0.002392 ✅ 正常           
  exist_relation                0.018977     0.000793 ✅ 正常           
  mi_proj_layer0                0.019998     0.000068 ✅ 正常           
  dis_proj_layer0               0.025214     0.000082 ✅ 正常           
================================================================================

Epoch 350, Total Loss: 14.4152, Recover Loss: 0.8740, miRNA CL: 6.9960, Disease CL: 6.2913, Inter-view (est): 3.0663, Recon Loss: 0.0291, Time: 316.38s
[INFO] Hypergraph updated at epoch 400

🔧 Epoch 400 梯度检查:
================================================================================

  参数名称                              梯度范数         梯度均值 状态             
  ----------------------------------------------------------------------
  type_relations                0.117106     0.002200 ✅ 正常           
  exist_relation                0.014747     0.000616 ✅ 正常           
  mi_proj_layer0                0.021138     0.000067 ✅ 正常           
  dis_proj_layer0               0.022344     0.000073 ✅ 正常           
================================================================================

Epoch 400, Total Loss: 14.3101, Recover Loss: 0.8565, miRNA CL: 6.9421, Disease CL: 6.2613, Inter-view (est): 3.0469, Recon Loss: 0.0280, Time: 351.73s
[INFO] Hypergraph updated at epoch 450

🔧 Epoch 450 梯度检查:
================================================================================

  参数名称                              梯度范数         梯度均值 状态             
  ----------------------------------------------------------------------
  type_relations                0.120891     0.002260 ✅ 正常           
  exist_relation                0.014331     0.000577 ✅ 正常           
  mi_proj_layer0                0.026889     0.000077 ✅ 正常           
  dis_proj_layer0               0.023596     0.000074 ✅ 正常           
================================================================================

Epoch 450, Total Loss: 14.2208, Recover Loss: 0.8438, miRNA CL: 6.8882, Disease CL: 6.2410, Inter-view (est): 3.0298, Recon Loss: 0.0275, Time: 387.57s
[INFO] Hypergraph updated at epoch 500

🔧 Epoch 500 梯度检查:
================================================================================

  参数名称                              梯度范数         梯度均值 状态             
  ----------------------------------------------------------------------
  type_relations                0.111099     0.002038 ✅ 正常           
  exist_relation                0.013776     0.000564 ✅ 正常           
  mi_proj_layer0                0.024672     0.000074 ✅ 正常           
  dis_proj_layer0               0.024637     0.000075 ✅ 正常           
================================================================================

Epoch 500, Total Loss: 14.1567, Recover Loss: 0.8361, miRNA CL: 6.8459, Disease CL: 6.2284, Inter-view (est): 3.0172, Recon Loss: 0.0271, Time: 423.14s
[INFO] Hypergraph updated at epoch 550

🔧 Epoch 550 梯度检查:
================================================================================

  参数名称                              梯度范数         梯度均值 状态             
  ----------------------------------------------------------------------
  type_relations                0.131574     0.002447 ✅ 正常           
  exist_relation                0.011126     0.000437 ✅ 正常           
  mi_proj_layer0                0.021855     0.000068 ✅ 正常           
  dis_proj_layer0               0.025775     0.000080 ✅ 正常           
================================================================================

Epoch 550, Total Loss: 14.1063, Recover Loss: 0.8282, miRNA CL: 6.8142, Disease CL: 6.2187, Inter-view (est): 3.0076, Recon Loss: 0.0269, Time: 458.62s
[INFO] Hypergraph updated at epoch 600

🔧 Epoch 600 梯度检查:
================================================================================

  参数名称                              梯度范数         梯度均值 状态             
  ----------------------------------------------------------------------
  type_relations                0.112968     0.002138 ✅ 正常           
  exist_relation                0.016179     0.000610 ✅ 正常           
  mi_proj_layer0                0.019531     0.000061 ✅ 正常           
  dis_proj_layer0               0.023541     0.000073 ✅ 正常           
================================================================================

Epoch 600, Total Loss: 14.0644, Recover Loss: 0.8250, miRNA CL: 6.7851, Disease CL: 6.2099, Inter-view (est): 2.9988, Recon Loss: 0.0269, Time: 494.34s
[INFO] Hypergraph updated at epoch 650

🔧 Epoch 650 梯度检查:
================================================================================

  参数名称                              梯度范数         梯度均值 状态             
  ----------------------------------------------------------------------
  type_relations                0.130327     0.002408 ✅ 正常           
  exist_relation                0.014642     0.000609 ✅ 正常           
  mi_proj_layer0                0.022550     0.000068 ✅ 正常           
  dis_proj_layer0               0.026588     0.000082 ✅ 正常           
================================================================================

Epoch 650, Total Loss: 14.0296, Recover Loss: 0.8199, miRNA CL: 6.7655, Disease CL: 6.2007, Inter-view (est): 2.9922, Recon Loss: 0.0268, Time: 529.64s

================================================================================
Training completed. Running final test...
================================================================================
Fold 5 completed - AUC: 0.9710, Top-1 F1: 0.5970
Fold 5 training time: 530.46 seconds
Average binary metrics across folds: [[0.97395411 0.96786081 0.92992939 0.92746269 0.96179104 0.89313433
  0.90072951]]
🎯 Average Top-1 metrics across folds: {'top1_precision': 0.5194029850746269, 'top1_recall': np.float64(0.586275398696162), 'top1_f1': np.float64(0.5506199429829535)}

📊 CV_type Style Metrics Details:
  AUC            : 0.9740
  AUPR           : 0.9679
  F1             : 0.9299
  Accuracy       : 0.9275
  Recall         : 0.9618
  Specificity    : 0.8931
  Precision      : 0.9007

🎯 Top-1 Metrics Details:
  top1_precision : 0.5194
  top1_recall    : 0.5863
  top1_f1        : 0.5506

Total execution time: 2514.59 seconds

==========================================================================================
🎯 FINAL COMPREHENSIVE RESULTS WITH TOP-1 METRICS
==========================================================================================
📊 Binary Classification Metrics (Original):
  AUC: 0.9740
  AUPR: 0.9679
  F1: 0.9299
  Accuracy: 0.9275
  Recall: 0.9618
  Specificity: 0.8931
  Precision: 0.9007

🎯 CV_type Style Metrics (Enhanced):
  AUC: 0.9740
  AUPR: 0.9679
  F1: 0.9299
  Accuracy: 0.9275
  Recall: 0.9618
  Specificity: 0.8931
  Precision: 0.9007

🏆 Top-1 Metrics (NEW):
  Top-1 Precision: 0.5194
  Top-1 Recall: 0.5863
  Top-1 F1: 0.5506
==========================================================================================

================================================================
 K SWEEP SUMMARY
================================================================

====================================================================================================
K SWEEP (seed=1) — Paper Fig.3 reproduce check
Paper claim: Top-1 max at K=13
====================================================================================================
K          AUC     AUPR       F1     T1-P     T1-R    T1-F1  Δ T1-F1 paper 
----------------------------------------------------------------------------------------------------
PAPER   0.9669   0.9738   0.9278   0.5842   0.6341   0.5970  ---           
----------------------------------------------------------------------------------------------------
7       0.9745   0.9691   0.9307   0.5627   0.6224   0.5909  -1.0%         
9       0.9746   0.9685   0.9353   0.5351   0.6057   0.5677  -4.9%         
11      0.9735   0.9667   0.9294   0.5269   0.6052   0.5633  -5.6%         
13      0.9730   0.9671   0.9292   0.5373   0.5969   0.5655  -5.3%         
15      0.9740   0.9679   0.9299   0.5194   0.5863   0.5506  -7.8%         

[BEST T1-F1] K=7, Top-1 F1 = 0.5909 (-1.0% vs paper)
  ⚠️ Paper Fig.3 NOT exactly reproduced: best là K=7, không phải 13

[save] results\k_sweep_seed1_summary.json
