================================================================
 LAMBDA2 SWEEP - paper Fig.2a reproduce
 Fixed: seed=1, K=7, DEFAULT loss (--exist_weight 0.3, two_head)
 lambda2 values: 0.1, 0.5
 Note: lambda2=0.3 baseline da co tu fig4_verify (K=7, seed=1)
================================================================

[1/2] lambda2=0.1 (seed=1, K=7)
----------------------------------------------------------------
[CPU] torch.set_num_threads(14), interop=min(4, 14)
Using device: cpu
[INFO] Auto-computed BALANCED class weights (to prevent class collapse):
  Circulation  (367 samples): 0.780
  Epigenetics  (157 samples): 1.823
  Target       (293 samples): 0.977
  Genetics     (681 samples): 0.420
  [NOTE] Higher weights for minority classes to prevent model from only predicting majority class
[INFO] Using v2.0_495m383D dataset:
  miRNAs: 495
  Diseases: 383
  Expected associations: ~1498
  Types: 4 (Circulation, Epigenetics, Target, Genetics)

================================================================================
Configuration Summary
================================================================================
Dataset: v2.0_495m383D
Data Path: ./
Model: HeterogenousGraphCLAMIR
  - HGT Layers: 2
  - Attention Heads: 4
  - Association Types: 4
  - Inter-view CL: Enabled
    - Weight: 0.1
    - Temperature: 0.5
    - Margin: 0.5

Training:
  - Epochs: 650
  - Learning Rate: 0.0001
  - Dropout: 0.3
  - Weight Decay: 5e-05
  - Focal Loss: Enabled

Evaluation:
  - Cross-Validation Folds: 5
  - Primary Metric: AUPR

Device: cpu
Random Seed: 1
================================================================================

[SEED] Re-seeded với args.seed = 1
🚀 Running with comprehensive evaluation including Top-1 metrics...
🎯 Loading dual-view data...
Starting dual-view data preparation with new file format...
Loading all similarity and feature files from v2.0_495m383D...
✅ Loaded disease semantic similarity from D_SSM1.txt: (383, 383)
✅ Loaded miRNA functional similarity from M_FSM.txt: (495, 495)
✅ Loaded multi-type association pairs from ./v2.0_495m383D\multi_all_mirna_disease_pairs_without_negative.csv: (1679, 3)
✅ Created multi-type association matrix: (495, 383)
📊 Multi-type Association Statistics:
   无关联 (No association): 188087 pairs (99.21%)
   循环类型 (Circulation): 367 pairs (0.19%)
   表观遗传学 (Epigenetics): 157 pairs (0.08%)
   靶标类型 (Target): 293 pairs (0.15%)
   遗传学类型 (Genetics): 681 pairs (0.36%)
✅ Created association matrix from CSV: (495, 383)
✅ Loaded disease-gene features from D_SSM2.txt: torch.Size([383, 383])
✅ Loaded miRNA-sequence features from M_GSM.txt: torch.Size([495, 495])
Processing integrated similarity matrices...
Loaded similarity matrices from cache
Processing indices...
Loaded indices from cache (seed=1)
✅ Dual-view data preparation completed in 0.45 seconds

============================================================
🎯 DUAL-VIEW CONFIGURATION SUMMARY (v2.0_495m383D)
============================================================
miRNA Dual Views:
  📊 View 1 (Sequence): M_GSM.txt torch.Size([495, 495])
  📊 View 2 (Function): M_FSM.txt torch.Size([495, 495])

Disease Dual Views:
  📊 View 1 (Gene): D_SSM2.txt torch.Size([383, 383])
  📊 View 2 (Semantic): D_SSM1.txt torch.Size([383, 383])

Association Matrix: torch.Size([495, 383])
Data source: v2.0_495m383D (495 miRNAs × 383 Diseases)
============================================================
Preloading dual-view data to device...
✅ Loaded disease-gene features to device: torch.Size([383, 383])
✅ Loaded miRNA-sequence features to device: torch.Size([495, 495])
✅ Loaded disease semantic similarity to device: torch.Size([383, 383])
✅ Loaded miRNA functional similarity to device: torch.Size([495, 495])
✅ Dual-view data preloading completed in 0.00 seconds
OptimizedDataset initialized with 5 folds
Using device: cpu
=== Cross Validation Fold 1/5 ===
Using hidden dimensions: [256, 256] with 4 attention heads
优化模型初始化: miRNA数量 = 495, 疾病数量 = 383
   节点维度: 256 → 128
   类型数量: 4
   Temperature: 2.0 (可学习)
   Loss mode: two_head
   loss_mode=two_head
   exist_weight=0.300, type_weight=0.700

✅ SimplifiedMultiTypeAssociationLoss 初始化 (改进版)
   类别权重 (beta=0.99999): ['0.780', '1.822', '0.977', '0.421']
Original positive index shape: torch.Size([1072, 2])
Original negative index shape: torch.Size([135416, 2])
采样后负样本数量: 10720
🎯 Building TRUE DUAL VIEWS from four different sources...
📊 Data sources loaded:
  Disease semantic: torch.Size([383, 383])
  miRNA functional: torch.Size([495, 495])
  Disease-gene: torch.Size([383, 383])
  miRNA-sequence: torch.Size([495, 495])
🧬 Building miRNA dual-view hypergraphs...
  📊 miRNA View 1 (Sequence): torch.Size([495, 878])
  📊 miRNA View 2 (Function): torch.Size([495, 878])
🦠 Building disease dual-view hypergraphs...
  📊 Disease View 1 (Gene): torch.Size([383, 878])
  📊 Disease View 2 (Semantic): torch.Size([383, 878])
✅ Successfully built TRUE DUAL VIEWS:
   🧬 miRNA: Sequence Features (m_ss.xlsx) vs Functional Similarity (mi_fun_sim_2.0.csv)
   🦠 Disease: Gene Features (d_gs.xlsx) vs Semantic Similarity (dis_sem_sim_2.0.csv)

🔧 Epoch 1 梯度检查:
================================================================================

  参数名称                              梯度范数         梯度均值 状态             
  ----------------------------------------------------------------------
  type_relations                0.059724     0.001792 ✅ 正常           
  exist_relation                0.204505     0.012003 ✅ 正常           
  mi_proj_layer0                0.713824     0.002079 ✅ 正常           
  dis_proj_layer0               0.849819     0.002610 ✅ 正常           
================================================================================

Epoch 1, Total Loss: 17.8169, Recover Loss: 1.0855, miRNA CL: 7.7198, Disease CL: 7.2528, Inter-view (est): 3.4552, Recon Loss: 1.4608, Time: 0.74s
[INFO] Hypergraph updated at epoch 5
[INFO] Hypergraph updated at epoch 10
[INFO] Hypergraph updated at epoch 15
[INFO] Hypergraph updated at epoch 20
[INFO] Hypergraph updated at epoch 25
[INFO] Hypergraph updated at epoch 30
[INFO] Hypergraph updated at epoch 35
[INFO] Hypergraph updated at epoch 40
[INFO] Hypergraph updated at epoch 45
[INFO] Hypergraph updated at epoch 50

🔧 Epoch 50 梯度检查:
================================================================================

  参数名称                              梯度范数         梯度均值 状态             
  ----------------------------------------------------------------------
  type_relations                0.062435     0.001766 ✅ 正常           
  exist_relation                0.009166     0.000649 ✅ 正常           
  mi_proj_layer0                0.021092     0.000077 ✅ 正常           
  dis_proj_layer0               0.023637     0.000084 ✅ 正常           
================================================================================

Epoch 50, Total Loss: 14.9856, Recover Loss: 1.0092, miRNA CL: 6.9789, Disease CL: 6.6061, Inter-view (est): 3.1350, Recon Loss: 0.1087, Time: 97.78s
[INFO] Hypergraph updated at epoch 100

🔧 Epoch 100 梯度检查:
================================================================================

  参数名称                              梯度范数         梯度均值 状态             
  ----------------------------------------------------------------------
  type_relations                0.161352     0.003000 ✅ 正常           
  exist_relation                0.027273     0.001125 ✅ 正常           
  mi_proj_layer0                0.023824     0.000083 ✅ 正常           
  dis_proj_layer0               0.028271     0.000098 ✅ 正常           
================================================================================

Epoch 100, Total Loss: 14.0037, Recover Loss: 0.9817, miRNA CL: 6.7455, Disease CL: 5.9811, Inter-view (est): 2.9369, Recon Loss: 0.0315, Time: 135.88s
[INFO] Hypergraph updated at epoch 150

🔧 Epoch 150 梯度检查:
================================================================================

  参数名称                              梯度范数         梯度均值 状态             
  ----------------------------------------------------------------------
  type_relations                0.191660     0.003224 ✅ 正常           
  exist_relation                0.022255     0.000851 ✅ 正常           
  mi_proj_layer0                0.025178     0.000085 ✅ 正常           
  dis_proj_layer0               0.026176     0.000087 ✅ 正常           
================================================================================

Epoch 150, Total Loss: 13.2733, Recover Loss: 0.9472, miRNA CL: 6.4255, Disease CL: 5.6202, Inter-view (est): 2.7798, Recon Loss: 0.0299, Time: 172.13s
[INFO] Hypergraph updated at epoch 200

🔧 Epoch 200 梯度检查:
================================================================================

  参数名称                              梯度范数         梯度均值 状态             
  ----------------------------------------------------------------------
  type_relations                0.168613     0.002905 ✅ 正常           
  exist_relation                0.022935     0.000796 ✅ 正常           
  mi_proj_layer0                0.022958     0.000079 ✅ 正常           
  dis_proj_layer0               0.024109     0.000081 ✅ 正常           
================================================================================

Epoch 200, Total Loss: 12.9279, Recover Loss: 0.9099, miRNA CL: 6.2529, Disease CL: 5.4946, Inter-view (est): 2.7110, Recon Loss: 0.0287, Time: 208.83s
[INFO] Hypergraph updated at epoch 250

🔧 Epoch 250 梯度检查:
================================================================================

  参数名称                              梯度范数         梯度均值 状态             
  ----------------------------------------------------------------------
  type_relations                0.187574     0.003093 ✅ 正常           
  exist_relation                0.028874     0.000932 ✅ 正常           
  mi_proj_layer0                0.024662     0.000075 ✅ 正常           
  dis_proj_layer0               0.028926     0.000089 ✅ 正常           
================================================================================

Epoch 250, Total Loss: 12.7466, Recover Loss: 0.8841, miRNA CL: 6.1653, Disease CL: 5.4343, Inter-view (est): 2.6768, Recon Loss: 0.0274, Time: 245.27s
[INFO] Hypergraph updated at epoch 300

🔧 Epoch 300 梯度检查:
================================================================================

  参数名称                              梯度范数         梯度均值 状态             
  ----------------------------------------------------------------------
  type_relations                0.186881     0.003009 ✅ 正常           
  exist_relation                0.018937     0.000687 ✅ 正常           
  mi_proj_layer0                0.023262     0.000074 ✅ 正常           
  dis_proj_layer0               0.027597     0.000086 ✅ 正常           
================================================================================

Epoch 300, Total Loss: 12.6391, Recover Loss: 0.8642, miRNA CL: 6.1115, Disease CL: 5.4040, Inter-view (est): 2.6574, Recon Loss: 0.0274, Time: 281.16s
[INFO] Hypergraph updated at epoch 350

🔧 Epoch 350 梯度检查:
================================================================================

  参数名称                              梯度范数         梯度均值 状态             
  ----------------------------------------------------------------------
  type_relations                0.161644     0.002766 ✅ 正常           
  exist_relation                0.016915     0.000620 ✅ 正常           
  mi_proj_layer0                0.023244     0.000072 ✅ 正常           
  dis_proj_layer0               0.025129     0.000078 ✅ 正常           
================================================================================

Epoch 350, Total Loss: 12.5308, Recover Loss: 0.8468, miRNA CL: 6.0494, Disease CL: 5.3791, Inter-view (est): 2.6373, Recon Loss: 0.0268, Time: 317.31s
[INFO] Hypergraph updated at epoch 400

🔧 Epoch 400 梯度检查:
================================================================================

  参数名称                              梯度范数         梯度均值 状态             
  ----------------------------------------------------------------------
  type_relations                0.144852     0.002481 ✅ 正常           
  exist_relation                0.023921     0.000757 ✅ 正常           
  mi_proj_layer0                0.027140     0.000078 ✅ 正常           
  dis_proj_layer0               0.023829     0.000074 ✅ 正常           
================================================================================

Epoch 400, Total Loss: 12.4319, Recover Loss: 0.8378, miRNA CL: 5.9825, Disease CL: 5.3594, Inter-view (est): 2.6174, Recon Loss: 0.0263, Time: 353.53s
[INFO] Hypergraph updated at epoch 450

🔧 Epoch 450 梯度检查:
================================================================================

  参数名称                              梯度范数         梯度均值 状态             
  ----------------------------------------------------------------------
  type_relations                0.136971     0.002324 ✅ 正常           
  exist_relation                0.014913     0.000564 ✅ 正常           
  mi_proj_layer0                0.024456     0.000070 ✅ 正常           
  dis_proj_layer0               0.022702     0.000067 ✅ 正常           
================================================================================

Epoch 450, Total Loss: 12.3607, Recover Loss: 0.8276, miRNA CL: 5.9352, Disease CL: 5.3477, Inter-view (est): 2.6037, Recon Loss: 0.0260, Time: 390.51s
[INFO] Hypergraph updated at epoch 500

🔧 Epoch 500 梯度检查:
================================================================================

  参数名称                              梯度范数         梯度均值 状态             
  ----------------------------------------------------------------------
  type_relations                0.144132     0.002374 ✅ 正常           
  exist_relation                0.016882     0.000639 ✅ 正常           
  mi_proj_layer0                0.025343     0.000069 ✅ 正常           
  dis_proj_layer0               0.023793     0.000070 ✅ 正常           
================================================================================

Epoch 500, Total Loss: 12.3088, Recover Loss: 0.8200, miRNA CL: 5.9001, Disease CL: 5.3398, Inter-view (est): 2.5938, Recon Loss: 0.0259, Time: 426.69s
[INFO] Hypergraph updated at epoch 550

🔧 Epoch 550 梯度检查:
================================================================================

  参数名称                              梯度范数         梯度均值 状态             
  ----------------------------------------------------------------------
  type_relations                0.143443     0.002476 ✅ 正常           
  exist_relation                0.020312     0.000723 ✅ 正常           
  mi_proj_layer0                0.022813     0.000070 ✅ 正常           
  dis_proj_layer0               0.022476     0.000070 ✅ 正常           
================================================================================

Epoch 550, Total Loss: 12.2819, Recover Loss: 0.8245, miRNA CL: 5.8769, Disease CL: 5.3327, Inter-view (est): 2.5868, Recon Loss: 0.0259, Time: 462.06s
[INFO] Hypergraph updated at epoch 600

🔧 Epoch 600 梯度检查:
================================================================================

  参数名称                              梯度范数         梯度均值 状态             
  ----------------------------------------------------------------------
  type_relations                0.130961     0.002204 ✅ 正常           
  exist_relation                0.016176     0.000606 ✅ 正常           
  mi_proj_layer0                0.020590     0.000060 ✅ 正常           
  dis_proj_layer0               0.021402     0.000066 ✅ 正常           
================================================================================

Epoch 600, Total Loss: 12.2363, Recover Loss: 0.8074, miRNA CL: 5.8562, Disease CL: 5.3257, Inter-view (est): 2.5804, Recon Loss: 0.0262, Time: 497.98s
[INFO] Hypergraph updated at epoch 650

🔧 Epoch 650 梯度检查:
================================================================================

  参数名称                              梯度范数         梯度均值 状态             
  ----------------------------------------------------------------------
  type_relations                0.115616     0.001987 ✅ 正常           
  exist_relation                0.016173     0.000506 ✅ 正常           
  mi_proj_layer0                0.019922     0.000059 ✅ 正常           
  dis_proj_layer0               0.019502     0.000060 ✅ 正常           
================================================================================

Epoch 650, Total Loss: 12.2044, Recover Loss: 0.8012, miRNA CL: 5.8389, Disease CL: 5.3186, Inter-view (est): 2.5748, Recon Loss: 0.0260, Time: 533.15s

================================================================================
Training completed. Running final test...
================================================================================
Fold 1 completed - AUC: 0.9752, Top-1 F1: 0.5884
Fold 1 training time: 534.22 seconds
=== Cross Validation Fold 2/5 ===
Using hidden dimensions: [256, 256] with 4 attention heads
优化模型初始化: miRNA数量 = 495, 疾病数量 = 383
   节点维度: 256 → 128
   类型数量: 4
   Temperature: 2.0 (可学习)
   Loss mode: two_head
   loss_mode=two_head
   exist_weight=0.300, type_weight=0.700

✅ SimplifiedMultiTypeAssociationLoss 初始化 (改进版)
   类别权重 (beta=0.99999): ['0.780', '1.822', '0.977', '0.421']
Original positive index shape: torch.Size([1072, 2])
Original negative index shape: torch.Size([135416, 2])
采样后负样本数量: 10720
🎯 Building TRUE DUAL VIEWS from four different sources...
📊 Data sources loaded:
  Disease semantic: torch.Size([383, 383])
  miRNA functional: torch.Size([495, 495])
  Disease-gene: torch.Size([383, 383])
  miRNA-sequence: torch.Size([495, 495])
🧬 Building miRNA dual-view hypergraphs...
  📊 miRNA View 1 (Sequence): torch.Size([495, 878])
  📊 miRNA View 2 (Function): torch.Size([495, 878])
🦠 Building disease dual-view hypergraphs...
  📊 Disease View 1 (Gene): torch.Size([383, 878])
  📊 Disease View 2 (Semantic): torch.Size([383, 878])
✅ Successfully built TRUE DUAL VIEWS:
   🧬 miRNA: Sequence Features (m_ss.xlsx) vs Functional Similarity (mi_fun_sim_2.0.csv)
   🦠 Disease: Gene Features (d_gs.xlsx) vs Semantic Similarity (dis_sem_sim_2.0.csv)

🔧 Epoch 1 梯度检查:
================================================================================

  参数名称                              梯度范数         梯度均值 状态             
  ----------------------------------------------------------------------
  type_relations                0.063554     0.001755 ✅ 正常           
  exist_relation                0.287845     0.016477 ✅ 正常           
  mi_proj_layer0                1.000848     0.002856 ✅ 正常           
  dis_proj_layer0               0.941850     0.002742 ✅ 正常           
================================================================================

Epoch 1, Total Loss: 17.8912, Recover Loss: 1.1099, miRNA CL: 7.7647, Disease CL: 7.2446, Inter-view (est): 3.4637, Recon Loss: 1.4738, Time: 0.73s
[INFO] Hypergraph updated at epoch 5
[INFO] Hypergraph updated at epoch 10
[INFO] Hypergraph updated at epoch 15
[INFO] Hypergraph updated at epoch 20
[INFO] Hypergraph updated at epoch 25
[INFO] Hypergraph updated at epoch 30
[INFO] Hypergraph updated at epoch 35
[INFO] Hypergraph updated at epoch 40
[INFO] Hypergraph updated at epoch 45
[INFO] Hypergraph updated at epoch 50

🔧 Epoch 50 梯度检查:
================================================================================

  参数名称                              梯度范数         梯度均值 状态             
  ----------------------------------------------------------------------
  type_relations                0.063498     0.001751 ✅ 正常           
  exist_relation                0.012446     0.000738 ✅ 正常           
  mi_proj_layer0                0.019800     0.000073 ✅ 正常           
  dis_proj_layer0               0.022780     0.000081 ✅ 正常           
================================================================================

Epoch 50, Total Loss: 15.0012, Recover Loss: 1.0087, miRNA CL: 6.9647, Disease CL: 6.6442, Inter-view (est): 3.1405, Recon Loss: 0.1013, Time: 91.70s
[INFO] Hypergraph updated at epoch 100

🔧 Epoch 100 梯度检查:
================================================================================

  参数名称                              梯度范数         梯度均值 状态             
  ----------------------------------------------------------------------
  type_relations                0.153673     0.003185 ✅ 正常           
  exist_relation                0.016300     0.000835 ✅ 正常           
  mi_proj_layer0                0.024924     0.000087 ✅ 正常           
  dis_proj_layer0               0.026104     0.000092 ✅ 正常           
================================================================================

Epoch 100, Total Loss: 13.9236, Recover Loss: 0.9824, miRNA CL: 6.6937, Disease CL: 5.9544, Inter-view (est): 2.9188, Recon Loss: 0.0303, Time: 128.60s
[INFO] Hypergraph updated at epoch 150

🔧 Epoch 150 梯度检查:
================================================================================

  参数名称                              梯度范数         梯度均值 状态             
  ----------------------------------------------------------------------
  type_relations                0.183146     0.003369 ✅ 正常           
  exist_relation                0.017769     0.000718 ✅ 正常           
  mi_proj_layer0                0.024630     0.000085 ✅ 正常           
  dis_proj_layer0               0.026507     0.000089 ✅ 正常           
================================================================================

Epoch 150, Total Loss: 13.1885, Recover Loss: 0.9450, miRNA CL: 6.3461, Disease CL: 5.6193, Inter-view (est): 2.7612, Recon Loss: 0.0290, Time: 164.18s
[INFO] Hypergraph updated at epoch 200

🔧 Epoch 200 梯度检查:
================================================================================

  参数名称                              梯度范数         梯度均值 状态             
  ----------------------------------------------------------------------
  type_relations                0.195899     0.003644 ✅ 正常           
  exist_relation                0.019495     0.000774 ✅ 正常           
  mi_proj_layer0                0.025243     0.000085 ✅ 正常           
  dis_proj_layer0               0.025865     0.000083 ✅ 正常           
================================================================================

Epoch 200, Total Loss: 12.9283, Recover Loss: 0.9233, miRNA CL: 6.2276, Disease CL: 5.5082, Inter-view (est): 2.7083, Recon Loss: 0.0279, Time: 199.99s
[INFO] Hypergraph updated at epoch 250

🔧 Epoch 250 梯度检查:
================================================================================

  参数名称                              梯度范数         梯度均值 状态             
  ----------------------------------------------------------------------
  type_relations                0.182345     0.003120 ✅ 正常           
  exist_relation                0.021290     0.000797 ✅ 正常           
  mi_proj_layer0                0.020286     0.000067 ✅ 正常           
  dis_proj_layer0               0.024298     0.000075 ✅ 正常           
================================================================================

Epoch 250, Total Loss: 12.7320, Recover Loss: 0.8860, miRNA CL: 6.1397, Disease CL: 5.4438, Inter-view (est): 2.6731, Recon Loss: 0.0278, Time: 236.09s
[INFO] Hypergraph updated at epoch 300

🔧 Epoch 300 梯度检查:
================================================================================

  参数名称                              梯度范数         梯度均值 状态             
  ----------------------------------------------------------------------
  type_relations                0.149456     0.002612 ✅ 正常           
  exist_relation                0.016649     0.000606 ✅ 正常           
  mi_proj_layer0                0.020997     0.000067 ✅ 正常           
  dis_proj_layer0               0.021875     0.000070 ✅ 正常           
================================================================================

Epoch 300, Total Loss: 12.6100, Recover Loss: 0.8681, miRNA CL: 6.0749, Disease CL: 5.4097, Inter-view (est): 2.6503, Recon Loss: 0.0267, Time: 272.35s
[INFO] Hypergraph updated at epoch 350

🔧 Epoch 350 梯度检查:
================================================================================

  参数名称                              梯度范数         梯度均值 状态             
  ----------------------------------------------------------------------
  type_relations                0.146906     0.002653 ✅ 正常           
  exist_relation                0.016367     0.000610 ✅ 正常           
  mi_proj_layer0                0.020464     0.000066 ✅ 正常           
  dis_proj_layer0               0.024323     0.000076 ✅ 正常           
================================================================================

Epoch 350, Total Loss: 12.4988, Recover Loss: 0.8511, miRNA CL: 6.0105, Disease CL: 5.3836, Inter-view (est): 2.6294, Recon Loss: 0.0264, Time: 307.95s
[INFO] Hypergraph updated at epoch 400

🔧 Epoch 400 梯度检查:
================================================================================

  参数名称                              梯度范数         梯度均值 状态             
  ----------------------------------------------------------------------
  type_relations                0.141190     0.002604 ✅ 正常           
  exist_relation                0.020412     0.000710 ✅ 正常           
  mi_proj_layer0                0.019943     0.000063 ✅ 正常           
  dis_proj_layer0               0.020826     0.000067 ✅ 正常           
================================================================================

Epoch 400, Total Loss: 12.3953, Recover Loss: 0.8352, miRNA CL: 5.9448, Disease CL: 5.3650, Inter-view (est): 2.6099, Recon Loss: 0.0257, Time: 343.47s
[INFO] Hypergraph updated at epoch 450

🔧 Epoch 450 梯度检查:
================================================================================

  参数名称                              梯度范数         梯度均值 状态             
  ----------------------------------------------------------------------
  type_relations                0.144959     0.002805 ✅ 正常           
  exist_relation                0.013504     0.000554 ✅ 正常           
  mi_proj_layer0                0.022437     0.000070 ✅ 正常           
  dis_proj_layer0               0.022945     0.000074 ✅ 正常           
================================================================================

Epoch 450, Total Loss: 12.3187, Recover Loss: 0.8251, miRNA CL: 5.8929, Disease CL: 5.3522, Inter-view (est): 2.5950, Recon Loss: 0.0259, Time: 379.06s
[INFO] Hypergraph updated at epoch 500

🔧 Epoch 500 梯度检查:
================================================================================

  参数名称                              梯度范数         梯度均值 状态             
  ----------------------------------------------------------------------
  type_relations                0.147789     0.002758 ✅ 正常           
  exist_relation                0.014244     0.000560 ✅ 正常           
  mi_proj_layer0                0.021964     0.000068 ✅ 正常           
  dis_proj_layer0               0.022842     0.000072 ✅ 正常           
================================================================================

Epoch 500, Total Loss: 12.2886, Recover Loss: 0.8209, miRNA CL: 5.8766, Disease CL: 5.3446, Inter-view (est): 2.5895, Recon Loss: 0.0252, Time: 414.51s
[INFO] Hypergraph updated at epoch 550

🔧 Epoch 550 梯度检查:
================================================================================

  参数名称                              梯度范数         梯度均值 状态             
  ----------------------------------------------------------------------
  type_relations                0.143786     0.002601 ✅ 正常           
  exist_relation                0.017230     0.000580 ✅ 正常           
  mi_proj_layer0                0.023799     0.000071 ✅ 正常           
  dis_proj_layer0               0.025120     0.000080 ✅ 正常           
================================================================================

Epoch 550, Total Loss: 12.2521, Recover Loss: 0.8143, miRNA CL: 5.8538, Disease CL: 5.3384, Inter-view (est): 2.5828, Recon Loss: 0.0254, Time: 450.10s
[INFO] Hypergraph updated at epoch 600

🔧 Epoch 600 梯度检查:
================================================================================

  参数名称                              梯度范数         梯度均值 状态             
  ----------------------------------------------------------------------
  type_relations                0.132631     0.002381 ✅ 正常           
  exist_relation                0.021355     0.000782 ✅ 正常           
  mi_proj_layer0                0.021901     0.000066 ✅ 正常           
  dis_proj_layer0               0.023085     0.000070 ✅ 正常           
================================================================================

Epoch 600, Total Loss: 12.2131, Recover Loss: 0.7998, miRNA CL: 5.8364, Disease CL: 5.3321, Inter-view (est): 2.5774, Recon Loss: 0.0256, Time: 485.55s
[INFO] Hypergraph updated at epoch 650

🔧 Epoch 650 梯度检查:
================================================================================

  参数名称                              梯度范数         梯度均值 状态             
  ----------------------------------------------------------------------
  type_relations                0.129997     0.002403 ✅ 正常           
  exist_relation                0.012378     0.000526 ✅ 正常           
  mi_proj_layer0                0.021453     0.000065 ✅ 正常           
  dis_proj_layer0               0.021535     0.000068 ✅ 正常           
================================================================================

Epoch 650, Total Loss: 12.1803, Recover Loss: 0.7939, miRNA CL: 5.8178, Disease CL: 5.3256, Inter-view (est): 2.5716, Recon Loss: 0.0250, Time: 521.47s

================================================================================
Training completed. Running final test...
================================================================================
Fold 2 completed - AUC: 0.9748, Top-1 F1: 0.5707
Fold 2 training time: 522.24 seconds
=== Cross Validation Fold 3/5 ===
Using hidden dimensions: [256, 256] with 4 attention heads
优化模型初始化: miRNA数量 = 495, 疾病数量 = 383
   节点维度: 256 → 128
   类型数量: 4
   Temperature: 2.0 (可学习)
   Loss mode: two_head
   loss_mode=two_head
   exist_weight=0.300, type_weight=0.700

✅ SimplifiedMultiTypeAssociationLoss 初始化 (改进版)
   类别权重 (beta=0.99999): ['0.780', '1.822', '0.977', '0.421']
Original positive index shape: torch.Size([1072, 2])
Original negative index shape: torch.Size([135416, 2])
采样后负样本数量: 10720
🎯 Building TRUE DUAL VIEWS from four different sources...
📊 Data sources loaded:
  Disease semantic: torch.Size([383, 383])
  miRNA functional: torch.Size([495, 495])
  Disease-gene: torch.Size([383, 383])
  miRNA-sequence: torch.Size([495, 495])
🧬 Building miRNA dual-view hypergraphs...
  📊 miRNA View 1 (Sequence): torch.Size([495, 878])
  📊 miRNA View 2 (Function): torch.Size([495, 878])
🦠 Building disease dual-view hypergraphs...
  📊 Disease View 1 (Gene): torch.Size([383, 878])
  📊 Disease View 2 (Semantic): torch.Size([383, 878])
✅ Successfully built TRUE DUAL VIEWS:
   🧬 miRNA: Sequence Features (m_ss.xlsx) vs Functional Similarity (mi_fun_sim_2.0.csv)
   🦠 Disease: Gene Features (d_gs.xlsx) vs Semantic Similarity (dis_sem_sim_2.0.csv)

🔧 Epoch 1 梯度检查:
================================================================================

  参数名称                              梯度范数         梯度均值 状态             
  ----------------------------------------------------------------------
  type_relations                0.064024     0.001960 ✅ 正常           
  exist_relation                0.362819     0.019218 ✅ 正常           
  mi_proj_layer0                1.001426     0.002949 ✅ 正常           
  dis_proj_layer0               1.164089     0.003117 ✅ 正常           
================================================================================

Epoch 1, Total Loss: 17.8675, Recover Loss: 1.1095, miRNA CL: 7.7106, Disease CL: 7.2410, Inter-view (est): 3.4504, Recon Loss: 1.5082, Time: 0.66s
[INFO] Hypergraph updated at epoch 5
[INFO] Hypergraph updated at epoch 10
[INFO] Hypergraph updated at epoch 15
[INFO] Hypergraph updated at epoch 20
[INFO] Hypergraph updated at epoch 25
[INFO] Hypergraph updated at epoch 30
[INFO] Hypergraph updated at epoch 35
[INFO] Hypergraph updated at epoch 40
[INFO] Hypergraph updated at epoch 45
[INFO] Hypergraph updated at epoch 50

🔧 Epoch 50 梯度检查:
================================================================================

  参数名称                              梯度范数         梯度均值 状态             
  ----------------------------------------------------------------------
  type_relations                0.075190     0.002029 ✅ 正常           
  exist_relation                0.017829     0.001010 ✅ 正常           
  mi_proj_layer0                0.025930     0.000094 ✅ 正常           
  dis_proj_layer0               0.026114     0.000095 ✅ 正常           
================================================================================

Epoch 50, Total Loss: 15.0280, Recover Loss: 1.0085, miRNA CL: 6.9868, Disease CL: 6.6489, Inter-view (est): 3.1467, Recon Loss: 0.1009, Time: 94.17s
[INFO] Hypergraph updated at epoch 100

🔧 Epoch 100 梯度检查:
================================================================================

  参数名称                              梯度范数         梯度均值 状态             
  ----------------------------------------------------------------------
  type_relations                0.157350     0.003187 ✅ 正常           
  exist_relation                0.016303     0.000729 ✅ 正常           
  mi_proj_layer0                0.025857     0.000084 ✅ 正常           
  dis_proj_layer0               0.026463     0.000090 ✅ 正常           
================================================================================

Epoch 100, Total Loss: 14.0063, Recover Loss: 0.9818, miRNA CL: 6.7587, Disease CL: 5.9718, Inter-view (est): 2.9378, Recon Loss: 0.0305, Time: 131.61s
[INFO] Hypergraph updated at epoch 150

🔧 Epoch 150 梯度检查:
================================================================================

  参数名称                              梯度范数         梯度均值 状态             
  ----------------------------------------------------------------------
  type_relations                0.187615     0.003080 ✅ 正常           
  exist_relation                0.016430     0.000669 ✅ 正常           
  mi_proj_layer0                0.022847     0.000074 ✅ 正常           
  dis_proj_layer0               0.023067     0.000082 ✅ 正常           
================================================================================

Epoch 150, Total Loss: 13.2889, Recover Loss: 0.9449, miRNA CL: 6.4326, Disease CL: 5.6317, Inter-view (est): 2.7841, Recon Loss: 0.0297, Time: 167.11s
[INFO] Hypergraph updated at epoch 200

🔧 Epoch 200 梯度检查:
================================================================================

  参数名称                              梯度范数         梯度均值 状态             
  ----------------------------------------------------------------------
  type_relations                0.233040     0.003377 ✅ 正常           
  exist_relation                0.011956     0.000462 ✅ 正常           
  mi_proj_layer0                0.025202     0.000079 ✅ 正常           
  dis_proj_layer0               0.023122     0.000077 ✅ 正常           
================================================================================

Epoch 200, Total Loss: 12.9189, Recover Loss: 0.9150, miRNA CL: 6.2320, Disease CL: 5.5029, Inter-view (est): 2.7081, Recon Loss: 0.0286, Time: 203.18s
[INFO] Hypergraph updated at epoch 250

🔧 Epoch 250 梯度检查:
================================================================================

  参数名称                              梯度范数         梯度均值 状态             
  ----------------------------------------------------------------------
  type_relations                0.216749     0.003217 ✅ 正常           
  exist_relation                0.010773     0.000453 ✅ 正常           
  mi_proj_layer0                0.022378     0.000072 ✅ 正常           
  dis_proj_layer0               0.021685     0.000072 ✅ 正常           
================================================================================

Epoch 250, Total Loss: 12.7430, Recover Loss: 0.8900, miRNA CL: 6.1526, Disease CL: 5.4384, Inter-view (est): 2.6749, Recon Loss: 0.0271, Time: 238.35s
[INFO] Hypergraph updated at epoch 300

🔧 Epoch 300 梯度检查:
================================================================================

  参数名称                              梯度范数         梯度均值 状态             
  ----------------------------------------------------------------------
  type_relations                0.167197     0.002782 ✅ 正常           
  exist_relation                0.016835     0.000612 ✅ 正常           
  mi_proj_layer0                0.019310     0.000063 ✅ 正常           
  dis_proj_layer0               0.020550     0.000067 ✅ 正常           
================================================================================

Epoch 300, Total Loss: 12.6083, Recover Loss: 0.8658, miRNA CL: 6.0835, Disease CL: 5.4011, Inter-view (est): 2.6503, Recon Loss: 0.0267, Time: 274.29s
[INFO] Hypergraph updated at epoch 350

🔧 Epoch 350 梯度检查:
================================================================================

  参数名称                              梯度范数         梯度均值 状态             
  ----------------------------------------------------------------------
  type_relations                0.151617     0.002492 ✅ 正常           
  exist_relation                0.022398     0.000818 ✅ 正常           
  mi_proj_layer0                0.019449     0.000062 ✅ 正常           
  dis_proj_layer0               0.019445     0.000064 ✅ 正常           
================================================================================

Epoch 350, Total Loss: 12.4824, Recover Loss: 0.8477, miRNA CL: 6.0058, Disease CL: 5.3744, Inter-view (est): 2.6262, Recon Loss: 0.0266, Time: 311.01s
[INFO] Hypergraph updated at epoch 400

🔧 Epoch 400 梯度检查:
================================================================================

  参数名称                              梯度范数         梯度均值 状态             
  ----------------------------------------------------------------------
  type_relations                0.143487     0.002604 ✅ 正常           
  exist_relation                0.024594     0.000788 ✅ 正常           
  mi_proj_layer0                0.018811     0.000061 ✅ 正常           
  dis_proj_layer0               0.020066     0.000066 ✅ 正常           
================================================================================

Epoch 400, Total Loss: 12.3757, Recover Loss: 0.8354, miRNA CL: 5.9310, Disease CL: 5.3576, Inter-view (est): 2.6051, Recon Loss: 0.0261, Time: 347.96s
[INFO] Hypergraph updated at epoch 450

🔧 Epoch 450 梯度检查:
================================================================================

  参数名称                              梯度范数         梯度均值 状态             
  ----------------------------------------------------------------------
  type_relations                0.125645     0.002309 ✅ 正常           
  exist_relation                0.016863     0.000625 ✅ 正常           
  mi_proj_layer0                0.019752     0.000063 ✅ 正常           
  dis_proj_layer0               0.022917     0.000072 ✅ 正常           
================================================================================

Epoch 450, Total Loss: 12.3206, Recover Loss: 0.8252, miRNA CL: 5.8976, Disease CL: 5.3480, Inter-view (est): 2.5951, Recon Loss: 0.0257, Time: 383.95s
[INFO] Hypergraph updated at epoch 500

🔧 Epoch 500 梯度检查:
================================================================================

  参数名称                              梯度范数         梯度均值 状态             
  ----------------------------------------------------------------------
  type_relations                0.140807     0.002536 ✅ 正常           
  exist_relation                0.014980     0.000625 ✅ 正常           
  mi_proj_layer0                0.018635     0.000060 ✅ 正常           
  dis_proj_layer0               0.020811     0.000068 ✅ 正常           
================================================================================

Epoch 500, Total Loss: 12.2724, Recover Loss: 0.8143, miRNA CL: 5.8693, Disease CL: 5.3401, Inter-view (est): 2.5868, Recon Loss: 0.0259, Time: 420.08s
[INFO] Hypergraph updated at epoch 550

🔧 Epoch 550 梯度检查:
================================================================================

  参数名称                              梯度范数         梯度均值 状态             
  ----------------------------------------------------------------------
  type_relations                0.121051     0.002204 ✅ 正常           
  exist_relation                0.023892     0.000781 ✅ 正常           
  mi_proj_layer0                0.017108     0.000054 ✅ 正常           
  dis_proj_layer0               0.020582     0.000066 ✅ 正常           
================================================================================

Epoch 550, Total Loss: 12.2458, Recover Loss: 0.8062, miRNA CL: 5.8597, Disease CL: 5.3322, Inter-view (est): 2.5828, Recon Loss: 0.0261, Time: 455.66s
[INFO] Hypergraph updated at epoch 600

🔧 Epoch 600 梯度检查:
================================================================================

  参数名称                              梯度范数         梯度均值 状态             
  ----------------------------------------------------------------------
  type_relations                0.109315     0.001903 ✅ 正常           
  exist_relation                0.020158     0.000737 ✅ 正常           
  mi_proj_layer0                0.020201     0.000058 ✅ 正常           
  dis_proj_layer0               0.019634     0.000060 ✅ 正常           
================================================================================

Epoch 600, Total Loss: 12.1966, Recover Loss: 0.7943, miRNA CL: 5.8305, Disease CL: 5.3251, Inter-view (est): 2.5744, Recon Loss: 0.0264, Time: 490.85s
[INFO] Hypergraph updated at epoch 650

🔧 Epoch 650 梯度检查:
================================================================================

  参数名称                              梯度范数         梯度均值 状态             
  ----------------------------------------------------------------------
  type_relations                0.102221     0.001712 ✅ 正常           
  exist_relation                0.012057     0.000453 ✅ 正常           
  mi_proj_layer0                0.016152     0.000049 ✅ 正常           
  dis_proj_layer0               0.016710     0.000053 ✅ 正常           
================================================================================

Epoch 650, Total Loss: 12.1705, Recover Loss: 0.7910, miRNA CL: 5.8184, Disease CL: 5.3170, Inter-view (est): 2.5697, Recon Loss: 0.0252, Time: 526.64s

================================================================================
Training completed. Running final test...
================================================================================
Fold 3 completed - AUC: 0.9729, Top-1 F1: 0.5585
Fold 3 training time: 527.42 seconds
=== Cross Validation Fold 4/5 ===
Using hidden dimensions: [256, 256] with 4 attention heads
优化模型初始化: miRNA数量 = 495, 疾病数量 = 383
   节点维度: 256 → 128
   类型数量: 4
   Temperature: 2.0 (可学习)
   Loss mode: two_head
   loss_mode=two_head
   exist_weight=0.300, type_weight=0.700

✅ SimplifiedMultiTypeAssociationLoss 初始化 (改进版)
   类别权重 (beta=0.99999): ['0.780', '1.822', '0.977', '0.421']
Original positive index shape: torch.Size([1072, 2])
Original negative index shape: torch.Size([135416, 2])
采样后负样本数量: 10720
🎯 Building TRUE DUAL VIEWS from four different sources...
📊 Data sources loaded:
  Disease semantic: torch.Size([383, 383])
  miRNA functional: torch.Size([495, 495])
  Disease-gene: torch.Size([383, 383])
  miRNA-sequence: torch.Size([495, 495])
🧬 Building miRNA dual-view hypergraphs...
  📊 miRNA View 1 (Sequence): torch.Size([495, 878])
  📊 miRNA View 2 (Function): torch.Size([495, 878])
🦠 Building disease dual-view hypergraphs...
  📊 Disease View 1 (Gene): torch.Size([383, 878])
  📊 Disease View 2 (Semantic): torch.Size([383, 878])
✅ Successfully built TRUE DUAL VIEWS:
   🧬 miRNA: Sequence Features (m_ss.xlsx) vs Functional Similarity (mi_fun_sim_2.0.csv)
   🦠 Disease: Gene Features (d_gs.xlsx) vs Semantic Similarity (dis_sem_sim_2.0.csv)

🔧 Epoch 1 梯度检查:
================================================================================

  参数名称                              梯度范数         梯度均值 状态             
  ----------------------------------------------------------------------
  type_relations                0.051310     0.001579 ✅ 正常           
  exist_relation                0.166491     0.009982 ✅ 正常           
  mi_proj_layer0                0.468232     0.001420 ✅ 正常           
  dis_proj_layer0               0.632850     0.001967 ✅ 正常           
================================================================================

Epoch 1, Total Loss: 17.8248, Recover Loss: 1.0694, miRNA CL: 7.7172, Disease CL: 7.2480, Inter-view (est): 3.4535, Recon Loss: 1.4920, Time: 0.73s
[INFO] Hypergraph updated at epoch 5
[INFO] Hypergraph updated at epoch 10
[INFO] Hypergraph updated at epoch 15
[INFO] Hypergraph updated at epoch 20
[INFO] Hypergraph updated at epoch 25
[INFO] Hypergraph updated at epoch 30
[INFO] Hypergraph updated at epoch 35
[INFO] Hypergraph updated at epoch 40
[INFO] Hypergraph updated at epoch 45
[INFO] Hypergraph updated at epoch 50

🔧 Epoch 50 梯度检查:
================================================================================

  参数名称                              梯度范数         梯度均值 状态             
  ----------------------------------------------------------------------
  type_relations                0.070336     0.001794 ✅ 正常           
  exist_relation                0.011648     0.000747 ✅ 正常           
  mi_proj_layer0                0.020411     0.000073 ✅ 正常           
  dis_proj_layer0               0.024394     0.000086 ✅ 正常           
================================================================================

Epoch 50, Total Loss: 14.9942, Recover Loss: 1.0072, miRNA CL: 6.9812, Disease CL: 6.6316, Inter-view (est): 3.1414, Recon Loss: 0.0919, Time: 95.92s
[INFO] Hypergraph updated at epoch 100

🔧 Epoch 100 梯度检查:
================================================================================

  参数名称                              梯度范数         梯度均值 状态             
  ----------------------------------------------------------------------
  type_relations                0.167724     0.002983 ✅ 正常           
  exist_relation                0.018683     0.000790 ✅ 正常           
  mi_proj_layer0                0.021311     0.000075 ✅ 正常           
  dis_proj_layer0               0.027108     0.000093 ✅ 正常           
================================================================================

Epoch 100, Total Loss: 13.9681, Recover Loss: 0.9845, miRNA CL: 6.7584, Disease CL: 5.9320, Inter-view (est): 2.9286, Recon Loss: 0.0311, Time: 133.22s
[INFO] Hypergraph updated at epoch 150

🔧 Epoch 150 梯度检查:
================================================================================

  参数名称                              梯度范数         梯度均值 状态             
  ----------------------------------------------------------------------
  type_relations                0.191300     0.003034 ✅ 正常           
  exist_relation                0.012082     0.000493 ✅ 正常           
  mi_proj_layer0                0.021254     0.000071 ✅ 正常           
  dis_proj_layer0               0.024704     0.000077 ✅ 正常           
================================================================================

Epoch 150, Total Loss: 13.2578, Recover Loss: 0.9455, miRNA CL: 6.4377, Disease CL: 5.5964, Inter-view (est): 2.7771, Recon Loss: 0.0303, Time: 168.80s
[INFO] Hypergraph updated at epoch 200

🔧 Epoch 200 梯度检查:
================================================================================

  参数名称                              梯度范数         梯度均值 状态             
  ----------------------------------------------------------------------
  type_relations                0.165818     0.002703 ✅ 正常           
  exist_relation                0.020827     0.000693 ✅ 正常           
  mi_proj_layer0                0.022597     0.000071 ✅ 正常           
  dis_proj_layer0               0.021650     0.000072 ✅ 正常           
================================================================================

Epoch 200, Total Loss: 12.9594, Recover Loss: 0.9253, miRNA CL: 6.2648, Disease CL: 5.5014, Inter-view (est): 2.7153, Recon Loss: 0.0284, Time: 204.20s
[INFO] Hypergraph updated at epoch 250

🔧 Epoch 250 梯度检查:
================================================================================

  参数名称                              梯度范数         梯度均值 状态             
  ----------------------------------------------------------------------
  type_relations                0.199580     0.003168 ✅ 正常           
  exist_relation                0.017853     0.000628 ✅ 正常           
  mi_proj_layer0                0.023747     0.000074 ✅ 正常           
  dis_proj_layer0               0.024053     0.000077 ✅ 正常           
================================================================================

Epoch 250, Total Loss: 12.7740, Recover Loss: 0.8947, miRNA CL: 6.1747, Disease CL: 5.4441, Inter-view (est): 2.6813, Recon Loss: 0.0274, Time: 239.42s
[INFO] Hypergraph updated at epoch 300

🔧 Epoch 300 梯度检查:
================================================================================

  参数名称                              梯度范数         梯度均值 状态             
  ----------------------------------------------------------------------
  type_relations                0.171177     0.002857 ✅ 正常           
  exist_relation                0.022111     0.000766 ✅ 正常           
  mi_proj_layer0                0.018738     0.000060 ✅ 正常           
  dis_proj_layer0               0.025806     0.000078 ✅ 正常           
================================================================================

Epoch 300, Total Loss: 12.6183, Recover Loss: 0.8621, miRNA CL: 6.0964, Disease CL: 5.4052, Inter-view (est): 2.6542, Recon Loss: 0.0269, Time: 275.29s
[INFO] Hypergraph updated at epoch 350

🔧 Epoch 350 梯度检查:
================================================================================

  参数名称                              梯度范数         梯度均值 状态             
  ----------------------------------------------------------------------
  type_relations                0.139376     0.002311 ✅ 正常           
  exist_relation                0.020587     0.000705 ✅ 正常           
  mi_proj_layer0                0.017258     0.000056 ✅ 正常           
  dis_proj_layer0               0.020572     0.000066 ✅ 正常           
================================================================================

Epoch 350, Total Loss: 12.5139, Recover Loss: 0.8424, miRNA CL: 6.0392, Disease CL: 5.3816, Inter-view (est): 2.6356, Recon Loss: 0.0266, Time: 310.50s
[INFO] Hypergraph updated at epoch 400

🔧 Epoch 400 梯度检查:
================================================================================

  参数名称                              梯度范数         梯度均值 状态             
  ----------------------------------------------------------------------
  type_relations                0.142630     0.002303 ✅ 正常           
  exist_relation                0.023748     0.000799 ✅ 正常           
  mi_proj_layer0                0.019370     0.000061 ✅ 正常           
  dis_proj_layer0               0.021056     0.000067 ✅ 正常           
================================================================================

Epoch 400, Total Loss: 12.4171, Recover Loss: 0.8331, miRNA CL: 5.9743, Disease CL: 5.3620, Inter-view (est): 2.6161, Recon Loss: 0.0265, Time: 346.57s
[INFO] Hypergraph updated at epoch 450

🔧 Epoch 450 梯度检查:
================================================================================

  参数名称                              梯度范数         梯度均值 状态             
  ----------------------------------------------------------------------
  type_relations                0.146238     0.002478 ✅ 正常           
  exist_relation                0.016518     0.000593 ✅ 正常           
  mi_proj_layer0                0.020451     0.000062 ✅ 正常           
  dis_proj_layer0               0.022669     0.000070 ✅ 正常           
================================================================================

Epoch 450, Total Loss: 12.3746, Recover Loss: 0.8223, miRNA CL: 5.9593, Disease CL: 5.3480, Inter-view (est): 2.6094, Recon Loss: 0.0259, Time: 382.58s
[INFO] Hypergraph updated at epoch 500

🔧 Epoch 500 梯度检查:
================================================================================

  参数名称                              梯度范数         梯度均值 状态             
  ----------------------------------------------------------------------
  type_relations                0.134448     0.002386 ✅ 正常           
  exist_relation                0.023618     0.000783 ✅ 正常           
  mi_proj_layer0                0.018340     0.000057 ✅ 正常           
  dis_proj_layer0               0.024316     0.000073 ✅ 正常           
================================================================================

Epoch 500, Total Loss: 12.2935, Recover Loss: 0.8150, miRNA CL: 5.8965, Disease CL: 5.3386, Inter-view (est): 2.5927, Recon Loss: 0.0255, Time: 418.11s
[INFO] Hypergraph updated at epoch 550

🔧 Epoch 550 梯度检查:
================================================================================

  参数名称                              梯度范数         梯度均值 状态             
  ----------------------------------------------------------------------
  type_relations                0.133846     0.002241 ✅ 正常           
  exist_relation                0.014748     0.000531 ✅ 正常           
  mi_proj_layer0                0.018327     0.000056 ✅ 正常           
  dis_proj_layer0               0.021134     0.000064 ✅ 正常           
================================================================================

Epoch 550, Total Loss: 12.2459, Recover Loss: 0.8034, miRNA CL: 5.8708, Disease CL: 5.3297, Inter-view (est): 2.5847, Recon Loss: 0.0255, Time: 453.89s
[INFO] Hypergraph updated at epoch 600

🔧 Epoch 600 梯度检查:
================================================================================

  参数名称                              梯度范数         梯度均值 状态             
  ----------------------------------------------------------------------
  type_relations                0.120033     0.002127 ✅ 正常           
  exist_relation                0.022418     0.000698 ✅ 正常           
  mi_proj_layer0                0.019829     0.000057 ✅ 正常           
  dis_proj_layer0               0.023598     0.000069 ✅ 正常           
================================================================================

Epoch 600, Total Loss: 12.2084, Recover Loss: 0.8000, miRNA CL: 5.8470, Disease CL: 5.3208, Inter-view (est): 2.5772, Recon Loss: 0.0255, Time: 489.48s
[INFO] Hypergraph updated at epoch 650

🔧 Epoch 650 梯度检查:
================================================================================

  参数名称                              梯度范数         梯度均值 状态             
  ----------------------------------------------------------------------
  type_relations                0.129054     0.002249 ✅ 正常           
  exist_relation                0.024547     0.000855 ✅ 正常           
  mi_proj_layer0                0.019544     0.000060 ✅ 正常           
  dis_proj_layer0               0.021315     0.000066 ✅ 正常           
================================================================================

Epoch 650, Total Loss: 12.1747, Recover Loss: 0.7913, miRNA CL: 5.8315, Disease CL: 5.3122, Inter-view (est): 2.5716, Recon Loss: 0.0259, Time: 525.49s

================================================================================
Training completed. Running final test...
================================================================================
Fold 4 completed - AUC: 0.9767, Top-1 F1: 0.6241
Fold 4 training time: 526.27 seconds
=== Cross Validation Fold 5/5 ===
Using hidden dimensions: [256, 256] with 4 attention heads
优化模型初始化: miRNA数量 = 495, 疾病数量 = 383
   节点维度: 256 → 128
   类型数量: 4
   Temperature: 2.0 (可学习)
   Loss mode: two_head
   loss_mode=two_head
   exist_weight=0.300, type_weight=0.700

✅ SimplifiedMultiTypeAssociationLoss 初始化 (改进版)
   类别权重 (beta=0.99999): ['0.780', '1.822', '0.977', '0.421']
Original positive index shape: torch.Size([1072, 2])
Original negative index shape: torch.Size([135416, 2])
采样后负样本数量: 10720
🎯 Building TRUE DUAL VIEWS from four different sources...
📊 Data sources loaded:
  Disease semantic: torch.Size([383, 383])
  miRNA functional: torch.Size([495, 495])
  Disease-gene: torch.Size([383, 383])
  miRNA-sequence: torch.Size([495, 495])
🧬 Building miRNA dual-view hypergraphs...
  📊 miRNA View 1 (Sequence): torch.Size([495, 878])
  📊 miRNA View 2 (Function): torch.Size([495, 878])
🦠 Building disease dual-view hypergraphs...
  📊 Disease View 1 (Gene): torch.Size([383, 878])
  📊 Disease View 2 (Semantic): torch.Size([383, 878])
✅ Successfully built TRUE DUAL VIEWS:
   🧬 miRNA: Sequence Features (m_ss.xlsx) vs Functional Similarity (mi_fun_sim_2.0.csv)
   🦠 Disease: Gene Features (d_gs.xlsx) vs Semantic Similarity (dis_sem_sim_2.0.csv)

🔧 Epoch 1 梯度检查:
================================================================================

  参数名称                              梯度范数         梯度均值 状态             
  ----------------------------------------------------------------------
  type_relations                0.060713     0.001866 ✅ 正常           
  exist_relation                0.254977     0.014106 ✅ 正常           
  mi_proj_layer0                1.207773     0.002746 ✅ 正常           
  dis_proj_layer0               0.981635     0.002796 ✅ 正常           
================================================================================

Epoch 1, Total Loss: 17.9528, Recover Loss: 1.1093, miRNA CL: 7.7881, Disease CL: 7.2363, Inter-view (est): 3.4672, Recon Loss: 1.5209, Time: 0.70s
[INFO] Hypergraph updated at epoch 5
[INFO] Hypergraph updated at epoch 10
[INFO] Hypergraph updated at epoch 15
[INFO] Hypergraph updated at epoch 20
[INFO] Hypergraph updated at epoch 25
[INFO] Hypergraph updated at epoch 30
[INFO] Hypergraph updated at epoch 35
[INFO] Hypergraph updated at epoch 40
[INFO] Hypergraph updated at epoch 45
[INFO] Hypergraph updated at epoch 50

🔧 Epoch 50 梯度检查:
================================================================================

  参数名称                              梯度范数         梯度均值 状态             
  ----------------------------------------------------------------------
  type_relations                0.081132     0.002021 ✅ 正常           
  exist_relation                0.016752     0.001030 ✅ 正常           
  mi_proj_layer0                0.027475     0.000098 ✅ 正常           
  dis_proj_layer0               0.027041     0.000097 ✅ 正常           
================================================================================

Epoch 50, Total Loss: 15.0380, Recover Loss: 1.0050, miRNA CL: 6.9856, Disease CL: 6.6516, Inter-view (est): 3.1470, Recon Loss: 0.1130, Time: 102.77s
[INFO] Hypergraph updated at epoch 100

🔧 Epoch 100 梯度检查:
================================================================================

  参数名称                              梯度范数         梯度均值 状态             
  ----------------------------------------------------------------------
  type_relations                0.144027     0.002662 ✅ 正常           
  exist_relation                0.014631     0.000650 ✅ 正常           
  mi_proj_layer0                0.022542     0.000079 ✅ 正常           
  dis_proj_layer0               0.026322     0.000090 ✅ 正常           
================================================================================

Epoch 100, Total Loss: 13.9886, Recover Loss: 0.9790, miRNA CL: 6.7543, Disease CL: 5.9592, Inter-view (est): 2.9339, Recon Loss: 0.0320, Time: 140.43s
[INFO] Hypergraph updated at epoch 150

🔧 Epoch 150 梯度检查:
================================================================================

  参数名称                              梯度范数         梯度均值 状态             
  ----------------------------------------------------------------------
  type_relations                0.171030     0.003006 ✅ 正常           
  exist_relation                0.026589     0.001007 ✅ 正常           
  mi_proj_layer0                0.022644     0.000079 ✅ 正常           
  dis_proj_layer0               0.027367     0.000088 ✅ 正常           
================================================================================

Epoch 150, Total Loss: 13.3224, Recover Loss: 0.9440, miRNA CL: 6.4335, Disease CL: 5.6626, Inter-view (est): 2.7914, Recon Loss: 0.0314, Time: 176.53s
[INFO] Hypergraph updated at epoch 200

🔧 Epoch 200 梯度检查:
================================================================================

  参数名称                              梯度范数         梯度均值 状态             
  ----------------------------------------------------------------------
  type_relations                0.164765     0.003045 ✅ 正常           
  exist_relation                0.019858     0.000735 ✅ 正常           
  mi_proj_layer0                0.023082     0.000079 ✅ 正常           
  dis_proj_layer0               0.023176     0.000080 ✅ 正常           
================================================================================

Epoch 200, Total Loss: 12.9556, Recover Loss: 0.9187, miRNA CL: 6.2559, Disease CL: 5.5097, Inter-view (est): 2.7151, Recon Loss: 0.0290, Time: 212.42s
[INFO] Hypergraph updated at epoch 250

🔧 Epoch 250 梯度检查:
================================================================================

  参数名称                              梯度范数         梯度均值 状态             
  ----------------------------------------------------------------------
  type_relations                0.139709     0.002647 ✅ 正常           
  exist_relation                0.024707     0.000906 ✅ 正常           
  mi_proj_layer0                0.019602     0.000066 ✅ 正常           
  dis_proj_layer0               0.022853     0.000076 ✅ 正常           
================================================================================

Epoch 250, Total Loss: 12.7528, Recover Loss: 0.8830, miRNA CL: 6.1581, Disease CL: 5.4464, Inter-view (est): 2.6780, Recon Loss: 0.0295, Time: 248.10s
[INFO] Hypergraph updated at epoch 300

🔧 Epoch 300 梯度检查:
================================================================================

  参数名称                              梯度范数         梯度均值 状态             
  ----------------------------------------------------------------------
  type_relations                0.156794     0.002993 ✅ 正常           
  exist_relation                0.016905     0.000678 ✅ 正常           
  mi_proj_layer0                0.021848     0.000071 ✅ 正常           
  dis_proj_layer0               0.022808     0.000075 ✅ 正常           
================================================================================

Epoch 300, Total Loss: 12.6421, Recover Loss: 0.8714, miRNA CL: 6.0944, Disease CL: 5.4167, Inter-view (est): 2.6564, Recon Loss: 0.0278, Time: 283.79s
[INFO] Hypergraph updated at epoch 350

🔧 Epoch 350 梯度检查:
================================================================================

  参数名称                              梯度范数         梯度均值 状态             
  ----------------------------------------------------------------------
  type_relations                0.142847     0.002687 ✅ 正常           
  exist_relation                0.017624     0.000625 ✅ 正常           
  mi_proj_layer0                0.020348     0.000067 ✅ 正常           
  dis_proj_layer0               0.026288     0.000083 ✅ 正常           
================================================================================

Epoch 350, Total Loss: 12.5385, Recover Loss: 0.8545, miRNA CL: 6.0355, Disease CL: 5.3919, Inter-view (est): 2.6371, Recon Loss: 0.0279, Time: 319.85s
[INFO] Hypergraph updated at epoch 400

🔧 Epoch 400 梯度检查:
================================================================================

  参数名称                              梯度范数         梯度均值 状态             
  ----------------------------------------------------------------------
  type_relations                0.148873     0.002750 ✅ 正常           
  exist_relation                0.021002     0.000818 ✅ 正常           
  mi_proj_layer0                0.021510     0.000070 ✅ 正常           
  dis_proj_layer0               0.025489     0.000079 ✅ 正常           
================================================================================

Epoch 400, Total Loss: 12.4308, Recover Loss: 0.8321, miRNA CL: 5.9742, Disease CL: 5.3712, Inter-view (est): 2.6182, Recon Loss: 0.0271, Time: 355.65s
[INFO] Hypergraph updated at epoch 450

🔧 Epoch 450 梯度检查:
================================================================================

  参数名称                              梯度范数         梯度均值 状态             
  ----------------------------------------------------------------------
  type_relations                0.124372     0.002270 ✅ 正常           
  exist_relation                0.015743     0.000557 ✅ 正常           
  mi_proj_layer0                0.026169     0.000077 ✅ 正常           
  dis_proj_layer0               0.021952     0.000072 ✅ 正常           
================================================================================

Epoch 450, Total Loss: 12.3442, Recover Loss: 0.8179, miRNA CL: 5.9200, Disease CL: 5.3556, Inter-view (est): 2.6021, Recon Loss: 0.0265, Time: 391.54s
[INFO] Hypergraph updated at epoch 500

🔧 Epoch 500 梯度检查:
================================================================================

  参数名称                              梯度范数         梯度均值 状态             
  ----------------------------------------------------------------------
  type_relations                0.120639     0.002176 ✅ 正常           
  exist_relation                0.019207     0.000727 ✅ 正常           
  mi_proj_layer0                0.018953     0.000060 ✅ 正常           
  dis_proj_layer0               0.022762     0.000071 ✅ 正常           
================================================================================

Epoch 500, Total Loss: 12.2852, Recover Loss: 0.8065, miRNA CL: 5.8857, Disease CL: 5.3442, Inter-view (est): 2.5915, Recon Loss: 0.0263, Time: 427.55s
[INFO] Hypergraph updated at epoch 550

🔧 Epoch 550 梯度检查:
================================================================================

  参数名称                              梯度范数         梯度均值 状态             
  ----------------------------------------------------------------------
  type_relations                0.140269     0.002495 ✅ 正常           
  exist_relation                0.009919     0.000410 ✅ 正常           
  mi_proj_layer0                0.023406     0.000070 ✅ 正常           
  dis_proj_layer0               0.025855     0.000076 ✅ 正常           
================================================================================

Epoch 550, Total Loss: 12.2628, Recover Loss: 0.8087, miRNA CL: 5.8690, Disease CL: 5.3376, Inter-view (est): 2.5861, Recon Loss: 0.0261, Time: 462.92s
[INFO] Hypergraph updated at epoch 600

🔧 Epoch 600 梯度检查:
================================================================================

  参数名称                              梯度范数         梯度均值 状态             
  ----------------------------------------------------------------------
  type_relations                0.120919     0.002210 ✅ 正常           
  exist_relation                0.014712     0.000557 ✅ 正常           
  mi_proj_layer0                0.021196     0.000058 ✅ 正常           
  dis_proj_layer0               0.021177     0.000065 ✅ 正常           
================================================================================

Epoch 600, Total Loss: 12.2660, Recover Loss: 0.8031, miRNA CL: 5.8839, Disease CL: 5.3318, Inter-view (est): 2.5882, Recon Loss: 0.0269, Time: 498.63s
[INFO] Hypergraph updated at epoch 650

🔧 Epoch 650 梯度检查:
================================================================================

  参数名称                              梯度范数         梯度均值 状态             
  ----------------------------------------------------------------------
  type_relations                0.135647     0.002447 ✅ 正常           
  exist_relation                0.015274     0.000573 ✅ 正常           
  mi_proj_layer0                0.020424     0.000062 ✅ 正常           
  dis_proj_layer0               0.025138     0.000072 ✅ 正常           
================================================================================

Epoch 650, Total Loss: 12.2140, Recover Loss: 0.7987, miRNA CL: 5.8453, Disease CL: 5.3249, Inter-view (est): 2.5777, Recon Loss: 0.0259, Time: 534.85s

================================================================================
Training completed. Running final test...
================================================================================
Fold 5 completed - AUC: 0.9739, Top-1 F1: 0.5930
Fold 5 training time: 535.69 seconds
Average binary metrics across folds: [[0.97471876 0.96919537 0.93075169 0.92835821 0.96223881 0.89447761
  0.90194685]]
🎯 Average Top-1 metrics across folds: {'top1_precision': 0.5567164179104477, 'top1_recall': np.float64(0.6209531597431168), 'top1_f1': np.float64(0.5869484376415768)}

📊 CV_type Style Metrics Details:
  AUC            : 0.9747
  AUPR           : 0.9692
  F1             : 0.9308
  Accuracy       : 0.9284
  Recall         : 0.9622
  Specificity    : 0.8945
  Precision      : 0.9019

🎯 Top-1 Metrics Details:
  top1_precision : 0.5567
  top1_recall    : 0.6210
  top1_f1        : 0.5869

Total execution time: 2646.30 seconds

==========================================================================================
🎯 FINAL COMPREHENSIVE RESULTS WITH TOP-1 METRICS
==========================================================================================
📊 Binary Classification Metrics (Original):
  AUC: 0.9747
  AUPR: 0.9692
  F1: 0.9308
  Accuracy: 0.9284
  Recall: 0.9622
  Specificity: 0.8945
  Precision: 0.9019

🎯 CV_type Style Metrics (Enhanced):
  AUC: 0.9747
  AUPR: 0.9692
  F1: 0.9308
  Accuracy: 0.9284
  Recall: 0.9622
  Specificity: 0.8945
  Precision: 0.9019

🏆 Top-1 Metrics (NEW):
  Top-1 Precision: 0.5567
  Top-1 Recall: 0.6210
  Top-1 F1: 0.5869
==========================================================================================

[2/2] lambda2=0.5 (seed=1, K=7)
----------------------------------------------------------------
[CPU] torch.set_num_threads(14), interop=min(4, 14)
Using device: cpu
[INFO] Auto-computed BALANCED class weights (to prevent class collapse):
  Circulation  (367 samples): 0.780
  Epigenetics  (157 samples): 1.823
  Target       (293 samples): 0.977
  Genetics     (681 samples): 0.420
  [NOTE] Higher weights for minority classes to prevent model from only predicting majority class
[INFO] Using v2.0_495m383D dataset:
  miRNAs: 495
  Diseases: 383
  Expected associations: ~1498
  Types: 4 (Circulation, Epigenetics, Target, Genetics)

================================================================================
Configuration Summary
================================================================================
Dataset: v2.0_495m383D
Data Path: ./
Model: HeterogenousGraphCLAMIR
  - HGT Layers: 2
  - Attention Heads: 4
  - Association Types: 4
  - Inter-view CL: Enabled
    - Weight: 0.5
    - Temperature: 0.5
    - Margin: 0.5

Training:
  - Epochs: 650
  - Learning Rate: 0.0001
  - Dropout: 0.3
  - Weight Decay: 5e-05
  - Focal Loss: Enabled

Evaluation:
  - Cross-Validation Folds: 5
  - Primary Metric: AUPR

Device: cpu
Random Seed: 1
================================================================================

[SEED] Re-seeded với args.seed = 1
🚀 Running with comprehensive evaluation including Top-1 metrics...
🎯 Loading dual-view data...
Starting dual-view data preparation with new file format...
Loading all similarity and feature files from v2.0_495m383D...
✅ Loaded disease semantic similarity from D_SSM1.txt: (383, 383)
✅ Loaded miRNA functional similarity from M_FSM.txt: (495, 495)
✅ Loaded multi-type association pairs from ./v2.0_495m383D\multi_all_mirna_disease_pairs_without_negative.csv: (1679, 3)
✅ Created multi-type association matrix: (495, 383)
📊 Multi-type Association Statistics:
   无关联 (No association): 188087 pairs (99.21%)
   循环类型 (Circulation): 367 pairs (0.19%)
   表观遗传学 (Epigenetics): 157 pairs (0.08%)
   靶标类型 (Target): 293 pairs (0.15%)
   遗传学类型 (Genetics): 681 pairs (0.36%)
✅ Created association matrix from CSV: (495, 383)
✅ Loaded disease-gene features from D_SSM2.txt: torch.Size([383, 383])
✅ Loaded miRNA-sequence features from M_GSM.txt: torch.Size([495, 495])
Processing integrated similarity matrices...
Loaded similarity matrices from cache
Processing indices...
Loaded indices from cache (seed=1)
✅ Dual-view data preparation completed in 0.40 seconds

============================================================
🎯 DUAL-VIEW CONFIGURATION SUMMARY (v2.0_495m383D)
============================================================
miRNA Dual Views:
  📊 View 1 (Sequence): M_GSM.txt torch.Size([495, 495])
  📊 View 2 (Function): M_FSM.txt torch.Size([495, 495])

Disease Dual Views:
  📊 View 1 (Gene): D_SSM2.txt torch.Size([383, 383])
  📊 View 2 (Semantic): D_SSM1.txt torch.Size([383, 383])

Association Matrix: torch.Size([495, 383])
Data source: v2.0_495m383D (495 miRNAs × 383 Diseases)
============================================================
Preloading dual-view data to device...
✅ Loaded disease-gene features to device: torch.Size([383, 383])
✅ Loaded miRNA-sequence features to device: torch.Size([495, 495])
✅ Loaded disease semantic similarity to device: torch.Size([383, 383])
✅ Loaded miRNA functional similarity to device: torch.Size([495, 495])
✅ Dual-view data preloading completed in 0.00 seconds
OptimizedDataset initialized with 5 folds
Using device: cpu
=== Cross Validation Fold 1/5 ===
Using hidden dimensions: [256, 256] with 4 attention heads
优化模型初始化: miRNA数量 = 495, 疾病数量 = 383
   节点维度: 256 → 128
   类型数量: 4
   Temperature: 2.0 (可学习)
   Loss mode: two_head
   loss_mode=two_head
   exist_weight=0.300, type_weight=0.700

✅ SimplifiedMultiTypeAssociationLoss 初始化 (改进版)
   类别权重 (beta=0.99999): ['0.780', '1.822', '0.977', '0.421']
Original positive index shape: torch.Size([1072, 2])
Original negative index shape: torch.Size([135416, 2])
采样后负样本数量: 10720
🎯 Building TRUE DUAL VIEWS from four different sources...
📊 Data sources loaded:
  Disease semantic: torch.Size([383, 383])
  miRNA functional: torch.Size([495, 495])
  Disease-gene: torch.Size([383, 383])
  miRNA-sequence: torch.Size([495, 495])
🧬 Building miRNA dual-view hypergraphs...
  📊 miRNA View 1 (Sequence): torch.Size([495, 878])
  📊 miRNA View 2 (Function): torch.Size([495, 878])
🦠 Building disease dual-view hypergraphs...
  📊 Disease View 1 (Gene): torch.Size([383, 878])
  📊 Disease View 2 (Semantic): torch.Size([383, 878])
✅ Successfully built TRUE DUAL VIEWS:
   🧬 miRNA: Sequence Features (m_ss.xlsx) vs Functional Similarity (mi_fun_sim_2.0.csv)
   🦠 Disease: Gene Features (d_gs.xlsx) vs Semantic Similarity (dis_sem_sim_2.0.csv)

🔧 Epoch 1 梯度检查:
================================================================================

  参数名称                              梯度范数         梯度均值 状态             
  ----------------------------------------------------------------------
  type_relations                0.059724     0.001792 ✅ 正常           
  exist_relation                0.204505     0.012003 ✅ 正常           
  mi_proj_layer0                0.713824     0.002079 ✅ 正常           
  dis_proj_layer0               0.849819     0.002610 ✅ 正常           
================================================================================

Epoch 1, Total Loss: 22.6530, Recover Loss: 1.0855, miRNA CL: 10.1378, Disease CL: 9.6708, Inter-view (est): 4.5712, Recon Loss: 1.4608, Time: 0.76s
[INFO] Hypergraph updated at epoch 5
[INFO] Hypergraph updated at epoch 10
[INFO] Hypergraph updated at epoch 15
[INFO] Hypergraph updated at epoch 20
[INFO] Hypergraph updated at epoch 25
[INFO] Hypergraph updated at epoch 30
[INFO] Hypergraph updated at epoch 35
[INFO] Hypergraph updated at epoch 40
[INFO] Hypergraph updated at epoch 45
[INFO] Hypergraph updated at epoch 50

🔧 Epoch 50 梯度检查:
================================================================================

  参数名称                              梯度范数         梯度均值 状态             
  ----------------------------------------------------------------------
  type_relations                0.059105     0.001677 ✅ 正常           
  exist_relation                0.009893     0.000687 ✅ 正常           
  mi_proj_layer0                0.021998     0.000079 ✅ 正常           
  dis_proj_layer0               0.024783     0.000090 ✅ 正常           
================================================================================

Epoch 50, Total Loss: 19.0679, Recover Loss: 1.0106, miRNA CL: 8.9486, Disease CL: 8.6768, Inter-view (est): 4.0674, Recon Loss: 0.1489, Time: 95.46s
[INFO] Hypergraph updated at epoch 100

🔧 Epoch 100 梯度检查:
================================================================================

  参数名称                              梯度范数         梯度均值 状态             
  ----------------------------------------------------------------------
  type_relations                0.143326     0.002703 ✅ 正常           
  exist_relation                0.018320     0.000857 ✅ 正常           
  mi_proj_layer0                0.021555     0.000074 ✅ 正常           
  dis_proj_layer0               0.026455     0.000091 ✅ 正常           
================================================================================

Epoch 100, Total Loss: 17.8052, Recover Loss: 0.9859, miRNA CL: 8.5673, Disease CL: 7.9562, Inter-view (est): 3.8131, Recon Loss: 0.0317, Time: 134.09s
[INFO] Hypergraph updated at epoch 150

🔧 Epoch 150 梯度检查:
================================================================================

  参数名称                              梯度范数         梯度均值 状态             
  ----------------------------------------------------------------------
  type_relations                0.165296     0.002767 ✅ 正常           
  exist_relation                0.023088     0.000818 ✅ 正常           
  mi_proj_layer0                0.022967     0.000078 ✅ 正常           
  dis_proj_layer0               0.023111     0.000079 ✅ 正常           
================================================================================

Epoch 150, Total Loss: 16.9037, Recover Loss: 0.9538, miRNA CL: 8.1967, Disease CL: 7.4725, Inter-view (est): 3.6160, Recon Loss: 0.0303, Time: 170.23s
[INFO] Hypergraph updated at epoch 200

🔧 Epoch 200 梯度检查:
================================================================================

  参数名称                              梯度范数         梯度均值 状态             
  ----------------------------------------------------------------------
  type_relations                0.181483     0.003151 ✅ 正常           
  exist_relation                0.023406     0.000804 ✅ 正常           
  mi_proj_layer0                0.029110     0.000095 ✅ 正常           
  dis_proj_layer0               0.027349     0.000088 ✅ 正常           
================================================================================

Epoch 200, Total Loss: 16.3764, Recover Loss: 0.9202, miRNA CL: 7.9415, Disease CL: 7.2448, Inter-view (est): 3.5045, Recon Loss: 0.0284, Time: 206.41s
[INFO] Hypergraph updated at epoch 250

🔧 Epoch 250 梯度检查:
================================================================================

  参数名称                              梯度范数         梯度均值 状态             
  ----------------------------------------------------------------------
  type_relations                0.174714     0.002854 ✅ 正常           
  exist_relation                0.037428     0.001158 ✅ 正常           
  mi_proj_layer0                0.025536     0.000078 ✅ 正常           
  dis_proj_layer0               0.030141     0.000095 ✅ 正常           
================================================================================

Epoch 250, Total Loss: 16.1706, Recover Loss: 0.9022, miRNA CL: 7.8389, Disease CL: 7.1653, Inter-view (est): 3.4625, Recon Loss: 0.0276, Time: 242.58s
[INFO] Hypergraph updated at epoch 300

🔧 Epoch 300 梯度检查:
================================================================================

  参数名称                              梯度范数         梯度均值 状态             
  ----------------------------------------------------------------------
  type_relations                0.173884     0.002885 ✅ 正常           
  exist_relation                0.019463     0.000694 ✅ 正常           
  mi_proj_layer0                0.022123     0.000072 ✅ 正常           
  dis_proj_layer0               0.025629     0.000080 ✅ 正常           
================================================================================

Epoch 300, Total Loss: 15.9780, Recover Loss: 0.8700, miRNA CL: 7.7452, Disease CL: 7.1026, Inter-view (est): 3.4264, Recon Loss: 0.0279, Time: 278.63s
[INFO] Hypergraph updated at epoch 350

🔧 Epoch 350 梯度检查:
================================================================================

  参数名称                              梯度范数         梯度均值 状态             
  ----------------------------------------------------------------------
  type_relations                0.163616     0.002821 ✅ 正常           
  exist_relation                0.011821     0.000442 ✅ 正常           
  mi_proj_layer0                0.024645     0.000074 ✅ 正常           
  dis_proj_layer0               0.025601     0.000077 ✅ 正常           
================================================================================

Epoch 350, Total Loss: 15.8262, Recover Loss: 0.8520, miRNA CL: 7.6595, Disease CL: 7.0582, Inter-view (est): 3.3964, Recon Loss: 0.0278, Time: 314.74s
[INFO] Hypergraph updated at epoch 400

🔧 Epoch 400 梯度检查:
================================================================================

  参数名称                              梯度范数         梯度均值 状态             
  ----------------------------------------------------------------------
  type_relations                0.145917     0.002462 ✅ 正常           
  exist_relation                0.019756     0.000690 ✅ 正常           
  mi_proj_layer0                0.023554     0.000071 ✅ 正常           
  dis_proj_layer0               0.020963     0.000068 ✅ 正常           
================================================================================

Epoch 400, Total Loss: 15.7289, Recover Loss: 0.8433, miRNA CL: 7.5989, Disease CL: 7.0331, Inter-view (est): 3.3766, Recon Loss: 0.0269, Time: 350.75s
[INFO] Hypergraph updated at epoch 450

🔧 Epoch 450 梯度检查:
================================================================================

  参数名称                              梯度范数         梯度均值 状态             
  ----------------------------------------------------------------------
  type_relations                0.147880     0.002479 ✅ 正常           
  exist_relation                0.019088     0.000709 ✅ 正常           
  mi_proj_layer0                0.021358     0.000064 ✅ 正常           
  dis_proj_layer0               0.023822     0.000071 ✅ 正常           
================================================================================

Epoch 450, Total Loss: 15.6579, Recover Loss: 0.8305, miRNA CL: 7.5616, Disease CL: 7.0146, Inter-view (est): 3.3637, Recon Loss: 0.0261, Time: 385.96s
[INFO] Hypergraph updated at epoch 500

🔧 Epoch 500 梯度检查:
================================================================================

  参数名称                              梯度范数         梯度均值 状态             
  ----------------------------------------------------------------------
  type_relations                0.131536     0.002199 ✅ 正常           
  exist_relation                0.017047     0.000643 ✅ 正常           
  mi_proj_layer0                0.026051     0.000069 ✅ 正常           
  dis_proj_layer0               0.024531     0.000071 ✅ 正常           
================================================================================

Epoch 500, Total Loss: 15.6123, Recover Loss: 0.8305, miRNA CL: 7.5296, Disease CL: 7.0017, Inter-view (est): 3.3534, Recon Loss: 0.0265, Time: 421.39s
[INFO] Hypergraph updated at epoch 550

🔧 Epoch 550 梯度检查:
================================================================================

  参数名称                              梯度范数         梯度均值 状态             
  ----------------------------------------------------------------------
  type_relations                0.137361     0.002320 ✅ 正常           
  exist_relation                0.016093     0.000592 ✅ 正常           
  mi_proj_layer0                0.023470     0.000070 ✅ 正常           
  dis_proj_layer0               0.025915     0.000076 ✅ 正常           
================================================================================

Epoch 550, Total Loss: 15.5761, Recover Loss: 0.8330, miRNA CL: 7.5046, Disease CL: 6.9892, Inter-view (est): 3.3447, Recon Loss: 0.0264, Time: 456.85s
[INFO] Hypergraph updated at epoch 600

🔧 Epoch 600 梯度检查:
================================================================================

  参数名称                              梯度范数         梯度均值 状态             
  ----------------------------------------------------------------------
  type_relations                0.133649     0.002192 ✅ 正常           
  exist_relation                0.017805     0.000605 ✅ 正常           
  mi_proj_layer0                0.022491     0.000064 ✅ 正常           
  dis_proj_layer0               0.024569     0.000071 ✅ 正常           
================================================================================

Epoch 600, Total Loss: 15.5197, Recover Loss: 0.8134, miRNA CL: 7.4819, Disease CL: 6.9764, Inter-view (est): 3.3365, Recon Loss: 0.0261, Time: 492.78s
[INFO] Hypergraph updated at epoch 650

🔧 Epoch 650 梯度检查:
================================================================================

  参数名称                              梯度范数         梯度均值 状态             
  ----------------------------------------------------------------------
  type_relations                0.116540     0.001961 ✅ 正常           
  exist_relation                0.016915     0.000553 ✅ 正常           
  mi_proj_layer0                0.021252     0.000061 ✅ 正常           
  dis_proj_layer0               0.026078     0.000071 ✅ 正常           
================================================================================

Epoch 650, Total Loss: 15.4822, Recover Loss: 0.8098, miRNA CL: 7.4629, Disease CL: 6.9631, Inter-view (est): 3.3291, Recon Loss: 0.0258, Time: 528.27s

================================================================================
Training completed. Running final test...
================================================================================
Fold 1 completed - AUC: 0.9760, Top-1 F1: 0.5460
Fold 1 training time: 529.40 seconds
=== Cross Validation Fold 2/5 ===
Using hidden dimensions: [256, 256] with 4 attention heads
优化模型初始化: miRNA数量 = 495, 疾病数量 = 383
   节点维度: 256 → 128
   类型数量: 4
   Temperature: 2.0 (可学习)
   Loss mode: two_head
   loss_mode=two_head
   exist_weight=0.300, type_weight=0.700

✅ SimplifiedMultiTypeAssociationLoss 初始化 (改进版)
   类别权重 (beta=0.99999): ['0.780', '1.822', '0.977', '0.421']
Original positive index shape: torch.Size([1072, 2])
Original negative index shape: torch.Size([135416, 2])
采样后负样本数量: 10720
🎯 Building TRUE DUAL VIEWS from four different sources...
📊 Data sources loaded:
  Disease semantic: torch.Size([383, 383])
  miRNA functional: torch.Size([495, 495])
  Disease-gene: torch.Size([383, 383])
  miRNA-sequence: torch.Size([495, 495])
🧬 Building miRNA dual-view hypergraphs...
  📊 miRNA View 1 (Sequence): torch.Size([495, 878])
  📊 miRNA View 2 (Function): torch.Size([495, 878])
🦠 Building disease dual-view hypergraphs...
  📊 Disease View 1 (Gene): torch.Size([383, 878])
  📊 Disease View 2 (Semantic): torch.Size([383, 878])
✅ Successfully built TRUE DUAL VIEWS:
   🧬 miRNA: Sequence Features (m_ss.xlsx) vs Functional Similarity (mi_fun_sim_2.0.csv)
   🦠 Disease: Gene Features (d_gs.xlsx) vs Semantic Similarity (dis_sem_sim_2.0.csv)

🔧 Epoch 1 梯度检查:
================================================================================

  参数名称                              梯度范数         梯度均值 状态             
  ----------------------------------------------------------------------
  type_relations                0.063554     0.001755 ✅ 正常           
  exist_relation                0.287845     0.016477 ✅ 正常           
  mi_proj_layer0                1.000848     0.002856 ✅ 正常           
  dis_proj_layer0               0.941850     0.002742 ✅ 正常           
================================================================================

Epoch 1, Total Loss: 22.6524, Recover Loss: 1.1099, miRNA CL: 10.1453, Disease CL: 9.6252, Inter-view (est): 4.5624, Recon Loss: 1.4738, Time: 0.68s
[INFO] Hypergraph updated at epoch 5
[INFO] Hypergraph updated at epoch 10
[INFO] Hypergraph updated at epoch 15
[INFO] Hypergraph updated at epoch 20
[INFO] Hypergraph updated at epoch 25
[INFO] Hypergraph updated at epoch 30
[INFO] Hypergraph updated at epoch 35
[INFO] Hypergraph updated at epoch 40
[INFO] Hypergraph updated at epoch 45
[INFO] Hypergraph updated at epoch 50

🔧 Epoch 50 梯度检查:
================================================================================

  参数名称                              梯度范数         梯度均值 状态             
  ----------------------------------------------------------------------
  type_relations                0.062361     0.001722 ✅ 正常           
  exist_relation                0.015253     0.000835 ✅ 正常           
  mi_proj_layer0                0.021845     0.000079 ✅ 正常           
  dis_proj_layer0               0.024057     0.000085 ✅ 正常           
================================================================================

Epoch 50, Total Loss: 19.0419, Recover Loss: 1.0096, miRNA CL: 8.9367, Disease CL: 8.6832, Inter-view (est): 4.0661, Recon Loss: 0.1297, Time: 94.81s
[INFO] Hypergraph updated at epoch 100

🔧 Epoch 100 梯度检查:
================================================================================

  参数名称                              梯度范数         梯度均值 状态             
  ----------------------------------------------------------------------
  type_relations                0.127988     0.002903 ✅ 正常           
  exist_relation                0.011585     0.000659 ✅ 正常           
  mi_proj_layer0                0.023529     0.000083 ✅ 正常           
  dis_proj_layer0               0.024868     0.000086 ✅ 正常           
================================================================================

Epoch 100, Total Loss: 17.7132, Recover Loss: 0.9877, miRNA CL: 8.5214, Disease CL: 7.9103, Inter-view (est): 3.7919, Recon Loss: 0.0311, Time: 132.83s
[INFO] Hypergraph updated at epoch 150

🔧 Epoch 150 梯度检查:
================================================================================

  参数名称                              梯度范数         梯度均值 状态             
  ----------------------------------------------------------------------
  type_relations                0.185520     0.003278 ✅ 正常           
  exist_relation                0.019641     0.000862 ✅ 正常           
  mi_proj_layer0                0.024589     0.000087 ✅ 正常           
  dis_proj_layer0               0.027363     0.000093 ✅ 正常           
================================================================================

Epoch 150, Total Loss: 16.8250, Recover Loss: 0.9495, miRNA CL: 8.1267, Disease CL: 7.4700, Inter-view (est): 3.5992, Recon Loss: 0.0293, Time: 168.40s
[INFO] Hypergraph updated at epoch 200

🔧 Epoch 200 梯度检查:
================================================================================

  参数名称                              梯度范数         梯度均值 状态             
  ----------------------------------------------------------------------
  type_relations                0.188730     0.003374 ✅ 正常           
  exist_relation                0.019446     0.000739 ✅ 正常           
  mi_proj_layer0                0.023996     0.000079 ✅ 正常           
  dis_proj_layer0               0.024460     0.000080 ✅ 正常           
================================================================================

Epoch 200, Total Loss: 16.3842, Recover Loss: 0.9254, miRNA CL: 7.9231, Disease CL: 7.2664, Inter-view (est): 3.5053, Recon Loss: 0.0282, Time: 204.42s
[INFO] Hypergraph updated at epoch 250

🔧 Epoch 250 梯度检查:
================================================================================

  参数名称                              梯度范数         梯度均值 状态             
  ----------------------------------------------------------------------
  type_relations                0.201599     0.003394 ✅ 正常           
  exist_relation                0.022091     0.000788 ✅ 正常           
  mi_proj_layer0                0.024959     0.000077 ✅ 正常           
  dis_proj_layer0               0.026954     0.000082 ✅ 正常           
================================================================================

Epoch 250, Total Loss: 16.1371, Recover Loss: 0.8905, miRNA CL: 7.8121, Disease CL: 7.1706, Inter-view (est): 3.4575, Recon Loss: 0.0288, Time: 240.03s
[INFO] Hypergraph updated at epoch 300

🔧 Epoch 300 梯度检查:
================================================================================

  参数名称                              梯度范数         梯度均值 状态             
  ----------------------------------------------------------------------
  type_relations                0.158420     0.002622 ✅ 正常           
  exist_relation                0.019962     0.000664 ✅ 正常           
  mi_proj_layer0                0.020855     0.000066 ✅ 正常           
  dis_proj_layer0               0.023650     0.000074 ✅ 正常           
================================================================================

Epoch 300, Total Loss: 15.9571, Recover Loss: 0.8679, miRNA CL: 7.7207, Disease CL: 7.1105, Inter-view (est): 3.4226, Recon Loss: 0.0271, Time: 276.06s
[INFO] Hypergraph updated at epoch 350

🔧 Epoch 350 梯度检查:
================================================================================

  参数名称                              梯度范数         梯度均值 状态             
  ----------------------------------------------------------------------
  type_relations                0.151100     0.002619 ✅ 正常           
  exist_relation                0.013554     0.000554 ✅ 正常           
  mi_proj_layer0                0.019876     0.000066 ✅ 正常           
  dis_proj_layer0               0.023696     0.000075 ✅ 正常           
================================================================================

Epoch 350, Total Loss: 15.8252, Recover Loss: 0.8548, miRNA CL: 7.6470, Disease CL: 7.0691, Inter-view (est): 3.3960, Recon Loss: 0.0265, Time: 311.92s
[INFO] Hypergraph updated at epoch 400

🔧 Epoch 400 梯度检查:
================================================================================

  参数名称                              梯度范数         梯度均值 状态             
  ----------------------------------------------------------------------
  type_relations                0.135001     0.002535 ✅ 正常           
  exist_relation                0.019360     0.000694 ✅ 正常           
  mi_proj_layer0                0.020422     0.000063 ✅ 正常           
  dis_proj_layer0               0.022950     0.000070 ✅ 正常           
================================================================================

Epoch 400, Total Loss: 15.7304, Recover Loss: 0.8440, miRNA CL: 7.5900, Disease CL: 7.0441, Inter-view (est): 3.3771, Recon Loss: 0.0266, Time: 348.06s
[INFO] Hypergraph updated at epoch 450

🔧 Epoch 450 梯度检查:
================================================================================

  参数名称                              梯度范数         梯度均值 状态             
  ----------------------------------------------------------------------
  type_relations                0.149264     0.002779 ✅ 正常           
  exist_relation                0.012483     0.000470 ✅ 正常           
  mi_proj_layer0                0.022159     0.000068 ✅ 正常           
  dis_proj_layer0               0.022872     0.000075 ✅ 正常           
================================================================================

Epoch 450, Total Loss: 15.6490, Recover Loss: 0.8337, miRNA CL: 7.5393, Disease CL: 7.0253, Inter-view (est): 3.3611, Recon Loss: 0.0263, Time: 384.27s
[INFO] Hypergraph updated at epoch 500

🔧 Epoch 500 梯度检查:
================================================================================

  参数名称                              梯度范数         梯度均值 状态             
  ----------------------------------------------------------------------
  type_relations                0.137059     0.002493 ✅ 正常           
  exist_relation                0.016752     0.000649 ✅ 正常           
  mi_proj_layer0                0.021841     0.000067 ✅ 正常           
  dis_proj_layer0               0.024531     0.000074 ✅ 正常           
================================================================================

Epoch 500, Total Loss: 15.5894, Recover Loss: 0.8275, miRNA CL: 7.5034, Disease CL: 7.0098, Inter-view (est): 3.3492, Recon Loss: 0.0257, Time: 420.36s
[INFO] Hypergraph updated at epoch 550

🔧 Epoch 550 梯度检查:
================================================================================

  参数名称                              梯度范数         梯度均值 状态             
  ----------------------------------------------------------------------
  type_relations                0.142510     0.002504 ✅ 正常           
  exist_relation                0.014894     0.000576 ✅ 正常           
  mi_proj_layer0                0.023154     0.000069 ✅ 正常           
  dis_proj_layer0               0.026013     0.000079 ✅ 正常           
================================================================================

Epoch 550, Total Loss: 15.5396, Recover Loss: 0.8209, miRNA CL: 7.4753, Disease CL: 6.9958, Inter-view (est): 3.3395, Recon Loss: 0.0258, Time: 457.06s
[INFO] Hypergraph updated at epoch 600

🔧 Epoch 600 梯度检查:
================================================================================

  参数名称                              梯度范数         梯度均值 状态             
  ----------------------------------------------------------------------
  type_relations                0.117398     0.002084 ✅ 正常           
  exist_relation                0.015964     0.000582 ✅ 正常           
  mi_proj_layer0                0.018803     0.000059 ✅ 正常           
  dis_proj_layer0               0.023230     0.000068 ✅ 正常           
================================================================================

Epoch 600, Total Loss: 15.4899, Recover Loss: 0.8075, miRNA CL: 7.4529, Disease CL: 6.9829, Inter-view (est): 3.3313, Recon Loss: 0.0260, Time: 493.28s
[INFO] Hypergraph updated at epoch 650

🔧 Epoch 650 梯度检查:
================================================================================

  参数名称                              梯度范数         梯度均值 状态             
  ----------------------------------------------------------------------
  type_relations                0.129332     0.002359 ✅ 正常           
  exist_relation                0.012953     0.000492 ✅ 正常           
  mi_proj_layer0                0.019428     0.000060 ✅ 正常           
  dis_proj_layer0               0.023039     0.000070 ✅ 正常           
================================================================================

Epoch 650, Total Loss: 15.4505, Recover Loss: 0.8027, miRNA CL: 7.4320, Disease CL: 6.9705, Inter-view (est): 3.3236, Recon Loss: 0.0257, Time: 529.51s

================================================================================
Training completed. Running final test...
================================================================================
Fold 2 completed - AUC: 0.9741, Top-1 F1: 0.5629
Fold 2 training time: 530.37 seconds
=== Cross Validation Fold 3/5 ===
Using hidden dimensions: [256, 256] with 4 attention heads
优化模型初始化: miRNA数量 = 495, 疾病数量 = 383
   节点维度: 256 → 128
   类型数量: 4
   Temperature: 2.0 (可学习)
   Loss mode: two_head
   loss_mode=two_head
   exist_weight=0.300, type_weight=0.700

✅ SimplifiedMultiTypeAssociationLoss 初始化 (改进版)
   类别权重 (beta=0.99999): ['0.780', '1.822', '0.977', '0.421']
Original positive index shape: torch.Size([1072, 2])
Original negative index shape: torch.Size([135416, 2])
采样后负样本数量: 10720
🎯 Building TRUE DUAL VIEWS from four different sources...
📊 Data sources loaded:
  Disease semantic: torch.Size([383, 383])
  miRNA functional: torch.Size([495, 495])
  Disease-gene: torch.Size([383, 383])
  miRNA-sequence: torch.Size([495, 495])
🧬 Building miRNA dual-view hypergraphs...
  📊 miRNA View 1 (Sequence): torch.Size([495, 878])
  📊 miRNA View 2 (Function): torch.Size([495, 878])
🦠 Building disease dual-view hypergraphs...
  📊 Disease View 1 (Gene): torch.Size([383, 878])
  📊 Disease View 2 (Semantic): torch.Size([383, 878])
✅ Successfully built TRUE DUAL VIEWS:
   🧬 miRNA: Sequence Features (m_ss.xlsx) vs Functional Similarity (mi_fun_sim_2.0.csv)
   🦠 Disease: Gene Features (d_gs.xlsx) vs Semantic Similarity (dis_sem_sim_2.0.csv)

🔧 Epoch 1 梯度检查:
================================================================================

  参数名称                              梯度范数         梯度均值 状态             
  ----------------------------------------------------------------------
  type_relations                0.064024     0.001960 ✅ 正常           
  exist_relation                0.362819     0.019218 ✅ 正常           
  mi_proj_layer0                1.001426     0.002949 ✅ 正常           
  dis_proj_layer0               1.164089     0.003117 ✅ 正常           
================================================================================

Epoch 1, Total Loss: 22.6323, Recover Loss: 1.1095, miRNA CL: 10.0929, Disease CL: 9.6233, Inter-view (est): 4.5499, Recon Loss: 1.5082, Time: 0.66s
[INFO] Hypergraph updated at epoch 5
[INFO] Hypergraph updated at epoch 10
[INFO] Hypergraph updated at epoch 15
[INFO] Hypergraph updated at epoch 20
[INFO] Hypergraph updated at epoch 25
[INFO] Hypergraph updated at epoch 30
[INFO] Hypergraph updated at epoch 35
[INFO] Hypergraph updated at epoch 40
[INFO] Hypergraph updated at epoch 45
[INFO] Hypergraph updated at epoch 50

🔧 Epoch 50 梯度检查:
================================================================================

  参数名称                              梯度范数         梯度均值 状态             
  ----------------------------------------------------------------------
  type_relations                0.073936     0.001974 ✅ 正常           
  exist_relation                0.021225     0.001181 ✅ 正常           
  mi_proj_layer0                0.030026     0.000107 ✅ 正常           
  dis_proj_layer0               0.027849     0.000101 ✅ 正常           
================================================================================

Epoch 50, Total Loss: 19.0693, Recover Loss: 1.0098, miRNA CL: 8.9494, Disease CL: 8.6962, Inter-view (est): 4.0721, Recon Loss: 0.1306, Time: 99.38s
[INFO] Hypergraph updated at epoch 100

🔧 Epoch 100 梯度检查:
================================================================================

  参数名称                              梯度范数         梯度均值 状态             
  ----------------------------------------------------------------------
  type_relations                0.138910     0.002949 ✅ 正常           
  exist_relation                0.012165     0.000663 ✅ 正常           
  mi_proj_layer0                0.023752     0.000080 ✅ 正常           
  dis_proj_layer0               0.025286     0.000086 ✅ 正常           
================================================================================

Epoch 100, Total Loss: 17.8005, Recover Loss: 0.9856, miRNA CL: 8.5763, Disease CL: 7.9436, Inter-view (est): 3.8123, Recon Loss: 0.0317, Time: 137.55s
[INFO] Hypergraph updated at epoch 150

🔧 Epoch 150 梯度检查:
================================================================================

  参数名称                              梯度范数         梯度均值 状态             
  ----------------------------------------------------------------------
  type_relations                0.184483     0.003080 ✅ 正常           
  exist_relation                0.015526     0.000644 ✅ 正常           
  mi_proj_layer0                0.022668     0.000074 ✅ 正常           
  dis_proj_layer0               0.023262     0.000081 ✅ 正常           
================================================================================

Epoch 150, Total Loss: 16.9329, Recover Loss: 0.9463, miRNA CL: 8.2288, Disease CL: 7.4772, Inter-view (est): 3.6245, Recon Loss: 0.0310, Time: 173.23s
[INFO] Hypergraph updated at epoch 200

🔧 Epoch 200 梯度检查:
================================================================================

  参数名称                              梯度范数         梯度均值 状态             
  ----------------------------------------------------------------------
  type_relations                0.208247     0.003163 ✅ 正常           
  exist_relation                0.009287     0.000390 ✅ 正常           
  mi_proj_layer0                0.022794     0.000071 ✅ 正常           
  dis_proj_layer0               0.022132     0.000074 ✅ 正常           
================================================================================

Epoch 200, Total Loss: 16.4474, Recover Loss: 0.9234, miRNA CL: 7.9738, Disease CL: 7.2789, Inter-view (est): 3.5199, Recon Loss: 0.0292, Time: 208.31s
[INFO] Hypergraph updated at epoch 250

🔧 Epoch 250 梯度检查:
================================================================================

  参数名称                              梯度范数         梯度均值 状态             
  ----------------------------------------------------------------------
  type_relations                0.219736     0.003197 ✅ 正常           
  exist_relation                0.015206     0.000566 ✅ 正常           
  mi_proj_layer0                0.023966     0.000073 ✅ 正常           
  dis_proj_layer0               0.022693     0.000073 ✅ 正常           
================================================================================

Epoch 250, Total Loss: 16.1683, Recover Loss: 0.8963, miRNA CL: 7.8417, Disease CL: 7.1661, Inter-view (est): 3.4633, Recon Loss: 0.0284, Time: 243.55s
[INFO] Hypergraph updated at epoch 300

🔧 Epoch 300 梯度检查:
================================================================================

  参数名称                              梯度范数         梯度均值 状态             
  ----------------------------------------------------------------------
  type_relations                0.165037     0.002615 ✅ 正常           
  exist_relation                0.014967     0.000551 ✅ 正常           
  mi_proj_layer0                0.019234     0.000061 ✅ 正常           
  dis_proj_layer0               0.019282     0.000062 ✅ 正常           
================================================================================

Epoch 300, Total Loss: 15.9621, Recover Loss: 0.8658, miRNA CL: 7.7445, Disease CL: 7.0933, Inter-view (est): 3.4241, Recon Loss: 0.0272, Time: 278.82s
[INFO] Hypergraph updated at epoch 350

🔧 Epoch 350 梯度检查:
================================================================================

  参数名称                              梯度范数         梯度均值 状态             
  ----------------------------------------------------------------------
  type_relations                0.159500     0.002493 ✅ 正常           
  exist_relation                0.024435     0.000874 ✅ 正常           
  mi_proj_layer0                0.023428     0.000066 ✅ 正常           
  dis_proj_layer0               0.021441     0.000064 ✅ 正常           
================================================================================

Epoch 350, Total Loss: 15.8048, Recover Loss: 0.8553, miRNA CL: 7.6509, Disease CL: 7.0434, Inter-view (est): 3.3910, Recon Loss: 0.0275, Time: 314.47s
[INFO] Hypergraph updated at epoch 400

🔧 Epoch 400 梯度检查:
================================================================================

  参数名称                              梯度范数         梯度均值 状态             
  ----------------------------------------------------------------------
  type_relations                0.147513     0.002413 ✅ 正常           
  exist_relation                0.016676     0.000631 ✅ 正常           
  mi_proj_layer0                0.018087     0.000057 ✅ 正常           
  dis_proj_layer0               0.019386     0.000061 ✅ 正常           
================================================================================

Epoch 400, Total Loss: 15.6956, Recover Loss: 0.8423, miRNA CL: 7.5834, Disease CL: 7.0173, Inter-view (est): 3.3694, Recon Loss: 0.0269, Time: 350.33s
[INFO] Hypergraph updated at epoch 450

🔧 Epoch 450 梯度检查:
================================================================================

  参数名称                              梯度范数         梯度均值 状态             
  ----------------------------------------------------------------------
  type_relations                0.128170     0.002128 ✅ 正常           
  exist_relation                0.014759     0.000579 ✅ 正常           
  mi_proj_layer0                0.018400     0.000057 ✅ 正常           
  dis_proj_layer0               0.020109     0.000063 ✅ 正常           
================================================================================

Epoch 450, Total Loss: 15.6241, Recover Loss: 0.8351, miRNA CL: 7.5389, Disease CL: 6.9996, Inter-view (est): 3.3550, Recon Loss: 0.0264, Time: 386.18s
[INFO] Hypergraph updated at epoch 500

🔧 Epoch 500 梯度检查:
================================================================================

  参数名称                              梯度范数         梯度均值 状态             
  ----------------------------------------------------------------------
  type_relations                0.140477     0.002377 ✅ 正常           
  exist_relation                0.013738     0.000560 ✅ 正常           
  mi_proj_layer0                0.018564     0.000058 ✅ 正常           
  dis_proj_layer0               0.022029     0.000067 ✅ 正常           
================================================================================

Epoch 500, Total Loss: 15.5681, Recover Loss: 0.8278, miRNA CL: 7.5067, Disease CL: 6.9844, Inter-view (est): 3.3441, Recon Loss: 0.0264, Time: 421.75s
[INFO] Hypergraph updated at epoch 550

🔧 Epoch 550 梯度检查:
================================================================================

  参数名称                              梯度范数         梯度均值 状态             
  ----------------------------------------------------------------------
  type_relations                0.117933     0.002011 ✅ 正常           
  exist_relation                0.021368     0.000744 ✅ 正常           
  mi_proj_layer0                0.017952     0.000056 ✅ 正常           
  dis_proj_layer0               0.020989     0.000065 ✅ 正常           
================================================================================

Epoch 550, Total Loss: 15.5187, Recover Loss: 0.8189, miRNA CL: 7.4809, Disease CL: 6.9708, Inter-view (est): 3.3350, Recon Loss: 0.0265, Time: 458.10s
[INFO] Hypergraph updated at epoch 600

🔧 Epoch 600 梯度检查:
================================================================================

  参数名称                              梯度范数         梯度均值 状态             
  ----------------------------------------------------------------------
  type_relations                0.108479     0.001926 ✅ 正常           
  exist_relation                0.015971     0.000598 ✅ 正常           
  mi_proj_layer0                0.018866     0.000059 ✅ 正常           
  dis_proj_layer0               0.018401     0.000060 ✅ 正常           
================================================================================

Epoch 600, Total Loss: 15.4731, Recover Loss: 0.8088, miRNA CL: 7.4592, Disease CL: 6.9578, Inter-view (est): 3.3270, Recon Loss: 0.0269, Time: 493.55s
[INFO] Hypergraph updated at epoch 650

🔧 Epoch 650 梯度检查:
================================================================================

  参数名称                              梯度范数         梯度均值 状态             
  ----------------------------------------------------------------------
  type_relations                0.106717     0.001862 ✅ 正常           
  exist_relation                0.016863     0.000592 ✅ 正常           
  mi_proj_layer0                0.017241     0.000053 ✅ 正常           
  dis_proj_layer0               0.018436     0.000058 ✅ 正常           
================================================================================

Epoch 650, Total Loss: 15.4433, Recover Loss: 0.8029, miRNA CL: 7.4490, Disease CL: 6.9455, Inter-view (est): 3.3218, Recon Loss: 0.0266, Time: 529.97s

================================================================================
Training completed. Running final test...
================================================================================
Fold 3 completed - AUC: 0.9737, Top-1 F1: 0.5763
Fold 3 training time: 530.77 seconds
=== Cross Validation Fold 4/5 ===
Using hidden dimensions: [256, 256] with 4 attention heads
优化模型初始化: miRNA数量 = 495, 疾病数量 = 383
   节点维度: 256 → 128
   类型数量: 4
   Temperature: 2.0 (可学习)
   Loss mode: two_head
   loss_mode=two_head
   exist_weight=0.300, type_weight=0.700

✅ SimplifiedMultiTypeAssociationLoss 初始化 (改进版)
   类别权重 (beta=0.99999): ['0.780', '1.822', '0.977', '0.421']
Original positive index shape: torch.Size([1072, 2])
Original negative index shape: torch.Size([135416, 2])
采样后负样本数量: 10720
🎯 Building TRUE DUAL VIEWS from four different sources...
📊 Data sources loaded:
  Disease semantic: torch.Size([383, 383])
  miRNA functional: torch.Size([495, 495])
  Disease-gene: torch.Size([383, 383])
  miRNA-sequence: torch.Size([495, 495])
🧬 Building miRNA dual-view hypergraphs...
  📊 miRNA View 1 (Sequence): torch.Size([495, 878])
  📊 miRNA View 2 (Function): torch.Size([495, 878])
🦠 Building disease dual-view hypergraphs...
  📊 Disease View 1 (Gene): torch.Size([383, 878])
  📊 Disease View 2 (Semantic): torch.Size([383, 878])
✅ Successfully built TRUE DUAL VIEWS:
   🧬 miRNA: Sequence Features (m_ss.xlsx) vs Functional Similarity (mi_fun_sim_2.0.csv)
   🦠 Disease: Gene Features (d_gs.xlsx) vs Semantic Similarity (dis_sem_sim_2.0.csv)

🔧 Epoch 1 梯度检查:
================================================================================

  参数名称                              梯度范数         梯度均值 状态             
  ----------------------------------------------------------------------
  type_relations                0.051310     0.001579 ✅ 正常           
  exist_relation                0.166491     0.009982 ✅ 正常           
  mi_proj_layer0                0.468232     0.001420 ✅ 正常           
  dis_proj_layer0               0.632850     0.001967 ✅ 正常           
================================================================================

Epoch 1, Total Loss: 22.6353, Recover Loss: 1.0694, miRNA CL: 10.1225, Disease CL: 9.6532, Inter-view (est): 4.5636, Recon Loss: 1.4920, Time: 0.72s
[INFO] Hypergraph updated at epoch 5
[INFO] Hypergraph updated at epoch 10
[INFO] Hypergraph updated at epoch 15
[INFO] Hypergraph updated at epoch 20
[INFO] Hypergraph updated at epoch 25
[INFO] Hypergraph updated at epoch 30
[INFO] Hypergraph updated at epoch 35
[INFO] Hypergraph updated at epoch 40
[INFO] Hypergraph updated at epoch 45
[INFO] Hypergraph updated at epoch 50

🔧 Epoch 50 梯度检查:
================================================================================

  参数名称                              梯度范数         梯度均值 状态             
  ----------------------------------------------------------------------
  type_relations                0.066454     0.001733 ✅ 正常           
  exist_relation                0.011462     0.000744 ✅ 正常           
  mi_proj_layer0                0.019608     0.000072 ✅ 正常           
  dis_proj_layer0               0.022956     0.000082 ✅ 正常           
================================================================================

Epoch 50, Total Loss: 19.0586, Recover Loss: 1.0084, miRNA CL: 8.9581, Disease CL: 8.7004, Inter-view (est): 4.0750, Recon Loss: 0.1091, Time: 99.01s
[INFO] Hypergraph updated at epoch 100

🔧 Epoch 100 梯度检查:
================================================================================

  参数名称                              梯度范数         梯度均值 状态             
  ----------------------------------------------------------------------
  type_relations                0.152882     0.002877 ✅ 正常           
  exist_relation                0.019568     0.000854 ✅ 正常           
  mi_proj_layer0                0.021131     0.000076 ✅ 正常           
  dis_proj_layer0               0.025873     0.000091 ✅ 正常           
================================================================================

Epoch 100, Total Loss: 17.7267, Recover Loss: 0.9867, miRNA CL: 8.5846, Disease CL: 7.8627, Inter-view (est): 3.7955, Recon Loss: 0.0308, Time: 136.18s
[INFO] Hypergraph updated at epoch 150

🔧 Epoch 150 梯度检查:
================================================================================

  参数名称                              梯度范数         梯度均值 状态             
  ----------------------------------------------------------------------
  type_relations                0.185139     0.003004 ✅ 正常           
  exist_relation                0.016569     0.000678 ✅ 正常           
  mi_proj_layer0                0.021023     0.000071 ✅ 正常           
  dis_proj_layer0               0.024495     0.000080 ✅ 正常           
================================================================================

Epoch 150, Total Loss: 16.9157, Recover Loss: 0.9469, miRNA CL: 8.2448, Disease CL: 7.4463, Inter-view (est): 3.6210, Recon Loss: 0.0301, Time: 171.93s
[INFO] Hypergraph updated at epoch 200

🔧 Epoch 200 梯度检查:
================================================================================

  参数名称                              梯度范数         梯度均值 状态             
  ----------------------------------------------------------------------
  type_relations                0.171564     0.002827 ✅ 正常           
  exist_relation                0.022010     0.000737 ✅ 正常           
  mi_proj_layer0                0.023135     0.000075 ✅ 正常           
  dis_proj_layer0               0.024748     0.000079 ✅ 正常           
================================================================================

Epoch 200, Total Loss: 16.3896, Recover Loss: 0.9239, miRNA CL: 7.9649, Disease CL: 7.2333, Inter-view (est): 3.5073, Recon Loss: 0.0293, Time: 208.62s
[INFO] Hypergraph updated at epoch 250

🔧 Epoch 250 梯度检查:
================================================================================

  参数名称                              梯度范数         梯度均值 状态             
  ----------------------------------------------------------------------
  type_relations                0.160404     0.002748 ✅ 正常           
  exist_relation                0.016839     0.000644 ✅ 正常           
  mi_proj_layer0                0.021164     0.000067 ✅ 正常           
  dis_proj_layer0               0.023099     0.000075 ✅ 正常           
================================================================================

Epoch 250, Total Loss: 16.0990, Recover Loss: 0.8926, miRNA CL: 7.8185, Disease CL: 7.1285, Inter-view (est): 3.4493, Recon Loss: 0.0283, Time: 244.03s
[INFO] Hypergraph updated at epoch 300

🔧 Epoch 300 梯度检查:
================================================================================

  参数名称                              梯度范数         梯度均值 状态             
  ----------------------------------------------------------------------
  type_relations                0.149887     0.002675 ✅ 正常           
  exist_relation                0.016976     0.000687 ✅ 正常           
  mi_proj_layer0                0.023362     0.000072 ✅ 正常           
  dis_proj_layer0               0.025075     0.000077 ✅ 正常           
================================================================================

Epoch 300, Total Loss: 15.9152, Recover Loss: 0.8632, miRNA CL: 7.7338, Disease CL: 7.0646, Inter-view (est): 3.4150, Recon Loss: 0.0270, Time: 279.84s
[INFO] Hypergraph updated at epoch 350

🔧 Epoch 350 梯度检查:
================================================================================

  参数名称                              梯度范数         梯度均值 状态             
  ----------------------------------------------------------------------
  type_relations                0.154805     0.002633 ✅ 正常           
  exist_relation                0.021082     0.000820 ✅ 正常           
  mi_proj_layer0                0.019694     0.000061 ✅ 正常           
  dis_proj_layer0               0.025200     0.000078 ✅ 正常           
================================================================================

Epoch 350, Total Loss: 15.7764, Recover Loss: 0.8408, miRNA CL: 7.6617, Disease CL: 7.0232, Inter-view (est): 3.3888, Recon Loss: 0.0271, Time: 314.89s
[INFO] Hypergraph updated at epoch 400

🔧 Epoch 400 梯度检查:
================================================================================

  参数名称                              梯度范数         梯度均值 状态             
  ----------------------------------------------------------------------
  type_relations                0.147264     0.002397 ✅ 正常           
  exist_relation                0.027700     0.000957 ✅ 正常           
  mi_proj_layer0                0.020978     0.000062 ✅ 正常           
  dis_proj_layer0               0.021624     0.000069 ✅ 正常           
================================================================================

Epoch 400, Total Loss: 15.6708, Recover Loss: 0.8265, miRNA CL: 7.6002, Disease CL: 6.9956, Inter-view (est): 3.3683, Recon Loss: 0.0271, Time: 351.62s
[INFO] Hypergraph updated at epoch 450

🔧 Epoch 450 梯度检查:
================================================================================

  参数名称                              梯度范数         梯度均值 状态             
  ----------------------------------------------------------------------
  type_relations                0.147371     0.002480 ✅ 正常           
  exist_relation                0.018836     0.000697 ✅ 正常           
  mi_proj_layer0                0.019941     0.000060 ✅ 正常           
  dis_proj_layer0               0.023303     0.000072 ✅ 正常           
================================================================================

Epoch 450, Total Loss: 15.5905, Recover Loss: 0.8146, miRNA CL: 7.5530, Disease CL: 6.9762, Inter-view (est): 3.3529, Recon Loss: 0.0268, Time: 387.35s
[INFO] Hypergraph updated at epoch 500

🔧 Epoch 500 梯度检查:
================================================================================

  参数名称                              梯度范数         梯度均值 状态             
  ----------------------------------------------------------------------
  type_relations                0.146751     0.002517 ✅ 正常           
  exist_relation                0.025092     0.000841 ✅ 正常           
  mi_proj_layer0                0.022758     0.000065 ✅ 正常           
  dis_proj_layer0               0.024336     0.000073 ✅ 正常           
================================================================================

Epoch 500, Total Loss: 15.5430, Recover Loss: 0.8134, miRNA CL: 7.5194, Disease CL: 6.9634, Inter-view (est): 3.3422, Recon Loss: 0.0281, Time: 424.23s
[INFO] Hypergraph updated at epoch 550

🔧 Epoch 550 梯度检查:
================================================================================

  参数名称                              梯度范数         梯度均值 状态             
  ----------------------------------------------------------------------
  type_relations                0.123638     0.002159 ✅ 正常           
  exist_relation                0.017277     0.000664 ✅ 正常           
  mi_proj_layer0                0.020609     0.000061 ✅ 正常           
  dis_proj_layer0               0.021855     0.000064 ✅ 正常           
================================================================================

Epoch 550, Total Loss: 15.4868, Recover Loss: 0.8031, miRNA CL: 7.4906, Disease CL: 6.9493, Inter-view (est): 3.3323, Recon Loss: 0.0266, Time: 459.66s
[INFO] Hypergraph updated at epoch 600

🔧 Epoch 600 梯度检查:
================================================================================

  参数名称                              梯度范数         梯度均值 状态             
  ----------------------------------------------------------------------
  type_relations                0.129683     0.002277 ✅ 正常           
  exist_relation                0.020455     0.000706 ✅ 正常           
  mi_proj_layer0                0.019296     0.000057 ✅ 正常           
  dis_proj_layer0               0.020740     0.000064 ✅ 正常           
================================================================================

Epoch 600, Total Loss: 15.4568, Recover Loss: 0.8017, miRNA CL: 7.4727, Disease CL: 6.9399, Inter-view (est): 3.3260, Recon Loss: 0.0262, Time: 495.35s
[INFO] Hypergraph updated at epoch 650

🔧 Epoch 650 梯度检查:
================================================================================

  参数名称                              梯度范数         梯度均值 状态             
  ----------------------------------------------------------------------
  type_relations                0.125597     0.002137 ✅ 正常           
  exist_relation                0.021166     0.000785 ✅ 正常           
  mi_proj_layer0                0.019859     0.000059 ✅ 正常           
  dis_proj_layer0               0.019491     0.000061 ✅ 正常           
================================================================================

Epoch 650, Total Loss: 15.4278, Recover Loss: 0.7957, miRNA CL: 7.4577, Disease CL: 6.9320, Inter-view (est): 3.3207, Recon Loss: 0.0269, Time: 531.62s

================================================================================
Training completed. Running final test...
================================================================================
Fold 4 completed - AUC: 0.9742, Top-1 F1: 0.6060
Fold 4 training time: 532.45 seconds
=== Cross Validation Fold 5/5 ===
Using hidden dimensions: [256, 256] with 4 attention heads
优化模型初始化: miRNA数量 = 495, 疾病数量 = 383
   节点维度: 256 → 128
   类型数量: 4
   Temperature: 2.0 (可学习)
   Loss mode: two_head
   loss_mode=two_head
   exist_weight=0.300, type_weight=0.700

✅ SimplifiedMultiTypeAssociationLoss 初始化 (改进版)
   类别权重 (beta=0.99999): ['0.780', '1.822', '0.977', '0.421']
Original positive index shape: torch.Size([1072, 2])
Original negative index shape: torch.Size([135416, 2])
采样后负样本数量: 10720
🎯 Building TRUE DUAL VIEWS from four different sources...
📊 Data sources loaded:
  Disease semantic: torch.Size([383, 383])
  miRNA functional: torch.Size([495, 495])
  Disease-gene: torch.Size([383, 383])
  miRNA-sequence: torch.Size([495, 495])
🧬 Building miRNA dual-view hypergraphs...
  📊 miRNA View 1 (Sequence): torch.Size([495, 878])
  📊 miRNA View 2 (Function): torch.Size([495, 878])
🦠 Building disease dual-view hypergraphs...
  📊 Disease View 1 (Gene): torch.Size([383, 878])
  📊 Disease View 2 (Semantic): torch.Size([383, 878])
✅ Successfully built TRUE DUAL VIEWS:
   🧬 miRNA: Sequence Features (m_ss.xlsx) vs Functional Similarity (mi_fun_sim_2.0.csv)
   🦠 Disease: Gene Features (d_gs.xlsx) vs Semantic Similarity (dis_sem_sim_2.0.csv)

🔧 Epoch 1 梯度检查:
================================================================================

  参数名称                              梯度范数         梯度均值 状态             
  ----------------------------------------------------------------------
  type_relations                0.060713     0.001866 ✅ 正常           
  exist_relation                0.254977     0.014106 ✅ 正常           
  mi_proj_layer0                1.207773     0.002746 ✅ 正常           
  dis_proj_layer0               0.981635     0.002796 ✅ 正常           
================================================================================

Epoch 1, Total Loss: 22.7283, Recover Loss: 1.1093, miRNA CL: 10.1759, Disease CL: 9.6241, Inter-view (est): 4.5692, Recon Loss: 1.5209, Time: 0.73s
[INFO] Hypergraph updated at epoch 5
[INFO] Hypergraph updated at epoch 10
[INFO] Hypergraph updated at epoch 15
[INFO] Hypergraph updated at epoch 20
[INFO] Hypergraph updated at epoch 25
[INFO] Hypergraph updated at epoch 30
[INFO] Hypergraph updated at epoch 35
[INFO] Hypergraph updated at epoch 40
[INFO] Hypergraph updated at epoch 45
[INFO] Hypergraph updated at epoch 50

🔧 Epoch 50 梯度检查:
================================================================================

  参数名称                              梯度范数         梯度均值 状态             
  ----------------------------------------------------------------------
  type_relations                0.080424     0.002024 ✅ 正常           
  exist_relation                0.017753     0.001094 ✅ 正常           
  mi_proj_layer0                0.028370     0.000100 ✅ 正常           
  dis_proj_layer0               0.026755     0.000096 ✅ 正常           
================================================================================

Epoch 50, Total Loss: 19.1124, Recover Loss: 1.0056, miRNA CL: 8.9591, Disease CL: 8.7030, Inter-view (est): 4.0759, Recon Loss: 0.1616, Time: 106.57s
[INFO] Hypergraph updated at epoch 100

🔧 Epoch 100 梯度检查:
================================================================================

  参数名称                              梯度范数         梯度均值 状态             
  ----------------------------------------------------------------------
  type_relations                0.130066     0.002358 ✅ 正常           
  exist_relation                0.012224     0.000532 ✅ 正常           
  mi_proj_layer0                0.020372     0.000071 ✅ 正常           
  dis_proj_layer0               0.023943     0.000080 ✅ 正常           
================================================================================

Epoch 100, Total Loss: 17.7634, Recover Loss: 0.9808, miRNA CL: 8.5799, Disease CL: 7.9058, Inter-view (est): 3.8044, Recon Loss: 0.0328, Time: 145.86s
[INFO] Hypergraph updated at epoch 150

🔧 Epoch 150 梯度检查:
================================================================================

  参数名称                              梯度范数         梯度均值 状态             
  ----------------------------------------------------------------------
  type_relations                0.166439     0.002974 ✅ 正常           
  exist_relation                0.024951     0.000973 ✅ 正常           
  mi_proj_layer0                0.022370     0.000080 ✅ 正常           
  dis_proj_layer0               0.027339     0.000088 ✅ 正常           
================================================================================

Epoch 150, Total Loss: 16.9305, Recover Loss: 0.9491, miRNA CL: 8.2165, Disease CL: 7.4833, Inter-view (est): 3.6230, Recon Loss: 0.0310, Time: 182.43s
[INFO] Hypergraph updated at epoch 200

🔧 Epoch 200 梯度检查:
================================================================================

  参数名称                              梯度范数         梯度均值 状态             
  ----------------------------------------------------------------------
  type_relations                0.172857     0.003019 ✅ 正常           
  exist_relation                0.019365     0.000764 ✅ 正常           
  mi_proj_layer0                0.023869     0.000078 ✅ 正常           
  dis_proj_layer0               0.022700     0.000078 ✅ 正常           
================================================================================

Epoch 200, Total Loss: 16.4018, Recover Loss: 0.9185, miRNA CL: 7.9486, Disease CL: 7.2641, Inter-view (est): 3.5106, Recon Loss: 0.0289, Time: 218.52s
[INFO] Hypergraph updated at epoch 250

🔧 Epoch 250 梯度检查:
================================================================================

  参数名称                              梯度范数         梯度均值 状态             
  ----------------------------------------------------------------------
  type_relations                0.141934     0.002600 ✅ 正常           
  exist_relation                0.029441     0.001052 ✅ 正常           
  mi_proj_layer0                0.020344     0.000068 ✅ 正常           
  dis_proj_layer0               0.021470     0.000072 ✅ 正常           
================================================================================

Epoch 250, Total Loss: 16.0941, Recover Loss: 0.8808, miRNA CL: 7.8081, Disease CL: 7.1420, Inter-view (est): 3.4500, Recon Loss: 0.0283, Time: 254.12s
[INFO] Hypergraph updated at epoch 300

🔧 Epoch 300 梯度检查:
================================================================================

  参数名称                              梯度范数         梯度均值 状态             
  ----------------------------------------------------------------------
  type_relations                0.149104     0.002783 ✅ 正常           
  exist_relation                0.020736     0.000681 ✅ 正常           
  mi_proj_layer0                0.019195     0.000064 ✅ 正常           
  dis_proj_layer0               0.020086     0.000068 ✅ 正常           
================================================================================

Epoch 300, Total Loss: 15.9417, Recover Loss: 0.8688, miRNA CL: 7.7297, Disease CL: 7.0848, Inter-view (est): 3.4187, Recon Loss: 0.0275, Time: 290.09s
[INFO] Hypergraph updated at epoch 350

🔧 Epoch 350 梯度检查:
================================================================================

  参数名称                              梯度范数         梯度均值 状态             
  ----------------------------------------------------------------------
  type_relations                0.124913     0.002328 ✅ 正常           
  exist_relation                0.015809     0.000673 ✅ 正常           
  mi_proj_layer0                0.018551     0.000062 ✅ 正常           
  dis_proj_layer0               0.022454     0.000072 ✅ 正常           
================================================================================

Epoch 350, Total Loss: 15.8252, Recover Loss: 0.8564, miRNA CL: 7.6632, Disease CL: 7.0499, Inter-view (est): 3.3953, Recon Loss: 0.0273, Time: 326.69s
[INFO] Hypergraph updated at epoch 400

🔧 Epoch 400 梯度检查:
================================================================================

  参数名称                              梯度范数         梯度均值 状态             
  ----------------------------------------------------------------------
  type_relations                0.135587     0.002450 ✅ 正常           
  exist_relation                0.015918     0.000622 ✅ 正常           
  mi_proj_layer0                0.021060     0.000066 ✅ 正常           
  dis_proj_layer0               0.021959     0.000071 ✅ 正常           
================================================================================

Epoch 400, Total Loss: 15.7124, Recover Loss: 0.8404, miRNA CL: 7.5972, Disease CL: 7.0208, Inter-view (est): 3.3734, Recon Loss: 0.0277, Time: 362.77s
[INFO] Hypergraph updated at epoch 450

🔧 Epoch 450 梯度检查:
================================================================================

  参数名称                              梯度范数         梯度均值 状态             
  ----------------------------------------------------------------------
  type_relations                0.126666     0.002360 ✅ 正常           
  exist_relation                0.016938     0.000582 ✅ 正常           
  mi_proj_layer0                0.019068     0.000063 ✅ 正常           
  dis_proj_layer0               0.020232     0.000065 ✅ 正常           
================================================================================

Epoch 450, Total Loss: 15.6169, Recover Loss: 0.8268, miRNA CL: 7.5407, Disease CL: 6.9984, Inter-view (est): 3.3552, Recon Loss: 0.0266, Time: 398.62s
[INFO] Hypergraph updated at epoch 500

🔧 Epoch 500 梯度检查:
================================================================================

  参数名称                              梯度范数         梯度均值 状态             
  ----------------------------------------------------------------------
  type_relations                0.115238     0.002104 ✅ 正常           
  exist_relation                0.018897     0.000679 ✅ 正常           
  mi_proj_layer0                0.021693     0.000065 ✅ 正常           
  dis_proj_layer0               0.023853     0.000074 ✅ 正常           
================================================================================

Epoch 500, Total Loss: 15.5636, Recover Loss: 0.8216, miRNA CL: 7.5117, Disease CL: 6.9805, Inter-view (est): 3.3444, Recon Loss: 0.0268, Time: 434.85s
[INFO] Hypergraph updated at epoch 550

🔧 Epoch 550 梯度检查:
================================================================================

  参数名称                              梯度范数         梯度均值 状态             
  ----------------------------------------------------------------------
  type_relations                0.135099     0.002454 ✅ 正常           
  exist_relation                0.016009     0.000567 ✅ 正常           
  mi_proj_layer0                0.020632     0.000065 ✅ 正常           
  dis_proj_layer0               0.026953     0.000079 ✅ 正常           
================================================================================

Epoch 550, Total Loss: 15.5216, Recover Loss: 0.8186, miRNA CL: 7.4866, Disease CL: 6.9685, Inter-view (est): 3.3358, Recon Loss: 0.0262, Time: 470.60s
[INFO] Hypergraph updated at epoch 600

🔧 Epoch 600 梯度检查:
================================================================================

  参数名称                              梯度范数         梯度均值 状态             
  ----------------------------------------------------------------------
  type_relations                0.120865     0.002223 ✅ 正常           
  exist_relation                0.015426     0.000614 ✅ 正常           
  mi_proj_layer0                0.020005     0.000060 ✅ 正常           
  dis_proj_layer0               0.021220     0.000068 ✅ 正常           
================================================================================

Epoch 600, Total Loss: 15.4795, Recover Loss: 0.8094, miRNA CL: 7.4657, Disease CL: 6.9575, Inter-view (est): 3.3284, Recon Loss: 0.0261, Time: 506.67s
[INFO] Hypergraph updated at epoch 650

🔧 Epoch 650 梯度检查:
================================================================================

  参数名称                              梯度范数         梯度均值 状态             
  ----------------------------------------------------------------------
  type_relations                0.126176     0.002310 ✅ 正常           
  exist_relation                0.016869     0.000644 ✅ 正常           
  mi_proj_layer0                0.020102     0.000060 ✅ 正常           
  dis_proj_layer0               0.021529     0.000068 ✅ 正常           
================================================================================

Epoch 650, Total Loss: 15.4469, Recover Loss: 0.8049, miRNA CL: 7.4485, Disease CL: 6.9477, Inter-view (est): 3.3222, Recon Loss: 0.0259, Time: 542.94s

================================================================================
Training completed. Running final test...
================================================================================
Fold 5 completed - AUC: 0.9769, Top-1 F1: 0.5682
Fold 5 training time: 543.78 seconds
Average binary metrics across folds: [[0.9749883  0.96796786 0.93111863 0.92902985 0.95880597 0.89925373
  0.90554057]]
🎯 Average Top-1 metrics across folds: {'top1_precision': 0.5432835820895523, 'top1_recall': np.float64(0.6038690216023463), 'top1_f1': np.float64(0.5718673593164498)}

📊 CV_type Style Metrics Details:
  AUC            : 0.9750
  AUPR           : 0.9680
  F1             : 0.9311
  Accuracy       : 0.9290
  Recall         : 0.9588
  Specificity    : 0.8993
  Precision      : 0.9055

🎯 Top-1 Metrics Details:
  top1_precision : 0.5433
  top1_recall    : 0.6039
  top1_f1        : 0.5719

Total execution time: 2667.19 seconds

==========================================================================================
🎯 FINAL COMPREHENSIVE RESULTS WITH TOP-1 METRICS
==========================================================================================
📊 Binary Classification Metrics (Original):
  AUC: 0.9750
  AUPR: 0.9680
  F1: 0.9311
  Accuracy: 0.9290
  Recall: 0.9588
  Specificity: 0.8993
  Precision: 0.9055

🎯 CV_type Style Metrics (Enhanced):
  AUC: 0.9750
  AUPR: 0.9680
  F1: 0.9311
  Accuracy: 0.9290
  Recall: 0.9588
  Specificity: 0.8993
  Precision: 0.9055

🏆 Top-1 Metrics (NEW):
  Top-1 Precision: 0.5433
  Top-1 Recall: 0.6039
  Top-1 F1: 0.5719
==========================================================================================

================================================================
 LAMBDA2 SWEEP SUMMARY
================================================================

====================================================================================================
LAMBDA2 SWEEP — paper Fig.2a check (seed=1, K=7, default loss)
====================================================================================================
λ₂          AUC     AUPR       F1     T1-P     T1-R    T1-F1  Δ T1-F1 paper 
----------------------------------------------------------------------------------------------------
PAPER    0.9669   0.9738   0.9278   0.5842   0.6341   0.5970  ---           
----------------------------------------------------------------------------------------------------
0.1      0.9747   0.9692   0.9308   0.5567   0.6210   0.5869  -1.7%         
0.3      0.9745   0.9691   0.9307   0.5627   0.6224   0.5909  -1.0%         
0.5      0.9750   0.9680   0.9311   0.5433   0.6039   0.5719  -4.2%         

[BEST] λ₂=0.3, Top-1 F1 = 0.5909 (-1.0% vs paper)
  ✅ Within 3% of paper — REPRODUCE CONFIRMED
  → Next: rerun Fig.4 ablation với λ₂=0.3

[save] results\lambda2_sweep_summary.json
