[INFO] Skip seed 1234 (da co tu Plan A/B/C/D/E)
================================================================
 MULTI-SEED FULL (6 runs, ~50 phut/run)
 Seeds: 42, 7
 Variants: plan_c_w01, plan_e, plan_d
================================================================

[1/6] plan_c_w01 seed=42
----------------------------------------------------------------
[CPU] torch.set_num_threads(14), interop=min(4, 14)
Using device: cpu
[INFO] Auto-computed BALANCED class weights (to prevent class collapse):
  Circulation  (367 samples): 0.780
  Epigenetics  (157 samples): 1.823
  Target       (293 samples): 0.977
  Genetics     (681 samples): 0.420
  [NOTE] Higher weights for minority classes to prevent model from only predicting majority class
[INFO] Using v2.0_495m383D dataset:
  miRNAs: 495
  Diseases: 383
  Expected associations: ~1498
  Types: 4 (Circulation, Epigenetics, Target, Genetics)

================================================================================
Configuration Summary
================================================================================
Dataset: v2.0_495m383D
Data Path: ./
Model: HeterogenousGraphCLAMIR
  - HGT Layers: 2
  - Attention Heads: 4
  - Association Types: 4
  - Inter-view CL: Enabled
    - Weight: 0.3
    - Temperature: 0.5
    - Margin: 0.5

Training:
  - Epochs: 650
  - Learning Rate: 0.0001
  - Dropout: 0.3
  - Weight Decay: 5e-05
  - Focal Loss: Enabled

Evaluation:
  - Cross-Validation Folds: 5
  - Primary Metric: AUPR

Device: cpu
Random Seed: 42
================================================================================

🚀 Running with comprehensive evaluation including Top-1 metrics...
🎯 Loading dual-view data...
Starting dual-view data preparation with new file format...
Loading all similarity and feature files from v2.0_495m383D...
✅ Loaded disease semantic similarity from D_SSM1.txt: (383, 383)
✅ Loaded miRNA functional similarity from M_FSM.txt: (495, 495)
✅ Loaded multi-type association pairs from ./v2.0_495m383D\multi_all_mirna_disease_pairs_without_negative.csv: (1679, 3)
✅ Created multi-type association matrix: (495, 383)
📊 Multi-type Association Statistics:
   无关联 (No association): 188087 pairs (99.21%)
   循环类型 (Circulation): 367 pairs (0.19%)
   表观遗传学 (Epigenetics): 157 pairs (0.08%)
   靶标类型 (Target): 293 pairs (0.15%)
   遗传学类型 (Genetics): 681 pairs (0.36%)
✅ Created association matrix from CSV: (495, 383)
✅ Loaded disease-gene features from D_SSM2.txt: torch.Size([383, 383])
✅ Loaded miRNA-sequence features from M_GSM.txt: torch.Size([495, 495])
Processing integrated similarity matrices...
Loaded similarity matrices from cache
Processing indices...
Loaded indices from cache
✅ Dual-view data preparation completed in 0.38 seconds

============================================================
🎯 DUAL-VIEW CONFIGURATION SUMMARY (v2.0_495m383D)
============================================================
miRNA Dual Views:
  📊 View 1 (Sequence): M_GSM.txt torch.Size([495, 495])
  📊 View 2 (Function): M_FSM.txt torch.Size([495, 495])

Disease Dual Views:
  📊 View 1 (Gene): D_SSM2.txt torch.Size([383, 383])
  📊 View 2 (Semantic): D_SSM1.txt torch.Size([383, 383])

Association Matrix: torch.Size([495, 383])
Data source: v2.0_495m383D (495 miRNAs × 383 Diseases)
============================================================
Preloading dual-view data to device...
✅ Loaded disease-gene features to device: torch.Size([383, 383])
✅ Loaded miRNA-sequence features to device: torch.Size([495, 495])
✅ Loaded disease semantic similarity to device: torch.Size([383, 383])
✅ Loaded miRNA functional similarity to device: torch.Size([495, 495])
✅ Dual-view data preloading completed in 0.00 seconds
OptimizedDataset initialized with 5 folds
Using device: cpu
=== Cross Validation Fold 1/5 ===
Using hidden dimensions: [256, 256] with 4 attention heads
优化模型初始化: miRNA数量 = 495, 疾病数量 = 383
   节点维度: 256 → 128
   类型数量: 4
   Temperature: 2.0 (可学习)
   Loss mode: two_head
   loss_mode=two_head
   exist_weight=0.100, type_weight=0.900

✅ SimplifiedMultiTypeAssociationLoss 初始化 (改进版)
   类别权重 (beta=0.99999): ['0.780', '1.822', '0.977', '0.421']
Original positive index shape: torch.Size([1072, 2])
Original negative index shape: torch.Size([135416, 2])
采样后负样本数量: 10720
🎯 Building TRUE DUAL VIEWS from four different sources...
📊 Data sources loaded:
  Disease semantic: torch.Size([383, 383])
  miRNA functional: torch.Size([495, 495])
  Disease-gene: torch.Size([383, 383])
  miRNA-sequence: torch.Size([495, 495])
🧬 Building miRNA dual-view hypergraphs...
  📊 miRNA View 1 (Sequence): torch.Size([495, 878])
  📊 miRNA View 2 (Function): torch.Size([495, 878])
🦠 Building disease dual-view hypergraphs...
  📊 Disease View 1 (Gene): torch.Size([383, 878])
  📊 Disease View 2 (Semantic): torch.Size([383, 878])
✅ Successfully built TRUE DUAL VIEWS:
   🧬 miRNA: Sequence Features (m_ss.xlsx) vs Functional Similarity (mi_fun_sim_2.0.csv)
   🦠 Disease: Gene Features (d_gs.xlsx) vs Semantic Similarity (dis_sem_sim_2.0.csv)

🔧 Epoch 1 梯度检查:
================================================================================

  参数名称                              梯度范数         梯度均值 状态             
  ----------------------------------------------------------------------
  type_relations                0.073615     0.002360 ✅ 正常           
  exist_relation                0.027932     0.001714 ✅ 正常           
  mi_proj_layer0                0.084408     0.000282 ✅ 正常           
  dis_proj_layer0               0.090906     0.000289 ✅ 正常           
================================================================================

Epoch 1, Total Loss: 20.5485, Recover Loss: 1.3065, miRNA CL: 8.9735, Disease CL: 8.4526, Inter-view (est): 4.0214, Recon Loss: 1.5178, Time: 0.70s
[INFO] Hypergraph updated at epoch 5
[INFO] Hypergraph updated at epoch 10
[INFO] Hypergraph updated at epoch 15
[INFO] Hypergraph updated at epoch 20
[INFO] Hypergraph updated at epoch 25
[INFO] Hypergraph updated at epoch 30
[INFO] Hypergraph updated at epoch 35
[INFO] Hypergraph updated at epoch 40
[INFO] Hypergraph updated at epoch 45
[INFO] Hypergraph updated at epoch 50

🔧 Epoch 50 梯度检查:
================================================================================

  参数名称                              梯度范数         梯度均值 状态             
  ----------------------------------------------------------------------
  type_relations                0.109378     0.002720 ✅ 正常           
  exist_relation                0.008827     0.000444 ✅ 正常           
  mi_proj_layer0                0.023153     0.000080 ✅ 正常           
  dis_proj_layer0               0.024319     0.000081 ✅ 正常           
================================================================================

Epoch 50, Total Loss: 17.3776, Recover Loss: 1.2785, miRNA CL: 8.0195, Disease CL: 7.6936, Inter-view (est): 3.6261, Recon Loss: 0.1064, Time: 96.55s
[INFO] Hypergraph updated at epoch 100

🔧 Epoch 100 梯度检查:
================================================================================

  参数名称                              梯度范数         梯度均值 状态             
  ----------------------------------------------------------------------
  type_relations                0.254018     0.003615 ✅ 正常           
  exist_relation                0.022168     0.000547 ✅ 正常           
  mi_proj_layer0                0.028310     0.000088 ✅ 正常           
  dis_proj_layer0               0.029116     0.000090 ✅ 正常           
================================================================================

Epoch 100, Total Loss: 16.2075, Recover Loss: 1.2369, miRNA CL: 7.7467, Disease CL: 6.9344, Inter-view (est): 3.3879, Recon Loss: 0.0307, Time: 133.10s
[INFO] Hypergraph updated at epoch 150

🔧 Epoch 150 梯度检查:
================================================================================

  参数名称                              梯度范数         梯度均值 状态             
  ----------------------------------------------------------------------
  type_relations                0.259190     0.003816 ✅ 正常           
  exist_relation                0.011906     0.000375 ✅ 正常           
  mi_proj_layer0                0.029902     0.000091 ✅ 正常           
  dis_proj_layer0               0.026016     0.000083 ✅ 正常           
================================================================================

Epoch 150, Total Loss: 15.5370, Recover Loss: 1.1890, miRNA CL: 7.5346, Disease CL: 6.5373, Inter-view (est): 3.2474, Recon Loss: 0.0301, Time: 167.38s
[INFO] Hypergraph updated at epoch 200

🔧 Epoch 200 梯度检查:
================================================================================

  参数名称                              梯度范数         梯度均值 状态             
  ----------------------------------------------------------------------
  type_relations                0.282858     0.004345 ✅ 正常           
  exist_relation                0.015387     0.000477 ✅ 正常           
  mi_proj_layer0                0.035475     0.000100 ✅ 正常           
  dis_proj_layer0               0.035525     0.000101 ✅ 正常           
================================================================================

Epoch 200, Total Loss: 15.0793, Recover Loss: 1.1479, miRNA CL: 7.2801, Disease CL: 6.3841, Inter-view (est): 3.1533, Recon Loss: 0.0293, Time: 202.46s
[INFO] Hypergraph updated at epoch 250

🔧 Epoch 250 梯度检查:
================================================================================

  参数名称                              梯度范数         梯度均值 状态             
  ----------------------------------------------------------------------
  type_relations                0.203576     0.003044 ✅ 正常           
  exist_relation                0.018160     0.000522 ✅ 正常           
  mi_proj_layer0                0.020636     0.000062 ✅ 正常           
  dis_proj_layer0               0.026358     0.000075 ✅ 正常           
================================================================================

Epoch 250, Total Loss: 14.7918, Recover Loss: 1.0982, miRNA CL: 7.1236, Disease CL: 6.3093, Inter-view (est): 3.0999, Recon Loss: 0.0283, Time: 237.10s
[INFO] Hypergraph updated at epoch 300

🔧 Epoch 300 梯度检查:
================================================================================

  参数名称                              梯度范数         梯度均值 状态             
  ----------------------------------------------------------------------
  type_relations                0.180913     0.002765 ✅ 正常           
  exist_relation                0.013956     0.000375 ✅ 正常           
  mi_proj_layer0                0.022282     0.000062 ✅ 正常           
  dis_proj_layer0               0.026443     0.000073 ✅ 正常           
================================================================================

Epoch 300, Total Loss: 14.6317, Recover Loss: 1.0848, miRNA CL: 7.0325, Disease CL: 6.2579, Inter-view (est): 3.0670, Recon Loss: 0.0278, Time: 271.80s
[INFO] Hypergraph updated at epoch 350

🔧 Epoch 350 梯度检查:
================================================================================

  参数名称                              梯度范数         梯度均值 状态             
  ----------------------------------------------------------------------
  type_relations                0.173519     0.002639 ✅ 正常           
  exist_relation                0.016986     0.000475 ✅ 正常           
  mi_proj_layer0                0.025159     0.000068 ✅ 正常           
  dis_proj_layer0               0.026037     0.000075 ✅ 正常           
================================================================================

Epoch 350, Total Loss: 14.5072, Recover Loss: 1.0668, miRNA CL: 6.9638, Disease CL: 6.2224, Inter-view (est): 3.0430, Recon Loss: 0.0284, Time: 305.79s
[INFO] Hypergraph updated at epoch 400

🔧 Epoch 400 梯度检查:
================================================================================

  参数名称                              梯度范数         梯度均值 状态             
  ----------------------------------------------------------------------
  type_relations                0.158760     0.002620 ✅ 正常           
  exist_relation                0.017693     0.000541 ✅ 正常           
  mi_proj_layer0                0.025903     0.000069 ✅ 正常           
  dis_proj_layer0               0.027805     0.000078 ✅ 正常           
================================================================================

Epoch 400, Total Loss: 14.4073, Recover Loss: 1.0595, miRNA CL: 6.8994, Disease CL: 6.1977, Inter-view (est): 3.0224, Recon Loss: 0.0270, Time: 340.40s
[INFO] Hypergraph updated at epoch 450

🔧 Epoch 450 梯度检查:
================================================================================

  参数名称                              梯度范数         梯度均值 状态             
  ----------------------------------------------------------------------
  type_relations                0.174371     0.002761 ✅ 正常           
  exist_relation                0.013101     0.000405 ✅ 正常           
  mi_proj_layer0                0.023680     0.000070 ✅ 正常           
  dis_proj_layer0               0.028806     0.000079 ✅ 正常           
================================================================================

Epoch 450, Total Loss: 14.3358, Recover Loss: 1.0594, miRNA CL: 6.8424, Disease CL: 6.1845, Inter-view (est): 3.0062, Recon Loss: 0.0271, Time: 375.63s
[INFO] Hypergraph updated at epoch 500

🔧 Epoch 500 梯度检查:
================================================================================

  参数名称                              梯度范数         梯度均值 状态             
  ----------------------------------------------------------------------
  type_relations                0.166079     0.002827 ✅ 正常           
  exist_relation                0.012666     0.000383 ✅ 正常           
  mi_proj_layer0                0.026139     0.000071 ✅ 正常           
  dis_proj_layer0               0.026729     0.000078 ✅ 正常           
================================================================================

Epoch 500, Total Loss: 14.2664, Recover Loss: 1.0432, miRNA CL: 6.7975, Disease CL: 6.1765, Inter-view (est): 2.9940, Recon Loss: 0.0275, Time: 410.74s
[INFO] Hypergraph updated at epoch 550

🔧 Epoch 550 梯度检查:
================================================================================

  参数名称                              梯度范数         梯度均值 状态             
  ----------------------------------------------------------------------
  type_relations                0.178546     0.002835 ✅ 正常           
  exist_relation                0.010423     0.000396 ✅ 正常           
  mi_proj_layer0                0.024244     0.000067 ✅ 正常           
  dis_proj_layer0               0.026146     0.000076 ✅ 正常           
================================================================================

Epoch 550, Total Loss: 14.2288, Recover Loss: 1.0430, miRNA CL: 6.7682, Disease CL: 6.1704, Inter-view (est): 2.9858, Recon Loss: 0.0262, Time: 445.82s
[INFO] Hypergraph updated at epoch 600

🔧 Epoch 600 梯度检查:
================================================================================

  参数名称                              梯度范数         梯度均值 状态             
  ----------------------------------------------------------------------
  type_relations                0.132920     0.002205 ✅ 正常           
  exist_relation                0.010564     0.000364 ✅ 正常           
  mi_proj_layer0                0.023201     0.000062 ✅ 正常           
  dis_proj_layer0               0.021216     0.000062 ✅ 正常           
================================================================================

Epoch 600, Total Loss: 14.1859, Recover Loss: 1.0301, miRNA CL: 6.7444, Disease CL: 6.1649, Inter-view (est): 2.9791, Recon Loss: 0.0261, Time: 481.19s
[INFO] Hypergraph updated at epoch 650

🔧 Epoch 650 梯度检查:
================================================================================

  参数名称                              梯度范数         梯度均值 状态             
  ----------------------------------------------------------------------
  type_relations                0.161196     0.002661 ✅ 正常           
  exist_relation                0.009458     0.000305 ✅ 正常           
  mi_proj_layer0                0.023739     0.000063 ✅ 正常           
  dis_proj_layer0               0.026823     0.000076 ✅ 正常           
================================================================================

Epoch 650, Total Loss: 14.1669, Recover Loss: 1.0366, miRNA CL: 6.7242, Disease CL: 6.1596, Inter-view (est): 2.9732, Recon Loss: 0.0268, Time: 515.47s

================================================================================
Training completed. Running final test...
================================================================================
Fold 1 completed - AUC: 0.9643, Top-1 F1: 0.5852
Fold 1 training time: 516.60 seconds
=== Cross Validation Fold 2/5 ===
Using hidden dimensions: [256, 256] with 4 attention heads
优化模型初始化: miRNA数量 = 495, 疾病数量 = 383
   节点维度: 256 → 128
   类型数量: 4
   Temperature: 2.0 (可学习)
   Loss mode: two_head
   loss_mode=two_head
   exist_weight=0.100, type_weight=0.900

✅ SimplifiedMultiTypeAssociationLoss 初始化 (改进版)
   类别权重 (beta=0.99999): ['0.780', '1.822', '0.977', '0.421']
Original positive index shape: torch.Size([1072, 2])
Original negative index shape: torch.Size([135416, 2])
采样后负样本数量: 10720
🎯 Building TRUE DUAL VIEWS from four different sources...
📊 Data sources loaded:
  Disease semantic: torch.Size([383, 383])
  miRNA functional: torch.Size([495, 495])
  Disease-gene: torch.Size([383, 383])
  miRNA-sequence: torch.Size([495, 495])
🧬 Building miRNA dual-view hypergraphs...
  📊 miRNA View 1 (Sequence): torch.Size([495, 878])
  📊 miRNA View 2 (Function): torch.Size([495, 878])
🦠 Building disease dual-view hypergraphs...
  📊 Disease View 1 (Gene): torch.Size([383, 878])
  📊 Disease View 2 (Semantic): torch.Size([383, 878])
✅ Successfully built TRUE DUAL VIEWS:
   🧬 miRNA: Sequence Features (m_ss.xlsx) vs Functional Similarity (mi_fun_sim_2.0.csv)
   🦠 Disease: Gene Features (d_gs.xlsx) vs Semantic Similarity (dis_sem_sim_2.0.csv)

🔧 Epoch 1 梯度检查:
================================================================================

  参数名称                              梯度范数         梯度均值 状态             
  ----------------------------------------------------------------------
  type_relations                0.070597     0.002138 ✅ 正常           
  exist_relation                0.111964     0.005957 ✅ 正常           
  mi_proj_layer0                0.323330     0.001027 ✅ 正常           
  dis_proj_layer0               0.429124     0.001272 ✅ 正常           
================================================================================

Epoch 1, Total Loss: 20.4562, Recover Loss: 1.3253, miRNA CL: 8.8626, Disease CL: 8.4379, Inter-view (est): 3.9924, Recon Loss: 1.5322, Time: 0.66s
[INFO] Hypergraph updated at epoch 5
[INFO] Hypergraph updated at epoch 10
[INFO] Hypergraph updated at epoch 15
[INFO] Hypergraph updated at epoch 20
[INFO] Hypergraph updated at epoch 25
[INFO] Hypergraph updated at epoch 30
[INFO] Hypergraph updated at epoch 35
[INFO] Hypergraph updated at epoch 40
[INFO] Hypergraph updated at epoch 45
[INFO] Hypergraph updated at epoch 50

🔧 Epoch 50 梯度检查:
================================================================================

  参数名称                              梯度范数         梯度均值 状态             
  ----------------------------------------------------------------------
  type_relations                0.099866     0.002638 ✅ 正常           
  exist_relation                0.007503     0.000438 ✅ 正常           
  mi_proj_layer0                0.020683     0.000072 ✅ 正常           
  dis_proj_layer0               0.024087     0.000081 ✅ 正常           
================================================================================

Epoch 50, Total Loss: 17.3989, Recover Loss: 1.2849, miRNA CL: 7.9944, Disease CL: 7.6894, Inter-view (est): 3.6193, Recon Loss: 0.1497, Time: 98.94s
[INFO] Hypergraph updated at epoch 100

🔧 Epoch 100 梯度检查:
================================================================================

  参数名称                              梯度范数         梯度均值 状态             
  ----------------------------------------------------------------------
  type_relations                0.257019     0.003752 ✅ 正常           
  exist_relation                0.012331     0.000438 ✅ 正常           
  mi_proj_layer0                0.028189     0.000088 ✅ 正常           
  dis_proj_layer0               0.033333     0.000099 ✅ 正常           
================================================================================

Epoch 100, Total Loss: 16.2741, Recover Loss: 1.2515, miRNA CL: 7.7329, Disease CL: 6.9997, Inter-view (est): 3.3998, Recon Loss: 0.0302, Time: 136.90s
[INFO] Hypergraph updated at epoch 150

🔧 Epoch 150 梯度检查:
================================================================================

  参数名称                              梯度范数         梯度均值 状态             
  ----------------------------------------------------------------------
  type_relations                0.253864     0.004196 ✅ 正常           
  exist_relation                0.012634     0.000471 ✅ 正常           
  mi_proj_layer0                0.032599     0.000103 ✅ 正常           
  dis_proj_layer0               0.036081     0.000108 ✅ 正常           
================================================================================

Epoch 150, Total Loss: 15.6349, Recover Loss: 1.2128, miRNA CL: 7.4903, Disease CL: 6.6559, Inter-view (est): 3.2645, Recon Loss: 0.0302, Time: 171.18s
[INFO] Hypergraph updated at epoch 200

🔧 Epoch 200 梯度检查:
================================================================================

  参数名称                              梯度范数         梯度均值 状态             
  ----------------------------------------------------------------------
  type_relations                0.255742     0.004067 ✅ 正常           
  exist_relation                0.015804     0.000524 ✅ 正常           
  mi_proj_layer0                0.031565     0.000097 ✅ 正常           
  dis_proj_layer0               0.033465     0.000097 ✅ 正常           
================================================================================

Epoch 200, Total Loss: 15.1922, Recover Loss: 1.1672, miRNA CL: 7.2682, Disease CL: 6.4890, Inter-view (est): 3.1747, Recon Loss: 0.0294, Time: 206.74s
[INFO] Hypergraph updated at epoch 250

🔧 Epoch 250 梯度检查:
================================================================================

  参数名称                              梯度范数         梯度均值 状态             
  ----------------------------------------------------------------------
  type_relations                0.236354     0.004084 ✅ 正常           
  exist_relation                0.013373     0.000483 ✅ 正常           
  mi_proj_layer0                0.032865     0.000097 ✅ 正常           
  dis_proj_layer0               0.035627     0.000102 ✅ 正常           
================================================================================

Epoch 250, Total Loss: 14.9562, Recover Loss: 1.1313, miRNA CL: 7.1574, Disease CL: 6.4047, Inter-view (est): 3.1297, Recon Loss: 0.0286, Time: 241.35s
[INFO] Hypergraph updated at epoch 300

🔧 Epoch 300 梯度检查:
================================================================================

  参数名称                              梯度范数         梯度均值 状态             
  ----------------------------------------------------------------------
  type_relations                0.227951     0.003979 ✅ 正常           
  exist_relation                0.026597     0.000742 ✅ 正常           
  mi_proj_layer0                0.026686     0.000083 ✅ 正常           
  dis_proj_layer0               0.027998     0.000088 ✅ 正常           
================================================================================

Epoch 300, Total Loss: 14.7576, Recover Loss: 1.0985, miRNA CL: 7.0703, Disease CL: 6.3312, Inter-view (est): 3.0927, Recon Loss: 0.0273, Time: 276.22s
[INFO] Hypergraph updated at epoch 350

🔧 Epoch 350 梯度检查:
================================================================================

  参数名称                              梯度范数         梯度均值 状态             
  ----------------------------------------------------------------------
  type_relations                0.195788     0.003253 ✅ 正常           
  exist_relation                0.018026     0.000591 ✅ 正常           
  mi_proj_layer0                0.024404     0.000074 ✅ 正常           
  dis_proj_layer0               0.028938     0.000088 ✅ 正常           
================================================================================

Epoch 350, Total Loss: 14.6237, Recover Loss: 1.0759, miRNA CL: 7.0056, Disease CL: 6.2878, Inter-view (est): 3.0677, Recon Loss: 0.0272, Time: 310.64s
[INFO] Hypergraph updated at epoch 400

🔧 Epoch 400 梯度检查:
================================================================================

  参数名称                              梯度范数         梯度均值 状态             
  ----------------------------------------------------------------------
  type_relations                0.202202     0.003435 ✅ 正常           
  exist_relation                0.016489     0.000582 ✅ 正常           
  mi_proj_layer0                0.028960     0.000082 ✅ 正常           
  dis_proj_layer0               0.033409     0.000094 ✅ 正常           
================================================================================

Epoch 400, Total Loss: 14.5086, Recover Loss: 1.0640, miRNA CL: 6.9413, Disease CL: 6.2522, Inter-view (est): 3.0447, Recon Loss: 0.0267, Time: 344.27s
[INFO] Hypergraph updated at epoch 450

🔧 Epoch 450 梯度检查:
================================================================================

  参数名称                              梯度范数         梯度均值 状态             
  ----------------------------------------------------------------------
  type_relations                0.166978     0.002881 ✅ 正常           
  exist_relation                0.017478     0.000630 ✅ 正常           
  mi_proj_layer0                0.025813     0.000073 ✅ 正常           
  dis_proj_layer0               0.028901     0.000084 ✅ 正常           
================================================================================

Epoch 450, Total Loss: 14.3757, Recover Loss: 1.0393, miRNA CL: 6.8613, Disease CL: 6.2255, Inter-view (est): 3.0200, Recon Loss: 0.0273, Time: 378.78s
[INFO] Hypergraph updated at epoch 500

🔧 Epoch 500 梯度检查:
================================================================================

  参数名称                              梯度范数         梯度均值 状态             
  ----------------------------------------------------------------------
  type_relations                0.174911     0.002968 ✅ 正常           
  exist_relation                0.020848     0.000654 ✅ 正常           
  mi_proj_layer0                0.023632     0.000070 ✅ 正常           
  dis_proj_layer0               0.037348     0.000097 ✅ 正常           
================================================================================

Epoch 500, Total Loss: 14.3007, Recover Loss: 1.0317, miRNA CL: 6.8072, Disease CL: 6.2125, Inter-view (est): 3.0045, Recon Loss: 0.0281, Time: 413.23s
[INFO] Hypergraph updated at epoch 550

🔧 Epoch 550 梯度检查:
================================================================================

  参数名称                              梯度范数         梯度均值 状态             
  ----------------------------------------------------------------------
  type_relations                0.142645     0.002330 ✅ 正常           
  exist_relation                0.018941     0.000577 ✅ 正常           
  mi_proj_layer0                0.022681     0.000065 ✅ 正常           
  dis_proj_layer0               0.024054     0.000070 ✅ 正常           
================================================================================

Epoch 550, Total Loss: 14.2443, Recover Loss: 1.0248, miRNA CL: 6.7703, Disease CL: 6.2024, Inter-view (est): 2.9937, Recon Loss: 0.0264, Time: 448.01s
[INFO] Hypergraph updated at epoch 600

🔧 Epoch 600 梯度检查:
================================================================================

  参数名称                              梯度范数         梯度均值 状态             
  ----------------------------------------------------------------------
  type_relations                0.141397     0.002377 ✅ 正常           
  exist_relation                0.021708     0.000692 ✅ 正常           
  mi_proj_layer0                0.021635     0.000064 ✅ 正常           
  dis_proj_layer0               0.024699     0.000073 ✅ 正常           
================================================================================

Epoch 600, Total Loss: 14.2024, Recover Loss: 1.0200, miRNA CL: 6.7428, Disease CL: 6.1931, Inter-view (est): 2.9852, Recon Loss: 0.0269, Time: 482.41s
[INFO] Hypergraph updated at epoch 650

🔧 Epoch 650 梯度检查:
================================================================================

  参数名称                              梯度范数         梯度均值 状态             
  ----------------------------------------------------------------------
  type_relations                0.144580     0.002530 ✅ 正常           
  exist_relation                0.015379     0.000561 ✅ 正常           
  mi_proj_layer0                0.024301     0.000068 ✅ 正常           
  dis_proj_layer0               0.026221     0.000075 ✅ 正常           
================================================================================

Epoch 650, Total Loss: 14.1657, Recover Loss: 1.0168, miRNA CL: 6.7192, Disease CL: 6.1840, Inter-view (est): 2.9777, Recon Loss: 0.0269, Time: 516.77s

================================================================================
Training completed. Running final test...
================================================================================
Fold 2 completed - AUC: 0.9686, Top-1 F1: 0.5334
Fold 2 training time: 517.60 seconds
=== Cross Validation Fold 3/5 ===
Using hidden dimensions: [256, 256] with 4 attention heads
优化模型初始化: miRNA数量 = 495, 疾病数量 = 383
   节点维度: 256 → 128
   类型数量: 4
   Temperature: 2.0 (可学习)
   Loss mode: two_head
   loss_mode=two_head
   exist_weight=0.100, type_weight=0.900

✅ SimplifiedMultiTypeAssociationLoss 初始化 (改进版)
   类别权重 (beta=0.99999): ['0.780', '1.822', '0.977', '0.421']
Original positive index shape: torch.Size([1072, 2])
Original negative index shape: torch.Size([135416, 2])
采样后负样本数量: 10720
🎯 Building TRUE DUAL VIEWS from four different sources...
📊 Data sources loaded:
  Disease semantic: torch.Size([383, 383])
  miRNA functional: torch.Size([495, 495])
  Disease-gene: torch.Size([383, 383])
  miRNA-sequence: torch.Size([495, 495])
🧬 Building miRNA dual-view hypergraphs...
  📊 miRNA View 1 (Sequence): torch.Size([495, 878])
  📊 miRNA View 2 (Function): torch.Size([495, 878])
🦠 Building disease dual-view hypergraphs...
  📊 Disease View 1 (Gene): torch.Size([383, 878])
  📊 Disease View 2 (Semantic): torch.Size([383, 878])
✅ Successfully built TRUE DUAL VIEWS:
   🧬 miRNA: Sequence Features (m_ss.xlsx) vs Functional Similarity (mi_fun_sim_2.0.csv)
   🦠 Disease: Gene Features (d_gs.xlsx) vs Semantic Similarity (dis_sem_sim_2.0.csv)

🔧 Epoch 1 梯度检查:
================================================================================

  参数名称                              梯度范数         梯度均值 状态             
  ----------------------------------------------------------------------
  type_relations                0.071412     0.002256 ✅ 正常           
  exist_relation                0.066739     0.003742 ✅ 正常           
  mi_proj_layer0                0.283507     0.000758 ✅ 正常           
  dis_proj_layer0               0.217665     0.000703 ✅ 正常           
================================================================================

Epoch 1, Total Loss: 20.5017, Recover Loss: 1.3178, miRNA CL: 8.9437, Disease CL: 8.4171, Inter-view (est): 4.0063, Recon Loss: 1.5255, Time: 0.65s
[INFO] Hypergraph updated at epoch 5
[INFO] Hypergraph updated at epoch 10
[INFO] Hypergraph updated at epoch 15
[INFO] Hypergraph updated at epoch 20
[INFO] Hypergraph updated at epoch 25
[INFO] Hypergraph updated at epoch 30
[INFO] Hypergraph updated at epoch 35
[INFO] Hypergraph updated at epoch 40
[INFO] Hypergraph updated at epoch 45
[INFO] Hypergraph updated at epoch 50

🔧 Epoch 50 梯度检查:
================================================================================

  参数名称                              梯度范数         梯度均值 状态             
  ----------------------------------------------------------------------
  type_relations                0.125249     0.003022 ✅ 正常           
  exist_relation                0.006133     0.000355 ✅ 正常           
  mi_proj_layer0                0.023159     0.000079 ✅ 正常           
  dis_proj_layer0               0.024584     0.000082 ✅ 正常           
================================================================================

Epoch 50, Total Loss: 17.4445, Recover Loss: 1.2769, miRNA CL: 8.0024, Disease CL: 7.6928, Inter-view (est): 3.6220, Recon Loss: 0.1927, Time: 100.42s
[INFO] Hypergraph updated at epoch 100

🔧 Epoch 100 梯度检查:
================================================================================

  参数名称                              梯度范数         梯度均值 状态             
  ----------------------------------------------------------------------
  type_relations                0.239818     0.003914 ✅ 正常           
  exist_relation                0.007638     0.000326 ✅ 正常           
  mi_proj_layer0                0.028416     0.000091 ✅ 正常           
  dis_proj_layer0               0.029654     0.000097 ✅ 正常           
================================================================================

Epoch 100, Total Loss: 16.3430, Recover Loss: 1.2441, miRNA CL: 7.7468, Disease CL: 7.0621, Inter-view (est): 3.4174, Recon Loss: 0.0312, Time: 139.12s
[INFO] Hypergraph updated at epoch 150

🔧 Epoch 150 梯度检查:
================================================================================

  参数名称                              梯度范数         梯度均值 状态             
  ----------------------------------------------------------------------
  type_relations                0.229745     0.004085 ✅ 正常           
  exist_relation                0.011905     0.000371 ✅ 正常           
  mi_proj_layer0                0.032114     0.000102 ✅ 正常           
  dis_proj_layer0               0.028287     0.000090 ✅ 正常           
================================================================================

Epoch 150, Total Loss: 15.7513, Recover Loss: 1.2040, miRNA CL: 7.5633, Disease CL: 6.7098, Inter-view (est): 3.2938, Recon Loss: 0.0296, Time: 173.37s
[INFO] Hypergraph updated at epoch 200

🔧 Epoch 200 梯度检查:
================================================================================

  参数名称                              梯度范数         梯度均值 状态             
  ----------------------------------------------------------------------
  type_relations                0.198791     0.003355 ✅ 正常           
  exist_relation                0.015334     0.000571 ✅ 正常           
  mi_proj_layer0                0.031566     0.000093 ✅ 正常           
  dis_proj_layer0               0.025842     0.000080 ✅ 正常           
================================================================================

Epoch 200, Total Loss: 15.2202, Recover Loss: 1.1635, miRNA CL: 7.2735, Disease CL: 6.5179, Inter-view (est): 3.1826, Recon Loss: 0.0293, Time: 207.92s
[INFO] Hypergraph updated at epoch 250

🔧 Epoch 250 梯度检查:
================================================================================

  参数名称                              梯度范数         梯度均值 状态             
  ----------------------------------------------------------------------
  type_relations                0.213183     0.003640 ✅ 正常           
  exist_relation                0.013870     0.000459 ✅ 正常           
  mi_proj_layer0                0.033441     0.000093 ✅ 正常           
  dis_proj_layer0               0.029741     0.000083 ✅ 正常           
================================================================================

Epoch 250, Total Loss: 14.9404, Recover Loss: 1.1340, miRNA CL: 7.1305, Disease CL: 6.4162, Inter-view (est): 3.1262, Recon Loss: 0.0285, Time: 242.14s
[INFO] Hypergraph updated at epoch 300

🔧 Epoch 300 梯度检查:
================================================================================

  参数名称                              梯度范数         梯度均值 状态             
  ----------------------------------------------------------------------
  type_relations                0.195018     0.003204 ✅ 正常           
  exist_relation                0.010584     0.000371 ✅ 正常           
  mi_proj_layer0                0.026498     0.000073 ✅ 正常           
  dis_proj_layer0               0.026605     0.000075 ✅ 正常           
================================================================================

Epoch 300, Total Loss: 14.7459, Recover Loss: 1.0972, miRNA CL: 7.0464, Disease CL: 6.3474, Inter-view (est): 3.0909, Recon Loss: 0.0278, Time: 277.02s
[INFO] Hypergraph updated at epoch 350

🔧 Epoch 350 梯度检查:
================================================================================

  参数名称                              梯度范数         梯度均值 状态             
  ----------------------------------------------------------------------
  type_relations                0.171331     0.002871 ✅ 正常           
  exist_relation                0.012582     0.000478 ✅ 正常           
  mi_proj_layer0                0.025836     0.000072 ✅ 正常           
  dis_proj_layer0               0.025731     0.000074 ✅ 正常           
================================================================================

Epoch 350, Total Loss: 14.6411, Recover Loss: 1.0882, miRNA CL: 6.9936, Disease CL: 6.3077, Inter-view (est): 3.0695, Recon Loss: 0.0271, Time: 312.11s
[INFO] Hypergraph updated at epoch 400

🔧 Epoch 400 梯度检查:
================================================================================

  参数名称                              梯度范数         梯度均值 状态             
  ----------------------------------------------------------------------
  type_relations                0.171268     0.002923 ✅ 正常           
  exist_relation                0.007852     0.000289 ✅ 正常           
  mi_proj_layer0                0.027303     0.000078 ✅ 正常           
  dis_proj_layer0               0.030543     0.000083 ✅ 正常           
================================================================================

Epoch 400, Total Loss: 14.5401, Recover Loss: 1.0797, miRNA CL: 6.9381, Disease CL: 6.2730, Inter-view (est): 3.0487, Recon Loss: 0.0271, Time: 346.67s
[INFO] Hypergraph updated at epoch 450

🔧 Epoch 450 梯度检查:
================================================================================

  参数名称                              梯度范数         梯度均值 状态             
  ----------------------------------------------------------------------
  type_relations                0.176178     0.003023 ✅ 正常           
  exist_relation                0.008992     0.000318 ✅ 正常           
  mi_proj_layer0                0.026139     0.000074 ✅ 正常           
  dis_proj_layer0               0.035980     0.000098 ✅ 正常           
================================================================================

Epoch 450, Total Loss: 14.4112, Recover Loss: 1.0600, miRNA CL: 6.8599, Disease CL: 6.2440, Inter-view (est): 3.0240, Recon Loss: 0.0273, Time: 381.47s
[INFO] Hypergraph updated at epoch 500

🔧 Epoch 500 梯度检查:
================================================================================

  参数名称                              梯度范数         梯度均值 状态             
  ----------------------------------------------------------------------
  type_relations                0.163306     0.002841 ✅ 正常           
  exist_relation                0.008296     0.000292 ✅ 正常           
  mi_proj_layer0                0.026269     0.000073 ✅ 正常           
  dis_proj_layer0               0.027572     0.000074 ✅ 正常           
================================================================================

Epoch 500, Total Loss: 14.3345, Recover Loss: 1.0457, miRNA CL: 6.8139, Disease CL: 6.2295, Inter-view (est): 3.0100, Recon Loss: 0.0265, Time: 416.25s
[INFO] Hypergraph updated at epoch 550

🔧 Epoch 550 梯度检查:
================================================================================

  参数名称                              梯度范数         梯度均值 状态             
  ----------------------------------------------------------------------
  type_relations                0.172430     0.002911 ✅ 正常           
  exist_relation                0.008277     0.000289 ✅ 正常           
  mi_proj_layer0                0.022988     0.000065 ✅ 正常           
  dis_proj_layer0               0.023029     0.000069 ✅ 正常           
================================================================================

Epoch 550, Total Loss: 14.2862, Recover Loss: 1.0395, miRNA CL: 6.7817, Disease CL: 6.2202, Inter-view (est): 3.0004, Recon Loss: 0.0266, Time: 450.94s
[INFO] Hypergraph updated at epoch 600

🔧 Epoch 600 梯度检查:
================================================================================

  参数名称                              梯度范数         梯度均值 状态             
  ----------------------------------------------------------------------
  type_relations                0.143524     0.002438 ✅ 正常           
  exist_relation                0.011152     0.000385 ✅ 正常           
  mi_proj_layer0                0.022711     0.000063 ✅ 正常           
  dis_proj_layer0               0.022569     0.000064 ✅ 正常           
================================================================================

Epoch 600, Total Loss: 14.2505, Recover Loss: 1.0384, miRNA CL: 6.7573, Disease CL: 6.2111, Inter-view (est): 2.9927, Recon Loss: 0.0263, Time: 485.04s
[INFO] Hypergraph updated at epoch 650

🔧 Epoch 650 梯度检查:
================================================================================

  参数名称                              梯度范数         梯度均值 状态             
  ----------------------------------------------------------------------
  type_relations                0.142146     0.002422 ✅ 正常           
  exist_relation                0.013070     0.000425 ✅ 正常           
  mi_proj_layer0                0.024711     0.000068 ✅ 正常           
  dis_proj_layer0               0.023861     0.000067 ✅ 正常           
================================================================================

Epoch 650, Total Loss: 14.2189, Recover Loss: 1.0388, miRNA CL: 6.7362, Disease CL: 6.2014, Inter-view (est): 2.9856, Recon Loss: 0.0259, Time: 519.33s

================================================================================
Training completed. Running final test...
================================================================================
Fold 3 completed - AUC: 0.9618, Top-1 F1: 0.6223
Fold 3 training time: 520.14 seconds
=== Cross Validation Fold 4/5 ===
Using hidden dimensions: [256, 256] with 4 attention heads
优化模型初始化: miRNA数量 = 495, 疾病数量 = 383
   节点维度: 256 → 128
   类型数量: 4
   Temperature: 2.0 (可学习)
   Loss mode: two_head
   loss_mode=two_head
   exist_weight=0.100, type_weight=0.900

✅ SimplifiedMultiTypeAssociationLoss 初始化 (改进版)
   类别权重 (beta=0.99999): ['0.780', '1.822', '0.977', '0.421']
Original positive index shape: torch.Size([1072, 2])
Original negative index shape: torch.Size([135416, 2])
采样后负样本数量: 10720
🎯 Building TRUE DUAL VIEWS from four different sources...
📊 Data sources loaded:
  Disease semantic: torch.Size([383, 383])
  miRNA functional: torch.Size([495, 495])
  Disease-gene: torch.Size([383, 383])
  miRNA-sequence: torch.Size([495, 495])
🧬 Building miRNA dual-view hypergraphs...
  📊 miRNA View 1 (Sequence): torch.Size([495, 878])
  📊 miRNA View 2 (Function): torch.Size([495, 878])
🦠 Building disease dual-view hypergraphs...
  📊 Disease View 1 (Gene): torch.Size([383, 878])
  📊 Disease View 2 (Semantic): torch.Size([383, 878])
✅ Successfully built TRUE DUAL VIEWS:
   🧬 miRNA: Sequence Features (m_ss.xlsx) vs Functional Similarity (mi_fun_sim_2.0.csv)
   🦠 Disease: Gene Features (d_gs.xlsx) vs Semantic Similarity (dis_sem_sim_2.0.csv)

🔧 Epoch 1 梯度检查:
================================================================================

  参数名称                              梯度范数         梯度均值 状态             
  ----------------------------------------------------------------------
  type_relations                0.074341     0.002237 ✅ 正常           
  exist_relation                0.152819     0.008329 ✅ 正常           
  mi_proj_layer0                0.636927     0.001433 ✅ 正常           
  dis_proj_layer0               0.535364     0.001542 ✅ 正常           
================================================================================

Epoch 1, Total Loss: 20.5209, Recover Loss: 1.3466, miRNA CL: 8.9423, Disease CL: 8.4508, Inter-view (est): 4.0138, Recon Loss: 1.4830, Time: 0.73s
[INFO] Hypergraph updated at epoch 5
[INFO] Hypergraph updated at epoch 10
[INFO] Hypergraph updated at epoch 15
[INFO] Hypergraph updated at epoch 20
[INFO] Hypergraph updated at epoch 25
[INFO] Hypergraph updated at epoch 30
[INFO] Hypergraph updated at epoch 35
[INFO] Hypergraph updated at epoch 40
[INFO] Hypergraph updated at epoch 45
[INFO] Hypergraph updated at epoch 50

🔧 Epoch 50 梯度检查:
================================================================================

  参数名称                              梯度范数         梯度均值 状态             
  ----------------------------------------------------------------------
  type_relations                0.111346     0.002749 ✅ 正常           
  exist_relation                0.005625     0.000344 ✅ 正常           
  mi_proj_layer0                0.022085     0.000073 ✅ 正常           
  dis_proj_layer0               0.024868     0.000079 ✅ 正常           
================================================================================

Epoch 50, Total Loss: 17.4718, Recover Loss: 1.2822, miRNA CL: 7.9933, Disease CL: 7.7284, Inter-view (est): 3.6281, Recon Loss: 0.1876, Time: 93.96s
[INFO] Hypergraph updated at epoch 100

🔧 Epoch 100 梯度检查:
================================================================================

  参数名称                              梯度范数         梯度均值 状态             
  ----------------------------------------------------------------------
  type_relations                0.214167     0.003584 ✅ 正常           
  exist_relation                0.011705     0.000352 ✅ 正常           
  mi_proj_layer0                0.024985     0.000081 ✅ 正常           
  dis_proj_layer0               0.033355     0.000103 ✅ 正常           
================================================================================

Epoch 100, Total Loss: 16.3320, Recover Loss: 1.2469, miRNA CL: 7.7347, Disease CL: 7.0587, Inter-view (est): 3.4139, Recon Loss: 0.0318, Time: 132.97s
[INFO] Hypergraph updated at epoch 150

🔧 Epoch 150 梯度检查:
================================================================================

  参数名称                              梯度范数         梯度均值 状态             
  ----------------------------------------------------------------------
  type_relations                0.231639     0.003999 ✅ 正常           
  exist_relation                0.015802     0.000435 ✅ 正常           
  mi_proj_layer0                0.028139     0.000090 ✅ 正常           
  dis_proj_layer0               0.031384     0.000097 ✅ 正常           
================================================================================

Epoch 150, Total Loss: 15.6448, Recover Loss: 1.2103, miRNA CL: 7.4915, Disease CL: 6.6669, Inter-view (est): 3.2673, Recon Loss: 0.0299, Time: 167.04s
[INFO] Hypergraph updated at epoch 200

🔧 Epoch 200 梯度检查:
================================================================================

  参数名称                              梯度范数         梯度均值 状态             
  ----------------------------------------------------------------------
  type_relations                0.306170     0.004639 ✅ 正常           
  exist_relation                0.025794     0.000678 ✅ 正常           
  mi_proj_layer0                0.032239     0.000095 ✅ 正常           
  dis_proj_layer0               0.037009     0.000109 ✅ 正常           
================================================================================

Epoch 200, Total Loss: 15.0965, Recover Loss: 1.1447, miRNA CL: 7.2206, Disease CL: 6.4629, Inter-view (est): 3.1577, Recon Loss: 0.0300, Time: 201.91s
[INFO] Hypergraph updated at epoch 250

🔧 Epoch 250 梯度检查:
================================================================================

  参数名称                              梯度范数         梯度均值 状态             
  ----------------------------------------------------------------------
  type_relations                0.238890     0.003764 ✅ 正常           
  exist_relation                0.015106     0.000502 ✅ 正常           
  mi_proj_layer0                0.027418     0.000078 ✅ 正常           
  dis_proj_layer0               0.034115     0.000094 ✅ 正常           
================================================================================

Epoch 250, Total Loss: 14.8459, Recover Loss: 1.1033, miRNA CL: 7.1041, Disease CL: 6.3768, Inter-view (est): 3.1110, Recon Loss: 0.0285, Time: 236.22s
[INFO] Hypergraph updated at epoch 300

🔧 Epoch 300 梯度检查:
================================================================================

  参数名称                              梯度范数         梯度均值 状态             
  ----------------------------------------------------------------------
  type_relations                0.204361     0.003293 ✅ 正常           
  exist_relation                0.019231     0.000580 ✅ 正常           
  mi_proj_layer0                0.025729     0.000073 ✅ 正常           
  dis_proj_layer0               0.031547     0.000090 ✅ 正常           
================================================================================

Epoch 300, Total Loss: 14.6980, Recover Loss: 1.0874, miRNA CL: 7.0286, Disease CL: 6.3248, Inter-view (est): 3.0815, Recon Loss: 0.0275, Time: 270.14s
[INFO] Hypergraph updated at epoch 350

🔧 Epoch 350 梯度检查:
================================================================================

  参数名称                              梯度范数         梯度均值 状态             
  ----------------------------------------------------------------------
  type_relations                0.178073     0.003012 ✅ 正常           
  exist_relation                0.011959     0.000344 ✅ 正常           
  mi_proj_layer0                0.028470     0.000076 ✅ 正常           
  dis_proj_layer0               0.028118     0.000081 ✅ 正常           
================================================================================

Epoch 350, Total Loss: 14.5534, Recover Loss: 1.0654, miRNA CL: 6.9586, Disease CL: 6.2750, Inter-view (est): 3.0539, Recon Loss: 0.0279, Time: 304.15s
[INFO] Hypergraph updated at epoch 400

🔧 Epoch 400 梯度检查:
================================================================================

  参数名称                              梯度范数         梯度均值 状态             
  ----------------------------------------------------------------------
  type_relations                0.184212     0.003126 ✅ 正常           
  exist_relation                0.014074     0.000435 ✅ 正常           
  mi_proj_layer0                0.033730     0.000087 ✅ 正常           
  dis_proj_layer0               0.036396     0.000097 ✅ 正常           
================================================================================

Epoch 400, Total Loss: 14.4180, Recover Loss: 1.0590, miRNA CL: 6.8709, Disease CL: 6.2372, Inter-view (est): 3.0250, Recon Loss: 0.0270, Time: 338.53s
[INFO] Hypergraph updated at epoch 450

🔧 Epoch 450 梯度检查:
================================================================================

  参数名称                              梯度范数         梯度均值 状态             
  ----------------------------------------------------------------------
  type_relations                0.183840     0.003090 ✅ 正常           
  exist_relation                0.011149     0.000387 ✅ 正常           
  mi_proj_layer0                0.027154     0.000074 ✅ 正常           
  dis_proj_layer0               0.033479     0.000091 ✅ 正常           
================================================================================

Epoch 450, Total Loss: 14.3154, Recover Loss: 1.0402, miRNA CL: 6.8054, Disease CL: 6.2199, Inter-view (est): 3.0058, Recon Loss: 0.0273, Time: 372.68s
[INFO] Hypergraph updated at epoch 500

🔧 Epoch 500 梯度检查:
================================================================================

  参数名称                              梯度范数         梯度均值 状态             
  ----------------------------------------------------------------------
  type_relations                0.178936     0.002935 ✅ 正常           
  exist_relation                0.014868     0.000496 ✅ 正常           
  mi_proj_layer0                0.024986     0.000068 ✅ 正常           
  dis_proj_layer0               0.026394     0.000073 ✅ 正常           
================================================================================

Epoch 500, Total Loss: 14.2603, Recover Loss: 1.0247, miRNA CL: 6.7771, Disease CL: 6.2103, Inter-view (est): 2.9971, Recon Loss: 0.0263, Time: 408.02s
[INFO] Hypergraph updated at epoch 550

🔧 Epoch 550 梯度检查:
================================================================================

  参数名称                              梯度范数         梯度均值 状态             
  ----------------------------------------------------------------------
  type_relations                0.161799     0.002706 ✅ 正常           
  exist_relation                0.013044     0.000433 ✅ 正常           
  mi_proj_layer0                0.024793     0.000067 ✅ 正常           
  dis_proj_layer0               0.028672     0.000077 ✅ 正常           
================================================================================

Epoch 550, Total Loss: 14.2301, Recover Loss: 1.0196, miRNA CL: 6.7608, Disease CL: 6.2018, Inter-view (est): 2.9914, Recon Loss: 0.0267, Time: 442.79s
[INFO] Hypergraph updated at epoch 600

🔧 Epoch 600 梯度检查:
================================================================================

  参数名称                              梯度范数         梯度均值 状态             
  ----------------------------------------------------------------------
  type_relations                0.177596     0.003095 ✅ 正常           
  exist_relation                0.012485     0.000380 ✅ 正常           
  mi_proj_layer0                0.032134     0.000080 ✅ 正常           
  dis_proj_layer0               0.029854     0.000082 ✅ 正常           
================================================================================

Epoch 600, Total Loss: 14.1931, Recover Loss: 1.0197, miRNA CL: 6.7330, Disease CL: 6.1931, Inter-view (est): 2.9829, Recon Loss: 0.0267, Time: 476.93s
[INFO] Hypergraph updated at epoch 650

🔧 Epoch 650 梯度检查:
================================================================================

  参数名称                              梯度范数         梯度均值 状态             
  ----------------------------------------------------------------------
  type_relations                0.166883     0.002686 ✅ 正常           
  exist_relation                0.011711     0.000404 ✅ 正常           
  mi_proj_layer0                0.024830     0.000066 ✅ 正常           
  dis_proj_layer0               0.026950     0.000076 ✅ 正常           
================================================================================

Epoch 650, Total Loss: 14.1488, Recover Loss: 1.0044, miRNA CL: 6.7135, Disease CL: 6.1847, Inter-view (est): 2.9765, Recon Loss: 0.0263, Time: 511.36s

================================================================================
Training completed. Running final test...
================================================================================
Fold 4 completed - AUC: 0.9548, Top-1 F1: 0.5979
Fold 4 training time: 512.26 seconds
=== Cross Validation Fold 5/5 ===
Using hidden dimensions: [256, 256] with 4 attention heads
优化模型初始化: miRNA数量 = 495, 疾病数量 = 383
   节点维度: 256 → 128
   类型数量: 4
   Temperature: 2.0 (可学习)
   Loss mode: two_head
   loss_mode=two_head
   exist_weight=0.100, type_weight=0.900

✅ SimplifiedMultiTypeAssociationLoss 初始化 (改进版)
   类别权重 (beta=0.99999): ['0.780', '1.822', '0.977', '0.421']
Original positive index shape: torch.Size([1072, 2])
Original negative index shape: torch.Size([135416, 2])
采样后负样本数量: 10720
🎯 Building TRUE DUAL VIEWS from four different sources...
📊 Data sources loaded:
  Disease semantic: torch.Size([383, 383])
  miRNA functional: torch.Size([495, 495])
  Disease-gene: torch.Size([383, 383])
  miRNA-sequence: torch.Size([495, 495])
🧬 Building miRNA dual-view hypergraphs...
  📊 miRNA View 1 (Sequence): torch.Size([495, 878])
  📊 miRNA View 2 (Function): torch.Size([495, 878])
🦠 Building disease dual-view hypergraphs...
  📊 Disease View 1 (Gene): torch.Size([383, 878])
  📊 Disease View 2 (Semantic): torch.Size([383, 878])
✅ Successfully built TRUE DUAL VIEWS:
   🧬 miRNA: Sequence Features (m_ss.xlsx) vs Functional Similarity (mi_fun_sim_2.0.csv)
   🦠 Disease: Gene Features (d_gs.xlsx) vs Semantic Similarity (dis_sem_sim_2.0.csv)

🔧 Epoch 1 梯度检查:
================================================================================

  参数名称                              梯度范数         梯度均值 状态             
  ----------------------------------------------------------------------
  type_relations                0.060419     0.001995 ✅ 正常           
  exist_relation                0.076382     0.004535 ✅ 正常           
  mi_proj_layer0                0.388498     0.000981 ✅ 正常           
  dis_proj_layer0               0.312594     0.000914 ✅ 正常           
================================================================================

Epoch 1, Total Loss: 20.5020, Recover Loss: 1.3233, miRNA CL: 8.9262, Disease CL: 8.4225, Inter-view (est): 4.0035, Recon Loss: 1.5320, Time: 0.70s
[INFO] Hypergraph updated at epoch 5
[INFO] Hypergraph updated at epoch 10
[INFO] Hypergraph updated at epoch 15
[INFO] Hypergraph updated at epoch 20
[INFO] Hypergraph updated at epoch 25
[INFO] Hypergraph updated at epoch 30
[INFO] Hypergraph updated at epoch 35
[INFO] Hypergraph updated at epoch 40
[INFO] Hypergraph updated at epoch 45
[INFO] Hypergraph updated at epoch 50

🔧 Epoch 50 梯度检查:
================================================================================

  参数名称                              梯度范数         梯度均值 状态             
  ----------------------------------------------------------------------
  type_relations                0.095102     0.002521 ✅ 正常           
  exist_relation                0.005679     0.000376 ✅ 正常           
  mi_proj_layer0                0.020889     0.000073 ✅ 正常           
  dis_proj_layer0               0.019785     0.000068 ✅ 正常           
================================================================================

Epoch 50, Total Loss: 17.4425, Recover Loss: 1.2838, miRNA CL: 8.0493, Disease CL: 7.7234, Inter-view (est): 3.6399, Recon Loss: 0.1055, Time: 97.05s
[INFO] Hypergraph updated at epoch 100

🔧 Epoch 100 梯度检查:
================================================================================

  参数名称                              梯度范数         梯度均值 状态             
  ----------------------------------------------------------------------
  type_relations                0.176504     0.003583 ✅ 正常           
  exist_relation                0.013603     0.000470 ✅ 正常           
  mi_proj_layer0                0.023263     0.000080 ✅ 正常           
  dis_proj_layer0               0.026381     0.000084 ✅ 正常           
================================================================================

Epoch 100, Total Loss: 16.3506, Recover Loss: 1.2544, miRNA CL: 7.7510, Disease CL: 7.0544, Inter-view (est): 3.4166, Recon Loss: 0.0321, Time: 133.14s
[INFO] Hypergraph updated at epoch 150

🔧 Epoch 150 梯度检查:
================================================================================

  参数名称                              梯度范数         梯度均值 状态             
  ----------------------------------------------------------------------
  type_relations                0.244598     0.004596 ✅ 正常           
  exist_relation                0.011961     0.000416 ✅ 正常           
  mi_proj_layer0                0.028759     0.000095 ✅ 正常           
  dis_proj_layer0               0.026817     0.000091 ✅ 正常           
================================================================================

Epoch 150, Total Loss: 15.7310, Recover Loss: 1.2022, miRNA CL: 7.5823, Disease CL: 6.6724, Inter-view (est): 3.2896, Recon Loss: 0.0298, Time: 167.65s
[INFO] Hypergraph updated at epoch 200

🔧 Epoch 200 梯度检查:
================================================================================

  参数名称                              梯度范数         梯度均值 状态             
  ----------------------------------------------------------------------
  type_relations                0.239579     0.004261 ✅ 正常           
  exist_relation                0.017365     0.000635 ✅ 正常           
  mi_proj_layer0                0.028238     0.000088 ✅ 正常           
  dis_proj_layer0               0.029181     0.000094 ✅ 正常           
================================================================================

Epoch 200, Total Loss: 15.1704, Recover Loss: 1.1493, miRNA CL: 7.3130, Disease CL: 6.4428, Inter-view (est): 3.1744, Recon Loss: 0.0300, Time: 201.69s
[INFO] Hypergraph updated at epoch 250

🔧 Epoch 250 梯度检查:
================================================================================

  参数名称                              梯度范数         梯度均值 状态             
  ----------------------------------------------------------------------
  type_relations                0.195205     0.003609 ✅ 正常           
  exist_relation                0.016038     0.000599 ✅ 正常           
  mi_proj_layer0                0.023451     0.000074 ✅ 正常           
  dis_proj_layer0               0.024704     0.000078 ✅ 正常           
================================================================================

Epoch 250, Total Loss: 14.8747, Recover Loss: 1.1147, miRNA CL: 7.1461, Disease CL: 6.3552, Inter-view (est): 3.1157, Recon Loss: 0.0289, Time: 236.34s
[INFO] Hypergraph updated at epoch 300

🔧 Epoch 300 梯度检查:
================================================================================

  参数名称                              梯度范数         梯度均值 状态             
  ----------------------------------------------------------------------
  type_relations                0.204485     0.003801 ✅ 正常           
  exist_relation                0.015131     0.000519 ✅ 正常           
  mi_proj_layer0                0.023406     0.000071 ✅ 正常           
  dis_proj_layer0               0.023559     0.000074 ✅ 正常           
================================================================================

Epoch 300, Total Loss: 14.7332, Recover Loss: 1.0915, miRNA CL: 7.0714, Disease CL: 6.3160, Inter-view (est): 3.0894, Recon Loss: 0.0276, Time: 271.18s
[INFO] Hypergraph updated at epoch 350

🔧 Epoch 350 梯度检查:
================================================================================

  参数名称                              梯度范数         梯度均值 状态             
  ----------------------------------------------------------------------
  type_relations                0.163831     0.003211 ✅ 正常           
  exist_relation                0.011792     0.000442 ✅ 正常           
  mi_proj_layer0                0.023121     0.000072 ✅ 正常           
  dis_proj_layer0               0.022827     0.000072 ✅ 正常           
================================================================================

Epoch 350, Total Loss: 14.6185, Recover Loss: 1.0796, miRNA CL: 7.0083, Disease CL: 6.2793, Inter-view (est): 3.0664, Recon Loss: 0.0278, Time: 305.64s
[INFO] Hypergraph updated at epoch 400

🔧 Epoch 400 梯度检查:
================================================================================

  参数名称                              梯度范数         梯度均值 状态             
  ----------------------------------------------------------------------
  type_relations                0.148646     0.002864 ✅ 正常           
  exist_relation                0.015688     0.000547 ✅ 正常           
  mi_proj_layer0                0.021445     0.000064 ✅ 正常           
  dis_proj_layer0               0.021219     0.000067 ✅ 正常           
================================================================================

Epoch 400, Total Loss: 14.4999, Recover Loss: 1.0608, miRNA CL: 6.9450, Disease CL: 6.2457, Inter-view (est): 3.0440, Recon Loss: 0.0276, Time: 340.16s
[INFO] Hypergraph updated at epoch 450

🔧 Epoch 450 梯度检查:
================================================================================

  参数名称                              梯度范数         梯度均值 状态             
  ----------------------------------------------------------------------
  type_relations                0.149564     0.002953 ✅ 正常           
  exist_relation                0.011868     0.000464 ✅ 正常           
  mi_proj_layer0                0.024119     0.000071 ✅ 正常           
  dis_proj_layer0               0.025032     0.000077 ✅ 正常           
================================================================================

Epoch 450, Total Loss: 14.3861, Recover Loss: 1.0473, miRNA CL: 6.8762, Disease CL: 6.2168, Inter-view (est): 3.0215, Recon Loss: 0.0274, Time: 374.65s
[INFO] Hypergraph updated at epoch 500

🔧 Epoch 500 梯度检查:
================================================================================

  参数名称                              梯度范数         梯度均值 状态             
  ----------------------------------------------------------------------
  type_relations                0.132617     0.002612 ✅ 正常           
  exist_relation                0.010908     0.000425 ✅ 正常           
  mi_proj_layer0                0.023166     0.000068 ✅ 正常           
  dis_proj_layer0               0.022315     0.000068 ✅ 正常           
================================================================================

Epoch 500, Total Loss: 14.2840, Recover Loss: 1.0348, miRNA CL: 6.8087, Disease CL: 6.1973, Inter-view (est): 3.0014, Recon Loss: 0.0265, Time: 408.66s
[INFO] Hypergraph updated at epoch 550

🔧 Epoch 550 梯度检查:
================================================================================

  参数名称                              梯度范数         梯度均值 状态             
  ----------------------------------------------------------------------
  type_relations                0.152977     0.002939 ✅ 正常           
  exist_relation                0.016296     0.000609 ✅ 正常           
  mi_proj_layer0                0.025238     0.000072 ✅ 正常           
  dis_proj_layer0               0.027294     0.000079 ✅ 正常           
================================================================================

Epoch 550, Total Loss: 14.2695, Recover Loss: 1.0291, miRNA CL: 6.8131, Disease CL: 6.1852, Inter-view (est): 2.9996, Recon Loss: 0.0265, Time: 442.51s
[INFO] Hypergraph updated at epoch 600

🔧 Epoch 600 梯度检查:
================================================================================

  参数名称                              梯度范数         梯度均值 状态             
  ----------------------------------------------------------------------
  type_relations                0.140979     0.002778 ✅ 正常           
  exist_relation                0.013851     0.000552 ✅ 正常           
  mi_proj_layer0                0.021249     0.000064 ✅ 正常           
  dis_proj_layer0               0.023765     0.000072 ✅ 正常           
================================================================================

Epoch 600, Total Loss: 14.2043, Recover Loss: 1.0214, miRNA CL: 6.7619, Disease CL: 6.1795, Inter-view (est): 2.9865, Recon Loss: 0.0265, Time: 476.71s
[INFO] Hypergraph updated at epoch 650

🔧 Epoch 650 梯度检查:
================================================================================

  参数名称                              梯度范数         梯度均值 状态             
  ----------------------------------------------------------------------
  type_relations                0.131069     0.002560 ✅ 正常           
  exist_relation                0.013663     0.000446 ✅ 正常           
  mi_proj_layer0                0.025254     0.000069 ✅ 正常           
  dis_proj_layer0               0.025691     0.000075 ✅ 正常           
================================================================================

Epoch 650, Total Loss: 14.1718, Recover Loss: 1.0171, miRNA CL: 6.7404, Disease CL: 6.1724, Inter-view (est): 2.9799, Recon Loss: 0.0275, Time: 511.17s

================================================================================
Training completed. Running final test...
================================================================================
Fold 5 completed - AUC: 0.9684, Top-1 F1: 0.6293
Fold 5 training time: 511.97 seconds
Average binary metrics across folds: [[0.96358933 0.95502733 0.91177561 0.90776119 0.9519403  0.86358209
  0.87587338]]
🎯 Average Top-1 metrics across folds: {'top1_precision': 0.5552238805970149, 'top1_recall': np.float64(0.6380863062715539), 'top1_f1': np.float64(0.5936318010573981)}

📊 CV_type Style Metrics Details:
  AUC            : 0.9636
  AUPR           : 0.9550
  F1             : 0.9118
  Accuracy       : 0.9078
  Recall         : 0.9519
  Specificity    : 0.8636
  Precision      : 0.8759

🎯 Top-1 Metrics Details:
  top1_precision : 0.5552
  top1_recall    : 0.6381
  top1_f1        : 0.5936

Total execution time: 2578.95 seconds

==========================================================================================
🎯 FINAL COMPREHENSIVE RESULTS WITH TOP-1 METRICS
==========================================================================================
📊 Binary Classification Metrics (Original):
  AUC: 0.9636
  AUPR: 0.9550
  F1: 0.9118
  Accuracy: 0.9078
  Recall: 0.9519
  Specificity: 0.8636
  Precision: 0.8759

🎯 CV_type Style Metrics (Enhanced):
  AUC: 0.9636
  AUPR: 0.9550
  F1: 0.9118
  Accuracy: 0.9078
  Recall: 0.9519
  Specificity: 0.8636
  Precision: 0.8759

🏆 Top-1 Metrics (NEW):
  Top-1 Precision: 0.5552
  Top-1 Recall: 0.6381
  Top-1 F1: 0.5936
==========================================================================================

[2/6] plan_e seed=42
----------------------------------------------------------------
[CPU] torch.set_num_threads(14), interop=min(4, 14)
Using device: cpu
[INFO] Auto-computed BALANCED class weights (to prevent class collapse):
  Circulation  (367 samples): 0.780
  Epigenetics  (157 samples): 1.823
  Target       (293 samples): 0.977
  Genetics     (681 samples): 0.420
  [NOTE] Higher weights for minority classes to prevent model from only predicting majority class
[INFO] Using v2.0_495m383D dataset:
  miRNAs: 495
  Diseases: 383
  Expected associations: ~1498
  Types: 4 (Circulation, Epigenetics, Target, Genetics)

================================================================================
Configuration Summary
================================================================================
Dataset: v2.0_495m383D
Data Path: ./
Model: HeterogenousGraphCLAMIR
  - HGT Layers: 2
  - Attention Heads: 4
  - Association Types: 4
  - Inter-view CL: Enabled
    - Weight: 0.3
    - Temperature: 0.5
    - Margin: 0.5

Training:
  - Epochs: 650
  - Learning Rate: 0.0001
  - Dropout: 0.3
  - Weight Decay: 5e-05
  - Focal Loss: Enabled

Evaluation:
  - Cross-Validation Folds: 5
  - Primary Metric: AUPR

Device: cpu
Random Seed: 42
================================================================================

🚀 Running with comprehensive evaluation including Top-1 metrics...
🎯 Loading dual-view data...
Starting dual-view data preparation with new file format...
Loading all similarity and feature files from v2.0_495m383D...
✅ Loaded disease semantic similarity from D_SSM1.txt: (383, 383)
✅ Loaded miRNA functional similarity from M_FSM.txt: (495, 495)
✅ Loaded multi-type association pairs from ./v2.0_495m383D\multi_all_mirna_disease_pairs_without_negative.csv: (1679, 3)
✅ Created multi-type association matrix: (495, 383)
📊 Multi-type Association Statistics:
   无关联 (No association): 188087 pairs (99.21%)
   循环类型 (Circulation): 367 pairs (0.19%)
   表观遗传学 (Epigenetics): 157 pairs (0.08%)
   靶标类型 (Target): 293 pairs (0.15%)
   遗传学类型 (Genetics): 681 pairs (0.36%)
✅ Created association matrix from CSV: (495, 383)
✅ Loaded disease-gene features from D_SSM2.txt: torch.Size([383, 383])
✅ Loaded miRNA-sequence features from M_GSM.txt: torch.Size([495, 495])
Processing integrated similarity matrices...
Loaded similarity matrices from cache
Processing indices...
Loaded indices from cache
✅ Dual-view data preparation completed in 0.38 seconds

============================================================
🎯 DUAL-VIEW CONFIGURATION SUMMARY (v2.0_495m383D)
============================================================
miRNA Dual Views:
  📊 View 1 (Sequence): M_GSM.txt torch.Size([495, 495])
  📊 View 2 (Function): M_FSM.txt torch.Size([495, 495])

Disease Dual Views:
  📊 View 1 (Gene): D_SSM2.txt torch.Size([383, 383])
  📊 View 2 (Semantic): D_SSM1.txt torch.Size([383, 383])

Association Matrix: torch.Size([495, 383])
Data source: v2.0_495m383D (495 miRNAs × 383 Diseases)
============================================================
Preloading dual-view data to device...
✅ Loaded disease-gene features to device: torch.Size([383, 383])
✅ Loaded miRNA-sequence features to device: torch.Size([495, 495])
✅ Loaded disease semantic similarity to device: torch.Size([383, 383])
✅ Loaded miRNA functional similarity to device: torch.Size([495, 495])
✅ Dual-view data preloading completed in 0.00 seconds
OptimizedDataset initialized with 5 folds
Using device: cpu
=== Cross Validation Fold 1/5 ===
Using hidden dimensions: [256, 256] with 4 attention heads
[ABLATION] Running with mode = no_cl_rebuild
优化模型初始化: miRNA数量 = 495, 疾病数量 = 383
[ABLATION REBUILD] no_cl_rebuild — HGCN plain single-view, no contrastive
   节点维度: 256 → 128
   类型数量: 4
   Temperature: 2.0 (可学习)
   Loss mode: softmax_5class
   loss_mode=softmax_5class
   class_weights_5 (neg+4types): ['0.026', '0.970', '2.266', '1.215', '0.524']

✅ SimplifiedMultiTypeAssociationLoss 初始化 (改进版)
   类别权重 (beta=0.99999): ['0.780', '1.822', '0.977', '0.421']
Original positive index shape: torch.Size([1072, 2])
Original negative index shape: torch.Size([135416, 2])
采样后负样本数量: 10720
🎯 Building TRUE DUAL VIEWS from four different sources...
📊 Data sources loaded:
  Disease semantic: torch.Size([383, 383])
  miRNA functional: torch.Size([495, 495])
  Disease-gene: torch.Size([383, 383])
  miRNA-sequence: torch.Size([495, 495])
🧬 Building miRNA dual-view hypergraphs...
  📊 miRNA View 1 (Sequence): torch.Size([495, 878])
  📊 miRNA View 2 (Function): torch.Size([495, 878])
🦠 Building disease dual-view hypergraphs...
  📊 Disease View 1 (Gene): torch.Size([383, 878])
  📊 Disease View 2 (Semantic): torch.Size([383, 878])
✅ Successfully built TRUE DUAL VIEWS:
   🧬 miRNA: Sequence Features (m_ss.xlsx) vs Functional Similarity (mi_fun_sim_2.0.csv)
   🦠 Disease: Gene Features (d_gs.xlsx) vs Semantic Similarity (dis_sem_sim_2.0.csv)

🔧 Epoch 1 梯度检查:
================================================================================

  参数名称                              梯度范数         梯度均值 状态             
  ----------------------------------------------------------------------
  type_relations                0.646131     0.016408 ✅ 正常           
  exist_relation                0.000150     0.000010 ✅ 正常           
  mi_proj_layer0                1.341041     0.004155 ✅ 正常           
  dis_proj_layer0               1.358581     0.004109 ✅ 正常           
================================================================================

Epoch 1, Total Loss: 4.7614, Recover Loss: 2.9741, miRNA CL: 0.0000, Disease CL: 0.0000, Inter-view (est): 0.0000, Recon Loss: 1.4598, Time: 0.23s
[INFO] Hypergraph updated at epoch 5
[INFO] Hypergraph updated at epoch 10
[INFO] Hypergraph updated at epoch 15
[INFO] Hypergraph updated at epoch 20
[INFO] Hypergraph updated at epoch 25
[INFO] Hypergraph updated at epoch 30
[INFO] Hypergraph updated at epoch 35
[INFO] Hypergraph updated at epoch 40
[INFO] Hypergraph updated at epoch 45
[INFO] Hypergraph updated at epoch 50

🔧 Epoch 50 梯度检查:
================================================================================

  参数名称                              梯度范数         梯度均值 状态             
  ----------------------------------------------------------------------
  type_relations                0.279330     0.007902 ✅ 正常           
  exist_relation                0.000145     0.000010 ✅ 正常           
  mi_proj_layer0                0.072282     0.000263 ✅ 正常           
  dis_proj_layer0               0.080401     0.000279 ✅ 正常           
================================================================================

Epoch 50, Total Loss: 3.0657, Recover Loss: 2.6939, miRNA CL: 0.0000, Disease CL: 0.0000, Inter-view (est): 0.0000, Recon Loss: 0.0714, Time: 59.97s
[INFO] Hypergraph updated at epoch 100

🔧 Epoch 100 梯度检查:
================================================================================

  参数名称                              梯度范数         梯度均值 状态             
  ----------------------------------------------------------------------
  type_relations                0.312495     0.008419 ✅ 正常           
  exist_relation                0.000140     0.000009 ✅ 正常           
  mi_proj_layer0                0.068531     0.000247 ✅ 正常           
  dis_proj_layer0               0.074452     0.000265 ✅ 正常           
================================================================================

Epoch 100, Total Loss: 2.9259, Recover Loss: 2.6224, miRNA CL: 0.0000, Disease CL: 0.0000, Inter-view (est): 0.0000, Recon Loss: 0.0313, Time: 69.41s
[INFO] Hypergraph updated at epoch 150

🔧 Epoch 150 梯度检查:
================================================================================

  参数名称                              梯度范数         梯度均值 状态             
  ----------------------------------------------------------------------
  type_relations                0.307987     0.008675 ✅ 正常           
  exist_relation                0.000135     0.000009 ✅ 正常           
  mi_proj_layer0                0.069984     0.000249 ✅ 正常           
  dis_proj_layer0               0.078610     0.000279 ✅ 正常           
================================================================================

Epoch 150, Total Loss: 2.8204, Recover Loss: 2.5380, miRNA CL: 0.0000, Disease CL: 0.0000, Inter-view (est): 0.0000, Recon Loss: 0.0296, Time: 77.75s
[INFO] Hypergraph updated at epoch 200

🔧 Epoch 200 梯度检查:
================================================================================

  参数名称                              梯度范数         梯度均值 状态             
  ----------------------------------------------------------------------
  type_relations                0.301515     0.007890 ✅ 正常           
  exist_relation                0.000131     0.000008 ✅ 正常           
  mi_proj_layer0                0.062105     0.000226 ✅ 正常           
  dis_proj_layer0               0.070580     0.000251 ✅ 正常           
================================================================================

Epoch 200, Total Loss: 2.7139, Recover Loss: 2.4459, miRNA CL: 0.0000, Disease CL: 0.0000, Inter-view (est): 0.0000, Recon Loss: 0.0295, Time: 86.36s
[INFO] Hypergraph updated at epoch 250

🔧 Epoch 250 梯度检查:
================================================================================

  参数名称                              梯度范数         梯度均值 状态             
  ----------------------------------------------------------------------
  type_relations                0.231886     0.006313 ✅ 正常           
  exist_relation                0.000127     0.000008 ✅ 正常           
  mi_proj_layer0                0.062308     0.000226 ✅ 正常           
  dis_proj_layer0               0.070922     0.000249 ✅ 正常           
================================================================================

Epoch 250, Total Loss: 2.6374, Recover Loss: 2.3816, miRNA CL: 0.0000, Disease CL: 0.0000, Inter-view (est): 0.0000, Recon Loss: 0.0284, Time: 95.10s
[INFO] Hypergraph updated at epoch 300

🔧 Epoch 300 梯度检查:
================================================================================

  参数名称                              梯度范数         梯度均值 状态             
  ----------------------------------------------------------------------
  type_relations                0.278282     0.006878 ✅ 正常           
  exist_relation                0.000123     0.000008 ✅ 正常           
  mi_proj_layer0                0.070983     0.000249 ✅ 正常           
  dis_proj_layer0               0.077267     0.000270 ✅ 正常           
================================================================================

Epoch 300, Total Loss: 2.5646, Recover Loss: 2.3169, miRNA CL: 0.0000, Disease CL: 0.0000, Inter-view (est): 0.0000, Recon Loss: 0.0288, Time: 104.72s
[INFO] Hypergraph updated at epoch 350

🔧 Epoch 350 梯度检查:
================================================================================

  参数名称                              梯度范数         梯度均值 状态             
  ----------------------------------------------------------------------
  type_relations                0.249478     0.006676 ✅ 正常           
  exist_relation                0.000120     0.000007 ✅ 正常           
  mi_proj_layer0                0.065261     0.000237 ✅ 正常           
  dis_proj_layer0               0.073546     0.000267 ✅ 正常           
================================================================================

Epoch 350, Total Loss: 2.5196, Recover Loss: 2.2789, miRNA CL: 0.0000, Disease CL: 0.0000, Inter-view (est): 0.0000, Recon Loss: 0.0286, Time: 113.82s
[INFO] Hypergraph updated at epoch 400

🔧 Epoch 400 梯度检查:
================================================================================

  参数名称                              梯度范数         梯度均值 状态             
  ----------------------------------------------------------------------
  type_relations                0.188629     0.005081 ✅ 正常           
  exist_relation                0.000116     0.000007 ✅ 正常           
  mi_proj_layer0                0.067357     0.000240 ✅ 正常           
  dis_proj_layer0               0.072664     0.000261 ✅ 正常           
================================================================================

Epoch 400, Total Loss: 2.4672, Recover Loss: 2.2327, miRNA CL: 0.0000, Disease CL: 0.0000, Inter-view (est): 0.0000, Recon Loss: 0.0277, Time: 122.51s
[INFO] Hypergraph updated at epoch 450

🔧 Epoch 450 梯度检查:
================================================================================

  参数名称                              梯度范数         梯度均值 状态             
  ----------------------------------------------------------------------
  type_relations                0.146515     0.004270 ✅ 正常           
  exist_relation                0.000113     0.000007 ✅ 正常           
  mi_proj_layer0                0.066564     0.000238 ✅ 正常           
  dis_proj_layer0               0.077467     0.000274 ✅ 正常           
================================================================================

Epoch 450, Total Loss: 2.4348, Recover Loss: 2.2046, miRNA CL: 0.0000, Disease CL: 0.0000, Inter-view (est): 0.0000, Recon Loss: 0.0279, Time: 131.15s
[INFO] Hypergraph updated at epoch 500

🔧 Epoch 500 梯度检查:
================================================================================

  参数名称                              梯度范数         梯度均值 状态             
  ----------------------------------------------------------------------
  type_relations                0.181254     0.005058 ✅ 正常           
  exist_relation                0.000110     0.000006 ✅ 正常           
  mi_proj_layer0                0.066667     0.000241 ✅ 正常           
  dis_proj_layer0               0.077865     0.000275 ✅ 正常           
================================================================================

Epoch 500, Total Loss: 2.4104, Recover Loss: 2.1842, miRNA CL: 0.0000, Disease CL: 0.0000, Inter-view (est): 0.0000, Recon Loss: 0.0276, Time: 140.08s
[INFO] Hypergraph updated at epoch 550

🔧 Epoch 550 梯度检查:
================================================================================

  参数名称                              梯度范数         梯度均值 状态             
  ----------------------------------------------------------------------
  type_relations                0.174910     0.004567 ✅ 正常           
  exist_relation                0.000107     0.000006 ✅ 正常           
  mi_proj_layer0                0.066130     0.000239 ✅ 正常           
  dis_proj_layer0               0.074557     0.000268 ✅ 正常           
================================================================================

Epoch 550, Total Loss: 2.3793, Recover Loss: 2.1560, miRNA CL: 0.0000, Disease CL: 0.0000, Inter-view (est): 0.0000, Recon Loss: 0.0278, Time: 148.95s
[INFO] Hypergraph updated at epoch 600

🔧 Epoch 600 梯度检查:
================================================================================

  参数名称                              梯度范数         梯度均值 状态             
  ----------------------------------------------------------------------
  type_relations                0.182716     0.004725 ✅ 正常           
  exist_relation                0.000104     0.000006 ✅ 正常           
  mi_proj_layer0                0.079338     0.000279 ✅ 正常           
  dis_proj_layer0               0.090426     0.000311 ✅ 正常           
================================================================================

Epoch 600, Total Loss: 2.3555, Recover Loss: 2.1354, miRNA CL: 0.0000, Disease CL: 0.0000, Inter-view (est): 0.0000, Recon Loss: 0.0272, Time: 157.77s
[INFO] Hypergraph updated at epoch 650

🔧 Epoch 650 梯度检查:
================================================================================

  参数名称                              梯度范数         梯度均值 状态             
  ----------------------------------------------------------------------
  type_relations                0.116526     0.003268 ✅ 正常           
  exist_relation                0.000101     0.000006 ✅ 正常           
  mi_proj_layer0                0.063149     0.000227 ✅ 正常           
  dis_proj_layer0               0.066657     0.000239 ✅ 正常           
================================================================================

Epoch 650, Total Loss: 2.3279, Recover Loss: 2.1113, miRNA CL: 0.0000, Disease CL: 0.0000, Inter-view (est): 0.0000, Recon Loss: 0.0260, Time: 166.68s

================================================================================
Training completed. Running final test...
================================================================================
Fold 1 completed - AUC: 0.9803, Top-1 F1: 0.6824
Fold 1 training time: 167.82 seconds
=== Cross Validation Fold 2/5 ===
Using hidden dimensions: [256, 256] with 4 attention heads
[ABLATION] Running with mode = no_cl_rebuild
优化模型初始化: miRNA数量 = 495, 疾病数量 = 383
[ABLATION REBUILD] no_cl_rebuild — HGCN plain single-view, no contrastive
   节点维度: 256 → 128
   类型数量: 4
   Temperature: 2.0 (可学习)
   Loss mode: softmax_5class
   loss_mode=softmax_5class
   class_weights_5 (neg+4types): ['0.026', '0.970', '2.266', '1.215', '0.524']

✅ SimplifiedMultiTypeAssociationLoss 初始化 (改进版)
   类别权重 (beta=0.99999): ['0.780', '1.822', '0.977', '0.421']
Original positive index shape: torch.Size([1072, 2])
Original negative index shape: torch.Size([135416, 2])
采样后负样本数量: 10720
🎯 Building TRUE DUAL VIEWS from four different sources...
📊 Data sources loaded:
  Disease semantic: torch.Size([383, 383])
  miRNA functional: torch.Size([495, 495])
  Disease-gene: torch.Size([383, 383])
  miRNA-sequence: torch.Size([495, 495])
🧬 Building miRNA dual-view hypergraphs...
  📊 miRNA View 1 (Sequence): torch.Size([495, 878])
  📊 miRNA View 2 (Function): torch.Size([495, 878])
🦠 Building disease dual-view hypergraphs...
  📊 Disease View 1 (Gene): torch.Size([383, 878])
  📊 Disease View 2 (Semantic): torch.Size([383, 878])
✅ Successfully built TRUE DUAL VIEWS:
   🧬 miRNA: Sequence Features (m_ss.xlsx) vs Functional Similarity (mi_fun_sim_2.0.csv)
   🦠 Disease: Gene Features (d_gs.xlsx) vs Semantic Similarity (dis_sem_sim_2.0.csv)

🔧 Epoch 1 梯度检查:
================================================================================

  参数名称                              梯度范数         梯度均值 状态             
  ----------------------------------------------------------------------
  type_relations                0.823656     0.019140 ✅ 正常           
  exist_relation                0.000149     0.000011 ✅ 正常           
  mi_proj_layer0                3.342863     0.009994 ✅ 正常           
  dis_proj_layer0               3.562381     0.010934 ✅ 正常           
================================================================================

Epoch 1, Total Loss: 4.9271, Recover Loss: 3.1736, miRNA CL: 0.0000, Disease CL: 0.0000, Inter-view (est): 0.0000, Recon Loss: 1.4261, Time: 0.19s
[INFO] Hypergraph updated at epoch 5
[INFO] Hypergraph updated at epoch 10
[INFO] Hypergraph updated at epoch 15
[INFO] Hypergraph updated at epoch 20
[INFO] Hypergraph updated at epoch 25
[INFO] Hypergraph updated at epoch 30
[INFO] Hypergraph updated at epoch 35
[INFO] Hypergraph updated at epoch 40
[INFO] Hypergraph updated at epoch 45
[INFO] Hypergraph updated at epoch 50

🔧 Epoch 50 梯度检查:
================================================================================

  参数名称                              梯度范数         梯度均值 状态             
  ----------------------------------------------------------------------
  type_relations                0.287744     0.008117 ✅ 正常           
  exist_relation                0.000144     0.000010 ✅ 正常           
  mi_proj_layer0                0.082424     0.000283 ✅ 正常           
  dis_proj_layer0               0.091434     0.000317 ✅ 正常           
================================================================================

Epoch 50, Total Loss: 3.1525, Recover Loss: 2.7039, miRNA CL: 0.0000, Disease CL: 0.0000, Inter-view (est): 0.0000, Recon Loss: 0.1484, Time: 57.58s
[INFO] Hypergraph updated at epoch 100

🔧 Epoch 100 梯度检查:
================================================================================

  参数名称                              梯度范数         梯度均值 状态             
  ----------------------------------------------------------------------
  type_relations                0.326226     0.009025 ✅ 正常           
  exist_relation                0.000138     0.000010 ✅ 正常           
  mi_proj_layer0                0.072553     0.000266 ✅ 正常           
  dis_proj_layer0               0.080041     0.000287 ✅ 正常           
================================================================================

Epoch 100, Total Loss: 2.9390, Recover Loss: 2.6349, miRNA CL: 0.0000, Disease CL: 0.0000, Inter-view (est): 0.0000, Recon Loss: 0.0311, Time: 68.32s
[INFO] Hypergraph updated at epoch 150

🔧 Epoch 150 梯度检查:
================================================================================

  参数名称                              梯度范数         梯度均值 状态             
  ----------------------------------------------------------------------
  type_relations                0.335571     0.008592 ✅ 正常           
  exist_relation                0.000133     0.000009 ✅ 正常           
  mi_proj_layer0                0.068832     0.000243 ✅ 正常           
  dis_proj_layer0               0.073718     0.000263 ✅ 正常           
================================================================================

Epoch 150, Total Loss: 2.8259, Recover Loss: 2.5427, miRNA CL: 0.0000, Disease CL: 0.0000, Inter-view (est): 0.0000, Recon Loss: 0.0291, Time: 76.90s
[INFO] Hypergraph updated at epoch 200

🔧 Epoch 200 梯度检查:
================================================================================

  参数名称                              梯度范数         梯度均值 状态             
  ----------------------------------------------------------------------
  type_relations                0.344415     0.008154 ✅ 正常           
  exist_relation                0.000129     0.000009 ✅ 正常           
  mi_proj_layer0                0.065198     0.000232 ✅ 正常           
  dis_proj_layer0               0.075479     0.000269 ✅ 正常           
================================================================================

Epoch 200, Total Loss: 2.7391, Recover Loss: 2.4714, miRNA CL: 0.0000, Disease CL: 0.0000, Inter-view (est): 0.0000, Recon Loss: 0.0277, Time: 85.64s
[INFO] Hypergraph updated at epoch 250

🔧 Epoch 250 梯度检查:
================================================================================

  参数名称                              梯度范数         梯度均值 状态             
  ----------------------------------------------------------------------
  type_relations                0.261601     0.006662 ✅ 正常           
  exist_relation                0.000124     0.000008 ✅ 正常           
  mi_proj_layer0                0.069858     0.000242 ✅ 正常           
  dis_proj_layer0               0.078913     0.000273 ✅ 正常           
================================================================================

Epoch 250, Total Loss: 2.6666, Recover Loss: 2.4096, miRNA CL: 0.0000, Disease CL: 0.0000, Inter-view (est): 0.0000, Recon Loss: 0.0277, Time: 94.12s
[INFO] Hypergraph updated at epoch 300

🔧 Epoch 300 梯度检查:
================================================================================

  参数名称                              梯度范数         梯度均值 状态             
  ----------------------------------------------------------------------
  type_relations                0.273587     0.006653 ✅ 正常           
  exist_relation                0.000120     0.000008 ✅ 正常           
  mi_proj_layer0                0.064970     0.000228 ✅ 正常           
  dis_proj_layer0               0.070433     0.000252 ✅ 正常           
================================================================================

Epoch 300, Total Loss: 2.5922, Recover Loss: 2.3440, miRNA CL: 0.0000, Disease CL: 0.0000, Inter-view (est): 0.0000, Recon Loss: 0.0274, Time: 102.79s
[INFO] Hypergraph updated at epoch 350

🔧 Epoch 350 梯度检查:
================================================================================

  参数名称                              梯度范数         梯度均值 状态             
  ----------------------------------------------------------------------
  type_relations                0.260447     0.006101 ✅ 正常           
  exist_relation                0.000117     0.000007 ✅ 正常           
  mi_proj_layer0                0.076419     0.000258 ✅ 正常           
  dis_proj_layer0               0.086161     0.000293 ✅ 正常           
================================================================================

Epoch 350, Total Loss: 2.5491, Recover Loss: 2.3075, miRNA CL: 0.0000, Disease CL: 0.0000, Inter-view (est): 0.0000, Recon Loss: 0.0275, Time: 111.39s
[INFO] Hypergraph updated at epoch 400

🔧 Epoch 400 梯度检查:
================================================================================

  参数名称                              梯度范数         梯度均值 状态             
  ----------------------------------------------------------------------
  type_relations                0.231454     0.005926 ✅ 正常           
  exist_relation                0.000113     0.000007 ✅ 正常           
  mi_proj_layer0                0.060484     0.000217 ✅ 正常           
  dis_proj_layer0               0.067719     0.000242 ✅ 正常           
================================================================================

Epoch 400, Total Loss: 2.4961, Recover Loss: 2.2607, miRNA CL: 0.0000, Disease CL: 0.0000, Inter-view (est): 0.0000, Recon Loss: 0.0267, Time: 120.03s
[INFO] Hypergraph updated at epoch 450

🔧 Epoch 450 梯度检查:
================================================================================

  参数名称                              梯度范数         梯度均值 状态             
  ----------------------------------------------------------------------
  type_relations                0.153197     0.004102 ✅ 正常           
  exist_relation                0.000109     0.000007 ✅ 正常           
  mi_proj_layer0                0.061845     0.000219 ✅ 正常           
  dis_proj_layer0               0.071096     0.000251 ✅ 正常           
================================================================================

Epoch 450, Total Loss: 2.4691, Recover Loss: 2.2388, miRNA CL: 0.0000, Disease CL: 0.0000, Inter-view (est): 0.0000, Recon Loss: 0.0262, Time: 128.91s
[INFO] Hypergraph updated at epoch 500

🔧 Epoch 500 梯度检查:
================================================================================

  参数名称                              梯度范数         梯度均值 状态             
  ----------------------------------------------------------------------
  type_relations                0.201622     0.005511 ✅ 正常           
  exist_relation                0.000106     0.000007 ✅ 正常           
  mi_proj_layer0                0.075549     0.000259 ✅ 正常           
  dis_proj_layer0               0.082377     0.000282 ✅ 正常           
================================================================================

Epoch 500, Total Loss: 2.4394, Recover Loss: 2.2129, miRNA CL: 0.0000, Disease CL: 0.0000, Inter-view (est): 0.0000, Recon Loss: 0.0262, Time: 137.68s
[INFO] Hypergraph updated at epoch 550

🔧 Epoch 550 梯度检查:
================================================================================

  参数名称                              梯度范数         梯度均值 状态             
  ----------------------------------------------------------------------
  type_relations                0.149381     0.003871 ✅ 正常           
  exist_relation                0.000103     0.000006 ✅ 正常           
  mi_proj_layer0                0.064402     0.000224 ✅ 正常           
  dis_proj_layer0               0.071753     0.000254 ✅ 正常           
================================================================================

Epoch 550, Total Loss: 2.4079, Recover Loss: 2.1842, miRNA CL: 0.0000, Disease CL: 0.0000, Inter-view (est): 0.0000, Recon Loss: 0.0266, Time: 146.47s
[INFO] Hypergraph updated at epoch 600

🔧 Epoch 600 梯度检查:
================================================================================

  参数名称                              梯度范数         梯度均值 状态             
  ----------------------------------------------------------------------
  type_relations                0.147786     0.004099 ✅ 正常           
  exist_relation                0.000099     0.000006 ✅ 正常           
  mi_proj_layer0                0.070151     0.000247 ✅ 正常           
  dis_proj_layer0               0.076333     0.000267 ✅ 正常           
================================================================================

Epoch 600, Total Loss: 2.4022, Recover Loss: 2.1811, miRNA CL: 0.0000, Disease CL: 0.0000, Inter-view (est): 0.0000, Recon Loss: 0.0266, Time: 155.40s
[INFO] Hypergraph updated at epoch 650

🔧 Epoch 650 梯度检查:
================================================================================

  参数名称                              梯度范数         梯度均值 状态             
  ----------------------------------------------------------------------
  type_relations                0.138406     0.004070 ✅ 正常           
  exist_relation                0.000096     0.000006 ✅ 正常           
  mi_proj_layer0                0.062548     0.000227 ✅ 正常           
  dis_proj_layer0               0.067181     0.000244 ✅ 正常           
================================================================================

Epoch 650, Total Loss: 2.3681, Recover Loss: 2.1502, miRNA CL: 0.0000, Disease CL: 0.0000, Inter-view (est): 0.0000, Recon Loss: 0.0258, Time: 164.34s

================================================================================
Training completed. Running final test...
================================================================================
Fold 2 completed - AUC: 0.9766, Top-1 F1: 0.6793
Fold 2 training time: 165.15 seconds
=== Cross Validation Fold 3/5 ===
Using hidden dimensions: [256, 256] with 4 attention heads
[ABLATION] Running with mode = no_cl_rebuild
优化模型初始化: miRNA数量 = 495, 疾病数量 = 383
[ABLATION REBUILD] no_cl_rebuild — HGCN plain single-view, no contrastive
   节点维度: 256 → 128
   类型数量: 4
   Temperature: 2.0 (可学习)
   Loss mode: softmax_5class
   loss_mode=softmax_5class
   class_weights_5 (neg+4types): ['0.026', '0.970', '2.266', '1.215', '0.524']

✅ SimplifiedMultiTypeAssociationLoss 初始化 (改进版)
   类别权重 (beta=0.99999): ['0.780', '1.822', '0.977', '0.421']
Original positive index shape: torch.Size([1072, 2])
Original negative index shape: torch.Size([135416, 2])
采样后负样本数量: 10720
🎯 Building TRUE DUAL VIEWS from four different sources...
📊 Data sources loaded:
  Disease semantic: torch.Size([383, 383])
  miRNA functional: torch.Size([495, 495])
  Disease-gene: torch.Size([383, 383])
  miRNA-sequence: torch.Size([495, 495])
🧬 Building miRNA dual-view hypergraphs...
  📊 miRNA View 1 (Sequence): torch.Size([495, 878])
  📊 miRNA View 2 (Function): torch.Size([495, 878])
🦠 Building disease dual-view hypergraphs...
  📊 Disease View 1 (Gene): torch.Size([383, 878])
  📊 Disease View 2 (Semantic): torch.Size([383, 878])
✅ Successfully built TRUE DUAL VIEWS:
   🧬 miRNA: Sequence Features (m_ss.xlsx) vs Functional Similarity (mi_fun_sim_2.0.csv)
   🦠 Disease: Gene Features (d_gs.xlsx) vs Semantic Similarity (dis_sem_sim_2.0.csv)

🔧 Epoch 1 梯度检查:
================================================================================

  参数名称                              梯度范数         梯度均值 状态             
  ----------------------------------------------------------------------
  type_relations                0.701662     0.017307 ✅ 正常           
  exist_relation                0.000135     0.000009 ✅ 正常           
  mi_proj_layer0                2.614052     0.006891 ✅ 正常           
  dis_proj_layer0               2.250140     0.006896 ✅ 正常           
================================================================================

Epoch 1, Total Loss: 4.8694, Recover Loss: 3.0973, miRNA CL: 0.0000, Disease CL: 0.0000, Inter-view (est): 0.0000, Recon Loss: 1.4448, Time: 0.20s
[INFO] Hypergraph updated at epoch 5
[INFO] Hypergraph updated at epoch 10
[INFO] Hypergraph updated at epoch 15
[INFO] Hypergraph updated at epoch 20
[INFO] Hypergraph updated at epoch 25
[INFO] Hypergraph updated at epoch 30
[INFO] Hypergraph updated at epoch 35
[INFO] Hypergraph updated at epoch 40
[INFO] Hypergraph updated at epoch 45
[INFO] Hypergraph updated at epoch 50

🔧 Epoch 50 梯度检查:
================================================================================

  参数名称                              梯度范数         梯度均值 状态             
  ----------------------------------------------------------------------
  type_relations                0.267639     0.008161 ✅ 正常           
  exist_relation                0.000130     0.000009 ✅ 正常           
  mi_proj_layer0                0.081409     0.000284 ✅ 正常           
  dis_proj_layer0               0.091449     0.000322 ✅ 正常           
================================================================================

Epoch 50, Total Loss: 3.1010, Recover Loss: 2.7139, miRNA CL: 0.0000, Disease CL: 0.0000, Inter-view (est): 0.0000, Recon Loss: 0.0865, Time: 57.68s
[INFO] Hypergraph updated at epoch 100

🔧 Epoch 100 梯度检查:
================================================================================

  参数名称                              梯度范数         梯度均值 状态             
  ----------------------------------------------------------------------
  type_relations                0.355086     0.009271 ✅ 正常           
  exist_relation                0.000125     0.000008 ✅ 正常           
  mi_proj_layer0                0.068505     0.000247 ✅ 正常           
  dis_proj_layer0               0.082211     0.000298 ✅ 正常           
================================================================================

Epoch 100, Total Loss: 2.9274, Recover Loss: 2.6252, miRNA CL: 0.0000, Disease CL: 0.0000, Inter-view (est): 0.0000, Recon Loss: 0.0301, Time: 66.92s
[INFO] Hypergraph updated at epoch 150

🔧 Epoch 150 梯度检查:
================================================================================

  参数名称                              梯度范数         梯度均值 状态             
  ----------------------------------------------------------------------
  type_relations                0.303220     0.008132 ✅ 正常           
  exist_relation                0.000120     0.000008 ✅ 正常           
  mi_proj_layer0                0.070928     0.000259 ✅ 正常           
  dis_proj_layer0               0.075076     0.000275 ✅ 正常           
================================================================================

Epoch 150, Total Loss: 2.8286, Recover Loss: 2.5478, miRNA CL: 0.0000, Disease CL: 0.0000, Inter-view (est): 0.0000, Recon Loss: 0.0282, Time: 75.60s
[INFO] Hypergraph updated at epoch 200

🔧 Epoch 200 梯度检查:
================================================================================

  参数名称                              梯度范数         梯度均值 状态             
  ----------------------------------------------------------------------
  type_relations                0.313626     0.007870 ✅ 正常           
  exist_relation                0.000116     0.000007 ✅ 正常           
  mi_proj_layer0                0.067801     0.000242 ✅ 正常           
  dis_proj_layer0               0.081538     0.000291 ✅ 正常           
================================================================================

Epoch 200, Total Loss: 2.7458, Recover Loss: 2.4796, miRNA CL: 0.0000, Disease CL: 0.0000, Inter-view (est): 0.0000, Recon Loss: 0.0279, Time: 83.99s
[INFO] Hypergraph updated at epoch 250

🔧 Epoch 250 梯度检查:
================================================================================

  参数名称                              梯度范数         梯度均值 状态             
  ----------------------------------------------------------------------
  type_relations                0.308159     0.007216 ✅ 正常           
  exist_relation                0.000112     0.000007 ✅ 正常           
  mi_proj_layer0                0.070708     0.000251 ✅ 正常           
  dis_proj_layer0               0.084809     0.000295 ✅ 正常           
================================================================================

Epoch 250, Total Loss: 2.6562, Recover Loss: 2.4011, miRNA CL: 0.0000, Disease CL: 0.0000, Inter-view (est): 0.0000, Recon Loss: 0.0276, Time: 92.33s
[INFO] Hypergraph updated at epoch 300

🔧 Epoch 300 梯度检查:
================================================================================

  参数名称                              梯度范数         梯度均值 状态             
  ----------------------------------------------------------------------
  type_relations                0.270325     0.006913 ✅ 正常           
  exist_relation                0.000109     0.000007 ✅ 正常           
  mi_proj_layer0                0.072500     0.000250 ✅ 正常           
  dis_proj_layer0               0.084015     0.000294 ✅ 正常           
================================================================================

Epoch 300, Total Loss: 2.5788, Recover Loss: 2.3324, miRNA CL: 0.0000, Disease CL: 0.0000, Inter-view (est): 0.0000, Recon Loss: 0.0273, Time: 100.82s
[INFO] Hypergraph updated at epoch 350

🔧 Epoch 350 梯度检查:
================================================================================

  参数名称                              梯度范数         梯度均值 状态             
  ----------------------------------------------------------------------
  type_relations                0.220505     0.005349 ✅ 正常           
  exist_relation                0.000105     0.000006 ✅ 正常           
  mi_proj_layer0                0.062028     0.000224 ✅ 正常           
  dis_proj_layer0               0.064486     0.000236 ✅ 正常           
================================================================================

Epoch 350, Total Loss: 2.5292, Recover Loss: 2.2893, miRNA CL: 0.0000, Disease CL: 0.0000, Inter-view (est): 0.0000, Recon Loss: 0.0274, Time: 109.67s
[INFO] Hypergraph updated at epoch 400

🔧 Epoch 400 梯度检查:
================================================================================

  参数名称                              梯度范数         梯度均值 状态             
  ----------------------------------------------------------------------
  type_relations                0.192483     0.004750 ✅ 正常           
  exist_relation                0.000102     0.000006 ✅ 正常           
  mi_proj_layer0                0.060901     0.000221 ✅ 正常           
  dis_proj_layer0               0.064297     0.000233 ✅ 正常           
================================================================================

Epoch 400, Total Loss: 2.4767, Recover Loss: 2.2432, miRNA CL: 0.0000, Disease CL: 0.0000, Inter-view (est): 0.0000, Recon Loss: 0.0263, Time: 118.25s
[INFO] Hypergraph updated at epoch 450

🔧 Epoch 450 梯度检查:
================================================================================

  参数名称                              梯度范数         梯度均值 状态             
  ----------------------------------------------------------------------
  type_relations                0.206997     0.005521 ✅ 正常           
  exist_relation                0.000098     0.000006 ✅ 正常           
  mi_proj_layer0                0.069608     0.000246 ✅ 正常           
  dis_proj_layer0               0.086468     0.000297 ✅ 正常           
================================================================================

Epoch 450, Total Loss: 2.4642, Recover Loss: 2.2351, miRNA CL: 0.0000, Disease CL: 0.0000, Inter-view (est): 0.0000, Recon Loss: 0.0263, Time: 126.61s
[INFO] Hypergraph updated at epoch 500

🔧 Epoch 500 梯度检查:
================================================================================

  参数名称                              梯度范数         梯度均值 状态             
  ----------------------------------------------------------------------
  type_relations                0.147509     0.004075 ✅ 正常           
  exist_relation                0.000095     0.000005 ✅ 正常           
  mi_proj_layer0                0.055948     0.000205 ✅ 正常           
  dis_proj_layer0               0.062532     0.000230 ✅ 正常           
================================================================================

Epoch 500, Total Loss: 2.4202, Recover Loss: 2.1953, miRNA CL: 0.0000, Disease CL: 0.0000, Inter-view (est): 0.0000, Recon Loss: 0.0259, Time: 135.32s
[INFO] Hypergraph updated at epoch 550

🔧 Epoch 550 梯度检查:
================================================================================

  参数名称                              梯度范数         梯度均值 状态             
  ----------------------------------------------------------------------
  type_relations                0.168322     0.004441 ✅ 正常           
  exist_relation                0.000092     0.000005 ✅ 正常           
  mi_proj_layer0                0.067578     0.000240 ✅ 正常           
  dis_proj_layer0               0.080514     0.000282 ✅ 正常           
================================================================================

Epoch 550, Total Loss: 2.4169, Recover Loss: 2.1950, miRNA CL: 0.0000, Disease CL: 0.0000, Inter-view (est): 0.0000, Recon Loss: 0.0260, Time: 143.92s
[INFO] Hypergraph updated at epoch 600

🔧 Epoch 600 梯度检查:
================================================================================

  参数名称                              梯度范数         梯度均值 状态             
  ----------------------------------------------------------------------
  type_relations                0.199786     0.005338 ✅ 正常           
  exist_relation                0.000090     0.000005 ✅ 正常           
  mi_proj_layer0                0.081541     0.000283 ✅ 正常           
  dis_proj_layer0               0.090905     0.000323 ✅ 正常           
================================================================================

Epoch 600, Total Loss: 2.3921, Recover Loss: 2.1725, miRNA CL: 0.0000, Disease CL: 0.0000, Inter-view (est): 0.0000, Recon Loss: 0.0263, Time: 152.76s
[INFO] Hypergraph updated at epoch 650

🔧 Epoch 650 梯度检查:
================================================================================

  参数名称                              梯度范数         梯度均值 状态             
  ----------------------------------------------------------------------
  type_relations                0.123537     0.003549 ✅ 正常           
  exist_relation                0.000087     0.000005 ✅ 正常           
  mi_proj_layer0                0.067177     0.000242 ✅ 正常           
  dis_proj_layer0               0.070818     0.000254 ✅ 正常           
================================================================================

Epoch 650, Total Loss: 2.3570, Recover Loss: 2.1401, miRNA CL: 0.0000, Disease CL: 0.0000, Inter-view (est): 0.0000, Recon Loss: 0.0258, Time: 161.61s

================================================================================
Training completed. Running final test...
================================================================================
Fold 3 completed - AUC: 0.9767, Top-1 F1: 0.6820
Fold 3 training time: 162.42 seconds
=== Cross Validation Fold 4/5 ===
Using hidden dimensions: [256, 256] with 4 attention heads
[ABLATION] Running with mode = no_cl_rebuild
优化模型初始化: miRNA数量 = 495, 疾病数量 = 383
[ABLATION REBUILD] no_cl_rebuild — HGCN plain single-view, no contrastive
   节点维度: 256 → 128
   类型数量: 4
   Temperature: 2.0 (可学习)
   Loss mode: softmax_5class
   loss_mode=softmax_5class
   class_weights_5 (neg+4types): ['0.026', '0.970', '2.266', '1.215', '0.524']

✅ SimplifiedMultiTypeAssociationLoss 初始化 (改进版)
   类别权重 (beta=0.99999): ['0.780', '1.822', '0.977', '0.421']
Original positive index shape: torch.Size([1072, 2])
Original negative index shape: torch.Size([135416, 2])
采样后负样本数量: 10720
🎯 Building TRUE DUAL VIEWS from four different sources...
📊 Data sources loaded:
  Disease semantic: torch.Size([383, 383])
  miRNA functional: torch.Size([495, 495])
  Disease-gene: torch.Size([383, 383])
  miRNA-sequence: torch.Size([495, 495])
🧬 Building miRNA dual-view hypergraphs...
  📊 miRNA View 1 (Sequence): torch.Size([495, 878])
  📊 miRNA View 2 (Function): torch.Size([495, 878])
🦠 Building disease dual-view hypergraphs...
  📊 Disease View 1 (Gene): torch.Size([383, 878])
  📊 Disease View 2 (Semantic): torch.Size([383, 878])
✅ Successfully built TRUE DUAL VIEWS:
   🧬 miRNA: Sequence Features (m_ss.xlsx) vs Functional Similarity (mi_fun_sim_2.0.csv)
   🦠 Disease: Gene Features (d_gs.xlsx) vs Semantic Similarity (dis_sem_sim_2.0.csv)

🔧 Epoch 1 梯度检查:
================================================================================

  参数名称                              梯度范数         梯度均值 状态             
  ----------------------------------------------------------------------
  type_relations                0.671818     0.016312 ✅ 正常           
  exist_relation                0.000133     0.000009 ✅ 正常           
  mi_proj_layer0                1.418491     0.004415 ✅ 正常           
  dis_proj_layer0               1.498443     0.004807 ✅ 正常           
================================================================================

Epoch 1, Total Loss: 4.7769, Recover Loss: 2.9975, miRNA CL: 0.0000, Disease CL: 0.0000, Inter-view (est): 0.0000, Recon Loss: 1.4521, Time: 0.17s
[INFO] Hypergraph updated at epoch 5
[INFO] Hypergraph updated at epoch 10
[INFO] Hypergraph updated at epoch 15
[INFO] Hypergraph updated at epoch 20
[INFO] Hypergraph updated at epoch 25
[INFO] Hypergraph updated at epoch 30
[INFO] Hypergraph updated at epoch 35
[INFO] Hypergraph updated at epoch 40
[INFO] Hypergraph updated at epoch 45
[INFO] Hypergraph updated at epoch 50

🔧 Epoch 50 梯度检查:
================================================================================

  参数名称                              梯度范数         梯度均值 状态             
  ----------------------------------------------------------------------
  type_relations                0.287737     0.008155 ✅ 正常           
  exist_relation                0.000129     0.000009 ✅ 正常           
  mi_proj_layer0                0.071700     0.000264 ✅ 正常           
  dis_proj_layer0               0.085875     0.000299 ✅ 正常           
================================================================================

Epoch 50, Total Loss: 3.0949, Recover Loss: 2.7119, miRNA CL: 0.0000, Disease CL: 0.0000, Inter-view (est): 0.0000, Recon Loss: 0.0826, Time: 62.29s
[INFO] Hypergraph updated at epoch 100

🔧 Epoch 100 梯度检查:
================================================================================

  参数名称                              梯度范数         梯度均值 状态             
  ----------------------------------------------------------------------
  type_relations                0.325019     0.008405 ✅ 正常           
  exist_relation                0.000123     0.000008 ✅ 正常           
  mi_proj_layer0                0.071744     0.000260 ✅ 正常           
  dis_proj_layer0               0.086966     0.000298 ✅ 正常           
================================================================================

Epoch 100, Total Loss: 2.9497, Recover Loss: 2.6466, miRNA CL: 0.0000, Disease CL: 0.0000, Inter-view (est): 0.0000, Recon Loss: 0.0308, Time: 71.50s
[INFO] Hypergraph updated at epoch 150

🔧 Epoch 150 梯度检查:
================================================================================

  参数名称                              梯度范数         梯度均值 状态             
  ----------------------------------------------------------------------
  type_relations                0.341734     0.008353 ✅ 正常           
  exist_relation                0.000118     0.000008 ✅ 正常           
  mi_proj_layer0                0.058518     0.000214 ✅ 正常           
  dis_proj_layer0               0.079964     0.000277 ✅ 正常           
================================================================================

Epoch 150, Total Loss: 2.8371, Recover Loss: 2.5545, miRNA CL: 0.0000, Disease CL: 0.0000, Inter-view (est): 0.0000, Recon Loss: 0.0296, Time: 80.19s
[INFO] Hypergraph updated at epoch 200

🔧 Epoch 200 梯度检查:
================================================================================

  参数名称                              梯度范数         梯度均值 状态             
  ----------------------------------------------------------------------
  type_relations                0.324782     0.008003 ✅ 正常           
  exist_relation                0.000114     0.000007 ✅ 正常           
  mi_proj_layer0                0.064047     0.000225 ✅ 正常           
  dis_proj_layer0               0.080855     0.000275 ✅ 正常           
================================================================================

Epoch 200, Total Loss: 2.7455, Recover Loss: 2.4781, miRNA CL: 0.0000, Disease CL: 0.0000, Inter-view (est): 0.0000, Recon Loss: 0.0285, Time: 88.66s
[INFO] Hypergraph updated at epoch 250

🔧 Epoch 250 梯度检查:
================================================================================

  参数名称                              梯度范数         梯度均值 状态             
  ----------------------------------------------------------------------
  type_relations                0.287715     0.007190 ✅ 正常           
  exist_relation                0.000110     0.000007 ✅ 正常           
  mi_proj_layer0                0.062320     0.000223 ✅ 正常           
  dis_proj_layer0               0.073950     0.000263 ✅ 正常           
================================================================================

Epoch 250, Total Loss: 2.6616, Recover Loss: 2.4052, miRNA CL: 0.0000, Disease CL: 0.0000, Inter-view (est): 0.0000, Recon Loss: 0.0284, Time: 97.11s
[INFO] Hypergraph updated at epoch 300

🔧 Epoch 300 梯度检查:
================================================================================

  参数名称                              梯度范数         梯度均值 状态             
  ----------------------------------------------------------------------
  type_relations                0.274888     0.006697 ✅ 正常           
  exist_relation                0.000106     0.000007 ✅ 正常           
  mi_proj_layer0                0.068648     0.000243 ✅ 正常           
  dis_proj_layer0               0.082573     0.000278 ✅ 正常           
================================================================================

Epoch 300, Total Loss: 2.6031, Recover Loss: 2.3562, miRNA CL: 0.0000, Disease CL: 0.0000, Inter-view (est): 0.0000, Recon Loss: 0.0273, Time: 105.68s
[INFO] Hypergraph updated at epoch 350

🔧 Epoch 350 梯度检查:
================================================================================

  参数名称                              梯度范数         梯度均值 状态             
  ----------------------------------------------------------------------
  type_relations                0.199874     0.005323 ✅ 正常           
  exist_relation                0.000103     0.000006 ✅ 正常           
  mi_proj_layer0                0.055981     0.000206 ✅ 正常           
  dis_proj_layer0               0.067930     0.000244 ✅ 正常           
================================================================================

Epoch 350, Total Loss: 2.5303, Recover Loss: 2.2904, miRNA CL: 0.0000, Disease CL: 0.0000, Inter-view (est): 0.0000, Recon Loss: 0.0271, Time: 114.23s
[INFO] Hypergraph updated at epoch 400

🔧 Epoch 400 梯度检查:
================================================================================

  参数名称                              梯度范数         梯度均值 状态             
  ----------------------------------------------------------------------
  type_relations                0.210295     0.005423 ✅ 正常           
  exist_relation                0.000099     0.000006 ✅ 正常           
  mi_proj_layer0                0.059386     0.000220 ✅ 正常           
  dis_proj_layer0               0.069595     0.000253 ✅ 正常           
================================================================================

Epoch 400, Total Loss: 2.5018, Recover Loss: 2.2675, miRNA CL: 0.0000, Disease CL: 0.0000, Inter-view (est): 0.0000, Recon Loss: 0.0268, Time: 122.85s
[INFO] Hypergraph updated at epoch 450

🔧 Epoch 450 梯度检查:
================================================================================

  参数名称                              梯度范数         梯度均值 状态             
  ----------------------------------------------------------------------
  type_relations                0.193948     0.005207 ✅ 正常           
  exist_relation                0.000096     0.000006 ✅ 正常           
  mi_proj_layer0                0.063437     0.000234 ✅ 正常           
  dis_proj_layer0               0.079863     0.000283 ✅ 正常           
================================================================================

Epoch 450, Total Loss: 2.4686, Recover Loss: 2.2387, miRNA CL: 0.0000, Disease CL: 0.0000, Inter-view (est): 0.0000, Recon Loss: 0.0270, Time: 131.52s
[INFO] Hypergraph updated at epoch 500

🔧 Epoch 500 梯度检查:
================================================================================

  参数名称                              梯度范数         梯度均值 状态             
  ----------------------------------------------------------------------
  type_relations                0.174738     0.004802 ✅ 正常           
  exist_relation                0.000093     0.000005 ✅ 正常           
  mi_proj_layer0                0.066142     0.000240 ✅ 正常           
  dis_proj_layer0               0.079924     0.000282 ✅ 正常           
================================================================================

Epoch 500, Total Loss: 2.4413, Recover Loss: 2.2154, miRNA CL: 0.0000, Disease CL: 0.0000, Inter-view (est): 0.0000, Recon Loss: 0.0266, Time: 140.05s
[INFO] Hypergraph updated at epoch 550

🔧 Epoch 550 梯度检查:
================================================================================

  参数名称                              梯度范数         梯度均值 状态             
  ----------------------------------------------------------------------
  type_relations                0.183588     0.004913 ✅ 正常           
  exist_relation                0.000090     0.000005 ✅ 正常           
  mi_proj_layer0                0.070661     0.000256 ✅ 正常           
  dis_proj_layer0               0.078119     0.000277 ✅ 正常           
================================================================================

Epoch 550, Total Loss: 2.4040, Recover Loss: 2.1811, miRNA CL: 0.0000, Disease CL: 0.0000, Inter-view (est): 0.0000, Recon Loss: 0.0268, Time: 148.96s
[INFO] Hypergraph updated at epoch 600

🔧 Epoch 600 梯度检查:
================================================================================

  参数名称                              梯度范数         梯度均值 状态             
  ----------------------------------------------------------------------
  type_relations                0.145621     0.004063 ✅ 正常           
  exist_relation                0.000087     0.000005 ✅ 正常           
  mi_proj_layer0                0.068222     0.000247 ✅ 正常           
  dis_proj_layer0               0.073239     0.000258 ✅ 正常           
================================================================================

Epoch 600, Total Loss: 2.3755, Recover Loss: 2.1551, miRNA CL: 0.0000, Disease CL: 0.0000, Inter-view (est): 0.0000, Recon Loss: 0.0268, Time: 157.80s
[INFO] Hypergraph updated at epoch 650

🔧 Epoch 650 梯度检查:
================================================================================

  参数名称                              梯度范数         梯度均值 状态             
  ----------------------------------------------------------------------
  type_relations                0.125924     0.003762 ✅ 正常           
  exist_relation                0.000084     0.000005 ✅ 正常           
  mi_proj_layer0                0.061101     0.000228 ✅ 正常           
  dis_proj_layer0               0.067713     0.000254 ✅ 正常           
================================================================================

Epoch 650, Total Loss: 2.3607, Recover Loss: 2.1426, miRNA CL: 0.0000, Disease CL: 0.0000, Inter-view (est): 0.0000, Recon Loss: 0.0267, Time: 166.60s

================================================================================
Training completed. Running final test...
================================================================================
Fold 4 completed - AUC: 0.9748, Top-1 F1: 0.6627
Fold 4 training time: 167.41 seconds
=== Cross Validation Fold 5/5 ===
Using hidden dimensions: [256, 256] with 4 attention heads
[ABLATION] Running with mode = no_cl_rebuild
优化模型初始化: miRNA数量 = 495, 疾病数量 = 383
[ABLATION REBUILD] no_cl_rebuild — HGCN plain single-view, no contrastive
   节点维度: 256 → 128
   类型数量: 4
   Temperature: 2.0 (可学习)
   Loss mode: softmax_5class
   loss_mode=softmax_5class
   class_weights_5 (neg+4types): ['0.026', '0.970', '2.266', '1.215', '0.524']

✅ SimplifiedMultiTypeAssociationLoss 初始化 (改进版)
   类别权重 (beta=0.99999): ['0.780', '1.822', '0.977', '0.421']
Original positive index shape: torch.Size([1072, 2])
Original negative index shape: torch.Size([135416, 2])
采样后负样本数量: 10720
🎯 Building TRUE DUAL VIEWS from four different sources...
📊 Data sources loaded:
  Disease semantic: torch.Size([383, 383])
  miRNA functional: torch.Size([495, 495])
  Disease-gene: torch.Size([383, 383])
  miRNA-sequence: torch.Size([495, 495])
🧬 Building miRNA dual-view hypergraphs...
  📊 miRNA View 1 (Sequence): torch.Size([495, 878])
  📊 miRNA View 2 (Function): torch.Size([495, 878])
🦠 Building disease dual-view hypergraphs...
  📊 Disease View 1 (Gene): torch.Size([383, 878])
  📊 Disease View 2 (Semantic): torch.Size([383, 878])
✅ Successfully built TRUE DUAL VIEWS:
   🧬 miRNA: Sequence Features (m_ss.xlsx) vs Functional Similarity (mi_fun_sim_2.0.csv)
   🦠 Disease: Gene Features (d_gs.xlsx) vs Semantic Similarity (dis_sem_sim_2.0.csv)

🔧 Epoch 1 梯度检查:
================================================================================

  参数名称                              梯度范数         梯度均值 状态             
  ----------------------------------------------------------------------
  type_relations                0.702258     0.016565 ✅ 正常           
  exist_relation                0.000136     0.000010 ✅ 正常           
  mi_proj_layer0                2.421025     0.007164 ✅ 正常           
  dis_proj_layer0               2.144336     0.006430 ✅ 正常           
================================================================================

Epoch 1, Total Loss: 4.7885, Recover Loss: 3.0560, miRNA CL: 0.0000, Disease CL: 0.0000, Inter-view (est): 0.0000, Recon Loss: 1.4052, Time: 0.18s
[INFO] Hypergraph updated at epoch 5
[INFO] Hypergraph updated at epoch 10
[INFO] Hypergraph updated at epoch 15
[INFO] Hypergraph updated at epoch 20
[INFO] Hypergraph updated at epoch 25
[INFO] Hypergraph updated at epoch 30
[INFO] Hypergraph updated at epoch 35
[INFO] Hypergraph updated at epoch 40
[INFO] Hypergraph updated at epoch 45
[INFO] Hypergraph updated at epoch 50

🔧 Epoch 50 梯度检查:
================================================================================

  参数名称                              梯度范数         梯度均值 状态             
  ----------------------------------------------------------------------
  type_relations                0.277016     0.007777 ✅ 正常           
  exist_relation                0.000131     0.000009 ✅ 正常           
  mi_proj_layer0                0.065617     0.000241 ✅ 正常           
  dis_proj_layer0               0.078008     0.000279 ✅ 正常           
================================================================================

Epoch 50, Total Loss: 3.0764, Recover Loss: 2.7049, miRNA CL: 0.0000, Disease CL: 0.0000, Inter-view (est): 0.0000, Recon Loss: 0.0711, Time: 53.01s
[INFO] Hypergraph updated at epoch 100

🔧 Epoch 100 梯度检查:
================================================================================

  参数名称                              梯度范数         梯度均值 状态             
  ----------------------------------------------------------------------
  type_relations                0.334968     0.008735 ✅ 正常           
  exist_relation                0.000125     0.000009 ✅ 正常           
  mi_proj_layer0                0.074823     0.000275 ✅ 正常           
  dis_proj_layer0               0.086353     0.000308 ✅ 正常           
================================================================================

Epoch 100, Total Loss: 2.9359, Recover Loss: 2.6327, miRNA CL: 0.0000, Disease CL: 0.0000, Inter-view (est): 0.0000, Recon Loss: 0.0311, Time: 62.27s
[INFO] Hypergraph updated at epoch 150

🔧 Epoch 150 梯度检查:
================================================================================

  参数名称                              梯度范数         梯度均值 状态             
  ----------------------------------------------------------------------
  type_relations                0.313793     0.007859 ✅ 正常           
  exist_relation                0.000120     0.000008 ✅ 正常           
  mi_proj_layer0                0.065028     0.000237 ✅ 正常           
  dis_proj_layer0               0.076921     0.000275 ✅ 正常           
================================================================================

Epoch 150, Total Loss: 2.8342, Recover Loss: 2.5515, miRNA CL: 0.0000, Disease CL: 0.0000, Inter-view (est): 0.0000, Recon Loss: 0.0299, Time: 70.74s
[INFO] Hypergraph updated at epoch 200

🔧 Epoch 200 梯度检查:
================================================================================

  参数名称                              梯度范数         梯度均值 状态             
  ----------------------------------------------------------------------
  type_relations                0.300763     0.008238 ✅ 正常           
  exist_relation                0.000115     0.000008 ✅ 正常           
  mi_proj_layer0                0.066753     0.000246 ✅ 正常           
  dis_proj_layer0               0.074188     0.000267 ✅ 正常           
================================================================================

Epoch 200, Total Loss: 2.7425, Recover Loss: 2.4747, miRNA CL: 0.0000, Disease CL: 0.0000, Inter-view (est): 0.0000, Recon Loss: 0.0292, Time: 79.42s
[INFO] Hypergraph updated at epoch 250

🔧 Epoch 250 梯度检查:
================================================================================

  参数名称                              梯度范数         梯度均值 状态             
  ----------------------------------------------------------------------
  type_relations                0.315146     0.008024 ✅ 正常           
  exist_relation                0.000111     0.000007 ✅ 正常           
  mi_proj_layer0                0.076356     0.000266 ✅ 正常           
  dis_proj_layer0               0.081276     0.000287 ✅ 正常           
================================================================================

Epoch 250, Total Loss: 2.6585, Recover Loss: 2.4017, miRNA CL: 0.0000, Disease CL: 0.0000, Inter-view (est): 0.0000, Recon Loss: 0.0289, Time: 87.92s
[INFO] Hypergraph updated at epoch 300

🔧 Epoch 300 梯度检查:
================================================================================

  参数名称                              梯度范数         梯度均值 状态             
  ----------------------------------------------------------------------
  type_relations                0.259264     0.006620 ✅ 正常           
  exist_relation                0.000107     0.000007 ✅ 正常           
  mi_proj_layer0                0.065655     0.000234 ✅ 正常           
  dis_proj_layer0               0.067777     0.000249 ✅ 正常           
================================================================================

Epoch 300, Total Loss: 2.5786, Recover Loss: 2.3313, miRNA CL: 0.0000, Disease CL: 0.0000, Inter-view (est): 0.0000, Recon Loss: 0.0278, Time: 96.40s
[INFO] Hypergraph updated at epoch 350

🔧 Epoch 350 梯度检查:
================================================================================

  参数名称                              梯度范数         梯度均值 状态             
  ----------------------------------------------------------------------
  type_relations                0.211512     0.006118 ✅ 正常           
  exist_relation                0.000103     0.000007 ✅ 正常           
  mi_proj_layer0                0.065140     0.000241 ✅ 正常           
  dis_proj_layer0               0.067490     0.000252 ✅ 正常           
================================================================================

Epoch 350, Total Loss: 2.5375, Recover Loss: 2.2978, miRNA CL: 0.0000, Disease CL: 0.0000, Inter-view (est): 0.0000, Recon Loss: 0.0270, Time: 105.02s
[INFO] Hypergraph updated at epoch 400

🔧 Epoch 400 梯度检查:
================================================================================

  参数名称                              梯度范数         梯度均值 状态             
  ----------------------------------------------------------------------
  type_relations                0.191359     0.005436 ✅ 正常           
  exist_relation                0.000100     0.000006 ✅ 正常           
  mi_proj_layer0                0.069914     0.000252 ✅ 正常           
  dis_proj_layer0               0.068936     0.000249 ✅ 正常           
================================================================================

Epoch 400, Total Loss: 2.4808, Recover Loss: 2.2465, miRNA CL: 0.0000, Disease CL: 0.0000, Inter-view (est): 0.0000, Recon Loss: 0.0272, Time: 113.43s
[INFO] Hypergraph updated at epoch 450

🔧 Epoch 450 梯度检查:
================================================================================

  参数名称                              梯度范数         梯度均值 状态             
  ----------------------------------------------------------------------
  type_relations                0.187343     0.005091 ✅ 正常           
  exist_relation                0.000096     0.000006 ✅ 正常           
  mi_proj_layer0                0.063216     0.000235 ✅ 正常           
  dis_proj_layer0               0.073459     0.000273 ✅ 正常           
================================================================================

Epoch 450, Total Loss: 2.4524, Recover Loss: 2.2229, miRNA CL: 0.0000, Disease CL: 0.0000, Inter-view (est): 0.0000, Recon Loss: 0.0269, Time: 122.01s
[INFO] Hypergraph updated at epoch 500

🔧 Epoch 500 梯度检查:
================================================================================

  参数名称                              梯度范数         梯度均值 状态             
  ----------------------------------------------------------------------
  type_relations                0.162611     0.004748 ✅ 正常           
  exist_relation                0.000093     0.000006 ✅ 正常           
  mi_proj_layer0                0.064606     0.000241 ✅ 正常           
  dis_proj_layer0               0.071792     0.000270 ✅ 正常           
================================================================================

Epoch 500, Total Loss: 2.4290, Recover Loss: 2.2020, miRNA CL: 0.0000, Disease CL: 0.0000, Inter-view (est): 0.0000, Recon Loss: 0.0280, Time: 130.47s
[INFO] Hypergraph updated at epoch 550

🔧 Epoch 550 梯度检查:
================================================================================

  参数名称                              梯度范数         梯度均值 状态             
  ----------------------------------------------------------------------
  type_relations                0.162780     0.004572 ✅ 正常           
  exist_relation                0.000089     0.000006 ✅ 正常           
  mi_proj_layer0                0.066874     0.000250 ✅ 正常           
  dis_proj_layer0               0.069940     0.000261 ✅ 正常           
================================================================================

Epoch 550, Total Loss: 2.3955, Recover Loss: 2.1725, miRNA CL: 0.0000, Disease CL: 0.0000, Inter-view (est): 0.0000, Recon Loss: 0.0270, Time: 139.18s
[INFO] Hypergraph updated at epoch 600

🔧 Epoch 600 梯度检查:
================================================================================

  参数名称                              梯度范数         梯度均值 状态             
  ----------------------------------------------------------------------
  type_relations                0.155297     0.004483 ✅ 正常           
  exist_relation                0.000086     0.000005 ✅ 正常           
  mi_proj_layer0                0.069674     0.000259 ✅ 正常           
  dis_proj_layer0               0.077344     0.000289 ✅ 正常           
================================================================================

Epoch 600, Total Loss: 2.3638, Recover Loss: 2.1442, miRNA CL: 0.0000, Disease CL: 0.0000, Inter-view (est): 0.0000, Recon Loss: 0.0262, Time: 148.11s
[INFO] Hypergraph updated at epoch 650

🔧 Epoch 650 梯度检查:
================================================================================

  参数名称                              梯度范数         梯度均值 状态             
  ----------------------------------------------------------------------
  type_relations                0.147590     0.004317 ✅ 正常           
  exist_relation                0.000083     0.000005 ✅ 正常           
  mi_proj_layer0                0.074550     0.000273 ✅ 正常           
  dis_proj_layer0               0.083469     0.000305 ✅ 正常           
================================================================================

Epoch 650, Total Loss: 2.3393, Recover Loss: 2.1225, miRNA CL: 0.0000, Disease CL: 0.0000, Inter-view (est): 0.0000, Recon Loss: 0.0256, Time: 157.05s

================================================================================
Training completed. Running final test...
================================================================================
Fold 5 completed - AUC: 0.9764, Top-1 F1: 0.7058
Fold 5 training time: 157.86 seconds
Average binary metrics across folds: [[0.97696536 0.97223189 0.93733229 0.93559701 0.96283582 0.90835821
  0.91359097]]
🎯 Average Top-1 metrics across folds: {'top1_precision': 0.664179104477612, 'top1_recall': np.float64(0.7018897337520483), 'top1_f1': np.float64(0.6824132773926335)}

📊 CV_type Style Metrics Details:
  AUC            : 0.9770
  AUPR           : 0.9722
  F1             : 0.9373
  Accuracy       : 0.9356
  Recall         : 0.9628
  Specificity    : 0.9084
  Precision      : 0.9136

🎯 Top-1 Metrics Details:
  top1_precision : 0.6642
  top1_recall    : 0.7019
  top1_f1        : 0.6824

Total execution time: 821.05 seconds

==========================================================================================
🎯 FINAL COMPREHENSIVE RESULTS WITH TOP-1 METRICS
==========================================================================================
📊 Binary Classification Metrics (Original):
  AUC: 0.9770
  AUPR: 0.9722
  F1: 0.9373
  Accuracy: 0.9356
  Recall: 0.9628
  Specificity: 0.9084
  Precision: 0.9136

🎯 CV_type Style Metrics (Enhanced):
  AUC: 0.9770
  AUPR: 0.9722
  F1: 0.9373
  Accuracy: 0.9356
  Recall: 0.9628
  Specificity: 0.9084
  Precision: 0.9136

🏆 Top-1 Metrics (NEW):
  Top-1 Precision: 0.6642
  Top-1 Recall: 0.7019
  Top-1 F1: 0.6824
==========================================================================================

[3/6] plan_d seed=42
----------------------------------------------------------------
[CPU] torch.set_num_threads(14), interop=min(4, 14)
Using device: cpu
[INFO] Auto-computed BALANCED class weights (to prevent class collapse):
  Circulation  (367 samples): 0.780
  Epigenetics  (157 samples): 1.823
  Target       (293 samples): 0.977
  Genetics     (681 samples): 0.420
  [NOTE] Higher weights for minority classes to prevent model from only predicting majority class
[INFO] Using v2.0_495m383D dataset:
  miRNAs: 495
  Diseases: 383
  Expected associations: ~1498
  Types: 4 (Circulation, Epigenetics, Target, Genetics)

================================================================================
Configuration Summary
================================================================================
Dataset: v2.0_495m383D
Data Path: ./
Model: HeterogenousGraphCLAMIR
  - HGT Layers: 2
  - Attention Heads: 4
  - Association Types: 4
  - Inter-view CL: Enabled
    - Weight: 0.3
    - Temperature: 0.5
    - Margin: 0.5

Training:
  - Epochs: 650
  - Learning Rate: 0.0001
  - Dropout: 0.3
  - Weight Decay: 5e-05
  - Focal Loss: Enabled

Evaluation:
  - Cross-Validation Folds: 5
  - Primary Metric: AUPR

Device: cpu
Random Seed: 42
================================================================================

🚀 Running with comprehensive evaluation including Top-1 metrics...
🎯 Loading dual-view data...
Starting dual-view data preparation with new file format...
Loading all similarity and feature files from v2.0_495m383D...
✅ Loaded disease semantic similarity from D_SSM1.txt: (383, 383)
✅ Loaded miRNA functional similarity from M_FSM.txt: (495, 495)
✅ Loaded multi-type association pairs from ./v2.0_495m383D\multi_all_mirna_disease_pairs_without_negative.csv: (1679, 3)
✅ Created multi-type association matrix: (495, 383)
📊 Multi-type Association Statistics:
   无关联 (No association): 188087 pairs (99.21%)
   循环类型 (Circulation): 367 pairs (0.19%)
   表观遗传学 (Epigenetics): 157 pairs (0.08%)
   靶标类型 (Target): 293 pairs (0.15%)
   遗传学类型 (Genetics): 681 pairs (0.36%)
✅ Created association matrix from CSV: (495, 383)
✅ Loaded disease-gene features from D_SSM2.txt: torch.Size([383, 383])
✅ Loaded miRNA-sequence features from M_GSM.txt: torch.Size([495, 495])
Processing integrated similarity matrices...
Loaded similarity matrices from cache
Processing indices...
Loaded indices from cache
✅ Dual-view data preparation completed in 0.45 seconds

============================================================
🎯 DUAL-VIEW CONFIGURATION SUMMARY (v2.0_495m383D)
============================================================
miRNA Dual Views:
  📊 View 1 (Sequence): M_GSM.txt torch.Size([495, 495])
  📊 View 2 (Function): M_FSM.txt torch.Size([495, 495])

Disease Dual Views:
  📊 View 1 (Gene): D_SSM2.txt torch.Size([383, 383])
  📊 View 2 (Semantic): D_SSM1.txt torch.Size([383, 383])

Association Matrix: torch.Size([495, 383])
Data source: v2.0_495m383D (495 miRNAs × 383 Diseases)
============================================================
Preloading dual-view data to device...
✅ Loaded disease-gene features to device: torch.Size([383, 383])
✅ Loaded miRNA-sequence features to device: torch.Size([495, 495])
✅ Loaded disease semantic similarity to device: torch.Size([383, 383])
✅ Loaded miRNA functional similarity to device: torch.Size([495, 495])
✅ Dual-view data preloading completed in 0.00 seconds
OptimizedDataset initialized with 5 folds
Using device: cpu
=== Cross Validation Fold 1/5 ===
Using hidden dimensions: [256, 256] with 4 attention heads
优化模型初始化: miRNA数量 = 495, 疾病数量 = 383
   节点维度: 256 → 128
   类型数量: 4
   Temperature: 2.0 (可学习)
   Loss mode: softmax_5class
   loss_mode=softmax_5class
   class_weights_5 (neg+4types): ['0.026', '0.970', '2.266', '1.215', '0.524']

✅ SimplifiedMultiTypeAssociationLoss 初始化 (改进版)
   类别权重 (beta=0.99999): ['0.780', '1.822', '0.977', '0.421']
Original positive index shape: torch.Size([1072, 2])
Original negative index shape: torch.Size([135416, 2])
采样后负样本数量: 10720
🎯 Building TRUE DUAL VIEWS from four different sources...
📊 Data sources loaded:
  Disease semantic: torch.Size([383, 383])
  miRNA functional: torch.Size([495, 495])
  Disease-gene: torch.Size([383, 383])
  miRNA-sequence: torch.Size([495, 495])
🧬 Building miRNA dual-view hypergraphs...
  📊 miRNA View 1 (Sequence): torch.Size([495, 878])
  📊 miRNA View 2 (Function): torch.Size([495, 878])
🦠 Building disease dual-view hypergraphs...
  📊 Disease View 1 (Gene): torch.Size([383, 878])
  📊 Disease View 2 (Semantic): torch.Size([383, 878])
✅ Successfully built TRUE DUAL VIEWS:
   🧬 miRNA: Sequence Features (m_ss.xlsx) vs Functional Similarity (mi_fun_sim_2.0.csv)
   🦠 Disease: Gene Features (d_gs.xlsx) vs Semantic Similarity (dis_sem_sim_2.0.csv)

🔧 Epoch 1 梯度检查:
================================================================================

  参数名称                              梯度范数         梯度均值 状态             
  ----------------------------------------------------------------------
  type_relations                0.669054     0.016614 ✅ 正常           
  exist_relation                0.000133     0.000009 ✅ 正常           
  mi_proj_layer0                1.287325     0.003743 ✅ 正常           
  dis_proj_layer0               1.248162     0.003661 ✅ 正常           
================================================================================

Epoch 1, Total Loss: 22.1906, Recover Loss: 2.9487, miRNA CL: 8.9735, Disease CL: 8.4526, Inter-view (est): 4.0214, Recon Loss: 1.5178, Time: 0.74s
[INFO] Hypergraph updated at epoch 5
[INFO] Hypergraph updated at epoch 10
[INFO] Hypergraph updated at epoch 15
[INFO] Hypergraph updated at epoch 20
[INFO] Hypergraph updated at epoch 25
[INFO] Hypergraph updated at epoch 30
[INFO] Hypergraph updated at epoch 35
[INFO] Hypergraph updated at epoch 40
[INFO] Hypergraph updated at epoch 45
[INFO] Hypergraph updated at epoch 50

🔧 Epoch 50 梯度检查:
================================================================================

  参数名称                              梯度范数         梯度均值 状态             
  ----------------------------------------------------------------------
  type_relations                0.297176     0.008843 ✅ 正常           
  exist_relation                0.000129     0.000009 ✅ 正常           
  mi_proj_layer0                0.070984     0.000259 ✅ 正常           
  dis_proj_layer0               0.078644     0.000284 ✅ 正常           
================================================================================

Epoch 50, Total Loss: 18.8009, Recover Loss: 2.6936, miRNA CL: 8.0198, Disease CL: 7.6960, Inter-view (est): 3.6267, Recon Loss: 0.1060, Time: 94.30s
[INFO] Hypergraph updated at epoch 100

🔧 Epoch 100 梯度检查:
================================================================================

  参数名称                              梯度范数         梯度均值 状态             
  ----------------------------------------------------------------------
  type_relations                0.312335     0.008967 ✅ 正常           
  exist_relation                0.000123     0.000008 ✅ 正常           
  mi_proj_layer0                0.068450     0.000236 ✅ 正常           
  dis_proj_layer0               0.076773     0.000272 ✅ 正常           
================================================================================

Epoch 100, Total Loss: 17.6179, Recover Loss: 2.6362, miRNA CL: 7.7461, Disease CL: 6.9336, Inter-view (est): 3.3876, Recon Loss: 0.0315, Time: 130.87s
[INFO] Hypergraph updated at epoch 150

🔧 Epoch 150 梯度检查:
================================================================================

  参数名称                              梯度范数         梯度均值 状态             
  ----------------------------------------------------------------------
  type_relations                0.323798     0.008671 ✅ 正常           
  exist_relation                0.000118     0.000008 ✅ 正常           
  mi_proj_layer0                0.066651     0.000242 ✅ 正常           
  dis_proj_layer0               0.075842     0.000279 ✅ 正常           
================================================================================

Epoch 150, Total Loss: 16.9157, Recover Loss: 2.5499, miRNA CL: 7.5345, Disease CL: 6.5404, Inter-view (est): 3.2480, Recon Loss: 0.0304, Time: 166.09s
[INFO] Hypergraph updated at epoch 200

🔧 Epoch 200 梯度检查:
================================================================================

  参数名称                              梯度范数         梯度均值 状态             
  ----------------------------------------------------------------------
  type_relations                0.311684     0.008344 ✅ 正常           
  exist_relation                0.000114     0.000007 ✅ 正常           
  mi_proj_layer0                0.070254     0.000252 ✅ 正常           
  dis_proj_layer0               0.076529     0.000282 ✅ 正常           
================================================================================

Epoch 200, Total Loss: 16.4101, Recover Loss: 2.4738, miRNA CL: 7.2680, Disease CL: 6.3852, Inter-view (est): 3.1507, Recon Loss: 0.0287, Time: 200.89s
[INFO] Hypergraph updated at epoch 250

🔧 Epoch 250 梯度检查:
================================================================================

  参数名称                              梯度范数         梯度均值 状态             
  ----------------------------------------------------------------------
  type_relations                0.292474     0.007457 ✅ 正常           
  exist_relation                0.000111     0.000007 ✅ 正常           
  mi_proj_layer0                0.058681     0.000221 ✅ 正常           
  dis_proj_layer0               0.064085     0.000235 ✅ 正常           
================================================================================

Epoch 250, Total Loss: 16.1604, Recover Loss: 2.4109, miRNA CL: 7.1469, Disease CL: 6.3238, Inter-view (est): 3.1086, Recon Loss: 0.0280, Time: 235.85s
[INFO] Hypergraph updated at epoch 300

🔧 Epoch 300 梯度检查:
================================================================================

  参数名称                              梯度范数         梯度均值 状态             
  ----------------------------------------------------------------------
  type_relations                0.285814     0.007260 ✅ 正常           
  exist_relation                0.000109     0.000007 ✅ 正常           
  mi_proj_layer0                0.066641     0.000245 ✅ 正常           
  dis_proj_layer0               0.079864     0.000288 ✅ 正常           
================================================================================

Epoch 300, Total Loss: 15.9780, Recover Loss: 2.3782, miRNA CL: 7.0522, Disease CL: 6.2722, Inter-view (est): 3.0749, Recon Loss: 0.0276, Time: 270.42s
[INFO] Hypergraph updated at epoch 350

🔧 Epoch 350 梯度检查:
================================================================================

  参数名称                              梯度范数         梯度均值 状态             
  ----------------------------------------------------------------------
  type_relations                0.256337     0.006909 ✅ 正常           
  exist_relation                0.000106     0.000006 ✅ 正常           
  mi_proj_layer0                0.072905     0.000259 ✅ 正常           
  dis_proj_layer0               0.080096     0.000287 ✅ 正常           
================================================================================

Epoch 350, Total Loss: 15.8107, Recover Loss: 2.3415, miRNA CL: 6.9686, Disease CL: 6.2271, Inter-view (est): 3.0452, Recon Loss: 0.0286, Time: 305.51s
[INFO] Hypergraph updated at epoch 400

🔧 Epoch 400 梯度检查:
================================================================================

  参数名称                              梯度范数         梯度均值 状态             
  ----------------------------------------------------------------------
  type_relations                0.280435     0.006888 ✅ 正常           
  exist_relation                0.000104     0.000006 ✅ 正常           
  mi_proj_layer0                0.071968     0.000260 ✅ 正常           
  dis_proj_layer0               0.078584     0.000280 ✅ 正常           
================================================================================

Epoch 400, Total Loss: 15.6801, Recover Loss: 2.3095, miRNA CL: 6.8995, Disease CL: 6.2007, Inter-view (est): 3.0231, Recon Loss: 0.0274, Time: 340.36s
[INFO] Hypergraph updated at epoch 450

🔧 Epoch 450 梯度检查:
================================================================================

  参数名称                              梯度范数         梯度均值 状态             
  ----------------------------------------------------------------------
  type_relations                0.192744     0.005313 ✅ 正常           
  exist_relation                0.000102     0.000006 ✅ 正常           
  mi_proj_layer0                0.057013     0.000210 ✅ 正常           
  dis_proj_layer0               0.066741     0.000242 ✅ 正常           
================================================================================

Epoch 450, Total Loss: 15.5723, Recover Loss: 2.2913, miRNA CL: 6.8269, Disease CL: 6.1850, Inter-view (est): 3.0027, Recon Loss: 0.0273, Time: 375.72s
[INFO] Hypergraph updated at epoch 500

🔧 Epoch 500 梯度检查:
================================================================================

  参数名称                              梯度范数         梯度均值 状态             
  ----------------------------------------------------------------------
  type_relations                0.177920     0.004816 ✅ 正常           
  exist_relation                0.000102     0.000006 ✅ 正常           
  mi_proj_layer0                0.058351     0.000216 ✅ 正常           
  dis_proj_layer0               0.061274     0.000228 ✅ 正常           
================================================================================

Epoch 500, Total Loss: 15.5118, Recover Loss: 2.2805, miRNA CL: 6.7865, Disease CL: 6.1760, Inter-view (est): 2.9913, Recon Loss: 0.0277, Time: 410.94s
[INFO] Hypergraph updated at epoch 550

🔧 Epoch 550 梯度检查:
================================================================================

  参数名称                              梯度范数         梯度均值 状态             
  ----------------------------------------------------------------------
  type_relations                0.188385     0.005210 ✅ 正常           
  exist_relation                0.000101     0.000006 ✅ 正常           
  mi_proj_layer0                0.056269     0.000211 ✅ 正常           
  dis_proj_layer0               0.063995     0.000235 ✅ 正常           
================================================================================

Epoch 550, Total Loss: 15.4838, Recover Loss: 2.2752, miRNA CL: 6.7713, Disease CL: 6.1705, Inter-view (est): 2.9866, Recon Loss: 0.0262, Time: 446.26s
[INFO] Hypergraph updated at epoch 600

🔧 Epoch 600 梯度检查:
================================================================================

  参数名称                              梯度范数         梯度均值 状态             
  ----------------------------------------------------------------------
  type_relations                0.194613     0.005264 ✅ 正常           
  exist_relation                0.000101     0.000006 ✅ 正常           
  mi_proj_layer0                0.059093     0.000217 ✅ 正常           
  dis_proj_layer0               0.065237     0.000234 ✅ 正常           
================================================================================

Epoch 600, Total Loss: 15.4434, Recover Loss: 2.2616, miRNA CL: 6.7498, Disease CL: 6.1656, Inter-view (est): 2.9805, Recon Loss: 0.0261, Time: 482.16s
[INFO] Hypergraph updated at epoch 650

🔧 Epoch 650 梯度检查:
================================================================================

  参数名称                              梯度范数         梯度均值 状态             
  ----------------------------------------------------------------------
  type_relations                0.203594     0.005492 ✅ 正常           
  exist_relation                0.000100     0.000006 ✅ 正常           
  mi_proj_layer0                0.059170     0.000220 ✅ 正常           
  dis_proj_layer0               0.067783     0.000245 ✅ 正常           
================================================================================

Epoch 650, Total Loss: 15.4176, Recover Loss: 2.2583, miRNA CL: 6.7322, Disease CL: 6.1607, Inter-view (est): 2.9753, Recon Loss: 0.0265, Time: 518.01s

================================================================================
Training completed. Running final test...
================================================================================
Fold 1 completed - AUC: 0.9760, Top-1 F1: 0.6049
Fold 1 training time: 519.10 seconds
=== Cross Validation Fold 2/5 ===
Using hidden dimensions: [256, 256] with 4 attention heads
优化模型初始化: miRNA数量 = 495, 疾病数量 = 383
   节点维度: 256 → 128
   类型数量: 4
   Temperature: 2.0 (可学习)
   Loss mode: softmax_5class
   loss_mode=softmax_5class
   class_weights_5 (neg+4types): ['0.026', '0.970', '2.266', '1.215', '0.524']

✅ SimplifiedMultiTypeAssociationLoss 初始化 (改进版)
   类别权重 (beta=0.99999): ['0.780', '1.822', '0.977', '0.421']
Original positive index shape: torch.Size([1072, 2])
Original negative index shape: torch.Size([135416, 2])
采样后负样本数量: 10720
🎯 Building TRUE DUAL VIEWS from four different sources...
📊 Data sources loaded:
  Disease semantic: torch.Size([383, 383])
  miRNA functional: torch.Size([495, 495])
  Disease-gene: torch.Size([383, 383])
  miRNA-sequence: torch.Size([495, 495])
🧬 Building miRNA dual-view hypergraphs...
  📊 miRNA View 1 (Sequence): torch.Size([495, 878])
  📊 miRNA View 2 (Function): torch.Size([495, 878])
🦠 Building disease dual-view hypergraphs...
  📊 Disease View 1 (Gene): torch.Size([383, 878])
  📊 Disease View 2 (Semantic): torch.Size([383, 878])
✅ Successfully built TRUE DUAL VIEWS:
   🧬 miRNA: Sequence Features (m_ss.xlsx) vs Functional Similarity (mi_fun_sim_2.0.csv)
   🦠 Disease: Gene Features (d_gs.xlsx) vs Semantic Similarity (dis_sem_sim_2.0.csv)

🔧 Epoch 1 梯度检查:
================================================================================

  参数名称                              梯度范数         梯度均值 状态             
  ----------------------------------------------------------------------
  type_relations                0.664596     0.016015 ✅ 正常           
  exist_relation                0.000146     0.000011 ✅ 正常           
  mi_proj_layer0                0.960472     0.003002 ✅ 正常           
  dis_proj_layer0               1.038656     0.003072 ✅ 正常           
================================================================================

Epoch 1, Total Loss: 22.0962, Recover Loss: 2.9652, miRNA CL: 8.8626, Disease CL: 8.4379, Inter-view (est): 3.9924, Recon Loss: 1.5322, Time: 0.75s
[INFO] Hypergraph updated at epoch 5
[INFO] Hypergraph updated at epoch 10
[INFO] Hypergraph updated at epoch 15
[INFO] Hypergraph updated at epoch 20
[INFO] Hypergraph updated at epoch 25
[INFO] Hypergraph updated at epoch 30
[INFO] Hypergraph updated at epoch 35
[INFO] Hypergraph updated at epoch 40
[INFO] Hypergraph updated at epoch 45
[INFO] Hypergraph updated at epoch 50

🔧 Epoch 50 梯度检查:
================================================================================

  参数名称                              梯度范数         梯度均值 状态             
  ----------------------------------------------------------------------
  type_relations                0.281761     0.008455 ✅ 正常           
  exist_relation                0.000141     0.000010 ✅ 正常           
  mi_proj_layer0                0.060081     0.000221 ✅ 正常           
  dis_proj_layer0               0.075138     0.000271 ✅ 正常           
================================================================================

Epoch 50, Total Loss: 18.8357, Recover Loss: 2.7156, miRNA CL: 7.9934, Disease CL: 7.6935, Inter-view (est): 3.6200, Recon Loss: 0.1480, Time: 97.63s
[INFO] Hypergraph updated at epoch 100

🔧 Epoch 100 梯度检查:
================================================================================

  参数名称                              梯度范数         梯度均值 状态             
  ----------------------------------------------------------------------
  type_relations                0.307623     0.008012 ✅ 正常           
  exist_relation                0.000135     0.000010 ✅ 正常           
  mi_proj_layer0                0.067993     0.000235 ✅ 正常           
  dis_proj_layer0               0.075635     0.000276 ✅ 正常           
================================================================================

Epoch 100, Total Loss: 17.6993, Recover Loss: 2.6655, miRNA CL: 7.7324, Disease CL: 6.9996, Inter-view (est): 3.3997, Recon Loss: 0.0316, Time: 136.20s
[INFO] Hypergraph updated at epoch 150

🔧 Epoch 150 梯度检查:
================================================================================

  参数名称                              梯度范数         梯度均值 状态             
  ----------------------------------------------------------------------
  type_relations                0.357591     0.008780 ✅ 正常           
  exist_relation                0.000130     0.000009 ✅ 正常           
  mi_proj_layer0                0.068195     0.000239 ✅ 正常           
  dis_proj_layer0               0.071094     0.000260 ✅ 正常           
================================================================================

Epoch 150, Total Loss: 17.0119, Recover Loss: 2.5771, miRNA CL: 7.4902, Disease CL: 6.6547, Inter-view (est): 3.2642, Recon Loss: 0.0299, Time: 171.25s
[INFO] Hypergraph updated at epoch 200

🔧 Epoch 200 梯度检查:
================================================================================

  参数名称                              梯度范数         梯度均值 状态             
  ----------------------------------------------------------------------
  type_relations                0.327135     0.007881 ✅ 正常           
  exist_relation                0.000126     0.000009 ✅ 正常           
  mi_proj_layer0                0.067747     0.000240 ✅ 正常           
  dis_proj_layer0               0.074410     0.000268 ✅ 正常           
================================================================================

Epoch 200, Total Loss: 16.5299, Recover Loss: 2.5093, miRNA CL: 7.2582, Disease CL: 6.4790, Inter-view (est): 3.1701, Recon Loss: 0.0290, Time: 206.36s
[INFO] Hypergraph updated at epoch 250

🔧 Epoch 250 梯度检查:
================================================================================

  参数名称                              梯度范数         梯度均值 状态             
  ----------------------------------------------------------------------
  type_relations                0.266421     0.007269 ✅ 正常           
  exist_relation                0.000123     0.000009 ✅ 正常           
  mi_proj_layer0                0.067114     0.000243 ✅ 正常           
  dis_proj_layer0               0.077740     0.000282 ✅ 正常           
================================================================================

Epoch 250, Total Loss: 16.3158, Recover Loss: 2.4707, miRNA CL: 7.1591, Disease CL: 6.4058, Inter-view (est): 3.1304, Recon Loss: 0.0286, Time: 241.59s
[INFO] Hypergraph updated at epoch 300

🔧 Epoch 300 梯度检查:
================================================================================

  参数名称                              梯度范数         梯度均值 状态             
  ----------------------------------------------------------------------
  type_relations                0.277377     0.007412 ✅ 正常           
  exist_relation                0.000120     0.000008 ✅ 正常           
  mi_proj_layer0                0.064846     0.000238 ✅ 正常           
  dis_proj_layer0               0.077042     0.000277 ✅ 正常           
================================================================================

Epoch 300, Total Loss: 16.0954, Recover Loss: 2.4241, miRNA CL: 7.0684, Disease CL: 6.3268, Inter-view (est): 3.0912, Recon Loss: 0.0278, Time: 277.38s
[INFO] Hypergraph updated at epoch 350

🔧 Epoch 350 梯度检查:
================================================================================

  参数名称                              梯度范数         梯度均值 状态             
  ----------------------------------------------------------------------
  type_relations                0.237576     0.006389 ✅ 正常           
  exist_relation                0.000117     0.000008 ✅ 正常           
  mi_proj_layer0                0.059466     0.000220 ✅ 正常           
  dis_proj_layer0               0.067224     0.000246 ✅ 正常           
================================================================================

Epoch 350, Total Loss: 15.9035, Recover Loss: 2.3733, miRNA CL: 6.9844, Disease CL: 6.2730, Inter-view (est): 3.0594, Recon Loss: 0.0273, Time: 312.41s
[INFO] Hypergraph updated at epoch 400

🔧 Epoch 400 梯度检查:
================================================================================

  参数名称                              梯度范数         梯度均值 状态             
  ----------------------------------------------------------------------
  type_relations                0.246180     0.006490 ✅ 正常           
  exist_relation                0.000115     0.000008 ✅ 正常           
  mi_proj_layer0                0.078082     0.000267 ✅ 正常           
  dis_proj_layer0               0.085500     0.000294 ✅ 正常           
================================================================================

Epoch 400, Total Loss: 15.7500, Recover Loss: 2.3498, miRNA CL: 6.8943, Disease CL: 6.2358, Inter-view (est): 3.0300, Recon Loss: 0.0270, Time: 346.92s
[INFO] Hypergraph updated at epoch 450

🔧 Epoch 450 梯度检查:
================================================================================

  参数名称                              梯度范数         梯度均值 状态             
  ----------------------------------------------------------------------
  type_relations                0.218634     0.005832 ✅ 正常           
  exist_relation                0.000113     0.000008 ✅ 正常           
  mi_proj_layer0                0.064133     0.000229 ✅ 正常           
  dis_proj_layer0               0.075756     0.000270 ✅ 正常           
================================================================================

Epoch 450, Total Loss: 15.6182, Recover Loss: 2.3212, miRNA CL: 6.8119, Disease CL: 6.2164, Inter-view (est): 3.0065, Recon Loss: 0.0266, Time: 381.36s
[INFO] Hypergraph updated at epoch 500

🔧 Epoch 500 梯度检查:
================================================================================

  参数名称                              梯度范数         梯度均值 状态             
  ----------------------------------------------------------------------
  type_relations                0.201305     0.005463 ✅ 正常           
  exist_relation                0.000112     0.000008 ✅ 正常           
  mi_proj_layer0                0.062781     0.000230 ✅ 正常           
  dis_proj_layer0               0.067729     0.000245 ✅ 正常           
================================================================================

Epoch 500, Total Loss: 15.5698, Recover Loss: 2.3200, miRNA CL: 6.7761, Disease CL: 6.2061, Inter-view (est): 2.9959, Recon Loss: 0.0263, Time: 416.84s
[INFO] Hypergraph updated at epoch 550

🔧 Epoch 550 梯度检查:
================================================================================

  参数名称                              梯度范数         梯度均值 状态             
  ----------------------------------------------------------------------
  type_relations                0.237563     0.005977 ✅ 正常           
  exist_relation                0.000112     0.000007 ✅ 正常           
  mi_proj_layer0                0.063831     0.000231 ✅ 正常           
  dis_proj_layer0               0.074113     0.000268 ✅ 正常           
================================================================================

Epoch 550, Total Loss: 15.5274, Recover Loss: 2.3091, miRNA CL: 6.7523, Disease CL: 6.1987, Inter-view (est): 2.9887, Recon Loss: 0.0262, Time: 452.24s
[INFO] Hypergraph updated at epoch 600

🔧 Epoch 600 梯度检查:
================================================================================

  参数名称                              梯度范数         梯度均值 状态             
  ----------------------------------------------------------------------
  type_relations                0.187406     0.005010 ✅ 正常           
  exist_relation                0.000111     0.000007 ✅ 正常           
  mi_proj_layer0                0.059399     0.000218 ✅ 正常           
  dis_proj_layer0               0.063409     0.000231 ✅ 正常           
================================================================================

Epoch 600, Total Loss: 15.4922, Recover Loss: 2.2990, miRNA CL: 6.7348, Disease CL: 6.1911, Inter-view (est): 2.9829, Recon Loss: 0.0267, Time: 487.19s
[INFO] Hypergraph updated at epoch 650

🔧 Epoch 650 梯度检查:
================================================================================

  参数名称                              梯度范数         梯度均值 状态             
  ----------------------------------------------------------------------
  type_relations                0.185915     0.005081 ✅ 正常           
  exist_relation                0.000110     0.000007 ✅ 正常           
  mi_proj_layer0                0.055570     0.000207 ✅ 正常           
  dis_proj_layer0               0.067528     0.000246 ✅ 正常           
================================================================================

Epoch 650, Total Loss: 15.4575, Recover Loss: 2.2896, miRNA CL: 6.7179, Disease CL: 6.1833, Inter-view (est): 2.9772, Recon Loss: 0.0267, Time: 522.15s

================================================================================
Training completed. Running final test...
================================================================================
Fold 2 completed - AUC: 0.9757, Top-1 F1: 0.6259
Fold 2 training time: 522.94 seconds
=== Cross Validation Fold 3/5 ===
Using hidden dimensions: [256, 256] with 4 attention heads
优化模型初始化: miRNA数量 = 495, 疾病数量 = 383
   节点维度: 256 → 128
   类型数量: 4
   Temperature: 2.0 (可学习)
   Loss mode: softmax_5class
   loss_mode=softmax_5class
   class_weights_5 (neg+4types): ['0.026', '0.970', '2.266', '1.215', '0.524']

✅ SimplifiedMultiTypeAssociationLoss 初始化 (改进版)
   类别权重 (beta=0.99999): ['0.780', '1.822', '0.977', '0.421']
Original positive index shape: torch.Size([1072, 2])
Original negative index shape: torch.Size([135416, 2])
采样后负样本数量: 10720
🎯 Building TRUE DUAL VIEWS from four different sources...
📊 Data sources loaded:
  Disease semantic: torch.Size([383, 383])
  miRNA functional: torch.Size([495, 495])
  Disease-gene: torch.Size([383, 383])
  miRNA-sequence: torch.Size([495, 495])
🧬 Building miRNA dual-view hypergraphs...
  📊 miRNA View 1 (Sequence): torch.Size([495, 878])
  📊 miRNA View 2 (Function): torch.Size([495, 878])
🦠 Building disease dual-view hypergraphs...
  📊 Disease View 1 (Gene): torch.Size([383, 878])
  📊 Disease View 2 (Semantic): torch.Size([383, 878])
✅ Successfully built TRUE DUAL VIEWS:
   🧬 miRNA: Sequence Features (m_ss.xlsx) vs Functional Similarity (mi_fun_sim_2.0.csv)
   🦠 Disease: Gene Features (d_gs.xlsx) vs Semantic Similarity (dis_sem_sim_2.0.csv)

🔧 Epoch 1 梯度检查:
================================================================================

  参数名称                              梯度范数         梯度均值 状态             
  ----------------------------------------------------------------------
  type_relations                0.690744     0.015932 ✅ 正常           
  exist_relation                0.000145     0.000010 ✅ 正常           
  mi_proj_layer0                1.883202     0.005707 ✅ 正常           
  dis_proj_layer0               1.864967     0.006011 ✅ 正常           
================================================================================

Epoch 1, Total Loss: 22.2204, Recover Loss: 3.0364, miRNA CL: 8.9437, Disease CL: 8.4171, Inter-view (est): 4.0063, Recon Loss: 1.5255, Time: 0.66s
[INFO] Hypergraph updated at epoch 5
[INFO] Hypergraph updated at epoch 10
[INFO] Hypergraph updated at epoch 15
[INFO] Hypergraph updated at epoch 20
[INFO] Hypergraph updated at epoch 25
[INFO] Hypergraph updated at epoch 30
[INFO] Hypergraph updated at epoch 35
[INFO] Hypergraph updated at epoch 40
[INFO] Hypergraph updated at epoch 45
[INFO] Hypergraph updated at epoch 50

🔧 Epoch 50 梯度检查:
================================================================================

  参数名称                              梯度范数         梯度均值 状态             
  ----------------------------------------------------------------------
  type_relations                0.311510     0.008680 ✅ 正常           
  exist_relation                0.000140     0.000010 ✅ 正常           
  mi_proj_layer0                0.069210     0.000246 ✅ 正常           
  dis_proj_layer0               0.074784     0.000274 ✅ 正常           
================================================================================

Epoch 50, Total Loss: 18.8683, Recover Loss: 2.6980, miRNA CL: 7.9990, Disease CL: 7.6946, Inter-view (est): 3.6216, Recon Loss: 0.1914, Time: 100.27s
[INFO] Hypergraph updated at epoch 100

🔧 Epoch 100 梯度检查:
================================================================================

  参数名称                              梯度范数         梯度均值 状态             
  ----------------------------------------------------------------------
  type_relations                0.334941     0.008850 ✅ 正常           
  exist_relation                0.000134     0.000009 ✅ 正常           
  mi_proj_layer0                0.068008     0.000247 ✅ 正常           
  dis_proj_layer0               0.071981     0.000261 ✅ 正常           
================================================================================

Epoch 100, Total Loss: 17.7603, Recover Loss: 2.6504, miRNA CL: 7.7439, Disease CL: 7.0632, Inter-view (est): 3.4170, Recon Loss: 0.0319, Time: 139.76s
[INFO] Hypergraph updated at epoch 150

🔧 Epoch 150 梯度检查:
================================================================================

  参数名称                              梯度范数         梯度均值 状态             
  ----------------------------------------------------------------------
  type_relations                0.339974     0.008458 ✅ 正常           
  exist_relation                0.000129     0.000009 ✅ 正常           
  mi_proj_layer0                0.073556     0.000254 ✅ 正常           
  dis_proj_layer0               0.072069     0.000265 ✅ 正常           
================================================================================

Epoch 150, Total Loss: 17.1250, Recover Loss: 2.5637, miRNA CL: 7.5588, Disease CL: 6.7117, Inter-view (est): 3.2932, Recon Loss: 0.0299, Time: 174.99s
[INFO] Hypergraph updated at epoch 200

🔧 Epoch 200 梯度检查:
================================================================================

  参数名称                              梯度范数         梯度均值 状态             
  ----------------------------------------------------------------------
  type_relations                0.332859     0.008183 ✅ 正常           
  exist_relation                0.000125     0.000008 ✅ 正常           
  mi_proj_layer0                0.075387     0.000264 ✅ 正常           
  dis_proj_layer0               0.078410     0.000278 ✅ 正常           
================================================================================

Epoch 200, Total Loss: 16.5785, Recover Loss: 2.5044, miRNA CL: 7.2713, Disease CL: 6.5192, Inter-view (est): 3.1824, Recon Loss: 0.0291, Time: 210.73s
[INFO] Hypergraph updated at epoch 250

🔧 Epoch 250 梯度检查:
================================================================================

  参数名称                              梯度范数         梯度均值 状态             
  ----------------------------------------------------------------------
  type_relations                0.269411     0.007210 ✅ 正常           
  exist_relation                0.000122     0.000008 ✅ 正常           
  mi_proj_layer0                0.062162     0.000233 ✅ 正常           
  dis_proj_layer0               0.075244     0.000275 ✅ 正常           
================================================================================

Epoch 250, Total Loss: 16.2975, Recover Loss: 2.4560, miRNA CL: 7.1405, Disease CL: 6.4210, Inter-view (est): 3.1296, Recon Loss: 0.0288, Time: 246.20s
[INFO] Hypergraph updated at epoch 300

🔧 Epoch 300 梯度检查:
================================================================================

  参数名称                              梯度范数         梯度均值 状态             
  ----------------------------------------------------------------------
  type_relations                0.272595     0.006945 ✅ 正常           
  exist_relation                0.000120     0.000008 ✅ 正常           
  mi_proj_layer0                0.066484     0.000245 ✅ 正常           
  dis_proj_layer0               0.074490     0.000268 ✅ 正常           
================================================================================

Epoch 300, Total Loss: 16.1207, Recover Loss: 2.4249, miRNA CL: 7.0661, Disease CL: 6.3532, Inter-view (est): 3.0968, Recon Loss: 0.0281, Time: 281.69s
[INFO] Hypergraph updated at epoch 350

🔧 Epoch 350 梯度检查:
================================================================================

  参数名称                              梯度范数         梯度均值 状态             
  ----------------------------------------------------------------------
  type_relations                0.303005     0.007089 ✅ 正常           
  exist_relation                0.000118     0.000008 ✅ 正常           
  mi_proj_layer0                0.083551     0.000287 ✅ 正常           
  dis_proj_layer0               0.080422     0.000281 ✅ 正常           
================================================================================

Epoch 350, Total Loss: 15.9779, Recover Loss: 2.3800, miRNA CL: 7.0095, Disease CL: 6.3148, Inter-view (est): 3.0749, Recon Loss: 0.0271, Time: 316.80s
[INFO] Hypergraph updated at epoch 400

🔧 Epoch 400 梯度检查:
================================================================================

  参数名称                              梯度范数         梯度均值 状态             
  ----------------------------------------------------------------------
  type_relations                0.266153     0.007012 ✅ 正常           
  exist_relation                0.000116     0.000007 ✅ 正常           
  mi_proj_layer0                0.064136     0.000240 ✅ 正常           
  dis_proj_layer0               0.074369     0.000273 ✅ 正常           
================================================================================

Epoch 400, Total Loss: 15.8539, Recover Loss: 2.3549, miRNA CL: 6.9485, Disease CL: 6.2785, Inter-view (est): 3.0524, Recon Loss: 0.0273, Time: 351.88s
[INFO] Hypergraph updated at epoch 450

🔧 Epoch 450 梯度检查:
================================================================================

  参数名称                              梯度范数         梯度均值 状态             
  ----------------------------------------------------------------------
  type_relations                0.204411     0.005576 ✅ 正常           
  exist_relation                0.000114     0.000007 ✅ 正常           
  mi_proj_layer0                0.066392     0.000247 ✅ 正常           
  dis_proj_layer0               0.069820     0.000255 ✅ 正常           
================================================================================

Epoch 450, Total Loss: 15.7131, Recover Loss: 2.3169, miRNA CL: 6.8769, Disease CL: 6.2494, Inter-view (est): 3.0291, Recon Loss: 0.0268, Time: 387.75s
[INFO] Hypergraph updated at epoch 500

🔧 Epoch 500 梯度检查:
================================================================================

  参数名称                              梯度范数         梯度均值 状态             
  ----------------------------------------------------------------------
  type_relations                0.204839     0.005540 ✅ 正常           
  exist_relation                0.000113     0.000007 ✅ 正常           
  mi_proj_layer0                0.062251     0.000233 ✅ 正常           
  dis_proj_layer0               0.071787     0.000265 ✅ 正常           
================================================================================

Epoch 500, Total Loss: 15.6432, Recover Loss: 2.3075, miRNA CL: 6.8302, Disease CL: 6.2365, Inter-view (est): 3.0154, Recon Loss: 0.0266, Time: 423.49s
[INFO] Hypergraph updated at epoch 550

🔧 Epoch 550 梯度检查:
================================================================================

  参数名称                              梯度范数         梯度均值 状态             
  ----------------------------------------------------------------------
  type_relations                0.225778     0.006251 ✅ 正常           
  exist_relation                0.000112     0.000007 ✅ 正常           
  mi_proj_layer0                0.070441     0.000258 ✅ 正常           
  dis_proj_layer0               0.072595     0.000262 ✅ 正常           
================================================================================

Epoch 550, Total Loss: 15.5938, Recover Loss: 2.2995, miRNA CL: 6.7993, Disease CL: 6.2266, Inter-view (est): 3.0060, Recon Loss: 0.0267, Time: 459.73s
[INFO] Hypergraph updated at epoch 600

🔧 Epoch 600 梯度检查:
================================================================================

  参数名称                              梯度范数         梯度均值 状态             
  ----------------------------------------------------------------------
  type_relations                0.198243     0.005723 ✅ 正常           
  exist_relation                0.000112     0.000007 ✅ 正常           
  mi_proj_layer0                0.063173     0.000237 ✅ 正常           
  dis_proj_layer0               0.066909     0.000246 ✅ 正常           
================================================================================

Epoch 600, Total Loss: 15.5490, Recover Loss: 2.2900, miRNA CL: 6.7742, Disease CL: 6.2171, Inter-view (est): 2.9980, Recon Loss: 0.0265, Time: 495.13s
[INFO] Hypergraph updated at epoch 650

🔧 Epoch 650 梯度检查:
================================================================================

  参数名称                              梯度范数         梯度均值 状态             
  ----------------------------------------------------------------------
  type_relations                0.188641     0.004882 ✅ 正常           
  exist_relation                0.000111     0.000007 ✅ 正常           
  mi_proj_layer0                0.062889     0.000230 ✅ 正常           
  dis_proj_layer0               0.067248     0.000246 ✅ 正常           
================================================================================

Epoch 650, Total Loss: 15.5094, Recover Loss: 2.2849, miRNA CL: 6.7498, Disease CL: 6.2077, Inter-view (est): 2.9902, Recon Loss: 0.0264, Time: 529.84s

================================================================================
Training completed. Running final test...
================================================================================
Fold 3 completed - AUC: 0.9741, Top-1 F1: 0.6372
Fold 3 training time: 530.62 seconds
=== Cross Validation Fold 4/5 ===
Using hidden dimensions: [256, 256] with 4 attention heads
优化模型初始化: miRNA数量 = 495, 疾病数量 = 383
   节点维度: 256 → 128
   类型数量: 4
   Temperature: 2.0 (可学习)
   Loss mode: softmax_5class
   loss_mode=softmax_5class
   class_weights_5 (neg+4types): ['0.026', '0.970', '2.266', '1.215', '0.524']

✅ SimplifiedMultiTypeAssociationLoss 初始化 (改进版)
   类别权重 (beta=0.99999): ['0.780', '1.822', '0.977', '0.421']
Original positive index shape: torch.Size([1072, 2])
Original negative index shape: torch.Size([135416, 2])
采样后负样本数量: 10720
🎯 Building TRUE DUAL VIEWS from four different sources...
📊 Data sources loaded:
  Disease semantic: torch.Size([383, 383])
  miRNA functional: torch.Size([495, 495])
  Disease-gene: torch.Size([383, 383])
  miRNA-sequence: torch.Size([495, 495])
🧬 Building miRNA dual-view hypergraphs...
  📊 miRNA View 1 (Sequence): torch.Size([495, 878])
  📊 miRNA View 2 (Function): torch.Size([495, 878])
🦠 Building disease dual-view hypergraphs...
  📊 Disease View 1 (Gene): torch.Size([383, 878])
  📊 Disease View 2 (Semantic): torch.Size([383, 878])
✅ Successfully built TRUE DUAL VIEWS:
   🧬 miRNA: Sequence Features (m_ss.xlsx) vs Functional Similarity (mi_fun_sim_2.0.csv)
   🦠 Disease: Gene Features (d_gs.xlsx) vs Semantic Similarity (dis_sem_sim_2.0.csv)

🔧 Epoch 1 梯度检查:
================================================================================

  参数名称                              梯度范数         梯度均值 状态             
  ----------------------------------------------------------------------
  type_relations                0.682970     0.016295 ✅ 正常           
  exist_relation                0.000139     0.000010 ✅ 正常           
  mi_proj_layer0                1.345155     0.004149 ✅ 正常           
  dis_proj_layer0               1.454991     0.004539 ✅ 正常           
================================================================================

Epoch 1, Total Loss: 22.1582, Recover Loss: 2.9839, miRNA CL: 8.9423, Disease CL: 8.4508, Inter-view (est): 4.0138, Recon Loss: 1.4830, Time: 0.65s
[INFO] Hypergraph updated at epoch 5
[INFO] Hypergraph updated at epoch 10
[INFO] Hypergraph updated at epoch 15
[INFO] Hypergraph updated at epoch 20
[INFO] Hypergraph updated at epoch 25
[INFO] Hypergraph updated at epoch 30
[INFO] Hypergraph updated at epoch 35
[INFO] Hypergraph updated at epoch 40
[INFO] Hypergraph updated at epoch 45
[INFO] Hypergraph updated at epoch 50

🔧 Epoch 50 梯度检查:
================================================================================

  参数名称                              梯度范数         梯度均值 状态             
  ----------------------------------------------------------------------
  type_relations                0.289438     0.008083 ✅ 正常           
  exist_relation                0.000134     0.000009 ✅ 正常           
  mi_proj_layer0                0.060525     0.000213 ✅ 正常           
  dis_proj_layer0               0.069235     0.000251 ✅ 正常           
================================================================================

Epoch 50, Total Loss: 18.9034, Recover Loss: 2.7024, miRNA CL: 7.9931, Disease CL: 7.7337, Inter-view (est): 3.6293, Recon Loss: 0.1893, Time: 93.20s
[INFO] Hypergraph updated at epoch 100

🔧 Epoch 100 梯度检查:
================================================================================

  参数名称                              梯度范数         梯度均值 状态             
  ----------------------------------------------------------------------
  type_relations                0.329165     0.008063 ✅ 正常           
  exist_relation                0.000128     0.000009 ✅ 正常           
  mi_proj_layer0                0.062157     0.000224 ✅ 正常           
  dis_proj_layer0               0.080292     0.000270 ✅ 正常           
================================================================================

Epoch 100, Total Loss: 17.7492, Recover Loss: 2.6483, miRNA CL: 7.7341, Disease CL: 7.0644, Inter-view (est): 3.4150, Recon Loss: 0.0321, Time: 132.73s
[INFO] Hypergraph updated at epoch 150

🔧 Epoch 150 梯度检查:
================================================================================

  参数名称                              梯度范数         梯度均值 状态             
  ----------------------------------------------------------------------
  type_relations                0.356178     0.008900 ✅ 正常           
  exist_relation                0.000124     0.000008 ✅ 正常           
  mi_proj_layer0                0.065561     0.000241 ✅ 正常           
  dis_proj_layer0               0.080188     0.000280 ✅ 正常           
================================================================================

Epoch 150, Total Loss: 17.0338, Recover Loss: 2.5813, miRNA CL: 7.4839, Disease CL: 6.6777, Inter-view (est): 3.2681, Recon Loss: 0.0307, Time: 167.48s
[INFO] Hypergraph updated at epoch 200

🔧 Epoch 200 梯度检查:
================================================================================

  参数名称                              梯度范数         梯度均值 状态             
  ----------------------------------------------------------------------
  type_relations                0.380777     0.008986 ✅ 正常           
  exist_relation                0.000120     0.000008 ✅ 正常           
  mi_proj_layer0                0.075910     0.000249 ✅ 正常           
  dis_proj_layer0               0.085517     0.000289 ✅ 正常           
================================================================================

Epoch 200, Total Loss: 16.4538, Recover Loss: 2.4892, miRNA CL: 7.2174, Disease CL: 6.4635, Inter-view (est): 3.1571, Recon Loss: 0.0296, Time: 202.47s
[INFO] Hypergraph updated at epoch 250

🔧 Epoch 250 梯度检查:
================================================================================

  参数名称                              梯度范数         梯度均值 状态             
  ----------------------------------------------------------------------
  type_relations                0.317068     0.007729 ✅ 正常           
  exist_relation                0.000117     0.000007 ✅ 正常           
  mi_proj_layer0                0.064303     0.000232 ✅ 正常           
  dis_proj_layer0               0.068684     0.000248 ✅ 正常           
================================================================================

Epoch 250, Total Loss: 16.1994, Recover Loss: 2.4347, miRNA CL: 7.1056, Disease CL: 6.3804, Inter-view (est): 3.1121, Recon Loss: 0.0285, Time: 237.33s
[INFO] Hypergraph updated at epoch 300

🔧 Epoch 300 梯度检查:
================================================================================

  参数名称                              梯度范数         梯度均值 状态             
  ----------------------------------------------------------------------
  type_relations                0.251733     0.006659 ✅ 正常           
  exist_relation                0.000114     0.000007 ✅ 正常           
  mi_proj_layer0                0.065023     0.000236 ✅ 正常           
  dis_proj_layer0               0.078837     0.000270 ✅ 正常           
================================================================================

Epoch 300, Total Loss: 16.0529, Recover Loss: 2.4107, miRNA CL: 7.0366, Disease CL: 6.3299, Inter-view (est): 3.0846, Recon Loss: 0.0282, Time: 272.34s
[INFO] Hypergraph updated at epoch 350

🔧 Epoch 350 梯度检查:
================================================================================

  参数名称                              梯度范数         梯度均值 状态             
  ----------------------------------------------------------------------
  type_relations                0.238963     0.006449 ✅ 正常           
  exist_relation                0.000112     0.000007 ✅ 正常           
  mi_proj_layer0                0.064051     0.000231 ✅ 正常           
  dis_proj_layer0               0.075434     0.000264 ✅ 正常           
================================================================================

Epoch 350, Total Loss: 15.8887, Recover Loss: 2.3692, miRNA CL: 6.9673, Disease CL: 6.2802, Inter-view (est): 3.0571, Recon Loss: 0.0271, Time: 307.18s
[INFO] Hypergraph updated at epoch 400

🔧 Epoch 400 梯度检查:
================================================================================

  参数名称                              梯度范数         梯度均值 状态             
  ----------------------------------------------------------------------
  type_relations                0.221300     0.006022 ✅ 正常           
  exist_relation                0.000110     0.000007 ✅ 正常           
  mi_proj_layer0                0.066446     0.000241 ✅ 正常           
  dis_proj_layer0               0.072549     0.000264 ✅ 正常           
================================================================================

Epoch 400, Total Loss: 15.7548, Recover Loss: 2.3523, miRNA CL: 6.8901, Disease CL: 6.2429, Inter-view (est): 3.0307, Recon Loss: 0.0267, Time: 341.80s
[INFO] Hypergraph updated at epoch 450

🔧 Epoch 450 梯度检查:
================================================================================

  参数名称                              梯度范数         梯度均值 状态             
  ----------------------------------------------------------------------
  type_relations                0.236282     0.006245 ✅ 正常           
  exist_relation                0.000109     0.000007 ✅ 正常           
  mi_proj_layer0                0.069575     0.000247 ✅ 正常           
  dis_proj_layer0               0.086260     0.000291 ✅ 正常           
================================================================================

Epoch 450, Total Loss: 15.6519, Recover Loss: 2.3400, miRNA CL: 6.8187, Disease CL: 6.2242, Inter-view (est): 3.0099, Recon Loss: 0.0271, Time: 377.15s
[INFO] Hypergraph updated at epoch 500

🔧 Epoch 500 梯度检查:
================================================================================

  参数名称                              梯度范数         梯度均值 状态             
  ----------------------------------------------------------------------
  type_relations                0.208658     0.005554 ✅ 正常           
  exist_relation                0.000108     0.000006 ✅ 正常           
  mi_proj_layer0                0.064603     0.000232 ✅ 正常           
  dis_proj_layer0               0.065246     0.000237 ✅ 正常           
================================================================================

Epoch 500, Total Loss: 15.5711, Recover Loss: 2.3118, miRNA CL: 6.7793, Disease CL: 6.2123, Inter-view (est): 2.9981, Recon Loss: 0.0266, Time: 411.91s
[INFO] Hypergraph updated at epoch 550

🔧 Epoch 550 梯度检查:
================================================================================

  参数名称                              梯度范数         梯度均值 状态             
  ----------------------------------------------------------------------
  type_relations                0.177462     0.004811 ✅ 正常           
  exist_relation                0.000107     0.000006 ✅ 正常           
  mi_proj_layer0                0.062231     0.000228 ✅ 正常           
  dis_proj_layer0               0.069973     0.000242 ✅ 正常           
================================================================================

Epoch 550, Total Loss: 15.5311, Recover Loss: 2.2988, miRNA CL: 6.7632, Disease CL: 6.2017, Inter-view (est): 2.9919, Recon Loss: 0.0267, Time: 446.60s
[INFO] Hypergraph updated at epoch 600

🔧 Epoch 600 梯度检查:
================================================================================

  参数名称                              梯度范数         梯度均值 状态             
  ----------------------------------------------------------------------
  type_relations                0.218148     0.005915 ✅ 正常           
  exist_relation                0.000107     0.000006 ✅ 正常           
  mi_proj_layer0                0.072169     0.000250 ✅ 正常           
  dis_proj_layer0               0.066857     0.000242 ✅ 正常           
================================================================================

Epoch 600, Total Loss: 15.5135, Recover Loss: 2.2995, miRNA CL: 6.7516, Disease CL: 6.1953, Inter-view (est): 2.9877, Recon Loss: 0.0269, Time: 481.81s
[INFO] Hypergraph updated at epoch 650

🔧 Epoch 650 梯度检查:
================================================================================

  参数名称                              梯度范数         梯度均值 状态             
  ----------------------------------------------------------------------
  type_relations                0.233602     0.006136 ✅ 正常           
  exist_relation                0.000106     0.000006 ✅ 正常           
  mi_proj_layer0                0.064045     0.000231 ✅ 正常           
  dis_proj_layer0               0.074752     0.000260 ✅ 正常           
================================================================================

Epoch 650, Total Loss: 15.4827, Recover Loss: 2.2964, miRNA CL: 6.7308, Disease CL: 6.1893, Inter-view (est): 2.9816, Recon Loss: 0.0265, Time: 516.48s

================================================================================
Training completed. Running final test...
================================================================================
Fold 4 completed - AUC: 0.9700, Top-1 F1: 0.6046
Fold 4 training time: 517.31 seconds
=== Cross Validation Fold 5/5 ===
Using hidden dimensions: [256, 256] with 4 attention heads
优化模型初始化: miRNA数量 = 495, 疾病数量 = 383
   节点维度: 256 → 128
   类型数量: 4
   Temperature: 2.0 (可学习)
   Loss mode: softmax_5class
   loss_mode=softmax_5class
   class_weights_5 (neg+4types): ['0.026', '0.970', '2.266', '1.215', '0.524']

✅ SimplifiedMultiTypeAssociationLoss 初始化 (改进版)
   类别权重 (beta=0.99999): ['0.780', '1.822', '0.977', '0.421']
Original positive index shape: torch.Size([1072, 2])
Original negative index shape: torch.Size([135416, 2])
采样后负样本数量: 10720
🎯 Building TRUE DUAL VIEWS from four different sources...
📊 Data sources loaded:
  Disease semantic: torch.Size([383, 383])
  miRNA functional: torch.Size([495, 495])
  Disease-gene: torch.Size([383, 383])
  miRNA-sequence: torch.Size([495, 495])
🧬 Building miRNA dual-view hypergraphs...
  📊 miRNA View 1 (Sequence): torch.Size([495, 878])
  📊 miRNA View 2 (Function): torch.Size([495, 878])
🦠 Building disease dual-view hypergraphs...
  📊 Disease View 1 (Gene): torch.Size([383, 878])
  📊 Disease View 2 (Semantic): torch.Size([383, 878])
✅ Successfully built TRUE DUAL VIEWS:
   🧬 miRNA: Sequence Features (m_ss.xlsx) vs Functional Similarity (mi_fun_sim_2.0.csv)
   🦠 Disease: Gene Features (d_gs.xlsx) vs Semantic Similarity (dis_sem_sim_2.0.csv)

🔧 Epoch 1 梯度检查:
================================================================================

  参数名称                              梯度范数         梯度均值 状态             
  ----------------------------------------------------------------------
  type_relations                0.523883     0.014106 ✅ 正常           
  exist_relation                0.000139     0.000010 ✅ 正常           
  mi_proj_layer0                1.770195     0.005482 ✅ 正常           
  dis_proj_layer0               1.701876     0.005228 ✅ 正常           
================================================================================

Epoch 1, Total Loss: 22.1842, Recover Loss: 3.0055, miRNA CL: 8.9262, Disease CL: 8.4225, Inter-view (est): 4.0035, Recon Loss: 1.5320, Time: 0.65s
[INFO] Hypergraph updated at epoch 5
[INFO] Hypergraph updated at epoch 10
[INFO] Hypergraph updated at epoch 15
[INFO] Hypergraph updated at epoch 20
[INFO] Hypergraph updated at epoch 25
[INFO] Hypergraph updated at epoch 30
[INFO] Hypergraph updated at epoch 35
[INFO] Hypergraph updated at epoch 40
[INFO] Hypergraph updated at epoch 45
[INFO] Hypergraph updated at epoch 50

🔧 Epoch 50 梯度检查:
================================================================================

  参数名称                              梯度范数         梯度均值 状态             
  ----------------------------------------------------------------------
  type_relations                0.324318     0.009209 ✅ 正常           
  exist_relation                0.000134     0.000009 ✅ 正常           
  mi_proj_layer0                0.072868     0.000254 ✅ 正常           
  dis_proj_layer0               0.077921     0.000270 ✅ 正常           
================================================================================

Epoch 50, Total Loss: 18.8800, Recover Loss: 2.7140, miRNA CL: 8.0497, Disease CL: 7.7265, Inter-view (est): 3.6407, Recon Loss: 0.1042, Time: 97.63s
[INFO] Hypergraph updated at epoch 100

🔧 Epoch 100 梯度检查:
================================================================================

  参数名称                              梯度范数         梯度均值 状态             
  ----------------------------------------------------------------------
  type_relations                0.253811     0.007240 ✅ 正常           
  exist_relation                0.000128     0.000009 ✅ 正常           
  mi_proj_layer0                0.065792     0.000232 ✅ 正常           
  dis_proj_layer0               0.078401     0.000262 ✅ 正常           
================================================================================

Epoch 100, Total Loss: 17.7668, Recover Loss: 2.6623, miRNA CL: 7.7472, Disease CL: 7.0551, Inter-view (est): 3.4159, Recon Loss: 0.0315, Time: 134.71s
[INFO] Hypergraph updated at epoch 150

🔧 Epoch 150 梯度检查:
================================================================================

  参数名称                              梯度范数         梯度均值 状态             
  ----------------------------------------------------------------------
  type_relations                0.315690     0.007881 ✅ 正常           
  exist_relation                0.000123     0.000008 ✅ 正常           
  mi_proj_layer0                0.062299     0.000230 ✅ 正常           
  dis_proj_layer0               0.071111     0.000254 ✅ 正常           
================================================================================

Epoch 150, Total Loss: 17.1164, Recover Loss: 2.5753, miRNA CL: 7.5760, Disease CL: 6.6747, Inter-view (est): 3.2886, Recon Loss: 0.0297, Time: 170.00s
[INFO] Hypergraph updated at epoch 200

🔧 Epoch 200 梯度检查:
================================================================================

  参数名称                              梯度范数         梯度均值 状态             
  ----------------------------------------------------------------------
  type_relations                0.267412     0.006880 ✅ 正常           
  exist_relation                0.000119     0.000008 ✅ 正常           
  mi_proj_layer0                0.066483     0.000240 ✅ 正常           
  dis_proj_layer0               0.070553     0.000250 ✅ 正常           
================================================================================

Epoch 200, Total Loss: 16.5348, Recover Loss: 2.4940, miRNA CL: 7.3048, Disease CL: 6.4520, Inter-view (est): 3.1747, Recon Loss: 0.0298, Time: 205.08s
[INFO] Hypergraph updated at epoch 250

🔧 Epoch 250 梯度检查:
================================================================================

  参数名称                              梯度范数         梯度均值 状态             
  ----------------------------------------------------------------------
  type_relations                0.282383     0.007314 ✅ 正常           
  exist_relation                0.000116     0.000007 ✅ 正常           
  mi_proj_layer0                0.060994     0.000224 ✅ 正常           
  dis_proj_layer0               0.073042     0.000265 ✅ 正常           
================================================================================

Epoch 250, Total Loss: 16.2355, Recover Loss: 2.4367, miRNA CL: 7.1518, Disease CL: 6.3678, Inter-view (est): 3.1199, Recon Loss: 0.0287, Time: 239.72s
[INFO] Hypergraph updated at epoch 300

🔧 Epoch 300 梯度检查:
================================================================================

  参数名称                              梯度范数         梯度均值 状态             
  ----------------------------------------------------------------------
  type_relations                0.278107     0.007074 ✅ 正常           
  exist_relation                0.000113     0.000007 ✅ 正常           
  mi_proj_layer0                0.065359     0.000240 ✅ 正常           
  dis_proj_layer0               0.077931     0.000274 ✅ 正常           
================================================================================

Epoch 300, Total Loss: 16.0718, Recover Loss: 2.4041, miRNA CL: 7.0692, Disease CL: 6.3224, Inter-view (est): 3.0904, Recon Loss: 0.0283, Time: 274.20s
[INFO] Hypergraph updated at epoch 350

🔧 Epoch 350 梯度检查:
================================================================================

  参数名称                              梯度范数         梯度均值 状态             
  ----------------------------------------------------------------------
  type_relations                0.233842     0.006381 ✅ 正常           
  exist_relation                0.000111     0.000007 ✅ 正常           
  mi_proj_layer0                0.059151     0.000222 ✅ 正常           
  dis_proj_layer0               0.068588     0.000253 ✅ 正常           
================================================================================

Epoch 350, Total Loss: 15.9114, Recover Loss: 2.3558, miRNA CL: 6.9981, Disease CL: 6.2843, Inter-view (est): 3.0652, Recon Loss: 0.0281, Time: 308.71s
[INFO] Hypergraph updated at epoch 400

🔧 Epoch 400 梯度检查:
================================================================================

  参数名称                              梯度范数         梯度均值 状态             
  ----------------------------------------------------------------------
  type_relations                0.196060     0.005371 ✅ 正常           
  exist_relation                0.000108     0.000007 ✅ 正常           
  mi_proj_layer0                0.061212     0.000227 ✅ 正常           
  dis_proj_layer0               0.064802     0.000238 ✅ 正常           
================================================================================

Epoch 400, Total Loss: 15.7756, Recover Loss: 2.3277, miRNA CL: 6.9304, Disease CL: 6.2474, Inter-view (est): 3.0410, Recon Loss: 0.0272, Time: 343.60s
[INFO] Hypergraph updated at epoch 450

🔧 Epoch 450 梯度检查:
================================================================================

  参数名称                              梯度范数         梯度均值 状态             
  ----------------------------------------------------------------------
  type_relations                0.183377     0.005311 ✅ 正常           
  exist_relation                0.000107     0.000007 ✅ 正常           
  mi_proj_layer0                0.064600     0.000238 ✅ 正常           
  dis_proj_layer0               0.069854     0.000249 ✅ 正常           
================================================================================

Epoch 450, Total Loss: 15.6484, Recover Loss: 2.2966, miRNA CL: 6.8593, Disease CL: 6.2242, Inter-view (est): 3.0193, Recon Loss: 0.0268, Time: 378.75s
[INFO] Hypergraph updated at epoch 500

🔧 Epoch 500 梯度检查:
================================================================================

  参数名称                              梯度范数         梯度均值 状态             
  ----------------------------------------------------------------------
  type_relations                0.187165     0.005310 ✅ 正常           
  exist_relation                0.000106     0.000006 ✅ 正常           
  mi_proj_layer0                0.057725     0.000215 ✅ 正常           
  dis_proj_layer0               0.069094     0.000250 ✅ 正常           
================================================================================

Epoch 500, Total Loss: 15.5882, Recover Loss: 2.2850, miRNA CL: 6.8226, Disease CL: 6.2126, Inter-view (est): 3.0081, Recon Loss: 0.0271, Time: 414.15s
[INFO] Hypergraph updated at epoch 550

🔧 Epoch 550 梯度检查:
================================================================================

  参数名称                              梯度范数         梯度均值 状态             
  ----------------------------------------------------------------------
  type_relations                0.238858     0.006073 ✅ 正常           
  exist_relation                0.000105     0.000006 ✅ 正常           
  mi_proj_layer0                0.064253     0.000237 ✅ 正常           
  dis_proj_layer0               0.081111     0.000290 ✅ 正常           
================================================================================

Epoch 550, Total Loss: 15.5369, Recover Loss: 2.2840, miRNA CL: 6.7830, Disease CL: 6.2031, Inter-view (est): 2.9968, Recon Loss: 0.0265, Time: 449.05s
[INFO] Hypergraph updated at epoch 600

🔧 Epoch 600 梯度检查:
================================================================================

  参数名称                              梯度范数         梯度均值 状态             
  ----------------------------------------------------------------------
  type_relations                0.191451     0.005357 ✅ 正常           
  exist_relation                0.000105     0.000006 ✅ 正常           
  mi_proj_layer0                0.061946     0.000227 ✅ 正常           
  dis_proj_layer0               0.063555     0.000235 ✅ 正常           
================================================================================

Epoch 600, Total Loss: 15.4886, Recover Loss: 2.2670, miRNA CL: 6.7608, Disease CL: 6.1943, Inter-view (est): 2.9896, Recon Loss: 0.0267, Time: 484.43s
[INFO] Hypergraph updated at epoch 650

🔧 Epoch 650 梯度检查:
================================================================================

  参数名称                              梯度范数         梯度均值 状态             
  ----------------------------------------------------------------------
  type_relations                0.193918     0.005280 ✅ 正常           
  exist_relation                0.000104     0.000006 ✅ 正常           
  mi_proj_layer0                0.063440     0.000233 ✅ 正常           
  dis_proj_layer0               0.076009     0.000276 ✅ 正常           
================================================================================

Epoch 650, Total Loss: 15.4559, Recover Loss: 2.2631, miRNA CL: 6.7401, Disease CL: 6.1860, Inter-view (est): 2.9829, Recon Loss: 0.0275, Time: 519.88s

================================================================================
Training completed. Running final test...
================================================================================
Fold 5 completed - AUC: 0.9757, Top-1 F1: 0.6385
Fold 5 training time: 520.71 seconds
Average binary metrics across folds: [[0.97429104 0.96662063 0.93607895 0.93395522 0.96701493 0.90089552
  0.90727894]]
🎯 Average Top-1 metrics across folds: {'top1_precision': 0.5932835820895523, 'top1_recall': np.float64(0.6543996220099964), 'top1_f1': np.float64(0.6222151909737994)}

📊 CV_type Style Metrics Details:
  AUC            : 0.9743
  AUPR           : 0.9666
  F1             : 0.9361
  Accuracy       : 0.9340
  Recall         : 0.9670
  Specificity    : 0.9009
  Precision      : 0.9073

🎯 Top-1 Metrics Details:
  top1_precision : 0.5933
  top1_recall    : 0.6544
  top1_f1        : 0.6222

Total execution time: 2611.14 seconds

==========================================================================================
🎯 FINAL COMPREHENSIVE RESULTS WITH TOP-1 METRICS
==========================================================================================
📊 Binary Classification Metrics (Original):
  AUC: 0.9743
  AUPR: 0.9666
  F1: 0.9361
  Accuracy: 0.9340
  Recall: 0.9670
  Specificity: 0.9009
  Precision: 0.9073

🎯 CV_type Style Metrics (Enhanced):
  AUC: 0.9743
  AUPR: 0.9666
  F1: 0.9361
  Accuracy: 0.9340
  Recall: 0.9670
  Specificity: 0.9009
  Precision: 0.9073

🏆 Top-1 Metrics (NEW):
  Top-1 Precision: 0.5933
  Top-1 Recall: 0.6544
  Top-1 F1: 0.6222
==========================================================================================

[4/6] plan_c_w01 seed=7
----------------------------------------------------------------
[CPU] torch.set_num_threads(14), interop=min(4, 14)
Using device: cpu
[INFO] Auto-computed BALANCED class weights (to prevent class collapse):
  Circulation  (367 samples): 0.780
  Epigenetics  (157 samples): 1.823
  Target       (293 samples): 0.977
  Genetics     (681 samples): 0.420
  [NOTE] Higher weights for minority classes to prevent model from only predicting majority class
[INFO] Using v2.0_495m383D dataset:
  miRNAs: 495
  Diseases: 383
  Expected associations: ~1498
  Types: 4 (Circulation, Epigenetics, Target, Genetics)

================================================================================
Configuration Summary
================================================================================
Dataset: v2.0_495m383D
Data Path: ./
Model: HeterogenousGraphCLAMIR
  - HGT Layers: 2
  - Attention Heads: 4
  - Association Types: 4
  - Inter-view CL: Enabled
    - Weight: 0.3
    - Temperature: 0.5
    - Margin: 0.5

Training:
  - Epochs: 650
  - Learning Rate: 0.0001
  - Dropout: 0.3
  - Weight Decay: 5e-05
  - Focal Loss: Enabled

Evaluation:
  - Cross-Validation Folds: 5
  - Primary Metric: AUPR

Device: cpu
Random Seed: 7
================================================================================

🚀 Running with comprehensive evaluation including Top-1 metrics...
🎯 Loading dual-view data...
Starting dual-view data preparation with new file format...
Loading all similarity and feature files from v2.0_495m383D...
✅ Loaded disease semantic similarity from D_SSM1.txt: (383, 383)
✅ Loaded miRNA functional similarity from M_FSM.txt: (495, 495)
✅ Loaded multi-type association pairs from ./v2.0_495m383D\multi_all_mirna_disease_pairs_without_negative.csv: (1679, 3)
✅ Created multi-type association matrix: (495, 383)
📊 Multi-type Association Statistics:
   无关联 (No association): 188087 pairs (99.21%)
   循环类型 (Circulation): 367 pairs (0.19%)
   表观遗传学 (Epigenetics): 157 pairs (0.08%)
   靶标类型 (Target): 293 pairs (0.15%)
   遗传学类型 (Genetics): 681 pairs (0.36%)
✅ Created association matrix from CSV: (495, 383)
✅ Loaded disease-gene features from D_SSM2.txt: torch.Size([383, 383])
✅ Loaded miRNA-sequence features from M_GSM.txt: torch.Size([495, 495])
Processing integrated similarity matrices...
Loaded similarity matrices from cache
Processing indices...
Loaded indices from cache
✅ Dual-view data preparation completed in 0.38 seconds

============================================================
🎯 DUAL-VIEW CONFIGURATION SUMMARY (v2.0_495m383D)
============================================================
miRNA Dual Views:
  📊 View 1 (Sequence): M_GSM.txt torch.Size([495, 495])
  📊 View 2 (Function): M_FSM.txt torch.Size([495, 495])

Disease Dual Views:
  📊 View 1 (Gene): D_SSM2.txt torch.Size([383, 383])
  📊 View 2 (Semantic): D_SSM1.txt torch.Size([383, 383])

Association Matrix: torch.Size([495, 383])
Data source: v2.0_495m383D (495 miRNAs × 383 Diseases)
============================================================
Preloading dual-view data to device...
✅ Loaded disease-gene features to device: torch.Size([383, 383])
✅ Loaded miRNA-sequence features to device: torch.Size([495, 495])
✅ Loaded disease semantic similarity to device: torch.Size([383, 383])
✅ Loaded miRNA functional similarity to device: torch.Size([495, 495])
✅ Dual-view data preloading completed in 0.00 seconds
OptimizedDataset initialized with 5 folds
Using device: cpu
=== Cross Validation Fold 1/5 ===
Using hidden dimensions: [256, 256] with 4 attention heads
优化模型初始化: miRNA数量 = 495, 疾病数量 = 383
   节点维度: 256 → 128
   类型数量: 4
   Temperature: 2.0 (可学习)
   Loss mode: two_head
   loss_mode=two_head
   exist_weight=0.100, type_weight=0.900

✅ SimplifiedMultiTypeAssociationLoss 初始化 (改进版)
   类别权重 (beta=0.99999): ['0.780', '1.822', '0.977', '0.421']
Original positive index shape: torch.Size([1072, 2])
Original negative index shape: torch.Size([135416, 2])
采样后负样本数量: 10720
🎯 Building TRUE DUAL VIEWS from four different sources...
📊 Data sources loaded:
  Disease semantic: torch.Size([383, 383])
  miRNA functional: torch.Size([495, 495])
  Disease-gene: torch.Size([383, 383])
  miRNA-sequence: torch.Size([495, 495])
🧬 Building miRNA dual-view hypergraphs...
  📊 miRNA View 1 (Sequence): torch.Size([495, 878])
  📊 miRNA View 2 (Function): torch.Size([495, 878])
🦠 Building disease dual-view hypergraphs...
  📊 Disease View 1 (Gene): torch.Size([383, 878])
  📊 Disease View 2 (Semantic): torch.Size([383, 878])
✅ Successfully built TRUE DUAL VIEWS:
   🧬 miRNA: Sequence Features (m_ss.xlsx) vs Functional Similarity (mi_fun_sim_2.0.csv)
   🦠 Disease: Gene Features (d_gs.xlsx) vs Semantic Similarity (dis_sem_sim_2.0.csv)

🔧 Epoch 1 梯度检查:
================================================================================

  参数名称                              梯度范数         梯度均值 状态             
  ----------------------------------------------------------------------
  type_relations                0.073615     0.002360 ✅ 正常           
  exist_relation                0.027932     0.001714 ✅ 正常           
  mi_proj_layer0                0.084408     0.000282 ✅ 正常           
  dis_proj_layer0               0.090906     0.000289 ✅ 正常           
================================================================================

Epoch 1, Total Loss: 20.5485, Recover Loss: 1.3065, miRNA CL: 8.9735, Disease CL: 8.4526, Inter-view (est): 4.0214, Recon Loss: 1.5178, Time: 0.71s
[INFO] Hypergraph updated at epoch 5
[INFO] Hypergraph updated at epoch 10
[INFO] Hypergraph updated at epoch 15
[INFO] Hypergraph updated at epoch 20
[INFO] Hypergraph updated at epoch 25
[INFO] Hypergraph updated at epoch 30
[INFO] Hypergraph updated at epoch 35
[INFO] Hypergraph updated at epoch 40
[INFO] Hypergraph updated at epoch 45
[INFO] Hypergraph updated at epoch 50

🔧 Epoch 50 梯度检查:
================================================================================

  参数名称                              梯度范数         梯度均值 状态             
  ----------------------------------------------------------------------
  type_relations                0.109378     0.002720 ✅ 正常           
  exist_relation                0.008827     0.000444 ✅ 正常           
  mi_proj_layer0                0.023153     0.000080 ✅ 正常           
  dis_proj_layer0               0.024319     0.000081 ✅ 正常           
================================================================================

Epoch 50, Total Loss: 17.3776, Recover Loss: 1.2785, miRNA CL: 8.0195, Disease CL: 7.6936, Inter-view (est): 3.6261, Recon Loss: 0.1064, Time: 94.28s
[INFO] Hypergraph updated at epoch 100

🔧 Epoch 100 梯度检查:
================================================================================

  参数名称                              梯度范数         梯度均值 状态             
  ----------------------------------------------------------------------
  type_relations                0.254018     0.003615 ✅ 正常           
  exist_relation                0.022168     0.000547 ✅ 正常           
  mi_proj_layer0                0.028310     0.000088 ✅ 正常           
  dis_proj_layer0               0.029116     0.000090 ✅ 正常           
================================================================================

Epoch 100, Total Loss: 16.2075, Recover Loss: 1.2369, miRNA CL: 7.7467, Disease CL: 6.9344, Inter-view (est): 3.3879, Recon Loss: 0.0307, Time: 131.12s
[INFO] Hypergraph updated at epoch 150

🔧 Epoch 150 梯度检查:
================================================================================

  参数名称                              梯度范数         梯度均值 状态             
  ----------------------------------------------------------------------
  type_relations                0.259190     0.003816 ✅ 正常           
  exist_relation                0.011906     0.000375 ✅ 正常           
  mi_proj_layer0                0.029902     0.000091 ✅ 正常           
  dis_proj_layer0               0.026016     0.000083 ✅ 正常           
================================================================================

Epoch 150, Total Loss: 15.5370, Recover Loss: 1.1890, miRNA CL: 7.5346, Disease CL: 6.5373, Inter-view (est): 3.2474, Recon Loss: 0.0301, Time: 166.01s
[INFO] Hypergraph updated at epoch 200

🔧 Epoch 200 梯度检查:
================================================================================

  参数名称                              梯度范数         梯度均值 状态             
  ----------------------------------------------------------------------
  type_relations                0.282858     0.004345 ✅ 正常           
  exist_relation                0.015387     0.000477 ✅ 正常           
  mi_proj_layer0                0.035475     0.000100 ✅ 正常           
  dis_proj_layer0               0.035525     0.000101 ✅ 正常           
================================================================================

Epoch 200, Total Loss: 15.0793, Recover Loss: 1.1479, miRNA CL: 7.2801, Disease CL: 6.3841, Inter-view (est): 3.1533, Recon Loss: 0.0293, Time: 202.00s
[INFO] Hypergraph updated at epoch 250

🔧 Epoch 250 梯度检查:
================================================================================

  参数名称                              梯度范数         梯度均值 状态             
  ----------------------------------------------------------------------
  type_relations                0.203576     0.003044 ✅ 正常           
  exist_relation                0.018160     0.000522 ✅ 正常           
  mi_proj_layer0                0.020636     0.000062 ✅ 正常           
  dis_proj_layer0               0.026358     0.000075 ✅ 正常           
================================================================================

Epoch 250, Total Loss: 14.7918, Recover Loss: 1.0982, miRNA CL: 7.1236, Disease CL: 6.3093, Inter-view (est): 3.0999, Recon Loss: 0.0283, Time: 237.31s
[INFO] Hypergraph updated at epoch 300

🔧 Epoch 300 梯度检查:
================================================================================

  参数名称                              梯度范数         梯度均值 状态             
  ----------------------------------------------------------------------
  type_relations                0.180913     0.002765 ✅ 正常           
  exist_relation                0.013956     0.000375 ✅ 正常           
  mi_proj_layer0                0.022282     0.000062 ✅ 正常           
  dis_proj_layer0               0.026443     0.000073 ✅ 正常           
================================================================================

Epoch 300, Total Loss: 14.6317, Recover Loss: 1.0848, miRNA CL: 7.0325, Disease CL: 6.2579, Inter-view (est): 3.0670, Recon Loss: 0.0278, Time: 272.84s
[INFO] Hypergraph updated at epoch 350

🔧 Epoch 350 梯度检查:
================================================================================

  参数名称                              梯度范数         梯度均值 状态             
  ----------------------------------------------------------------------
  type_relations                0.173519     0.002639 ✅ 正常           
  exist_relation                0.016986     0.000475 ✅ 正常           
  mi_proj_layer0                0.025159     0.000068 ✅ 正常           
  dis_proj_layer0               0.026037     0.000075 ✅ 正常           
================================================================================

Epoch 350, Total Loss: 14.5072, Recover Loss: 1.0668, miRNA CL: 6.9638, Disease CL: 6.2224, Inter-view (est): 3.0430, Recon Loss: 0.0284, Time: 308.07s
[INFO] Hypergraph updated at epoch 400

🔧 Epoch 400 梯度检查:
================================================================================

  参数名称                              梯度范数         梯度均值 状态             
  ----------------------------------------------------------------------
  type_relations                0.158760     0.002620 ✅ 正常           
  exist_relation                0.017693     0.000541 ✅ 正常           
  mi_proj_layer0                0.025903     0.000069 ✅ 正常           
  dis_proj_layer0               0.027805     0.000078 ✅ 正常           
================================================================================

Epoch 400, Total Loss: 14.4073, Recover Loss: 1.0595, miRNA CL: 6.8994, Disease CL: 6.1977, Inter-view (est): 3.0224, Recon Loss: 0.0270, Time: 343.98s
[INFO] Hypergraph updated at epoch 450

🔧 Epoch 450 梯度检查:
================================================================================

  参数名称                              梯度范数         梯度均值 状态             
  ----------------------------------------------------------------------
  type_relations                0.174371     0.002761 ✅ 正常           
  exist_relation                0.013101     0.000405 ✅ 正常           
  mi_proj_layer0                0.023680     0.000070 ✅ 正常           
  dis_proj_layer0               0.028806     0.000079 ✅ 正常           
================================================================================

Epoch 450, Total Loss: 14.3358, Recover Loss: 1.0594, miRNA CL: 6.8424, Disease CL: 6.1845, Inter-view (est): 3.0062, Recon Loss: 0.0271, Time: 378.07s
[INFO] Hypergraph updated at epoch 500

🔧 Epoch 500 梯度检查:
================================================================================

  参数名称                              梯度范数         梯度均值 状态             
  ----------------------------------------------------------------------
  type_relations                0.166079     0.002827 ✅ 正常           
  exist_relation                0.012666     0.000383 ✅ 正常           
  mi_proj_layer0                0.026139     0.000071 ✅ 正常           
  dis_proj_layer0               0.026729     0.000078 ✅ 正常           
================================================================================

Epoch 500, Total Loss: 14.2664, Recover Loss: 1.0432, miRNA CL: 6.7975, Disease CL: 6.1765, Inter-view (est): 2.9940, Recon Loss: 0.0275, Time: 412.84s
[INFO] Hypergraph updated at epoch 550

🔧 Epoch 550 梯度检查:
================================================================================

  参数名称                              梯度范数         梯度均值 状态             
  ----------------------------------------------------------------------
  type_relations                0.178546     0.002835 ✅ 正常           
  exist_relation                0.010423     0.000396 ✅ 正常           
  mi_proj_layer0                0.024244     0.000067 ✅ 正常           
  dis_proj_layer0               0.026146     0.000076 ✅ 正常           
================================================================================

Epoch 550, Total Loss: 14.2288, Recover Loss: 1.0430, miRNA CL: 6.7682, Disease CL: 6.1704, Inter-view (est): 2.9858, Recon Loss: 0.0262, Time: 447.19s
[INFO] Hypergraph updated at epoch 600

🔧 Epoch 600 梯度检查:
================================================================================

  参数名称                              梯度范数         梯度均值 状态             
  ----------------------------------------------------------------------
  type_relations                0.132920     0.002205 ✅ 正常           
  exist_relation                0.010564     0.000364 ✅ 正常           
  mi_proj_layer0                0.023201     0.000062 ✅ 正常           
  dis_proj_layer0               0.021216     0.000062 ✅ 正常           
================================================================================

Epoch 600, Total Loss: 14.1859, Recover Loss: 1.0301, miRNA CL: 6.7444, Disease CL: 6.1649, Inter-view (est): 2.9791, Recon Loss: 0.0261, Time: 481.98s
[INFO] Hypergraph updated at epoch 650

🔧 Epoch 650 梯度检查:
================================================================================

  参数名称                              梯度范数         梯度均值 状态             
  ----------------------------------------------------------------------
  type_relations                0.161196     0.002661 ✅ 正常           
  exist_relation                0.009458     0.000305 ✅ 正常           
  mi_proj_layer0                0.023739     0.000063 ✅ 正常           
  dis_proj_layer0               0.026823     0.000076 ✅ 正常           
================================================================================

Epoch 650, Total Loss: 14.1669, Recover Loss: 1.0366, miRNA CL: 6.7242, Disease CL: 6.1596, Inter-view (est): 2.9732, Recon Loss: 0.0268, Time: 517.05s

================================================================================
Training completed. Running final test...
================================================================================
Fold 1 completed - AUC: 0.9643, Top-1 F1: 0.5852
Fold 1 training time: 518.12 seconds
=== Cross Validation Fold 2/5 ===
Using hidden dimensions: [256, 256] with 4 attention heads
优化模型初始化: miRNA数量 = 495, 疾病数量 = 383
   节点维度: 256 → 128
   类型数量: 4
   Temperature: 2.0 (可学习)
   Loss mode: two_head
   loss_mode=two_head
   exist_weight=0.100, type_weight=0.900

✅ SimplifiedMultiTypeAssociationLoss 初始化 (改进版)
   类别权重 (beta=0.99999): ['0.780', '1.822', '0.977', '0.421']
Original positive index shape: torch.Size([1072, 2])
Original negative index shape: torch.Size([135416, 2])
采样后负样本数量: 10720
🎯 Building TRUE DUAL VIEWS from four different sources...
📊 Data sources loaded:
  Disease semantic: torch.Size([383, 383])
  miRNA functional: torch.Size([495, 495])
  Disease-gene: torch.Size([383, 383])
  miRNA-sequence: torch.Size([495, 495])
🧬 Building miRNA dual-view hypergraphs...
  📊 miRNA View 1 (Sequence): torch.Size([495, 878])
  📊 miRNA View 2 (Function): torch.Size([495, 878])
🦠 Building disease dual-view hypergraphs...
  📊 Disease View 1 (Gene): torch.Size([383, 878])
  📊 Disease View 2 (Semantic): torch.Size([383, 878])
✅ Successfully built TRUE DUAL VIEWS:
   🧬 miRNA: Sequence Features (m_ss.xlsx) vs Functional Similarity (mi_fun_sim_2.0.csv)
   🦠 Disease: Gene Features (d_gs.xlsx) vs Semantic Similarity (dis_sem_sim_2.0.csv)

🔧 Epoch 1 梯度检查:
================================================================================

  参数名称                              梯度范数         梯度均值 状态             
  ----------------------------------------------------------------------
  type_relations                0.070597     0.002138 ✅ 正常           
  exist_relation                0.111964     0.005957 ✅ 正常           
  mi_proj_layer0                0.323330     0.001027 ✅ 正常           
  dis_proj_layer0               0.429124     0.001272 ✅ 正常           
================================================================================

Epoch 1, Total Loss: 20.4562, Recover Loss: 1.3253, miRNA CL: 8.8626, Disease CL: 8.4379, Inter-view (est): 3.9924, Recon Loss: 1.5322, Time: 0.66s
[INFO] Hypergraph updated at epoch 5
[INFO] Hypergraph updated at epoch 10
[INFO] Hypergraph updated at epoch 15
[INFO] Hypergraph updated at epoch 20
[INFO] Hypergraph updated at epoch 25
[INFO] Hypergraph updated at epoch 30
[INFO] Hypergraph updated at epoch 35
[INFO] Hypergraph updated at epoch 40
[INFO] Hypergraph updated at epoch 45
[INFO] Hypergraph updated at epoch 50

🔧 Epoch 50 梯度检查:
================================================================================

  参数名称                              梯度范数         梯度均值 状态             
  ----------------------------------------------------------------------
  type_relations                0.099866     0.002638 ✅ 正常           
  exist_relation                0.007503     0.000438 ✅ 正常           
  mi_proj_layer0                0.020683     0.000072 ✅ 正常           
  dis_proj_layer0               0.024087     0.000081 ✅ 正常           
================================================================================

Epoch 50, Total Loss: 17.3989, Recover Loss: 1.2849, miRNA CL: 7.9944, Disease CL: 7.6894, Inter-view (est): 3.6193, Recon Loss: 0.1497, Time: 98.77s
[INFO] Hypergraph updated at epoch 100

🔧 Epoch 100 梯度检查:
================================================================================

  参数名称                              梯度范数         梯度均值 状态             
  ----------------------------------------------------------------------
  type_relations                0.257019     0.003752 ✅ 正常           
  exist_relation                0.012331     0.000438 ✅ 正常           
  mi_proj_layer0                0.028189     0.000088 ✅ 正常           
  dis_proj_layer0               0.033333     0.000099 ✅ 正常           
================================================================================

Epoch 100, Total Loss: 16.2741, Recover Loss: 1.2515, miRNA CL: 7.7329, Disease CL: 6.9997, Inter-view (est): 3.3998, Recon Loss: 0.0302, Time: 136.48s
[INFO] Hypergraph updated at epoch 150

🔧 Epoch 150 梯度检查:
================================================================================

  参数名称                              梯度范数         梯度均值 状态             
  ----------------------------------------------------------------------
  type_relations                0.253864     0.004196 ✅ 正常           
  exist_relation                0.012634     0.000471 ✅ 正常           
  mi_proj_layer0                0.032599     0.000103 ✅ 正常           
  dis_proj_layer0               0.036081     0.000108 ✅ 正常           
================================================================================

Epoch 150, Total Loss: 15.6349, Recover Loss: 1.2128, miRNA CL: 7.4903, Disease CL: 6.6559, Inter-view (est): 3.2645, Recon Loss: 0.0302, Time: 171.64s
[INFO] Hypergraph updated at epoch 200

🔧 Epoch 200 梯度检查:
================================================================================

  参数名称                              梯度范数         梯度均值 状态             
  ----------------------------------------------------------------------
  type_relations                0.255742     0.004067 ✅ 正常           
  exist_relation                0.015804     0.000524 ✅ 正常           
  mi_proj_layer0                0.031565     0.000097 ✅ 正常           
  dis_proj_layer0               0.033465     0.000097 ✅ 正常           
================================================================================

Epoch 200, Total Loss: 15.1922, Recover Loss: 1.1672, miRNA CL: 7.2682, Disease CL: 6.4890, Inter-view (est): 3.1747, Recon Loss: 0.0294, Time: 206.56s
[INFO] Hypergraph updated at epoch 250

🔧 Epoch 250 梯度检查:
================================================================================

  参数名称                              梯度范数         梯度均值 状态             
  ----------------------------------------------------------------------
  type_relations                0.236354     0.004084 ✅ 正常           
  exist_relation                0.013373     0.000483 ✅ 正常           
  mi_proj_layer0                0.032865     0.000097 ✅ 正常           
  dis_proj_layer0               0.035627     0.000102 ✅ 正常           
================================================================================

Epoch 250, Total Loss: 14.9562, Recover Loss: 1.1313, miRNA CL: 7.1574, Disease CL: 6.4047, Inter-view (est): 3.1297, Recon Loss: 0.0286, Time: 241.48s
[INFO] Hypergraph updated at epoch 300

🔧 Epoch 300 梯度检查:
================================================================================

  参数名称                              梯度范数         梯度均值 状态             
  ----------------------------------------------------------------------
  type_relations                0.227951     0.003979 ✅ 正常           
  exist_relation                0.026597     0.000742 ✅ 正常           
  mi_proj_layer0                0.026686     0.000083 ✅ 正常           
  dis_proj_layer0               0.027998     0.000088 ✅ 正常           
================================================================================

Epoch 300, Total Loss: 14.7576, Recover Loss: 1.0985, miRNA CL: 7.0703, Disease CL: 6.3312, Inter-view (est): 3.0927, Recon Loss: 0.0273, Time: 275.87s
[INFO] Hypergraph updated at epoch 350

🔧 Epoch 350 梯度检查:
================================================================================

  参数名称                              梯度范数         梯度均值 状态             
  ----------------------------------------------------------------------
  type_relations                0.195788     0.003253 ✅ 正常           
  exist_relation                0.018026     0.000591 ✅ 正常           
  mi_proj_layer0                0.024404     0.000074 ✅ 正常           
  dis_proj_layer0               0.028938     0.000088 ✅ 正常           
================================================================================

Epoch 350, Total Loss: 14.6237, Recover Loss: 1.0759, miRNA CL: 7.0056, Disease CL: 6.2878, Inter-view (est): 3.0677, Recon Loss: 0.0272, Time: 310.15s
[INFO] Hypergraph updated at epoch 400

🔧 Epoch 400 梯度检查:
================================================================================

  参数名称                              梯度范数         梯度均值 状态             
  ----------------------------------------------------------------------
  type_relations                0.202202     0.003435 ✅ 正常           
  exist_relation                0.016489     0.000582 ✅ 正常           
  mi_proj_layer0                0.028960     0.000082 ✅ 正常           
  dis_proj_layer0               0.033409     0.000094 ✅ 正常           
================================================================================

Epoch 400, Total Loss: 14.5086, Recover Loss: 1.0640, miRNA CL: 6.9413, Disease CL: 6.2522, Inter-view (est): 3.0447, Recon Loss: 0.0267, Time: 345.22s
[INFO] Hypergraph updated at epoch 450

🔧 Epoch 450 梯度检查:
================================================================================

  参数名称                              梯度范数         梯度均值 状态             
  ----------------------------------------------------------------------
  type_relations                0.166978     0.002881 ✅ 正常           
  exist_relation                0.017478     0.000630 ✅ 正常           
  mi_proj_layer0                0.025813     0.000073 ✅ 正常           
  dis_proj_layer0               0.028901     0.000084 ✅ 正常           
================================================================================

Epoch 450, Total Loss: 14.3757, Recover Loss: 1.0393, miRNA CL: 6.8613, Disease CL: 6.2255, Inter-view (est): 3.0200, Recon Loss: 0.0273, Time: 380.43s
[INFO] Hypergraph updated at epoch 500

🔧 Epoch 500 梯度检查:
================================================================================

  参数名称                              梯度范数         梯度均值 状态             
  ----------------------------------------------------------------------
  type_relations                0.174911     0.002968 ✅ 正常           
  exist_relation                0.020848     0.000654 ✅ 正常           
  mi_proj_layer0                0.023632     0.000070 ✅ 正常           
  dis_proj_layer0               0.037348     0.000097 ✅ 正常           
================================================================================

Epoch 500, Total Loss: 14.3007, Recover Loss: 1.0317, miRNA CL: 6.8072, Disease CL: 6.2125, Inter-view (est): 3.0045, Recon Loss: 0.0281, Time: 415.99s
[INFO] Hypergraph updated at epoch 550

🔧 Epoch 550 梯度检查:
================================================================================

  参数名称                              梯度范数         梯度均值 状态             
  ----------------------------------------------------------------------
  type_relations                0.142645     0.002330 ✅ 正常           
  exist_relation                0.018941     0.000577 ✅ 正常           
  mi_proj_layer0                0.022681     0.000065 ✅ 正常           
  dis_proj_layer0               0.024054     0.000070 ✅ 正常           
================================================================================

Epoch 550, Total Loss: 14.2443, Recover Loss: 1.0248, miRNA CL: 6.7703, Disease CL: 6.2024, Inter-view (est): 2.9937, Recon Loss: 0.0264, Time: 450.57s
[INFO] Hypergraph updated at epoch 600

🔧 Epoch 600 梯度检查:
================================================================================

  参数名称                              梯度范数         梯度均值 状态             
  ----------------------------------------------------------------------
  type_relations                0.141397     0.002377 ✅ 正常           
  exist_relation                0.021708     0.000692 ✅ 正常           
  mi_proj_layer0                0.021635     0.000064 ✅ 正常           
  dis_proj_layer0               0.024699     0.000073 ✅ 正常           
================================================================================

Epoch 600, Total Loss: 14.2024, Recover Loss: 1.0200, miRNA CL: 6.7428, Disease CL: 6.1931, Inter-view (est): 2.9852, Recon Loss: 0.0269, Time: 485.46s
[INFO] Hypergraph updated at epoch 650

🔧 Epoch 650 梯度检查:
================================================================================

  参数名称                              梯度范数         梯度均值 状态             
  ----------------------------------------------------------------------
  type_relations                0.144580     0.002530 ✅ 正常           
  exist_relation                0.015379     0.000561 ✅ 正常           
  mi_proj_layer0                0.024301     0.000068 ✅ 正常           
  dis_proj_layer0               0.026221     0.000075 ✅ 正常           
================================================================================

Epoch 650, Total Loss: 14.1657, Recover Loss: 1.0168, miRNA CL: 6.7192, Disease CL: 6.1840, Inter-view (est): 2.9777, Recon Loss: 0.0269, Time: 519.80s

================================================================================
Training completed. Running final test...
================================================================================
Fold 2 completed - AUC: 0.9686, Top-1 F1: 0.5334
Fold 2 training time: 520.55 seconds
=== Cross Validation Fold 3/5 ===
Using hidden dimensions: [256, 256] with 4 attention heads
优化模型初始化: miRNA数量 = 495, 疾病数量 = 383
   节点维度: 256 → 128
   类型数量: 4
   Temperature: 2.0 (可学习)
   Loss mode: two_head
   loss_mode=two_head
   exist_weight=0.100, type_weight=0.900

✅ SimplifiedMultiTypeAssociationLoss 初始化 (改进版)
   类别权重 (beta=0.99999): ['0.780', '1.822', '0.977', '0.421']
Original positive index shape: torch.Size([1072, 2])
Original negative index shape: torch.Size([135416, 2])
采样后负样本数量: 10720
🎯 Building TRUE DUAL VIEWS from four different sources...
📊 Data sources loaded:
  Disease semantic: torch.Size([383, 383])
  miRNA functional: torch.Size([495, 495])
  Disease-gene: torch.Size([383, 383])
  miRNA-sequence: torch.Size([495, 495])
🧬 Building miRNA dual-view hypergraphs...
  📊 miRNA View 1 (Sequence): torch.Size([495, 878])
  📊 miRNA View 2 (Function): torch.Size([495, 878])
🦠 Building disease dual-view hypergraphs...
  📊 Disease View 1 (Gene): torch.Size([383, 878])
  📊 Disease View 2 (Semantic): torch.Size([383, 878])
✅ Successfully built TRUE DUAL VIEWS:
   🧬 miRNA: Sequence Features (m_ss.xlsx) vs Functional Similarity (mi_fun_sim_2.0.csv)
   🦠 Disease: Gene Features (d_gs.xlsx) vs Semantic Similarity (dis_sem_sim_2.0.csv)

🔧 Epoch 1 梯度检查:
================================================================================

  参数名称                              梯度范数         梯度均值 状态             
  ----------------------------------------------------------------------
  type_relations                0.071412     0.002256 ✅ 正常           
  exist_relation                0.066739     0.003742 ✅ 正常           
  mi_proj_layer0                0.283507     0.000758 ✅ 正常           
  dis_proj_layer0               0.217665     0.000703 ✅ 正常           
================================================================================

Epoch 1, Total Loss: 20.5017, Recover Loss: 1.3178, miRNA CL: 8.9437, Disease CL: 8.4171, Inter-view (est): 4.0063, Recon Loss: 1.5255, Time: 0.71s
[INFO] Hypergraph updated at epoch 5
[INFO] Hypergraph updated at epoch 10
[INFO] Hypergraph updated at epoch 15
[INFO] Hypergraph updated at epoch 20
[INFO] Hypergraph updated at epoch 25
[INFO] Hypergraph updated at epoch 30
[INFO] Hypergraph updated at epoch 35
[INFO] Hypergraph updated at epoch 40
[INFO] Hypergraph updated at epoch 45
[INFO] Hypergraph updated at epoch 50

🔧 Epoch 50 梯度检查:
================================================================================

  参数名称                              梯度范数         梯度均值 状态             
  ----------------------------------------------------------------------
  type_relations                0.125249     0.003022 ✅ 正常           
  exist_relation                0.006133     0.000355 ✅ 正常           
  mi_proj_layer0                0.023159     0.000079 ✅ 正常           
  dis_proj_layer0               0.024584     0.000082 ✅ 正常           
================================================================================

Epoch 50, Total Loss: 17.4445, Recover Loss: 1.2769, miRNA CL: 8.0024, Disease CL: 7.6928, Inter-view (est): 3.6220, Recon Loss: 0.1927, Time: 100.50s
[INFO] Hypergraph updated at epoch 100

🔧 Epoch 100 梯度检查:
================================================================================

  参数名称                              梯度范数         梯度均值 状态             
  ----------------------------------------------------------------------
  type_relations                0.239818     0.003914 ✅ 正常           
  exist_relation                0.007638     0.000326 ✅ 正常           
  mi_proj_layer0                0.028416     0.000091 ✅ 正常           
  dis_proj_layer0               0.029654     0.000097 ✅ 正常           
================================================================================

Epoch 100, Total Loss: 16.3430, Recover Loss: 1.2441, miRNA CL: 7.7468, Disease CL: 7.0621, Inter-view (est): 3.4174, Recon Loss: 0.0312, Time: 139.60s
[INFO] Hypergraph updated at epoch 150

🔧 Epoch 150 梯度检查:
================================================================================

  参数名称                              梯度范数         梯度均值 状态             
  ----------------------------------------------------------------------
  type_relations                0.229745     0.004085 ✅ 正常           
  exist_relation                0.011905     0.000371 ✅ 正常           
  mi_proj_layer0                0.032114     0.000102 ✅ 正常           
  dis_proj_layer0               0.028287     0.000090 ✅ 正常           
================================================================================

Epoch 150, Total Loss: 15.7513, Recover Loss: 1.2040, miRNA CL: 7.5633, Disease CL: 6.7098, Inter-view (est): 3.2938, Recon Loss: 0.0296, Time: 174.74s
[INFO] Hypergraph updated at epoch 200

🔧 Epoch 200 梯度检查:
================================================================================

  参数名称                              梯度范数         梯度均值 状态             
  ----------------------------------------------------------------------
  type_relations                0.198791     0.003355 ✅ 正常           
  exist_relation                0.015334     0.000571 ✅ 正常           
  mi_proj_layer0                0.031566     0.000093 ✅ 正常           
  dis_proj_layer0               0.025842     0.000080 ✅ 正常           
================================================================================

Epoch 200, Total Loss: 15.2202, Recover Loss: 1.1635, miRNA CL: 7.2735, Disease CL: 6.5179, Inter-view (est): 3.1826, Recon Loss: 0.0293, Time: 210.06s
[INFO] Hypergraph updated at epoch 250

🔧 Epoch 250 梯度检查:
================================================================================

  参数名称                              梯度范数         梯度均值 状态             
  ----------------------------------------------------------------------
  type_relations                0.213183     0.003640 ✅ 正常           
  exist_relation                0.013870     0.000459 ✅ 正常           
  mi_proj_layer0                0.033441     0.000093 ✅ 正常           
  dis_proj_layer0               0.029741     0.000083 ✅ 正常           
================================================================================

Epoch 250, Total Loss: 14.9404, Recover Loss: 1.1340, miRNA CL: 7.1305, Disease CL: 6.4162, Inter-view (est): 3.1262, Recon Loss: 0.0285, Time: 244.41s
[INFO] Hypergraph updated at epoch 300

🔧 Epoch 300 梯度检查:
================================================================================

  参数名称                              梯度范数         梯度均值 状态             
  ----------------------------------------------------------------------
  type_relations                0.195018     0.003204 ✅ 正常           
  exist_relation                0.010584     0.000371 ✅ 正常           
  mi_proj_layer0                0.026498     0.000073 ✅ 正常           
  dis_proj_layer0               0.026605     0.000075 ✅ 正常           
================================================================================

Epoch 300, Total Loss: 14.7459, Recover Loss: 1.0972, miRNA CL: 7.0464, Disease CL: 6.3474, Inter-view (est): 3.0909, Recon Loss: 0.0278, Time: 279.82s
[INFO] Hypergraph updated at epoch 350

🔧 Epoch 350 梯度检查:
================================================================================

  参数名称                              梯度范数         梯度均值 状态             
  ----------------------------------------------------------------------
  type_relations                0.171331     0.002871 ✅ 正常           
  exist_relation                0.012582     0.000478 ✅ 正常           
  mi_proj_layer0                0.025836     0.000072 ✅ 正常           
  dis_proj_layer0               0.025731     0.000074 ✅ 正常           
================================================================================

Epoch 350, Total Loss: 14.6411, Recover Loss: 1.0882, miRNA CL: 6.9936, Disease CL: 6.3077, Inter-view (est): 3.0695, Recon Loss: 0.0271, Time: 315.64s
[INFO] Hypergraph updated at epoch 400

🔧 Epoch 400 梯度检查:
================================================================================

  参数名称                              梯度范数         梯度均值 状态             
  ----------------------------------------------------------------------
  type_relations                0.171268     0.002923 ✅ 正常           
  exist_relation                0.007852     0.000289 ✅ 正常           
  mi_proj_layer0                0.027303     0.000078 ✅ 正常           
  dis_proj_layer0               0.030543     0.000083 ✅ 正常           
================================================================================

Epoch 400, Total Loss: 14.5401, Recover Loss: 1.0797, miRNA CL: 6.9381, Disease CL: 6.2730, Inter-view (est): 3.0487, Recon Loss: 0.0271, Time: 351.17s
[INFO] Hypergraph updated at epoch 450

🔧 Epoch 450 梯度检查:
================================================================================

  参数名称                              梯度范数         梯度均值 状态             
  ----------------------------------------------------------------------
  type_relations                0.176178     0.003023 ✅ 正常           
  exist_relation                0.008992     0.000318 ✅ 正常           
  mi_proj_layer0                0.026139     0.000074 ✅ 正常           
  dis_proj_layer0               0.035980     0.000098 ✅ 正常           
================================================================================

Epoch 450, Total Loss: 14.4112, Recover Loss: 1.0600, miRNA CL: 6.8599, Disease CL: 6.2440, Inter-view (est): 3.0240, Recon Loss: 0.0273, Time: 385.92s
[INFO] Hypergraph updated at epoch 500

🔧 Epoch 500 梯度检查:
================================================================================

  参数名称                              梯度范数         梯度均值 状态             
  ----------------------------------------------------------------------
  type_relations                0.163306     0.002841 ✅ 正常           
  exist_relation                0.008296     0.000292 ✅ 正常           
  mi_proj_layer0                0.026269     0.000073 ✅ 正常           
  dis_proj_layer0               0.027572     0.000074 ✅ 正常           
================================================================================

Epoch 500, Total Loss: 14.3345, Recover Loss: 1.0457, miRNA CL: 6.8139, Disease CL: 6.2295, Inter-view (est): 3.0100, Recon Loss: 0.0265, Time: 420.67s
[INFO] Hypergraph updated at epoch 550

🔧 Epoch 550 梯度检查:
================================================================================

  参数名称                              梯度范数         梯度均值 状态             
  ----------------------------------------------------------------------
  type_relations                0.172430     0.002911 ✅ 正常           
  exist_relation                0.008277     0.000289 ✅ 正常           
  mi_proj_layer0                0.022988     0.000065 ✅ 正常           
  dis_proj_layer0               0.023029     0.000069 ✅ 正常           
================================================================================

Epoch 550, Total Loss: 14.2862, Recover Loss: 1.0395, miRNA CL: 6.7817, Disease CL: 6.2202, Inter-view (est): 3.0004, Recon Loss: 0.0266, Time: 455.39s
[INFO] Hypergraph updated at epoch 600

🔧 Epoch 600 梯度检查:
================================================================================

  参数名称                              梯度范数         梯度均值 状态             
  ----------------------------------------------------------------------
  type_relations                0.143524     0.002438 ✅ 正常           
  exist_relation                0.011152     0.000385 ✅ 正常           
  mi_proj_layer0                0.022711     0.000063 ✅ 正常           
  dis_proj_layer0               0.022569     0.000064 ✅ 正常           
================================================================================

Epoch 600, Total Loss: 14.2505, Recover Loss: 1.0384, miRNA CL: 6.7573, Disease CL: 6.2111, Inter-view (est): 2.9927, Recon Loss: 0.0263, Time: 489.99s
[INFO] Hypergraph updated at epoch 650

🔧 Epoch 650 梯度检查:
================================================================================

  参数名称                              梯度范数         梯度均值 状态             
  ----------------------------------------------------------------------
  type_relations                0.142146     0.002422 ✅ 正常           
  exist_relation                0.013070     0.000425 ✅ 正常           
  mi_proj_layer0                0.024711     0.000068 ✅ 正常           
  dis_proj_layer0               0.023861     0.000067 ✅ 正常           
================================================================================

Epoch 650, Total Loss: 14.2189, Recover Loss: 1.0388, miRNA CL: 6.7362, Disease CL: 6.2014, Inter-view (est): 2.9856, Recon Loss: 0.0259, Time: 525.41s

================================================================================
Training completed. Running final test...
================================================================================
Fold 3 completed - AUC: 0.9618, Top-1 F1: 0.6223
Fold 3 training time: 526.16 seconds
=== Cross Validation Fold 4/5 ===
Using hidden dimensions: [256, 256] with 4 attention heads
优化模型初始化: miRNA数量 = 495, 疾病数量 = 383
   节点维度: 256 → 128
   类型数量: 4
   Temperature: 2.0 (可学习)
   Loss mode: two_head
   loss_mode=two_head
   exist_weight=0.100, type_weight=0.900

✅ SimplifiedMultiTypeAssociationLoss 初始化 (改进版)
   类别权重 (beta=0.99999): ['0.780', '1.822', '0.977', '0.421']
Original positive index shape: torch.Size([1072, 2])
Original negative index shape: torch.Size([135416, 2])
采样后负样本数量: 10720
🎯 Building TRUE DUAL VIEWS from four different sources...
📊 Data sources loaded:
  Disease semantic: torch.Size([383, 383])
  miRNA functional: torch.Size([495, 495])
  Disease-gene: torch.Size([383, 383])
  miRNA-sequence: torch.Size([495, 495])
🧬 Building miRNA dual-view hypergraphs...
  📊 miRNA View 1 (Sequence): torch.Size([495, 878])
  📊 miRNA View 2 (Function): torch.Size([495, 878])
🦠 Building disease dual-view hypergraphs...
  📊 Disease View 1 (Gene): torch.Size([383, 878])
  📊 Disease View 2 (Semantic): torch.Size([383, 878])
✅ Successfully built TRUE DUAL VIEWS:
   🧬 miRNA: Sequence Features (m_ss.xlsx) vs Functional Similarity (mi_fun_sim_2.0.csv)
   🦠 Disease: Gene Features (d_gs.xlsx) vs Semantic Similarity (dis_sem_sim_2.0.csv)

🔧 Epoch 1 梯度检查:
================================================================================

  参数名称                              梯度范数         梯度均值 状态             
  ----------------------------------------------------------------------
  type_relations                0.074341     0.002237 ✅ 正常           
  exist_relation                0.152819     0.008329 ✅ 正常           
  mi_proj_layer0                0.636927     0.001433 ✅ 正常           
  dis_proj_layer0               0.535364     0.001542 ✅ 正常           
================================================================================

Epoch 1, Total Loss: 20.5209, Recover Loss: 1.3466, miRNA CL: 8.9423, Disease CL: 8.4508, Inter-view (est): 4.0138, Recon Loss: 1.4830, Time: 0.75s
[INFO] Hypergraph updated at epoch 5
[INFO] Hypergraph updated at epoch 10
[INFO] Hypergraph updated at epoch 15
[INFO] Hypergraph updated at epoch 20
[INFO] Hypergraph updated at epoch 25
[INFO] Hypergraph updated at epoch 30
[INFO] Hypergraph updated at epoch 35
[INFO] Hypergraph updated at epoch 40
[INFO] Hypergraph updated at epoch 45
[INFO] Hypergraph updated at epoch 50

🔧 Epoch 50 梯度检查:
================================================================================

  参数名称                              梯度范数         梯度均值 状态             
  ----------------------------------------------------------------------
  type_relations                0.111346     0.002749 ✅ 正常           
  exist_relation                0.005625     0.000344 ✅ 正常           
  mi_proj_layer0                0.022085     0.000073 ✅ 正常           
  dis_proj_layer0               0.024868     0.000079 ✅ 正常           
================================================================================

Epoch 50, Total Loss: 17.4718, Recover Loss: 1.2822, miRNA CL: 7.9933, Disease CL: 7.7284, Inter-view (est): 3.6281, Recon Loss: 0.1876, Time: 93.29s
[INFO] Hypergraph updated at epoch 100

🔧 Epoch 100 梯度检查:
================================================================================

  参数名称                              梯度范数         梯度均值 状态             
  ----------------------------------------------------------------------
  type_relations                0.214167     0.003584 ✅ 正常           
  exist_relation                0.011705     0.000352 ✅ 正常           
  mi_proj_layer0                0.024985     0.000081 ✅ 正常           
  dis_proj_layer0               0.033355     0.000103 ✅ 正常           
================================================================================

Epoch 100, Total Loss: 16.3320, Recover Loss: 1.2469, miRNA CL: 7.7347, Disease CL: 7.0587, Inter-view (est): 3.4139, Recon Loss: 0.0318, Time: 132.74s
[INFO] Hypergraph updated at epoch 150

🔧 Epoch 150 梯度检查:
================================================================================

  参数名称                              梯度范数         梯度均值 状态             
  ----------------------------------------------------------------------
  type_relations                0.231639     0.003999 ✅ 正常           
  exist_relation                0.015802     0.000435 ✅ 正常           
  mi_proj_layer0                0.028139     0.000090 ✅ 正常           
  dis_proj_layer0               0.031384     0.000097 ✅ 正常           
================================================================================

Epoch 150, Total Loss: 15.6448, Recover Loss: 1.2103, miRNA CL: 7.4915, Disease CL: 6.6669, Inter-view (est): 3.2673, Recon Loss: 0.0299, Time: 167.76s
[INFO] Hypergraph updated at epoch 200

🔧 Epoch 200 梯度检查:
================================================================================

  参数名称                              梯度范数         梯度均值 状态             
  ----------------------------------------------------------------------
  type_relations                0.306170     0.004639 ✅ 正常           
  exist_relation                0.025794     0.000678 ✅ 正常           
  mi_proj_layer0                0.032239     0.000095 ✅ 正常           
  dis_proj_layer0               0.037009     0.000109 ✅ 正常           
================================================================================

Epoch 200, Total Loss: 15.0965, Recover Loss: 1.1447, miRNA CL: 7.2206, Disease CL: 6.4629, Inter-view (est): 3.1577, Recon Loss: 0.0300, Time: 202.93s
[INFO] Hypergraph updated at epoch 250

🔧 Epoch 250 梯度检查:
================================================================================

  参数名称                              梯度范数         梯度均值 状态             
  ----------------------------------------------------------------------
  type_relations                0.238890     0.003764 ✅ 正常           
  exist_relation                0.015106     0.000502 ✅ 正常           
  mi_proj_layer0                0.027418     0.000078 ✅ 正常           
  dis_proj_layer0               0.034115     0.000094 ✅ 正常           
================================================================================

Epoch 250, Total Loss: 14.8459, Recover Loss: 1.1033, miRNA CL: 7.1041, Disease CL: 6.3768, Inter-view (est): 3.1110, Recon Loss: 0.0285, Time: 237.59s
[INFO] Hypergraph updated at epoch 300

🔧 Epoch 300 梯度检查:
================================================================================

  参数名称                              梯度范数         梯度均值 状态             
  ----------------------------------------------------------------------
  type_relations                0.204361     0.003293 ✅ 正常           
  exist_relation                0.019231     0.000580 ✅ 正常           
  mi_proj_layer0                0.025729     0.000073 ✅ 正常           
  dis_proj_layer0               0.031547     0.000090 ✅ 正常           
================================================================================

Epoch 300, Total Loss: 14.6980, Recover Loss: 1.0874, miRNA CL: 7.0286, Disease CL: 6.3248, Inter-view (est): 3.0815, Recon Loss: 0.0275, Time: 272.74s
[INFO] Hypergraph updated at epoch 350

🔧 Epoch 350 梯度检查:
================================================================================

  参数名称                              梯度范数         梯度均值 状态             
  ----------------------------------------------------------------------
  type_relations                0.178073     0.003012 ✅ 正常           
  exist_relation                0.011959     0.000344 ✅ 正常           
  mi_proj_layer0                0.028470     0.000076 ✅ 正常           
  dis_proj_layer0               0.028118     0.000081 ✅ 正常           
================================================================================

Epoch 350, Total Loss: 14.5534, Recover Loss: 1.0654, miRNA CL: 6.9586, Disease CL: 6.2750, Inter-view (est): 3.0539, Recon Loss: 0.0279, Time: 308.11s
[INFO] Hypergraph updated at epoch 400

🔧 Epoch 400 梯度检查:
================================================================================

  参数名称                              梯度范数         梯度均值 状态             
  ----------------------------------------------------------------------
  type_relations                0.184212     0.003126 ✅ 正常           
  exist_relation                0.014074     0.000435 ✅ 正常           
  mi_proj_layer0                0.033730     0.000087 ✅ 正常           
  dis_proj_layer0               0.036396     0.000097 ✅ 正常           
================================================================================

Epoch 400, Total Loss: 14.4180, Recover Loss: 1.0590, miRNA CL: 6.8709, Disease CL: 6.2372, Inter-view (est): 3.0250, Recon Loss: 0.0270, Time: 343.12s
[INFO] Hypergraph updated at epoch 450

🔧 Epoch 450 梯度检查:
================================================================================

  参数名称                              梯度范数         梯度均值 状态             
  ----------------------------------------------------------------------
  type_relations                0.183840     0.003090 ✅ 正常           
  exist_relation                0.011149     0.000387 ✅ 正常           
  mi_proj_layer0                0.027154     0.000074 ✅ 正常           
  dis_proj_layer0               0.033479     0.000091 ✅ 正常           
================================================================================

Epoch 450, Total Loss: 14.3154, Recover Loss: 1.0402, miRNA CL: 6.8054, Disease CL: 6.2199, Inter-view (est): 3.0058, Recon Loss: 0.0273, Time: 378.43s
[INFO] Hypergraph updated at epoch 500

🔧 Epoch 500 梯度检查:
================================================================================

  参数名称                              梯度范数         梯度均值 状态             
  ----------------------------------------------------------------------
  type_relations                0.178936     0.002935 ✅ 正常           
  exist_relation                0.014868     0.000496 ✅ 正常           
  mi_proj_layer0                0.024986     0.000068 ✅ 正常           
  dis_proj_layer0               0.026394     0.000073 ✅ 正常           
================================================================================

Epoch 500, Total Loss: 14.2603, Recover Loss: 1.0247, miRNA CL: 6.7771, Disease CL: 6.2103, Inter-view (est): 2.9971, Recon Loss: 0.0263, Time: 413.14s
[INFO] Hypergraph updated at epoch 550

🔧 Epoch 550 梯度检查:
================================================================================

  参数名称                              梯度范数         梯度均值 状态             
  ----------------------------------------------------------------------
  type_relations                0.161799     0.002706 ✅ 正常           
  exist_relation                0.013044     0.000433 ✅ 正常           
  mi_proj_layer0                0.024793     0.000067 ✅ 正常           
  dis_proj_layer0               0.028672     0.000077 ✅ 正常           
================================================================================

Epoch 550, Total Loss: 14.2301, Recover Loss: 1.0196, miRNA CL: 6.7608, Disease CL: 6.2018, Inter-view (est): 2.9914, Recon Loss: 0.0267, Time: 447.55s
[INFO] Hypergraph updated at epoch 600

🔧 Epoch 600 梯度检查:
================================================================================

  参数名称                              梯度范数         梯度均值 状态             
  ----------------------------------------------------------------------
  type_relations                0.177596     0.003095 ✅ 正常           
  exist_relation                0.012485     0.000380 ✅ 正常           
  mi_proj_layer0                0.032134     0.000080 ✅ 正常           
  dis_proj_layer0               0.029854     0.000082 ✅ 正常           
================================================================================

Epoch 600, Total Loss: 14.1931, Recover Loss: 1.0197, miRNA CL: 6.7330, Disease CL: 6.1931, Inter-view (est): 2.9829, Recon Loss: 0.0267, Time: 482.57s
[INFO] Hypergraph updated at epoch 650

🔧 Epoch 650 梯度检查:
================================================================================

  参数名称                              梯度范数         梯度均值 状态             
  ----------------------------------------------------------------------
  type_relations                0.166883     0.002686 ✅ 正常           
  exist_relation                0.011711     0.000404 ✅ 正常           
  mi_proj_layer0                0.024830     0.000066 ✅ 正常           
  dis_proj_layer0               0.026950     0.000076 ✅ 正常           
================================================================================

Epoch 650, Total Loss: 14.1488, Recover Loss: 1.0044, miRNA CL: 6.7135, Disease CL: 6.1847, Inter-view (est): 2.9765, Recon Loss: 0.0263, Time: 517.57s

================================================================================
Training completed. Running final test...
================================================================================
Fold 4 completed - AUC: 0.9548, Top-1 F1: 0.5979
Fold 4 training time: 518.38 seconds
=== Cross Validation Fold 5/5 ===
Using hidden dimensions: [256, 256] with 4 attention heads
优化模型初始化: miRNA数量 = 495, 疾病数量 = 383
   节点维度: 256 → 128
   类型数量: 4
   Temperature: 2.0 (可学习)
   Loss mode: two_head
   loss_mode=two_head
   exist_weight=0.100, type_weight=0.900

✅ SimplifiedMultiTypeAssociationLoss 初始化 (改进版)
   类别权重 (beta=0.99999): ['0.780', '1.822', '0.977', '0.421']
Original positive index shape: torch.Size([1072, 2])
Original negative index shape: torch.Size([135416, 2])
采样后负样本数量: 10720
🎯 Building TRUE DUAL VIEWS from four different sources...
📊 Data sources loaded:
  Disease semantic: torch.Size([383, 383])
  miRNA functional: torch.Size([495, 495])
  Disease-gene: torch.Size([383, 383])
  miRNA-sequence: torch.Size([495, 495])
🧬 Building miRNA dual-view hypergraphs...
  📊 miRNA View 1 (Sequence): torch.Size([495, 878])
  📊 miRNA View 2 (Function): torch.Size([495, 878])
🦠 Building disease dual-view hypergraphs...
  📊 Disease View 1 (Gene): torch.Size([383, 878])
  📊 Disease View 2 (Semantic): torch.Size([383, 878])
✅ Successfully built TRUE DUAL VIEWS:
   🧬 miRNA: Sequence Features (m_ss.xlsx) vs Functional Similarity (mi_fun_sim_2.0.csv)
   🦠 Disease: Gene Features (d_gs.xlsx) vs Semantic Similarity (dis_sem_sim_2.0.csv)

🔧 Epoch 1 梯度检查:
================================================================================

  参数名称                              梯度范数         梯度均值 状态             
  ----------------------------------------------------------------------
  type_relations                0.060419     0.001995 ✅ 正常           
  exist_relation                0.076382     0.004535 ✅ 正常           
  mi_proj_layer0                0.388498     0.000981 ✅ 正常           
  dis_proj_layer0               0.312594     0.000914 ✅ 正常           
================================================================================

Epoch 1, Total Loss: 20.5020, Recover Loss: 1.3233, miRNA CL: 8.9262, Disease CL: 8.4225, Inter-view (est): 4.0035, Recon Loss: 1.5320, Time: 0.74s
[INFO] Hypergraph updated at epoch 5
[INFO] Hypergraph updated at epoch 10
[INFO] Hypergraph updated at epoch 15
[INFO] Hypergraph updated at epoch 20
[INFO] Hypergraph updated at epoch 25
[INFO] Hypergraph updated at epoch 30
[INFO] Hypergraph updated at epoch 35
[INFO] Hypergraph updated at epoch 40
[INFO] Hypergraph updated at epoch 45
[INFO] Hypergraph updated at epoch 50

🔧 Epoch 50 梯度检查:
================================================================================

  参数名称                              梯度范数         梯度均值 状态             
  ----------------------------------------------------------------------
  type_relations                0.095102     0.002521 ✅ 正常           
  exist_relation                0.005679     0.000376 ✅ 正常           
  mi_proj_layer0                0.020889     0.000073 ✅ 正常           
  dis_proj_layer0               0.019785     0.000068 ✅ 正常           
================================================================================

Epoch 50, Total Loss: 17.4425, Recover Loss: 1.2838, miRNA CL: 8.0493, Disease CL: 7.7234, Inter-view (est): 3.6399, Recon Loss: 0.1055, Time: 97.70s
[INFO] Hypergraph updated at epoch 100

🔧 Epoch 100 梯度检查:
================================================================================

  参数名称                              梯度范数         梯度均值 状态             
  ----------------------------------------------------------------------
  type_relations                0.176504     0.003583 ✅ 正常           
  exist_relation                0.013603     0.000470 ✅ 正常           
  mi_proj_layer0                0.023263     0.000080 ✅ 正常           
  dis_proj_layer0               0.026381     0.000084 ✅ 正常           
================================================================================

Epoch 100, Total Loss: 16.3506, Recover Loss: 1.2544, miRNA CL: 7.7510, Disease CL: 7.0544, Inter-view (est): 3.4166, Recon Loss: 0.0321, Time: 133.96s
[INFO] Hypergraph updated at epoch 150

🔧 Epoch 150 梯度检查:
================================================================================

  参数名称                              梯度范数         梯度均值 状态             
  ----------------------------------------------------------------------
  type_relations                0.244598     0.004596 ✅ 正常           
  exist_relation                0.011961     0.000416 ✅ 正常           
  mi_proj_layer0                0.028759     0.000095 ✅ 正常           
  dis_proj_layer0               0.026817     0.000091 ✅ 正常           
================================================================================

Epoch 150, Total Loss: 15.7310, Recover Loss: 1.2022, miRNA CL: 7.5823, Disease CL: 6.6724, Inter-view (est): 3.2896, Recon Loss: 0.0298, Time: 169.62s
[INFO] Hypergraph updated at epoch 200

🔧 Epoch 200 梯度检查:
================================================================================

  参数名称                              梯度范数         梯度均值 状态             
  ----------------------------------------------------------------------
  type_relations                0.239579     0.004261 ✅ 正常           
  exist_relation                0.017365     0.000635 ✅ 正常           
  mi_proj_layer0                0.028238     0.000088 ✅ 正常           
  dis_proj_layer0               0.029181     0.000094 ✅ 正常           
================================================================================

Epoch 200, Total Loss: 15.1704, Recover Loss: 1.1493, miRNA CL: 7.3130, Disease CL: 6.4428, Inter-view (est): 3.1744, Recon Loss: 0.0300, Time: 204.46s
[INFO] Hypergraph updated at epoch 250

🔧 Epoch 250 梯度检查:
================================================================================

  参数名称                              梯度范数         梯度均值 状态             
  ----------------------------------------------------------------------
  type_relations                0.195205     0.003609 ✅ 正常           
  exist_relation                0.016038     0.000599 ✅ 正常           
  mi_proj_layer0                0.023451     0.000074 ✅ 正常           
  dis_proj_layer0               0.024704     0.000078 ✅ 正常           
================================================================================

Epoch 250, Total Loss: 14.8747, Recover Loss: 1.1147, miRNA CL: 7.1461, Disease CL: 6.3552, Inter-view (est): 3.1157, Recon Loss: 0.0289, Time: 239.69s
[INFO] Hypergraph updated at epoch 300

🔧 Epoch 300 梯度检查:
================================================================================

  参数名称                              梯度范数         梯度均值 状态             
  ----------------------------------------------------------------------
  type_relations                0.204485     0.003801 ✅ 正常           
  exist_relation                0.015131     0.000519 ✅ 正常           
  mi_proj_layer0                0.023406     0.000071 ✅ 正常           
  dis_proj_layer0               0.023559     0.000074 ✅ 正常           
================================================================================

Epoch 300, Total Loss: 14.7332, Recover Loss: 1.0915, miRNA CL: 7.0714, Disease CL: 6.3160, Inter-view (est): 3.0894, Recon Loss: 0.0276, Time: 274.69s
[INFO] Hypergraph updated at epoch 350

🔧 Epoch 350 梯度检查:
================================================================================

  参数名称                              梯度范数         梯度均值 状态             
  ----------------------------------------------------------------------
  type_relations                0.163831     0.003211 ✅ 正常           
  exist_relation                0.011792     0.000442 ✅ 正常           
  mi_proj_layer0                0.023121     0.000072 ✅ 正常           
  dis_proj_layer0               0.022827     0.000072 ✅ 正常           
================================================================================

Epoch 350, Total Loss: 14.6185, Recover Loss: 1.0796, miRNA CL: 7.0083, Disease CL: 6.2793, Inter-view (est): 3.0664, Recon Loss: 0.0278, Time: 309.46s
[INFO] Hypergraph updated at epoch 400

🔧 Epoch 400 梯度检查:
================================================================================

  参数名称                              梯度范数         梯度均值 状态             
  ----------------------------------------------------------------------
  type_relations                0.148646     0.002864 ✅ 正常           
  exist_relation                0.015688     0.000547 ✅ 正常           
  mi_proj_layer0                0.021445     0.000064 ✅ 正常           
  dis_proj_layer0               0.021219     0.000067 ✅ 正常           
================================================================================

Epoch 400, Total Loss: 14.4999, Recover Loss: 1.0608, miRNA CL: 6.9450, Disease CL: 6.2457, Inter-view (est): 3.0440, Recon Loss: 0.0276, Time: 344.36s
[INFO] Hypergraph updated at epoch 450

🔧 Epoch 450 梯度检查:
================================================================================

  参数名称                              梯度范数         梯度均值 状态             
  ----------------------------------------------------------------------
  type_relations                0.149564     0.002953 ✅ 正常           
  exist_relation                0.011868     0.000464 ✅ 正常           
  mi_proj_layer0                0.024119     0.000071 ✅ 正常           
  dis_proj_layer0               0.025032     0.000077 ✅ 正常           
================================================================================

Epoch 450, Total Loss: 14.3861, Recover Loss: 1.0473, miRNA CL: 6.8762, Disease CL: 6.2168, Inter-view (est): 3.0215, Recon Loss: 0.0274, Time: 379.12s
[INFO] Hypergraph updated at epoch 500

🔧 Epoch 500 梯度检查:
================================================================================

  参数名称                              梯度范数         梯度均值 状态             
  ----------------------------------------------------------------------
  type_relations                0.132617     0.002612 ✅ 正常           
  exist_relation                0.010908     0.000425 ✅ 正常           
  mi_proj_layer0                0.023166     0.000068 ✅ 正常           
  dis_proj_layer0               0.022315     0.000068 ✅ 正常           
================================================================================

Epoch 500, Total Loss: 14.2840, Recover Loss: 1.0348, miRNA CL: 6.8087, Disease CL: 6.1973, Inter-view (est): 3.0014, Recon Loss: 0.0265, Time: 413.87s
[INFO] Hypergraph updated at epoch 550

🔧 Epoch 550 梯度检查:
================================================================================

  参数名称                              梯度范数         梯度均值 状态             
  ----------------------------------------------------------------------
  type_relations                0.152977     0.002939 ✅ 正常           
  exist_relation                0.016296     0.000609 ✅ 正常           
  mi_proj_layer0                0.025238     0.000072 ✅ 正常           
  dis_proj_layer0               0.027294     0.000079 ✅ 正常           
================================================================================

Epoch 550, Total Loss: 14.2695, Recover Loss: 1.0291, miRNA CL: 6.8131, Disease CL: 6.1852, Inter-view (est): 2.9996, Recon Loss: 0.0265, Time: 448.81s
[INFO] Hypergraph updated at epoch 600

🔧 Epoch 600 梯度检查:
================================================================================

  参数名称                              梯度范数         梯度均值 状态             
  ----------------------------------------------------------------------
  type_relations                0.140979     0.002778 ✅ 正常           
  exist_relation                0.013851     0.000552 ✅ 正常           
  mi_proj_layer0                0.021249     0.000064 ✅ 正常           
  dis_proj_layer0               0.023765     0.000072 ✅ 正常           
================================================================================

Epoch 600, Total Loss: 14.2043, Recover Loss: 1.0214, miRNA CL: 6.7619, Disease CL: 6.1795, Inter-view (est): 2.9865, Recon Loss: 0.0265, Time: 483.93s
[INFO] Hypergraph updated at epoch 650

🔧 Epoch 650 梯度检查:
================================================================================

  参数名称                              梯度范数         梯度均值 状态             
  ----------------------------------------------------------------------
  type_relations                0.131069     0.002560 ✅ 正常           
  exist_relation                0.013663     0.000446 ✅ 正常           
  mi_proj_layer0                0.025254     0.000069 ✅ 正常           
  dis_proj_layer0               0.025691     0.000075 ✅ 正常           
================================================================================

Epoch 650, Total Loss: 14.1718, Recover Loss: 1.0171, miRNA CL: 6.7404, Disease CL: 6.1724, Inter-view (est): 2.9799, Recon Loss: 0.0275, Time: 518.53s

================================================================================
Training completed. Running final test...
================================================================================
Fold 5 completed - AUC: 0.9684, Top-1 F1: 0.6293
Fold 5 training time: 519.32 seconds
Average binary metrics across folds: [[0.96358933 0.95502733 0.91177561 0.90776119 0.9519403  0.86358209
  0.87587338]]
🎯 Average Top-1 metrics across folds: {'top1_precision': 0.5552238805970149, 'top1_recall': np.float64(0.6380863062715539), 'top1_f1': np.float64(0.5936318010573981)}

📊 CV_type Style Metrics Details:
  AUC            : 0.9636
  AUPR           : 0.9550
  F1             : 0.9118
  Accuracy       : 0.9078
  Recall         : 0.9519
  Specificity    : 0.8636
  Precision      : 0.8759

🎯 Top-1 Metrics Details:
  top1_precision : 0.5552
  top1_recall    : 0.6381
  top1_f1        : 0.5936

Total execution time: 2602.93 seconds

==========================================================================================
🎯 FINAL COMPREHENSIVE RESULTS WITH TOP-1 METRICS
==========================================================================================
📊 Binary Classification Metrics (Original):
  AUC: 0.9636
  AUPR: 0.9550
  F1: 0.9118
  Accuracy: 0.9078
  Recall: 0.9519
  Specificity: 0.8636
  Precision: 0.8759

🎯 CV_type Style Metrics (Enhanced):
  AUC: 0.9636
  AUPR: 0.9550
  F1: 0.9118
  Accuracy: 0.9078
  Recall: 0.9519
  Specificity: 0.8636
  Precision: 0.8759

🏆 Top-1 Metrics (NEW):
  Top-1 Precision: 0.5552
  Top-1 Recall: 0.6381
  Top-1 F1: 0.5936
==========================================================================================

[5/6] plan_e seed=7
----------------------------------------------------------------
[CPU] torch.set_num_threads(14), interop=min(4, 14)
Using device: cpu
[INFO] Auto-computed BALANCED class weights (to prevent class collapse):
  Circulation  (367 samples): 0.780
  Epigenetics  (157 samples): 1.823
  Target       (293 samples): 0.977
  Genetics     (681 samples): 0.420
  [NOTE] Higher weights for minority classes to prevent model from only predicting majority class
[INFO] Using v2.0_495m383D dataset:
  miRNAs: 495
  Diseases: 383
  Expected associations: ~1498
  Types: 4 (Circulation, Epigenetics, Target, Genetics)

================================================================================
Configuration Summary
================================================================================
Dataset: v2.0_495m383D
Data Path: ./
Model: HeterogenousGraphCLAMIR
  - HGT Layers: 2
  - Attention Heads: 4
  - Association Types: 4
  - Inter-view CL: Enabled
    - Weight: 0.3
    - Temperature: 0.5
    - Margin: 0.5

Training:
  - Epochs: 650
  - Learning Rate: 0.0001
  - Dropout: 0.3
  - Weight Decay: 5e-05
  - Focal Loss: Enabled

Evaluation:
  - Cross-Validation Folds: 5
  - Primary Metric: AUPR

Device: cpu
Random Seed: 7
================================================================================

🚀 Running with comprehensive evaluation including Top-1 metrics...
🎯 Loading dual-view data...
Starting dual-view data preparation with new file format...
Loading all similarity and feature files from v2.0_495m383D...
✅ Loaded disease semantic similarity from D_SSM1.txt: (383, 383)
✅ Loaded miRNA functional similarity from M_FSM.txt: (495, 495)
✅ Loaded multi-type association pairs from ./v2.0_495m383D\multi_all_mirna_disease_pairs_without_negative.csv: (1679, 3)
✅ Created multi-type association matrix: (495, 383)
📊 Multi-type Association Statistics:
   无关联 (No association): 188087 pairs (99.21%)
   循环类型 (Circulation): 367 pairs (0.19%)
   表观遗传学 (Epigenetics): 157 pairs (0.08%)
   靶标类型 (Target): 293 pairs (0.15%)
   遗传学类型 (Genetics): 681 pairs (0.36%)
✅ Created association matrix from CSV: (495, 383)
✅ Loaded disease-gene features from D_SSM2.txt: torch.Size([383, 383])
✅ Loaded miRNA-sequence features from M_GSM.txt: torch.Size([495, 495])
Processing integrated similarity matrices...
Loaded similarity matrices from cache
Processing indices...
Loaded indices from cache
✅ Dual-view data preparation completed in 0.37 seconds

============================================================
🎯 DUAL-VIEW CONFIGURATION SUMMARY (v2.0_495m383D)
============================================================
miRNA Dual Views:
  📊 View 1 (Sequence): M_GSM.txt torch.Size([495, 495])
  📊 View 2 (Function): M_FSM.txt torch.Size([495, 495])

Disease Dual Views:
  📊 View 1 (Gene): D_SSM2.txt torch.Size([383, 383])
  📊 View 2 (Semantic): D_SSM1.txt torch.Size([383, 383])

Association Matrix: torch.Size([495, 383])
Data source: v2.0_495m383D (495 miRNAs × 383 Diseases)
============================================================
Preloading dual-view data to device...
✅ Loaded disease-gene features to device: torch.Size([383, 383])
✅ Loaded miRNA-sequence features to device: torch.Size([495, 495])
✅ Loaded disease semantic similarity to device: torch.Size([383, 383])
✅ Loaded miRNA functional similarity to device: torch.Size([495, 495])
✅ Dual-view data preloading completed in 0.00 seconds
OptimizedDataset initialized with 5 folds
Using device: cpu
=== Cross Validation Fold 1/5 ===
Using hidden dimensions: [256, 256] with 4 attention heads
[ABLATION] Running with mode = no_cl_rebuild
优化模型初始化: miRNA数量 = 495, 疾病数量 = 383
[ABLATION REBUILD] no_cl_rebuild — HGCN plain single-view, no contrastive
   节点维度: 256 → 128
   类型数量: 4
   Temperature: 2.0 (可学习)
   Loss mode: softmax_5class
   loss_mode=softmax_5class
   class_weights_5 (neg+4types): ['0.026', '0.970', '2.266', '1.215', '0.524']

✅ SimplifiedMultiTypeAssociationLoss 初始化 (改进版)
   类别权重 (beta=0.99999): ['0.780', '1.822', '0.977', '0.421']
Original positive index shape: torch.Size([1072, 2])
Original negative index shape: torch.Size([135416, 2])
采样后负样本数量: 10720
🎯 Building TRUE DUAL VIEWS from four different sources...
📊 Data sources loaded:
  Disease semantic: torch.Size([383, 383])
  miRNA functional: torch.Size([495, 495])
  Disease-gene: torch.Size([383, 383])
  miRNA-sequence: torch.Size([495, 495])
🧬 Building miRNA dual-view hypergraphs...
  📊 miRNA View 1 (Sequence): torch.Size([495, 878])
  📊 miRNA View 2 (Function): torch.Size([495, 878])
🦠 Building disease dual-view hypergraphs...
  📊 Disease View 1 (Gene): torch.Size([383, 878])
  📊 Disease View 2 (Semantic): torch.Size([383, 878])
✅ Successfully built TRUE DUAL VIEWS:
   🧬 miRNA: Sequence Features (m_ss.xlsx) vs Functional Similarity (mi_fun_sim_2.0.csv)
   🦠 Disease: Gene Features (d_gs.xlsx) vs Semantic Similarity (dis_sem_sim_2.0.csv)

🔧 Epoch 1 梯度检查:
================================================================================

  参数名称                              梯度范数         梯度均值 状态             
  ----------------------------------------------------------------------
  type_relations                0.646131     0.016408 ✅ 正常           
  exist_relation                0.000150     0.000010 ✅ 正常           
  mi_proj_layer0                1.341041     0.004155 ✅ 正常           
  dis_proj_layer0               1.358581     0.004109 ✅ 正常           
================================================================================

Epoch 1, Total Loss: 4.7614, Recover Loss: 2.9741, miRNA CL: 0.0000, Disease CL: 0.0000, Inter-view (est): 0.0000, Recon Loss: 1.4598, Time: 0.22s
[INFO] Hypergraph updated at epoch 5
[INFO] Hypergraph updated at epoch 10
[INFO] Hypergraph updated at epoch 15
[INFO] Hypergraph updated at epoch 20
[INFO] Hypergraph updated at epoch 25
[INFO] Hypergraph updated at epoch 30
[INFO] Hypergraph updated at epoch 35
[INFO] Hypergraph updated at epoch 40
[INFO] Hypergraph updated at epoch 45
[INFO] Hypergraph updated at epoch 50

🔧 Epoch 50 梯度检查:
================================================================================

  参数名称                              梯度范数         梯度均值 状态             
  ----------------------------------------------------------------------
  type_relations                0.279330     0.007902 ✅ 正常           
  exist_relation                0.000145     0.000010 ✅ 正常           
  mi_proj_layer0                0.072282     0.000263 ✅ 正常           
  dis_proj_layer0               0.080401     0.000279 ✅ 正常           
================================================================================

Epoch 50, Total Loss: 3.0657, Recover Loss: 2.6939, miRNA CL: 0.0000, Disease CL: 0.0000, Inter-view (est): 0.0000, Recon Loss: 0.0714, Time: 60.17s
[INFO] Hypergraph updated at epoch 100

🔧 Epoch 100 梯度检查:
================================================================================

  参数名称                              梯度范数         梯度均值 状态             
  ----------------------------------------------------------------------
  type_relations                0.312495     0.008419 ✅ 正常           
  exist_relation                0.000140     0.000009 ✅ 正常           
  mi_proj_layer0                0.068531     0.000247 ✅ 正常           
  dis_proj_layer0               0.074452     0.000265 ✅ 正常           
================================================================================

Epoch 100, Total Loss: 2.9259, Recover Loss: 2.6224, miRNA CL: 0.0000, Disease CL: 0.0000, Inter-view (est): 0.0000, Recon Loss: 0.0313, Time: 69.48s
[INFO] Hypergraph updated at epoch 150

🔧 Epoch 150 梯度检查:
================================================================================

  参数名称                              梯度范数         梯度均值 状态             
  ----------------------------------------------------------------------
  type_relations                0.307987     0.008675 ✅ 正常           
  exist_relation                0.000135     0.000009 ✅ 正常           
  mi_proj_layer0                0.069984     0.000249 ✅ 正常           
  dis_proj_layer0               0.078610     0.000279 ✅ 正常           
================================================================================

Epoch 150, Total Loss: 2.8204, Recover Loss: 2.5380, miRNA CL: 0.0000, Disease CL: 0.0000, Inter-view (est): 0.0000, Recon Loss: 0.0296, Time: 78.18s
[INFO] Hypergraph updated at epoch 200

🔧 Epoch 200 梯度检查:
================================================================================

  参数名称                              梯度范数         梯度均值 状态             
  ----------------------------------------------------------------------
  type_relations                0.301515     0.007890 ✅ 正常           
  exist_relation                0.000131     0.000008 ✅ 正常           
  mi_proj_layer0                0.062105     0.000226 ✅ 正常           
  dis_proj_layer0               0.070580     0.000251 ✅ 正常           
================================================================================

Epoch 200, Total Loss: 2.7139, Recover Loss: 2.4459, miRNA CL: 0.0000, Disease CL: 0.0000, Inter-view (est): 0.0000, Recon Loss: 0.0295, Time: 86.80s
[INFO] Hypergraph updated at epoch 250

🔧 Epoch 250 梯度检查:
================================================================================

  参数名称                              梯度范数         梯度均值 状态             
  ----------------------------------------------------------------------
  type_relations                0.231886     0.006313 ✅ 正常           
  exist_relation                0.000127     0.000008 ✅ 正常           
  mi_proj_layer0                0.062308     0.000226 ✅ 正常           
  dis_proj_layer0               0.070922     0.000249 ✅ 正常           
================================================================================

Epoch 250, Total Loss: 2.6374, Recover Loss: 2.3816, miRNA CL: 0.0000, Disease CL: 0.0000, Inter-view (est): 0.0000, Recon Loss: 0.0284, Time: 95.58s
[INFO] Hypergraph updated at epoch 300

🔧 Epoch 300 梯度检查:
================================================================================

  参数名称                              梯度范数         梯度均值 状态             
  ----------------------------------------------------------------------
  type_relations                0.278282     0.006878 ✅ 正常           
  exist_relation                0.000123     0.000008 ✅ 正常           
  mi_proj_layer0                0.070983     0.000249 ✅ 正常           
  dis_proj_layer0               0.077267     0.000270 ✅ 正常           
================================================================================

Epoch 300, Total Loss: 2.5646, Recover Loss: 2.3169, miRNA CL: 0.0000, Disease CL: 0.0000, Inter-view (est): 0.0000, Recon Loss: 0.0288, Time: 104.30s
[INFO] Hypergraph updated at epoch 350

🔧 Epoch 350 梯度检查:
================================================================================

  参数名称                              梯度范数         梯度均值 状态             
  ----------------------------------------------------------------------
  type_relations                0.249478     0.006676 ✅ 正常           
  exist_relation                0.000120     0.000007 ✅ 正常           
  mi_proj_layer0                0.065261     0.000237 ✅ 正常           
  dis_proj_layer0               0.073546     0.000267 ✅ 正常           
================================================================================

Epoch 350, Total Loss: 2.5196, Recover Loss: 2.2789, miRNA CL: 0.0000, Disease CL: 0.0000, Inter-view (est): 0.0000, Recon Loss: 0.0286, Time: 113.01s
[INFO] Hypergraph updated at epoch 400

🔧 Epoch 400 梯度检查:
================================================================================

  参数名称                              梯度范数         梯度均值 状态             
  ----------------------------------------------------------------------
  type_relations                0.188629     0.005081 ✅ 正常           
  exist_relation                0.000116     0.000007 ✅ 正常           
  mi_proj_layer0                0.067357     0.000240 ✅ 正常           
  dis_proj_layer0               0.072664     0.000261 ✅ 正常           
================================================================================

Epoch 400, Total Loss: 2.4672, Recover Loss: 2.2327, miRNA CL: 0.0000, Disease CL: 0.0000, Inter-view (est): 0.0000, Recon Loss: 0.0277, Time: 121.52s
[INFO] Hypergraph updated at epoch 450

🔧 Epoch 450 梯度检查:
================================================================================

  参数名称                              梯度范数         梯度均值 状态             
  ----------------------------------------------------------------------
  type_relations                0.146515     0.004270 ✅ 正常           
  exist_relation                0.000113     0.000007 ✅ 正常           
  mi_proj_layer0                0.066564     0.000238 ✅ 正常           
  dis_proj_layer0               0.077467     0.000274 ✅ 正常           
================================================================================

Epoch 450, Total Loss: 2.4348, Recover Loss: 2.2046, miRNA CL: 0.0000, Disease CL: 0.0000, Inter-view (est): 0.0000, Recon Loss: 0.0279, Time: 130.22s
[INFO] Hypergraph updated at epoch 500

🔧 Epoch 500 梯度检查:
================================================================================

  参数名称                              梯度范数         梯度均值 状态             
  ----------------------------------------------------------------------
  type_relations                0.181254     0.005058 ✅ 正常           
  exist_relation                0.000110     0.000006 ✅ 正常           
  mi_proj_layer0                0.066667     0.000241 ✅ 正常           
  dis_proj_layer0               0.077865     0.000275 ✅ 正常           
================================================================================

Epoch 500, Total Loss: 2.4104, Recover Loss: 2.1842, miRNA CL: 0.0000, Disease CL: 0.0000, Inter-view (est): 0.0000, Recon Loss: 0.0276, Time: 138.70s
[INFO] Hypergraph updated at epoch 550

🔧 Epoch 550 梯度检查:
================================================================================

  参数名称                              梯度范数         梯度均值 状态             
  ----------------------------------------------------------------------
  type_relations                0.174910     0.004567 ✅ 正常           
  exist_relation                0.000107     0.000006 ✅ 正常           
  mi_proj_layer0                0.066130     0.000239 ✅ 正常           
  dis_proj_layer0               0.074557     0.000268 ✅ 正常           
================================================================================

Epoch 550, Total Loss: 2.3793, Recover Loss: 2.1560, miRNA CL: 0.0000, Disease CL: 0.0000, Inter-view (est): 0.0000, Recon Loss: 0.0278, Time: 147.48s
[INFO] Hypergraph updated at epoch 600

🔧 Epoch 600 梯度检查:
================================================================================

  参数名称                              梯度范数         梯度均值 状态             
  ----------------------------------------------------------------------
  type_relations                0.182716     0.004725 ✅ 正常           
  exist_relation                0.000104     0.000006 ✅ 正常           
  mi_proj_layer0                0.079338     0.000279 ✅ 正常           
  dis_proj_layer0               0.090426     0.000311 ✅ 正常           
================================================================================

Epoch 600, Total Loss: 2.3555, Recover Loss: 2.1354, miRNA CL: 0.0000, Disease CL: 0.0000, Inter-view (est): 0.0000, Recon Loss: 0.0272, Time: 156.38s
[INFO] Hypergraph updated at epoch 650

🔧 Epoch 650 梯度检查:
================================================================================

  参数名称                              梯度范数         梯度均值 状态             
  ----------------------------------------------------------------------
  type_relations                0.116526     0.003268 ✅ 正常           
  exist_relation                0.000101     0.000006 ✅ 正常           
  mi_proj_layer0                0.063149     0.000227 ✅ 正常           
  dis_proj_layer0               0.066657     0.000239 ✅ 正常           
================================================================================

Epoch 650, Total Loss: 2.3279, Recover Loss: 2.1113, miRNA CL: 0.0000, Disease CL: 0.0000, Inter-view (est): 0.0000, Recon Loss: 0.0260, Time: 165.31s

================================================================================
Training completed. Running final test...
================================================================================
Fold 1 completed - AUC: 0.9803, Top-1 F1: 0.6824
Fold 1 training time: 166.40 seconds
=== Cross Validation Fold 2/5 ===
Using hidden dimensions: [256, 256] with 4 attention heads
[ABLATION] Running with mode = no_cl_rebuild
优化模型初始化: miRNA数量 = 495, 疾病数量 = 383
[ABLATION REBUILD] no_cl_rebuild — HGCN plain single-view, no contrastive
   节点维度: 256 → 128
   类型数量: 4
   Temperature: 2.0 (可学习)
   Loss mode: softmax_5class
   loss_mode=softmax_5class
   class_weights_5 (neg+4types): ['0.026', '0.970', '2.266', '1.215', '0.524']

✅ SimplifiedMultiTypeAssociationLoss 初始化 (改进版)
   类别权重 (beta=0.99999): ['0.780', '1.822', '0.977', '0.421']
Original positive index shape: torch.Size([1072, 2])
Original negative index shape: torch.Size([135416, 2])
采样后负样本数量: 10720
🎯 Building TRUE DUAL VIEWS from four different sources...
📊 Data sources loaded:
  Disease semantic: torch.Size([383, 383])
  miRNA functional: torch.Size([495, 495])
  Disease-gene: torch.Size([383, 383])
  miRNA-sequence: torch.Size([495, 495])
🧬 Building miRNA dual-view hypergraphs...
  📊 miRNA View 1 (Sequence): torch.Size([495, 878])
  📊 miRNA View 2 (Function): torch.Size([495, 878])
🦠 Building disease dual-view hypergraphs...
  📊 Disease View 1 (Gene): torch.Size([383, 878])
  📊 Disease View 2 (Semantic): torch.Size([383, 878])
✅ Successfully built TRUE DUAL VIEWS:
   🧬 miRNA: Sequence Features (m_ss.xlsx) vs Functional Similarity (mi_fun_sim_2.0.csv)
   🦠 Disease: Gene Features (d_gs.xlsx) vs Semantic Similarity (dis_sem_sim_2.0.csv)

🔧 Epoch 1 梯度检查:
================================================================================

  参数名称                              梯度范数         梯度均值 状态             
  ----------------------------------------------------------------------
  type_relations                0.823656     0.019140 ✅ 正常           
  exist_relation                0.000149     0.000011 ✅ 正常           
  mi_proj_layer0                3.342863     0.009994 ✅ 正常           
  dis_proj_layer0               3.562381     0.010934 ✅ 正常           
================================================================================

Epoch 1, Total Loss: 4.9271, Recover Loss: 3.1736, miRNA CL: 0.0000, Disease CL: 0.0000, Inter-view (est): 0.0000, Recon Loss: 1.4261, Time: 0.19s
[INFO] Hypergraph updated at epoch 5
[INFO] Hypergraph updated at epoch 10
[INFO] Hypergraph updated at epoch 15
[INFO] Hypergraph updated at epoch 20
[INFO] Hypergraph updated at epoch 25
[INFO] Hypergraph updated at epoch 30
[INFO] Hypergraph updated at epoch 35
[INFO] Hypergraph updated at epoch 40
[INFO] Hypergraph updated at epoch 45
[INFO] Hypergraph updated at epoch 50

🔧 Epoch 50 梯度检查:
================================================================================

  参数名称                              梯度范数         梯度均值 状态             
  ----------------------------------------------------------------------
  type_relations                0.287744     0.008117 ✅ 正常           
  exist_relation                0.000144     0.000010 ✅ 正常           
  mi_proj_layer0                0.082424     0.000283 ✅ 正常           
  dis_proj_layer0               0.091434     0.000317 ✅ 正常           
================================================================================

Epoch 50, Total Loss: 3.1525, Recover Loss: 2.7039, miRNA CL: 0.0000, Disease CL: 0.0000, Inter-view (est): 0.0000, Recon Loss: 0.1484, Time: 56.95s
[INFO] Hypergraph updated at epoch 100

🔧 Epoch 100 梯度检查:
================================================================================

  参数名称                              梯度范数         梯度均值 状态             
  ----------------------------------------------------------------------
  type_relations                0.326226     0.009025 ✅ 正常           
  exist_relation                0.000138     0.000010 ✅ 正常           
  mi_proj_layer0                0.072553     0.000266 ✅ 正常           
  dis_proj_layer0               0.080041     0.000287 ✅ 正常           
================================================================================

Epoch 100, Total Loss: 2.9390, Recover Loss: 2.6349, miRNA CL: 0.0000, Disease CL: 0.0000, Inter-view (est): 0.0000, Recon Loss: 0.0311, Time: 67.43s
[INFO] Hypergraph updated at epoch 150

🔧 Epoch 150 梯度检查:
================================================================================

  参数名称                              梯度范数         梯度均值 状态             
  ----------------------------------------------------------------------
  type_relations                0.335571     0.008592 ✅ 正常           
  exist_relation                0.000133     0.000009 ✅ 正常           
  mi_proj_layer0                0.068832     0.000243 ✅ 正常           
  dis_proj_layer0               0.073718     0.000263 ✅ 正常           
================================================================================

Epoch 150, Total Loss: 2.8259, Recover Loss: 2.5427, miRNA CL: 0.0000, Disease CL: 0.0000, Inter-view (est): 0.0000, Recon Loss: 0.0291, Time: 76.26s
[INFO] Hypergraph updated at epoch 200

🔧 Epoch 200 梯度检查:
================================================================================

  参数名称                              梯度范数         梯度均值 状态             
  ----------------------------------------------------------------------
  type_relations                0.344415     0.008154 ✅ 正常           
  exist_relation                0.000129     0.000009 ✅ 正常           
  mi_proj_layer0                0.065198     0.000232 ✅ 正常           
  dis_proj_layer0               0.075479     0.000269 ✅ 正常           
================================================================================

Epoch 200, Total Loss: 2.7391, Recover Loss: 2.4714, miRNA CL: 0.0000, Disease CL: 0.0000, Inter-view (est): 0.0000, Recon Loss: 0.0277, Time: 84.89s
[INFO] Hypergraph updated at epoch 250

🔧 Epoch 250 梯度检查:
================================================================================

  参数名称                              梯度范数         梯度均值 状态             
  ----------------------------------------------------------------------
  type_relations                0.261601     0.006662 ✅ 正常           
  exist_relation                0.000124     0.000008 ✅ 正常           
  mi_proj_layer0                0.069858     0.000242 ✅ 正常           
  dis_proj_layer0               0.078913     0.000273 ✅ 正常           
================================================================================

Epoch 250, Total Loss: 2.6666, Recover Loss: 2.4096, miRNA CL: 0.0000, Disease CL: 0.0000, Inter-view (est): 0.0000, Recon Loss: 0.0277, Time: 93.51s
[INFO] Hypergraph updated at epoch 300

🔧 Epoch 300 梯度检查:
================================================================================

  参数名称                              梯度范数         梯度均值 状态             
  ----------------------------------------------------------------------
  type_relations                0.273587     0.006653 ✅ 正常           
  exist_relation                0.000120     0.000008 ✅ 正常           
  mi_proj_layer0                0.064970     0.000228 ✅ 正常           
  dis_proj_layer0               0.070433     0.000252 ✅ 正常           
================================================================================

Epoch 300, Total Loss: 2.5922, Recover Loss: 2.3440, miRNA CL: 0.0000, Disease CL: 0.0000, Inter-view (est): 0.0000, Recon Loss: 0.0274, Time: 102.15s
[INFO] Hypergraph updated at epoch 350

🔧 Epoch 350 梯度检查:
================================================================================

  参数名称                              梯度范数         梯度均值 状态             
  ----------------------------------------------------------------------
  type_relations                0.260447     0.006101 ✅ 正常           
  exist_relation                0.000117     0.000007 ✅ 正常           
  mi_proj_layer0                0.076419     0.000258 ✅ 正常           
  dis_proj_layer0               0.086161     0.000293 ✅ 正常           
================================================================================

Epoch 350, Total Loss: 2.5491, Recover Loss: 2.3075, miRNA CL: 0.0000, Disease CL: 0.0000, Inter-view (est): 0.0000, Recon Loss: 0.0275, Time: 110.69s
[INFO] Hypergraph updated at epoch 400

🔧 Epoch 400 梯度检查:
================================================================================

  参数名称                              梯度范数         梯度均值 状态             
  ----------------------------------------------------------------------
  type_relations                0.231454     0.005926 ✅ 正常           
  exist_relation                0.000113     0.000007 ✅ 正常           
  mi_proj_layer0                0.060484     0.000217 ✅ 正常           
  dis_proj_layer0               0.067719     0.000242 ✅ 正常           
================================================================================

Epoch 400, Total Loss: 2.4961, Recover Loss: 2.2607, miRNA CL: 0.0000, Disease CL: 0.0000, Inter-view (est): 0.0000, Recon Loss: 0.0267, Time: 119.22s
[INFO] Hypergraph updated at epoch 450

🔧 Epoch 450 梯度检查:
================================================================================

  参数名称                              梯度范数         梯度均值 状态             
  ----------------------------------------------------------------------
  type_relations                0.153197     0.004102 ✅ 正常           
  exist_relation                0.000109     0.000007 ✅ 正常           
  mi_proj_layer0                0.061845     0.000219 ✅ 正常           
  dis_proj_layer0               0.071096     0.000251 ✅ 正常           
================================================================================

Epoch 450, Total Loss: 2.4691, Recover Loss: 2.2388, miRNA CL: 0.0000, Disease CL: 0.0000, Inter-view (est): 0.0000, Recon Loss: 0.0262, Time: 127.65s
[INFO] Hypergraph updated at epoch 500

🔧 Epoch 500 梯度检查:
================================================================================

  参数名称                              梯度范数         梯度均值 状态             
  ----------------------------------------------------------------------
  type_relations                0.201622     0.005511 ✅ 正常           
  exist_relation                0.000106     0.000007 ✅ 正常           
  mi_proj_layer0                0.075549     0.000259 ✅ 正常           
  dis_proj_layer0               0.082377     0.000282 ✅ 正常           
================================================================================

Epoch 500, Total Loss: 2.4394, Recover Loss: 2.2129, miRNA CL: 0.0000, Disease CL: 0.0000, Inter-view (est): 0.0000, Recon Loss: 0.0262, Time: 136.05s
[INFO] Hypergraph updated at epoch 550

🔧 Epoch 550 梯度检查:
================================================================================

  参数名称                              梯度范数         梯度均值 状态             
  ----------------------------------------------------------------------
  type_relations                0.149381     0.003871 ✅ 正常           
  exist_relation                0.000103     0.000006 ✅ 正常           
  mi_proj_layer0                0.064402     0.000224 ✅ 正常           
  dis_proj_layer0               0.071753     0.000254 ✅ 正常           
================================================================================

Epoch 550, Total Loss: 2.4079, Recover Loss: 2.1842, miRNA CL: 0.0000, Disease CL: 0.0000, Inter-view (est): 0.0000, Recon Loss: 0.0266, Time: 144.67s
[INFO] Hypergraph updated at epoch 600

🔧 Epoch 600 梯度检查:
================================================================================

  参数名称                              梯度范数         梯度均值 状态             
  ----------------------------------------------------------------------
  type_relations                0.147786     0.004099 ✅ 正常           
  exist_relation                0.000099     0.000006 ✅ 正常           
  mi_proj_layer0                0.070151     0.000247 ✅ 正常           
  dis_proj_layer0               0.076333     0.000267 ✅ 正常           
================================================================================

Epoch 600, Total Loss: 2.4022, Recover Loss: 2.1811, miRNA CL: 0.0000, Disease CL: 0.0000, Inter-view (est): 0.0000, Recon Loss: 0.0266, Time: 153.45s
[INFO] Hypergraph updated at epoch 650

🔧 Epoch 650 梯度检查:
================================================================================

  参数名称                              梯度范数         梯度均值 状态             
  ----------------------------------------------------------------------
  type_relations                0.138406     0.004070 ✅ 正常           
  exist_relation                0.000096     0.000006 ✅ 正常           
  mi_proj_layer0                0.062548     0.000227 ✅ 正常           
  dis_proj_layer0               0.067181     0.000244 ✅ 正常           
================================================================================

Epoch 650, Total Loss: 2.3681, Recover Loss: 2.1502, miRNA CL: 0.0000, Disease CL: 0.0000, Inter-view (est): 0.0000, Recon Loss: 0.0258, Time: 162.42s

================================================================================
Training completed. Running final test...
================================================================================
Fold 2 completed - AUC: 0.9766, Top-1 F1: 0.6793
Fold 2 training time: 163.21 seconds
=== Cross Validation Fold 3/5 ===
Using hidden dimensions: [256, 256] with 4 attention heads
[ABLATION] Running with mode = no_cl_rebuild
优化模型初始化: miRNA数量 = 495, 疾病数量 = 383
[ABLATION REBUILD] no_cl_rebuild — HGCN plain single-view, no contrastive
   节点维度: 256 → 128
   类型数量: 4
   Temperature: 2.0 (可学习)
   Loss mode: softmax_5class
   loss_mode=softmax_5class
   class_weights_5 (neg+4types): ['0.026', '0.970', '2.266', '1.215', '0.524']

✅ SimplifiedMultiTypeAssociationLoss 初始化 (改进版)
   类别权重 (beta=0.99999): ['0.780', '1.822', '0.977', '0.421']
Original positive index shape: torch.Size([1072, 2])
Original negative index shape: torch.Size([135416, 2])
采样后负样本数量: 10720
🎯 Building TRUE DUAL VIEWS from four different sources...
📊 Data sources loaded:
  Disease semantic: torch.Size([383, 383])
  miRNA functional: torch.Size([495, 495])
  Disease-gene: torch.Size([383, 383])
  miRNA-sequence: torch.Size([495, 495])
🧬 Building miRNA dual-view hypergraphs...
  📊 miRNA View 1 (Sequence): torch.Size([495, 878])
  📊 miRNA View 2 (Function): torch.Size([495, 878])
🦠 Building disease dual-view hypergraphs...
  📊 Disease View 1 (Gene): torch.Size([383, 878])
  📊 Disease View 2 (Semantic): torch.Size([383, 878])
✅ Successfully built TRUE DUAL VIEWS:
   🧬 miRNA: Sequence Features (m_ss.xlsx) vs Functional Similarity (mi_fun_sim_2.0.csv)
   🦠 Disease: Gene Features (d_gs.xlsx) vs Semantic Similarity (dis_sem_sim_2.0.csv)

🔧 Epoch 1 梯度检查:
================================================================================

  参数名称                              梯度范数         梯度均值 状态             
  ----------------------------------------------------------------------
  type_relations                0.701662     0.017307 ✅ 正常           
  exist_relation                0.000135     0.000009 ✅ 正常           
  mi_proj_layer0                2.614052     0.006891 ✅ 正常           
  dis_proj_layer0               2.250140     0.006896 ✅ 正常           
================================================================================

Epoch 1, Total Loss: 4.8694, Recover Loss: 3.0973, miRNA CL: 0.0000, Disease CL: 0.0000, Inter-view (est): 0.0000, Recon Loss: 1.4448, Time: 0.18s
[INFO] Hypergraph updated at epoch 5
[INFO] Hypergraph updated at epoch 10
[INFO] Hypergraph updated at epoch 15
[INFO] Hypergraph updated at epoch 20
[INFO] Hypergraph updated at epoch 25
[INFO] Hypergraph updated at epoch 30
[INFO] Hypergraph updated at epoch 35
[INFO] Hypergraph updated at epoch 40
[INFO] Hypergraph updated at epoch 45
[INFO] Hypergraph updated at epoch 50

🔧 Epoch 50 梯度检查:
================================================================================

  参数名称                              梯度范数         梯度均值 状态             
  ----------------------------------------------------------------------
  type_relations                0.267639     0.008161 ✅ 正常           
  exist_relation                0.000130     0.000009 ✅ 正常           
  mi_proj_layer0                0.081409     0.000284 ✅ 正常           
  dis_proj_layer0               0.091449     0.000322 ✅ 正常           
================================================================================

Epoch 50, Total Loss: 3.1010, Recover Loss: 2.7139, miRNA CL: 0.0000, Disease CL: 0.0000, Inter-view (est): 0.0000, Recon Loss: 0.0865, Time: 57.91s
[INFO] Hypergraph updated at epoch 100

🔧 Epoch 100 梯度检查:
================================================================================

  参数名称                              梯度范数         梯度均值 状态             
  ----------------------------------------------------------------------
  type_relations                0.355086     0.009271 ✅ 正常           
  exist_relation                0.000125     0.000008 ✅ 正常           
  mi_proj_layer0                0.068505     0.000247 ✅ 正常           
  dis_proj_layer0               0.082211     0.000298 ✅ 正常           
================================================================================

Epoch 100, Total Loss: 2.9274, Recover Loss: 2.6252, miRNA CL: 0.0000, Disease CL: 0.0000, Inter-view (est): 0.0000, Recon Loss: 0.0301, Time: 67.21s
[INFO] Hypergraph updated at epoch 150

🔧 Epoch 150 梯度检查:
================================================================================

  参数名称                              梯度范数         梯度均值 状态             
  ----------------------------------------------------------------------
  type_relations                0.303220     0.008132 ✅ 正常           
  exist_relation                0.000120     0.000008 ✅ 正常           
  mi_proj_layer0                0.070928     0.000259 ✅ 正常           
  dis_proj_layer0               0.075076     0.000275 ✅ 正常           
================================================================================

Epoch 150, Total Loss: 2.8286, Recover Loss: 2.5478, miRNA CL: 0.0000, Disease CL: 0.0000, Inter-view (est): 0.0000, Recon Loss: 0.0282, Time: 75.71s
[INFO] Hypergraph updated at epoch 200

🔧 Epoch 200 梯度检查:
================================================================================

  参数名称                              梯度范数         梯度均值 状态             
  ----------------------------------------------------------------------
  type_relations                0.313626     0.007870 ✅ 正常           
  exist_relation                0.000116     0.000007 ✅ 正常           
  mi_proj_layer0                0.067801     0.000242 ✅ 正常           
  dis_proj_layer0               0.081538     0.000291 ✅ 正常           
================================================================================

Epoch 200, Total Loss: 2.7458, Recover Loss: 2.4796, miRNA CL: 0.0000, Disease CL: 0.0000, Inter-view (est): 0.0000, Recon Loss: 0.0279, Time: 83.94s
[INFO] Hypergraph updated at epoch 250

🔧 Epoch 250 梯度检查:
================================================================================

  参数名称                              梯度范数         梯度均值 状态             
  ----------------------------------------------------------------------
  type_relations                0.308159     0.007216 ✅ 正常           
  exist_relation                0.000112     0.000007 ✅ 正常           
  mi_proj_layer0                0.070708     0.000251 ✅ 正常           
  dis_proj_layer0               0.084809     0.000295 ✅ 正常           
================================================================================

Epoch 250, Total Loss: 2.6562, Recover Loss: 2.4011, miRNA CL: 0.0000, Disease CL: 0.0000, Inter-view (est): 0.0000, Recon Loss: 0.0276, Time: 92.35s
[INFO] Hypergraph updated at epoch 300

🔧 Epoch 300 梯度检查:
================================================================================

  参数名称                              梯度范数         梯度均值 状态             
  ----------------------------------------------------------------------
  type_relations                0.270325     0.006913 ✅ 正常           
  exist_relation                0.000109     0.000007 ✅ 正常           
  mi_proj_layer0                0.072500     0.000250 ✅ 正常           
  dis_proj_layer0               0.084015     0.000294 ✅ 正常           
================================================================================

Epoch 300, Total Loss: 2.5788, Recover Loss: 2.3324, miRNA CL: 0.0000, Disease CL: 0.0000, Inter-view (est): 0.0000, Recon Loss: 0.0273, Time: 100.90s
[INFO] Hypergraph updated at epoch 350

🔧 Epoch 350 梯度检查:
================================================================================

  参数名称                              梯度范数         梯度均值 状态             
  ----------------------------------------------------------------------
  type_relations                0.220505     0.005349 ✅ 正常           
  exist_relation                0.000105     0.000006 ✅ 正常           
  mi_proj_layer0                0.062028     0.000224 ✅ 正常           
  dis_proj_layer0               0.064486     0.000236 ✅ 正常           
================================================================================

Epoch 350, Total Loss: 2.5292, Recover Loss: 2.2893, miRNA CL: 0.0000, Disease CL: 0.0000, Inter-view (est): 0.0000, Recon Loss: 0.0274, Time: 109.26s
[INFO] Hypergraph updated at epoch 400

🔧 Epoch 400 梯度检查:
================================================================================

  参数名称                              梯度范数         梯度均值 状态             
  ----------------------------------------------------------------------
  type_relations                0.192483     0.004750 ✅ 正常           
  exist_relation                0.000102     0.000006 ✅ 正常           
  mi_proj_layer0                0.060901     0.000221 ✅ 正常           
  dis_proj_layer0               0.064297     0.000233 ✅ 正常           
================================================================================

Epoch 400, Total Loss: 2.4767, Recover Loss: 2.2432, miRNA CL: 0.0000, Disease CL: 0.0000, Inter-view (est): 0.0000, Recon Loss: 0.0263, Time: 117.58s
[INFO] Hypergraph updated at epoch 450

🔧 Epoch 450 梯度检查:
================================================================================

  参数名称                              梯度范数         梯度均值 状态             
  ----------------------------------------------------------------------
  type_relations                0.206997     0.005521 ✅ 正常           
  exist_relation                0.000098     0.000006 ✅ 正常           
  mi_proj_layer0                0.069608     0.000246 ✅ 正常           
  dis_proj_layer0               0.086468     0.000297 ✅ 正常           
================================================================================

Epoch 450, Total Loss: 2.4642, Recover Loss: 2.2351, miRNA CL: 0.0000, Disease CL: 0.0000, Inter-view (est): 0.0000, Recon Loss: 0.0263, Time: 126.11s
[INFO] Hypergraph updated at epoch 500

🔧 Epoch 500 梯度检查:
================================================================================

  参数名称                              梯度范数         梯度均值 状态             
  ----------------------------------------------------------------------
  type_relations                0.147509     0.004075 ✅ 正常           
  exist_relation                0.000095     0.000005 ✅ 正常           
  mi_proj_layer0                0.055948     0.000205 ✅ 正常           
  dis_proj_layer0               0.062532     0.000230 ✅ 正常           
================================================================================

Epoch 500, Total Loss: 2.4202, Recover Loss: 2.1953, miRNA CL: 0.0000, Disease CL: 0.0000, Inter-view (est): 0.0000, Recon Loss: 0.0259, Time: 134.76s
[INFO] Hypergraph updated at epoch 550

🔧 Epoch 550 梯度检查:
================================================================================

  参数名称                              梯度范数         梯度均值 状态             
  ----------------------------------------------------------------------
  type_relations                0.168322     0.004441 ✅ 正常           
  exist_relation                0.000092     0.000005 ✅ 正常           
  mi_proj_layer0                0.067578     0.000240 ✅ 正常           
  dis_proj_layer0               0.080514     0.000282 ✅ 正常           
================================================================================

Epoch 550, Total Loss: 2.4169, Recover Loss: 2.1950, miRNA CL: 0.0000, Disease CL: 0.0000, Inter-view (est): 0.0000, Recon Loss: 0.0260, Time: 143.45s
[INFO] Hypergraph updated at epoch 600

🔧 Epoch 600 梯度检查:
================================================================================

  参数名称                              梯度范数         梯度均值 状态             
  ----------------------------------------------------------------------
  type_relations                0.199786     0.005338 ✅ 正常           
  exist_relation                0.000090     0.000005 ✅ 正常           
  mi_proj_layer0                0.081541     0.000283 ✅ 正常           
  dis_proj_layer0               0.090905     0.000323 ✅ 正常           
================================================================================

Epoch 600, Total Loss: 2.3921, Recover Loss: 2.1725, miRNA CL: 0.0000, Disease CL: 0.0000, Inter-view (est): 0.0000, Recon Loss: 0.0263, Time: 152.26s
[INFO] Hypergraph updated at epoch 650

🔧 Epoch 650 梯度检查:
================================================================================

  参数名称                              梯度范数         梯度均值 状态             
  ----------------------------------------------------------------------
  type_relations                0.123537     0.003549 ✅ 正常           
  exist_relation                0.000087     0.000005 ✅ 正常           
  mi_proj_layer0                0.067177     0.000242 ✅ 正常           
  dis_proj_layer0               0.070818     0.000254 ✅ 正常           
================================================================================

Epoch 650, Total Loss: 2.3570, Recover Loss: 2.1401, miRNA CL: 0.0000, Disease CL: 0.0000, Inter-view (est): 0.0000, Recon Loss: 0.0258, Time: 161.21s

================================================================================
Training completed. Running final test...
================================================================================
Fold 3 completed - AUC: 0.9767, Top-1 F1: 0.6820
Fold 3 training time: 162.01 seconds
=== Cross Validation Fold 4/5 ===
Using hidden dimensions: [256, 256] with 4 attention heads
[ABLATION] Running with mode = no_cl_rebuild
优化模型初始化: miRNA数量 = 495, 疾病数量 = 383
[ABLATION REBUILD] no_cl_rebuild — HGCN plain single-view, no contrastive
   节点维度: 256 → 128
   类型数量: 4
   Temperature: 2.0 (可学习)
   Loss mode: softmax_5class
   loss_mode=softmax_5class
   class_weights_5 (neg+4types): ['0.026', '0.970', '2.266', '1.215', '0.524']

✅ SimplifiedMultiTypeAssociationLoss 初始化 (改进版)
   类别权重 (beta=0.99999): ['0.780', '1.822', '0.977', '0.421']
Original positive index shape: torch.Size([1072, 2])
Original negative index shape: torch.Size([135416, 2])
采样后负样本数量: 10720
🎯 Building TRUE DUAL VIEWS from four different sources...
📊 Data sources loaded:
  Disease semantic: torch.Size([383, 383])
  miRNA functional: torch.Size([495, 495])
  Disease-gene: torch.Size([383, 383])
  miRNA-sequence: torch.Size([495, 495])
🧬 Building miRNA dual-view hypergraphs...
  📊 miRNA View 1 (Sequence): torch.Size([495, 878])
  📊 miRNA View 2 (Function): torch.Size([495, 878])
🦠 Building disease dual-view hypergraphs...
  📊 Disease View 1 (Gene): torch.Size([383, 878])
  📊 Disease View 2 (Semantic): torch.Size([383, 878])
✅ Successfully built TRUE DUAL VIEWS:
   🧬 miRNA: Sequence Features (m_ss.xlsx) vs Functional Similarity (mi_fun_sim_2.0.csv)
   🦠 Disease: Gene Features (d_gs.xlsx) vs Semantic Similarity (dis_sem_sim_2.0.csv)

🔧 Epoch 1 梯度检查:
================================================================================

  参数名称                              梯度范数         梯度均值 状态             
  ----------------------------------------------------------------------
  type_relations                0.671818     0.016312 ✅ 正常           
  exist_relation                0.000133     0.000009 ✅ 正常           
  mi_proj_layer0                1.418491     0.004415 ✅ 正常           
  dis_proj_layer0               1.498443     0.004807 ✅ 正常           
================================================================================

Epoch 1, Total Loss: 4.7769, Recover Loss: 2.9975, miRNA CL: 0.0000, Disease CL: 0.0000, Inter-view (est): 0.0000, Recon Loss: 1.4521, Time: 0.17s
[INFO] Hypergraph updated at epoch 5
[INFO] Hypergraph updated at epoch 10
[INFO] Hypergraph updated at epoch 15
[INFO] Hypergraph updated at epoch 20
[INFO] Hypergraph updated at epoch 25
[INFO] Hypergraph updated at epoch 30
[INFO] Hypergraph updated at epoch 35
[INFO] Hypergraph updated at epoch 40
[INFO] Hypergraph updated at epoch 45
[INFO] Hypergraph updated at epoch 50

🔧 Epoch 50 梯度检查:
================================================================================

  参数名称                              梯度范数         梯度均值 状态             
  ----------------------------------------------------------------------
  type_relations                0.287737     0.008155 ✅ 正常           
  exist_relation                0.000129     0.000009 ✅ 正常           
  mi_proj_layer0                0.071700     0.000264 ✅ 正常           
  dis_proj_layer0               0.085875     0.000299 ✅ 正常           
================================================================================

Epoch 50, Total Loss: 3.0949, Recover Loss: 2.7119, miRNA CL: 0.0000, Disease CL: 0.0000, Inter-view (est): 0.0000, Recon Loss: 0.0826, Time: 61.49s
[INFO] Hypergraph updated at epoch 100

🔧 Epoch 100 梯度检查:
================================================================================

  参数名称                              梯度范数         梯度均值 状态             
  ----------------------------------------------------------------------
  type_relations                0.325019     0.008405 ✅ 正常           
  exist_relation                0.000123     0.000008 ✅ 正常           
  mi_proj_layer0                0.071744     0.000260 ✅ 正常           
  dis_proj_layer0               0.086966     0.000298 ✅ 正常           
================================================================================

Epoch 100, Total Loss: 2.9497, Recover Loss: 2.6466, miRNA CL: 0.0000, Disease CL: 0.0000, Inter-view (est): 0.0000, Recon Loss: 0.0308, Time: 70.86s
[INFO] Hypergraph updated at epoch 150

🔧 Epoch 150 梯度检查:
================================================================================

  参数名称                              梯度范数         梯度均值 状态             
  ----------------------------------------------------------------------
  type_relations                0.341734     0.008353 ✅ 正常           
  exist_relation                0.000118     0.000008 ✅ 正常           
  mi_proj_layer0                0.058518     0.000214 ✅ 正常           
  dis_proj_layer0               0.079964     0.000277 ✅ 正常           
================================================================================

Epoch 150, Total Loss: 2.8371, Recover Loss: 2.5545, miRNA CL: 0.0000, Disease CL: 0.0000, Inter-view (est): 0.0000, Recon Loss: 0.0296, Time: 79.35s
[INFO] Hypergraph updated at epoch 200

🔧 Epoch 200 梯度检查:
================================================================================

  参数名称                              梯度范数         梯度均值 状态             
  ----------------------------------------------------------------------
  type_relations                0.324782     0.008003 ✅ 正常           
  exist_relation                0.000114     0.000007 ✅ 正常           
  mi_proj_layer0                0.064047     0.000225 ✅ 正常           
  dis_proj_layer0               0.080855     0.000275 ✅ 正常           
================================================================================

Epoch 200, Total Loss: 2.7455, Recover Loss: 2.4781, miRNA CL: 0.0000, Disease CL: 0.0000, Inter-view (est): 0.0000, Recon Loss: 0.0285, Time: 87.86s
[INFO] Hypergraph updated at epoch 250

🔧 Epoch 250 梯度检查:
================================================================================

  参数名称                              梯度范数         梯度均值 状态             
  ----------------------------------------------------------------------
  type_relations                0.287715     0.007190 ✅ 正常           
  exist_relation                0.000110     0.000007 ✅ 正常           
  mi_proj_layer0                0.062320     0.000223 ✅ 正常           
  dis_proj_layer0               0.073950     0.000263 ✅ 正常           
================================================================================

Epoch 250, Total Loss: 2.6616, Recover Loss: 2.4052, miRNA CL: 0.0000, Disease CL: 0.0000, Inter-view (est): 0.0000, Recon Loss: 0.0284, Time: 96.30s
[INFO] Hypergraph updated at epoch 300

🔧 Epoch 300 梯度检查:
================================================================================

  参数名称                              梯度范数         梯度均值 状态             
  ----------------------------------------------------------------------
  type_relations                0.274888     0.006697 ✅ 正常           
  exist_relation                0.000106     0.000007 ✅ 正常           
  mi_proj_layer0                0.068648     0.000243 ✅ 正常           
  dis_proj_layer0               0.082573     0.000278 ✅ 正常           
================================================================================

Epoch 300, Total Loss: 2.6031, Recover Loss: 2.3562, miRNA CL: 0.0000, Disease CL: 0.0000, Inter-view (est): 0.0000, Recon Loss: 0.0273, Time: 104.64s
[INFO] Hypergraph updated at epoch 350

🔧 Epoch 350 梯度检查:
================================================================================

  参数名称                              梯度范数         梯度均值 状态             
  ----------------------------------------------------------------------
  type_relations                0.199874     0.005323 ✅ 正常           
  exist_relation                0.000103     0.000006 ✅ 正常           
  mi_proj_layer0                0.055981     0.000206 ✅ 正常           
  dis_proj_layer0               0.067930     0.000244 ✅ 正常           
================================================================================

Epoch 350, Total Loss: 2.5303, Recover Loss: 2.2904, miRNA CL: 0.0000, Disease CL: 0.0000, Inter-view (est): 0.0000, Recon Loss: 0.0271, Time: 113.12s
[INFO] Hypergraph updated at epoch 400

🔧 Epoch 400 梯度检查:
================================================================================

  参数名称                              梯度范数         梯度均值 状态             
  ----------------------------------------------------------------------
  type_relations                0.210295     0.005423 ✅ 正常           
  exist_relation                0.000099     0.000006 ✅ 正常           
  mi_proj_layer0                0.059386     0.000220 ✅ 正常           
  dis_proj_layer0               0.069595     0.000253 ✅ 正常           
================================================================================

Epoch 400, Total Loss: 2.5018, Recover Loss: 2.2675, miRNA CL: 0.0000, Disease CL: 0.0000, Inter-view (est): 0.0000, Recon Loss: 0.0268, Time: 121.68s
[INFO] Hypergraph updated at epoch 450

🔧 Epoch 450 梯度检查:
================================================================================

  参数名称                              梯度范数         梯度均值 状态             
  ----------------------------------------------------------------------
  type_relations                0.193948     0.005207 ✅ 正常           
  exist_relation                0.000096     0.000006 ✅ 正常           
  mi_proj_layer0                0.063437     0.000234 ✅ 正常           
  dis_proj_layer0               0.079863     0.000283 ✅ 正常           
================================================================================

Epoch 450, Total Loss: 2.4686, Recover Loss: 2.2387, miRNA CL: 0.0000, Disease CL: 0.0000, Inter-view (est): 0.0000, Recon Loss: 0.0270, Time: 130.36s
[INFO] Hypergraph updated at epoch 500

🔧 Epoch 500 梯度检查:
================================================================================

  参数名称                              梯度范数         梯度均值 状态             
  ----------------------------------------------------------------------
  type_relations                0.174738     0.004802 ✅ 正常           
  exist_relation                0.000093     0.000005 ✅ 正常           
  mi_proj_layer0                0.066142     0.000240 ✅ 正常           
  dis_proj_layer0               0.079924     0.000282 ✅ 正常           
================================================================================

Epoch 500, Total Loss: 2.4413, Recover Loss: 2.2154, miRNA CL: 0.0000, Disease CL: 0.0000, Inter-view (est): 0.0000, Recon Loss: 0.0266, Time: 139.10s
[INFO] Hypergraph updated at epoch 550

🔧 Epoch 550 梯度检查:
================================================================================

  参数名称                              梯度范数         梯度均值 状态             
  ----------------------------------------------------------------------
  type_relations                0.183588     0.004913 ✅ 正常           
  exist_relation                0.000090     0.000005 ✅ 正常           
  mi_proj_layer0                0.070661     0.000256 ✅ 正常           
  dis_proj_layer0               0.078119     0.000277 ✅ 正常           
================================================================================

Epoch 550, Total Loss: 2.4040, Recover Loss: 2.1811, miRNA CL: 0.0000, Disease CL: 0.0000, Inter-view (est): 0.0000, Recon Loss: 0.0268, Time: 147.83s
[INFO] Hypergraph updated at epoch 600

🔧 Epoch 600 梯度检查:
================================================================================

  参数名称                              梯度范数         梯度均值 状态             
  ----------------------------------------------------------------------
  type_relations                0.145621     0.004063 ✅ 正常           
  exist_relation                0.000087     0.000005 ✅ 正常           
  mi_proj_layer0                0.068222     0.000247 ✅ 正常           
  dis_proj_layer0               0.073239     0.000258 ✅ 正常           
================================================================================

Epoch 600, Total Loss: 2.3755, Recover Loss: 2.1551, miRNA CL: 0.0000, Disease CL: 0.0000, Inter-view (est): 0.0000, Recon Loss: 0.0268, Time: 156.48s
[INFO] Hypergraph updated at epoch 650

🔧 Epoch 650 梯度检查:
================================================================================

  参数名称                              梯度范数         梯度均值 状态             
  ----------------------------------------------------------------------
  type_relations                0.125924     0.003762 ✅ 正常           
  exist_relation                0.000084     0.000005 ✅ 正常           
  mi_proj_layer0                0.061101     0.000228 ✅ 正常           
  dis_proj_layer0               0.067713     0.000254 ✅ 正常           
================================================================================

Epoch 650, Total Loss: 2.3607, Recover Loss: 2.1426, miRNA CL: 0.0000, Disease CL: 0.0000, Inter-view (est): 0.0000, Recon Loss: 0.0267, Time: 165.66s

================================================================================
Training completed. Running final test...
================================================================================
Fold 4 completed - AUC: 0.9748, Top-1 F1: 0.6627
Fold 4 training time: 166.41 seconds
=== Cross Validation Fold 5/5 ===
Using hidden dimensions: [256, 256] with 4 attention heads
[ABLATION] Running with mode = no_cl_rebuild
优化模型初始化: miRNA数量 = 495, 疾病数量 = 383
[ABLATION REBUILD] no_cl_rebuild — HGCN plain single-view, no contrastive
   节点维度: 256 → 128
   类型数量: 4
   Temperature: 2.0 (可学习)
   Loss mode: softmax_5class
   loss_mode=softmax_5class
   class_weights_5 (neg+4types): ['0.026', '0.970', '2.266', '1.215', '0.524']

✅ SimplifiedMultiTypeAssociationLoss 初始化 (改进版)
   类别权重 (beta=0.99999): ['0.780', '1.822', '0.977', '0.421']
Original positive index shape: torch.Size([1072, 2])
Original negative index shape: torch.Size([135416, 2])
采样后负样本数量: 10720
🎯 Building TRUE DUAL VIEWS from four different sources...
📊 Data sources loaded:
  Disease semantic: torch.Size([383, 383])
  miRNA functional: torch.Size([495, 495])
  Disease-gene: torch.Size([383, 383])
  miRNA-sequence: torch.Size([495, 495])
🧬 Building miRNA dual-view hypergraphs...
  📊 miRNA View 1 (Sequence): torch.Size([495, 878])
  📊 miRNA View 2 (Function): torch.Size([495, 878])
🦠 Building disease dual-view hypergraphs...
  📊 Disease View 1 (Gene): torch.Size([383, 878])
  📊 Disease View 2 (Semantic): torch.Size([383, 878])
✅ Successfully built TRUE DUAL VIEWS:
   🧬 miRNA: Sequence Features (m_ss.xlsx) vs Functional Similarity (mi_fun_sim_2.0.csv)
   🦠 Disease: Gene Features (d_gs.xlsx) vs Semantic Similarity (dis_sem_sim_2.0.csv)

🔧 Epoch 1 梯度检查:
================================================================================

  参数名称                              梯度范数         梯度均值 状态             
  ----------------------------------------------------------------------
  type_relations                0.702258     0.016565 ✅ 正常           
  exist_relation                0.000136     0.000010 ✅ 正常           
  mi_proj_layer0                2.421025     0.007164 ✅ 正常           
  dis_proj_layer0               2.144336     0.006430 ✅ 正常           
================================================================================

Epoch 1, Total Loss: 4.7885, Recover Loss: 3.0560, miRNA CL: 0.0000, Disease CL: 0.0000, Inter-view (est): 0.0000, Recon Loss: 1.4052, Time: 0.19s
[INFO] Hypergraph updated at epoch 5
[INFO] Hypergraph updated at epoch 10
[INFO] Hypergraph updated at epoch 15
[INFO] Hypergraph updated at epoch 20
[INFO] Hypergraph updated at epoch 25
[INFO] Hypergraph updated at epoch 30
[INFO] Hypergraph updated at epoch 35
[INFO] Hypergraph updated at epoch 40
[INFO] Hypergraph updated at epoch 45
[INFO] Hypergraph updated at epoch 50

🔧 Epoch 50 梯度检查:
================================================================================

  参数名称                              梯度范数         梯度均值 状态             
  ----------------------------------------------------------------------
  type_relations                0.277016     0.007777 ✅ 正常           
  exist_relation                0.000131     0.000009 ✅ 正常           
  mi_proj_layer0                0.065617     0.000241 ✅ 正常           
  dis_proj_layer0               0.078008     0.000279 ✅ 正常           
================================================================================

Epoch 50, Total Loss: 3.0764, Recover Loss: 2.7049, miRNA CL: 0.0000, Disease CL: 0.0000, Inter-view (est): 0.0000, Recon Loss: 0.0711, Time: 52.80s
[INFO] Hypergraph updated at epoch 100

🔧 Epoch 100 梯度检查:
================================================================================

  参数名称                              梯度范数         梯度均值 状态             
  ----------------------------------------------------------------------
  type_relations                0.334968     0.008735 ✅ 正常           
  exist_relation                0.000125     0.000009 ✅ 正常           
  mi_proj_layer0                0.074823     0.000275 ✅ 正常           
  dis_proj_layer0               0.086353     0.000308 ✅ 正常           
================================================================================

Epoch 100, Total Loss: 2.9359, Recover Loss: 2.6327, miRNA CL: 0.0000, Disease CL: 0.0000, Inter-view (est): 0.0000, Recon Loss: 0.0311, Time: 61.85s
[INFO] Hypergraph updated at epoch 150

🔧 Epoch 150 梯度检查:
================================================================================

  参数名称                              梯度范数         梯度均值 状态             
  ----------------------------------------------------------------------
  type_relations                0.313793     0.007859 ✅ 正常           
  exist_relation                0.000120     0.000008 ✅ 正常           
  mi_proj_layer0                0.065028     0.000237 ✅ 正常           
  dis_proj_layer0               0.076921     0.000275 ✅ 正常           
================================================================================

Epoch 150, Total Loss: 2.8342, Recover Loss: 2.5515, miRNA CL: 0.0000, Disease CL: 0.0000, Inter-view (est): 0.0000, Recon Loss: 0.0299, Time: 70.37s
[INFO] Hypergraph updated at epoch 200

🔧 Epoch 200 梯度检查:
================================================================================

  参数名称                              梯度范数         梯度均值 状态             
  ----------------------------------------------------------------------
  type_relations                0.300763     0.008238 ✅ 正常           
  exist_relation                0.000115     0.000008 ✅ 正常           
  mi_proj_layer0                0.066753     0.000246 ✅ 正常           
  dis_proj_layer0               0.074188     0.000267 ✅ 正常           
================================================================================

Epoch 200, Total Loss: 2.7425, Recover Loss: 2.4747, miRNA CL: 0.0000, Disease CL: 0.0000, Inter-view (est): 0.0000, Recon Loss: 0.0292, Time: 78.94s
[INFO] Hypergraph updated at epoch 250

🔧 Epoch 250 梯度检查:
================================================================================

  参数名称                              梯度范数         梯度均值 状态             
  ----------------------------------------------------------------------
  type_relations                0.315146     0.008024 ✅ 正常           
  exist_relation                0.000111     0.000007 ✅ 正常           
  mi_proj_layer0                0.076356     0.000266 ✅ 正常           
  dis_proj_layer0               0.081276     0.000287 ✅ 正常           
================================================================================

Epoch 250, Total Loss: 2.6585, Recover Loss: 2.4017, miRNA CL: 0.0000, Disease CL: 0.0000, Inter-view (est): 0.0000, Recon Loss: 0.0289, Time: 87.61s
[INFO] Hypergraph updated at epoch 300

🔧 Epoch 300 梯度检查:
================================================================================

  参数名称                              梯度范数         梯度均值 状态             
  ----------------------------------------------------------------------
  type_relations                0.259264     0.006620 ✅ 正常           
  exist_relation                0.000107     0.000007 ✅ 正常           
  mi_proj_layer0                0.065655     0.000234 ✅ 正常           
  dis_proj_layer0               0.067777     0.000249 ✅ 正常           
================================================================================

Epoch 300, Total Loss: 2.5786, Recover Loss: 2.3313, miRNA CL: 0.0000, Disease CL: 0.0000, Inter-view (est): 0.0000, Recon Loss: 0.0278, Time: 96.25s
[INFO] Hypergraph updated at epoch 350

🔧 Epoch 350 梯度检查:
================================================================================

  参数名称                              梯度范数         梯度均值 状态             
  ----------------------------------------------------------------------
  type_relations                0.211512     0.006118 ✅ 正常           
  exist_relation                0.000103     0.000007 ✅ 正常           
  mi_proj_layer0                0.065140     0.000241 ✅ 正常           
  dis_proj_layer0               0.067490     0.000252 ✅ 正常           
================================================================================

Epoch 350, Total Loss: 2.5375, Recover Loss: 2.2978, miRNA CL: 0.0000, Disease CL: 0.0000, Inter-view (est): 0.0000, Recon Loss: 0.0270, Time: 104.91s
[INFO] Hypergraph updated at epoch 400

🔧 Epoch 400 梯度检查:
================================================================================

  参数名称                              梯度范数         梯度均值 状态             
  ----------------------------------------------------------------------
  type_relations                0.191359     0.005436 ✅ 正常           
  exist_relation                0.000100     0.000006 ✅ 正常           
  mi_proj_layer0                0.069914     0.000252 ✅ 正常           
  dis_proj_layer0               0.068936     0.000249 ✅ 正常           
================================================================================

Epoch 400, Total Loss: 2.4808, Recover Loss: 2.2465, miRNA CL: 0.0000, Disease CL: 0.0000, Inter-view (est): 0.0000, Recon Loss: 0.0272, Time: 113.48s
[INFO] Hypergraph updated at epoch 450

🔧 Epoch 450 梯度检查:
================================================================================

  参数名称                              梯度范数         梯度均值 状态             
  ----------------------------------------------------------------------
  type_relations                0.187343     0.005091 ✅ 正常           
  exist_relation                0.000096     0.000006 ✅ 正常           
  mi_proj_layer0                0.063216     0.000235 ✅ 正常           
  dis_proj_layer0               0.073459     0.000273 ✅ 正常           
================================================================================

Epoch 450, Total Loss: 2.4524, Recover Loss: 2.2229, miRNA CL: 0.0000, Disease CL: 0.0000, Inter-view (est): 0.0000, Recon Loss: 0.0269, Time: 122.07s
[INFO] Hypergraph updated at epoch 500

🔧 Epoch 500 梯度检查:
================================================================================

  参数名称                              梯度范数         梯度均值 状态             
  ----------------------------------------------------------------------
  type_relations                0.162611     0.004748 ✅ 正常           
  exist_relation                0.000093     0.000006 ✅ 正常           
  mi_proj_layer0                0.064606     0.000241 ✅ 正常           
  dis_proj_layer0               0.071792     0.000270 ✅ 正常           
================================================================================

Epoch 500, Total Loss: 2.4290, Recover Loss: 2.2020, miRNA CL: 0.0000, Disease CL: 0.0000, Inter-view (est): 0.0000, Recon Loss: 0.0280, Time: 130.41s
[INFO] Hypergraph updated at epoch 550

🔧 Epoch 550 梯度检查:
================================================================================

  参数名称                              梯度范数         梯度均值 状态             
  ----------------------------------------------------------------------
  type_relations                0.162780     0.004572 ✅ 正常           
  exist_relation                0.000089     0.000006 ✅ 正常           
  mi_proj_layer0                0.066874     0.000250 ✅ 正常           
  dis_proj_layer0               0.069940     0.000261 ✅ 正常           
================================================================================

Epoch 550, Total Loss: 2.3955, Recover Loss: 2.1725, miRNA CL: 0.0000, Disease CL: 0.0000, Inter-view (est): 0.0000, Recon Loss: 0.0270, Time: 139.15s
[INFO] Hypergraph updated at epoch 600

🔧 Epoch 600 梯度检查:
================================================================================

  参数名称                              梯度范数         梯度均值 状态             
  ----------------------------------------------------------------------
  type_relations                0.155297     0.004483 ✅ 正常           
  exist_relation                0.000086     0.000005 ✅ 正常           
  mi_proj_layer0                0.069674     0.000259 ✅ 正常           
  dis_proj_layer0               0.077344     0.000289 ✅ 正常           
================================================================================

Epoch 600, Total Loss: 2.3638, Recover Loss: 2.1442, miRNA CL: 0.0000, Disease CL: 0.0000, Inter-view (est): 0.0000, Recon Loss: 0.0262, Time: 148.10s
[INFO] Hypergraph updated at epoch 650

🔧 Epoch 650 梯度检查:
================================================================================

  参数名称                              梯度范数         梯度均值 状态             
  ----------------------------------------------------------------------
  type_relations                0.147590     0.004317 ✅ 正常           
  exist_relation                0.000083     0.000005 ✅ 正常           
  mi_proj_layer0                0.074550     0.000273 ✅ 正常           
  dis_proj_layer0               0.083469     0.000305 ✅ 正常           
================================================================================

Epoch 650, Total Loss: 2.3393, Recover Loss: 2.1225, miRNA CL: 0.0000, Disease CL: 0.0000, Inter-view (est): 0.0000, Recon Loss: 0.0256, Time: 157.08s

================================================================================
Training completed. Running final test...
================================================================================
Fold 5 completed - AUC: 0.9764, Top-1 F1: 0.7058
Fold 5 training time: 157.82 seconds
Average binary metrics across folds: [[0.97696536 0.97223189 0.93733229 0.93559701 0.96283582 0.90835821
  0.91359097]]
🎯 Average Top-1 metrics across folds: {'top1_precision': 0.664179104477612, 'top1_recall': np.float64(0.7018897337520483), 'top1_f1': np.float64(0.6824132773926335)}

📊 CV_type Style Metrics Details:
  AUC            : 0.9770
  AUPR           : 0.9722
  F1             : 0.9373
  Accuracy       : 0.9356
  Recall         : 0.9628
  Specificity    : 0.9084
  Precision      : 0.9136

🎯 Top-1 Metrics Details:
  top1_precision : 0.6642
  top1_recall    : 0.7019
  top1_f1        : 0.6824

Total execution time: 816.23 seconds

==========================================================================================
🎯 FINAL COMPREHENSIVE RESULTS WITH TOP-1 METRICS
==========================================================================================
📊 Binary Classification Metrics (Original):
  AUC: 0.9770
  AUPR: 0.9722
  F1: 0.9373
  Accuracy: 0.9356
  Recall: 0.9628
  Specificity: 0.9084
  Precision: 0.9136

🎯 CV_type Style Metrics (Enhanced):
  AUC: 0.9770
  AUPR: 0.9722
  F1: 0.9373
  Accuracy: 0.9356
  Recall: 0.9628
  Specificity: 0.9084
  Precision: 0.9136

🏆 Top-1 Metrics (NEW):
  Top-1 Precision: 0.6642
  Top-1 Recall: 0.7019
  Top-1 F1: 0.6824
==========================================================================================

[6/6] plan_d seed=7
----------------------------------------------------------------
[CPU] torch.set_num_threads(14), interop=min(4, 14)
Using device: cpu
[INFO] Auto-computed BALANCED class weights (to prevent class collapse):
  Circulation  (367 samples): 0.780
  Epigenetics  (157 samples): 1.823
  Target       (293 samples): 0.977
  Genetics     (681 samples): 0.420
  [NOTE] Higher weights for minority classes to prevent model from only predicting majority class
[INFO] Using v2.0_495m383D dataset:
  miRNAs: 495
  Diseases: 383
  Expected associations: ~1498
  Types: 4 (Circulation, Epigenetics, Target, Genetics)

================================================================================
Configuration Summary
================================================================================
Dataset: v2.0_495m383D
Data Path: ./
Model: HeterogenousGraphCLAMIR
  - HGT Layers: 2
  - Attention Heads: 4
  - Association Types: 4
  - Inter-view CL: Enabled
    - Weight: 0.3
    - Temperature: 0.5
    - Margin: 0.5

Training:
  - Epochs: 650
  - Learning Rate: 0.0001
  - Dropout: 0.3
  - Weight Decay: 5e-05
  - Focal Loss: Enabled

Evaluation:
  - Cross-Validation Folds: 5
  - Primary Metric: AUPR

Device: cpu
Random Seed: 7
================================================================================

🚀 Running with comprehensive evaluation including Top-1 metrics...
🎯 Loading dual-view data...
Starting dual-view data preparation with new file format...
Loading all similarity and feature files from v2.0_495m383D...
✅ Loaded disease semantic similarity from D_SSM1.txt: (383, 383)
✅ Loaded miRNA functional similarity from M_FSM.txt: (495, 495)
✅ Loaded multi-type association pairs from ./v2.0_495m383D\multi_all_mirna_disease_pairs_without_negative.csv: (1679, 3)
✅ Created multi-type association matrix: (495, 383)
📊 Multi-type Association Statistics:
   无关联 (No association): 188087 pairs (99.21%)
   循环类型 (Circulation): 367 pairs (0.19%)
   表观遗传学 (Epigenetics): 157 pairs (0.08%)
   靶标类型 (Target): 293 pairs (0.15%)
   遗传学类型 (Genetics): 681 pairs (0.36%)
✅ Created association matrix from CSV: (495, 383)
✅ Loaded disease-gene features from D_SSM2.txt: torch.Size([383, 383])
✅ Loaded miRNA-sequence features from M_GSM.txt: torch.Size([495, 495])
Processing integrated similarity matrices...
Loaded similarity matrices from cache
Processing indices...
Loaded indices from cache
✅ Dual-view data preparation completed in 0.39 seconds

============================================================
🎯 DUAL-VIEW CONFIGURATION SUMMARY (v2.0_495m383D)
============================================================
miRNA Dual Views:
  📊 View 1 (Sequence): M_GSM.txt torch.Size([495, 495])
  📊 View 2 (Function): M_FSM.txt torch.Size([495, 495])

Disease Dual Views:
  📊 View 1 (Gene): D_SSM2.txt torch.Size([383, 383])
  📊 View 2 (Semantic): D_SSM1.txt torch.Size([383, 383])

Association Matrix: torch.Size([495, 383])
Data source: v2.0_495m383D (495 miRNAs × 383 Diseases)
============================================================
Preloading dual-view data to device...
✅ Loaded disease-gene features to device: torch.Size([383, 383])
✅ Loaded miRNA-sequence features to device: torch.Size([495, 495])
✅ Loaded disease semantic similarity to device: torch.Size([383, 383])
✅ Loaded miRNA functional similarity to device: torch.Size([495, 495])
✅ Dual-view data preloading completed in 0.00 seconds
OptimizedDataset initialized with 5 folds
Using device: cpu
=== Cross Validation Fold 1/5 ===
Using hidden dimensions: [256, 256] with 4 attention heads
优化模型初始化: miRNA数量 = 495, 疾病数量 = 383
   节点维度: 256 → 128
   类型数量: 4
   Temperature: 2.0 (可学习)
   Loss mode: softmax_5class
   loss_mode=softmax_5class
   class_weights_5 (neg+4types): ['0.026', '0.970', '2.266', '1.215', '0.524']

✅ SimplifiedMultiTypeAssociationLoss 初始化 (改进版)
   类别权重 (beta=0.99999): ['0.780', '1.822', '0.977', '0.421']
Original positive index shape: torch.Size([1072, 2])
Original negative index shape: torch.Size([135416, 2])
采样后负样本数量: 10720
🎯 Building TRUE DUAL VIEWS from four different sources...
📊 Data sources loaded:
  Disease semantic: torch.Size([383, 383])
  miRNA functional: torch.Size([495, 495])
  Disease-gene: torch.Size([383, 383])
  miRNA-sequence: torch.Size([495, 495])
🧬 Building miRNA dual-view hypergraphs...
  📊 miRNA View 1 (Sequence): torch.Size([495, 878])
  📊 miRNA View 2 (Function): torch.Size([495, 878])
🦠 Building disease dual-view hypergraphs...
  📊 Disease View 1 (Gene): torch.Size([383, 878])
  📊 Disease View 2 (Semantic): torch.Size([383, 878])
✅ Successfully built TRUE DUAL VIEWS:
   🧬 miRNA: Sequence Features (m_ss.xlsx) vs Functional Similarity (mi_fun_sim_2.0.csv)
   🦠 Disease: Gene Features (d_gs.xlsx) vs Semantic Similarity (dis_sem_sim_2.0.csv)

🔧 Epoch 1 梯度检查:
================================================================================

  参数名称                              梯度范数         梯度均值 状态             
  ----------------------------------------------------------------------
  type_relations                0.669054     0.016614 ✅ 正常           
  exist_relation                0.000133     0.000009 ✅ 正常           
  mi_proj_layer0                1.287325     0.003743 ✅ 正常           
  dis_proj_layer0               1.248162     0.003661 ✅ 正常           
================================================================================

Epoch 1, Total Loss: 22.1906, Recover Loss: 2.9487, miRNA CL: 8.9735, Disease CL: 8.4526, Inter-view (est): 4.0214, Recon Loss: 1.5178, Time: 0.68s
[INFO] Hypergraph updated at epoch 5
[INFO] Hypergraph updated at epoch 10
[INFO] Hypergraph updated at epoch 15
[INFO] Hypergraph updated at epoch 20
[INFO] Hypergraph updated at epoch 25
[INFO] Hypergraph updated at epoch 30
[INFO] Hypergraph updated at epoch 35
[INFO] Hypergraph updated at epoch 40
[INFO] Hypergraph updated at epoch 45
[INFO] Hypergraph updated at epoch 50

🔧 Epoch 50 梯度检查:
================================================================================

  参数名称                              梯度范数         梯度均值 状态             
  ----------------------------------------------------------------------
  type_relations                0.297176     0.008843 ✅ 正常           
  exist_relation                0.000129     0.000009 ✅ 正常           
  mi_proj_layer0                0.070984     0.000259 ✅ 正常           
  dis_proj_layer0               0.078644     0.000284 ✅ 正常           
================================================================================

Epoch 50, Total Loss: 18.8009, Recover Loss: 2.6936, miRNA CL: 8.0198, Disease CL: 7.6960, Inter-view (est): 3.6267, Recon Loss: 0.1060, Time: 94.11s
[INFO] Hypergraph updated at epoch 100

🔧 Epoch 100 梯度检查:
================================================================================

  参数名称                              梯度范数         梯度均值 状态             
  ----------------------------------------------------------------------
  type_relations                0.312335     0.008967 ✅ 正常           
  exist_relation                0.000123     0.000008 ✅ 正常           
  mi_proj_layer0                0.068450     0.000236 ✅ 正常           
  dis_proj_layer0               0.076773     0.000272 ✅ 正常           
================================================================================

Epoch 100, Total Loss: 17.6179, Recover Loss: 2.6362, miRNA CL: 7.7461, Disease CL: 6.9336, Inter-view (est): 3.3876, Recon Loss: 0.0315, Time: 129.86s
[INFO] Hypergraph updated at epoch 150

🔧 Epoch 150 梯度检查:
================================================================================

  参数名称                              梯度范数         梯度均值 状态             
  ----------------------------------------------------------------------
  type_relations                0.323798     0.008671 ✅ 正常           
  exist_relation                0.000118     0.000008 ✅ 正常           
  mi_proj_layer0                0.066651     0.000242 ✅ 正常           
  dis_proj_layer0               0.075842     0.000279 ✅ 正常           
================================================================================

Epoch 150, Total Loss: 16.9157, Recover Loss: 2.5499, miRNA CL: 7.5345, Disease CL: 6.5404, Inter-view (est): 3.2480, Recon Loss: 0.0304, Time: 165.12s
[INFO] Hypergraph updated at epoch 200

🔧 Epoch 200 梯度检查:
================================================================================

  参数名称                              梯度范数         梯度均值 状态             
  ----------------------------------------------------------------------
  type_relations                0.311684     0.008344 ✅ 正常           
  exist_relation                0.000114     0.000007 ✅ 正常           
  mi_proj_layer0                0.070254     0.000252 ✅ 正常           
  dis_proj_layer0               0.076529     0.000282 ✅ 正常           
================================================================================

Epoch 200, Total Loss: 16.4101, Recover Loss: 2.4738, miRNA CL: 7.2680, Disease CL: 6.3852, Inter-view (est): 3.1507, Recon Loss: 0.0287, Time: 200.17s
[INFO] Hypergraph updated at epoch 250

🔧 Epoch 250 梯度检查:
================================================================================

  参数名称                              梯度范数         梯度均值 状态             
  ----------------------------------------------------------------------
  type_relations                0.292474     0.007457 ✅ 正常           
  exist_relation                0.000111     0.000007 ✅ 正常           
  mi_proj_layer0                0.058681     0.000221 ✅ 正常           
  dis_proj_layer0               0.064085     0.000235 ✅ 正常           
================================================================================

Epoch 250, Total Loss: 16.1604, Recover Loss: 2.4109, miRNA CL: 7.1469, Disease CL: 6.3238, Inter-view (est): 3.1086, Recon Loss: 0.0280, Time: 234.72s
[INFO] Hypergraph updated at epoch 300

🔧 Epoch 300 梯度检查:
================================================================================

  参数名称                              梯度范数         梯度均值 状态             
  ----------------------------------------------------------------------
  type_relations                0.285814     0.007260 ✅ 正常           
  exist_relation                0.000109     0.000007 ✅ 正常           
  mi_proj_layer0                0.066641     0.000245 ✅ 正常           
  dis_proj_layer0               0.079864     0.000288 ✅ 正常           
================================================================================

Epoch 300, Total Loss: 15.9780, Recover Loss: 2.3782, miRNA CL: 7.0522, Disease CL: 6.2722, Inter-view (est): 3.0749, Recon Loss: 0.0276, Time: 269.35s
[INFO] Hypergraph updated at epoch 350

🔧 Epoch 350 梯度检查:
================================================================================

  参数名称                              梯度范数         梯度均值 状态             
  ----------------------------------------------------------------------
  type_relations                0.256337     0.006909 ✅ 正常           
  exist_relation                0.000106     0.000006 ✅ 正常           
  mi_proj_layer0                0.072905     0.000259 ✅ 正常           
  dis_proj_layer0               0.080096     0.000287 ✅ 正常           
================================================================================

Epoch 350, Total Loss: 15.8107, Recover Loss: 2.3415, miRNA CL: 6.9686, Disease CL: 6.2271, Inter-view (est): 3.0452, Recon Loss: 0.0286, Time: 305.14s
[INFO] Hypergraph updated at epoch 400

🔧 Epoch 400 梯度检查:
================================================================================

  参数名称                              梯度范数         梯度均值 状态             
  ----------------------------------------------------------------------
  type_relations                0.280435     0.006888 ✅ 正常           
  exist_relation                0.000104     0.000006 ✅ 正常           
  mi_proj_layer0                0.071968     0.000260 ✅ 正常           
  dis_proj_layer0               0.078584     0.000280 ✅ 正常           
================================================================================

Epoch 400, Total Loss: 15.6801, Recover Loss: 2.3095, miRNA CL: 6.8995, Disease CL: 6.2007, Inter-view (est): 3.0231, Recon Loss: 0.0274, Time: 340.84s
[INFO] Hypergraph updated at epoch 450

🔧 Epoch 450 梯度检查:
================================================================================

  参数名称                              梯度范数         梯度均值 状态             
  ----------------------------------------------------------------------
  type_relations                0.192744     0.005313 ✅ 正常           
  exist_relation                0.000102     0.000006 ✅ 正常           
  mi_proj_layer0                0.057013     0.000210 ✅ 正常           
  dis_proj_layer0               0.066741     0.000242 ✅ 正常           
================================================================================

Epoch 450, Total Loss: 15.5723, Recover Loss: 2.2913, miRNA CL: 6.8269, Disease CL: 6.1850, Inter-view (est): 3.0027, Recon Loss: 0.0273, Time: 376.01s
[INFO] Hypergraph updated at epoch 500

🔧 Epoch 500 梯度检查:
================================================================================

  参数名称                              梯度范数         梯度均值 状态             
  ----------------------------------------------------------------------
  type_relations                0.177920     0.004816 ✅ 正常           
  exist_relation                0.000102     0.000006 ✅ 正常           
  mi_proj_layer0                0.058351     0.000216 ✅ 正常           
  dis_proj_layer0               0.061274     0.000228 ✅ 正常           
================================================================================

Epoch 500, Total Loss: 15.5118, Recover Loss: 2.2805, miRNA CL: 6.7865, Disease CL: 6.1760, Inter-view (est): 2.9913, Recon Loss: 0.0277, Time: 410.75s
[INFO] Hypergraph updated at epoch 550

🔧 Epoch 550 梯度检查:
================================================================================

  参数名称                              梯度范数         梯度均值 状态             
  ----------------------------------------------------------------------
  type_relations                0.188385     0.005210 ✅ 正常           
  exist_relation                0.000101     0.000006 ✅ 正常           
  mi_proj_layer0                0.056269     0.000211 ✅ 正常           
  dis_proj_layer0               0.063995     0.000235 ✅ 正常           
================================================================================

Epoch 550, Total Loss: 15.4838, Recover Loss: 2.2752, miRNA CL: 6.7713, Disease CL: 6.1705, Inter-view (est): 2.9866, Recon Loss: 0.0262, Time: 446.32s
[INFO] Hypergraph updated at epoch 600

🔧 Epoch 600 梯度检查:
================================================================================

  参数名称                              梯度范数         梯度均值 状态             
  ----------------------------------------------------------------------
  type_relations                0.194613     0.005264 ✅ 正常           
  exist_relation                0.000101     0.000006 ✅ 正常           
  mi_proj_layer0                0.059093     0.000217 ✅ 正常           
  dis_proj_layer0               0.065237     0.000234 ✅ 正常           
================================================================================

Epoch 600, Total Loss: 15.4434, Recover Loss: 2.2616, miRNA CL: 6.7498, Disease CL: 6.1656, Inter-view (est): 2.9805, Recon Loss: 0.0261, Time: 481.98s
[INFO] Hypergraph updated at epoch 650

🔧 Epoch 650 梯度检查:
================================================================================

  参数名称                              梯度范数         梯度均值 状态             
  ----------------------------------------------------------------------
  type_relations                0.203594     0.005492 ✅ 正常           
  exist_relation                0.000100     0.000006 ✅ 正常           
  mi_proj_layer0                0.059170     0.000220 ✅ 正常           
  dis_proj_layer0               0.067783     0.000245 ✅ 正常           
================================================================================

Epoch 650, Total Loss: 15.4176, Recover Loss: 2.2583, miRNA CL: 6.7322, Disease CL: 6.1607, Inter-view (est): 2.9753, Recon Loss: 0.0265, Time: 516.52s

================================================================================
Training completed. Running final test...
================================================================================
Fold 1 completed - AUC: 0.9760, Top-1 F1: 0.6049
Fold 1 training time: 517.62 seconds
=== Cross Validation Fold 2/5 ===
Using hidden dimensions: [256, 256] with 4 attention heads
优化模型初始化: miRNA数量 = 495, 疾病数量 = 383
   节点维度: 256 → 128
   类型数量: 4
   Temperature: 2.0 (可学习)
   Loss mode: softmax_5class
   loss_mode=softmax_5class
   class_weights_5 (neg+4types): ['0.026', '0.970', '2.266', '1.215', '0.524']

✅ SimplifiedMultiTypeAssociationLoss 初始化 (改进版)
   类别权重 (beta=0.99999): ['0.780', '1.822', '0.977', '0.421']
Original positive index shape: torch.Size([1072, 2])
Original negative index shape: torch.Size([135416, 2])
采样后负样本数量: 10720
🎯 Building TRUE DUAL VIEWS from four different sources...
📊 Data sources loaded:
  Disease semantic: torch.Size([383, 383])
  miRNA functional: torch.Size([495, 495])
  Disease-gene: torch.Size([383, 383])
  miRNA-sequence: torch.Size([495, 495])
🧬 Building miRNA dual-view hypergraphs...
  📊 miRNA View 1 (Sequence): torch.Size([495, 878])
  📊 miRNA View 2 (Function): torch.Size([495, 878])
🦠 Building disease dual-view hypergraphs...
  📊 Disease View 1 (Gene): torch.Size([383, 878])
  📊 Disease View 2 (Semantic): torch.Size([383, 878])
✅ Successfully built TRUE DUAL VIEWS:
   🧬 miRNA: Sequence Features (m_ss.xlsx) vs Functional Similarity (mi_fun_sim_2.0.csv)
   🦠 Disease: Gene Features (d_gs.xlsx) vs Semantic Similarity (dis_sem_sim_2.0.csv)

🔧 Epoch 1 梯度检查:
================================================================================

  参数名称                              梯度范数         梯度均值 状态             
  ----------------------------------------------------------------------
  type_relations                0.664596     0.016015 ✅ 正常           
  exist_relation                0.000146     0.000011 ✅ 正常           
  mi_proj_layer0                0.960472     0.003002 ✅ 正常           
  dis_proj_layer0               1.038656     0.003072 ✅ 正常           
================================================================================

Epoch 1, Total Loss: 22.0962, Recover Loss: 2.9652, miRNA CL: 8.8626, Disease CL: 8.4379, Inter-view (est): 3.9924, Recon Loss: 1.5322, Time: 0.69s
[INFO] Hypergraph updated at epoch 5
[INFO] Hypergraph updated at epoch 10
[INFO] Hypergraph updated at epoch 15
[INFO] Hypergraph updated at epoch 20
[INFO] Hypergraph updated at epoch 25
[INFO] Hypergraph updated at epoch 30
[INFO] Hypergraph updated at epoch 35
[INFO] Hypergraph updated at epoch 40
[INFO] Hypergraph updated at epoch 45
[INFO] Hypergraph updated at epoch 50

🔧 Epoch 50 梯度检查:
================================================================================

  参数名称                              梯度范数         梯度均值 状态             
  ----------------------------------------------------------------------
  type_relations                0.281761     0.008455 ✅ 正常           
  exist_relation                0.000141     0.000010 ✅ 正常           
  mi_proj_layer0                0.060081     0.000221 ✅ 正常           
  dis_proj_layer0               0.075138     0.000271 ✅ 正常           
================================================================================

Epoch 50, Total Loss: 18.8357, Recover Loss: 2.7156, miRNA CL: 7.9934, Disease CL: 7.6935, Inter-view (est): 3.6200, Recon Loss: 0.1480, Time: 97.58s
[INFO] Hypergraph updated at epoch 100

🔧 Epoch 100 梯度检查:
================================================================================

  参数名称                              梯度范数         梯度均值 状态             
  ----------------------------------------------------------------------
  type_relations                0.307623     0.008012 ✅ 正常           
  exist_relation                0.000135     0.000010 ✅ 正常           
  mi_proj_layer0                0.067993     0.000235 ✅ 正常           
  dis_proj_layer0               0.075635     0.000276 ✅ 正常           
================================================================================

Epoch 100, Total Loss: 17.6993, Recover Loss: 2.6655, miRNA CL: 7.7324, Disease CL: 6.9996, Inter-view (est): 3.3997, Recon Loss: 0.0316, Time: 135.33s
[INFO] Hypergraph updated at epoch 150

🔧 Epoch 150 梯度检查:
================================================================================

  参数名称                              梯度范数         梯度均值 状态             
  ----------------------------------------------------------------------
  type_relations                0.357591     0.008780 ✅ 正常           
  exist_relation                0.000130     0.000009 ✅ 正常           
  mi_proj_layer0                0.068195     0.000239 ✅ 正常           
  dis_proj_layer0               0.071094     0.000260 ✅ 正常           
================================================================================

Epoch 150, Total Loss: 17.0119, Recover Loss: 2.5771, miRNA CL: 7.4902, Disease CL: 6.6547, Inter-view (est): 3.2642, Recon Loss: 0.0299, Time: 170.03s
[INFO] Hypergraph updated at epoch 200

🔧 Epoch 200 梯度检查:
================================================================================

  参数名称                              梯度范数         梯度均值 状态             
  ----------------------------------------------------------------------
  type_relations                0.327135     0.007881 ✅ 正常           
  exist_relation                0.000126     0.000009 ✅ 正常           
  mi_proj_layer0                0.067747     0.000240 ✅ 正常           
  dis_proj_layer0               0.074410     0.000268 ✅ 正常           
================================================================================

Epoch 200, Total Loss: 16.5299, Recover Loss: 2.5093, miRNA CL: 7.2582, Disease CL: 6.4790, Inter-view (est): 3.1701, Recon Loss: 0.0290, Time: 204.38s
[INFO] Hypergraph updated at epoch 250

🔧 Epoch 250 梯度检查:
================================================================================

  参数名称                              梯度范数         梯度均值 状态             
  ----------------------------------------------------------------------
  type_relations                0.266421     0.007269 ✅ 正常           
  exist_relation                0.000123     0.000009 ✅ 正常           
  mi_proj_layer0                0.067114     0.000243 ✅ 正常           
  dis_proj_layer0               0.077740     0.000282 ✅ 正常           
================================================================================

Epoch 250, Total Loss: 16.3158, Recover Loss: 2.4707, miRNA CL: 7.1591, Disease CL: 6.4058, Inter-view (est): 3.1304, Recon Loss: 0.0286, Time: 238.95s
[INFO] Hypergraph updated at epoch 300

🔧 Epoch 300 梯度检查:
================================================================================

  参数名称                              梯度范数         梯度均值 状态             
  ----------------------------------------------------------------------
  type_relations                0.277377     0.007412 ✅ 正常           
  exist_relation                0.000120     0.000008 ✅ 正常           
  mi_proj_layer0                0.064846     0.000238 ✅ 正常           
  dis_proj_layer0               0.077042     0.000277 ✅ 正常           
================================================================================

Epoch 300, Total Loss: 16.0954, Recover Loss: 2.4241, miRNA CL: 7.0684, Disease CL: 6.3268, Inter-view (est): 3.0912, Recon Loss: 0.0278, Time: 272.78s
[INFO] Hypergraph updated at epoch 350

🔧 Epoch 350 梯度检查:
================================================================================

  参数名称                              梯度范数         梯度均值 状态             
  ----------------------------------------------------------------------
  type_relations                0.237576     0.006389 ✅ 正常           
  exist_relation                0.000117     0.000008 ✅ 正常           
  mi_proj_layer0                0.059466     0.000220 ✅ 正常           
  dis_proj_layer0               0.067224     0.000246 ✅ 正常           
================================================================================

Epoch 350, Total Loss: 15.9035, Recover Loss: 2.3733, miRNA CL: 6.9844, Disease CL: 6.2730, Inter-view (est): 3.0594, Recon Loss: 0.0273, Time: 306.28s
[INFO] Hypergraph updated at epoch 400

🔧 Epoch 400 梯度检查:
================================================================================

  参数名称                              梯度范数         梯度均值 状态             
  ----------------------------------------------------------------------
  type_relations                0.246180     0.006490 ✅ 正常           
  exist_relation                0.000115     0.000008 ✅ 正常           
  mi_proj_layer0                0.078082     0.000267 ✅ 正常           
  dis_proj_layer0               0.085500     0.000294 ✅ 正常           
================================================================================

Epoch 400, Total Loss: 15.7500, Recover Loss: 2.3498, miRNA CL: 6.8943, Disease CL: 6.2358, Inter-view (est): 3.0300, Recon Loss: 0.0270, Time: 339.68s
[INFO] Hypergraph updated at epoch 450

🔧 Epoch 450 梯度检查:
================================================================================

  参数名称                              梯度范数         梯度均值 状态             
  ----------------------------------------------------------------------
  type_relations                0.218634     0.005832 ✅ 正常           
  exist_relation                0.000113     0.000008 ✅ 正常           
  mi_proj_layer0                0.064133     0.000229 ✅ 正常           
  dis_proj_layer0               0.075756     0.000270 ✅ 正常           
================================================================================

Epoch 450, Total Loss: 15.6182, Recover Loss: 2.3212, miRNA CL: 6.8119, Disease CL: 6.2164, Inter-view (est): 3.0065, Recon Loss: 0.0266, Time: 373.08s
[INFO] Hypergraph updated at epoch 500

🔧 Epoch 500 梯度检查:
================================================================================

  参数名称                              梯度范数         梯度均值 状态             
  ----------------------------------------------------------------------
  type_relations                0.201305     0.005463 ✅ 正常           
  exist_relation                0.000112     0.000008 ✅ 正常           
  mi_proj_layer0                0.062781     0.000230 ✅ 正常           
  dis_proj_layer0               0.067729     0.000245 ✅ 正常           
================================================================================

Epoch 500, Total Loss: 15.5698, Recover Loss: 2.3200, miRNA CL: 6.7761, Disease CL: 6.2061, Inter-view (est): 2.9959, Recon Loss: 0.0263, Time: 406.59s
[INFO] Hypergraph updated at epoch 550

🔧 Epoch 550 梯度检查:
================================================================================

  参数名称                              梯度范数         梯度均值 状态             
  ----------------------------------------------------------------------
  type_relations                0.237563     0.005977 ✅ 正常           
  exist_relation                0.000112     0.000007 ✅ 正常           
  mi_proj_layer0                0.063831     0.000231 ✅ 正常           
  dis_proj_layer0               0.074113     0.000268 ✅ 正常           
================================================================================

Epoch 550, Total Loss: 15.5274, Recover Loss: 2.3091, miRNA CL: 6.7523, Disease CL: 6.1987, Inter-view (est): 2.9887, Recon Loss: 0.0262, Time: 439.82s
[INFO] Hypergraph updated at epoch 600

🔧 Epoch 600 梯度检查:
================================================================================

  参数名称                              梯度范数         梯度均值 状态             
  ----------------------------------------------------------------------
  type_relations                0.187406     0.005010 ✅ 正常           
  exist_relation                0.000111     0.000007 ✅ 正常           
  mi_proj_layer0                0.059399     0.000218 ✅ 正常           
  dis_proj_layer0               0.063409     0.000231 ✅ 正常           
================================================================================

Epoch 600, Total Loss: 15.4922, Recover Loss: 2.2990, miRNA CL: 6.7348, Disease CL: 6.1911, Inter-view (est): 2.9829, Recon Loss: 0.0267, Time: 473.60s
[INFO] Hypergraph updated at epoch 650

🔧 Epoch 650 梯度检查:
================================================================================

  参数名称                              梯度范数         梯度均值 状态             
  ----------------------------------------------------------------------
  type_relations                0.185915     0.005081 ✅ 正常           
  exist_relation                0.000110     0.000007 ✅ 正常           
  mi_proj_layer0                0.055570     0.000207 ✅ 正常           
  dis_proj_layer0               0.067528     0.000246 ✅ 正常           
================================================================================

Epoch 650, Total Loss: 15.4575, Recover Loss: 2.2896, miRNA CL: 6.7179, Disease CL: 6.1833, Inter-view (est): 2.9772, Recon Loss: 0.0267, Time: 507.01s

================================================================================
Training completed. Running final test...
================================================================================
Fold 2 completed - AUC: 0.9757, Top-1 F1: 0.6259
Fold 2 training time: 507.84 seconds
=== Cross Validation Fold 3/5 ===
Using hidden dimensions: [256, 256] with 4 attention heads
优化模型初始化: miRNA数量 = 495, 疾病数量 = 383
   节点维度: 256 → 128
   类型数量: 4
   Temperature: 2.0 (可学习)
   Loss mode: softmax_5class
   loss_mode=softmax_5class
   class_weights_5 (neg+4types): ['0.026', '0.970', '2.266', '1.215', '0.524']

✅ SimplifiedMultiTypeAssociationLoss 初始化 (改进版)
   类别权重 (beta=0.99999): ['0.780', '1.822', '0.977', '0.421']
Original positive index shape: torch.Size([1072, 2])
Original negative index shape: torch.Size([135416, 2])
采样后负样本数量: 10720
🎯 Building TRUE DUAL VIEWS from four different sources...
📊 Data sources loaded:
  Disease semantic: torch.Size([383, 383])
  miRNA functional: torch.Size([495, 495])
  Disease-gene: torch.Size([383, 383])
  miRNA-sequence: torch.Size([495, 495])
🧬 Building miRNA dual-view hypergraphs...
  📊 miRNA View 1 (Sequence): torch.Size([495, 878])
  📊 miRNA View 2 (Function): torch.Size([495, 878])
🦠 Building disease dual-view hypergraphs...
  📊 Disease View 1 (Gene): torch.Size([383, 878])
  📊 Disease View 2 (Semantic): torch.Size([383, 878])
✅ Successfully built TRUE DUAL VIEWS:
   🧬 miRNA: Sequence Features (m_ss.xlsx) vs Functional Similarity (mi_fun_sim_2.0.csv)
   🦠 Disease: Gene Features (d_gs.xlsx) vs Semantic Similarity (dis_sem_sim_2.0.csv)

🔧 Epoch 1 梯度检查:
================================================================================

  参数名称                              梯度范数         梯度均值 状态             
  ----------------------------------------------------------------------
  type_relations                0.690744     0.015932 ✅ 正常           
  exist_relation                0.000145     0.000010 ✅ 正常           
  mi_proj_layer0                1.883202     0.005707 ✅ 正常           
  dis_proj_layer0               1.864967     0.006011 ✅ 正常           
================================================================================

Epoch 1, Total Loss: 22.2204, Recover Loss: 3.0364, miRNA CL: 8.9437, Disease CL: 8.4171, Inter-view (est): 4.0063, Recon Loss: 1.5255, Time: 0.70s
[INFO] Hypergraph updated at epoch 5
[INFO] Hypergraph updated at epoch 10
[INFO] Hypergraph updated at epoch 15
[INFO] Hypergraph updated at epoch 20
[INFO] Hypergraph updated at epoch 25
[INFO] Hypergraph updated at epoch 30
[INFO] Hypergraph updated at epoch 35
[INFO] Hypergraph updated at epoch 40
[INFO] Hypergraph updated at epoch 45
[INFO] Hypergraph updated at epoch 50

🔧 Epoch 50 梯度检查:
================================================================================

  参数名称                              梯度范数         梯度均值 状态             
  ----------------------------------------------------------------------
  type_relations                0.311510     0.008680 ✅ 正常           
  exist_relation                0.000140     0.000010 ✅ 正常           
  mi_proj_layer0                0.069210     0.000246 ✅ 正常           
  dis_proj_layer0               0.074784     0.000274 ✅ 正常           
================================================================================

Epoch 50, Total Loss: 18.8683, Recover Loss: 2.6980, miRNA CL: 7.9990, Disease CL: 7.6946, Inter-view (est): 3.6216, Recon Loss: 0.1914, Time: 100.22s
[INFO] Hypergraph updated at epoch 100

🔧 Epoch 100 梯度检查:
================================================================================

  参数名称                              梯度范数         梯度均值 状态             
  ----------------------------------------------------------------------
  type_relations                0.334941     0.008850 ✅ 正常           
  exist_relation                0.000134     0.000009 ✅ 正常           
  mi_proj_layer0                0.068008     0.000247 ✅ 正常           
  dis_proj_layer0               0.071981     0.000261 ✅ 正常           
================================================================================

Epoch 100, Total Loss: 17.7603, Recover Loss: 2.6504, miRNA CL: 7.7439, Disease CL: 7.0632, Inter-view (est): 3.4170, Recon Loss: 0.0319, Time: 138.76s
[INFO] Hypergraph updated at epoch 150

🔧 Epoch 150 梯度检查:
================================================================================

  参数名称                              梯度范数         梯度均值 状态             
  ----------------------------------------------------------------------
  type_relations                0.339974     0.008458 ✅ 正常           
  exist_relation                0.000129     0.000009 ✅ 正常           
  mi_proj_layer0                0.073556     0.000254 ✅ 正常           
  dis_proj_layer0               0.072069     0.000265 ✅ 正常           
================================================================================

Epoch 150, Total Loss: 17.1250, Recover Loss: 2.5637, miRNA CL: 7.5588, Disease CL: 6.7117, Inter-view (est): 3.2932, Recon Loss: 0.0299, Time: 173.44s
[INFO] Hypergraph updated at epoch 200

🔧 Epoch 200 梯度检查:
================================================================================

  参数名称                              梯度范数         梯度均值 状态             
  ----------------------------------------------------------------------
  type_relations                0.332859     0.008183 ✅ 正常           
  exist_relation                0.000125     0.000008 ✅ 正常           
  mi_proj_layer0                0.075387     0.000264 ✅ 正常           
  dis_proj_layer0               0.078410     0.000278 ✅ 正常           
================================================================================

Epoch 200, Total Loss: 16.5785, Recover Loss: 2.5044, miRNA CL: 7.2713, Disease CL: 6.5192, Inter-view (est): 3.1824, Recon Loss: 0.0291, Time: 208.14s
[INFO] Hypergraph updated at epoch 250

🔧 Epoch 250 梯度检查:
================================================================================

  参数名称                              梯度范数         梯度均值 状态             
  ----------------------------------------------------------------------
  type_relations                0.269411     0.007210 ✅ 正常           
  exist_relation                0.000122     0.000008 ✅ 正常           
  mi_proj_layer0                0.062162     0.000233 ✅ 正常           
  dis_proj_layer0               0.075244     0.000275 ✅ 正常           
================================================================================

Epoch 250, Total Loss: 16.2975, Recover Loss: 2.4560, miRNA CL: 7.1405, Disease CL: 6.4210, Inter-view (est): 3.1296, Recon Loss: 0.0288, Time: 241.37s
[INFO] Hypergraph updated at epoch 300

🔧 Epoch 300 梯度检查:
================================================================================

  参数名称                              梯度范数         梯度均值 状态             
  ----------------------------------------------------------------------
  type_relations                0.272595     0.006945 ✅ 正常           
  exist_relation                0.000120     0.000008 ✅ 正常           
  mi_proj_layer0                0.066484     0.000245 ✅ 正常           
  dis_proj_layer0               0.074490     0.000268 ✅ 正常           
================================================================================

Epoch 300, Total Loss: 16.1207, Recover Loss: 2.4249, miRNA CL: 7.0661, Disease CL: 6.3532, Inter-view (est): 3.0968, Recon Loss: 0.0281, Time: 275.05s
[INFO] Hypergraph updated at epoch 350

🔧 Epoch 350 梯度检查:
================================================================================

  参数名称                              梯度范数         梯度均值 状态             
  ----------------------------------------------------------------------
  type_relations                0.303005     0.007089 ✅ 正常           
  exist_relation                0.000118     0.000008 ✅ 正常           
  mi_proj_layer0                0.083551     0.000287 ✅ 正常           
  dis_proj_layer0               0.080422     0.000281 ✅ 正常           
================================================================================

Epoch 350, Total Loss: 15.9779, Recover Loss: 2.3800, miRNA CL: 7.0095, Disease CL: 6.3148, Inter-view (est): 3.0749, Recon Loss: 0.0271, Time: 308.86s
[INFO] Hypergraph updated at epoch 400

🔧 Epoch 400 梯度检查:
================================================================================

  参数名称                              梯度范数         梯度均值 状态             
  ----------------------------------------------------------------------
  type_relations                0.266153     0.007012 ✅ 正常           
  exist_relation                0.000116     0.000007 ✅ 正常           
  mi_proj_layer0                0.064136     0.000240 ✅ 正常           
  dis_proj_layer0               0.074369     0.000273 ✅ 正常           
================================================================================

Epoch 400, Total Loss: 15.8539, Recover Loss: 2.3549, miRNA CL: 6.9485, Disease CL: 6.2785, Inter-view (est): 3.0524, Recon Loss: 0.0273, Time: 342.58s
[INFO] Hypergraph updated at epoch 450

🔧 Epoch 450 梯度检查:
================================================================================

  参数名称                              梯度范数         梯度均值 状态             
  ----------------------------------------------------------------------
  type_relations                0.204411     0.005576 ✅ 正常           
  exist_relation                0.000114     0.000007 ✅ 正常           
  mi_proj_layer0                0.066392     0.000247 ✅ 正常           
  dis_proj_layer0               0.069820     0.000255 ✅ 正常           
================================================================================

Epoch 450, Total Loss: 15.7131, Recover Loss: 2.3169, miRNA CL: 6.8769, Disease CL: 6.2494, Inter-view (est): 3.0291, Recon Loss: 0.0268, Time: 376.60s
[INFO] Hypergraph updated at epoch 500

🔧 Epoch 500 梯度检查:
================================================================================

  参数名称                              梯度范数         梯度均值 状态             
  ----------------------------------------------------------------------
  type_relations                0.204839     0.005540 ✅ 正常           
  exist_relation                0.000113     0.000007 ✅ 正常           
  mi_proj_layer0                0.062251     0.000233 ✅ 正常           
  dis_proj_layer0               0.071787     0.000265 ✅ 正常           
================================================================================

Epoch 500, Total Loss: 15.6432, Recover Loss: 2.3075, miRNA CL: 6.8302, Disease CL: 6.2365, Inter-view (est): 3.0154, Recon Loss: 0.0266, Time: 411.32s
[INFO] Hypergraph updated at epoch 550

🔧 Epoch 550 梯度检查:
================================================================================

  参数名称                              梯度范数         梯度均值 状态             
  ----------------------------------------------------------------------
  type_relations                0.225778     0.006251 ✅ 正常           
  exist_relation                0.000112     0.000007 ✅ 正常           
  mi_proj_layer0                0.070441     0.000258 ✅ 正常           
  dis_proj_layer0               0.072595     0.000262 ✅ 正常           
================================================================================

Epoch 550, Total Loss: 15.5938, Recover Loss: 2.2995, miRNA CL: 6.7993, Disease CL: 6.2266, Inter-view (est): 3.0060, Recon Loss: 0.0267, Time: 445.45s
[INFO] Hypergraph updated at epoch 600

🔧 Epoch 600 梯度检查:
================================================================================

  参数名称                              梯度范数         梯度均值 状态             
  ----------------------------------------------------------------------
  type_relations                0.198243     0.005723 ✅ 正常           
  exist_relation                0.000112     0.000007 ✅ 正常           
  mi_proj_layer0                0.063173     0.000237 ✅ 正常           
  dis_proj_layer0               0.066909     0.000246 ✅ 正常           
================================================================================

Epoch 600, Total Loss: 15.5490, Recover Loss: 2.2900, miRNA CL: 6.7742, Disease CL: 6.2171, Inter-view (est): 2.9980, Recon Loss: 0.0265, Time: 481.34s
[INFO] Hypergraph updated at epoch 650

🔧 Epoch 650 梯度检查:
================================================================================

  参数名称                              梯度范数         梯度均值 状态             
  ----------------------------------------------------------------------
  type_relations                0.188641     0.004882 ✅ 正常           
  exist_relation                0.000111     0.000007 ✅ 正常           
  mi_proj_layer0                0.062889     0.000230 ✅ 正常           
  dis_proj_layer0               0.067248     0.000246 ✅ 正常           
================================================================================

Epoch 650, Total Loss: 15.5094, Recover Loss: 2.2849, miRNA CL: 6.7498, Disease CL: 6.2077, Inter-view (est): 2.9902, Recon Loss: 0.0264, Time: 516.10s

================================================================================
Training completed. Running final test...
================================================================================
Fold 3 completed - AUC: 0.9741, Top-1 F1: 0.6372
Fold 3 training time: 516.91 seconds
=== Cross Validation Fold 4/5 ===
Using hidden dimensions: [256, 256] with 4 attention heads
优化模型初始化: miRNA数量 = 495, 疾病数量 = 383
   节点维度: 256 → 128
   类型数量: 4
   Temperature: 2.0 (可学习)
   Loss mode: softmax_5class
   loss_mode=softmax_5class
   class_weights_5 (neg+4types): ['0.026', '0.970', '2.266', '1.215', '0.524']

✅ SimplifiedMultiTypeAssociationLoss 初始化 (改进版)
   类别权重 (beta=0.99999): ['0.780', '1.822', '0.977', '0.421']
Original positive index shape: torch.Size([1072, 2])
Original negative index shape: torch.Size([135416, 2])
采样后负样本数量: 10720
🎯 Building TRUE DUAL VIEWS from four different sources...
📊 Data sources loaded:
  Disease semantic: torch.Size([383, 383])
  miRNA functional: torch.Size([495, 495])
  Disease-gene: torch.Size([383, 383])
  miRNA-sequence: torch.Size([495, 495])
🧬 Building miRNA dual-view hypergraphs...
  📊 miRNA View 1 (Sequence): torch.Size([495, 878])
  📊 miRNA View 2 (Function): torch.Size([495, 878])
🦠 Building disease dual-view hypergraphs...
  📊 Disease View 1 (Gene): torch.Size([383, 878])
  📊 Disease View 2 (Semantic): torch.Size([383, 878])
✅ Successfully built TRUE DUAL VIEWS:
   🧬 miRNA: Sequence Features (m_ss.xlsx) vs Functional Similarity (mi_fun_sim_2.0.csv)
   🦠 Disease: Gene Features (d_gs.xlsx) vs Semantic Similarity (dis_sem_sim_2.0.csv)

🔧 Epoch 1 梯度检查:
================================================================================

  参数名称                              梯度范数         梯度均值 状态             
  ----------------------------------------------------------------------
  type_relations                0.682970     0.016295 ✅ 正常           
  exist_relation                0.000139     0.000010 ✅ 正常           
  mi_proj_layer0                1.345155     0.004149 ✅ 正常           
  dis_proj_layer0               1.454991     0.004539 ✅ 正常           
================================================================================

Epoch 1, Total Loss: 22.1582, Recover Loss: 2.9839, miRNA CL: 8.9423, Disease CL: 8.4508, Inter-view (est): 4.0138, Recon Loss: 1.4830, Time: 0.66s
[INFO] Hypergraph updated at epoch 5
[INFO] Hypergraph updated at epoch 10
[INFO] Hypergraph updated at epoch 15
[INFO] Hypergraph updated at epoch 20
[INFO] Hypergraph updated at epoch 25
[INFO] Hypergraph updated at epoch 30
[INFO] Hypergraph updated at epoch 35
[INFO] Hypergraph updated at epoch 40
[INFO] Hypergraph updated at epoch 45
[INFO] Hypergraph updated at epoch 50

🔧 Epoch 50 梯度检查:
================================================================================

  参数名称                              梯度范数         梯度均值 状态             
  ----------------------------------------------------------------------
  type_relations                0.289438     0.008083 ✅ 正常           
  exist_relation                0.000134     0.000009 ✅ 正常           
  mi_proj_layer0                0.060525     0.000213 ✅ 正常           
  dis_proj_layer0               0.069235     0.000251 ✅ 正常           
================================================================================

Epoch 50, Total Loss: 18.9034, Recover Loss: 2.7024, miRNA CL: 7.9931, Disease CL: 7.7337, Inter-view (est): 3.6293, Recon Loss: 0.1893, Time: 93.29s
[INFO] Hypergraph updated at epoch 100

🔧 Epoch 100 梯度检查:
================================================================================

  参数名称                              梯度范数         梯度均值 状态             
  ----------------------------------------------------------------------
  type_relations                0.329165     0.008063 ✅ 正常           
  exist_relation                0.000128     0.000009 ✅ 正常           
  mi_proj_layer0                0.062157     0.000224 ✅ 正常           
  dis_proj_layer0               0.080292     0.000270 ✅ 正常           
================================================================================

Epoch 100, Total Loss: 17.7492, Recover Loss: 2.6483, miRNA CL: 7.7341, Disease CL: 7.0644, Inter-view (est): 3.4150, Recon Loss: 0.0321, Time: 131.20s
[INFO] Hypergraph updated at epoch 150

🔧 Epoch 150 梯度检查:
================================================================================

  参数名称                              梯度范数         梯度均值 状态             
  ----------------------------------------------------------------------
  type_relations                0.356178     0.008900 ✅ 正常           
  exist_relation                0.000124     0.000008 ✅ 正常           
  mi_proj_layer0                0.065561     0.000241 ✅ 正常           
  dis_proj_layer0               0.080188     0.000280 ✅ 正常           
================================================================================

Epoch 150, Total Loss: 17.0338, Recover Loss: 2.5813, miRNA CL: 7.4839, Disease CL: 6.6777, Inter-view (est): 3.2681, Recon Loss: 0.0307, Time: 164.80s
[INFO] Hypergraph updated at epoch 200

🔧 Epoch 200 梯度检查:
================================================================================

  参数名称                              梯度范数         梯度均值 状态             
  ----------------------------------------------------------------------
  type_relations                0.380777     0.008986 ✅ 正常           
  exist_relation                0.000120     0.000008 ✅ 正常           
  mi_proj_layer0                0.075910     0.000249 ✅ 正常           
  dis_proj_layer0               0.085517     0.000289 ✅ 正常           
================================================================================

Epoch 200, Total Loss: 16.4538, Recover Loss: 2.4892, miRNA CL: 7.2174, Disease CL: 6.4635, Inter-view (est): 3.1571, Recon Loss: 0.0296, Time: 198.96s
[INFO] Hypergraph updated at epoch 250

🔧 Epoch 250 梯度检查:
================================================================================

  参数名称                              梯度范数         梯度均值 状态             
  ----------------------------------------------------------------------
  type_relations                0.317068     0.007729 ✅ 正常           
  exist_relation                0.000117     0.000007 ✅ 正常           
  mi_proj_layer0                0.064303     0.000232 ✅ 正常           
  dis_proj_layer0               0.068684     0.000248 ✅ 正常           
================================================================================

Epoch 250, Total Loss: 16.1994, Recover Loss: 2.4347, miRNA CL: 7.1056, Disease CL: 6.3804, Inter-view (est): 3.1121, Recon Loss: 0.0285, Time: 233.27s
[INFO] Hypergraph updated at epoch 300

🔧 Epoch 300 梯度检查:
================================================================================

  参数名称                              梯度范数         梯度均值 状态             
  ----------------------------------------------------------------------
  type_relations                0.251733     0.006659 ✅ 正常           
  exist_relation                0.000114     0.000007 ✅ 正常           
  mi_proj_layer0                0.065023     0.000236 ✅ 正常           
  dis_proj_layer0               0.078837     0.000270 ✅ 正常           
================================================================================

Epoch 300, Total Loss: 16.0529, Recover Loss: 2.4107, miRNA CL: 7.0366, Disease CL: 6.3299, Inter-view (est): 3.0846, Recon Loss: 0.0282, Time: 267.19s
[INFO] Hypergraph updated at epoch 350

🔧 Epoch 350 梯度检查:
================================================================================

  参数名称                              梯度范数         梯度均值 状态             
  ----------------------------------------------------------------------
  type_relations                0.238963     0.006449 ✅ 正常           
  exist_relation                0.000112     0.000007 ✅ 正常           
  mi_proj_layer0                0.064051     0.000231 ✅ 正常           
  dis_proj_layer0               0.075434     0.000264 ✅ 正常           
================================================================================

Epoch 350, Total Loss: 15.8887, Recover Loss: 2.3692, miRNA CL: 6.9673, Disease CL: 6.2802, Inter-view (est): 3.0571, Recon Loss: 0.0271, Time: 301.34s
[INFO] Hypergraph updated at epoch 400

🔧 Epoch 400 梯度检查:
================================================================================

  参数名称                              梯度范数         梯度均值 状态             
  ----------------------------------------------------------------------
  type_relations                0.221300     0.006022 ✅ 正常           
  exist_relation                0.000110     0.000007 ✅ 正常           
  mi_proj_layer0                0.066446     0.000241 ✅ 正常           
  dis_proj_layer0               0.072549     0.000264 ✅ 正常           
================================================================================

Epoch 400, Total Loss: 15.7548, Recover Loss: 2.3523, miRNA CL: 6.8901, Disease CL: 6.2429, Inter-view (est): 3.0307, Recon Loss: 0.0267, Time: 335.36s
[INFO] Hypergraph updated at epoch 450

🔧 Epoch 450 梯度检查:
================================================================================

  参数名称                              梯度范数         梯度均值 状态             
  ----------------------------------------------------------------------
  type_relations                0.236282     0.006245 ✅ 正常           
  exist_relation                0.000109     0.000007 ✅ 正常           
  mi_proj_layer0                0.069575     0.000247 ✅ 正常           
  dis_proj_layer0               0.086260     0.000291 ✅ 正常           
================================================================================

Epoch 450, Total Loss: 15.6519, Recover Loss: 2.3400, miRNA CL: 6.8187, Disease CL: 6.2242, Inter-view (est): 3.0099, Recon Loss: 0.0271, Time: 373.38s
[INFO] Hypergraph updated at epoch 500

🔧 Epoch 500 梯度检查:
================================================================================

  参数名称                              梯度范数         梯度均值 状态             
  ----------------------------------------------------------------------
  type_relations                0.208658     0.005554 ✅ 正常           
  exist_relation                0.000108     0.000006 ✅ 正常           
  mi_proj_layer0                0.064603     0.000232 ✅ 正常           
  dis_proj_layer0               0.065246     0.000237 ✅ 正常           
================================================================================
