================================================================
 PLAN E - TRUE ABLATION REBUILD (loss_mode=softmax_5class)
 Modes: no_cl_rebuild, no_hgcn_rebuild, no_hgt_rebuild
 ETA: ~50 phut/mode * 3 modes
================================================================

[Plan E] no_cl_rebuild (softmax_5class) ~50 phut
----------------------------------------------------------------
[CPU] torch.set_num_threads(14), interop=min(4, 14)
Using device: cpu
[INFO] Auto-computed BALANCED class weights (to prevent class collapse):
  Circulation  (367 samples): 0.780
  Epigenetics  (157 samples): 1.823
  Target       (293 samples): 0.977
  Genetics     (681 samples): 0.420
  [NOTE] Higher weights for minority classes to prevent model from only predicting majority class
[INFO] Using v2.0_495m383D dataset:
  miRNAs: 495
  Diseases: 383
  Expected associations: ~1498
  Types: 4 (Circulation, Epigenetics, Target, Genetics)

================================================================================
Configuration Summary
================================================================================
Dataset: v2.0_495m383D
Data Path: ./
Model: HeterogenousGraphCLAMIR
  - HGT Layers: 2
  - Attention Heads: 4
  - Association Types: 4
  - Inter-view CL: Enabled
    - Weight: 0.3
    - Temperature: 0.5
    - Margin: 0.5

Training:
  - Epochs: 650
  - Learning Rate: 0.0001
  - Dropout: 0.3
  - Weight Decay: 5e-05
  - Focal Loss: Enabled

Evaluation:
  - Cross-Validation Folds: 5
  - Primary Metric: AUPR

Device: cpu
Random Seed: 1234
================================================================================

🚀 Running with comprehensive evaluation including Top-1 metrics...
🎯 Loading dual-view data...
Starting dual-view data preparation with new file format...
Loading all similarity and feature files from v2.0_495m383D...
✅ Loaded disease semantic similarity from D_SSM1.txt: (383, 383)
✅ Loaded miRNA functional similarity from M_FSM.txt: (495, 495)
✅ Loaded multi-type association pairs from ./v2.0_495m383D\multi_all_mirna_disease_pairs_without_negative.csv: (1679, 3)
✅ Created multi-type association matrix: (495, 383)
📊 Multi-type Association Statistics:
   无关联 (No association): 188087 pairs (99.21%)
   循环类型 (Circulation): 367 pairs (0.19%)
   表观遗传学 (Epigenetics): 157 pairs (0.08%)
   靶标类型 (Target): 293 pairs (0.15%)
   遗传学类型 (Genetics): 681 pairs (0.36%)
✅ Created association matrix from CSV: (495, 383)
✅ Loaded disease-gene features from D_SSM2.txt: torch.Size([383, 383])
✅ Loaded miRNA-sequence features from M_GSM.txt: torch.Size([495, 495])
Processing integrated similarity matrices...
Loaded similarity matrices from cache
Processing indices...
Loaded indices from cache
✅ Dual-view data preparation completed in 0.44 seconds

============================================================
🎯 DUAL-VIEW CONFIGURATION SUMMARY (v2.0_495m383D)
============================================================
miRNA Dual Views:
  📊 View 1 (Sequence): M_GSM.txt torch.Size([495, 495])
  📊 View 2 (Function): M_FSM.txt torch.Size([495, 495])

Disease Dual Views:
  📊 View 1 (Gene): D_SSM2.txt torch.Size([383, 383])
  📊 View 2 (Semantic): D_SSM1.txt torch.Size([383, 383])

Association Matrix: torch.Size([495, 383])
Data source: v2.0_495m383D (495 miRNAs × 383 Diseases)
============================================================
Preloading dual-view data to device...
✅ Loaded disease-gene features to device: torch.Size([383, 383])
✅ Loaded miRNA-sequence features to device: torch.Size([495, 495])
✅ Loaded disease semantic similarity to device: torch.Size([383, 383])
✅ Loaded miRNA functional similarity to device: torch.Size([495, 495])
✅ Dual-view data preloading completed in 0.00 seconds
OptimizedDataset initialized with 5 folds
Using device: cpu
=== Cross Validation Fold 1/5 ===
Using hidden dimensions: [256, 256] with 4 attention heads
[ABLATION] Running with mode = no_cl_rebuild
优化模型初始化: miRNA数量 = 495, 疾病数量 = 383
[ABLATION REBUILD] no_cl_rebuild — HGCN plain single-view, no contrastive
   节点维度: 256 → 128
   类型数量: 4
   Temperature: 2.0 (可学习)
   Loss mode: softmax_5class
   loss_mode=softmax_5class
   class_weights_5 (neg+4types): ['0.026', '0.970', '2.266', '1.215', '0.524']

✅ SimplifiedMultiTypeAssociationLoss 初始化 (改进版)
   类别权重 (beta=0.99999): ['0.780', '1.822', '0.977', '0.421']
Original positive index shape: torch.Size([1072, 2])
Original negative index shape: torch.Size([135416, 2])
采样后负样本数量: 10720
🎯 Building TRUE DUAL VIEWS from four different sources...
📊 Data sources loaded:
  Disease semantic: torch.Size([383, 383])
  miRNA functional: torch.Size([495, 495])
  Disease-gene: torch.Size([383, 383])
  miRNA-sequence: torch.Size([495, 495])
🧬 Building miRNA dual-view hypergraphs...
  📊 miRNA View 1 (Sequence): torch.Size([495, 878])
  📊 miRNA View 2 (Function): torch.Size([495, 878])
🦠 Building disease dual-view hypergraphs...
  📊 Disease View 1 (Gene): torch.Size([383, 878])
  📊 Disease View 2 (Semantic): torch.Size([383, 878])
✅ Successfully built TRUE DUAL VIEWS:
   🧬 miRNA: Sequence Features (m_ss.xlsx) vs Functional Similarity (mi_fun_sim_2.0.csv)
   🦠 Disease: Gene Features (d_gs.xlsx) vs Semantic Similarity (dis_sem_sim_2.0.csv)

🔧 Epoch 1 梯度检查:
================================================================================

  参数名称                              梯度范数         梯度均值 状态             
  ----------------------------------------------------------------------
  type_relations                0.646131     0.016408 ✅ 正常           
  exist_relation                0.000150     0.000010 ✅ 正常           
  mi_proj_layer0                1.341041     0.004155 ✅ 正常           
  dis_proj_layer0               1.358581     0.004109 ✅ 正常           
================================================================================

Epoch 1, Total Loss: 4.7614, Recover Loss: 2.9741, miRNA CL: 0.0000, Disease CL: 0.0000, Inter-view (est): 0.0000, Recon Loss: 1.4598, Time: 0.22s
[INFO] Hypergraph updated at epoch 5
[INFO] Hypergraph updated at epoch 10
[INFO] Hypergraph updated at epoch 15
[INFO] Hypergraph updated at epoch 20
[INFO] Hypergraph updated at epoch 25
[INFO] Hypergraph updated at epoch 30
[INFO] Hypergraph updated at epoch 35
[INFO] Hypergraph updated at epoch 40
[INFO] Hypergraph updated at epoch 45
[INFO] Hypergraph updated at epoch 50

🔧 Epoch 50 梯度检查:
================================================================================

  参数名称                              梯度范数         梯度均值 状态             
  ----------------------------------------------------------------------
  type_relations                0.279330     0.007902 ✅ 正常           
  exist_relation                0.000145     0.000010 ✅ 正常           
  mi_proj_layer0                0.072282     0.000263 ✅ 正常           
  dis_proj_layer0               0.080401     0.000279 ✅ 正常           
================================================================================

Epoch 50, Total Loss: 3.0657, Recover Loss: 2.6939, miRNA CL: 0.0000, Disease CL: 0.0000, Inter-view (est): 0.0000, Recon Loss: 0.0714, Time: 61.61s
[INFO] Hypergraph updated at epoch 100

🔧 Epoch 100 梯度检查:
================================================================================

  参数名称                              梯度范数         梯度均值 状态             
  ----------------------------------------------------------------------
  type_relations                0.312495     0.008419 ✅ 正常           
  exist_relation                0.000140     0.000009 ✅ 正常           
  mi_proj_layer0                0.068531     0.000247 ✅ 正常           
  dis_proj_layer0               0.074452     0.000265 ✅ 正常           
================================================================================

Epoch 100, Total Loss: 2.9259, Recover Loss: 2.6224, miRNA CL: 0.0000, Disease CL: 0.0000, Inter-view (est): 0.0000, Recon Loss: 0.0313, Time: 70.86s
[INFO] Hypergraph updated at epoch 150

🔧 Epoch 150 梯度检查:
================================================================================

  参数名称                              梯度范数         梯度均值 状态             
  ----------------------------------------------------------------------
  type_relations                0.307987     0.008675 ✅ 正常           
  exist_relation                0.000135     0.000009 ✅ 正常           
  mi_proj_layer0                0.069984     0.000249 ✅ 正常           
  dis_proj_layer0               0.078610     0.000279 ✅ 正常           
================================================================================

Epoch 150, Total Loss: 2.8204, Recover Loss: 2.5380, miRNA CL: 0.0000, Disease CL: 0.0000, Inter-view (est): 0.0000, Recon Loss: 0.0296, Time: 79.23s
[INFO] Hypergraph updated at epoch 200

🔧 Epoch 200 梯度检查:
================================================================================

  参数名称                              梯度范数         梯度均值 状态             
  ----------------------------------------------------------------------
  type_relations                0.301515     0.007890 ✅ 正常           
  exist_relation                0.000131     0.000008 ✅ 正常           
  mi_proj_layer0                0.062105     0.000226 ✅ 正常           
  dis_proj_layer0               0.070580     0.000251 ✅ 正常           
================================================================================

Epoch 200, Total Loss: 2.7139, Recover Loss: 2.4459, miRNA CL: 0.0000, Disease CL: 0.0000, Inter-view (est): 0.0000, Recon Loss: 0.0295, Time: 87.67s
[INFO] Hypergraph updated at epoch 250

🔧 Epoch 250 梯度检查:
================================================================================

  参数名称                              梯度范数         梯度均值 状态             
  ----------------------------------------------------------------------
  type_relations                0.231886     0.006313 ✅ 正常           
  exist_relation                0.000127     0.000008 ✅ 正常           
  mi_proj_layer0                0.062308     0.000226 ✅ 正常           
  dis_proj_layer0               0.070922     0.000249 ✅ 正常           
================================================================================

Epoch 250, Total Loss: 2.6374, Recover Loss: 2.3816, miRNA CL: 0.0000, Disease CL: 0.0000, Inter-view (est): 0.0000, Recon Loss: 0.0284, Time: 95.86s
[INFO] Hypergraph updated at epoch 300

🔧 Epoch 300 梯度检查:
================================================================================

  参数名称                              梯度范数         梯度均值 状态             
  ----------------------------------------------------------------------
  type_relations                0.278282     0.006878 ✅ 正常           
  exist_relation                0.000123     0.000008 ✅ 正常           
  mi_proj_layer0                0.070983     0.000249 ✅ 正常           
  dis_proj_layer0               0.077267     0.000270 ✅ 正常           
================================================================================

Epoch 300, Total Loss: 2.5646, Recover Loss: 2.3169, miRNA CL: 0.0000, Disease CL: 0.0000, Inter-view (est): 0.0000, Recon Loss: 0.0288, Time: 104.35s
[INFO] Hypergraph updated at epoch 350

🔧 Epoch 350 梯度检查:
================================================================================

  参数名称                              梯度范数         梯度均值 状态             
  ----------------------------------------------------------------------
  type_relations                0.249478     0.006676 ✅ 正常           
  exist_relation                0.000120     0.000007 ✅ 正常           
  mi_proj_layer0                0.065261     0.000237 ✅ 正常           
  dis_proj_layer0               0.073546     0.000267 ✅ 正常           
================================================================================

Epoch 350, Total Loss: 2.5196, Recover Loss: 2.2789, miRNA CL: 0.0000, Disease CL: 0.0000, Inter-view (est): 0.0000, Recon Loss: 0.0286, Time: 112.85s
[INFO] Hypergraph updated at epoch 400

🔧 Epoch 400 梯度检查:
================================================================================

  参数名称                              梯度范数         梯度均值 状态             
  ----------------------------------------------------------------------
  type_relations                0.188629     0.005081 ✅ 正常           
  exist_relation                0.000116     0.000007 ✅ 正常           
  mi_proj_layer0                0.067357     0.000240 ✅ 正常           
  dis_proj_layer0               0.072664     0.000261 ✅ 正常           
================================================================================

Epoch 400, Total Loss: 2.4672, Recover Loss: 2.2327, miRNA CL: 0.0000, Disease CL: 0.0000, Inter-view (est): 0.0000, Recon Loss: 0.0277, Time: 121.19s
[INFO] Hypergraph updated at epoch 450

🔧 Epoch 450 梯度检查:
================================================================================

  参数名称                              梯度范数         梯度均值 状态             
  ----------------------------------------------------------------------
  type_relations                0.146515     0.004270 ✅ 正常           
  exist_relation                0.000113     0.000007 ✅ 正常           
  mi_proj_layer0                0.066564     0.000238 ✅ 正常           
  dis_proj_layer0               0.077467     0.000274 ✅ 正常           
================================================================================

Epoch 450, Total Loss: 2.4348, Recover Loss: 2.2046, miRNA CL: 0.0000, Disease CL: 0.0000, Inter-view (est): 0.0000, Recon Loss: 0.0279, Time: 129.78s
[INFO] Hypergraph updated at epoch 500

🔧 Epoch 500 梯度检查:
================================================================================

  参数名称                              梯度范数         梯度均值 状态             
  ----------------------------------------------------------------------
  type_relations                0.181254     0.005058 ✅ 正常           
  exist_relation                0.000110     0.000006 ✅ 正常           
  mi_proj_layer0                0.066667     0.000241 ✅ 正常           
  dis_proj_layer0               0.077865     0.000275 ✅ 正常           
================================================================================

Epoch 500, Total Loss: 2.4104, Recover Loss: 2.1842, miRNA CL: 0.0000, Disease CL: 0.0000, Inter-view (est): 0.0000, Recon Loss: 0.0276, Time: 138.33s
[INFO] Hypergraph updated at epoch 550

🔧 Epoch 550 梯度检查:
================================================================================

  参数名称                              梯度范数         梯度均值 状态             
  ----------------------------------------------------------------------
  type_relations                0.174910     0.004567 ✅ 正常           
  exist_relation                0.000107     0.000006 ✅ 正常           
  mi_proj_layer0                0.066130     0.000239 ✅ 正常           
  dis_proj_layer0               0.074557     0.000268 ✅ 正常           
================================================================================

Epoch 550, Total Loss: 2.3793, Recover Loss: 2.1560, miRNA CL: 0.0000, Disease CL: 0.0000, Inter-view (est): 0.0000, Recon Loss: 0.0278, Time: 148.28s
[INFO] Hypergraph updated at epoch 600

🔧 Epoch 600 梯度检查:
================================================================================

  参数名称                              梯度范数         梯度均值 状态             
  ----------------------------------------------------------------------
  type_relations                0.182716     0.004725 ✅ 正常           
  exist_relation                0.000104     0.000006 ✅ 正常           
  mi_proj_layer0                0.079338     0.000279 ✅ 正常           
  dis_proj_layer0               0.090426     0.000311 ✅ 正常           
================================================================================

Epoch 600, Total Loss: 2.3555, Recover Loss: 2.1354, miRNA CL: 0.0000, Disease CL: 0.0000, Inter-view (est): 0.0000, Recon Loss: 0.0272, Time: 157.21s
[INFO] Hypergraph updated at epoch 650

🔧 Epoch 650 梯度检查:
================================================================================

  参数名称                              梯度范数         梯度均值 状态             
  ----------------------------------------------------------------------
  type_relations                0.116526     0.003268 ✅ 正常           
  exist_relation                0.000101     0.000006 ✅ 正常           
  mi_proj_layer0                0.063149     0.000227 ✅ 正常           
  dis_proj_layer0               0.066657     0.000239 ✅ 正常           
================================================================================

Epoch 650, Total Loss: 2.3279, Recover Loss: 2.1113, miRNA CL: 0.0000, Disease CL: 0.0000, Inter-view (est): 0.0000, Recon Loss: 0.0260, Time: 166.06s

================================================================================
Training completed. Running final test...
================================================================================
Fold 1 completed - AUC: 0.9803, Top-1 F1: 0.6824
Fold 1 training time: 167.14 seconds
=== Cross Validation Fold 2/5 ===
Using hidden dimensions: [256, 256] with 4 attention heads
[ABLATION] Running with mode = no_cl_rebuild
优化模型初始化: miRNA数量 = 495, 疾病数量 = 383
[ABLATION REBUILD] no_cl_rebuild — HGCN plain single-view, no contrastive
   节点维度: 256 → 128
   类型数量: 4
   Temperature: 2.0 (可学习)
   Loss mode: softmax_5class
   loss_mode=softmax_5class
   class_weights_5 (neg+4types): ['0.026', '0.970', '2.266', '1.215', '0.524']

✅ SimplifiedMultiTypeAssociationLoss 初始化 (改进版)
   类别权重 (beta=0.99999): ['0.780', '1.822', '0.977', '0.421']
Original positive index shape: torch.Size([1072, 2])
Original negative index shape: torch.Size([135416, 2])
采样后负样本数量: 10720
🎯 Building TRUE DUAL VIEWS from four different sources...
📊 Data sources loaded:
  Disease semantic: torch.Size([383, 383])
  miRNA functional: torch.Size([495, 495])
  Disease-gene: torch.Size([383, 383])
  miRNA-sequence: torch.Size([495, 495])
🧬 Building miRNA dual-view hypergraphs...
  📊 miRNA View 1 (Sequence): torch.Size([495, 878])
  📊 miRNA View 2 (Function): torch.Size([495, 878])
🦠 Building disease dual-view hypergraphs...
  📊 Disease View 1 (Gene): torch.Size([383, 878])
  📊 Disease View 2 (Semantic): torch.Size([383, 878])
✅ Successfully built TRUE DUAL VIEWS:
   🧬 miRNA: Sequence Features (m_ss.xlsx) vs Functional Similarity (mi_fun_sim_2.0.csv)
   🦠 Disease: Gene Features (d_gs.xlsx) vs Semantic Similarity (dis_sem_sim_2.0.csv)

🔧 Epoch 1 梯度检查:
================================================================================

  参数名称                              梯度范数         梯度均值 状态             
  ----------------------------------------------------------------------
  type_relations                0.823656     0.019140 ✅ 正常           
  exist_relation                0.000149     0.000011 ✅ 正常           
  mi_proj_layer0                3.342863     0.009994 ✅ 正常           
  dis_proj_layer0               3.562381     0.010934 ✅ 正常           
================================================================================

Epoch 1, Total Loss: 4.9271, Recover Loss: 3.1736, miRNA CL: 0.0000, Disease CL: 0.0000, Inter-view (est): 0.0000, Recon Loss: 1.4261, Time: 0.18s
[INFO] Hypergraph updated at epoch 5
[INFO] Hypergraph updated at epoch 10
[INFO] Hypergraph updated at epoch 15
[INFO] Hypergraph updated at epoch 20
[INFO] Hypergraph updated at epoch 25
[INFO] Hypergraph updated at epoch 30
[INFO] Hypergraph updated at epoch 35
[INFO] Hypergraph updated at epoch 40
[INFO] Hypergraph updated at epoch 45
[INFO] Hypergraph updated at epoch 50

🔧 Epoch 50 梯度检查:
================================================================================

  参数名称                              梯度范数         梯度均值 状态             
  ----------------------------------------------------------------------
  type_relations                0.287744     0.008117 ✅ 正常           
  exist_relation                0.000144     0.000010 ✅ 正常           
  mi_proj_layer0                0.082424     0.000283 ✅ 正常           
  dis_proj_layer0               0.091434     0.000317 ✅ 正常           
================================================================================

Epoch 50, Total Loss: 3.1525, Recover Loss: 2.7039, miRNA CL: 0.0000, Disease CL: 0.0000, Inter-view (est): 0.0000, Recon Loss: 0.1484, Time: 57.52s
[INFO] Hypergraph updated at epoch 100

🔧 Epoch 100 梯度检查:
================================================================================

  参数名称                              梯度范数         梯度均值 状态             
  ----------------------------------------------------------------------
  type_relations                0.326226     0.009025 ✅ 正常           
  exist_relation                0.000138     0.000010 ✅ 正常           
  mi_proj_layer0                0.072553     0.000266 ✅ 正常           
  dis_proj_layer0               0.080041     0.000287 ✅ 正常           
================================================================================

Epoch 100, Total Loss: 2.9390, Recover Loss: 2.6349, miRNA CL: 0.0000, Disease CL: 0.0000, Inter-view (est): 0.0000, Recon Loss: 0.0311, Time: 67.78s
[INFO] Hypergraph updated at epoch 150

🔧 Epoch 150 梯度检查:
================================================================================

  参数名称                              梯度范数         梯度均值 状态             
  ----------------------------------------------------------------------
  type_relations                0.335571     0.008592 ✅ 正常           
  exist_relation                0.000133     0.000009 ✅ 正常           
  mi_proj_layer0                0.068832     0.000243 ✅ 正常           
  dis_proj_layer0               0.073718     0.000263 ✅ 正常           
================================================================================

Epoch 150, Total Loss: 2.8259, Recover Loss: 2.5427, miRNA CL: 0.0000, Disease CL: 0.0000, Inter-view (est): 0.0000, Recon Loss: 0.0291, Time: 76.22s
[INFO] Hypergraph updated at epoch 200

🔧 Epoch 200 梯度检查:
================================================================================

  参数名称                              梯度范数         梯度均值 状态             
  ----------------------------------------------------------------------
  type_relations                0.344415     0.008154 ✅ 正常           
  exist_relation                0.000129     0.000009 ✅ 正常           
  mi_proj_layer0                0.065198     0.000232 ✅ 正常           
  dis_proj_layer0               0.075479     0.000269 ✅ 正常           
================================================================================

Epoch 200, Total Loss: 2.7391, Recover Loss: 2.4714, miRNA CL: 0.0000, Disease CL: 0.0000, Inter-view (est): 0.0000, Recon Loss: 0.0277, Time: 84.32s
[INFO] Hypergraph updated at epoch 250

🔧 Epoch 250 梯度检查:
================================================================================

  参数名称                              梯度范数         梯度均值 状态             
  ----------------------------------------------------------------------
  type_relations                0.261601     0.006662 ✅ 正常           
  exist_relation                0.000124     0.000008 ✅ 正常           
  mi_proj_layer0                0.069858     0.000242 ✅ 正常           
  dis_proj_layer0               0.078913     0.000273 ✅ 正常           
================================================================================

Epoch 250, Total Loss: 2.6666, Recover Loss: 2.4096, miRNA CL: 0.0000, Disease CL: 0.0000, Inter-view (est): 0.0000, Recon Loss: 0.0277, Time: 92.42s
[INFO] Hypergraph updated at epoch 300

🔧 Epoch 300 梯度检查:
================================================================================

  参数名称                              梯度范数         梯度均值 状态             
  ----------------------------------------------------------------------
  type_relations                0.273587     0.006653 ✅ 正常           
  exist_relation                0.000120     0.000008 ✅ 正常           
  mi_proj_layer0                0.064970     0.000228 ✅ 正常           
  dis_proj_layer0               0.070433     0.000252 ✅ 正常           
================================================================================

Epoch 300, Total Loss: 2.5922, Recover Loss: 2.3440, miRNA CL: 0.0000, Disease CL: 0.0000, Inter-view (est): 0.0000, Recon Loss: 0.0274, Time: 100.75s
[INFO] Hypergraph updated at epoch 350

🔧 Epoch 350 梯度检查:
================================================================================

  参数名称                              梯度范数         梯度均值 状态             
  ----------------------------------------------------------------------
  type_relations                0.260447     0.006101 ✅ 正常           
  exist_relation                0.000117     0.000007 ✅ 正常           
  mi_proj_layer0                0.076419     0.000258 ✅ 正常           
  dis_proj_layer0               0.086161     0.000293 ✅ 正常           
================================================================================

Epoch 350, Total Loss: 2.5491, Recover Loss: 2.3075, miRNA CL: 0.0000, Disease CL: 0.0000, Inter-view (est): 0.0000, Recon Loss: 0.0275, Time: 108.76s
[INFO] Hypergraph updated at epoch 400

🔧 Epoch 400 梯度检查:
================================================================================

  参数名称                              梯度范数         梯度均值 状态             
  ----------------------------------------------------------------------
  type_relations                0.231454     0.005926 ✅ 正常           
  exist_relation                0.000113     0.000007 ✅ 正常           
  mi_proj_layer0                0.060484     0.000217 ✅ 正常           
  dis_proj_layer0               0.067719     0.000242 ✅ 正常           
================================================================================

Epoch 400, Total Loss: 2.4961, Recover Loss: 2.2607, miRNA CL: 0.0000, Disease CL: 0.0000, Inter-view (est): 0.0000, Recon Loss: 0.0267, Time: 116.88s
[INFO] Hypergraph updated at epoch 450

🔧 Epoch 450 梯度检查:
================================================================================

  参数名称                              梯度范数         梯度均值 状态             
  ----------------------------------------------------------------------
  type_relations                0.153197     0.004102 ✅ 正常           
  exist_relation                0.000109     0.000007 ✅ 正常           
  mi_proj_layer0                0.061845     0.000219 ✅ 正常           
  dis_proj_layer0               0.071096     0.000251 ✅ 正常           
================================================================================

Epoch 450, Total Loss: 2.4691, Recover Loss: 2.2388, miRNA CL: 0.0000, Disease CL: 0.0000, Inter-view (est): 0.0000, Recon Loss: 0.0262, Time: 125.06s
[INFO] Hypergraph updated at epoch 500

🔧 Epoch 500 梯度检查:
================================================================================

  参数名称                              梯度范数         梯度均值 状态             
  ----------------------------------------------------------------------
  type_relations                0.201622     0.005511 ✅ 正常           
  exist_relation                0.000106     0.000007 ✅ 正常           
  mi_proj_layer0                0.075549     0.000259 ✅ 正常           
  dis_proj_layer0               0.082377     0.000282 ✅ 正常           
================================================================================

Epoch 500, Total Loss: 2.4394, Recover Loss: 2.2129, miRNA CL: 0.0000, Disease CL: 0.0000, Inter-view (est): 0.0000, Recon Loss: 0.0262, Time: 133.33s
[INFO] Hypergraph updated at epoch 550

🔧 Epoch 550 梯度检查:
================================================================================

  参数名称                              梯度范数         梯度均值 状态             
  ----------------------------------------------------------------------
  type_relations                0.149381     0.003871 ✅ 正常           
  exist_relation                0.000103     0.000006 ✅ 正常           
  mi_proj_layer0                0.064402     0.000224 ✅ 正常           
  dis_proj_layer0               0.071753     0.000254 ✅ 正常           
================================================================================

Epoch 550, Total Loss: 2.4079, Recover Loss: 2.1842, miRNA CL: 0.0000, Disease CL: 0.0000, Inter-view (est): 0.0000, Recon Loss: 0.0266, Time: 141.63s
[INFO] Hypergraph updated at epoch 600

🔧 Epoch 600 梯度检查:
================================================================================

  参数名称                              梯度范数         梯度均值 状态             
  ----------------------------------------------------------------------
  type_relations                0.147786     0.004099 ✅ 正常           
  exist_relation                0.000099     0.000006 ✅ 正常           
  mi_proj_layer0                0.070151     0.000247 ✅ 正常           
  dis_proj_layer0               0.076333     0.000267 ✅ 正常           
================================================================================

Epoch 600, Total Loss: 2.4022, Recover Loss: 2.1811, miRNA CL: 0.0000, Disease CL: 0.0000, Inter-view (est): 0.0000, Recon Loss: 0.0266, Time: 150.11s
[INFO] Hypergraph updated at epoch 650

🔧 Epoch 650 梯度检查:
================================================================================

  参数名称                              梯度范数         梯度均值 状态             
  ----------------------------------------------------------------------
  type_relations                0.138406     0.004070 ✅ 正常           
  exist_relation                0.000096     0.000006 ✅ 正常           
  mi_proj_layer0                0.062548     0.000227 ✅ 正常           
  dis_proj_layer0               0.067181     0.000244 ✅ 正常           
================================================================================

Epoch 650, Total Loss: 2.3681, Recover Loss: 2.1502, miRNA CL: 0.0000, Disease CL: 0.0000, Inter-view (est): 0.0000, Recon Loss: 0.0258, Time: 158.49s

================================================================================
Training completed. Running final test...
================================================================================
Fold 2 completed - AUC: 0.9766, Top-1 F1: 0.6793
Fold 2 training time: 159.25 seconds
=== Cross Validation Fold 3/5 ===
Using hidden dimensions: [256, 256] with 4 attention heads
[ABLATION] Running with mode = no_cl_rebuild
优化模型初始化: miRNA数量 = 495, 疾病数量 = 383
[ABLATION REBUILD] no_cl_rebuild — HGCN plain single-view, no contrastive
   节点维度: 256 → 128
   类型数量: 4
   Temperature: 2.0 (可学习)
   Loss mode: softmax_5class
   loss_mode=softmax_5class
   class_weights_5 (neg+4types): ['0.026', '0.970', '2.266', '1.215', '0.524']

✅ SimplifiedMultiTypeAssociationLoss 初始化 (改进版)
   类别权重 (beta=0.99999): ['0.780', '1.822', '0.977', '0.421']
Original positive index shape: torch.Size([1072, 2])
Original negative index shape: torch.Size([135416, 2])
采样后负样本数量: 10720
🎯 Building TRUE DUAL VIEWS from four different sources...
📊 Data sources loaded:
  Disease semantic: torch.Size([383, 383])
  miRNA functional: torch.Size([495, 495])
  Disease-gene: torch.Size([383, 383])
  miRNA-sequence: torch.Size([495, 495])
🧬 Building miRNA dual-view hypergraphs...
  📊 miRNA View 1 (Sequence): torch.Size([495, 878])
  📊 miRNA View 2 (Function): torch.Size([495, 878])
🦠 Building disease dual-view hypergraphs...
  📊 Disease View 1 (Gene): torch.Size([383, 878])
  📊 Disease View 2 (Semantic): torch.Size([383, 878])
✅ Successfully built TRUE DUAL VIEWS:
   🧬 miRNA: Sequence Features (m_ss.xlsx) vs Functional Similarity (mi_fun_sim_2.0.csv)
   🦠 Disease: Gene Features (d_gs.xlsx) vs Semantic Similarity (dis_sem_sim_2.0.csv)

🔧 Epoch 1 梯度检查:
================================================================================

  参数名称                              梯度范数         梯度均值 状态             
  ----------------------------------------------------------------------
  type_relations                0.701662     0.017307 ✅ 正常           
  exist_relation                0.000135     0.000009 ✅ 正常           
  mi_proj_layer0                2.614052     0.006891 ✅ 正常           
  dis_proj_layer0               2.250140     0.006896 ✅ 正常           
================================================================================

Epoch 1, Total Loss: 4.8694, Recover Loss: 3.0973, miRNA CL: 0.0000, Disease CL: 0.0000, Inter-view (est): 0.0000, Recon Loss: 1.4448, Time: 0.16s
[INFO] Hypergraph updated at epoch 5
[INFO] Hypergraph updated at epoch 10
[INFO] Hypergraph updated at epoch 15
[INFO] Hypergraph updated at epoch 20
[INFO] Hypergraph updated at epoch 25
[INFO] Hypergraph updated at epoch 30
[INFO] Hypergraph updated at epoch 35
[INFO] Hypergraph updated at epoch 40
[INFO] Hypergraph updated at epoch 45
[INFO] Hypergraph updated at epoch 50

🔧 Epoch 50 梯度检查:
================================================================================

  参数名称                              梯度范数         梯度均值 状态             
  ----------------------------------------------------------------------
  type_relations                0.267639     0.008161 ✅ 正常           
  exist_relation                0.000130     0.000009 ✅ 正常           
  mi_proj_layer0                0.081409     0.000284 ✅ 正常           
  dis_proj_layer0               0.091449     0.000322 ✅ 正常           
================================================================================

Epoch 50, Total Loss: 3.1010, Recover Loss: 2.7139, miRNA CL: 0.0000, Disease CL: 0.0000, Inter-view (est): 0.0000, Recon Loss: 0.0865, Time: 56.85s
[INFO] Hypergraph updated at epoch 100

🔧 Epoch 100 梯度检查:
================================================================================

  参数名称                              梯度范数         梯度均值 状态             
  ----------------------------------------------------------------------
  type_relations                0.355086     0.009271 ✅ 正常           
  exist_relation                0.000125     0.000008 ✅ 正常           
  mi_proj_layer0                0.068505     0.000247 ✅ 正常           
  dis_proj_layer0               0.082211     0.000298 ✅ 正常           
================================================================================

Epoch 100, Total Loss: 2.9274, Recover Loss: 2.6252, miRNA CL: 0.0000, Disease CL: 0.0000, Inter-view (est): 0.0000, Recon Loss: 0.0301, Time: 65.82s
[INFO] Hypergraph updated at epoch 150

🔧 Epoch 150 梯度检查:
================================================================================

  参数名称                              梯度范数         梯度均值 状态             
  ----------------------------------------------------------------------
  type_relations                0.303220     0.008132 ✅ 正常           
  exist_relation                0.000120     0.000008 ✅ 正常           
  mi_proj_layer0                0.070928     0.000259 ✅ 正常           
  dis_proj_layer0               0.075076     0.000275 ✅ 正常           
================================================================================

Epoch 150, Total Loss: 2.8286, Recover Loss: 2.5478, miRNA CL: 0.0000, Disease CL: 0.0000, Inter-view (est): 0.0000, Recon Loss: 0.0282, Time: 74.05s
[INFO] Hypergraph updated at epoch 200

🔧 Epoch 200 梯度检查:
================================================================================

  参数名称                              梯度范数         梯度均值 状态             
  ----------------------------------------------------------------------
  type_relations                0.313626     0.007870 ✅ 正常           
  exist_relation                0.000116     0.000007 ✅ 正常           
  mi_proj_layer0                0.067801     0.000242 ✅ 正常           
  dis_proj_layer0               0.081538     0.000291 ✅ 正常           
================================================================================

Epoch 200, Total Loss: 2.7458, Recover Loss: 2.4796, miRNA CL: 0.0000, Disease CL: 0.0000, Inter-view (est): 0.0000, Recon Loss: 0.0279, Time: 82.39s
[INFO] Hypergraph updated at epoch 250

🔧 Epoch 250 梯度检查:
================================================================================

  参数名称                              梯度范数         梯度均值 状态             
  ----------------------------------------------------------------------
  type_relations                0.308159     0.007216 ✅ 正常           
  exist_relation                0.000112     0.000007 ✅ 正常           
  mi_proj_layer0                0.070708     0.000251 ✅ 正常           
  dis_proj_layer0               0.084809     0.000295 ✅ 正常           
================================================================================

Epoch 250, Total Loss: 2.6562, Recover Loss: 2.4011, miRNA CL: 0.0000, Disease CL: 0.0000, Inter-view (est): 0.0000, Recon Loss: 0.0276, Time: 90.65s
[INFO] Hypergraph updated at epoch 300

🔧 Epoch 300 梯度检查:
================================================================================

  参数名称                              梯度范数         梯度均值 状态             
  ----------------------------------------------------------------------
  type_relations                0.270325     0.006913 ✅ 正常           
  exist_relation                0.000109     0.000007 ✅ 正常           
  mi_proj_layer0                0.072500     0.000250 ✅ 正常           
  dis_proj_layer0               0.084015     0.000294 ✅ 正常           
================================================================================

Epoch 300, Total Loss: 2.5788, Recover Loss: 2.3324, miRNA CL: 0.0000, Disease CL: 0.0000, Inter-view (est): 0.0000, Recon Loss: 0.0273, Time: 99.08s
[INFO] Hypergraph updated at epoch 350

🔧 Epoch 350 梯度检查:
================================================================================

  参数名称                              梯度范数         梯度均值 状态             
  ----------------------------------------------------------------------
  type_relations                0.220505     0.005349 ✅ 正常           
  exist_relation                0.000105     0.000006 ✅ 正常           
  mi_proj_layer0                0.062028     0.000224 ✅ 正常           
  dis_proj_layer0               0.064486     0.000236 ✅ 正常           
================================================================================

Epoch 350, Total Loss: 2.5292, Recover Loss: 2.2893, miRNA CL: 0.0000, Disease CL: 0.0000, Inter-view (est): 0.0000, Recon Loss: 0.0274, Time: 107.27s
[INFO] Hypergraph updated at epoch 400

🔧 Epoch 400 梯度检查:
================================================================================

  参数名称                              梯度范数         梯度均值 状态             
  ----------------------------------------------------------------------
  type_relations                0.192483     0.004750 ✅ 正常           
  exist_relation                0.000102     0.000006 ✅ 正常           
  mi_proj_layer0                0.060901     0.000221 ✅ 正常           
  dis_proj_layer0               0.064297     0.000233 ✅ 正常           
================================================================================

Epoch 400, Total Loss: 2.4767, Recover Loss: 2.2432, miRNA CL: 0.0000, Disease CL: 0.0000, Inter-view (est): 0.0000, Recon Loss: 0.0263, Time: 115.45s
[INFO] Hypergraph updated at epoch 450

🔧 Epoch 450 梯度检查:
================================================================================

  参数名称                              梯度范数         梯度均值 状态             
  ----------------------------------------------------------------------
  type_relations                0.206997     0.005521 ✅ 正常           
  exist_relation                0.000098     0.000006 ✅ 正常           
  mi_proj_layer0                0.069608     0.000246 ✅ 正常           
  dis_proj_layer0               0.086468     0.000297 ✅ 正常           
================================================================================

Epoch 450, Total Loss: 2.4642, Recover Loss: 2.2351, miRNA CL: 0.0000, Disease CL: 0.0000, Inter-view (est): 0.0000, Recon Loss: 0.0263, Time: 123.91s
[INFO] Hypergraph updated at epoch 500

🔧 Epoch 500 梯度检查:
================================================================================

  参数名称                              梯度范数         梯度均值 状态             
  ----------------------------------------------------------------------
  type_relations                0.147509     0.004075 ✅ 正常           
  exist_relation                0.000095     0.000005 ✅ 正常           
  mi_proj_layer0                0.055948     0.000205 ✅ 正常           
  dis_proj_layer0               0.062532     0.000230 ✅ 正常           
================================================================================

Epoch 500, Total Loss: 2.4202, Recover Loss: 2.1953, miRNA CL: 0.0000, Disease CL: 0.0000, Inter-view (est): 0.0000, Recon Loss: 0.0259, Time: 132.28s
[INFO] Hypergraph updated at epoch 550

🔧 Epoch 550 梯度检查:
================================================================================

  参数名称                              梯度范数         梯度均值 状态             
  ----------------------------------------------------------------------
  type_relations                0.168322     0.004441 ✅ 正常           
  exist_relation                0.000092     0.000005 ✅ 正常           
  mi_proj_layer0                0.067578     0.000240 ✅ 正常           
  dis_proj_layer0               0.080514     0.000282 ✅ 正常           
================================================================================

Epoch 550, Total Loss: 2.4169, Recover Loss: 2.1950, miRNA CL: 0.0000, Disease CL: 0.0000, Inter-view (est): 0.0000, Recon Loss: 0.0260, Time: 140.52s
[INFO] Hypergraph updated at epoch 600

🔧 Epoch 600 梯度检查:
================================================================================

  参数名称                              梯度范数         梯度均值 状态             
  ----------------------------------------------------------------------
  type_relations                0.199786     0.005338 ✅ 正常           
  exist_relation                0.000090     0.000005 ✅ 正常           
  mi_proj_layer0                0.081541     0.000283 ✅ 正常           
  dis_proj_layer0               0.090905     0.000323 ✅ 正常           
================================================================================

Epoch 600, Total Loss: 2.3921, Recover Loss: 2.1725, miRNA CL: 0.0000, Disease CL: 0.0000, Inter-view (est): 0.0000, Recon Loss: 0.0263, Time: 148.98s
[INFO] Hypergraph updated at epoch 650

🔧 Epoch 650 梯度检查:
================================================================================

  参数名称                              梯度范数         梯度均值 状态             
  ----------------------------------------------------------------------
  type_relations                0.123537     0.003549 ✅ 正常           
  exist_relation                0.000087     0.000005 ✅ 正常           
  mi_proj_layer0                0.067177     0.000242 ✅ 正常           
  dis_proj_layer0               0.070818     0.000254 ✅ 正常           
================================================================================

Epoch 650, Total Loss: 2.3570, Recover Loss: 2.1401, miRNA CL: 0.0000, Disease CL: 0.0000, Inter-view (est): 0.0000, Recon Loss: 0.0258, Time: 157.36s

================================================================================
Training completed. Running final test...
================================================================================
Fold 3 completed - AUC: 0.9767, Top-1 F1: 0.6820
Fold 3 training time: 158.15 seconds
=== Cross Validation Fold 4/5 ===
Using hidden dimensions: [256, 256] with 4 attention heads
[ABLATION] Running with mode = no_cl_rebuild
优化模型初始化: miRNA数量 = 495, 疾病数量 = 383
[ABLATION REBUILD] no_cl_rebuild — HGCN plain single-view, no contrastive
   节点维度: 256 → 128
   类型数量: 4
   Temperature: 2.0 (可学习)
   Loss mode: softmax_5class
   loss_mode=softmax_5class
   class_weights_5 (neg+4types): ['0.026', '0.970', '2.266', '1.215', '0.524']

✅ SimplifiedMultiTypeAssociationLoss 初始化 (改进版)
   类别权重 (beta=0.99999): ['0.780', '1.822', '0.977', '0.421']
Original positive index shape: torch.Size([1072, 2])
Original negative index shape: torch.Size([135416, 2])
采样后负样本数量: 10720
🎯 Building TRUE DUAL VIEWS from four different sources...
📊 Data sources loaded:
  Disease semantic: torch.Size([383, 383])
  miRNA functional: torch.Size([495, 495])
  Disease-gene: torch.Size([383, 383])
  miRNA-sequence: torch.Size([495, 495])
🧬 Building miRNA dual-view hypergraphs...
  📊 miRNA View 1 (Sequence): torch.Size([495, 878])
  📊 miRNA View 2 (Function): torch.Size([495, 878])
🦠 Building disease dual-view hypergraphs...
  📊 Disease View 1 (Gene): torch.Size([383, 878])
  📊 Disease View 2 (Semantic): torch.Size([383, 878])
✅ Successfully built TRUE DUAL VIEWS:
   🧬 miRNA: Sequence Features (m_ss.xlsx) vs Functional Similarity (mi_fun_sim_2.0.csv)
   🦠 Disease: Gene Features (d_gs.xlsx) vs Semantic Similarity (dis_sem_sim_2.0.csv)

🔧 Epoch 1 梯度检查:
================================================================================

  参数名称                              梯度范数         梯度均值 状态             
  ----------------------------------------------------------------------
  type_relations                0.671818     0.016312 ✅ 正常           
  exist_relation                0.000133     0.000009 ✅ 正常           
  mi_proj_layer0                1.418491     0.004415 ✅ 正常           
  dis_proj_layer0               1.498443     0.004807 ✅ 正常           
================================================================================

Epoch 1, Total Loss: 4.7769, Recover Loss: 2.9975, miRNA CL: 0.0000, Disease CL: 0.0000, Inter-view (est): 0.0000, Recon Loss: 1.4521, Time: 0.16s
[INFO] Hypergraph updated at epoch 5
[INFO] Hypergraph updated at epoch 10
[INFO] Hypergraph updated at epoch 15
[INFO] Hypergraph updated at epoch 20
[INFO] Hypergraph updated at epoch 25
[INFO] Hypergraph updated at epoch 30
[INFO] Hypergraph updated at epoch 35
[INFO] Hypergraph updated at epoch 40
[INFO] Hypergraph updated at epoch 45
[INFO] Hypergraph updated at epoch 50

🔧 Epoch 50 梯度检查:
================================================================================

  参数名称                              梯度范数         梯度均值 状态             
  ----------------------------------------------------------------------
  type_relations                0.287737     0.008155 ✅ 正常           
  exist_relation                0.000129     0.000009 ✅ 正常           
  mi_proj_layer0                0.071700     0.000264 ✅ 正常           
  dis_proj_layer0               0.085875     0.000299 ✅ 正常           
================================================================================

Epoch 50, Total Loss: 3.0949, Recover Loss: 2.7119, miRNA CL: 0.0000, Disease CL: 0.0000, Inter-view (est): 0.0000, Recon Loss: 0.0826, Time: 59.27s
[INFO] Hypergraph updated at epoch 100

🔧 Epoch 100 梯度检查:
================================================================================

  参数名称                              梯度范数         梯度均值 状态             
  ----------------------------------------------------------------------
  type_relations                0.325019     0.008405 ✅ 正常           
  exist_relation                0.000123     0.000008 ✅ 正常           
  mi_proj_layer0                0.071744     0.000260 ✅ 正常           
  dis_proj_layer0               0.086966     0.000298 ✅ 正常           
================================================================================

Epoch 100, Total Loss: 2.9497, Recover Loss: 2.6466, miRNA CL: 0.0000, Disease CL: 0.0000, Inter-view (est): 0.0000, Recon Loss: 0.0308, Time: 67.52s
[INFO] Hypergraph updated at epoch 150

🔧 Epoch 150 梯度检查:
================================================================================

  参数名称                              梯度范数         梯度均值 状态             
  ----------------------------------------------------------------------
  type_relations                0.341734     0.008353 ✅ 正常           
  exist_relation                0.000118     0.000008 ✅ 正常           
  mi_proj_layer0                0.058518     0.000214 ✅ 正常           
  dis_proj_layer0               0.079964     0.000277 ✅ 正常           
================================================================================

Epoch 150, Total Loss: 2.8371, Recover Loss: 2.5545, miRNA CL: 0.0000, Disease CL: 0.0000, Inter-view (est): 0.0000, Recon Loss: 0.0296, Time: 75.12s
[INFO] Hypergraph updated at epoch 200

🔧 Epoch 200 梯度检查:
================================================================================

  参数名称                              梯度范数         梯度均值 状态             
  ----------------------------------------------------------------------
  type_relations                0.324782     0.008003 ✅ 正常           
  exist_relation                0.000114     0.000007 ✅ 正常           
  mi_proj_layer0                0.064047     0.000225 ✅ 正常           
  dis_proj_layer0               0.080855     0.000275 ✅ 正常           
================================================================================

Epoch 200, Total Loss: 2.7455, Recover Loss: 2.4781, miRNA CL: 0.0000, Disease CL: 0.0000, Inter-view (est): 0.0000, Recon Loss: 0.0285, Time: 82.70s
[INFO] Hypergraph updated at epoch 250

🔧 Epoch 250 梯度检查:
================================================================================

  参数名称                              梯度范数         梯度均值 状态             
  ----------------------------------------------------------------------
  type_relations                0.287715     0.007190 ✅ 正常           
  exist_relation                0.000110     0.000007 ✅ 正常           
  mi_proj_layer0                0.062320     0.000223 ✅ 正常           
  dis_proj_layer0               0.073950     0.000263 ✅ 正常           
================================================================================

Epoch 250, Total Loss: 2.6616, Recover Loss: 2.4052, miRNA CL: 0.0000, Disease CL: 0.0000, Inter-view (est): 0.0000, Recon Loss: 0.0284, Time: 90.19s
[INFO] Hypergraph updated at epoch 300

🔧 Epoch 300 梯度检查:
================================================================================

  参数名称                              梯度范数         梯度均值 状态             
  ----------------------------------------------------------------------
  type_relations                0.274888     0.006697 ✅ 正常           
  exist_relation                0.000106     0.000007 ✅ 正常           
  mi_proj_layer0                0.068648     0.000243 ✅ 正常           
  dis_proj_layer0               0.082573     0.000278 ✅ 正常           
================================================================================

Epoch 300, Total Loss: 2.6031, Recover Loss: 2.3562, miRNA CL: 0.0000, Disease CL: 0.0000, Inter-view (est): 0.0000, Recon Loss: 0.0273, Time: 97.77s
[INFO] Hypergraph updated at epoch 350

🔧 Epoch 350 梯度检查:
================================================================================

  参数名称                              梯度范数         梯度均值 状态             
  ----------------------------------------------------------------------
  type_relations                0.199874     0.005323 ✅ 正常           
  exist_relation                0.000103     0.000006 ✅ 正常           
  mi_proj_layer0                0.055981     0.000206 ✅ 正常           
  dis_proj_layer0               0.067930     0.000244 ✅ 正常           
================================================================================

Epoch 350, Total Loss: 2.5303, Recover Loss: 2.2904, miRNA CL: 0.0000, Disease CL: 0.0000, Inter-view (est): 0.0000, Recon Loss: 0.0271, Time: 105.74s
[INFO] Hypergraph updated at epoch 400

🔧 Epoch 400 梯度检查:
================================================================================

  参数名称                              梯度范数         梯度均值 状态             
  ----------------------------------------------------------------------
  type_relations                0.210295     0.005423 ✅ 正常           
  exist_relation                0.000099     0.000006 ✅ 正常           
  mi_proj_layer0                0.059386     0.000220 ✅ 正常           
  dis_proj_layer0               0.069595     0.000253 ✅ 正常           
================================================================================

Epoch 400, Total Loss: 2.5018, Recover Loss: 2.2675, miRNA CL: 0.0000, Disease CL: 0.0000, Inter-view (est): 0.0000, Recon Loss: 0.0268, Time: 113.19s
[INFO] Hypergraph updated at epoch 450

🔧 Epoch 450 梯度检查:
================================================================================

  参数名称                              梯度范数         梯度均值 状态             
  ----------------------------------------------------------------------
  type_relations                0.193948     0.005207 ✅ 正常           
  exist_relation                0.000096     0.000006 ✅ 正常           
  mi_proj_layer0                0.063437     0.000234 ✅ 正常           
  dis_proj_layer0               0.079863     0.000283 ✅ 正常           
================================================================================

Epoch 450, Total Loss: 2.4686, Recover Loss: 2.2387, miRNA CL: 0.0000, Disease CL: 0.0000, Inter-view (est): 0.0000, Recon Loss: 0.0270, Time: 121.60s
[INFO] Hypergraph updated at epoch 500

🔧 Epoch 500 梯度检查:
================================================================================

  参数名称                              梯度范数         梯度均值 状态             
  ----------------------------------------------------------------------
  type_relations                0.174738     0.004802 ✅ 正常           
  exist_relation                0.000093     0.000005 ✅ 正常           
  mi_proj_layer0                0.066142     0.000240 ✅ 正常           
  dis_proj_layer0               0.079924     0.000282 ✅ 正常           
================================================================================

Epoch 500, Total Loss: 2.4413, Recover Loss: 2.2154, miRNA CL: 0.0000, Disease CL: 0.0000, Inter-view (est): 0.0000, Recon Loss: 0.0266, Time: 130.16s
[INFO] Hypergraph updated at epoch 550

🔧 Epoch 550 梯度检查:
================================================================================

  参数名称                              梯度范数         梯度均值 状态             
  ----------------------------------------------------------------------
  type_relations                0.183588     0.004913 ✅ 正常           
  exist_relation                0.000090     0.000005 ✅ 正常           
  mi_proj_layer0                0.070661     0.000256 ✅ 正常           
  dis_proj_layer0               0.078119     0.000277 ✅ 正常           
================================================================================

Epoch 550, Total Loss: 2.4040, Recover Loss: 2.1811, miRNA CL: 0.0000, Disease CL: 0.0000, Inter-view (est): 0.0000, Recon Loss: 0.0268, Time: 138.83s
[INFO] Hypergraph updated at epoch 600

🔧 Epoch 600 梯度检查:
================================================================================

  参数名称                              梯度范数         梯度均值 状态             
  ----------------------------------------------------------------------
  type_relations                0.145621     0.004063 ✅ 正常           
  exist_relation                0.000087     0.000005 ✅ 正常           
  mi_proj_layer0                0.068222     0.000247 ✅ 正常           
  dis_proj_layer0               0.073239     0.000258 ✅ 正常           
================================================================================

Epoch 600, Total Loss: 2.3755, Recover Loss: 2.1551, miRNA CL: 0.0000, Disease CL: 0.0000, Inter-view (est): 0.0000, Recon Loss: 0.0268, Time: 147.83s
[INFO] Hypergraph updated at epoch 650

🔧 Epoch 650 梯度检查:
================================================================================

  参数名称                              梯度范数         梯度均值 状态             
  ----------------------------------------------------------------------
  type_relations                0.125924     0.003762 ✅ 正常           
  exist_relation                0.000084     0.000005 ✅ 正常           
  mi_proj_layer0                0.061101     0.000228 ✅ 正常           
  dis_proj_layer0               0.067713     0.000254 ✅ 正常           
================================================================================

Epoch 650, Total Loss: 2.3607, Recover Loss: 2.1426, miRNA CL: 0.0000, Disease CL: 0.0000, Inter-view (est): 0.0000, Recon Loss: 0.0267, Time: 157.02s

================================================================================
Training completed. Running final test...
================================================================================
Fold 4 completed - AUC: 0.9748, Top-1 F1: 0.6627
Fold 4 training time: 157.81 seconds
=== Cross Validation Fold 5/5 ===
Using hidden dimensions: [256, 256] with 4 attention heads
[ABLATION] Running with mode = no_cl_rebuild
优化模型初始化: miRNA数量 = 495, 疾病数量 = 383
[ABLATION REBUILD] no_cl_rebuild — HGCN plain single-view, no contrastive
   节点维度: 256 → 128
   类型数量: 4
   Temperature: 2.0 (可学习)
   Loss mode: softmax_5class
   loss_mode=softmax_5class
   class_weights_5 (neg+4types): ['0.026', '0.970', '2.266', '1.215', '0.524']

✅ SimplifiedMultiTypeAssociationLoss 初始化 (改进版)
   类别权重 (beta=0.99999): ['0.780', '1.822', '0.977', '0.421']
Original positive index shape: torch.Size([1072, 2])
Original negative index shape: torch.Size([135416, 2])
采样后负样本数量: 10720
🎯 Building TRUE DUAL VIEWS from four different sources...
📊 Data sources loaded:
  Disease semantic: torch.Size([383, 383])
  miRNA functional: torch.Size([495, 495])
  Disease-gene: torch.Size([383, 383])
  miRNA-sequence: torch.Size([495, 495])
🧬 Building miRNA dual-view hypergraphs...
  📊 miRNA View 1 (Sequence): torch.Size([495, 878])
  📊 miRNA View 2 (Function): torch.Size([495, 878])
🦠 Building disease dual-view hypergraphs...
  📊 Disease View 1 (Gene): torch.Size([383, 878])
  📊 Disease View 2 (Semantic): torch.Size([383, 878])
✅ Successfully built TRUE DUAL VIEWS:
   🧬 miRNA: Sequence Features (m_ss.xlsx) vs Functional Similarity (mi_fun_sim_2.0.csv)
   🦠 Disease: Gene Features (d_gs.xlsx) vs Semantic Similarity (dis_sem_sim_2.0.csv)

🔧 Epoch 1 梯度检查:
================================================================================

  参数名称                              梯度范数         梯度均值 状态             
  ----------------------------------------------------------------------
  type_relations                0.702258     0.016565 ✅ 正常           
  exist_relation                0.000136     0.000010 ✅ 正常           
  mi_proj_layer0                2.421025     0.007164 ✅ 正常           
  dis_proj_layer0               2.144336     0.006430 ✅ 正常           
================================================================================

Epoch 1, Total Loss: 4.7885, Recover Loss: 3.0560, miRNA CL: 0.0000, Disease CL: 0.0000, Inter-view (est): 0.0000, Recon Loss: 1.4052, Time: 0.19s
[INFO] Hypergraph updated at epoch 5
[INFO] Hypergraph updated at epoch 10
[INFO] Hypergraph updated at epoch 15
[INFO] Hypergraph updated at epoch 20
[INFO] Hypergraph updated at epoch 25
[INFO] Hypergraph updated at epoch 30
[INFO] Hypergraph updated at epoch 35
[INFO] Hypergraph updated at epoch 40
[INFO] Hypergraph updated at epoch 45
[INFO] Hypergraph updated at epoch 50

🔧 Epoch 50 梯度检查:
================================================================================

  参数名称                              梯度范数         梯度均值 状态             
  ----------------------------------------------------------------------
  type_relations                0.277016     0.007777 ✅ 正常           
  exist_relation                0.000131     0.000009 ✅ 正常           
  mi_proj_layer0                0.065617     0.000241 ✅ 正常           
  dis_proj_layer0               0.078008     0.000279 ✅ 正常           
================================================================================

Epoch 50, Total Loss: 3.0764, Recover Loss: 2.7049, miRNA CL: 0.0000, Disease CL: 0.0000, Inter-view (est): 0.0000, Recon Loss: 0.0711, Time: 54.24s
[INFO] Hypergraph updated at epoch 100

🔧 Epoch 100 梯度检查:
================================================================================

  参数名称                              梯度范数         梯度均值 状态             
  ----------------------------------------------------------------------
  type_relations                0.334968     0.008735 ✅ 正常           
  exist_relation                0.000125     0.000009 ✅ 正常           
  mi_proj_layer0                0.074823     0.000275 ✅ 正常           
  dis_proj_layer0               0.086353     0.000308 ✅ 正常           
================================================================================

Epoch 100, Total Loss: 2.9359, Recover Loss: 2.6327, miRNA CL: 0.0000, Disease CL: 0.0000, Inter-view (est): 0.0000, Recon Loss: 0.0311, Time: 63.06s
[INFO] Hypergraph updated at epoch 150

🔧 Epoch 150 梯度检查:
================================================================================

  参数名称                              梯度范数         梯度均值 状态             
  ----------------------------------------------------------------------
  type_relations                0.313793     0.007859 ✅ 正常           
  exist_relation                0.000120     0.000008 ✅ 正常           
  mi_proj_layer0                0.065028     0.000237 ✅ 正常           
  dis_proj_layer0               0.076921     0.000275 ✅ 正常           
================================================================================

Epoch 150, Total Loss: 2.8342, Recover Loss: 2.5515, miRNA CL: 0.0000, Disease CL: 0.0000, Inter-view (est): 0.0000, Recon Loss: 0.0299, Time: 71.46s
[INFO] Hypergraph updated at epoch 200

🔧 Epoch 200 梯度检查:
================================================================================

  参数名称                              梯度范数         梯度均值 状态             
  ----------------------------------------------------------------------
  type_relations                0.300763     0.008238 ✅ 正常           
  exist_relation                0.000115     0.000008 ✅ 正常           
  mi_proj_layer0                0.066753     0.000246 ✅ 正常           
  dis_proj_layer0               0.074188     0.000267 ✅ 正常           
================================================================================

Epoch 200, Total Loss: 2.7425, Recover Loss: 2.4747, miRNA CL: 0.0000, Disease CL: 0.0000, Inter-view (est): 0.0000, Recon Loss: 0.0292, Time: 79.67s
[INFO] Hypergraph updated at epoch 250

🔧 Epoch 250 梯度检查:
================================================================================

  参数名称                              梯度范数         梯度均值 状态             
  ----------------------------------------------------------------------
  type_relations                0.315146     0.008024 ✅ 正常           
  exist_relation                0.000111     0.000007 ✅ 正常           
  mi_proj_layer0                0.076356     0.000266 ✅ 正常           
  dis_proj_layer0               0.081276     0.000287 ✅ 正常           
================================================================================

Epoch 250, Total Loss: 2.6585, Recover Loss: 2.4017, miRNA CL: 0.0000, Disease CL: 0.0000, Inter-view (est): 0.0000, Recon Loss: 0.0289, Time: 87.61s
[INFO] Hypergraph updated at epoch 300

🔧 Epoch 300 梯度检查:
================================================================================

  参数名称                              梯度范数         梯度均值 状态             
  ----------------------------------------------------------------------
  type_relations                0.259264     0.006620 ✅ 正常           
  exist_relation                0.000107     0.000007 ✅ 正常           
  mi_proj_layer0                0.065655     0.000234 ✅ 正常           
  dis_proj_layer0               0.067777     0.000249 ✅ 正常           
================================================================================

Epoch 300, Total Loss: 2.5786, Recover Loss: 2.3313, miRNA CL: 0.0000, Disease CL: 0.0000, Inter-view (est): 0.0000, Recon Loss: 0.0278, Time: 95.46s
[INFO] Hypergraph updated at epoch 350

🔧 Epoch 350 梯度检查:
================================================================================

  参数名称                              梯度范数         梯度均值 状态             
  ----------------------------------------------------------------------
  type_relations                0.211512     0.006118 ✅ 正常           
  exist_relation                0.000103     0.000007 ✅ 正常           
  mi_proj_layer0                0.065140     0.000241 ✅ 正常           
  dis_proj_layer0               0.067490     0.000252 ✅ 正常           
================================================================================

Epoch 350, Total Loss: 2.5375, Recover Loss: 2.2978, miRNA CL: 0.0000, Disease CL: 0.0000, Inter-view (est): 0.0000, Recon Loss: 0.0270, Time: 103.52s
[INFO] Hypergraph updated at epoch 400

🔧 Epoch 400 梯度检查:
================================================================================

  参数名称                              梯度范数         梯度均值 状态             
  ----------------------------------------------------------------------
  type_relations                0.191359     0.005436 ✅ 正常           
  exist_relation                0.000100     0.000006 ✅ 正常           
  mi_proj_layer0                0.069914     0.000252 ✅ 正常           
  dis_proj_layer0               0.068936     0.000249 ✅ 正常           
================================================================================

Epoch 400, Total Loss: 2.4808, Recover Loss: 2.2465, miRNA CL: 0.0000, Disease CL: 0.0000, Inter-view (est): 0.0000, Recon Loss: 0.0272, Time: 111.26s
[INFO] Hypergraph updated at epoch 450

🔧 Epoch 450 梯度检查:
================================================================================

  参数名称                              梯度范数         梯度均值 状态             
  ----------------------------------------------------------------------
  type_relations                0.187343     0.005091 ✅ 正常           
  exist_relation                0.000096     0.000006 ✅ 正常           
  mi_proj_layer0                0.063216     0.000235 ✅ 正常           
  dis_proj_layer0               0.073459     0.000273 ✅ 正常           
================================================================================

Epoch 450, Total Loss: 2.4524, Recover Loss: 2.2229, miRNA CL: 0.0000, Disease CL: 0.0000, Inter-view (est): 0.0000, Recon Loss: 0.0269, Time: 118.93s
[INFO] Hypergraph updated at epoch 500

🔧 Epoch 500 梯度检查:
================================================================================

  参数名称                              梯度范数         梯度均值 状态             
  ----------------------------------------------------------------------
  type_relations                0.162611     0.004748 ✅ 正常           
  exist_relation                0.000093     0.000006 ✅ 正常           
  mi_proj_layer0                0.064606     0.000241 ✅ 正常           
  dis_proj_layer0               0.071792     0.000270 ✅ 正常           
================================================================================

Epoch 500, Total Loss: 2.4290, Recover Loss: 2.2020, miRNA CL: 0.0000, Disease CL: 0.0000, Inter-view (est): 0.0000, Recon Loss: 0.0280, Time: 126.82s
[INFO] Hypergraph updated at epoch 550

🔧 Epoch 550 梯度检查:
================================================================================

  参数名称                              梯度范数         梯度均值 状态             
  ----------------------------------------------------------------------
  type_relations                0.162780     0.004572 ✅ 正常           
  exist_relation                0.000089     0.000006 ✅ 正常           
  mi_proj_layer0                0.066874     0.000250 ✅ 正常           
  dis_proj_layer0               0.069940     0.000261 ✅ 正常           
================================================================================

Epoch 550, Total Loss: 2.3955, Recover Loss: 2.1725, miRNA CL: 0.0000, Disease CL: 0.0000, Inter-view (est): 0.0000, Recon Loss: 0.0270, Time: 134.69s
[INFO] Hypergraph updated at epoch 600

🔧 Epoch 600 梯度检查:
================================================================================

  参数名称                              梯度范数         梯度均值 状态             
  ----------------------------------------------------------------------
  type_relations                0.155297     0.004483 ✅ 正常           
  exist_relation                0.000086     0.000005 ✅ 正常           
  mi_proj_layer0                0.069674     0.000259 ✅ 正常           
  dis_proj_layer0               0.077344     0.000289 ✅ 正常           
================================================================================

Epoch 600, Total Loss: 2.3638, Recover Loss: 2.1442, miRNA CL: 0.0000, Disease CL: 0.0000, Inter-view (est): 0.0000, Recon Loss: 0.0262, Time: 142.79s
[INFO] Hypergraph updated at epoch 650

🔧 Epoch 650 梯度检查:
================================================================================

  参数名称                              梯度范数         梯度均值 状态             
  ----------------------------------------------------------------------
  type_relations                0.147590     0.004317 ✅ 正常           
  exist_relation                0.000083     0.000005 ✅ 正常           
  mi_proj_layer0                0.074550     0.000273 ✅ 正常           
  dis_proj_layer0               0.083469     0.000305 ✅ 正常           
================================================================================

Epoch 650, Total Loss: 2.3393, Recover Loss: 2.1225, miRNA CL: 0.0000, Disease CL: 0.0000, Inter-view (est): 0.0000, Recon Loss: 0.0256, Time: 150.90s

================================================================================
Training completed. Running final test...
================================================================================
Fold 5 completed - AUC: 0.9764, Top-1 F1: 0.7058
Fold 5 training time: 151.64 seconds
Average binary metrics across folds: [[0.97696536 0.97223189 0.93733229 0.93559701 0.96283582 0.90835821
  0.91359097]]
🎯 Average Top-1 metrics across folds: {'top1_precision': 0.664179104477612, 'top1_recall': np.float64(0.7018897337520483), 'top1_f1': np.float64(0.6824132773926335)}

📊 CV_type Style Metrics Details:
  AUC            : 0.9770
  AUPR           : 0.9722
  F1             : 0.9373
  Accuracy       : 0.9356
  Recall         : 0.9628
  Specificity    : 0.9084
  Precision      : 0.9136

🎯 Top-1 Metrics Details:
  top1_precision : 0.6642
  top1_recall    : 0.7019
  top1_f1        : 0.6824

Total execution time: 794.42 seconds

==========================================================================================
🎯 FINAL COMPREHENSIVE RESULTS WITH TOP-1 METRICS
==========================================================================================
📊 Binary Classification Metrics (Original):
  AUC: 0.9770
  AUPR: 0.9722
  F1: 0.9373
  Accuracy: 0.9356
  Recall: 0.9628
  Specificity: 0.9084
  Precision: 0.9136

🎯 CV_type Style Metrics (Enhanced):
  AUC: 0.9770
  AUPR: 0.9722
  F1: 0.9373
  Accuracy: 0.9356
  Recall: 0.9628
  Specificity: 0.9084
  Precision: 0.9136

🏆 Top-1 Metrics (NEW):
  Top-1 Precision: 0.6642
  Top-1 Recall: 0.7019
  Top-1 F1: 0.6824
==========================================================================================

[Plan E] no_hgcn_rebuild (softmax_5class) ~50 phut
----------------------------------------------------------------
[CPU] torch.set_num_threads(14), interop=min(4, 14)
Using device: cpu
[INFO] Auto-computed BALANCED class weights (to prevent class collapse):
  Circulation  (367 samples): 0.780
  Epigenetics  (157 samples): 1.823
  Target       (293 samples): 0.977
  Genetics     (681 samples): 0.420
  [NOTE] Higher weights for minority classes to prevent model from only predicting majority class
[INFO] Using v2.0_495m383D dataset:
  miRNAs: 495
  Diseases: 383
  Expected associations: ~1498
  Types: 4 (Circulation, Epigenetics, Target, Genetics)

================================================================================
Configuration Summary
================================================================================
Dataset: v2.0_495m383D
Data Path: ./
Model: HeterogenousGraphCLAMIR
  - HGT Layers: 2
  - Attention Heads: 4
  - Association Types: 4
  - Inter-view CL: Enabled
    - Weight: 0.3
    - Temperature: 0.5
    - Margin: 0.5

Training:
  - Epochs: 650
  - Learning Rate: 0.0001
  - Dropout: 0.3
  - Weight Decay: 5e-05
  - Focal Loss: Enabled

Evaluation:
  - Cross-Validation Folds: 5
  - Primary Metric: AUPR

Device: cpu
Random Seed: 1234
================================================================================

🚀 Running with comprehensive evaluation including Top-1 metrics...
🎯 Loading dual-view data...
Starting dual-view data preparation with new file format...
Loading all similarity and feature files from v2.0_495m383D...
✅ Loaded disease semantic similarity from D_SSM1.txt: (383, 383)
✅ Loaded miRNA functional similarity from M_FSM.txt: (495, 495)
✅ Loaded multi-type association pairs from ./v2.0_495m383D\multi_all_mirna_disease_pairs_without_negative.csv: (1679, 3)
✅ Created multi-type association matrix: (495, 383)
📊 Multi-type Association Statistics:
   无关联 (No association): 188087 pairs (99.21%)
   循环类型 (Circulation): 367 pairs (0.19%)
   表观遗传学 (Epigenetics): 157 pairs (0.08%)
   靶标类型 (Target): 293 pairs (0.15%)
   遗传学类型 (Genetics): 681 pairs (0.36%)
✅ Created association matrix from CSV: (495, 383)
✅ Loaded disease-gene features from D_SSM2.txt: torch.Size([383, 383])
✅ Loaded miRNA-sequence features from M_GSM.txt: torch.Size([495, 495])
Processing integrated similarity matrices...
Loaded similarity matrices from cache
Processing indices...
Loaded indices from cache
✅ Dual-view data preparation completed in 0.36 seconds

============================================================
🎯 DUAL-VIEW CONFIGURATION SUMMARY (v2.0_495m383D)
============================================================
miRNA Dual Views:
  📊 View 1 (Sequence): M_GSM.txt torch.Size([495, 495])
  📊 View 2 (Function): M_FSM.txt torch.Size([495, 495])

Disease Dual Views:
  📊 View 1 (Gene): D_SSM2.txt torch.Size([383, 383])
  📊 View 2 (Semantic): D_SSM1.txt torch.Size([383, 383])

Association Matrix: torch.Size([495, 383])
Data source: v2.0_495m383D (495 miRNAs × 383 Diseases)
============================================================
Preloading dual-view data to device...
✅ Loaded disease-gene features to device: torch.Size([383, 383])
✅ Loaded miRNA-sequence features to device: torch.Size([495, 495])
✅ Loaded disease semantic similarity to device: torch.Size([383, 383])
✅ Loaded miRNA functional similarity to device: torch.Size([495, 495])
✅ Dual-view data preloading completed in 0.00 seconds
OptimizedDataset initialized with 5 folds
Using device: cpu
=== Cross Validation Fold 1/5 ===
Using hidden dimensions: [256, 256] with 4 attention heads
[ABLATION] Running with mode = no_hgcn_rebuild
优化模型初始化: miRNA数量 = 495, 疾病数量 = 383
[ABLATION REBUILD] no_hgcn_rebuild — GCNConv với edge_index (threshold G > 0.1)
   节点维度: 256 → 128
   类型数量: 4
   Temperature: 2.0 (可学习)
   Loss mode: softmax_5class
   loss_mode=softmax_5class
   class_weights_5 (neg+4types): ['0.026', '0.970', '2.266', '1.215', '0.524']

✅ SimplifiedMultiTypeAssociationLoss 初始化 (改进版)
   类别权重 (beta=0.99999): ['0.780', '1.822', '0.977', '0.421']
Original positive index shape: torch.Size([1072, 2])
Original negative index shape: torch.Size([135416, 2])
采样后负样本数量: 10720
🎯 Building TRUE DUAL VIEWS from four different sources...
📊 Data sources loaded:
  Disease semantic: torch.Size([383, 383])
  miRNA functional: torch.Size([495, 495])
  Disease-gene: torch.Size([383, 383])
  miRNA-sequence: torch.Size([495, 495])
🧬 Building miRNA dual-view hypergraphs...
  📊 miRNA View 1 (Sequence): torch.Size([495, 878])
  📊 miRNA View 2 (Function): torch.Size([495, 878])
🦠 Building disease dual-view hypergraphs...
  📊 Disease View 1 (Gene): torch.Size([383, 878])
  📊 Disease View 2 (Semantic): torch.Size([383, 878])
✅ Successfully built TRUE DUAL VIEWS:
   🧬 miRNA: Sequence Features (m_ss.xlsx) vs Functional Similarity (mi_fun_sim_2.0.csv)
   🦠 Disease: Gene Features (d_gs.xlsx) vs Semantic Similarity (dis_sem_sim_2.0.csv)
[no_hgcn_rebuild] edge counts: mi_v1=0, mi_v2=0, dis_v1=0, dis_v2=0

🔧 Epoch 1 梯度检查:
================================================================================

  参数名称                              梯度范数         梯度均值 状态             
  ----------------------------------------------------------------------
  type_relations                0.593909     0.016101 ✅ 正常           
  exist_relation                0.000143     0.000009 ✅ 正常           
  mi_proj_layer0                1.236114     0.003753 ✅ 正常           
  dis_proj_layer0               1.138816     0.003599 ✅ 正常           
================================================================================

Epoch 1, Total Loss: 8.2627, Recover Loss: 2.9900, miRNA CL: 1.7906, Disease CL: 1.7906, Inter-view (est): 0.8265, Recon Loss: 1.3142, Time: 0.65s
[INFO] Hypergraph updated at epoch 5
[INFO] Hypergraph updated at epoch 10
[INFO] Hypergraph updated at epoch 15
[INFO] Hypergraph updated at epoch 20
[INFO] Hypergraph updated at epoch 25
[INFO] Hypergraph updated at epoch 30
[INFO] Hypergraph updated at epoch 35
[INFO] Hypergraph updated at epoch 40
[INFO] Hypergraph updated at epoch 45
[INFO] Hypergraph updated at epoch 50

🔧 Epoch 50 梯度检查:
================================================================================

  参数名称                              梯度范数         梯度均值 状态             
  ----------------------------------------------------------------------
  type_relations                0.383689     0.010011 ✅ 正常           
  exist_relation                0.000139     0.000009 ✅ 正常           
  mi_proj_layer0                0.072026     0.000264 ✅ 正常           
  dis_proj_layer0               0.092774     0.000313 ✅ 正常           
================================================================================

Epoch 50, Total Loss: 6.1410, Recover Loss: 2.6788, miRNA CL: 1.5250, Disease CL: 1.5250, Inter-view (est): 0.7039, Recon Loss: 0.0642, Time: 72.54s
[INFO] Hypergraph updated at epoch 100

🔧 Epoch 100 梯度检查:
================================================================================

  参数名称                              梯度范数         梯度均值 状态             
  ----------------------------------------------------------------------
  type_relations                0.480046     0.011502 ✅ 正常           
  exist_relation                0.000133     0.000008 ✅ 正常           
  mi_proj_layer0                0.071974     0.000263 ✅ 正常           
  dis_proj_layer0               0.086528     0.000308 ✅ 正常           
================================================================================

Epoch 100, Total Loss: 5.6374, Recover Loss: 2.5545, miRNA CL: 1.3669, Disease CL: 1.3669, Inter-view (est): 0.6309, Recon Loss: 0.0298, Time: 104.57s
[INFO] Hypergraph updated at epoch 150

🔧 Epoch 150 梯度检查:
================================================================================

  参数名称                              梯度范数         梯度均值 状态             
  ----------------------------------------------------------------------
  type_relations                0.532092     0.011892 ✅ 正常           
  exist_relation                0.000129     0.000008 ✅ 正常           
  mi_proj_layer0                0.063701     0.000229 ✅ 正常           
  dis_proj_layer0               0.081927     0.000282 ✅ 正常           
================================================================================

Epoch 150, Total Loss: 5.3532, Recover Loss: 2.4179, miRNA CL: 1.3038, Disease CL: 1.3038, Inter-view (est): 0.6018, Recon Loss: 0.0282, Time: 135.94s
[INFO] Hypergraph updated at epoch 200

🔧 Epoch 200 梯度检查:
================================================================================

  参数名称                              梯度范数         梯度均值 状态             
  ----------------------------------------------------------------------
  type_relations                0.445560     0.010119 ✅ 正常           
  exist_relation                0.000125     0.000008 ✅ 正常           
  mi_proj_layer0                0.058946     0.000221 ✅ 正常           
  dis_proj_layer0               0.068168     0.000250 ✅ 正常           
================================================================================

Epoch 200, Total Loss: 5.1705, Recover Loss: 2.3201, miRNA CL: 1.2696, Disease CL: 1.2696, Inter-view (est): 0.5859, Recon Loss: 0.0272, Time: 168.40s
[INFO] Hypergraph updated at epoch 250

🔧 Epoch 250 梯度检查:
================================================================================

  参数名称                              梯度范数         梯度均值 状态             
  ----------------------------------------------------------------------
  type_relations                0.351754     0.008546 ✅ 正常           
  exist_relation                0.000121     0.000007 ✅ 正常           
  mi_proj_layer0                0.054984     0.000205 ✅ 正常           
  dis_proj_layer0               0.063070     0.000235 ✅ 正常           
================================================================================

Epoch 250, Total Loss: 5.0434, Recover Loss: 2.2465, miRNA CL: 1.2489, Disease CL: 1.2489, Inter-view (est): 0.5764, Recon Loss: 0.0272, Time: 200.23s
[INFO] Hypergraph updated at epoch 300

🔧 Epoch 300 梯度检查:
================================================================================

  参数名称                              梯度范数         梯度均值 状态             
  ----------------------------------------------------------------------
  type_relations                0.242787     0.006147 ✅ 正常           
  exist_relation                0.000118     0.000007 ✅ 正常           
  mi_proj_layer0                0.060470     0.000218 ✅ 正常           
  dis_proj_layer0               0.067383     0.000242 ✅ 正常           
================================================================================

Epoch 300, Total Loss: 4.9626, Recover Loss: 2.2021, miRNA CL: 1.2355, Disease CL: 1.2355, Inter-view (est): 0.5702, Recon Loss: 0.0274, Time: 232.16s
[INFO] Hypergraph updated at epoch 350

🔧 Epoch 350 梯度检查:
================================================================================

  参数名称                              梯度范数         梯度均值 状态             
  ----------------------------------------------------------------------
  type_relations                0.244314     0.006467 ✅ 正常           
  exist_relation                0.000115     0.000007 ✅ 正常           
  mi_proj_layer0                0.057547     0.000215 ✅ 正常           
  dis_proj_layer0               0.070357     0.000259 ✅ 正常           
================================================================================

Epoch 350, Total Loss: 4.9026, Recover Loss: 2.1720, miRNA CL: 1.2259, Disease CL: 1.2259, Inter-view (est): 0.5658, Recon Loss: 0.0248, Time: 264.44s
[INFO] Hypergraph updated at epoch 400

🔧 Epoch 400 梯度检查:
================================================================================

  参数名称                              梯度范数         梯度均值 状态             
  ----------------------------------------------------------------------
  type_relations                0.196807     0.005539 ✅ 正常           
  exist_relation                0.000111     0.000006 ✅ 正常           
  mi_proj_layer0                0.055760     0.000210 ✅ 正常           
  dis_proj_layer0               0.060576     0.000230 ✅ 正常           
================================================================================

Epoch 400, Total Loss: 4.8534, Recover Loss: 2.1436, miRNA CL: 1.2189, Disease CL: 1.2189, Inter-view (est): 0.5626, Recon Loss: 0.0249, Time: 296.25s
[INFO] Hypergraph updated at epoch 450

🔧 Epoch 450 梯度检查:
================================================================================

  参数名称                              梯度范数         梯度均值 状态             
  ----------------------------------------------------------------------
  type_relations                0.173089     0.004829 ✅ 正常           
  exist_relation                0.000108     0.000006 ✅ 正常           
  mi_proj_layer0                0.055770     0.000210 ✅ 正常           
  dis_proj_layer0               0.063347     0.000234 ✅ 正常           
================================================================================

Epoch 450, Total Loss: 4.8110, Recover Loss: 2.1188, miRNA CL: 1.2135, Disease CL: 1.2135, Inter-view (est): 0.5601, Recon Loss: 0.0240, Time: 329.18s
[INFO] Hypergraph updated at epoch 500

🔧 Epoch 500 梯度检查:
================================================================================

  参数名称                              梯度范数         梯度均值 状态             
  ----------------------------------------------------------------------
  type_relations                0.171362     0.004643 ✅ 正常           
  exist_relation                0.000105     0.000006 ✅ 正常           
  mi_proj_layer0                0.058219     0.000218 ✅ 正常           
  dis_proj_layer0               0.061873     0.000231 ✅ 正常           
================================================================================

Epoch 500, Total Loss: 4.7600, Recover Loss: 2.0820, miRNA CL: 1.2091, Disease CL: 1.2091, Inter-view (est): 0.5580, Recon Loss: 0.0237, Time: 362.63s
[INFO] Hypergraph updated at epoch 550

🔧 Epoch 550 梯度检查:
================================================================================

  参数名称                              梯度范数         梯度均值 状态             
  ----------------------------------------------------------------------
  type_relations                0.162574     0.004639 ✅ 正常           
  exist_relation                0.000102     0.000005 ✅ 正常           
  mi_proj_layer0                0.059440     0.000225 ✅ 正常           
  dis_proj_layer0               0.061012     0.000231 ✅ 正常           
================================================================================

Epoch 550, Total Loss: 4.7274, Recover Loss: 2.0612, miRNA CL: 1.2054, Disease CL: 1.2054, Inter-view (est): 0.5564, Recon Loss: 0.0232, Time: 395.57s
[INFO] Hypergraph updated at epoch 600

🔧 Epoch 600 梯度检查:
================================================================================

  参数名称                              梯度范数         梯度均值 状态             
  ----------------------------------------------------------------------
  type_relations                0.150946     0.004614 ✅ 正常           
  exist_relation                0.000100     0.000005 ✅ 正常           
  mi_proj_layer0                0.060450     0.000229 ✅ 正常           
  dis_proj_layer0               0.070468     0.000260 ✅ 正常           
================================================================================

Epoch 600, Total Loss: 4.7092, Recover Loss: 2.0525, miRNA CL: 1.2023, Disease CL: 1.2023, Inter-view (est): 0.5549, Recon Loss: 0.0237, Time: 428.27s
[INFO] Hypergraph updated at epoch 650

🔧 Epoch 650 梯度检查:
================================================================================

  参数名称                              梯度范数         梯度均值 状态             
  ----------------------------------------------------------------------
  type_relations                0.119132     0.003622 ✅ 正常           
  exist_relation                0.000097     0.000005 ✅ 正常           
  mi_proj_layer0                0.060704     0.000224 ✅ 正常           
  dis_proj_layer0               0.061682     0.000233 ✅ 正常           
================================================================================

Epoch 650, Total Loss: 4.6790, Recover Loss: 2.0298, miRNA CL: 1.1995, Disease CL: 1.1995, Inter-view (est): 0.5536, Recon Loss: 0.0252, Time: 461.74s

================================================================================
Training completed. Running final test...
================================================================================
Fold 1 completed - AUC: 0.9802, Top-1 F1: 0.6317
Fold 1 training time: 462.88 seconds
=== Cross Validation Fold 2/5 ===
Using hidden dimensions: [256, 256] with 4 attention heads
[ABLATION] Running with mode = no_hgcn_rebuild
优化模型初始化: miRNA数量 = 495, 疾病数量 = 383
[ABLATION REBUILD] no_hgcn_rebuild — GCNConv với edge_index (threshold G > 0.1)
   节点维度: 256 → 128
   类型数量: 4
   Temperature: 2.0 (可学习)
   Loss mode: softmax_5class
   loss_mode=softmax_5class
   class_weights_5 (neg+4types): ['0.026', '0.970', '2.266', '1.215', '0.524']

✅ SimplifiedMultiTypeAssociationLoss 初始化 (改进版)
   类别权重 (beta=0.99999): ['0.780', '1.822', '0.977', '0.421']
Original positive index shape: torch.Size([1072, 2])
Original negative index shape: torch.Size([135416, 2])
采样后负样本数量: 10720
🎯 Building TRUE DUAL VIEWS from four different sources...
📊 Data sources loaded:
  Disease semantic: torch.Size([383, 383])
  miRNA functional: torch.Size([495, 495])
  Disease-gene: torch.Size([383, 383])
  miRNA-sequence: torch.Size([495, 495])
🧬 Building miRNA dual-view hypergraphs...
  📊 miRNA View 1 (Sequence): torch.Size([495, 878])
  📊 miRNA View 2 (Function): torch.Size([495, 878])
🦠 Building disease dual-view hypergraphs...
  📊 Disease View 1 (Gene): torch.Size([383, 878])
  📊 Disease View 2 (Semantic): torch.Size([383, 878])
✅ Successfully built TRUE DUAL VIEWS:
   🧬 miRNA: Sequence Features (m_ss.xlsx) vs Functional Similarity (mi_fun_sim_2.0.csv)
   🦠 Disease: Gene Features (d_gs.xlsx) vs Semantic Similarity (dis_sem_sim_2.0.csv)
[no_hgcn_rebuild] edge counts: mi_v1=0, mi_v2=0, dis_v1=0, dis_v2=0

🔧 Epoch 1 梯度检查:
================================================================================

  参数名称                              梯度范数         梯度均值 状态             
  ----------------------------------------------------------------------
  type_relations                0.531688     0.015013 ✅ 正常           
  exist_relation                0.000152     0.000011 ✅ 正常           
  mi_proj_layer0                1.102441     0.003234 ✅ 正常           
  dis_proj_layer0               1.063819     0.003133 ✅ 正常           
================================================================================

Epoch 1, Total Loss: 8.2709, Recover Loss: 3.0070, miRNA CL: 1.7955, Disease CL: 1.7955, Inter-view (est): 0.8287, Recon Loss: 1.2953, Time: 0.62s
[INFO] Hypergraph updated at epoch 5
[INFO] Hypergraph updated at epoch 10
[INFO] Hypergraph updated at epoch 15
[INFO] Hypergraph updated at epoch 20
[INFO] Hypergraph updated at epoch 25
[INFO] Hypergraph updated at epoch 30
[INFO] Hypergraph updated at epoch 35
[INFO] Hypergraph updated at epoch 40
[INFO] Hypergraph updated at epoch 45
[INFO] Hypergraph updated at epoch 50

🔧 Epoch 50 梯度检查:
================================================================================

  参数名称                              梯度范数         梯度均值 状态             
  ----------------------------------------------------------------------
  type_relations                0.364050     0.010027 ✅ 正常           
  exist_relation                0.000147     0.000010 ✅ 正常           
  mi_proj_layer0                0.098189     0.000320 ✅ 正常           
  dis_proj_layer0               0.092382     0.000340 ✅ 正常           
================================================================================

Epoch 50, Total Loss: 6.2071, Recover Loss: 2.7091, miRNA CL: 1.5287, Disease CL: 1.5287, Inter-view (est): 0.7056, Recon Loss: 0.0924, Time: 71.30s
[INFO] Hypergraph updated at epoch 100

🔧 Epoch 100 梯度检查:
================================================================================

  参数名称                              梯度范数         梯度均值 状态             
  ----------------------------------------------------------------------
  type_relations                0.451275     0.011831 ✅ 正常           
  exist_relation                0.000142     0.000010 ✅ 正常           
  mi_proj_layer0                0.066472     0.000252 ✅ 正常           
  dis_proj_layer0               0.086188     0.000318 ✅ 正常           
================================================================================

Epoch 100, Total Loss: 5.6732, Recover Loss: 2.5827, miRNA CL: 1.3708, Disease CL: 1.3708, Inter-view (est): 0.6327, Recon Loss: 0.0292, Time: 104.84s
[INFO] Hypergraph updated at epoch 150

🔧 Epoch 150 梯度检查:
================================================================================

  参数名称                              梯度范数         梯度均值 状态             
  ----------------------------------------------------------------------
  type_relations                0.479165     0.012041 ✅ 正常           
  exist_relation                0.000137     0.000009 ✅ 正常           
  mi_proj_layer0                0.067689     0.000239 ✅ 正常           
  dis_proj_layer0               0.081050     0.000289 ✅ 正常           
================================================================================

Epoch 150, Total Loss: 5.3801, Recover Loss: 2.4405, miRNA CL: 1.3060, Disease CL: 1.3060, Inter-view (est): 0.6027, Recon Loss: 0.0278, Time: 136.71s
[INFO] Hypergraph updated at epoch 200

🔧 Epoch 200 梯度检查:
================================================================================

  参数名称                              梯度范数         梯度均值 状态             
  ----------------------------------------------------------------------
  type_relations                0.406350     0.009683 ✅ 正常           
  exist_relation                0.000133     0.000009 ✅ 正常           
  mi_proj_layer0                0.061984     0.000218 ✅ 正常           
  dis_proj_layer0               0.069783     0.000250 ✅ 正常           
================================================================================

Epoch 200, Total Loss: 5.1804, Recover Loss: 2.3275, miRNA CL: 1.2704, Disease CL: 1.2704, Inter-view (est): 0.5864, Recon Loss: 0.0273, Time: 169.80s
[INFO] Hypergraph updated at epoch 250

🔧 Epoch 250 梯度检查:
================================================================================

  参数名称                              梯度范数         梯度均值 状态             
  ----------------------------------------------------------------------
  type_relations                0.271702     0.006804 ✅ 正常           
  exist_relation                0.000129     0.000008 ✅ 正常           
  mi_proj_layer0                0.052517     0.000199 ✅ 正常           
  dis_proj_layer0               0.058124     0.000213 ✅ 正常           
================================================================================

Epoch 250, Total Loss: 5.0656, Recover Loss: 2.2685, miRNA CL: 1.2491, Disease CL: 1.2491, Inter-view (est): 0.5765, Recon Loss: 0.0263, Time: 202.27s
[INFO] Hypergraph updated at epoch 300

🔧 Epoch 300 梯度检查:
================================================================================

  参数名称                              梯度范数         梯度均值 状态             
  ----------------------------------------------------------------------
  type_relations                0.269977     0.006898 ✅ 正常           
  exist_relation                0.000125     0.000008 ✅ 正常           
  mi_proj_layer0                0.059846     0.000217 ✅ 正常           
  dis_proj_layer0               0.066133     0.000238 ✅ 正常           
================================================================================

Epoch 300, Total Loss: 4.9925, Recover Loss: 2.2332, miRNA CL: 1.2353, Disease CL: 1.2353, Inter-view (est): 0.5701, Recon Loss: 0.0262, Time: 234.76s
[INFO] Hypergraph updated at epoch 350

🔧 Epoch 350 梯度检查:
================================================================================

  参数名称                              梯度范数         梯度均值 状态             
  ----------------------------------------------------------------------
  type_relations                0.231093     0.006083 ✅ 正常           
  exist_relation                0.000121     0.000008 ✅ 正常           
  mi_proj_layer0                0.055965     0.000210 ✅ 正常           
  dis_proj_layer0               0.062600     0.000235 ✅ 正常           
================================================================================

Epoch 350, Total Loss: 4.9363, Recover Loss: 2.2054, miRNA CL: 1.2256, Disease CL: 1.2256, Inter-view (est): 0.5657, Recon Loss: 0.0253, Time: 267.63s
[INFO] Hypergraph updated at epoch 400

🔧 Epoch 400 梯度检查:
================================================================================

  参数名称                              梯度范数         梯度均值 状态             
  ----------------------------------------------------------------------
  type_relations                0.207464     0.005847 ✅ 正常           
  exist_relation                0.000118     0.000007 ✅ 正常           
  mi_proj_layer0                0.059085     0.000221 ✅ 正常           
  dis_proj_layer0               0.071068     0.000259 ✅ 正常           
================================================================================

Epoch 400, Total Loss: 4.8821, Recover Loss: 2.1720, miRNA CL: 1.2185, Disease CL: 1.2185, Inter-view (est): 0.5624, Recon Loss: 0.0255, Time: 300.16s
[INFO] Hypergraph updated at epoch 450

🔧 Epoch 450 梯度检查:
================================================================================

  参数名称                              梯度范数         梯度均值 状态             
  ----------------------------------------------------------------------
  type_relations                0.172606     0.004623 ✅ 正常           
  exist_relation                0.000114     0.000007 ✅ 正常           
  mi_proj_layer0                0.057037     0.000214 ✅ 正常           
  dis_proj_layer0               0.066801     0.000247 ✅ 正常           
================================================================================

Epoch 450, Total Loss: 4.8398, Recover Loss: 2.1472, miRNA CL: 1.2131, Disease CL: 1.2131, Inter-view (est): 0.5599, Recon Loss: 0.0246, Time: 332.91s
[INFO] Hypergraph updated at epoch 500

🔧 Epoch 500 梯度检查:
================================================================================

  参数名称                              梯度范数         梯度均值 状态             
  ----------------------------------------------------------------------
  type_relations                0.199162     0.005196 ✅ 正常           
  exist_relation                0.000111     0.000007 ✅ 正常           
  mi_proj_layer0                0.063944     0.000238 ✅ 正常           
  dis_proj_layer0               0.074477     0.000269 ✅ 正常           
================================================================================

Epoch 500, Total Loss: 4.8013, Recover Loss: 2.1227, miRNA CL: 1.2087, Disease CL: 1.2087, Inter-view (est): 0.5579, Recon Loss: 0.0242, Time: 365.84s
[INFO] Hypergraph updated at epoch 550

🔧 Epoch 550 梯度检查:
================================================================================

  参数名称                              梯度范数         梯度均值 状态             
  ----------------------------------------------------------------------
  type_relations                0.146631     0.004258 ✅ 正常           
  exist_relation                0.000108     0.000006 ✅ 正常           
  mi_proj_layer0                0.060432     0.000228 ✅ 正常           
  dis_proj_layer0               0.066780     0.000247 ✅ 正常           
================================================================================

Epoch 550, Total Loss: 4.7604, Recover Loss: 2.0935, miRNA CL: 1.2051, Disease CL: 1.2051, Inter-view (est): 0.5562, Recon Loss: 0.0240, Time: 399.59s
[INFO] Hypergraph updated at epoch 600

🔧 Epoch 600 梯度检查:
================================================================================

  参数名称                              梯度范数         梯度均值 状态             
  ----------------------------------------------------------------------
  type_relations                0.140141     0.004211 ✅ 正常           
  exist_relation                0.000105     0.000006 ✅ 正常           
  mi_proj_layer0                0.063708     0.000240 ✅ 正常           
  dis_proj_layer0               0.068870     0.000254 ✅ 正常           
================================================================================

Epoch 600, Total Loss: 4.7344, Recover Loss: 2.0769, miRNA CL: 1.2018, Disease CL: 1.2018, Inter-view (est): 0.5547, Recon Loss: 0.0248, Time: 433.51s
[INFO] Hypergraph updated at epoch 650

🔧 Epoch 650 梯度检查:
================================================================================

  参数名称                              梯度范数         梯度均值 状态             
  ----------------------------------------------------------------------
  type_relations                0.158201     0.004822 ✅ 正常           
  exist_relation                0.000102     0.000006 ✅ 正常           
  mi_proj_layer0                0.064116     0.000245 ✅ 正常           
  dis_proj_layer0               0.069565     0.000263 ✅ 正常           
================================================================================

Epoch 650, Total Loss: 4.7134, Recover Loss: 2.0652, miRNA CL: 1.1990, Disease CL: 1.1990, Inter-view (est): 0.5534, Recon Loss: 0.0244, Time: 469.63s

================================================================================
Training completed. Running final test...
================================================================================
Fold 2 completed - AUC: 0.9636, Top-1 F1: 0.6748
Fold 2 training time: 470.41 seconds
=== Cross Validation Fold 3/5 ===
Using hidden dimensions: [256, 256] with 4 attention heads
[ABLATION] Running with mode = no_hgcn_rebuild
优化模型初始化: miRNA数量 = 495, 疾病数量 = 383
[ABLATION REBUILD] no_hgcn_rebuild — GCNConv với edge_index (threshold G > 0.1)
   节点维度: 256 → 128
   类型数量: 4
   Temperature: 2.0 (可学习)
   Loss mode: softmax_5class
   loss_mode=softmax_5class
   class_weights_5 (neg+4types): ['0.026', '0.970', '2.266', '1.215', '0.524']

✅ SimplifiedMultiTypeAssociationLoss 初始化 (改进版)
   类别权重 (beta=0.99999): ['0.780', '1.822', '0.977', '0.421']
Original positive index shape: torch.Size([1072, 2])
Original negative index shape: torch.Size([135416, 2])
采样后负样本数量: 10720
🎯 Building TRUE DUAL VIEWS from four different sources...
📊 Data sources loaded:
  Disease semantic: torch.Size([383, 383])
  miRNA functional: torch.Size([495, 495])
  Disease-gene: torch.Size([383, 383])
  miRNA-sequence: torch.Size([495, 495])
🧬 Building miRNA dual-view hypergraphs...
  📊 miRNA View 1 (Sequence): torch.Size([495, 878])
  📊 miRNA View 2 (Function): torch.Size([495, 878])
🦠 Building disease dual-view hypergraphs...
  📊 Disease View 1 (Gene): torch.Size([383, 878])
  📊 Disease View 2 (Semantic): torch.Size([383, 878])
✅ Successfully built TRUE DUAL VIEWS:
   🧬 miRNA: Sequence Features (m_ss.xlsx) vs Functional Similarity (mi_fun_sim_2.0.csv)
   🦠 Disease: Gene Features (d_gs.xlsx) vs Semantic Similarity (dis_sem_sim_2.0.csv)
[no_hgcn_rebuild] edge counts: mi_v1=0, mi_v2=0, dis_v1=0, dis_v2=0

🔧 Epoch 1 梯度检查:
================================================================================

  参数名称                              梯度范数         梯度均值 状态             
  ----------------------------------------------------------------------
  type_relations                0.533136     0.015620 ✅ 正常           
  exist_relation                0.000142     0.000010 ✅ 正常           
  mi_proj_layer0                0.995850     0.003037 ✅ 正常           
  dis_proj_layer0               0.823318     0.002768 ✅ 正常           
================================================================================

Epoch 1, Total Loss: 8.2094, Recover Loss: 2.9883, miRNA CL: 1.8011, Disease CL: 1.8011, Inter-view (est): 0.8313, Recon Loss: 1.2419, Time: 0.70s
[INFO] Hypergraph updated at epoch 5
[INFO] Hypergraph updated at epoch 10
[INFO] Hypergraph updated at epoch 15
[INFO] Hypergraph updated at epoch 20
[INFO] Hypergraph updated at epoch 25
[INFO] Hypergraph updated at epoch 30
[INFO] Hypergraph updated at epoch 35
[INFO] Hypergraph updated at epoch 40
[INFO] Hypergraph updated at epoch 45
[INFO] Hypergraph updated at epoch 50

🔧 Epoch 50 梯度检查:
================================================================================

  参数名称                              梯度范数         梯度均值 状态             
  ----------------------------------------------------------------------
  type_relations                0.341502     0.009326 ✅ 正常           
  exist_relation                0.000137     0.000009 ✅ 正常           
  mi_proj_layer0                0.064186     0.000238 ✅ 正常           
  dis_proj_layer0               0.090633     0.000317 ✅ 正常           
================================================================================

Epoch 50, Total Loss: 6.1416, Recover Loss: 2.6805, miRNA CL: 1.5315, Disease CL: 1.5315, Inter-view (est): 0.7068, Recon Loss: 0.0510, Time: 72.59s
[INFO] Hypergraph updated at epoch 100

🔧 Epoch 100 梯度检查:
================================================================================

  参数名称                              梯度范数         梯度均值 状态             
  ----------------------------------------------------------------------
  type_relations                0.429757     0.011242 ✅ 正常           
  exist_relation                0.000131     0.000009 ✅ 正常           
  mi_proj_layer0                0.072945     0.000260 ✅ 正常           
  dis_proj_layer0               0.081934     0.000303 ✅ 正常           
================================================================================

Epoch 100, Total Loss: 5.6472, Recover Loss: 2.5564, miRNA CL: 1.3711, Disease CL: 1.3711, Inter-view (est): 0.6328, Recon Loss: 0.0295, Time: 107.04s
[INFO] Hypergraph updated at epoch 150

🔧 Epoch 150 梯度检查:
================================================================================

  参数名称                              梯度范数         梯度均值 状态             
  ----------------------------------------------------------------------
  type_relations                0.452957     0.011650 ✅ 正常           
  exist_relation                0.000127     0.000008 ✅ 正常           
  mi_proj_layer0                0.059291     0.000224 ✅ 正常           
  dis_proj_layer0               0.083322     0.000299 ✅ 正常           
================================================================================

Epoch 150, Total Loss: 5.3617, Recover Loss: 2.4223, miRNA CL: 1.3061, Disease CL: 1.3061, Inter-view (est): 0.6028, Recon Loss: 0.0279, Time: 142.07s
[INFO] Hypergraph updated at epoch 200

🔧 Epoch 200 梯度检查:
================================================================================

  参数名称                              梯度范数         梯度均值 状态             
  ----------------------------------------------------------------------
  type_relations                0.388237     0.009777 ✅ 正常           
  exist_relation                0.000122     0.000008 ✅ 正常           
  mi_proj_layer0                0.059976     0.000219 ✅ 正常           
  dis_proj_layer0               0.070797     0.000256 ✅ 正常           
================================================================================

Epoch 200, Total Loss: 5.1927, Recover Loss: 2.3379, miRNA CL: 1.2716, Disease CL: 1.2716, Inter-view (est): 0.5869, Recon Loss: 0.0273, Time: 177.46s
[INFO] Hypergraph updated at epoch 250

🔧 Epoch 250 梯度检查:
================================================================================

  参数名称                              梯度范数         梯度均值 状态             
  ----------------------------------------------------------------------
  type_relations                0.314165     0.007996 ✅ 正常           
  exist_relation                0.000118     0.000008 ✅ 正常           
  mi_proj_layer0                0.066314     0.000233 ✅ 正常           
  dis_proj_layer0               0.076395     0.000270 ✅ 正常           
================================================================================

Epoch 250, Total Loss: 5.0695, Recover Loss: 2.2709, miRNA CL: 1.2504, Disease CL: 1.2504, Inter-view (est): 0.5771, Recon Loss: 0.0257, Time: 213.12s
[INFO] Hypergraph updated at epoch 300

🔧 Epoch 300 梯度检查:
================================================================================

  参数名称                              梯度范数         梯度均值 状态             
  ----------------------------------------------------------------------
  type_relations                0.253125     0.006560 ✅ 正常           
  exist_relation                0.000115     0.000007 ✅ 正常           
  mi_proj_layer0                0.050481     0.000186 ✅ 正常           
  dis_proj_layer0               0.056659     0.000210 ✅ 正常           
================================================================================

Epoch 300, Total Loss: 4.9833, Recover Loss: 2.2220, miRNA CL: 1.2365, Disease CL: 1.2365, Inter-view (est): 0.5707, Recon Loss: 0.0262, Time: 248.20s
[INFO] Hypergraph updated at epoch 350

🔧 Epoch 350 梯度检查:
================================================================================

  参数名称                              梯度范数         梯度均值 状态             
  ----------------------------------------------------------------------
  type_relations                0.205105     0.005743 ✅ 正常           
  exist_relation                0.000111     0.000007 ✅ 正常           
  mi_proj_layer0                0.055400     0.000202 ✅ 正常           
  dis_proj_layer0               0.064218     0.000234 ✅ 正常           
================================================================================

Epoch 350, Total Loss: 4.9267, Recover Loss: 2.1940, miRNA CL: 1.2268, Disease CL: 1.2268, Inter-view (est): 0.5662, Recon Loss: 0.0253, Time: 283.26s
[INFO] Hypergraph updated at epoch 400

🔧 Epoch 400 梯度检查:
================================================================================

  参数名称                              梯度范数         梯度均值 状态             
  ----------------------------------------------------------------------
  type_relations                0.205244     0.005485 ✅ 正常           
  exist_relation                0.000107     0.000007 ✅ 正常           
  mi_proj_layer0                0.055306     0.000200 ✅ 正常           
  dis_proj_layer0               0.062700     0.000228 ✅ 正常           
================================================================================

Epoch 400, Total Loss: 4.8803, Recover Loss: 2.1682, miRNA CL: 1.2197, Disease CL: 1.2197, Inter-view (est): 0.5629, Recon Loss: 0.0259, Time: 318.47s
[INFO] Hypergraph updated at epoch 450

🔧 Epoch 450 梯度检查:
================================================================================

  参数名称                              梯度范数         梯度均值 状态             
  ----------------------------------------------------------------------
  type_relations                0.164117     0.004700 ✅ 正常           
  exist_relation                0.000104     0.000006 ✅ 正常           
  mi_proj_layer0                0.058719     0.000218 ✅ 正常           
  dis_proj_layer0               0.066056     0.000231 ✅ 正常           
================================================================================

Epoch 450, Total Loss: 4.8454, Recover Loss: 2.1505, miRNA CL: 1.2142, Disease CL: 1.2142, Inter-view (est): 0.5604, Recon Loss: 0.0254, Time: 353.74s
[INFO] Hypergraph updated at epoch 500

🔧 Epoch 500 梯度检查:
================================================================================

  参数名称                              梯度范数         梯度均值 状态             
  ----------------------------------------------------------------------
  type_relations                0.187826     0.005258 ✅ 正常           
  exist_relation                0.000101     0.000006 ✅ 正常           
  mi_proj_layer0                0.057822     0.000216 ✅ 正常           
  dis_proj_layer0               0.063541     0.000238 ✅ 正常           
================================================================================

Epoch 500, Total Loss: 4.8062, Recover Loss: 2.1245, miRNA CL: 1.2098, Disease CL: 1.2098, Inter-view (est): 0.5584, Recon Loss: 0.0260, Time: 389.41s
[INFO] Hypergraph updated at epoch 550

🔧 Epoch 550 梯度检查:
================================================================================

  参数名称                              梯度范数         梯度均值 状态             
  ----------------------------------------------------------------------
  type_relations                0.156423     0.004563 ✅ 正常           
  exist_relation                0.000098     0.000006 ✅ 正常           
  mi_proj_layer0                0.058063     0.000217 ✅ 正常           
  dis_proj_layer0               0.062344     0.000231 ✅ 正常           
================================================================================

Epoch 550, Total Loss: 4.7764, Recover Loss: 2.1087, miRNA CL: 1.2061, Disease CL: 1.2061, Inter-view (est): 0.5567, Recon Loss: 0.0238, Time: 424.76s
[INFO] Hypergraph updated at epoch 600

🔧 Epoch 600 梯度检查:
================================================================================

  参数名称                              梯度范数         梯度均值 状态             
  ----------------------------------------------------------------------
  type_relations                0.164851     0.004589 ✅ 正常           
  exist_relation                0.000094     0.000005 ✅ 正常           
  mi_proj_layer0                0.062055     0.000233 ✅ 正常           
  dis_proj_layer0               0.074938     0.000268 ✅ 正常           
================================================================================

Epoch 600, Total Loss: 4.7476, Recover Loss: 2.0903, miRNA CL: 1.2030, Disease CL: 1.2030, Inter-view (est): 0.5552, Recon Loss: 0.0234, Time: 460.24s
[INFO] Hypergraph updated at epoch 650

🔧 Epoch 650 梯度检查:
================================================================================

  参数名称                              梯度范数         梯度均值 状态             
  ----------------------------------------------------------------------
  type_relations                0.152882     0.004306 ✅ 正常           
  exist_relation                0.000092     0.000005 ✅ 正常           
  mi_proj_layer0                0.067283     0.000245 ✅ 正常           
  dis_proj_layer0               0.077969     0.000285 ✅ 正常           
================================================================================

Epoch 650, Total Loss: 4.7194, Recover Loss: 2.0716, miRNA CL: 1.2002, Disease CL: 1.2002, Inter-view (est): 0.5539, Recon Loss: 0.0227, Time: 495.21s

================================================================================
Training completed. Running final test...
================================================================================
Fold 3 completed - AUC: 0.9594, Top-1 F1: 0.6236
Fold 3 training time: 496.01 seconds
=== Cross Validation Fold 4/5 ===
Using hidden dimensions: [256, 256] with 4 attention heads
[ABLATION] Running with mode = no_hgcn_rebuild
优化模型初始化: miRNA数量 = 495, 疾病数量 = 383
[ABLATION REBUILD] no_hgcn_rebuild — GCNConv với edge_index (threshold G > 0.1)
   节点维度: 256 → 128
   类型数量: 4
   Temperature: 2.0 (可学习)
   Loss mode: softmax_5class
   loss_mode=softmax_5class
   class_weights_5 (neg+4types): ['0.026', '0.970', '2.266', '1.215', '0.524']

✅ SimplifiedMultiTypeAssociationLoss 初始化 (改进版)
   类别权重 (beta=0.99999): ['0.780', '1.822', '0.977', '0.421']
Original positive index shape: torch.Size([1072, 2])
Original negative index shape: torch.Size([135416, 2])
采样后负样本数量: 10720
🎯 Building TRUE DUAL VIEWS from four different sources...
📊 Data sources loaded:
  Disease semantic: torch.Size([383, 383])
  miRNA functional: torch.Size([495, 495])
  Disease-gene: torch.Size([383, 383])
  miRNA-sequence: torch.Size([495, 495])
🧬 Building miRNA dual-view hypergraphs...
  📊 miRNA View 1 (Sequence): torch.Size([495, 878])
  📊 miRNA View 2 (Function): torch.Size([495, 878])
🦠 Building disease dual-view hypergraphs...
  📊 Disease View 1 (Gene): torch.Size([383, 878])
  📊 Disease View 2 (Semantic): torch.Size([383, 878])
✅ Successfully built TRUE DUAL VIEWS:
   🧬 miRNA: Sequence Features (m_ss.xlsx) vs Functional Similarity (mi_fun_sim_2.0.csv)
   🦠 Disease: Gene Features (d_gs.xlsx) vs Semantic Similarity (dis_sem_sim_2.0.csv)
[no_hgcn_rebuild] edge counts: mi_v1=0, mi_v2=0, dis_v1=0, dis_v2=0

🔧 Epoch 1 梯度检查:
================================================================================

  参数名称                              梯度范数         梯度均值 状态             
  ----------------------------------------------------------------------
  type_relations                0.520661     0.013733 ✅ 正常           
  exist_relation                0.000146     0.000010 ✅ 正常           
  mi_proj_layer0                1.254017     0.003905 ✅ 正常           
  dis_proj_layer0               1.256142     0.003888 ✅ 正常           
================================================================================

Epoch 1, Total Loss: 8.2426, Recover Loss: 3.0060, miRNA CL: 1.7759, Disease CL: 1.7759, Inter-view (est): 0.8196, Recon Loss: 1.3075, Time: 0.62s
[INFO] Hypergraph updated at epoch 5
[INFO] Hypergraph updated at epoch 10
[INFO] Hypergraph updated at epoch 15
[INFO] Hypergraph updated at epoch 20
[INFO] Hypergraph updated at epoch 25
[INFO] Hypergraph updated at epoch 30
[INFO] Hypergraph updated at epoch 35
[INFO] Hypergraph updated at epoch 40
[INFO] Hypergraph updated at epoch 45
[INFO] Hypergraph updated at epoch 50

🔧 Epoch 50 梯度检查:
================================================================================

  参数名称                              梯度范数         梯度均值 状态             
  ----------------------------------------------------------------------
  type_relations                0.313763     0.009043 ✅ 正常           
  exist_relation                0.000141     0.000010 ✅ 正常           
  mi_proj_layer0                0.068904     0.000260 ✅ 正常           
  dis_proj_layer0               0.086044     0.000314 ✅ 正常           
================================================================================

Epoch 50, Total Loss: 6.1762, Recover Loss: 2.6912, miRNA CL: 1.5243, Disease CL: 1.5243, Inter-view (est): 0.7035, Recon Loss: 0.0879, Time: 80.69s
[INFO] Hypergraph updated at epoch 100

🔧 Epoch 100 梯度检查:
================================================================================

  参数名称                              梯度范数         梯度均值 状态             
  ----------------------------------------------------------------------
  type_relations                0.490942     0.011956 ✅ 正常           
  exist_relation                0.000135     0.000009 ✅ 正常           
  mi_proj_layer0                0.066274     0.000242 ✅ 正常           
  dis_proj_layer0               0.089935     0.000324 ✅ 正常           
================================================================================

Epoch 100, Total Loss: 5.6449, Recover Loss: 2.5647, miRNA CL: 1.3660, Disease CL: 1.3660, Inter-view (est): 0.6304, Recon Loss: 0.0289, Time: 115.12s
[INFO] Hypergraph updated at epoch 150

🔧 Epoch 150 梯度检查:
================================================================================

  参数名称                              梯度范数         梯度均值 状态             
  ----------------------------------------------------------------------
  type_relations                0.455697     0.011308 ✅ 正常           
  exist_relation                0.000131     0.000009 ✅ 正常           
  mi_proj_layer0                0.060598     0.000227 ✅ 正常           
  dis_proj_layer0               0.077199     0.000287 ✅ 正常           
================================================================================

Epoch 150, Total Loss: 5.3753, Recover Loss: 2.4461, miRNA CL: 1.3017, Disease CL: 1.3017, Inter-view (est): 0.6008, Recon Loss: 0.0267, Time: 148.72s
[INFO] Hypergraph updated at epoch 200

🔧 Epoch 200 梯度检查:
================================================================================

  参数名称                              梯度范数         梯度均值 状态             
  ----------------------------------------------------------------------
  type_relations                0.367935     0.008917 ✅ 正常           
  exist_relation                0.000126     0.000008 ✅ 正常           
  mi_proj_layer0                0.056855     0.000213 ✅ 正常           
  dis_proj_layer0               0.072220     0.000259 ✅ 正常           
================================================================================

Epoch 200, Total Loss: 5.1876, Recover Loss: 2.3414, miRNA CL: 1.2670, Disease CL: 1.2670, Inter-view (est): 0.5848, Recon Loss: 0.0285, Time: 182.93s
[INFO] Hypergraph updated at epoch 250

🔧 Epoch 250 梯度检查:
================================================================================

  参数名称                              梯度范数         梯度均值 状态             
  ----------------------------------------------------------------------
  type_relations                0.314710     0.008092 ✅ 正常           
  exist_relation                0.000122     0.000008 ✅ 正常           
  mi_proj_layer0                0.056306     0.000210 ✅ 正常           
  dis_proj_layer0               0.063511     0.000236 ✅ 正常           
================================================================================

Epoch 250, Total Loss: 5.0798, Recover Loss: 2.2897, miRNA CL: 1.2463, Disease CL: 1.2463, Inter-view (est): 0.5752, Recon Loss: 0.0262, Time: 217.41s
[INFO] Hypergraph updated at epoch 300

🔧 Epoch 300 梯度检查:
================================================================================

  参数名称                              梯度范数         梯度均值 状态             
  ----------------------------------------------------------------------
  type_relations                0.245022     0.006280 ✅ 正常           
  exist_relation                0.000118     0.000007 ✅ 正常           
  mi_proj_layer0                0.054018     0.000206 ✅ 正常           
  dis_proj_layer0               0.058638     0.000221 ✅ 正常           
================================================================================

Epoch 300, Total Loss: 4.9918, Recover Loss: 2.2382, miRNA CL: 1.2330, Disease CL: 1.2330, Inter-view (est): 0.5691, Recon Loss: 0.0262, Time: 251.34s
[INFO] Hypergraph updated at epoch 350

🔧 Epoch 350 梯度检查:
================================================================================

  参数名称                              梯度范数         梯度均值 状态             
  ----------------------------------------------------------------------
  type_relations                0.202899     0.005269 ✅ 正常           
  exist_relation                0.000115     0.000007 ✅ 正常           
  mi_proj_layer0                0.056166     0.000202 ✅ 正常           
  dis_proj_layer0               0.063318     0.000228 ✅ 正常           
================================================================================

Epoch 350, Total Loss: 4.9290, Recover Loss: 2.2039, miRNA CL: 1.2240, Disease CL: 1.2240, Inter-view (est): 0.5649, Recon Loss: 0.0240, Time: 285.92s
[INFO] Hypergraph updated at epoch 400

🔧 Epoch 400 梯度检查:
================================================================================

  参数名称                              梯度范数         梯度均值 状态             
  ----------------------------------------------------------------------
  type_relations                0.221088     0.005842 ✅ 正常           
  exist_relation                0.000111     0.000007 ✅ 正常           
  mi_proj_layer0                0.060591     0.000226 ✅ 正常           
  dis_proj_layer0               0.069051     0.000251 ✅ 正常           
================================================================================

Epoch 400, Total Loss: 4.8843, Recover Loss: 2.1784, miRNA CL: 1.2172, Disease CL: 1.2172, Inter-view (est): 0.5618, Recon Loss: 0.0251, Time: 321.17s
[INFO] Hypergraph updated at epoch 450

🔧 Epoch 450 梯度检查:
================================================================================

  参数名称                              梯度范数         梯度均值 状态             
  ----------------------------------------------------------------------
  type_relations                0.178590     0.004975 ✅ 正常           
  exist_relation                0.000108     0.000006 ✅ 正常           
  mi_proj_layer0                0.057076     0.000212 ✅ 正常           
  dis_proj_layer0               0.062879     0.000232 ✅ 正常           
================================================================================

Epoch 450, Total Loss: 4.8313, Recover Loss: 2.1428, miRNA CL: 1.2121, Disease CL: 1.2121, Inter-view (est): 0.5594, Recon Loss: 0.0239, Time: 356.10s
[INFO] Hypergraph updated at epoch 500

🔧 Epoch 500 梯度检查:
================================================================================

  参数名称                              梯度范数         梯度均值 状态             
  ----------------------------------------------------------------------
  type_relations                0.177578     0.004868 ✅ 正常           
  exist_relation                0.000104     0.000006 ✅ 正常           
  mi_proj_layer0                0.064071     0.000240 ✅ 正常           
  dis_proj_layer0               0.073929     0.000271 ✅ 正常           
================================================================================

Epoch 500, Total Loss: 4.8057, Recover Loss: 2.1300, miRNA CL: 1.2078, Disease CL: 1.2078, Inter-view (est): 0.5575, Recon Loss: 0.0243, Time: 392.00s
[INFO] Hypergraph updated at epoch 550

🔧 Epoch 550 梯度检查:
================================================================================

  参数名称                              梯度范数         梯度均值 状态             
  ----------------------------------------------------------------------
  type_relations                0.157894     0.004553 ✅ 正常           
  exist_relation                0.000101     0.000006 ✅ 正常           
  mi_proj_layer0                0.064224     0.000237 ✅ 正常           
  dis_proj_layer0               0.063087     0.000235 ✅ 正常           
================================================================================

Epoch 550, Total Loss: 4.7669, Recover Loss: 2.1037, miRNA CL: 1.2043, Disease CL: 1.2043, Inter-view (est): 0.5558, Recon Loss: 0.0233, Time: 427.71s
[INFO] Hypergraph updated at epoch 600

🔧 Epoch 600 梯度检查:
================================================================================

  参数名称                              梯度范数         梯度均值 状态             
  ----------------------------------------------------------------------
  type_relations                0.138401     0.003952 ✅ 正常           
  exist_relation                0.000098     0.000006 ✅ 正常           
  mi_proj_layer0                0.060272     0.000225 ✅ 正常           
  dis_proj_layer0               0.063677     0.000239 ✅ 正常           
================================================================================

Epoch 600, Total Loss: 4.7343, Recover Loss: 2.0817, miRNA CL: 1.2012, Disease CL: 1.2012, Inter-view (est): 0.5544, Recon Loss: 0.0225, Time: 463.71s
[INFO] Hypergraph updated at epoch 650

🔧 Epoch 650 梯度检查:
================================================================================

  参数名称                              梯度范数         梯度均值 状态             
  ----------------------------------------------------------------------
  type_relations                0.143549     0.004370 ✅ 正常           
  exist_relation                0.000095     0.000005 ✅ 正常           
  mi_proj_layer0                0.065179     0.000244 ✅ 正常           
  dis_proj_layer0               0.073579     0.000276 ✅ 正常           
================================================================================

Epoch 650, Total Loss: 4.7149, Recover Loss: 2.0698, miRNA CL: 1.1986, Disease CL: 1.1986, Inter-view (est): 0.5532, Recon Loss: 0.0233, Time: 499.57s

================================================================================
Training completed. Running final test...
================================================================================
Fold 4 completed - AUC: 0.9761, Top-1 F1: 0.6788
Fold 4 training time: 500.41 seconds
=== Cross Validation Fold 5/5 ===
Using hidden dimensions: [256, 256] with 4 attention heads
[ABLATION] Running with mode = no_hgcn_rebuild
优化模型初始化: miRNA数量 = 495, 疾病数量 = 383
[ABLATION REBUILD] no_hgcn_rebuild — GCNConv với edge_index (threshold G > 0.1)
   节点维度: 256 → 128
   类型数量: 4
   Temperature: 2.0 (可学习)
   Loss mode: softmax_5class
   loss_mode=softmax_5class
   class_weights_5 (neg+4types): ['0.026', '0.970', '2.266', '1.215', '0.524']

✅ SimplifiedMultiTypeAssociationLoss 初始化 (改进版)
   类别权重 (beta=0.99999): ['0.780', '1.822', '0.977', '0.421']
Original positive index shape: torch.Size([1072, 2])
Original negative index shape: torch.Size([135416, 2])
采样后负样本数量: 10720
🎯 Building TRUE DUAL VIEWS from four different sources...
📊 Data sources loaded:
  Disease semantic: torch.Size([383, 383])
  miRNA functional: torch.Size([495, 495])
  Disease-gene: torch.Size([383, 383])
  miRNA-sequence: torch.Size([495, 495])
🧬 Building miRNA dual-view hypergraphs...
  📊 miRNA View 1 (Sequence): torch.Size([495, 878])
  📊 miRNA View 2 (Function): torch.Size([495, 878])
🦠 Building disease dual-view hypergraphs...
  📊 Disease View 1 (Gene): torch.Size([383, 878])
  📊 Disease View 2 (Semantic): torch.Size([383, 878])
✅ Successfully built TRUE DUAL VIEWS:
   🧬 miRNA: Sequence Features (m_ss.xlsx) vs Functional Similarity (mi_fun_sim_2.0.csv)
   🦠 Disease: Gene Features (d_gs.xlsx) vs Semantic Similarity (dis_sem_sim_2.0.csv)
[no_hgcn_rebuild] edge counts: mi_v1=0, mi_v2=0, dis_v1=0, dis_v2=0

🔧 Epoch 1 梯度检查:
================================================================================

  参数名称                              梯度范数         梯度均值 状态             
  ----------------------------------------------------------------------
  type_relations                0.607913     0.014444 ✅ 正常           
  exist_relation                0.000138     0.000009 ✅ 正常           
  mi_proj_layer0                0.775357     0.002412 ✅ 正常           
  dis_proj_layer0               0.900454     0.002828 ✅ 正常           
================================================================================

Epoch 1, Total Loss: 8.2109, Recover Loss: 2.9568, miRNA CL: 1.7891, Disease CL: 1.7891, Inter-view (est): 0.8257, Recon Loss: 1.2984, Time: 0.75s
[INFO] Hypergraph updated at epoch 5
[INFO] Hypergraph updated at epoch 10
[INFO] Hypergraph updated at epoch 15
[INFO] Hypergraph updated at epoch 20
[INFO] Hypergraph updated at epoch 25
[INFO] Hypergraph updated at epoch 30
[INFO] Hypergraph updated at epoch 35
[INFO] Hypergraph updated at epoch 40
[INFO] Hypergraph updated at epoch 45
[INFO] Hypergraph updated at epoch 50

🔧 Epoch 50 梯度检查:
================================================================================

  参数名称                              梯度范数         梯度均值 状态             
  ----------------------------------------------------------------------
  type_relations                0.343050     0.009797 ✅ 正常           
  exist_relation                0.000133     0.000009 ✅ 正常           
  mi_proj_layer0                0.070758     0.000259 ✅ 正常           
  dis_proj_layer0               0.079234     0.000299 ✅ 正常           
================================================================================

Epoch 50, Total Loss: 6.1571, Recover Loss: 2.6844, miRNA CL: 1.5353, Disease CL: 1.5353, Inter-view (est): 0.7086, Recon Loss: 0.0541, Time: 77.76s
[INFO] Hypergraph updated at epoch 100

🔧 Epoch 100 梯度检查:
================================================================================

  参数名称                              梯度范数         梯度均值 状态             
  ----------------------------------------------------------------------
  type_relations                0.512574     0.012807 ✅ 正常           
  exist_relation                0.000128     0.000008 ✅ 正常           
  mi_proj_layer0                0.073624     0.000275 ✅ 正常           
  dis_proj_layer0               0.090592     0.000332 ✅ 正常           
================================================================================

Epoch 100, Total Loss: 5.6427, Recover Loss: 2.5502, miRNA CL: 1.3721, Disease CL: 1.3721, Inter-view (est): 0.6333, Recon Loss: 0.0294, Time: 113.45s
[INFO] Hypergraph updated at epoch 150

🔧 Epoch 150 梯度检查:
================================================================================

  参数名称                              梯度范数         梯度均值 状态             
  ----------------------------------------------------------------------
  type_relations                0.438979     0.010983 ✅ 正常           
  exist_relation                0.000123     0.000008 ✅ 正常           
  mi_proj_layer0                0.064761     0.000241 ✅ 正常           
  dis_proj_layer0               0.078040     0.000282 ✅ 正常           
================================================================================

Epoch 150, Total Loss: 5.3583, Recover Loss: 2.4211, miRNA CL: 1.3052, Disease CL: 1.3052, Inter-view (est): 0.6024, Recon Loss: 0.0279, Time: 148.73s
[INFO] Hypergraph updated at epoch 200

🔧 Epoch 200 梯度检查:
================================================================================

  参数名称                              梯度范数         梯度均值 状态             
  ----------------------------------------------------------------------
  type_relations                0.371959     0.009525 ✅ 正常           
  exist_relation                0.000119     0.000007 ✅ 正常           
  mi_proj_layer0                0.056388     0.000214 ✅ 正常           
  dis_proj_layer0               0.068874     0.000254 ✅ 正常           
================================================================================

Epoch 200, Total Loss: 5.1862, Recover Loss: 2.3373, miRNA CL: 1.2693, Disease CL: 1.2693, Inter-view (est): 0.5858, Recon Loss: 0.0271, Time: 183.56s
[INFO] Hypergraph updated at epoch 250

🔧 Epoch 250 梯度检查:
================================================================================

  参数名称                              梯度范数         梯度均值 状态             
  ----------------------------------------------------------------------
  type_relations                0.289708     0.007515 ✅ 正常           
  exist_relation                0.000115     0.000007 ✅ 正常           
  mi_proj_layer0                0.052406     0.000199 ✅ 正常           
  dis_proj_layer0               0.059694     0.000221 ✅ 正常           
================================================================================

Epoch 250, Total Loss: 5.0670, Recover Loss: 2.2731, miRNA CL: 1.2482, Disease CL: 1.2482, Inter-view (est): 0.5761, Recon Loss: 0.0265, Time: 218.39s
[INFO] Hypergraph updated at epoch 300

🔧 Epoch 300 梯度检查:
================================================================================

  参数名称                              梯度范数         梯度均值 状态             
  ----------------------------------------------------------------------
  type_relations                0.255153     0.006749 ✅ 正常           
  exist_relation                0.000112     0.000007 ✅ 正常           
  mi_proj_layer0                0.060325     0.000224 ✅ 正常           
  dis_proj_layer0               0.068112     0.000247 ✅ 正常           
================================================================================

Epoch 300, Total Loss: 4.9867, Recover Loss: 2.2312, miRNA CL: 1.2347, Disease CL: 1.2347, Inter-view (est): 0.5699, Recon Loss: 0.0252, Time: 253.39s
[INFO] Hypergraph updated at epoch 350

🔧 Epoch 350 梯度检查:
================================================================================

  参数名称                              梯度范数         梯度均值 状态             
  ----------------------------------------------------------------------
  type_relations                0.219798     0.006109 ✅ 正常           
  exist_relation                0.000108     0.000006 ✅ 正常           
  mi_proj_layer0                0.053517     0.000203 ✅ 正常           
  dis_proj_layer0               0.062542     0.000233 ✅ 正常           
================================================================================

Epoch 350, Total Loss: 4.9222, Recover Loss: 2.1936, miRNA CL: 1.2251, Disease CL: 1.2251, Inter-view (est): 0.5654, Recon Loss: 0.0257, Time: 288.74s
[INFO] Hypergraph updated at epoch 400

🔧 Epoch 400 梯度检查:
================================================================================

  参数名称                              梯度范数         梯度均值 状态             
  ----------------------------------------------------------------------
  type_relations                0.221412     0.005939 ✅ 正常           
  exist_relation                0.000105     0.000006 ✅ 正常           
  mi_proj_layer0                0.060638     0.000228 ✅ 正常           
  dis_proj_layer0               0.069096     0.000257 ✅ 正常           
================================================================================

Epoch 400, Total Loss: 4.8736, Recover Loss: 2.1659, miRNA CL: 1.2181, Disease CL: 1.2181, Inter-view (est): 0.5622, Recon Loss: 0.0258, Time: 322.96s
[INFO] Hypergraph updated at epoch 450

🔧 Epoch 450 梯度检查:
================================================================================

  参数名称                              梯度范数         梯度均值 状态             
  ----------------------------------------------------------------------
  type_relations                0.183611     0.005006 ✅ 正常           
  exist_relation                0.000101     0.000006 ✅ 正常           
  mi_proj_layer0                0.056356     0.000211 ✅ 正常           
  dis_proj_layer0               0.063901     0.000236 ✅ 正常           
================================================================================

Epoch 450, Total Loss: 4.8210, Recover Loss: 2.1314, miRNA CL: 1.2127, Disease CL: 1.2127, Inter-view (est): 0.5597, Recon Loss: 0.0243, Time: 357.58s
[INFO] Hypergraph updated at epoch 500

🔧 Epoch 500 梯度检查:
================================================================================

  参数名称                              梯度范数         梯度均值 状态             
  ----------------------------------------------------------------------
  type_relations                0.135524     0.003932 ✅ 正常           
  exist_relation                0.000098     0.000006 ✅ 正常           
  mi_proj_layer0                0.063396     0.000236 ✅ 正常           
  dis_proj_layer0               0.072701     0.000262 ✅ 正常           
================================================================================

Epoch 500, Total Loss: 4.7967, Recover Loss: 2.1202, miRNA CL: 1.2083, Disease CL: 1.2083, Inter-view (est): 0.5577, Recon Loss: 0.0249, Time: 392.04s
[INFO] Hypergraph updated at epoch 550

🔧 Epoch 550 梯度检查:
================================================================================

  参数名称                              梯度范数         梯度均值 状态             
  ----------------------------------------------------------------------
  type_relations                0.152838     0.004529 ✅ 正常           
  exist_relation                0.000095     0.000005 ✅ 正常           
  mi_proj_layer0                0.058802     0.000222 ✅ 正常           
  dis_proj_layer0               0.068653     0.000256 ✅ 正常           
================================================================================

Epoch 550, Total Loss: 4.7638, Recover Loss: 2.1004, miRNA CL: 1.2047, Disease CL: 1.2047, Inter-view (est): 0.5560, Recon Loss: 0.0232, Time: 427.08s
[INFO] Hypergraph updated at epoch 600

🔧 Epoch 600 梯度检查:
================================================================================

  参数名称                              梯度范数         梯度均值 状态             
  ----------------------------------------------------------------------
  type_relations                0.143490     0.004167 ✅ 正常           
  exist_relation                0.000092     0.000005 ✅ 正常           
  mi_proj_layer0                0.061462     0.000233 ✅ 正常           
  dis_proj_layer0               0.066063     0.000247 ✅ 正常           
================================================================================

Epoch 600, Total Loss: 4.7290, Recover Loss: 2.0754, miRNA CL: 1.2016, Disease CL: 1.2016, Inter-view (est): 0.5546, Recon Loss: 0.0232, Time: 461.81s
[INFO] Hypergraph updated at epoch 650

🔧 Epoch 650 梯度检查:
================================================================================

  参数名称                              梯度范数         梯度均值 状态             
  ----------------------------------------------------------------------
  type_relations                0.120512     0.003442 ✅ 正常           
  exist_relation                0.000089     0.000005 ✅ 正常           
  mi_proj_layer0                0.058530     0.000221 ✅ 正常           
  dis_proj_layer0               0.065232     0.000244 ✅ 正常           
================================================================================

Epoch 650, Total Loss: 4.6930, Recover Loss: 2.0463, miRNA CL: 1.1990, Disease CL: 1.1990, Inter-view (est): 0.5534, Recon Loss: 0.0249, Time: 497.18s

================================================================================
Training completed. Running final test...
================================================================================
Fold 5 completed - AUC: 0.9754, Top-1 F1: 0.6406
Fold 5 training time: 498.00 seconds
Average binary metrics across folds: [[0.97092671 0.96818046 0.93150344 0.92970149 0.95552239 0.9038806
  0.90905147]]
🎯 Average Top-1 metrics across folds: {'top1_precision': 0.6335820895522388, 'top1_recall': np.float64(0.6672253283226461), 'top1_f1': np.float64(0.6498687760433286)}

📊 CV_type Style Metrics Details:
  AUC            : 0.9709
  AUPR           : 0.9682
  F1             : 0.9315
  Accuracy       : 0.9297
  Recall         : 0.9555
  Specificity    : 0.9039
  Precision      : 0.9091

🎯 Top-1 Metrics Details:
  top1_precision : 0.6336
  top1_recall    : 0.6672
  top1_f1        : 0.6499

Total execution time: 2428.09 seconds

==========================================================================================
🎯 FINAL COMPREHENSIVE RESULTS WITH TOP-1 METRICS
==========================================================================================
📊 Binary Classification Metrics (Original):
  AUC: 0.9709
  AUPR: 0.9682
  F1: 0.9315
  Accuracy: 0.9297
  Recall: 0.9555
  Specificity: 0.9039
  Precision: 0.9091

🎯 CV_type Style Metrics (Enhanced):
  AUC: 0.9709
  AUPR: 0.9682
  F1: 0.9315
  Accuracy: 0.9297
  Recall: 0.9555
  Specificity: 0.9039
  Precision: 0.9091

🏆 Top-1 Metrics (NEW):
  Top-1 Precision: 0.6336
  Top-1 Recall: 0.6672
  Top-1 F1: 0.6499
==========================================================================================

[Plan E] no_hgt_rebuild (softmax_5class) ~50 phut
----------------------------------------------------------------
[CPU] torch.set_num_threads(14), interop=min(4, 14)
Using device: cpu
[INFO] Auto-computed BALANCED class weights (to prevent class collapse):
  Circulation  (367 samples): 0.780
  Epigenetics  (157 samples): 1.823
  Target       (293 samples): 0.977
  Genetics     (681 samples): 0.420
  [NOTE] Higher weights for minority classes to prevent model from only predicting majority class
[INFO] Using v2.0_495m383D dataset:
  miRNAs: 495
  Diseases: 383
  Expected associations: ~1498
  Types: 4 (Circulation, Epigenetics, Target, Genetics)

================================================================================
Configuration Summary
================================================================================
Dataset: v2.0_495m383D
Data Path: ./
Model: HeterogenousGraphCLAMIR
  - HGT Layers: 2
  - Attention Heads: 4
  - Association Types: 4
  - Inter-view CL: Enabled
    - Weight: 0.3
    - Temperature: 0.5
    - Margin: 0.5

Training:
  - Epochs: 650
  - Learning Rate: 0.0001
  - Dropout: 0.3
  - Weight Decay: 5e-05
  - Focal Loss: Enabled

Evaluation:
  - Cross-Validation Folds: 5
  - Primary Metric: AUPR

Device: cpu
Random Seed: 1234
================================================================================

🚀 Running with comprehensive evaluation including Top-1 metrics...
🎯 Loading dual-view data...
Starting dual-view data preparation with new file format...
Loading all similarity and feature files from v2.0_495m383D...
✅ Loaded disease semantic similarity from D_SSM1.txt: (383, 383)
✅ Loaded miRNA functional similarity from M_FSM.txt: (495, 495)
✅ Loaded multi-type association pairs from ./v2.0_495m383D\multi_all_mirna_disease_pairs_without_negative.csv: (1679, 3)
✅ Created multi-type association matrix: (495, 383)
📊 Multi-type Association Statistics:
   无关联 (No association): 188087 pairs (99.21%)
   循环类型 (Circulation): 367 pairs (0.19%)
   表观遗传学 (Epigenetics): 157 pairs (0.08%)
   靶标类型 (Target): 293 pairs (0.15%)
   遗传学类型 (Genetics): 681 pairs (0.36%)
✅ Created association matrix from CSV: (495, 383)
✅ Loaded disease-gene features from D_SSM2.txt: torch.Size([383, 383])
✅ Loaded miRNA-sequence features from M_GSM.txt: torch.Size([495, 495])
Processing integrated similarity matrices...
Loaded similarity matrices from cache
Processing indices...
Loaded indices from cache
✅ Dual-view data preparation completed in 0.38 seconds

============================================================
🎯 DUAL-VIEW CONFIGURATION SUMMARY (v2.0_495m383D)
============================================================
miRNA Dual Views:
  📊 View 1 (Sequence): M_GSM.txt torch.Size([495, 495])
  📊 View 2 (Function): M_FSM.txt torch.Size([495, 495])

Disease Dual Views:
  📊 View 1 (Gene): D_SSM2.txt torch.Size([383, 383])
  📊 View 2 (Semantic): D_SSM1.txt torch.Size([383, 383])

Association Matrix: torch.Size([495, 383])
Data source: v2.0_495m383D (495 miRNAs × 383 Diseases)
============================================================
Preloading dual-view data to device...
✅ Loaded disease-gene features to device: torch.Size([383, 383])
✅ Loaded miRNA-sequence features to device: torch.Size([495, 495])
✅ Loaded disease semantic similarity to device: torch.Size([383, 383])
✅ Loaded miRNA functional similarity to device: torch.Size([495, 495])
✅ Dual-view data preloading completed in 0.00 seconds
OptimizedDataset initialized with 5 folds
Using device: cpu
=== Cross Validation Fold 1/5 ===
Using hidden dimensions: [256, 256] with 4 attention heads
[ABLATION] Running with mode = no_hgt_rebuild
优化模型初始化: miRNA数量 = 495, 疾病数量 = 383
[ABLATION REBUILD] no_hgt_rebuild — skip transformers + HGT, projection trực tiếp
   节点维度: 256 → 128
   类型数量: 4
   Temperature: 2.0 (可学习)
   Loss mode: softmax_5class
   loss_mode=softmax_5class
   class_weights_5 (neg+4types): ['0.026', '0.970', '2.266', '1.215', '0.524']

✅ SimplifiedMultiTypeAssociationLoss 初始化 (改进版)
   类别权重 (beta=0.99999): ['0.780', '1.822', '0.977', '0.421']
Original positive index shape: torch.Size([1072, 2])
Original negative index shape: torch.Size([135416, 2])
采样后负样本数量: 10720
🎯 Building TRUE DUAL VIEWS from four different sources...
📊 Data sources loaded:
  Disease semantic: torch.Size([383, 383])
  miRNA functional: torch.Size([495, 495])
  Disease-gene: torch.Size([383, 383])
  miRNA-sequence: torch.Size([495, 495])
🧬 Building miRNA dual-view hypergraphs...
  📊 miRNA View 1 (Sequence): torch.Size([495, 878])
  📊 miRNA View 2 (Function): torch.Size([495, 878])
🦠 Building disease dual-view hypergraphs...
  📊 Disease View 1 (Gene): torch.Size([383, 878])
  📊 Disease View 2 (Semantic): torch.Size([383, 878])
✅ Successfully built TRUE DUAL VIEWS:
   🧬 miRNA: Sequence Features (m_ss.xlsx) vs Functional Similarity (mi_fun_sim_2.0.csv)
   🦠 Disease: Gene Features (d_gs.xlsx) vs Semantic Similarity (dis_sem_sim_2.0.csv)

🔧 Epoch 1 梯度检查:
================================================================================

  参数名称                              梯度范数         梯度均值 状态             
  ----------------------------------------------------------------------
  type_relations                1.561358     0.032739 ✅ 正常           
  exist_relation                0.000151     0.000011 ✅ 正常           
  mi_proj_layer0                5.479676     0.014404 ✅ 正常           
  dis_proj_layer0               4.120488     0.012545 ✅ 正常           
================================================================================

Epoch 1, Total Loss: 22.3489, Recover Loss: 3.0978, miRNA CL: 8.9734, Disease CL: 8.4525, Inter-view (est): 4.0214, Recon Loss: 1.5184, Time: 0.61s
[INFO] Hypergraph updated at epoch 5
[INFO] Hypergraph updated at epoch 10
[INFO] Hypergraph updated at epoch 15
[INFO] Hypergraph updated at epoch 20
[INFO] Hypergraph updated at epoch 25
[INFO] Hypergraph updated at epoch 30
[INFO] Hypergraph updated at epoch 35
[INFO] Hypergraph updated at epoch 40
[INFO] Hypergraph updated at epoch 45
[INFO] Hypergraph updated at epoch 50

🔧 Epoch 50 梯度检查:
================================================================================

  参数名称                              梯度范数         梯度均值 状态             
  ----------------------------------------------------------------------
  type_relations                0.323068     0.009174 ✅ 正常           
  exist_relation                0.000146     0.000011 ✅ 正常           
  mi_proj_layer0                0.100407     0.000360 ✅ 正常           
  dis_proj_layer0               0.082430     0.000300 ✅ 正常           
================================================================================

Epoch 50, Total Loss: 18.7958, Recover Loss: 2.6649, miRNA CL: 8.0259, Disease CL: 7.7234, Inter-view (est): 3.6344, Recon Loss: 0.1046, Time: 29.47s
[INFO] Hypergraph updated at epoch 100

🔧 Epoch 100 梯度检查:
================================================================================

  参数名称                              梯度范数         梯度均值 状态             
  ----------------------------------------------------------------------
  type_relations                0.334567     0.009055 ✅ 正常           
  exist_relation                0.000139     0.000010 ✅ 正常           
  mi_proj_layer0                0.141590     0.000454 ✅ 正常           
  dis_proj_layer0               0.098970     0.000357 ✅ 正常           
================================================================================

Epoch 100, Total Loss: 17.5419, Recover Loss: 2.5596, miRNA CL: 7.7453, Disease CL: 6.9609, Inter-view (est): 3.3937, Recon Loss: 0.0311, Time: 59.20s
[INFO] Hypergraph updated at epoch 150

🔧 Epoch 150 梯度检查:
================================================================================

  参数名称                              梯度范数         梯度均值 状态             
  ----------------------------------------------------------------------
  type_relations                0.321043     0.008641 ✅ 正常           
  exist_relation                0.000134     0.000009 ✅ 正常           
  mi_proj_layer0                0.181756     0.000572 ✅ 正常           
  dis_proj_layer0               0.157857     0.000506 ✅ 正常           
================================================================================

Epoch 150, Total Loss: 16.8337, Recover Loss: 2.4900, miRNA CL: 7.5323, Disease CL: 6.5583, Inter-view (est): 3.2517, Recon Loss: 0.0292, Time: 88.39s
[INFO] Hypergraph updated at epoch 200

🔧 Epoch 200 梯度检查:
================================================================================

  参数名称                              梯度范数         梯度均值 状态             
  ----------------------------------------------------------------------
  type_relations                0.290991     0.008208 ✅ 正常           
  exist_relation                0.000129     0.000009 ✅ 正常           
  mi_proj_layer0                0.165834     0.000556 ✅ 正常           
  dis_proj_layer0               0.170668     0.000620 ✅ 正常           
================================================================================

Epoch 200, Total Loss: 16.3042, Recover Loss: 2.3980, miRNA CL: 7.2689, Disease CL: 6.3985, Inter-view (est): 3.1540, Recon Loss: 0.0293, Time: 117.66s
[INFO] Hypergraph updated at epoch 250

🔧 Epoch 250 梯度检查:
================================================================================

  参数名称                              梯度范数         梯度均值 状态             
  ----------------------------------------------------------------------
  type_relations                0.319508     0.009052 ✅ 正常           
  exist_relation                0.000126     0.000009 ✅ 正常           
  mi_proj_layer0                0.181087     0.000617 ✅ 正常           
  dis_proj_layer0               0.213571     0.000738 ✅ 正常           
================================================================================

Epoch 250, Total Loss: 16.0381, Recover Loss: 2.3305, miRNA CL: 7.1413, Disease CL: 6.3363, Inter-view (est): 3.1102, Recon Loss: 0.0291, Time: 147.05s
[INFO] Hypergraph updated at epoch 300

🔧 Epoch 300 梯度检查:
================================================================================

  参数名称                              梯度范数         梯度均值 状态             
  ----------------------------------------------------------------------
  type_relations                0.303632     0.008632 ✅ 正常           
  exist_relation                0.000123     0.000008 ✅ 正常           
  mi_proj_layer0                0.271499     0.000908 ✅ 正常           
  dis_proj_layer0               0.234388     0.000813 ✅ 正常           
================================================================================

Epoch 300, Total Loss: 15.8454, Recover Loss: 2.2884, miRNA CL: 7.0463, Disease CL: 6.2884, Inter-view (est): 3.0773, Recon Loss: 0.0281, Time: 176.69s
[INFO] Hypergraph updated at epoch 350

🔧 Epoch 350 梯度检查:
================================================================================

  参数名称                              梯度范数         梯度均值 状态             
  ----------------------------------------------------------------------
  type_relations                0.271862     0.008109 ✅ 正常           
  exist_relation                0.000121     0.000008 ✅ 正常           
  mi_proj_layer0                0.275307     0.000957 ✅ 正常           
  dis_proj_layer0               0.269852     0.000901 ✅ 正常           
================================================================================

Epoch 350, Total Loss: 15.6632, Recover Loss: 2.2362, miRNA CL: 6.9640, Disease CL: 6.2465, Inter-view (est): 3.0486, Recon Loss: 0.0281, Time: 206.46s
[INFO] Hypergraph updated at epoch 400

🔧 Epoch 400 梯度检查:
================================================================================

  参数名称                              梯度范数         梯度均值 状态             
  ----------------------------------------------------------------------
  type_relations                0.271256     0.007848 ✅ 正常           
  exist_relation                0.000119     0.000008 ✅ 正常           
  mi_proj_layer0                0.242352     0.000771 ✅ 正常           
  dis_proj_layer0               0.268485     0.000918 ✅ 正常           
================================================================================

Epoch 400, Total Loss: 15.5501, Recover Loss: 2.1987, miRNA CL: 6.9173, Disease CL: 6.2221, Inter-view (est): 3.0322, Recon Loss: 0.0272, Time: 235.82s
[INFO] Hypergraph updated at epoch 450

🔧 Epoch 450 梯度检查:
================================================================================

  参数名称                              梯度范数         梯度均值 状态             
  ----------------------------------------------------------------------
  type_relations                0.266846     0.007852 ✅ 正常           
  exist_relation                0.000118     0.000008 ✅ 正常           
  mi_proj_layer0                0.228229     0.000777 ✅ 正常           
  dis_proj_layer0               0.223497     0.000778 ✅ 正常           
================================================================================

Epoch 450, Total Loss: 15.4567, Recover Loss: 2.1849, miRNA CL: 6.8491, Disease CL: 6.2115, Inter-view (est): 3.0140, Recon Loss: 0.0281, Time: 265.21s
[INFO] Hypergraph updated at epoch 500

🔧 Epoch 500 梯度检查:
================================================================================

  参数名称                              梯度范数         梯度均值 状态             
  ----------------------------------------------------------------------
  type_relations                0.262352     0.007857 ✅ 正常           
  exist_relation                0.000117     0.000008 ✅ 正常           
  mi_proj_layer0                0.281215     0.000918 ✅ 正常           
  dis_proj_layer0               0.290120     0.000958 ✅ 正常           
================================================================================

Epoch 500, Total Loss: 15.4188, Recover Loss: 2.1900, miRNA CL: 6.8151, Disease CL: 6.2040, Inter-view (est): 3.0044, Recon Loss: 0.0278, Time: 294.78s
[INFO] Hypergraph updated at epoch 550

🔧 Epoch 550 梯度检查:
================================================================================

  参数名称                              梯度范数         梯度均值 状态             
  ----------------------------------------------------------------------
  type_relations                0.242958     0.007194 ✅ 正常           
  exist_relation                0.000116     0.000008 ✅ 正常           
  mi_proj_layer0                0.240549     0.000768 ✅ 正常           
  dis_proj_layer0               0.222720     0.000715 ✅ 正常           
================================================================================

Epoch 550, Total Loss: 15.3689, Recover Loss: 2.1740, miRNA CL: 6.7889, Disease CL: 6.1976, Inter-view (est): 2.9969, Recon Loss: 0.0276, Time: 324.42s
[INFO] Hypergraph updated at epoch 600

🔧 Epoch 600 梯度检查:
================================================================================

  参数名称                              梯度范数         梯度均值 状态             
  ----------------------------------------------------------------------
  type_relations                0.237665     0.007124 ✅ 正常           
  exist_relation                0.000116     0.000008 ✅ 正常           
  mi_proj_layer0                0.242379     0.000811 ✅ 正常           
  dis_proj_layer0               0.236190     0.000803 ✅ 正常           
================================================================================

Epoch 600, Total Loss: 15.3315, Recover Loss: 2.1655, miRNA CL: 6.7671, Disease CL: 6.1916, Inter-view (est): 2.9905, Recon Loss: 0.0275, Time: 354.32s
[INFO] Hypergraph updated at epoch 650

🔧 Epoch 650 梯度检查:
================================================================================

  参数名称                              梯度范数         梯度均值 状态             
  ----------------------------------------------------------------------
  type_relations                0.249067     0.007320 ✅ 正常           
  exist_relation                0.000115     0.000008 ✅ 正常           
  mi_proj_layer0                0.291124     0.000923 ✅ 正常           
  dis_proj_layer0               0.285529     0.000949 ✅ 正常           
================================================================================

Epoch 650, Total Loss: 15.2971, Recover Loss: 2.1561, miRNA CL: 6.7493, Disease CL: 6.1859, Inter-view (est): 2.9851, Recon Loss: 0.0268, Time: 384.45s

================================================================================
Training completed. Running final test...
================================================================================
Fold 1 completed - AUC: 0.9759, Top-1 F1: 0.6870
Fold 1 training time: 385.56 seconds
=== Cross Validation Fold 2/5 ===
Using hidden dimensions: [256, 256] with 4 attention heads
[ABLATION] Running with mode = no_hgt_rebuild
优化模型初始化: miRNA数量 = 495, 疾病数量 = 383
[ABLATION REBUILD] no_hgt_rebuild — skip transformers + HGT, projection trực tiếp
   节点维度: 256 → 128
   类型数量: 4
   Temperature: 2.0 (可学习)
   Loss mode: softmax_5class
   loss_mode=softmax_5class
   class_weights_5 (neg+4types): ['0.026', '0.970', '2.266', '1.215', '0.524']

✅ SimplifiedMultiTypeAssociationLoss 初始化 (改进版)
   类别权重 (beta=0.99999): ['0.780', '1.822', '0.977', '0.421']
Original positive index shape: torch.Size([1072, 2])
Original negative index shape: torch.Size([135416, 2])
采样后负样本数量: 10720
🎯 Building TRUE DUAL VIEWS from four different sources...
📊 Data sources loaded:
  Disease semantic: torch.Size([383, 383])
  miRNA functional: torch.Size([495, 495])
  Disease-gene: torch.Size([383, 383])
  miRNA-sequence: torch.Size([495, 495])
🧬 Building miRNA dual-view hypergraphs...
  📊 miRNA View 1 (Sequence): torch.Size([495, 878])
  📊 miRNA View 2 (Function): torch.Size([495, 878])
🦠 Building disease dual-view hypergraphs...
  📊 Disease View 1 (Gene): torch.Size([383, 878])
  📊 Disease View 2 (Semantic): torch.Size([383, 878])
✅ Successfully built TRUE DUAL VIEWS:
   🧬 miRNA: Sequence Features (m_ss.xlsx) vs Functional Similarity (mi_fun_sim_2.0.csv)
   🦠 Disease: Gene Features (d_gs.xlsx) vs Semantic Similarity (dis_sem_sim_2.0.csv)

🔧 Epoch 1 梯度检查:
================================================================================

  参数名称                              梯度范数         梯度均值 状态             
  ----------------------------------------------------------------------
  type_relations                1.383408     0.032112 ✅ 正常           
  exist_relation                0.000145     0.000010 ✅ 正常           
  mi_proj_layer0                3.796748     0.010590 ✅ 正常           
  dis_proj_layer0               3.312656     0.010173 ✅ 正常           
================================================================================

Epoch 1, Total Loss: 22.2891, Recover Loss: 3.0800, miRNA CL: 8.8947, Disease CL: 8.4648, Inter-view (est): 4.0060, Recon Loss: 1.5428, Time: 0.59s
[INFO] Hypergraph updated at epoch 5
[INFO] Hypergraph updated at epoch 10
[INFO] Hypergraph updated at epoch 15
[INFO] Hypergraph updated at epoch 20
[INFO] Hypergraph updated at epoch 25
[INFO] Hypergraph updated at epoch 30
[INFO] Hypergraph updated at epoch 35
[INFO] Hypergraph updated at epoch 40
[INFO] Hypergraph updated at epoch 45
[INFO] Hypergraph updated at epoch 50

🔧 Epoch 50 梯度检查:
================================================================================

  参数名称                              梯度范数         梯度均值 状态             
  ----------------------------------------------------------------------
  type_relations                0.312924     0.008050 ✅ 正常           
  exist_relation                0.000140     0.000010 ✅ 正常           
  mi_proj_layer0                0.077933     0.000286 ✅ 正常           
  dis_proj_layer0               0.070831     0.000257 ✅ 正常           
================================================================================

Epoch 50, Total Loss: 18.8915, Recover Loss: 2.6927, miRNA CL: 8.0172, Disease CL: 7.7564, Inter-view (est): 3.6401, Recon Loss: 0.1480, Time: 29.83s
[INFO] Hypergraph updated at epoch 100

🔧 Epoch 100 梯度检查:
================================================================================

  参数名称                              梯度范数         梯度均值 状态             
  ----------------------------------------------------------------------
  type_relations                0.351117     0.009055 ✅ 正常           
  exist_relation                0.000134     0.000009 ✅ 正常           
  mi_proj_layer0                0.132383     0.000463 ✅ 正常           
  dis_proj_layer0               0.099001     0.000341 ✅ 正常           
================================================================================

Epoch 100, Total Loss: 17.6419, Recover Loss: 2.5856, miRNA CL: 7.7361, Disease CL: 7.0432, Inter-view (est): 3.4106, Recon Loss: 0.0315, Time: 59.53s
[INFO] Hypergraph updated at epoch 150

🔧 Epoch 150 梯度检查:
================================================================================

  参数名称                              梯度范数         梯度均值 状态             
  ----------------------------------------------------------------------
  type_relations                0.320035     0.008436 ✅ 正常           
  exist_relation                0.000129     0.000008 ✅ 正常           
  mi_proj_layer0                0.142005     0.000490 ✅ 正常           
  dis_proj_layer0               0.124605     0.000436 ✅ 正常           
================================================================================

Epoch 150, Total Loss: 16.8756, Recover Loss: 2.5053, miRNA CL: 7.4791, Disease CL: 6.6361, Inter-view (est): 3.2574, Recon Loss: 0.0309, Time: 89.33s
[INFO] Hypergraph updated at epoch 200

🔧 Epoch 200 梯度检查:
================================================================================

  参数名称                              梯度范数         梯度均值 状态             
  ----------------------------------------------------------------------
  type_relations                0.331425     0.009586 ✅ 正常           
  exist_relation                0.000125     0.000008 ✅ 正常           
  mi_proj_layer0                0.202489     0.000672 ✅ 正常           
  dis_proj_layer0               0.204352     0.000707 ✅ 正常           
================================================================================

Epoch 200, Total Loss: 16.3885, Recover Loss: 2.4294, miRNA CL: 7.2257, Disease CL: 6.4942, Inter-view (est): 3.1661, Recon Loss: 0.0288, Time: 118.81s
[INFO] Hypergraph updated at epoch 250

🔧 Epoch 250 梯度检查:
================================================================================

  参数名称                              梯度范数         梯度均值 状态             
  ----------------------------------------------------------------------
  type_relations                0.328545     0.009470 ✅ 正常           
  exist_relation                0.000121     0.000008 ✅ 正常           
  mi_proj_layer0                0.266048     0.000904 ✅ 正常           
  dis_proj_layer0               0.269152     0.000971 ✅ 正常           
================================================================================

Epoch 250, Total Loss: 16.0740, Recover Loss: 2.3527, miRNA CL: 7.1055, Disease CL: 6.3877, Inter-view (est): 3.1138, Recon Loss: 0.0292, Time: 148.02s
[INFO] Hypergraph updated at epoch 300

🔧 Epoch 300 梯度检查:
================================================================================

  参数名称                              梯度范数         梯度均值 状态             
  ----------------------------------------------------------------------
  type_relations                0.311788     0.008959 ✅ 正常           
  exist_relation                0.000118     0.000007 ✅ 正常           
  mi_proj_layer0                0.266514     0.000856 ✅ 正常           
  dis_proj_layer0               0.282518     0.000974 ✅ 正常           
================================================================================

Epoch 300, Total Loss: 15.8553, Recover Loss: 2.2783, miRNA CL: 7.0212, Disease CL: 6.3369, Inter-view (est): 3.0826, Recon Loss: 0.0279, Time: 177.61s
[INFO] Hypergraph updated at epoch 350

🔧 Epoch 350 梯度检查:
================================================================================

  参数名称                              梯度范数         梯度均值 状态             
  ----------------------------------------------------------------------
  type_relations                0.284621     0.008340 ✅ 正常           
  exist_relation                0.000115     0.000007 ✅ 正常           
  mi_proj_layer0                0.294220     0.000964 ✅ 正常           
  dis_proj_layer0               0.276209     0.000976 ✅ 正常           
================================================================================

Epoch 350, Total Loss: 15.7008, Recover Loss: 2.2443, miRNA CL: 6.9445, Disease CL: 6.2993, Inter-view (est): 3.0563, Recon Loss: 0.0277, Time: 206.72s
[INFO] Hypergraph updated at epoch 400

🔧 Epoch 400 梯度检查:
================================================================================

  参数名称                              梯度范数         梯度均值 状态             
  ----------------------------------------------------------------------
  type_relations                0.263107     0.007692 ✅ 正常           
  exist_relation                0.000113     0.000007 ✅ 正常           
  mi_proj_layer0                0.352530     0.001100 ✅ 正常           
  dis_proj_layer0               0.322149     0.001077 ✅ 正常           
================================================================================

Epoch 400, Total Loss: 15.5567, Recover Loss: 2.2102, miRNA CL: 6.8675, Disease CL: 6.2707, Inter-view (est): 3.0319, Recon Loss: 0.0271, Time: 235.80s
[INFO] Hypergraph updated at epoch 450

🔧 Epoch 450 梯度检查:
================================================================================

  参数名称                              梯度范数         梯度均值 状态             
  ----------------------------------------------------------------------
  type_relations                0.247609     0.007299 ✅ 正常           
  exist_relation                0.000112     0.000007 ✅ 正常           
  mi_proj_layer0                0.240613     0.000791 ✅ 正常           
  dis_proj_layer0               0.268105     0.000924 ✅ 正常           
================================================================================

Epoch 450, Total Loss: 15.4740, Recover Loss: 2.1987, miRNA CL: 6.8114, Disease CL: 6.2573, Inter-view (est): 3.0159, Recon Loss: 0.0269, Time: 265.35s
[INFO] Hypergraph updated at epoch 500

🔧 Epoch 500 梯度检查:
================================================================================

  参数名称                              梯度范数         梯度均值 状态             
  ----------------------------------------------------------------------
  type_relations                0.247273     0.007283 ✅ 正常           
  exist_relation                0.000112     0.000007 ✅ 正常           
  mi_proj_layer0                0.241273     0.000822 ✅ 正常           
  dis_proj_layer0               0.250993     0.000873 ✅ 正常           
================================================================================

Epoch 500, Total Loss: 15.4264, Recover Loss: 2.1925, miRNA CL: 6.7814, Disease CL: 6.2471, Inter-view (est): 3.0066, Recon Loss: 0.0268, Time: 294.60s
[INFO] Hypergraph updated at epoch 550

🔧 Epoch 550 梯度检查:
================================================================================

  参数名称                              梯度范数         梯度均值 状态             
  ----------------------------------------------------------------------
  type_relations                0.228844     0.006877 ✅ 正常           
  exist_relation                0.000111     0.000007 ✅ 正常           
  mi_proj_layer0                0.220329     0.000740 ✅ 正常           
  dis_proj_layer0               0.246616     0.000895 ✅ 正常           
================================================================================

Epoch 550, Total Loss: 15.3767, Recover Loss: 2.1769, miRNA CL: 6.7589, Disease CL: 6.2370, Inter-view (est): 2.9990, Recon Loss: 0.0267, Time: 324.31s
[INFO] Hypergraph updated at epoch 600

🔧 Epoch 600 梯度检查:
================================================================================

  参数名称                              梯度范数         梯度均值 状态             
  ----------------------------------------------------------------------
  type_relations                0.227506     0.006783 ✅ 正常           
  exist_relation                0.000110     0.000007 ✅ 正常           
  mi_proj_layer0                0.228038     0.000777 ✅ 正常           
  dis_proj_layer0               0.228288     0.000819 ✅ 正常           
================================================================================

Epoch 600, Total Loss: 15.3580, Recover Loss: 2.1667, miRNA CL: 6.7608, Disease CL: 6.2278, Inter-view (est): 2.9974, Recon Loss: 0.0266, Time: 354.15s
[INFO] Hypergraph updated at epoch 650

🔧 Epoch 650 梯度检查:
================================================================================

  参数名称                              梯度范数         梯度均值 状态             
  ----------------------------------------------------------------------
  type_relations                0.221653     0.006635 ✅ 正常           
  exist_relation                0.000110     0.000007 ✅ 正常           
  mi_proj_layer0                0.290848     0.000946 ✅ 正常           
  dis_proj_layer0               0.233556     0.000853 ✅ 正常           
================================================================================

Epoch 650, Total Loss: 15.3218, Recover Loss: 2.1651, miRNA CL: 6.7342, Disease CL: 6.2207, Inter-view (est): 2.9896, Recon Loss: 0.0265, Time: 383.38s

================================================================================
Training completed. Running final test...
================================================================================
Fold 2 completed - AUC: 0.9767, Top-1 F1: 0.6518
Fold 2 training time: 384.13 seconds
=== Cross Validation Fold 3/5 ===
Using hidden dimensions: [256, 256] with 4 attention heads
[ABLATION] Running with mode = no_hgt_rebuild
优化模型初始化: miRNA数量 = 495, 疾病数量 = 383
[ABLATION REBUILD] no_hgt_rebuild — skip transformers + HGT, projection trực tiếp
   节点维度: 256 → 128
   类型数量: 4
   Temperature: 2.0 (可学习)
   Loss mode: softmax_5class
   loss_mode=softmax_5class
   class_weights_5 (neg+4types): ['0.026', '0.970', '2.266', '1.215', '0.524']

✅ SimplifiedMultiTypeAssociationLoss 初始化 (改进版)
   类别权重 (beta=0.99999): ['0.780', '1.822', '0.977', '0.421']
Original positive index shape: torch.Size([1072, 2])
Original negative index shape: torch.Size([135416, 2])
采样后负样本数量: 10720
🎯 Building TRUE DUAL VIEWS from four different sources...
📊 Data sources loaded:
  Disease semantic: torch.Size([383, 383])
  miRNA functional: torch.Size([495, 495])
  Disease-gene: torch.Size([383, 383])
  miRNA-sequence: torch.Size([495, 495])
🧬 Building miRNA dual-view hypergraphs...
  📊 miRNA View 1 (Sequence): torch.Size([495, 878])
  📊 miRNA View 2 (Function): torch.Size([495, 878])
🦠 Building disease dual-view hypergraphs...
  📊 Disease View 1 (Gene): torch.Size([383, 878])
  📊 Disease View 2 (Semantic): torch.Size([383, 878])
✅ Successfully built TRUE DUAL VIEWS:
   🧬 miRNA: Sequence Features (m_ss.xlsx) vs Functional Similarity (mi_fun_sim_2.0.csv)
   🦠 Disease: Gene Features (d_gs.xlsx) vs Semantic Similarity (dis_sem_sim_2.0.csv)

🔧 Epoch 1 梯度检查:
================================================================================

  参数名称                              梯度范数         梯度均值 状态             
  ----------------------------------------------------------------------
  type_relations                1.324869     0.032387 ✅ 正常           
  exist_relation                0.000139     0.000010 ✅ 正常           
  mi_proj_layer0                1.852745     0.005420 ✅ 正常           
  dis_proj_layer0               1.523635     0.004702 ✅ 正常           
================================================================================

Epoch 1, Total Loss: 22.0937, Recover Loss: 2.9359, miRNA CL: 8.9389, Disease CL: 8.4568, Inter-view (est): 4.0144, Recon Loss: 1.4556, Time: 0.59s
[INFO] Hypergraph updated at epoch 5
[INFO] Hypergraph updated at epoch 10
[INFO] Hypergraph updated at epoch 15
[INFO] Hypergraph updated at epoch 20
[INFO] Hypergraph updated at epoch 25
[INFO] Hypergraph updated at epoch 30
[INFO] Hypergraph updated at epoch 35
[INFO] Hypergraph updated at epoch 40
[INFO] Hypergraph updated at epoch 45
[INFO] Hypergraph updated at epoch 50

🔧 Epoch 50 梯度检查:
================================================================================

  参数名称                              梯度范数         梯度均值 状态             
  ----------------------------------------------------------------------
  type_relations                0.320043     0.009248 ✅ 正常           
  exist_relation                0.000134     0.000009 ✅ 正常           
  mi_proj_layer0                0.097962     0.000350 ✅ 正常           
  dis_proj_layer0               0.080068     0.000291 ✅ 正常           
================================================================================

Epoch 50, Total Loss: 18.8581, Recover Loss: 2.6653, miRNA CL: 8.0193, Disease CL: 7.7629, Inter-view (est): 3.6421, Recon Loss: 0.1336, Time: 29.35s
[INFO] Hypergraph updated at epoch 100

🔧 Epoch 100 梯度检查:
================================================================================

  参数名称                              梯度范数         梯度均值 状态             
  ----------------------------------------------------------------------
  type_relations                0.369802     0.009470 ✅ 正常           
  exist_relation                0.000128     0.000009 ✅ 正常           
  mi_proj_layer0                0.127514     0.000423 ✅ 正常           
  dis_proj_layer0               0.120244     0.000386 ✅ 正常           
================================================================================

Epoch 100, Total Loss: 17.6080, Recover Loss: 2.5554, miRNA CL: 7.7431, Disease CL: 7.0345, Inter-view (est): 3.4102, Recon Loss: 0.0296, Time: 58.54s
[INFO] Hypergraph updated at epoch 150

🔧 Epoch 150 梯度检查:
================================================================================

  参数名称                              梯度范数         梯度均值 状态             
  ----------------------------------------------------------------------
  type_relations                0.356608     0.009649 ✅ 正常           
  exist_relation                0.000123     0.000008 ✅ 正常           
  mi_proj_layer0                0.144454     0.000519 ✅ 正常           
  dis_proj_layer0               0.147178     0.000536 ✅ 正常           
================================================================================

Epoch 150, Total Loss: 16.8991, Recover Loss: 2.4741, miRNA CL: 7.5509, Disease CL: 6.6203, Inter-view (est): 3.2703, Recon Loss: 0.0298, Time: 87.98s
[INFO] Hypergraph updated at epoch 200

🔧 Epoch 200 梯度检查:
================================================================================

  参数名称                              梯度范数         梯度均值 状态             
  ----------------------------------------------------------------------
  type_relations                0.330247     0.009308 ✅ 正常           
  exist_relation                0.000119     0.000008 ✅ 正常           
  mi_proj_layer0                0.195565     0.000650 ✅ 正常           
  dis_proj_layer0               0.169826     0.000599 ✅ 正常           
================================================================================

Epoch 200, Total Loss: 16.3784, Recover Loss: 2.3846, miRNA CL: 7.3011, Disease CL: 6.4537, Inter-view (est): 3.1742, Recon Loss: 0.0296, Time: 117.69s
[INFO] Hypergraph updated at epoch 250

🔧 Epoch 250 梯度检查:
================================================================================

  参数名称                              梯度范数         梯度均值 状态             
  ----------------------------------------------------------------------
  type_relations                0.320406     0.009238 ✅ 正常           
  exist_relation                0.000116     0.000007 ✅ 正常           
  mi_proj_layer0                0.225844     0.000762 ✅ 正常           
  dis_proj_layer0               0.224224     0.000760 ✅ 正常           
================================================================================

Epoch 250, Total Loss: 16.1431, Recover Loss: 2.3305, miRNA CL: 7.1827, Disease CL: 6.3993, Inter-view (est): 3.1343, Recon Loss: 0.0287, Time: 147.24s
[INFO] Hypergraph updated at epoch 300

🔧 Epoch 300 梯度检查:
================================================================================

  参数名称                              梯度范数         梯度均值 状态             
  ----------------------------------------------------------------------
  type_relations                0.333173     0.009310 ✅ 正常           
  exist_relation                0.000114     0.000007 ✅ 正常           
  mi_proj_layer0                0.311100     0.001012 ✅ 正常           
  dis_proj_layer0               0.275563     0.000959 ✅ 正常           
================================================================================

Epoch 300, Total Loss: 15.9697, Recover Loss: 2.2881, miRNA CL: 7.1012, Disease CL: 6.3566, Inter-view (est): 3.1056, Recon Loss: 0.0279, Time: 177.41s
[INFO] Hypergraph updated at epoch 350

🔧 Epoch 350 梯度检查:
================================================================================

  参数名称                              梯度范数         梯度均值 状态             
  ----------------------------------------------------------------------
  type_relations                0.262932     0.007685 ✅ 正常           
  exist_relation                0.000112     0.000007 ✅ 正常           
  mi_proj_layer0                0.282770     0.000972 ✅ 正常           
  dis_proj_layer0               0.249787     0.000881 ✅ 正常           
================================================================================

Epoch 350, Total Loss: 15.8154, Recover Loss: 2.2554, miRNA CL: 7.0304, Disease CL: 6.3111, Inter-view (est): 3.0788, Recon Loss: 0.0281, Time: 206.92s
[INFO] Hypergraph updated at epoch 400

🔧 Epoch 400 梯度检查:
================================================================================

  参数名称                              梯度范数         梯度均值 状态             
  ----------------------------------------------------------------------
  type_relations                0.259263     0.007318 ✅ 正常           
  exist_relation                0.000110     0.000007 ✅ 正常           
  mi_proj_layer0                0.374807     0.001251 ✅ 正常           
  dis_proj_layer0               0.296119     0.001018 ✅ 正常           
================================================================================

Epoch 400, Total Loss: 15.6661, Recover Loss: 2.2140, miRNA CL: 6.9658, Disease CL: 6.2726, Inter-view (est): 3.0550, Recon Loss: 0.0280, Time: 236.11s
[INFO] Hypergraph updated at epoch 450

🔧 Epoch 450 梯度检查:
================================================================================

  参数名称                              梯度范数         梯度均值 状态             
  ----------------------------------------------------------------------
  type_relations                0.270045     0.007857 ✅ 正常           
  exist_relation                0.000108     0.000007 ✅ 正常           
  mi_proj_layer0                0.286305     0.000991 ✅ 正常           
  dis_proj_layer0               0.267455     0.000973 ✅ 正常           
================================================================================

Epoch 450, Total Loss: 15.5353, Recover Loss: 2.1868, miRNA CL: 6.8927, Disease CL: 6.2461, Inter-view (est): 3.0320, Recon Loss: 0.0274, Time: 265.15s
[INFO] Hypergraph updated at epoch 500

🔧 Epoch 500 梯度检查:
================================================================================

  参数名称                              梯度范数         梯度均值 状态             
  ----------------------------------------------------------------------
  type_relations                0.251465     0.007349 ✅ 正常           
  exist_relation                0.000107     0.000007 ✅ 正常           
  mi_proj_layer0                0.289328     0.000924 ✅ 正常           
  dis_proj_layer0               0.269225     0.000906 ✅ 正常           
================================================================================

Epoch 500, Total Loss: 15.4657, Recover Loss: 2.1789, miRNA CL: 6.8453, Disease CL: 6.2342, Inter-view (est): 3.0183, Recon Loss: 0.0267, Time: 294.88s
[INFO] Hypergraph updated at epoch 550

🔧 Epoch 550 梯度检查:
================================================================================

  参数名称                              梯度范数         梯度均值 状态             
  ----------------------------------------------------------------------
  type_relations                0.260312     0.007578 ✅ 正常           
  exist_relation                0.000106     0.000006 ✅ 正常           
  mi_proj_layer0                0.274352     0.000903 ✅ 正常           
  dis_proj_layer0               0.301519     0.001009 ✅ 正常           
================================================================================

Epoch 550, Total Loss: 15.4175, Recover Loss: 2.1729, miRNA CL: 6.8136, Disease CL: 6.2248, Inter-view (est): 3.0089, Recon Loss: 0.0269, Time: 324.21s
[INFO] Hypergraph updated at epoch 600

🔧 Epoch 600 梯度检查:
================================================================================

  参数名称                              梯度范数         梯度均值 状态             
  ----------------------------------------------------------------------
  type_relations                0.237787     0.006973 ✅ 正常           
  exist_relation                0.000106     0.000006 ✅ 正常           
  mi_proj_layer0                0.306672     0.001000 ✅ 正常           
  dis_proj_layer0               0.302763     0.001046 ✅ 正常           
================================================================================

Epoch 600, Total Loss: 15.3754, Recover Loss: 2.1674, miRNA CL: 6.7870, Disease CL: 6.2162, Inter-view (est): 3.0007, Recon Loss: 0.0266, Time: 353.57s
[INFO] Hypergraph updated at epoch 650

🔧 Epoch 650 梯度检查:
================================================================================

  参数名称                              梯度范数         梯度均值 状态             
  ----------------------------------------------------------------------
  type_relations                0.227772     0.006833 ✅ 正常           
  exist_relation                0.000105     0.000006 ✅ 正常           
  mi_proj_layer0                0.234268     0.000774 ✅ 正常           
  dis_proj_layer0               0.283808     0.000983 ✅ 正常           
================================================================================

Epoch 650, Total Loss: 15.3228, Recover Loss: 2.1449, miRNA CL: 6.7656, Disease CL: 6.2083, Inter-view (est): 2.9940, Recon Loss: 0.0269, Time: 382.97s

================================================================================
Training completed. Running final test...
================================================================================
Fold 3 completed - AUC: 0.9629, Top-1 F1: 0.6454
Fold 3 training time: 383.71 seconds
=== Cross Validation Fold 4/5 ===
Using hidden dimensions: [256, 256] with 4 attention heads
[ABLATION] Running with mode = no_hgt_rebuild
优化模型初始化: miRNA数量 = 495, 疾病数量 = 383
[ABLATION REBUILD] no_hgt_rebuild — skip transformers + HGT, projection trực tiếp
   节点维度: 256 → 128
   类型数量: 4
   Temperature: 2.0 (可学习)
   Loss mode: softmax_5class
   loss_mode=softmax_5class
   class_weights_5 (neg+4types): ['0.026', '0.970', '2.266', '1.215', '0.524']

✅ SimplifiedMultiTypeAssociationLoss 初始化 (改进版)
   类别权重 (beta=0.99999): ['0.780', '1.822', '0.977', '0.421']
Original positive index shape: torch.Size([1072, 2])
Original negative index shape: torch.Size([135416, 2])
采样后负样本数量: 10720
🎯 Building TRUE DUAL VIEWS from four different sources...
📊 Data sources loaded:
  Disease semantic: torch.Size([383, 383])
  miRNA functional: torch.Size([495, 495])
  Disease-gene: torch.Size([383, 383])
  miRNA-sequence: torch.Size([495, 495])
🧬 Building miRNA dual-view hypergraphs...
  📊 miRNA View 1 (Sequence): torch.Size([495, 878])
  📊 miRNA View 2 (Function): torch.Size([495, 878])
🦠 Building disease dual-view hypergraphs...
  📊 Disease View 1 (Gene): torch.Size([383, 878])
  📊 Disease View 2 (Semantic): torch.Size([383, 878])
✅ Successfully built TRUE DUAL VIEWS:
   🧬 miRNA: Sequence Features (m_ss.xlsx) vs Functional Similarity (mi_fun_sim_2.0.csv)
   🦠 Disease: Gene Features (d_gs.xlsx) vs Semantic Similarity (dis_sem_sim_2.0.csv)

🔧 Epoch 1 梯度检查:
================================================================================

  参数名称                              梯度范数         梯度均值 状态             
  ----------------------------------------------------------------------
  type_relations                1.166702     0.026554 ✅ 正常           
  exist_relation                0.000149     0.000011 ✅ 正常           
  mi_proj_layer0                1.688563     0.004917 ✅ 正常           
  dis_proj_layer0               1.914143     0.005536 ✅ 正常           
================================================================================

Epoch 1, Total Loss: 22.0551, Recover Loss: 2.9585, miRNA CL: 8.8749, Disease CL: 8.4408, Inter-view (est): 3.9959, Recon Loss: 1.4737, Time: 0.54s
[INFO] Hypergraph updated at epoch 5
[INFO] Hypergraph updated at epoch 10
[INFO] Hypergraph updated at epoch 15
[INFO] Hypergraph updated at epoch 20
[INFO] Hypergraph updated at epoch 25
[INFO] Hypergraph updated at epoch 30
[INFO] Hypergraph updated at epoch 35
[INFO] Hypergraph updated at epoch 40
[INFO] Hypergraph updated at epoch 45
[INFO] Hypergraph updated at epoch 50

🔧 Epoch 50 梯度检查:
================================================================================

  参数名称                              梯度范数         梯度均值 状态             
  ----------------------------------------------------------------------
  type_relations                0.301507     0.008149 ✅ 正常           
  exist_relation                0.000144     0.000010 ✅ 正常           
  mi_proj_layer0                0.089633     0.000309 ✅ 正常           
  dis_proj_layer0               0.068026     0.000250 ✅ 正常           
================================================================================

Epoch 50, Total Loss: 18.7858, Recover Loss: 2.6825, miRNA CL: 8.0390, Disease CL: 7.6973, Inter-view (est): 3.6315, Recon Loss: 0.0891, Time: 29.04s
[INFO] Hypergraph updated at epoch 100

🔧 Epoch 100 梯度检查:
================================================================================

  参数名称                              梯度范数         梯度均值 状态             
  ----------------------------------------------------------------------
  type_relations                0.333527     0.009238 ✅ 正常           
  exist_relation                0.000138     0.000010 ✅ 正常           
  mi_proj_layer0                0.124730     0.000440 ✅ 正常           
  dis_proj_layer0               0.118693     0.000413 ✅ 正常           
================================================================================

Epoch 100, Total Loss: 17.6759, Recover Loss: 2.5854, miRNA CL: 7.7537, Disease CL: 7.0610, Inter-view (est): 3.4188, Recon Loss: 0.0296, Time: 58.66s
[INFO] Hypergraph updated at epoch 150

🔧 Epoch 150 梯度检查:
================================================================================

  参数名称                              梯度范数         梯度均值 状态             
  ----------------------------------------------------------------------
  type_relations                0.343552     0.009329 ✅ 正常           
  exist_relation                0.000133     0.000009 ✅ 正常           
  mi_proj_layer0                0.183989     0.000589 ✅ 正常           
  dis_proj_layer0               0.165165     0.000561 ✅ 正常           
================================================================================

Epoch 150, Total Loss: 17.0275, Recover Loss: 2.4891, miRNA CL: 7.5921, Disease CL: 6.6913, Inter-view (est): 3.2962, Recon Loss: 0.0299, Time: 87.67s
[INFO] Hypergraph updated at epoch 200

🔧 Epoch 200 梯度检查:
================================================================================

  参数名称                              梯度范数         梯度均值 状态             
  ----------------------------------------------------------------------
  type_relations                0.307244     0.008933 ✅ 正常           
  exist_relation                0.000128     0.000009 ✅ 正常           
  mi_proj_layer0                0.164607     0.000576 ✅ 正常           
  dis_proj_layer0               0.182528     0.000642 ✅ 正常           
================================================================================

Epoch 200, Total Loss: 16.4604, Recover Loss: 2.3991, miRNA CL: 7.3199, Disease CL: 6.5020, Inter-view (est): 3.1897, Recon Loss: 0.0291, Time: 116.80s
[INFO] Hypergraph updated at epoch 250

🔧 Epoch 250 梯度检查:
================================================================================

  参数名称                              梯度范数         梯度均值 状态             
  ----------------------------------------------------------------------
  type_relations                0.305581     0.008964 ✅ 正常           
  exist_relation                0.000124     0.000008 ✅ 正常           
  mi_proj_layer0                0.219121     0.000757 ✅ 正常           
  dis_proj_layer0               0.221367     0.000792 ✅ 正常           
================================================================================

Epoch 250, Total Loss: 16.0951, Recover Loss: 2.3390, miRNA CL: 7.1342, Disease CL: 6.3935, Inter-view (est): 3.1218, Recon Loss: 0.0285, Time: 146.09s
[INFO] Hypergraph updated at epoch 300

🔧 Epoch 300 梯度检查:
================================================================================

  参数名称                              梯度范数         梯度均值 状态             
  ----------------------------------------------------------------------
  type_relations                0.272699     0.008188 ✅ 正常           
  exist_relation                0.000121     0.000008 ✅ 正常           
  mi_proj_layer0                0.211926     0.000749 ✅ 正常           
  dis_proj_layer0               0.220332     0.000774 ✅ 正常           
================================================================================

Epoch 300, Total Loss: 15.8542, Recover Loss: 2.2744, miRNA CL: 7.0337, Disease CL: 6.3253, Inter-view (est): 3.0829, Recon Loss: 0.0285, Time: 175.61s
[INFO] Hypergraph updated at epoch 350

🔧 Epoch 350 梯度检查:
================================================================================

  参数名称                              梯度范数         梯度均值 状态             
  ----------------------------------------------------------------------
  type_relations                0.261662     0.007821 ✅ 正常           
  exist_relation                0.000118     0.000008 ✅ 正常           
  mi_proj_layer0                0.356730     0.001116 ✅ 正常           
  dis_proj_layer0               0.295407     0.001004 ✅ 正常           
================================================================================

Epoch 350, Total Loss: 15.6990, Recover Loss: 2.2434, miRNA CL: 6.9534, Disease CL: 6.2885, Inter-view (est): 3.0558, Recon Loss: 0.0275, Time: 204.65s
[INFO] Hypergraph updated at epoch 400

🔧 Epoch 400 梯度检查:
================================================================================

  参数名称                              梯度范数         梯度均值 状态             
  ----------------------------------------------------------------------
  type_relations                0.236919     0.007123 ✅ 正常           
  exist_relation                0.000117     0.000007 ✅ 正常           
  mi_proj_layer0                0.300212     0.001007 ✅ 正常           
  dis_proj_layer0               0.325645     0.001068 ✅ 正常           
================================================================================

Epoch 400, Total Loss: 15.5747, Recover Loss: 2.2118, miRNA CL: 6.8839, Disease CL: 6.2688, Inter-view (est): 3.0352, Recon Loss: 0.0273, Time: 233.61s
[INFO] Hypergraph updated at epoch 450

🔧 Epoch 450 梯度检查:
================================================================================

  参数名称                              梯度范数         梯度均值 状态             
  ----------------------------------------------------------------------
  type_relations                0.280248     0.008543 ✅ 正常           
  exist_relation                0.000116     0.000007 ✅ 正常           
  mi_proj_layer0                0.269772     0.000892 ✅ 正常           
  dis_proj_layer0               0.265417     0.000933 ✅ 正常           
================================================================================

Epoch 450, Total Loss: 15.5247, Recover Loss: 2.2126, miRNA CL: 6.8440, Disease CL: 6.2597, Inter-view (est): 3.0239, Recon Loss: 0.0270, Time: 263.49s
[INFO] Hypergraph updated at epoch 500

🔧 Epoch 500 梯度检查:
================================================================================

  参数名称                              梯度范数         梯度均值 状态             
  ----------------------------------------------------------------------
  type_relations                0.239927     0.007244 ✅ 正常           
  exist_relation                0.000115     0.000007 ✅ 正常           
  mi_proj_layer0                0.254173     0.000851 ✅ 正常           
  dis_proj_layer0               0.247053     0.000847 ✅ 正常           
================================================================================

Epoch 500, Total Loss: 15.4626, Recover Loss: 2.1909, miRNA CL: 6.8121, Disease CL: 6.2526, Inter-view (est): 3.0149, Recon Loss: 0.0268, Time: 292.95s
[INFO] Hypergraph updated at epoch 550

🔧 Epoch 550 梯度检查:
================================================================================

  参数名称                              梯度范数         梯度均值 状态             
  ----------------------------------------------------------------------
  type_relations                0.229031     0.006954 ✅ 正常           
  exist_relation                0.000115     0.000007 ✅ 正常           
  mi_proj_layer0                0.267562     0.000874 ✅ 正常           
  dis_proj_layer0               0.223875     0.000784 ✅ 正常           
================================================================================

Epoch 550, Total Loss: 15.4266, Recover Loss: 2.1862, miRNA CL: 6.7890, Disease CL: 6.2457, Inter-view (est): 3.0080, Recon Loss: 0.0266, Time: 322.52s
[INFO] Hypergraph updated at epoch 600

🔧 Epoch 600 梯度检查:
================================================================================

  参数名称                              梯度范数         梯度均值 状态             
  ----------------------------------------------------------------------
  type_relations                0.218682     0.006554 ✅ 正常           
  exist_relation                0.000114     0.000007 ✅ 正常           
  mi_proj_layer0                0.243470     0.000769 ✅ 正常           
  dis_proj_layer0               0.240507     0.000832 ✅ 正常           
================================================================================

Epoch 600, Total Loss: 15.3860, Recover Loss: 2.1753, miRNA CL: 6.7670, Disease CL: 6.2386, Inter-view (est): 3.0013, Recon Loss: 0.0270, Time: 352.60s
[INFO] Hypergraph updated at epoch 650

🔧 Epoch 650 梯度检查:
================================================================================

  参数名称                              梯度范数         梯度均值 状态             
  ----------------------------------------------------------------------
  type_relations                0.217649     0.006485 ✅ 正常           
  exist_relation                0.000113     0.000007 ✅ 正常           
  mi_proj_layer0                0.283987     0.000926 ✅ 正常           
  dis_proj_layer0               0.300353     0.001002 ✅ 正常           
================================================================================

Epoch 650, Total Loss: 15.3699, Recover Loss: 2.1669, miRNA CL: 6.7676, Disease CL: 6.2317, Inter-view (est): 2.9998, Recon Loss: 0.0267, Time: 382.78s

================================================================================
Training completed. Running final test...
================================================================================
Fold 4 completed - AUC: 0.9667, Top-1 F1: 0.6673
Fold 4 training time: 383.54 seconds
=== Cross Validation Fold 5/5 ===
Using hidden dimensions: [256, 256] with 4 attention heads
[ABLATION] Running with mode = no_hgt_rebuild
优化模型初始化: miRNA数量 = 495, 疾病数量 = 383
[ABLATION REBUILD] no_hgt_rebuild — skip transformers + HGT, projection trực tiếp
   节点维度: 256 → 128
   类型数量: 4
   Temperature: 2.0 (可学习)
   Loss mode: softmax_5class
   loss_mode=softmax_5class
   class_weights_5 (neg+4types): ['0.026', '0.970', '2.266', '1.215', '0.524']

✅ SimplifiedMultiTypeAssociationLoss 初始化 (改进版)
   类别权重 (beta=0.99999): ['0.780', '1.822', '0.977', '0.421']
Original positive index shape: torch.Size([1072, 2])
Original negative index shape: torch.Size([135416, 2])
采样后负样本数量: 10720
🎯 Building TRUE DUAL VIEWS from four different sources...
📊 Data sources loaded:
  Disease semantic: torch.Size([383, 383])
  miRNA functional: torch.Size([495, 495])
  Disease-gene: torch.Size([383, 383])
  miRNA-sequence: torch.Size([495, 495])
🧬 Building miRNA dual-view hypergraphs...
  📊 miRNA View 1 (Sequence): torch.Size([495, 878])
  📊 miRNA View 2 (Function): torch.Size([495, 878])
🦠 Building disease dual-view hypergraphs...
  📊 Disease View 1 (Gene): torch.Size([383, 878])
  📊 Disease View 2 (Semantic): torch.Size([383, 878])
✅ Successfully built TRUE DUAL VIEWS:
   🧬 miRNA: Sequence Features (m_ss.xlsx) vs Functional Similarity (mi_fun_sim_2.0.csv)
   🦠 Disease: Gene Features (d_gs.xlsx) vs Semantic Similarity (dis_sem_sim_2.0.csv)

🔧 Epoch 1 梯度检查:
================================================================================

  参数名称                              梯度范数         梯度均值 状态             
  ----------------------------------------------------------------------
  type_relations                1.177585     0.029382 ✅ 正常           
  exist_relation                0.000134     0.000010 ✅ 正常           
  mi_proj_layer0                1.420082     0.004463 ✅ 正常           
  dis_proj_layer0               1.254628     0.003930 ✅ 正常           
================================================================================

Epoch 1, Total Loss: 22.0128, Recover Loss: 2.9171, miRNA CL: 8.8831, Disease CL: 8.4494, Inter-view (est): 3.9998, Recon Loss: 1.4566, Time: 0.58s
[INFO] Hypergraph updated at epoch 5
[INFO] Hypergraph updated at epoch 10
[INFO] Hypergraph updated at epoch 15
[INFO] Hypergraph updated at epoch 20
[INFO] Hypergraph updated at epoch 25
[INFO] Hypergraph updated at epoch 30
[INFO] Hypergraph updated at epoch 35
[INFO] Hypergraph updated at epoch 40
[INFO] Hypergraph updated at epoch 45
[INFO] Hypergraph updated at epoch 50

🔧 Epoch 50 梯度检查:
================================================================================

  参数名称                              梯度范数         梯度均值 状态             
  ----------------------------------------------------------------------
  type_relations                0.291365     0.008063 ✅ 正常           
  exist_relation                0.000130     0.000009 ✅ 正常           
  mi_proj_layer0                0.099073     0.000337 ✅ 正常           
  dis_proj_layer0               0.071484     0.000254 ✅ 正常           
================================================================================

Epoch 50, Total Loss: 18.7933, Recover Loss: 2.6757, miRNA CL: 7.9885, Disease CL: 7.7187, Inter-view (est): 3.6247, Recon Loss: 0.1331, Time: 29.06s
[INFO] Hypergraph updated at epoch 100

🔧 Epoch 100 梯度检查:
================================================================================

  参数名称                              梯度范数         梯度均值 状态             
  ----------------------------------------------------------------------
  type_relations                0.324927     0.008493 ✅ 正常           
  exist_relation                0.000124     0.000009 ✅ 正常           
  mi_proj_layer0                0.172931     0.000525 ✅ 正常           
  dis_proj_layer0               0.111210     0.000371 ✅ 正常           
================================================================================

Epoch 100, Total Loss: 17.5642, Recover Loss: 2.5585, miRNA CL: 7.7206, Disease CL: 7.0080, Inter-view (est): 3.3989, Recon Loss: 0.0314, Time: 58.64s
[INFO] Hypergraph updated at epoch 150

🔧 Epoch 150 梯度检查:
================================================================================

  参数名称                              梯度范数         梯度均值 状态             
  ----------------------------------------------------------------------
  type_relations                0.338958     0.008792 ✅ 正常           
  exist_relation                0.000118     0.000008 ✅ 正常           
  mi_proj_layer0                0.194235     0.000674 ✅ 正常           
  dis_proj_layer0               0.182169     0.000603 ✅ 正常           
================================================================================

Epoch 150, Total Loss: 16.8777, Recover Loss: 2.4947, miRNA CL: 7.5034, Disease CL: 6.6256, Inter-view (est): 3.2605, Recon Loss: 0.0299, Time: 88.44s
[INFO] Hypergraph updated at epoch 200

🔧 Epoch 200 梯度检查:
================================================================================

  参数名称                              梯度范数         梯度均值 状态             
  ----------------------------------------------------------------------
  type_relations                0.320889     0.009023 ✅ 正常           
  exist_relation                0.000114     0.000008 ✅ 正常           
  mi_proj_layer0                0.278216     0.000951 ✅ 正常           
  dis_proj_layer0               0.184222     0.000672 ✅ 正常           
================================================================================

Epoch 200, Total Loss: 16.3508, Recover Loss: 2.3947, miRNA CL: 7.2549, Disease CL: 6.4632, Inter-view (est): 3.1657, Recon Loss: 0.0285, Time: 117.64s
[INFO] Hypergraph updated at epoch 250

🔧 Epoch 250 梯度检查:
================================================================================

  参数名称                              梯度范数         梯度均值 状态             
  ----------------------------------------------------------------------
  type_relations                0.304276     0.008955 ✅ 正常           
  exist_relation                0.000111     0.000007 ✅ 正常           
  mi_proj_layer0                0.240789     0.000836 ✅ 正常           
  dis_proj_layer0               0.191414     0.000687 ✅ 正常           
================================================================================

Epoch 250, Total Loss: 16.0603, Recover Loss: 2.3334, miRNA CL: 7.1165, Disease CL: 6.3822, Inter-view (est): 3.1151, Recon Loss: 0.0281, Time: 146.53s
[INFO] Hypergraph updated at epoch 300

🔧 Epoch 300 梯度检查:
================================================================================

  参数名称                              梯度范数         梯度均值 状态             
  ----------------------------------------------------------------------
  type_relations                0.271136     0.008129 ✅ 正常           
  exist_relation                0.000107     0.000007 ✅ 正常           
  mi_proj_layer0                0.311044     0.001028 ✅ 正常           
  dis_proj_layer0               0.252207     0.000851 ✅ 正常           
================================================================================

Epoch 300, Total Loss: 15.8368, Recover Loss: 2.2796, miRNA CL: 7.0226, Disease CL: 6.3156, Inter-view (est): 3.0780, Recon Loss: 0.0271, Time: 175.88s
[INFO] Hypergraph updated at epoch 350

🔧 Epoch 350 梯度检查:
================================================================================

  参数名称                              梯度范数         梯度均值 状态             
  ----------------------------------------------------------------------
  type_relations                0.256364     0.007692 ✅ 正常           
  exist_relation                0.000105     0.000007 ✅ 正常           
  mi_proj_layer0                0.317256     0.001082 ✅ 正常           
  dis_proj_layer0               0.225034     0.000833 ✅ 正常           
================================================================================

Epoch 350, Total Loss: 15.6750, Recover Loss: 2.2426, miRNA CL: 6.9474, Disease CL: 6.2727, Inter-view (est): 3.0508, Recon Loss: 0.0266, Time: 205.27s
[INFO] Hypergraph updated at epoch 400

🔧 Epoch 400 梯度检查:
================================================================================

  参数名称                              梯度范数         梯度均值 状态             
  ----------------------------------------------------------------------
  type_relations                0.242320     0.007581 ✅ 正常           
  exist_relation                0.000102     0.000007 ✅ 正常           
  mi_proj_layer0                0.314024     0.001080 ✅ 正常           
  dis_proj_layer0               0.262479     0.000939 ✅ 正常           
================================================================================

Epoch 400, Total Loss: 15.5134, Recover Loss: 2.2037, miRNA CL: 6.8560, Disease CL: 6.2447, Inter-view (est): 3.0232, Recon Loss: 0.0274, Time: 234.42s
[INFO] Hypergraph updated at epoch 450

🔧 Epoch 450 梯度检查:
================================================================================

  参数名称                              梯度范数         梯度均值 状态             
  ----------------------------------------------------------------------
  type_relations                0.259379     0.007639 ✅ 正常           
  exist_relation                0.000102     0.000006 ✅ 正常           
  mi_proj_layer0                0.296608     0.001008 ✅ 正常           
  dis_proj_layer0               0.243858     0.000878 ✅ 正常           
================================================================================

Epoch 450, Total Loss: 15.4593, Recover Loss: 2.1988, miRNA CL: 6.8203, Disease CL: 6.2335, Inter-view (est): 3.0124, Recon Loss: 0.0266, Time: 263.85s
[INFO] Hypergraph updated at epoch 500

🔧 Epoch 500 梯度检查:
================================================================================

  参数名称                              梯度范数         梯度均值 状态             
  ----------------------------------------------------------------------
  type_relations                0.224067     0.006872 ✅ 正常           
  exist_relation                0.000101     0.000006 ✅ 正常           
  mi_proj_layer0                0.267272     0.000883 ✅ 正常           
  dis_proj_layer0               0.241789     0.000865 ✅ 正常           
================================================================================

Epoch 500, Total Loss: 15.4133, Recover Loss: 2.1786, miRNA CL: 6.8058, Disease CL: 6.2237, Inter-view (est): 3.0068, Recon Loss: 0.0264, Time: 293.20s
[INFO] Hypergraph updated at epoch 550

🔧 Epoch 550 梯度检查:
================================================================================

  参数名称                              梯度范数         梯度均值 状态             
  ----------------------------------------------------------------------
  type_relations                0.231098     0.007055 ✅ 正常           
  exist_relation                0.000100     0.000006 ✅ 正常           
  mi_proj_layer0                0.282809     0.000937 ✅ 正常           
  dis_proj_layer0               0.252194     0.000935 ✅ 正常           
================================================================================

Epoch 550, Total Loss: 15.3629, Recover Loss: 2.1737, miRNA CL: 6.7681, Disease CL: 6.2169, Inter-view (est): 2.9966, Recon Loss: 0.0263, Time: 322.74s
[INFO] Hypergraph updated at epoch 600

🔧 Epoch 600 梯度检查:
================================================================================

  参数名称                              梯度范数         梯度均值 状态             
  ----------------------------------------------------------------------
  type_relations                0.225167     0.006873 ✅ 正常           
  exist_relation                0.000100     0.000006 ✅ 正常           
  mi_proj_layer0                0.247687     0.000866 ✅ 正常           
  dis_proj_layer0               0.216466     0.000806 ✅ 正常           
================================================================================

Epoch 600, Total Loss: 15.3312, Recover Loss: 2.1625, miRNA CL: 6.7543, Disease CL: 6.2109, Inter-view (est): 2.9920, Recon Loss: 0.0264, Time: 352.30s
[INFO] Hypergraph updated at epoch 650

🔧 Epoch 650 梯度检查:
================================================================================

  参数名称                              梯度范数         梯度均值 状态             
  ----------------------------------------------------------------------
  type_relations                0.224325     0.006783 ✅ 正常           
  exist_relation                0.000099     0.000006 ✅ 正常           
  mi_proj_layer0                0.241823     0.000840 ✅ 正常           
  dis_proj_layer0               0.260523     0.000862 ✅ 正常           
================================================================================

Epoch 650, Total Loss: 15.3040, Recover Loss: 2.1552, miRNA CL: 6.7417, Disease CL: 6.2046, Inter-view (est): 2.9876, Recon Loss: 0.0263, Time: 381.54s

================================================================================
Training completed. Running final test...
================================================================================
Fold 5 completed - AUC: 0.9740, Top-1 F1: 0.7211
Fold 5 training time: 382.24 seconds
Average binary metrics across folds: [[0.97122772 0.97037185 0.92601361 0.92529851 0.93507463 0.91552239
  0.91758692]]
🎯 Average Top-1 metrics across folds: {'top1_precision': 0.6574626865671642, 'top1_recall': np.float64(0.6925337605831487), 'top1_f1': np.float64(0.6745271587250122)}

📊 CV_type Style Metrics Details:
  AUC            : 0.9712
  AUPR           : 0.9704
  F1             : 0.9260
  Accuracy       : 0.9253
  Recall         : 0.9351
  Specificity    : 0.9155
  Precision      : 0.9176

🎯 Top-1 Metrics Details:
  top1_precision : 0.6575
  top1_recall    : 0.6925
  top1_f1        : 0.6745

Total execution time: 1919.56 seconds

==========================================================================================
🎯 FINAL COMPREHENSIVE RESULTS WITH TOP-1 METRICS
==========================================================================================
📊 Binary Classification Metrics (Original):
  AUC: 0.9712
  AUPR: 0.9704
  F1: 0.9260
  Accuracy: 0.9253
  Recall: 0.9351
  Specificity: 0.9155
  Precision: 0.9176

🎯 CV_type Style Metrics (Enhanced):
  AUC: 0.9712
  AUPR: 0.9704
  F1: 0.9260
  Accuracy: 0.9253
  Recall: 0.9351
  Specificity: 0.9155
  Precision: 0.9176

🏆 Top-1 Metrics (NEW):
  Top-1 Precision: 0.6575
  Top-1 Recall: 0.6925
  Top-1 F1: 0.6745
==========================================================================================

================================================================
 AGGREGATE PHASE E
================================================================

==============================================================================================================
A. PLAN E REBUILD vs PHASE D ADDITIVE — verify Fig.4 hypothesis
   Phase D baseline Top-1 F1 = 0.6222 (paper 0.5970, ++4.2% vs paper)
==============================================================================================================
Variant                           AUC    T1-F1     Δ Full  Match paper expect    
--------------------------------------------------------------------------------------------------------------
no_cl (additive)               0.9765   0.6616      +6.3%  ❌ NO (higher)         
no_cl_rebuild (rebuild)        0.9770   0.6824      +9.7%  ❌ NO (higher)         

no_hgcn (additive)             0.9659   0.6271      +0.8%  ❌ NO (higher)         
no_hgcn_rebuild (rebuild)      0.9709   0.6499      +4.5%  ❌ NO (higher)         

no_hgt (additive)              0.9690   0.6818      +9.6%  ❌ NO (higher)         
no_hgt_rebuild (rebuild)       0.9712   0.6745      +8.4%  ❌ NO (higher)         

--------------------------------------------------------------------------------------------------------------

Fig.4 match: Phase D additive = 0/3  vs  Plan E rebuild = 0/3

==============================================================================================================
B. VERDICT — Plan E hypothesis test
==============================================================================================================
❌ SCENARIO D: 0/3 rebuild hurt baseline (rebuild ALSO inverts)
   → STRONG negative replication: paper Fig.4 likely seed/hyperparam artifact
   → Hypothesis "ablation impl khác paper" REJECTED.
   → Paper angle shift: fundamental robustness concern.

→ Same match count (0 = 0). No significant difference.

[save] results/phase_e_summary.json
[generate_report] Loading reproduce metrics...
[generate_report] Building document...
[generate_report] Saved: D:\Tien\DHGCMDA-fork\BaoCao_DHGCMDA.docx
[generate_report] Total paragraphs: 350, tables: 14

DONE Plan E. Xem BaoCao_DHGCMDA.docx + results\phase_e_summary.json
