[backup] Snapshot Plan C-w0.1 -> results\snapshot_planC_w0.1\
================================================================
 1/3 PHASE D BASELINE (loss_mode=softmax_5class) ~50 phut
================================================================
[CPU] torch.set_num_threads(14), interop=min(4, 14)
Using device: cpu
[INFO] Auto-computed BALANCED class weights (to prevent class collapse):
  Circulation  (367 samples): 0.780
  Epigenetics  (157 samples): 1.823
  Target       (293 samples): 0.977
  Genetics     (681 samples): 0.420
  [NOTE] Higher weights for minority classes to prevent model from only predicting majority class
[INFO] Using v2.0_495m383D dataset:
  miRNAs: 495
  Diseases: 383
  Expected associations: ~1498
  Types: 4 (Circulation, Epigenetics, Target, Genetics)

================================================================================
Configuration Summary
================================================================================
Dataset: v2.0_495m383D
Data Path: ./
Model: HeterogenousGraphCLAMIR
  - HGT Layers: 2
  - Attention Heads: 4
  - Association Types: 4
  - Inter-view CL: Enabled
    - Weight: 0.3
    - Temperature: 0.5
    - Margin: 0.5

Training:
  - Epochs: 650
  - Learning Rate: 0.0001
  - Dropout: 0.3
  - Weight Decay: 5e-05
  - Focal Loss: Enabled

Evaluation:
  - Cross-Validation Folds: 5
  - Primary Metric: AUPR

Device: cpu
Random Seed: 1234
================================================================================

🚀 Running with comprehensive evaluation including Top-1 metrics...
🎯 Loading dual-view data...
Starting dual-view data preparation with new file format...
Loading all similarity and feature files from v2.0_495m383D...
✅ Loaded disease semantic similarity from D_SSM1.txt: (383, 383)
✅ Loaded miRNA functional similarity from M_FSM.txt: (495, 495)
✅ Loaded multi-type association pairs from ./v2.0_495m383D\multi_all_mirna_disease_pairs_without_negative.csv: (1679, 3)
✅ Created multi-type association matrix: (495, 383)
📊 Multi-type Association Statistics:
   无关联 (No association): 188087 pairs (99.21%)
   循环类型 (Circulation): 367 pairs (0.19%)
   表观遗传学 (Epigenetics): 157 pairs (0.08%)
   靶标类型 (Target): 293 pairs (0.15%)
   遗传学类型 (Genetics): 681 pairs (0.36%)
✅ Created association matrix from CSV: (495, 383)
✅ Loaded disease-gene features from D_SSM2.txt: torch.Size([383, 383])
✅ Loaded miRNA-sequence features from M_GSM.txt: torch.Size([495, 495])
Processing integrated similarity matrices...
Loaded similarity matrices from cache
Processing indices...
Loaded indices from cache
✅ Dual-view data preparation completed in 0.38 seconds

============================================================
🎯 DUAL-VIEW CONFIGURATION SUMMARY (v2.0_495m383D)
============================================================
miRNA Dual Views:
  📊 View 1 (Sequence): M_GSM.txt torch.Size([495, 495])
  📊 View 2 (Function): M_FSM.txt torch.Size([495, 495])

Disease Dual Views:
  📊 View 1 (Gene): D_SSM2.txt torch.Size([383, 383])
  📊 View 2 (Semantic): D_SSM1.txt torch.Size([383, 383])

Association Matrix: torch.Size([495, 383])
Data source: v2.0_495m383D (495 miRNAs × 383 Diseases)
============================================================
Preloading dual-view data to device...
✅ Loaded disease-gene features to device: torch.Size([383, 383])
✅ Loaded miRNA-sequence features to device: torch.Size([495, 495])
✅ Loaded disease semantic similarity to device: torch.Size([383, 383])
✅ Loaded miRNA functional similarity to device: torch.Size([495, 495])
✅ Dual-view data preloading completed in 0.00 seconds
OptimizedDataset initialized with 5 folds
Using device: cpu
=== Cross Validation Fold 1/5 ===
Using hidden dimensions: [256, 256] with 4 attention heads
优化模型初始化: miRNA数量 = 495, 疾病数量 = 383
   节点维度: 256 → 128
   类型数量: 4
   Temperature: 2.0 (可学习)
   Loss mode: softmax_5class
   loss_mode=softmax_5class
   class_weights_5 (neg+4types): ['0.026', '0.970', '2.266', '1.215', '0.524']

✅ SimplifiedMultiTypeAssociationLoss 初始化 (改进版)
   类别权重 (beta=0.99999): ['0.780', '1.822', '0.977', '0.421']
Original positive index shape: torch.Size([1072, 2])
Original negative index shape: torch.Size([135416, 2])
采样后负样本数量: 10720
🎯 Building TRUE DUAL VIEWS from four different sources...
📊 Data sources loaded:
  Disease semantic: torch.Size([383, 383])
  miRNA functional: torch.Size([495, 495])
  Disease-gene: torch.Size([383, 383])
  miRNA-sequence: torch.Size([495, 495])
🧬 Building miRNA dual-view hypergraphs...
  📊 miRNA View 1 (Sequence): torch.Size([495, 878])
  📊 miRNA View 2 (Function): torch.Size([495, 878])
🦠 Building disease dual-view hypergraphs...
  📊 Disease View 1 (Gene): torch.Size([383, 878])
  📊 Disease View 2 (Semantic): torch.Size([383, 878])
✅ Successfully built TRUE DUAL VIEWS:
   🧬 miRNA: Sequence Features (m_ss.xlsx) vs Functional Similarity (mi_fun_sim_2.0.csv)
   🦠 Disease: Gene Features (d_gs.xlsx) vs Semantic Similarity (dis_sem_sim_2.0.csv)

🔧 Epoch 1 梯度检查:
================================================================================

  参数名称                              梯度范数         梯度均值 状态             
  ----------------------------------------------------------------------
  type_relations                0.669054     0.016614 ✅ 正常           
  exist_relation                0.000133     0.000009 ✅ 正常           
  mi_proj_layer0                1.287325     0.003743 ✅ 正常           
  dis_proj_layer0               1.248162     0.003661 ✅ 正常           
================================================================================

Epoch 1, Total Loss: 22.1906, Recover Loss: 2.9487, miRNA CL: 8.9735, Disease CL: 8.4526, Inter-view (est): 4.0214, Recon Loss: 1.5178, Time: 0.68s
[INFO] Hypergraph updated at epoch 5
[INFO] Hypergraph updated at epoch 10
[INFO] Hypergraph updated at epoch 15
[INFO] Hypergraph updated at epoch 20
[INFO] Hypergraph updated at epoch 25
[INFO] Hypergraph updated at epoch 30
[INFO] Hypergraph updated at epoch 35
[INFO] Hypergraph updated at epoch 40
[INFO] Hypergraph updated at epoch 45
[INFO] Hypergraph updated at epoch 50

🔧 Epoch 50 梯度检查:
================================================================================

  参数名称                              梯度范数         梯度均值 状态             
  ----------------------------------------------------------------------
  type_relations                0.297176     0.008843 ✅ 正常           
  exist_relation                0.000129     0.000009 ✅ 正常           
  mi_proj_layer0                0.070984     0.000259 ✅ 正常           
  dis_proj_layer0               0.078644     0.000284 ✅ 正常           
================================================================================

Epoch 50, Total Loss: 18.8009, Recover Loss: 2.6936, miRNA CL: 8.0198, Disease CL: 7.6960, Inter-view (est): 3.6267, Recon Loss: 0.1060, Time: 93.01s
[INFO] Hypergraph updated at epoch 100

🔧 Epoch 100 梯度检查:
================================================================================

  参数名称                              梯度范数         梯度均值 状态             
  ----------------------------------------------------------------------
  type_relations                0.312335     0.008967 ✅ 正常           
  exist_relation                0.000123     0.000008 ✅ 正常           
  mi_proj_layer0                0.068450     0.000236 ✅ 正常           
  dis_proj_layer0               0.076773     0.000272 ✅ 正常           
================================================================================

Epoch 100, Total Loss: 17.6179, Recover Loss: 2.6362, miRNA CL: 7.7461, Disease CL: 6.9336, Inter-view (est): 3.3876, Recon Loss: 0.0315, Time: 128.68s
[INFO] Hypergraph updated at epoch 150

🔧 Epoch 150 梯度检查:
================================================================================

  参数名称                              梯度范数         梯度均值 状态             
  ----------------------------------------------------------------------
  type_relations                0.323798     0.008671 ✅ 正常           
  exist_relation                0.000118     0.000008 ✅ 正常           
  mi_proj_layer0                0.066651     0.000242 ✅ 正常           
  dis_proj_layer0               0.075842     0.000279 ✅ 正常           
================================================================================

Epoch 150, Total Loss: 16.9157, Recover Loss: 2.5499, miRNA CL: 7.5345, Disease CL: 6.5404, Inter-view (est): 3.2480, Recon Loss: 0.0304, Time: 162.51s
[INFO] Hypergraph updated at epoch 200

🔧 Epoch 200 梯度检查:
================================================================================

  参数名称                              梯度范数         梯度均值 状态             
  ----------------------------------------------------------------------
  type_relations                0.311684     0.008344 ✅ 正常           
  exist_relation                0.000114     0.000007 ✅ 正常           
  mi_proj_layer0                0.070254     0.000252 ✅ 正常           
  dis_proj_layer0               0.076529     0.000282 ✅ 正常           
================================================================================

Epoch 200, Total Loss: 16.4101, Recover Loss: 2.4738, miRNA CL: 7.2680, Disease CL: 6.3852, Inter-view (est): 3.1507, Recon Loss: 0.0287, Time: 196.20s
[INFO] Hypergraph updated at epoch 250

🔧 Epoch 250 梯度检查:
================================================================================

  参数名称                              梯度范数         梯度均值 状态             
  ----------------------------------------------------------------------
  type_relations                0.292474     0.007457 ✅ 正常           
  exist_relation                0.000111     0.000007 ✅ 正常           
  mi_proj_layer0                0.058681     0.000221 ✅ 正常           
  dis_proj_layer0               0.064085     0.000235 ✅ 正常           
================================================================================

Epoch 250, Total Loss: 16.1604, Recover Loss: 2.4109, miRNA CL: 7.1469, Disease CL: 6.3238, Inter-view (est): 3.1086, Recon Loss: 0.0280, Time: 229.39s
[INFO] Hypergraph updated at epoch 300

🔧 Epoch 300 梯度检查:
================================================================================

  参数名称                              梯度范数         梯度均值 状态             
  ----------------------------------------------------------------------
  type_relations                0.285814     0.007260 ✅ 正常           
  exist_relation                0.000109     0.000007 ✅ 正常           
  mi_proj_layer0                0.066641     0.000245 ✅ 正常           
  dis_proj_layer0               0.079864     0.000288 ✅ 正常           
================================================================================

Epoch 300, Total Loss: 15.9780, Recover Loss: 2.3782, miRNA CL: 7.0522, Disease CL: 6.2722, Inter-view (est): 3.0749, Recon Loss: 0.0276, Time: 262.10s
[INFO] Hypergraph updated at epoch 350

🔧 Epoch 350 梯度检查:
================================================================================

  参数名称                              梯度范数         梯度均值 状态             
  ----------------------------------------------------------------------
  type_relations                0.256337     0.006909 ✅ 正常           
  exist_relation                0.000106     0.000006 ✅ 正常           
  mi_proj_layer0                0.072905     0.000259 ✅ 正常           
  dis_proj_layer0               0.080096     0.000287 ✅ 正常           
================================================================================

Epoch 350, Total Loss: 15.8107, Recover Loss: 2.3415, miRNA CL: 6.9686, Disease CL: 6.2271, Inter-view (est): 3.0452, Recon Loss: 0.0286, Time: 294.98s
[INFO] Hypergraph updated at epoch 400

🔧 Epoch 400 梯度检查:
================================================================================

  参数名称                              梯度范数         梯度均值 状态             
  ----------------------------------------------------------------------
  type_relations                0.280435     0.006888 ✅ 正常           
  exist_relation                0.000104     0.000006 ✅ 正常           
  mi_proj_layer0                0.071968     0.000260 ✅ 正常           
  dis_proj_layer0               0.078584     0.000280 ✅ 正常           
================================================================================

Epoch 400, Total Loss: 15.6801, Recover Loss: 2.3095, miRNA CL: 6.8995, Disease CL: 6.2007, Inter-view (est): 3.0231, Recon Loss: 0.0274, Time: 327.99s
[INFO] Hypergraph updated at epoch 450

🔧 Epoch 450 梯度检查:
================================================================================

  参数名称                              梯度范数         梯度均值 状态             
  ----------------------------------------------------------------------
  type_relations                0.192744     0.005313 ✅ 正常           
  exist_relation                0.000102     0.000006 ✅ 正常           
  mi_proj_layer0                0.057013     0.000210 ✅ 正常           
  dis_proj_layer0               0.066741     0.000242 ✅ 正常           
================================================================================

Epoch 450, Total Loss: 15.5723, Recover Loss: 2.2913, miRNA CL: 6.8269, Disease CL: 6.1850, Inter-view (est): 3.0027, Recon Loss: 0.0273, Time: 360.73s
[INFO] Hypergraph updated at epoch 500

🔧 Epoch 500 梯度检查:
================================================================================

  参数名称                              梯度范数         梯度均值 状态             
  ----------------------------------------------------------------------
  type_relations                0.177920     0.004816 ✅ 正常           
  exist_relation                0.000102     0.000006 ✅ 正常           
  mi_proj_layer0                0.058351     0.000216 ✅ 正常           
  dis_proj_layer0               0.061274     0.000228 ✅ 正常           
================================================================================

Epoch 500, Total Loss: 15.5118, Recover Loss: 2.2805, miRNA CL: 6.7865, Disease CL: 6.1760, Inter-view (est): 2.9913, Recon Loss: 0.0277, Time: 393.88s
[INFO] Hypergraph updated at epoch 550

🔧 Epoch 550 梯度检查:
================================================================================

  参数名称                              梯度范数         梯度均值 状态             
  ----------------------------------------------------------------------
  type_relations                0.188385     0.005210 ✅ 正常           
  exist_relation                0.000101     0.000006 ✅ 正常           
  mi_proj_layer0                0.056269     0.000211 ✅ 正常           
  dis_proj_layer0               0.063995     0.000235 ✅ 正常           
================================================================================

Epoch 550, Total Loss: 15.4838, Recover Loss: 2.2752, miRNA CL: 6.7713, Disease CL: 6.1705, Inter-view (est): 2.9866, Recon Loss: 0.0262, Time: 427.45s
[INFO] Hypergraph updated at epoch 600

🔧 Epoch 600 梯度检查:
================================================================================

  参数名称                              梯度范数         梯度均值 状态             
  ----------------------------------------------------------------------
  type_relations                0.194613     0.005264 ✅ 正常           
  exist_relation                0.000101     0.000006 ✅ 正常           
  mi_proj_layer0                0.059093     0.000217 ✅ 正常           
  dis_proj_layer0               0.065237     0.000234 ✅ 正常           
================================================================================

Epoch 600, Total Loss: 15.4434, Recover Loss: 2.2616, miRNA CL: 6.7498, Disease CL: 6.1656, Inter-view (est): 2.9805, Recon Loss: 0.0261, Time: 460.80s
[INFO] Hypergraph updated at epoch 650

🔧 Epoch 650 梯度检查:
================================================================================

  参数名称                              梯度范数         梯度均值 状态             
  ----------------------------------------------------------------------
  type_relations                0.203594     0.005492 ✅ 正常           
  exist_relation                0.000100     0.000006 ✅ 正常           
  mi_proj_layer0                0.059170     0.000220 ✅ 正常           
  dis_proj_layer0               0.067783     0.000245 ✅ 正常           
================================================================================

Epoch 650, Total Loss: 15.4176, Recover Loss: 2.2583, miRNA CL: 6.7322, Disease CL: 6.1607, Inter-view (est): 2.9753, Recon Loss: 0.0265, Time: 494.33s

================================================================================
Training completed. Running final test...
================================================================================
Fold 1 completed - AUC: 0.9760, Top-1 F1: 0.6049
Fold 1 training time: 495.49 seconds
=== Cross Validation Fold 2/5 ===
Using hidden dimensions: [256, 256] with 4 attention heads
优化模型初始化: miRNA数量 = 495, 疾病数量 = 383
   节点维度: 256 → 128
   类型数量: 4
   Temperature: 2.0 (可学习)
   Loss mode: softmax_5class
   loss_mode=softmax_5class
   class_weights_5 (neg+4types): ['0.026', '0.970', '2.266', '1.215', '0.524']

✅ SimplifiedMultiTypeAssociationLoss 初始化 (改进版)
   类别权重 (beta=0.99999): ['0.780', '1.822', '0.977', '0.421']
Original positive index shape: torch.Size([1072, 2])
Original negative index shape: torch.Size([135416, 2])
采样后负样本数量: 10720
🎯 Building TRUE DUAL VIEWS from four different sources...
📊 Data sources loaded:
  Disease semantic: torch.Size([383, 383])
  miRNA functional: torch.Size([495, 495])
  Disease-gene: torch.Size([383, 383])
  miRNA-sequence: torch.Size([495, 495])
🧬 Building miRNA dual-view hypergraphs...
  📊 miRNA View 1 (Sequence): torch.Size([495, 878])
  📊 miRNA View 2 (Function): torch.Size([495, 878])
🦠 Building disease dual-view hypergraphs...
  📊 Disease View 1 (Gene): torch.Size([383, 878])
  📊 Disease View 2 (Semantic): torch.Size([383, 878])
✅ Successfully built TRUE DUAL VIEWS:
   🧬 miRNA: Sequence Features (m_ss.xlsx) vs Functional Similarity (mi_fun_sim_2.0.csv)
   🦠 Disease: Gene Features (d_gs.xlsx) vs Semantic Similarity (dis_sem_sim_2.0.csv)

🔧 Epoch 1 梯度检查:
================================================================================

  参数名称                              梯度范数         梯度均值 状态             
  ----------------------------------------------------------------------
  type_relations                0.664596     0.016015 ✅ 正常           
  exist_relation                0.000146     0.000011 ✅ 正常           
  mi_proj_layer0                0.960472     0.003002 ✅ 正常           
  dis_proj_layer0               1.038656     0.003072 ✅ 正常           
================================================================================

Epoch 1, Total Loss: 22.0962, Recover Loss: 2.9652, miRNA CL: 8.8626, Disease CL: 8.4379, Inter-view (est): 3.9924, Recon Loss: 1.5322, Time: 0.63s
[INFO] Hypergraph updated at epoch 5
[INFO] Hypergraph updated at epoch 10
[INFO] Hypergraph updated at epoch 15
[INFO] Hypergraph updated at epoch 20
[INFO] Hypergraph updated at epoch 25
[INFO] Hypergraph updated at epoch 30
[INFO] Hypergraph updated at epoch 35
[INFO] Hypergraph updated at epoch 40
[INFO] Hypergraph updated at epoch 45
[INFO] Hypergraph updated at epoch 50

🔧 Epoch 50 梯度检查:
================================================================================

  参数名称                              梯度范数         梯度均值 状态             
  ----------------------------------------------------------------------
  type_relations                0.281761     0.008455 ✅ 正常           
  exist_relation                0.000141     0.000010 ✅ 正常           
  mi_proj_layer0                0.060081     0.000221 ✅ 正常           
  dis_proj_layer0               0.075138     0.000271 ✅ 正常           
================================================================================

Epoch 50, Total Loss: 18.8357, Recover Loss: 2.7156, miRNA CL: 7.9934, Disease CL: 7.6935, Inter-view (est): 3.6200, Recon Loss: 0.1480, Time: 95.45s
[INFO] Hypergraph updated at epoch 100

🔧 Epoch 100 梯度检查:
================================================================================

  参数名称                              梯度范数         梯度均值 状态             
  ----------------------------------------------------------------------
  type_relations                0.307623     0.008012 ✅ 正常           
  exist_relation                0.000135     0.000010 ✅ 正常           
  mi_proj_layer0                0.067993     0.000235 ✅ 正常           
  dis_proj_layer0               0.075635     0.000276 ✅ 正常           
================================================================================

Epoch 100, Total Loss: 17.6993, Recover Loss: 2.6655, miRNA CL: 7.7324, Disease CL: 6.9996, Inter-view (est): 3.3997, Recon Loss: 0.0316, Time: 132.02s
[INFO] Hypergraph updated at epoch 150

🔧 Epoch 150 梯度检查:
================================================================================

  参数名称                              梯度范数         梯度均值 状态             
  ----------------------------------------------------------------------
  type_relations                0.357591     0.008780 ✅ 正常           
  exist_relation                0.000130     0.000009 ✅ 正常           
  mi_proj_layer0                0.068195     0.000239 ✅ 正常           
  dis_proj_layer0               0.071094     0.000260 ✅ 正常           
================================================================================

Epoch 150, Total Loss: 17.0119, Recover Loss: 2.5771, miRNA CL: 7.4902, Disease CL: 6.6547, Inter-view (est): 3.2642, Recon Loss: 0.0299, Time: 165.46s
[INFO] Hypergraph updated at epoch 200

🔧 Epoch 200 梯度检查:
================================================================================

  参数名称                              梯度范数         梯度均值 状态             
  ----------------------------------------------------------------------
  type_relations                0.327135     0.007881 ✅ 正常           
  exist_relation                0.000126     0.000009 ✅ 正常           
  mi_proj_layer0                0.067747     0.000240 ✅ 正常           
  dis_proj_layer0               0.074410     0.000268 ✅ 正常           
================================================================================

Epoch 200, Total Loss: 16.5299, Recover Loss: 2.5093, miRNA CL: 7.2582, Disease CL: 6.4790, Inter-view (est): 3.1701, Recon Loss: 0.0290, Time: 199.24s
[INFO] Hypergraph updated at epoch 250

🔧 Epoch 250 梯度检查:
================================================================================

  参数名称                              梯度范数         梯度均值 状态             
  ----------------------------------------------------------------------
  type_relations                0.266421     0.007269 ✅ 正常           
  exist_relation                0.000123     0.000009 ✅ 正常           
  mi_proj_layer0                0.067114     0.000243 ✅ 正常           
  dis_proj_layer0               0.077740     0.000282 ✅ 正常           
================================================================================

Epoch 250, Total Loss: 16.3158, Recover Loss: 2.4707, miRNA CL: 7.1591, Disease CL: 6.4058, Inter-view (est): 3.1304, Recon Loss: 0.0286, Time: 233.10s
[INFO] Hypergraph updated at epoch 300

🔧 Epoch 300 梯度检查:
================================================================================

  参数名称                              梯度范数         梯度均值 状态             
  ----------------------------------------------------------------------
  type_relations                0.277377     0.007412 ✅ 正常           
  exist_relation                0.000120     0.000008 ✅ 正常           
  mi_proj_layer0                0.064846     0.000238 ✅ 正常           
  dis_proj_layer0               0.077042     0.000277 ✅ 正常           
================================================================================

Epoch 300, Total Loss: 16.0954, Recover Loss: 2.4241, miRNA CL: 7.0684, Disease CL: 6.3268, Inter-view (est): 3.0912, Recon Loss: 0.0278, Time: 266.43s
[INFO] Hypergraph updated at epoch 350

🔧 Epoch 350 梯度检查:
================================================================================

  参数名称                              梯度范数         梯度均值 状态             
  ----------------------------------------------------------------------
  type_relations                0.237576     0.006389 ✅ 正常           
  exist_relation                0.000117     0.000008 ✅ 正常           
  mi_proj_layer0                0.059466     0.000220 ✅ 正常           
  dis_proj_layer0               0.067224     0.000246 ✅ 正常           
================================================================================

Epoch 350, Total Loss: 15.9035, Recover Loss: 2.3733, miRNA CL: 6.9844, Disease CL: 6.2730, Inter-view (est): 3.0594, Recon Loss: 0.0273, Time: 299.44s
[INFO] Hypergraph updated at epoch 400

🔧 Epoch 400 梯度检查:
================================================================================

  参数名称                              梯度范数         梯度均值 状态             
  ----------------------------------------------------------------------
  type_relations                0.246180     0.006490 ✅ 正常           
  exist_relation                0.000115     0.000008 ✅ 正常           
  mi_proj_layer0                0.078082     0.000267 ✅ 正常           
  dis_proj_layer0               0.085500     0.000294 ✅ 正常           
================================================================================

Epoch 400, Total Loss: 15.7500, Recover Loss: 2.3498, miRNA CL: 6.8943, Disease CL: 6.2358, Inter-view (est): 3.0300, Recon Loss: 0.0270, Time: 332.35s
[INFO] Hypergraph updated at epoch 450

🔧 Epoch 450 梯度检查:
================================================================================

  参数名称                              梯度范数         梯度均值 状态             
  ----------------------------------------------------------------------
  type_relations                0.218634     0.005832 ✅ 正常           
  exist_relation                0.000113     0.000008 ✅ 正常           
  mi_proj_layer0                0.064133     0.000229 ✅ 正常           
  dis_proj_layer0               0.075756     0.000270 ✅ 正常           
================================================================================

Epoch 450, Total Loss: 15.6182, Recover Loss: 2.3212, miRNA CL: 6.8119, Disease CL: 6.2164, Inter-view (est): 3.0065, Recon Loss: 0.0266, Time: 365.29s
[INFO] Hypergraph updated at epoch 500

🔧 Epoch 500 梯度检查:
================================================================================

  参数名称                              梯度范数         梯度均值 状态             
  ----------------------------------------------------------------------
  type_relations                0.201305     0.005463 ✅ 正常           
  exist_relation                0.000112     0.000008 ✅ 正常           
  mi_proj_layer0                0.062781     0.000230 ✅ 正常           
  dis_proj_layer0               0.067729     0.000245 ✅ 正常           
================================================================================

Epoch 500, Total Loss: 15.5698, Recover Loss: 2.3200, miRNA CL: 6.7761, Disease CL: 6.2061, Inter-view (est): 2.9959, Recon Loss: 0.0263, Time: 398.25s
[INFO] Hypergraph updated at epoch 550

🔧 Epoch 550 梯度检查:
================================================================================

  参数名称                              梯度范数         梯度均值 状态             
  ----------------------------------------------------------------------
  type_relations                0.237563     0.005977 ✅ 正常           
  exist_relation                0.000112     0.000007 ✅ 正常           
  mi_proj_layer0                0.063831     0.000231 ✅ 正常           
  dis_proj_layer0               0.074113     0.000268 ✅ 正常           
================================================================================

Epoch 550, Total Loss: 15.5274, Recover Loss: 2.3091, miRNA CL: 6.7523, Disease CL: 6.1987, Inter-view (est): 2.9887, Recon Loss: 0.0262, Time: 431.26s
[INFO] Hypergraph updated at epoch 600

🔧 Epoch 600 梯度检查:
================================================================================

  参数名称                              梯度范数         梯度均值 状态             
  ----------------------------------------------------------------------
  type_relations                0.187406     0.005010 ✅ 正常           
  exist_relation                0.000111     0.000007 ✅ 正常           
  mi_proj_layer0                0.059399     0.000218 ✅ 正常           
  dis_proj_layer0               0.063409     0.000231 ✅ 正常           
================================================================================

Epoch 600, Total Loss: 15.4922, Recover Loss: 2.2990, miRNA CL: 6.7348, Disease CL: 6.1911, Inter-view (est): 2.9829, Recon Loss: 0.0267, Time: 463.51s
[INFO] Hypergraph updated at epoch 650

🔧 Epoch 650 梯度检查:
================================================================================

  参数名称                              梯度范数         梯度均值 状态             
  ----------------------------------------------------------------------
  type_relations                0.185915     0.005081 ✅ 正常           
  exist_relation                0.000110     0.000007 ✅ 正常           
  mi_proj_layer0                0.055570     0.000207 ✅ 正常           
  dis_proj_layer0               0.067528     0.000246 ✅ 正常           
================================================================================

Epoch 650, Total Loss: 15.4575, Recover Loss: 2.2896, miRNA CL: 6.7179, Disease CL: 6.1833, Inter-view (est): 2.9772, Recon Loss: 0.0267, Time: 496.86s

================================================================================
Training completed. Running final test...
================================================================================
Fold 2 completed - AUC: 0.9757, Top-1 F1: 0.6259
Fold 2 training time: 497.63 seconds
=== Cross Validation Fold 3/5 ===
Using hidden dimensions: [256, 256] with 4 attention heads
优化模型初始化: miRNA数量 = 495, 疾病数量 = 383
   节点维度: 256 → 128
   类型数量: 4
   Temperature: 2.0 (可学习)
   Loss mode: softmax_5class
   loss_mode=softmax_5class
   class_weights_5 (neg+4types): ['0.026', '0.970', '2.266', '1.215', '0.524']

✅ SimplifiedMultiTypeAssociationLoss 初始化 (改进版)
   类别权重 (beta=0.99999): ['0.780', '1.822', '0.977', '0.421']
Original positive index shape: torch.Size([1072, 2])
Original negative index shape: torch.Size([135416, 2])
采样后负样本数量: 10720
🎯 Building TRUE DUAL VIEWS from four different sources...
📊 Data sources loaded:
  Disease semantic: torch.Size([383, 383])
  miRNA functional: torch.Size([495, 495])
  Disease-gene: torch.Size([383, 383])
  miRNA-sequence: torch.Size([495, 495])
🧬 Building miRNA dual-view hypergraphs...
  📊 miRNA View 1 (Sequence): torch.Size([495, 878])
  📊 miRNA View 2 (Function): torch.Size([495, 878])
🦠 Building disease dual-view hypergraphs...
  📊 Disease View 1 (Gene): torch.Size([383, 878])
  📊 Disease View 2 (Semantic): torch.Size([383, 878])
✅ Successfully built TRUE DUAL VIEWS:
   🧬 miRNA: Sequence Features (m_ss.xlsx) vs Functional Similarity (mi_fun_sim_2.0.csv)
   🦠 Disease: Gene Features (d_gs.xlsx) vs Semantic Similarity (dis_sem_sim_2.0.csv)

🔧 Epoch 1 梯度检查:
================================================================================

  参数名称                              梯度范数         梯度均值 状态             
  ----------------------------------------------------------------------
  type_relations                0.690744     0.015932 ✅ 正常           
  exist_relation                0.000145     0.000010 ✅ 正常           
  mi_proj_layer0                1.883202     0.005707 ✅ 正常           
  dis_proj_layer0               1.864967     0.006011 ✅ 正常           
================================================================================

Epoch 1, Total Loss: 22.2204, Recover Loss: 3.0364, miRNA CL: 8.9437, Disease CL: 8.4171, Inter-view (est): 4.0063, Recon Loss: 1.5255, Time: 0.68s
[INFO] Hypergraph updated at epoch 5
[INFO] Hypergraph updated at epoch 10
[INFO] Hypergraph updated at epoch 15
[INFO] Hypergraph updated at epoch 20
[INFO] Hypergraph updated at epoch 25
[INFO] Hypergraph updated at epoch 30
[INFO] Hypergraph updated at epoch 35
[INFO] Hypergraph updated at epoch 40
[INFO] Hypergraph updated at epoch 45
[INFO] Hypergraph updated at epoch 50

🔧 Epoch 50 梯度检查:
================================================================================

  参数名称                              梯度范数         梯度均值 状态             
  ----------------------------------------------------------------------
  type_relations                0.311510     0.008680 ✅ 正常           
  exist_relation                0.000140     0.000010 ✅ 正常           
  mi_proj_layer0                0.069210     0.000246 ✅ 正常           
  dis_proj_layer0               0.074784     0.000274 ✅ 正常           
================================================================================

Epoch 50, Total Loss: 18.8683, Recover Loss: 2.6980, miRNA CL: 7.9990, Disease CL: 7.6946, Inter-view (est): 3.6216, Recon Loss: 0.1914, Time: 97.95s
[INFO] Hypergraph updated at epoch 100

🔧 Epoch 100 梯度检查:
================================================================================

  参数名称                              梯度范数         梯度均值 状态             
  ----------------------------------------------------------------------
  type_relations                0.334941     0.008850 ✅ 正常           
  exist_relation                0.000134     0.000009 ✅ 正常           
  mi_proj_layer0                0.068008     0.000247 ✅ 正常           
  dis_proj_layer0               0.071981     0.000261 ✅ 正常           
================================================================================

Epoch 100, Total Loss: 17.7603, Recover Loss: 2.6504, miRNA CL: 7.7439, Disease CL: 7.0632, Inter-view (est): 3.4170, Recon Loss: 0.0319, Time: 134.69s
[INFO] Hypergraph updated at epoch 150

🔧 Epoch 150 梯度检查:
================================================================================

  参数名称                              梯度范数         梯度均值 状态             
  ----------------------------------------------------------------------
  type_relations                0.339974     0.008458 ✅ 正常           
  exist_relation                0.000129     0.000009 ✅ 正常           
  mi_proj_layer0                0.073556     0.000254 ✅ 正常           
  dis_proj_layer0               0.072069     0.000265 ✅ 正常           
================================================================================

Epoch 150, Total Loss: 17.1250, Recover Loss: 2.5637, miRNA CL: 7.5588, Disease CL: 6.7117, Inter-view (est): 3.2932, Recon Loss: 0.0299, Time: 167.90s
[INFO] Hypergraph updated at epoch 200

🔧 Epoch 200 梯度检查:
================================================================================

  参数名称                              梯度范数         梯度均值 状态             
  ----------------------------------------------------------------------
  type_relations                0.332859     0.008183 ✅ 正常           
  exist_relation                0.000125     0.000008 ✅ 正常           
  mi_proj_layer0                0.075387     0.000264 ✅ 正常           
  dis_proj_layer0               0.078410     0.000278 ✅ 正常           
================================================================================

Epoch 200, Total Loss: 16.5785, Recover Loss: 2.5044, miRNA CL: 7.2713, Disease CL: 6.5192, Inter-view (est): 3.1824, Recon Loss: 0.0291, Time: 200.43s
[INFO] Hypergraph updated at epoch 250

🔧 Epoch 250 梯度检查:
================================================================================

  参数名称                              梯度范数         梯度均值 状态             
  ----------------------------------------------------------------------
  type_relations                0.269411     0.007210 ✅ 正常           
  exist_relation                0.000122     0.000008 ✅ 正常           
  mi_proj_layer0                0.062162     0.000233 ✅ 正常           
  dis_proj_layer0               0.075244     0.000275 ✅ 正常           
================================================================================

Epoch 250, Total Loss: 16.2975, Recover Loss: 2.4560, miRNA CL: 7.1405, Disease CL: 6.4210, Inter-view (est): 3.1296, Recon Loss: 0.0288, Time: 234.18s
[INFO] Hypergraph updated at epoch 300

🔧 Epoch 300 梯度检查:
================================================================================

  参数名称                              梯度范数         梯度均值 状态             
  ----------------------------------------------------------------------
  type_relations                0.272595     0.006945 ✅ 正常           
  exist_relation                0.000120     0.000008 ✅ 正常           
  mi_proj_layer0                0.066484     0.000245 ✅ 正常           
  dis_proj_layer0               0.074490     0.000268 ✅ 正常           
================================================================================

Epoch 300, Total Loss: 16.1207, Recover Loss: 2.4249, miRNA CL: 7.0661, Disease CL: 6.3532, Inter-view (est): 3.0968, Recon Loss: 0.0281, Time: 267.37s
[INFO] Hypergraph updated at epoch 350

🔧 Epoch 350 梯度检查:
================================================================================

  参数名称                              梯度范数         梯度均值 状态             
  ----------------------------------------------------------------------
  type_relations                0.303005     0.007089 ✅ 正常           
  exist_relation                0.000118     0.000008 ✅ 正常           
  mi_proj_layer0                0.083551     0.000287 ✅ 正常           
  dis_proj_layer0               0.080422     0.000281 ✅ 正常           
================================================================================

Epoch 350, Total Loss: 15.9779, Recover Loss: 2.3800, miRNA CL: 7.0095, Disease CL: 6.3148, Inter-view (est): 3.0749, Recon Loss: 0.0271, Time: 299.90s
[INFO] Hypergraph updated at epoch 400

🔧 Epoch 400 梯度检查:
================================================================================

  参数名称                              梯度范数         梯度均值 状态             
  ----------------------------------------------------------------------
  type_relations                0.266153     0.007012 ✅ 正常           
  exist_relation                0.000116     0.000007 ✅ 正常           
  mi_proj_layer0                0.064136     0.000240 ✅ 正常           
  dis_proj_layer0               0.074369     0.000273 ✅ 正常           
================================================================================

Epoch 400, Total Loss: 15.8539, Recover Loss: 2.3549, miRNA CL: 6.9485, Disease CL: 6.2785, Inter-view (est): 3.0524, Recon Loss: 0.0273, Time: 332.87s
[INFO] Hypergraph updated at epoch 450

🔧 Epoch 450 梯度检查:
================================================================================

  参数名称                              梯度范数         梯度均值 状态             
  ----------------------------------------------------------------------
  type_relations                0.204411     0.005576 ✅ 正常           
  exist_relation                0.000114     0.000007 ✅ 正常           
  mi_proj_layer0                0.066392     0.000247 ✅ 正常           
  dis_proj_layer0               0.069820     0.000255 ✅ 正常           
================================================================================

Epoch 450, Total Loss: 15.7131, Recover Loss: 2.3169, miRNA CL: 6.8769, Disease CL: 6.2494, Inter-view (est): 3.0291, Recon Loss: 0.0268, Time: 365.06s
[INFO] Hypergraph updated at epoch 500

🔧 Epoch 500 梯度检查:
================================================================================

  参数名称                              梯度范数         梯度均值 状态             
  ----------------------------------------------------------------------
  type_relations                0.204839     0.005540 ✅ 正常           
  exist_relation                0.000113     0.000007 ✅ 正常           
  mi_proj_layer0                0.062251     0.000233 ✅ 正常           
  dis_proj_layer0               0.071787     0.000265 ✅ 正常           
================================================================================

Epoch 500, Total Loss: 15.6432, Recover Loss: 2.3075, miRNA CL: 6.8302, Disease CL: 6.2365, Inter-view (est): 3.0154, Recon Loss: 0.0266, Time: 398.35s
[INFO] Hypergraph updated at epoch 550

🔧 Epoch 550 梯度检查:
================================================================================

  参数名称                              梯度范数         梯度均值 状态             
  ----------------------------------------------------------------------
  type_relations                0.225778     0.006251 ✅ 正常           
  exist_relation                0.000112     0.000007 ✅ 正常           
  mi_proj_layer0                0.070441     0.000258 ✅ 正常           
  dis_proj_layer0               0.072595     0.000262 ✅ 正常           
================================================================================

Epoch 550, Total Loss: 15.5938, Recover Loss: 2.2995, miRNA CL: 6.7993, Disease CL: 6.2266, Inter-view (est): 3.0060, Recon Loss: 0.0267, Time: 432.02s
[INFO] Hypergraph updated at epoch 600

🔧 Epoch 600 梯度检查:
================================================================================

  参数名称                              梯度范数         梯度均值 状态             
  ----------------------------------------------------------------------
  type_relations                0.198243     0.005723 ✅ 正常           
  exist_relation                0.000112     0.000007 ✅ 正常           
  mi_proj_layer0                0.063173     0.000237 ✅ 正常           
  dis_proj_layer0               0.066909     0.000246 ✅ 正常           
================================================================================

Epoch 600, Total Loss: 15.5490, Recover Loss: 2.2900, miRNA CL: 6.7742, Disease CL: 6.2171, Inter-view (est): 2.9980, Recon Loss: 0.0265, Time: 464.84s
[INFO] Hypergraph updated at epoch 650

🔧 Epoch 650 梯度检查:
================================================================================

  参数名称                              梯度范数         梯度均值 状态             
  ----------------------------------------------------------------------
  type_relations                0.188641     0.004882 ✅ 正常           
  exist_relation                0.000111     0.000007 ✅ 正常           
  mi_proj_layer0                0.062889     0.000230 ✅ 正常           
  dis_proj_layer0               0.067248     0.000246 ✅ 正常           
================================================================================

Epoch 650, Total Loss: 15.5094, Recover Loss: 2.2849, miRNA CL: 6.7498, Disease CL: 6.2077, Inter-view (est): 2.9902, Recon Loss: 0.0264, Time: 497.11s

================================================================================
Training completed. Running final test...
================================================================================
Fold 3 completed - AUC: 0.9741, Top-1 F1: 0.6372
Fold 3 training time: 497.92 seconds
=== Cross Validation Fold 4/5 ===
Using hidden dimensions: [256, 256] with 4 attention heads
优化模型初始化: miRNA数量 = 495, 疾病数量 = 383
   节点维度: 256 → 128
   类型数量: 4
   Temperature: 2.0 (可学习)
   Loss mode: softmax_5class
   loss_mode=softmax_5class
   class_weights_5 (neg+4types): ['0.026', '0.970', '2.266', '1.215', '0.524']

✅ SimplifiedMultiTypeAssociationLoss 初始化 (改进版)
   类别权重 (beta=0.99999): ['0.780', '1.822', '0.977', '0.421']
Original positive index shape: torch.Size([1072, 2])
Original negative index shape: torch.Size([135416, 2])
采样后负样本数量: 10720
🎯 Building TRUE DUAL VIEWS from four different sources...
📊 Data sources loaded:
  Disease semantic: torch.Size([383, 383])
  miRNA functional: torch.Size([495, 495])
  Disease-gene: torch.Size([383, 383])
  miRNA-sequence: torch.Size([495, 495])
🧬 Building miRNA dual-view hypergraphs...
  📊 miRNA View 1 (Sequence): torch.Size([495, 878])
  📊 miRNA View 2 (Function): torch.Size([495, 878])
🦠 Building disease dual-view hypergraphs...
  📊 Disease View 1 (Gene): torch.Size([383, 878])
  📊 Disease View 2 (Semantic): torch.Size([383, 878])
✅ Successfully built TRUE DUAL VIEWS:
   🧬 miRNA: Sequence Features (m_ss.xlsx) vs Functional Similarity (mi_fun_sim_2.0.csv)
   🦠 Disease: Gene Features (d_gs.xlsx) vs Semantic Similarity (dis_sem_sim_2.0.csv)

🔧 Epoch 1 梯度检查:
================================================================================

  参数名称                              梯度范数         梯度均值 状态             
  ----------------------------------------------------------------------
  type_relations                0.682970     0.016295 ✅ 正常           
  exist_relation                0.000139     0.000010 ✅ 正常           
  mi_proj_layer0                1.345155     0.004149 ✅ 正常           
  dis_proj_layer0               1.454991     0.004539 ✅ 正常           
================================================================================

Epoch 1, Total Loss: 22.1582, Recover Loss: 2.9839, miRNA CL: 8.9423, Disease CL: 8.4508, Inter-view (est): 4.0138, Recon Loss: 1.4830, Time: 0.65s
[INFO] Hypergraph updated at epoch 5
[INFO] Hypergraph updated at epoch 10
[INFO] Hypergraph updated at epoch 15
[INFO] Hypergraph updated at epoch 20
[INFO] Hypergraph updated at epoch 25
[INFO] Hypergraph updated at epoch 30
[INFO] Hypergraph updated at epoch 35
[INFO] Hypergraph updated at epoch 40
[INFO] Hypergraph updated at epoch 45
[INFO] Hypergraph updated at epoch 50

🔧 Epoch 50 梯度检查:
================================================================================

  参数名称                              梯度范数         梯度均值 状态             
  ----------------------------------------------------------------------
  type_relations                0.289438     0.008083 ✅ 正常           
  exist_relation                0.000134     0.000009 ✅ 正常           
  mi_proj_layer0                0.060525     0.000213 ✅ 正常           
  dis_proj_layer0               0.069235     0.000251 ✅ 正常           
================================================================================

Epoch 50, Total Loss: 18.9034, Recover Loss: 2.7024, miRNA CL: 7.9931, Disease CL: 7.7337, Inter-view (est): 3.6293, Recon Loss: 0.1893, Time: 91.89s
[INFO] Hypergraph updated at epoch 100

🔧 Epoch 100 梯度检查:
================================================================================

  参数名称                              梯度范数         梯度均值 状态             
  ----------------------------------------------------------------------
  type_relations                0.329165     0.008063 ✅ 正常           
  exist_relation                0.000128     0.000009 ✅ 正常           
  mi_proj_layer0                0.062157     0.000224 ✅ 正常           
  dis_proj_layer0               0.080292     0.000270 ✅ 正常           
================================================================================

Epoch 100, Total Loss: 17.7492, Recover Loss: 2.6483, miRNA CL: 7.7341, Disease CL: 7.0644, Inter-view (est): 3.4150, Recon Loss: 0.0321, Time: 129.21s
[INFO] Hypergraph updated at epoch 150

🔧 Epoch 150 梯度检查:
================================================================================

  参数名称                              梯度范数         梯度均值 状态             
  ----------------------------------------------------------------------
  type_relations                0.356178     0.008900 ✅ 正常           
  exist_relation                0.000124     0.000008 ✅ 正常           
  mi_proj_layer0                0.065561     0.000241 ✅ 正常           
  dis_proj_layer0               0.080188     0.000280 ✅ 正常           
================================================================================

Epoch 150, Total Loss: 17.0338, Recover Loss: 2.5813, miRNA CL: 7.4839, Disease CL: 6.6777, Inter-view (est): 3.2681, Recon Loss: 0.0307, Time: 162.12s
[INFO] Hypergraph updated at epoch 200

🔧 Epoch 200 梯度检查:
================================================================================

  参数名称                              梯度范数         梯度均值 状态             
  ----------------------------------------------------------------------
  type_relations                0.380777     0.008986 ✅ 正常           
  exist_relation                0.000120     0.000008 ✅ 正常           
  mi_proj_layer0                0.075910     0.000249 ✅ 正常           
  dis_proj_layer0               0.085517     0.000289 ✅ 正常           
================================================================================

Epoch 200, Total Loss: 16.4538, Recover Loss: 2.4892, miRNA CL: 7.2174, Disease CL: 6.4635, Inter-view (est): 3.1571, Recon Loss: 0.0296, Time: 195.23s
[INFO] Hypergraph updated at epoch 250

🔧 Epoch 250 梯度检查:
================================================================================

  参数名称                              梯度范数         梯度均值 状态             
  ----------------------------------------------------------------------
  type_relations                0.317068     0.007729 ✅ 正常           
  exist_relation                0.000117     0.000007 ✅ 正常           
  mi_proj_layer0                0.064303     0.000232 ✅ 正常           
  dis_proj_layer0               0.068684     0.000248 ✅ 正常           
================================================================================

Epoch 250, Total Loss: 16.1994, Recover Loss: 2.4347, miRNA CL: 7.1056, Disease CL: 6.3804, Inter-view (est): 3.1121, Recon Loss: 0.0285, Time: 228.15s
[INFO] Hypergraph updated at epoch 300

🔧 Epoch 300 梯度检查:
================================================================================

  参数名称                              梯度范数         梯度均值 状态             
  ----------------------------------------------------------------------
  type_relations                0.251733     0.006659 ✅ 正常           
  exist_relation                0.000114     0.000007 ✅ 正常           
  mi_proj_layer0                0.065023     0.000236 ✅ 正常           
  dis_proj_layer0               0.078837     0.000270 ✅ 正常           
================================================================================

Epoch 300, Total Loss: 16.0529, Recover Loss: 2.4107, miRNA CL: 7.0366, Disease CL: 6.3299, Inter-view (est): 3.0846, Recon Loss: 0.0282, Time: 260.56s
[INFO] Hypergraph updated at epoch 350

🔧 Epoch 350 梯度检查:
================================================================================

  参数名称                              梯度范数         梯度均值 状态             
  ----------------------------------------------------------------------
  type_relations                0.238963     0.006449 ✅ 正常           
  exist_relation                0.000112     0.000007 ✅ 正常           
  mi_proj_layer0                0.064051     0.000231 ✅ 正常           
  dis_proj_layer0               0.075434     0.000264 ✅ 正常           
================================================================================

Epoch 350, Total Loss: 15.8887, Recover Loss: 2.3692, miRNA CL: 6.9673, Disease CL: 6.2802, Inter-view (est): 3.0571, Recon Loss: 0.0271, Time: 293.37s
[INFO] Hypergraph updated at epoch 400

🔧 Epoch 400 梯度检查:
================================================================================

  参数名称                              梯度范数         梯度均值 状态             
  ----------------------------------------------------------------------
  type_relations                0.221300     0.006022 ✅ 正常           
  exist_relation                0.000110     0.000007 ✅ 正常           
  mi_proj_layer0                0.066446     0.000241 ✅ 正常           
  dis_proj_layer0               0.072549     0.000264 ✅ 正常           
================================================================================

Epoch 400, Total Loss: 15.7548, Recover Loss: 2.3523, miRNA CL: 6.8901, Disease CL: 6.2429, Inter-view (est): 3.0307, Recon Loss: 0.0267, Time: 326.46s
[INFO] Hypergraph updated at epoch 450

🔧 Epoch 450 梯度检查:
================================================================================

  参数名称                              梯度范数         梯度均值 状态             
  ----------------------------------------------------------------------
  type_relations                0.236282     0.006245 ✅ 正常           
  exist_relation                0.000109     0.000007 ✅ 正常           
  mi_proj_layer0                0.069575     0.000247 ✅ 正常           
  dis_proj_layer0               0.086260     0.000291 ✅ 正常           
================================================================================

Epoch 450, Total Loss: 15.6519, Recover Loss: 2.3400, miRNA CL: 6.8187, Disease CL: 6.2242, Inter-view (est): 3.0099, Recon Loss: 0.0271, Time: 359.34s
[INFO] Hypergraph updated at epoch 500

🔧 Epoch 500 梯度检查:
================================================================================

  参数名称                              梯度范数         梯度均值 状态             
  ----------------------------------------------------------------------
  type_relations                0.208658     0.005554 ✅ 正常           
  exist_relation                0.000108     0.000006 ✅ 正常           
  mi_proj_layer0                0.064603     0.000232 ✅ 正常           
  dis_proj_layer0               0.065246     0.000237 ✅ 正常           
================================================================================

Epoch 500, Total Loss: 15.5711, Recover Loss: 2.3118, miRNA CL: 6.7793, Disease CL: 6.2123, Inter-view (est): 2.9981, Recon Loss: 0.0266, Time: 392.60s
[INFO] Hypergraph updated at epoch 550

🔧 Epoch 550 梯度检查:
================================================================================

  参数名称                              梯度范数         梯度均值 状态             
  ----------------------------------------------------------------------
  type_relations                0.177462     0.004811 ✅ 正常           
  exist_relation                0.000107     0.000006 ✅ 正常           
  mi_proj_layer0                0.062231     0.000228 ✅ 正常           
  dis_proj_layer0               0.069973     0.000242 ✅ 正常           
================================================================================

Epoch 550, Total Loss: 15.5311, Recover Loss: 2.2988, miRNA CL: 6.7632, Disease CL: 6.2017, Inter-view (est): 2.9919, Recon Loss: 0.0267, Time: 425.69s
[INFO] Hypergraph updated at epoch 600

🔧 Epoch 600 梯度检查:
================================================================================

  参数名称                              梯度范数         梯度均值 状态             
  ----------------------------------------------------------------------
  type_relations                0.218148     0.005915 ✅ 正常           
  exist_relation                0.000107     0.000006 ✅ 正常           
  mi_proj_layer0                0.072169     0.000250 ✅ 正常           
  dis_proj_layer0               0.066857     0.000242 ✅ 正常           
================================================================================

Epoch 600, Total Loss: 15.5135, Recover Loss: 2.2995, miRNA CL: 6.7516, Disease CL: 6.1953, Inter-view (est): 2.9877, Recon Loss: 0.0269, Time: 458.74s
[INFO] Hypergraph updated at epoch 650

🔧 Epoch 650 梯度检查:
================================================================================

  参数名称                              梯度范数         梯度均值 状态             
  ----------------------------------------------------------------------
  type_relations                0.233602     0.006136 ✅ 正常           
  exist_relation                0.000106     0.000006 ✅ 正常           
  mi_proj_layer0                0.064045     0.000231 ✅ 正常           
  dis_proj_layer0               0.074752     0.000260 ✅ 正常           
================================================================================

Epoch 650, Total Loss: 15.4827, Recover Loss: 2.2964, miRNA CL: 6.7308, Disease CL: 6.1893, Inter-view (est): 2.9816, Recon Loss: 0.0265, Time: 491.41s

================================================================================
Training completed. Running final test...
================================================================================
Fold 4 completed - AUC: 0.9700, Top-1 F1: 0.6046
Fold 4 training time: 492.17 seconds
=== Cross Validation Fold 5/5 ===
Using hidden dimensions: [256, 256] with 4 attention heads
优化模型初始化: miRNA数量 = 495, 疾病数量 = 383
   节点维度: 256 → 128
   类型数量: 4
   Temperature: 2.0 (可学习)
   Loss mode: softmax_5class
   loss_mode=softmax_5class
   class_weights_5 (neg+4types): ['0.026', '0.970', '2.266', '1.215', '0.524']

✅ SimplifiedMultiTypeAssociationLoss 初始化 (改进版)
   类别权重 (beta=0.99999): ['0.780', '1.822', '0.977', '0.421']
Original positive index shape: torch.Size([1072, 2])
Original negative index shape: torch.Size([135416, 2])
采样后负样本数量: 10720
🎯 Building TRUE DUAL VIEWS from four different sources...
📊 Data sources loaded:
  Disease semantic: torch.Size([383, 383])
  miRNA functional: torch.Size([495, 495])
  Disease-gene: torch.Size([383, 383])
  miRNA-sequence: torch.Size([495, 495])
🧬 Building miRNA dual-view hypergraphs...
  📊 miRNA View 1 (Sequence): torch.Size([495, 878])
  📊 miRNA View 2 (Function): torch.Size([495, 878])
🦠 Building disease dual-view hypergraphs...
  📊 Disease View 1 (Gene): torch.Size([383, 878])
  📊 Disease View 2 (Semantic): torch.Size([383, 878])
✅ Successfully built TRUE DUAL VIEWS:
   🧬 miRNA: Sequence Features (m_ss.xlsx) vs Functional Similarity (mi_fun_sim_2.0.csv)
   🦠 Disease: Gene Features (d_gs.xlsx) vs Semantic Similarity (dis_sem_sim_2.0.csv)

🔧 Epoch 1 梯度检查:
================================================================================

  参数名称                              梯度范数         梯度均值 状态             
  ----------------------------------------------------------------------
  type_relations                0.523883     0.014106 ✅ 正常           
  exist_relation                0.000139     0.000010 ✅ 正常           
  mi_proj_layer0                1.770195     0.005482 ✅ 正常           
  dis_proj_layer0               1.701876     0.005228 ✅ 正常           
================================================================================

Epoch 1, Total Loss: 22.1842, Recover Loss: 3.0055, miRNA CL: 8.9262, Disease CL: 8.4225, Inter-view (est): 4.0035, Recon Loss: 1.5320, Time: 0.67s
[INFO] Hypergraph updated at epoch 5
[INFO] Hypergraph updated at epoch 10
[INFO] Hypergraph updated at epoch 15
[INFO] Hypergraph updated at epoch 20
[INFO] Hypergraph updated at epoch 25
[INFO] Hypergraph updated at epoch 30
[INFO] Hypergraph updated at epoch 35
[INFO] Hypergraph updated at epoch 40
[INFO] Hypergraph updated at epoch 45
[INFO] Hypergraph updated at epoch 50

🔧 Epoch 50 梯度检查:
================================================================================

  参数名称                              梯度范数         梯度均值 状态             
  ----------------------------------------------------------------------
  type_relations                0.324318     0.009209 ✅ 正常           
  exist_relation                0.000134     0.000009 ✅ 正常           
  mi_proj_layer0                0.072868     0.000254 ✅ 正常           
  dis_proj_layer0               0.077921     0.000270 ✅ 正常           
================================================================================

Epoch 50, Total Loss: 18.8800, Recover Loss: 2.7140, miRNA CL: 8.0497, Disease CL: 7.7265, Inter-view (est): 3.6407, Recon Loss: 0.1042, Time: 95.69s
[INFO] Hypergraph updated at epoch 100

🔧 Epoch 100 梯度检查:
================================================================================

  参数名称                              梯度范数         梯度均值 状态             
  ----------------------------------------------------------------------
  type_relations                0.253811     0.007240 ✅ 正常           
  exist_relation                0.000128     0.000009 ✅ 正常           
  mi_proj_layer0                0.065792     0.000232 ✅ 正常           
  dis_proj_layer0               0.078401     0.000262 ✅ 正常           
================================================================================

Epoch 100, Total Loss: 17.7668, Recover Loss: 2.6623, miRNA CL: 7.7472, Disease CL: 7.0551, Inter-view (est): 3.4159, Recon Loss: 0.0315, Time: 131.04s
[INFO] Hypergraph updated at epoch 150

🔧 Epoch 150 梯度检查:
================================================================================

  参数名称                              梯度范数         梯度均值 状态             
  ----------------------------------------------------------------------
  type_relations                0.315690     0.007881 ✅ 正常           
  exist_relation                0.000123     0.000008 ✅ 正常           
  mi_proj_layer0                0.062299     0.000230 ✅ 正常           
  dis_proj_layer0               0.071111     0.000254 ✅ 正常           
================================================================================

Epoch 150, Total Loss: 17.1164, Recover Loss: 2.5753, miRNA CL: 7.5760, Disease CL: 6.6747, Inter-view (est): 3.2886, Recon Loss: 0.0297, Time: 164.21s
[INFO] Hypergraph updated at epoch 200

🔧 Epoch 200 梯度检查:
================================================================================

  参数名称                              梯度范数         梯度均值 状态             
  ----------------------------------------------------------------------
  type_relations                0.267412     0.006880 ✅ 正常           
  exist_relation                0.000119     0.000008 ✅ 正常           
  mi_proj_layer0                0.066483     0.000240 ✅ 正常           
  dis_proj_layer0               0.070553     0.000250 ✅ 正常           
================================================================================

Epoch 200, Total Loss: 16.5348, Recover Loss: 2.4940, miRNA CL: 7.3048, Disease CL: 6.4520, Inter-view (est): 3.1747, Recon Loss: 0.0298, Time: 197.01s
[INFO] Hypergraph updated at epoch 250

🔧 Epoch 250 梯度检查:
================================================================================

  参数名称                              梯度范数         梯度均值 状态             
  ----------------------------------------------------------------------
  type_relations                0.282383     0.007314 ✅ 正常           
  exist_relation                0.000116     0.000007 ✅ 正常           
  mi_proj_layer0                0.060994     0.000224 ✅ 正常           
  dis_proj_layer0               0.073042     0.000265 ✅ 正常           
================================================================================

Epoch 250, Total Loss: 16.2355, Recover Loss: 2.4367, miRNA CL: 7.1518, Disease CL: 6.3678, Inter-view (est): 3.1199, Recon Loss: 0.0287, Time: 229.50s
[INFO] Hypergraph updated at epoch 300

🔧 Epoch 300 梯度检查:
================================================================================

  参数名称                              梯度范数         梯度均值 状态             
  ----------------------------------------------------------------------
  type_relations                0.278107     0.007074 ✅ 正常           
  exist_relation                0.000113     0.000007 ✅ 正常           
  mi_proj_layer0                0.065359     0.000240 ✅ 正常           
  dis_proj_layer0               0.077931     0.000274 ✅ 正常           
================================================================================

Epoch 300, Total Loss: 16.0718, Recover Loss: 2.4041, miRNA CL: 7.0692, Disease CL: 6.3224, Inter-view (est): 3.0904, Recon Loss: 0.0283, Time: 262.34s
[INFO] Hypergraph updated at epoch 350

🔧 Epoch 350 梯度检查:
================================================================================

  参数名称                              梯度范数         梯度均值 状态             
  ----------------------------------------------------------------------
  type_relations                0.233842     0.006381 ✅ 正常           
  exist_relation                0.000111     0.000007 ✅ 正常           
  mi_proj_layer0                0.059151     0.000222 ✅ 正常           
  dis_proj_layer0               0.068588     0.000253 ✅ 正常           
================================================================================

Epoch 350, Total Loss: 15.9114, Recover Loss: 2.3558, miRNA CL: 6.9981, Disease CL: 6.2843, Inter-view (est): 3.0652, Recon Loss: 0.0281, Time: 294.88s
[INFO] Hypergraph updated at epoch 400

🔧 Epoch 400 梯度检查:
================================================================================

  参数名称                              梯度范数         梯度均值 状态             
  ----------------------------------------------------------------------
  type_relations                0.196060     0.005371 ✅ 正常           
  exist_relation                0.000108     0.000007 ✅ 正常           
  mi_proj_layer0                0.061212     0.000227 ✅ 正常           
  dis_proj_layer0               0.064802     0.000238 ✅ 正常           
================================================================================

Epoch 400, Total Loss: 15.7756, Recover Loss: 2.3277, miRNA CL: 6.9304, Disease CL: 6.2474, Inter-view (est): 3.0410, Recon Loss: 0.0272, Time: 328.30s
[INFO] Hypergraph updated at epoch 450

🔧 Epoch 450 梯度检查:
================================================================================

  参数名称                              梯度范数         梯度均值 状态             
  ----------------------------------------------------------------------
  type_relations                0.183377     0.005311 ✅ 正常           
  exist_relation                0.000107     0.000007 ✅ 正常           
  mi_proj_layer0                0.064600     0.000238 ✅ 正常           
  dis_proj_layer0               0.069854     0.000249 ✅ 正常           
================================================================================

Epoch 450, Total Loss: 15.6484, Recover Loss: 2.2966, miRNA CL: 6.8593, Disease CL: 6.2242, Inter-view (est): 3.0193, Recon Loss: 0.0268, Time: 361.72s
[INFO] Hypergraph updated at epoch 500

🔧 Epoch 500 梯度检查:
================================================================================

  参数名称                              梯度范数         梯度均值 状态             
  ----------------------------------------------------------------------
  type_relations                0.187165     0.005310 ✅ 正常           
  exist_relation                0.000106     0.000006 ✅ 正常           
  mi_proj_layer0                0.057725     0.000215 ✅ 正常           
  dis_proj_layer0               0.069094     0.000250 ✅ 正常           
================================================================================

Epoch 500, Total Loss: 15.5882, Recover Loss: 2.2850, miRNA CL: 6.8226, Disease CL: 6.2126, Inter-view (est): 3.0081, Recon Loss: 0.0271, Time: 394.70s
[INFO] Hypergraph updated at epoch 550

🔧 Epoch 550 梯度检查:
================================================================================

  参数名称                              梯度范数         梯度均值 状态             
  ----------------------------------------------------------------------
  type_relations                0.238858     0.006073 ✅ 正常           
  exist_relation                0.000105     0.000006 ✅ 正常           
  mi_proj_layer0                0.064253     0.000237 ✅ 正常           
  dis_proj_layer0               0.081111     0.000290 ✅ 正常           
================================================================================

Epoch 550, Total Loss: 15.5369, Recover Loss: 2.2840, miRNA CL: 6.7830, Disease CL: 6.2031, Inter-view (est): 2.9968, Recon Loss: 0.0265, Time: 427.84s
[INFO] Hypergraph updated at epoch 600

🔧 Epoch 600 梯度检查:
================================================================================

  参数名称                              梯度范数         梯度均值 状态             
  ----------------------------------------------------------------------
  type_relations                0.191451     0.005357 ✅ 正常           
  exist_relation                0.000105     0.000006 ✅ 正常           
  mi_proj_layer0                0.061946     0.000227 ✅ 正常           
  dis_proj_layer0               0.063555     0.000235 ✅ 正常           
================================================================================

Epoch 600, Total Loss: 15.4886, Recover Loss: 2.2670, miRNA CL: 6.7608, Disease CL: 6.1943, Inter-view (est): 2.9896, Recon Loss: 0.0267, Time: 460.39s
[INFO] Hypergraph updated at epoch 650

🔧 Epoch 650 梯度检查:
================================================================================

  参数名称                              梯度范数         梯度均值 状态             
  ----------------------------------------------------------------------
  type_relations                0.193918     0.005280 ✅ 正常           
  exist_relation                0.000104     0.000006 ✅ 正常           
  mi_proj_layer0                0.063440     0.000233 ✅ 正常           
  dis_proj_layer0               0.076009     0.000276 ✅ 正常           
================================================================================

Epoch 650, Total Loss: 15.4559, Recover Loss: 2.2631, miRNA CL: 6.7401, Disease CL: 6.1860, Inter-view (est): 2.9829, Recon Loss: 0.0275, Time: 493.16s

================================================================================
Training completed. Running final test...
================================================================================
Fold 5 completed - AUC: 0.9757, Top-1 F1: 0.6385
Fold 5 training time: 493.98 seconds
Average binary metrics across folds: [[0.97429104 0.96662063 0.93607895 0.93395522 0.96701493 0.90089552
  0.90727894]]
🎯 Average Top-1 metrics across folds: {'top1_precision': 0.5932835820895523, 'top1_recall': np.float64(0.6543996220099964), 'top1_f1': np.float64(0.6222151909737994)}

📊 CV_type Style Metrics Details:
  AUC            : 0.9743
  AUPR           : 0.9666
  F1             : 0.9361
  Accuracy       : 0.9340
  Recall         : 0.9670
  Specificity    : 0.9009
  Precision      : 0.9073

🎯 Top-1 Metrics Details:
  top1_precision : 0.5933
  top1_recall    : 0.6544
  top1_f1        : 0.6222

Total execution time: 2477.58 seconds

==========================================================================================
🎯 FINAL COMPREHENSIVE RESULTS WITH TOP-1 METRICS
==========================================================================================
📊 Binary Classification Metrics (Original):
  AUC: 0.9743
  AUPR: 0.9666
  F1: 0.9361
  Accuracy: 0.9340
  Recall: 0.9670
  Specificity: 0.9009
  Precision: 0.9073

🎯 CV_type Style Metrics (Enhanced):
  AUC: 0.9743
  AUPR: 0.9666
  F1: 0.9361
  Accuracy: 0.9340
  Recall: 0.9670
  Specificity: 0.9009
  Precision: 0.9073

🏆 Top-1 Metrics (NEW):
  Top-1 Precision: 0.5933
  Top-1 Recall: 0.6544
  Top-1 F1: 0.6222
==========================================================================================
[clean] Deleted cached score.npy (se retrain voi softmax_5class)
================================================================
 2/3 CASE STUDY (softmax_5class) ~9 phut
================================================================
[CPU] torch.set_num_threads(14), interop=min(4, 14)
Using device: cpu
[WARNING] CUDA not available. Switching to CPU.
[INFO] Auto-computed BALANCED class weights (to prevent class collapse):
  Circulation  (367 samples): 0.780
  Epigenetics  (157 samples): 1.823
  Target       (293 samples): 0.977
  Genetics     (681 samples): 0.420
  [NOTE] Higher weights for minority classes to prevent model from only predicting majority class
[INFO] Using v2.0_495m383D dataset:
  miRNAs: 495
  Diseases: 383
  Expected associations: ~1498
  Types: 4 (Circulation, Epigenetics, Target, Genetics)

================================================================================
Configuration Summary
================================================================================
Dataset: v2.0_495m383D
Data Path: ./
Model: HeterogenousGraphCLAMIR
  - HGT Layers: 2
  - Attention Heads: 4
  - Association Types: 4
  - Inter-view CL: Enabled
    - Weight: 0.3
    - Temperature: 0.5
    - Margin: 0.5

Training:
  - Epochs: 650
  - Learning Rate: 0.0001
  - Dropout: 0.3
  - Weight Decay: 5e-05
  - Focal Loss: Enabled

Evaluation:
  - Cross-Validation Folds: 5
  - Primary Metric: AUPR

Device: cpu
Random Seed: 1234
================================================================================

[case_study] device=cpu, epoch=650, n_head=4, update_freq=5
[case_study] Loading data...
Starting dual-view data preparation with new file format...
Loading all similarity and feature files from v2.0_495m383D...
✅ Loaded disease semantic similarity from D_SSM1.txt: (383, 383)
✅ Loaded miRNA functional similarity from M_FSM.txt: (495, 495)
✅ Loaded multi-type association pairs from ./v2.0_495m383D\multi_all_mirna_disease_pairs_without_negative.csv: (1679, 3)
✅ Created multi-type association matrix: (495, 383)
📊 Multi-type Association Statistics:
   无关联 (No association): 188087 pairs (99.21%)
   循环类型 (Circulation): 367 pairs (0.19%)
   表观遗传学 (Epigenetics): 157 pairs (0.08%)
   靶标类型 (Target): 293 pairs (0.15%)
   遗传学类型 (Genetics): 681 pairs (0.36%)
✅ Created association matrix from CSV: (495, 383)
✅ Loaded disease-gene features from D_SSM2.txt: torch.Size([383, 383])
✅ Loaded miRNA-sequence features from M_GSM.txt: torch.Size([495, 495])
Processing integrated similarity matrices...
Loaded similarity matrices from cache
Processing indices...
Loaded indices from cache
✅ Dual-view data preparation completed in 0.38 seconds

============================================================
🎯 DUAL-VIEW CONFIGURATION SUMMARY (v2.0_495m383D)
============================================================
miRNA Dual Views:
  📊 View 1 (Sequence): M_GSM.txt torch.Size([495, 495])
  📊 View 2 (Function): M_FSM.txt torch.Size([495, 495])

Disease Dual Views:
  📊 View 1 (Gene): D_SSM2.txt torch.Size([383, 383])
  📊 View 2 (Semantic): D_SSM1.txt torch.Size([383, 383])

Association Matrix: torch.Size([495, 383])
Data source: v2.0_495m383D (495 miRNAs × 383 Diseases)
============================================================
[case_study] Total nonzero associations: 1498
[case_study] Sampled negative: 14980
[case_study] Building hypergraphs (KNN K=[13])...
优化模型初始化: miRNA数量 = 495, 疾病数量 = 383
   节点维度: 256 → 128
   类型数量: 4
   Temperature: 2.0 (可学习)
   Loss mode: softmax_5class
   loss_mode=softmax_5class
   class_weights_5 (neg+4types): ['0.026', '0.970', '2.266', '1.215', '0.524']

✅ SimplifiedMultiTypeAssociationLoss 初始化 (改进版)
   类别权重 (beta=0.99999): ['0.780', '1.822', '0.977', '0.421']
[case_study] Training 650 epochs on full data...
  Epoch 1: loss=22.1018, recover=2.9871, recon=1.5189, t=0.7s
  Epoch 50: loss=18.9443, recover=2.7091, recon=0.1626, t=94.8s
  Epoch 100: loss=17.9253, recover=2.6737, recon=0.0351, t=131.6s
  Epoch 150: loss=17.3440, recover=2.6246, recon=0.0311, t=164.9s
  Epoch 200: loss=16.8892, recover=2.5524, recon=0.0307, t=197.8s
  Epoch 250: loss=16.4770, recover=2.4968, recon=0.0297, t=230.5s
  Epoch 300: loss=16.1997, recover=2.4436, recon=0.0319, t=263.1s
  Epoch 350: loss=15.9956, recover=2.4001, recon=0.0290, t=295.6s
  Epoch 400: loss=15.8137, recover=2.3609, recon=0.0281, t=328.6s
  Epoch 450: loss=15.6716, recover=2.3344, recon=0.0274, t=361.2s
  Epoch 500: loss=15.5422, recover=2.3140, recon=0.0276, t=393.4s
  Epoch 550: loss=15.4598, recover=2.2984, recon=0.0278, t=426.1s
  Epoch 600: loss=15.4388, recover=2.2844, recon=0.0275, t=459.2s
  Epoch 650: loss=15.3466, recover=2.2604, recon=0.0265, t=491.3s
[case_study] Training done in 491.3s
[case_study] Applied softmax + renormalize (loss_mode=softmax_5class)
[case_study] Cached score to results\case_study_score.npy
[case_study] Score tensor shape: (495, 383, 5)
[case_study] Loading name mappings...
  miRNAs: 495
  Diseases: 383
  Breast: idx=49, name='breast neoplasms'
  HCC:    idx=58, name='carcinoma hepatocellular'

[case_study] Saved: results\case_study_breast.csv
[case_study] Saved: results\case_study_hcc.csv

=== SUMMARY ===
Breast neoplasms: 1/15 miRNA trùng paper, 0/15 type cũng khớp
HCC:              0/15 miRNA trùng paper, 0/15 type cũng khớp
[case_study] Saved: results/case_study_summary.json
[CPU] torch.set_num_threads(14), interop=min(4, 14)
Using device: cpu
[rerank] Loaded score tensor shape=(495, 383, 5)
[rerank] score channel ranges:
  ch0: min=0.5024, max=0.9993, mean=0.8292, std=0.0495
  ch1: min=0.0059, max=0.9634, mean=0.2019, std=0.0923
  ch2: min=0.0076, max=0.9652, mean=0.4348, std=0.1009
  ch3: min=0.0041, max=0.9591, mean=0.2409, std=0.0705
  ch4: min=0.0096, max=0.8715, mean=0.1224, std=0.0727

========================================================================================
Strategy       Disease  Overlap    TypeMatch  Type distribution (15 miRNAs)           
========================================================================================
max_type       breast   1/15      0/15      target:15
max_type       hcc      0/15      0/15      epigenetics:15
sum_type       breast   2/15      1/15      circulation:8, target:6, genetics:1
sum_type       hcc      1/15      0/15      circulation:2, epigenetics:8, target:1, genetics:4
exist_only     breast   0/15      0/15      target:9, genetics:6
exist_only     hcc      0/15      0/15      epigenetics:13, genetics:2
softmax_t      breast   1/15      0/15      target:15
softmax_t      hcc      0/15      0/15      epigenetics:15
========================================================================================

[rerank] Saved results\rerank_summary.json
================================================================
 3/3 ABLATION (softmax_5class) - 5 variants x ~30 phut = ~2.5h
================================================================

[ABL] no_cl (softmax_5class)
[CPU] torch.set_num_threads(14), interop=min(4, 14)
Using device: cpu
[INFO] Auto-computed BALANCED class weights (to prevent class collapse):
  Circulation  (367 samples): 0.780
  Epigenetics  (157 samples): 1.823
  Target       (293 samples): 0.977
  Genetics     (681 samples): 0.420
  [NOTE] Higher weights for minority classes to prevent model from only predicting majority class
[INFO] Using v2.0_495m383D dataset:
  miRNAs: 495
  Diseases: 383
  Expected associations: ~1498
  Types: 4 (Circulation, Epigenetics, Target, Genetics)

================================================================================
Configuration Summary
================================================================================
Dataset: v2.0_495m383D
Data Path: ./
Model: HeterogenousGraphCLAMIR
  - HGT Layers: 2
  - Attention Heads: 4
  - Association Types: 4
  - Inter-view CL: Enabled
    - Weight: 0.3
    - Temperature: 0.5
    - Margin: 0.5

Training:
  - Epochs: 650
  - Learning Rate: 0.0001
  - Dropout: 0.3
  - Weight Decay: 5e-05
  - Focal Loss: Enabled

Evaluation:
  - Cross-Validation Folds: 5
  - Primary Metric: AUPR

Device: cpu
Random Seed: 1234
================================================================================

🚀 Running with comprehensive evaluation including Top-1 metrics...
🎯 Loading dual-view data...
Starting dual-view data preparation with new file format...
Loading all similarity and feature files from v2.0_495m383D...
✅ Loaded disease semantic similarity from D_SSM1.txt: (383, 383)
✅ Loaded miRNA functional similarity from M_FSM.txt: (495, 495)
✅ Loaded multi-type association pairs from ./v2.0_495m383D\multi_all_mirna_disease_pairs_without_negative.csv: (1679, 3)
✅ Created multi-type association matrix: (495, 383)
📊 Multi-type Association Statistics:
   无关联 (No association): 188087 pairs (99.21%)
   循环类型 (Circulation): 367 pairs (0.19%)
   表观遗传学 (Epigenetics): 157 pairs (0.08%)
   靶标类型 (Target): 293 pairs (0.15%)
   遗传学类型 (Genetics): 681 pairs (0.36%)
✅ Created association matrix from CSV: (495, 383)
✅ Loaded disease-gene features from D_SSM2.txt: torch.Size([383, 383])
✅ Loaded miRNA-sequence features from M_GSM.txt: torch.Size([495, 495])
Processing integrated similarity matrices...
Loaded similarity matrices from cache
Processing indices...
Loaded indices from cache
✅ Dual-view data preparation completed in 0.38 seconds

============================================================
🎯 DUAL-VIEW CONFIGURATION SUMMARY (v2.0_495m383D)
============================================================
miRNA Dual Views:
  📊 View 1 (Sequence): M_GSM.txt torch.Size([495, 495])
  📊 View 2 (Function): M_FSM.txt torch.Size([495, 495])

Disease Dual Views:
  📊 View 1 (Gene): D_SSM2.txt torch.Size([383, 383])
  📊 View 2 (Semantic): D_SSM1.txt torch.Size([383, 383])

Association Matrix: torch.Size([495, 383])
Data source: v2.0_495m383D (495 miRNAs × 383 Diseases)
============================================================
Preloading dual-view data to device...
✅ Loaded disease-gene features to device: torch.Size([383, 383])
✅ Loaded miRNA-sequence features to device: torch.Size([495, 495])
✅ Loaded disease semantic similarity to device: torch.Size([383, 383])
✅ Loaded miRNA functional similarity to device: torch.Size([495, 495])
✅ Dual-view data preloading completed in 0.00 seconds
OptimizedDataset initialized with 5 folds
Using device: cpu
=== Cross Validation Fold 1/5 ===
Using hidden dimensions: [256, 256] with 4 attention heads
[ABLATION] Running with mode = no_cl
优化模型初始化: miRNA数量 = 495, 疾病数量 = 383
   节点维度: 256 → 128
   类型数量: 4
   Temperature: 2.0 (可学习)
   Loss mode: softmax_5class
   loss_mode=softmax_5class
   class_weights_5 (neg+4types): ['0.026', '0.970', '2.266', '1.215', '0.524']

✅ SimplifiedMultiTypeAssociationLoss 初始化 (改进版)
   类别权重 (beta=0.99999): ['0.780', '1.822', '0.977', '0.421']
Original positive index shape: torch.Size([1072, 2])
Original negative index shape: torch.Size([135416, 2])
采样后负样本数量: 10720
🎯 Building TRUE DUAL VIEWS from four different sources...
📊 Data sources loaded:
  Disease semantic: torch.Size([383, 383])
  miRNA functional: torch.Size([495, 495])
  Disease-gene: torch.Size([383, 383])
  miRNA-sequence: torch.Size([495, 495])
🧬 Building miRNA dual-view hypergraphs...
  📊 miRNA View 1 (Sequence): torch.Size([495, 878])
  📊 miRNA View 2 (Function): torch.Size([495, 878])
🦠 Building disease dual-view hypergraphs...
  📊 Disease View 1 (Gene): torch.Size([383, 878])
  📊 Disease View 2 (Semantic): torch.Size([383, 878])
✅ Successfully built TRUE DUAL VIEWS:
   🧬 miRNA: Sequence Features (m_ss.xlsx) vs Functional Similarity (mi_fun_sim_2.0.csv)
   🦠 Disease: Gene Features (d_gs.xlsx) vs Semantic Similarity (dis_sem_sim_2.0.csv)

🔧 Epoch 1 梯度检查:
================================================================================

  参数名称                              梯度范数         梯度均值 状态             
  ----------------------------------------------------------------------
  type_relations                0.669054     0.016614 ✅ 正常           
  exist_relation                0.000133     0.000009 ✅ 正常           
  mi_proj_layer0                1.287325     0.003743 ✅ 正常           
  dis_proj_layer0               1.248162     0.003661 ✅ 正常           
================================================================================

Epoch 1, Total Loss: 4.7646, Recover Loss: 2.9487, miRNA CL: 0.0000, Disease CL: 0.0000, Inter-view (est): 0.0000, Recon Loss: 1.5178, Time: 0.41s
[INFO] Hypergraph updated at epoch 5
[INFO] Hypergraph updated at epoch 10
[INFO] Hypergraph updated at epoch 15
[INFO] Hypergraph updated at epoch 20
[INFO] Hypergraph updated at epoch 25
[INFO] Hypergraph updated at epoch 30
[INFO] Hypergraph updated at epoch 35
[INFO] Hypergraph updated at epoch 40
[INFO] Hypergraph updated at epoch 45
[INFO] Hypergraph updated at epoch 50

🔧 Epoch 50 梯度检查:
================================================================================

  参数名称                              梯度范数         梯度均值 状态             
  ----------------------------------------------------------------------
  type_relations                0.306608     0.008916 ✅ 正常           
  exist_relation                0.000129     0.000009 ✅ 正常           
  mi_proj_layer0                0.072529     0.000264 ✅ 正常           
  dis_proj_layer0               0.078434     0.000279 ✅ 正常           
================================================================================

Epoch 50, Total Loss: 3.0496, Recover Loss: 2.6946, miRNA CL: 0.0000, Disease CL: 0.0000, Inter-view (est): 0.0000, Recon Loss: 0.0719, Time: 69.98s
[INFO] Hypergraph updated at epoch 100

🔧 Epoch 100 梯度检查:
================================================================================

  参数名称                              梯度范数         梯度均值 状态             
  ----------------------------------------------------------------------
  type_relations                0.358853     0.009537 ✅ 正常           
  exist_relation                0.000123     0.000008 ✅ 正常           
  mi_proj_layer0                0.075673     0.000257 ✅ 正常           
  dis_proj_layer0               0.076965     0.000280 ✅ 正常           
================================================================================

Epoch 100, Total Loss: 2.9128, Recover Loss: 2.6179, miRNA CL: 0.0000, Disease CL: 0.0000, Inter-view (est): 0.0000, Recon Loss: 0.0298, Time: 88.75s
[INFO] Hypergraph updated at epoch 150

🔧 Epoch 150 梯度检查:
================================================================================

  参数名称                              梯度范数         梯度均值 状态             
  ----------------------------------------------------------------------
  type_relations                0.327926     0.008536 ✅ 正常           
  exist_relation                0.000119     0.000008 ✅ 正常           
  mi_proj_layer0                0.067862     0.000249 ✅ 正常           
  dis_proj_layer0               0.071233     0.000268 ✅ 正常           
================================================================================

Epoch 150, Total Loss: 2.8112, Recover Loss: 2.5295, miRNA CL: 0.0000, Disease CL: 0.0000, Inter-view (est): 0.0000, Recon Loss: 0.0295, Time: 106.75s
[INFO] Hypergraph updated at epoch 200

🔧 Epoch 200 梯度检查:
================================================================================

  参数名称                              梯度范数         梯度均值 状态             
  ----------------------------------------------------------------------
  type_relations                0.330089     0.008695 ✅ 正常           
  exist_relation                0.000114     0.000007 ✅ 正常           
  mi_proj_layer0                0.075636     0.000266 ✅ 正常           
  dis_proj_layer0               0.084136     0.000295 ✅ 正常           
================================================================================

Epoch 200, Total Loss: 2.7332, Recover Loss: 2.4622, miRNA CL: 0.0000, Disease CL: 0.0000, Inter-view (est): 0.0000, Recon Loss: 0.0284, Time: 125.65s
[INFO] Hypergraph updated at epoch 250

🔧 Epoch 250 梯度检查:
================================================================================

  参数名称                              梯度范数         梯度均值 状态             
  ----------------------------------------------------------------------
  type_relations                0.285998     0.007222 ✅ 正常           
  exist_relation                0.000110     0.000007 ✅ 正常           
  mi_proj_layer0                0.055610     0.000210 ✅ 正常           
  dis_proj_layer0               0.062620     0.000231 ✅ 正常           
================================================================================

Epoch 250, Total Loss: 2.6372, Recover Loss: 2.3744, miRNA CL: 0.0000, Disease CL: 0.0000, Inter-view (est): 0.0000, Recon Loss: 0.0279, Time: 144.56s
[INFO] Hypergraph updated at epoch 300

🔧 Epoch 300 梯度检查:
================================================================================

  参数名称                              梯度范数         梯度均值 状态             
  ----------------------------------------------------------------------
  type_relations                0.236957     0.006191 ✅ 正常           
  exist_relation                0.000107     0.000007 ✅ 正常           
  mi_proj_layer0                0.060704     0.000226 ✅ 正常           
  dis_proj_layer0               0.070667     0.000262 ✅ 正常           
================================================================================

Epoch 300, Total Loss: 2.5863, Recover Loss: 2.3297, miRNA CL: 0.0000, Disease CL: 0.0000, Inter-view (est): 0.0000, Recon Loss: 0.0278, Time: 163.00s
[INFO] Hypergraph updated at epoch 350

🔧 Epoch 350 梯度检查:
================================================================================

  参数名称                              梯度范数         梯度均值 状态             
  ----------------------------------------------------------------------
  type_relations                0.207538     0.006011 ✅ 正常           
  exist_relation                0.000103     0.000006 ✅ 正常           
  mi_proj_layer0                0.061536     0.000232 ✅ 正常           
  dis_proj_layer0               0.071470     0.000267 ✅ 正常           
================================================================================

Epoch 350, Total Loss: 2.5344, Recover Loss: 2.2837, miRNA CL: 0.0000, Disease CL: 0.0000, Inter-view (est): 0.0000, Recon Loss: 0.0269, Time: 181.17s
[INFO] Hypergraph updated at epoch 400

🔧 Epoch 400 梯度检查:
================================================================================

  参数名称                              梯度范数         梯度均值 状态             
  ----------------------------------------------------------------------
  type_relations                0.185015     0.005283 ✅ 正常           
  exist_relation                0.000100     0.000006 ✅ 正常           
  mi_proj_layer0                0.059542     0.000225 ✅ 正常           
  dis_proj_layer0               0.067430     0.000254 ✅ 正常           
================================================================================

Epoch 400, Total Loss: 2.4864, Recover Loss: 2.2399, miRNA CL: 0.0000, Disease CL: 0.0000, Inter-view (est): 0.0000, Recon Loss: 0.0269, Time: 199.36s
[INFO] Hypergraph updated at epoch 450

🔧 Epoch 450 梯度检查:
================================================================================

  参数名称                              梯度范数         梯度均值 状态             
  ----------------------------------------------------------------------
  type_relations                0.176168     0.005025 ✅ 正常           
  exist_relation                0.000097     0.000006 ✅ 正常           
  mi_proj_layer0                0.067736     0.000242 ✅ 正常           
  dis_proj_layer0               0.075873     0.000277 ✅ 正常           
================================================================================

Epoch 450, Total Loss: 2.4572, Recover Loss: 2.2142, miRNA CL: 0.0000, Disease CL: 0.0000, Inter-view (est): 0.0000, Recon Loss: 0.0269, Time: 217.66s
[INFO] Hypergraph updated at epoch 500

🔧 Epoch 500 梯度检查:
================================================================================

  参数名称                              梯度范数         梯度均值 状态             
  ----------------------------------------------------------------------
  type_relations                0.165327     0.004964 ✅ 正常           
  exist_relation                0.000093     0.000005 ✅ 正常           
  mi_proj_layer0                0.071039     0.000259 ✅ 正常           
  dis_proj_layer0               0.070936     0.000261 ✅ 正常           
================================================================================

Epoch 500, Total Loss: 2.4268, Recover Loss: 2.1851, miRNA CL: 0.0000, Disease CL: 0.0000, Inter-view (est): 0.0000, Recon Loss: 0.0287, Time: 235.97s
[INFO] Hypergraph updated at epoch 550

🔧 Epoch 550 梯度检查:
================================================================================

  参数名称                              梯度范数         梯度均值 状态             
  ----------------------------------------------------------------------
  type_relations                0.135756     0.003864 ✅ 正常           
  exist_relation                0.000090     0.000005 ✅ 正常           
  mi_proj_layer0                0.060384     0.000227 ✅ 正常           
  dis_proj_layer0               0.066029     0.000240 ✅ 正常           
================================================================================

Epoch 550, Total Loss: 2.3905, Recover Loss: 2.1547, miRNA CL: 0.0000, Disease CL: 0.0000, Inter-view (est): 0.0000, Recon Loss: 0.0257, Time: 254.30s
[INFO] Hypergraph updated at epoch 600

🔧 Epoch 600 梯度检查:
================================================================================

  参数名称                              梯度范数         梯度均值 状态             
  ----------------------------------------------------------------------
  type_relations                0.130306     0.003833 ✅ 正常           
  exist_relation                0.000087     0.000005 ✅ 正常           
  mi_proj_layer0                0.064268     0.000240 ✅ 正常           
  dis_proj_layer0               0.067764     0.000250 ✅ 正常           
================================================================================

Epoch 600, Total Loss: 2.3693, Recover Loss: 2.1359, miRNA CL: 0.0000, Disease CL: 0.0000, Inter-view (est): 0.0000, Recon Loss: 0.0257, Time: 272.68s
[INFO] Hypergraph updated at epoch 650

🔧 Epoch 650 梯度检查:
================================================================================

  参数名称                              梯度范数         梯度均值 状态             
  ----------------------------------------------------------------------
  type_relations                0.128053     0.003740 ✅ 正常           
  exist_relation                0.000085     0.000005 ✅ 正常           
  mi_proj_layer0                0.066777     0.000250 ✅ 正常           
  dis_proj_layer0               0.070907     0.000264 ✅ 正常           
================================================================================

Epoch 650, Total Loss: 2.3533, Recover Loss: 2.1220, miRNA CL: 0.0000, Disease CL: 0.0000, Inter-view (est): 0.0000, Recon Loss: 0.0257, Time: 291.24s

================================================================================
Training completed. Running final test...
================================================================================
Fold 1 completed - AUC: 0.9768, Top-1 F1: 0.6432
Fold 1 training time: 292.29 seconds
=== Cross Validation Fold 2/5 ===
Using hidden dimensions: [256, 256] with 4 attention heads
[ABLATION] Running with mode = no_cl
优化模型初始化: miRNA数量 = 495, 疾病数量 = 383
   节点维度: 256 → 128
   类型数量: 4
   Temperature: 2.0 (可学习)
   Loss mode: softmax_5class
   loss_mode=softmax_5class
   class_weights_5 (neg+4types): ['0.026', '0.970', '2.266', '1.215', '0.524']

✅ SimplifiedMultiTypeAssociationLoss 初始化 (改进版)
   类别权重 (beta=0.99999): ['0.780', '1.822', '0.977', '0.421']
Original positive index shape: torch.Size([1072, 2])
Original negative index shape: torch.Size([135416, 2])
采样后负样本数量: 10720
🎯 Building TRUE DUAL VIEWS from four different sources...
📊 Data sources loaded:
  Disease semantic: torch.Size([383, 383])
  miRNA functional: torch.Size([495, 495])
  Disease-gene: torch.Size([383, 383])
  miRNA-sequence: torch.Size([495, 495])
🧬 Building miRNA dual-view hypergraphs...
  📊 miRNA View 1 (Sequence): torch.Size([495, 878])
  📊 miRNA View 2 (Function): torch.Size([495, 878])
🦠 Building disease dual-view hypergraphs...
  📊 Disease View 1 (Gene): torch.Size([383, 878])
  📊 Disease View 2 (Semantic): torch.Size([383, 878])
✅ Successfully built TRUE DUAL VIEWS:
   🧬 miRNA: Sequence Features (m_ss.xlsx) vs Functional Similarity (mi_fun_sim_2.0.csv)
   🦠 Disease: Gene Features (d_gs.xlsx) vs Semantic Similarity (dis_sem_sim_2.0.csv)

🔧 Epoch 1 梯度检查:
================================================================================

  参数名称                              梯度范数         梯度均值 状态             
  ----------------------------------------------------------------------
  type_relations                0.664596     0.016015 ✅ 正常           
  exist_relation                0.000146     0.000011 ✅ 正常           
  mi_proj_layer0                0.960472     0.003002 ✅ 正常           
  dis_proj_layer0               1.038656     0.003072 ✅ 正常           
================================================================================

Epoch 1, Total Loss: 4.7957, Recover Loss: 2.9652, miRNA CL: 0.0000, Disease CL: 0.0000, Inter-view (est): 0.0000, Recon Loss: 1.5322, Time: 0.36s
[INFO] Hypergraph updated at epoch 5
[INFO] Hypergraph updated at epoch 10
[INFO] Hypergraph updated at epoch 15
[INFO] Hypergraph updated at epoch 20
[INFO] Hypergraph updated at epoch 25
[INFO] Hypergraph updated at epoch 30
[INFO] Hypergraph updated at epoch 35
[INFO] Hypergraph updated at epoch 40
[INFO] Hypergraph updated at epoch 45
[INFO] Hypergraph updated at epoch 50

🔧 Epoch 50 梯度检查:
================================================================================

  参数名称                              梯度范数         梯度均值 状态             
  ----------------------------------------------------------------------
  type_relations                0.268487     0.008310 ✅ 正常           
  exist_relation                0.000141     0.000010 ✅ 正常           
  mi_proj_layer0                0.068843     0.000251 ✅ 正常           
  dis_proj_layer0               0.088601     0.000322 ✅ 正常           
================================================================================

Epoch 50, Total Loss: 3.0897, Recover Loss: 2.7139, miRNA CL: 0.0000, Disease CL: 0.0000, Inter-view (est): 0.0000, Recon Loss: 0.0930, Time: 69.64s
[INFO] Hypergraph updated at epoch 100

🔧 Epoch 100 梯度检查:
================================================================================

  参数名称                              梯度范数         梯度均值 状态             
  ----------------------------------------------------------------------
  type_relations                0.346216     0.008448 ✅ 正常           
  exist_relation                0.000135     0.000010 ✅ 正常           
  mi_proj_layer0                0.070489     0.000244 ✅ 正常           
  dis_proj_layer0               0.076869     0.000275 ✅ 正常           
================================================================================

Epoch 100, Total Loss: 2.9400, Recover Loss: 2.6457, miRNA CL: 0.0000, Disease CL: 0.0000, Inter-view (est): 0.0000, Recon Loss: 0.0294, Time: 89.54s
[INFO] Hypergraph updated at epoch 150

🔧 Epoch 150 梯度检查:
================================================================================

  参数名称                              梯度范数         梯度均值 状态             
  ----------------------------------------------------------------------
  type_relations                0.397986     0.008641 ✅ 正常           
  exist_relation                0.000130     0.000009 ✅ 正常           
  mi_proj_layer0                0.071605     0.000244 ✅ 正常           
  dis_proj_layer0               0.073562     0.000264 ✅ 正常           
================================================================================

Epoch 150, Total Loss: 2.8375, Recover Loss: 2.5565, miRNA CL: 0.0000, Disease CL: 0.0000, Inter-view (est): 0.0000, Recon Loss: 0.0291, Time: 107.80s
[INFO] Hypergraph updated at epoch 200

🔧 Epoch 200 梯度检查:
================================================================================

  参数名称                              梯度范数         梯度均值 状态             
  ----------------------------------------------------------------------
  type_relations                0.327475     0.007859 ✅ 正常           
  exist_relation                0.000126     0.000009 ✅ 正常           
  mi_proj_layer0                0.062790     0.000230 ✅ 正常           
  dis_proj_layer0               0.069897     0.000254 ✅ 正常           
================================================================================

Epoch 200, Total Loss: 2.7396, Recover Loss: 2.4684, miRNA CL: 0.0000, Disease CL: 0.0000, Inter-view (est): 0.0000, Recon Loss: 0.0288, Time: 125.87s
[INFO] Hypergraph updated at epoch 250

🔧 Epoch 250 梯度检查:
================================================================================

  参数名称                              梯度范数         梯度均值 状态             
  ----------------------------------------------------------------------
  type_relations                0.297229     0.007400 ✅ 正常           
  exist_relation                0.000121     0.000008 ✅ 正常           
  mi_proj_layer0                0.065090     0.000233 ✅ 正常           
  dis_proj_layer0               0.082600     0.000278 ✅ 正常           
================================================================================

Epoch 250, Total Loss: 2.6700, Recover Loss: 2.4073, miRNA CL: 0.0000, Disease CL: 0.0000, Inter-view (est): 0.0000, Recon Loss: 0.0278, Time: 144.00s
[INFO] Hypergraph updated at epoch 300

🔧 Epoch 300 梯度检查:
================================================================================

  参数名称                              梯度范数         梯度均值 状态             
  ----------------------------------------------------------------------
  type_relations                0.260769     0.006687 ✅ 正常           
  exist_relation                0.000117     0.000008 ✅ 正常           
  mi_proj_layer0                0.059752     0.000220 ✅ 正常           
  dis_proj_layer0               0.069891     0.000248 ✅ 正常           
================================================================================

Epoch 300, Total Loss: 2.6111, Recover Loss: 2.3541, miRNA CL: 0.0000, Disease CL: 0.0000, Inter-view (est): 0.0000, Recon Loss: 0.0280, Time: 162.47s
[INFO] Hypergraph updated at epoch 350

🔧 Epoch 350 梯度检查:
================================================================================

  参数名称                              梯度范数         梯度均值 状态             
  ----------------------------------------------------------------------
  type_relations                0.255185     0.006338 ✅ 正常           
  exist_relation                0.000113     0.000008 ✅ 正常           
  mi_proj_layer0                0.079177     0.000267 ✅ 正常           
  dis_proj_layer0               0.081697     0.000278 ✅ 正常           
================================================================================

Epoch 350, Total Loss: 2.5566, Recover Loss: 2.3050, miRNA CL: 0.0000, Disease CL: 0.0000, Inter-view (est): 0.0000, Recon Loss: 0.0278, Time: 180.20s
[INFO] Hypergraph updated at epoch 400

🔧 Epoch 400 梯度检查:
================================================================================

  参数名称                              梯度范数         梯度均值 状态             
  ----------------------------------------------------------------------
  type_relations                0.181358     0.005054 ✅ 正常           
  exist_relation                0.000109     0.000007 ✅ 正常           
  mi_proj_layer0                0.069845     0.000248 ✅ 正常           
  dis_proj_layer0               0.084069     0.000295 ✅ 正常           
================================================================================

Epoch 400, Total Loss: 2.5211, Recover Loss: 2.2744, miRNA CL: 0.0000, Disease CL: 0.0000, Inter-view (est): 0.0000, Recon Loss: 0.0269, Time: 198.48s
[INFO] Hypergraph updated at epoch 450

🔧 Epoch 450 梯度检查:
================================================================================

  参数名称                              梯度范数         梯度均值 状态             
  ----------------------------------------------------------------------
  type_relations                0.175952     0.004641 ✅ 正常           
  exist_relation                0.000106     0.000007 ✅ 正常           
  mi_proj_layer0                0.061844     0.000221 ✅ 正常           
  dis_proj_layer0               0.071548     0.000255 ✅ 正常           
================================================================================

Epoch 450, Total Loss: 2.4790, Recover Loss: 2.2366, miRNA CL: 0.0000, Disease CL: 0.0000, Inter-view (est): 0.0000, Recon Loss: 0.0263, Time: 216.39s
[INFO] Hypergraph updated at epoch 500

🔧 Epoch 500 梯度检查:
================================================================================

  参数名称                              梯度范数         梯度均值 状态             
  ----------------------------------------------------------------------
  type_relations                0.169676     0.004682 ✅ 正常           
  exist_relation                0.000102     0.000007 ✅ 正常           
  mi_proj_layer0                0.067914     0.000246 ✅ 正常           
  dis_proj_layer0               0.072814     0.000262 ✅ 正常           
================================================================================

Epoch 500, Total Loss: 2.4523, Recover Loss: 2.2126, miRNA CL: 0.0000, Disease CL: 0.0000, Inter-view (est): 0.0000, Recon Loss: 0.0267, Time: 234.35s
[INFO] Hypergraph updated at epoch 550

🔧 Epoch 550 梯度检查:
================================================================================

  参数名称                              梯度范数         梯度均值 状态             
  ----------------------------------------------------------------------
  type_relations                0.148874     0.003964 ✅ 正常           
  exist_relation                0.000099     0.000006 ✅ 正常           
  mi_proj_layer0                0.057567     0.000214 ✅ 正常           
  dis_proj_layer0               0.065781     0.000246 ✅ 正常           
================================================================================

Epoch 550, Total Loss: 2.4258, Recover Loss: 2.1896, miRNA CL: 0.0000, Disease CL: 0.0000, Inter-view (est): 0.0000, Recon Loss: 0.0259, Time: 252.52s
[INFO] Hypergraph updated at epoch 600

🔧 Epoch 600 梯度检查:
================================================================================

  参数名称                              梯度范数         梯度均值 状态             
  ----------------------------------------------------------------------
  type_relations                0.139394     0.003947 ✅ 正常           
  exist_relation                0.000096     0.000006 ✅ 正常           
  mi_proj_layer0                0.065660     0.000241 ✅ 正常           
  dis_proj_layer0               0.069961     0.000256 ✅ 正常           
================================================================================

Epoch 600, Total Loss: 2.4050, Recover Loss: 2.1703, miRNA CL: 0.0000, Disease CL: 0.0000, Inter-view (est): 0.0000, Recon Loss: 0.0269, Time: 270.99s
[INFO] Hypergraph updated at epoch 650

🔧 Epoch 650 梯度检查:
================================================================================

  参数名称                              梯度范数         梯度均值 状态             
  ----------------------------------------------------------------------
  type_relations                0.160183     0.004396 ✅ 正常           
  exist_relation                0.000092     0.000006 ✅ 正常           
  mi_proj_layer0                0.068407     0.000249 ✅ 正常           
  dis_proj_layer0               0.078504     0.000281 ✅ 正常           
================================================================================

Epoch 650, Total Loss: 2.3805, Recover Loss: 2.1493, miRNA CL: 0.0000, Disease CL: 0.0000, Inter-view (est): 0.0000, Recon Loss: 0.0256, Time: 290.01s

================================================================================
Training completed. Running final test...
================================================================================
Fold 2 completed - AUC: 0.9778, Top-1 F1: 0.6439
Fold 2 training time: 290.77 seconds
=== Cross Validation Fold 3/5 ===
Using hidden dimensions: [256, 256] with 4 attention heads
[ABLATION] Running with mode = no_cl
优化模型初始化: miRNA数量 = 495, 疾病数量 = 383
   节点维度: 256 → 128
   类型数量: 4
   Temperature: 2.0 (可学习)
   Loss mode: softmax_5class
   loss_mode=softmax_5class
   class_weights_5 (neg+4types): ['0.026', '0.970', '2.266', '1.215', '0.524']

✅ SimplifiedMultiTypeAssociationLoss 初始化 (改进版)
   类别权重 (beta=0.99999): ['0.780', '1.822', '0.977', '0.421']
Original positive index shape: torch.Size([1072, 2])
Original negative index shape: torch.Size([135416, 2])
采样后负样本数量: 10720
🎯 Building TRUE DUAL VIEWS from four different sources...
📊 Data sources loaded:
  Disease semantic: torch.Size([383, 383])
  miRNA functional: torch.Size([495, 495])
  Disease-gene: torch.Size([383, 383])
  miRNA-sequence: torch.Size([495, 495])
🧬 Building miRNA dual-view hypergraphs...
  📊 miRNA View 1 (Sequence): torch.Size([495, 878])
  📊 miRNA View 2 (Function): torch.Size([495, 878])
🦠 Building disease dual-view hypergraphs...
  📊 Disease View 1 (Gene): torch.Size([383, 878])
  📊 Disease View 2 (Semantic): torch.Size([383, 878])
✅ Successfully built TRUE DUAL VIEWS:
   🧬 miRNA: Sequence Features (m_ss.xlsx) vs Functional Similarity (mi_fun_sim_2.0.csv)
   🦠 Disease: Gene Features (d_gs.xlsx) vs Semantic Similarity (dis_sem_sim_2.0.csv)

🔧 Epoch 1 梯度检查:
================================================================================

  参数名称                              梯度范数         梯度均值 状态             
  ----------------------------------------------------------------------
  type_relations                0.690744     0.015932 ✅ 正常           
  exist_relation                0.000145     0.000010 ✅ 正常           
  mi_proj_layer0                1.883202     0.005707 ✅ 正常           
  dis_proj_layer0               1.864967     0.006011 ✅ 正常           
================================================================================

Epoch 1, Total Loss: 4.8596, Recover Loss: 3.0364, miRNA CL: 0.0000, Disease CL: 0.0000, Inter-view (est): 0.0000, Recon Loss: 1.5255, Time: 0.38s
[INFO] Hypergraph updated at epoch 5
[INFO] Hypergraph updated at epoch 10
[INFO] Hypergraph updated at epoch 15
[INFO] Hypergraph updated at epoch 20
[INFO] Hypergraph updated at epoch 25
[INFO] Hypergraph updated at epoch 30
[INFO] Hypergraph updated at epoch 35
[INFO] Hypergraph updated at epoch 40
[INFO] Hypergraph updated at epoch 45
[INFO] Hypergraph updated at epoch 50

🔧 Epoch 50 梯度检查:
================================================================================

  参数名称                              梯度范数         梯度均值 状态             
  ----------------------------------------------------------------------
  type_relations                0.315390     0.009026 ✅ 正常           
  exist_relation                0.000140     0.000010 ✅ 正常           
  mi_proj_layer0                0.072218     0.000256 ✅ 正常           
  dis_proj_layer0               0.078441     0.000279 ✅ 正常           
================================================================================

Epoch 50, Total Loss: 3.0877, Recover Loss: 2.6971, miRNA CL: 0.0000, Disease CL: 0.0000, Inter-view (est): 0.0000, Recon Loss: 0.1078, Time: 71.89s
[INFO] Hypergraph updated at epoch 100

🔧 Epoch 100 梯度检查:
================================================================================

  参数名称                              梯度范数         梯度均值 状态             
  ----------------------------------------------------------------------
  type_relations                0.361063     0.008785 ✅ 正常           
  exist_relation                0.000135     0.000009 ✅ 正常           
  mi_proj_layer0                0.072223     0.000262 ✅ 正常           
  dis_proj_layer0               0.076158     0.000279 ✅ 正常           
================================================================================

Epoch 100, Total Loss: 2.9312, Recover Loss: 2.6341, miRNA CL: 0.0000, Disease CL: 0.0000, Inter-view (est): 0.0000, Recon Loss: 0.0316, Time: 91.49s
[INFO] Hypergraph updated at epoch 150

🔧 Epoch 150 梯度检查:
================================================================================

  参数名称                              梯度范数         梯度均值 状态             
  ----------------------------------------------------------------------
  type_relations                0.344330     0.008526 ✅ 正常           
  exist_relation                0.000130     0.000009 ✅ 正常           
  mi_proj_layer0                0.073376     0.000262 ✅ 正常           
  dis_proj_layer0               0.071141     0.000260 ✅ 正常           
================================================================================

Epoch 150, Total Loss: 2.8277, Recover Loss: 2.5454, miRNA CL: 0.0000, Disease CL: 0.0000, Inter-view (est): 0.0000, Recon Loss: 0.0297, Time: 109.54s
[INFO] Hypergraph updated at epoch 200

🔧 Epoch 200 梯度检查:
================================================================================

  参数名称                              梯度范数         梯度均值 状态             
  ----------------------------------------------------------------------
  type_relations                0.336497     0.008125 ✅ 正常           
  exist_relation                0.000125     0.000008 ✅ 正常           
  mi_proj_layer0                0.064717     0.000236 ✅ 正常           
  dis_proj_layer0               0.073792     0.000265 ✅ 正常           
================================================================================

Epoch 200, Total Loss: 2.7407, Recover Loss: 2.4689, miRNA CL: 0.0000, Disease CL: 0.0000, Inter-view (est): 0.0000, Recon Loss: 0.0291, Time: 128.14s
[INFO] Hypergraph updated at epoch 250

🔧 Epoch 250 梯度检查:
================================================================================

  参数名称                              梯度范数         梯度均值 状态             
  ----------------------------------------------------------------------
  type_relations                0.276549     0.007094 ✅ 正常           
  exist_relation                0.000121     0.000008 ✅ 正常           
  mi_proj_layer0                0.069343     0.000254 ✅ 正常           
  dis_proj_layer0               0.077468     0.000275 ✅ 正常           
================================================================================

Epoch 250, Total Loss: 2.6790, Recover Loss: 2.4156, miRNA CL: 0.0000, Disease CL: 0.0000, Inter-view (est): 0.0000, Recon Loss: 0.0283, Time: 146.42s
[INFO] Hypergraph updated at epoch 300

🔧 Epoch 300 梯度检查:
================================================================================

  参数名称                              梯度范数         梯度均值 状态             
  ----------------------------------------------------------------------
  type_relations                0.281383     0.007069 ✅ 正常           
  exist_relation                0.000117     0.000007 ✅ 正常           
  mi_proj_layer0                0.066919     0.000248 ✅ 正常           
  dis_proj_layer0               0.076277     0.000271 ✅ 正常           
================================================================================

Epoch 300, Total Loss: 2.6085, Recover Loss: 2.3523, miRNA CL: 0.0000, Disease CL: 0.0000, Inter-view (est): 0.0000, Recon Loss: 0.0273, Time: 164.88s
[INFO] Hypergraph updated at epoch 350

🔧 Epoch 350 梯度检查:
================================================================================

  参数名称                              梯度范数         梯度均值 状态             
  ----------------------------------------------------------------------
  type_relations                0.223188     0.005626 ✅ 正常           
  exist_relation                0.000114     0.000007 ✅ 正常           
  mi_proj_layer0                0.063351     0.000229 ✅ 正常           
  dis_proj_layer0               0.066522     0.000245 ✅ 正常           
================================================================================

Epoch 350, Total Loss: 2.5486, Recover Loss: 2.2969, miRNA CL: 0.0000, Disease CL: 0.0000, Inter-view (est): 0.0000, Recon Loss: 0.0279, Time: 182.90s
[INFO] Hypergraph updated at epoch 400

🔧 Epoch 400 梯度检查:
================================================================================

  参数名称                              梯度范数         梯度均值 状态             
  ----------------------------------------------------------------------
  type_relations                0.224654     0.005890 ✅ 正常           
  exist_relation                0.000110     0.000007 ✅ 正常           
  mi_proj_layer0                0.067565     0.000244 ✅ 正常           
  dis_proj_layer0               0.076473     0.000272 ✅ 正常           
================================================================================

Epoch 400, Total Loss: 2.5092, Recover Loss: 2.2623, miRNA CL: 0.0000, Disease CL: 0.0000, Inter-view (est): 0.0000, Recon Loss: 0.0274, Time: 200.93s
[INFO] Hypergraph updated at epoch 450

🔧 Epoch 450 梯度检查:
================================================================================

  参数名称                              梯度范数         梯度均值 状态             
  ----------------------------------------------------------------------
  type_relations                0.188921     0.005408 ✅ 正常           
  exist_relation                0.000107     0.000007 ✅ 正常           
  mi_proj_layer0                0.077900     0.000278 ✅ 正常           
  dis_proj_layer0               0.075172     0.000274 ✅ 正常           
================================================================================

Epoch 450, Total Loss: 2.4746, Recover Loss: 2.2318, miRNA CL: 0.0000, Disease CL: 0.0000, Inter-view (est): 0.0000, Recon Loss: 0.0269, Time: 218.96s
[INFO] Hypergraph updated at epoch 500

🔧 Epoch 500 梯度检查:
================================================================================

  参数名称                              梯度范数         梯度均值 状态             
  ----------------------------------------------------------------------
  type_relations                0.166993     0.004429 ✅ 正常           
  exist_relation                0.000103     0.000006 ✅ 正常           
  mi_proj_layer0                0.063567     0.000232 ✅ 正常           
  dis_proj_layer0               0.076103     0.000269 ✅ 正常           
================================================================================

Epoch 500, Total Loss: 2.4460, Recover Loss: 2.2069, miRNA CL: 0.0000, Disease CL: 0.0000, Inter-view (est): 0.0000, Recon Loss: 0.0265, Time: 237.00s
[INFO] Hypergraph updated at epoch 550

🔧 Epoch 550 梯度检查:
================================================================================

  参数名称                              梯度范数         梯度均值 状态             
  ----------------------------------------------------------------------
  type_relations                0.159125     0.004432 ✅ 正常           
  exist_relation                0.000100     0.000006 ✅ 正常           
  mi_proj_layer0                0.069063     0.000244 ✅ 正常           
  dis_proj_layer0               0.066294     0.000239 ✅ 正常           
================================================================================

Epoch 550, Total Loss: 2.4122, Recover Loss: 2.1768, miRNA CL: 0.0000, Disease CL: 0.0000, Inter-view (est): 0.0000, Recon Loss: 0.0256, Time: 255.48s
[INFO] Hypergraph updated at epoch 600

🔧 Epoch 600 梯度检查:
================================================================================

  参数名称                              梯度范数         梯度均值 状态             
  ----------------------------------------------------------------------
  type_relations                0.155644     0.004366 ✅ 正常           
  exist_relation                0.000097     0.000006 ✅ 正常           
  mi_proj_layer0                0.067070     0.000245 ✅ 正常           
  dis_proj_layer0               0.072680     0.000266 ✅ 正常           
================================================================================

Epoch 600, Total Loss: 2.3977, Recover Loss: 2.1649, miRNA CL: 0.0000, Disease CL: 0.0000, Inter-view (est): 0.0000, Recon Loss: 0.0254, Time: 273.56s
[INFO] Hypergraph updated at epoch 650

🔧 Epoch 650 梯度检查:
================================================================================

  参数名称                              梯度范数         梯度均值 状态             
  ----------------------------------------------------------------------
  type_relations                0.143597     0.004001 ✅ 正常           
  exist_relation                0.000094     0.000005 ✅ 正常           
  mi_proj_layer0                0.069418     0.000250 ✅ 正常           
  dis_proj_layer0               0.073661     0.000268 ✅ 正常           
================================================================================

Epoch 650, Total Loss: 2.3747, Recover Loss: 2.1437, miRNA CL: 0.0000, Disease CL: 0.0000, Inter-view (est): 0.0000, Recon Loss: 0.0260, Time: 291.75s

================================================================================
Training completed. Running final test...
================================================================================
Fold 3 completed - AUC: 0.9764, Top-1 F1: 0.6707
Fold 3 training time: 292.50 seconds
=== Cross Validation Fold 4/5 ===
Using hidden dimensions: [256, 256] with 4 attention heads
[ABLATION] Running with mode = no_cl
优化模型初始化: miRNA数量 = 495, 疾病数量 = 383
   节点维度: 256 → 128
   类型数量: 4
   Temperature: 2.0 (可学习)
   Loss mode: softmax_5class
   loss_mode=softmax_5class
   class_weights_5 (neg+4types): ['0.026', '0.970', '2.266', '1.215', '0.524']

✅ SimplifiedMultiTypeAssociationLoss 初始化 (改进版)
   类别权重 (beta=0.99999): ['0.780', '1.822', '0.977', '0.421']
Original positive index shape: torch.Size([1072, 2])
Original negative index shape: torch.Size([135416, 2])
采样后负样本数量: 10720
🎯 Building TRUE DUAL VIEWS from four different sources...
📊 Data sources loaded:
  Disease semantic: torch.Size([383, 383])
  miRNA functional: torch.Size([495, 495])
  Disease-gene: torch.Size([383, 383])
  miRNA-sequence: torch.Size([495, 495])
🧬 Building miRNA dual-view hypergraphs...
  📊 miRNA View 1 (Sequence): torch.Size([495, 878])
  📊 miRNA View 2 (Function): torch.Size([495, 878])
🦠 Building disease dual-view hypergraphs...
  📊 Disease View 1 (Gene): torch.Size([383, 878])
  📊 Disease View 2 (Semantic): torch.Size([383, 878])
✅ Successfully built TRUE DUAL VIEWS:
   🧬 miRNA: Sequence Features (m_ss.xlsx) vs Functional Similarity (mi_fun_sim_2.0.csv)
   🦠 Disease: Gene Features (d_gs.xlsx) vs Semantic Similarity (dis_sem_sim_2.0.csv)

🔧 Epoch 1 梯度检查:
================================================================================

  参数名称                              梯度范数         梯度均值 状态             
  ----------------------------------------------------------------------
  type_relations                0.682970     0.016295 ✅ 正常           
  exist_relation                0.000139     0.000010 ✅ 正常           
  mi_proj_layer0                1.345155     0.004149 ✅ 正常           
  dis_proj_layer0               1.454991     0.004539 ✅ 正常           
================================================================================

Epoch 1, Total Loss: 4.7651, Recover Loss: 2.9839, miRNA CL: 0.0000, Disease CL: 0.0000, Inter-view (est): 0.0000, Recon Loss: 1.4830, Time: 0.38s
[INFO] Hypergraph updated at epoch 5
[INFO] Hypergraph updated at epoch 10
[INFO] Hypergraph updated at epoch 15
[INFO] Hypergraph updated at epoch 20
[INFO] Hypergraph updated at epoch 25
[INFO] Hypergraph updated at epoch 30
[INFO] Hypergraph updated at epoch 35
[INFO] Hypergraph updated at epoch 40
[INFO] Hypergraph updated at epoch 45
[INFO] Hypergraph updated at epoch 50

🔧 Epoch 50 梯度检查:
================================================================================

  参数名称                              梯度范数         梯度均值 状态             
  ----------------------------------------------------------------------
  type_relations                0.287273     0.008179 ✅ 正常           
  exist_relation                0.000134     0.000009 ✅ 正常           
  mi_proj_layer0                0.061824     0.000217 ✅ 正常           
  dis_proj_layer0               0.071265     0.000254 ✅ 正常           
================================================================================

Epoch 50, Total Loss: 3.1119, Recover Loss: 2.7008, miRNA CL: 0.0000, Disease CL: 0.0000, Inter-view (est): 0.0000, Recon Loss: 0.1286, Time: 65.81s
[INFO] Hypergraph updated at epoch 100

🔧 Epoch 100 梯度检查:
================================================================================

  参数名称                              梯度范数         梯度均值 状态             
  ----------------------------------------------------------------------
  type_relations                0.375496     0.008916 ✅ 正常           
  exist_relation                0.000129     0.000009 ✅ 正常           
  mi_proj_layer0                0.066361     0.000241 ✅ 正常           
  dis_proj_layer0               0.080823     0.000287 ✅ 正常           
================================================================================

Epoch 100, Total Loss: 2.9222, Recover Loss: 2.6264, miRNA CL: 0.0000, Disease CL: 0.0000, Inter-view (est): 0.0000, Recon Loss: 0.0308, Time: 85.74s
[INFO] Hypergraph updated at epoch 150

🔧 Epoch 150 梯度检查:
================================================================================

  参数名称                              梯度范数         梯度均值 状态             
  ----------------------------------------------------------------------
  type_relations                0.373109     0.009489 ✅ 正常           
  exist_relation                0.000124     0.000008 ✅ 正常           
  mi_proj_layer0                0.068834     0.000241 ✅ 正常           
  dis_proj_layer0               0.079079     0.000278 ✅ 正常           
================================================================================

Epoch 150, Total Loss: 2.8388, Recover Loss: 2.5572, miRNA CL: 0.0000, Disease CL: 0.0000, Inter-view (est): 0.0000, Recon Loss: 0.0294, Time: 103.90s
[INFO] Hypergraph updated at epoch 200

🔧 Epoch 200 梯度检查:
================================================================================

  参数名称                              梯度范数         梯度均值 状态             
  ----------------------------------------------------------------------
  type_relations                0.326744     0.008017 ✅ 正常           
  exist_relation                0.000120     0.000008 ✅ 正常           
  mi_proj_layer0                0.066054     0.000236 ✅ 正常           
  dis_proj_layer0               0.075449     0.000267 ✅ 正常           
================================================================================

Epoch 200, Total Loss: 2.7302, Recover Loss: 2.4589, miRNA CL: 0.0000, Disease CL: 0.0000, Inter-view (est): 0.0000, Recon Loss: 0.0286, Time: 122.39s
[INFO] Hypergraph updated at epoch 250

🔧 Epoch 250 梯度检查:
================================================================================

  参数名称                              梯度范数         梯度均值 状态             
  ----------------------------------------------------------------------
  type_relations                0.323590     0.008025 ✅ 正常           
  exist_relation                0.000116     0.000007 ✅ 正常           
  mi_proj_layer0                0.084878     0.000286 ✅ 正常           
  dis_proj_layer0               0.081392     0.000283 ✅ 正常           
================================================================================

Epoch 250, Total Loss: 2.6600, Recover Loss: 2.3960, miRNA CL: 0.0000, Disease CL: 0.0000, Inter-view (est): 0.0000, Recon Loss: 0.0287, Time: 140.75s
[INFO] Hypergraph updated at epoch 300

🔧 Epoch 300 梯度检查:
================================================================================

  参数名称                              梯度范数         梯度均值 状态             
  ----------------------------------------------------------------------
  type_relations                0.286503     0.007438 ✅ 正常           
  exist_relation                0.000112     0.000007 ✅ 正常           
  mi_proj_layer0                0.079516     0.000276 ✅ 正常           
  dis_proj_layer0               0.081790     0.000288 ✅ 正常           
================================================================================

Epoch 300, Total Loss: 2.6131, Recover Loss: 2.3568, miRNA CL: 0.0000, Disease CL: 0.0000, Inter-view (est): 0.0000, Recon Loss: 0.0271, Time: 159.10s
[INFO] Hypergraph updated at epoch 350

🔧 Epoch 350 梯度检查:
================================================================================

  参数名称                              梯度范数         梯度均值 状态             
  ----------------------------------------------------------------------
  type_relations                0.247369     0.006117 ✅ 正常           
  exist_relation                0.000109     0.000007 ✅ 正常           
  mi_proj_layer0                0.062098     0.000223 ✅ 正常           
  dis_proj_layer0               0.074230     0.000264 ✅ 正常           
================================================================================

Epoch 350, Total Loss: 2.5408, Recover Loss: 2.2888, miRNA CL: 0.0000, Disease CL: 0.0000, Inter-view (est): 0.0000, Recon Loss: 0.0276, Time: 177.47s
[INFO] Hypergraph updated at epoch 400

🔧 Epoch 400 梯度检查:
================================================================================

  参数名称                              梯度范数         梯度均值 状态             
  ----------------------------------------------------------------------
  type_relations                0.184390     0.005142 ✅ 正常           
  exist_relation                0.000105     0.000006 ✅ 正常           
  mi_proj_layer0                0.066760     0.000241 ✅ 正常           
  dis_proj_layer0               0.078716     0.000276 ✅ 正常           
================================================================================

Epoch 400, Total Loss: 2.5174, Recover Loss: 2.2699, miRNA CL: 0.0000, Disease CL: 0.0000, Inter-view (est): 0.0000, Recon Loss: 0.0273, Time: 195.68s
[INFO] Hypergraph updated at epoch 450

🔧 Epoch 450 梯度检查:
================================================================================

  参数名称                              梯度范数         梯度均值 状态             
  ----------------------------------------------------------------------
  type_relations                0.176361     0.004910 ✅ 正常           
  exist_relation                0.000102     0.000006 ✅ 正常           
  mi_proj_layer0                0.065011     0.000239 ✅ 正常           
  dis_proj_layer0               0.077808     0.000278 ✅ 正常           
================================================================================

Epoch 450, Total Loss: 2.4855, Recover Loss: 2.2418, miRNA CL: 0.0000, Disease CL: 0.0000, Inter-view (est): 0.0000, Recon Loss: 0.0271, Time: 214.26s
[INFO] Hypergraph updated at epoch 500

🔧 Epoch 500 梯度检查:
================================================================================

  参数名称                              梯度范数         梯度均值 状态             
  ----------------------------------------------------------------------
  type_relations                0.177558     0.004930 ✅ 正常           
  exist_relation                0.000099     0.000006 ✅ 正常           
  mi_proj_layer0                0.070673     0.000256 ✅ 正常           
  dis_proj_layer0               0.076044     0.000273 ✅ 正常           
================================================================================

Epoch 500, Total Loss: 2.4487, Recover Loss: 2.2092, miRNA CL: 0.0000, Disease CL: 0.0000, Inter-view (est): 0.0000, Recon Loss: 0.0261, Time: 232.80s
[INFO] Hypergraph updated at epoch 550

🔧 Epoch 550 梯度检查:
================================================================================

  参数名称                              梯度范数         梯度均值 状态             
  ----------------------------------------------------------------------
  type_relations                0.145852     0.004091 ✅ 正常           
  exist_relation                0.000096     0.000005 ✅ 正常           
  mi_proj_layer0                0.062177     0.000230 ✅ 正常           
  dis_proj_layer0               0.065976     0.000239 ✅ 正常           
================================================================================

Epoch 550, Total Loss: 2.4165, Recover Loss: 2.1798, miRNA CL: 0.0000, Disease CL: 0.0000, Inter-view (est): 0.0000, Recon Loss: 0.0260, Time: 251.32s
[INFO] Hypergraph updated at epoch 600

🔧 Epoch 600 梯度检查:
================================================================================

  参数名称                              梯度范数         梯度均值 状态             
  ----------------------------------------------------------------------
  type_relations                0.169127     0.004611 ✅ 正常           
  exist_relation                0.000093     0.000005 ✅ 正常           
  mi_proj_layer0                0.074375     0.000268 ✅ 正常           
  dis_proj_layer0               0.074172     0.000272 ✅ 正常           
================================================================================

Epoch 600, Total Loss: 2.4050, Recover Loss: 2.1699, miRNA CL: 0.0000, Disease CL: 0.0000, Inter-view (est): 0.0000, Recon Loss: 0.0269, Time: 269.60s
[INFO] Hypergraph updated at epoch 650

🔧 Epoch 650 梯度检查:
================================================================================

  参数名称                              梯度范数         梯度均值 状态             
  ----------------------------------------------------------------------
  type_relations                0.150052     0.004181 ✅ 正常           
  exist_relation                0.000090     0.000005 ✅ 正常           
  mi_proj_layer0                0.067312     0.000246 ✅ 正常           
  dis_proj_layer0               0.080807     0.000289 ✅ 正常           
================================================================================

Epoch 650, Total Loss: 2.3824, Recover Loss: 2.1508, miRNA CL: 0.0000, Disease CL: 0.0000, Inter-view (est): 0.0000, Recon Loss: 0.0256, Time: 287.94s

================================================================================
Training completed. Running final test...
================================================================================
Fold 4 completed - AUC: 0.9777, Top-1 F1: 0.6619
Fold 4 training time: 288.69 seconds
=== Cross Validation Fold 5/5 ===
Using hidden dimensions: [256, 256] with 4 attention heads
[ABLATION] Running with mode = no_cl
优化模型初始化: miRNA数量 = 495, 疾病数量 = 383
   节点维度: 256 → 128
   类型数量: 4
   Temperature: 2.0 (可学习)
   Loss mode: softmax_5class
   loss_mode=softmax_5class
   class_weights_5 (neg+4types): ['0.026', '0.970', '2.266', '1.215', '0.524']

✅ SimplifiedMultiTypeAssociationLoss 初始化 (改进版)
   类别权重 (beta=0.99999): ['0.780', '1.822', '0.977', '0.421']
Original positive index shape: torch.Size([1072, 2])
Original negative index shape: torch.Size([135416, 2])
采样后负样本数量: 10720
🎯 Building TRUE DUAL VIEWS from four different sources...
📊 Data sources loaded:
  Disease semantic: torch.Size([383, 383])
  miRNA functional: torch.Size([495, 495])
  Disease-gene: torch.Size([383, 383])
  miRNA-sequence: torch.Size([495, 495])
🧬 Building miRNA dual-view hypergraphs...
  📊 miRNA View 1 (Sequence): torch.Size([495, 878])
  📊 miRNA View 2 (Function): torch.Size([495, 878])
🦠 Building disease dual-view hypergraphs...
  📊 Disease View 1 (Gene): torch.Size([383, 878])
  📊 Disease View 2 (Semantic): torch.Size([383, 878])
✅ Successfully built TRUE DUAL VIEWS:
   🧬 miRNA: Sequence Features (m_ss.xlsx) vs Functional Similarity (mi_fun_sim_2.0.csv)
   🦠 Disease: Gene Features (d_gs.xlsx) vs Semantic Similarity (dis_sem_sim_2.0.csv)

🔧 Epoch 1 梯度检查:
================================================================================

  参数名称                              梯度范数         梯度均值 状态             
  ----------------------------------------------------------------------
  type_relations                0.523883     0.014106 ✅ 正常           
  exist_relation                0.000139     0.000010 ✅ 正常           
  mi_proj_layer0                1.770195     0.005482 ✅ 正常           
  dis_proj_layer0               1.701876     0.005228 ✅ 正常           
================================================================================

Epoch 1, Total Loss: 4.8355, Recover Loss: 3.0055, miRNA CL: 0.0000, Disease CL: 0.0000, Inter-view (est): 0.0000, Recon Loss: 1.5320, Time: 0.36s
[INFO] Hypergraph updated at epoch 5
[INFO] Hypergraph updated at epoch 10
[INFO] Hypergraph updated at epoch 15
[INFO] Hypergraph updated at epoch 20
[INFO] Hypergraph updated at epoch 25
[INFO] Hypergraph updated at epoch 30
[INFO] Hypergraph updated at epoch 35
[INFO] Hypergraph updated at epoch 40
[INFO] Hypergraph updated at epoch 45
[INFO] Hypergraph updated at epoch 50

🔧 Epoch 50 梯度检查:
================================================================================

  参数名称                              梯度范数         梯度均值 状态             
  ----------------------------------------------------------------------
  type_relations                0.320641     0.008942 ✅ 正常           
  exist_relation                0.000134     0.000009 ✅ 正常           
  mi_proj_layer0                0.081583     0.000281 ✅ 正常           
  dis_proj_layer0               0.086274     0.000298 ✅ 正常           
================================================================================

Epoch 50, Total Loss: 3.0636, Recover Loss: 2.7146, miRNA CL: 0.0000, Disease CL: 0.0000, Inter-view (est): 0.0000, Recon Loss: 0.0658, Time: 69.19s
[INFO] Hypergraph updated at epoch 100

🔧 Epoch 100 梯度检查:
================================================================================

  参数名称                              梯度范数         梯度均值 状态             
  ----------------------------------------------------------------------
  type_relations                0.279979     0.007770 ✅ 正常           
  exist_relation                0.000129     0.000009 ✅ 正常           
  mi_proj_layer0                0.067714     0.000245 ✅ 正常           
  dis_proj_layer0               0.078551     0.000273 ✅ 正常           
================================================================================

Epoch 100, Total Loss: 2.9423, Recover Loss: 2.6460, miRNA CL: 0.0000, Disease CL: 0.0000, Inter-view (est): 0.0000, Recon Loss: 0.0310, Time: 87.60s
[INFO] Hypergraph updated at epoch 150

🔧 Epoch 150 梯度检查:
================================================================================

  参数名称                              梯度范数         梯度均值 状态             
  ----------------------------------------------------------------------
  type_relations                0.328763     0.008010 ✅ 正常           
  exist_relation                0.000124     0.000008 ✅ 正常           
  mi_proj_layer0                0.060941     0.000222 ✅ 正常           
  dis_proj_layer0               0.070524     0.000249 ✅ 正常           
================================================================================

Epoch 150, Total Loss: 2.8306, Recover Loss: 2.5484, miRNA CL: 0.0000, Disease CL: 0.0000, Inter-view (est): 0.0000, Recon Loss: 0.0297, Time: 106.16s
[INFO] Hypergraph updated at epoch 200

🔧 Epoch 200 梯度检查:
================================================================================

  参数名称                              梯度范数         梯度均值 状态             
  ----------------------------------------------------------------------
  type_relations                0.304097     0.007462 ✅ 正常           
  exist_relation                0.000120     0.000008 ✅ 正常           
  mi_proj_layer0                0.068340     0.000239 ✅ 正常           
  dis_proj_layer0               0.071717     0.000250 ✅ 正常           
================================================================================

Epoch 200, Total Loss: 2.7444, Recover Loss: 2.4724, miRNA CL: 0.0000, Disease CL: 0.0000, Inter-view (est): 0.0000, Recon Loss: 0.0291, Time: 124.81s
[INFO] Hypergraph updated at epoch 250

🔧 Epoch 250 梯度检查:
================================================================================

  参数名称                              梯度范数         梯度均值 状态             
  ----------------------------------------------------------------------
  type_relations                0.287553     0.007809 ✅ 正常           
  exist_relation                0.000115     0.000007 ✅ 正常           
  mi_proj_layer0                0.065310     0.000231 ✅ 正常           
  dis_proj_layer0               0.077428     0.000279 ✅ 正常           
================================================================================

Epoch 250, Total Loss: 2.6703, Recover Loss: 2.4068, miRNA CL: 0.0000, Disease CL: 0.0000, Inter-view (est): 0.0000, Recon Loss: 0.0281, Time: 142.96s
[INFO] Hypergraph updated at epoch 300

🔧 Epoch 300 梯度检查:
================================================================================

  参数名称                              梯度范数         梯度均值 状态             
  ----------------------------------------------------------------------
  type_relations                0.267995     0.006673 ✅ 正常           
  exist_relation                0.000112     0.000007 ✅ 正常           
  mi_proj_layer0                0.065589     0.000235 ✅ 正常           
  dis_proj_layer0               0.076611     0.000266 ✅ 正常           
================================================================================

Epoch 300, Total Loss: 2.6113, Recover Loss: 2.3545, miRNA CL: 0.0000, Disease CL: 0.0000, Inter-view (est): 0.0000, Recon Loss: 0.0274, Time: 161.10s
[INFO] Hypergraph updated at epoch 350

🔧 Epoch 350 梯度检查:
================================================================================

  参数名称                              梯度范数         梯度均值 状态             
  ----------------------------------------------------------------------
  type_relations                0.202234     0.005348 ✅ 正常           
  exist_relation                0.000108     0.000007 ✅ 正常           
  mi_proj_layer0                0.058841     0.000217 ✅ 正常           
  dis_proj_layer0               0.066120     0.000238 ✅ 正常           
================================================================================

Epoch 350, Total Loss: 2.5492, Recover Loss: 2.2972, miRNA CL: 0.0000, Disease CL: 0.0000, Inter-view (est): 0.0000, Recon Loss: 0.0275, Time: 179.41s
[INFO] Hypergraph updated at epoch 400

🔧 Epoch 400 梯度检查:
================================================================================

  参数名称                              梯度范数         梯度均值 状态             
  ----------------------------------------------------------------------
  type_relations                0.211155     0.005650 ✅ 正常           
  exist_relation                0.000105     0.000006 ✅ 正常           
  mi_proj_layer0                0.060582     0.000224 ✅ 正常           
  dis_proj_layer0               0.075395     0.000271 ✅ 正常           
================================================================================

Epoch 400, Total Loss: 2.5254, Recover Loss: 2.2768, miRNA CL: 0.0000, Disease CL: 0.0000, Inter-view (est): 0.0000, Recon Loss: 0.0284, Time: 197.63s
[INFO] Hypergraph updated at epoch 450

🔧 Epoch 450 梯度检查:
================================================================================

  参数名称                              梯度范数         梯度均值 状态             
  ----------------------------------------------------------------------
  type_relations                0.163491     0.004442 ✅ 正常           
  exist_relation                0.000101     0.000006 ✅ 正常           
  mi_proj_layer0                0.059256     0.000221 ✅ 正常           
  dis_proj_layer0               0.067548     0.000242 ✅ 正常           
================================================================================

Epoch 450, Total Loss: 2.4732, Recover Loss: 2.2298, miRNA CL: 0.0000, Disease CL: 0.0000, Inter-view (est): 0.0000, Recon Loss: 0.0267, Time: 216.08s
[INFO] Hypergraph updated at epoch 500

🔧 Epoch 500 梯度检查:
================================================================================

  参数名称                              梯度范数         梯度均值 状态             
  ----------------------------------------------------------------------
  type_relations                0.168651     0.004702 ✅ 正常           
  exist_relation                0.000098     0.000006 ✅ 正常           
  mi_proj_layer0                0.071130     0.000252 ✅ 正常           
  dis_proj_layer0               0.078788     0.000278 ✅ 正常           
================================================================================

Epoch 500, Total Loss: 2.4513, Recover Loss: 2.2111, miRNA CL: 0.0000, Disease CL: 0.0000, Inter-view (est): 0.0000, Recon Loss: 0.0266, Time: 234.57s
[INFO] Hypergraph updated at epoch 550

🔧 Epoch 550 梯度检查:
================================================================================

  参数名称                              梯度范数         梯度均值 状态             
  ----------------------------------------------------------------------
  type_relations                0.182812     0.004664 ✅ 正常           
  exist_relation                0.000095     0.000005 ✅ 正常           
  mi_proj_layer0                0.070952     0.000259 ✅ 正常           
  dis_proj_layer0               0.075913     0.000273 ✅ 正常           
================================================================================

Epoch 550, Total Loss: 2.4212, Recover Loss: 2.1844, miRNA CL: 0.0000, Disease CL: 0.0000, Inter-view (est): 0.0000, Recon Loss: 0.0260, Time: 252.65s
[INFO] Hypergraph updated at epoch 600

🔧 Epoch 600 梯度检查:
================================================================================

  参数名称                              梯度范数         梯度均值 状态             
  ----------------------------------------------------------------------
  type_relations                0.153835     0.004397 ✅ 正常           
  exist_relation                0.000092     0.000005 ✅ 正常           
  mi_proj_layer0                0.067827     0.000248 ✅ 正常           
  dis_proj_layer0               0.069135     0.000252 ✅ 正常           
================================================================================

Epoch 600, Total Loss: 2.3989, Recover Loss: 2.1639, miRNA CL: 0.0000, Disease CL: 0.0000, Inter-view (est): 0.0000, Recon Loss: 0.0267, Time: 271.09s
[INFO] Hypergraph updated at epoch 650

🔧 Epoch 650 梯度检查:
================================================================================

  参数名称                              梯度范数         梯度均值 状态             
  ----------------------------------------------------------------------
  type_relations                0.135032     0.003951 ✅ 正常           
  exist_relation                0.000089     0.000005 ✅ 正常           
  mi_proj_layer0                0.063285     0.000233 ✅ 正常           
  dis_proj_layer0               0.069366     0.000254 ✅ 正常           
================================================================================

Epoch 650, Total Loss: 2.3718, Recover Loss: 2.1392, miRNA CL: 0.0000, Disease CL: 0.0000, Inter-view (est): 0.0000, Recon Loss: 0.0266, Time: 289.53s

================================================================================
Training completed. Running final test...
================================================================================
Fold 5 completed - AUC: 0.9736, Top-1 F1: 0.6886
Fold 5 training time: 290.30 seconds
Average binary metrics across folds: [[0.97646859 0.97064711 0.93684827 0.93485075 0.96597015 0.90373134
  0.91009288]]
🎯 Average Top-1 metrics across folds: {'top1_precision': 0.646268656716418, 'top1_recall': np.float64(0.678168013566256), 'top1_f1': np.float64(0.661640635701359)}

📊 CV_type Style Metrics Details:
  AUC            : 0.9765
  AUPR           : 0.9706
  F1             : 0.9368
  Accuracy       : 0.9349
  Recall         : 0.9660
  Specificity    : 0.9037
  Precision      : 0.9101

🎯 Top-1 Metrics Details:
  top1_precision : 0.6463
  top1_recall    : 0.6782
  top1_f1        : 0.6616

Total execution time: 1454.94 seconds

==========================================================================================
🎯 FINAL COMPREHENSIVE RESULTS WITH TOP-1 METRICS
==========================================================================================
📊 Binary Classification Metrics (Original):
  AUC: 0.9765
  AUPR: 0.9706
  F1: 0.9368
  Accuracy: 0.9349
  Recall: 0.9660
  Specificity: 0.9037
  Precision: 0.9101

🎯 CV_type Style Metrics (Enhanced):
  AUC: 0.9765
  AUPR: 0.9706
  F1: 0.9368
  Accuracy: 0.9349
  Recall: 0.9660
  Specificity: 0.9037
  Precision: 0.9101

🏆 Top-1 Metrics (NEW):
  Top-1 Precision: 0.6463
  Top-1 Recall: 0.6782
  Top-1 F1: 0.6616
==========================================================================================

[ABL] no_hgcn (softmax_5class)
[CPU] torch.set_num_threads(14), interop=min(4, 14)
Using device: cpu
[INFO] Auto-computed BALANCED class weights (to prevent class collapse):
  Circulation  (367 samples): 0.780
  Epigenetics  (157 samples): 1.823
  Target       (293 samples): 0.977
  Genetics     (681 samples): 0.420
  [NOTE] Higher weights for minority classes to prevent model from only predicting majority class
[INFO] Using v2.0_495m383D dataset:
  miRNAs: 495
  Diseases: 383
  Expected associations: ~1498
  Types: 4 (Circulation, Epigenetics, Target, Genetics)

================================================================================
Configuration Summary
================================================================================
Dataset: v2.0_495m383D
Data Path: ./
Model: HeterogenousGraphCLAMIR
  - HGT Layers: 2
  - Attention Heads: 4
  - Association Types: 4
  - Inter-view CL: Enabled
    - Weight: 0.3
    - Temperature: 0.5
    - Margin: 0.5

Training:
  - Epochs: 650
  - Learning Rate: 0.0001
  - Dropout: 0.3
  - Weight Decay: 5e-05
  - Focal Loss: Enabled

Evaluation:
  - Cross-Validation Folds: 5
  - Primary Metric: AUPR

Device: cpu
Random Seed: 1234
================================================================================

🚀 Running with comprehensive evaluation including Top-1 metrics...
🎯 Loading dual-view data...
Starting dual-view data preparation with new file format...
Loading all similarity and feature files from v2.0_495m383D...
✅ Loaded disease semantic similarity from D_SSM1.txt: (383, 383)
✅ Loaded miRNA functional similarity from M_FSM.txt: (495, 495)
✅ Loaded multi-type association pairs from ./v2.0_495m383D\multi_all_mirna_disease_pairs_without_negative.csv: (1679, 3)
✅ Created multi-type association matrix: (495, 383)
📊 Multi-type Association Statistics:
   无关联 (No association): 188087 pairs (99.21%)
   循环类型 (Circulation): 367 pairs (0.19%)
   表观遗传学 (Epigenetics): 157 pairs (0.08%)
   靶标类型 (Target): 293 pairs (0.15%)
   遗传学类型 (Genetics): 681 pairs (0.36%)
✅ Created association matrix from CSV: (495, 383)
✅ Loaded disease-gene features from D_SSM2.txt: torch.Size([383, 383])
✅ Loaded miRNA-sequence features from M_GSM.txt: torch.Size([495, 495])
Processing integrated similarity matrices...
Loaded similarity matrices from cache
Processing indices...
Loaded indices from cache
✅ Dual-view data preparation completed in 0.38 seconds

============================================================
🎯 DUAL-VIEW CONFIGURATION SUMMARY (v2.0_495m383D)
============================================================
miRNA Dual Views:
  📊 View 1 (Sequence): M_GSM.txt torch.Size([495, 495])
  📊 View 2 (Function): M_FSM.txt torch.Size([495, 495])

Disease Dual Views:
  📊 View 1 (Gene): D_SSM2.txt torch.Size([383, 383])
  📊 View 2 (Semantic): D_SSM1.txt torch.Size([383, 383])

Association Matrix: torch.Size([495, 383])
Data source: v2.0_495m383D (495 miRNAs × 383 Diseases)
============================================================
Preloading dual-view data to device...
✅ Loaded disease-gene features to device: torch.Size([383, 383])
✅ Loaded miRNA-sequence features to device: torch.Size([495, 495])
✅ Loaded disease semantic similarity to device: torch.Size([383, 383])
✅ Loaded miRNA functional similarity to device: torch.Size([495, 495])
✅ Dual-view data preloading completed in 0.00 seconds
OptimizedDataset initialized with 5 folds
Using device: cpu
=== Cross Validation Fold 1/5 ===
Using hidden dimensions: [256, 256] with 4 attention heads
[ABLATION] Running with mode = no_hgcn
优化模型初始化: miRNA数量 = 495, 疾病数量 = 383
   节点维度: 256 → 128
   类型数量: 4
   Temperature: 2.0 (可学习)
   Loss mode: softmax_5class
   loss_mode=softmax_5class
   class_weights_5 (neg+4types): ['0.026', '0.970', '2.266', '1.215', '0.524']

✅ SimplifiedMultiTypeAssociationLoss 初始化 (改进版)
   类别权重 (beta=0.99999): ['0.780', '1.822', '0.977', '0.421']
Original positive index shape: torch.Size([1072, 2])
Original negative index shape: torch.Size([135416, 2])
采样后负样本数量: 10720
🎯 Building TRUE DUAL VIEWS from four different sources...
📊 Data sources loaded:
  Disease semantic: torch.Size([383, 383])
  miRNA functional: torch.Size([495, 495])
  Disease-gene: torch.Size([383, 383])
  miRNA-sequence: torch.Size([495, 495])
🧬 Building miRNA dual-view hypergraphs...
  📊 miRNA View 1 (Sequence): torch.Size([495, 878])
  📊 miRNA View 2 (Function): torch.Size([495, 878])
🦠 Building disease dual-view hypergraphs...
  📊 Disease View 1 (Gene): torch.Size([383, 878])
  📊 Disease View 2 (Semantic): torch.Size([383, 878])
✅ Successfully built TRUE DUAL VIEWS:
   🧬 miRNA: Sequence Features (m_ss.xlsx) vs Functional Similarity (mi_fun_sim_2.0.csv)
   🦠 Disease: Gene Features (d_gs.xlsx) vs Semantic Similarity (dis_sem_sim_2.0.csv)

🔧 Epoch 1 梯度检查:
================================================================================

  参数名称                              梯度范数         梯度均值 状态             
  ----------------------------------------------------------------------
  type_relations                0.528399     0.014590 ✅ 正常           
  exist_relation                0.000133     0.000009 ✅ 正常           
  mi_proj_layer0                1.434914     0.004169 ✅ 正常           
  dis_proj_layer0               1.381284     0.004142 ✅ 正常           
================================================================================

Epoch 1, Total Loss: 22.1928, Recover Loss: 3.0226, miRNA CL: 9.1093, Disease CL: 8.4290, Inter-view (est): 4.0473, Recon Loss: 1.3338, Time: 0.66s
[INFO] Hypergraph updated at epoch 5
[INFO] Hypergraph updated at epoch 10
[INFO] Hypergraph updated at epoch 15
[INFO] Hypergraph updated at epoch 20
[INFO] Hypergraph updated at epoch 25
[INFO] Hypergraph updated at epoch 30
[INFO] Hypergraph updated at epoch 35
[INFO] Hypergraph updated at epoch 40
[INFO] Hypergraph updated at epoch 45
[INFO] Hypergraph updated at epoch 50

🔧 Epoch 50 梯度检查:
================================================================================

  参数名称                              梯度范数         梯度均值 状态             
  ----------------------------------------------------------------------
  type_relations                0.336857     0.009660 ✅ 正常           
  exist_relation                0.000129     0.000009 ✅ 正常           
  mi_proj_layer0                0.064865     0.000244 ✅ 正常           
  dis_proj_layer0               0.080996     0.000295 ✅ 正常           
================================================================================

Epoch 50, Total Loss: 18.2766, Recover Loss: 2.6746, miRNA CL: 7.8083, Disease CL: 7.4496, Inter-view (est): 3.5211, Recon Loss: 0.0593, Time: 78.86s
[INFO] Hypergraph updated at epoch 100

🔧 Epoch 100 梯度检查:
================================================================================

  参数名称                              梯度范数         梯度均值 状态             
  ----------------------------------------------------------------------
  type_relations                0.441352     0.011186 ✅ 正常           
  exist_relation                0.000123     0.000008 ✅ 正常           
  mi_proj_layer0                0.070752     0.000259 ✅ 正常           
  dis_proj_layer0               0.078027     0.000294 ✅ 正常           
================================================================================

Epoch 100, Total Loss: 16.8281, Recover Loss: 2.5497, miRNA CL: 7.2853, Disease CL: 6.6934, Inter-view (est): 3.2259, Recon Loss: 0.0283, Time: 111.30s
[INFO] Hypergraph updated at epoch 150

🔧 Epoch 150 梯度检查:
================================================================================

  参数名称                              梯度范数         梯度均值 状态             
  ----------------------------------------------------------------------
  type_relations                0.445045     0.011478 ✅ 正常           
  exist_relation                0.000120     0.000008 ✅ 正常           
  mi_proj_layer0                0.065191     0.000242 ✅ 正常           
  dis_proj_layer0               0.073261     0.000272 ✅ 正常           
================================================================================

Epoch 150, Total Loss: 16.0087, Recover Loss: 2.4605, miRNA CL: 6.7875, Disease CL: 6.4677, Inter-view (est): 3.0589, Recon Loss: 0.0267, Time: 143.06s
[INFO] Hypergraph updated at epoch 200

🔧 Epoch 200 梯度检查:
================================================================================

  参数名称                              梯度范数         梯度均值 状态             
  ----------------------------------------------------------------------
  type_relations                0.449902     0.011438 ✅ 正常           
  exist_relation                0.000119     0.000008 ✅ 正常           
  mi_proj_layer0                0.063313     0.000237 ✅ 正常           
  dis_proj_layer0               0.072196     0.000270 ✅ 正常           
================================================================================

Epoch 200, Total Loss: 15.8410, Recover Loss: 2.4410, miRNA CL: 6.6968, Disease CL: 6.4120, Inter-view (est): 3.0251, Recon Loss: 0.0265, Time: 175.48s
[INFO] Hypergraph updated at epoch 250

🔧 Epoch 250 梯度检查:
================================================================================

  参数名称                              梯度范数         梯度均值 状态             
  ----------------------------------------------------------------------
  type_relations                0.494542     0.011750 ✅ 正常           
  exist_relation                0.000119     0.000008 ✅ 正常           
  mi_proj_layer0                0.064992     0.000233 ✅ 正常           
  dis_proj_layer0               0.077655     0.000280 ✅ 正常           
================================================================================

Epoch 250, Total Loss: 15.7135, Recover Loss: 2.4002, miRNA CL: 6.6532, Disease CL: 6.3709, Inter-view (est): 3.0056, Recon Loss: 0.0259, Time: 207.07s
[INFO] Hypergraph updated at epoch 300

🔧 Epoch 300 梯度检查:
================================================================================

  参数名称                              梯度范数         梯度均值 状态             
  ----------------------------------------------------------------------
  type_relations                0.469596     0.011628 ✅ 正常           
  exist_relation                0.000118     0.000008 ✅ 正常           
  mi_proj_layer0                0.062593     0.000232 ✅ 正常           
  dis_proj_layer0               0.077419     0.000284 ✅ 正常           
================================================================================

Epoch 300, Total Loss: 15.6100, Recover Loss: 2.3790, miRNA CL: 6.6122, Disease CL: 6.3311, Inter-view (est): 2.9869, Recon Loss: 0.0258, Time: 240.27s
[INFO] Hypergraph updated at epoch 350

🔧 Epoch 350 梯度检查:
================================================================================

  参数名称                              梯度范数         梯度均值 状态             
  ----------------------------------------------------------------------
  type_relations                0.441723     0.010982 ✅ 正常           
  exist_relation                0.000117     0.000007 ✅ 正常           
  mi_proj_layer0                0.058551     0.000216 ✅ 正常           
  dis_proj_layer0               0.070802     0.000260 ✅ 正常           
================================================================================

Epoch 350, Total Loss: 15.4986, Recover Loss: 2.3443, miRNA CL: 6.5750, Disease CL: 6.2927, Inter-view (est): 2.9695, Recon Loss: 0.0262, Time: 272.21s
[INFO] Hypergraph updated at epoch 400

🔧 Epoch 400 梯度检查:
================================================================================

  参数名称                              梯度范数         梯度均值 状态             
  ----------------------------------------------------------------------
  type_relations                0.429485     0.010321 ✅ 正常           
  exist_relation                0.000116     0.000007 ✅ 正常           
  mi_proj_layer0                0.059504     0.000218 ✅ 正常           
  dis_proj_layer0               0.065557     0.000245 ✅ 正常           
================================================================================

Epoch 400, Total Loss: 15.4007, Recover Loss: 2.3177, miRNA CL: 6.5420, Disease CL: 6.2570, Inter-view (est): 2.9536, Recon Loss: 0.0254, Time: 304.82s
[INFO] Hypergraph updated at epoch 450

🔧 Epoch 450 梯度检查:
================================================================================

  参数名称                              梯度范数         梯度均值 状态             
  ----------------------------------------------------------------------
  type_relations                0.387827     0.009425 ✅ 正常           
  exist_relation                0.000115     0.000007 ✅ 正常           
  mi_proj_layer0                0.064391     0.000225 ✅ 正常           
  dis_proj_layer0               0.072393     0.000258 ✅ 正常           
================================================================================

Epoch 450, Total Loss: 15.3271, Recover Loss: 2.2963, miRNA CL: 6.5261, Disease CL: 6.2225, Inter-view (est): 2.9420, Recon Loss: 0.0254, Time: 336.92s
[INFO] Hypergraph updated at epoch 500

🔧 Epoch 500 梯度检查:
================================================================================

  参数名称                              梯度范数         梯度均值 状态             
  ----------------------------------------------------------------------
  type_relations                0.345419     0.008015 ✅ 正常           
  exist_relation                0.000114     0.000007 ✅ 正常           
  mi_proj_layer0                0.064826     0.000223 ✅ 正常           
  dis_proj_layer0               0.072051     0.000253 ✅ 正常           
================================================================================

Epoch 500, Total Loss: 15.2473, Recover Loss: 2.2692, miRNA CL: 6.4984, Disease CL: 6.1991, Inter-view (est): 2.9302, Recon Loss: 0.0252, Time: 369.85s
[INFO] Hypergraph updated at epoch 550

🔧 Epoch 550 梯度检查:
================================================================================

  参数名称                              梯度范数         梯度均值 状态             
  ----------------------------------------------------------------------
  type_relations                0.307055     0.007473 ✅ 正常           
  exist_relation                0.000113     0.000007 ✅ 正常           
  mi_proj_layer0                0.056764     0.000201 ✅ 正常           
  dis_proj_layer0               0.061498     0.000222 ✅ 正常           
================================================================================

Epoch 550, Total Loss: 15.1875, Recover Loss: 2.2503, miRNA CL: 6.4812, Disease CL: 6.1773, Inter-view (est): 2.9212, Recon Loss: 0.0247, Time: 401.95s
[INFO] Hypergraph updated at epoch 600

🔧 Epoch 600 梯度检查:
================================================================================

  参数名称                              梯度范数         梯度均值 状态             
  ----------------------------------------------------------------------
  type_relations                0.249976     0.006310 ✅ 正常           
  exist_relation                0.000112     0.000007 ✅ 正常           
  mi_proj_layer0                0.064875     0.000226 ✅ 正常           
  dis_proj_layer0               0.060440     0.000216 ✅ 正常           
================================================================================

Epoch 600, Total Loss: 15.1253, Recover Loss: 2.2296, miRNA CL: 6.4633, Disease CL: 6.1552, Inter-view (est): 2.9120, Recon Loss: 0.0246, Time: 433.78s
[INFO] Hypergraph updated at epoch 650

🔧 Epoch 650 梯度检查:
================================================================================

  参数名称                              梯度范数         梯度均值 状态             
  ----------------------------------------------------------------------
  type_relations                0.261277     0.006642 ✅ 正常           
  exist_relation                0.000110     0.000007 ✅ 正常           
  mi_proj_layer0                0.060603     0.000212 ✅ 正常           
  dis_proj_layer0               0.065294     0.000227 ✅ 正常           
================================================================================

Epoch 650, Total Loss: 15.0671, Recover Loss: 2.2131, miRNA CL: 6.4452, Disease CL: 6.1337, Inter-view (est): 2.9028, Recon Loss: 0.0241, Time: 466.34s

================================================================================
Training completed. Running final test...
================================================================================
Fold 1 completed - AUC: 0.9744, Top-1 F1: 0.6225
Fold 1 training time: 467.39 seconds
=== Cross Validation Fold 2/5 ===
Using hidden dimensions: [256, 256] with 4 attention heads
[ABLATION] Running with mode = no_hgcn
优化模型初始化: miRNA数量 = 495, 疾病数量 = 383
   节点维度: 256 → 128
   类型数量: 4
   Temperature: 2.0 (可学习)
   Loss mode: softmax_5class
   loss_mode=softmax_5class
   class_weights_5 (neg+4types): ['0.026', '0.970', '2.266', '1.215', '0.524']

✅ SimplifiedMultiTypeAssociationLoss 初始化 (改进版)
   类别权重 (beta=0.99999): ['0.780', '1.822', '0.977', '0.421']
Original positive index shape: torch.Size([1072, 2])
Original negative index shape: torch.Size([135416, 2])
采样后负样本数量: 10720
🎯 Building TRUE DUAL VIEWS from four different sources...
📊 Data sources loaded:
  Disease semantic: torch.Size([383, 383])
  miRNA functional: torch.Size([495, 495])
  Disease-gene: torch.Size([383, 383])
  miRNA-sequence: torch.Size([495, 495])
🧬 Building miRNA dual-view hypergraphs...
  📊 miRNA View 1 (Sequence): torch.Size([495, 878])
  📊 miRNA View 2 (Function): torch.Size([495, 878])
🦠 Building disease dual-view hypergraphs...
  📊 Disease View 1 (Gene): torch.Size([383, 878])
  📊 Disease View 2 (Semantic): torch.Size([383, 878])
✅ Successfully built TRUE DUAL VIEWS:
   🧬 miRNA: Sequence Features (m_ss.xlsx) vs Functional Similarity (mi_fun_sim_2.0.csv)
   🦠 Disease: Gene Features (d_gs.xlsx) vs Semantic Similarity (dis_sem_sim_2.0.csv)

🔧 Epoch 1 梯度检查:
================================================================================

  参数名称                              梯度范数         梯度均值 状态             
  ----------------------------------------------------------------------
  type_relations                0.604708     0.015443 ✅ 正常           
  exist_relation                0.000146     0.000011 ✅ 正常           
  mi_proj_layer0                0.988127     0.003032 ✅ 正常           
  dis_proj_layer0               1.007586     0.003012 ✅ 正常           
================================================================================

Epoch 1, Total Loss: 22.0284, Recover Loss: 3.0079, miRNA CL: 8.9487, Disease CL: 8.4224, Inter-view (est): 4.0087, Recon Loss: 1.3512, Time: 0.62s
[INFO] Hypergraph updated at epoch 5
[INFO] Hypergraph updated at epoch 10
[INFO] Hypergraph updated at epoch 15
[INFO] Hypergraph updated at epoch 20
[INFO] Hypergraph updated at epoch 25
[INFO] Hypergraph updated at epoch 30
[INFO] Hypergraph updated at epoch 35
[INFO] Hypergraph updated at epoch 40
[INFO] Hypergraph updated at epoch 45
[INFO] Hypergraph updated at epoch 50

🔧 Epoch 50 梯度检查:
================================================================================

  参数名称                              梯度范数         梯度均值 状态             
  ----------------------------------------------------------------------
  type_relations                0.319662     0.009242 ✅ 正常           
  exist_relation                0.000141     0.000010 ✅ 正常           
  mi_proj_layer0                0.068420     0.000253 ✅ 正常           
  dis_proj_layer0               0.088935     0.000323 ✅ 正常           
================================================================================

Epoch 50, Total Loss: 18.3167, Recover Loss: 2.6955, miRNA CL: 7.7717, Disease CL: 7.4854, Inter-view (est): 3.5209, Recon Loss: 0.0793, Time: 82.85s
[INFO] Hypergraph updated at epoch 100

🔧 Epoch 100 梯度检查:
================================================================================

  参数名称                              梯度范数         梯度均值 状态             
  ----------------------------------------------------------------------
  type_relations                0.486834     0.011285 ✅ 正常           
  exist_relation                0.000135     0.000010 ✅ 正常           
  mi_proj_layer0                0.073245     0.000267 ✅ 正常           
  dis_proj_layer0               0.097123     0.000339 ✅ 正常           
================================================================================

Epoch 100, Total Loss: 16.8742, Recover Loss: 2.5750, miRNA CL: 7.1826, Disease CL: 6.8178, Inter-view (est): 3.2309, Recon Loss: 0.0276, Time: 116.17s
[INFO] Hypergraph updated at epoch 150

🔧 Epoch 150 梯度检查:
================================================================================

  参数名称                              梯度范数         梯度均值 状态             
  ----------------------------------------------------------------------
  type_relations                0.480425     0.011741 ✅ 正常           
  exist_relation                0.000133     0.000009 ✅ 正常           
  mi_proj_layer0                0.065025     0.000229 ✅ 正常           
  dis_proj_layer0               0.078457     0.000281 ✅ 正常           
================================================================================

Epoch 150, Total Loss: 16.1324, Recover Loss: 2.4895, miRNA CL: 6.7605, Disease CL: 6.5888, Inter-view (est): 3.0806, Recon Loss: 0.0273, Time: 148.45s
[INFO] Hypergraph updated at epoch 200

🔧 Epoch 200 梯度检查:
================================================================================

  参数名称                              梯度范数         梯度均值 状态             
  ----------------------------------------------------------------------
  type_relations                0.487524     0.011054 ✅ 正常           
  exist_relation                0.000131     0.000009 ✅ 正常           
  mi_proj_layer0                0.066190     0.000238 ✅ 正常           
  dis_proj_layer0               0.074144     0.000271 ✅ 正常           
================================================================================

Epoch 200, Total Loss: 15.8825, Recover Loss: 2.4391, miRNA CL: 6.6748, Disease CL: 6.4749, Inter-view (est): 3.0345, Recon Loss: 0.0298, Time: 181.17s
[INFO] Hypergraph updated at epoch 250

🔧 Epoch 250 梯度检查:
================================================================================

  参数名称                              梯度范数         梯度均值 状态             
  ----------------------------------------------------------------------
  type_relations                0.436601     0.010763 ✅ 正常           
  exist_relation                0.000130     0.000009 ✅ 正常           
  mi_proj_layer0                0.060445     0.000223 ✅ 正常           
  dis_proj_layer0               0.076743     0.000279 ✅ 正常           
================================================================================

Epoch 250, Total Loss: 15.7579, Recover Loss: 2.4197, miRNA CL: 6.6312, Disease CL: 6.4173, Inter-view (est): 3.0112, Recon Loss: 0.0271, Time: 213.74s
[INFO] Hypergraph updated at epoch 300

🔧 Epoch 300 梯度检查:
================================================================================

  参数名称                              梯度范数         梯度均值 状态             
  ----------------------------------------------------------------------
  type_relations                0.424754     0.009882 ✅ 正常           
  exist_relation                0.000129     0.000009 ✅ 正常           
  mi_proj_layer0                0.060198     0.000223 ✅ 正常           
  dis_proj_layer0               0.076929     0.000268 ✅ 正常           
================================================================================

Epoch 300, Total Loss: 15.6398, Recover Loss: 2.3989, miRNA CL: 6.5917, Disease CL: 6.3623, Inter-view (est): 2.9894, Recon Loss: 0.0260, Time: 246.48s
[INFO] Hypergraph updated at epoch 350

🔧 Epoch 350 梯度检查:
================================================================================

  参数名称                              梯度范数         梯度均值 状态             
  ----------------------------------------------------------------------
  type_relations                0.410194     0.010072 ✅ 正常           
  exist_relation                0.000128     0.000009 ✅ 正常           
  mi_proj_layer0                0.060790     0.000222 ✅ 正常           
  dis_proj_layer0               0.071721     0.000257 ✅ 正常           
================================================================================

Epoch 350, Total Loss: 15.5217, Recover Loss: 2.3626, miRNA CL: 6.5580, Disease CL: 6.3161, Inter-view (est): 2.9709, Recon Loss: 0.0258, Time: 278.81s
[INFO] Hypergraph updated at epoch 400

🔧 Epoch 400 梯度检查:
================================================================================

  参数名称                              梯度范数         梯度均值 状态             
  ----------------------------------------------------------------------
  type_relations                0.392884     0.008668 ✅ 正常           
  exist_relation                0.000127     0.000009 ✅ 正常           
  mi_proj_layer0                0.070356     0.000231 ✅ 正常           
  dis_proj_layer0               0.082550     0.000269 ✅ 正常           
================================================================================

Epoch 400, Total Loss: 15.4211, Recover Loss: 2.3334, miRNA CL: 6.5265, Disease CL: 6.2785, Inter-view (est): 2.9550, Recon Loss: 0.0252, Time: 311.34s
[INFO] Hypergraph updated at epoch 450

🔧 Epoch 450 梯度检查:
================================================================================

  参数名称                              梯度范数         梯度均值 状态             
  ----------------------------------------------------------------------
  type_relations                0.335880     0.008059 ✅ 正常           
  exist_relation                0.000126     0.000009 ✅ 正常           
  mi_proj_layer0                0.056788     0.000202 ✅ 正常           
  dis_proj_layer0               0.065021     0.000227 ✅ 正常           
================================================================================

Epoch 450, Total Loss: 15.3277, Recover Loss: 2.2944, miRNA CL: 6.5075, Disease CL: 6.2446, Inter-view (est): 2.9428, Recon Loss: 0.0256, Time: 343.68s
[INFO] Hypergraph updated at epoch 500

🔧 Epoch 500 梯度检查:
================================================================================

  参数名称                              梯度范数         梯度均值 状态             
  ----------------------------------------------------------------------
  type_relations                0.328417     0.007600 ✅ 正常           
  exist_relation                0.000125     0.000009 ✅ 正常           
  mi_proj_layer0                0.059401     0.000210 ✅ 正常           
  dis_proj_layer0               0.070058     0.000244 ✅ 正常           
================================================================================

Epoch 500, Total Loss: 15.2750, Recover Loss: 2.2845, miRNA CL: 6.4916, Disease CL: 6.2195, Inter-view (est): 2.9333, Recon Loss: 0.0251, Time: 376.65s
[INFO] Hypergraph updated at epoch 550

🔧 Epoch 550 梯度检查:
================================================================================

  参数名称                              梯度范数         梯度均值 状态             
  ----------------------------------------------------------------------
  type_relations                0.270780     0.006534 ✅ 正常           
  exist_relation                0.000124     0.000009 ✅ 正常           
  mi_proj_layer0                0.055963     0.000198 ✅ 正常           
  dis_proj_layer0               0.062120     0.000218 ✅ 正常           
================================================================================

Epoch 550, Total Loss: 15.2050, Recover Loss: 2.2626, miRNA CL: 6.4689, Disease CL: 6.1960, Inter-view (est): 2.9227, Recon Loss: 0.0248, Time: 409.30s
[INFO] Hypergraph updated at epoch 600

🔧 Epoch 600 梯度检查:
================================================================================

  参数名称                              梯度范数         梯度均值 状态             
  ----------------------------------------------------------------------
  type_relations                0.300403     0.006993 ✅ 正常           
  exist_relation                0.000122     0.000008 ✅ 正常           
  mi_proj_layer0                0.058133     0.000204 ✅ 正常           
  dis_proj_layer0               0.070482     0.000240 ✅ 正常           
================================================================================

Epoch 600, Total Loss: 15.1515, Recover Loss: 2.2531, miRNA CL: 6.4507, Disease CL: 6.1715, Inter-view (est): 2.9128, Recon Loss: 0.0250, Time: 441.69s
[INFO] Hypergraph updated at epoch 650

🔧 Epoch 650 梯度检查:
================================================================================

  参数名称                              梯度范数         梯度均值 状态             
  ----------------------------------------------------------------------
  type_relations                0.246837     0.005824 ✅ 正常           
  exist_relation                0.000121     0.000008 ✅ 正常           
  mi_proj_layer0                0.061023     0.000210 ✅ 正常           
  dis_proj_layer0               0.066780     0.000227 ✅ 正常           
================================================================================

Epoch 650, Total Loss: 15.0888, Recover Loss: 2.2340, miRNA CL: 6.4328, Disease CL: 6.1482, Inter-view (est): 2.9033, Recon Loss: 0.0243, Time: 474.71s

================================================================================
Training completed. Running final test...
================================================================================
Fold 2 completed - AUC: 0.9686, Top-1 F1: 0.6201
Fold 2 training time: 475.50 seconds
=== Cross Validation Fold 3/5 ===
Using hidden dimensions: [256, 256] with 4 attention heads
[ABLATION] Running with mode = no_hgcn
优化模型初始化: miRNA数量 = 495, 疾病数量 = 383
   节点维度: 256 → 128
   类型数量: 4
   Temperature: 2.0 (可学习)
   Loss mode: softmax_5class
   loss_mode=softmax_5class
   class_weights_5 (neg+4types): ['0.026', '0.970', '2.266', '1.215', '0.524']

✅ SimplifiedMultiTypeAssociationLoss 初始化 (改进版)
   类别权重 (beta=0.99999): ['0.780', '1.822', '0.977', '0.421']
Original positive index shape: torch.Size([1072, 2])
Original negative index shape: torch.Size([135416, 2])
采样后负样本数量: 10720
🎯 Building TRUE DUAL VIEWS from four different sources...
📊 Data sources loaded:
  Disease semantic: torch.Size([383, 383])
  miRNA functional: torch.Size([495, 495])
  Disease-gene: torch.Size([383, 383])
  miRNA-sequence: torch.Size([495, 495])
🧬 Building miRNA dual-view hypergraphs...
  📊 miRNA View 1 (Sequence): torch.Size([495, 878])
  📊 miRNA View 2 (Function): torch.Size([495, 878])
🦠 Building disease dual-view hypergraphs...
  📊 Disease View 1 (Gene): torch.Size([383, 878])
  📊 Disease View 2 (Semantic): torch.Size([383, 878])
✅ Successfully built TRUE DUAL VIEWS:
   🧬 miRNA: Sequence Features (m_ss.xlsx) vs Functional Similarity (mi_fun_sim_2.0.csv)
   🦠 Disease: Gene Features (d_gs.xlsx) vs Semantic Similarity (dis_sem_sim_2.0.csv)

🔧 Epoch 1 梯度检查:
================================================================================

  参数名称                              梯度范数         梯度均值 状态             
  ----------------------------------------------------------------------
  type_relations                0.587963     0.015199 ✅ 正常           
  exist_relation                0.000145     0.000010 ✅ 正常           
  mi_proj_layer0                1.272225     0.004065 ✅ 正常           
  dis_proj_layer0               1.350399     0.004205 ✅ 正常           
================================================================================

Epoch 1, Total Loss: 22.1595, Recover Loss: 3.0394, miRNA CL: 9.0799, Disease CL: 8.4032, Inter-view (est): 4.0346, Recon Loss: 1.3393, Time: 0.64s
[INFO] Hypergraph updated at epoch 5
[INFO] Hypergraph updated at epoch 10
[INFO] Hypergraph updated at epoch 15
[INFO] Hypergraph updated at epoch 20
[INFO] Hypergraph updated at epoch 25
[INFO] Hypergraph updated at epoch 30
[INFO] Hypergraph updated at epoch 35
[INFO] Hypergraph updated at epoch 40
[INFO] Hypergraph updated at epoch 45
[INFO] Hypergraph updated at epoch 50

🔧 Epoch 50 梯度检查:
================================================================================

  参数名称                              梯度范数         梯度均值 状态             
  ----------------------------------------------------------------------
  type_relations                0.342379     0.009701 ✅ 正常           
  exist_relation                0.000140     0.000010 ✅ 正常           
  mi_proj_layer0                0.072921     0.000263 ✅ 正常           
  dis_proj_layer0               0.078394     0.000287 ✅ 正常           
================================================================================

Epoch 50, Total Loss: 18.3709, Recover Loss: 2.6859, miRNA CL: 7.7947, Disease CL: 7.5173, Inter-view (est): 3.5335, Recon Loss: 0.0882, Time: 86.50s
[INFO] Hypergraph updated at epoch 100

🔧 Epoch 100 梯度检查:
================================================================================

  参数名称                              梯度范数         梯度均值 状态             
  ----------------------------------------------------------------------
  type_relations                0.467088     0.012276 ✅ 正常           
  exist_relation                0.000134     0.000009 ✅ 正常           
  mi_proj_layer0                0.068746     0.000259 ✅ 正常           
  dis_proj_layer0               0.080917     0.000303 ✅ 正常           
================================================================================

Epoch 100, Total Loss: 16.9328, Recover Loss: 2.5607, miRNA CL: 7.2589, Disease CL: 6.8134, Inter-view (est): 3.2475, Recon Loss: 0.0284, Time: 119.91s
[INFO] Hypergraph updated at epoch 150

🔧 Epoch 150 梯度检查:
================================================================================

  参数名称                              梯度范数         梯度均值 状态             
  ----------------------------------------------------------------------
  type_relations                0.459140     0.011976 ✅ 正常           
  exist_relation                0.000132     0.000009 ✅ 正常           
  mi_proj_layer0                0.061044     0.000231 ✅ 正常           
  dis_proj_layer0               0.069949     0.000265 ✅ 正常           
================================================================================

Epoch 150, Total Loss: 16.2161, Recover Loss: 2.4880, miRNA CL: 6.8165, Disease CL: 6.6170, Inter-view (est): 3.1000, Recon Loss: 0.0277, Time: 153.06s
[INFO] Hypergraph updated at epoch 200

🔧 Epoch 200 梯度检查:
================================================================================

  参数名称                              梯度范数         梯度均值 状态             
  ----------------------------------------------------------------------
  type_relations                0.500439     0.012196 ✅ 正常           
  exist_relation                0.000131     0.000009 ✅ 正常           
  mi_proj_layer0                0.064682     0.000238 ✅ 正常           
  dis_proj_layer0               0.077184     0.000280 ✅ 正常           
================================================================================

Epoch 200, Total Loss: 15.9723, Recover Loss: 2.4516, miRNA CL: 6.7041, Disease CL: 6.5251, Inter-view (est): 3.0529, Recon Loss: 0.0266, Time: 186.65s
[INFO] Hypergraph updated at epoch 250

🔧 Epoch 250 梯度检查:
================================================================================

  参数名称                              梯度范数         梯度均值 状态             
  ----------------------------------------------------------------------
  type_relations                0.475958     0.012163 ✅ 正常           
  exist_relation                0.000130     0.000009 ✅ 正常           
  mi_proj_layer0                0.061393     0.000232 ✅ 正常           
  dis_proj_layer0               0.077577     0.000284 ✅ 正常           
================================================================================

Epoch 250, Total Loss: 15.8123, Recover Loss: 2.4298, miRNA CL: 6.6404, Disease CL: 6.4523, Inter-view (est): 3.0214, Recon Loss: 0.0266, Time: 218.65s
[INFO] Hypergraph updated at epoch 300

🔧 Epoch 300 梯度检查:
================================================================================

  参数名称                              梯度范数         梯度均值 状态             
  ----------------------------------------------------------------------
  type_relations                0.469631     0.011739 ✅ 正常           
  exist_relation                0.000129     0.000009 ✅ 正常           
  mi_proj_layer0                0.060055     0.000222 ✅ 正常           
  dis_proj_layer0               0.074808     0.000275 ✅ 正常           
================================================================================

Epoch 300, Total Loss: 15.6777, Recover Loss: 2.3903, miRNA CL: 6.6129, Disease CL: 6.3871, Inter-view (est): 3.0000, Recon Loss: 0.0260, Time: 250.90s
[INFO] Hypergraph updated at epoch 350

🔧 Epoch 350 梯度检查:
================================================================================

  参数名称                              梯度范数         梯度均值 状态             
  ----------------------------------------------------------------------
  type_relations                0.430576     0.010804 ✅ 正常           
  exist_relation                0.000128     0.000008 ✅ 正常           
  mi_proj_layer0                0.058647     0.000212 ✅ 正常           
  dis_proj_layer0               0.067785     0.000247 ✅ 正常           
================================================================================

Epoch 350, Total Loss: 15.5685, Recover Loss: 2.3522, miRNA CL: 6.5811, Disease CL: 6.3488, Inter-view (est): 2.9838, Recon Loss: 0.0262, Time: 283.27s
[INFO] Hypergraph updated at epoch 400

🔧 Epoch 400 梯度检查:
================================================================================

  参数名称                              梯度范数         梯度均值 状态             
  ----------------------------------------------------------------------
  type_relations                0.397062     0.010086 ✅ 正常           
  exist_relation                0.000127     0.000008 ✅ 正常           
  mi_proj_layer0                0.056777     0.000210 ✅ 正常           
  dis_proj_layer0               0.066363     0.000239 ✅ 正常           
================================================================================

Epoch 400, Total Loss: 15.4832, Recover Loss: 2.3373, miRNA CL: 6.5456, Disease CL: 6.3162, Inter-view (est): 2.9681, Recon Loss: 0.0252, Time: 315.79s
[INFO] Hypergraph updated at epoch 450

🔧 Epoch 450 梯度检查:
================================================================================

  参数名称                              梯度范数         梯度均值 状态             
  ----------------------------------------------------------------------
  type_relations                0.365723     0.008756 ✅ 正常           
  exist_relation                0.000126     0.000008 ✅ 正常           
  mi_proj_layer0                0.054811     0.000203 ✅ 正常           
  dis_proj_layer0               0.069398     0.000251 ✅ 正常           
================================================================================

Epoch 450, Total Loss: 15.3999, Recover Loss: 2.3125, miRNA CL: 6.5196, Disease CL: 6.2851, Inter-view (est): 2.9549, Recon Loss: 0.0254, Time: 348.76s
[INFO] Hypergraph updated at epoch 500

🔧 Epoch 500 梯度检查:
================================================================================

  参数名称                              梯度范数         梯度均值 状态             
  ----------------------------------------------------------------------
  type_relations                0.315463     0.008025 ✅ 正常           
  exist_relation                0.000125     0.000008 ✅ 正常           
  mi_proj_layer0                0.060297     0.000215 ✅ 正常           
  dis_proj_layer0               0.072952     0.000255 ✅ 正常           
================================================================================

Epoch 500, Total Loss: 15.3299, Recover Loss: 2.2970, miRNA CL: 6.4957, Disease CL: 6.2559, Inter-view (est): 2.9427, Recon Loss: 0.0257, Time: 380.92s
[INFO] Hypergraph updated at epoch 550

🔧 Epoch 550 梯度检查:
================================================================================

  参数名称                              梯度范数         梯度均值 状态             
  ----------------------------------------------------------------------
  type_relations                0.288340     0.007332 ✅ 正常           
  exist_relation                0.000124     0.000008 ✅ 正常           
  mi_proj_layer0                0.058253     0.000210 ✅ 正常           
  dis_proj_layer0               0.069939     0.000244 ✅ 正常           
================================================================================

Epoch 550, Total Loss: 15.2530, Recover Loss: 2.2731, miRNA CL: 6.4728, Disease CL: 6.2280, Inter-view (est): 2.9310, Recon Loss: 0.0251, Time: 413.25s
[INFO] Hypergraph updated at epoch 600

🔧 Epoch 600 梯度检查:
================================================================================

  参数名称                              梯度范数         梯度均值 状态             
  ----------------------------------------------------------------------
  type_relations                0.251040     0.006606 ✅ 正常           
  exist_relation                0.000123     0.000008 ✅ 正常           
  mi_proj_layer0                0.052163     0.000194 ✅ 正常           
  dis_proj_layer0               0.061510     0.000222 ✅ 正常           
================================================================================

Epoch 600, Total Loss: 15.2027, Recover Loss: 2.2480, miRNA CL: 6.4763, Disease CL: 6.2014, Inter-view (est): 2.9256, Recon Loss: 0.0249, Time: 446.11s
[INFO] Hypergraph updated at epoch 650

🔧 Epoch 650 梯度检查:
================================================================================

  参数名称                              梯度范数         梯度均值 状态             
  ----------------------------------------------------------------------
  type_relations                0.243957     0.006202 ✅ 正常           
  exist_relation                0.000122     0.000008 ✅ 正常           
  mi_proj_layer0                0.054547     0.000195 ✅ 正常           
  dis_proj_layer0               0.062835     0.000220 ✅ 正常           
================================================================================

Epoch 650, Total Loss: 15.1367, Recover Loss: 2.2323, miRNA CL: 6.4455, Disease CL: 6.1834, Inter-view (est): 2.9144, Recon Loss: 0.0248, Time: 478.45s

================================================================================
Training completed. Running final test...
================================================================================
Fold 3 completed - AUC: 0.9596, Top-1 F1: 0.6201
Fold 3 training time: 479.22 seconds
=== Cross Validation Fold 4/5 ===
Using hidden dimensions: [256, 256] with 4 attention heads
[ABLATION] Running with mode = no_hgcn
优化模型初始化: miRNA数量 = 495, 疾病数量 = 383
   节点维度: 256 → 128
   类型数量: 4
   Temperature: 2.0 (可学习)
   Loss mode: softmax_5class
   loss_mode=softmax_5class
   class_weights_5 (neg+4types): ['0.026', '0.970', '2.266', '1.215', '0.524']

✅ SimplifiedMultiTypeAssociationLoss 初始化 (改进版)
   类别权重 (beta=0.99999): ['0.780', '1.822', '0.977', '0.421']
Original positive index shape: torch.Size([1072, 2])
Original negative index shape: torch.Size([135416, 2])
采样后负样本数量: 10720
🎯 Building TRUE DUAL VIEWS from four different sources...
📊 Data sources loaded:
  Disease semantic: torch.Size([383, 383])
  miRNA functional: torch.Size([495, 495])
  Disease-gene: torch.Size([383, 383])
  miRNA-sequence: torch.Size([495, 495])
🧬 Building miRNA dual-view hypergraphs...
  📊 miRNA View 1 (Sequence): torch.Size([495, 878])
  📊 miRNA View 2 (Function): torch.Size([495, 878])
🦠 Building disease dual-view hypergraphs...
  📊 Disease View 1 (Gene): torch.Size([383, 878])
  📊 Disease View 2 (Semantic): torch.Size([383, 878])
✅ Successfully built TRUE DUAL VIEWS:
   🧬 miRNA: Sequence Features (m_ss.xlsx) vs Functional Similarity (mi_fun_sim_2.0.csv)
   🦠 Disease: Gene Features (d_gs.xlsx) vs Semantic Similarity (dis_sem_sim_2.0.csv)

🔧 Epoch 1 梯度检查:
================================================================================

  参数名称                              梯度范数         梯度均值 状态             
  ----------------------------------------------------------------------
  type_relations                0.570608     0.014961 ✅ 正常           
  exist_relation                0.000139     0.000010 ✅ 正常           
  mi_proj_layer0                1.042457     0.003289 ✅ 正常           
  dis_proj_layer0               1.181007     0.003497 ✅ 正常           
================================================================================

Epoch 1, Total Loss: 22.1146, Recover Loss: 3.0033, miRNA CL: 9.0692, Disease CL: 8.4279, Inter-view (est): 4.0378, Recon Loss: 1.3160, Time: 0.66s
[INFO] Hypergraph updated at epoch 5
[INFO] Hypergraph updated at epoch 10
[INFO] Hypergraph updated at epoch 15
[INFO] Hypergraph updated at epoch 20
[INFO] Hypergraph updated at epoch 25
[INFO] Hypergraph updated at epoch 30
[INFO] Hypergraph updated at epoch 35
[INFO] Hypergraph updated at epoch 40
[INFO] Hypergraph updated at epoch 45
[INFO] Hypergraph updated at epoch 50

🔧 Epoch 50 梯度检查:
================================================================================

  参数名称                              梯度范数         梯度均值 状态             
  ----------------------------------------------------------------------
  type_relations                0.313300     0.008891 ✅ 正常           
  exist_relation                0.000134     0.000009 ✅ 正常           
  mi_proj_layer0                0.063599     0.000234 ✅ 正常           
  dis_proj_layer0               0.079762     0.000290 ✅ 正常           
================================================================================

Epoch 50, Total Loss: 18.3605, Recover Loss: 2.6881, miRNA CL: 7.7727, Disease CL: 7.5229, Inter-view (est): 3.5298, Recon Loss: 0.0923, Time: 76.28s
[INFO] Hypergraph updated at epoch 100

🔧 Epoch 100 梯度检查:
================================================================================

  参数名称                              梯度范数         梯度均值 状态             
  ----------------------------------------------------------------------
  type_relations                0.508276     0.011905 ✅ 正常           
  exist_relation                0.000129     0.000009 ✅ 正常           
  mi_proj_layer0                0.065592     0.000237 ✅ 正常           
  dis_proj_layer0               0.083338     0.000303 ✅ 正常           
================================================================================

Epoch 100, Total Loss: 16.8440, Recover Loss: 2.5670, miRNA CL: 7.1477, Disease CL: 6.8293, Inter-view (est): 3.2255, Recon Loss: 0.0281, Time: 109.95s
[INFO] Hypergraph updated at epoch 150

🔧 Epoch 150 梯度检查:
================================================================================

  参数名称                              梯度范数         梯度均值 状态             
  ----------------------------------------------------------------------
  type_relations                0.450220     0.011309 ✅ 正常           
  exist_relation                0.000127     0.000008 ✅ 正常           
  mi_proj_layer0                0.064127     0.000236 ✅ 正常           
  dis_proj_layer0               0.078123     0.000287 ✅ 正常           
================================================================================

Epoch 150, Total Loss: 16.2155, Recover Loss: 2.5165, miRNA CL: 6.7660, Disease CL: 6.6375, Inter-view (est): 3.0931, Recon Loss: 0.0276, Time: 142.26s
[INFO] Hypergraph updated at epoch 200

🔧 Epoch 200 梯度检查:
================================================================================

  参数名称                              梯度范数         梯度均值 状态             
  ----------------------------------------------------------------------
  type_relations                0.494289     0.011806 ✅ 正常           
  exist_relation                0.000126     0.000008 ✅ 正常           
  mi_proj_layer0                0.062406     0.000229 ✅ 正常           
  dis_proj_layer0               0.078639     0.000284 ✅ 正常           
================================================================================

Epoch 200, Total Loss: 15.9932, Recover Loss: 2.4781, miRNA CL: 6.6833, Disease CL: 6.5386, Inter-view (est): 3.0512, Recon Loss: 0.0272, Time: 175.05s
[INFO] Hypergraph updated at epoch 250

🔧 Epoch 250 梯度检查:
================================================================================

  参数名称                              梯度范数         梯度均值 状态             
  ----------------------------------------------------------------------
  type_relations                0.481946     0.011445 ✅ 正常           
  exist_relation                0.000125     0.000008 ✅ 正常           
  mi_proj_layer0                0.062758     0.000227 ✅ 正常           
  dis_proj_layer0               0.074278     0.000274 ✅ 正常           
================================================================================

Epoch 250, Total Loss: 15.8012, Recover Loss: 2.4356, miRNA CL: 6.6297, Disease CL: 6.4449, Inter-view (est): 3.0172, Recon Loss: 0.0267, Time: 207.99s
[INFO] Hypergraph updated at epoch 300

🔧 Epoch 300 梯度检查:
================================================================================

  参数名称                              梯度范数         梯度均值 状态             
  ----------------------------------------------------------------------
  type_relations                0.425400     0.010739 ✅ 正常           
  exist_relation                0.000124     0.000008 ✅ 正常           
  mi_proj_layer0                0.064604     0.000236 ✅ 正常           
  dis_proj_layer0               0.075980     0.000273 ✅ 正常           
================================================================================

Epoch 300, Total Loss: 15.6819, Recover Loss: 2.4213, miRNA CL: 6.6000, Disease CL: 6.3725, Inter-view (est): 2.9936, Recon Loss: 0.0256, Time: 240.46s
[INFO] Hypergraph updated at epoch 350

🔧 Epoch 350 梯度检查:
================================================================================

  参数名称                              梯度范数         梯度均值 状态             
  ----------------------------------------------------------------------
  type_relations                0.431869     0.010097 ✅ 正常           
  exist_relation                0.000123     0.000008 ✅ 正常           
  mi_proj_layer0                0.062736     0.000226 ✅ 正常           
  dis_proj_layer0               0.076774     0.000273 ✅ 正常           
================================================================================

Epoch 350, Total Loss: 15.5690, Recover Loss: 2.3755, miRNA CL: 6.5772, Disease CL: 6.3297, Inter-view (est): 2.9785, Recon Loss: 0.0255, Time: 272.64s
[INFO] Hypergraph updated at epoch 400

🔧 Epoch 400 梯度检查:
================================================================================

  参数名称                              梯度范数         梯度均值 状态             
  ----------------------------------------------------------------------
  type_relations                0.368642     0.009063 ✅ 正常           
  exist_relation                0.000122     0.000008 ✅ 正常           
  mi_proj_layer0                0.055632     0.000202 ✅ 正常           
  dis_proj_layer0               0.067193     0.000238 ✅ 正常           
================================================================================

Epoch 400, Total Loss: 15.4595, Recover Loss: 2.3400, miRNA CL: 6.5409, Disease CL: 6.2937, Inter-view (est): 2.9618, Recon Loss: 0.0254, Time: 305.01s
[INFO] Hypergraph updated at epoch 450

🔧 Epoch 450 梯度检查:
================================================================================

  参数名称                              梯度范数         梯度均值 状态             
  ----------------------------------------------------------------------
  type_relations                0.364698     0.009133 ✅ 正常           
  exist_relation                0.000121     0.000008 ✅ 正常           
  mi_proj_layer0                0.065498     0.000231 ✅ 正常           
  dis_proj_layer0               0.076467     0.000262 ✅ 正常           
================================================================================

Epoch 450, Total Loss: 15.3880, Recover Loss: 2.3241, miRNA CL: 6.5191, Disease CL: 6.2618, Inter-view (est): 2.9494, Recon Loss: 0.0251, Time: 337.95s
[INFO] Hypergraph updated at epoch 500

🔧 Epoch 500 梯度检查:
================================================================================

  参数名称                              梯度范数         梯度均值 状态             
  ----------------------------------------------------------------------
  type_relations                0.341454     0.008291 ✅ 正常           
  exist_relation                0.000120     0.000008 ✅ 正常           
  mi_proj_layer0                0.055899     0.000201 ✅ 正常           
  dis_proj_layer0               0.068030     0.000243 ✅ 正常           
================================================================================

Epoch 500, Total Loss: 15.3005, Recover Loss: 2.2915, miRNA CL: 6.4964, Disease CL: 6.2314, Inter-view (est): 2.9372, Recon Loss: 0.0250, Time: 370.09s
[INFO] Hypergraph updated at epoch 550

🔧 Epoch 550 梯度检查:
================================================================================

  参数名称                              梯度范数         梯度均值 状态             
  ----------------------------------------------------------------------
  type_relations                0.268205     0.006687 ✅ 正常           
  exist_relation                0.000119     0.000008 ✅ 正常           
  mi_proj_layer0                0.056892     0.000202 ✅ 正常           
  dis_proj_layer0               0.066634     0.000232 ✅ 正常           
================================================================================

Epoch 550, Total Loss: 15.2286, Recover Loss: 2.2739, miRNA CL: 6.4738, Disease CL: 6.2023, Inter-view (est): 2.9253, Recon Loss: 0.0242, Time: 403.36s
[INFO] Hypergraph updated at epoch 600

🔧 Epoch 600 梯度检查:
================================================================================

  参数名称                              梯度范数         梯度均值 状态             
  ----------------------------------------------------------------------
  type_relations                0.279889     0.006835 ✅ 正常           
  exist_relation                0.000117     0.000007 ✅ 正常           
  mi_proj_layer0                0.056244     0.000201 ✅ 正常           
  dis_proj_layer0               0.062009     0.000222 ✅ 正常           
================================================================================

Epoch 600, Total Loss: 15.1485, Recover Loss: 2.2439, miRNA CL: 6.4521, Disease CL: 6.1757, Inter-view (est): 2.9141, Recon Loss: 0.0245, Time: 435.97s
[INFO] Hypergraph updated at epoch 650

🔧 Epoch 650 梯度检查:
================================================================================

  参数名称                              梯度范数         梯度均值 状态             
  ----------------------------------------------------------------------
  type_relations                0.265484     0.006701 ✅ 正常           
  exist_relation                0.000116     0.000007 ✅ 正常           
  mi_proj_layer0                0.063343     0.000218 ✅ 正常           
  dis_proj_layer0               0.065066     0.000228 ✅ 正常           
================================================================================

Epoch 650, Total Loss: 15.0926, Recover Loss: 2.2340, miRNA CL: 6.4325, Disease CL: 6.1513, Inter-view (est): 2.9040, Recon Loss: 0.0242, Time: 468.96s

================================================================================
Training completed. Running final test...
================================================================================
Fold 4 completed - AUC: 0.9610, Top-1 F1: 0.6566
Fold 4 training time: 469.77 seconds
=== Cross Validation Fold 5/5 ===
Using hidden dimensions: [256, 256] with 4 attention heads
[ABLATION] Running with mode = no_hgcn
优化模型初始化: miRNA数量 = 495, 疾病数量 = 383
   节点维度: 256 → 128
   类型数量: 4
   Temperature: 2.0 (可学习)
   Loss mode: softmax_5class
   loss_mode=softmax_5class
   class_weights_5 (neg+4types): ['0.026', '0.970', '2.266', '1.215', '0.524']

✅ SimplifiedMultiTypeAssociationLoss 初始化 (改进版)
   类别权重 (beta=0.99999): ['0.780', '1.822', '0.977', '0.421']
Original positive index shape: torch.Size([1072, 2])
Original negative index shape: torch.Size([135416, 2])
采样后负样本数量: 10720
🎯 Building TRUE DUAL VIEWS from four different sources...
📊 Data sources loaded:
  Disease semantic: torch.Size([383, 383])
  miRNA functional: torch.Size([495, 495])
  Disease-gene: torch.Size([383, 383])
  miRNA-sequence: torch.Size([495, 495])
🧬 Building miRNA dual-view hypergraphs...
  📊 miRNA View 1 (Sequence): torch.Size([495, 878])
  📊 miRNA View 2 (Function): torch.Size([495, 878])
🦠 Building disease dual-view hypergraphs...
  📊 Disease View 1 (Gene): torch.Size([383, 878])
  📊 Disease View 2 (Semantic): torch.Size([383, 878])
✅ Successfully built TRUE DUAL VIEWS:
   🧬 miRNA: Sequence Features (m_ss.xlsx) vs Functional Similarity (mi_fun_sim_2.0.csv)
   🦠 Disease: Gene Features (d_gs.xlsx) vs Semantic Similarity (dis_sem_sim_2.0.csv)

🔧 Epoch 1 梯度检查:
================================================================================

  参数名称                              梯度范数         梯度均值 状态             
  ----------------------------------------------------------------------
  type_relations                0.471575     0.013530 ✅ 正常           
  exist_relation                0.000139     0.000010 ✅ 正常           
  mi_proj_layer0                1.167814     0.003621 ✅ 正常           
  dis_proj_layer0               1.228706     0.003728 ✅ 正常           
================================================================================

Epoch 1, Total Loss: 22.0777, Recover Loss: 3.0126, miRNA CL: 9.0397, Disease CL: 8.3961, Inter-view (est): 4.0236, Recon Loss: 1.3312, Time: 0.72s
[INFO] Hypergraph updated at epoch 5
[INFO] Hypergraph updated at epoch 10
[INFO] Hypergraph updated at epoch 15
[INFO] Hypergraph updated at epoch 20
[INFO] Hypergraph updated at epoch 25
[INFO] Hypergraph updated at epoch 30
[INFO] Hypergraph updated at epoch 35
[INFO] Hypergraph updated at epoch 40
[INFO] Hypergraph updated at epoch 45
[INFO] Hypergraph updated at epoch 50

🔧 Epoch 50 梯度检查:
================================================================================

  参数名称                              梯度范数         梯度均值 状态             
  ----------------------------------------------------------------------
  type_relations                0.338028     0.010074 ✅ 正常           
  exist_relation                0.000134     0.000009 ✅ 正常           
  mi_proj_layer0                0.077197     0.000273 ✅ 正常           
  dis_proj_layer0               0.084915     0.000308 ✅ 正常           
================================================================================

Epoch 50, Total Loss: 18.3206, Recover Loss: 2.6900, miRNA CL: 7.7829, Disease CL: 7.5024, Inter-view (est): 3.5274, Recon Loss: 0.0607, Time: 78.27s
[INFO] Hypergraph updated at epoch 100

🔧 Epoch 100 梯度检查:
================================================================================

  参数名称                              梯度范数         梯度均值 状态             
  ----------------------------------------------------------------------
  type_relations                0.401088     0.010514 ✅ 正常           
  exist_relation                0.000128     0.000009 ✅ 正常           
  mi_proj_layer0                0.071083     0.000254 ✅ 正常           
  dis_proj_layer0               0.089463     0.000316 ✅ 正常           
================================================================================

Epoch 100, Total Loss: 16.8761, Recover Loss: 2.5703, miRNA CL: 7.2297, Disease CL: 6.7767, Inter-view (est): 3.2323, Recon Loss: 0.0278, Time: 110.63s
[INFO] Hypergraph updated at epoch 150

🔧 Epoch 150 梯度检查:
================================================================================

  参数名称                              梯度范数         梯度均值 状态             
  ----------------------------------------------------------------------
  type_relations                0.514730     0.012171 ✅ 正常           
  exist_relation                0.000126     0.000008 ✅ 正常           
  mi_proj_layer0                0.064841     0.000234 ✅ 正常           
  dis_proj_layer0               0.079096     0.000286 ✅ 正常           
================================================================================

Epoch 150, Total Loss: 16.0922, Recover Loss: 2.4806, miRNA CL: 6.7692, Disease CL: 6.5478, Inter-view (est): 3.0732, Recon Loss: 0.0277, Time: 142.73s
[INFO] Hypergraph updated at epoch 200

🔧 Epoch 200 梯度检查:
================================================================================

  参数名称                              梯度范数         梯度均值 状态             
  ----------------------------------------------------------------------
  type_relations                0.484425     0.011514 ✅ 正常           
  exist_relation                0.000125     0.000008 ✅ 正常           
  mi_proj_layer0                0.059485     0.000218 ✅ 正常           
  dis_proj_layer0               0.076249     0.000270 ✅ 正常           
================================================================================

Epoch 200, Total Loss: 15.8279, Recover Loss: 2.4236, miRNA CL: 6.6685, Disease CL: 6.4447, Inter-view (est): 3.0261, Recon Loss: 0.0267, Time: 174.49s
[INFO] Hypergraph updated at epoch 250

🔧 Epoch 250 梯度检查:
================================================================================

  参数名称                              梯度范数         梯度均值 状态             
  ----------------------------------------------------------------------
  type_relations                0.443778     0.010834 ✅ 正常           
  exist_relation                0.000123     0.000008 ✅ 正常           
  mi_proj_layer0                0.060605     0.000222 ✅ 正常           
  dis_proj_layer0               0.074587     0.000269 ✅ 正常           
================================================================================

Epoch 250, Total Loss: 15.6500, Recover Loss: 2.3843, miRNA CL: 6.6090, Disease CL: 6.3683, Inter-view (est): 2.9948, Recon Loss: 0.0262, Time: 206.45s
[INFO] Hypergraph updated at epoch 300

🔧 Epoch 300 梯度检查:
================================================================================

  参数名称                              梯度范数         梯度均值 状态             
  ----------------------------------------------------------------------
  type_relations                0.389852     0.009095 ✅ 正常           
  exist_relation                0.000122     0.000008 ✅ 正常           
  mi_proj_layer0                0.060043     0.000214 ✅ 正常           
  dis_proj_layer0               0.074986     0.000261 ✅ 正常           
================================================================================

Epoch 300, Total Loss: 15.5230, Recover Loss: 2.3575, miRNA CL: 6.5654, Disease CL: 6.3135, Inter-view (est): 2.9721, Recon Loss: 0.0265, Time: 238.89s
[INFO] Hypergraph updated at epoch 350

🔧 Epoch 350 梯度检查:
================================================================================

  参数名称                              梯度范数         梯度均值 状态             
  ----------------------------------------------------------------------
  type_relations                0.370919     0.008855 ✅ 正常           
  exist_relation                0.000121     0.000008 ✅ 正常           
  mi_proj_layer0                0.058524     0.000207 ✅ 正常           
  dis_proj_layer0               0.071469     0.000247 ✅ 正常           
================================================================================

Epoch 350, Total Loss: 15.4162, Recover Loss: 2.3177, miRNA CL: 6.5377, Disease CL: 6.2761, Inter-view (est): 2.9570, Recon Loss: 0.0265, Time: 271.55s
[INFO] Hypergraph updated at epoch 400

🔧 Epoch 400 梯度检查:
================================================================================

  参数名称                              梯度范数         梯度均值 状态             
  ----------------------------------------------------------------------
  type_relations                0.341898     0.008048 ✅ 正常           
  exist_relation                0.000120     0.000008 ✅ 正常           
  mi_proj_layer0                0.058421     0.000209 ✅ 正常           
  dis_proj_layer0               0.067434     0.000234 ✅ 正常           
================================================================================

Epoch 400, Total Loss: 15.3538, Recover Loss: 2.3098, miRNA CL: 6.5105, Disease CL: 6.2514, Inter-view (est): 2.9451, Recon Loss: 0.0255, Time: 303.55s
[INFO] Hypergraph updated at epoch 450

🔧 Epoch 450 梯度检查:
================================================================================

  参数名称                              梯度范数         梯度均值 状态             
  ----------------------------------------------------------------------
  type_relations                0.306275     0.007619 ✅ 正常           
  exist_relation                0.000119     0.000008 ✅ 正常           
  mi_proj_layer0                0.075338     0.000252 ✅ 正常           
  dis_proj_layer0               0.070684     0.000243 ✅ 正常           
================================================================================

Epoch 450, Total Loss: 15.2816, Recover Loss: 2.2890, miRNA CL: 6.4853, Disease CL: 6.2267, Inter-view (est): 2.9335, Recon Loss: 0.0257, Time: 335.68s
[INFO] Hypergraph updated at epoch 500

🔧 Epoch 500 梯度检查:
================================================================================

  参数名称                              梯度范数         梯度均值 状态             
  ----------------------------------------------------------------------
  type_relations                0.296041     0.007400 ✅ 正常           
  exist_relation                0.000117     0.000008 ✅ 正常           
  mi_proj_layer0                0.061724     0.000213 ✅ 正常           
  dis_proj_layer0               0.073557     0.000255 ✅ 正常           
================================================================================

Epoch 500, Total Loss: 15.2229, Recover Loss: 2.2642, miRNA CL: 6.4789, Disease CL: 6.2017, Inter-view (est): 2.9263, Recon Loss: 0.0253, Time: 367.96s
[INFO] Hypergraph updated at epoch 550

🔧 Epoch 550 梯度检查:
================================================================================

  参数名称                              梯度范数         梯度均值 状态             
  ----------------------------------------------------------------------
  type_relations                0.317107     0.007128 ✅ 正常           
  exist_relation                0.000117     0.000007 ✅ 正常           
  mi_proj_layer0                0.058684     0.000204 ✅ 正常           
  dis_proj_layer0               0.071531     0.000240 ✅ 正常           
================================================================================

Epoch 550, Total Loss: 15.1771, Recover Loss: 2.2536, miRNA CL: 6.4594, Disease CL: 6.1861, Inter-view (est): 2.9182, Recon Loss: 0.0263, Time: 400.70s
[INFO] Hypergraph updated at epoch 600

🔧 Epoch 600 梯度检查:
================================================================================

  参数名称                              梯度范数         梯度均值 状态             
  ----------------------------------------------------------------------
  type_relations                0.267692     0.006690 ✅ 正常           
  exist_relation                0.000116     0.000007 ✅ 正常           
  mi_proj_layer0                0.060582     0.000211 ✅ 正常           
  dis_proj_layer0               0.068827     0.000233 ✅ 正常           
================================================================================

Epoch 600, Total Loss: 15.1266, Recover Loss: 2.2386, miRNA CL: 6.4426, Disease CL: 6.1699, Inter-view (est): 2.9106, Recon Loss: 0.0249, Time: 433.19s
[INFO] Hypergraph updated at epoch 650

🔧 Epoch 650 梯度检查:
================================================================================

  参数名称                              梯度范数         梯度均值 状态             
  ----------------------------------------------------------------------
  type_relations                0.251696     0.006172 ✅ 正常           
  exist_relation                0.000115     0.000007 ✅ 正常           
  mi_proj_layer0                0.060536     0.000212 ✅ 正常           
  dis_proj_layer0               0.072342     0.000248 ✅ 正常           
================================================================================

Epoch 650, Total Loss: 15.0826, Recover Loss: 2.2297, miRNA CL: 6.4266, Disease CL: 6.1525, Inter-view (est): 2.9029, Recon Loss: 0.0246, Time: 465.75s

================================================================================
Training completed. Running final test...
================================================================================
Fold 5 completed - AUC: 0.9657, Top-1 F1: 0.6162
Fold 5 training time: 466.53 seconds
Average binary metrics across folds: [[0.96586545 0.96071241 0.9239471  0.92149254 0.9538806  0.88910448
  0.89649858]]
🎯 Average Top-1 metrics across folds: {'top1_precision': 0.5992537313432835, 'top1_recall': np.float64(0.65802567040626), 'top1_f1': np.float64(0.6270776530180213)}

📊 CV_type Style Metrics Details:
  AUC            : 0.9659
  AUPR           : 0.9607
  F1             : 0.9239
  Accuracy       : 0.9215
  Recall         : 0.9539
  Specificity    : 0.8891
  Precision      : 0.8965

🎯 Top-1 Metrics Details:
  top1_precision : 0.5993
  top1_recall    : 0.6580
  top1_f1        : 0.6271

Total execution time: 2358.79 seconds

==========================================================================================
🎯 FINAL COMPREHENSIVE RESULTS WITH TOP-1 METRICS
==========================================================================================
📊 Binary Classification Metrics (Original):
  AUC: 0.9659
  AUPR: 0.9607
  F1: 0.9239
  Accuracy: 0.9215
  Recall: 0.9539
  Specificity: 0.8891
  Precision: 0.8965

🎯 CV_type Style Metrics (Enhanced):
  AUC: 0.9659
  AUPR: 0.9607
  F1: 0.9239
  Accuracy: 0.9215
  Recall: 0.9539
  Specificity: 0.8891
  Precision: 0.8965

🏆 Top-1 Metrics (NEW):
  Top-1 Precision: 0.5993
  Top-1 Recall: 0.6580
  Top-1 F1: 0.6271
==========================================================================================

[ABL] no_avf (softmax_5class)
[CPU] torch.set_num_threads(14), interop=min(4, 14)
Using device: cpu
[INFO] Auto-computed BALANCED class weights (to prevent class collapse):
  Circulation  (367 samples): 0.780
  Epigenetics  (157 samples): 1.823
  Target       (293 samples): 0.977
  Genetics     (681 samples): 0.420
  [NOTE] Higher weights for minority classes to prevent model from only predicting majority class
[INFO] Using v2.0_495m383D dataset:
  miRNAs: 495
  Diseases: 383
  Expected associations: ~1498
  Types: 4 (Circulation, Epigenetics, Target, Genetics)

================================================================================
Configuration Summary
================================================================================
Dataset: v2.0_495m383D
Data Path: ./
Model: HeterogenousGraphCLAMIR
  - HGT Layers: 2
  - Attention Heads: 4
  - Association Types: 4
  - Inter-view CL: Enabled
    - Weight: 0.3
    - Temperature: 0.5
    - Margin: 0.5

Training:
  - Epochs: 650
  - Learning Rate: 0.0001
  - Dropout: 0.3
  - Weight Decay: 5e-05
  - Focal Loss: Enabled

Evaluation:
  - Cross-Validation Folds: 5
  - Primary Metric: AUPR

Device: cpu
Random Seed: 1234
================================================================================

🚀 Running with comprehensive evaluation including Top-1 metrics...
🎯 Loading dual-view data...
Starting dual-view data preparation with new file format...
Loading all similarity and feature files from v2.0_495m383D...
✅ Loaded disease semantic similarity from D_SSM1.txt: (383, 383)
✅ Loaded miRNA functional similarity from M_FSM.txt: (495, 495)
✅ Loaded multi-type association pairs from ./v2.0_495m383D\multi_all_mirna_disease_pairs_without_negative.csv: (1679, 3)
✅ Created multi-type association matrix: (495, 383)
📊 Multi-type Association Statistics:
   无关联 (No association): 188087 pairs (99.21%)
   循环类型 (Circulation): 367 pairs (0.19%)
   表观遗传学 (Epigenetics): 157 pairs (0.08%)
   靶标类型 (Target): 293 pairs (0.15%)
   遗传学类型 (Genetics): 681 pairs (0.36%)
✅ Created association matrix from CSV: (495, 383)
✅ Loaded disease-gene features from D_SSM2.txt: torch.Size([383, 383])
✅ Loaded miRNA-sequence features from M_GSM.txt: torch.Size([495, 495])
Processing integrated similarity matrices...
Loaded similarity matrices from cache
Processing indices...
Loaded indices from cache
✅ Dual-view data preparation completed in 0.38 seconds

============================================================
🎯 DUAL-VIEW CONFIGURATION SUMMARY (v2.0_495m383D)
============================================================
miRNA Dual Views:
  📊 View 1 (Sequence): M_GSM.txt torch.Size([495, 495])
  📊 View 2 (Function): M_FSM.txt torch.Size([495, 495])

Disease Dual Views:
  📊 View 1 (Gene): D_SSM2.txt torch.Size([383, 383])
  📊 View 2 (Semantic): D_SSM1.txt torch.Size([383, 383])

Association Matrix: torch.Size([495, 383])
Data source: v2.0_495m383D (495 miRNAs × 383 Diseases)
============================================================
Preloading dual-view data to device...
✅ Loaded disease-gene features to device: torch.Size([383, 383])
✅ Loaded miRNA-sequence features to device: torch.Size([495, 495])
✅ Loaded disease semantic similarity to device: torch.Size([383, 383])
✅ Loaded miRNA functional similarity to device: torch.Size([495, 495])
✅ Dual-view data preloading completed in 0.00 seconds
OptimizedDataset initialized with 5 folds
Using device: cpu
=== Cross Validation Fold 1/5 ===
Using hidden dimensions: [256, 256] with 4 attention heads
[ABLATION] Running with mode = no_avf
优化模型初始化: miRNA数量 = 495, 疾病数量 = 383
   节点维度: 256 → 128
   类型数量: 4
   Temperature: 2.0 (可学习)
   Loss mode: softmax_5class
   loss_mode=softmax_5class
   class_weights_5 (neg+4types): ['0.026', '0.970', '2.266', '1.215', '0.524']

✅ SimplifiedMultiTypeAssociationLoss 初始化 (改进版)
   类别权重 (beta=0.99999): ['0.780', '1.822', '0.977', '0.421']
Original positive index shape: torch.Size([1072, 2])
Original negative index shape: torch.Size([135416, 2])
采样后负样本数量: 10720
🎯 Building TRUE DUAL VIEWS from four different sources...
📊 Data sources loaded:
  Disease semantic: torch.Size([383, 383])
  miRNA functional: torch.Size([495, 495])
  Disease-gene: torch.Size([383, 383])
  miRNA-sequence: torch.Size([495, 495])
🧬 Building miRNA dual-view hypergraphs...
  📊 miRNA View 1 (Sequence): torch.Size([495, 878])
  📊 miRNA View 2 (Function): torch.Size([495, 878])
🦠 Building disease dual-view hypergraphs...
  📊 Disease View 1 (Gene): torch.Size([383, 878])
  📊 Disease View 2 (Semantic): torch.Size([383, 878])
✅ Successfully built TRUE DUAL VIEWS:
   🧬 miRNA: Sequence Features (m_ss.xlsx) vs Functional Similarity (mi_fun_sim_2.0.csv)
   🦠 Disease: Gene Features (d_gs.xlsx) vs Semantic Similarity (dis_sem_sim_2.0.csv)

🔧 Epoch 1 梯度检查:
================================================================================

  参数名称                              梯度范数         梯度均值 状态             
  ----------------------------------------------------------------------
  type_relations                0.667999     0.016587 ✅ 正常           
  exist_relation                0.000133     0.000009 ✅ 正常           
  mi_proj_layer0                1.354392     0.003951 ✅ 正常           
  dis_proj_layer0               1.316040     0.003860 ✅ 正常           
================================================================================

Epoch 1, Total Loss: 22.2036, Recover Loss: 2.9528, miRNA CL: 8.9730, Disease CL: 8.4521, Inter-view (est): 4.0212, Recon Loss: 1.5277, Time: 0.64s
[INFO] Hypergraph updated at epoch 5
[INFO] Hypergraph updated at epoch 10
[INFO] Hypergraph updated at epoch 15
[INFO] Hypergraph updated at epoch 20
[INFO] Hypergraph updated at epoch 25
[INFO] Hypergraph updated at epoch 30
[INFO] Hypergraph updated at epoch 35
[INFO] Hypergraph updated at epoch 40
[INFO] Hypergraph updated at epoch 45
[INFO] Hypergraph updated at epoch 50

🔧 Epoch 50 梯度检查:
================================================================================

  参数名称                              梯度范数         梯度均值 状态             
  ----------------------------------------------------------------------
  type_relations                0.296448     0.008851 ✅ 正常           
  exist_relation                0.000129     0.000009 ✅ 正常           
  mi_proj_layer0                0.071384     0.000259 ✅ 正常           
  dis_proj_layer0               0.078910     0.000285 ✅ 正常           
================================================================================

Epoch 50, Total Loss: 18.8006, Recover Loss: 2.6950, miRNA CL: 8.0195, Disease CL: 7.6965, Inter-view (est): 3.6268, Recon Loss: 0.1040, Time: 93.15s
[INFO] Hypergraph updated at epoch 100

🔧 Epoch 100 梯度检查:
================================================================================

  参数名称                              梯度范数         梯度均值 状态             
  ----------------------------------------------------------------------
  type_relations                0.310892     0.008980 ✅ 正常           
  exist_relation                0.000123     0.000008 ✅ 正常           
  mi_proj_layer0                0.067606     0.000236 ✅ 正常           
  dis_proj_layer0               0.077183     0.000275 ✅ 正常           
================================================================================

Epoch 100, Total Loss: 17.6250, Recover Loss: 2.6373, miRNA CL: 7.7432, Disease CL: 6.9425, Inter-view (est): 3.3890, Recon Loss: 0.0314, Time: 127.96s
[INFO] Hypergraph updated at epoch 150

🔧 Epoch 150 梯度检查:
================================================================================

  参数名称                              梯度范数         梯度均值 状态             
  ----------------------------------------------------------------------
  type_relations                0.323629     0.008846 ✅ 正常           
  exist_relation                0.000118     0.000008 ✅ 正常           
  mi_proj_layer0                0.066100     0.000244 ✅ 正常           
  dis_proj_layer0               0.079056     0.000289 ✅ 正常           
================================================================================

Epoch 150, Total Loss: 16.9205, Recover Loss: 2.5512, miRNA CL: 7.5277, Disease CL: 6.5505, Inter-view (est): 3.2488, Recon Loss: 0.0305, Time: 161.77s
[INFO] Hypergraph updated at epoch 200

🔧 Epoch 200 梯度检查:
================================================================================

  参数名称                              梯度范数         梯度均值 状态             
  ----------------------------------------------------------------------
  type_relations                0.344864     0.009022 ✅ 正常           
  exist_relation                0.000114     0.000007 ✅ 正常           
  mi_proj_layer0                0.073201     0.000260 ✅ 正常           
  dis_proj_layer0               0.085109     0.000311 ✅ 正常           
================================================================================

Epoch 200, Total Loss: 16.4458, Recover Loss: 2.4814, miRNA CL: 7.2803, Disease CL: 6.4003, Inter-view (est): 3.1571, Recon Loss: 0.0290, Time: 196.19s
[INFO] Hypergraph updated at epoch 250

🔧 Epoch 250 梯度检查:
================================================================================

  参数名称                              梯度范数         梯度均值 状态             
  ----------------------------------------------------------------------
  type_relations                0.297448     0.007670 ✅ 正常           
  exist_relation                0.000111     0.000007 ✅ 正常           
  mi_proj_layer0                0.063564     0.000234 ✅ 正常           
  dis_proj_layer0               0.068183     0.000246 ✅ 正常           
================================================================================

Epoch 250, Total Loss: 16.1630, Recover Loss: 2.4125, miRNA CL: 7.1444, Disease CL: 6.3264, Inter-view (est): 3.1086, Recon Loss: 0.0288, Time: 229.77s
[INFO] Hypergraph updated at epoch 300

🔧 Epoch 300 梯度检查:
================================================================================

  参数名称                              梯度范数         梯度均值 状态             
  ----------------------------------------------------------------------
  type_relations                0.273539     0.006870 ✅ 正常           
  exist_relation                0.000108     0.000007 ✅ 正常           
  mi_proj_layer0                0.060621     0.000227 ✅ 正常           
  dis_proj_layer0               0.072536     0.000260 ✅ 正常           
================================================================================

Epoch 300, Total Loss: 15.9639, Recover Loss: 2.3724, miRNA CL: 7.0469, Disease CL: 6.2688, Inter-view (est): 3.0729, Recon Loss: 0.0280, Time: 262.42s
[INFO] Hypergraph updated at epoch 350

🔧 Epoch 350 梯度检查:
================================================================================

  参数名称                              梯度范数         梯度均值 状态             
  ----------------------------------------------------------------------
  type_relations                0.231974     0.006387 ✅ 正常           
  exist_relation                0.000106     0.000006 ✅ 正常           
  mi_proj_layer0                0.063529     0.000235 ✅ 正常           
  dis_proj_layer0               0.065889     0.000243 ✅ 正常           
================================================================================

Epoch 350, Total Loss: 15.7999, Recover Loss: 2.3322, miRNA CL: 6.9684, Disease CL: 6.2260, Inter-view (est): 3.0449, Recon Loss: 0.0284, Time: 295.11s
[INFO] Hypergraph updated at epoch 400

🔧 Epoch 400 梯度检查:
================================================================================

  参数名称                              梯度范数         梯度均值 状态             
  ----------------------------------------------------------------------
  type_relations                0.254359     0.006557 ✅ 正常           
  exist_relation                0.000104     0.000006 ✅ 正常           
  mi_proj_layer0                0.060338     0.000227 ✅ 正常           
  dis_proj_layer0               0.072637     0.000264 ✅ 正常           
================================================================================

Epoch 400, Total Loss: 15.6457, Recover Loss: 2.2955, miRNA CL: 6.8830, Disease CL: 6.1972, Inter-view (est): 3.0185, Recon Loss: 0.0271, Time: 328.75s
[INFO] Hypergraph updated at epoch 450

🔧 Epoch 450 梯度检查:
================================================================================

  参数名称                              梯度范数         梯度均值 状态             
  ----------------------------------------------------------------------
  type_relations                0.203709     0.005728 ✅ 正常           
  exist_relation                0.000102     0.000006 ✅ 正常           
  mi_proj_layer0                0.057900     0.000213 ✅ 正常           
  dis_proj_layer0               0.063533     0.000233 ✅ 正常           
================================================================================

Epoch 450, Total Loss: 15.5681, Recover Loss: 2.2833, miRNA CL: 6.8322, Disease CL: 6.1836, Inter-view (est): 3.0037, Recon Loss: 0.0272, Time: 362.00s
[INFO] Hypergraph updated at epoch 500

🔧 Epoch 500 梯度检查:
================================================================================

  参数名称                              梯度范数         梯度均值 状态             
  ----------------------------------------------------------------------
  type_relations                0.179995     0.005034 ✅ 正常           
  exist_relation                0.000102     0.000006 ✅ 正常           
  mi_proj_layer0                0.058996     0.000216 ✅ 正常           
  dis_proj_layer0               0.060914     0.000224 ✅ 正常           
================================================================================

Epoch 500, Total Loss: 15.5068, Recover Loss: 2.2765, miRNA CL: 6.7859, Disease CL: 6.1757, Inter-view (est): 2.9911, Recon Loss: 0.0275, Time: 394.86s
[INFO] Hypergraph updated at epoch 550

🔧 Epoch 550 梯度检查:
================================================================================

  参数名称                              梯度范数         梯度均值 状态             
  ----------------------------------------------------------------------
  type_relations                0.188561     0.005096 ✅ 正常           
  exist_relation                0.000101     0.000006 ✅ 正常           
  mi_proj_layer0                0.058167     0.000215 ✅ 正常           
  dis_proj_layer0               0.065384     0.000235 ✅ 正常           
================================================================================

Epoch 550, Total Loss: 15.4635, Recover Loss: 2.2705, miRNA CL: 6.7556, Disease CL: 6.1702, Inter-view (est): 2.9829, Recon Loss: 0.0265, Time: 427.44s
[INFO] Hypergraph updated at epoch 600

🔧 Epoch 600 梯度检查:
================================================================================

  参数名称                              梯度范数         梯度均值 状态             
  ----------------------------------------------------------------------
  type_relations                0.176885     0.004967 ✅ 正常           
  exist_relation                0.000101     0.000006 ✅ 正常           
  mi_proj_layer0                0.059938     0.000219 ✅ 正常           
  dis_proj_layer0               0.063769     0.000232 ✅ 正常           
================================================================================

Epoch 600, Total Loss: 15.4304, Recover Loss: 2.2623, miRNA CL: 6.7370, Disease CL: 6.1650, Inter-view (est): 2.9774, Recon Loss: 0.0258, Time: 460.38s
[INFO] Hypergraph updated at epoch 650

🔧 Epoch 650 梯度检查:
================================================================================

  参数名称                              梯度范数         梯度均值 状态             
  ----------------------------------------------------------------------
  type_relations                0.204805     0.005611 ✅ 正常           
  exist_relation                0.000100     0.000006 ✅ 正常           
  mi_proj_layer0                0.063639     0.000232 ✅ 正常           
  dis_proj_layer0               0.066553     0.000242 ✅ 正常           
================================================================================

Epoch 650, Total Loss: 15.4026, Recover Loss: 2.2576, miRNA CL: 6.7192, Disease CL: 6.1597, Inter-view (est): 2.9721, Recon Loss: 0.0262, Time: 492.70s

================================================================================
Training completed. Running final test...
================================================================================
Fold 1 completed - AUC: 0.9767, Top-1 F1: 0.6148
Fold 1 training time: 493.77 seconds
=== Cross Validation Fold 2/5 ===
Using hidden dimensions: [256, 256] with 4 attention heads
[ABLATION] Running with mode = no_avf
优化模型初始化: miRNA数量 = 495, 疾病数量 = 383
   节点维度: 256 → 128
   类型数量: 4
   Temperature: 2.0 (可学习)
   Loss mode: softmax_5class
   loss_mode=softmax_5class
   class_weights_5 (neg+4types): ['0.026', '0.970', '2.266', '1.215', '0.524']

✅ SimplifiedMultiTypeAssociationLoss 初始化 (改进版)
   类别权重 (beta=0.99999): ['0.780', '1.822', '0.977', '0.421']
Original positive index shape: torch.Size([1072, 2])
Original negative index shape: torch.Size([135416, 2])
采样后负样本数量: 10720
🎯 Building TRUE DUAL VIEWS from four different sources...
📊 Data sources loaded:
  Disease semantic: torch.Size([383, 383])
  miRNA functional: torch.Size([495, 495])
  Disease-gene: torch.Size([383, 383])
  miRNA-sequence: torch.Size([495, 495])
🧬 Building miRNA dual-view hypergraphs...
  📊 miRNA View 1 (Sequence): torch.Size([495, 878])
  📊 miRNA View 2 (Function): torch.Size([495, 878])
🦠 Building disease dual-view hypergraphs...
  📊 Disease View 1 (Gene): torch.Size([383, 878])
  📊 Disease View 2 (Semantic): torch.Size([383, 878])
✅ Successfully built TRUE DUAL VIEWS:
   🧬 miRNA: Sequence Features (m_ss.xlsx) vs Functional Similarity (mi_fun_sim_2.0.csv)
   🦠 Disease: Gene Features (d_gs.xlsx) vs Semantic Similarity (dis_sem_sim_2.0.csv)

🔧 Epoch 1 梯度检查:
================================================================================

  参数名称                              梯度范数         梯度均值 状态             
  ----------------------------------------------------------------------
  type_relations                0.660635     0.016013 ✅ 正常           
  exist_relation                0.000146     0.000011 ✅ 正常           
  mi_proj_layer0                0.907639     0.002840 ✅ 正常           
  dis_proj_layer0               0.960622     0.002867 ✅ 正常           
================================================================================

Epoch 1, Total Loss: 22.1113, Recover Loss: 2.9627, miRNA CL: 8.8699, Disease CL: 8.4452, Inter-view (est): 3.9958, Recon Loss: 1.5352, Time: 0.63s
[INFO] Hypergraph updated at epoch 5
[INFO] Hypergraph updated at epoch 10
[INFO] Hypergraph updated at epoch 15
[INFO] Hypergraph updated at epoch 20
[INFO] Hypergraph updated at epoch 25
[INFO] Hypergraph updated at epoch 30
[INFO] Hypergraph updated at epoch 35
[INFO] Hypergraph updated at epoch 40
[INFO] Hypergraph updated at epoch 45
[INFO] Hypergraph updated at epoch 50

🔧 Epoch 50 梯度检查:
================================================================================

  参数名称                              梯度范数         梯度均值 状态             
  ----------------------------------------------------------------------
  type_relations                0.286782     0.008469 ✅ 正常           
  exist_relation                0.000141     0.000010 ✅ 正常           
  mi_proj_layer0                0.060421     0.000224 ✅ 正常           
  dis_proj_layer0               0.076426     0.000274 ✅ 正常           
================================================================================

Epoch 50, Total Loss: 18.8420, Recover Loss: 2.7164, miRNA CL: 7.9953, Disease CL: 7.6959, Inter-view (est): 3.6210, Recon Loss: 0.1492, Time: 95.89s
[INFO] Hypergraph updated at epoch 100

🔧 Epoch 100 梯度检查:
================================================================================

  参数名称                              梯度范数         梯度均值 状态             
  ----------------------------------------------------------------------
  type_relations                0.309639     0.007991 ✅ 正常           
  exist_relation                0.000135     0.000010 ✅ 正常           
  mi_proj_layer0                0.066989     0.000229 ✅ 正常           
  dis_proj_layer0               0.075093     0.000275 ✅ 正常           
================================================================================

Epoch 100, Total Loss: 17.6954, Recover Loss: 2.6626, miRNA CL: 7.7290, Disease CL: 7.0033, Inter-view (est): 3.3998, Recon Loss: 0.0304, Time: 131.88s
[INFO] Hypergraph updated at epoch 150

🔧 Epoch 150 梯度检查:
================================================================================

  参数名称                              梯度范数         梯度均值 状态             
  ----------------------------------------------------------------------
  type_relations                0.376814     0.008760 ✅ 正常           
  exist_relation                0.000130     0.000009 ✅ 正常           
  mi_proj_layer0                0.066061     0.000232 ✅ 正常           
  dis_proj_layer0               0.071425     0.000260 ✅ 正常           
================================================================================

Epoch 150, Total Loss: 16.9962, Recover Loss: 2.5714, miRNA CL: 7.4738, Disease CL: 6.6616, Inter-view (est): 3.2620, Recon Loss: 0.0293, Time: 164.53s
[INFO] Hypergraph updated at epoch 200

🔧 Epoch 200 梯度检查:
================================================================================

  参数名称                              梯度范数         梯度均值 状态             
  ----------------------------------------------------------------------
  type_relations                0.336522     0.007955 ✅ 正常           
  exist_relation                0.000126     0.000009 ✅ 正常           
  mi_proj_layer0                0.065235     0.000231 ✅ 正常           
  dis_proj_layer0               0.072438     0.000256 ✅ 正常           
================================================================================

Epoch 200, Total Loss: 16.5560, Recover Loss: 2.5073, miRNA CL: 7.2609, Disease CL: 6.5041, Inter-view (est): 3.1765, Recon Loss: 0.0286, Time: 196.60s
[INFO] Hypergraph updated at epoch 250

🔧 Epoch 250 梯度检查:
================================================================================

  参数名称                              梯度范数         梯度均值 状态             
  ----------------------------------------------------------------------
  type_relations                0.274948     0.007234 ✅ 正常           
  exist_relation                0.000123     0.000008 ✅ 正常           
  mi_proj_layer0                0.065161     0.000235 ✅ 正常           
  dis_proj_layer0               0.074724     0.000272 ✅ 正常           
================================================================================

Epoch 250, Total Loss: 16.2939, Recover Loss: 2.4617, miRNA CL: 7.1520, Disease CL: 6.4005, Inter-view (est): 3.1275, Recon Loss: 0.0283, Time: 229.40s
[INFO] Hypergraph updated at epoch 300

🔧 Epoch 300 梯度检查:
================================================================================

  参数名称                              梯度范数         梯度均值 状态             
  ----------------------------------------------------------------------
  type_relations                0.277925     0.007334 ✅ 正常           
  exist_relation                0.000120     0.000008 ✅ 正常           
  mi_proj_layer0                0.063844     0.000236 ✅ 正常           
  dis_proj_layer0               0.073135     0.000259 ✅ 正常           
================================================================================

Epoch 300, Total Loss: 16.0580, Recover Loss: 2.4153, miRNA CL: 7.0443, Disease CL: 6.3224, Inter-view (est): 3.0846, Recon Loss: 0.0282, Time: 262.83s
[INFO] Hypergraph updated at epoch 350

🔧 Epoch 350 梯度检查:
================================================================================

  参数名称                              梯度范数         梯度均值 状态             
  ----------------------------------------------------------------------
  type_relations                0.246668     0.006585 ✅ 正常           
  exist_relation                0.000116     0.000008 ✅ 正常           
  mi_proj_layer0                0.065408     0.000239 ✅ 正常           
  dis_proj_layer0               0.071741     0.000257 ✅ 正常           
================================================================================

Epoch 350, Total Loss: 15.8539, Recover Loss: 2.3666, miRNA CL: 6.9490, Disease CL: 6.2656, Inter-view (est): 3.0495, Recon Loss: 0.0281, Time: 295.16s
[INFO] Hypergraph updated at epoch 400

🔧 Epoch 400 梯度检查:
================================================================================

  参数名称                              梯度范数         梯度均值 状态             
  ----------------------------------------------------------------------
  type_relations                0.214394     0.005517 ✅ 正常           
  exist_relation                0.000114     0.000008 ✅ 正常           
  mi_proj_layer0                0.058002     0.000213 ✅ 正常           
  dis_proj_layer0               0.064006     0.000226 ✅ 正常           
================================================================================

Epoch 400, Total Loss: 15.7054, Recover Loss: 2.3377, miRNA CL: 6.8636, Disease CL: 6.2344, Inter-view (est): 3.0226, Recon Loss: 0.0269, Time: 327.78s
[INFO] Hypergraph updated at epoch 450

🔧 Epoch 450 梯度检查:
================================================================================

  参数名称                              梯度范数         梯度均值 状态             
  ----------------------------------------------------------------------
  type_relations                0.203817     0.005271 ✅ 正常           
  exist_relation                0.000113     0.000008 ✅ 正常           
  mi_proj_layer0                0.058773     0.000214 ✅ 正常           
  dis_proj_layer0               0.067979     0.000246 ✅ 正常           
================================================================================

Epoch 450, Total Loss: 15.6166, Recover Loss: 2.3218, miRNA CL: 6.8047, Disease CL: 6.2213, Inter-view (est): 3.0060, Recon Loss: 0.0268, Time: 360.84s
[INFO] Hypergraph updated at epoch 500

🔧 Epoch 500 梯度检查:
================================================================================

  参数名称                              梯度范数         梯度均值 状态             
  ----------------------------------------------------------------------
  type_relations                0.200535     0.005395 ✅ 正常           
  exist_relation                0.000112     0.000008 ✅ 正常           
  mi_proj_layer0                0.062076     0.000223 ✅ 正常           
  dis_proj_layer0               0.068338     0.000241 ✅ 正常           
================================================================================

Epoch 500, Total Loss: 15.5712, Recover Loss: 2.3245, miRNA CL: 6.7668, Disease CL: 6.2116, Inter-view (est): 2.9950, Recon Loss: 0.0269, Time: 393.35s
[INFO] Hypergraph updated at epoch 550

🔧 Epoch 550 梯度检查:
================================================================================

  参数名称                              梯度范数         梯度均值 状态             
  ----------------------------------------------------------------------
  type_relations                0.225889     0.005696 ✅ 正常           
  exist_relation                0.000112     0.000007 ✅ 正常           
  mi_proj_layer0                0.064590     0.000233 ✅ 正常           
  dis_proj_layer0               0.071012     0.000255 ✅ 正常           
================================================================================

Epoch 550, Total Loss: 15.5235, Recover Loss: 2.3145, miRNA CL: 6.7391, Disease CL: 6.2023, Inter-view (est): 2.9865, Recon Loss: 0.0267, Time: 427.16s
[INFO] Hypergraph updated at epoch 600

🔧 Epoch 600 梯度检查:
================================================================================

  参数名称                              梯度范数         梯度均值 状态             
  ----------------------------------------------------------------------
  type_relations                0.206828     0.005167 ✅ 正常           
  exist_relation                0.000111     0.000007 ✅ 正常           
  mi_proj_layer0                0.061274     0.000222 ✅ 正常           
  dis_proj_layer0               0.068483     0.000243 ✅ 正常           
================================================================================

Epoch 600, Total Loss: 15.4977, Recover Loss: 2.3077, miRNA CL: 6.7287, Disease CL: 6.1938, Inter-view (est): 2.9821, Recon Loss: 0.0270, Time: 459.86s
[INFO] Hypergraph updated at epoch 650

🔧 Epoch 650 梯度检查:
================================================================================

  参数名称                              梯度范数         梯度均值 状态             
  ----------------------------------------------------------------------
  type_relations                0.172331     0.004813 ✅ 正常           
  exist_relation                0.000110     0.000007 ✅ 正常           
  mi_proj_layer0                0.060783     0.000221 ✅ 正常           
  dis_proj_layer0               0.067814     0.000241 ✅ 正常           
================================================================================

Epoch 650, Total Loss: 15.4613, Recover Loss: 2.2950, miRNA CL: 6.7122, Disease CL: 6.1874, Inter-view (est): 2.9768, Recon Loss: 0.0266, Time: 492.96s

================================================================================
Training completed. Running final test...
================================================================================
Fold 2 completed - AUC: 0.9744, Top-1 F1: 0.5916
Fold 2 training time: 493.74 seconds
=== Cross Validation Fold 3/5 ===
Using hidden dimensions: [256, 256] with 4 attention heads
[ABLATION] Running with mode = no_avf
优化模型初始化: miRNA数量 = 495, 疾病数量 = 383
   节点维度: 256 → 128
   类型数量: 4
   Temperature: 2.0 (可学习)
   Loss mode: softmax_5class
   loss_mode=softmax_5class
   class_weights_5 (neg+4types): ['0.026', '0.970', '2.266', '1.215', '0.524']

✅ SimplifiedMultiTypeAssociationLoss 初始化 (改进版)
   类别权重 (beta=0.99999): ['0.780', '1.822', '0.977', '0.421']
Original positive index shape: torch.Size([1072, 2])
Original negative index shape: torch.Size([135416, 2])
采样后负样本数量: 10720
🎯 Building TRUE DUAL VIEWS from four different sources...
📊 Data sources loaded:
  Disease semantic: torch.Size([383, 383])
  miRNA functional: torch.Size([495, 495])
  Disease-gene: torch.Size([383, 383])
  miRNA-sequence: torch.Size([495, 495])
🧬 Building miRNA dual-view hypergraphs...
  📊 miRNA View 1 (Sequence): torch.Size([495, 878])
  📊 miRNA View 2 (Function): torch.Size([495, 878])
🦠 Building disease dual-view hypergraphs...
  📊 Disease View 1 (Gene): torch.Size([383, 878])
  📊 Disease View 2 (Semantic): torch.Size([383, 878])
✅ Successfully built TRUE DUAL VIEWS:
   🧬 miRNA: Sequence Features (m_ss.xlsx) vs Functional Similarity (mi_fun_sim_2.0.csv)
   🦠 Disease: Gene Features (d_gs.xlsx) vs Semantic Similarity (dis_sem_sim_2.0.csv)

🔧 Epoch 1 梯度检查:
================================================================================

  参数名称                              梯度范数         梯度均值 状态             
  ----------------------------------------------------------------------
  type_relations                0.688300     0.016019 ✅ 正常           
  exist_relation                0.000145     0.000010 ✅ 正常           
  mi_proj_layer0                1.881755     0.005674 ✅ 正常           
  dis_proj_layer0               1.850570     0.005977 ✅ 正常           
================================================================================

Epoch 1, Total Loss: 22.2282, Recover Loss: 3.0378, miRNA CL: 8.9437, Disease CL: 8.4171, Inter-view (est): 4.0063, Recon Loss: 1.5319, Time: 0.63s
[INFO] Hypergraph updated at epoch 5
[INFO] Hypergraph updated at epoch 10
[INFO] Hypergraph updated at epoch 15
[INFO] Hypergraph updated at epoch 20
[INFO] Hypergraph updated at epoch 25
[INFO] Hypergraph updated at epoch 30
[INFO] Hypergraph updated at epoch 35
[INFO] Hypergraph updated at epoch 40
[INFO] Hypergraph updated at epoch 45
[INFO] Hypergraph updated at epoch 50

🔧 Epoch 50 梯度检查:
================================================================================

  参数名称                              梯度范数         梯度均值 状态             
  ----------------------------------------------------------------------
  type_relations                0.311911     0.008728 ✅ 正常           
  exist_relation                0.000140     0.000010 ✅ 正常           
  mi_proj_layer0                0.068598     0.000244 ✅ 正常           
  dis_proj_layer0               0.075013     0.000275 ✅ 正常           
================================================================================

Epoch 50, Total Loss: 18.8741, Recover Loss: 2.6977, miRNA CL: 7.9967, Disease CL: 7.6985, Inter-view (est): 3.6220, Recon Loss: 0.1960, Time: 97.37s
[INFO] Hypergraph updated at epoch 100

🔧 Epoch 100 梯度检查:
================================================================================

  参数名称                              梯度范数         梯度均值 状态             
  ----------------------------------------------------------------------
  type_relations                0.324151     0.008527 ✅ 正常           
  exist_relation                0.000134     0.000009 ✅ 正常           
  mi_proj_layer0                0.067718     0.000246 ✅ 正常           
  dis_proj_layer0               0.071454     0.000259 ✅ 正常           
================================================================================

Epoch 100, Total Loss: 17.7564, Recover Loss: 2.6532, miRNA CL: 7.7420, Disease CL: 7.0596, Inter-view (est): 3.4157, Recon Loss: 0.0307, Time: 134.05s
[INFO] Hypergraph updated at epoch 150

🔧 Epoch 150 梯度检查:
================================================================================

  参数名称                              梯度范数         梯度均值 状态             
  ----------------------------------------------------------------------
  type_relations                0.338770     0.008635 ✅ 正常           
  exist_relation                0.000129     0.000009 ✅ 正常           
  mi_proj_layer0                0.076022     0.000266 ✅ 正常           
  dis_proj_layer0               0.069874     0.000258 ✅ 正常           
================================================================================

Epoch 150, Total Loss: 17.1202, Recover Loss: 2.5646, miRNA CL: 7.5538, Disease CL: 6.7112, Inter-view (est): 3.2919, Recon Loss: 0.0297, Time: 166.68s
[INFO] Hypergraph updated at epoch 200

🔧 Epoch 200 梯度检查:
================================================================================

  参数名称                              梯度范数         梯度均值 状态             
  ----------------------------------------------------------------------
  type_relations                0.319868     0.007961 ✅ 正常           
  exist_relation                0.000125     0.000008 ✅ 正常           
  mi_proj_layer0                0.069258     0.000249 ✅ 正常           
  dis_proj_layer0               0.075855     0.000271 ✅ 正常           
================================================================================

Epoch 200, Total Loss: 16.6094, Recover Loss: 2.5041, miRNA CL: 7.2852, Disease CL: 6.5363, Inter-view (est): 3.1896, Recon Loss: 0.0290, Time: 199.68s
[INFO] Hypergraph updated at epoch 250

🔧 Epoch 250 梯度检查:
================================================================================

  参数名称                              梯度范数         梯度均值 状态             
  ----------------------------------------------------------------------
  type_relations                0.272875     0.007043 ✅ 正常           
  exist_relation                0.000123     0.000008 ✅ 正常           
  mi_proj_layer0                0.067377     0.000248 ✅ 正常           
  dis_proj_layer0               0.074961     0.000271 ✅ 正常           
================================================================================

Epoch 250, Total Loss: 16.3331, Recover Loss: 2.4621, miRNA CL: 7.1577, Disease CL: 6.4332, Inter-view (est): 3.1364, Recon Loss: 0.0285, Time: 232.50s
[INFO] Hypergraph updated at epoch 300

🔧 Epoch 300 梯度检查:
================================================================================

  参数名称                              梯度范数         梯度均值 状态             
  ----------------------------------------------------------------------
  type_relations                0.274339     0.007195 ✅ 正常           
  exist_relation                0.000120     0.000008 ✅ 正常           
  mi_proj_layer0                0.075196     0.000268 ✅ 正常           
  dis_proj_layer0               0.078266     0.000282 ✅ 正常           
================================================================================

Epoch 300, Total Loss: 16.1150, Recover Loss: 2.4280, miRNA CL: 7.0618, Disease CL: 6.3480, Inter-view (est): 3.0946, Recon Loss: 0.0286, Time: 265.03s
[INFO] Hypergraph updated at epoch 350

🔧 Epoch 350 梯度检查:
================================================================================

  参数名称                              梯度范数         梯度均值 状态             
  ----------------------------------------------------------------------
  type_relations                0.269423     0.006680 ✅ 正常           
  exist_relation                0.000117     0.000007 ✅ 正常           
  mi_proj_layer0                0.076850     0.000273 ✅ 正常           
  dis_proj_layer0               0.071646     0.000261 ✅ 正常           
================================================================================

Epoch 350, Total Loss: 15.9027, Recover Loss: 2.3631, miRNA CL: 6.9761, Disease CL: 6.2905, Inter-view (est): 3.0615, Recon Loss: 0.0276, Time: 298.18s
[INFO] Hypergraph updated at epoch 400

🔧 Epoch 400 梯度检查:
================================================================================

  参数名称                              梯度范数         梯度均值 状态             
  ----------------------------------------------------------------------
  type_relations                0.249384     0.006546 ✅ 正常           
  exist_relation                0.000115     0.000007 ✅ 正常           
  mi_proj_layer0                0.064365     0.000239 ✅ 正常           
  dis_proj_layer0               0.073071     0.000269 ✅ 正常           
================================================================================

Epoch 400, Total Loss: 15.8016, Recover Loss: 2.3486, miRNA CL: 6.9197, Disease CL: 6.2624, Inter-view (est): 3.0420, Recon Loss: 0.0273, Time: 330.64s
[INFO] Hypergraph updated at epoch 450

🔧 Epoch 450 梯度检查:
================================================================================

  参数名称                              梯度范数         梯度均值 状态             
  ----------------------------------------------------------------------
  type_relations                0.197786     0.005587 ✅ 正常           
  exist_relation                0.000113     0.000007 ✅ 正常           
  mi_proj_layer0                0.061337     0.000234 ✅ 正常           
  dis_proj_layer0               0.064243     0.000242 ✅ 正常           
================================================================================

Epoch 450, Total Loss: 15.6897, Recover Loss: 2.3172, miRNA CL: 6.8582, Disease CL: 6.2443, Inter-view (est): 3.0236, Recon Loss: 0.0273, Time: 363.06s
[INFO] Hypergraph updated at epoch 500

🔧 Epoch 500 梯度检查:
================================================================================

  参数名称                              梯度范数         梯度均值 状态             
  ----------------------------------------------------------------------
  type_relations                0.205115     0.005485 ✅ 正常           
  exist_relation                0.000113     0.000007 ✅ 正常           
  mi_proj_layer0                0.064323     0.000240 ✅ 正常           
  dis_proj_layer0               0.070803     0.000264 ✅ 正常           
================================================================================

Epoch 500, Total Loss: 15.6288, Recover Loss: 2.3115, miRNA CL: 6.8158, Disease CL: 6.2327, Inter-view (est): 3.0112, Recon Loss: 0.0268, Time: 395.93s
[INFO] Hypergraph updated at epoch 550

🔧 Epoch 550 梯度检查:
================================================================================

  参数名称                              梯度范数         梯度均值 状态             
  ----------------------------------------------------------------------
  type_relations                0.236115     0.006416 ✅ 正常           
  exist_relation                0.000112     0.000007 ✅ 正常           
  mi_proj_layer0                0.065733     0.000243 ✅ 正常           
  dis_proj_layer0               0.069078     0.000254 ✅ 正常           
================================================================================

Epoch 550, Total Loss: 15.5698, Recover Loss: 2.2952, miRNA CL: 6.7832, Disease CL: 6.2234, Inter-view (est): 3.0015, Recon Loss: 0.0266, Time: 428.84s
[INFO] Hypergraph updated at epoch 600

🔧 Epoch 600 梯度检查:
================================================================================

  参数名称                              梯度范数         梯度均值 状态             
  ----------------------------------------------------------------------
  type_relations                0.205358     0.005854 ✅ 正常           
  exist_relation                0.000111     0.000007 ✅ 正常           
  mi_proj_layer0                0.066395     0.000248 ✅ 正常           
  dis_proj_layer0               0.066700     0.000248 ✅ 正常           
================================================================================

Epoch 600, Total Loss: 15.5315, Recover Loss: 2.2907, miRNA CL: 6.7587, Disease CL: 6.2145, Inter-view (est): 2.9938, Recon Loss: 0.0266, Time: 461.72s
[INFO] Hypergraph updated at epoch 650

🔧 Epoch 650 梯度检查:
================================================================================

  参数名称                              梯度范数         梯度均值 状态             
  ----------------------------------------------------------------------
  type_relations                0.169286     0.004623 ✅ 正常           
  exist_relation                0.000110     0.000007 ✅ 正常           
  mi_proj_layer0                0.063453     0.000234 ✅ 正常           
  dis_proj_layer0               0.065737     0.000242 ✅ 正常           
================================================================================

Epoch 650, Total Loss: 15.4934, Recover Loss: 2.2894, miRNA CL: 6.7316, Disease CL: 6.2055, Inter-view (est): 2.9855, Recon Loss: 0.0265, Time: 494.95s

================================================================================
Training completed. Running final test...
================================================================================
Fold 3 completed - AUC: 0.9722, Top-1 F1: 0.6129
Fold 3 training time: 495.74 seconds
=== Cross Validation Fold 4/5 ===
Using hidden dimensions: [256, 256] with 4 attention heads
[ABLATION] Running with mode = no_avf
优化模型初始化: miRNA数量 = 495, 疾病数量 = 383
   节点维度: 256 → 128
   类型数量: 4
   Temperature: 2.0 (可学习)
   Loss mode: softmax_5class
   loss_mode=softmax_5class
   class_weights_5 (neg+4types): ['0.026', '0.970', '2.266', '1.215', '0.524']

✅ SimplifiedMultiTypeAssociationLoss 初始化 (改进版)
   类别权重 (beta=0.99999): ['0.780', '1.822', '0.977', '0.421']
Original positive index shape: torch.Size([1072, 2])
Original negative index shape: torch.Size([135416, 2])
采样后负样本数量: 10720
🎯 Building TRUE DUAL VIEWS from four different sources...
📊 Data sources loaded:
  Disease semantic: torch.Size([383, 383])
  miRNA functional: torch.Size([495, 495])
  Disease-gene: torch.Size([383, 383])
  miRNA-sequence: torch.Size([495, 495])
🧬 Building miRNA dual-view hypergraphs...
  📊 miRNA View 1 (Sequence): torch.Size([495, 878])
  📊 miRNA View 2 (Function): torch.Size([495, 878])
🦠 Building disease dual-view hypergraphs...
  📊 Disease View 1 (Gene): torch.Size([383, 878])
  📊 Disease View 2 (Semantic): torch.Size([383, 878])
✅ Successfully built TRUE DUAL VIEWS:
   🧬 miRNA: Sequence Features (m_ss.xlsx) vs Functional Similarity (mi_fun_sim_2.0.csv)
   🦠 Disease: Gene Features (d_gs.xlsx) vs Semantic Similarity (dis_sem_sim_2.0.csv)

🔧 Epoch 1 梯度检查:
================================================================================

  参数名称                              梯度范数         梯度均值 状态             
  ----------------------------------------------------------------------
  type_relations                0.681462     0.016123 ✅ 正常           
  exist_relation                0.000139     0.000010 ✅ 正常           
  mi_proj_layer0                1.299194     0.004026 ✅ 正常           
  dis_proj_layer0               1.422728     0.004458 ✅ 正常           
================================================================================

Epoch 1, Total Loss: 22.1721, Recover Loss: 2.9793, miRNA CL: 8.9465, Disease CL: 8.4551, Inter-view (est): 4.0157, Recon Loss: 1.4930, Time: 0.63s
[INFO] Hypergraph updated at epoch 5
[INFO] Hypergraph updated at epoch 10
[INFO] Hypergraph updated at epoch 15
[INFO] Hypergraph updated at epoch 20
[INFO] Hypergraph updated at epoch 25
[INFO] Hypergraph updated at epoch 30
[INFO] Hypergraph updated at epoch 35
[INFO] Hypergraph updated at epoch 40
[INFO] Hypergraph updated at epoch 45
[INFO] Hypergraph updated at epoch 50

🔧 Epoch 50 梯度检查:
================================================================================

  参数名称                              梯度范数         梯度均值 状态             
  ----------------------------------------------------------------------
  type_relations                0.290968     0.008054 ✅ 正常           
  exist_relation                0.000134     0.000009 ✅ 正常           
  mi_proj_layer0                0.061229     0.000214 ✅ 正常           
  dis_proj_layer0               0.069005     0.000252 ✅ 正常           
================================================================================

Epoch 50, Total Loss: 18.9132, Recover Loss: 2.7020, miRNA CL: 7.9912, Disease CL: 7.7474, Inter-view (est): 3.6320, Recon Loss: 0.1877, Time: 90.96s
[INFO] Hypergraph updated at epoch 100

🔧 Epoch 100 梯度检查:
================================================================================

  参数名称                              梯度范数         梯度均值 状态             
  ----------------------------------------------------------------------
  type_relations                0.338001     0.008113 ✅ 正常           
  exist_relation                0.000128     0.000009 ✅ 正常           
  mi_proj_layer0                0.062770     0.000223 ✅ 正常           
  dis_proj_layer0               0.082243     0.000277 ✅ 正常           
================================================================================

Epoch 100, Total Loss: 17.7491, Recover Loss: 2.6452, miRNA CL: 7.7327, Disease CL: 7.0692, Inter-view (est): 3.4158, Recon Loss: 0.0316, Time: 127.69s
[INFO] Hypergraph updated at epoch 150

🔧 Epoch 150 梯度检查:
================================================================================

  参数名称                              梯度范数         梯度均值 状态             
  ----------------------------------------------------------------------
  type_relations                0.348122     0.008718 ✅ 正常           
  exist_relation                0.000124     0.000008 ✅ 正常           
  mi_proj_layer0                0.064968     0.000239 ✅ 正常           
  dis_proj_layer0               0.082162     0.000282 ✅ 正常           
================================================================================

Epoch 150, Total Loss: 17.0192, Recover Loss: 2.5810, miRNA CL: 7.4743, Disease CL: 6.6734, Inter-view (est): 3.2649, Recon Loss: 0.0301, Time: 160.39s
[INFO] Hypergraph updated at epoch 200

🔧 Epoch 200 梯度检查:
================================================================================

  参数名称                              梯度范数         梯度均值 状态             
  ----------------------------------------------------------------------
  type_relations                0.352516     0.008517 ✅ 正常           
  exist_relation                0.000120     0.000008 ✅ 正常           
  mi_proj_layer0                0.068174     0.000236 ✅ 正常           
  dis_proj_layer0               0.082720     0.000281 ✅ 正常           
================================================================================

Epoch 200, Total Loss: 16.4651, Recover Loss: 2.4952, miRNA CL: 7.2155, Disease CL: 6.4694, Inter-view (est): 3.1581, Recon Loss: 0.0307, Time: 193.31s
[INFO] Hypergraph updated at epoch 250

🔧 Epoch 250 梯度检查:
================================================================================

  参数名称                              梯度范数         梯度均值 状态             
  ----------------------------------------------------------------------
  type_relations                0.322126     0.007858 ✅ 正常           
  exist_relation                0.000117     0.000007 ✅ 正常           
  mi_proj_layer0                0.065166     0.000235 ✅ 正常           
  dis_proj_layer0               0.071434     0.000254 ✅ 正常           
================================================================================

Epoch 250, Total Loss: 16.2189, Recover Loss: 2.4420, miRNA CL: 7.1126, Disease CL: 6.3852, Inter-view (est): 3.1149, Recon Loss: 0.0287, Time: 226.06s
[INFO] Hypergraph updated at epoch 300

🔧 Epoch 300 梯度检查:
================================================================================

  参数名称                              梯度范数         梯度均值 状态             
  ----------------------------------------------------------------------
  type_relations                0.253723     0.006545 ✅ 正常           
  exist_relation                0.000114     0.000007 ✅ 正常           
  mi_proj_layer0                0.065460     0.000237 ✅ 正常           
  dis_proj_layer0               0.077899     0.000264 ✅ 正常           
================================================================================

Epoch 300, Total Loss: 16.0268, Recover Loss: 2.4095, miRNA CL: 7.0230, Disease CL: 6.3200, Inter-view (est): 3.0792, Recon Loss: 0.0273, Time: 259.24s
[INFO] Hypergraph updated at epoch 350

🔧 Epoch 350 梯度检查:
================================================================================

  参数名称                              梯度范数         梯度均值 状态             
  ----------------------------------------------------------------------
  type_relations                0.249370     0.006691 ✅ 正常           
  exist_relation                0.000111     0.000007 ✅ 正常           
  mi_proj_layer0                0.067212     0.000243 ✅ 正常           
  dis_proj_layer0               0.078123     0.000273 ✅ 正常           
================================================================================

Epoch 350, Total Loss: 15.8370, Recover Loss: 2.3637, miRNA CL: 6.9413, Disease CL: 6.2606, Inter-view (est): 3.0466, Recon Loss: 0.0274, Time: 292.02s
[INFO] Hypergraph updated at epoch 400

🔧 Epoch 400 梯度检查:
================================================================================

  参数名称                              梯度范数         梯度均值 状态             
  ----------------------------------------------------------------------
  type_relations                0.220290     0.005984 ✅ 正常           
  exist_relation                0.000109     0.000007 ✅ 正常           
  mi_proj_layer0                0.067355     0.000244 ✅ 正常           
  dis_proj_layer0               0.075705     0.000275 ✅ 正常           
================================================================================

Epoch 400, Total Loss: 15.6811, Recover Loss: 2.3485, miRNA CL: 6.8392, Disease CL: 6.2247, Inter-view (est): 3.0147, Recon Loss: 0.0267, Time: 324.83s
[INFO] Hypergraph updated at epoch 450

🔧 Epoch 450 梯度检查:
================================================================================

  参数名称                              梯度范数         梯度均值 状态             
  ----------------------------------------------------------------------
  type_relations                0.237111     0.006481 ✅ 正常           
  exist_relation                0.000108     0.000006 ✅ 正常           
  mi_proj_layer0                0.069284     0.000250 ✅ 正常           
  dis_proj_layer0               0.085213     0.000293 ✅ 正常           
================================================================================

Epoch 450, Total Loss: 15.6059, Recover Loss: 2.3329, miRNA CL: 6.7943, Disease CL: 6.2105, Inter-view (est): 3.0011, Recon Loss: 0.0269, Time: 357.68s
[INFO] Hypergraph updated at epoch 500

🔧 Epoch 500 梯度检查:
================================================================================

  参数名称                              梯度范数         梯度均值 状态             
  ----------------------------------------------------------------------
  type_relations                0.203720     0.005383 ✅ 正常           
  exist_relation                0.000107     0.000006 ✅ 正常           
  mi_proj_layer0                0.060965     0.000223 ✅ 正常           
  dis_proj_layer0               0.063385     0.000234 ✅ 正常           
================================================================================

Epoch 500, Total Loss: 15.5414, Recover Loss: 2.3066, miRNA CL: 6.7660, Disease CL: 6.2017, Inter-view (est): 2.9925, Recon Loss: 0.0264, Time: 389.92s
[INFO] Hypergraph updated at epoch 550

🔧 Epoch 550 梯度检查:
================================================================================

  参数名称                              梯度范数         梯度均值 状态             
  ----------------------------------------------------------------------
  type_relations                0.158772     0.004340 ✅ 正常           
  exist_relation                0.000107     0.000006 ✅ 正常           
  mi_proj_layer0                0.058927     0.000220 ✅ 正常           
  dis_proj_layer0               0.064911     0.000230 ✅ 正常           
================================================================================

Epoch 550, Total Loss: 15.5265, Recover Loss: 2.2990, miRNA CL: 6.7656, Disease CL: 6.1953, Inter-view (est): 2.9910, Recon Loss: 0.0262, Time: 422.85s
[INFO] Hypergraph updated at epoch 600

🔧 Epoch 600 梯度检查:
================================================================================

  参数名称                              梯度范数         梯度均值 状态             
  ----------------------------------------------------------------------
  type_relations                0.197347     0.005463 ✅ 正常           
  exist_relation                0.000106     0.000006 ✅ 正常           
  mi_proj_layer0                0.072827     0.000251 ✅ 正常           
  dis_proj_layer0               0.067326     0.000238 ✅ 正常           
================================================================================

Epoch 600, Total Loss: 15.5008, Recover Loss: 2.3015, miRNA CL: 6.7432, Disease CL: 6.1896, Inter-view (est): 2.9845, Recon Loss: 0.0265, Time: 454.93s
[INFO] Hypergraph updated at epoch 650

🔧 Epoch 650 梯度检查:
================================================================================

  参数名称                              梯度范数         梯度均值 状态             
  ----------------------------------------------------------------------
  type_relations                0.228062     0.006107 ✅ 正常           
  exist_relation                0.000106     0.000006 ✅ 正常           
  mi_proj_layer0                0.061358     0.000224 ✅ 正常           
  dis_proj_layer0               0.072222     0.000255 ✅ 正常           
================================================================================

Epoch 650, Total Loss: 15.4758, Recover Loss: 2.2955, miRNA CL: 6.7306, Disease CL: 6.1840, Inter-view (est): 2.9803, Recon Loss: 0.0261, Time: 487.95s

================================================================================
Training completed. Running final test...
================================================================================
Fold 4 completed - AUC: 0.9698, Top-1 F1: 0.6076
Fold 4 training time: 488.74 seconds
=== Cross Validation Fold 5/5 ===
Using hidden dimensions: [256, 256] with 4 attention heads
[ABLATION] Running with mode = no_avf
优化模型初始化: miRNA数量 = 495, 疾病数量 = 383
   节点维度: 256 → 128
   类型数量: 4
   Temperature: 2.0 (可学习)
   Loss mode: softmax_5class
   loss_mode=softmax_5class
   class_weights_5 (neg+4types): ['0.026', '0.970', '2.266', '1.215', '0.524']

✅ SimplifiedMultiTypeAssociationLoss 初始化 (改进版)
   类别权重 (beta=0.99999): ['0.780', '1.822', '0.977', '0.421']
Original positive index shape: torch.Size([1072, 2])
Original negative index shape: torch.Size([135416, 2])
采样后负样本数量: 10720
🎯 Building TRUE DUAL VIEWS from four different sources...
📊 Data sources loaded:
  Disease semantic: torch.Size([383, 383])
  miRNA functional: torch.Size([495, 495])
  Disease-gene: torch.Size([383, 383])
  miRNA-sequence: torch.Size([495, 495])
🧬 Building miRNA dual-view hypergraphs...
  📊 miRNA View 1 (Sequence): torch.Size([495, 878])
  📊 miRNA View 2 (Function): torch.Size([495, 878])
🦠 Building disease dual-view hypergraphs...
  📊 Disease View 1 (Gene): torch.Size([383, 878])
  📊 Disease View 2 (Semantic): torch.Size([383, 878])
✅ Successfully built TRUE DUAL VIEWS:
   🧬 miRNA: Sequence Features (m_ss.xlsx) vs Functional Similarity (mi_fun_sim_2.0.csv)
   🦠 Disease: Gene Features (d_gs.xlsx) vs Semantic Similarity (dis_sem_sim_2.0.csv)

🔧 Epoch 1 梯度检查:
================================================================================

  参数名称                              梯度范数         梯度均值 状态             
  ----------------------------------------------------------------------
  type_relations                0.530631     0.014211 ✅ 正常           
  exist_relation                0.000139     0.000010 ✅ 正常           
  mi_proj_layer0                1.814896     0.005655 ✅ 正常           
  dis_proj_layer0               1.734930     0.005339 ✅ 正常           
================================================================================

Epoch 1, Total Loss: 22.2165, Recover Loss: 3.0120, miRNA CL: 8.9332, Disease CL: 8.4294, Inter-view (est): 4.0067, Recon Loss: 1.5439, Time: 0.62s
[INFO] Hypergraph updated at epoch 5
[INFO] Hypergraph updated at epoch 10
[INFO] Hypergraph updated at epoch 15
[INFO] Hypergraph updated at epoch 20
[INFO] Hypergraph updated at epoch 25
[INFO] Hypergraph updated at epoch 30
[INFO] Hypergraph updated at epoch 35
[INFO] Hypergraph updated at epoch 40
[INFO] Hypergraph updated at epoch 45
[INFO] Hypergraph updated at epoch 50

🔧 Epoch 50 梯度检查:
================================================================================

  参数名称                              梯度范数         梯度均值 状态             
  ----------------------------------------------------------------------
  type_relations                0.321504     0.009256 ✅ 正常           
  exist_relation                0.000134     0.000009 ✅ 正常           
  mi_proj_layer0                0.073032     0.000257 ✅ 正常           
  dis_proj_layer0               0.078502     0.000273 ✅ 正常           
================================================================================

Epoch 50, Total Loss: 18.8837, Recover Loss: 2.7136, miRNA CL: 8.0547, Disease CL: 7.7268, Inter-view (est): 3.6419, Recon Loss: 0.1030, Time: 95.32s
[INFO] Hypergraph updated at epoch 100

🔧 Epoch 100 梯度检查:
================================================================================

  参数名称                              梯度范数         梯度均值 状态             
  ----------------------------------------------------------------------
  type_relations                0.253363     0.007336 ✅ 正常           
  exist_relation                0.000128     0.000009 ✅ 正常           
  mi_proj_layer0                0.064898     0.000229 ✅ 正常           
  dis_proj_layer0               0.078060     0.000259 ✅ 正常           
================================================================================

Epoch 100, Total Loss: 17.7701, Recover Loss: 2.6614, miRNA CL: 7.7485, Disease CL: 7.0582, Inter-view (est): 3.4169, Recon Loss: 0.0314, Time: 129.84s
[INFO] Hypergraph updated at epoch 150

🔧 Epoch 150 梯度检查:
================================================================================

  参数名称                              梯度范数         梯度均值 状态             
  ----------------------------------------------------------------------
  type_relations                0.316130     0.007705 ✅ 正常           
  exist_relation                0.000123     0.000008 ✅ 正常           
  mi_proj_layer0                0.062168     0.000229 ✅ 正常           
  dis_proj_layer0               0.070934     0.000254 ✅ 正常           
================================================================================

Epoch 150, Total Loss: 17.1231, Recover Loss: 2.5790, miRNA CL: 7.5728, Disease CL: 6.6815, Inter-view (est): 3.2895, Recon Loss: 0.0293, Time: 162.61s
[INFO] Hypergraph updated at epoch 200

🔧 Epoch 200 梯度检查:
================================================================================

  参数名称                              梯度范数         梯度均值 状态             
  ----------------------------------------------------------------------
  type_relations                0.273685     0.007104 ✅ 正常           
  exist_relation                0.000119     0.000008 ✅ 正常           
  mi_proj_layer0                0.072282     0.000253 ✅ 正常           
  dis_proj_layer0               0.072805     0.000258 ✅ 正常           
================================================================================

Epoch 200, Total Loss: 16.5422, Recover Loss: 2.5000, miRNA CL: 7.2978, Disease CL: 6.4611, Inter-view (est): 3.1751, Recon Loss: 0.0292, Time: 195.47s
[INFO] Hypergraph updated at epoch 250

🔧 Epoch 250 梯度检查:
================================================================================

  参数名称                              梯度范数         梯度均值 状态             
  ----------------------------------------------------------------------
  type_relations                0.281805     0.007285 ✅ 正常           
  exist_relation                0.000116     0.000007 ✅ 正常           
  mi_proj_layer0                0.059130     0.000222 ✅ 正常           
  dis_proj_layer0               0.071924     0.000260 ✅ 正常           
================================================================================

Epoch 250, Total Loss: 16.2431, Recover Loss: 2.4385, miRNA CL: 7.1519, Disease CL: 6.3735, Inter-view (est): 3.1213, Recon Loss: 0.0287, Time: 228.25s
[INFO] Hypergraph updated at epoch 300

🔧 Epoch 300 梯度检查:
================================================================================

  参数名称                              梯度范数         梯度均值 状态             
  ----------------------------------------------------------------------
  type_relations                0.279889     0.006998 ✅ 正常           
  exist_relation                0.000114     0.000007 ✅ 正常           
  mi_proj_layer0                0.072877     0.000259 ✅ 正常           
  dis_proj_layer0               0.082767     0.000286 ✅ 正常           
================================================================================

Epoch 300, Total Loss: 16.0922, Recover Loss: 2.4109, miRNA CL: 7.0769, Disease CL: 6.3282, Inter-view (est): 3.0935, Recon Loss: 0.0284, Time: 260.81s
[INFO] Hypergraph updated at epoch 350

🔧 Epoch 350 梯度检查:
================================================================================

  参数名称                              梯度范数         梯度均值 状态             
  ----------------------------------------------------------------------
  type_relations                0.224667     0.006111 ✅ 正常           
  exist_relation                0.000111     0.000007 ✅ 正常           
  mi_proj_layer0                0.059952     0.000225 ✅ 正常           
  dis_proj_layer0               0.069095     0.000250 ✅ 正常           
================================================================================

Epoch 350, Total Loss: 15.9190, Recover Loss: 2.3525, miRNA CL: 7.0054, Disease CL: 6.2875, Inter-view (est): 3.0676, Recon Loss: 0.0283, Time: 294.16s
[INFO] Hypergraph updated at epoch 400

🔧 Epoch 400 梯度检查:
================================================================================

  参数名称                              梯度范数         梯度均值 状态             
  ----------------------------------------------------------------------
  type_relations                0.200008     0.005398 ✅ 正常           
  exist_relation                0.000109     0.000007 ✅ 正常           
  mi_proj_layer0                0.067206     0.000240 ✅ 正常           
  dis_proj_layer0               0.073093     0.000256 ✅ 正常           
================================================================================

Epoch 400, Total Loss: 15.7836, Recover Loss: 2.3287, miRNA CL: 6.9354, Disease CL: 6.2494, Inter-view (est): 3.0426, Recon Loss: 0.0272, Time: 326.77s
[INFO] Hypergraph updated at epoch 450

🔧 Epoch 450 梯度检查:
================================================================================

  参数名称                              梯度范数         梯度均值 状态             
  ----------------------------------------------------------------------
  type_relations                0.186078     0.005237 ✅ 正常           
  exist_relation                0.000106     0.000006 ✅ 正常           
  mi_proj_layer0                0.072292     0.000262 ✅ 正常           
  dis_proj_layer0               0.076124     0.000268 ✅ 正常           
================================================================================

Epoch 450, Total Loss: 15.6455, Recover Loss: 2.3008, miRNA CL: 6.8576, Disease CL: 6.2185, Inter-view (est): 3.0176, Recon Loss: 0.0273, Time: 359.82s
[INFO] Hypergraph updated at epoch 500

🔧 Epoch 500 梯度检查:
================================================================================

  参数名称                              梯度范数         梯度均值 状态             
  ----------------------------------------------------------------------
  type_relations                0.191726     0.005441 ✅ 正常           
  exist_relation                0.000105     0.000006 ✅ 正常           
  mi_proj_layer0                0.062202     0.000229 ✅ 正常           
  dis_proj_layer0               0.078258     0.000277 ✅ 正常           
================================================================================

Epoch 500, Total Loss: 15.5638, Recover Loss: 2.2845, miRNA CL: 6.8095, Disease CL: 6.2026, Inter-view (est): 3.0028, Recon Loss: 0.0269, Time: 393.02s
[INFO] Hypergraph updated at epoch 550

🔧 Epoch 550 梯度检查:
================================================================================

  参数名称                              梯度范数         梯度均值 状态             
  ----------------------------------------------------------------------
  type_relations                0.244820     0.006122 ✅ 正常           
  exist_relation                0.000105     0.000006 ✅ 正常           
  mi_proj_layer0                0.070075     0.000254 ✅ 正常           
  dis_proj_layer0               0.089456     0.000298 ✅ 正常           
================================================================================

Epoch 550, Total Loss: 15.5171, Recover Loss: 2.2861, miRNA CL: 6.7706, Disease CL: 6.1939, Inter-view (est): 2.9918, Recon Loss: 0.0267, Time: 425.48s
[INFO] Hypergraph updated at epoch 600

🔧 Epoch 600 梯度检查:
================================================================================

  参数名称                              梯度范数         梯度均值 状态             
  ----------------------------------------------------------------------
  type_relations                0.179471     0.005003 ✅ 正常           
  exist_relation                0.000104     0.000006 ✅ 正常           
  mi_proj_layer0                0.059518     0.000218 ✅ 正常           
  dis_proj_layer0               0.062333     0.000231 ✅ 正常           
================================================================================

Epoch 600, Total Loss: 15.4675, Recover Loss: 2.2584, miRNA CL: 6.7566, Disease CL: 6.1863, Inter-view (est): 2.9868, Recon Loss: 0.0269, Time: 458.02s
[INFO] Hypergraph updated at epoch 650

🔧 Epoch 650 梯度检查:
================================================================================

  参数名称                              梯度范数         梯度均值 状态             
  ----------------------------------------------------------------------
  type_relations                0.193531     0.005142 ✅ 正常           
  exist_relation                0.000103     0.000006 ✅ 正常           
  mi_proj_layer0                0.068277     0.000245 ✅ 正常           
  dis_proj_layer0               0.075179     0.000272 ✅ 正常           
================================================================================

Epoch 650, Total Loss: 15.4556, Recover Loss: 2.2537, miRNA CL: 6.7571, Disease CL: 6.1789, Inter-view (est): 2.9852, Recon Loss: 0.0272, Time: 490.71s

================================================================================
Training completed. Running final test...
================================================================================
Fold 5 completed - AUC: 0.9754, Top-1 F1: 0.6272
Fold 5 training time: 491.46 seconds
Average binary metrics across folds: [[0.97368957 0.9657384  0.93439377 0.9319403  0.96880597 0.89507463
  0.90287009]]
🎯 Average Top-1 metrics across folds: {'top1_precision': 0.582089552238806, 'top1_recall': np.float64(0.642674378437376), 'top1_f1': np.float64(0.6108053791162241)}

📊 CV_type Style Metrics Details:
  AUC            : 0.9737
  AUPR           : 0.9657
  F1             : 0.9344
  Accuracy       : 0.9319
  Recall         : 0.9688
  Specificity    : 0.8951
  Precision      : 0.9029

🎯 Top-1 Metrics Details:
  top1_precision : 0.5821
  top1_recall    : 0.6427
  top1_f1        : 0.6108

Total execution time: 2463.85 seconds

==========================================================================================
🎯 FINAL COMPREHENSIVE RESULTS WITH TOP-1 METRICS
==========================================================================================
📊 Binary Classification Metrics (Original):
  AUC: 0.9737
  AUPR: 0.9657
  F1: 0.9344
  Accuracy: 0.9319
  Recall: 0.9688
  Specificity: 0.8951
  Precision: 0.9029

🎯 CV_type Style Metrics (Enhanced):
  AUC: 0.9737
  AUPR: 0.9657
  F1: 0.9344
  Accuracy: 0.9319
  Recall: 0.9688
  Specificity: 0.8951
  Precision: 0.9029

🏆 Top-1 Metrics (NEW):
  Top-1 Precision: 0.5821
  Top-1 Recall: 0.6427
  Top-1 F1: 0.6108
==========================================================================================

[ABL] no_hgt (softmax_5class)
[CPU] torch.set_num_threads(14), interop=min(4, 14)
Using device: cpu
[INFO] Auto-computed BALANCED class weights (to prevent class collapse):
  Circulation  (367 samples): 0.780
  Epigenetics  (157 samples): 1.823
  Target       (293 samples): 0.977
  Genetics     (681 samples): 0.420
  [NOTE] Higher weights for minority classes to prevent model from only predicting majority class
[INFO] Using v2.0_495m383D dataset:
  miRNAs: 495
  Diseases: 383
  Expected associations: ~1498
  Types: 4 (Circulation, Epigenetics, Target, Genetics)

================================================================================
Configuration Summary
================================================================================
Dataset: v2.0_495m383D
Data Path: ./
Model: HeterogenousGraphCLAMIR
  - HGT Layers: 2
  - Attention Heads: 4
  - Association Types: 4
  - Inter-view CL: Enabled
    - Weight: 0.3
    - Temperature: 0.5
    - Margin: 0.5

Training:
  - Epochs: 650
  - Learning Rate: 0.0001
  - Dropout: 0.3
  - Weight Decay: 5e-05
  - Focal Loss: Enabled

Evaluation:
  - Cross-Validation Folds: 5
  - Primary Metric: AUPR

Device: cpu
Random Seed: 1234
================================================================================

🚀 Running with comprehensive evaluation including Top-1 metrics...
🎯 Loading dual-view data...
Starting dual-view data preparation with new file format...
Loading all similarity and feature files from v2.0_495m383D...
✅ Loaded disease semantic similarity from D_SSM1.txt: (383, 383)
✅ Loaded miRNA functional similarity from M_FSM.txt: (495, 495)
✅ Loaded multi-type association pairs from ./v2.0_495m383D\multi_all_mirna_disease_pairs_without_negative.csv: (1679, 3)
✅ Created multi-type association matrix: (495, 383)
📊 Multi-type Association Statistics:
   无关联 (No association): 188087 pairs (99.21%)
   循环类型 (Circulation): 367 pairs (0.19%)
   表观遗传学 (Epigenetics): 157 pairs (0.08%)
   靶标类型 (Target): 293 pairs (0.15%)
   遗传学类型 (Genetics): 681 pairs (0.36%)
✅ Created association matrix from CSV: (495, 383)
✅ Loaded disease-gene features from D_SSM2.txt: torch.Size([383, 383])
✅ Loaded miRNA-sequence features from M_GSM.txt: torch.Size([495, 495])
Processing integrated similarity matrices...
Loaded similarity matrices from cache
Processing indices...
Loaded indices from cache
✅ Dual-view data preparation completed in 0.38 seconds

============================================================
🎯 DUAL-VIEW CONFIGURATION SUMMARY (v2.0_495m383D)
============================================================
miRNA Dual Views:
  📊 View 1 (Sequence): M_GSM.txt torch.Size([495, 495])
  📊 View 2 (Function): M_FSM.txt torch.Size([495, 495])

Disease Dual Views:
  📊 View 1 (Gene): D_SSM2.txt torch.Size([383, 383])
  📊 View 2 (Semantic): D_SSM1.txt torch.Size([383, 383])

Association Matrix: torch.Size([495, 383])
Data source: v2.0_495m383D (495 miRNAs × 383 Diseases)
============================================================
Preloading dual-view data to device...
✅ Loaded disease-gene features to device: torch.Size([383, 383])
✅ Loaded miRNA-sequence features to device: torch.Size([495, 495])
✅ Loaded disease semantic similarity to device: torch.Size([383, 383])
✅ Loaded miRNA functional similarity to device: torch.Size([495, 495])
✅ Dual-view data preloading completed in 0.00 seconds
OptimizedDataset initialized with 5 folds
Using device: cpu
=== Cross Validation Fold 1/5 ===
Using hidden dimensions: [256, 256] with 4 attention heads
[ABLATION] Running with mode = no_hgt
优化模型初始化: miRNA数量 = 495, 疾病数量 = 383
   节点维度: 256 → 128
   类型数量: 4
   Temperature: 2.0 (可学习)
   Loss mode: softmax_5class
   loss_mode=softmax_5class
   class_weights_5 (neg+4types): ['0.026', '0.970', '2.266', '1.215', '0.524']

✅ SimplifiedMultiTypeAssociationLoss 初始化 (改进版)
   类别权重 (beta=0.99999): ['0.780', '1.822', '0.977', '0.421']
Original positive index shape: torch.Size([1072, 2])
Original negative index shape: torch.Size([135416, 2])
采样后负样本数量: 10720
🎯 Building TRUE DUAL VIEWS from four different sources...
📊 Data sources loaded:
  Disease semantic: torch.Size([383, 383])
  miRNA functional: torch.Size([495, 495])
  Disease-gene: torch.Size([383, 383])
  miRNA-sequence: torch.Size([495, 495])
🧬 Building miRNA dual-view hypergraphs...
  📊 miRNA View 1 (Sequence): torch.Size([495, 878])
  📊 miRNA View 2 (Function): torch.Size([495, 878])
🦠 Building disease dual-view hypergraphs...
  📊 Disease View 1 (Gene): torch.Size([383, 878])
  📊 Disease View 2 (Semantic): torch.Size([383, 878])
✅ Successfully built TRUE DUAL VIEWS:
   🧬 miRNA: Sequence Features (m_ss.xlsx) vs Functional Similarity (mi_fun_sim_2.0.csv)
   🦠 Disease: Gene Features (d_gs.xlsx) vs Semantic Similarity (dis_sem_sim_2.0.csv)

🔧 Epoch 1 梯度检查:
================================================================================

  参数名称                              梯度范数         梯度均值 状态             
  ----------------------------------------------------------------------
  type_relations                1.079585     0.025630 ✅ 正常           
  exist_relation                0.000133     0.000009 ✅ 正常           
  mi_proj_layer0                2.012535     0.005623 ✅ 正常           
  dis_proj_layer0               1.975524     0.005897 ✅ 正常           
================================================================================

Epoch 1, Total Loss: 22.1756, Recover Loss: 2.9337, miRNA CL: 8.9735, Disease CL: 8.4526, Inter-view (est): 4.0214, Recon Loss: 1.5178, Time: 0.56s
[INFO] Hypergraph updated at epoch 5
[INFO] Hypergraph updated at epoch 10
[INFO] Hypergraph updated at epoch 15
[INFO] Hypergraph updated at epoch 20
[INFO] Hypergraph updated at epoch 25
[INFO] Hypergraph updated at epoch 30
[INFO] Hypergraph updated at epoch 35
[INFO] Hypergraph updated at epoch 40
[INFO] Hypergraph updated at epoch 45
[INFO] Hypergraph updated at epoch 50

🔧 Epoch 50 梯度检查:
================================================================================

  参数名称                              梯度范数         梯度均值 状态             
  ----------------------------------------------------------------------
  type_relations                0.317214     0.008310 ✅ 正常           
  exist_relation                0.000129     0.000009 ✅ 正常           
  mi_proj_layer0                0.091140     0.000328 ✅ 正常           
  dis_proj_layer0               0.077708     0.000296 ✅ 正常           
================================================================================

Epoch 50, Total Loss: 18.7638, Recover Loss: 2.6591, miRNA CL: 8.0198, Disease CL: 7.7086, Inter-view (est): 3.6296, Recon Loss: 0.1055, Time: 27.97s
[INFO] Hypergraph updated at epoch 100

🔧 Epoch 100 梯度检查:
================================================================================

  参数名称                              梯度范数         梯度均值 状态             
  ----------------------------------------------------------------------
  type_relations                0.329620     0.009077 ✅ 正常           
  exist_relation                0.000123     0.000008 ✅ 正常           
  mi_proj_layer0                0.164514     0.000552 ✅ 正常           
  dis_proj_layer0               0.129256     0.000464 ✅ 正常           
================================================================================

Epoch 100, Total Loss: 17.5247, Recover Loss: 2.5627, miRNA CL: 7.7454, Disease CL: 6.9448, Inter-view (est): 3.3900, Recon Loss: 0.0308, Time: 55.59s
[INFO] Hypergraph updated at epoch 150

🔧 Epoch 150 梯度检查:
================================================================================

  参数名称                              梯度范数         梯度均值 状态             
  ----------------------------------------------------------------------
  type_relations                0.336831     0.009190 ✅ 正常           
  exist_relation                0.000118     0.000008 ✅ 正常           
  mi_proj_layer0                0.199911     0.000637 ✅ 正常           
  dis_proj_layer0               0.190317     0.000653 ✅ 正常           
================================================================================

Epoch 150, Total Loss: 16.8172, Recover Loss: 2.4793, miRNA CL: 7.5348, Disease CL: 6.5521, Inter-view (est): 3.2508, Recon Loss: 0.0301, Time: 83.57s
[INFO] Hypergraph updated at epoch 200

🔧 Epoch 200 梯度检查:
================================================================================

  参数名称                              梯度范数         梯度均值 状态             
  ----------------------------------------------------------------------
  type_relations                0.342211     0.009904 ✅ 正常           
  exist_relation                0.000114     0.000007 ✅ 正常           
  mi_proj_layer0                0.193979     0.000647 ✅ 正常           
  dis_proj_layer0               0.195981     0.000681 ✅ 正常           
================================================================================

Epoch 200, Total Loss: 16.3854, Recover Loss: 2.4112, miRNA CL: 7.3159, Disease CL: 6.4190, Inter-view (est): 3.1696, Recon Loss: 0.0301, Time: 111.24s
[INFO] Hypergraph updated at epoch 250

🔧 Epoch 250 梯度检查:
================================================================================

  参数名称                              梯度范数         梯度均值 状态             
  ----------------------------------------------------------------------
  type_relations                0.348943     0.009948 ✅ 正常           
  exist_relation                0.000112     0.000007 ✅ 正常           
  mi_proj_layer0                0.244759     0.000746 ✅ 正常           
  dis_proj_layer0               0.199372     0.000688 ✅ 正常           
================================================================================

Epoch 250, Total Loss: 16.1245, Recover Loss: 2.3441, miRNA CL: 7.1929, Disease CL: 6.3564, Inter-view (est): 3.1268, Recon Loss: 0.0288, Time: 139.12s
[INFO] Hypergraph updated at epoch 300

🔧 Epoch 300 梯度检查:
================================================================================

  参数名称                              梯度范数         梯度均值 状态             
  ----------------------------------------------------------------------
  type_relations                0.286208     0.008483 ✅ 正常           
  exist_relation                0.000110     0.000007 ✅ 正常           
  mi_proj_layer0                0.235309     0.000761 ✅ 正常           
  dis_proj_layer0               0.220789     0.000772 ✅ 正常           
================================================================================

Epoch 300, Total Loss: 15.9229, Recover Loss: 2.2904, miRNA CL: 7.0986, Disease CL: 6.3091, Inter-view (est): 3.0941, Recon Loss: 0.0288, Time: 166.67s
[INFO] Hypergraph updated at epoch 350

🔧 Epoch 350 梯度检查:
================================================================================

  参数名称                              梯度范数         梯度均值 状态             
  ----------------------------------------------------------------------
  type_relations                0.312618     0.009056 ✅ 正常           
  exist_relation                0.000107     0.000007 ✅ 正常           
  mi_proj_layer0                0.322555     0.001112 ✅ 正常           
  dis_proj_layer0               0.282998     0.001011 ✅ 正常           
================================================================================

Epoch 350, Total Loss: 15.7603, Recover Loss: 2.2563, miRNA CL: 7.0180, Disease CL: 6.2679, Inter-view (est): 3.0660, Recon Loss: 0.0276, Time: 194.23s
[INFO] Hypergraph updated at epoch 400

🔧 Epoch 400 梯度检查:
================================================================================

  参数名称                              梯度范数         梯度均值 状态             
  ----------------------------------------------------------------------
  type_relations                0.271890     0.008181 ✅ 正常           
  exist_relation                0.000105     0.000006 ✅ 正常           
  mi_proj_layer0                0.323852     0.001016 ✅ 正常           
  dis_proj_layer0               0.231828     0.000792 ✅ 正常           
================================================================================

Epoch 400, Total Loss: 15.6003, Recover Loss: 2.2022, miRNA CL: 6.9470, Disease CL: 6.2372, Inter-view (est): 3.0425, Recon Loss: 0.0278, Time: 221.70s
[INFO] Hypergraph updated at epoch 450

🔧 Epoch 450 梯度检查:
================================================================================

  参数名称                              梯度范数         梯度均值 状态             
  ----------------------------------------------------------------------
  type_relations                0.240227     0.007057 ✅ 正常           
  exist_relation                0.000104     0.000006 ✅ 正常           
  mi_proj_layer0                0.252029     0.000841 ✅ 正常           
  dis_proj_layer0               0.273226     0.000944 ✅ 正常           
================================================================================

Epoch 450, Total Loss: 15.4568, Recover Loss: 2.1700, miRNA CL: 6.8604, Disease CL: 6.2163, Inter-view (est): 3.0177, Recon Loss: 0.0271, Time: 249.38s
[INFO] Hypergraph updated at epoch 500

🔧 Epoch 500 梯度检查:
================================================================================

  参数名称                              梯度范数         梯度均值 状态             
  ----------------------------------------------------------------------
  type_relations                0.254379     0.007575 ✅ 正常           
  exist_relation                0.000103     0.000006 ✅ 正常           
  mi_proj_layer0                0.275373     0.000920 ✅ 正常           
  dis_proj_layer0               0.288720     0.001004 ✅ 正常           
================================================================================

Epoch 500, Total Loss: 15.4058, Recover Loss: 2.1649, miRNA CL: 6.8270, Disease CL: 6.2059, Inter-view (est): 3.0076, Recon Loss: 0.0267, Time: 277.53s
[INFO] Hypergraph updated at epoch 550

🔧 Epoch 550 梯度检查:
================================================================================

  参数名称                              梯度范数         梯度均值 状态             
  ----------------------------------------------------------------------
  type_relations                0.231292     0.007115 ✅ 正常           
  exist_relation                0.000102     0.000006 ✅ 正常           
  mi_proj_layer0                0.244515     0.000822 ✅ 正常           
  dis_proj_layer0               0.256542     0.000869 ✅ 正常           
================================================================================

Epoch 550, Total Loss: 15.3465, Recover Loss: 2.1481, miRNA CL: 6.7932, Disease CL: 6.1985, Inter-view (est): 2.9981, Recon Loss: 0.0265, Time: 305.47s
[INFO] Hypergraph updated at epoch 600

🔧 Epoch 600 梯度检查:
================================================================================

  参数名称                              梯度范数         梯度均值 状态             
  ----------------------------------------------------------------------
  type_relations                0.233088     0.007074 ✅ 正常           
  exist_relation                0.000102     0.000006 ✅ 正常           
  mi_proj_layer0                0.264304     0.000894 ✅ 正常           
  dis_proj_layer0               0.220921     0.000771 ✅ 正常           
================================================================================

Epoch 600, Total Loss: 15.3160, Recover Loss: 2.1454, miRNA CL: 6.7723, Disease CL: 6.1925, Inter-view (est): 2.9919, Recon Loss: 0.0266, Time: 333.18s
[INFO] Hypergraph updated at epoch 650

🔧 Epoch 650 梯度检查:
================================================================================

  参数名称                              梯度范数         梯度均值 状态             
  ----------------------------------------------------------------------
  type_relations                0.240512     0.007317 ✅ 正常           
  exist_relation                0.000101     0.000006 ✅ 正常           
  mi_proj_layer0                0.373550     0.001133 ✅ 正常           
  dis_proj_layer0               0.294852     0.001053 ✅ 正常           
================================================================================

Epoch 650, Total Loss: 15.2943, Recover Loss: 2.1496, miRNA CL: 6.7526, Disease CL: 6.1872, Inter-view (est): 2.9861, Recon Loss: 0.0265, Time: 361.44s

================================================================================
Training completed. Running final test...
================================================================================
Fold 1 completed - AUC: 0.9805, Top-1 F1: 0.6973
Fold 1 training time: 362.49 seconds
=== Cross Validation Fold 2/5 ===
Using hidden dimensions: [256, 256] with 4 attention heads
[ABLATION] Running with mode = no_hgt
优化模型初始化: miRNA数量 = 495, 疾病数量 = 383
   节点维度: 256 → 128
   类型数量: 4
   Temperature: 2.0 (可学习)
   Loss mode: softmax_5class
   loss_mode=softmax_5class
   class_weights_5 (neg+4types): ['0.026', '0.970', '2.266', '1.215', '0.524']

✅ SimplifiedMultiTypeAssociationLoss 初始化 (改进版)
   类别权重 (beta=0.99999): ['0.780', '1.822', '0.977', '0.421']
Original positive index shape: torch.Size([1072, 2])
Original negative index shape: torch.Size([135416, 2])
采样后负样本数量: 10720
🎯 Building TRUE DUAL VIEWS from four different sources...
📊 Data sources loaded:
  Disease semantic: torch.Size([383, 383])
  miRNA functional: torch.Size([495, 495])
  Disease-gene: torch.Size([383, 383])
  miRNA-sequence: torch.Size([495, 495])
🧬 Building miRNA dual-view hypergraphs...
  📊 miRNA View 1 (Sequence): torch.Size([495, 878])
  📊 miRNA View 2 (Function): torch.Size([495, 878])
🦠 Building disease dual-view hypergraphs...
  📊 Disease View 1 (Gene): torch.Size([383, 878])
  📊 Disease View 2 (Semantic): torch.Size([383, 878])
✅ Successfully built TRUE DUAL VIEWS:
   🧬 miRNA: Sequence Features (m_ss.xlsx) vs Functional Similarity (mi_fun_sim_2.0.csv)
   🦠 Disease: Gene Features (d_gs.xlsx) vs Semantic Similarity (dis_sem_sim_2.0.csv)

🔧 Epoch 1 梯度检查:
================================================================================

  参数名称                              梯度范数         梯度均值 状态             
  ----------------------------------------------------------------------
  type_relations                1.237000     0.032049 ✅ 正常           
  exist_relation                0.000131     0.000009 ✅ 正常           
  mi_proj_layer0                0.578041     0.001943 ✅ 正常           
  dis_proj_layer0               0.770917     0.002395 ✅ 正常           
================================================================================

Epoch 1, Total Loss: 22.0635, Recover Loss: 2.8978, miRNA CL: 8.8799, Disease CL: 8.4148, Inter-view (est): 3.9911, Recon Loss: 1.5728, Time: 0.53s
[INFO] Hypergraph updated at epoch 5
[INFO] Hypergraph updated at epoch 10
[INFO] Hypergraph updated at epoch 15
[INFO] Hypergraph updated at epoch 20
[INFO] Hypergraph updated at epoch 25
[INFO] Hypergraph updated at epoch 30
[INFO] Hypergraph updated at epoch 35
[INFO] Hypergraph updated at epoch 40
[INFO] Hypergraph updated at epoch 45
[INFO] Hypergraph updated at epoch 50

🔧 Epoch 50 梯度检查:
================================================================================

  参数名称                              梯度范数         梯度均值 状态             
  ----------------------------------------------------------------------
  type_relations                0.308812     0.008154 ✅ 正常           
  exist_relation                0.000126     0.000009 ✅ 正常           
  mi_proj_layer0                0.086921     0.000323 ✅ 正常           
  dis_proj_layer0               0.072984     0.000264 ✅ 正常           
================================================================================

Epoch 50, Total Loss: 18.8397, Recover Loss: 2.6760, miRNA CL: 8.0160, Disease CL: 7.6579, Inter-view (est): 3.6170, Recon Loss: 0.2189, Time: 27.79s
[INFO] Hypergraph updated at epoch 100

🔧 Epoch 100 梯度检查:
================================================================================

  参数名称                              梯度范数         梯度均值 状态             
  ----------------------------------------------------------------------
  type_relations                0.386634     0.009888 ✅ 正常           
  exist_relation                0.000120     0.000008 ✅ 正常           
  mi_proj_layer0                0.126515     0.000435 ✅ 正常           
  dis_proj_layer0               0.101055     0.000349 ✅ 正常           
================================================================================

Epoch 100, Total Loss: 17.5891, Recover Loss: 2.5704, miRNA CL: 7.7513, Disease CL: 6.9925, Inter-view (est): 3.4024, Recon Loss: 0.0327, Time: 55.76s
[INFO] Hypergraph updated at epoch 150

🔧 Epoch 150 梯度检查:
================================================================================

  参数名称                              梯度范数         梯度均值 状态             
  ----------------------------------------------------------------------
  type_relations                0.374010     0.010454 ✅ 正常           
  exist_relation                0.000115     0.000008 ✅ 正常           
  mi_proj_layer0                0.151720     0.000526 ✅ 正常           
  dis_proj_layer0               0.144642     0.000528 ✅ 正常           
================================================================================

Epoch 150, Total Loss: 16.9512, Recover Loss: 2.4690, miRNA CL: 7.5737, Disease CL: 6.6568, Inter-view (est): 3.2840, Recon Loss: 0.0303, Time: 83.94s
[INFO] Hypergraph updated at epoch 200

🔧 Epoch 200 梯度检查:
================================================================================

  参数名称                              梯度范数         梯度均值 状态             
  ----------------------------------------------------------------------
  type_relations                0.331429     0.009909 ✅ 正常           
  exist_relation                0.000111     0.000007 ✅ 正常           
  mi_proj_layer0                0.180265     0.000640 ✅ 正常           
  dis_proj_layer0               0.172991     0.000646 ✅ 正常           
================================================================================

Epoch 200, Total Loss: 16.3897, Recover Loss: 2.3851, miRNA CL: 7.2773, Disease CL: 6.4896, Inter-view (est): 3.1770, Recon Loss: 0.0297, Time: 111.91s
[INFO] Hypergraph updated at epoch 250

🔧 Epoch 250 梯度检查:
================================================================================

  参数名称                              梯度范数         梯度均值 状态             
  ----------------------------------------------------------------------
  type_relations                0.328888     0.009653 ✅ 正常           
  exist_relation                0.000108     0.000007 ✅ 正常           
  mi_proj_layer0                0.239115     0.000848 ✅ 正常           
  dis_proj_layer0               0.243545     0.000869 ✅ 正常           
================================================================================

Epoch 250, Total Loss: 16.0851, Recover Loss: 2.3387, miRNA CL: 7.1190, Disease CL: 6.4002, Inter-view (est): 3.1198, Recon Loss: 0.0287, Time: 139.30s
[INFO] Hypergraph updated at epoch 300

🔧 Epoch 300 梯度检查:
================================================================================

  参数名称                              梯度范数         梯度均值 状态             
  ----------------------------------------------------------------------
  type_relations                0.304644     0.009157 ✅ 正常           
  exist_relation                0.000105     0.000007 ✅ 正常           
  mi_proj_layer0                0.312722     0.001082 ✅ 正常           
  dis_proj_layer0               0.278036     0.001002 ✅ 正常           
================================================================================

Epoch 300, Total Loss: 15.8682, Recover Loss: 2.2702, miRNA CL: 7.0349, Disease CL: 6.3429, Inter-view (est): 3.0872, Recon Loss: 0.0285, Time: 166.89s
[INFO] Hypergraph updated at epoch 350

🔧 Epoch 350 梯度检查:
================================================================================

  参数名称                              梯度范数         梯度均值 状态             
  ----------------------------------------------------------------------
  type_relations                0.278809     0.008399 ✅ 正常           
  exist_relation                0.000103     0.000006 ✅ 正常           
  mi_proj_layer0                0.293272     0.001005 ✅ 正常           
  dis_proj_layer0               0.287947     0.001047 ✅ 正常           
================================================================================

Epoch 350, Total Loss: 15.7192, Recover Loss: 2.2399, miRNA CL: 6.9632, Disease CL: 6.3021, Inter-view (est): 3.0612, Recon Loss: 0.0276, Time: 194.57s
[INFO] Hypergraph updated at epoch 400

🔧 Epoch 400 梯度检查:
================================================================================

  参数名称                              梯度范数         梯度均值 状态             
  ----------------------------------------------------------------------
  type_relations                0.290107     0.008784 ✅ 正常           
  exist_relation                0.000101     0.000006 ✅ 正常           
  mi_proj_layer0                0.287498     0.000966 ✅ 正常           
  dis_proj_layer0               0.303798     0.001124 ✅ 正常           
================================================================================

Epoch 400, Total Loss: 15.5728, Recover Loss: 2.2179, miRNA CL: 6.8691, Disease CL: 6.2758, Inter-view (est): 3.0334, Recon Loss: 0.0271, Time: 221.84s
[INFO] Hypergraph updated at epoch 450

🔧 Epoch 450 梯度检查:
================================================================================

  参数名称                              梯度范数         梯度均值 状态             
  ----------------------------------------------------------------------
  type_relations                0.258618     0.007957 ✅ 正常           
  exist_relation                0.000100     0.000006 ✅ 正常           
  mi_proj_layer0                0.232601     0.000846 ✅ 正常           
  dis_proj_layer0               0.234557     0.000854 ✅ 正常           
================================================================================

Epoch 450, Total Loss: 15.4820, Recover Loss: 2.1836, miRNA CL: 6.8257, Disease CL: 6.2637, Inter-view (est): 3.0206, Recon Loss: 0.0279, Time: 249.56s
[INFO] Hypergraph updated at epoch 500

🔧 Epoch 500 梯度检查:
================================================================================

  参数名称                              梯度范数         梯度均值 状态             
  ----------------------------------------------------------------------
  type_relations                0.257652     0.007616 ✅ 正常           
  exist_relation                0.000099     0.000006 ✅ 正常           
  mi_proj_layer0                0.259608     0.000906 ✅ 正常           
  dis_proj_layer0               0.272289     0.000904 ✅ 正常           
================================================================================

Epoch 500, Total Loss: 15.4443, Recover Loss: 2.1905, miRNA CL: 6.7920, Disease CL: 6.2550, Inter-view (est): 3.0108, Recon Loss: 0.0269, Time: 277.23s
[INFO] Hypergraph updated at epoch 550

🔧 Epoch 550 梯度检查:
================================================================================

  参数名称                              梯度范数         梯度均值 状态             
  ----------------------------------------------------------------------
  type_relations                0.246826     0.007536 ✅ 正常           
  exist_relation                0.000099     0.000006 ✅ 正常           
  mi_proj_layer0                0.314347     0.001053 ✅ 正常           
  dis_proj_layer0               0.263972     0.000979 ✅ 正常           
================================================================================

Epoch 550, Total Loss: 15.3963, Recover Loss: 2.1743, miRNA CL: 6.7694, Disease CL: 6.2466, Inter-view (est): 3.0037, Recon Loss: 0.0271, Time: 305.36s
[INFO] Hypergraph updated at epoch 600

🔧 Epoch 600 梯度检查:
================================================================================

  参数名称                              梯度范数         梯度均值 状态             
  ----------------------------------------------------------------------
  type_relations                0.224896     0.007077 ✅ 正常           
  exist_relation                0.000098     0.000006 ✅ 正常           
  mi_proj_layer0                0.272206     0.000956 ✅ 正常           
  dis_proj_layer0               0.265910     0.000913 ✅ 正常           
================================================================================

Epoch 600, Total Loss: 15.3433, Recover Loss: 2.1575, miRNA CL: 6.7434, Disease CL: 6.2369, Inter-view (est): 2.9955, Recon Loss: 0.0277, Time: 332.80s
[INFO] Hypergraph updated at epoch 650

🔧 Epoch 650 梯度检查:
================================================================================

  参数名称                              梯度范数         梯度均值 状态             
  ----------------------------------------------------------------------
  type_relations                0.230250     0.006996 ✅ 正常           
  exist_relation                0.000097     0.000006 ✅ 正常           
  mi_proj_layer0                0.251451     0.000890 ✅ 正常           
  dis_proj_layer0               0.234547     0.000868 ✅ 正常           
================================================================================

Epoch 650, Total Loss: 15.3118, Recover Loss: 2.1499, miRNA CL: 6.7303, Disease CL: 6.2274, Inter-view (est): 2.9902, Recon Loss: 0.0275, Time: 360.86s

================================================================================
Training completed. Running final test...
================================================================================
Fold 2 completed - AUC: 0.9637, Top-1 F1: 0.6561
Fold 2 training time: 361.59 seconds
=== Cross Validation Fold 3/5 ===
Using hidden dimensions: [256, 256] with 4 attention heads
[ABLATION] Running with mode = no_hgt
优化模型初始化: miRNA数量 = 495, 疾病数量 = 383
   节点维度: 256 → 128
   类型数量: 4
   Temperature: 2.0 (可学习)
   Loss mode: softmax_5class
   loss_mode=softmax_5class
   class_weights_5 (neg+4types): ['0.026', '0.970', '2.266', '1.215', '0.524']

✅ SimplifiedMultiTypeAssociationLoss 初始化 (改进版)
   类别权重 (beta=0.99999): ['0.780', '1.822', '0.977', '0.421']
Original positive index shape: torch.Size([1072, 2])
Original negative index shape: torch.Size([135416, 2])
采样后负样本数量: 10720
🎯 Building TRUE DUAL VIEWS from four different sources...
📊 Data sources loaded:
  Disease semantic: torch.Size([383, 383])
  miRNA functional: torch.Size([495, 495])
  Disease-gene: torch.Size([383, 383])
  miRNA-sequence: torch.Size([495, 495])
🧬 Building miRNA dual-view hypergraphs...
  📊 miRNA View 1 (Sequence): torch.Size([495, 878])
  📊 miRNA View 2 (Function): torch.Size([495, 878])
🦠 Building disease dual-view hypergraphs...
  📊 Disease View 1 (Gene): torch.Size([383, 878])
  📊 Disease View 2 (Semantic): torch.Size([383, 878])
✅ Successfully built TRUE DUAL VIEWS:
   🧬 miRNA: Sequence Features (m_ss.xlsx) vs Functional Similarity (mi_fun_sim_2.0.csv)
   🦠 Disease: Gene Features (d_gs.xlsx) vs Semantic Similarity (dis_sem_sim_2.0.csv)

🔧 Epoch 1 梯度检查:
================================================================================

  参数名称                              梯度范数         梯度均值 状态             
  ----------------------------------------------------------------------
  type_relations                1.241240     0.032985 ✅ 正常           
  exist_relation                0.000129     0.000009 ✅ 正常           
  mi_proj_layer0                0.902635     0.002919 ✅ 正常           
  dis_proj_layer0               0.958135     0.002880 ✅ 正常           
================================================================================

Epoch 1, Total Loss: 21.9632, Recover Loss: 2.9219, miRNA CL: 8.8320, Disease CL: 8.4386, Inter-view (est): 3.9855, Recon Loss: 1.4730, Time: 0.56s
[INFO] Hypergraph updated at epoch 5
[INFO] Hypergraph updated at epoch 10
[INFO] Hypergraph updated at epoch 15
[INFO] Hypergraph updated at epoch 20
[INFO] Hypergraph updated at epoch 25
[INFO] Hypergraph updated at epoch 30
[INFO] Hypergraph updated at epoch 35
[INFO] Hypergraph updated at epoch 40
[INFO] Hypergraph updated at epoch 45
[INFO] Hypergraph updated at epoch 50

🔧 Epoch 50 梯度检查:
================================================================================

  参数名称                              梯度范数         梯度均值 状态             
  ----------------------------------------------------------------------
  type_relations                0.360484     0.009703 ✅ 正常           
  exist_relation                0.000125     0.000009 ✅ 正常           
  mi_proj_layer0                0.077705     0.000274 ✅ 正常           
  dis_proj_layer0               0.063453     0.000222 ✅ 正常           
================================================================================

Epoch 50, Total Loss: 18.7887, Recover Loss: 2.6617, miRNA CL: 7.9777, Disease CL: 7.7819, Inter-view (est): 3.6368, Recon Loss: 0.0968, Time: 27.41s
[INFO] Hypergraph updated at epoch 100

🔧 Epoch 100 梯度检查:
================================================================================

  参数名称                              梯度范数         梯度均值 状态             
  ----------------------------------------------------------------------
  type_relations                0.328650     0.008183 ✅ 正常           
  exist_relation                0.000119     0.000008 ✅ 正常           
  mi_proj_layer0                0.119625     0.000404 ✅ 正常           
  dis_proj_layer0               0.078044     0.000272 ✅ 正常           
================================================================================

Epoch 100, Total Loss: 17.6385, Recover Loss: 2.5532, miRNA CL: 7.7173, Disease CL: 7.0968, Inter-view (est): 3.4186, Recon Loss: 0.0302, Time: 55.16s
[INFO] Hypergraph updated at epoch 150

🔧 Epoch 150 梯度检查:
================================================================================

  参数名称                              梯度范数         梯度均值 状态             
  ----------------------------------------------------------------------
  type_relations                0.353977     0.009550 ✅ 正常           
  exist_relation                0.000114     0.000007 ✅ 正常           
  mi_proj_layer0                0.168596     0.000566 ✅ 正常           
  dis_proj_layer0               0.133078     0.000442 ✅ 正常           
================================================================================

Epoch 150, Total Loss: 16.9341, Recover Loss: 2.4723, miRNA CL: 7.4594, Disease CL: 6.7509, Inter-view (est): 3.2793, Recon Loss: 0.0303, Time: 82.79s
[INFO] Hypergraph updated at epoch 200

🔧 Epoch 200 梯度检查:
================================================================================

  参数名称                              梯度范数         梯度均值 状态             
  ----------------------------------------------------------------------
  type_relations                0.330525     0.009756 ✅ 正常           
  exist_relation                0.000110     0.000007 ✅ 正常           
  mi_proj_layer0                0.229789     0.000743 ✅ 正常           
  dis_proj_layer0               0.181131     0.000639 ✅ 正常           
================================================================================

Epoch 200, Total Loss: 16.3900, Recover Loss: 2.4008, miRNA CL: 7.2477, Disease CL: 6.5046, Inter-view (est): 3.1736, Recon Loss: 0.0292, Time: 110.48s
[INFO] Hypergraph updated at epoch 250

🔧 Epoch 250 梯度检查:
================================================================================

  参数名称                              梯度范数         梯度均值 状态             
  ----------------------------------------------------------------------
  type_relations                0.305267     0.009080 ✅ 正常           
  exist_relation                0.000106     0.000007 ✅ 正常           
  mi_proj_layer0                0.207965     0.000740 ✅ 正常           
  dis_proj_layer0               0.218371     0.000772 ✅ 正常           
================================================================================

Epoch 250, Total Loss: 16.0536, Recover Loss: 2.3157, miRNA CL: 7.1050, Disease CL: 6.4066, Inter-view (est): 3.1181, Recon Loss: 0.0281, Time: 138.09s
[INFO] Hypergraph updated at epoch 300

🔧 Epoch 300 梯度检查:
================================================================================

  参数名称                              梯度范数         梯度均值 状态             
  ----------------------------------------------------------------------
  type_relations                0.288729     0.008793 ✅ 正常           
  exist_relation                0.000103     0.000006 ✅ 正常           
  mi_proj_layer0                0.265136     0.000883 ✅ 正常           
  dis_proj_layer0               0.231277     0.000824 ✅ 正常           
================================================================================

Epoch 300, Total Loss: 15.8619, Recover Loss: 2.2759, miRNA CL: 7.0235, Disease CL: 6.3431, Inter-view (est): 3.0846, Recon Loss: 0.0283, Time: 165.54s
[INFO] Hypergraph updated at epoch 350

🔧 Epoch 350 梯度检查:
================================================================================

  参数名称                              梯度范数         梯度均值 状态             
  ----------------------------------------------------------------------
  type_relations                0.274936     0.008295 ✅ 正常           
  exist_relation                0.000101     0.000006 ✅ 正常           
  mi_proj_layer0                0.273055     0.000895 ✅ 正常           
  dis_proj_layer0               0.228901     0.000819 ✅ 正常           
================================================================================

Epoch 350, Total Loss: 15.7182, Recover Loss: 2.2385, miRNA CL: 6.9582, Disease CL: 6.3079, Inter-view (est): 3.0614, Recon Loss: 0.0269, Time: 193.07s
[INFO] Hypergraph updated at epoch 400

🔧 Epoch 400 梯度检查:
================================================================================

  参数名称                              梯度范数         梯度均值 状态             
  ----------------------------------------------------------------------
  type_relations                0.263524     0.008023 ✅ 正常           
  exist_relation                0.000100     0.000006 ✅ 正常           
  mi_proj_layer0                0.275570     0.000943 ✅ 正常           
  dis_proj_layer0               0.257064     0.000888 ✅ 正常           
================================================================================

Epoch 400, Total Loss: 15.5893, Recover Loss: 2.2183, miRNA CL: 6.8786, Disease CL: 6.2816, Inter-view (est): 3.0370, Recon Loss: 0.0276, Time: 220.57s
[INFO] Hypergraph updated at epoch 450

🔧 Epoch 450 梯度检查:
================================================================================

  参数名称                              梯度范数         梯度均值 状态             
  ----------------------------------------------------------------------
  type_relations                0.267508     0.008333 ✅ 正常           
  exist_relation                0.000099     0.000006 ✅ 正常           
  mi_proj_layer0                0.304991     0.001017 ✅ 正常           
  dis_proj_layer0               0.248305     0.000904 ✅ 正常           
================================================================================

Epoch 450, Total Loss: 15.5004, Recover Loss: 2.1917, miRNA CL: 6.8311, Disease CL: 6.2690, Inter-view (est): 3.0231, Recon Loss: 0.0271, Time: 248.19s
[INFO] Hypergraph updated at epoch 500

🔧 Epoch 500 梯度检查:
================================================================================

  参数名称                              梯度范数         梯度均值 状态             
  ----------------------------------------------------------------------
  type_relations                0.220580     0.006977 ✅ 正常           
  exist_relation                0.000098     0.000006 ✅ 正常           
  mi_proj_layer0                0.320003     0.001094 ✅ 正常           
  dis_proj_layer0               0.244352     0.000864 ✅ 正常           
================================================================================

Epoch 500, Total Loss: 15.4357, Recover Loss: 2.1809, miRNA CL: 6.7890, Disease CL: 6.2586, Inter-view (est): 3.0110, Recon Loss: 0.0268, Time: 276.01s
[INFO] Hypergraph updated at epoch 550

🔧 Epoch 550 梯度检查:
================================================================================

  参数名称                              梯度范数         梯度均值 状态             
  ----------------------------------------------------------------------
  type_relations                0.251898     0.007647 ✅ 正常           
  exist_relation                0.000098     0.000006 ✅ 正常           
  mi_proj_layer0                0.355414     0.001170 ✅ 正常           
  dis_proj_layer0               0.267545     0.000953 ✅ 正常           
================================================================================

Epoch 550, Total Loss: 15.4052, Recover Loss: 2.1738, miRNA CL: 6.7762, Disease CL: 6.2495, Inter-view (est): 3.0059, Recon Loss: 0.0265, Time: 303.58s
[INFO] Hypergraph updated at epoch 600

🔧 Epoch 600 梯度检查:
================================================================================

  参数名称                              梯度范数         梯度均值 状态             
  ----------------------------------------------------------------------
  type_relations                0.240030     0.007572 ✅ 正常           
  exist_relation                0.000097     0.000006 ✅ 正常           
  mi_proj_layer0                0.305798     0.001024 ✅ 正常           
  dis_proj_layer0               0.234202     0.000834 ✅ 正常           
================================================================================

Epoch 600, Total Loss: 15.3742, Recover Loss: 2.1662, miRNA CL: 6.7603, Disease CL: 6.2431, Inter-view (est): 3.0008, Recon Loss: 0.0262, Time: 331.94s
[INFO] Hypergraph updated at epoch 650

🔧 Epoch 650 梯度检查:
================================================================================

  参数名称                              梯度范数         梯度均值 状态             
  ----------------------------------------------------------------------
  type_relations                0.234217     0.007164 ✅ 正常           
  exist_relation                0.000097     0.000006 ✅ 正常           
  mi_proj_layer0                0.312876     0.001067 ✅ 正常           
  dis_proj_layer0               0.274805     0.000964 ✅ 正常           
================================================================================

Epoch 650, Total Loss: 15.3435, Recover Loss: 2.1611, miRNA CL: 6.7423, Disease CL: 6.2364, Inter-view (est): 2.9951, Recon Loss: 0.0263, Time: 359.68s

================================================================================
Training completed. Running final test...
================================================================================
Fold 3 completed - AUC: 0.9666, Top-1 F1: 0.6431
Fold 3 training time: 360.40 seconds
=== Cross Validation Fold 4/5 ===
Using hidden dimensions: [256, 256] with 4 attention heads
[ABLATION] Running with mode = no_hgt
优化模型初始化: miRNA数量 = 495, 疾病数量 = 383
   节点维度: 256 → 128
   类型数量: 4
   Temperature: 2.0 (可学习)
   Loss mode: softmax_5class
   loss_mode=softmax_5class
   class_weights_5 (neg+4types): ['0.026', '0.970', '2.266', '1.215', '0.524']

✅ SimplifiedMultiTypeAssociationLoss 初始化 (改进版)
   类别权重 (beta=0.99999): ['0.780', '1.822', '0.977', '0.421']
Original positive index shape: torch.Size([1072, 2])
Original negative index shape: torch.Size([135416, 2])
采样后负样本数量: 10720
🎯 Building TRUE DUAL VIEWS from four different sources...
📊 Data sources loaded:
  Disease semantic: torch.Size([383, 383])
  miRNA functional: torch.Size([495, 495])
  Disease-gene: torch.Size([383, 383])
  miRNA-sequence: torch.Size([495, 495])
🧬 Building miRNA dual-view hypergraphs...
  📊 miRNA View 1 (Sequence): torch.Size([495, 878])
  📊 miRNA View 2 (Function): torch.Size([495, 878])
🦠 Building disease dual-view hypergraphs...
  📊 Disease View 1 (Gene): torch.Size([383, 878])
  📊 Disease View 2 (Semantic): torch.Size([383, 878])
✅ Successfully built TRUE DUAL VIEWS:
   🧬 miRNA: Sequence Features (m_ss.xlsx) vs Functional Similarity (mi_fun_sim_2.0.csv)
   🦠 Disease: Gene Features (d_gs.xlsx) vs Semantic Similarity (dis_sem_sim_2.0.csv)

🔧 Epoch 1 梯度检查:
================================================================================

  参数名称                              梯度范数         梯度均值 状态             
  ----------------------------------------------------------------------
  type_relations                1.394353     0.035449 ✅ 正常           
  exist_relation                0.000146     0.000010 ✅ 正常           
  mi_proj_layer0                0.838780     0.002584 ✅ 正常           
  dis_proj_layer0               0.655591     0.002169 ✅ 正常           
================================================================================

Epoch 1, Total Loss: 21.9839, Recover Loss: 2.9211, miRNA CL: 8.8503, Disease CL: 8.4444, Inter-view (est): 3.9911, Recon Loss: 1.4698, Time: 0.55s
[INFO] Hypergraph updated at epoch 5
[INFO] Hypergraph updated at epoch 10
[INFO] Hypergraph updated at epoch 15
[INFO] Hypergraph updated at epoch 20
[INFO] Hypergraph updated at epoch 25
[INFO] Hypergraph updated at epoch 30
[INFO] Hypergraph updated at epoch 35
[INFO] Hypergraph updated at epoch 40
[INFO] Hypergraph updated at epoch 45
[INFO] Hypergraph updated at epoch 50

🔧 Epoch 50 梯度检查:
================================================================================

  参数名称                              梯度范数         梯度均值 状态             
  ----------------------------------------------------------------------
  type_relations                0.293319     0.008369 ✅ 正常           
  exist_relation                0.000141     0.000010 ✅ 正常           
  mi_proj_layer0                0.080424     0.000293 ✅ 正常           
  dis_proj_layer0               0.077726     0.000281 ✅ 正常           
================================================================================

Epoch 50, Total Loss: 18.7649, Recover Loss: 2.6736, miRNA CL: 8.0197, Disease CL: 7.6844, Inter-view (est): 3.6240, Recon Loss: 0.1161, Time: 27.53s
[INFO] Hypergraph updated at epoch 100

🔧 Epoch 100 梯度检查:
================================================================================

  参数名称                              梯度范数         梯度均值 状态             
  ----------------------------------------------------------------------
  type_relations                0.367948     0.009559 ✅ 正常           
  exist_relation                0.000135     0.000009 ✅ 正常           
  mi_proj_layer0                0.182098     0.000633 ✅ 正常           
  dis_proj_layer0               0.150619     0.000509 ✅ 正常           
================================================================================

Epoch 100, Total Loss: 17.6220, Recover Loss: 2.5650, miRNA CL: 7.7418, Disease CL: 7.0435, Inter-view (est): 3.4120, Recon Loss: 0.0304, Time: 55.01s
[INFO] Hypergraph updated at epoch 150

🔧 Epoch 150 梯度检查:
================================================================================

  参数名称                              梯度范数         梯度均值 状态             
  ----------------------------------------------------------------------
  type_relations                0.349524     0.009191 ✅ 正常           
  exist_relation                0.000130     0.000009 ✅ 正常           
  mi_proj_layer0                0.178755     0.000575 ✅ 正常           
  dis_proj_layer0               0.212085     0.000676 ✅ 正常           
================================================================================

Epoch 150, Total Loss: 16.9296, Recover Loss: 2.4864, miRNA CL: 7.5485, Disease CL: 6.6443, Inter-view (est): 3.2753, Recon Loss: 0.0293, Time: 82.86s
[INFO] Hypergraph updated at epoch 200

🔧 Epoch 200 梯度检查:
================================================================================

  参数名称                              梯度范数         梯度均值 状态             
  ----------------------------------------------------------------------
  type_relations                0.354197     0.010292 ✅ 正常           
  exist_relation                0.000126     0.000008 ✅ 正常           
  mi_proj_layer0                0.242054     0.000808 ✅ 正常           
  dis_proj_layer0               0.193871     0.000658 ✅ 正常           
================================================================================

Epoch 200, Total Loss: 16.4085, Recover Loss: 2.4016, miRNA CL: 7.2904, Disease CL: 6.4792, Inter-view (est): 3.1776, Recon Loss: 0.0297, Time: 110.61s
[INFO] Hypergraph updated at epoch 250

🔧 Epoch 250 梯度检查:
================================================================================

  参数名称                              梯度范数         梯度均值 状态             
  ----------------------------------------------------------------------
  type_relations                0.323616     0.009789 ✅ 正常           
  exist_relation                0.000122     0.000008 ✅ 正常           
  mi_proj_layer0                0.253630     0.000857 ✅ 正常           
  dis_proj_layer0               0.217918     0.000771 ✅ 正常           
================================================================================

Epoch 250, Total Loss: 16.0921, Recover Loss: 2.3314, miRNA CL: 7.1561, Disease CL: 6.3792, Inter-view (est): 3.1235, Recon Loss: 0.0280, Time: 138.03s
[INFO] Hypergraph updated at epoch 300

🔧 Epoch 300 梯度检查:
================================================================================

  参数名称                              梯度范数         梯度均值 状态             
  ----------------------------------------------------------------------
  type_relations                0.330500     0.009668 ✅ 正常           
  exist_relation                0.000119     0.000008 ✅ 正常           
  mi_proj_layer0                0.327939     0.001074 ✅ 正常           
  dis_proj_layer0               0.300500     0.001006 ✅ 正常           
================================================================================

Epoch 300, Total Loss: 15.8778, Recover Loss: 2.2817, miRNA CL: 7.0699, Disease CL: 6.3095, Inter-view (est): 3.0875, Recon Loss: 0.0277, Time: 165.57s
[INFO] Hypergraph updated at epoch 350

🔧 Epoch 350 梯度检查:
================================================================================

  参数名称                              梯度范数         梯度均值 状态             
  ----------------------------------------------------------------------
  type_relations                0.303755     0.008924 ✅ 正常           
  exist_relation                0.000116     0.000007 ✅ 正常           
  mi_proj_layer0                0.304480     0.001001 ✅ 正常           
  dis_proj_layer0               0.322223     0.001092 ✅ 正常           
================================================================================

Epoch 350, Total Loss: 15.7154, Recover Loss: 2.2334, miRNA CL: 7.0028, Disease CL: 6.2686, Inter-view (est): 3.0626, Recon Loss: 0.0274, Time: 193.28s
[INFO] Hypergraph updated at epoch 400

🔧 Epoch 400 梯度检查:
================================================================================

  参数名称                              梯度范数         梯度均值 状态             
  ----------------------------------------------------------------------
  type_relations                0.264441     0.007402 ✅ 正常           
  exist_relation                0.000114     0.000007 ✅ 正常           
  mi_proj_layer0                0.324354     0.001165 ✅ 正常           
  dis_proj_layer0               0.282637     0.000997 ✅ 正常           
================================================================================

Epoch 400, Total Loss: 15.6074, Recover Loss: 2.2057, miRNA CL: 6.9541, Disease CL: 6.2417, Inter-view (est): 3.0452, Recon Loss: 0.0265, Time: 221.02s
[INFO] Hypergraph updated at epoch 450

🔧 Epoch 450 梯度检查:
================================================================================

  参数名称                              梯度范数         梯度均值 状态             
  ----------------------------------------------------------------------
  type_relations                0.247423     0.007222 ✅ 正常           
  exist_relation                0.000112     0.000007 ✅ 正常           
  mi_proj_layer0                0.303228     0.000996 ✅ 正常           
  dis_proj_layer0               0.293013     0.000982 ✅ 正常           
================================================================================

Epoch 450, Total Loss: 15.5075, Recover Loss: 2.1767, miRNA CL: 6.9060, Disease CL: 6.2208, Inter-view (est): 3.0293, Recon Loss: 0.0271, Time: 249.54s
[INFO] Hypergraph updated at epoch 500

🔧 Epoch 500 梯度检查:
================================================================================

  参数名称                              梯度范数         梯度均值 状态             
  ----------------------------------------------------------------------
  type_relations                0.225994     0.006955 ✅ 正常           
  exist_relation                0.000111     0.000007 ✅ 正常           
  mi_proj_layer0                0.278906     0.000978 ✅ 正常           
  dis_proj_layer0               0.286512     0.000977 ✅ 正常           
================================================================================

Epoch 500, Total Loss: 15.4199, Recover Loss: 2.1625, miRNA CL: 6.8514, Disease CL: 6.2052, Inter-view (est): 3.0131, Recon Loss: 0.0255, Time: 278.30s
[INFO] Hypergraph updated at epoch 550

🔧 Epoch 550 梯度检查:
================================================================================

  参数名称                              梯度范数         梯度均值 状态             
  ----------------------------------------------------------------------
  type_relations                0.227940     0.006735 ✅ 正常           
  exist_relation                0.000110     0.000007 ✅ 正常           
  mi_proj_layer0                0.286940     0.000966 ✅ 正常           
  dis_proj_layer0               0.256388     0.000889 ✅ 正常           
================================================================================

Epoch 550, Total Loss: 15.3576, Recover Loss: 2.1483, miRNA CL: 6.8158, Disease CL: 6.1937, Inter-view (est): 3.0022, Recon Loss: 0.0259, Time: 306.58s
[INFO] Hypergraph updated at epoch 600

🔧 Epoch 600 梯度检查:
================================================================================

  参数名称                              梯度范数         梯度均值 状态             
  ----------------------------------------------------------------------
  type_relations                0.187175     0.005547 ✅ 正常           
  exist_relation                0.000109     0.000007 ✅ 正常           
  mi_proj_layer0                0.252603     0.000845 ✅ 正常           
  dis_proj_layer0               0.214353     0.000772 ✅ 正常           
================================================================================

Epoch 600, Total Loss: 15.3023, Recover Loss: 2.1343, miRNA CL: 6.7850, Disease CL: 6.1842, Inter-view (est): 2.9929, Recon Loss: 0.0262, Time: 334.46s
[INFO] Hypergraph updated at epoch 650

🔧 Epoch 650 梯度检查:
================================================================================

  参数名称                              梯度范数         梯度均值 状态             
  ----------------------------------------------------------------------
  type_relations                0.207267     0.006304 ✅ 正常           
  exist_relation                0.000109     0.000007 ✅ 正常           
  mi_proj_layer0                0.286867     0.000959 ✅ 正常           
  dis_proj_layer0               0.225524     0.000805 ✅ 正常           
================================================================================

Epoch 650, Total Loss: 15.2557, Recover Loss: 2.1263, miRNA CL: 6.7562, Disease CL: 6.1752, Inter-view (est): 2.9842, Recon Loss: 0.0263, Time: 363.08s

================================================================================
Training completed. Running final test...
================================================================================
Fold 4 completed - AUC: 0.9624, Top-1 F1: 0.6760
Fold 4 training time: 363.85 seconds
=== Cross Validation Fold 5/5 ===
Using hidden dimensions: [256, 256] with 4 attention heads
[ABLATION] Running with mode = no_hgt
优化模型初始化: miRNA数量 = 495, 疾病数量 = 383
   节点维度: 256 → 128
   类型数量: 4
   Temperature: 2.0 (可学习)
   Loss mode: softmax_5class
   loss_mode=softmax_5class
   class_weights_5 (neg+4types): ['0.026', '0.970', '2.266', '1.215', '0.524']

✅ SimplifiedMultiTypeAssociationLoss 初始化 (改进版)
   类别权重 (beta=0.99999): ['0.780', '1.822', '0.977', '0.421']
Original positive index shape: torch.Size([1072, 2])
Original negative index shape: torch.Size([135416, 2])
采样后负样本数量: 10720
🎯 Building TRUE DUAL VIEWS from four different sources...
📊 Data sources loaded:
  Disease semantic: torch.Size([383, 383])
  miRNA functional: torch.Size([495, 495])
  Disease-gene: torch.Size([383, 383])
  miRNA-sequence: torch.Size([495, 495])
🧬 Building miRNA dual-view hypergraphs...
  📊 miRNA View 1 (Sequence): torch.Size([495, 878])
  📊 miRNA View 2 (Function): torch.Size([495, 878])
🦠 Building disease dual-view hypergraphs...
  📊 Disease View 1 (Gene): torch.Size([383, 878])
  📊 Disease View 2 (Semantic): torch.Size([383, 878])
✅ Successfully built TRUE DUAL VIEWS:
   🧬 miRNA: Sequence Features (m_ss.xlsx) vs Functional Similarity (mi_fun_sim_2.0.csv)
   🦠 Disease: Gene Features (d_gs.xlsx) vs Semantic Similarity (dis_sem_sim_2.0.csv)

🔧 Epoch 1 梯度检查:
================================================================================

  参数名称                              梯度范数         梯度均值 状态             
  ----------------------------------------------------------------------
  type_relations                1.675341     0.040772 ✅ 正常           
  exist_relation                0.000127     0.000009 ✅ 正常           
  mi_proj_layer0                6.658801     0.020346 ✅ 正常           
  dis_proj_layer0               5.906481     0.015901 ✅ 正常           
================================================================================

Epoch 1, Total Loss: 22.6399, Recover Loss: 3.2975, miRNA CL: 9.0829, Disease CL: 8.4221, Inter-view (est): 4.0396, Recon Loss: 1.5395, Time: 0.53s
[INFO] Hypergraph updated at epoch 5
[INFO] Hypergraph updated at epoch 10
[INFO] Hypergraph updated at epoch 15
[INFO] Hypergraph updated at epoch 20
[INFO] Hypergraph updated at epoch 25
[INFO] Hypergraph updated at epoch 30
[INFO] Hypergraph updated at epoch 35
[INFO] Hypergraph updated at epoch 40
[INFO] Hypergraph updated at epoch 45
[INFO] Hypergraph updated at epoch 50

🔧 Epoch 50 梯度检查:
================================================================================

  参数名称                              梯度范数         梯度均值 状态             
  ----------------------------------------------------------------------
  type_relations                0.292322     0.008528 ✅ 正常           
  exist_relation                0.000122     0.000009 ✅ 正常           
  mi_proj_layer0                0.111922     0.000393 ✅ 正常           
  dis_proj_layer0               0.096543     0.000354 ✅ 正常           
================================================================================

Epoch 50, Total Loss: 18.7675, Recover Loss: 2.6841, miRNA CL: 8.0440, Disease CL: 7.6874, Inter-view (est): 3.6303, Recon Loss: 0.0819, Time: 27.88s
[INFO] Hypergraph updated at epoch 100

🔧 Epoch 100 梯度检查:
================================================================================

  参数名称                              梯度范数         梯度均值 状态             
  ----------------------------------------------------------------------
  type_relations                0.330503     0.008968 ✅ 正常           
  exist_relation                0.000116     0.000008 ✅ 正常           
  mi_proj_layer0                0.130748     0.000445 ✅ 正常           
  dis_proj_layer0               0.106652     0.000372 ✅ 正常           
================================================================================

Epoch 100, Total Loss: 17.5770, Recover Loss: 2.5786, miRNA CL: 7.7511, Disease CL: 6.9776, Inter-view (est): 3.3989, Recon Loss: 0.0295, Time: 55.31s
[INFO] Hypergraph updated at epoch 150

🔧 Epoch 150 梯度检查:
================================================================================

  参数名称                              梯度范数         梯度均值 状态             
  ----------------------------------------------------------------------
  type_relations                0.299137     0.008175 ✅ 正常           
  exist_relation                0.000111     0.000008 ✅ 正常           
  mi_proj_layer0                0.125615     0.000439 ✅ 正常           
  dis_proj_layer0               0.151065     0.000501 ✅ 正常           
================================================================================

Epoch 150, Total Loss: 16.8793, Recover Loss: 2.4942, miRNA CL: 7.5377, Disease CL: 6.5967, Inter-view (est): 3.2618, Recon Loss: 0.0303, Time: 82.81s
[INFO] Hypergraph updated at epoch 200

🔧 Epoch 200 梯度检查:
================================================================================

  参数名称                              梯度范数         梯度均值 状态             
  ----------------------------------------------------------------------
  type_relations                0.305940     0.008893 ✅ 正常           
  exist_relation                0.000106     0.000007 ✅ 正常           
  mi_proj_layer0                0.181364     0.000601 ✅ 正常           
  dis_proj_layer0               0.174141     0.000608 ✅ 正常           
================================================================================

Epoch 200, Total Loss: 16.3726, Recover Loss: 2.4147, miRNA CL: 7.2853, Disease CL: 6.4368, Inter-view (est): 3.1666, Recon Loss: 0.0291, Time: 110.51s
[INFO] Hypergraph updated at epoch 250

🔧 Epoch 250 梯度检查:
================================================================================

  参数名称                              梯度范数         梯度均值 状态             
  ----------------------------------------------------------------------
  type_relations                0.289472     0.008289 ✅ 正常           
  exist_relation                0.000103     0.000007 ✅ 正常           
  mi_proj_layer0                0.216256     0.000771 ✅ 正常           
  dis_proj_layer0               0.236689     0.000817 ✅ 正常           
================================================================================

Epoch 250, Total Loss: 16.0293, Recover Loss: 2.3289, miRNA CL: 7.1345, Disease CL: 6.3405, Inter-view (est): 3.1096, Recon Loss: 0.0284, Time: 138.56s
[INFO] Hypergraph updated at epoch 300

🔧 Epoch 300 梯度检查:
================================================================================

  参数名称                              梯度范数         梯度均值 状态             
  ----------------------------------------------------------------------
  type_relations                0.273347     0.007904 ✅ 正常           
  exist_relation                0.000100     0.000007 ✅ 正常           
  mi_proj_layer0                0.211600     0.000723 ✅ 正常           
  dis_proj_layer0               0.237711     0.000838 ✅ 正常           
================================================================================

Epoch 300, Total Loss: 15.8398, Recover Loss: 2.2888, miRNA CL: 7.0387, Disease CL: 6.2942, Inter-view (est): 3.0768, Recon Loss: 0.0276, Time: 166.47s
[INFO] Hypergraph updated at epoch 350

🔧 Epoch 350 梯度检查:
================================================================================

  参数名称                              梯度范数         梯度均值 状态             
  ----------------------------------------------------------------------
  type_relations                0.273525     0.008104 ✅ 正常           
  exist_relation                0.000097     0.000006 ✅ 正常           
  mi_proj_layer0                0.260115     0.000879 ✅ 正常           
  dis_proj_layer0               0.276776     0.000988 ✅ 正常           
================================================================================

Epoch 350, Total Loss: 15.6915, Recover Loss: 2.2541, miRNA CL: 6.9639, Disease CL: 6.2602, Inter-view (est): 3.0517, Recon Loss: 0.0277, Time: 194.17s
[INFO] Hypergraph updated at epoch 400

🔧 Epoch 400 梯度检查:
================================================================================

  参数名称                              梯度范数         梯度均值 状态             
  ----------------------------------------------------------------------
  type_relations                0.284034     0.008259 ✅ 正常           
  exist_relation                0.000096     0.000006 ✅ 正常           
  mi_proj_layer0                0.338245     0.001058 ✅ 正常           
  dis_proj_layer0               0.320581     0.001138 ✅ 正常           
================================================================================

Epoch 400, Total Loss: 15.5534, Recover Loss: 2.2378, miRNA CL: 6.8719, Disease CL: 6.2343, Inter-view (est): 3.0245, Recon Loss: 0.0274, Time: 221.77s
[INFO] Hypergraph updated at epoch 450

🔧 Epoch 450 梯度检查:
================================================================================

  参数名称                              梯度范数         梯度均值 状态             
  ----------------------------------------------------------------------
  type_relations                0.247727     0.007405 ✅ 正常           
  exist_relation                0.000095     0.000006 ✅ 正常           
  mi_proj_layer0                0.234754     0.000752 ✅ 正常           
  dis_proj_layer0               0.274758     0.000905 ✅ 正常           
================================================================================

Epoch 450, Total Loss: 15.4652, Recover Loss: 2.1996, miRNA CL: 6.8355, Disease CL: 6.2229, Inter-view (est): 3.0135, Recon Loss: 0.0267, Time: 249.84s
[INFO] Hypergraph updated at epoch 500

🔧 Epoch 500 梯度检查:
================================================================================

  参数名称                              梯度范数         梯度均值 状态             
  ----------------------------------------------------------------------
  type_relations                0.255493     0.007321 ✅ 正常           
  exist_relation                0.000094     0.000006 ✅ 正常           
  mi_proj_layer0                0.263579     0.000863 ✅ 正常           
  dis_proj_layer0               0.264870     0.000923 ✅ 正常           
================================================================================

Epoch 500, Total Loss: 15.4352, Recover Loss: 2.2041, miRNA CL: 6.8095, Disease CL: 6.2151, Inter-view (est): 3.0057, Recon Loss: 0.0268, Time: 277.97s
[INFO] Hypergraph updated at epoch 550

🔧 Epoch 550 梯度检查:
================================================================================

  参数名称                              梯度范数         梯度均值 状态             
  ----------------------------------------------------------------------
  type_relations                0.263709     0.007658 ✅ 正常           
  exist_relation                0.000094     0.000006 ✅ 正常           
  mi_proj_layer0                0.251848     0.000838 ✅ 正常           
  dis_proj_layer0               0.301348     0.000989 ✅ 正常           
================================================================================

Epoch 550, Total Loss: 15.4071, Recover Loss: 2.1972, miRNA CL: 6.7949, Disease CL: 6.2087, Inter-view (est): 3.0008, Recon Loss: 0.0277, Time: 305.68s
[INFO] Hypergraph updated at epoch 600

🔧 Epoch 600 梯度检查:
================================================================================

  参数名称                              梯度范数         梯度均值 状态             
  ----------------------------------------------------------------------
  type_relations                0.219514     0.006600 ✅ 正常           
  exist_relation                0.000093     0.000006 ✅ 正常           
  mi_proj_layer0                0.268072     0.000888 ✅ 正常           
  dis_proj_layer0               0.242235     0.000824 ✅ 正常           
================================================================================

Epoch 600, Total Loss: 15.3542, Recover Loss: 2.1717, miRNA CL: 6.7765, Disease CL: 6.2018, Inter-view (est): 2.9950, Recon Loss: 0.0265, Time: 335.31s
[INFO] Hypergraph updated at epoch 650

🔧 Epoch 650 梯度检查:
================================================================================

  参数名称                              梯度范数         梯度均值 状态             
  ----------------------------------------------------------------------
  type_relations                0.234429     0.006573 ✅ 正常           
  exist_relation                0.000092     0.000006 ✅ 正常           
  mi_proj_layer0                0.270022     0.000886 ✅ 正常           
  dis_proj_layer0               0.273088     0.000907 ✅ 正常           
================================================================================

Epoch 650, Total Loss: 15.3250, Recover Loss: 2.1663, miRNA CL: 6.7611, Disease CL: 6.1951, Inter-view (est): 2.9899, Recon Loss: 0.0257, Time: 363.65s

================================================================================
Training completed. Running final test...
================================================================================
Fold 5 completed - AUC: 0.9715, Top-1 F1: 0.7363
Fold 5 training time: 364.41 seconds
Average binary metrics across folds: [[0.96895244 0.96891209 0.92520793 0.92380597 0.94164179 0.90597015
  0.91035436]]
🎯 Average Top-1 metrics across folds: {'top1_precision': 0.6664179104477611, 'top1_recall': np.float64(0.6979778273570203), 'top1_f1': np.float64(0.6817505150877629)}

📊 CV_type Style Metrics Details:
  AUC            : 0.9690
  AUPR           : 0.9689
  F1             : 0.9252
  Accuracy       : 0.9238
  Recall         : 0.9416
  Specificity    : 0.9060
  Precision      : 0.9104

🎯 Top-1 Metrics Details:
  top1_precision : 0.6664
  top1_recall    : 0.6980
  top1_f1        : 0.6818

Total execution time: 1813.12 seconds

==========================================================================================
🎯 FINAL COMPREHENSIVE RESULTS WITH TOP-1 METRICS
==========================================================================================
📊 Binary Classification Metrics (Original):
  AUC: 0.9690
  AUPR: 0.9689
  F1: 0.9252
  Accuracy: 0.9238
  Recall: 0.9416
  Specificity: 0.9060
  Precision: 0.9104

🎯 CV_type Style Metrics (Enhanced):
  AUC: 0.9690
  AUPR: 0.9689
  F1: 0.9252
  Accuracy: 0.9238
  Recall: 0.9416
  Specificity: 0.9060
  Precision: 0.9104

🏆 Top-1 Metrics (NEW):
  Top-1 Precision: 0.6664
  Top-1 Recall: 0.6980
  Top-1 F1: 0.6818
==========================================================================================

[ABL] no_dv (softmax_5class)
[CPU] torch.set_num_threads(14), interop=min(4, 14)
Using device: cpu
[INFO] Auto-computed BALANCED class weights (to prevent class collapse):
  Circulation  (367 samples): 0.780
  Epigenetics  (157 samples): 1.823
  Target       (293 samples): 0.977
  Genetics     (681 samples): 0.420
  [NOTE] Higher weights for minority classes to prevent model from only predicting majority class
[INFO] Using v2.0_495m383D dataset:
  miRNAs: 495
  Diseases: 383
  Expected associations: ~1498
  Types: 4 (Circulation, Epigenetics, Target, Genetics)

================================================================================
Configuration Summary
================================================================================
Dataset: v2.0_495m383D
Data Path: ./
Model: HeterogenousGraphCLAMIR
  - HGT Layers: 2
  - Attention Heads: 4
  - Association Types: 4
  - Inter-view CL: Enabled
    - Weight: 0.3
    - Temperature: 0.5
    - Margin: 0.5

Training:
  - Epochs: 650
  - Learning Rate: 0.0001
  - Dropout: 0.3
  - Weight Decay: 5e-05
  - Focal Loss: Enabled

Evaluation:
  - Cross-Validation Folds: 5
  - Primary Metric: AUPR

Device: cpu
Random Seed: 1234
================================================================================

🚀 Running with comprehensive evaluation including Top-1 metrics...
🎯 Loading dual-view data...
Starting dual-view data preparation with new file format...
Loading all similarity and feature files from v2.0_495m383D...
✅ Loaded disease semantic similarity from D_SSM1.txt: (383, 383)
✅ Loaded miRNA functional similarity from M_FSM.txt: (495, 495)
✅ Loaded multi-type association pairs from ./v2.0_495m383D\multi_all_mirna_disease_pairs_without_negative.csv: (1679, 3)
✅ Created multi-type association matrix: (495, 383)
📊 Multi-type Association Statistics:
   无关联 (No association): 188087 pairs (99.21%)
   循环类型 (Circulation): 367 pairs (0.19%)
   表观遗传学 (Epigenetics): 157 pairs (0.08%)
   靶标类型 (Target): 293 pairs (0.15%)
   遗传学类型 (Genetics): 681 pairs (0.36%)
✅ Created association matrix from CSV: (495, 383)
✅ Loaded disease-gene features from D_SSM2.txt: torch.Size([383, 383])
✅ Loaded miRNA-sequence features from M_GSM.txt: torch.Size([495, 495])
Processing integrated similarity matrices...
Loaded similarity matrices from cache
Processing indices...
Loaded indices from cache
✅ Dual-view data preparation completed in 0.38 seconds

============================================================
🎯 DUAL-VIEW CONFIGURATION SUMMARY (v2.0_495m383D)
============================================================
miRNA Dual Views:
  📊 View 1 (Sequence): M_GSM.txt torch.Size([495, 495])
  📊 View 2 (Function): M_FSM.txt torch.Size([495, 495])

Disease Dual Views:
  📊 View 1 (Gene): D_SSM2.txt torch.Size([383, 383])
  📊 View 2 (Semantic): D_SSM1.txt torch.Size([383, 383])

Association Matrix: torch.Size([495, 383])
Data source: v2.0_495m383D (495 miRNAs × 383 Diseases)
============================================================
Preloading dual-view data to device...
✅ Loaded disease-gene features to device: torch.Size([383, 383])
✅ Loaded miRNA-sequence features to device: torch.Size([495, 495])
✅ Loaded disease semantic similarity to device: torch.Size([383, 383])
✅ Loaded miRNA functional similarity to device: torch.Size([495, 495])
✅ Dual-view data preloading completed in 0.00 seconds
OptimizedDataset initialized with 5 folds
Using device: cpu
=== Cross Validation Fold 1/5 ===
Using hidden dimensions: [256, 256] with 4 attention heads
[ABLATION] Running with mode = no_dv
优化模型初始化: miRNA数量 = 495, 疾病数量 = 383
   节点维度: 256 → 128
   类型数量: 4
   Temperature: 2.0 (可学习)
   Loss mode: softmax_5class
   loss_mode=softmax_5class
   class_weights_5 (neg+4types): ['0.026', '0.970', '2.266', '1.215', '0.524']

✅ SimplifiedMultiTypeAssociationLoss 初始化 (改进版)
   类别权重 (beta=0.99999): ['0.780', '1.822', '0.977', '0.421']
Original positive index shape: torch.Size([1072, 2])
Original negative index shape: torch.Size([135416, 2])
采样后负样本数量: 10720
🎯 Building TRUE DUAL VIEWS from four different sources...
📊 Data sources loaded:
  Disease semantic: torch.Size([383, 383])
  miRNA functional: torch.Size([495, 495])
  Disease-gene: torch.Size([383, 383])
  miRNA-sequence: torch.Size([495, 495])
🧬 Building miRNA dual-view hypergraphs...
  📊 miRNA View 1 (Sequence): torch.Size([495, 878])
  📊 miRNA View 2 (Function): torch.Size([495, 878])
🦠 Building disease dual-view hypergraphs...
  📊 Disease View 1 (Gene): torch.Size([383, 878])
  📊 Disease View 2 (Semantic): torch.Size([383, 878])
✅ Successfully built TRUE DUAL VIEWS:
   🧬 miRNA: Sequence Features (m_ss.xlsx) vs Functional Similarity (mi_fun_sim_2.0.csv)
   🦠 Disease: Gene Features (d_gs.xlsx) vs Semantic Similarity (dis_sem_sim_2.0.csv)

🔧 Epoch 1 梯度检查:
================================================================================

  参数名称                              梯度范数         梯度均值 状态             
  ----------------------------------------------------------------------
  type_relations                0.665259     0.016443 ✅ 正常           
  exist_relation                0.000133     0.000009 ✅ 正常           
  mi_proj_layer0                1.298531     0.003773 ✅ 正常           
  dis_proj_layer0               1.268586     0.003695 ✅ 正常           
================================================================================

Epoch 1, Total Loss: 22.2085, Recover Loss: 2.9474, miRNA CL: 8.9711, Disease CL: 8.4538, Inter-view (est): 4.0212, Recon Loss: 1.5381, Time: 0.69s
[INFO] Hypergraph updated at epoch 5
[INFO] Hypergraph updated at epoch 10
[INFO] Hypergraph updated at epoch 15
[INFO] Hypergraph updated at epoch 20
[INFO] Hypergraph updated at epoch 25
[INFO] Hypergraph updated at epoch 30
[INFO] Hypergraph updated at epoch 35
[INFO] Hypergraph updated at epoch 40
[INFO] Hypergraph updated at epoch 45
[INFO] Hypergraph updated at epoch 50

🔧 Epoch 50 梯度检查:
================================================================================

  参数名称                              梯度范数         梯度均值 状态             
  ----------------------------------------------------------------------
  type_relations                0.299342     0.008905 ✅ 正常           
  exist_relation                0.000129     0.000009 ✅ 正常           
  mi_proj_layer0                0.068794     0.000252 ✅ 正常           
  dis_proj_layer0               0.076326     0.000276 ✅ 正常           
================================================================================

Epoch 50, Total Loss: 18.4981, Recover Loss: 2.6933, miRNA CL: 7.7299, Disease CL: 7.6765, Inter-view (est): 3.5553, Recon Loss: 0.1129, Time: 95.94s
[INFO] Hypergraph updated at epoch 100

🔧 Epoch 100 梯度检查:
================================================================================

  参数名称                              梯度范数         梯度均值 状态             
  ----------------------------------------------------------------------
  type_relations                0.293411     0.008600 ✅ 正常           
  exist_relation                0.000123     0.000008 ✅ 正常           
  mi_proj_layer0                0.066886     0.000237 ✅ 正常           
  dis_proj_layer0               0.075618     0.000272 ✅ 正常           
================================================================================

Epoch 100, Total Loss: 17.1450, Recover Loss: 2.6435, miRNA CL: 7.3147, Disease CL: 6.8853, Inter-view (est): 3.2769, Recon Loss: 0.0312, Time: 130.47s
[INFO] Hypergraph updated at epoch 150

🔧 Epoch 150 梯度检查:
================================================================================

  参数名称                              梯度范数         梯度均值 状态             
  ----------------------------------------------------------------------
  type_relations                0.313879     0.008820 ✅ 正常           
  exist_relation                0.000119     0.000008 ✅ 正常           
  mi_proj_layer0                0.067830     0.000244 ✅ 正常           
  dis_proj_layer0               0.075352     0.000282 ✅ 正常           
================================================================================

Epoch 150, Total Loss: 16.4901, Recover Loss: 2.5790, miRNA CL: 7.0721, Disease CL: 6.5463, Inter-view (est): 3.1427, Recon Loss: 0.0304, Time: 163.40s
[INFO] Hypergraph updated at epoch 200

🔧 Epoch 200 梯度检查:
================================================================================

  参数名称                              梯度范数         梯度均值 状态             
  ----------------------------------------------------------------------
  type_relations                0.304457     0.008349 ✅ 正常           
  exist_relation                0.000116     0.000007 ✅ 正常           
  mi_proj_layer0                0.066794     0.000242 ✅ 正常           
  dis_proj_layer0               0.075364     0.000276 ✅ 正常           
================================================================================

Epoch 200, Total Loss: 16.0437, Recover Loss: 2.5199, miRNA CL: 6.8458, Disease CL: 6.3921, Inter-view (est): 3.0549, Recon Loss: 0.0294, Time: 196.42s
[INFO] Hypergraph updated at epoch 250

🔧 Epoch 250 梯度检查:
================================================================================

  参数名称                              梯度范数         梯度均值 状态             
  ----------------------------------------------------------------------
  type_relations                0.334186     0.008271 ✅ 正常           
  exist_relation                0.000113     0.000007 ✅ 正常           
  mi_proj_layer0                0.065538     0.000241 ✅ 正常           
  dis_proj_layer0               0.069822     0.000259 ✅ 正常           
================================================================================

Epoch 250, Total Loss: 15.7880, Recover Loss: 2.4533, miRNA CL: 6.7275, Disease CL: 6.3255, Inter-view (est): 3.0122, Recon Loss: 0.0287, Time: 228.76s
[INFO] Hypergraph updated at epoch 300

🔧 Epoch 300 梯度检查:
================================================================================

  参数名称                              梯度范数         梯度均值 状态             
  ----------------------------------------------------------------------
  type_relations                0.303967     0.007740 ✅ 正常           
  exist_relation                0.000111     0.000007 ✅ 正常           
  mi_proj_layer0                0.063854     0.000238 ✅ 正常           
  dis_proj_layer0               0.081513     0.000292 ✅ 正常           
================================================================================

Epoch 300, Total Loss: 15.6387, Recover Loss: 2.4157, miRNA CL: 6.6678, Disease CL: 6.2761, Inter-view (est): 2.9870, Recon Loss: 0.0289, Time: 261.37s
[INFO] Hypergraph updated at epoch 350

🔧 Epoch 350 梯度检查:
================================================================================

  参数名称                              梯度范数         梯度均值 状态             
  ----------------------------------------------------------------------
  type_relations                0.268136     0.007379 ✅ 正常           
  exist_relation                0.000109     0.000007 ✅ 正常           
  mi_proj_layer0                0.068000     0.000246 ✅ 正常           
  dis_proj_layer0               0.075698     0.000273 ✅ 正常           
================================================================================

Epoch 350, Total Loss: 15.5036, Recover Loss: 2.3699, miRNA CL: 6.6208, Disease CL: 6.2367, Inter-view (est): 2.9671, Recon Loss: 0.0285, Time: 294.06s
[INFO] Hypergraph updated at epoch 400

🔧 Epoch 400 梯度检查:
================================================================================

  参数名称                              梯度范数         梯度均值 状态             
  ----------------------------------------------------------------------
  type_relations                0.256910     0.006752 ✅ 正常           
  exist_relation                0.000106     0.000007 ✅ 正常           
  mi_proj_layer0                0.063243     0.000232 ✅ 正常           
  dis_proj_layer0               0.073481     0.000264 ✅ 正常           
================================================================================

Epoch 400, Total Loss: 15.3803, Recover Loss: 2.3268, miRNA CL: 6.5836, Disease CL: 6.1962, Inter-view (est): 2.9492, Recon Loss: 0.0285, Time: 326.87s
[INFO] Hypergraph updated at epoch 450

🔧 Epoch 450 梯度检查:
================================================================================

  参数名称                              梯度范数         梯度均值 状态             
  ----------------------------------------------------------------------
  type_relations                0.220891     0.005668 ✅ 正常           
  exist_relation                0.000104     0.000006 ✅ 正常           
  mi_proj_layer0                0.067580     0.000240 ✅ 正常           
  dis_proj_layer0               0.066867     0.000245 ✅ 正常           
================================================================================

Epoch 450, Total Loss: 15.2881, Recover Loss: 2.2991, miRNA CL: 6.5497, Disease CL: 6.1681, Inter-view (est): 2.9349, Recon Loss: 0.0280, Time: 360.49s
[INFO] Hypergraph updated at epoch 500

🔧 Epoch 500 梯度检查:
================================================================================

  参数名称                              梯度范数         梯度均值 状态             
  ----------------------------------------------------------------------
  type_relations                0.194762     0.005447 ✅ 正常           
  exist_relation                0.000102     0.000006 ✅ 正常           
  mi_proj_layer0                0.061230     0.000218 ✅ 正常           
  dis_proj_layer0               0.063194     0.000231 ✅ 正常           
================================================================================

Epoch 500, Total Loss: 15.2195, Recover Loss: 2.2770, miRNA CL: 6.5287, Disease CL: 6.1445, Inter-view (est): 2.9246, Recon Loss: 0.0279, Time: 393.59s
[INFO] Hypergraph updated at epoch 550

🔧 Epoch 550 梯度检查:
================================================================================

  参数名称                              梯度范数         梯度均值 状态             
  ----------------------------------------------------------------------
  type_relations                0.181530     0.004989 ✅ 正常           
  exist_relation                0.000101     0.000006 ✅ 正常           
  mi_proj_layer0                0.059809     0.000215 ✅ 正常           
  dis_proj_layer0               0.069334     0.000252 ✅ 正常           
================================================================================

Epoch 550, Total Loss: 15.1661, Recover Loss: 2.2603, miRNA CL: 6.5114, Disease CL: 6.1267, Inter-view (est): 2.9165, Recon Loss: 0.0273, Time: 427.16s
[INFO] Hypergraph updated at epoch 600

🔧 Epoch 600 梯度检查:
================================================================================

  参数名称                              梯度范数         梯度均值 状态             
  ----------------------------------------------------------------------
  type_relations                0.176534     0.004985 ✅ 正常           
  exist_relation                0.000099     0.000006 ✅ 正常           
  mi_proj_layer0                0.062832     0.000227 ✅ 正常           
  dis_proj_layer0               0.075559     0.000268 ✅ 正常           
================================================================================

Epoch 600, Total Loss: 15.1079, Recover Loss: 2.2349, miRNA CL: 6.4970, Disease CL: 6.1097, Inter-view (est): 2.9093, Recon Loss: 0.0272, Time: 460.82s
[INFO] Hypergraph updated at epoch 650

🔧 Epoch 650 梯度检查:
================================================================================

  参数名称                              梯度范数         梯度均值 状态             
  ----------------------------------------------------------------------
  type_relations                0.172235     0.004785 ✅ 正常           
  exist_relation                0.000098     0.000006 ✅ 正常           
  mi_proj_layer0                0.062775     0.000224 ✅ 正常           
  dis_proj_layer0               0.064528     0.000234 ✅ 正常           
================================================================================

Epoch 650, Total Loss: 15.0506, Recover Loss: 2.2138, miRNA CL: 6.4781, Disease CL: 6.0936, Inter-view (est): 2.9012, Recon Loss: 0.0272, Time: 494.53s

================================================================================
Training completed. Running final test...
================================================================================
Fold 1 completed - AUC: 0.9761, Top-1 F1: 0.6401
Fold 1 training time: 495.60 seconds
=== Cross Validation Fold 2/5 ===
Using hidden dimensions: [256, 256] with 4 attention heads
[ABLATION] Running with mode = no_dv
优化模型初始化: miRNA数量 = 495, 疾病数量 = 383
   节点维度: 256 → 128
   类型数量: 4
   Temperature: 2.0 (可学习)
   Loss mode: softmax_5class
   loss_mode=softmax_5class
   class_weights_5 (neg+4types): ['0.026', '0.970', '2.266', '1.215', '0.524']

✅ SimplifiedMultiTypeAssociationLoss 初始化 (改进版)
   类别权重 (beta=0.99999): ['0.780', '1.822', '0.977', '0.421']
Original positive index shape: torch.Size([1072, 2])
Original negative index shape: torch.Size([135416, 2])
采样后负样本数量: 10720
🎯 Building TRUE DUAL VIEWS from four different sources...
📊 Data sources loaded:
  Disease semantic: torch.Size([383, 383])
  miRNA functional: torch.Size([495, 495])
  Disease-gene: torch.Size([383, 383])
  miRNA-sequence: torch.Size([495, 495])
🧬 Building miRNA dual-view hypergraphs...
  📊 miRNA View 1 (Sequence): torch.Size([495, 878])
  📊 miRNA View 2 (Function): torch.Size([495, 878])
🦠 Building disease dual-view hypergraphs...
  📊 Disease View 1 (Gene): torch.Size([383, 878])
  📊 Disease View 2 (Semantic): torch.Size([383, 878])
✅ Successfully built TRUE DUAL VIEWS:
   🧬 miRNA: Sequence Features (m_ss.xlsx) vs Functional Similarity (mi_fun_sim_2.0.csv)
   🦠 Disease: Gene Features (d_gs.xlsx) vs Semantic Similarity (dis_sem_sim_2.0.csv)

🔧 Epoch 1 梯度检查:
================================================================================

  参数名称                              梯度范数         梯度均值 状态             
  ----------------------------------------------------------------------
  type_relations                0.660232     0.015964 ✅ 正常           
  exist_relation                0.000146     0.000011 ✅ 正常           
  mi_proj_layer0                0.942446     0.002952 ✅ 正常           
  dis_proj_layer0               1.015570     0.003008 ✅ 正常           
================================================================================

Epoch 1, Total Loss: 22.0967, Recover Loss: 2.9655, miRNA CL: 8.8400, Disease CL: 8.4395, Inter-view (est): 3.9876, Recon Loss: 1.5536, Time: 0.63s
[INFO] Hypergraph updated at epoch 5
[INFO] Hypergraph updated at epoch 10
[INFO] Hypergraph updated at epoch 15
[INFO] Hypergraph updated at epoch 20
[INFO] Hypergraph updated at epoch 25
[INFO] Hypergraph updated at epoch 30
[INFO] Hypergraph updated at epoch 35
[INFO] Hypergraph updated at epoch 40
[INFO] Hypergraph updated at epoch 45
[INFO] Hypergraph updated at epoch 50

🔧 Epoch 50 梯度检查:
================================================================================

  参数名称                              梯度范数         梯度均值 状态             
  ----------------------------------------------------------------------
  type_relations                0.281566     0.008480 ✅ 正常           
  exist_relation                0.000141     0.000010 ✅ 正常           
  mi_proj_layer0                0.059512     0.000219 ✅ 正常           
  dis_proj_layer0               0.075265     0.000273 ✅ 正常           
================================================================================

Epoch 50, Total Loss: 18.5235, Recover Loss: 2.7154, miRNA CL: 7.6813, Disease CL: 7.6811, Inter-view (est): 3.5452, Recon Loss: 0.1606, Time: 99.15s
[INFO] Hypergraph updated at epoch 100

🔧 Epoch 100 梯度检查:
================================================================================

  参数名称                              梯度范数         梯度均值 状态             
  ----------------------------------------------------------------------
  type_relations                0.274872     0.007507 ✅ 正常           
  exist_relation                0.000135     0.000010 ✅ 正常           
  mi_proj_layer0                0.068320     0.000237 ✅ 正常           
  dis_proj_layer0               0.075158     0.000272 ✅ 正常           
================================================================================

Epoch 100, Total Loss: 17.1948, Recover Loss: 2.6712, miRNA CL: 7.2551, Disease CL: 6.9660, Inter-view (est): 3.2818, Recon Loss: 0.0322, Time: 135.82s
[INFO] Hypergraph updated at epoch 150

🔧 Epoch 150 梯度检查:
================================================================================

  参数名称                              梯度范数         梯度均值 状态             
  ----------------------------------------------------------------------
  type_relations                0.336225     0.008680 ✅ 正常           
  exist_relation                0.000132     0.000009 ✅ 正常           
  mi_proj_layer0                0.069401     0.000247 ✅ 正常           
  dis_proj_layer0               0.069684     0.000256 ✅ 正常           
================================================================================

Epoch 150, Total Loss: 16.7497, Recover Loss: 2.6132, miRNA CL: 7.0892, Disease CL: 6.7531, Inter-view (est): 3.1944, Recon Loss: 0.0303, Time: 170.39s
[INFO] Hypergraph updated at epoch 200

🔧 Epoch 200 梯度检查:
================================================================================

  参数名称                              梯度范数         梯度均值 状态             
  ----------------------------------------------------------------------
  type_relations                0.325631     0.007805 ✅ 正常           
  exist_relation                0.000129     0.000009 ✅ 正常           
  mi_proj_layer0                0.070820     0.000245 ✅ 正常           
  dis_proj_layer0               0.071424     0.000256 ✅ 正常           
================================================================================

Epoch 200, Total Loss: 16.3498, Recover Loss: 2.5625, miRNA CL: 6.9321, Disease CL: 6.5661, Inter-view (est): 3.1150, Recon Loss: 0.0294, Time: 204.08s
[INFO] Hypergraph updated at epoch 250

🔧 Epoch 250 梯度检查:
================================================================================

  参数名称                              梯度范数         梯度均值 状态             
  ----------------------------------------------------------------------
  type_relations                0.296803     0.007863 ✅ 正常           
  exist_relation                0.000127     0.000009 ✅ 正常           
  mi_proj_layer0                0.068898     0.000238 ✅ 正常           
  dis_proj_layer0               0.078452     0.000282 ✅ 正常           
================================================================================

Epoch 250, Total Loss: 16.0517, Recover Loss: 2.5104, miRNA CL: 6.8023, Disease CL: 6.4538, Inter-view (est): 3.0591, Recon Loss: 0.0292, Time: 237.70s
[INFO] Hypergraph updated at epoch 300

🔧 Epoch 300 梯度检查:
================================================================================

  参数名称                              梯度范数         梯度均值 状态             
  ----------------------------------------------------------------------
  type_relations                0.293445     0.007646 ✅ 正常           
  exist_relation                0.000125     0.000009 ✅ 正常           
  mi_proj_layer0                0.066124     0.000230 ✅ 正常           
  dis_proj_layer0               0.076759     0.000265 ✅ 正常           
================================================================================

Epoch 300, Total Loss: 15.8863, Recover Loss: 2.4786, miRNA CL: 6.7352, Disease CL: 6.3907, Inter-view (est): 3.0291, Recon Loss: 0.0281, Time: 271.45s
[INFO] Hypergraph updated at epoch 350

🔧 Epoch 350 梯度检查:
================================================================================

  参数名称                              梯度范数         梯度均值 状态             
  ----------------------------------------------------------------------
  type_relations                0.278594     0.007399 ✅ 正常           
  exist_relation                0.000123     0.000008 ✅ 正常           
  mi_proj_layer0                0.061132     0.000222 ✅ 正常           
  dis_proj_layer0               0.072813     0.000253 ✅ 正常           
================================================================================

Epoch 350, Total Loss: 15.7236, Recover Loss: 2.4339, miRNA CL: 6.6777, Disease CL: 6.3322, Inter-view (est): 3.0023, Recon Loss: 0.0286, Time: 305.78s
[INFO] Hypergraph updated at epoch 400

🔧 Epoch 400 梯度检查:
================================================================================

  参数名称                              梯度范数         梯度均值 状态             
  ----------------------------------------------------------------------
  type_relations                0.265436     0.006472 ✅ 正常           
  exist_relation                0.000121     0.000008 ✅ 正常           
  mi_proj_layer0                0.067630     0.000235 ✅ 正常           
  dis_proj_layer0               0.076216     0.000262 ✅ 正常           
================================================================================

Epoch 400, Total Loss: 15.5880, Recover Loss: 2.3975, miRNA CL: 6.6275, Disease CL: 6.2858, Inter-view (est): 2.9800, Recon Loss: 0.0286, Time: 339.18s
[INFO] Hypergraph updated at epoch 450

🔧 Epoch 450 梯度检查:
================================================================================

  参数名称                              梯度范数         梯度均值 状态             
  ----------------------------------------------------------------------
  type_relations                0.244636     0.006476 ✅ 正常           
  exist_relation                0.000118     0.000008 ✅ 正常           
  mi_proj_layer0                0.065065     0.000229 ✅ 正常           
  dis_proj_layer0               0.072821     0.000256 ✅ 正常           
================================================================================

Epoch 450, Total Loss: 15.4724, Recover Loss: 2.3592, miRNA CL: 6.5938, Disease CL: 6.2453, Inter-view (est): 2.9628, Recon Loss: 0.0280, Time: 372.52s
[INFO] Hypergraph updated at epoch 500

🔧 Epoch 500 梯度检查:
================================================================================

  参数名称                              梯度范数         梯度均值 状态             
  ----------------------------------------------------------------------
  type_relations                0.187091     0.005071 ✅ 正常           
  exist_relation                0.000116     0.000008 ✅ 正常           
  mi_proj_layer0                0.061447     0.000220 ✅ 正常           
  dis_proj_layer0               0.067031     0.000236 ✅ 正常           
================================================================================

Epoch 500, Total Loss: 15.3764, Recover Loss: 2.3283, miRNA CL: 6.5610, Disease CL: 6.2147, Inter-view (est): 2.9483, Recon Loss: 0.0281, Time: 405.87s
[INFO] Hypergraph updated at epoch 550

🔧 Epoch 550 梯度检查:
================================================================================

  参数名称                              梯度范数         梯度均值 状态             
  ----------------------------------------------------------------------
  type_relations                0.287216     0.007253 ✅ 正常           
  exist_relation                0.000113     0.000008 ✅ 正常           
  mi_proj_layer0                0.098974     0.000320 ✅ 正常           
  dis_proj_layer0               0.108585     0.000354 ✅ 正常           
================================================================================

Epoch 550, Total Loss: 15.3069, Recover Loss: 2.3174, miRNA CL: 6.5367, Disease CL: 6.1829, Inter-view (est): 2.9353, Recon Loss: 0.0276, Time: 438.86s
[INFO] Hypergraph updated at epoch 600

🔧 Epoch 600 梯度检查:
================================================================================

  参数名称                              梯度范数         梯度均值 状态             
  ----------------------------------------------------------------------
  type_relations                0.176187     0.004426 ✅ 正常           
  exist_relation                0.000111     0.000007 ✅ 正常           
  mi_proj_layer0                0.059010     0.000210 ✅ 正常           
  dis_proj_layer0               0.069236     0.000248 ✅ 正常           
================================================================================

Epoch 600, Total Loss: 15.2087, Recover Loss: 2.2771, miRNA CL: 6.5096, Disease CL: 6.1532, Inter-view (est): 2.9222, Recon Loss: 0.0281, Time: 472.43s
[INFO] Hypergraph updated at epoch 650

🔧 Epoch 650 梯度检查:
================================================================================

  参数名称                              梯度范数         梯度均值 状态             
  ----------------------------------------------------------------------
  type_relations                0.157617     0.004355 ✅ 正常           
  exist_relation                0.000109     0.000007 ✅ 正常           
  mi_proj_layer0                0.066108     0.000233 ✅ 正常           
  dis_proj_layer0               0.074054     0.000261 ✅ 正常           
================================================================================

Epoch 650, Total Loss: 15.1548, Recover Loss: 2.2609, miRNA CL: 6.4953, Disease CL: 6.1319, Inter-view (est): 2.9140, Recon Loss: 0.0273, Time: 505.10s

================================================================================
Training completed. Running final test...
================================================================================
Fold 2 completed - AUC: 0.9697, Top-1 F1: 0.6434
Fold 2 training time: 505.87 seconds
=== Cross Validation Fold 3/5 ===
Using hidden dimensions: [256, 256] with 4 attention heads
[ABLATION] Running with mode = no_dv
优化模型初始化: miRNA数量 = 495, 疾病数量 = 383
   节点维度: 256 → 128
   类型数量: 4
   Temperature: 2.0 (可学习)
   Loss mode: softmax_5class
   loss_mode=softmax_5class
   class_weights_5 (neg+4types): ['0.026', '0.970', '2.266', '1.215', '0.524']

✅ SimplifiedMultiTypeAssociationLoss 初始化 (改进版)
   类别权重 (beta=0.99999): ['0.780', '1.822', '0.977', '0.421']
Original positive index shape: torch.Size([1072, 2])
Original negative index shape: torch.Size([135416, 2])
采样后负样本数量: 10720
🎯 Building TRUE DUAL VIEWS from four different sources...
📊 Data sources loaded:
  Disease semantic: torch.Size([383, 383])
  miRNA functional: torch.Size([495, 495])
  Disease-gene: torch.Size([383, 383])
  miRNA-sequence: torch.Size([495, 495])
🧬 Building miRNA dual-view hypergraphs...
  📊 miRNA View 1 (Sequence): torch.Size([495, 878])
  📊 miRNA View 2 (Function): torch.Size([495, 878])
🦠 Building disease dual-view hypergraphs...
  📊 Disease View 1 (Gene): torch.Size([383, 878])
  📊 Disease View 2 (Semantic): torch.Size([383, 878])
✅ Successfully built TRUE DUAL VIEWS:
   🧬 miRNA: Sequence Features (m_ss.xlsx) vs Functional Similarity (mi_fun_sim_2.0.csv)
   🦠 Disease: Gene Features (d_gs.xlsx) vs Semantic Similarity (dis_sem_sim_2.0.csv)

🔧 Epoch 1 梯度检查:
================================================================================

  参数名称                              梯度范数         梯度均值 状态             
  ----------------------------------------------------------------------
  type_relations                0.687837     0.015944 ✅ 正常           
  exist_relation                0.000145     0.000010 ✅ 正常           
  mi_proj_layer0                1.873399     0.005682 ✅ 正常           
  dis_proj_layer0               1.847771     0.005950 ✅ 正常           
================================================================================

Epoch 1, Total Loss: 22.2382, Recover Loss: 3.0371, miRNA CL: 8.9480, Disease CL: 8.4193, Inter-view (est): 4.0079, Recon Loss: 1.5359, Time: 0.66s
[INFO] Hypergraph updated at epoch 5
[INFO] Hypergraph updated at epoch 10
[INFO] Hypergraph updated at epoch 15
[INFO] Hypergraph updated at epoch 20
[INFO] Hypergraph updated at epoch 25
[INFO] Hypergraph updated at epoch 30
[INFO] Hypergraph updated at epoch 35
[INFO] Hypergraph updated at epoch 40
[INFO] Hypergraph updated at epoch 45
[INFO] Hypergraph updated at epoch 50

🔧 Epoch 50 梯度检查:
================================================================================

  参数名称                              梯度范数         梯度均值 状态             
  ----------------------------------------------------------------------
  type_relations                0.308530     0.008596 ✅ 正常           
  exist_relation                0.000140     0.000010 ✅ 正常           
  mi_proj_layer0                0.068079     0.000241 ✅ 正常           
  dis_proj_layer0               0.073391     0.000268 ✅ 正常           
================================================================================

Epoch 50, Total Loss: 18.5670, Recover Loss: 2.6985, miRNA CL: 7.6998, Disease CL: 7.6855, Inter-view (est): 3.5504, Recon Loss: 0.1980, Time: 103.99s
[INFO] Hypergraph updated at epoch 100

🔧 Epoch 100 梯度检查:
================================================================================

  参数名称                              梯度范数         梯度均值 状态             
  ----------------------------------------------------------------------
  type_relations                0.294499     0.008129 ✅ 正常           
  exist_relation                0.000135     0.000009 ✅ 正常           
  mi_proj_layer0                0.064139     0.000230 ✅ 正常           
  dis_proj_layer0               0.070599     0.000258 ✅ 正常           
================================================================================

Epoch 100, Total Loss: 17.2874, Recover Loss: 2.6567, miRNA CL: 7.2869, Disease CL: 7.0394, Inter-view (est): 3.3061, Recon Loss: 0.0332, Time: 140.78s
[INFO] Hypergraph updated at epoch 150

🔧 Epoch 150 梯度检查:
================================================================================

  参数名称                              梯度范数         梯度均值 状态             
  ----------------------------------------------------------------------
  type_relations                0.342723     0.008398 ✅ 正常           
  exist_relation                0.000131     0.000009 ✅ 正常           
  mi_proj_layer0                0.071564     0.000243 ✅ 正常           
  dis_proj_layer0               0.070330     0.000258 ✅ 正常           
================================================================================

Epoch 150, Total Loss: 16.6571, Recover Loss: 2.5895, miRNA CL: 7.0405, Disease CL: 6.7317, Inter-view (est): 3.1782, Recon Loss: 0.0322, Time: 175.92s
[INFO] Hypergraph updated at epoch 200

🔧 Epoch 200 梯度检查:
================================================================================

  参数名称                              梯度范数         梯度均值 状态             
  ----------------------------------------------------------------------
  type_relations                0.357508     0.008741 ✅ 正常           
  exist_relation                0.000127     0.000008 ✅ 正常           
  mi_proj_layer0                0.070660     0.000255 ✅ 正常           
  dis_proj_layer0               0.082000     0.000291 ✅ 正常           
================================================================================

Epoch 200, Total Loss: 16.2168, Recover Loss: 2.5317, miRNA CL: 6.8554, Disease CL: 6.5419, Inter-view (est): 3.0917, Recon Loss: 0.0299, Time: 209.73s
[INFO] Hypergraph updated at epoch 250

🔧 Epoch 250 梯度检查:
================================================================================

  参数名称                              梯度范数         梯度均值 状态             
  ----------------------------------------------------------------------
  type_relations                0.291662     0.007657 ✅ 正常           
  exist_relation                0.000125     0.000008 ✅ 正常           
  mi_proj_layer0                0.064990     0.000240 ✅ 正常           
  dis_proj_layer0               0.074670     0.000270 ✅ 正常           
================================================================================

Epoch 250, Total Loss: 15.9680, Recover Loss: 2.4876, miRNA CL: 6.7463, Disease CL: 6.4486, Inter-view (est): 3.0450, Recon Loss: 0.0314, Time: 243.20s
[INFO] Hypergraph updated at epoch 300

🔧 Epoch 300 梯度检查:
================================================================================

  参数名称                              梯度范数         梯度均值 状态             
  ----------------------------------------------------------------------
  type_relations                0.300736     0.007648 ✅ 正常           
  exist_relation                0.000123     0.000008 ✅ 正常           
  mi_proj_layer0                0.067398     0.000247 ✅ 正常           
  dis_proj_layer0               0.077482     0.000279 ✅ 正常           
================================================================================

Epoch 300, Total Loss: 15.8278, Recover Loss: 2.4662, miRNA CL: 6.6962, Disease CL: 6.3845, Inter-view (est): 3.0186, Recon Loss: 0.0291, Time: 277.13s
[INFO] Hypergraph updated at epoch 350

🔧 Epoch 350 梯度检查:
================================================================================

  参数名称                              梯度范数         梯度均值 状态             
  ----------------------------------------------------------------------
  type_relations                0.292459     0.007265 ✅ 正常           
  exist_relation                0.000121     0.000008 ✅ 正常           
  mi_proj_layer0                0.068254     0.000240 ✅ 正常           
  dis_proj_layer0               0.068890     0.000250 ✅ 正常           
================================================================================

Epoch 350, Total Loss: 15.6912, Recover Loss: 2.4189, miRNA CL: 6.6592, Disease CL: 6.3351, Inter-view (est): 2.9987, Recon Loss: 0.0282, Time: 311.63s
[INFO] Hypergraph updated at epoch 400

🔧 Epoch 400 梯度检查:
================================================================================

  参数名称                              梯度范数         梯度均值 状态             
  ----------------------------------------------------------------------
  type_relations                0.301291     0.007569 ✅ 正常           
  exist_relation                0.000120     0.000008 ✅ 正常           
  mi_proj_layer0                0.065451     0.000240 ✅ 正常           
  dis_proj_layer0               0.075648     0.000275 ✅ 正常           
================================================================================

Epoch 400, Total Loss: 15.6029, Recover Loss: 2.3921, miRNA CL: 6.6298, Disease CL: 6.3043, Inter-view (est): 2.9848, Recon Loss: 0.0286, Time: 344.75s
[INFO] Hypergraph updated at epoch 450

🔧 Epoch 450 梯度检查:
================================================================================

  参数名称                              梯度范数         梯度均值 状态             
  ----------------------------------------------------------------------
  type_relations                0.251647     0.006544 ✅ 正常           
  exist_relation                0.000118     0.000008 ✅ 正常           
  mi_proj_layer0                0.066889     0.000243 ✅ 正常           
  dis_proj_layer0               0.074982     0.000269 ✅ 正常           
================================================================================

Epoch 450, Total Loss: 15.5020, Recover Loss: 2.3482, miRNA CL: 6.6033, Disease CL: 6.2760, Inter-view (est): 2.9722, Recon Loss: 0.0280, Time: 378.34s
[INFO] Hypergraph updated at epoch 500

🔧 Epoch 500 梯度检查:
================================================================================

  参数名称                              梯度范数         梯度均值 状态             
  ----------------------------------------------------------------------
  type_relations                0.227745     0.006013 ✅ 正常           
  exist_relation                0.000116     0.000007 ✅ 正常           
  mi_proj_layer0                0.062360     0.000234 ✅ 正常           
  dis_proj_layer0               0.077002     0.000277 ✅ 正常           
================================================================================

Epoch 500, Total Loss: 15.4173, Recover Loss: 2.3287, miRNA CL: 6.5740, Disease CL: 6.2426, Inter-view (est): 2.9577, Recon Loss: 0.0274, Time: 411.41s
[INFO] Hypergraph updated at epoch 550

🔧 Epoch 550 梯度检查:
================================================================================

  参数名称                              梯度范数         梯度均值 状态             
  ----------------------------------------------------------------------
  type_relations                0.260586     0.006500 ✅ 正常           
  exist_relation                0.000114     0.000007 ✅ 正常           
  mi_proj_layer0                0.072786     0.000264 ✅ 正常           
  dis_proj_layer0               0.075239     0.000273 ✅ 正常           
================================================================================

Epoch 550, Total Loss: 15.3183, Recover Loss: 2.2929, miRNA CL: 6.5474, Disease CL: 6.2077, Inter-view (est): 2.9435, Recon Loss: 0.0273, Time: 444.75s
[INFO] Hypergraph updated at epoch 600

🔧 Epoch 600 梯度检查:
================================================================================

  参数名称                              梯度范数         梯度均值 状态             
  ----------------------------------------------------------------------
  type_relations                0.186302     0.005165 ✅ 正常           
  exist_relation                0.000112     0.000007 ✅ 正常           
  mi_proj_layer0                0.063871     0.000232 ✅ 正常           
  dis_proj_layer0               0.066840     0.000239 ✅ 正常           
================================================================================

Epoch 600, Total Loss: 15.2363, Recover Loss: 2.2650, miRNA CL: 6.5233, Disease CL: 6.1793, Inter-view (est): 2.9314, Recon Loss: 0.0275, Time: 479.12s
[INFO] Hypergraph updated at epoch 650

🔧 Epoch 650 梯度检查:
================================================================================

  参数名称                              梯度范数         梯度均值 状态             
  ----------------------------------------------------------------------
  type_relations                0.159448     0.004305 ✅ 正常           
  exist_relation                0.000109     0.000007 ✅ 正常           
  mi_proj_layer0                0.063434     0.000228 ✅ 正常           
  dis_proj_layer0               0.070450     0.000252 ✅ 正常           
================================================================================

Epoch 650, Total Loss: 15.1733, Recover Loss: 2.2531, miRNA CL: 6.5005, Disease CL: 6.1525, Inter-view (est): 2.9199, Recon Loss: 0.0277, Time: 512.14s

================================================================================
Training completed. Running final test...
================================================================================
Fold 3 completed - AUC: 0.9761, Top-1 F1: 0.6238
Fold 3 training time: 512.92 seconds
=== Cross Validation Fold 4/5 ===
Using hidden dimensions: [256, 256] with 4 attention heads
[ABLATION] Running with mode = no_dv
优化模型初始化: miRNA数量 = 495, 疾病数量 = 383
   节点维度: 256 → 128
   类型数量: 4
   Temperature: 2.0 (可学习)
   Loss mode: softmax_5class
   loss_mode=softmax_5class
   class_weights_5 (neg+4types): ['0.026', '0.970', '2.266', '1.215', '0.524']

✅ SimplifiedMultiTypeAssociationLoss 初始化 (改进版)
   类别权重 (beta=0.99999): ['0.780', '1.822', '0.977', '0.421']
Original positive index shape: torch.Size([1072, 2])
Original negative index shape: torch.Size([135416, 2])
采样后负样本数量: 10720
🎯 Building TRUE DUAL VIEWS from four different sources...
📊 Data sources loaded:
  Disease semantic: torch.Size([383, 383])
  miRNA functional: torch.Size([495, 495])
  Disease-gene: torch.Size([383, 383])
  miRNA-sequence: torch.Size([495, 495])
🧬 Building miRNA dual-view hypergraphs...
  📊 miRNA View 1 (Sequence): torch.Size([495, 878])
  📊 miRNA View 2 (Function): torch.Size([495, 878])
🦠 Building disease dual-view hypergraphs...
  📊 Disease View 1 (Gene): torch.Size([383, 878])
  📊 Disease View 2 (Semantic): torch.Size([383, 878])
✅ Successfully built TRUE DUAL VIEWS:
   🧬 miRNA: Sequence Features (m_ss.xlsx) vs Functional Similarity (mi_fun_sim_2.0.csv)
   🦠 Disease: Gene Features (d_gs.xlsx) vs Semantic Similarity (dis_sem_sim_2.0.csv)

🔧 Epoch 1 梯度检查:
================================================================================

  参数名称                              梯度范数         梯度均值 状态             
  ----------------------------------------------------------------------
  type_relations                0.682215     0.016287 ✅ 正常           
  exist_relation                0.000139     0.000010 ✅ 正常           
  mi_proj_layer0                1.338670     0.004141 ✅ 正常           
  dis_proj_layer0               1.442176     0.004501 ✅ 正常           
================================================================================

Epoch 1, Total Loss: 22.1714, Recover Loss: 2.9835, miRNA CL: 8.9438, Disease CL: 8.4524, Inter-view (est): 4.0145, Recon Loss: 1.4935, Time: 0.67s
[INFO] Hypergraph updated at epoch 5
[INFO] Hypergraph updated at epoch 10
[INFO] Hypergraph updated at epoch 15
[INFO] Hypergraph updated at epoch 20
[INFO] Hypergraph updated at epoch 25
[INFO] Hypergraph updated at epoch 30
[INFO] Hypergraph updated at epoch 35
[INFO] Hypergraph updated at epoch 40
[INFO] Hypergraph updated at epoch 45
[INFO] Hypergraph updated at epoch 50

🔧 Epoch 50 梯度检查:
================================================================================

  参数名称                              梯度范数         梯度均值 状态             
  ----------------------------------------------------------------------
  type_relations                0.285788     0.008011 ✅ 正常           
  exist_relation                0.000134     0.000009 ✅ 正常           
  mi_proj_layer0                0.059049     0.000209 ✅ 正常           
  dis_proj_layer0               0.067907     0.000244 ✅ 正常           
================================================================================

Epoch 50, Total Loss: 18.5901, Recover Loss: 2.7030, miRNA CL: 7.6927, Disease CL: 7.7207, Inter-view (est): 3.5569, Recon Loss: 0.1889, Time: 92.56s
[INFO] Hypergraph updated at epoch 100

🔧 Epoch 100 梯度检查:
================================================================================

  参数名称                              梯度范数         梯度均值 状态             
  ----------------------------------------------------------------------
  type_relations                0.291113     0.007537 ✅ 正常           
  exist_relation                0.000129     0.000009 ✅ 正常           
  mi_proj_layer0                0.060605     0.000218 ✅ 正常           
  dis_proj_layer0               0.077452     0.000263 ✅ 正常           
================================================================================

Epoch 100, Total Loss: 17.2270, Recover Loss: 2.6569, miRNA CL: 7.2366, Disease CL: 7.0303, Inter-view (est): 3.2924, Recon Loss: 0.0327, Time: 129.84s
[INFO] Hypergraph updated at epoch 150

🔧 Epoch 150 梯度检查:
================================================================================

  参数名称                              梯度范数         梯度均值 状态             
  ----------------------------------------------------------------------
  type_relations                0.322913     0.008399 ✅ 正常           
  exist_relation                0.000125     0.000008 ✅ 正常           
  mi_proj_layer0                0.066435     0.000242 ✅ 正常           
  dis_proj_layer0               0.077133     0.000268 ✅ 正常           
================================================================================

Epoch 150, Total Loss: 16.5702, Recover Loss: 2.6053, miRNA CL: 6.9955, Disease CL: 6.6764, Inter-view (est): 3.1551, Recon Loss: 0.0308, Time: 162.34s
[INFO] Hypergraph updated at epoch 200

🔧 Epoch 200 梯度检查:
================================================================================

  参数名称                              梯度范数         梯度均值 状态             
  ----------------------------------------------------------------------
  type_relations                0.405485     0.008860 ✅ 正常           
  exist_relation                0.000122     0.000008 ✅ 正常           
  mi_proj_layer0                0.069250     0.000239 ✅ 正常           
  dis_proj_layer0               0.087986     0.000300 ✅ 正常           
================================================================================

Epoch 200, Total Loss: 16.0792, Recover Loss: 2.5231, miRNA CL: 6.7939, Disease CL: 6.4754, Inter-view (est): 3.0622, Recon Loss: 0.0299, Time: 195.48s
[INFO] Hypergraph updated at epoch 250

🔧 Epoch 250 梯度检查:
================================================================================

  参数名称                              梯度范数         梯度均值 状态             
  ----------------------------------------------------------------------
  type_relations                0.349146     0.008099 ✅ 正常           
  exist_relation                0.000119     0.000008 ✅ 正常           
  mi_proj_layer0                0.074645     0.000255 ✅ 正常           
  dis_proj_layer0               0.079347     0.000271 ✅ 正常           
================================================================================

Epoch 250, Total Loss: 15.8271, Recover Loss: 2.4672, miRNA CL: 6.6920, Disease CL: 6.3847, Inter-view (est): 3.0177, Recon Loss: 0.0302, Time: 228.76s
[INFO] Hypergraph updated at epoch 300

🔧 Epoch 300 梯度检查:
================================================================================

  参数名称                              梯度范数         梯度均值 状态             
  ----------------------------------------------------------------------
  type_relations                0.234816     0.006213 ✅ 正常           
  exist_relation                0.000116     0.000007 ✅ 正常           
  mi_proj_layer0                0.064946     0.000233 ✅ 正常           
  dis_proj_layer0               0.079045     0.000272 ✅ 正常           
================================================================================

Epoch 300, Total Loss: 15.6696, Recover Loss: 2.4351, miRNA CL: 6.6361, Disease CL: 6.3202, Inter-view (est): 2.9899, Recon Loss: 0.0288, Time: 261.20s
[INFO] Hypergraph updated at epoch 350

🔧 Epoch 350 梯度检查:
================================================================================

  参数名称                              梯度范数         梯度均值 状态             
  ----------------------------------------------------------------------
  type_relations                0.263033     0.006860 ✅ 正常           
  exist_relation                0.000114     0.000007 ✅ 正常           
  mi_proj_layer0                0.069357     0.000241 ✅ 正常           
  dis_proj_layer0               0.078107     0.000269 ✅ 正常           
================================================================================

Epoch 350, Total Loss: 15.5506, Recover Loss: 2.3991, miRNA CL: 6.5999, Disease CL: 6.2762, Inter-view (est): 2.9714, Recon Loss: 0.0280, Time: 295.68s
[INFO] Hypergraph updated at epoch 400

🔧 Epoch 400 梯度检查:
================================================================================

  参数名称                              梯度范数         梯度均值 状态             
  ----------------------------------------------------------------------
  type_relations                0.235095     0.006256 ✅ 正常           
  exist_relation                0.000112     0.000007 ✅ 正常           
  mi_proj_layer0                0.074559     0.000252 ✅ 正常           
  dis_proj_layer0               0.083675     0.000288 ✅ 正常           
================================================================================

Epoch 400, Total Loss: 15.4682, Recover Loss: 2.3821, miRNA CL: 6.5719, Disease CL: 6.2407, Inter-view (est): 2.9567, Recon Loss: 0.0281, Time: 329.43s
[INFO] Hypergraph updated at epoch 450

🔧 Epoch 450 梯度检查:
================================================================================

  参数名称                              梯度范数         梯度均值 状态             
  ----------------------------------------------------------------------
  type_relations                0.239410     0.006404 ✅ 正常           
  exist_relation                0.000110     0.000007 ✅ 正常           
  mi_proj_layer0                0.079836     0.000275 ✅ 正常           
  dis_proj_layer0               0.081540     0.000284 ✅ 正常           
================================================================================

Epoch 450, Total Loss: 15.3869, Recover Loss: 2.3619, miRNA CL: 6.5451, Disease CL: 6.2081, Inter-view (est): 2.9430, Recon Loss: 0.0282, Time: 363.73s
[INFO] Hypergraph updated at epoch 500

🔧 Epoch 500 梯度检查:
================================================================================

  参数名称                              梯度范数         梯度均值 状态             
  ----------------------------------------------------------------------
  type_relations                0.208148     0.005595 ✅ 正常           
  exist_relation                0.000108     0.000007 ✅ 正常           
  mi_proj_layer0                0.066836     0.000236 ✅ 正常           
  dis_proj_layer0               0.065918     0.000238 ✅ 正常           
================================================================================

Epoch 500, Total Loss: 15.2850, Recover Loss: 2.3155, miRNA CL: 6.5206, Disease CL: 6.1799, Inter-view (est): 2.9309, Recon Loss: 0.0275, Time: 400.06s
[INFO] Hypergraph updated at epoch 550

🔧 Epoch 550 梯度检查:
================================================================================

  参数名称                              梯度范数         梯度均值 状态             
  ----------------------------------------------------------------------
  type_relations                0.157887     0.004471 ✅ 正常           
  exist_relation                0.000106     0.000006 ✅ 正常           
  mi_proj_layer0                0.068196     0.000243 ✅ 正常           
  dis_proj_layer0               0.069493     0.000246 ✅ 正常           
================================================================================

Epoch 550, Total Loss: 15.2204, Recover Loss: 2.2910, miRNA CL: 6.5025, Disease CL: 6.1600, Inter-view (est): 2.9221, Recon Loss: 0.0268, Time: 437.99s
[INFO] Hypergraph updated at epoch 600

🔧 Epoch 600 梯度检查:
================================================================================

  参数名称                              梯度范数         梯度均值 状态             
  ----------------------------------------------------------------------
  type_relations                0.186631     0.005058 ✅ 正常           
  exist_relation                0.000105     0.000006 ✅ 正常           
  mi_proj_layer0                0.067326     0.000242 ✅ 正常           
  dis_proj_layer0               0.068485     0.000246 ✅ 正常           
================================================================================

Epoch 600, Total Loss: 15.1692, Recover Loss: 2.2738, miRNA CL: 6.4859, Disease CL: 6.1430, Inter-view (est): 2.9144, Recon Loss: 0.0275, Time: 471.72s
[INFO] Hypergraph updated at epoch 650

🔧 Epoch 650 梯度检查:
================================================================================

  参数名称                              梯度范数         梯度均值 状态             
  ----------------------------------------------------------------------
  type_relations                0.230178     0.005982 ✅ 正常           
  exist_relation                0.000103     0.000006 ✅ 正常           
  mi_proj_layer0                0.074696     0.000259 ✅ 正常           
  dis_proj_layer0               0.086147     0.000302 ✅ 正常           
================================================================================

Epoch 650, Total Loss: 15.1275, Recover Loss: 2.2658, miRNA CL: 6.4696, Disease CL: 6.1271, Inter-view (est): 2.9069, Recon Loss: 0.0272, Time: 504.73s

================================================================================
Training completed. Running final test...
================================================================================
Fold 4 completed - AUC: 0.9754, Top-1 F1: 0.6341
Fold 4 training time: 505.49 seconds
=== Cross Validation Fold 5/5 ===
Using hidden dimensions: [256, 256] with 4 attention heads
[ABLATION] Running with mode = no_dv
优化模型初始化: miRNA数量 = 495, 疾病数量 = 383
   节点维度: 256 → 128
   类型数量: 4
   Temperature: 2.0 (可学习)
   Loss mode: softmax_5class
   loss_mode=softmax_5class
   class_weights_5 (neg+4types): ['0.026', '0.970', '2.266', '1.215', '0.524']

✅ SimplifiedMultiTypeAssociationLoss 初始化 (改进版)
   类别权重 (beta=0.99999): ['0.780', '1.822', '0.977', '0.421']
Original positive index shape: torch.Size([1072, 2])
Original negative index shape: torch.Size([135416, 2])
采样后负样本数量: 10720
🎯 Building TRUE DUAL VIEWS from four different sources...
📊 Data sources loaded:
  Disease semantic: torch.Size([383, 383])
  miRNA functional: torch.Size([495, 495])
  Disease-gene: torch.Size([383, 383])
  miRNA-sequence: torch.Size([495, 495])
🧬 Building miRNA dual-view hypergraphs...
  📊 miRNA View 1 (Sequence): torch.Size([495, 878])
  📊 miRNA View 2 (Function): torch.Size([495, 878])
🦠 Building disease dual-view hypergraphs...
  📊 Disease View 1 (Gene): torch.Size([383, 878])
  📊 Disease View 2 (Semantic): torch.Size([383, 878])
✅ Successfully built TRUE DUAL VIEWS:
   🧬 miRNA: Sequence Features (m_ss.xlsx) vs Functional Similarity (mi_fun_sim_2.0.csv)
   🦠 Disease: Gene Features (d_gs.xlsx) vs Semantic Similarity (dis_sem_sim_2.0.csv)

🔧 Epoch 1 梯度检查:
================================================================================

  参数名称                              梯度范数         梯度均值 状态             
  ----------------------------------------------------------------------
  type_relations                0.522376     0.014064 ✅ 正常           
  exist_relation                0.000139     0.000010 ✅ 正常           
  mi_proj_layer0                1.755011     0.005449 ✅ 正常           
  dis_proj_layer0               1.695727     0.005209 ✅ 正常           
================================================================================

Epoch 1, Total Loss: 22.1861, Recover Loss: 3.0054, miRNA CL: 8.9144, Disease CL: 8.4261, Inter-view (est): 4.0017, Recon Loss: 1.5421, Time: 0.64s
[INFO] Hypergraph updated at epoch 5
[INFO] Hypergraph updated at epoch 10
[INFO] Hypergraph updated at epoch 15
[INFO] Hypergraph updated at epoch 20
[INFO] Hypergraph updated at epoch 25
[INFO] Hypergraph updated at epoch 30
[INFO] Hypergraph updated at epoch 35
[INFO] Hypergraph updated at epoch 40
[INFO] Hypergraph updated at epoch 45
[INFO] Hypergraph updated at epoch 50

🔧 Epoch 50 梯度检查:
================================================================================

  参数名称                              梯度范数         梯度均值 状态             
  ----------------------------------------------------------------------
  type_relations                0.318904     0.009137 ✅ 正常           
  exist_relation                0.000134     0.000009 ✅ 正常           
  mi_proj_layer0                0.071585     0.000248 ✅ 正常           
  dis_proj_layer0               0.076172     0.000267 ✅ 正常           
================================================================================

Epoch 50, Total Loss: 18.5396, Recover Loss: 2.7135, miRNA CL: 7.7203, Disease CL: 7.7097, Inter-view (est): 3.5608, Recon Loss: 0.1107, Time: 98.51s
[INFO] Hypergraph updated at epoch 100

🔧 Epoch 100 梯度检查:
================================================================================

  参数名称                              梯度范数         梯度均值 状态             
  ----------------------------------------------------------------------
  type_relations                0.263647     0.007534 ✅ 正常           
  exist_relation                0.000128     0.000009 ✅ 正常           
  mi_proj_layer0                0.066251     0.000231 ✅ 正常           
  dis_proj_layer0               0.076177     0.000255 ✅ 正常           
================================================================================

Epoch 100, Total Loss: 17.2769, Recover Loss: 2.6643, miRNA CL: 7.2899, Disease CL: 7.0205, Inter-view (est): 3.3024, Recon Loss: 0.0317, Time: 134.00s
[INFO] Hypergraph updated at epoch 150

🔧 Epoch 150 梯度检查:
================================================================================

  参数名称                              梯度范数         梯度均值 状态             
  ----------------------------------------------------------------------
  type_relations                0.317042     0.007869 ✅ 正常           
  exist_relation                0.000125     0.000008 ✅ 正常           
  mi_proj_layer0                0.062741     0.000229 ✅ 正常           
  dis_proj_layer0               0.071489     0.000251 ✅ 正常           
================================================================================

Epoch 150, Total Loss: 16.7664, Recover Loss: 2.6087, miRNA CL: 7.1188, Disease CL: 6.7453, Inter-view (est): 3.1994, Recon Loss: 0.0301, Time: 166.94s
[INFO] Hypergraph updated at epoch 200

🔧 Epoch 200 梯度检查:
================================================================================

  参数名称                              梯度范数         梯度均值 状态             
  ----------------------------------------------------------------------
  type_relations                0.337979     0.008785 ✅ 正常           
  exist_relation                0.000123     0.000008 ✅ 正常           
  mi_proj_layer0                0.084396     0.000275 ✅ 正常           
  dis_proj_layer0               0.075482     0.000265 ✅ 正常           
================================================================================

Epoch 200, Total Loss: 16.3242, Recover Loss: 2.5468, miRNA CL: 6.9626, Disease CL: 6.5260, Inter-view (est): 3.1127, Recon Loss: 0.0297, Time: 200.58s
[INFO] Hypergraph updated at epoch 250

🔧 Epoch 250 梯度检查:
================================================================================

  参数名称                              梯度范数         梯度均值 状态             
  ----------------------------------------------------------------------
  type_relations                0.324777     0.007684 ✅ 正常           
  exist_relation                0.000120     0.000008 ✅ 正常           
  mi_proj_layer0                0.062331     0.000225 ✅ 正常           
  dis_proj_layer0               0.072088     0.000258 ✅ 正常           
================================================================================

Epoch 250, Total Loss: 16.0121, Recover Loss: 2.4937, miRNA CL: 6.8175, Disease CL: 6.4162, Inter-view (est): 3.0539, Recon Loss: 0.0293, Time: 234.02s
[INFO] Hypergraph updated at epoch 300

🔧 Epoch 300 梯度检查:
================================================================================

  参数名称                              梯度范数         梯度均值 状态             
  ----------------------------------------------------------------------
  type_relations                0.305426     0.007729 ✅ 正常           
  exist_relation                0.000118     0.000008 ✅ 正常           
  mi_proj_layer0                0.064828     0.000231 ✅ 正常           
  dis_proj_layer0               0.071656     0.000254 ✅ 正常           
================================================================================

Epoch 300, Total Loss: 15.8119, Recover Loss: 2.4595, miRNA CL: 6.7201, Disease CL: 6.3505, Inter-view (est): 3.0163, Recon Loss: 0.0292, Time: 266.83s
[INFO] Hypergraph updated at epoch 350

🔧 Epoch 350 梯度检查:
================================================================================

  参数名称                              梯度范数         梯度均值 状态             
  ----------------------------------------------------------------------
  type_relations                0.272601     0.007072 ✅ 正常           
  exist_relation                0.000116     0.000007 ✅ 正常           
  mi_proj_layer0                0.062240     0.000223 ✅ 正常           
  dis_proj_layer0               0.070973     0.000254 ✅ 正常           
================================================================================

Epoch 350, Total Loss: 15.6477, Recover Loss: 2.3972, miRNA CL: 6.6642, Disease CL: 6.3071, Inter-view (est): 2.9934, Recon Loss: 0.0292, Time: 299.68s
[INFO] Hypergraph updated at epoch 400

🔧 Epoch 400 梯度检查:
================================================================================

  参数名称                              梯度范数         梯度均值 状态             
  ----------------------------------------------------------------------
  type_relations                0.233418     0.006190 ✅ 正常           
  exist_relation                0.000114     0.000007 ✅ 正常           
  mi_proj_layer0                0.063423     0.000229 ✅ 正常           
  dis_proj_layer0               0.067468     0.000241 ✅ 正常           
================================================================================

Epoch 400, Total Loss: 15.5321, Recover Loss: 2.3631, miRNA CL: 6.6223, Disease CL: 6.2711, Inter-view (est): 2.9754, Recon Loss: 0.0279, Time: 332.27s
[INFO] Hypergraph updated at epoch 450

🔧 Epoch 450 梯度检查:
================================================================================

  参数名称                              梯度范数         梯度均值 状态             
  ----------------------------------------------------------------------
  type_relations                0.202072     0.005506 ✅ 正常           
  exist_relation                0.000111     0.000007 ✅ 正常           
  mi_proj_layer0                0.063511     0.000230 ✅ 正常           
  dis_proj_layer0               0.067415     0.000239 ✅ 正常           
================================================================================

Epoch 450, Total Loss: 15.4149, Recover Loss: 2.3216, miRNA CL: 6.5857, Disease CL: 6.2345, Inter-view (est): 2.9585, Recon Loss: 0.0279, Time: 365.38s
[INFO] Hypergraph updated at epoch 500

🔧 Epoch 500 梯度检查:
================================================================================

  参数名称                              梯度范数         梯度均值 状态             
  ----------------------------------------------------------------------
  type_relations                0.251519     0.006681 ✅ 正常           
  exist_relation                0.000109     0.000007 ✅ 正常           
  mi_proj_layer0                0.093665     0.000302 ✅ 正常           
  dis_proj_layer0               0.114476     0.000355 ✅ 正常           
================================================================================

Epoch 500, Total Loss: 15.3379, Recover Loss: 2.3119, miRNA CL: 6.5567, Disease CL: 6.1980, Inter-view (est): 2.9434, Recon Loss: 0.0284, Time: 398.13s
[INFO] Hypergraph updated at epoch 550

🔧 Epoch 550 梯度检查:
================================================================================

  参数名称                              梯度范数         梯度均值 状态             
  ----------------------------------------------------------------------
  type_relations                0.215808     0.005615 ✅ 正常           
  exist_relation                0.000107     0.000007 ✅ 正常           
  mi_proj_layer0                0.065044     0.000232 ✅ 正常           
  dis_proj_layer0               0.074736     0.000262 ✅ 正常           
================================================================================

Epoch 550, Total Loss: 15.2531, Recover Loss: 2.2820, miRNA CL: 6.5315, Disease CL: 6.1711, Inter-view (est): 2.9314, Recon Loss: 0.0273, Time: 430.54s
[INFO] Hypergraph updated at epoch 600

🔧 Epoch 600 梯度检查:
================================================================================

  参数名称                              梯度范数         梯度均值 状态             
  ----------------------------------------------------------------------
  type_relations                0.189679     0.005309 ✅ 正常           
  exist_relation                0.000105     0.000006 ✅ 正常           
  mi_proj_layer0                0.063786     0.000226 ✅ 正常           
  dis_proj_layer0               0.068839     0.000244 ✅ 正常           
================================================================================

Epoch 600, Total Loss: 15.1929, Recover Loss: 2.2580, miRNA CL: 6.5162, Disease CL: 6.1513, Inter-view (est): 2.9233, Recon Loss: 0.0275, Time: 464.16s
[INFO] Hypergraph updated at epoch 650

🔧 Epoch 650 梯度检查:
================================================================================

  参数名称                              梯度范数         梯度均值 状态             
  ----------------------------------------------------------------------
  type_relations                0.173662     0.004749 ✅ 正常           
  exist_relation                0.000104     0.000006 ✅ 正常           
  mi_proj_layer0                0.063817     0.000226 ✅ 正常           
  dis_proj_layer0               0.072783     0.000259 ✅ 正常           
================================================================================

Epoch 650, Total Loss: 15.1403, Recover Loss: 2.2399, miRNA CL: 6.5035, Disease CL: 6.1310, Inter-view (est): 2.9156, Recon Loss: 0.0272, Time: 496.79s

================================================================================
Training completed. Running final test...
================================================================================
Fold 5 completed - AUC: 0.9705, Top-1 F1: 0.6652
Fold 5 training time: 497.58 seconds
Average binary metrics across folds: [[0.97356288 0.96775113 0.93329407 0.93089552 0.96567164 0.8961194
  0.90368448]]
🎯 Average Top-1 metrics across folds: {'top1_precision': 0.6179104477611941, 'top1_recall': np.float64(0.666840610989019), 'top1_f1': np.float64(0.6413227699801021)}

📊 CV_type Style Metrics Details:
  AUC            : 0.9736
  AUPR           : 0.9678
  F1             : 0.9333
  Accuracy       : 0.9309
  Recall         : 0.9657
  Specificity    : 0.8961
  Precision      : 0.9037

🎯 Top-1 Metrics Details:
  top1_precision : 0.6179
  top1_recall    : 0.6668
  top1_f1        : 0.6413

Total execution time: 2517.85 seconds

==========================================================================================
🎯 FINAL COMPREHENSIVE RESULTS WITH TOP-1 METRICS
==========================================================================================
📊 Binary Classification Metrics (Original):
  AUC: 0.9736
  AUPR: 0.9678
  F1: 0.9333
  Accuracy: 0.9309
  Recall: 0.9657
  Specificity: 0.8961
  Precision: 0.9037

🎯 CV_type Style Metrics (Enhanced):
  AUC: 0.9736
  AUPR: 0.9678
  F1: 0.9333
  Accuracy: 0.9309
  Recall: 0.9657
  Specificity: 0.8961
  Precision: 0.9037

🏆 Top-1 Metrics (NEW):
  Top-1 Precision: 0.6179
  Top-1 Recall: 0.6668
  Top-1 F1: 0.6413
==========================================================================================

================================================================
 AGGREGATE + REGEN BAO CAO
================================================================

====================================================================================================
A. BASELINE — Phase D Fix A++ (softmax_5class) vs Plan C-w0.1 (two_head) vs Paper
====================================================================================================
Run                                   AUC     AUPR       F1     T1-P     T1-R    T1-F1  Δ vs paper    
----------------------------------------------------------------------------------------------------
Paper                              0.9669   0.9738   0.9278   0.5842   0.6341   0.5970  0.0%          
Plan C-w0.1 (two_head)             0.9641   0.9569   0.9118   0.5649   0.6390   0.5996  +0.4%         
Phase D Fix A++ (softmax_5class)   0.9743   0.9666   0.9361   0.5933   0.6544   0.6222  +4.2%         

====================================================================================================
B. FIG.4 ABLATION VERIFY — paper bảo TẤT CẢ ablation phải HURT (lower than baseline)
====================================================================================================
Variant                   D T1-F1   D Δ Full    D Match     C T1-F1   C Δ Full    C Match
----------------------------------------------------------------------------------------------------
Full                       0.6222                            0.5996                      
w/o no_cl                  0.6616      +6.3%         NO      0.6286      +4.8%         NO
w/o no_hgcn                0.6271      +0.8%         NO      0.6037      +0.7%         NO
w/o no_avf                 0.6108      -1.8%        YES      0.5777      -3.7%        YES
w/o no_hgt                 0.6818      +9.6%         NO      0.6452      +7.6%         NO
w/o no_dv                  0.6413      +3.1%         NO      0.5879      -2.0%        YES
----------------------------------------------------------------------------------------------------

Fig.4 match: Phase D = 1/5  vs  Plan C-w0.1 = 2/5

====================================================================================================
C. CASE STUDY VERIFY — paper xác nhận 13/15 breast + 12/15 HCC
====================================================================================================
                                      Plan C-w0.1      Phase D Fix A++
----------------------------------------------------------------------------------------------------
breast (paper 13/15 PMID)        1/15 (type:0/15)     1/15 (type:0/15)
hcc (paper 12/15 PMID)           0/15 (type:0/15)     0/15 (type:0/15)

Type diversity check (paper has 4 types per disease):
  Plan C-w0.1:
    breast: target:15
    hcc: epigenetics:15
  Phase D Fix A++:
    breast: target:15
    hcc: epigenetics:15

[save] results/phase_d_summary.json

====================================================================================================
VERDICT
====================================================================================================
✅ Top-1 F1 0.6222 ≥ paper 0.5970 — baseline match/exceed paper.
❌ Fig.4 pattern: 1/5 ablation match paper — STILL INVERTED.
[generate_report] Loading reproduce metrics...
[generate_report] Building document...
[generate_report] Saved: D:\Tien\DHGCMDA-fork\BaoCao_DHGCMDA.docx
[generate_report] Total paragraphs: 349, tables: 14

DONE Phase D. Xem BaoCao_DHGCMDA.docx + results\phase_d_summary.json
