================================================================
 1/3 CASE STUDY (w=0.1) ~9 phut
================================================================
[CPU] torch.set_num_threads(14), interop=min(4, 14)
Using device: cpu
[WARNING] CUDA not available. Switching to CPU.
[INFO] Auto-computed BALANCED class weights (to prevent class collapse):
  Circulation  (367 samples): 0.780
  Epigenetics  (157 samples): 1.823
  Target       (293 samples): 0.977
  Genetics     (681 samples): 0.420
  [NOTE] Higher weights for minority classes to prevent model from only predicting majority class
[INFO] Using v2.0_495m383D dataset:
  miRNAs: 495
  Diseases: 383
  Expected associations: ~1498
  Types: 4 (Circulation, Epigenetics, Target, Genetics)

================================================================================
Configuration Summary
================================================================================
Dataset: v2.0_495m383D
Data Path: ./
Model: HeterogenousGraphCLAMIR
  - HGT Layers: 2
  - Attention Heads: 4
  - Association Types: 4
  - Inter-view CL: Enabled
    - Weight: 0.3
    - Temperature: 0.5
    - Margin: 0.5

Training:
  - Epochs: 650
  - Learning Rate: 0.0001
  - Dropout: 0.3
  - Weight Decay: 5e-05
  - Focal Loss: Enabled

Evaluation:
  - Cross-Validation Folds: 5
  - Primary Metric: AUPR

Device: cpu
Random Seed: 1234
================================================================================

[case_study] device=cpu, epoch=650, n_head=4, update_freq=5
[case_study] Loading data...
Starting dual-view data preparation with new file format...
Loading all similarity and feature files from v2.0_495m383D...
✅ Loaded disease semantic similarity from D_SSM1.txt: (383, 383)
✅ Loaded miRNA functional similarity from M_FSM.txt: (495, 495)
✅ Loaded multi-type association pairs from ./v2.0_495m383D\multi_all_mirna_disease_pairs_without_negative.csv: (1679, 3)
✅ Created multi-type association matrix: (495, 383)
📊 Multi-type Association Statistics:
   无关联 (No association): 188087 pairs (99.21%)
   循环类型 (Circulation): 367 pairs (0.19%)
   表观遗传学 (Epigenetics): 157 pairs (0.08%)
   靶标类型 (Target): 293 pairs (0.15%)
   遗传学类型 (Genetics): 681 pairs (0.36%)
✅ Created association matrix from CSV: (495, 383)
✅ Loaded disease-gene features from D_SSM2.txt: torch.Size([383, 383])
✅ Loaded miRNA-sequence features from M_GSM.txt: torch.Size([495, 495])
Processing integrated similarity matrices...
Loaded similarity matrices from cache
Processing indices...
Loaded indices from cache
✅ Dual-view data preparation completed in 0.38 seconds

============================================================
🎯 DUAL-VIEW CONFIGURATION SUMMARY (v2.0_495m383D)
============================================================
miRNA Dual Views:
  📊 View 1 (Sequence): M_GSM.txt torch.Size([495, 495])
  📊 View 2 (Function): M_FSM.txt torch.Size([495, 495])

Disease Dual Views:
  📊 View 1 (Gene): D_SSM2.txt torch.Size([383, 383])
  📊 View 2 (Semantic): D_SSM1.txt torch.Size([383, 383])

Association Matrix: torch.Size([495, 383])
Data source: v2.0_495m383D (495 miRNAs × 383 Diseases)
============================================================
[case_study] Total nonzero associations: 1498
[case_study] Sampled negative: 14980
[case_study] Building hypergraphs (KNN K=[13])...
优化模型初始化: miRNA数量 = 495, 疾病数量 = 383
   节点维度: 256 → 128
   类型数量: 4
   Temperature: 2.0 (可学习)
   exist_weight=0.100, type_weight=0.900

✅ SimplifiedMultiTypeAssociationLoss 初始化 (改进版)
   类别权重 (beta=0.99999): ['0.780', '1.822', '0.977', '0.421']
[case_study] Training 650 epochs on full data...
  Epoch 1: loss=20.4451, recover=1.3297, recon=1.5196, t=0.7s
  Epoch 50: loss=17.5064, recover=1.2848, recon=0.1654, t=100.8s
  Epoch 100: loss=16.4932, recover=1.2603, recon=0.0352, t=137.1s
  Epoch 150: loss=15.9191, recover=1.2198, recon=0.0306, t=169.8s
  Epoch 200: loss=15.4859, recover=1.1784, recon=0.0302, t=201.9s
  Epoch 250: loss=15.0930, recover=1.1353, recon=0.0299, t=234.2s
  Epoch 300: loss=14.8332, recover=1.1058, recon=0.0296, t=266.2s
  Epoch 350: loss=14.6382, recover=1.0782, recon=0.0282, t=298.6s
  Epoch 400: loss=14.4694, recover=1.0579, recon=0.0282, t=331.1s
  Epoch 450: loss=14.3169, recover=1.0367, recon=0.0273, t=363.1s
  Epoch 500: loss=14.2156, recover=1.0285, recon=0.0272, t=395.1s
  Epoch 550: loss=14.1478, recover=1.0143, recon=0.0270, t=426.7s
  Epoch 600: loss=14.0953, recover=1.0160, recon=0.0263, t=460.6s
  Epoch 650: loss=14.0773, recover=1.0127, recon=0.0273, t=493.1s
[case_study] Training done in 493.1s
[case_study] Cached score to results\case_study_score.npy
[case_study] Score tensor shape: (495, 383, 5)
[case_study] Loading name mappings...
  miRNAs: 495
  Diseases: 383
  Breast: idx=49, name='breast neoplasms'
  HCC:    idx=58, name='carcinoma hepatocellular'

[case_study] Saved: results\case_study_breast.csv
[case_study] Saved: results\case_study_hcc.csv

=== SUMMARY ===
Breast neoplasms: 1/15 miRNA trùng paper, 0/15 type cũng khớp
HCC:              0/15 miRNA trùng paper, 0/15 type cũng khớp
[case_study] Saved: results/case_study_summary.json
================================================================
 2/3 RERANK (4 chien luoc, ~5 giay)
================================================================
[CPU] torch.set_num_threads(14), interop=min(4, 14)
Using device: cpu
[rerank] Loaded score tensor shape=(495, 383, 5)
[rerank] score channel ranges:
  ch0: min=0.0001, max=0.7910, mean=0.1462, std=0.1524
  ch1: min=0.0001, max=0.9989, mean=0.5455, std=0.3247
  ch2: min=0.0002, max=0.9993, mean=0.0964, std=0.1554
  ch3: min=0.0001, max=0.9994, mean=0.1873, std=0.2331
  ch4: min=0.0001, max=0.9945, mean=0.1707, std=0.2148

========================================================================================
Strategy       Disease  Overlap    TypeMatch  Type distribution (15 miRNAs)           
========================================================================================
max_type       breast   1/15      0/15      target:15
max_type       hcc      0/15      0/15      epigenetics:15
sum_type       breast   0/15      0/15      circulation:10, epigenetics:1, target:4
sum_type       hcc      0/15      0/15      circulation:7, epigenetics:6, target:1, genetics:1
exist_only     breast   1/15      0/15      target:12, genetics:3
exist_only     hcc      0/15      0/15      epigenetics:14, genetics:1
softmax_t      breast   1/15      0/15      target:15
softmax_t      hcc      0/15      0/15      epigenetics:15
========================================================================================

[rerank] Saved results\rerank_summary.json
================================================================
 3/3 ABLATION (w=0.1) - 5 variants x ~30 phut = ~2.5h
================================================================

[ABL] no_cl (w=0.1)
[CPU] torch.set_num_threads(14), interop=min(4, 14)
Using device: cpu
[INFO] Auto-computed BALANCED class weights (to prevent class collapse):
  Circulation  (367 samples): 0.780
  Epigenetics  (157 samples): 1.823
  Target       (293 samples): 0.977
  Genetics     (681 samples): 0.420
  [NOTE] Higher weights for minority classes to prevent model from only predicting majority class
[INFO] Using v2.0_495m383D dataset:
  miRNAs: 495
  Diseases: 383
  Expected associations: ~1498
  Types: 4 (Circulation, Epigenetics, Target, Genetics)

================================================================================
Configuration Summary
================================================================================
Dataset: v2.0_495m383D
Data Path: ./
Model: HeterogenousGraphCLAMIR
  - HGT Layers: 2
  - Attention Heads: 4
  - Association Types: 4
  - Inter-view CL: Enabled
    - Weight: 0.3
    - Temperature: 0.5
    - Margin: 0.5

Training:
  - Epochs: 650
  - Learning Rate: 0.0001
  - Dropout: 0.3
  - Weight Decay: 5e-05
  - Focal Loss: Enabled

Evaluation:
  - Cross-Validation Folds: 5
  - Primary Metric: AUPR

Device: cpu
Random Seed: 1234
================================================================================

🚀 Running with comprehensive evaluation including Top-1 metrics...
🎯 Loading dual-view data...
Starting dual-view data preparation with new file format...
Loading all similarity and feature files from v2.0_495m383D...
✅ Loaded disease semantic similarity from D_SSM1.txt: (383, 383)
✅ Loaded miRNA functional similarity from M_FSM.txt: (495, 495)
✅ Loaded multi-type association pairs from ./v2.0_495m383D\multi_all_mirna_disease_pairs_without_negative.csv: (1679, 3)
✅ Created multi-type association matrix: (495, 383)
📊 Multi-type Association Statistics:
   无关联 (No association): 188087 pairs (99.21%)
   循环类型 (Circulation): 367 pairs (0.19%)
   表观遗传学 (Epigenetics): 157 pairs (0.08%)
   靶标类型 (Target): 293 pairs (0.15%)
   遗传学类型 (Genetics): 681 pairs (0.36%)
✅ Created association matrix from CSV: (495, 383)
✅ Loaded disease-gene features from D_SSM2.txt: torch.Size([383, 383])
✅ Loaded miRNA-sequence features from M_GSM.txt: torch.Size([495, 495])
Processing integrated similarity matrices...
Loaded similarity matrices from cache
Processing indices...
Loaded indices from cache
✅ Dual-view data preparation completed in 0.40 seconds

============================================================
🎯 DUAL-VIEW CONFIGURATION SUMMARY (v2.0_495m383D)
============================================================
miRNA Dual Views:
  📊 View 1 (Sequence): M_GSM.txt torch.Size([495, 495])
  📊 View 2 (Function): M_FSM.txt torch.Size([495, 495])

Disease Dual Views:
  📊 View 1 (Gene): D_SSM2.txt torch.Size([383, 383])
  📊 View 2 (Semantic): D_SSM1.txt torch.Size([383, 383])

Association Matrix: torch.Size([495, 383])
Data source: v2.0_495m383D (495 miRNAs × 383 Diseases)
============================================================
Preloading dual-view data to device...
✅ Loaded disease-gene features to device: torch.Size([383, 383])
✅ Loaded miRNA-sequence features to device: torch.Size([495, 495])
✅ Loaded disease semantic similarity to device: torch.Size([383, 383])
✅ Loaded miRNA functional similarity to device: torch.Size([495, 495])
✅ Dual-view data preloading completed in 0.00 seconds
OptimizedDataset initialized with 5 folds
Using device: cpu
=== Cross Validation Fold 1/5 ===
Using hidden dimensions: [256, 256] with 4 attention heads
[ABLATION] Running with mode = no_cl
优化模型初始化: miRNA数量 = 495, 疾病数量 = 383
   节点维度: 256 → 128
   类型数量: 4
   Temperature: 2.0 (可学习)
   exist_weight=0.100, type_weight=0.900

✅ SimplifiedMultiTypeAssociationLoss 初始化 (改进版)
   类别权重 (beta=0.99999): ['0.780', '1.822', '0.977', '0.421']
Original positive index shape: torch.Size([1072, 2])
Original negative index shape: torch.Size([135416, 2])
采样后负样本数量: 10720
🎯 Building TRUE DUAL VIEWS from four different sources...
📊 Data sources loaded:
  Disease semantic: torch.Size([383, 383])
  miRNA functional: torch.Size([495, 495])
  Disease-gene: torch.Size([383, 383])
  miRNA-sequence: torch.Size([495, 495])
🧬 Building miRNA dual-view hypergraphs...
  📊 miRNA View 1 (Sequence): torch.Size([495, 878])
  📊 miRNA View 2 (Function): torch.Size([495, 878])
🦠 Building disease dual-view hypergraphs...
  📊 Disease View 1 (Gene): torch.Size([383, 878])
  📊 Disease View 2 (Semantic): torch.Size([383, 878])
✅ Successfully built TRUE DUAL VIEWS:
   🧬 miRNA: Sequence Features (m_ss.xlsx) vs Functional Similarity (mi_fun_sim_2.0.csv)
   🦠 Disease: Gene Features (d_gs.xlsx) vs Semantic Similarity (dis_sem_sim_2.0.csv)

🔧 Epoch 1 梯度检查:
================================================================================

  参数名称                              梯度范数         梯度均值 状态             
  ----------------------------------------------------------------------
  type_relations                0.069596     0.002008 ✅ 正常           
  exist_relation                0.130806     0.007089 ✅ 正常           
  mi_proj_layer0                0.448082     0.001317 ✅ 正常           
  dis_proj_layer0               0.530374     0.001347 ✅ 正常           
================================================================================

Epoch 1, Total Loss: 3.1496, Recover Loss: 1.3335, miRNA CL: 0.0000, Disease CL: 0.0000, Inter-view (est): 0.0000, Recon Loss: 1.5181, Time: 0.47s
[INFO] Hypergraph updated at epoch 5
[INFO] Hypergraph updated at epoch 10
[INFO] Hypergraph updated at epoch 15
[INFO] Hypergraph updated at epoch 20
[INFO] Hypergraph updated at epoch 25
[INFO] Hypergraph updated at epoch 30
[INFO] Hypergraph updated at epoch 35
[INFO] Hypergraph updated at epoch 40
[INFO] Hypergraph updated at epoch 45
[INFO] Hypergraph updated at epoch 50

🔧 Epoch 50 梯度检查:
================================================================================

  参数名称                              梯度范数         梯度均值 状态             
  ----------------------------------------------------------------------
  type_relations                0.098765     0.002460 ✅ 正常           
  exist_relation                0.011548     0.000552 ✅ 正常           
  mi_proj_layer0                0.023940     0.000080 ✅ 正常           
  dis_proj_layer0               0.023796     0.000083 ✅ 正常           
================================================================================

Epoch 50, Total Loss: 1.6317, Recover Loss: 1.2822, miRNA CL: 0.0000, Disease CL: 0.0000, Inter-view (est): 0.0000, Recon Loss: 0.0711, Time: 69.55s
[INFO] Hypergraph updated at epoch 100

🔧 Epoch 100 梯度检查:
================================================================================

  参数名称                              梯度范数         梯度均值 状态             
  ----------------------------------------------------------------------
  type_relations                0.238201     0.003939 ✅ 正常           
  exist_relation                0.026648     0.000679 ✅ 正常           
  mi_proj_layer0                0.031444     0.000098 ✅ 正常           
  dis_proj_layer0               0.029589     0.000092 ✅ 正常           
================================================================================

Epoch 100, Total Loss: 1.5335, Recover Loss: 1.2485, miRNA CL: 0.0000, Disease CL: 0.0000, Inter-view (est): 0.0000, Recon Loss: 0.0304, Time: 88.31s
[INFO] Hypergraph updated at epoch 150

🔧 Epoch 150 梯度检查:
================================================================================

  参数名称                              梯度范数         梯度均值 状态             
  ----------------------------------------------------------------------
  type_relations                0.273313     0.004332 ✅ 正常           
  exist_relation                0.030627     0.000726 ✅ 正常           
  mi_proj_layer0                0.033141     0.000096 ✅ 正常           
  dis_proj_layer0               0.028022     0.000091 ✅ 正常           
================================================================================

Epoch 150, Total Loss: 1.4510, Recover Loss: 1.1843, miRNA CL: 0.0000, Disease CL: 0.0000, Inter-view (est): 0.0000, Recon Loss: 0.0287, Time: 107.03s
[INFO] Hypergraph updated at epoch 200

🔧 Epoch 200 梯度检查:
================================================================================

  参数名称                              梯度范数         梯度均值 状态             
  ----------------------------------------------------------------------
  type_relations                0.258377     0.004155 ✅ 正常           
  exist_relation                0.024951     0.000698 ✅ 正常           
  mi_proj_layer0                0.028297     0.000082 ✅ 正常           
  dis_proj_layer0               0.027960     0.000087 ✅ 正常           
================================================================================

Epoch 200, Total Loss: 1.3811, Recover Loss: 1.1269, miRNA CL: 0.0000, Disease CL: 0.0000, Inter-view (est): 0.0000, Recon Loss: 0.0283, Time: 126.27s
[INFO] Hypergraph updated at epoch 250

🔧 Epoch 250 梯度检查:
================================================================================

  参数名称                              梯度范数         梯度均值 状态             
  ----------------------------------------------------------------------
  type_relations                0.153711     0.002711 ✅ 正常           
  exist_relation                0.018753     0.000589 ✅ 正常           
  mi_proj_layer0                0.026017     0.000073 ✅ 正常           
  dis_proj_layer0               0.028576     0.000077 ✅ 正常           
================================================================================

Epoch 250, Total Loss: 1.3402, Recover Loss: 1.0957, miRNA CL: 0.0000, Disease CL: 0.0000, Inter-view (est): 0.0000, Recon Loss: 0.0285, Time: 145.29s
[INFO] Hypergraph updated at epoch 300

🔧 Epoch 300 梯度检查:
================================================================================

  参数名称                              梯度范数         梯度均值 状态             
  ----------------------------------------------------------------------
  type_relations                0.164658     0.002831 ✅ 正常           
  exist_relation                0.018508     0.000579 ✅ 正常           
  mi_proj_layer0                0.022652     0.000066 ✅ 正常           
  dis_proj_layer0               0.025776     0.000076 ✅ 正常           
================================================================================

Epoch 300, Total Loss: 1.3017, Recover Loss: 1.0667, miRNA CL: 0.0000, Disease CL: 0.0000, Inter-view (est): 0.0000, Recon Loss: 0.0270, Time: 164.21s
[INFO] Hypergraph updated at epoch 350

🔧 Epoch 350 梯度检查:
================================================================================

  参数名称                              梯度范数         梯度均值 状态             
  ----------------------------------------------------------------------
  type_relations                0.160666     0.002707 ✅ 正常           
  exist_relation                0.016854     0.000602 ✅ 正常           
  mi_proj_layer0                0.025148     0.000072 ✅ 正常           
  dis_proj_layer0               0.028631     0.000081 ✅ 正常           
================================================================================

Epoch 350, Total Loss: 1.2670, Recover Loss: 1.0379, miRNA CL: 0.0000, Disease CL: 0.0000, Inter-view (est): 0.0000, Recon Loss: 0.0278, Time: 182.83s
[INFO] Hypergraph updated at epoch 400

🔧 Epoch 400 梯度检查:
================================================================================

  参数名称                              梯度范数         梯度均值 状态             
  ----------------------------------------------------------------------
  type_relations                0.158175     0.002877 ✅ 正常           
  exist_relation                0.014238     0.000500 ✅ 正常           
  mi_proj_layer0                0.025200     0.000072 ✅ 正常           
  dis_proj_layer0               0.027241     0.000078 ✅ 正常           
================================================================================

Epoch 400, Total Loss: 1.2429, Recover Loss: 1.0205, miRNA CL: 0.0000, Disease CL: 0.0000, Inter-view (est): 0.0000, Recon Loss: 0.0265, Time: 201.43s
[INFO] Hypergraph updated at epoch 450

🔧 Epoch 450 梯度检查:
================================================================================

  参数名称                              梯度范数         梯度均值 状态             
  ----------------------------------------------------------------------
  type_relations                0.123889     0.002152 ✅ 正常           
  exist_relation                0.014211     0.000468 ✅ 正常           
  mi_proj_layer0                0.026651     0.000069 ✅ 正常           
  dis_proj_layer0               0.027130     0.000071 ✅ 正常           
================================================================================

Epoch 450, Total Loss: 1.2128, Recover Loss: 0.9953, miRNA CL: 0.0000, Disease CL: 0.0000, Inter-view (est): 0.0000, Recon Loss: 0.0266, Time: 220.02s
[INFO] Hypergraph updated at epoch 500

🔧 Epoch 500 梯度检查:
================================================================================

  参数名称                              梯度范数         梯度均值 状态             
  ----------------------------------------------------------------------
  type_relations                0.119799     0.002204 ✅ 正常           
  exist_relation                0.014211     0.000530 ✅ 正常           
  mi_proj_layer0                0.026312     0.000070 ✅ 正常           
  dis_proj_layer0               0.026521     0.000072 ✅ 正常           
================================================================================

Epoch 500, Total Loss: 1.2026, Recover Loss: 0.9903, miRNA CL: 0.0000, Disease CL: 0.0000, Inter-view (est): 0.0000, Recon Loss: 0.0257, Time: 238.74s
[INFO] Hypergraph updated at epoch 550

🔧 Epoch 550 梯度检查:
================================================================================

  参数名称                              梯度范数         梯度均值 状态             
  ----------------------------------------------------------------------
  type_relations                0.100863     0.001861 ✅ 正常           
  exist_relation                0.013048     0.000462 ✅ 正常           
  mi_proj_layer0                0.023923     0.000064 ✅ 正常           
  dis_proj_layer0               0.025414     0.000070 ✅ 正常           
================================================================================

Epoch 550, Total Loss: 1.1805, Recover Loss: 0.9719, miRNA CL: 0.0000, Disease CL: 0.0000, Inter-view (est): 0.0000, Recon Loss: 0.0259, Time: 257.10s
[INFO] Hypergraph updated at epoch 600

🔧 Epoch 600 梯度检查:
================================================================================

  参数名称                              梯度范数         梯度均值 状态             
  ----------------------------------------------------------------------
  type_relations                0.101722     0.001872 ✅ 正常           
  exist_relation                0.010873     0.000351 ✅ 正常           
  mi_proj_layer0                0.027031     0.000070 ✅ 正常           
  dis_proj_layer0               0.029292     0.000074 ✅ 正常           
================================================================================

Epoch 600, Total Loss: 1.1654, Recover Loss: 0.9605, miRNA CL: 0.0000, Disease CL: 0.0000, Inter-view (est): 0.0000, Recon Loss: 0.0255, Time: 275.59s
[INFO] Hypergraph updated at epoch 650

🔧 Epoch 650 梯度检查:
================================================================================

  参数名称                              梯度范数         梯度均值 状态             
  ----------------------------------------------------------------------
  type_relations                0.088210     0.001606 ✅ 正常           
  exist_relation                0.010551     0.000302 ✅ 正常           
  mi_proj_layer0                0.026614     0.000068 ✅ 正常           
  dis_proj_layer0               0.027710     0.000071 ✅ 正常           
================================================================================

Epoch 650, Total Loss: 1.1488, Recover Loss: 0.9462, miRNA CL: 0.0000, Disease CL: 0.0000, Inter-view (est): 0.0000, Recon Loss: 0.0262, Time: 294.04s

================================================================================
Training completed. Running final test...
================================================================================
Fold 1 completed - AUC: 0.9698, Top-1 F1: 0.6406
Fold 1 training time: 295.12 seconds
=== Cross Validation Fold 2/5 ===
Using hidden dimensions: [256, 256] with 4 attention heads
[ABLATION] Running with mode = no_cl
优化模型初始化: miRNA数量 = 495, 疾病数量 = 383
   节点维度: 256 → 128
   类型数量: 4
   Temperature: 2.0 (可学习)
   exist_weight=0.100, type_weight=0.900

✅ SimplifiedMultiTypeAssociationLoss 初始化 (改进版)
   类别权重 (beta=0.99999): ['0.780', '1.822', '0.977', '0.421']
Original positive index shape: torch.Size([1072, 2])
Original negative index shape: torch.Size([135416, 2])
采样后负样本数量: 10720
🎯 Building TRUE DUAL VIEWS from four different sources...
📊 Data sources loaded:
  Disease semantic: torch.Size([383, 383])
  miRNA functional: torch.Size([495, 495])
  Disease-gene: torch.Size([383, 383])
  miRNA-sequence: torch.Size([495, 495])
🧬 Building miRNA dual-view hypergraphs...
  📊 miRNA View 1 (Sequence): torch.Size([495, 878])
  📊 miRNA View 2 (Function): torch.Size([495, 878])
🦠 Building disease dual-view hypergraphs...
  📊 Disease View 1 (Gene): torch.Size([383, 878])
  📊 Disease View 2 (Semantic): torch.Size([383, 878])
✅ Successfully built TRUE DUAL VIEWS:
   🧬 miRNA: Sequence Features (m_ss.xlsx) vs Functional Similarity (mi_fun_sim_2.0.csv)
   🦠 Disease: Gene Features (d_gs.xlsx) vs Semantic Similarity (dis_sem_sim_2.0.csv)

🔧 Epoch 1 梯度检查:
================================================================================

  参数名称                              梯度范数         梯度均值 状态             
  ----------------------------------------------------------------------
  type_relations                0.065348     0.002152 ✅ 正常           
  exist_relation                0.040395     0.002268 ✅ 正常           
  mi_proj_layer0                0.120904     0.000373 ✅ 正常           
  dis_proj_layer0               0.145389     0.000424 ✅ 正常           
================================================================================

Epoch 1, Total Loss: 3.1493, Recover Loss: 1.3068, miRNA CL: 0.0000, Disease CL: 0.0000, Inter-view (est): 0.0000, Recon Loss: 1.5443, Time: 0.37s
[INFO] Hypergraph updated at epoch 5
[INFO] Hypergraph updated at epoch 10
[INFO] Hypergraph updated at epoch 15
[INFO] Hypergraph updated at epoch 20
[INFO] Hypergraph updated at epoch 25
[INFO] Hypergraph updated at epoch 30
[INFO] Hypergraph updated at epoch 35
[INFO] Hypergraph updated at epoch 40
[INFO] Hypergraph updated at epoch 45
[INFO] Hypergraph updated at epoch 50

🔧 Epoch 50 梯度检查:
================================================================================

  参数名称                              梯度范数         梯度均值 状态             
  ----------------------------------------------------------------------
  type_relations                0.099858     0.002595 ✅ 正常           
  exist_relation                0.006886     0.000410 ✅ 正常           
  mi_proj_layer0                0.022178     0.000079 ✅ 正常           
  dis_proj_layer0               0.023636     0.000079 ✅ 正常           
================================================================================

Epoch 50, Total Loss: 1.6456, Recover Loss: 1.2814, miRNA CL: 0.0000, Disease CL: 0.0000, Inter-view (est): 0.0000, Recon Loss: 0.0869, Time: 70.61s
[INFO] Hypergraph updated at epoch 100

🔧 Epoch 100 梯度检查:
================================================================================

  参数名称                              梯度范数         梯度均值 状态             
  ----------------------------------------------------------------------
  type_relations                0.295817     0.004895 ✅ 正常           
  exist_relation                0.015809     0.000555 ✅ 正常           
  mi_proj_layer0                0.029605     0.000095 ✅ 正常           
  dis_proj_layer0               0.028244     0.000096 ✅ 正常           
================================================================================

Epoch 100, Total Loss: 1.5170, Recover Loss: 1.2333, miRNA CL: 0.0000, Disease CL: 0.0000, Inter-view (est): 0.0000, Recon Loss: 0.0306, Time: 90.04s
[INFO] Hypergraph updated at epoch 150

🔧 Epoch 150 梯度检查:
================================================================================

  参数名称                              梯度范数         梯度均值 状态             
  ----------------------------------------------------------------------
  type_relations                0.271668     0.004890 ✅ 正常           
  exist_relation                0.014530     0.000453 ✅ 正常           
  mi_proj_layer0                0.029396     0.000097 ✅ 正常           
  dis_proj_layer0               0.027694     0.000092 ✅ 正常           
================================================================================

Epoch 150, Total Loss: 1.4573, Recover Loss: 1.1911, miRNA CL: 0.0000, Disease CL: 0.0000, Inter-view (est): 0.0000, Recon Loss: 0.0299, Time: 108.76s
[INFO] Hypergraph updated at epoch 200

🔧 Epoch 200 梯度检查:
================================================================================

  参数名称                              梯度范数         梯度均值 状态             
  ----------------------------------------------------------------------
  type_relations                0.241341     0.004325 ✅ 正常           
  exist_relation                0.010597     0.000406 ✅ 正常           
  mi_proj_layer0                0.028783     0.000087 ✅ 正常           
  dis_proj_layer0               0.024981     0.000082 ✅ 正常           
================================================================================

Epoch 200, Total Loss: 1.3872, Recover Loss: 1.1349, miRNA CL: 0.0000, Disease CL: 0.0000, Inter-view (est): 0.0000, Recon Loss: 0.0286, Time: 127.20s
[INFO] Hypergraph updated at epoch 250

🔧 Epoch 250 梯度检查:
================================================================================

  参数名称                              梯度范数         梯度均值 状态             
  ----------------------------------------------------------------------
  type_relations                0.192765     0.003601 ✅ 正常           
  exist_relation                0.009897     0.000388 ✅ 正常           
  mi_proj_layer0                0.023665     0.000073 ✅ 正常           
  dis_proj_layer0               0.027516     0.000085 ✅ 正常           
================================================================================

Epoch 250, Total Loss: 1.3311, Recover Loss: 1.0889, miRNA CL: 0.0000, Disease CL: 0.0000, Inter-view (est): 0.0000, Recon Loss: 0.0284, Time: 145.82s
[INFO] Hypergraph updated at epoch 300

🔧 Epoch 300 梯度检查:
================================================================================

  参数名称                              梯度范数         梯度均值 状态             
  ----------------------------------------------------------------------
  type_relations                0.181042     0.003454 ✅ 正常           
  exist_relation                0.013850     0.000526 ✅ 正常           
  mi_proj_layer0                0.029974     0.000091 ✅ 正常           
  dis_proj_layer0               0.034709     0.000104 ✅ 正常           
================================================================================

Epoch 300, Total Loss: 1.2875, Recover Loss: 1.0528, miRNA CL: 0.0000, Disease CL: 0.0000, Inter-view (est): 0.0000, Recon Loss: 0.0285, Time: 164.27s
[INFO] Hypergraph updated at epoch 350

🔧 Epoch 350 梯度检查:
================================================================================

  参数名称                              梯度范数         梯度均值 状态             
  ----------------------------------------------------------------------
  type_relations                0.162459     0.003054 ✅ 正常           
  exist_relation                0.013118     0.000478 ✅ 正常           
  mi_proj_layer0                0.025479     0.000075 ✅ 正常           
  dis_proj_layer0               0.024836     0.000075 ✅ 正常           
================================================================================

Epoch 350, Total Loss: 1.2542, Recover Loss: 1.0264, miRNA CL: 0.0000, Disease CL: 0.0000, Inter-view (est): 0.0000, Recon Loss: 0.0279, Time: 183.06s
[INFO] Hypergraph updated at epoch 400

🔧 Epoch 400 梯度检查:
================================================================================

  参数名称                              梯度范数         梯度均值 状态             
  ----------------------------------------------------------------------
  type_relations                0.144780     0.002652 ✅ 正常           
  exist_relation                0.011874     0.000442 ✅ 正常           
  mi_proj_layer0                0.028711     0.000081 ✅ 正常           
  dis_proj_layer0               0.036885     0.000100 ✅ 正常           
================================================================================

Epoch 400, Total Loss: 1.2331, Recover Loss: 1.0113, miRNA CL: 0.0000, Disease CL: 0.0000, Inter-view (est): 0.0000, Recon Loss: 0.0273, Time: 201.55s
[INFO] Hypergraph updated at epoch 450

🔧 Epoch 450 梯度检查:
================================================================================

  参数名称                              梯度范数         梯度均值 状态             
  ----------------------------------------------------------------------
  type_relations                0.127901     0.002417 ✅ 正常           
  exist_relation                0.012041     0.000393 ✅ 正常           
  mi_proj_layer0                0.024871     0.000071 ✅ 正常           
  dis_proj_layer0               0.029536     0.000080 ✅ 正常           
================================================================================

Epoch 450, Total Loss: 1.2042, Recover Loss: 0.9876, miRNA CL: 0.0000, Disease CL: 0.0000, Inter-view (est): 0.0000, Recon Loss: 0.0269, Time: 220.35s
[INFO] Hypergraph updated at epoch 500

🔧 Epoch 500 梯度检查:
================================================================================

  参数名称                              梯度范数         梯度均值 状态             
  ----------------------------------------------------------------------
  type_relations                0.123446     0.002310 ✅ 正常           
  exist_relation                0.010477     0.000390 ✅ 正常           
  mi_proj_layer0                0.030727     0.000088 ✅ 正常           
  dis_proj_layer0               0.038197     0.000103 ✅ 正常           
================================================================================

Epoch 500, Total Loss: 1.1948, Recover Loss: 0.9831, miRNA CL: 0.0000, Disease CL: 0.0000, Inter-view (est): 0.0000, Recon Loss: 0.0262, Time: 238.94s
[INFO] Hypergraph updated at epoch 550

🔧 Epoch 550 梯度检查:
================================================================================

  参数名称                              梯度范数         梯度均值 状态             
  ----------------------------------------------------------------------
  type_relations                0.095874     0.001952 ✅ 正常           
  exist_relation                0.012103     0.000432 ✅ 正常           
  mi_proj_layer0                0.024109     0.000067 ✅ 正常           
  dis_proj_layer0               0.024622     0.000069 ✅ 正常           
================================================================================

Epoch 550, Total Loss: 1.1710, Recover Loss: 0.9624, miRNA CL: 0.0000, Disease CL: 0.0000, Inter-view (est): 0.0000, Recon Loss: 0.0267, Time: 257.63s
[INFO] Hypergraph updated at epoch 600

🔧 Epoch 600 梯度检查:
================================================================================

  参数名称                              梯度范数         梯度均值 状态             
  ----------------------------------------------------------------------
  type_relations                0.090330     0.001680 ✅ 正常           
  exist_relation                0.009682     0.000319 ✅ 正常           
  mi_proj_layer0                0.021126     0.000060 ✅ 正常           
  dis_proj_layer0               0.026254     0.000070 ✅ 正常           
================================================================================

Epoch 600, Total Loss: 1.1634, Recover Loss: 0.9583, miRNA CL: 0.0000, Disease CL: 0.0000, Inter-view (est): 0.0000, Recon Loss: 0.0265, Time: 276.12s
[INFO] Hypergraph updated at epoch 650

🔧 Epoch 650 梯度检查:
================================================================================

  参数名称                              梯度范数         梯度均值 状态             
  ----------------------------------------------------------------------
  type_relations                0.075411     0.001462 ✅ 正常           
  exist_relation                0.009084     0.000358 ✅ 正常           
  mi_proj_layer0                0.022451     0.000063 ✅ 正常           
  dis_proj_layer0               0.025036     0.000066 ✅ 正常           
================================================================================

Epoch 650, Total Loss: 1.1423, Recover Loss: 0.9410, miRNA CL: 0.0000, Disease CL: 0.0000, Inter-view (est): 0.0000, Recon Loss: 0.0258, Time: 295.13s

================================================================================
Training completed. Running final test...
================================================================================
Fold 2 completed - AUC: 0.9658, Top-1 F1: 0.6205
Fold 2 training time: 295.89 seconds
=== Cross Validation Fold 3/5 ===
Using hidden dimensions: [256, 256] with 4 attention heads
[ABLATION] Running with mode = no_cl
优化模型初始化: miRNA数量 = 495, 疾病数量 = 383
   节点维度: 256 → 128
   类型数量: 4
   Temperature: 2.0 (可学习)
   exist_weight=0.100, type_weight=0.900

✅ SimplifiedMultiTypeAssociationLoss 初始化 (改进版)
   类别权重 (beta=0.99999): ['0.780', '1.822', '0.977', '0.421']
Original positive index shape: torch.Size([1072, 2])
Original negative index shape: torch.Size([135416, 2])
采样后负样本数量: 10720
🎯 Building TRUE DUAL VIEWS from four different sources...
📊 Data sources loaded:
  Disease semantic: torch.Size([383, 383])
  miRNA functional: torch.Size([495, 495])
  Disease-gene: torch.Size([383, 383])
  miRNA-sequence: torch.Size([495, 495])
🧬 Building miRNA dual-view hypergraphs...
  📊 miRNA View 1 (Sequence): torch.Size([495, 878])
  📊 miRNA View 2 (Function): torch.Size([495, 878])
🦠 Building disease dual-view hypergraphs...
  📊 Disease View 1 (Gene): torch.Size([383, 878])
  📊 Disease View 2 (Semantic): torch.Size([383, 878])
✅ Successfully built TRUE DUAL VIEWS:
   🧬 miRNA: Sequence Features (m_ss.xlsx) vs Functional Similarity (mi_fun_sim_2.0.csv)
   🦠 Disease: Gene Features (d_gs.xlsx) vs Semantic Similarity (dis_sem_sim_2.0.csv)

🔧 Epoch 1 梯度检查:
================================================================================

  参数名称                              梯度范数         梯度均值 状态             
  ----------------------------------------------------------------------
  type_relations                0.070543     0.002245 ✅ 正常           
  exist_relation                0.088142     0.005058 ✅ 正常           
  mi_proj_layer0                0.310175     0.000913 ✅ 正常           
  dis_proj_layer0               0.289228     0.000943 ✅ 正常           
================================================================================

Epoch 1, Total Loss: 3.0898, Recover Loss: 1.3179, miRNA CL: 0.0000, Disease CL: 0.0000, Inter-view (est): 0.0000, Recon Loss: 1.4742, Time: 0.39s
[INFO] Hypergraph updated at epoch 5
[INFO] Hypergraph updated at epoch 10
[INFO] Hypergraph updated at epoch 15
[INFO] Hypergraph updated at epoch 20
[INFO] Hypergraph updated at epoch 25
[INFO] Hypergraph updated at epoch 30
[INFO] Hypergraph updated at epoch 35
[INFO] Hypergraph updated at epoch 40
[INFO] Hypergraph updated at epoch 45
[INFO] Hypergraph updated at epoch 50

🔧 Epoch 50 梯度检查:
================================================================================

  参数名称                              梯度范数         梯度均值 状态             
  ----------------------------------------------------------------------
  type_relations                0.095415     0.002536 ✅ 正常           
  exist_relation                0.009096     0.000520 ✅ 正常           
  mi_proj_layer0                0.023141     0.000080 ✅ 正常           
  dis_proj_layer0               0.030035     0.000093 ✅ 正常           
================================================================================

Epoch 50, Total Loss: 1.6245, Recover Loss: 1.2822, miRNA CL: 0.0000, Disease CL: 0.0000, Inter-view (est): 0.0000, Recon Loss: 0.0647, Time: 65.19s
[INFO] Hypergraph updated at epoch 100

🔧 Epoch 100 梯度检查:
================================================================================

  参数名称                              梯度范数         梯度均值 状态             
  ----------------------------------------------------------------------
  type_relations                0.213749     0.004532 ✅ 正常           
  exist_relation                0.010569     0.000498 ✅ 正常           
  mi_proj_layer0                0.030740     0.000101 ✅ 正常           
  dis_proj_layer0               0.031653     0.000105 ✅ 正常           
================================================================================

Epoch 100, Total Loss: 1.5245, Recover Loss: 1.2415, miRNA CL: 0.0000, Disease CL: 0.0000, Inter-view (est): 0.0000, Recon Loss: 0.0294, Time: 84.10s
[INFO] Hypergraph updated at epoch 150

🔧 Epoch 150 梯度检查:
================================================================================

  参数名称                              梯度范数         梯度均值 状态             
  ----------------------------------------------------------------------
  type_relations                0.238217     0.004192 ✅ 正常           
  exist_relation                0.016768     0.000522 ✅ 正常           
  mi_proj_layer0                0.033984     0.000105 ✅ 正常           
  dis_proj_layer0               0.032398     0.000098 ✅ 正常           
================================================================================

Epoch 150, Total Loss: 1.4582, Recover Loss: 1.1921, miRNA CL: 0.0000, Disease CL: 0.0000, Inter-view (est): 0.0000, Recon Loss: 0.0290, Time: 102.58s
[INFO] Hypergraph updated at epoch 200

🔧 Epoch 200 梯度检查:
================================================================================

  参数名称                              梯度范数         梯度均值 状态             
  ----------------------------------------------------------------------
  type_relations                0.235652     0.004175 ✅ 正常           
  exist_relation                0.015441     0.000529 ✅ 正常           
  mi_proj_layer0                0.031726     0.000098 ✅ 正常           
  dis_proj_layer0               0.029781     0.000094 ✅ 正常           
================================================================================

Epoch 200, Total Loss: 1.3972, Recover Loss: 1.1427, miRNA CL: 0.0000, Disease CL: 0.0000, Inter-view (est): 0.0000, Recon Loss: 0.0297, Time: 121.38s
[INFO] Hypergraph updated at epoch 250

🔧 Epoch 250 梯度检查:
================================================================================

  参数名称                              梯度范数         梯度均值 状态             
  ----------------------------------------------------------------------
  type_relations                0.185085     0.003454 ✅ 正常           
  exist_relation                0.015133     0.000556 ✅ 正常           
  mi_proj_layer0                0.025867     0.000078 ✅ 正常           
  dis_proj_layer0               0.025687     0.000080 ✅ 正常           
================================================================================

Epoch 250, Total Loss: 1.3474, Recover Loss: 1.1040, miRNA CL: 0.0000, Disease CL: 0.0000, Inter-view (est): 0.0000, Recon Loss: 0.0282, Time: 139.71s
[INFO] Hypergraph updated at epoch 300

🔧 Epoch 300 梯度检查:
================================================================================

  参数名称                              梯度范数         梯度均值 状态             
  ----------------------------------------------------------------------
  type_relations                0.174758     0.003306 ✅ 正常           
  exist_relation                0.016197     0.000589 ✅ 正常           
  mi_proj_layer0                0.020953     0.000063 ✅ 正常           
  dis_proj_layer0               0.024000     0.000076 ✅ 正常           
================================================================================

Epoch 300, Total Loss: 1.3013, Recover Loss: 1.0670, miRNA CL: 0.0000, Disease CL: 0.0000, Inter-view (est): 0.0000, Recon Loss: 0.0272, Time: 158.66s
[INFO] Hypergraph updated at epoch 350

🔧 Epoch 350 梯度检查:
================================================================================

  参数名称                              梯度范数         梯度均值 状态             
  ----------------------------------------------------------------------
  type_relations                0.170621     0.003355 ✅ 正常           
  exist_relation                0.011494     0.000422 ✅ 正常           
  mi_proj_layer0                0.033187     0.000092 ✅ 正常           
  dis_proj_layer0               0.035441     0.000104 ✅ 正常           
================================================================================

Epoch 350, Total Loss: 1.2771, Recover Loss: 1.0497, miRNA CL: 0.0000, Disease CL: 0.0000, Inter-view (est): 0.0000, Recon Loss: 0.0269, Time: 177.68s
[INFO] Hypergraph updated at epoch 400

🔧 Epoch 400 梯度检查:
================================================================================

  参数名称                              梯度范数         梯度均值 状态             
  ----------------------------------------------------------------------
  type_relations                0.130704     0.002467 ✅ 正常           
  exist_relation                0.011618     0.000455 ✅ 正常           
  mi_proj_layer0                0.027816     0.000075 ✅ 正常           
  dis_proj_layer0               0.026934     0.000079 ✅ 正常           
================================================================================

Epoch 400, Total Loss: 1.2398, Recover Loss: 1.0178, miRNA CL: 0.0000, Disease CL: 0.0000, Inter-view (est): 0.0000, Recon Loss: 0.0274, Time: 196.47s
[INFO] Hypergraph updated at epoch 450

🔧 Epoch 450 梯度检查:
================================================================================

  参数名称                              梯度范数         梯度均值 状态             
  ----------------------------------------------------------------------
  type_relations                0.125069     0.002339 ✅ 正常           
  exist_relation                0.013999     0.000507 ✅ 正常           
  mi_proj_layer0                0.023808     0.000068 ✅ 正常           
  dis_proj_layer0               0.028368     0.000081 ✅ 正常           
================================================================================

Epoch 450, Total Loss: 1.2156, Recover Loss: 0.9985, miRNA CL: 0.0000, Disease CL: 0.0000, Inter-view (est): 0.0000, Recon Loss: 0.0275, Time: 214.98s
[INFO] Hypergraph updated at epoch 500

🔧 Epoch 500 梯度检查:
================================================================================

  参数名称                              梯度范数         梯度均值 状态             
  ----------------------------------------------------------------------
  type_relations                0.132078     0.002467 ✅ 正常           
  exist_relation                0.016659     0.000597 ✅ 正常           
  mi_proj_layer0                0.026102     0.000071 ✅ 正常           
  dis_proj_layer0               0.033447     0.000095 ✅ 正常           
================================================================================

Epoch 500, Total Loss: 1.1995, Recover Loss: 0.9876, miRNA CL: 0.0000, Disease CL: 0.0000, Inter-view (est): 0.0000, Recon Loss: 0.0266, Time: 233.75s
[INFO] Hypergraph updated at epoch 550

🔧 Epoch 550 梯度检查:
================================================================================

  参数名称                              梯度范数         梯度均值 状态             
  ----------------------------------------------------------------------
  type_relations                0.095434     0.001893 ✅ 正常           
  exist_relation                0.010371     0.000400 ✅ 正常           
  mi_proj_layer0                0.024236     0.000068 ✅ 正常           
  dis_proj_layer0               0.027534     0.000076 ✅ 正常           
================================================================================

Epoch 550, Total Loss: 1.1800, Recover Loss: 0.9725, miRNA CL: 0.0000, Disease CL: 0.0000, Inter-view (est): 0.0000, Recon Loss: 0.0261, Time: 252.73s
[INFO] Hypergraph updated at epoch 600

🔧 Epoch 600 梯度检查:
================================================================================

  参数名称                              梯度范数         梯度均值 状态             
  ----------------------------------------------------------------------
  type_relations                0.092701     0.001746 ✅ 正常           
  exist_relation                0.012494     0.000487 ✅ 正常           
  mi_proj_layer0                0.022831     0.000062 ✅ 正常           
  dis_proj_layer0               0.023136     0.000066 ✅ 正常           
================================================================================

Epoch 600, Total Loss: 1.1651, Recover Loss: 0.9616, miRNA CL: 0.0000, Disease CL: 0.0000, Inter-view (est): 0.0000, Recon Loss: 0.0255, Time: 271.54s
[INFO] Hypergraph updated at epoch 650

🔧 Epoch 650 梯度检查:
================================================================================

  参数名称                              梯度范数         梯度均值 状态             
  ----------------------------------------------------------------------
  type_relations                0.082623     0.001571 ✅ 正常           
  exist_relation                0.008351     0.000320 ✅ 正常           
  mi_proj_layer0                0.022433     0.000061 ✅ 正常           
  dis_proj_layer0               0.026741     0.000074 ✅ 正常           
================================================================================

Epoch 650, Total Loss: 1.1554, Recover Loss: 0.9546, miRNA CL: 0.0000, Disease CL: 0.0000, Inter-view (est): 0.0000, Recon Loss: 0.0258, Time: 290.18s

================================================================================
Training completed. Running final test...
================================================================================
Fold 3 completed - AUC: 0.9661, Top-1 F1: 0.5900
Fold 3 training time: 290.93 seconds
=== Cross Validation Fold 4/5 ===
Using hidden dimensions: [256, 256] with 4 attention heads
[ABLATION] Running with mode = no_cl
优化模型初始化: miRNA数量 = 495, 疾病数量 = 383
   节点维度: 256 → 128
   类型数量: 4
   Temperature: 2.0 (可学习)
   exist_weight=0.100, type_weight=0.900

✅ SimplifiedMultiTypeAssociationLoss 初始化 (改进版)
   类别权重 (beta=0.99999): ['0.780', '1.822', '0.977', '0.421']
Original positive index shape: torch.Size([1072, 2])
Original negative index shape: torch.Size([135416, 2])
采样后负样本数量: 10720
🎯 Building TRUE DUAL VIEWS from four different sources...
📊 Data sources loaded:
  Disease semantic: torch.Size([383, 383])
  miRNA functional: torch.Size([495, 495])
  Disease-gene: torch.Size([383, 383])
  miRNA-sequence: torch.Size([495, 495])
🧬 Building miRNA dual-view hypergraphs...
  📊 miRNA View 1 (Sequence): torch.Size([495, 878])
  📊 miRNA View 2 (Function): torch.Size([495, 878])
🦠 Building disease dual-view hypergraphs...
  📊 Disease View 1 (Gene): torch.Size([383, 878])
  📊 Disease View 2 (Semantic): torch.Size([383, 878])
✅ Successfully built TRUE DUAL VIEWS:
   🧬 miRNA: Sequence Features (m_ss.xlsx) vs Functional Similarity (mi_fun_sim_2.0.csv)
   🦠 Disease: Gene Features (d_gs.xlsx) vs Semantic Similarity (dis_sem_sim_2.0.csv)

🔧 Epoch 1 梯度检查:
================================================================================

  参数名称                              梯度范数         梯度均值 状态             
  ----------------------------------------------------------------------
  type_relations                0.073227     0.002244 ✅ 正常           
  exist_relation                0.052435     0.003135 ✅ 正常           
  mi_proj_layer0                0.203714     0.000594 ✅ 正常           
  dis_proj_layer0               0.176748     0.000599 ✅ 正常           
================================================================================

Epoch 1, Total Loss: 3.0771, Recover Loss: 1.3132, miRNA CL: 0.0000, Disease CL: 0.0000, Inter-view (est): 0.0000, Recon Loss: 1.4658, Time: 0.37s
[INFO] Hypergraph updated at epoch 5
[INFO] Hypergraph updated at epoch 10
[INFO] Hypergraph updated at epoch 15
[INFO] Hypergraph updated at epoch 20
[INFO] Hypergraph updated at epoch 25
[INFO] Hypergraph updated at epoch 30
[INFO] Hypergraph updated at epoch 35
[INFO] Hypergraph updated at epoch 40
[INFO] Hypergraph updated at epoch 45
[INFO] Hypergraph updated at epoch 50

🔧 Epoch 50 梯度检查:
================================================================================

  参数名称                              梯度范数         梯度均值 状态             
  ----------------------------------------------------------------------
  type_relations                0.125963     0.002795 ✅ 正常           
  exist_relation                0.007820     0.000401 ✅ 正常           
  mi_proj_layer0                0.024152     0.000080 ✅ 正常           
  dis_proj_layer0               0.024570     0.000084 ✅ 正常           
================================================================================

Epoch 50, Total Loss: 1.6079, Recover Loss: 1.2783, miRNA CL: 0.0000, Disease CL: 0.0000, Inter-view (est): 0.0000, Recon Loss: 0.0524, Time: 59.52s
[INFO] Hypergraph updated at epoch 100

🔧 Epoch 100 梯度检查:
================================================================================

  参数名称                              梯度范数         梯度均值 状态             
  ----------------------------------------------------------------------
  type_relations                0.310804     0.004420 ✅ 正常           
  exist_relation                0.016419     0.000420 ✅ 正常           
  mi_proj_layer0                0.025405     0.000084 ✅ 正常           
  dis_proj_layer0               0.028862     0.000093 ✅ 正常           
================================================================================

Epoch 100, Total Loss: 1.5187, Recover Loss: 1.2334, miRNA CL: 0.0000, Disease CL: 0.0000, Inter-view (est): 0.0000, Recon Loss: 0.0316, Time: 78.62s
[INFO] Hypergraph updated at epoch 150

🔧 Epoch 150 梯度检查:
================================================================================

  参数名称                              梯度范数         梯度均值 状态             
  ----------------------------------------------------------------------
  type_relations                0.277650     0.004380 ✅ 正常           
  exist_relation                0.018259     0.000621 ✅ 正常           
  mi_proj_layer0                0.030340     0.000092 ✅ 正常           
  dis_proj_layer0               0.031919     0.000100 ✅ 正常           
================================================================================

Epoch 150, Total Loss: 1.4531, Recover Loss: 1.1856, miRNA CL: 0.0000, Disease CL: 0.0000, Inter-view (est): 0.0000, Recon Loss: 0.0303, Time: 97.17s
[INFO] Hypergraph updated at epoch 200

🔧 Epoch 200 梯度检查:
================================================================================

  参数名称                              梯度范数         梯度均值 状态             
  ----------------------------------------------------------------------
  type_relations                0.255620     0.004114 ✅ 正常           
  exist_relation                0.011777     0.000435 ✅ 正常           
  mi_proj_layer0                0.026054     0.000078 ✅ 正常           
  dis_proj_layer0               0.029528     0.000093 ✅ 正常           
================================================================================

Epoch 200, Total Loss: 1.3966, Recover Loss: 1.1430, miRNA CL: 0.0000, Disease CL: 0.0000, Inter-view (est): 0.0000, Recon Loss: 0.0286, Time: 116.13s
[INFO] Hypergraph updated at epoch 250

🔧 Epoch 250 梯度检查:
================================================================================

  参数名称                              梯度范数         梯度均值 状态             
  ----------------------------------------------------------------------
  type_relations                0.193746     0.003294 ✅ 正常           
  exist_relation                0.020521     0.000623 ✅ 正常           
  mi_proj_layer0                0.024142     0.000070 ✅ 正常           
  dis_proj_layer0               0.024952     0.000078 ✅ 正常           
================================================================================

Epoch 250, Total Loss: 1.3387, Recover Loss: 1.0936, miRNA CL: 0.0000, Disease CL: 0.0000, Inter-view (est): 0.0000, Recon Loss: 0.0295, Time: 134.81s
[INFO] Hypergraph updated at epoch 300

🔧 Epoch 300 梯度检查:
================================================================================

  参数名称                              梯度范数         梯度均值 状态             
  ----------------------------------------------------------------------
  type_relations                0.173084     0.003170 ✅ 正常           
  exist_relation                0.010406     0.000366 ✅ 正常           
  mi_proj_layer0                0.026944     0.000077 ✅ 正常           
  dis_proj_layer0               0.026626     0.000081 ✅ 正常           
================================================================================

Epoch 300, Total Loss: 1.2993, Recover Loss: 1.0625, miRNA CL: 0.0000, Disease CL: 0.0000, Inter-view (est): 0.0000, Recon Loss: 0.0289, Time: 153.68s
[INFO] Hypergraph updated at epoch 350

🔧 Epoch 350 梯度检查:
================================================================================

  参数名称                              梯度范数         梯度均值 状态             
  ----------------------------------------------------------------------
  type_relations                0.162326     0.003010 ✅ 正常           
  exist_relation                0.010118     0.000383 ✅ 正常           
  mi_proj_layer0                0.024665     0.000071 ✅ 正常           
  dis_proj_layer0               0.028452     0.000085 ✅ 正常           
================================================================================

Epoch 350, Total Loss: 1.2695, Recover Loss: 1.0405, miRNA CL: 0.0000, Disease CL: 0.0000, Inter-view (est): 0.0000, Recon Loss: 0.0276, Time: 172.20s
[INFO] Hypergraph updated at epoch 400

🔧 Epoch 400 梯度检查:
================================================================================

  参数名称                              梯度范数         梯度均值 状态             
  ----------------------------------------------------------------------
  type_relations                0.165529     0.003088 ✅ 正常           
  exist_relation                0.014402     0.000511 ✅ 正常           
  mi_proj_layer0                0.034021     0.000091 ✅ 正常           
  dis_proj_layer0               0.030929     0.000091 ✅ 正常           
================================================================================

Epoch 400, Total Loss: 1.2442, Recover Loss: 1.0213, miRNA CL: 0.0000, Disease CL: 0.0000, Inter-view (est): 0.0000, Recon Loss: 0.0272, Time: 191.26s
[INFO] Hypergraph updated at epoch 450

🔧 Epoch 450 梯度检查:
================================================================================

  参数名称                              梯度范数         梯度均值 状态             
  ----------------------------------------------------------------------
  type_relations                0.144739     0.002695 ✅ 正常           
  exist_relation                0.012759     0.000478 ✅ 正常           
  mi_proj_layer0                0.024342     0.000069 ✅ 正常           
  dis_proj_layer0               0.028981     0.000083 ✅ 正常           
================================================================================

Epoch 450, Total Loss: 1.2112, Recover Loss: 0.9933, miRNA CL: 0.0000, Disease CL: 0.0000, Inter-view (est): 0.0000, Recon Loss: 0.0270, Time: 210.08s
[INFO] Hypergraph updated at epoch 500

🔧 Epoch 500 梯度检查:
================================================================================

  参数名称                              梯度范数         梯度均值 状态             
  ----------------------------------------------------------------------
  type_relations                0.118048     0.002231 ✅ 正常           
  exist_relation                0.011974     0.000411 ✅ 正常           
  mi_proj_layer0                0.025569     0.000072 ✅ 正常           
  dis_proj_layer0               0.026777     0.000077 ✅ 正常           
================================================================================

Epoch 500, Total Loss: 1.1903, Recover Loss: 0.9767, miRNA CL: 0.0000, Disease CL: 0.0000, Inter-view (est): 0.0000, Recon Loss: 0.0271, Time: 228.76s
[INFO] Hypergraph updated at epoch 550

🔧 Epoch 550 梯度检查:
================================================================================

  参数名称                              梯度范数         梯度均值 状态             
  ----------------------------------------------------------------------
  type_relations                0.103587     0.001761 ✅ 正常           
  exist_relation                0.011801     0.000389 ✅ 正常           
  mi_proj_layer0                0.031291     0.000083 ✅ 正常           
  dis_proj_layer0               0.033574     0.000088 ✅ 正常           
================================================================================

Epoch 550, Total Loss: 1.1760, Recover Loss: 0.9658, miRNA CL: 0.0000, Disease CL: 0.0000, Inter-view (est): 0.0000, Recon Loss: 0.0274, Time: 247.65s
[INFO] Hypergraph updated at epoch 600

🔧 Epoch 600 梯度检查:
================================================================================

  参数名称                              梯度范数         梯度均值 状态             
  ----------------------------------------------------------------------
  type_relations                0.103918     0.001959 ✅ 正常           
  exist_relation                0.010204     0.000350 ✅ 正常           
  mi_proj_layer0                0.035519     0.000094 ✅ 正常           
  dis_proj_layer0               0.046005     0.000114 ✅ 正常           
================================================================================

Epoch 600, Total Loss: 1.1683, Recover Loss: 0.9628, miRNA CL: 0.0000, Disease CL: 0.0000, Inter-view (est): 0.0000, Recon Loss: 0.0261, Time: 266.52s
[INFO] Hypergraph updated at epoch 650

🔧 Epoch 650 梯度检查:
================================================================================

  参数名称                              梯度范数         梯度均值 状态             
  ----------------------------------------------------------------------
  type_relations                0.090936     0.001791 ✅ 正常           
  exist_relation                0.010547     0.000394 ✅ 正常           
  mi_proj_layer0                0.029834     0.000079 ✅ 正常           
  dis_proj_layer0               0.032755     0.000087 ✅ 正常           
================================================================================

Epoch 650, Total Loss: 1.1461, Recover Loss: 0.9439, miRNA CL: 0.0000, Disease CL: 0.0000, Inter-view (est): 0.0000, Recon Loss: 0.0257, Time: 285.33s

================================================================================
Training completed. Running final test...
================================================================================
Fold 4 completed - AUC: 0.9548, Top-1 F1: 0.6237
Fold 4 training time: 286.06 seconds
=== Cross Validation Fold 5/5 ===
Using hidden dimensions: [256, 256] with 4 attention heads
[ABLATION] Running with mode = no_cl
优化模型初始化: miRNA数量 = 495, 疾病数量 = 383
   节点维度: 256 → 128
   类型数量: 4
   Temperature: 2.0 (可学习)
   exist_weight=0.100, type_weight=0.900

✅ SimplifiedMultiTypeAssociationLoss 初始化 (改进版)
   类别权重 (beta=0.99999): ['0.780', '1.822', '0.977', '0.421']
Original positive index shape: torch.Size([1072, 2])
Original negative index shape: torch.Size([135416, 2])
采样后负样本数量: 10720
🎯 Building TRUE DUAL VIEWS from four different sources...
📊 Data sources loaded:
  Disease semantic: torch.Size([383, 383])
  miRNA functional: torch.Size([495, 495])
  Disease-gene: torch.Size([383, 383])
  miRNA-sequence: torch.Size([495, 495])
🧬 Building miRNA dual-view hypergraphs...
  📊 miRNA View 1 (Sequence): torch.Size([495, 878])
  📊 miRNA View 2 (Function): torch.Size([495, 878])
🦠 Building disease dual-view hypergraphs...
  📊 Disease View 1 (Gene): torch.Size([383, 878])
  📊 Disease View 2 (Semantic): torch.Size([383, 878])
✅ Successfully built TRUE DUAL VIEWS:
   🧬 miRNA: Sequence Features (m_ss.xlsx) vs Functional Similarity (mi_fun_sim_2.0.csv)
   🦠 Disease: Gene Features (d_gs.xlsx) vs Semantic Similarity (dis_sem_sim_2.0.csv)

🔧 Epoch 1 梯度检查:
================================================================================

  参数名称                              梯度范数         梯度均值 状态             
  ----------------------------------------------------------------------
  type_relations                0.077885     0.002349 ✅ 正常           
  exist_relation                0.066232     0.003981 ✅ 正常           
  mi_proj_layer0                0.343403     0.000959 ✅ 正常           
  dis_proj_layer0               0.310263     0.000899 ✅ 正常           
================================================================================

Epoch 1, Total Loss: 3.1115, Recover Loss: 1.3236, miRNA CL: 0.0000, Disease CL: 0.0000, Inter-view (est): 0.0000, Recon Loss: 1.4900, Time: 0.37s
[INFO] Hypergraph updated at epoch 5
[INFO] Hypergraph updated at epoch 10
[INFO] Hypergraph updated at epoch 15
[INFO] Hypergraph updated at epoch 20
[INFO] Hypergraph updated at epoch 25
[INFO] Hypergraph updated at epoch 30
[INFO] Hypergraph updated at epoch 35
[INFO] Hypergraph updated at epoch 40
[INFO] Hypergraph updated at epoch 45
[INFO] Hypergraph updated at epoch 50

🔧 Epoch 50 梯度检查:
================================================================================

  参数名称                              梯度范数         梯度均值 状态             
  ----------------------------------------------------------------------
  type_relations                0.090872     0.002408 ✅ 正常           
  exist_relation                0.005462     0.000324 ✅ 正常           
  mi_proj_layer0                0.022697     0.000072 ✅ 正常           
  dis_proj_layer0               0.023719     0.000078 ✅ 正常           
================================================================================

Epoch 50, Total Loss: 1.6198, Recover Loss: 1.2826, miRNA CL: 0.0000, Disease CL: 0.0000, Inter-view (est): 0.0000, Recon Loss: 0.0595, Time: 64.67s
[INFO] Hypergraph updated at epoch 100

🔧 Epoch 100 梯度检查:
================================================================================

  参数名称                              梯度范数         梯度均值 状态             
  ----------------------------------------------------------------------
  type_relations                0.208678     0.003999 ✅ 正常           
  exist_relation                0.007393     0.000362 ✅ 正常           
  mi_proj_layer0                0.026643     0.000086 ✅ 正常           
  dis_proj_layer0               0.029795     0.000095 ✅ 正常           
================================================================================

Epoch 100, Total Loss: 1.5335, Recover Loss: 1.2497, miRNA CL: 0.0000, Disease CL: 0.0000, Inter-view (est): 0.0000, Recon Loss: 0.0305, Time: 83.74s
[INFO] Hypergraph updated at epoch 150

🔧 Epoch 150 梯度检查:
================================================================================

  参数名称                              梯度范数         梯度均值 状态             
  ----------------------------------------------------------------------
  type_relations                0.309140     0.004790 ✅ 正常           
  exist_relation                0.009517     0.000344 ✅ 正常           
  mi_proj_layer0                0.031587     0.000097 ✅ 正常           
  dis_proj_layer0               0.028497     0.000086 ✅ 正常           
================================================================================

Epoch 150, Total Loss: 1.4439, Recover Loss: 1.1790, miRNA CL: 0.0000, Disease CL: 0.0000, Inter-view (est): 0.0000, Recon Loss: 0.0286, Time: 102.61s
[INFO] Hypergraph updated at epoch 200

🔧 Epoch 200 梯度检查:
================================================================================

  参数名称                              梯度范数         梯度均值 状态             
  ----------------------------------------------------------------------
  type_relations                0.250217     0.003687 ✅ 正常           
  exist_relation                0.013723     0.000482 ✅ 正常           
  mi_proj_layer0                0.028693     0.000083 ✅ 正常           
  dis_proj_layer0               0.030490     0.000087 ✅ 正常           
================================================================================

Epoch 200, Total Loss: 1.3915, Recover Loss: 1.1391, miRNA CL: 0.0000, Disease CL: 0.0000, Inter-view (est): 0.0000, Recon Loss: 0.0282, Time: 121.02s
[INFO] Hypergraph updated at epoch 250

🔧 Epoch 250 梯度检查:
================================================================================

  参数名称                              梯度范数         梯度均值 状态             
  ----------------------------------------------------------------------
  type_relations                0.178383     0.002910 ✅ 正常           
  exist_relation                0.008609     0.000338 ✅ 正常           
  mi_proj_layer0                0.020741     0.000064 ✅ 正常           
  dis_proj_layer0               0.025239     0.000067 ✅ 正常           
================================================================================

Epoch 250, Total Loss: 1.3491, Recover Loss: 1.1065, miRNA CL: 0.0000, Disease CL: 0.0000, Inter-view (est): 0.0000, Recon Loss: 0.0283, Time: 139.51s
[INFO] Hypergraph updated at epoch 300

🔧 Epoch 300 梯度检查:
================================================================================

  参数名称                              梯度范数         梯度均值 状态             
  ----------------------------------------------------------------------
  type_relations                0.165395     0.002787 ✅ 正常           
  exist_relation                0.010443     0.000413 ✅ 正常           
  mi_proj_layer0                0.022244     0.000063 ✅ 正常           
  dis_proj_layer0               0.028412     0.000078 ✅ 正常           
================================================================================

Epoch 300, Total Loss: 1.3222, Recover Loss: 1.0887, miRNA CL: 0.0000, Disease CL: 0.0000, Inter-view (est): 0.0000, Recon Loss: 0.0275, Time: 158.33s
[INFO] Hypergraph updated at epoch 350

🔧 Epoch 350 梯度检查:
================================================================================

  参数名称                              梯度范数         梯度均值 状态             
  ----------------------------------------------------------------------
  type_relations                0.157429     0.002892 ✅ 正常           
  exist_relation                0.010697     0.000388 ✅ 正常           
  mi_proj_layer0                0.032358     0.000084 ✅ 正常           
  dis_proj_layer0               0.029728     0.000088 ✅ 正常           
================================================================================

Epoch 350, Total Loss: 1.2929, Recover Loss: 1.0672, miRNA CL: 0.0000, Disease CL: 0.0000, Inter-view (est): 0.0000, Recon Loss: 0.0267, Time: 177.27s
[INFO] Hypergraph updated at epoch 400

🔧 Epoch 400 梯度检查:
================================================================================

  参数名称                              梯度范数         梯度均值 状态             
  ----------------------------------------------------------------------
  type_relations                0.158995     0.002759 ✅ 正常           
  exist_relation                0.012607     0.000458 ✅ 正常           
  mi_proj_layer0                0.024746     0.000069 ✅ 正常           
  dis_proj_layer0               0.027395     0.000079 ✅ 正常           
================================================================================

Epoch 400, Total Loss: 1.2594, Recover Loss: 1.0395, miRNA CL: 0.0000, Disease CL: 0.0000, Inter-view (est): 0.0000, Recon Loss: 0.0267, Time: 195.60s
[INFO] Hypergraph updated at epoch 450

🔧 Epoch 450 梯度检查:
================================================================================

  参数名称                              梯度范数         梯度均值 状态             
  ----------------------------------------------------------------------
  type_relations                0.127970     0.002284 ✅ 正常           
  exist_relation                0.015978     0.000626 ✅ 正常           
  mi_proj_layer0                0.025274     0.000070 ✅ 正常           
  dis_proj_layer0               0.028767     0.000077 ✅ 正常           
================================================================================

Epoch 450, Total Loss: 1.2323, Recover Loss: 1.0170, miRNA CL: 0.0000, Disease CL: 0.0000, Inter-view (est): 0.0000, Recon Loss: 0.0269, Time: 214.25s
[INFO] Hypergraph updated at epoch 500

🔧 Epoch 500 梯度检查:
================================================================================

  参数名称                              梯度范数         梯度均值 状态             
  ----------------------------------------------------------------------
  type_relations                0.125714     0.002233 ✅ 正常           
  exist_relation                0.014635     0.000534 ✅ 正常           
  mi_proj_layer0                0.030660     0.000080 ✅ 正常           
  dis_proj_layer0               0.042146     0.000103 ✅ 正常           
================================================================================

Epoch 500, Total Loss: 1.2218, Recover Loss: 1.0115, miRNA CL: 0.0000, Disease CL: 0.0000, Inter-view (est): 0.0000, Recon Loss: 0.0262, Time: 232.98s
[INFO] Hypergraph updated at epoch 550

🔧 Epoch 550 梯度检查:
================================================================================

  参数名称                              梯度范数         梯度均值 状态             
  ----------------------------------------------------------------------
  type_relations                0.107328     0.001973 ✅ 正常           
  exist_relation                0.013263     0.000466 ✅ 正常           
  mi_proj_layer0                0.027707     0.000073 ✅ 正常           
  dis_proj_layer0               0.028218     0.000075 ✅ 正常           
================================================================================

Epoch 550, Total Loss: 1.1964, Recover Loss: 0.9894, miRNA CL: 0.0000, Disease CL: 0.0000, Inter-view (est): 0.0000, Recon Loss: 0.0266, Time: 251.54s
[INFO] Hypergraph updated at epoch 600

🔧 Epoch 600 梯度检查:
================================================================================

  参数名称                              梯度范数         梯度均值 状态             
  ----------------------------------------------------------------------
  type_relations                0.089566     0.001701 ✅ 正常           
  exist_relation                0.010883     0.000372 ✅ 正常           
  mi_proj_layer0                0.026628     0.000069 ✅ 正常           
  dis_proj_layer0               0.027675     0.000072 ✅ 正常           
================================================================================

Epoch 600, Total Loss: 1.1753, Recover Loss: 0.9731, miRNA CL: 0.0000, Disease CL: 0.0000, Inter-view (est): 0.0000, Recon Loss: 0.0251, Time: 270.49s
[INFO] Hypergraph updated at epoch 650

🔧 Epoch 650 梯度检查:
================================================================================

  参数名称                              梯度范数         梯度均值 状态             
  ----------------------------------------------------------------------
  type_relations                0.107348     0.001856 ✅ 正常           
  exist_relation                0.012214     0.000443 ✅ 正常           
  mi_proj_layer0                0.030216     0.000079 ✅ 正常           
  dis_proj_layer0               0.039307     0.000097 ✅ 正常           
================================================================================

Epoch 650, Total Loss: 1.1696, Recover Loss: 0.9703, miRNA CL: 0.0000, Disease CL: 0.0000, Inter-view (est): 0.0000, Recon Loss: 0.0252, Time: 289.18s

================================================================================
Training completed. Running final test...
================================================================================
Fold 5 completed - AUC: 0.9691, Top-1 F1: 0.6679
Fold 5 training time: 289.93 seconds
Average binary metrics across folds: [[0.96512531 0.95861126 0.914308   0.91149254 0.94208955 0.88089552
  0.88899518]]
🎯 Average Top-1 metrics across folds: {'top1_precision': 0.6052238805970149, 'top1_recall': np.float64(0.654061531896868), 'top1_f1': np.float64(0.6285619678485095)}

📊 CV_type Style Metrics Details:
  AUC            : 0.9651
  AUPR           : 0.9586
  F1             : 0.9143
  Accuracy       : 0.9115
  Recall         : 0.9421
  Specificity    : 0.8809
  Precision      : 0.8890

🎯 Top-1 Metrics Details:
  top1_precision : 0.6052
  top1_recall    : 0.6541
  top1_f1        : 0.6286

Total execution time: 1458.33 seconds

==========================================================================================
🎯 FINAL COMPREHENSIVE RESULTS WITH TOP-1 METRICS
==========================================================================================
📊 Binary Classification Metrics (Original):
  AUC: 0.9651
  AUPR: 0.9586
  F1: 0.9143
  Accuracy: 0.9115
  Recall: 0.9421
  Specificity: 0.8809
  Precision: 0.8890

🎯 CV_type Style Metrics (Enhanced):
  AUC: 0.9651
  AUPR: 0.9586
  F1: 0.9143
  Accuracy: 0.9115
  Recall: 0.9421
  Specificity: 0.8809
  Precision: 0.8890

🏆 Top-1 Metrics (NEW):
  Top-1 Precision: 0.6052
  Top-1 Recall: 0.6541
  Top-1 F1: 0.6286
==========================================================================================

[ABL] no_hgcn (w=0.1)
[CPU] torch.set_num_threads(14), interop=min(4, 14)
Using device: cpu
[INFO] Auto-computed BALANCED class weights (to prevent class collapse):
  Circulation  (367 samples): 0.780
  Epigenetics  (157 samples): 1.823
  Target       (293 samples): 0.977
  Genetics     (681 samples): 0.420
  [NOTE] Higher weights for minority classes to prevent model from only predicting majority class
[INFO] Using v2.0_495m383D dataset:
  miRNAs: 495
  Diseases: 383
  Expected associations: ~1498
  Types: 4 (Circulation, Epigenetics, Target, Genetics)

================================================================================
Configuration Summary
================================================================================
Dataset: v2.0_495m383D
Data Path: ./
Model: HeterogenousGraphCLAMIR
  - HGT Layers: 2
  - Attention Heads: 4
  - Association Types: 4
  - Inter-view CL: Enabled
    - Weight: 0.3
    - Temperature: 0.5
    - Margin: 0.5

Training:
  - Epochs: 650
  - Learning Rate: 0.0001
  - Dropout: 0.3
  - Weight Decay: 5e-05
  - Focal Loss: Enabled

Evaluation:
  - Cross-Validation Folds: 5
  - Primary Metric: AUPR

Device: cpu
Random Seed: 1234
================================================================================

🚀 Running with comprehensive evaluation including Top-1 metrics...
🎯 Loading dual-view data...
Starting dual-view data preparation with new file format...
Loading all similarity and feature files from v2.0_495m383D...
✅ Loaded disease semantic similarity from D_SSM1.txt: (383, 383)
✅ Loaded miRNA functional similarity from M_FSM.txt: (495, 495)
✅ Loaded multi-type association pairs from ./v2.0_495m383D\multi_all_mirna_disease_pairs_without_negative.csv: (1679, 3)
✅ Created multi-type association matrix: (495, 383)
📊 Multi-type Association Statistics:
   无关联 (No association): 188087 pairs (99.21%)
   循环类型 (Circulation): 367 pairs (0.19%)
   表观遗传学 (Epigenetics): 157 pairs (0.08%)
   靶标类型 (Target): 293 pairs (0.15%)
   遗传学类型 (Genetics): 681 pairs (0.36%)
✅ Created association matrix from CSV: (495, 383)
✅ Loaded disease-gene features from D_SSM2.txt: torch.Size([383, 383])
✅ Loaded miRNA-sequence features from M_GSM.txt: torch.Size([495, 495])
Processing integrated similarity matrices...
Loaded similarity matrices from cache
Processing indices...
Loaded indices from cache
✅ Dual-view data preparation completed in 0.39 seconds

============================================================
🎯 DUAL-VIEW CONFIGURATION SUMMARY (v2.0_495m383D)
============================================================
miRNA Dual Views:
  📊 View 1 (Sequence): M_GSM.txt torch.Size([495, 495])
  📊 View 2 (Function): M_FSM.txt torch.Size([495, 495])

Disease Dual Views:
  📊 View 1 (Gene): D_SSM2.txt torch.Size([383, 383])
  📊 View 2 (Semantic): D_SSM1.txt torch.Size([383, 383])

Association Matrix: torch.Size([495, 383])
Data source: v2.0_495m383D (495 miRNAs × 383 Diseases)
============================================================
Preloading dual-view data to device...
✅ Loaded disease-gene features to device: torch.Size([383, 383])
✅ Loaded miRNA-sequence features to device: torch.Size([495, 495])
✅ Loaded disease semantic similarity to device: torch.Size([383, 383])
✅ Loaded miRNA functional similarity to device: torch.Size([495, 495])
✅ Dual-view data preloading completed in 0.00 seconds
OptimizedDataset initialized with 5 folds
Using device: cpu
=== Cross Validation Fold 1/5 ===
Using hidden dimensions: [256, 256] with 4 attention heads
[ABLATION] Running with mode = no_hgcn
优化模型初始化: miRNA数量 = 495, 疾病数量 = 383
   节点维度: 256 → 128
   类型数量: 4
   Temperature: 2.0 (可学习)
   exist_weight=0.100, type_weight=0.900

✅ SimplifiedMultiTypeAssociationLoss 初始化 (改进版)
   类别权重 (beta=0.99999): ['0.780', '1.822', '0.977', '0.421']
Original positive index shape: torch.Size([1072, 2])
Original negative index shape: torch.Size([135416, 2])
采样后负样本数量: 10720
🎯 Building TRUE DUAL VIEWS from four different sources...
📊 Data sources loaded:
  Disease semantic: torch.Size([383, 383])
  miRNA functional: torch.Size([495, 495])
  Disease-gene: torch.Size([383, 383])
  miRNA-sequence: torch.Size([495, 495])
🧬 Building miRNA dual-view hypergraphs...
  📊 miRNA View 1 (Sequence): torch.Size([495, 878])
  📊 miRNA View 2 (Function): torch.Size([495, 878])
🦠 Building disease dual-view hypergraphs...
  📊 Disease View 1 (Gene): torch.Size([383, 878])
  📊 Disease View 2 (Semantic): torch.Size([383, 878])
✅ Successfully built TRUE DUAL VIEWS:
   🧬 miRNA: Sequence Features (m_ss.xlsx) vs Functional Similarity (mi_fun_sim_2.0.csv)
   🦠 Disease: Gene Features (d_gs.xlsx) vs Semantic Similarity (dis_sem_sim_2.0.csv)

🔧 Epoch 1 梯度检查:
================================================================================

  参数名称                              梯度范数         梯度均值 状态             
  ----------------------------------------------------------------------
  type_relations                0.073576     0.002174 ✅ 正常           
  exist_relation                0.105316     0.005956 ✅ 正常           
  mi_proj_layer0                0.373517     0.001094 ✅ 正常           
  dis_proj_layer0               0.460782     0.001195 ✅ 正常           
================================================================================

Epoch 1, Total Loss: 20.4993, Recover Loss: 1.3321, miRNA CL: 9.1094, Disease CL: 8.4290, Inter-view (est): 4.0473, Recon Loss: 1.3309, Time: 0.67s
[INFO] Hypergraph updated at epoch 5
[INFO] Hypergraph updated at epoch 10
[INFO] Hypergraph updated at epoch 15
[INFO] Hypergraph updated at epoch 20
[INFO] Hypergraph updated at epoch 25
[INFO] Hypergraph updated at epoch 30
[INFO] Hypergraph updated at epoch 35
[INFO] Hypergraph updated at epoch 40
[INFO] Hypergraph updated at epoch 45
[INFO] Hypergraph updated at epoch 50

🔧 Epoch 50 梯度检查:
================================================================================

  参数名称                              梯度范数         梯度均值 状态             
  ----------------------------------------------------------------------
  type_relations                0.116450     0.003086 ✅ 正常           
  exist_relation                0.006662     0.000371 ✅ 正常           
  mi_proj_layer0                0.025420     0.000087 ✅ 正常           
  dis_proj_layer0               0.027453     0.000090 ✅ 正常           
================================================================================

Epoch 50, Total Loss: 16.8501, Recover Loss: 1.2744, miRNA CL: 7.8036, Disease CL: 7.4330, Inter-view (est): 3.5162, Recon Loss: 0.0597, Time: 80.09s
[INFO] Hypergraph updated at epoch 100

🔧 Epoch 100 梯度检查:
================================================================================

  参数名称                              梯度范数         梯度均值 状态             
  ----------------------------------------------------------------------
  type_relations                0.381098     0.006530 ✅ 正常           
  exist_relation                0.020497     0.000610 ✅ 正常           
  mi_proj_layer0                0.029832     0.000100 ✅ 正常           
  dis_proj_layer0               0.041054     0.000133 ✅ 正常           
================================================================================

Epoch 100, Total Loss: 15.4527, Recover Loss: 1.2046, miRNA CL: 7.2814, Disease CL: 6.6783, Inter-view (est): 3.2215, Recon Loss: 0.0279, Time: 111.86s
[INFO] Hypergraph updated at epoch 150

🔧 Epoch 150 梯度检查:
================================================================================

  参数名称                              梯度范数         梯度均值 状态             
  ----------------------------------------------------------------------
  type_relations                0.368802     0.006405 ✅ 正常           
  exist_relation                0.023866     0.000687 ✅ 正常           
  mi_proj_layer0                0.030288     0.000096 ✅ 正常           
  dis_proj_layer0               0.036158     0.000116 ✅ 正常           
================================================================================

Epoch 150, Total Loss: 14.6553, Recover Loss: 1.1509, miRNA CL: 6.7711, Disease CL: 6.4520, Inter-view (est): 3.0515, Recon Loss: 0.0278, Time: 143.29s
[INFO] Hypergraph updated at epoch 200

🔧 Epoch 200 梯度检查:
================================================================================

  参数名称                              梯度范数         梯度均值 状态             
  ----------------------------------------------------------------------
  type_relations                0.390153     0.006830 ✅ 正常           
  exist_relation                0.018728     0.000586 ✅ 正常           
  mi_proj_layer0                0.033279     0.000102 ✅ 正常           
  dis_proj_layer0               0.041431     0.000128 ✅ 正常           
================================================================================

Epoch 200, Total Loss: 14.4447, Recover Loss: 1.1230, miRNA CL: 6.6647, Disease CL: 6.3800, Inter-view (est): 3.0103, Recon Loss: 0.0265, Time: 175.24s
[INFO] Hypergraph updated at epoch 250

🔧 Epoch 250 梯度检查:
================================================================================

  参数名称                              梯度范数         梯度均值 状态             
  ----------------------------------------------------------------------
  type_relations                0.360868     0.006008 ✅ 正常           
  exist_relation                0.021936     0.000711 ✅ 正常           
  mi_proj_layer0                0.025624     0.000081 ✅ 正常           
  dis_proj_layer0               0.031723     0.000105 ✅ 正常           
================================================================================

Epoch 250, Total Loss: 14.3059, Recover Loss: 1.0890, miRNA CL: 6.6116, Disease CL: 6.3303, Inter-view (est): 2.9866, Recon Loss: 0.0268, Time: 206.93s
[INFO] Hypergraph updated at epoch 300

🔧 Epoch 300 梯度检查:
================================================================================

  参数名称                              梯度范数         梯度均值 状态             
  ----------------------------------------------------------------------
  type_relations                0.341887     0.005654 ✅ 正常           
  exist_relation                0.022364     0.000628 ✅ 正常           
  mi_proj_layer0                0.022504     0.000073 ✅ 正常           
  dis_proj_layer0               0.031904     0.000101 ✅ 正常           
================================================================================

Epoch 300, Total Loss: 14.2117, Recover Loss: 1.0746, miRNA CL: 6.5770, Disease CL: 6.2882, Inter-view (est): 2.9689, Recon Loss: 0.0262, Time: 239.23s
[INFO] Hypergraph updated at epoch 350

🔧 Epoch 350 梯度检查:
================================================================================

  参数名称                              梯度范数         梯度均值 状态             
  ----------------------------------------------------------------------
  type_relations                0.321253     0.005296 ✅ 正常           
  exist_relation                0.024718     0.000727 ✅ 正常           
  mi_proj_layer0                0.023572     0.000071 ✅ 正常           
  dis_proj_layer0               0.031185     0.000097 ✅ 正常           
================================================================================

Epoch 350, Total Loss: 14.1253, Recover Loss: 1.0571, miRNA CL: 6.5422, Disease CL: 6.2569, Inter-view (est): 2.9536, Recon Loss: 0.0255, Time: 270.90s
[INFO] Hypergraph updated at epoch 400

🔧 Epoch 400 梯度检查:
================================================================================

  参数名称                              梯度范数         梯度均值 状态             
  ----------------------------------------------------------------------
  type_relations                0.309267     0.005301 ✅ 正常           
  exist_relation                0.025373     0.000708 ✅ 正常           
  mi_proj_layer0                0.023769     0.000072 ✅ 正常           
  dis_proj_layer0               0.026903     0.000084 ✅ 正常           
================================================================================

Epoch 400, Total Loss: 14.0451, Recover Loss: 1.0401, miRNA CL: 6.5128, Disease CL: 6.2252, Inter-view (est): 2.9395, Recon Loss: 0.0257, Time: 302.53s
[INFO] Hypergraph updated at epoch 450

🔧 Epoch 450 梯度检查:
================================================================================

  参数名称                              梯度范数         梯度均值 状态             
  ----------------------------------------------------------------------
  type_relations                0.261314     0.004316 ✅ 正常           
  exist_relation                0.022968     0.000637 ✅ 正常           
  mi_proj_layer0                0.021097     0.000064 ✅ 正常           
  dis_proj_layer0               0.025298     0.000079 ✅ 正常           
================================================================================

Epoch 450, Total Loss: 13.9660, Recover Loss: 1.0196, miRNA CL: 6.4898, Disease CL: 6.1929, Inter-view (est): 2.9268, Recon Loss: 0.0250, Time: 334.69s
[INFO] Hypergraph updated at epoch 500

🔧 Epoch 500 梯度检查:
================================================================================

  参数名称                              梯度范数         梯度均值 状态             
  ----------------------------------------------------------------------
  type_relations                0.262497     0.004402 ✅ 正常           
  exist_relation                0.025641     0.000764 ✅ 正常           
  mi_proj_layer0                0.023290     0.000068 ✅ 正常           
  dis_proj_layer0               0.027164     0.000082 ✅ 正常           
================================================================================

Epoch 500, Total Loss: 13.9164, Recover Loss: 1.0125, miRNA CL: 6.4717, Disease CL: 6.1705, Inter-view (est): 2.9174, Recon Loss: 0.0247, Time: 366.64s
[INFO] Hypergraph updated at epoch 550

🔧 Epoch 550 梯度检查:
================================================================================

  参数名称                              梯度范数         梯度均值 状态             
  ----------------------------------------------------------------------
  type_relations                0.241321     0.003957 ✅ 正常           
  exist_relation                0.018253     0.000535 ✅ 正常           
  mi_proj_layer0                0.020434     0.000060 ✅ 正常           
  dis_proj_layer0               0.027137     0.000076 ✅ 正常           
================================================================================

Epoch 550, Total Loss: 13.8619, Recover Loss: 0.9969, miRNA CL: 6.4551, Disease CL: 6.1503, Inter-view (est): 2.9089, Recon Loss: 0.0245, Time: 398.81s
[INFO] Hypergraph updated at epoch 600

🔧 Epoch 600 梯度检查:
================================================================================

  参数名称                              梯度范数         梯度均值 状态             
  ----------------------------------------------------------------------
  type_relations                0.232737     0.003723 ✅ 正常           
  exist_relation                0.018306     0.000583 ✅ 正常           
  mi_proj_layer0                0.022714     0.000065 ✅ 正常           
  dis_proj_layer0               0.024751     0.000073 ✅ 正常           
================================================================================

Epoch 600, Total Loss: 13.8179, Recover Loss: 0.9886, miRNA CL: 6.4411, Disease CL: 6.1299, Inter-view (est): 2.9010, Recon Loss: 0.0253, Time: 431.56s
[INFO] Hypergraph updated at epoch 650

🔧 Epoch 650 梯度检查:
================================================================================

  参数名称                              梯度范数         梯度均值 状态             
  ----------------------------------------------------------------------
  type_relations                0.214919     0.003507 ✅ 正常           
  exist_relation                0.013658     0.000430 ✅ 正常           
  mi_proj_layer0                0.022644     0.000065 ✅ 正常           
  dis_proj_layer0               0.025591     0.000072 ✅ 正常           
================================================================================

Epoch 650, Total Loss: 13.8071, Recover Loss: 0.9823, miRNA CL: 6.4566, Disease CL: 6.1126, Inter-view (est): 2.9006, Recon Loss: 0.0245, Time: 464.11s

================================================================================
Training completed. Running final test...
================================================================================
Fold 1 completed - AUC: 0.9691, Top-1 F1: 0.6224
Fold 1 training time: 465.17 seconds
=== Cross Validation Fold 2/5 ===
Using hidden dimensions: [256, 256] with 4 attention heads
[ABLATION] Running with mode = no_hgcn
优化模型初始化: miRNA数量 = 495, 疾病数量 = 383
   节点维度: 256 → 128
   类型数量: 4
   Temperature: 2.0 (可学习)
   exist_weight=0.100, type_weight=0.900

✅ SimplifiedMultiTypeAssociationLoss 初始化 (改进版)
   类别权重 (beta=0.99999): ['0.780', '1.822', '0.977', '0.421']
Original positive index shape: torch.Size([1072, 2])
Original negative index shape: torch.Size([135416, 2])
采样后负样本数量: 10720
🎯 Building TRUE DUAL VIEWS from four different sources...
📊 Data sources loaded:
  Disease semantic: torch.Size([383, 383])
  miRNA functional: torch.Size([495, 495])
  Disease-gene: torch.Size([383, 383])
  miRNA-sequence: torch.Size([495, 495])
🧬 Building miRNA dual-view hypergraphs...
  📊 miRNA View 1 (Sequence): torch.Size([495, 878])
  📊 miRNA View 2 (Function): torch.Size([495, 878])
🦠 Building disease dual-view hypergraphs...
  📊 Disease View 1 (Gene): torch.Size([383, 878])
  📊 Disease View 2 (Semantic): torch.Size([383, 878])
✅ Successfully built TRUE DUAL VIEWS:
   🧬 miRNA: Sequence Features (m_ss.xlsx) vs Functional Similarity (mi_fun_sim_2.0.csv)
   🦠 Disease: Gene Features (d_gs.xlsx) vs Semantic Similarity (dis_sem_sim_2.0.csv)

🔧 Epoch 1 梯度检查:
================================================================================

  参数名称                              梯度范数         梯度均值 状态             
  ----------------------------------------------------------------------
  type_relations                0.068553     0.002183 ✅ 正常           
  exist_relation                0.054015     0.003070 ✅ 正常           
  mi_proj_layer0                0.160528     0.000473 ✅ 正常           
  dis_proj_layer0               0.188846     0.000552 ✅ 正常           
================================================================================

Epoch 1, Total Loss: 20.2804, Recover Loss: 1.3087, miRNA CL: 8.9224, Disease CL: 8.4057, Inter-view (est): 3.9988, Recon Loss: 1.3455, Time: 0.62s
[INFO] Hypergraph updated at epoch 5
[INFO] Hypergraph updated at epoch 10
[INFO] Hypergraph updated at epoch 15
[INFO] Hypergraph updated at epoch 20
[INFO] Hypergraph updated at epoch 25
[INFO] Hypergraph updated at epoch 30
[INFO] Hypergraph updated at epoch 35
[INFO] Hypergraph updated at epoch 40
[INFO] Hypergraph updated at epoch 45
[INFO] Hypergraph updated at epoch 50

🔧 Epoch 50 梯度检查:
================================================================================

  参数名称                              梯度范数         梯度均值 状态             
  ----------------------------------------------------------------------
  type_relations                0.135738     0.003512 ✅ 正常           
  exist_relation                0.005319     0.000316 ✅ 正常           
  mi_proj_layer0                0.023183     0.000082 ✅ 正常           
  dis_proj_layer0               0.029071     0.000099 ✅ 正常           
================================================================================

Epoch 50, Total Loss: 16.9246, Recover Loss: 1.2727, miRNA CL: 7.8004, Disease CL: 7.4948, Inter-view (est): 3.5297, Recon Loss: 0.0782, Time: 79.39s
[INFO] Hypergraph updated at epoch 100

🔧 Epoch 100 梯度检查:
================================================================================

  参数名称                              梯度范数         梯度均值 状态             
  ----------------------------------------------------------------------
  type_relations                0.386552     0.007425 ✅ 正常           
  exist_relation                0.014224     0.000549 ✅ 正常           
  mi_proj_layer0                0.030658     0.000104 ✅ 正常           
  dis_proj_layer0               0.039410     0.000133 ✅ 正常           
================================================================================

Epoch 100, Total Loss: 15.5012, Recover Loss: 1.1978, miRNA CL: 7.2950, Disease CL: 6.7200, Inter-view (est): 3.2342, Recon Loss: 0.0284, Time: 112.44s
[INFO] Hypergraph updated at epoch 150

🔧 Epoch 150 梯度检查:
================================================================================

  参数名称                              梯度范数         梯度均值 状态             
  ----------------------------------------------------------------------
  type_relations                0.376753     0.007284 ✅ 正常           
  exist_relation                0.013341     0.000530 ✅ 正常           
  mi_proj_layer0                0.029606     0.000103 ✅ 正常           
  dis_proj_layer0               0.037741     0.000130 ✅ 正常           
================================================================================

Epoch 150, Total Loss: 14.7105, Recover Loss: 1.1553, miRNA CL: 6.7711, Disease CL: 6.5036, Inter-view (est): 3.0634, Recon Loss: 0.0275, Time: 144.36s
[INFO] Hypergraph updated at epoch 200

🔧 Epoch 200 梯度检查:
================================================================================

  参数名称                              梯度范数         梯度均值 状态             
  ----------------------------------------------------------------------
  type_relations                0.393264     0.007195 ✅ 正常           
  exist_relation                0.009432     0.000408 ✅ 正常           
  mi_proj_layer0                0.028770     0.000094 ✅ 正常           
  dis_proj_layer0               0.034150     0.000115 ✅ 正常           
================================================================================

Epoch 200, Total Loss: 14.4910, Recover Loss: 1.1233, miRNA CL: 6.6587, Disease CL: 6.4317, Inter-view (est): 3.0209, Recon Loss: 0.0271, Time: 175.81s
[INFO] Hypergraph updated at epoch 250

🔧 Epoch 250 梯度检查:
================================================================================

  参数名称                              梯度范数         梯度均值 状态             
  ----------------------------------------------------------------------
  type_relations                0.349887     0.006629 ✅ 正常           
  exist_relation                0.012976     0.000487 ✅ 正常           
  mi_proj_layer0                0.024820     0.000085 ✅ 正常           
  dis_proj_layer0               0.030818     0.000107 ✅ 正常           
================================================================================

Epoch 250, Total Loss: 14.3648, Recover Loss: 1.0978, miRNA CL: 6.6130, Disease CL: 6.3797, Inter-view (est): 2.9983, Recon Loss: 0.0261, Time: 207.19s
[INFO] Hypergraph updated at epoch 300

🔧 Epoch 300 梯度检查:
================================================================================

  参数名称                              梯度范数         梯度均值 状态             
  ----------------------------------------------------------------------
  type_relations                0.335700     0.006296 ✅ 正常           
  exist_relation                0.009967     0.000402 ✅ 正常           
  mi_proj_layer0                0.026328     0.000088 ✅ 正常           
  dis_proj_layer0               0.032430     0.000107 ✅ 正常           
================================================================================

Epoch 300, Total Loss: 14.2627, Recover Loss: 1.0779, miRNA CL: 6.5771, Disease CL: 6.3353, Inter-view (est): 2.9798, Recon Loss: 0.0264, Time: 240.16s
[INFO] Hypergraph updated at epoch 350

🔧 Epoch 350 梯度检查:
================================================================================

  参数名称                              梯度范数         梯度均值 状态             
  ----------------------------------------------------------------------
  type_relations                0.287815     0.005392 ✅ 正常           
  exist_relation                0.013905     0.000522 ✅ 正常           
  mi_proj_layer0                0.022821     0.000074 ✅ 正常           
  dis_proj_layer0               0.028168     0.000094 ✅ 正常           
================================================================================

Epoch 350, Total Loss: 14.1649, Recover Loss: 1.0588, miRNA CL: 6.5421, Disease CL: 6.2944, Inter-view (est): 2.9623, Recon Loss: 0.0260, Time: 272.08s
[INFO] Hypergraph updated at epoch 400

🔧 Epoch 400 梯度检查:
================================================================================

  参数名称                              梯度范数         梯度均值 状态             
  ----------------------------------------------------------------------
  type_relations                0.275999     0.005105 ✅ 正常           
  exist_relation                0.010928     0.000422 ✅ 正常           
  mi_proj_layer0                0.021448     0.000069 ✅ 正常           
  dis_proj_layer0               0.029270     0.000092 ✅ 正常           
================================================================================

Epoch 400, Total Loss: 14.1110, Recover Loss: 1.0409, miRNA CL: 6.5446, Disease CL: 6.2586, Inter-view (est): 2.9546, Recon Loss: 0.0256, Time: 304.79s
[INFO] Hypergraph updated at epoch 450

🔧 Epoch 450 梯度检查:
================================================================================

  参数名称                              梯度范数         梯度均值 状态             
  ----------------------------------------------------------------------
  type_relations                0.289773     0.005313 ✅ 正常           
  exist_relation                0.014451     0.000532 ✅ 正常           
  mi_proj_layer0                0.026439     0.000078 ✅ 正常           
  dis_proj_layer0               0.035073     0.000103 ✅ 正常           
================================================================================

Epoch 450, Total Loss: 14.0410, Recover Loss: 1.0385, miRNA CL: 6.5000, Disease CL: 6.2369, Inter-view (est): 2.9393, Recon Loss: 0.0258, Time: 337.13s
[INFO] Hypergraph updated at epoch 500

🔧 Epoch 500 梯度检查:
================================================================================

  参数名称                              梯度范数         梯度均值 状态             
  ----------------------------------------------------------------------
  type_relations                0.273584     0.005060 ✅ 正常           
  exist_relation                0.017487     0.000608 ✅ 正常           
  mi_proj_layer0                0.020043     0.000065 ✅ 正常           
  dis_proj_layer0               0.028350     0.000091 ✅ 正常           
================================================================================

Epoch 500, Total Loss: 13.9848, Recover Loss: 1.0257, miRNA CL: 6.4801, Disease CL: 6.2152, Inter-view (est): 2.9297, Recon Loss: 0.0257, Time: 369.11s
[INFO] Hypergraph updated at epoch 550

🔧 Epoch 550 梯度检查:
================================================================================

  参数名称                              梯度范数         梯度均值 状态             
  ----------------------------------------------------------------------
  type_relations                0.218559     0.004011 ✅ 正常           
  exist_relation                0.019704     0.000693 ✅ 正常           
  mi_proj_layer0                0.021272     0.000064 ✅ 正常           
  dis_proj_layer0               0.025502     0.000077 ✅ 正常           
================================================================================

Epoch 550, Total Loss: 13.9198, Recover Loss: 1.0062, miRNA CL: 6.4597, Disease CL: 6.1923, Inter-view (est): 2.9197, Recon Loss: 0.0255, Time: 401.04s
[INFO] Hypergraph updated at epoch 600

🔧 Epoch 600 梯度检查:
================================================================================

  参数名称                              梯度范数         梯度均值 状态             
  ----------------------------------------------------------------------
  type_relations                0.222168     0.003835 ✅ 正常           
  exist_relation                0.015117     0.000476 ✅ 正常           
  mi_proj_layer0                0.021809     0.000065 ✅ 正常           
  dis_proj_layer0               0.029366     0.000084 ✅ 正常           
================================================================================

Epoch 600, Total Loss: 13.8683, Recover Loss: 0.9971, miRNA CL: 6.4433, Disease CL: 6.1688, Inter-view (est): 2.9105, Recon Loss: 0.0251, Time: 433.41s
[INFO] Hypergraph updated at epoch 650

🔧 Epoch 650 梯度检查:
================================================================================

  参数名称                              梯度范数         梯度均值 状态             
  ----------------------------------------------------------------------
  type_relations                0.186169     0.003309 ✅ 正常           
  exist_relation                0.013305     0.000446 ✅ 正常           
  mi_proj_layer0                0.020073     0.000057 ✅ 正常           
  dis_proj_layer0               0.023787     0.000071 ✅ 正常           
================================================================================

Epoch 650, Total Loss: 13.8123, Recover Loss: 0.9831, miRNA CL: 6.4267, Disease CL: 6.1457, Inter-view (est): 2.9013, Recon Loss: 0.0250, Time: 465.14s

================================================================================
Training completed. Running final test...
================================================================================
Fold 2 completed - AUC: 0.9611, Top-1 F1: 0.5829
Fold 2 training time: 465.94 seconds
=== Cross Validation Fold 3/5 ===
Using hidden dimensions: [256, 256] with 4 attention heads
[ABLATION] Running with mode = no_hgcn
优化模型初始化: miRNA数量 = 495, 疾病数量 = 383
   节点维度: 256 → 128
   类型数量: 4
   Temperature: 2.0 (可学习)
   exist_weight=0.100, type_weight=0.900

✅ SimplifiedMultiTypeAssociationLoss 初始化 (改进版)
   类别权重 (beta=0.99999): ['0.780', '1.822', '0.977', '0.421']
Original positive index shape: torch.Size([1072, 2])
Original negative index shape: torch.Size([135416, 2])
采样后负样本数量: 10720
🎯 Building TRUE DUAL VIEWS from four different sources...
📊 Data sources loaded:
  Disease semantic: torch.Size([383, 383])
  miRNA functional: torch.Size([495, 495])
  Disease-gene: torch.Size([383, 383])
  miRNA-sequence: torch.Size([495, 495])
🧬 Building miRNA dual-view hypergraphs...
  📊 miRNA View 1 (Sequence): torch.Size([495, 878])
  📊 miRNA View 2 (Function): torch.Size([495, 878])
🦠 Building disease dual-view hypergraphs...
  📊 Disease View 1 (Gene): torch.Size([383, 878])
  📊 Disease View 2 (Semantic): torch.Size([383, 878])
✅ Successfully built TRUE DUAL VIEWS:
   🧬 miRNA: Sequence Features (m_ss.xlsx) vs Functional Similarity (mi_fun_sim_2.0.csv)
   🦠 Disease: Gene Features (d_gs.xlsx) vs Semantic Similarity (dis_sem_sim_2.0.csv)

🔧 Epoch 1 梯度检查:
================================================================================

  参数名称                              梯度范数         梯度均值 状态             
  ----------------------------------------------------------------------
  type_relations                0.073608     0.002462 ✅ 正常           
  exist_relation                0.083062     0.004814 ✅ 正常           
  mi_proj_layer0                0.293462     0.000862 ✅ 正常           
  dis_proj_layer0               0.287330     0.000916 ✅ 正常           
================================================================================

Epoch 1, Total Loss: 20.3922, Recover Loss: 1.3187, miRNA CL: 9.0674, Disease CL: 8.4185, Inter-view (est): 4.0352, Recon Loss: 1.2900, Time: 0.66s
[INFO] Hypergraph updated at epoch 5
[INFO] Hypergraph updated at epoch 10
[INFO] Hypergraph updated at epoch 15
[INFO] Hypergraph updated at epoch 20
[INFO] Hypergraph updated at epoch 25
[INFO] Hypergraph updated at epoch 30
[INFO] Hypergraph updated at epoch 35
[INFO] Hypergraph updated at epoch 40
[INFO] Hypergraph updated at epoch 45
[INFO] Hypergraph updated at epoch 50

🔧 Epoch 50 梯度检查:
================================================================================

  参数名称                              梯度范数         梯度均值 状态             
  ----------------------------------------------------------------------
  type_relations                0.125428     0.003331 ✅ 正常           
  exist_relation                0.008334     0.000459 ✅ 正常           
  mi_proj_layer0                0.023738     0.000082 ✅ 正常           
  dis_proj_layer0               0.032987     0.000108 ✅ 正常           
================================================================================

Epoch 50, Total Loss: 16.8529, Recover Loss: 1.2736, miRNA CL: 7.7989, Disease CL: 7.4374, Inter-view (est): 3.5161, Recon Loss: 0.0643, Time: 78.89s
[INFO] Hypergraph updated at epoch 100

🔧 Epoch 100 梯度检查:
================================================================================

  参数名称                              梯度范数         梯度均值 状态             
  ----------------------------------------------------------------------
  type_relations                0.363122     0.006270 ✅ 正常           
  exist_relation                0.021220     0.000690 ✅ 正常           
  mi_proj_layer0                0.028777     0.000098 ✅ 正常           
  dis_proj_layer0               0.036663     0.000122 ✅ 正常           
================================================================================

Epoch 100, Total Loss: 15.5238, Recover Loss: 1.2026, miRNA CL: 7.2778, Disease CL: 6.7550, Inter-view (est): 3.2383, Recon Loss: 0.0278, Time: 111.49s
[INFO] Hypergraph updated at epoch 150

🔧 Epoch 150 梯度检查:
================================================================================

  参数名称                              梯度范数         梯度均值 状态             
  ----------------------------------------------------------------------
  type_relations                0.364242     0.006894 ✅ 正常           
  exist_relation                0.018740     0.000646 ✅ 正常           
  mi_proj_layer0                0.033918     0.000110 ✅ 正常           
  dis_proj_layer0               0.041475     0.000138 ✅ 正常           
================================================================================

Epoch 150, Total Loss: 14.7371, Recover Loss: 1.1551, miRNA CL: 6.7827, Disease CL: 6.5179, Inter-view (est): 3.0694, Recon Loss: 0.0274, Time: 143.20s
[INFO] Hypergraph updated at epoch 200

🔧 Epoch 200 梯度检查:
================================================================================

  参数名称                              梯度范数         梯度均值 状态             
  ----------------------------------------------------------------------
  type_relations                0.380675     0.007132 ✅ 正常           
  exist_relation                0.020041     0.000707 ✅ 正常           
  mi_proj_layer0                0.028621     0.000098 ✅ 正常           
  dis_proj_layer0               0.042516     0.000141 ✅ 正常           
================================================================================

Epoch 200, Total Loss: 14.4990, Recover Loss: 1.1193, miRNA CL: 6.6660, Disease CL: 6.4359, Inter-view (est): 3.0235, Recon Loss: 0.0265, Time: 175.64s
[INFO] Hypergraph updated at epoch 250

🔧 Epoch 250 梯度检查:
================================================================================

  参数名称                              梯度范数         梯度均值 状态             
  ----------------------------------------------------------------------
  type_relations                0.327327     0.006435 ✅ 正常           
  exist_relation                0.020301     0.000775 ✅ 正常           
  mi_proj_layer0                0.026254     0.000088 ✅ 正常           
  dis_proj_layer0               0.034020     0.000114 ✅ 正常           
================================================================================

Epoch 250, Total Loss: 14.3572, Recover Loss: 1.0936, miRNA CL: 6.6064, Disease CL: 6.3815, Inter-view (est): 2.9972, Recon Loss: 0.0266, Time: 207.36s
[INFO] Hypergraph updated at epoch 300

🔧 Epoch 300 梯度检查:
================================================================================

  参数名称                              梯度范数         梯度均值 状态             
  ----------------------------------------------------------------------
  type_relations                0.300660     0.005875 ✅ 正常           
  exist_relation                0.026235     0.000908 ✅ 正常           
  mi_proj_layer0                0.025016     0.000082 ✅ 正常           
  dis_proj_layer0               0.032147     0.000105 ✅ 正常           
================================================================================

Epoch 300, Total Loss: 14.2508, Recover Loss: 1.0754, miRNA CL: 6.5686, Disease CL: 6.3342, Inter-view (est): 2.9776, Recon Loss: 0.0257, Time: 239.54s
[INFO] Hypergraph updated at epoch 350

🔧 Epoch 350 梯度检查:
================================================================================

  参数名称                              梯度范数         梯度均值 状态             
  ----------------------------------------------------------------------
  type_relations                0.303088     0.005765 ✅ 正常           
  exist_relation                0.025059     0.000889 ✅ 正常           
  mi_proj_layer0                0.028765     0.000087 ✅ 正常           
  dis_proj_layer0               0.040952     0.000123 ✅ 正常           
================================================================================

Epoch 350, Total Loss: 14.1847, Recover Loss: 1.0664, miRNA CL: 6.5454, Disease CL: 6.3019, Inter-view (est): 2.9647, Recon Loss: 0.0258, Time: 271.31s
[INFO] Hypergraph updated at epoch 400

🔧 Epoch 400 梯度检查:
================================================================================

  参数名称                              梯度范数         梯度均值 状态             
  ----------------------------------------------------------------------
  type_relations                0.262943     0.005012 ✅ 正常           
  exist_relation                0.029631     0.001024 ✅ 正常           
  mi_proj_layer0                0.023023     0.000073 ✅ 正常           
  dis_proj_layer0               0.028589     0.000091 ✅ 正常           
================================================================================

Epoch 400, Total Loss: 14.1023, Recover Loss: 1.0442, miRNA CL: 6.5181, Disease CL: 6.2714, Inter-view (est): 2.9514, Recon Loss: 0.0253, Time: 303.17s
[INFO] Hypergraph updated at epoch 450

🔧 Epoch 450 梯度检查:
================================================================================

  参数名称                              梯度范数         梯度均值 状态             
  ----------------------------------------------------------------------
  type_relations                0.255210     0.004810 ✅ 正常           
  exist_relation                0.027492     0.000953 ✅ 正常           
  mi_proj_layer0                0.025389     0.000077 ✅ 正常           
  dis_proj_layer0               0.028360     0.000090 ✅ 正常           
================================================================================

Epoch 450, Total Loss: 14.0276, Recover Loss: 1.0271, miRNA CL: 6.4928, Disease CL: 6.2414, Inter-view (est): 2.9387, Recon Loss: 0.0250, Time: 335.74s
[INFO] Hypergraph updated at epoch 500

🔧 Epoch 500 梯度检查:
================================================================================

  参数名称                              梯度范数         梯度均值 状态             
  ----------------------------------------------------------------------
  type_relations                0.238424     0.004190 ✅ 正常           
  exist_relation                0.028673     0.000895 ✅ 正常           
  mi_proj_layer0                0.026382     0.000077 ✅ 正常           
  dis_proj_layer0               0.030637     0.000093 ✅ 正常           
================================================================================

Epoch 500, Total Loss: 13.9622, Recover Loss: 1.0157, miRNA CL: 6.4701, Disease CL: 6.2125, Inter-view (est): 2.9267, Recon Loss: 0.0249, Time: 367.50s
[INFO] Hypergraph updated at epoch 550

🔧 Epoch 550 梯度检查:
================================================================================

  参数名称                              梯度范数         梯度均值 状态             
  ----------------------------------------------------------------------
  type_relations                0.197260     0.003677 ✅ 正常           
  exist_relation                0.032535     0.000935 ✅ 正常           
  mi_proj_layer0                0.020951     0.000066 ✅ 正常           
  dis_proj_layer0               0.025011     0.000078 ✅ 正常           
================================================================================

Epoch 550, Total Loss: 13.9392, Recover Loss: 1.0052, miRNA CL: 6.4875, Disease CL: 6.1850, Inter-view (est): 2.9244, Recon Loss: 0.0247, Time: 399.57s
[INFO] Hypergraph updated at epoch 600

🔧 Epoch 600 梯度检查:
================================================================================

  参数名称                              梯度范数         梯度均值 状态             
  ----------------------------------------------------------------------
  type_relations                0.188636     0.003305 ✅ 正常           
  exist_relation                0.026572     0.000819 ✅ 正常           
  mi_proj_layer0                0.021802     0.000064 ✅ 正常           
  dis_proj_layer0               0.027234     0.000080 ✅ 正常           
================================================================================

Epoch 600, Total Loss: 13.8633, Recover Loss: 0.9933, miRNA CL: 6.4444, Disease CL: 6.1663, Inter-view (est): 2.9102, Recon Loss: 0.0242, Time: 432.52s
[INFO] Hypergraph updated at epoch 650

🔧 Epoch 650 梯度检查:
================================================================================

  参数名称                              梯度范数         梯度均值 状态             
  ----------------------------------------------------------------------
  type_relations                0.201299     0.003488 ✅ 正常           
  exist_relation                0.023796     0.000770 ✅ 正常           
  mi_proj_layer0                0.022411     0.000064 ✅ 正常           
  dis_proj_layer0               0.028095     0.000077 ✅ 正常           
================================================================================

Epoch 650, Total Loss: 13.8164, Recover Loss: 0.9841, miRNA CL: 6.4264, Disease CL: 6.1483, Inter-view (est): 2.9019, Recon Loss: 0.0242, Time: 464.27s

================================================================================
Training completed. Running final test...
================================================================================
Fold 3 completed - AUC: 0.9585, Top-1 F1: 0.5948
Fold 3 training time: 465.05 seconds
=== Cross Validation Fold 4/5 ===
Using hidden dimensions: [256, 256] with 4 attention heads
[ABLATION] Running with mode = no_hgcn
优化模型初始化: miRNA数量 = 495, 疾病数量 = 383
   节点维度: 256 → 128
   类型数量: 4
   Temperature: 2.0 (可学习)
   exist_weight=0.100, type_weight=0.900

✅ SimplifiedMultiTypeAssociationLoss 初始化 (改进版)
   类别权重 (beta=0.99999): ['0.780', '1.822', '0.977', '0.421']
Original positive index shape: torch.Size([1072, 2])
Original negative index shape: torch.Size([135416, 2])
采样后负样本数量: 10720
🎯 Building TRUE DUAL VIEWS from four different sources...
📊 Data sources loaded:
  Disease semantic: torch.Size([383, 383])
  miRNA functional: torch.Size([495, 495])
  Disease-gene: torch.Size([383, 383])
  miRNA-sequence: torch.Size([495, 495])
🧬 Building miRNA dual-view hypergraphs...
  📊 miRNA View 1 (Sequence): torch.Size([495, 878])
  📊 miRNA View 2 (Function): torch.Size([495, 878])
🦠 Building disease dual-view hypergraphs...
  📊 Disease View 1 (Gene): torch.Size([383, 878])
  📊 Disease View 2 (Semantic): torch.Size([383, 878])
✅ Successfully built TRUE DUAL VIEWS:
   🧬 miRNA: Sequence Features (m_ss.xlsx) vs Functional Similarity (mi_fun_sim_2.0.csv)
   🦠 Disease: Gene Features (d_gs.xlsx) vs Semantic Similarity (dis_sem_sim_2.0.csv)

🔧 Epoch 1 梯度检查:
================================================================================

  参数名称                              梯度范数         梯度均值 状态             
  ----------------------------------------------------------------------
  type_relations                0.066737     0.002123 ✅ 正常           
  exist_relation                0.068036     0.003940 ✅ 正常           
  mi_proj_layer0                0.262053     0.000732 ✅ 正常           
  dis_proj_layer0               0.229843     0.000768 ✅ 正常           
================================================================================

Epoch 1, Total Loss: 20.3708, Recover Loss: 1.3188, miRNA CL: 9.0777, Disease CL: 8.4265, Inter-view (est): 4.0394, Recon Loss: 1.2496, Time: 0.66s
[INFO] Hypergraph updated at epoch 5
[INFO] Hypergraph updated at epoch 10
[INFO] Hypergraph updated at epoch 15
[INFO] Hypergraph updated at epoch 20
[INFO] Hypergraph updated at epoch 25
[INFO] Hypergraph updated at epoch 30
[INFO] Hypergraph updated at epoch 35
[INFO] Hypergraph updated at epoch 40
[INFO] Hypergraph updated at epoch 45
[INFO] Hypergraph updated at epoch 50

🔧 Epoch 50 梯度检查:
================================================================================

  参数名称                              梯度范数         梯度均值 状态             
  ----------------------------------------------------------------------
  type_relations                0.157012     0.003971 ✅ 正常           
  exist_relation                0.007311     0.000419 ✅ 正常           
  mi_proj_layer0                0.022068     0.000079 ✅ 正常           
  dis_proj_layer0               0.033204     0.000108 ✅ 正常           
================================================================================

Epoch 50, Total Loss: 16.9130, Recover Loss: 1.2692, miRNA CL: 7.7741, Disease CL: 7.5441, Inter-view (est): 3.5350, Recon Loss: 0.0472, Time: 71.30s
[INFO] Hypergraph updated at epoch 100

🔧 Epoch 100 梯度检查:
================================================================================

  参数名称                              梯度范数         梯度均值 状态             
  ----------------------------------------------------------------------
  type_relations                0.358164     0.006235 ✅ 正常           
  exist_relation                0.026973     0.000807 ✅ 正常           
  mi_proj_layer0                0.026223     0.000084 ✅ 正常           
  dis_proj_layer0               0.036011     0.000121 ✅ 正常           
================================================================================

Epoch 100, Total Loss: 15.4463, Recover Loss: 1.2022, miRNA CL: 7.1520, Disease CL: 6.8006, Inter-view (est): 3.2198, Recon Loss: 0.0302, Time: 103.42s
[INFO] Hypergraph updated at epoch 150

🔧 Epoch 150 梯度检查:
================================================================================

  参数名称                              梯度范数         梯度均值 状态             
  ----------------------------------------------------------------------
  type_relations                0.372571     0.006471 ✅ 正常           
  exist_relation                0.024168     0.000757 ✅ 正常           
  mi_proj_layer0                0.027611     0.000090 ✅ 正常           
  dis_proj_layer0               0.034256     0.000113 ✅ 正常           
================================================================================

Epoch 150, Total Loss: 14.8462, Recover Loss: 1.1690, miRNA CL: 6.7879, Disease CL: 6.6048, Inter-view (est): 3.0906, Recon Loss: 0.0285, Time: 134.91s
[INFO] Hypergraph updated at epoch 200

🔧 Epoch 200 梯度检查:
================================================================================

  参数名称                              梯度范数         梯度均值 状态             
  ----------------------------------------------------------------------
  type_relations                0.360815     0.006640 ✅ 正常           
  exist_relation                0.019328     0.000562 ✅ 正常           
  mi_proj_layer0                0.027797     0.000090 ✅ 正常           
  dis_proj_layer0               0.033712     0.000115 ✅ 正常           
================================================================================

Epoch 200, Total Loss: 14.6565, Recover Loss: 1.1525, miRNA CL: 6.7083, Disease CL: 6.5145, Inter-view (est): 3.0514, Recon Loss: 0.0275, Time: 167.15s
[INFO] Hypergraph updated at epoch 250

🔧 Epoch 250 梯度检查:
================================================================================

  参数名称                              梯度范数         梯度均值 状态             
  ----------------------------------------------------------------------
  type_relations                0.382647     0.006636 ✅ 正常           
  exist_relation                0.024950     0.000839 ✅ 正常           
  mi_proj_layer0                0.027972     0.000091 ✅ 正常           
  dis_proj_layer0               0.033095     0.000112 ✅ 正常           
================================================================================

Epoch 250, Total Loss: 14.4712, Recover Loss: 1.1098, miRNA CL: 6.6535, Disease CL: 6.4292, Inter-view (est): 3.0191, Recon Loss: 0.0273, Time: 199.89s
[INFO] Hypergraph updated at epoch 300

🔧 Epoch 300 梯度检查:
================================================================================

  参数名称                              梯度范数         梯度均值 状态             
  ----------------------------------------------------------------------
  type_relations                0.380295     0.006168 ✅ 正常           
  exist_relation                0.019583     0.000597 ✅ 正常           
  mi_proj_layer0                0.026923     0.000082 ✅ 正常           
  dis_proj_layer0               0.036175     0.000110 ✅ 正常           
================================================================================

Epoch 300, Total Loss: 14.3297, Recover Loss: 1.0874, miRNA CL: 6.6060, Disease CL: 6.3606, Inter-view (est): 2.9923, Recon Loss: 0.0269, Time: 231.18s
[INFO] Hypergraph updated at epoch 350

🔧 Epoch 350 梯度检查:
================================================================================

  参数名称                              梯度范数         梯度均值 状态             
  ----------------------------------------------------------------------
  type_relations                0.301787     0.005217 ✅ 正常           
  exist_relation                0.015131     0.000563 ✅ 正常           
  mi_proj_layer0                0.022387     0.000072 ✅ 正常           
  dis_proj_layer0               0.033800     0.000102 ✅ 正常           
================================================================================

Epoch 350, Total Loss: 14.2154, Recover Loss: 1.0683, miRNA CL: 6.5674, Disease CL: 6.3074, Inter-view (est): 2.9711, Recon Loss: 0.0264, Time: 263.45s
[INFO] Hypergraph updated at epoch 400

🔧 Epoch 400 梯度检查:
================================================================================

  参数名称                              梯度范数         梯度均值 状态             
  ----------------------------------------------------------------------
  type_relations                0.284987     0.004863 ✅ 正常           
  exist_relation                0.013055     0.000453 ✅ 正常           
  mi_proj_layer0                0.024491     0.000071 ✅ 正常           
  dis_proj_layer0               0.031266     0.000090 ✅ 正常           
================================================================================

Epoch 400, Total Loss: 14.0995, Recover Loss: 1.0454, miRNA CL: 6.5251, Disease CL: 6.2601, Inter-view (est): 2.9504, Recon Loss: 0.0261, Time: 296.01s
[INFO] Hypergraph updated at epoch 450

🔧 Epoch 450 梯度检查:
================================================================================

  参数名称                              梯度范数         梯度均值 状态             
  ----------------------------------------------------------------------
  type_relations                0.275864     0.004657 ✅ 正常           
  exist_relation                0.015764     0.000566 ✅ 正常           
  mi_proj_layer0                0.027934     0.000078 ✅ 正常           
  dis_proj_layer0               0.029618     0.000088 ✅ 正常           
================================================================================

Epoch 450, Total Loss: 14.0393, Recover Loss: 1.0361, miRNA CL: 6.5154, Disease CL: 6.2214, Inter-view (est): 2.9393, Recon Loss: 0.0264, Time: 327.63s
[INFO] Hypergraph updated at epoch 500

🔧 Epoch 500 梯度检查:
================================================================================

  参数名称                              梯度范数         梯度均值 状态             
  ----------------------------------------------------------------------
  type_relations                0.226392     0.003854 ✅ 正常           
  exist_relation                0.012701     0.000443 ✅ 正常           
  mi_proj_layer0                0.023931     0.000068 ✅ 正常           
  dis_proj_layer0               0.024050     0.000072 ✅ 正常           
================================================================================

Epoch 500, Total Loss: 13.9527, Recover Loss: 1.0143, miRNA CL: 6.4781, Disease CL: 6.1969, Inter-view (est): 2.9250, Recon Loss: 0.0257, Time: 359.18s
[INFO] Hypergraph updated at epoch 550

🔧 Epoch 550 梯度检查:
================================================================================

  参数名称                              梯度范数         梯度均值 状态             
  ----------------------------------------------------------------------
  type_relations                0.202994     0.003402 ✅ 正常           
  exist_relation                0.016790     0.000572 ✅ 正常           
  mi_proj_layer0                0.020565     0.000059 ✅ 正常           
  dis_proj_layer0               0.022986     0.000068 ✅ 正常           
================================================================================

Epoch 550, Total Loss: 13.8953, Recover Loss: 1.0010, miRNA CL: 6.4609, Disease CL: 6.1729, Inter-view (est): 2.9155, Recon Loss: 0.0251, Time: 390.80s
[INFO] Hypergraph updated at epoch 600

🔧 Epoch 600 梯度检查:
================================================================================

  参数名称                              梯度范数         梯度均值 状态             
  ----------------------------------------------------------------------
  type_relations                0.184335     0.003088 ✅ 正常           
  exist_relation                0.017588     0.000599 ✅ 正常           
  mi_proj_layer0                0.018451     0.000053 ✅ 正常           
  dis_proj_layer0               0.025039     0.000072 ✅ 正常           
================================================================================

Epoch 600, Total Loss: 13.8477, Recover Loss: 0.9968, miRNA CL: 6.4424, Disease CL: 6.1504, Inter-view (est): 2.9060, Recon Loss: 0.0252, Time: 422.34s
[INFO] Hypergraph updated at epoch 650

🔧 Epoch 650 梯度检查:
================================================================================

  参数名称                              梯度范数         梯度均值 状态             
  ----------------------------------------------------------------------
  type_relations                0.160544     0.002787 ✅ 正常           
  exist_relation                0.018770     0.000616 ✅ 正常           
  mi_proj_layer0                0.020436     0.000058 ✅ 正常           
  dis_proj_layer0               0.024265     0.000067 ✅ 正常           
================================================================================

Epoch 650, Total Loss: 13.7930, Recover Loss: 0.9854, miRNA CL: 6.4234, Disease CL: 6.1283, Inter-view (est): 2.8965, Recon Loss: 0.0254, Time: 454.83s

================================================================================
Training completed. Running final test...
================================================================================
Fold 4 completed - AUC: 0.9638, Top-1 F1: 0.6308
Fold 4 training time: 455.59 seconds
=== Cross Validation Fold 5/5 ===
Using hidden dimensions: [256, 256] with 4 attention heads
[ABLATION] Running with mode = no_hgcn
优化模型初始化: miRNA数量 = 495, 疾病数量 = 383
   节点维度: 256 → 128
   类型数量: 4
   Temperature: 2.0 (可学习)
   exist_weight=0.100, type_weight=0.900

✅ SimplifiedMultiTypeAssociationLoss 初始化 (改进版)
   类别权重 (beta=0.99999): ['0.780', '1.822', '0.977', '0.421']
Original positive index shape: torch.Size([1072, 2])
Original negative index shape: torch.Size([135416, 2])
采样后负样本数量: 10720
🎯 Building TRUE DUAL VIEWS from four different sources...
📊 Data sources loaded:
  Disease semantic: torch.Size([383, 383])
  miRNA functional: torch.Size([495, 495])
  Disease-gene: torch.Size([383, 383])
  miRNA-sequence: torch.Size([495, 495])
🧬 Building miRNA dual-view hypergraphs...
  📊 miRNA View 1 (Sequence): torch.Size([495, 878])
  📊 miRNA View 2 (Function): torch.Size([495, 878])
🦠 Building disease dual-view hypergraphs...
  📊 Disease View 1 (Gene): torch.Size([383, 878])
  📊 Disease View 2 (Semantic): torch.Size([383, 878])
✅ Successfully built TRUE DUAL VIEWS:
   🧬 miRNA: Sequence Features (m_ss.xlsx) vs Functional Similarity (mi_fun_sim_2.0.csv)
   🦠 Disease: Gene Features (d_gs.xlsx) vs Semantic Similarity (dis_sem_sim_2.0.csv)

🔧 Epoch 1 梯度检查:
================================================================================

  参数名称                              梯度范数         梯度均值 状态             
  ----------------------------------------------------------------------
  type_relations                0.066946     0.002135 ✅ 正常           
  exist_relation                0.068098     0.004096 ✅ 正常           
  mi_proj_layer0                0.342028     0.000950 ✅ 正常           
  dis_proj_layer0               0.310659     0.000864 ✅ 正常           
================================================================================

Epoch 1, Total Loss: 20.3820, Recover Loss: 1.3265, miRNA CL: 9.0598, Disease CL: 8.4088, Inter-view (est): 4.0312, Recon Loss: 1.2891, Time: 0.63s
[INFO] Hypergraph updated at epoch 5
[INFO] Hypergraph updated at epoch 10
[INFO] Hypergraph updated at epoch 15
[INFO] Hypergraph updated at epoch 20
[INFO] Hypergraph updated at epoch 25
[INFO] Hypergraph updated at epoch 30
[INFO] Hypergraph updated at epoch 35
[INFO] Hypergraph updated at epoch 40
[INFO] Hypergraph updated at epoch 45
[INFO] Hypergraph updated at epoch 50

🔧 Epoch 50 梯度检查:
================================================================================

  参数名称                              梯度范数         梯度均值 状态             
  ----------------------------------------------------------------------
  type_relations                0.115845     0.002980 ✅ 正常           
  exist_relation                0.009864     0.000472 ✅ 正常           
  mi_proj_layer0                0.024738     0.000082 ✅ 正常           
  dis_proj_layer0               0.025673     0.000091 ✅ 正常           
================================================================================

Epoch 50, Total Loss: 16.8695, Recover Loss: 1.2758, miRNA CL: 7.7754, Disease CL: 7.4851, Inter-view (est): 3.5217, Recon Loss: 0.0546, Time: 77.11s
[INFO] Hypergraph updated at epoch 100

🔧 Epoch 100 梯度检查:
================================================================================

  参数名称                              梯度范数         梯度均值 状态             
  ----------------------------------------------------------------------
  type_relations                0.324347     0.006220 ✅ 正常           
  exist_relation                0.013434     0.000436 ✅ 正常           
  mi_proj_layer0                0.030002     0.000103 ✅ 正常           
  dis_proj_layer0               0.037732     0.000130 ✅ 正常           
================================================================================

Epoch 100, Total Loss: 15.4906, Recover Loss: 1.2110, miRNA CL: 7.2337, Disease CL: 6.7574, Inter-view (est): 3.2287, Recon Loss: 0.0282, Time: 109.07s
[INFO] Hypergraph updated at epoch 150

🔧 Epoch 150 梯度检查:
================================================================================

  参数名称                              梯度范数         梯度均值 状态             
  ----------------------------------------------------------------------
  type_relations                0.399597     0.007019 ✅ 正常           
  exist_relation                0.015787     0.000452 ✅ 正常           
  mi_proj_layer0                0.030688     0.000099 ✅ 正常           
  dis_proj_layer0               0.037476     0.000124 ✅ 正常           
================================================================================

Epoch 150, Total Loss: 14.7335, Recover Loss: 1.1411, miRNA CL: 6.7481, Disease CL: 6.5633, Inter-view (est): 3.0718, Recon Loss: 0.0271, Time: 140.82s
[INFO] Hypergraph updated at epoch 200

🔧 Epoch 200 梯度检查:
================================================================================

  参数名称                              梯度范数         梯度均值 状态             
  ----------------------------------------------------------------------
  type_relations                0.389242     0.006454 ✅ 正常           
  exist_relation                0.013885     0.000463 ✅ 正常           
  mi_proj_layer0                0.030832     0.000093 ✅ 正常           
  dis_proj_layer0               0.031817     0.000105 ✅ 正常           
================================================================================

Epoch 200, Total Loss: 14.5244, Recover Loss: 1.1156, miRNA CL: 6.6518, Disease CL: 6.4782, Inter-view (est): 3.0300, Recon Loss: 0.0272, Time: 172.35s
[INFO] Hypergraph updated at epoch 250

🔧 Epoch 250 梯度检查:
================================================================================

  参数名称                              梯度范数         梯度均值 状态             
  ----------------------------------------------------------------------
  type_relations                0.364718     0.006107 ✅ 正常           
  exist_relation                0.015701     0.000517 ✅ 正常           
  mi_proj_layer0                0.023407     0.000078 ✅ 正常           
  dis_proj_layer0               0.028205     0.000094 ✅ 正常           
================================================================================

Epoch 250, Total Loss: 14.3857, Recover Loss: 1.0998, miRNA CL: 6.6059, Disease CL: 6.4045, Inter-view (est): 3.0024, Recon Loss: 0.0264, Time: 203.97s
[INFO] Hypergraph updated at epoch 300

🔧 Epoch 300 梯度检查:
================================================================================

  参数名称                              梯度范数         梯度均值 状态             
  ----------------------------------------------------------------------
  type_relations                0.330304     0.005563 ✅ 正常           
  exist_relation                0.013917     0.000451 ✅ 正常           
  mi_proj_layer0                0.024527     0.000074 ✅ 正常           
  dis_proj_layer0               0.029759     0.000093 ✅ 正常           
================================================================================

Epoch 300, Total Loss: 14.2761, Recover Loss: 1.0800, miRNA CL: 6.5713, Disease CL: 6.3513, Inter-view (est): 2.9822, Recon Loss: 0.0266, Time: 236.33s
[INFO] Hypergraph updated at epoch 350

🔧 Epoch 350 梯度检查:
================================================================================

  参数名称                              梯度范数         梯度均值 状态             
  ----------------------------------------------------------------------
  type_relations                0.285884     0.004766 ✅ 正常           
  exist_relation                0.011689     0.000396 ✅ 正常           
  mi_proj_layer0                0.021253     0.000068 ✅ 正常           
  dis_proj_layer0               0.024745     0.000079 ✅ 正常           
================================================================================

Epoch 350, Total Loss: 14.1946, Recover Loss: 1.0698, miRNA CL: 6.5434, Disease CL: 6.3111, Inter-view (est): 2.9664, Recon Loss: 0.0257, Time: 269.17s
[INFO] Hypergraph updated at epoch 400

🔧 Epoch 400 梯度检查:
================================================================================

  参数名称                              梯度范数         梯度均值 状态             
  ----------------------------------------------------------------------
  type_relations                0.283258     0.004657 ✅ 正常           
  exist_relation                0.010757     0.000374 ✅ 正常           
  mi_proj_layer0                0.024338     0.000072 ✅ 正常           
  dis_proj_layer0               0.028315     0.000085 ✅ 正常           
================================================================================

Epoch 400, Total Loss: 14.1076, Recover Loss: 1.0525, miRNA CL: 6.5136, Disease CL: 6.2734, Inter-view (est): 2.9508, Recon Loss: 0.0258, Time: 301.86s
[INFO] Hypergraph updated at epoch 450

🔧 Epoch 450 梯度检查:
================================================================================

  参数名称                              梯度范数         梯度均值 状态             
  ----------------------------------------------------------------------
  type_relations                0.250666     0.003998 ✅ 正常           
  exist_relation                0.010062     0.000382 ✅ 正常           
  mi_proj_layer0                0.022651     0.000065 ✅ 正常           
  dis_proj_layer0               0.024806     0.000075 ✅ 正常           
================================================================================

Epoch 450, Total Loss: 14.0267, Recover Loss: 1.0346, miRNA CL: 6.4878, Disease CL: 6.2390, Inter-view (est): 2.9370, Recon Loss: 0.0256, Time: 335.12s
[INFO] Hypergraph updated at epoch 500

🔧 Epoch 500 梯度检查:
================================================================================

  参数名称                              梯度范数         梯度均值 状态             
  ----------------------------------------------------------------------
  type_relations                0.247604     0.004116 ✅ 正常           
  exist_relation                0.013695     0.000503 ✅ 正常           
  mi_proj_layer0                0.025481     0.000070 ✅ 正常           
  dis_proj_layer0               0.029860     0.000085 ✅ 正常           
================================================================================

Epoch 500, Total Loss: 13.9888, Recover Loss: 1.0310, miRNA CL: 6.4815, Disease CL: 6.2137, Inter-view (est): 2.9297, Recon Loss: 0.0250, Time: 367.62s
[INFO] Hypergraph updated at epoch 550

🔧 Epoch 550 梯度检查:
================================================================================

  参数名称                              梯度范数         梯度均值 状态             
  ----------------------------------------------------------------------
  type_relations                0.226140     0.003824 ✅ 正常           
  exist_relation                0.013788     0.000473 ✅ 正常           
  mi_proj_layer0                0.021939     0.000064 ✅ 正常           
  dis_proj_layer0               0.028113     0.000081 ✅ 正常           
================================================================================

Epoch 550, Total Loss: 13.9318, Recover Loss: 1.0147, miRNA CL: 6.4617, Disease CL: 6.1947, Inter-view (est): 2.9207, Recon Loss: 0.0248, Time: 399.69s
[INFO] Hypergraph updated at epoch 600

🔧 Epoch 600 梯度检查:
================================================================================

  参数名称                              梯度范数         梯度均值 状态             
  ----------------------------------------------------------------------
  type_relations                0.184666     0.003224 ✅ 正常           
  exist_relation                0.017663     0.000606 ✅ 正常           
  mi_proj_layer0                0.022498     0.000062 ✅ 正常           
  dis_proj_layer0               0.028769     0.000079 ✅ 正常           
================================================================================

Epoch 600, Total Loss: 13.8854, Recover Loss: 1.0078, miRNA CL: 6.4444, Disease CL: 6.1743, Inter-view (est): 2.9120, Recon Loss: 0.0251, Time: 431.95s
[INFO] Hypergraph updated at epoch 650

🔧 Epoch 650 梯度检查:
================================================================================

  参数名称                              梯度范数         梯度均值 状态             
  ----------------------------------------------------------------------
  type_relations                0.208377     0.003560 ✅ 正常           
  exist_relation                0.011673     0.000442 ✅ 正常           
  mi_proj_layer0                0.022673     0.000065 ✅ 正常           
  dis_proj_layer0               0.027806     0.000080 ✅ 正常           
================================================================================

Epoch 650, Total Loss: 13.8415, Recover Loss: 1.0040, miRNA CL: 6.4284, Disease CL: 6.1531, Inter-view (est): 2.9034, Recon Loss: 0.0242, Time: 464.65s

================================================================================
Training completed. Running final test...
================================================================================
Fold 5 completed - AUC: 0.9666, Top-1 F1: 0.5879
Fold 5 training time: 465.44 seconds
Average binary metrics across folds: [[0.96382323 0.95564214 0.91575801 0.91291045 0.9458209  0.88
  0.88795769]]
🎯 Average Top-1 metrics across folds: {'top1_precision': 0.5753731343283582, 'top1_recall': np.float64(0.6354687004068851), 'top1_f1': np.float64(0.6037476021368977)}

📊 CV_type Style Metrics Details:
  AUC            : 0.9638
  AUPR           : 0.9556
  F1             : 0.9158
  Accuracy       : 0.9129
  Recall         : 0.9458
  Specificity    : 0.8800
  Precision      : 0.8880

🎯 Top-1 Metrics Details:
  top1_precision : 0.5754
  top1_recall    : 0.6355
  top1_f1        : 0.6037

Total execution time: 2317.60 seconds

==========================================================================================
🎯 FINAL COMPREHENSIVE RESULTS WITH TOP-1 METRICS
==========================================================================================
📊 Binary Classification Metrics (Original):
  AUC: 0.9638
  AUPR: 0.9556
  F1: 0.9158
  Accuracy: 0.9129
  Recall: 0.9458
  Specificity: 0.8800
  Precision: 0.8880

🎯 CV_type Style Metrics (Enhanced):
  AUC: 0.9638
  AUPR: 0.9556
  F1: 0.9158
  Accuracy: 0.9129
  Recall: 0.9458
  Specificity: 0.8800
  Precision: 0.8880

🏆 Top-1 Metrics (NEW):
  Top-1 Precision: 0.5754
  Top-1 Recall: 0.6355
  Top-1 F1: 0.6037
==========================================================================================

[ABL] no_avf (w=0.1)
[CPU] torch.set_num_threads(14), interop=min(4, 14)
Using device: cpu
[INFO] Auto-computed BALANCED class weights (to prevent class collapse):
  Circulation  (367 samples): 0.780
  Epigenetics  (157 samples): 1.823
  Target       (293 samples): 0.977
  Genetics     (681 samples): 0.420
  [NOTE] Higher weights for minority classes to prevent model from only predicting majority class
[INFO] Using v2.0_495m383D dataset:
  miRNAs: 495
  Diseases: 383
  Expected associations: ~1498
  Types: 4 (Circulation, Epigenetics, Target, Genetics)

================================================================================
Configuration Summary
================================================================================
Dataset: v2.0_495m383D
Data Path: ./
Model: HeterogenousGraphCLAMIR
  - HGT Layers: 2
  - Attention Heads: 4
  - Association Types: 4
  - Inter-view CL: Enabled
    - Weight: 0.3
    - Temperature: 0.5
    - Margin: 0.5

Training:
  - Epochs: 650
  - Learning Rate: 0.0001
  - Dropout: 0.3
  - Weight Decay: 5e-05
  - Focal Loss: Enabled

Evaluation:
  - Cross-Validation Folds: 5
  - Primary Metric: AUPR

Device: cpu
Random Seed: 1234
================================================================================

🚀 Running with comprehensive evaluation including Top-1 metrics...
🎯 Loading dual-view data...
Starting dual-view data preparation with new file format...
Loading all similarity and feature files from v2.0_495m383D...
✅ Loaded disease semantic similarity from D_SSM1.txt: (383, 383)
✅ Loaded miRNA functional similarity from M_FSM.txt: (495, 495)
✅ Loaded multi-type association pairs from ./v2.0_495m383D\multi_all_mirna_disease_pairs_without_negative.csv: (1679, 3)
✅ Created multi-type association matrix: (495, 383)
📊 Multi-type Association Statistics:
   无关联 (No association): 188087 pairs (99.21%)
   循环类型 (Circulation): 367 pairs (0.19%)
   表观遗传学 (Epigenetics): 157 pairs (0.08%)
   靶标类型 (Target): 293 pairs (0.15%)
   遗传学类型 (Genetics): 681 pairs (0.36%)
✅ Created association matrix from CSV: (495, 383)
✅ Loaded disease-gene features from D_SSM2.txt: torch.Size([383, 383])
✅ Loaded miRNA-sequence features from M_GSM.txt: torch.Size([495, 495])
Processing integrated similarity matrices...
Loaded similarity matrices from cache
Processing indices...
Loaded indices from cache
✅ Dual-view data preparation completed in 0.38 seconds

============================================================
🎯 DUAL-VIEW CONFIGURATION SUMMARY (v2.0_495m383D)
============================================================
miRNA Dual Views:
  📊 View 1 (Sequence): M_GSM.txt torch.Size([495, 495])
  📊 View 2 (Function): M_FSM.txt torch.Size([495, 495])

Disease Dual Views:
  📊 View 1 (Gene): D_SSM2.txt torch.Size([383, 383])
  📊 View 2 (Semantic): D_SSM1.txt torch.Size([383, 383])

Association Matrix: torch.Size([495, 383])
Data source: v2.0_495m383D (495 miRNAs × 383 Diseases)
============================================================
Preloading dual-view data to device...
✅ Loaded disease-gene features to device: torch.Size([383, 383])
✅ Loaded miRNA-sequence features to device: torch.Size([495, 495])
✅ Loaded disease semantic similarity to device: torch.Size([383, 383])
✅ Loaded miRNA functional similarity to device: torch.Size([495, 495])
✅ Dual-view data preloading completed in 0.00 seconds
OptimizedDataset initialized with 5 folds
Using device: cpu
=== Cross Validation Fold 1/5 ===
Using hidden dimensions: [256, 256] with 4 attention heads
[ABLATION] Running with mode = no_avf
优化模型初始化: miRNA数量 = 495, 疾病数量 = 383
   节点维度: 256 → 128
   类型数量: 4
   Temperature: 2.0 (可学习)
   exist_weight=0.100, type_weight=0.900

✅ SimplifiedMultiTypeAssociationLoss 初始化 (改进版)
   类别权重 (beta=0.99999): ['0.780', '1.822', '0.977', '0.421']
Original positive index shape: torch.Size([1072, 2])
Original negative index shape: torch.Size([135416, 2])
采样后负样本数量: 10720
🎯 Building TRUE DUAL VIEWS from four different sources...
📊 Data sources loaded:
  Disease semantic: torch.Size([383, 383])
  miRNA functional: torch.Size([495, 495])
  Disease-gene: torch.Size([383, 383])
  miRNA-sequence: torch.Size([495, 495])
🧬 Building miRNA dual-view hypergraphs...
  📊 miRNA View 1 (Sequence): torch.Size([495, 878])
  📊 miRNA View 2 (Function): torch.Size([495, 878])
🦠 Building disease dual-view hypergraphs...
  📊 Disease View 1 (Gene): torch.Size([383, 878])
  📊 Disease View 2 (Semantic): torch.Size([383, 878])
✅ Successfully built TRUE DUAL VIEWS:
   🧬 miRNA: Sequence Features (m_ss.xlsx) vs Functional Similarity (mi_fun_sim_2.0.csv)
   🦠 Disease: Gene Features (d_gs.xlsx) vs Semantic Similarity (dis_sem_sim_2.0.csv)

🔧 Epoch 1 梯度检查:
================================================================================

  参数名称                              梯度范数         梯度均值 状态             
  ----------------------------------------------------------------------
  type_relations                0.071121     0.002045 ✅ 正常           
  exist_relation                0.128805     0.007005 ✅ 正常           
  mi_proj_layer0                0.443793     0.001308 ✅ 正常           
  dis_proj_layer0               0.528940     0.001339 ✅ 正常           
================================================================================

Epoch 1, Total Loss: 20.5843, Recover Loss: 1.3332, miRNA CL: 8.9730, Disease CL: 8.4521, Inter-view (est): 4.0212, Recon Loss: 1.5280, Time: 0.70s
[INFO] Hypergraph updated at epoch 5
[INFO] Hypergraph updated at epoch 10
[INFO] Hypergraph updated at epoch 15
[INFO] Hypergraph updated at epoch 20
[INFO] Hypergraph updated at epoch 25
[INFO] Hypergraph updated at epoch 30
[INFO] Hypergraph updated at epoch 35
[INFO] Hypergraph updated at epoch 40
[INFO] Hypergraph updated at epoch 45
[INFO] Hypergraph updated at epoch 50

🔧 Epoch 50 梯度检查:
================================================================================

  参数名称                              梯度范数         梯度均值 状态             
  ----------------------------------------------------------------------
  type_relations                0.104283     0.002577 ✅ 正常           
  exist_relation                0.012724     0.000584 ✅ 正常           
  mi_proj_layer0                0.024375     0.000083 ✅ 正常           
  dis_proj_layer0               0.023931     0.000083 ✅ 正常           
================================================================================

Epoch 50, Total Loss: 17.3817, Recover Loss: 1.2821, miRNA CL: 8.0214, Disease CL: 7.6941, Inter-view (est): 3.6267, Recon Loss: 0.1031, Time: 92.21s
[INFO] Hypergraph updated at epoch 100

🔧 Epoch 100 梯度检查:
================================================================================

  参数名称                              梯度范数         梯度均值 状态             
  ----------------------------------------------------------------------
  type_relations                0.189101     0.003051 ✅ 正常           
  exist_relation                0.028167     0.000671 ✅ 正常           
  mi_proj_layer0                0.025313     0.000079 ✅ 正常           
  dis_proj_layer0               0.027069     0.000085 ✅ 正常           
================================================================================

Epoch 100, Total Loss: 16.2347, Recover Loss: 1.2560, miRNA CL: 7.7435, Disease CL: 6.9452, Inter-view (est): 3.3897, Recon Loss: 0.0304, Time: 125.84s
[INFO] Hypergraph updated at epoch 150

🔧 Epoch 150 梯度检查:
================================================================================

  参数名称                              梯度范数         梯度均值 状态             
  ----------------------------------------------------------------------
  type_relations                0.261123     0.004423 ✅ 正常           
  exist_relation                0.019876     0.000599 ✅ 正常           
  mi_proj_layer0                0.034996     0.000107 ✅ 正常           
  dis_proj_layer0               0.029147     0.000096 ✅ 正常           
================================================================================

Epoch 150, Total Loss: 15.5435, Recover Loss: 1.1996, miRNA CL: 7.5250, Disease CL: 6.5439, Inter-view (est): 3.2467, Recon Loss: 0.0294, Time: 157.94s
[INFO] Hypergraph updated at epoch 200

🔧 Epoch 200 梯度检查:
================================================================================

  参数名称                              梯度范数         梯度均值 状态             
  ----------------------------------------------------------------------
  type_relations                0.263330     0.004216 ✅ 正常           
  exist_relation                0.023342     0.000614 ✅ 正常           
  mi_proj_layer0                0.035527     0.000100 ✅ 正常           
  dis_proj_layer0               0.037122     0.000110 ✅ 正常           
================================================================================

Epoch 200, Total Loss: 15.0699, Recover Loss: 1.1504, miRNA CL: 7.2680, Disease CL: 6.3856, Inter-view (est): 3.1508, Recon Loss: 0.0286, Time: 190.26s
[INFO] Hypergraph updated at epoch 250

🔧 Epoch 250 梯度检查:
================================================================================

  参数名称                              梯度范数         梯度均值 状态             
  ----------------------------------------------------------------------
  type_relations                0.181896     0.003185 ✅ 正常           
  exist_relation                0.017613     0.000541 ✅ 正常           
  mi_proj_layer0                0.026725     0.000079 ✅ 正常           
  dis_proj_layer0               0.025162     0.000077 ✅ 正常           
================================================================================

Epoch 250, Total Loss: 14.8324, Recover Loss: 1.1104, miRNA CL: 7.1427, Disease CL: 6.3189, Inter-view (est): 3.1065, Recon Loss: 0.0279, Time: 222.02s
[INFO] Hypergraph updated at epoch 300

🔧 Epoch 300 梯度检查:
================================================================================

  参数名称                              梯度范数         梯度均值 状态             
  ----------------------------------------------------------------------
  type_relations                0.177082     0.003146 ✅ 正常           
  exist_relation                0.020272     0.000581 ✅ 正常           
  mi_proj_layer0                0.023647     0.000072 ✅ 正常           
  dis_proj_layer0               0.027621     0.000085 ✅ 正常           
================================================================================

Epoch 300, Total Loss: 14.6559, Recover Loss: 1.0899, miRNA CL: 7.0452, Disease CL: 6.2648, Inter-view (est): 3.0715, Recon Loss: 0.0279, Time: 254.17s
[INFO] Hypergraph updated at epoch 350

🔧 Epoch 350 梯度检查:
================================================================================

  参数名称                              梯度范数         梯度均值 状态             
  ----------------------------------------------------------------------
  type_relations                0.159690     0.002816 ✅ 正常           
  exist_relation                0.018147     0.000605 ✅ 正常           
  mi_proj_layer0                0.029909     0.000080 ✅ 正常           
  dis_proj_layer0               0.030203     0.000084 ✅ 正常           
================================================================================

Epoch 350, Total Loss: 14.5068, Recover Loss: 1.0652, miRNA CL: 6.9652, Disease CL: 6.2238, Inter-view (est): 3.0436, Recon Loss: 0.0281, Time: 286.81s
[INFO] Hypergraph updated at epoch 400

🔧 Epoch 400 梯度检查:
================================================================================

  参数名称                              梯度范数         梯度均值 状态             
  ----------------------------------------------------------------------
  type_relations                0.175117     0.003024 ✅ 正常           
  exist_relation                0.017460     0.000564 ✅ 正常           
  mi_proj_layer0                0.028196     0.000077 ✅ 正常           
  dis_proj_layer0               0.030269     0.000085 ✅ 正常           
================================================================================

Epoch 400, Total Loss: 14.3790, Recover Loss: 1.0510, miRNA CL: 6.8859, Disease CL: 6.1931, Inter-view (est): 3.0182, Recon Loss: 0.0274, Time: 318.87s
[INFO] Hypergraph updated at epoch 450

🔧 Epoch 450 梯度检查:
================================================================================

  参数名称                              梯度范数         梯度均值 状态             
  ----------------------------------------------------------------------
  type_relations                0.157777     0.002865 ✅ 正常           
  exist_relation                0.014159     0.000419 ✅ 正常           
  mi_proj_layer0                0.029122     0.000077 ✅ 正常           
  dis_proj_layer0               0.028579     0.000081 ✅ 正常           
================================================================================

Epoch 450, Total Loss: 14.2801, Recover Loss: 1.0329, miRNA CL: 6.8203, Disease CL: 6.1794, Inter-view (est): 2.9999, Recon Loss: 0.0271, Time: 351.22s
[INFO] Hypergraph updated at epoch 500

🔧 Epoch 500 梯度检查:
================================================================================

  参数名称                              梯度范数         梯度均值 状态             
  ----------------------------------------------------------------------
  type_relations                0.162884     0.002934 ✅ 正常           
  exist_relation                0.015806     0.000539 ✅ 正常           
  mi_proj_layer0                0.026110     0.000072 ✅ 正常           
  dis_proj_layer0               0.029683     0.000083 ✅ 正常           
================================================================================

Epoch 500, Total Loss: 14.2338, Recover Loss: 1.0299, miRNA CL: 6.7840, Disease CL: 6.1722, Inter-view (est): 2.9899, Recon Loss: 0.0282, Time: 383.13s
[INFO] Hypergraph updated at epoch 550

🔧 Epoch 550 梯度检查:
================================================================================

  参数名称                              梯度范数         梯度均值 状态             
  ----------------------------------------------------------------------
  type_relations                0.159061     0.002818 ✅ 正常           
  exist_relation                0.014961     0.000468 ✅ 正常           
  mi_proj_layer0                0.025102     0.000068 ✅ 正常           
  dis_proj_layer0               0.031604     0.000089 ✅ 正常           
================================================================================

Epoch 550, Total Loss: 14.1888, Recover Loss: 1.0233, miRNA CL: 6.7533, Disease CL: 6.1664, Inter-view (est): 2.9815, Recon Loss: 0.0269, Time: 415.41s
[INFO] Hypergraph updated at epoch 600

🔧 Epoch 600 梯度检查:
================================================================================

  参数名称                              梯度范数         梯度均值 状态             
  ----------------------------------------------------------------------
  type_relations                0.172988     0.003131 ✅ 正常           
  exist_relation                0.014567     0.000470 ✅ 正常           
  mi_proj_layer0                0.030093     0.000080 ✅ 正常           
  dis_proj_layer0               0.036805     0.000097 ✅ 正常           
================================================================================

Epoch 600, Total Loss: 14.1631, Recover Loss: 1.0223, miRNA CL: 6.7346, Disease CL: 6.1609, Inter-view (est): 2.9759, Recon Loss: 0.0271, Time: 447.47s
[INFO] Hypergraph updated at epoch 650

🔧 Epoch 650 梯度检查:
================================================================================

  参数名称                              梯度范数         梯度均值 状态             
  ----------------------------------------------------------------------
  type_relations                0.157963     0.002804 ✅ 正常           
  exist_relation                0.014470     0.000462 ✅ 正常           
  mi_proj_layer0                0.026473     0.000072 ✅ 正常           
  dis_proj_layer0               0.031377     0.000088 ✅ 正常           
================================================================================

Epoch 650, Total Loss: 14.1333, Recover Loss: 1.0201, miRNA CL: 6.7132, Disease CL: 6.1554, Inter-view (est): 2.9697, Recon Loss: 0.0269, Time: 479.18s

================================================================================
Training completed. Running final test...
================================================================================
Fold 1 completed - AUC: 0.9676, Top-1 F1: 0.6247
Fold 1 training time: 480.33 seconds
=== Cross Validation Fold 2/5 ===
Using hidden dimensions: [256, 256] with 4 attention heads
[ABLATION] Running with mode = no_avf
优化模型初始化: miRNA数量 = 495, 疾病数量 = 383
   节点维度: 256 → 128
   类型数量: 4
   Temperature: 2.0 (可学习)
   exist_weight=0.100, type_weight=0.900

✅ SimplifiedMultiTypeAssociationLoss 初始化 (改进版)
   类别权重 (beta=0.99999): ['0.780', '1.822', '0.977', '0.421']
Original positive index shape: torch.Size([1072, 2])
Original negative index shape: torch.Size([135416, 2])
采样后负样本数量: 10720
🎯 Building TRUE DUAL VIEWS from four different sources...
📊 Data sources loaded:
  Disease semantic: torch.Size([383, 383])
  miRNA functional: torch.Size([495, 495])
  Disease-gene: torch.Size([383, 383])
  miRNA-sequence: torch.Size([495, 495])
🧬 Building miRNA dual-view hypergraphs...
  📊 miRNA View 1 (Sequence): torch.Size([495, 878])
  📊 miRNA View 2 (Function): torch.Size([495, 878])
🦠 Building disease dual-view hypergraphs...
  📊 Disease View 1 (Gene): torch.Size([383, 878])
  📊 Disease View 2 (Semantic): torch.Size([383, 878])
✅ Successfully built TRUE DUAL VIEWS:
   🧬 miRNA: Sequence Features (m_ss.xlsx) vs Functional Similarity (mi_fun_sim_2.0.csv)
   🦠 Disease: Gene Features (d_gs.xlsx) vs Semantic Similarity (dis_sem_sim_2.0.csv)

🔧 Epoch 1 梯度检查:
================================================================================

  参数名称                              梯度范数         梯度均值 状态             
  ----------------------------------------------------------------------
  type_relations                0.065059     0.002134 ✅ 正常           
  exist_relation                0.040350     0.002250 ✅ 正常           
  mi_proj_layer0                0.122501     0.000379 ✅ 正常           
  dis_proj_layer0               0.147168     0.000429 ✅ 正常           
================================================================================

Epoch 1, Total Loss: 20.4290, Recover Loss: 1.3069, miRNA CL: 8.8507, Disease CL: 8.4240, Inter-view (est): 3.9865, Recon Loss: 1.5492, Time: 0.63s
[INFO] Hypergraph updated at epoch 5
[INFO] Hypergraph updated at epoch 10
[INFO] Hypergraph updated at epoch 15
[INFO] Hypergraph updated at epoch 20
[INFO] Hypergraph updated at epoch 25
[INFO] Hypergraph updated at epoch 30
[INFO] Hypergraph updated at epoch 35
[INFO] Hypergraph updated at epoch 40
[INFO] Hypergraph updated at epoch 45
[INFO] Hypergraph updated at epoch 50

🔧 Epoch 50 梯度检查:
================================================================================

  参数名称                              梯度范数         梯度均值 状态             
  ----------------------------------------------------------------------
  type_relations                0.111129     0.002770 ✅ 正常           
  exist_relation                0.006477     0.000385 ✅ 正常           
  mi_proj_layer0                0.022141     0.000078 ✅ 正常           
  dis_proj_layer0               0.025560     0.000084 ✅ 正常           
================================================================================

Epoch 50, Total Loss: 17.4317, Recover Loss: 1.2797, miRNA CL: 8.0195, Disease CL: 7.7082, Inter-view (est): 3.6295, Recon Loss: 0.1447, Time: 94.87s
[INFO] Hypergraph updated at epoch 100

🔧 Epoch 100 梯度检查:
================================================================================

  参数名称                              梯度范数         梯度均值 状态             
  ----------------------------------------------------------------------
  type_relations                0.263968     0.003947 ✅ 正常           
  exist_relation                0.017445     0.000454 ✅ 正常           
  mi_proj_layer0                0.026182     0.000084 ✅ 正常           
  dis_proj_layer0               0.028700     0.000093 ✅ 正常           
================================================================================

Epoch 100, Total Loss: 16.3000, Recover Loss: 1.2395, miRNA CL: 7.7380, Disease CL: 7.0326, Inter-view (est): 3.4086, Recon Loss: 0.0313, Time: 129.47s
[INFO] Hypergraph updated at epoch 150

🔧 Epoch 150 梯度检查:
================================================================================

  参数名称                              梯度范数         梯度均值 状态             
  ----------------------------------------------------------------------
  type_relations                0.231526     0.004096 ✅ 正常           
  exist_relation                0.014504     0.000483 ✅ 正常           
  mi_proj_layer0                0.028152     0.000093 ✅ 正常           
  dis_proj_layer0               0.030007     0.000100 ✅ 正常           
================================================================================

Epoch 150, Total Loss: 15.5944, Recover Loss: 1.2046, miRNA CL: 7.5471, Disease CL: 6.5686, Inter-view (est): 3.2575, Recon Loss: 0.0289, Time: 161.55s
[INFO] Hypergraph updated at epoch 200

🔧 Epoch 200 梯度检查:
================================================================================

  参数名称                              梯度范数         梯度均值 状态             
  ----------------------------------------------------------------------
  type_relations                0.241531     0.004163 ✅ 正常           
  exist_relation                0.014340     0.000517 ✅ 正常           
  mi_proj_layer0                0.029206     0.000090 ✅ 正常           
  dis_proj_layer0               0.027133     0.000088 ✅ 正常           
================================================================================

Epoch 200, Total Loss: 15.1301, Recover Loss: 1.1589, miRNA CL: 7.2861, Disease CL: 6.4196, Inter-view (est): 3.1628, Recon Loss: 0.0287, Time: 193.46s
[INFO] Hypergraph updated at epoch 250

🔧 Epoch 250 梯度检查:
================================================================================

  参数名称                              梯度范数         梯度均值 状态             
  ----------------------------------------------------------------------
  type_relations                0.209892     0.003815 ✅ 正常           
  exist_relation                0.012809     0.000414 ✅ 正常           
  mi_proj_layer0                0.027572     0.000087 ✅ 正常           
  dis_proj_layer0               0.025233     0.000083 ✅ 正常           
================================================================================

Epoch 250, Total Loss: 14.8573, Recover Loss: 1.1191, miRNA CL: 7.1321, Disease CL: 6.3464, Inter-view (est): 3.1104, Recon Loss: 0.0286, Time: 225.45s
[INFO] Hypergraph updated at epoch 300

🔧 Epoch 300 梯度检查:
================================================================================

  参数名称                              梯度范数         梯度均值 状态             
  ----------------------------------------------------------------------
  type_relations                0.197075     0.003620 ✅ 正常           
  exist_relation                0.010423     0.000402 ✅ 正常           
  mi_proj_layer0                0.027609     0.000086 ✅ 正常           
  dis_proj_layer0               0.027789     0.000091 ✅ 正常           
================================================================================

Epoch 300, Total Loss: 14.7060, Recover Loss: 1.0974, miRNA CL: 7.0533, Disease CL: 6.2994, Inter-view (est): 3.0814, Recon Loss: 0.0281, Time: 257.41s
[INFO] Hypergraph updated at epoch 350

🔧 Epoch 350 梯度检查:
================================================================================

  参数名称                              梯度范数         梯度均值 状态             
  ----------------------------------------------------------------------
  type_relations                0.171439     0.003245 ✅ 正常           
  exist_relation                0.011609     0.000443 ✅ 正常           
  mi_proj_layer0                0.026606     0.000081 ✅ 正常           
  dis_proj_layer0               0.027120     0.000085 ✅ 正常           
================================================================================

Epoch 350, Total Loss: 14.5622, Recover Loss: 1.0738, miRNA CL: 6.9786, Disease CL: 6.2573, Inter-view (est): 3.0544, Recon Loss: 0.0280, Time: 289.10s
[INFO] Hypergraph updated at epoch 400

🔧 Epoch 400 梯度检查:
================================================================================

  参数名称                              梯度范数         梯度均值 状态             
  ----------------------------------------------------------------------
  type_relations                0.156316     0.002992 ✅ 正常           
  exist_relation                0.011555     0.000435 ✅ 正常           
  mi_proj_layer0                0.024568     0.000076 ✅ 正常           
  dis_proj_layer0               0.027630     0.000085 ✅ 正常           
================================================================================

Epoch 400, Total Loss: 14.4266, Recover Loss: 1.0503, miRNA CL: 6.9049, Disease CL: 6.2222, Inter-view (est): 3.0293, Recon Loss: 0.0274, Time: 321.03s
[INFO] Hypergraph updated at epoch 450

🔧 Epoch 450 梯度检查:
================================================================================

  参数名称                              梯度范数         梯度均值 状态             
  ----------------------------------------------------------------------
  type_relations                0.172233     0.003291 ✅ 正常           
  exist_relation                0.013089     0.000515 ✅ 正常           
  mi_proj_layer0                0.026069     0.000081 ✅ 正常           
  dis_proj_layer0               0.030758     0.000093 ✅ 正常           
================================================================================

Epoch 450, Total Loss: 14.3478, Recover Loss: 1.0447, miRNA CL: 6.8472, Disease CL: 6.2086, Inter-view (est): 3.0129, Recon Loss: 0.0268, Time: 353.01s
[INFO] Hypergraph updated at epoch 500

🔧 Epoch 500 梯度检查:
================================================================================

  参数名称                              梯度范数         梯度均值 状态             
  ----------------------------------------------------------------------
  type_relations                0.157993     0.003128 ✅ 正常           
  exist_relation                0.011603     0.000456 ✅ 正常           
  mi_proj_layer0                0.025625     0.000077 ✅ 正常           
  dis_proj_layer0               0.027067     0.000085 ✅ 正常           
================================================================================

Epoch 500, Total Loss: 14.2975, Recover Loss: 1.0442, miRNA CL: 6.8063, Disease CL: 6.2004, Inter-view (est): 3.0016, Recon Loss: 0.0268, Time: 384.89s
[INFO] Hypergraph updated at epoch 550

🔧 Epoch 550 梯度检查:
================================================================================

  参数名称                              梯度范数         梯度均值 状态             
  ----------------------------------------------------------------------
  type_relations                0.141519     0.002788 ✅ 正常           
  exist_relation                0.012089     0.000485 ✅ 正常           
  mi_proj_layer0                0.020658     0.000064 ✅ 正常           
  dis_proj_layer0               0.024822     0.000077 ✅ 正常           
================================================================================

Epoch 550, Total Loss: 14.2490, Recover Loss: 1.0309, miRNA CL: 6.7791, Disease CL: 6.1935, Inter-view (est): 2.9937, Recon Loss: 0.0264, Time: 417.33s
[INFO] Hypergraph updated at epoch 600

🔧 Epoch 600 梯度检查:
================================================================================

  参数名称                              梯度范数         梯度均值 状态             
  ----------------------------------------------------------------------
  type_relations                0.152043     0.002745 ✅ 正常           
  exist_relation                0.011108     0.000434 ✅ 正常           
  mi_proj_layer0                0.024746     0.000073 ✅ 正常           
  dis_proj_layer0               0.030282     0.000085 ✅ 正常           
================================================================================

Epoch 600, Total Loss: 14.2157, Recover Loss: 1.0285, miRNA CL: 6.7558, Disease CL: 6.1866, Inter-view (est): 2.9867, Recon Loss: 0.0263, Time: 449.08s
[INFO] Hypergraph updated at epoch 650

🔧 Epoch 650 梯度检查:
================================================================================

  参数名称                              梯度范数         梯度均值 状态             
  ----------------------------------------------------------------------
  type_relations                0.130831     0.002520 ✅ 正常           
  exist_relation                0.009965     0.000381 ✅ 正常           
  mi_proj_layer0                0.026204     0.000076 ✅ 正常           
  dis_proj_layer0               0.027875     0.000082 ✅ 正常           
================================================================================

Epoch 650, Total Loss: 14.1800, Recover Loss: 1.0182, miRNA CL: 6.7380, Disease CL: 6.1795, Inter-view (est): 2.9810, Recon Loss: 0.0264, Time: 481.45s

================================================================================
Training completed. Running final test...
================================================================================
Fold 2 completed - AUC: 0.9657, Top-1 F1: 0.5112
Fold 2 training time: 482.18 seconds
=== Cross Validation Fold 3/5 ===
Using hidden dimensions: [256, 256] with 4 attention heads
[ABLATION] Running with mode = no_avf
优化模型初始化: miRNA数量 = 495, 疾病数量 = 383
   节点维度: 256 → 128
   类型数量: 4
   Temperature: 2.0 (可学习)
   exist_weight=0.100, type_weight=0.900

✅ SimplifiedMultiTypeAssociationLoss 初始化 (改进版)
   类别权重 (beta=0.99999): ['0.780', '1.822', '0.977', '0.421']
Original positive index shape: torch.Size([1072, 2])
Original negative index shape: torch.Size([135416, 2])
采样后负样本数量: 10720
🎯 Building TRUE DUAL VIEWS from four different sources...
📊 Data sources loaded:
  Disease semantic: torch.Size([383, 383])
  miRNA functional: torch.Size([495, 495])
  Disease-gene: torch.Size([383, 383])
  miRNA-sequence: torch.Size([495, 495])
🧬 Building miRNA dual-view hypergraphs...
  📊 miRNA View 1 (Sequence): torch.Size([495, 878])
  📊 miRNA View 2 (Function): torch.Size([495, 878])
🦠 Building disease dual-view hypergraphs...
  📊 Disease View 1 (Gene): torch.Size([383, 878])
  📊 Disease View 2 (Semantic): torch.Size([383, 878])
✅ Successfully built TRUE DUAL VIEWS:
   🧬 miRNA: Sequence Features (m_ss.xlsx) vs Functional Similarity (mi_fun_sim_2.0.csv)
   🦠 Disease: Gene Features (d_gs.xlsx) vs Semantic Similarity (dis_sem_sim_2.0.csv)

🔧 Epoch 1 梯度检查:
================================================================================

  参数名称                              梯度范数         梯度均值 状态             
  ----------------------------------------------------------------------
  type_relations                0.071948     0.002279 ✅ 正常           
  exist_relation                0.089488     0.005115 ✅ 正常           
  mi_proj_layer0                0.314099     0.000931 ✅ 正常           
  dis_proj_layer0               0.292100     0.000942 ✅ 正常           
================================================================================

Epoch 1, Total Loss: 20.4863, Recover Loss: 1.3181, miRNA CL: 8.9312, Disease CL: 8.4586, Inter-view (est): 4.0130, Recon Loss: 1.4806, Time: 0.64s
[INFO] Hypergraph updated at epoch 5
[INFO] Hypergraph updated at epoch 10
[INFO] Hypergraph updated at epoch 15
[INFO] Hypergraph updated at epoch 20
[INFO] Hypergraph updated at epoch 25
[INFO] Hypergraph updated at epoch 30
[INFO] Hypergraph updated at epoch 35
[INFO] Hypergraph updated at epoch 40
[INFO] Hypergraph updated at epoch 45
[INFO] Hypergraph updated at epoch 50

🔧 Epoch 50 梯度检查:
================================================================================

  参数名称                              梯度范数         梯度均值 状态             
  ----------------------------------------------------------------------
  type_relations                0.091766     0.002516 ✅ 正常           
  exist_relation                0.007846     0.000431 ✅ 正常           
  mi_proj_layer0                0.021550     0.000075 ✅ 正常           
  dis_proj_layer0               0.027211     0.000088 ✅ 正常           
================================================================================

Epoch 50, Total Loss: 17.3549, Recover Loss: 1.2816, miRNA CL: 8.0001, Disease CL: 7.6848, Inter-view (est): 3.6196, Recon Loss: 0.1083, Time: 91.18s
[INFO] Hypergraph updated at epoch 100

🔧 Epoch 100 梯度检查:
================================================================================

  参数名称                              梯度范数         梯度均值 状态             
  ----------------------------------------------------------------------
  type_relations                0.207827     0.003851 ✅ 正常           
  exist_relation                0.012134     0.000484 ✅ 正常           
  mi_proj_layer0                0.027251     0.000085 ✅ 正常           
  dis_proj_layer0               0.031563     0.000099 ✅ 正常           
================================================================================

Epoch 100, Total Loss: 16.2866, Recover Loss: 1.2464, miRNA CL: 7.7408, Disease CL: 7.0096, Inter-view (est): 3.4039, Recon Loss: 0.0307, Time: 125.20s
[INFO] Hypergraph updated at epoch 150

🔧 Epoch 150 梯度检查:
================================================================================

  参数名称                              梯度范数         梯度均值 状态             
  ----------------------------------------------------------------------
  type_relations                0.261022     0.004519 ✅ 正常           
  exist_relation                0.019461     0.000573 ✅ 正常           
  mi_proj_layer0                0.034823     0.000110 ✅ 正常           
  dis_proj_layer0               0.035940     0.000106 ✅ 正常           
================================================================================

Epoch 150, Total Loss: 15.6485, Recover Loss: 1.2062, miRNA CL: 7.5348, Disease CL: 6.6327, Inter-view (est): 3.2694, Recon Loss: 0.0294, Time: 158.01s
[INFO] Hypergraph updated at epoch 200

🔧 Epoch 200 梯度检查:
================================================================================

  参数名称                              梯度范数         梯度均值 状态             
  ----------------------------------------------------------------------
  type_relations                0.253188     0.004281 ✅ 正常           
  exist_relation                0.020790     0.000600 ✅ 正常           
  mi_proj_layer0                0.031590     0.000098 ✅ 正常           
  dis_proj_layer0               0.034336     0.000105 ✅ 正常           
================================================================================

Epoch 200, Total Loss: 15.1844, Recover Loss: 1.1537, miRNA CL: 7.2814, Disease CL: 6.4826, Inter-view (est): 3.1763, Recon Loss: 0.0288, Time: 190.97s
[INFO] Hypergraph updated at epoch 250

🔧 Epoch 250 梯度检查:
================================================================================

  参数名称                              梯度范数         梯度均值 状态             
  ----------------------------------------------------------------------
  type_relations                0.190162     0.003311 ✅ 正常           
  exist_relation                0.018240     0.000538 ✅ 正常           
  mi_proj_layer0                0.024364     0.000074 ✅ 正常           
  dis_proj_layer0               0.026479     0.000081 ✅ 正常           
================================================================================

Epoch 250, Total Loss: 14.8778, Recover Loss: 1.1226, miRNA CL: 7.1245, Disease CL: 6.3702, Inter-view (est): 3.1142, Recon Loss: 0.0289, Time: 222.76s
[INFO] Hypergraph updated at epoch 300

🔧 Epoch 300 梯度检查:
================================================================================

  参数名称                              梯度范数         梯度均值 状态             
  ----------------------------------------------------------------------
  type_relations                0.158235     0.002934 ✅ 正常           
  exist_relation                0.016739     0.000557 ✅ 正常           
  mi_proj_layer0                0.026735     0.000077 ✅ 正常           
  dis_proj_layer0               0.028077     0.000083 ✅ 正常           
================================================================================

Epoch 300, Total Loss: 14.6784, Recover Loss: 1.1015, miRNA CL: 7.0238, Disease CL: 6.2985, Inter-view (est): 3.0744, Recon Loss: 0.0279, Time: 255.05s
[INFO] Hypergraph updated at epoch 350

🔧 Epoch 350 梯度检查:
================================================================================

  参数名称                              梯度范数         梯度均值 状态             
  ----------------------------------------------------------------------
  type_relations                0.168434     0.003227 ✅ 正常           
  exist_relation                0.013249     0.000505 ✅ 正常           
  mi_proj_layer0                0.026320     0.000079 ✅ 正常           
  dis_proj_layer0               0.033742     0.000099 ✅ 正常           
================================================================================

Epoch 350, Total Loss: 14.5651, Recover Loss: 1.0899, miRNA CL: 6.9615, Disease CL: 6.2619, Inter-view (est): 3.0516, Recon Loss: 0.0281, Time: 286.68s
[INFO] Hypergraph updated at epoch 400

🔧 Epoch 400 梯度检查:
================================================================================

  参数名称                              梯度范数         梯度均值 状态             
  ----------------------------------------------------------------------
  type_relations                0.149536     0.002765 ✅ 正常           
  exist_relation                0.011452     0.000427 ✅ 正常           
  mi_proj_layer0                0.024072     0.000071 ✅ 正常           
  dis_proj_layer0               0.023971     0.000073 ✅ 正常           
================================================================================

Epoch 400, Total Loss: 14.4339, Recover Loss: 1.0622, miRNA CL: 6.8870, Disease CL: 6.2362, Inter-view (est): 3.0284, Recon Loss: 0.0270, Time: 318.32s
[INFO] Hypergraph updated at epoch 450

🔧 Epoch 450 梯度检查:
================================================================================

  参数名称                              梯度范数         梯度均值 状态             
  ----------------------------------------------------------------------
  type_relations                0.151468     0.002855 ✅ 正常           
  exist_relation                0.012906     0.000427 ✅ 正常           
  mi_proj_layer0                0.026338     0.000077 ✅ 正常           
  dis_proj_layer0               0.026590     0.000082 ✅ 正常           
================================================================================

Epoch 450, Total Loss: 14.3499, Recover Loss: 1.0565, miRNA CL: 6.8252, Disease CL: 6.2211, Inter-view (est): 3.0107, Recon Loss: 0.0269, Time: 349.96s
[INFO] Hypergraph updated at epoch 500

🔧 Epoch 500 梯度检查:
================================================================================

  参数名称                              梯度范数         梯度均值 状态             
  ----------------------------------------------------------------------
  type_relations                0.157547     0.002972 ✅ 正常           
  exist_relation                0.018521     0.000624 ✅ 正常           
  mi_proj_layer0                0.024420     0.000073 ✅ 正常           
  dis_proj_layer0               0.027403     0.000086 ✅ 正常           
================================================================================

Epoch 500, Total Loss: 14.2917, Recover Loss: 1.0468, miRNA CL: 6.7873, Disease CL: 6.2110, Inter-view (est): 2.9996, Recon Loss: 0.0272, Time: 381.74s
[INFO] Hypergraph updated at epoch 550

🔧 Epoch 550 梯度检查:
================================================================================

  参数名称                              梯度范数         梯度均值 状态             
  ----------------------------------------------------------------------
  type_relations                0.144027     0.002790 ✅ 正常           
  exist_relation                0.015623     0.000567 ✅ 正常           
  mi_proj_layer0                0.024348     0.000071 ✅ 正常           
  dis_proj_layer0               0.025669     0.000079 ✅ 正常           
================================================================================

Epoch 550, Total Loss: 14.2465, Recover Loss: 1.0398, miRNA CL: 6.7592, Disease CL: 6.2020, Inter-view (est): 2.9910, Recon Loss: 0.0269, Time: 413.75s
[INFO] Hypergraph updated at epoch 600

🔧 Epoch 600 梯度检查:
================================================================================

  参数名称                              梯度范数         梯度均值 状态             
  ----------------------------------------------------------------------
  type_relations                0.143444     0.002671 ✅ 正常           
  exist_relation                0.016113     0.000570 ✅ 正常           
  mi_proj_layer0                0.023425     0.000068 ✅ 正常           
  dis_proj_layer0               0.025886     0.000076 ✅ 正常           
================================================================================

Epoch 600, Total Loss: 14.2139, Recover Loss: 1.0374, miRNA CL: 6.7387, Disease CL: 6.1932, Inter-view (est): 2.9843, Recon Loss: 0.0267, Time: 446.12s
[INFO] Hypergraph updated at epoch 650

🔧 Epoch 650 梯度检查:
================================================================================

  参数名称                              梯度范数         梯度均值 状态             
  ----------------------------------------------------------------------
  type_relations                0.156753     0.002814 ✅ 正常           
  exist_relation                0.016678     0.000589 ✅ 正常           
  mi_proj_layer0                0.026175     0.000075 ✅ 正常           
  dis_proj_layer0               0.034141     0.000096 ✅ 正常           
================================================================================

Epoch 650, Total Loss: 14.1945, Recover Loss: 1.0371, miRNA CL: 6.7268, Disease CL: 6.1864, Inter-view (est): 2.9800, Recon Loss: 0.0271, Time: 478.76s

================================================================================
Training completed. Running final test...
================================================================================
Fold 3 completed - AUC: 0.9620, Top-1 F1: 0.5575
Fold 3 training time: 479.56 seconds
=== Cross Validation Fold 4/5 ===
Using hidden dimensions: [256, 256] with 4 attention heads
[ABLATION] Running with mode = no_avf
优化模型初始化: miRNA数量 = 495, 疾病数量 = 383
   节点维度: 256 → 128
   类型数量: 4
   Temperature: 2.0 (可学习)
   exist_weight=0.100, type_weight=0.900

✅ SimplifiedMultiTypeAssociationLoss 初始化 (改进版)
   类别权重 (beta=0.99999): ['0.780', '1.822', '0.977', '0.421']
Original positive index shape: torch.Size([1072, 2])
Original negative index shape: torch.Size([135416, 2])
采样后负样本数量: 10720
🎯 Building TRUE DUAL VIEWS from four different sources...
📊 Data sources loaded:
  Disease semantic: torch.Size([383, 383])
  miRNA functional: torch.Size([495, 495])
  Disease-gene: torch.Size([383, 383])
  miRNA-sequence: torch.Size([495, 495])
🧬 Building miRNA dual-view hypergraphs...
  📊 miRNA View 1 (Sequence): torch.Size([495, 878])
  📊 miRNA View 2 (Function): torch.Size([495, 878])
🦠 Building disease dual-view hypergraphs...
  📊 Disease View 1 (Gene): torch.Size([383, 878])
  📊 Disease View 2 (Semantic): torch.Size([383, 878])
✅ Successfully built TRUE DUAL VIEWS:
   🧬 miRNA: Sequence Features (m_ss.xlsx) vs Functional Similarity (mi_fun_sim_2.0.csv)
   🦠 Disease: Gene Features (d_gs.xlsx) vs Semantic Similarity (dis_sem_sim_2.0.csv)

🔧 Epoch 1 梯度检查:
================================================================================

  参数名称                              梯度范数         梯度均值 状态             
  ----------------------------------------------------------------------
  type_relations                0.073867     0.002243 ✅ 正常           
  exist_relation                0.056589     0.003346 ✅ 正常           
  mi_proj_layer0                0.211974     0.000614 ✅ 正常           
  dis_proj_layer0               0.190019     0.000641 ✅ 正常           
================================================================================

Epoch 1, Total Loss: 20.4997, Recover Loss: 1.3139, miRNA CL: 8.9612, Disease CL: 8.4526, Inter-view (est): 4.0186, Recon Loss: 1.4738, Time: 0.63s
[INFO] Hypergraph updated at epoch 5
[INFO] Hypergraph updated at epoch 10
[INFO] Hypergraph updated at epoch 15
[INFO] Hypergraph updated at epoch 20
[INFO] Hypergraph updated at epoch 25
[INFO] Hypergraph updated at epoch 30
[INFO] Hypergraph updated at epoch 35
[INFO] Hypergraph updated at epoch 40
[INFO] Hypergraph updated at epoch 45
[INFO] Hypergraph updated at epoch 50

🔧 Epoch 50 梯度检查:
================================================================================

  参数名称                              梯度范数         梯度均值 状态             
  ----------------------------------------------------------------------
  type_relations                0.113613     0.002725 ✅ 正常           
  exist_relation                0.006422     0.000384 ✅ 正常           
  mi_proj_layer0                0.023865     0.000080 ✅ 正常           
  dis_proj_layer0               0.026348     0.000089 ✅ 正常           
================================================================================

Epoch 50, Total Loss: 17.4198, Recover Loss: 1.2788, miRNA CL: 8.0392, Disease CL: 7.7442, Inter-view (est): 3.6423, Recon Loss: 0.0778, Time: 85.71s
[INFO] Hypergraph updated at epoch 100

🔧 Epoch 100 梯度检查:
================================================================================

  参数名称                              梯度范数         梯度均值 状态             
  ----------------------------------------------------------------------
  type_relations                0.284625     0.003894 ✅ 正常           
  exist_relation                0.025485     0.000487 ✅ 正常           
  mi_proj_layer0                0.023014     0.000077 ✅ 正常           
  dis_proj_layer0               0.030293     0.000096 ✅ 正常           
================================================================================

Epoch 100, Total Loss: 16.3519, Recover Loss: 1.2398, miRNA CL: 7.7525, Disease CL: 7.0692, Inter-view (est): 3.4204, Recon Loss: 0.0312, Time: 119.33s
[INFO] Hypergraph updated at epoch 150

🔧 Epoch 150 梯度检查:
================================================================================

  参数名称                              梯度范数         梯度均值 状态             
  ----------------------------------------------------------------------
  type_relations                0.249803     0.004146 ✅ 正常           
  exist_relation                0.015773     0.000534 ✅ 正常           
  mi_proj_layer0                0.029250     0.000090 ✅ 正常           
  dis_proj_layer0               0.033719     0.000105 ✅ 正常           
================================================================================

Epoch 150, Total Loss: 15.7623, Recover Loss: 1.1984, miRNA CL: 7.5781, Disease CL: 6.7090, Inter-view (est): 3.2970, Recon Loss: 0.0306, Time: 151.72s
[INFO] Hypergraph updated at epoch 200

🔧 Epoch 200 梯度检查:
================================================================================

  参数名称                              梯度范数         梯度均值 状态             
  ----------------------------------------------------------------------
  type_relations                0.223908     0.003795 ✅ 正常           
  exist_relation                0.010969     0.000393 ✅ 正常           
  mi_proj_layer0                0.030992     0.000090 ✅ 正常           
  dis_proj_layer0               0.029118     0.000088 ✅ 正常           
================================================================================

Epoch 200, Total Loss: 15.1643, Recover Loss: 1.1569, miRNA CL: 7.2734, Disease CL: 6.4668, Inter-view (est): 3.1708, Recon Loss: 0.0292, Time: 183.87s
[INFO] Hypergraph updated at epoch 250

🔧 Epoch 250 梯度检查:
================================================================================

  参数名称                              梯度范数         梯度均值 状态             
  ----------------------------------------------------------------------
  type_relations                0.206123     0.003302 ✅ 正常           
  exist_relation                0.020135     0.000612 ✅ 正常           
  mi_proj_layer0                0.031713     0.000087 ✅ 正常           
  dis_proj_layer0               0.028030     0.000083 ✅ 正常           
================================================================================

Epoch 250, Total Loss: 14.8353, Recover Loss: 1.1115, miRNA CL: 7.1082, Disease CL: 6.3545, Inter-view (est): 3.1068, Recon Loss: 0.0289, Time: 215.54s
[INFO] Hypergraph updated at epoch 300

🔧 Epoch 300 梯度检查:
================================================================================

  参数名称                              梯度范数         梯度均值 状态             
  ----------------------------------------------------------------------
  type_relations                0.165117     0.002773 ✅ 正常           
  exist_relation                0.014106     0.000476 ✅ 正常           
  mi_proj_layer0                0.023352     0.000067 ✅ 正常           
  dis_proj_layer0               0.025907     0.000077 ✅ 正常           
================================================================================

Epoch 300, Total Loss: 14.6472, Recover Loss: 1.0892, miRNA CL: 7.0208, Disease CL: 6.2816, Inter-view (est): 3.0698, Recon Loss: 0.0278, Time: 248.06s
[INFO] Hypergraph updated at epoch 350

🔧 Epoch 350 梯度检查:
================================================================================

  参数名称                              梯度范数         梯度均值 状态             
  ----------------------------------------------------------------------
  type_relations                0.169701     0.002975 ✅ 正常           
  exist_relation                0.013797     0.000449 ✅ 正常           
  mi_proj_layer0                0.023520     0.000071 ✅ 正常           
  dis_proj_layer0               0.029176     0.000087 ✅ 正常           
================================================================================

Epoch 350, Total Loss: 14.5065, Recover Loss: 1.0686, miRNA CL: 6.9501, Disease CL: 6.2360, Inter-view (est): 3.0430, Recon Loss: 0.0278, Time: 280.29s
[INFO] Hypergraph updated at epoch 400

🔧 Epoch 400 梯度检查:
================================================================================

  参数名称                              梯度范数         梯度均值 状态             
  ----------------------------------------------------------------------
  type_relations                0.181805     0.003250 ✅ 正常           
  exist_relation                0.012725     0.000417 ✅ 正常           
  mi_proj_layer0                0.028509     0.000081 ✅ 正常           
  dis_proj_layer0               0.027953     0.000083 ✅ 正常           
================================================================================

Epoch 400, Total Loss: 14.4134, Recover Loss: 1.0630, miRNA CL: 6.8905, Disease CL: 6.2104, Inter-view (est): 3.0233, Recon Loss: 0.0277, Time: 313.04s
[INFO] Hypergraph updated at epoch 450

🔧 Epoch 450 梯度检查:
================================================================================

  参数名称                              梯度范数         梯度均值 状态             
  ----------------------------------------------------------------------
  type_relations                0.169982     0.002981 ✅ 正常           
  exist_relation                0.012001     0.000450 ✅ 正常           
  mi_proj_layer0                0.023851     0.000069 ✅ 正常           
  dis_proj_layer0               0.027109     0.000080 ✅ 正常           
================================================================================

Epoch 450, Total Loss: 14.3033, Recover Loss: 1.0430, miRNA CL: 6.8172, Disease CL: 6.1956, Inter-view (est): 3.0029, Recon Loss: 0.0271, Time: 345.71s
[INFO] Hypergraph updated at epoch 500

🔧 Epoch 500 梯度检查:
================================================================================

  参数名称                              梯度范数         梯度均值 状态             
  ----------------------------------------------------------------------
  type_relations                0.158547     0.002956 ✅ 正常           
  exist_relation                0.011950     0.000418 ✅ 正常           
  mi_proj_layer0                0.024427     0.000071 ✅ 正常           
  dis_proj_layer0               0.026803     0.000080 ✅ 正常           
================================================================================

Epoch 500, Total Loss: 14.2458, Recover Loss: 1.0409, miRNA CL: 6.7738, Disease CL: 6.1855, Inter-view (est): 2.9906, Recon Loss: 0.0259, Time: 377.77s
[INFO] Hypergraph updated at epoch 550

🔧 Epoch 550 梯度检查:
================================================================================

  参数名称                              梯度范数         梯度均值 状态             
  ----------------------------------------------------------------------
  type_relations                0.147931     0.002749 ✅ 正常           
  exist_relation                0.012424     0.000454 ✅ 正常           
  mi_proj_layer0                0.022347     0.000068 ✅ 正常           
  dis_proj_layer0               0.026709     0.000078 ✅ 正常           
================================================================================

Epoch 550, Total Loss: 14.1923, Recover Loss: 1.0269, miRNA CL: 6.7428, Disease CL: 6.1770, Inter-view (est): 2.9815, Recon Loss: 0.0266, Time: 409.98s
[INFO] Hypergraph updated at epoch 600

🔧 Epoch 600 梯度检查:
================================================================================

  参数名称                              梯度范数         梯度均值 状态             
  ----------------------------------------------------------------------
  type_relations                0.165687     0.002902 ✅ 正常           
  exist_relation                0.009503     0.000379 ✅ 正常           
  mi_proj_layer0                0.026266     0.000075 ✅ 正常           
  dis_proj_layer0               0.027770     0.000081 ✅ 正常           
================================================================================

Epoch 600, Total Loss: 14.1601, Recover Loss: 1.0261, miRNA CL: 6.7195, Disease CL: 6.1693, Inter-view (est): 2.9743, Recon Loss: 0.0270, Time: 441.57s
[INFO] Hypergraph updated at epoch 650

🔧 Epoch 650 梯度检查:
================================================================================

  参数名称                              梯度范数         梯度均值 状态             
  ----------------------------------------------------------------------
  type_relations                0.152390     0.002854 ✅ 正常           
  exist_relation                0.010387     0.000395 ✅ 正常           
  mi_proj_layer0                0.026925     0.000073 ✅ 正常           
  dis_proj_layer0               0.029030     0.000084 ✅ 正常           
================================================================================

Epoch 650, Total Loss: 14.1394, Recover Loss: 1.0228, miRNA CL: 6.7102, Disease CL: 6.1622, Inter-view (est): 2.9705, Recon Loss: 0.0267, Time: 473.18s

================================================================================
Training completed. Running final test...
================================================================================
Fold 4 completed - AUC: 0.9629, Top-1 F1: 0.5790
Fold 4 training time: 473.99 seconds
=== Cross Validation Fold 5/5 ===
Using hidden dimensions: [256, 256] with 4 attention heads
[ABLATION] Running with mode = no_avf
优化模型初始化: miRNA数量 = 495, 疾病数量 = 383
   节点维度: 256 → 128
   类型数量: 4
   Temperature: 2.0 (可学习)
   exist_weight=0.100, type_weight=0.900

✅ SimplifiedMultiTypeAssociationLoss 初始化 (改进版)
   类别权重 (beta=0.99999): ['0.780', '1.822', '0.977', '0.421']
Original positive index shape: torch.Size([1072, 2])
Original negative index shape: torch.Size([135416, 2])
采样后负样本数量: 10720
🎯 Building TRUE DUAL VIEWS from four different sources...
📊 Data sources loaded:
  Disease semantic: torch.Size([383, 383])
  miRNA functional: torch.Size([495, 495])
  Disease-gene: torch.Size([383, 383])
  miRNA-sequence: torch.Size([495, 495])
🧬 Building miRNA dual-view hypergraphs...
  📊 miRNA View 1 (Sequence): torch.Size([495, 878])
  📊 miRNA View 2 (Function): torch.Size([495, 878])
🦠 Building disease dual-view hypergraphs...
  📊 Disease View 1 (Gene): torch.Size([383, 878])
  📊 Disease View 2 (Semantic): torch.Size([383, 878])
✅ Successfully built TRUE DUAL VIEWS:
   🧬 miRNA: Sequence Features (m_ss.xlsx) vs Functional Similarity (mi_fun_sim_2.0.csv)
   🦠 Disease: Gene Features (d_gs.xlsx) vs Semantic Similarity (dis_sem_sim_2.0.csv)

🔧 Epoch 1 梯度检查:
================================================================================

  参数名称                              梯度范数         梯度均值 状态             
  ----------------------------------------------------------------------
  type_relations                0.077860     0.002359 ✅ 正常           
  exist_relation                0.070561     0.004243 ✅ 正常           
  mi_proj_layer0                0.365643     0.001013 ✅ 正常           
  dis_proj_layer0               0.333676     0.000948 ✅ 正常           
================================================================================

Epoch 1, Total Loss: 20.4956, Recover Loss: 1.3248, miRNA CL: 8.9378, Disease CL: 8.4327, Inter-view (est): 4.0086, Recon Loss: 1.5023, Time: 0.67s
[INFO] Hypergraph updated at epoch 5
[INFO] Hypergraph updated at epoch 10
[INFO] Hypergraph updated at epoch 15
[INFO] Hypergraph updated at epoch 20
[INFO] Hypergraph updated at epoch 25
[INFO] Hypergraph updated at epoch 30
[INFO] Hypergraph updated at epoch 35
[INFO] Hypergraph updated at epoch 40
[INFO] Hypergraph updated at epoch 45
[INFO] Hypergraph updated at epoch 50

🔧 Epoch 50 梯度检查:
================================================================================

  参数名称                              梯度范数         梯度均值 状态             
  ----------------------------------------------------------------------
  type_relations                0.098155     0.002508 ✅ 正常           
  exist_relation                0.005063     0.000306 ✅ 正常           
  mi_proj_layer0                0.021804     0.000071 ✅ 正常           
  dis_proj_layer0               0.023678     0.000078 ✅ 正常           
================================================================================

Epoch 50, Total Loss: 17.3768, Recover Loss: 1.2819, miRNA CL: 7.9998, Disease CL: 7.7198, Inter-view (est): 3.6276, Recon Loss: 0.0950, Time: 93.60s
[INFO] Hypergraph updated at epoch 100

🔧 Epoch 100 梯度检查:
================================================================================

  参数名称                              梯度范数         梯度均值 状态             
  ----------------------------------------------------------------------
  type_relations                0.173276     0.003357 ✅ 正常           
  exist_relation                0.006183     0.000328 ✅ 正常           
  mi_proj_layer0                0.023355     0.000076 ✅ 正常           
  dis_proj_layer0               0.028162     0.000092 ✅ 正常           
================================================================================

Epoch 100, Total Loss: 16.2912, Recover Loss: 1.2547, miRNA CL: 7.7384, Disease CL: 7.0081, Inter-view (est): 3.4030, Recon Loss: 0.0312, Time: 126.85s
[INFO] Hypergraph updated at epoch 150

🔧 Epoch 150 梯度检查:
================================================================================

  参数名称                              梯度范数         梯度均值 状态             
  ----------------------------------------------------------------------
  type_relations                0.316307     0.004797 ✅ 正常           
  exist_relation                0.010761     0.000362 ✅ 正常           
  mi_proj_layer0                0.035975     0.000110 ✅ 正常           
  dis_proj_layer0               0.033230     0.000102 ✅ 正常           
================================================================================

Epoch 150, Total Loss: 15.6601, Recover Loss: 1.1945, miRNA CL: 7.5616, Disease CL: 6.6284, Inter-view (est): 3.2746, Recon Loss: 0.0306, Time: 158.92s
[INFO] Hypergraph updated at epoch 200

🔧 Epoch 200 梯度检查:
================================================================================

  参数名称                              梯度范数         梯度均值 状态             
  ----------------------------------------------------------------------
  type_relations                0.269416     0.004124 ✅ 正常           
  exist_relation                0.011216     0.000428 ✅ 正常           
  mi_proj_layer0                0.029668     0.000087 ✅ 正常           
  dis_proj_layer0               0.028847     0.000085 ✅ 正常           
================================================================================

Epoch 200, Total Loss: 15.1715, Recover Loss: 1.1473, miRNA CL: 7.3078, Disease CL: 6.4505, Inter-view (est): 3.1750, Recon Loss: 0.0294, Time: 190.90s
[INFO] Hypergraph updated at epoch 250

🔧 Epoch 250 梯度检查:
================================================================================

  参数名称                              梯度范数         梯度均值 状态             
  ----------------------------------------------------------------------
  type_relations                0.201658     0.003254 ✅ 正常           
  exist_relation                0.012834     0.000480 ✅ 正常           
  mi_proj_layer0                0.025498     0.000075 ✅ 正常           
  dis_proj_layer0               0.026629     0.000080 ✅ 正常           
================================================================================

Epoch 250, Total Loss: 14.8673, Recover Loss: 1.1173, miRNA CL: 7.1285, Disease CL: 6.3627, Inter-view (est): 3.1134, Recon Loss: 0.0279, Time: 222.49s
[INFO] Hypergraph updated at epoch 300

🔧 Epoch 300 梯度检查:
================================================================================

  参数名称                              梯度范数         梯度均值 状态             
  ----------------------------------------------------------------------
  type_relations                0.182877     0.003256 ✅ 正常           
  exist_relation                0.011302     0.000407 ✅ 正常           
  mi_proj_layer0                0.024806     0.000074 ✅ 正常           
  dis_proj_layer0               0.030663     0.000094 ✅ 正常           
================================================================================

Epoch 300, Total Loss: 14.6979, Recover Loss: 1.0977, miRNA CL: 7.0394, Disease CL: 6.3058, Inter-view (est): 3.0797, Recon Loss: 0.0280, Time: 254.43s
[INFO] Hypergraph updated at epoch 350

🔧 Epoch 350 梯度检查:
================================================================================

  参数名称                              梯度范数         梯度均值 状态             
  ----------------------------------------------------------------------
  type_relations                0.173810     0.003124 ✅ 正常           
  exist_relation                0.009529     0.000389 ✅ 正常           
  mi_proj_layer0                0.024237     0.000073 ✅ 正常           
  dis_proj_layer0               0.028400     0.000084 ✅ 正常           
================================================================================

Epoch 350, Total Loss: 14.5935, Recover Loss: 1.0721, miRNA CL: 6.9916, Disease CL: 6.2782, Inter-view (est): 3.0623, Recon Loss: 0.0267, Time: 286.36s
[INFO] Hypergraph updated at epoch 400

🔧 Epoch 400 梯度检查:
================================================================================

  参数名称                              梯度范数         梯度均值 状态             
  ----------------------------------------------------------------------
  type_relations                0.179214     0.003269 ✅ 正常           
  exist_relation                0.010984     0.000457 ✅ 正常           
  mi_proj_layer0                0.022548     0.000067 ✅ 正常           
  dis_proj_layer0               0.026347     0.000079 ✅ 正常           
================================================================================

Epoch 400, Total Loss: 14.4927, Recover Loss: 1.0512, miRNA CL: 6.9399, Disease CL: 6.2509, Inter-view (est): 3.0440, Recon Loss: 0.0277, Time: 317.91s
[INFO] Hypergraph updated at epoch 450

🔧 Epoch 450 梯度检查:
================================================================================

  参数名称                              梯度范数         梯度均值 状态             
  ----------------------------------------------------------------------
  type_relations                0.147369     0.002743 ✅ 正常           
  exist_relation                0.013399     0.000546 ✅ 正常           
  mi_proj_layer0                0.025072     0.000071 ✅ 正常           
  dis_proj_layer0               0.025912     0.000075 ✅ 正常           
================================================================================

Epoch 450, Total Loss: 14.3833, Recover Loss: 1.0374, miRNA CL: 6.8751, Disease CL: 6.2232, Inter-view (est): 3.0227, Recon Loss: 0.0270, Time: 350.06s
[INFO] Hypergraph updated at epoch 500

🔧 Epoch 500 梯度检查:
================================================================================

  参数名称                              梯度范数         梯度均值 状态             
  ----------------------------------------------------------------------
  type_relations                0.160323     0.002790 ✅ 正常           
  exist_relation                0.016460     0.000613 ✅ 正常           
  mi_proj_layer0                0.027524     0.000075 ✅ 正常           
  dis_proj_layer0               0.035412     0.000095 ✅ 正常           
================================================================================

Epoch 500, Total Loss: 14.3043, Recover Loss: 1.0354, miRNA CL: 6.8162, Disease CL: 6.2068, Inter-view (est): 3.0053, Recon Loss: 0.0267, Time: 382.54s
[INFO] Hypergraph updated at epoch 550

🔧 Epoch 550 梯度检查:
================================================================================

  参数名称                              梯度范数         梯度均值 状态             
  ----------------------------------------------------------------------
  type_relations                0.158022     0.002751 ✅ 正常           
  exist_relation                0.013745     0.000520 ✅ 正常           
  mi_proj_layer0                0.025688     0.000071 ✅ 正常           
  dis_proj_layer0               0.030580     0.000086 ✅ 正常           
================================================================================

Epoch 550, Total Loss: 14.2464, Recover Loss: 1.0221, miRNA CL: 6.7826, Disease CL: 6.1967, Inter-view (est): 2.9952, Recon Loss: 0.0266, Time: 415.10s
[INFO] Hypergraph updated at epoch 600

🔧 Epoch 600 梯度检查:
================================================================================

  参数名称                              梯度范数         梯度均值 状态             
  ----------------------------------------------------------------------
  type_relations                0.133345     0.002451 ✅ 正常           
  exist_relation                0.010674     0.000389 ✅ 正常           
  mi_proj_layer0                0.021158     0.000060 ✅ 正常           
  dis_proj_layer0               0.025820     0.000073 ✅ 正常           
================================================================================

Epoch 600, Total Loss: 14.1940, Recover Loss: 1.0125, miRNA CL: 6.7506, Disease CL: 6.1876, Inter-view (est): 2.9857, Recon Loss: 0.0257, Time: 447.21s
[INFO] Hypergraph updated at epoch 650

🔧 Epoch 650 梯度检查:
================================================================================

  参数名称                              梯度范数         梯度均值 状态             
  ----------------------------------------------------------------------
  type_relations                0.165648     0.002945 ✅ 正常           
  exist_relation                0.011277     0.000441 ✅ 正常           
  mi_proj_layer0                0.033193     0.000088 ✅ 正常           
  dis_proj_layer0               0.043839     0.000106 ✅ 正常           
================================================================================

Epoch 650, Total Loss: 14.1922, Recover Loss: 1.0234, miRNA CL: 6.7447, Disease CL: 6.1810, Inter-view (est): 2.9828, Recon Loss: 0.0261, Time: 478.95s

================================================================================
Training completed. Running final test...
================================================================================
Fold 5 completed - AUC: 0.9674, Top-1 F1: 0.6161
Fold 5 training time: 479.72 seconds
Average binary metrics across folds: [[0.96513255 0.95802743 0.91532357 0.91164179 0.95343284 0.86985075
  0.88093991]]
🎯 Average Top-1 metrics across folds: {'top1_precision': 0.5380597014925372, 'top1_recall': np.float64(0.6239554759458101), 'top1_f1': np.float64(0.5777116593967313)}

📊 CV_type Style Metrics Details:
  AUC            : 0.9651
  AUPR           : 0.9580
  F1             : 0.9153
  Accuracy       : 0.9116
  Recall         : 0.9534
  Specificity    : 0.8699
  Precision      : 0.8809

🎯 Top-1 Metrics Details:
  top1_precision : 0.5381
  top1_recall    : 0.6240
  top1_f1        : 0.5777

Total execution time: 2396.20 seconds

==========================================================================================
🎯 FINAL COMPREHENSIVE RESULTS WITH TOP-1 METRICS
==========================================================================================
📊 Binary Classification Metrics (Original):
  AUC: 0.9651
  AUPR: 0.9580
  F1: 0.9153
  Accuracy: 0.9116
  Recall: 0.9534
  Specificity: 0.8699
  Precision: 0.8809

🎯 CV_type Style Metrics (Enhanced):
  AUC: 0.9651
  AUPR: 0.9580
  F1: 0.9153
  Accuracy: 0.9116
  Recall: 0.9534
  Specificity: 0.8699
  Precision: 0.8809

🏆 Top-1 Metrics (NEW):
  Top-1 Precision: 0.5381
  Top-1 Recall: 0.6240
  Top-1 F1: 0.5777
==========================================================================================

[ABL] no_hgt (w=0.1)
[CPU] torch.set_num_threads(14), interop=min(4, 14)
Using device: cpu
[INFO] Auto-computed BALANCED class weights (to prevent class collapse):
  Circulation  (367 samples): 0.780
  Epigenetics  (157 samples): 1.823
  Target       (293 samples): 0.977
  Genetics     (681 samples): 0.420
  [NOTE] Higher weights for minority classes to prevent model from only predicting majority class
[INFO] Using v2.0_495m383D dataset:
  miRNAs: 495
  Diseases: 383
  Expected associations: ~1498
  Types: 4 (Circulation, Epigenetics, Target, Genetics)

================================================================================
Configuration Summary
================================================================================
Dataset: v2.0_495m383D
Data Path: ./
Model: HeterogenousGraphCLAMIR
  - HGT Layers: 2
  - Attention Heads: 4
  - Association Types: 4
  - Inter-view CL: Enabled
    - Weight: 0.3
    - Temperature: 0.5
    - Margin: 0.5

Training:
  - Epochs: 650
  - Learning Rate: 0.0001
  - Dropout: 0.3
  - Weight Decay: 5e-05
  - Focal Loss: Enabled

Evaluation:
  - Cross-Validation Folds: 5
  - Primary Metric: AUPR

Device: cpu
Random Seed: 1234
================================================================================

🚀 Running with comprehensive evaluation including Top-1 metrics...
🎯 Loading dual-view data...
Starting dual-view data preparation with new file format...
Loading all similarity and feature files from v2.0_495m383D...
✅ Loaded disease semantic similarity from D_SSM1.txt: (383, 383)
✅ Loaded miRNA functional similarity from M_FSM.txt: (495, 495)
✅ Loaded multi-type association pairs from ./v2.0_495m383D\multi_all_mirna_disease_pairs_without_negative.csv: (1679, 3)
✅ Created multi-type association matrix: (495, 383)
📊 Multi-type Association Statistics:
   无关联 (No association): 188087 pairs (99.21%)
   循环类型 (Circulation): 367 pairs (0.19%)
   表观遗传学 (Epigenetics): 157 pairs (0.08%)
   靶标类型 (Target): 293 pairs (0.15%)
   遗传学类型 (Genetics): 681 pairs (0.36%)
✅ Created association matrix from CSV: (495, 383)
✅ Loaded disease-gene features from D_SSM2.txt: torch.Size([383, 383])
✅ Loaded miRNA-sequence features from M_GSM.txt: torch.Size([495, 495])
Processing integrated similarity matrices...
Loaded similarity matrices from cache
Processing indices...
Loaded indices from cache
✅ Dual-view data preparation completed in 0.45 seconds

============================================================
🎯 DUAL-VIEW CONFIGURATION SUMMARY (v2.0_495m383D)
============================================================
miRNA Dual Views:
  📊 View 1 (Sequence): M_GSM.txt torch.Size([495, 495])
  📊 View 2 (Function): M_FSM.txt torch.Size([495, 495])

Disease Dual Views:
  📊 View 1 (Gene): D_SSM2.txt torch.Size([383, 383])
  📊 View 2 (Semantic): D_SSM1.txt torch.Size([383, 383])

Association Matrix: torch.Size([495, 383])
Data source: v2.0_495m383D (495 miRNAs × 383 Diseases)
============================================================
Preloading dual-view data to device...
✅ Loaded disease-gene features to device: torch.Size([383, 383])
✅ Loaded miRNA-sequence features to device: torch.Size([495, 495])
✅ Loaded disease semantic similarity to device: torch.Size([383, 383])
✅ Loaded miRNA functional similarity to device: torch.Size([495, 495])
✅ Dual-view data preloading completed in 0.00 seconds
OptimizedDataset initialized with 5 folds
Using device: cpu
=== Cross Validation Fold 1/5 ===
Using hidden dimensions: [256, 256] with 4 attention heads
[ABLATION] Running with mode = no_hgt
优化模型初始化: miRNA数量 = 495, 疾病数量 = 383
   节点维度: 256 → 128
   类型数量: 4
   Temperature: 2.0 (可学习)
   exist_weight=0.100, type_weight=0.900

✅ SimplifiedMultiTypeAssociationLoss 初始化 (改进版)
   类别权重 (beta=0.99999): ['0.780', '1.822', '0.977', '0.421']
Original positive index shape: torch.Size([1072, 2])
Original negative index shape: torch.Size([135416, 2])
采样后负样本数量: 10720
🎯 Building TRUE DUAL VIEWS from four different sources...
📊 Data sources loaded:
  Disease semantic: torch.Size([383, 383])
  miRNA functional: torch.Size([495, 495])
  Disease-gene: torch.Size([383, 383])
  miRNA-sequence: torch.Size([495, 495])
🧬 Building miRNA dual-view hypergraphs...
  📊 miRNA View 1 (Sequence): torch.Size([495, 878])
  📊 miRNA View 2 (Function): torch.Size([495, 878])
🦠 Building disease dual-view hypergraphs...
  📊 Disease View 1 (Gene): torch.Size([383, 878])
  📊 Disease View 2 (Semantic): torch.Size([383, 878])
✅ Successfully built TRUE DUAL VIEWS:
   🧬 miRNA: Sequence Features (m_ss.xlsx) vs Functional Similarity (mi_fun_sim_2.0.csv)
   🦠 Disease: Gene Features (d_gs.xlsx) vs Semantic Similarity (dis_sem_sim_2.0.csv)

🔧 Epoch 1 梯度检查:
================================================================================

  参数名称                              梯度范数         梯度均值 状态             
  ----------------------------------------------------------------------
  type_relations                0.079012     0.002387 ✅ 正常           
  exist_relation                0.365544     0.021415 ✅ 正常           
  mi_proj_layer0                0.920273     0.002759 ✅ 正常           
  dis_proj_layer0               0.899177     0.002479 ✅ 正常           
================================================================================

Epoch 1, Total Loss: 20.5970, Recover Loss: 1.3548, miRNA CL: 8.9735, Disease CL: 8.4526, Inter-view (est): 4.0214, Recon Loss: 1.5181, Time: 0.57s
[INFO] Hypergraph updated at epoch 5
[INFO] Hypergraph updated at epoch 10
[INFO] Hypergraph updated at epoch 15
[INFO] Hypergraph updated at epoch 20
[INFO] Hypergraph updated at epoch 25
[INFO] Hypergraph updated at epoch 30
[INFO] Hypergraph updated at epoch 35
[INFO] Hypergraph updated at epoch 40
[INFO] Hypergraph updated at epoch 45
[INFO] Hypergraph updated at epoch 50

🔧 Epoch 50 梯度检查:
================================================================================

  参数名称                              梯度范数         梯度均值 状态             
  ----------------------------------------------------------------------
  type_relations                0.155049     0.003910 ✅ 正常           
  exist_relation                0.007547     0.000417 ✅ 正常           
  mi_proj_layer0                0.034641     0.000121 ✅ 正常           
  dis_proj_layer0               0.023583     0.000085 ✅ 正常           
================================================================================

Epoch 50, Total Loss: 17.3643, Recover Loss: 1.2669, miRNA CL: 8.0231, Disease CL: 7.6980, Inter-view (est): 3.6280, Recon Loss: 0.1056, Time: 27.28s
[INFO] Hypergraph updated at epoch 100

🔧 Epoch 100 梯度检查:
================================================================================

  参数名称                              梯度范数         梯度均值 状态             
  ----------------------------------------------------------------------
  type_relations                0.268708     0.004971 ✅ 正常           
  exist_relation                0.015600     0.000537 ✅ 正常           
  mi_proj_layer0                0.064735     0.000198 ✅ 正常           
  dis_proj_layer0               0.051595     0.000157 ✅ 正常           
================================================================================

Epoch 100, Total Loss: 16.1636, Recover Loss: 1.2108, miRNA CL: 7.7457, Disease CL: 6.9363, Inter-view (est): 3.3882, Recon Loss: 0.0297, Time: 54.59s
[INFO] Hypergraph updated at epoch 150

🔧 Epoch 150 梯度检查:
================================================================================

  参数名称                              梯度范数         梯度均值 状态             
  ----------------------------------------------------------------------
  type_relations                0.268204     0.005180 ✅ 正常           
  exist_relation                0.016008     0.000522 ✅ 正常           
  mi_proj_layer0                0.089185     0.000249 ✅ 正常           
  dis_proj_layer0               0.094887     0.000256 ✅ 正常           
================================================================================

Epoch 150, Total Loss: 15.4846, Recover Loss: 1.1589, miRNA CL: 7.5352, Disease CL: 6.5396, Inter-view (est): 3.2480, Recon Loss: 0.0298, Time: 81.31s
[INFO] Hypergraph updated at epoch 200

🔧 Epoch 200 梯度检查:
================================================================================

  参数名称                              梯度范数         梯度均值 状态             
  ----------------------------------------------------------------------
  type_relations                0.232510     0.004631 ✅ 正常           
  exist_relation                0.015297     0.000500 ✅ 正常           
  mi_proj_layer0                0.083557     0.000247 ✅ 正常           
  dis_proj_layer0               0.065472     0.000194 ✅ 正常           
================================================================================

Epoch 200, Total Loss: 15.0317, Recover Loss: 1.1138, miRNA CL: 7.2900, Disease CL: 6.3914, Inter-view (est): 3.1572, Recon Loss: 0.0289, Time: 108.74s
[INFO] Hypergraph updated at epoch 250

🔧 Epoch 250 梯度检查:
================================================================================

  参数名称                              梯度范数         梯度均值 状态             
  ----------------------------------------------------------------------
  type_relations                0.203539     0.004266 ✅ 正常           
  exist_relation                0.013285     0.000509 ✅ 正常           
  mi_proj_layer0                0.088249     0.000259 ✅ 正常           
  dis_proj_layer0               0.066432     0.000200 ✅ 正常           
================================================================================

Epoch 250, Total Loss: 14.7928, Recover Loss: 1.0879, miRNA CL: 7.1548, Disease CL: 6.3225, Inter-view (est): 3.1101, Recon Loss: 0.0284, Time: 136.40s
[INFO] Hypergraph updated at epoch 300

🔧 Epoch 300 梯度检查:
================================================================================

  参数名称                              梯度范数         梯度均值 状态             
  ----------------------------------------------------------------------
  type_relations                0.192851     0.004227 ✅ 正常           
  exist_relation                0.010080     0.000405 ✅ 正常           
  mi_proj_layer0                0.116152     0.000308 ✅ 正常           
  dis_proj_layer0               0.087198     0.000267 ✅ 正常           
================================================================================

Epoch 300, Total Loss: 14.6010, Recover Loss: 1.0650, miRNA CL: 7.0507, Disease CL: 6.2648, Inter-view (est): 3.0728, Recon Loss: 0.0288, Time: 163.85s
[INFO] Hypergraph updated at epoch 350

🔧 Epoch 350 梯度检查:
================================================================================

  参数名称                              梯度范数         梯度均值 状态             
  ----------------------------------------------------------------------
  type_relations                0.193396     0.004268 ✅ 正常           
  exist_relation                0.007601     0.000358 ✅ 正常           
  mi_proj_layer0                0.097819     0.000301 ✅ 正常           
  dis_proj_layer0               0.071506     0.000228 ✅ 正常           
================================================================================

Epoch 350, Total Loss: 14.4638, Recover Loss: 1.0432, miRNA CL: 6.9785, Disease CL: 6.2282, Inter-view (est): 3.0477, Recon Loss: 0.0276, Time: 191.68s
[INFO] Hypergraph updated at epoch 400

🔧 Epoch 400 梯度检查:
================================================================================

  参数名称                              梯度范数         梯度均值 状态             
  ----------------------------------------------------------------------
  type_relations                0.186140     0.004310 ✅ 正常           
  exist_relation                0.009407     0.000390 ✅ 正常           
  mi_proj_layer0                0.119303     0.000358 ✅ 正常           
  dis_proj_layer0               0.100617     0.000320 ✅ 正常           
================================================================================

Epoch 400, Total Loss: 14.3720, Recover Loss: 1.0368, miRNA CL: 6.9201, Disease CL: 6.2047, Inter-view (est): 3.0288, Recon Loss: 0.0276, Time: 219.39s
[INFO] Hypergraph updated at epoch 450

🔧 Epoch 450 梯度检查:
================================================================================

  参数名称                              梯度范数         梯度均值 状态             
  ----------------------------------------------------------------------
  type_relations                0.183379     0.004195 ✅ 正常           
  exist_relation                0.011804     0.000519 ✅ 正常           
  mi_proj_layer0                0.138922     0.000403 ✅ 正常           
  dis_proj_layer0               0.118128     0.000340 ✅ 正常           
================================================================================

Epoch 450, Total Loss: 14.2593, Recover Loss: 1.0163, miRNA CL: 6.8472, Disease CL: 6.1885, Inter-view (est): 3.0082, Recon Loss: 0.0271, Time: 247.70s
[INFO] Hypergraph updated at epoch 500

🔧 Epoch 500 梯度检查:
================================================================================

  参数名称                              梯度范数         梯度均值 状态             
  ----------------------------------------------------------------------
  type_relations                0.176360     0.004045 ✅ 正常           
  exist_relation                0.011728     0.000497 ✅ 正常           
  mi_proj_layer0                0.120441     0.000358 ✅ 正常           
  dis_proj_layer0               0.109088     0.000304 ✅ 正常           
================================================================================

Epoch 500, Total Loss: 14.1841, Recover Loss: 1.0026, miRNA CL: 6.7962, Disease CL: 6.1796, Inter-view (est): 2.9944, Recon Loss: 0.0269, Time: 274.85s
[INFO] Hypergraph updated at epoch 550

🔧 Epoch 550 梯度检查:
================================================================================

  参数名称                              梯度范数         梯度均值 状态             
  ----------------------------------------------------------------------
  type_relations                0.167864     0.003901 ✅ 正常           
  exist_relation                0.008524     0.000361 ✅ 正常           
  mi_proj_layer0                0.104133     0.000325 ✅ 正常           
  dis_proj_layer0               0.085464     0.000263 ✅ 正常           
================================================================================

Epoch 550, Total Loss: 14.1348, Recover Loss: 0.9925, miRNA CL: 6.7645, Disease CL: 6.1733, Inter-view (est): 2.9856, Recon Loss: 0.0268, Time: 302.32s
[INFO] Hypergraph updated at epoch 600

🔧 Epoch 600 梯度检查:
================================================================================

  参数名称                              梯度范数         梯度均值 状态             
  ----------------------------------------------------------------------
  type_relations                0.159955     0.003765 ✅ 正常           
  exist_relation                0.007874     0.000364 ✅ 正常           
  mi_proj_layer0                0.120597     0.000351 ✅ 正常           
  dis_proj_layer0               0.100290     0.000312 ✅ 正常           
================================================================================

Epoch 600, Total Loss: 14.1023, Recover Loss: 0.9905, miRNA CL: 6.7405, Disease CL: 6.1674, Inter-view (est): 2.9788, Recon Loss: 0.0271, Time: 329.81s
[INFO] Hypergraph updated at epoch 650

🔧 Epoch 650 梯度检查:
================================================================================

  参数名称                              梯度范数         梯度均值 状态             
  ----------------------------------------------------------------------
  type_relations                0.164617     0.003830 ✅ 正常           
  exist_relation                0.008200     0.000372 ✅ 正常           
  mi_proj_layer0                0.102521     0.000326 ✅ 正常           
  dis_proj_layer0               0.097021     0.000300 ✅ 正常           
================================================================================

Epoch 650, Total Loss: 14.0690, Recover Loss: 0.9858, miRNA CL: 6.7198, Disease CL: 6.1612, Inter-view (est): 2.9725, Recon Loss: 0.0264, Time: 357.16s

================================================================================
Training completed. Running final test...
================================================================================
Fold 1 completed - AUC: 0.9670, Top-1 F1: 0.6841
Fold 1 training time: 358.23 seconds
=== Cross Validation Fold 2/5 ===
Using hidden dimensions: [256, 256] with 4 attention heads
[ABLATION] Running with mode = no_hgt
优化模型初始化: miRNA数量 = 495, 疾病数量 = 383
   节点维度: 256 → 128
   类型数量: 4
   Temperature: 2.0 (可学习)
   exist_weight=0.100, type_weight=0.900

✅ SimplifiedMultiTypeAssociationLoss 初始化 (改进版)
   类别权重 (beta=0.99999): ['0.780', '1.822', '0.977', '0.421']
Original positive index shape: torch.Size([1072, 2])
Original negative index shape: torch.Size([135416, 2])
采样后负样本数量: 10720
🎯 Building TRUE DUAL VIEWS from four different sources...
📊 Data sources loaded:
  Disease semantic: torch.Size([383, 383])
  miRNA functional: torch.Size([495, 495])
  Disease-gene: torch.Size([383, 383])
  miRNA-sequence: torch.Size([495, 495])
🧬 Building miRNA dual-view hypergraphs...
  📊 miRNA View 1 (Sequence): torch.Size([495, 878])
  📊 miRNA View 2 (Function): torch.Size([495, 878])
🦠 Building disease dual-view hypergraphs...
  📊 Disease View 1 (Gene): torch.Size([383, 878])
  📊 Disease View 2 (Semantic): torch.Size([383, 878])
✅ Successfully built TRUE DUAL VIEWS:
   🧬 miRNA: Sequence Features (m_ss.xlsx) vs Functional Similarity (mi_fun_sim_2.0.csv)
   🦠 Disease: Gene Features (d_gs.xlsx) vs Semantic Similarity (dis_sem_sim_2.0.csv)

🔧 Epoch 1 梯度检查:
================================================================================

  参数名称                              梯度范数         梯度均值 状态             
  ----------------------------------------------------------------------
  type_relations                0.081165     0.002435 ✅ 正常           
  exist_relation                0.190304     0.011201 ✅ 正常           
  mi_proj_layer0                0.578556     0.001675 ✅ 正常           
  dis_proj_layer0               0.299026     0.000919 ✅ 正常           
================================================================================

Epoch 1, Total Loss: 20.5193, Recover Loss: 1.3150, miRNA CL: 8.8939, Disease CL: 8.4544, Inter-view (est): 4.0035, Recon Loss: 1.5578, Time: 0.53s
[INFO] Hypergraph updated at epoch 5
[INFO] Hypergraph updated at epoch 10
[INFO] Hypergraph updated at epoch 15
[INFO] Hypergraph updated at epoch 20
[INFO] Hypergraph updated at epoch 25
[INFO] Hypergraph updated at epoch 30
[INFO] Hypergraph updated at epoch 35
[INFO] Hypergraph updated at epoch 40
[INFO] Hypergraph updated at epoch 45
[INFO] Hypergraph updated at epoch 50

🔧 Epoch 50 梯度检查:
================================================================================

  参数名称                              梯度范数         梯度均值 状态             
  ----------------------------------------------------------------------
  type_relations                0.185716     0.004288 ✅ 正常           
  exist_relation                0.007124     0.000351 ✅ 正常           
  mi_proj_layer0                0.037049     0.000134 ✅ 正常           
  dis_proj_layer0               0.025181     0.000090 ✅ 正常           
================================================================================

Epoch 50, Total Loss: 17.5431, Recover Loss: 1.2616, miRNA CL: 8.0703, Disease CL: 7.7442, Inter-view (est): 3.6495, Recon Loss: 0.1957, Time: 27.42s
[INFO] Hypergraph updated at epoch 100

🔧 Epoch 100 梯度检查:
================================================================================

  参数名称                              梯度范数         梯度均值 状态             
  ----------------------------------------------------------------------
  type_relations                0.272335     0.005390 ✅ 正常           
  exist_relation                0.009591     0.000378 ✅ 正常           
  mi_proj_layer0                0.063717     0.000200 ✅ 正常           
  dis_proj_layer0               0.043993     0.000138 ✅ 正常           
================================================================================

Epoch 100, Total Loss: 16.3263, Recover Loss: 1.2092, miRNA CL: 7.7721, Disease CL: 7.0702, Inter-view (est): 3.4251, Recon Loss: 0.0323, Time: 55.19s
[INFO] Hypergraph updated at epoch 150

🔧 Epoch 150 梯度检查:
================================================================================

  参数名称                              梯度范数         梯度均值 状态             
  ----------------------------------------------------------------------
  type_relations                0.268473     0.005750 ✅ 正常           
  exist_relation                0.013040     0.000473 ✅ 正常           
  mi_proj_layer0                0.082916     0.000260 ✅ 正常           
  dis_proj_layer0               0.066364     0.000212 ✅ 正常           
================================================================================

Epoch 150, Total Loss: 15.6972, Recover Loss: 1.1565, miRNA CL: 7.6055, Disease CL: 6.6832, Inter-view (est): 3.2974, Recon Loss: 0.0302, Time: 82.84s
[INFO] Hypergraph updated at epoch 200

🔧 Epoch 200 梯度检查:
================================================================================

  参数名称                              梯度范数         梯度均值 状态             
  ----------------------------------------------------------------------
  type_relations                0.246586     0.005679 ✅ 正常           
  exist_relation                0.009223     0.000407 ✅ 正常           
  mi_proj_layer0                0.072378     0.000241 ✅ 正常           
  dis_proj_layer0               0.059605     0.000210 ✅ 正常           
================================================================================

Epoch 200, Total Loss: 15.1223, Recover Loss: 1.1000, miRNA CL: 7.3013, Disease CL: 6.4836, Inter-view (est): 3.1811, Recon Loss: 0.0300, Time: 110.31s
[INFO] Hypergraph updated at epoch 250

🔧 Epoch 250 梯度检查:
================================================================================

  参数名称                              梯度范数         梯度均值 状态             
  ----------------------------------------------------------------------
  type_relations                0.217764     0.005190 ✅ 正常           
  exist_relation                0.010843     0.000442 ✅ 正常           
  mi_proj_layer0                0.081697     0.000255 ✅ 正常           
  dis_proj_layer0               0.087479     0.000293 ✅ 正常           
================================================================================

Epoch 250, Total Loss: 14.8124, Recover Loss: 1.0608, miRNA CL: 7.1351, Disease CL: 6.3899, Inter-view (est): 3.1212, Recon Loss: 0.0295, Time: 137.73s
[INFO] Hypergraph updated at epoch 300

🔧 Epoch 300 梯度检查:
================================================================================

  参数名称                              梯度范数         梯度均值 状态             
  ----------------------------------------------------------------------
  type_relations                0.209910     0.004927 ✅ 正常           
  exist_relation                0.011406     0.000468 ✅ 正常           
  mi_proj_layer0                0.096782     0.000314 ✅ 正常           
  dis_proj_layer0               0.092101     0.000313 ✅ 正常           
================================================================================

Epoch 300, Total Loss: 14.6694, Recover Loss: 1.0391, miRNA CL: 7.0652, Disease CL: 6.3450, Inter-view (est): 3.0947, Recon Loss: 0.0290, Time: 165.59s
[INFO] Hypergraph updated at epoch 350

🔧 Epoch 350 梯度检查:
================================================================================

  参数名称                              梯度范数         梯度均值 状态             
  ----------------------------------------------------------------------
  type_relations                0.202788     0.004877 ✅ 正常           
  exist_relation                0.008177     0.000367 ✅ 正常           
  mi_proj_layer0                0.112759     0.000328 ✅ 正常           
  dis_proj_layer0               0.116962     0.000382 ✅ 正常           
================================================================================

Epoch 350, Total Loss: 14.5555, Recover Loss: 1.0276, miRNA CL: 7.0095, Disease CL: 6.3039, Inter-view (est): 3.0723, Recon Loss: 0.0280, Time: 192.65s
[INFO] Hypergraph updated at epoch 400

🔧 Epoch 400 梯度检查:
================================================================================

  参数名称                              梯度范数         梯度均值 状态             
  ----------------------------------------------------------------------
  type_relations                0.184306     0.004530 ✅ 正常           
  exist_relation                0.008974     0.000410 ✅ 正常           
  mi_proj_layer0                0.133107     0.000401 ✅ 正常           
  dis_proj_layer0               0.139120     0.000441 ✅ 正常           
================================================================================

Epoch 400, Total Loss: 14.4394, Recover Loss: 1.0103, miRNA CL: 6.9557, Disease CL: 6.2636, Inter-view (est): 3.0506, Recon Loss: 0.0274, Time: 220.21s
[INFO] Hypergraph updated at epoch 450

🔧 Epoch 450 梯度检查:
================================================================================

  参数名称                              梯度范数         梯度均值 状态             
  ----------------------------------------------------------------------
  type_relations                0.172210     0.004262 ✅ 正常           
  exist_relation                0.011525     0.000499 ✅ 正常           
  mi_proj_layer0                0.112434     0.000349 ✅ 正常           
  dis_proj_layer0               0.127649     0.000381 ✅ 正常           
================================================================================

Epoch 450, Total Loss: 14.3153, Recover Loss: 0.9918, miRNA CL: 6.8854, Disease CL: 6.2321, Inter-view (est): 3.0271, Recon Loss: 0.0272, Time: 247.71s
[INFO] Hypergraph updated at epoch 500

🔧 Epoch 500 梯度检查:
================================================================================

  参数名称                              梯度范数         梯度均值 状态             
  ----------------------------------------------------------------------
  type_relations                0.155782     0.003821 ✅ 正常           
  exist_relation                0.008850     0.000403 ✅ 正常           
  mi_proj_layer0                0.112034     0.000355 ✅ 正常           
  dis_proj_layer0               0.110445     0.000354 ✅ 正常           
================================================================================

Epoch 500, Total Loss: 14.2105, Recover Loss: 0.9756, miRNA CL: 6.8164, Disease CL: 6.2154, Inter-view (est): 3.0073, Recon Loss: 0.0267, Time: 275.10s
[INFO] Hypergraph updated at epoch 550

🔧 Epoch 550 梯度检查:
================================================================================

  参数名称                              梯度范数         梯度均值 状态             
  ----------------------------------------------------------------------
  type_relations                0.160208     0.003933 ✅ 正常           
  exist_relation                0.010168     0.000408 ✅ 正常           
  mi_proj_layer0                0.116769     0.000343 ✅ 正常           
  dis_proj_layer0               0.118738     0.000373 ✅ 正常           
================================================================================

Epoch 550, Total Loss: 14.1803, Recover Loss: 0.9709, miRNA CL: 6.8026, Disease CL: 6.2052, Inter-view (est): 3.0018, Recon Loss: 0.0266, Time: 302.60s
[INFO] Hypergraph updated at epoch 600

🔧 Epoch 600 梯度检查:
================================================================================

  参数名称                              梯度范数         梯度均值 状态             
  ----------------------------------------------------------------------
  type_relations                0.159475     0.003886 ✅ 正常           
  exist_relation                0.007872     0.000361 ✅ 正常           
  mi_proj_layer0                0.129576     0.000374 ✅ 正常           
  dis_proj_layer0               0.152274     0.000453 ✅ 正常           
================================================================================

Epoch 600, Total Loss: 14.1304, Recover Loss: 0.9655, miRNA CL: 6.7663, Disease CL: 6.1982, Inter-view (est): 2.9918, Recon Loss: 0.0265, Time: 330.54s
[INFO] Hypergraph updated at epoch 650

🔧 Epoch 650 梯度检查:
================================================================================

  参数名称                              梯度范数         梯度均值 状态             
  ----------------------------------------------------------------------
  type_relations                0.164142     0.004007 ✅ 正常           
  exist_relation                0.010508     0.000478 ✅ 正常           
  mi_proj_layer0                0.125619     0.000362 ✅ 正常           
  dis_proj_layer0               0.147459     0.000448 ✅ 正常           
================================================================================

Epoch 650, Total Loss: 14.1087, Recover Loss: 0.9692, miRNA CL: 6.7490, Disease CL: 6.1915, Inter-view (est): 2.9863, Recon Loss: 0.0261, Time: 358.72s

================================================================================
Training completed. Running final test...
================================================================================
Fold 2 completed - AUC: 0.9529, Top-1 F1: 0.6482
Fold 2 training time: 359.48 seconds
=== Cross Validation Fold 3/5 ===
Using hidden dimensions: [256, 256] with 4 attention heads
[ABLATION] Running with mode = no_hgt
优化模型初始化: miRNA数量 = 495, 疾病数量 = 383
   节点维度: 256 → 128
   类型数量: 4
   Temperature: 2.0 (可学习)
   exist_weight=0.100, type_weight=0.900

✅ SimplifiedMultiTypeAssociationLoss 初始化 (改进版)
   类别权重 (beta=0.99999): ['0.780', '1.822', '0.977', '0.421']
Original positive index shape: torch.Size([1072, 2])
Original negative index shape: torch.Size([135416, 2])
采样后负样本数量: 10720
🎯 Building TRUE DUAL VIEWS from four different sources...
📊 Data sources loaded:
  Disease semantic: torch.Size([383, 383])
  miRNA functional: torch.Size([495, 495])
  Disease-gene: torch.Size([383, 383])
  miRNA-sequence: torch.Size([495, 495])
🧬 Building miRNA dual-view hypergraphs...
  📊 miRNA View 1 (Sequence): torch.Size([495, 878])
  📊 miRNA View 2 (Function): torch.Size([495, 878])
🦠 Building disease dual-view hypergraphs...
  📊 Disease View 1 (Gene): torch.Size([383, 878])
  📊 Disease View 2 (Semantic): torch.Size([383, 878])
✅ Successfully built TRUE DUAL VIEWS:
   🧬 miRNA: Sequence Features (m_ss.xlsx) vs Functional Similarity (mi_fun_sim_2.0.csv)
   🦠 Disease: Gene Features (d_gs.xlsx) vs Semantic Similarity (dis_sem_sim_2.0.csv)

🔧 Epoch 1 梯度检查:
================================================================================

  参数名称                              梯度范数         梯度均值 状态             
  ----------------------------------------------------------------------
  type_relations                0.087807     0.002571 ✅ 正常           
  exist_relation                0.417528     0.024975 ✅ 正常           
  mi_proj_layer0                1.099453     0.003651 ✅ 正常           
  dis_proj_layer0               0.754697     0.002395 ✅ 正常           
================================================================================

Epoch 1, Total Loss: 20.4827, Recover Loss: 1.3805, miRNA CL: 8.8302, Disease CL: 8.4681, Inter-view (est): 3.9919, Recon Loss: 1.5063, Time: 0.54s
[INFO] Hypergraph updated at epoch 5
[INFO] Hypergraph updated at epoch 10
[INFO] Hypergraph updated at epoch 15
[INFO] Hypergraph updated at epoch 20
[INFO] Hypergraph updated at epoch 25
[INFO] Hypergraph updated at epoch 30
[INFO] Hypergraph updated at epoch 35
[INFO] Hypergraph updated at epoch 40
[INFO] Hypergraph updated at epoch 45
[INFO] Hypergraph updated at epoch 50

🔧 Epoch 50 梯度检查:
================================================================================

  参数名称                              梯度范数         梯度均值 状态             
  ----------------------------------------------------------------------
  type_relations                0.121896     0.003185 ✅ 正常           
  exist_relation                0.008027     0.000467 ✅ 正常           
  mi_proj_layer0                0.036403     0.000128 ✅ 正常           
  dis_proj_layer0               0.026444     0.000092 ✅ 正常           
================================================================================

Epoch 50, Total Loss: 17.4627, Recover Loss: 1.2729, miRNA CL: 7.9868, Disease CL: 7.8144, Inter-view (est): 3.6464, Recon Loss: 0.1173, Time: 28.03s
[INFO] Hypergraph updated at epoch 100

🔧 Epoch 100 梯度检查:
================================================================================

  参数名称                              梯度范数         梯度均值 状态             
  ----------------------------------------------------------------------
  type_relations                0.252345     0.005135 ✅ 正常           
  exist_relation                0.011370     0.000484 ✅ 正常           
  mi_proj_layer0                0.069874     0.000211 ✅ 正常           
  dis_proj_layer0               0.038521     0.000124 ✅ 正常           
================================================================================

Epoch 100, Total Loss: 16.2568, Recover Loss: 1.2198, miRNA CL: 7.7384, Disease CL: 7.0256, Inter-view (est): 3.4071, Recon Loss: 0.0313, Time: 55.65s
[INFO] Hypergraph updated at epoch 150

🔧 Epoch 150 梯度检查:
================================================================================

  参数名称                              梯度范数         梯度均值 状态             
  ----------------------------------------------------------------------
  type_relations                0.250746     0.005411 ✅ 正常           
  exist_relation                0.010371     0.000414 ✅ 正常           
  mi_proj_layer0                0.073568     0.000246 ✅ 正常           
  dis_proj_layer0               0.039992     0.000133 ✅ 正常           
================================================================================

Epoch 150, Total Loss: 15.6121, Recover Loss: 1.1673, miRNA CL: 7.5647, Disease CL: 6.6288, Inter-view (est): 3.2754, Recon Loss: 0.0299, Time: 83.18s
[INFO] Hypergraph updated at epoch 200

🔧 Epoch 200 梯度检查:
================================================================================

  参数名称                              梯度范数         梯度均值 状态             
  ----------------------------------------------------------------------
  type_relations                0.253763     0.005286 ✅ 正常           
  exist_relation                0.012505     0.000517 ✅ 正常           
  mi_proj_layer0                0.076421     0.000247 ✅ 正常           
  dis_proj_layer0               0.051660     0.000163 ✅ 正常           
================================================================================

Epoch 200, Total Loss: 15.1197, Recover Loss: 1.1229, miRNA CL: 7.3337, Disease CL: 6.4263, Inter-view (est): 3.1754, Recon Loss: 0.0291, Time: 111.02s
[INFO] Hypergraph updated at epoch 250

🔧 Epoch 250 梯度检查:
================================================================================

  参数名称                              梯度范数         梯度均值 状态             
  ----------------------------------------------------------------------
  type_relations                0.214489     0.004841 ✅ 正常           
  exist_relation                0.011973     0.000482 ✅ 正常           
  mi_proj_layer0                0.101946     0.000321 ✅ 正常           
  dis_proj_layer0               0.075797     0.000243 ✅ 正常           
================================================================================

Epoch 250, Total Loss: 14.7837, Recover Loss: 1.0882, miRNA CL: 7.1200, Disease CL: 6.3492, Inter-view (est): 3.1083, Recon Loss: 0.0289, Time: 138.50s
[INFO] Hypergraph updated at epoch 300

🔧 Epoch 300 梯度检查:
================================================================================

  参数名称                              梯度范数         梯度均值 状态             
  ----------------------------------------------------------------------
  type_relations                0.212414     0.004725 ✅ 正常           
  exist_relation                0.013234     0.000551 ✅ 正常           
  mi_proj_layer0                0.099786     0.000304 ✅ 正常           
  dis_proj_layer0               0.069950     0.000225 ✅ 正常           
================================================================================

Epoch 300, Total Loss: 14.6374, Recover Loss: 1.0581, miRNA CL: 7.0413, Disease CL: 6.3181, Inter-view (est): 3.0829, Recon Loss: 0.0277, Time: 166.02s
[INFO] Hypergraph updated at epoch 350

🔧 Epoch 350 梯度检查:
================================================================================

  参数名称                              梯度范数         梯度均值 状态             
  ----------------------------------------------------------------------
  type_relations                0.204060     0.004603 ✅ 正常           
  exist_relation                0.010292     0.000453 ✅ 正常           
  mi_proj_layer0                0.106112     0.000304 ✅ 正常           
  dis_proj_layer0               0.094056     0.000291 ✅ 正常           
================================================================================

Epoch 350, Total Loss: 14.5484, Recover Loss: 1.0428, miRNA CL: 6.9944, Disease CL: 6.2948, Inter-view (est): 3.0667, Recon Loss: 0.0280, Time: 193.40s
[INFO] Hypergraph updated at epoch 400

🔧 Epoch 400 梯度检查:
================================================================================

  参数名称                              梯度范数         梯度均值 状态             
  ----------------------------------------------------------------------
  type_relations                0.191822     0.004489 ✅ 正常           
  exist_relation                0.008491     0.000365 ✅ 正常           
  mi_proj_layer0                0.094543     0.000287 ✅ 正常           
  dis_proj_layer0               0.101358     0.000314 ✅ 正常           
================================================================================

Epoch 400, Total Loss: 14.4478, Recover Loss: 1.0217, miRNA CL: 6.9441, Disease CL: 6.2693, Inter-view (est): 3.0492, Recon Loss: 0.0279, Time: 220.75s
[INFO] Hypergraph updated at epoch 450

🔧 Epoch 450 梯度检查:
================================================================================

  参数名称                              梯度范数         梯度均值 状态             
  ----------------------------------------------------------------------
  type_relations                0.172796     0.004068 ✅ 正常           
  exist_relation                0.009383     0.000409 ✅ 正常           
  mi_proj_layer0                0.103258     0.000332 ✅ 正常           
  dis_proj_layer0               0.113913     0.000337 ✅ 正常           
================================================================================

Epoch 450, Total Loss: 14.3433, Recover Loss: 1.0015, miRNA CL: 6.8871, Disease CL: 6.2455, Inter-view (est): 3.0306, Recon Loss: 0.0277, Time: 248.32s
[INFO] Hypergraph updated at epoch 500

🔧 Epoch 500 梯度检查:
================================================================================

  参数名称                              梯度范数         梯度均值 状态             
  ----------------------------------------------------------------------
  type_relations                0.162402     0.003896 ✅ 正常           
  exist_relation                0.007742     0.000336 ✅ 正常           
  mi_proj_layer0                0.125133     0.000354 ✅ 正常           
  dis_proj_layer0               0.113455     0.000323 ✅ 正常           
================================================================================

Epoch 500, Total Loss: 14.2636, Recover Loss: 0.9916, miRNA CL: 6.8382, Disease CL: 6.2276, Inter-view (est): 3.0152, Recon Loss: 0.0269, Time: 276.06s
[INFO] Hypergraph updated at epoch 550

🔧 Epoch 550 梯度检查:
================================================================================

  参数名称                              梯度范数         梯度均值 状态             
  ----------------------------------------------------------------------
  type_relations                0.157755     0.003784 ✅ 正常           
  exist_relation                0.009083     0.000378 ✅ 正常           
  mi_proj_layer0                0.112708     0.000329 ✅ 正常           
  dis_proj_layer0               0.115552     0.000338 ✅ 正常           
================================================================================

Epoch 550, Total Loss: 14.1985, Recover Loss: 0.9859, miRNA CL: 6.7933, Disease CL: 6.2149, Inter-view (est): 3.0019, Recon Loss: 0.0266, Time: 303.53s
[INFO] Hypergraph updated at epoch 600

🔧 Epoch 600 梯度检查:
================================================================================

  参数名称                              梯度范数         梯度均值 状态             
  ----------------------------------------------------------------------
  type_relations                0.148325     0.003500 ✅ 正常           
  exist_relation                0.008524     0.000400 ✅ 正常           
  mi_proj_layer0                0.106348     0.000311 ✅ 正常           
  dis_proj_layer0               0.084075     0.000255 ✅ 正常           
================================================================================

Epoch 600, Total Loss: 14.1446, Recover Loss: 0.9758, miRNA CL: 6.7615, Disease CL: 6.2046, Inter-view (est): 2.9922, Recon Loss: 0.0261, Time: 331.05s
[INFO] Hypergraph updated at epoch 650

🔧 Epoch 650 梯度检查:
================================================================================

  参数名称                              梯度范数         梯度均值 状态             
  ----------------------------------------------------------------------
  type_relations                0.135525     0.003223 ✅ 正常           
  exist_relation                0.009265     0.000400 ✅ 正常           
  mi_proj_layer0                0.097420     0.000277 ✅ 正常           
  dis_proj_layer0               0.095550     0.000283 ✅ 正常           
================================================================================

Epoch 650, Total Loss: 14.1056, Recover Loss: 0.9687, miRNA CL: 6.7395, Disease CL: 6.1952, Inter-view (est): 2.9849, Recon Loss: 0.0268, Time: 358.86s

================================================================================
Training completed. Running final test...
================================================================================
Fold 3 completed - AUC: 0.9568, Top-1 F1: 0.6104
Fold 3 training time: 359.60 seconds
=== Cross Validation Fold 4/5 ===
Using hidden dimensions: [256, 256] with 4 attention heads
[ABLATION] Running with mode = no_hgt
优化模型初始化: miRNA数量 = 495, 疾病数量 = 383
   节点维度: 256 → 128
   类型数量: 4
   Temperature: 2.0 (可学习)
   exist_weight=0.100, type_weight=0.900

✅ SimplifiedMultiTypeAssociationLoss 初始化 (改进版)
   类别权重 (beta=0.99999): ['0.780', '1.822', '0.977', '0.421']
Original positive index shape: torch.Size([1072, 2])
Original negative index shape: torch.Size([135416, 2])
采样后负样本数量: 10720
🎯 Building TRUE DUAL VIEWS from four different sources...
📊 Data sources loaded:
  Disease semantic: torch.Size([383, 383])
  miRNA functional: torch.Size([495, 495])
  Disease-gene: torch.Size([383, 383])
  miRNA-sequence: torch.Size([495, 495])
🧬 Building miRNA dual-view hypergraphs...
  📊 miRNA View 1 (Sequence): torch.Size([495, 878])
  📊 miRNA View 2 (Function): torch.Size([495, 878])
🦠 Building disease dual-view hypergraphs...
  📊 Disease View 1 (Gene): torch.Size([383, 878])
  📊 Disease View 2 (Semantic): torch.Size([383, 878])
✅ Successfully built TRUE DUAL VIEWS:
   🧬 miRNA: Sequence Features (m_ss.xlsx) vs Functional Similarity (mi_fun_sim_2.0.csv)
   🦠 Disease: Gene Features (d_gs.xlsx) vs Semantic Similarity (dis_sem_sim_2.0.csv)

🔧 Epoch 1 梯度检查:
================================================================================

  参数名称                              梯度范数         梯度均值 状态             
  ----------------------------------------------------------------------
  type_relations                0.085113     0.002449 ✅ 正常           
  exist_relation                0.065707     0.003407 ✅ 正常           
  mi_proj_layer0                0.176338     0.000528 ✅ 正常           
  dis_proj_layer0               0.166557     0.000498 ✅ 正常           
================================================================================

Epoch 1, Total Loss: 20.4791, Recover Loss: 1.3042, miRNA CL: 8.9074, Disease CL: 8.4579, Inter-view (est): 4.0074, Recon Loss: 1.5115, Time: 0.54s
[INFO] Hypergraph updated at epoch 5
[INFO] Hypergraph updated at epoch 10
[INFO] Hypergraph updated at epoch 15
[INFO] Hypergraph updated at epoch 20
[INFO] Hypergraph updated at epoch 25
[INFO] Hypergraph updated at epoch 30
[INFO] Hypergraph updated at epoch 35
[INFO] Hypergraph updated at epoch 40
[INFO] Hypergraph updated at epoch 45
[INFO] Hypergraph updated at epoch 50

🔧 Epoch 50 梯度检查:
================================================================================

  参数名称                              梯度范数         梯度均值 状态             
  ----------------------------------------------------------------------
  type_relations                0.218010     0.004557 ✅ 正常           
  exist_relation                0.009348     0.000410 ✅ 正常           
  mi_proj_layer0                0.037321     0.000123 ✅ 正常           
  dis_proj_layer0               0.035482     0.000107 ✅ 正常           
================================================================================

Epoch 50, Total Loss: 17.3533, Recover Loss: 1.2562, miRNA CL: 7.9849, Disease CL: 7.6762, Inter-view (est): 3.6141, Recon Loss: 0.1648, Time: 27.30s
[INFO] Hypergraph updated at epoch 100

🔧 Epoch 100 梯度检查:
================================================================================

  参数名称                              梯度范数         梯度均值 状态             
  ----------------------------------------------------------------------
  type_relations                0.306815     0.005687 ✅ 正常           
  exist_relation                0.015105     0.000564 ✅ 正常           
  mi_proj_layer0                0.067947     0.000198 ✅ 正常           
  dis_proj_layer0               0.063247     0.000206 ✅ 正常           
================================================================================

Epoch 100, Total Loss: 16.2421, Recover Loss: 1.1980, miRNA CL: 7.7385, Disease CL: 7.0328, Inter-view (est): 3.4088, Recon Loss: 0.0305, Time: 54.91s
[INFO] Hypergraph updated at epoch 150

🔧 Epoch 150 梯度检查:
================================================================================

  参数名称                              梯度范数         梯度均值 状态             
  ----------------------------------------------------------------------
  type_relations                0.277730     0.005777 ✅ 正常           
  exist_relation                0.014943     0.000514 ✅ 正常           
  mi_proj_layer0                0.078872     0.000241 ✅ 正常           
  dis_proj_layer0               0.077674     0.000243 ✅ 正常           
================================================================================

Epoch 150, Total Loss: 15.6457, Recover Loss: 1.1524, miRNA CL: 7.5377, Disease CL: 6.7037, Inter-view (est): 3.2865, Recon Loss: 0.0293, Time: 82.36s
[INFO] Hypergraph updated at epoch 200

🔧 Epoch 200 梯度检查:
================================================================================

  参数名称                              梯度范数         梯度均值 状态             
  ----------------------------------------------------------------------
  type_relations                0.259649     0.005624 ✅ 正常           
  exist_relation                0.012905     0.000504 ✅ 正常           
  mi_proj_layer0                0.069428     0.000223 ✅ 正常           
  dis_proj_layer0               0.084234     0.000265 ✅ 正常           
================================================================================

Epoch 200, Total Loss: 15.1563, Recover Loss: 1.1111, miRNA CL: 7.2827, Disease CL: 6.5221, Inter-view (est): 3.1857, Recon Loss: 0.0291, Time: 110.11s
[INFO] Hypergraph updated at epoch 250

🔧 Epoch 250 梯度检查:
================================================================================

  参数名称                              梯度范数         梯度均值 状态             
  ----------------------------------------------------------------------
  type_relations                0.237742     0.005340 ✅ 正常           
  exist_relation                0.012201     0.000485 ✅ 正常           
  mi_proj_layer0                0.081045     0.000250 ✅ 正常           
  dis_proj_layer0               0.109108     0.000331 ✅ 正常           
================================================================================

Epoch 250, Total Loss: 14.8638, Recover Loss: 1.0800, miRNA CL: 7.1547, Disease CL: 6.3985, Inter-view (est): 3.1277, Recon Loss: 0.0275, Time: 137.51s
[INFO] Hypergraph updated at epoch 300

🔧 Epoch 300 梯度检查:
================================================================================

  参数名称                              梯度范数         梯度均值 状态             
  ----------------------------------------------------------------------
  type_relations                0.220829     0.005152 ✅ 正常           
  exist_relation                0.013970     0.000544 ✅ 正常           
  mi_proj_layer0                0.080937     0.000257 ✅ 正常           
  dis_proj_layer0               0.113141     0.000338 ✅ 正常           
================================================================================

Epoch 300, Total Loss: 14.6548, Recover Loss: 1.0548, miRNA CL: 7.0576, Disease CL: 6.3177, Inter-view (est): 3.0866, Recon Loss: 0.0287, Time: 164.71s
[INFO] Hypergraph updated at epoch 350

🔧 Epoch 350 梯度检查:
================================================================================

  参数名称                              梯度范数         梯度均值 状态             
  ----------------------------------------------------------------------
  type_relations                0.209120     0.004936 ✅ 正常           
  exist_relation                0.015395     0.000609 ✅ 正常           
  mi_proj_layer0                0.132057     0.000377 ✅ 正常           
  dis_proj_layer0               0.139521     0.000400 ✅ 正常           
================================================================================

Epoch 350, Total Loss: 14.4916, Recover Loss: 1.0315, miRNA CL: 6.9677, Disease CL: 6.2753, Inter-view (est): 3.0561, Recon Loss: 0.0271, Time: 191.72s
[INFO] Hypergraph updated at epoch 400

🔧 Epoch 400 梯度检查:
================================================================================

  参数名称                              梯度范数         梯度均值 状态             
  ----------------------------------------------------------------------
  type_relations                0.191088     0.004419 ✅ 正常           
  exist_relation                0.014792     0.000554 ✅ 正常           
  mi_proj_layer0                0.103370     0.000281 ✅ 正常           
  dis_proj_layer0               0.102662     0.000317 ✅ 正常           
================================================================================

Epoch 400, Total Loss: 14.3432, Recover Loss: 1.0070, miRNA CL: 6.8709, Disease CL: 6.2521, Inter-view (est): 3.0284, Recon Loss: 0.0271, Time: 219.12s
[INFO] Hypergraph updated at epoch 450

🔧 Epoch 450 梯度检查:
================================================================================

  参数名称                              梯度范数         梯度均值 状态             
  ----------------------------------------------------------------------
  type_relations                0.199527     0.004578 ✅ 正常           
  exist_relation                0.012943     0.000458 ✅ 正常           
  mi_proj_layer0                0.092435     0.000273 ✅ 正常           
  dis_proj_layer0               0.135101     0.000389 ✅ 正常           
================================================================================

Epoch 450, Total Loss: 14.2862, Recover Loss: 1.0058, miRNA CL: 6.8254, Disease CL: 6.2438, Inter-view (est): 3.0160, Recon Loss: 0.0265, Time: 246.33s
[INFO] Hypergraph updated at epoch 500

🔧 Epoch 500 梯度检查:
================================================================================

  参数名称                              梯度范数         梯度均值 状态             
  ----------------------------------------------------------------------
  type_relations                0.187219     0.004479 ✅ 正常           
  exist_relation                0.011014     0.000448 ✅ 正常           
  mi_proj_layer0                0.090514     0.000260 ✅ 正常           
  dis_proj_layer0               0.132935     0.000385 ✅ 正常           
================================================================================

Epoch 500, Total Loss: 14.2440, Recover Loss: 1.0006, miRNA CL: 6.7972, Disease CL: 6.2365, Inter-view (est): 3.0078, Recon Loss: 0.0262, Time: 273.97s
[INFO] Hypergraph updated at epoch 550

🔧 Epoch 550 梯度检查:
================================================================================

  参数名称                              梯度范数         梯度均值 状态             
  ----------------------------------------------------------------------
  type_relations                0.184193     0.004301 ✅ 正常           
  exist_relation                0.014620     0.000600 ✅ 正常           
  mi_proj_layer0                0.093339     0.000284 ✅ 正常           
  dis_proj_layer0               0.123512     0.000362 ✅ 正常           
================================================================================

Epoch 550, Total Loss: 14.2031, Recover Loss: 0.9914, miRNA CL: 6.7744, Disease CL: 6.2287, Inter-view (est): 3.0007, Recon Loss: 0.0264, Time: 301.32s
[INFO] Hypergraph updated at epoch 600

🔧 Epoch 600 梯度检查:
================================================================================

  参数名称                              梯度范数         梯度均值 状态             
  ----------------------------------------------------------------------
  type_relations                0.172390     0.004102 ✅ 正常           
  exist_relation                0.012723     0.000511 ✅ 正常           
  mi_proj_layer0                0.093538     0.000269 ✅ 正常           
  dis_proj_layer0               0.093533     0.000294 ✅ 正常           
================================================================================

Epoch 600, Total Loss: 14.1667, Recover Loss: 0.9838, miRNA CL: 6.7548, Disease CL: 6.2205, Inter-view (est): 2.9943, Recon Loss: 0.0266, Time: 328.65s
[INFO] Hypergraph updated at epoch 650

🔧 Epoch 650 梯度检查:
================================================================================

  参数名称                              梯度范数         梯度均值 状态             
  ----------------------------------------------------------------------
  type_relations                0.180519     0.004246 ✅ 正常           
  exist_relation                0.010341     0.000411 ✅ 正常           
  mi_proj_layer0                0.095522     0.000281 ✅ 正常           
  dis_proj_layer0               0.139103     0.000420 ✅ 正常           
================================================================================

Epoch 650, Total Loss: 14.1396, Recover Loss: 0.9844, miRNA CL: 6.7367, Disease CL: 6.2119, Inter-view (est): 2.9881, Recon Loss: 0.0269, Time: 356.76s

================================================================================
Training completed. Running final test...
================================================================================
Fold 4 completed - AUC: 0.9338, Top-1 F1: 0.5965
Fold 4 training time: 357.47 seconds
=== Cross Validation Fold 5/5 ===
Using hidden dimensions: [256, 256] with 4 attention heads
[ABLATION] Running with mode = no_hgt
优化模型初始化: miRNA数量 = 495, 疾病数量 = 383
   节点维度: 256 → 128
   类型数量: 4
   Temperature: 2.0 (可学习)
   exist_weight=0.100, type_weight=0.900

✅ SimplifiedMultiTypeAssociationLoss 初始化 (改进版)
   类别权重 (beta=0.99999): ['0.780', '1.822', '0.977', '0.421']
Original positive index shape: torch.Size([1072, 2])
Original negative index shape: torch.Size([135416, 2])
采样后负样本数量: 10720
🎯 Building TRUE DUAL VIEWS from four different sources...
📊 Data sources loaded:
  Disease semantic: torch.Size([383, 383])
  miRNA functional: torch.Size([495, 495])
  Disease-gene: torch.Size([383, 383])
  miRNA-sequence: torch.Size([495, 495])
🧬 Building miRNA dual-view hypergraphs...
  📊 miRNA View 1 (Sequence): torch.Size([495, 878])
  📊 miRNA View 2 (Function): torch.Size([495, 878])
🦠 Building disease dual-view hypergraphs...
  📊 Disease View 1 (Gene): torch.Size([383, 878])
  📊 Disease View 2 (Semantic): torch.Size([383, 878])
✅ Successfully built TRUE DUAL VIEWS:
   🧬 miRNA: Sequence Features (m_ss.xlsx) vs Functional Similarity (mi_fun_sim_2.0.csv)
   🦠 Disease: Gene Features (d_gs.xlsx) vs Semantic Similarity (dis_sem_sim_2.0.csv)

🔧 Epoch 1 梯度检查:
================================================================================

  参数名称                              梯度范数         梯度均值 状态             
  ----------------------------------------------------------------------
  type_relations                0.089491     0.002639 ✅ 正常           
  exist_relation                0.220110     0.012738 ✅ 正常           
  mi_proj_layer0                0.594649     0.001752 ✅ 正常           
  dis_proj_layer0               0.442041     0.001321 ✅ 正常           
================================================================================

Epoch 1, Total Loss: 20.6608, Recover Loss: 1.3101, miRNA CL: 9.0554, Disease CL: 8.4414, Inter-view (est): 4.0377, Recon Loss: 1.5560, Time: 0.58s
[INFO] Hypergraph updated at epoch 5
[INFO] Hypergraph updated at epoch 10
[INFO] Hypergraph updated at epoch 15
[INFO] Hypergraph updated at epoch 20
[INFO] Hypergraph updated at epoch 25
[INFO] Hypergraph updated at epoch 30
[INFO] Hypergraph updated at epoch 35
[INFO] Hypergraph updated at epoch 40
[INFO] Hypergraph updated at epoch 45
[INFO] Hypergraph updated at epoch 50

🔧 Epoch 50 梯度检查:
================================================================================

  参数名称                              梯度范数         梯度均值 状态             
  ----------------------------------------------------------------------
  type_relations                0.185110     0.004244 ✅ 正常           
  exist_relation                0.011072     0.000559 ✅ 正常           
  mi_proj_layer0                0.040767     0.000144 ✅ 正常           
  dis_proj_layer0               0.028430     0.000101 ✅ 正常           
================================================================================

Epoch 50, Total Loss: 17.3765, Recover Loss: 1.2560, miRNA CL: 8.0398, Disease CL: 7.6885, Inter-view (est): 3.6296, Recon Loss: 0.1215, Time: 27.48s
[INFO] Hypergraph updated at epoch 100

🔧 Epoch 100 梯度检查:
================================================================================

  参数名称                              梯度范数         梯度均值 状态             
  ----------------------------------------------------------------------
  type_relations                0.248704     0.005394 ✅ 正常           
  exist_relation                0.013394     0.000432 ✅ 正常           
  mi_proj_layer0                0.059472     0.000191 ✅ 正常           
  dis_proj_layer0               0.045634     0.000147 ✅ 正常           
================================================================================

Epoch 100, Total Loss: 16.2533, Recover Loss: 1.1992, miRNA CL: 7.7456, Disease CL: 7.0369, Inter-view (est): 3.4113, Recon Loss: 0.0305, Time: 54.79s
[INFO] Hypergraph updated at epoch 150

🔧 Epoch 150 梯度检查:
================================================================================

  参数名称                              梯度范数         梯度均值 状态             
  ----------------------------------------------------------------------
  type_relations                0.284492     0.006025 ✅ 正常           
  exist_relation                0.018414     0.000530 ✅ 正常           
  mi_proj_layer0                0.072948     0.000248 ✅ 正常           
  dis_proj_layer0               0.073548     0.000240 ✅ 正常           
================================================================================

Epoch 150, Total Loss: 15.5968, Recover Loss: 1.1457, miRNA CL: 7.5586, Disease CL: 6.6425, Inter-view (est): 3.2772, Recon Loss: 0.0290, Time: 82.35s
[INFO] Hypergraph updated at epoch 200

🔧 Epoch 200 梯度检查:
================================================================================

  参数名称                              梯度范数         梯度均值 状态             
  ----------------------------------------------------------------------
  type_relations                0.239461     0.005421 ✅ 正常           
  exist_relation                0.014534     0.000462 ✅ 正常           
  mi_proj_layer0                0.100398     0.000288 ✅ 正常           
  dis_proj_layer0               0.073940     0.000249 ✅ 正常           
================================================================================

Epoch 200, Total Loss: 15.0934, Recover Loss: 1.1022, miRNA CL: 7.2898, Disease CL: 6.4643, Inter-view (est): 3.1740, Recon Loss: 0.0294, Time: 109.49s
[INFO] Hypergraph updated at epoch 250

🔧 Epoch 250 梯度检查:
================================================================================

  参数名称                              梯度范数         梯度均值 状态             
  ----------------------------------------------------------------------
  type_relations                0.221690     0.005005 ✅ 正常           
  exist_relation                0.012457     0.000364 ✅ 正常           
  mi_proj_layer0                0.101756     0.000289 ✅ 正常           
  dis_proj_layer0               0.090711     0.000259 ✅ 正常           
================================================================================

Epoch 250, Total Loss: 14.8931, Recover Loss: 1.0821, miRNA CL: 7.1742, Disease CL: 6.4080, Inter-view (est): 3.1344, Recon Loss: 0.0277, Time: 137.14s
[INFO] Hypergraph updated at epoch 300

🔧 Epoch 300 梯度检查:
================================================================================

  参数名称                              梯度范数         梯度均值 状态             
  ----------------------------------------------------------------------
  type_relations                0.187457     0.004347 ✅ 正常           
  exist_relation                0.009721     0.000391 ✅ 正常           
  mi_proj_layer0                0.087590     0.000266 ✅ 正常           
  dis_proj_layer0               0.081719     0.000264 ✅ 正常           
================================================================================

Epoch 300, Total Loss: 14.7293, Recover Loss: 1.0683, miRNA CL: 7.0839, Disease CL: 6.3541, Inter-view (est): 3.1011, Recon Loss: 0.0282, Time: 164.27s
[INFO] Hypergraph updated at epoch 350

🔧 Epoch 350 梯度检查:
================================================================================

  参数名称                              梯度范数         梯度均值 状态             
  ----------------------------------------------------------------------
  type_relations                0.177169     0.004073 ✅ 正常           
  exist_relation                0.011057     0.000415 ✅ 正常           
  mi_proj_layer0                0.132617     0.000374 ✅ 正常           
  dis_proj_layer0               0.113215     0.000339 ✅ 正常           
================================================================================

Epoch 350, Total Loss: 14.5638, Recover Loss: 1.0490, miRNA CL: 7.0018, Disease CL: 6.2962, Inter-view (est): 3.0688, Recon Loss: 0.0279, Time: 191.49s
[INFO] Hypergraph updated at epoch 400

🔧 Epoch 400 梯度检查:
================================================================================

  参数名称                              梯度范数         梯度均值 状态             
  ----------------------------------------------------------------------
  type_relations                0.157319     0.003746 ✅ 正常           
  exist_relation                0.012834     0.000550 ✅ 正常           
  mi_proj_layer0                0.119157     0.000368 ✅ 正常           
  dis_proj_layer0               0.089375     0.000284 ✅ 正常           
================================================================================

Epoch 400, Total Loss: 14.4008, Recover Loss: 1.0211, miRNA CL: 6.9170, Disease CL: 6.2523, Inter-view (est): 3.0391, Recon Loss: 0.0273, Time: 218.75s
[INFO] Hypergraph updated at epoch 450

🔧 Epoch 450 梯度检查:
================================================================================

  参数名称                              梯度范数         梯度均值 状态             
  ----------------------------------------------------------------------
  type_relations                0.158343     0.003832 ✅ 正常           
  exist_relation                0.007804     0.000328 ✅ 正常           
  mi_proj_layer0                0.100199     0.000321 ✅ 正常           
  dis_proj_layer0               0.086562     0.000273 ✅ 正常           
================================================================================

Epoch 450, Total Loss: 14.2753, Recover Loss: 1.0073, miRNA CL: 6.8301, Disease CL: 6.2312, Inter-view (est): 3.0141, Recon Loss: 0.0268, Time: 246.15s
[INFO] Hypergraph updated at epoch 500

🔧 Epoch 500 梯度检查:
================================================================================

  参数名称                              梯度范数         梯度均值 状态             
  ----------------------------------------------------------------------
  type_relations                0.159947     0.003796 ✅ 正常           
  exist_relation                0.008240     0.000340 ✅ 正常           
  mi_proj_layer0                0.130077     0.000357 ✅ 正常           
  dis_proj_layer0               0.104110     0.000292 ✅ 正常           
================================================================================

Epoch 500, Total Loss: 14.2113, Recover Loss: 0.9998, miRNA CL: 6.7861, Disease CL: 6.2207, Inter-view (est): 3.0016, Recon Loss: 0.0263, Time: 273.28s
[INFO] Hypergraph updated at epoch 550

🔧 Epoch 550 梯度检查:
================================================================================

  参数名称                              梯度范数         梯度均值 状态             
  ----------------------------------------------------------------------
  type_relations                0.151600     0.003706 ✅ 正常           
  exist_relation                0.011303     0.000415 ✅ 正常           
  mi_proj_layer0                0.118076     0.000352 ✅ 正常           
  dis_proj_layer0               0.097414     0.000301 ✅ 正常           
================================================================================

Epoch 550, Total Loss: 14.1795, Recover Loss: 0.9963, miRNA CL: 6.7676, Disease CL: 6.2124, Inter-view (est): 2.9954, Recon Loss: 0.0260, Time: 301.05s
[INFO] Hypergraph updated at epoch 600

🔧 Epoch 600 梯度检查:
================================================================================

  参数名称                              梯度范数         梯度均值 状态             
  ----------------------------------------------------------------------
  type_relations                0.146564     0.003552 ✅ 正常           
  exist_relation                0.007784     0.000349 ✅ 正常           
  mi_proj_layer0                0.140551     0.000402 ✅ 正常           
  dis_proj_layer0               0.128622     0.000358 ✅ 正常           
================================================================================

Epoch 600, Total Loss: 14.1360, Recover Loss: 0.9880, miRNA CL: 6.7418, Disease CL: 6.2044, Inter-view (est): 2.9876, Recon Loss: 0.0258, Time: 329.09s
[INFO] Hypergraph updated at epoch 650

🔧 Epoch 650 梯度检查:
================================================================================

  参数名称                              梯度范数         梯度均值 状态             
  ----------------------------------------------------------------------
  type_relations                0.144586     0.003618 ✅ 正常           
  exist_relation                0.007325     0.000320 ✅ 正常           
  mi_proj_layer0                0.105030     0.000337 ✅ 正常           
  dis_proj_layer0               0.105418     0.000328 ✅ 正常           
================================================================================

Epoch 650, Total Loss: 14.0969, Recover Loss: 0.9839, miRNA CL: 6.7166, Disease CL: 6.1952, Inter-view (est): 2.9797, Recon Loss: 0.0264, Time: 356.66s

================================================================================
Training completed. Running final test...
================================================================================
Fold 5 completed - AUC: 0.9523, Top-1 F1: 0.6867
Fold 5 training time: 357.42 seconds
Average binary metrics across folds: [[0.9525685  0.95113283 0.8943192  0.89358209 0.9019403  0.88522388
  0.88794516]]
🎯 Average Top-1 metrics across folds: {'top1_precision': 0.619402985074627, 'top1_recall': np.float64(0.6734549887098372), 'top1_f1': np.float64(0.645182531786219)}

📊 CV_type Style Metrics Details:
  AUC            : 0.9526
  AUPR           : 0.9511
  F1             : 0.8943
  Accuracy       : 0.8936
  Recall         : 0.9019
  Specificity    : 0.8852
  Precision      : 0.8879

🎯 Top-1 Metrics Details:
  top1_precision : 0.6194
  top1_recall    : 0.6735
  top1_f1        : 0.6452

Total execution time: 1792.66 seconds

==========================================================================================
🎯 FINAL COMPREHENSIVE RESULTS WITH TOP-1 METRICS
==========================================================================================
📊 Binary Classification Metrics (Original):
  AUC: 0.9526
  AUPR: 0.9511
  F1: 0.8943
  Accuracy: 0.8936
  Recall: 0.9019
  Specificity: 0.8852
  Precision: 0.8879

🎯 CV_type Style Metrics (Enhanced):
  AUC: 0.9526
  AUPR: 0.9511
  F1: 0.8943
  Accuracy: 0.8936
  Recall: 0.9019
  Specificity: 0.8852
  Precision: 0.8879

🏆 Top-1 Metrics (NEW):
  Top-1 Precision: 0.6194
  Top-1 Recall: 0.6735
  Top-1 F1: 0.6452
==========================================================================================

[ABL] no_dv (w=0.1)
[CPU] torch.set_num_threads(14), interop=min(4, 14)
Using device: cpu
[INFO] Auto-computed BALANCED class weights (to prevent class collapse):
  Circulation  (367 samples): 0.780
  Epigenetics  (157 samples): 1.823
  Target       (293 samples): 0.977
  Genetics     (681 samples): 0.420
  [NOTE] Higher weights for minority classes to prevent model from only predicting majority class
[INFO] Using v2.0_495m383D dataset:
  miRNAs: 495
  Diseases: 383
  Expected associations: ~1498
  Types: 4 (Circulation, Epigenetics, Target, Genetics)

================================================================================
Configuration Summary
================================================================================
Dataset: v2.0_495m383D
Data Path: ./
Model: HeterogenousGraphCLAMIR
  - HGT Layers: 2
  - Attention Heads: 4
  - Association Types: 4
  - Inter-view CL: Enabled
    - Weight: 0.3
    - Temperature: 0.5
    - Margin: 0.5

Training:
  - Epochs: 650
  - Learning Rate: 0.0001
  - Dropout: 0.3
  - Weight Decay: 5e-05
  - Focal Loss: Enabled

Evaluation:
  - Cross-Validation Folds: 5
  - Primary Metric: AUPR

Device: cpu
Random Seed: 1234
================================================================================

🚀 Running with comprehensive evaluation including Top-1 metrics...
🎯 Loading dual-view data...
Starting dual-view data preparation with new file format...
Loading all similarity and feature files from v2.0_495m383D...
✅ Loaded disease semantic similarity from D_SSM1.txt: (383, 383)
✅ Loaded miRNA functional similarity from M_FSM.txt: (495, 495)
✅ Loaded multi-type association pairs from ./v2.0_495m383D\multi_all_mirna_disease_pairs_without_negative.csv: (1679, 3)
✅ Created multi-type association matrix: (495, 383)
📊 Multi-type Association Statistics:
   无关联 (No association): 188087 pairs (99.21%)
   循环类型 (Circulation): 367 pairs (0.19%)
   表观遗传学 (Epigenetics): 157 pairs (0.08%)
   靶标类型 (Target): 293 pairs (0.15%)
   遗传学类型 (Genetics): 681 pairs (0.36%)
✅ Created association matrix from CSV: (495, 383)
✅ Loaded disease-gene features from D_SSM2.txt: torch.Size([383, 383])
✅ Loaded miRNA-sequence features from M_GSM.txt: torch.Size([495, 495])
Processing integrated similarity matrices...
Loaded similarity matrices from cache
Processing indices...
Loaded indices from cache
✅ Dual-view data preparation completed in 0.38 seconds

============================================================
🎯 DUAL-VIEW CONFIGURATION SUMMARY (v2.0_495m383D)
============================================================
miRNA Dual Views:
  📊 View 1 (Sequence): M_GSM.txt torch.Size([495, 495])
  📊 View 2 (Function): M_FSM.txt torch.Size([495, 495])

Disease Dual Views:
  📊 View 1 (Gene): D_SSM2.txt torch.Size([383, 383])
  📊 View 2 (Semantic): D_SSM1.txt torch.Size([383, 383])

Association Matrix: torch.Size([495, 383])
Data source: v2.0_495m383D (495 miRNAs × 383 Diseases)
============================================================
Preloading dual-view data to device...
✅ Loaded disease-gene features to device: torch.Size([383, 383])
✅ Loaded miRNA-sequence features to device: torch.Size([495, 495])
✅ Loaded disease semantic similarity to device: torch.Size([383, 383])
✅ Loaded miRNA functional similarity to device: torch.Size([495, 495])
✅ Dual-view data preloading completed in 0.00 seconds
OptimizedDataset initialized with 5 folds
Using device: cpu
=== Cross Validation Fold 1/5 ===
Using hidden dimensions: [256, 256] with 4 attention heads
[ABLATION] Running with mode = no_dv
优化模型初始化: miRNA数量 = 495, 疾病数量 = 383
   节点维度: 256 → 128
   类型数量: 4
   Temperature: 2.0 (可学习)
   exist_weight=0.100, type_weight=0.900

✅ SimplifiedMultiTypeAssociationLoss 初始化 (改进版)
   类别权重 (beta=0.99999): ['0.780', '1.822', '0.977', '0.421']
Original positive index shape: torch.Size([1072, 2])
Original negative index shape: torch.Size([135416, 2])
采样后负样本数量: 10720
🎯 Building TRUE DUAL VIEWS from four different sources...
📊 Data sources loaded:
  Disease semantic: torch.Size([383, 383])
  miRNA functional: torch.Size([495, 495])
  Disease-gene: torch.Size([383, 383])
  miRNA-sequence: torch.Size([495, 495])
🧬 Building miRNA dual-view hypergraphs...
  📊 miRNA View 1 (Sequence): torch.Size([495, 878])
  📊 miRNA View 2 (Function): torch.Size([495, 878])
🦠 Building disease dual-view hypergraphs...
  📊 Disease View 1 (Gene): torch.Size([383, 878])
  📊 Disease View 2 (Semantic): torch.Size([383, 878])
✅ Successfully built TRUE DUAL VIEWS:
   🧬 miRNA: Sequence Features (m_ss.xlsx) vs Functional Similarity (mi_fun_sim_2.0.csv)
   🦠 Disease: Gene Features (d_gs.xlsx) vs Semantic Similarity (dis_sem_sim_2.0.csv)

🔧 Epoch 1 梯度检查:
================================================================================

  参数名称                              梯度范数         梯度均值 状态             
  ----------------------------------------------------------------------
  type_relations                0.070278     0.002012 ✅ 正常           
  exist_relation                0.128892     0.006969 ✅ 正常           
  mi_proj_layer0                0.444005     0.001306 ✅ 正常           
  dis_proj_layer0               0.529391     0.001344 ✅ 正常           
================================================================================

Epoch 1, Total Loss: 20.5929, Recover Loss: 1.3330, miRNA CL: 8.9711, Disease CL: 8.4538, Inter-view (est): 4.0212, Recon Loss: 1.5370, Time: 0.71s
[INFO] Hypergraph updated at epoch 5
[INFO] Hypergraph updated at epoch 10
[INFO] Hypergraph updated at epoch 15
[INFO] Hypergraph updated at epoch 20
[INFO] Hypergraph updated at epoch 25
[INFO] Hypergraph updated at epoch 30
[INFO] Hypergraph updated at epoch 35
[INFO] Hypergraph updated at epoch 40
[INFO] Hypergraph updated at epoch 45
[INFO] Hypergraph updated at epoch 50

🔧 Epoch 50 梯度检查:
================================================================================

  参数名称                              梯度范数         梯度均值 状态             
  ----------------------------------------------------------------------
  type_relations                0.101569     0.002561 ✅ 正常           
  exist_relation                0.013433     0.000605 ✅ 正常           
  mi_proj_layer0                0.023718     0.000081 ✅ 正常           
  dis_proj_layer0               0.023751     0.000083 ✅ 正常           
================================================================================

Epoch 50, Total Loss: 17.0804, Recover Loss: 1.2821, miRNA CL: 7.7314, Disease CL: 7.6746, Inter-view (est): 3.5552, Recon Loss: 0.1117, Time: 94.78s
[INFO] Hypergraph updated at epoch 100

🔧 Epoch 100 梯度检查:
================================================================================

  参数名称                              梯度范数         梯度均值 状态             
  ----------------------------------------------------------------------
  type_relations                0.195017     0.003338 ✅ 正常           
  exist_relation                0.022618     0.000575 ✅ 正常           
  mi_proj_layer0                0.026052     0.000083 ✅ 正常           
  dis_proj_layer0               0.028511     0.000089 ✅ 正常           
================================================================================

Epoch 100, Total Loss: 15.7531, Recover Loss: 1.2552, miRNA CL: 7.3202, Disease CL: 6.8875, Inter-view (est): 3.2787, Recon Loss: 0.0310, Time: 128.27s
[INFO] Hypergraph updated at epoch 150

🔧 Epoch 150 梯度检查:
================================================================================

  参数名称                              梯度范数         梯度均值 状态             
  ----------------------------------------------------------------------
  type_relations                0.242842     0.004256 ✅ 正常           
  exist_relation                0.021394     0.000643 ✅ 正常           
  mi_proj_layer0                0.032182     0.000099 ✅ 正常           
  dis_proj_layer0               0.029451     0.000096 ✅ 正常           
================================================================================

Epoch 150, Total Loss: 15.0648, Recover Loss: 1.2128, miRNA CL: 7.0513, Disease CL: 6.5238, Inter-view (est): 3.1327, Recon Loss: 0.0298, Time: 159.84s
[INFO] Hypergraph updated at epoch 200

🔧 Epoch 200 梯度检查:
================================================================================

  参数名称                              梯度范数         梯度均值 状态             
  ----------------------------------------------------------------------
  type_relations                0.250796     0.004460 ✅ 正常           
  exist_relation                0.020326     0.000600 ✅ 正常           
  mi_proj_layer0                0.034455     0.000102 ✅ 正常           
  dis_proj_layer0               0.040513     0.000119 ✅ 正常           
================================================================================

Epoch 200, Total Loss: 14.6471, Recover Loss: 1.1705, miRNA CL: 6.8248, Disease CL: 6.3824, Inter-view (est): 3.0478, Recon Loss: 0.0296, Time: 191.89s
[INFO] Hypergraph updated at epoch 250

🔧 Epoch 250 梯度检查:
================================================================================

  参数名称                              梯度范数         梯度均值 状态             
  ----------------------------------------------------------------------
  type_relations                0.183179     0.003303 ✅ 正常           
  exist_relation                0.022981     0.000718 ✅ 正常           
  mi_proj_layer0                0.024975     0.000077 ✅ 正常           
  dis_proj_layer0               0.026902     0.000086 ✅ 正常           
================================================================================

Epoch 250, Total Loss: 14.4235, Recover Loss: 1.1312, miRNA CL: 6.7106, Disease CL: 6.3174, Inter-view (est): 3.0065, Recon Loss: 0.0293, Time: 224.04s
[INFO] Hypergraph updated at epoch 300

🔧 Epoch 300 梯度检查:
================================================================================

  参数名称                              梯度范数         梯度均值 状态             
  ----------------------------------------------------------------------
  type_relations                0.176489     0.003121 ✅ 正常           
  exist_relation                0.024894     0.000747 ✅ 正常           
  mi_proj_layer0                0.024631     0.000075 ✅ 正常           
  dis_proj_layer0               0.024868     0.000079 ✅ 正常           
================================================================================

Epoch 300, Total Loss: 14.2760, Recover Loss: 1.1107, miRNA CL: 6.6433, Disease CL: 6.2621, Inter-view (est): 2.9782, Recon Loss: 0.0291, Time: 255.90s
[INFO] Hypergraph updated at epoch 350

🔧 Epoch 350 梯度检查:
================================================================================

  参数名称                              梯度范数         梯度均值 状态             
  ----------------------------------------------------------------------
  type_relations                0.177232     0.003139 ✅ 正常           
  exist_relation                0.019709     0.000629 ✅ 正常           
  mi_proj_layer0                0.025868     0.000074 ✅ 正常           
  dis_proj_layer0               0.027716     0.000080 ✅ 正常           
================================================================================

Epoch 350, Total Loss: 14.1491, Recover Loss: 1.0848, miRNA CL: 6.5942, Disease CL: 6.2149, Inter-view (est): 2.9560, Recon Loss: 0.0285, Time: 287.62s
[INFO] Hypergraph updated at epoch 400

🔧 Epoch 400 梯度检查:
================================================================================

  参数名称                              梯度范数         梯度均值 状态             
  ----------------------------------------------------------------------
  type_relations                0.156822     0.002831 ✅ 正常           
  exist_relation                0.012112     0.000424 ✅ 正常           
  mi_proj_layer0                0.027209     0.000077 ✅ 正常           
  dis_proj_layer0               0.026823     0.000076 ✅ 正常           
================================================================================

Epoch 400, Total Loss: 14.0525, Recover Loss: 1.0718, miRNA CL: 6.5532, Disease CL: 6.1765, Inter-view (est): 2.9376, Recon Loss: 0.0281, Time: 319.73s
[INFO] Hypergraph updated at epoch 450

🔧 Epoch 450 梯度检查:
================================================================================

  参数名称                              梯度范数         梯度均值 状态             
  ----------------------------------------------------------------------
  type_relations                0.151388     0.002677 ✅ 正常           
  exist_relation                0.013569     0.000455 ✅ 正常           
  mi_proj_layer0                0.028606     0.000077 ✅ 正常           
  dis_proj_layer0               0.027240     0.000077 ✅ 正常           
================================================================================

Epoch 450, Total Loss: 13.9618, Recover Loss: 1.0406, miRNA CL: 6.5285, Disease CL: 6.1449, Inter-view (est): 2.9246, Recon Loss: 0.0277, Time: 351.87s
[INFO] Hypergraph updated at epoch 500

🔧 Epoch 500 梯度检查:
================================================================================

  参数名称                              梯度范数         梯度均值 状态             
  ----------------------------------------------------------------------
  type_relations                0.144819     0.002500 ✅ 正常           
  exist_relation                0.015373     0.000546 ✅ 正常           
  mi_proj_layer0                0.023285     0.000065 ✅ 正常           
  dis_proj_layer0               0.026121     0.000075 ✅ 正常           
================================================================================

Epoch 500, Total Loss: 13.9022, Recover Loss: 1.0305, miRNA CL: 6.5040, Disease CL: 6.1224, Inter-view (est): 2.9138, Recon Loss: 0.0274, Time: 383.73s
[INFO] Hypergraph updated at epoch 550

🔧 Epoch 550 梯度检查:
================================================================================

  参数名称                              梯度范数         梯度均值 状态             
  ----------------------------------------------------------------------
  type_relations                0.142985     0.002542 ✅ 正常           
  exist_relation                0.010070     0.000359 ✅ 正常           
  mi_proj_layer0                0.022460     0.000063 ✅ 正常           
  dis_proj_layer0               0.025726     0.000075 ✅ 正常           
================================================================================

Epoch 550, Total Loss: 13.8553, Recover Loss: 1.0146, miRNA CL: 6.4891, Disease CL: 6.1077, Inter-view (est): 2.9070, Recon Loss: 0.0274, Time: 415.36s
[INFO] Hypergraph updated at epoch 600

🔧 Epoch 600 梯度检查:
================================================================================

  参数名称                              梯度范数         梯度均值 状态             
  ----------------------------------------------------------------------
  type_relations                0.144484     0.002512 ✅ 正常           
  exist_relation                0.012970     0.000432 ✅ 正常           
  mi_proj_layer0                0.026839     0.000072 ✅ 正常           
  dis_proj_layer0               0.029551     0.000083 ✅ 正常           
================================================================================

Epoch 600, Total Loss: 13.8225, Recover Loss: 1.0117, miRNA CL: 6.4754, Disease CL: 6.0932, Inter-view (est): 2.9005, Recon Loss: 0.0270, Time: 446.60s
[INFO] Hypergraph updated at epoch 650

🔧 Epoch 650 梯度检查:
================================================================================

  参数名称                              梯度范数         梯度均值 状态             
  ----------------------------------------------------------------------
  type_relations                0.133201     0.002406 ✅ 正常           
  exist_relation                0.009958     0.000366 ✅ 正常           
  mi_proj_layer0                0.027378     0.000070 ✅ 正常           
  dis_proj_layer0               0.030852     0.000083 ✅ 正常           
================================================================================

Epoch 650, Total Loss: 13.7796, Recover Loss: 0.9972, miRNA CL: 6.4619, Disease CL: 6.0796, Inter-view (est): 2.8942, Recon Loss: 0.0271, Time: 478.67s

================================================================================
Training completed. Running final test...
================================================================================
Fold 1 completed - AUC: 0.9663, Top-1 F1: 0.5989
Fold 1 training time: 479.76 seconds
=== Cross Validation Fold 2/5 ===
Using hidden dimensions: [256, 256] with 4 attention heads
[ABLATION] Running with mode = no_dv
优化模型初始化: miRNA数量 = 495, 疾病数量 = 383
   节点维度: 256 → 128
   类型数量: 4
   Temperature: 2.0 (可学习)
   exist_weight=0.100, type_weight=0.900

✅ SimplifiedMultiTypeAssociationLoss 初始化 (改进版)
   类别权重 (beta=0.99999): ['0.780', '1.822', '0.977', '0.421']
Original positive index shape: torch.Size([1072, 2])
Original negative index shape: torch.Size([135416, 2])
采样后负样本数量: 10720
🎯 Building TRUE DUAL VIEWS from four different sources...
📊 Data sources loaded:
  Disease semantic: torch.Size([383, 383])
  miRNA functional: torch.Size([495, 495])
  Disease-gene: torch.Size([383, 383])
  miRNA-sequence: torch.Size([495, 495])
🧬 Building miRNA dual-view hypergraphs...
  📊 miRNA View 1 (Sequence): torch.Size([495, 878])
  📊 miRNA View 2 (Function): torch.Size([495, 878])
🦠 Building disease dual-view hypergraphs...
  📊 Disease View 1 (Gene): torch.Size([383, 878])
  📊 Disease View 2 (Semantic): torch.Size([383, 878])
✅ Successfully built TRUE DUAL VIEWS:
   🧬 miRNA: Sequence Features (m_ss.xlsx) vs Functional Similarity (mi_fun_sim_2.0.csv)
   🦠 Disease: Gene Features (d_gs.xlsx) vs Semantic Similarity (dis_sem_sim_2.0.csv)

🔧 Epoch 1 梯度检查:
================================================================================

  参数名称                              梯度范数         梯度均值 状态             
  ----------------------------------------------------------------------
  type_relations                0.065413     0.002156 ✅ 正常           
  exist_relation                0.040975     0.002294 ✅ 正常           
  mi_proj_layer0                0.122551     0.000377 ✅ 正常           
  dis_proj_layer0               0.146431     0.000431 ✅ 正常           
================================================================================

Epoch 1, Total Loss: 20.3908, Recover Loss: 1.3070, miRNA CL: 8.8128, Disease CL: 8.4238, Inter-view (est): 3.9777, Recon Loss: 1.5491, Time: 0.61s
[INFO] Hypergraph updated at epoch 5
[INFO] Hypergraph updated at epoch 10
[INFO] Hypergraph updated at epoch 15
[INFO] Hypergraph updated at epoch 20
[INFO] Hypergraph updated at epoch 25
[INFO] Hypergraph updated at epoch 30
[INFO] Hypergraph updated at epoch 35
[INFO] Hypergraph updated at epoch 40
[INFO] Hypergraph updated at epoch 45
[INFO] Hypergraph updated at epoch 50

🔧 Epoch 50 梯度检查:
================================================================================

  参数名称                              梯度范数         梯度均值 状态             
  ----------------------------------------------------------------------
  type_relations                0.107024     0.002648 ✅ 正常           
  exist_relation                0.006607     0.000395 ✅ 正常           
  mi_proj_layer0                0.021963     0.000077 ✅ 正常           
  dis_proj_layer0               0.025219     0.000083 ✅ 正常           
================================================================================

Epoch 50, Total Loss: 17.1412, Recover Loss: 1.2808, miRNA CL: 7.7354, Disease CL: 7.6924, Inter-view (est): 3.5603, Recon Loss: 0.1532, Time: 96.08s
[INFO] Hypergraph updated at epoch 100

🔧 Epoch 100 梯度检查:
================================================================================

  参数名称                              梯度范数         梯度均值 状态             
  ----------------------------------------------------------------------
  type_relations                0.264463     0.004113 ✅ 正常           
  exist_relation                0.013232     0.000416 ✅ 正常           
  mi_proj_layer0                0.025035     0.000081 ✅ 正常           
  dis_proj_layer0               0.030623     0.000096 ✅ 正常           
================================================================================

Epoch 100, Total Loss: 15.8135, Recover Loss: 1.2414, miRNA CL: 7.3054, Disease CL: 6.9761, Inter-view (est): 3.2957, Recon Loss: 0.0325, Time: 131.91s
[INFO] Hypergraph updated at epoch 150

🔧 Epoch 150 梯度检查:
================================================================================

  参数名称                              梯度范数         梯度均值 状态             
  ----------------------------------------------------------------------
  type_relations                0.236171     0.004262 ✅ 正常           
  exist_relation                0.012237     0.000393 ✅ 正常           
  mi_proj_layer0                0.025940     0.000088 ✅ 正常           
  dis_proj_layer0               0.029791     0.000099 ✅ 正常           
================================================================================

Epoch 150, Total Loss: 15.0979, Recover Loss: 1.2112, miRNA CL: 7.0755, Disease CL: 6.5357, Inter-view (est): 3.1410, Recon Loss: 0.0298, Time: 163.70s
[INFO] Hypergraph updated at epoch 200

🔧 Epoch 200 梯度检查:
================================================================================

  参数名称                              梯度范数         梯度均值 状态             
  ----------------------------------------------------------------------
  type_relations                0.272487     0.004400 ✅ 正常           
  exist_relation                0.016396     0.000502 ✅ 正常           
  mi_proj_layer0                0.030847     0.000094 ✅ 正常           
  dis_proj_layer0               0.028224     0.000094 ✅ 正常           
================================================================================

Epoch 200, Total Loss: 14.8283, Recover Loss: 1.1772, miRNA CL: 6.9502, Disease CL: 6.4313, Inter-view (est): 3.0880, Recon Loss: 0.0290, Time: 195.16s
[INFO] Hypergraph updated at epoch 250

🔧 Epoch 250 梯度检查:
================================================================================

  参数名称                              梯度范数         梯度均值 状态             
  ----------------------------------------------------------------------
  type_relations                0.233769     0.003775 ✅ 正常           
  exist_relation                0.019826     0.000574 ✅ 正常           
  mi_proj_layer0                0.027192     0.000084 ✅ 正常           
  dis_proj_layer0               0.024526     0.000080 ✅ 正常           
================================================================================

Epoch 250, Total Loss: 14.6051, Recover Loss: 1.1464, miRNA CL: 6.8140, Disease CL: 6.3783, Inter-view (est): 3.0444, Recon Loss: 0.0294, Time: 227.31s
[INFO] Hypergraph updated at epoch 300

🔧 Epoch 300 梯度检查:
================================================================================

  参数名称                              梯度范数         梯度均值 状态             
  ----------------------------------------------------------------------
  type_relations                0.240276     0.003893 ✅ 正常           
  exist_relation                0.015943     0.000535 ✅ 正常           
  mi_proj_layer0                0.026267     0.000082 ✅ 正常           
  dis_proj_layer0               0.026156     0.000082 ✅ 正常           
================================================================================

Epoch 300, Total Loss: 14.4274, Recover Loss: 1.1120, miRNA CL: 6.7234, Disease CL: 6.3291, Inter-view (est): 3.0121, Recon Loss: 0.0296, Time: 259.26s
[INFO] Hypergraph updated at epoch 350

🔧 Epoch 350 梯度检查:
================================================================================

  参数名称                              梯度范数         梯度均值 状态             
  ----------------------------------------------------------------------
  type_relations                0.205115     0.003341 ✅ 正常           
  exist_relation                0.018280     0.000584 ✅ 正常           
  mi_proj_layer0                0.026188     0.000078 ✅ 正常           
  dis_proj_layer0               0.023550     0.000073 ✅ 正常           
================================================================================

Epoch 350, Total Loss: 14.3254, Recover Loss: 1.0997, miRNA CL: 6.6733, Disease CL: 6.2940, Inter-view (est): 2.9924, Recon Loss: 0.0277, Time: 291.33s
[INFO] Hypergraph updated at epoch 400

🔧 Epoch 400 梯度检查:
================================================================================

  参数名称                              梯度范数         梯度均值 状态             
  ----------------------------------------------------------------------
  type_relations                0.181401     0.002908 ✅ 正常           
  exist_relation                0.013425     0.000470 ✅ 正常           
  mi_proj_layer0                0.028179     0.000075 ✅ 正常           
  dis_proj_layer0               0.026923     0.000075 ✅ 正常           
================================================================================

Epoch 400, Total Loss: 14.2230, Recover Loss: 1.0773, miRNA CL: 6.6303, Disease CL: 6.2590, Inter-view (est): 2.9744, Recon Loss: 0.0285, Time: 323.21s
[INFO] Hypergraph updated at epoch 450

🔧 Epoch 450 梯度检查:
================================================================================

  参数名称                              梯度范数         梯度均值 状态             
  ----------------------------------------------------------------------
  type_relations                0.181224     0.003181 ✅ 正常           
  exist_relation                0.013492     0.000419 ✅ 正常           
  mi_proj_layer0                0.031969     0.000087 ✅ 正常           
  dis_proj_layer0               0.027521     0.000080 ✅ 正常           
================================================================================

Epoch 450, Total Loss: 14.1392, Recover Loss: 1.0665, miRNA CL: 6.5938, Disease CL: 6.2253, Inter-view (est): 2.9583, Recon Loss: 0.0281, Time: 355.03s
[INFO] Hypergraph updated at epoch 500

🔧 Epoch 500 梯度检查:
================================================================================

  参数名称                              梯度范数         梯度均值 状态             
  ----------------------------------------------------------------------
  type_relations                0.168810     0.002865 ✅ 正常           
  exist_relation                0.014906     0.000484 ✅ 正常           
  mi_proj_layer0                0.024254     0.000068 ✅ 正常           
  dis_proj_layer0               0.027199     0.000078 ✅ 正常           
================================================================================

Epoch 500, Total Loss: 14.0638, Recover Loss: 1.0572, miRNA CL: 6.5609, Disease CL: 6.1946, Inter-view (est): 2.9436, Recon Loss: 0.0283, Time: 386.74s
[INFO] Hypergraph updated at epoch 550

🔧 Epoch 550 梯度检查:
================================================================================

  参数名称                              梯度范数         梯度均值 状态             
  ----------------------------------------------------------------------
  type_relations                0.133166     0.002298 ✅ 正常           
  exist_relation                0.014901     0.000502 ✅ 正常           
  mi_proj_layer0                0.021436     0.000059 ✅ 正常           
  dis_proj_layer0               0.021825     0.000063 ✅ 正常           
================================================================================

Epoch 550, Total Loss: 13.9983, Recover Loss: 1.0387, miRNA CL: 6.5380, Disease CL: 6.1735, Inter-view (est): 2.9334, Recon Loss: 0.0273, Time: 418.91s
[INFO] Hypergraph updated at epoch 600

🔧 Epoch 600 梯度检查:
================================================================================

  参数名称                              梯度范数         梯度均值 状态             
  ----------------------------------------------------------------------
  type_relations                0.139140     0.002428 ✅ 正常           
  exist_relation                0.012323     0.000433 ✅ 正常           
  mi_proj_layer0                0.021125     0.000061 ✅ 正常           
  dis_proj_layer0               0.025865     0.000073 ✅ 正常           
================================================================================

Epoch 600, Total Loss: 13.9494, Recover Loss: 1.0341, miRNA CL: 6.5148, Disease CL: 6.1539, Inter-view (est): 2.9236, Recon Loss: 0.0277, Time: 451.57s
[INFO] Hypergraph updated at epoch 650

🔧 Epoch 650 梯度检查:
================================================================================

  参数名称                              梯度范数         梯度均值 状态             
  ----------------------------------------------------------------------
  type_relations                0.121130     0.002137 ✅ 正常           
  exist_relation                0.014660     0.000514 ✅ 正常           
  mi_proj_layer0                0.023341     0.000064 ✅ 正常           
  dis_proj_layer0               0.023954     0.000070 ✅ 正常           
================================================================================

Epoch 650, Total Loss: 13.8836, Recover Loss: 1.0166, miRNA CL: 6.4886, Disease CL: 6.1343, Inter-view (est): 2.9130, Recon Loss: 0.0274, Time: 483.82s

================================================================================
Training completed. Running final test...
================================================================================
Fold 2 completed - AUC: 0.9676, Top-1 F1: 0.5681
Fold 2 training time: 484.57 seconds
=== Cross Validation Fold 3/5 ===
Using hidden dimensions: [256, 256] with 4 attention heads
[ABLATION] Running with mode = no_dv
优化模型初始化: miRNA数量 = 495, 疾病数量 = 383
   节点维度: 256 → 128
   类型数量: 4
   Temperature: 2.0 (可学习)
   exist_weight=0.100, type_weight=0.900

✅ SimplifiedMultiTypeAssociationLoss 初始化 (改进版)
   类别权重 (beta=0.99999): ['0.780', '1.822', '0.977', '0.421']
Original positive index shape: torch.Size([1072, 2])
Original negative index shape: torch.Size([135416, 2])
采样后负样本数量: 10720
🎯 Building TRUE DUAL VIEWS from four different sources...
📊 Data sources loaded:
  Disease semantic: torch.Size([383, 383])
  miRNA functional: torch.Size([495, 495])
  Disease-gene: torch.Size([383, 383])
  miRNA-sequence: torch.Size([495, 495])
🧬 Building miRNA dual-view hypergraphs...
  📊 miRNA View 1 (Sequence): torch.Size([495, 878])
  📊 miRNA View 2 (Function): torch.Size([495, 878])
🦠 Building disease dual-view hypergraphs...
  📊 Disease View 1 (Gene): torch.Size([383, 878])
  📊 Disease View 2 (Semantic): torch.Size([383, 878])
✅ Successfully built TRUE DUAL VIEWS:
   🧬 miRNA: Sequence Features (m_ss.xlsx) vs Functional Similarity (mi_fun_sim_2.0.csv)
   🦠 Disease: Gene Features (d_gs.xlsx) vs Semantic Similarity (dis_sem_sim_2.0.csv)

🔧 Epoch 1 梯度检查:
================================================================================

  参数名称                              梯度范数         梯度均值 状态             
  ----------------------------------------------------------------------
  type_relations                0.070355     0.002238 ✅ 正常           
  exist_relation                0.089665     0.005137 ✅ 正常           
  mi_proj_layer0                0.312987     0.000923 ✅ 正常           
  dis_proj_layer0               0.292471     0.000949 ✅ 正常           
================================================================================

Epoch 1, Total Loss: 20.5246, Recover Loss: 1.3182, miRNA CL: 8.9536, Disease CL: 8.4583, Inter-view (est): 4.0181, Recon Loss: 1.4970, Time: 0.67s
[INFO] Hypergraph updated at epoch 5
[INFO] Hypergraph updated at epoch 10
[INFO] Hypergraph updated at epoch 15
[INFO] Hypergraph updated at epoch 20
[INFO] Hypergraph updated at epoch 25
[INFO] Hypergraph updated at epoch 30
[INFO] Hypergraph updated at epoch 35
[INFO] Hypergraph updated at epoch 40
[INFO] Hypergraph updated at epoch 45
[INFO] Hypergraph updated at epoch 50

🔧 Epoch 50 梯度检查:
================================================================================

  参数名称                              梯度范数         梯度均值 状态             
  ----------------------------------------------------------------------
  type_relations                0.090783     0.002474 ✅ 正常           
  exist_relation                0.008087     0.000453 ✅ 正常           
  mi_proj_layer0                0.021585     0.000075 ✅ 正常           
  dis_proj_layer0               0.027243     0.000088 ✅ 正常           
================================================================================

Epoch 50, Total Loss: 17.0643, Recover Loss: 1.2820, miRNA CL: 7.7168, Disease CL: 7.6641, Inter-view (est): 3.5494, Recon Loss: 0.1215, Time: 95.89s
[INFO] Hypergraph updated at epoch 100

🔧 Epoch 100 梯度检查:
================================================================================

  参数名称                              梯度范数         梯度均值 状态             
  ----------------------------------------------------------------------
  type_relations                0.188600     0.003652 ✅ 正常           
  exist_relation                0.014129     0.000691 ✅ 正常           
  mi_proj_layer0                0.026740     0.000088 ✅ 正常           
  dis_proj_layer0               0.032356     0.000105 ✅ 正常           
================================================================================

Epoch 100, Total Loss: 15.8045, Recover Loss: 1.2499, miRNA CL: 7.2869, Disease CL: 6.9779, Inter-view (est): 3.2919, Recon Loss: 0.0308, Time: 129.59s
[INFO] Hypergraph updated at epoch 150

🔧 Epoch 150 梯度检查:
================================================================================

  参数名称                              梯度范数         梯度均值 状态             
  ----------------------------------------------------------------------
  type_relations                0.246722     0.004370 ✅ 正常           
  exist_relation                0.017007     0.000497 ✅ 正常           
  mi_proj_layer0                0.033690     0.000105 ✅ 正常           
  dis_proj_layer0               0.035991     0.000109 ✅ 正常           
================================================================================

Epoch 150, Total Loss: 15.1624, Recover Loss: 1.2117, miRNA CL: 7.0389, Disease CL: 6.6344, Inter-view (est): 3.1554, Recon Loss: 0.0295, Time: 161.46s
[INFO] Hypergraph updated at epoch 200

🔧 Epoch 200 梯度检查:
================================================================================

  参数名称                              梯度范数         梯度均值 状态             
  ----------------------------------------------------------------------
  type_relations                0.247069     0.004328 ✅ 正常           
  exist_relation                0.013517     0.000434 ✅ 正常           
  mi_proj_layer0                0.034656     0.000106 ✅ 正常           
  dis_proj_layer0               0.030023     0.000098 ✅ 正常           
================================================================================

Epoch 200, Total Loss: 14.7256, Recover Loss: 1.1613, miRNA CL: 6.8227, Disease CL: 6.4699, Inter-view (est): 3.0675, Recon Loss: 0.0308, Time: 193.33s
[INFO] Hypergraph updated at epoch 250

🔧 Epoch 250 梯度检查:
================================================================================

  参数名称                              梯度范数         梯度均值 状态             
  ----------------------------------------------------------------------
  type_relations                0.220981     0.003907 ✅ 正常           
  exist_relation                0.015877     0.000510 ✅ 正常           
  mi_proj_layer0                0.026744     0.000082 ✅ 正常           
  dis_proj_layer0               0.024779     0.000080 ✅ 正常           
================================================================================

Epoch 250, Total Loss: 14.5044, Recover Loss: 1.1285, miRNA CL: 6.7253, Disease CL: 6.3850, Inter-view (est): 3.0254, Recon Loss: 0.0296, Time: 224.97s
[INFO] Hypergraph updated at epoch 300

🔧 Epoch 300 梯度检查:
================================================================================

  参数名称                              梯度范数         梯度均值 状态             
  ----------------------------------------------------------------------
  type_relations                0.172247     0.003012 ✅ 正常           
  exist_relation                0.016125     0.000555 ✅ 正常           
  mi_proj_layer0                0.025528     0.000072 ✅ 正常           
  dis_proj_layer0               0.025409     0.000075 ✅ 正常           
================================================================================

Epoch 300, Total Loss: 14.3563, Recover Loss: 1.1031, miRNA CL: 6.6665, Disease CL: 6.3266, Inter-view (est): 2.9984, Recon Loss: 0.0284, Time: 257.02s
[INFO] Hypergraph updated at epoch 350

🔧 Epoch 350 梯度检查:
================================================================================

  参数名称                              梯度范数         梯度均值 状态             
  ----------------------------------------------------------------------
  type_relations                0.187264     0.003309 ✅ 正常           
  exist_relation                0.013099     0.000477 ✅ 正常           
  mi_proj_layer0                0.025411     0.000073 ✅ 正常           
  dis_proj_layer0               0.031816     0.000089 ✅ 正常           
================================================================================

Epoch 350, Total Loss: 14.2694, Recover Loss: 1.1008, miRNA CL: 6.6263, Disease CL: 6.2847, Inter-view (est): 2.9794, Recon Loss: 0.0287, Time: 288.35s
[INFO] Hypergraph updated at epoch 400

🔧 Epoch 400 梯度检查:
================================================================================

  参数名称                              梯度范数         梯度均值 状态             
  ----------------------------------------------------------------------
  type_relations                0.130052     0.002342 ✅ 正常           
  exist_relation                0.010188     0.000360 ✅ 正常           
  mi_proj_layer0                0.021532     0.000062 ✅ 正常           
  dis_proj_layer0               0.022208     0.000066 ✅ 正常           
================================================================================

Epoch 400, Total Loss: 14.1702, Recover Loss: 1.0767, miRNA CL: 6.5929, Disease CL: 6.2465, Inter-view (est): 2.9629, Recon Loss: 0.0279, Time: 319.82s
[INFO] Hypergraph updated at epoch 450

🔧 Epoch 450 梯度检查:
================================================================================

  参数名称                              梯度范数         梯度均值 状态             
  ----------------------------------------------------------------------
  type_relations                0.142201     0.002634 ✅ 正常           
  exist_relation                0.015160     0.000469 ✅ 正常           
  mi_proj_layer0                0.032104     0.000082 ✅ 正常           
  dis_proj_layer0               0.023409     0.000072 ✅ 正常           
================================================================================

Epoch 450, Total Loss: 14.1144, Recover Loss: 1.0668, miRNA CL: 6.5817, Disease CL: 6.2140, Inter-view (est): 2.9529, Recon Loss: 0.0281, Time: 351.31s
[INFO] Hypergraph updated at epoch 500

🔧 Epoch 500 梯度检查:
================================================================================

  参数名称                              梯度范数         梯度均值 状态             
  ----------------------------------------------------------------------
  type_relations                0.152935     0.002754 ✅ 正常           
  exist_relation                0.014411     0.000487 ✅ 正常           
  mi_proj_layer0                0.027821     0.000078 ✅ 正常           
  dis_proj_layer0               0.027375     0.000082 ✅ 正常           
================================================================================

Epoch 500, Total Loss: 14.0360, Recover Loss: 1.0532, miRNA CL: 6.5425, Disease CL: 6.1905, Inter-view (est): 2.9384, Recon Loss: 0.0279, Time: 382.67s
[INFO] Hypergraph updated at epoch 550

🔧 Epoch 550 梯度检查:
================================================================================

  参数名称                              梯度范数         梯度均值 状态             
  ----------------------------------------------------------------------
  type_relations                0.126842     0.002298 ✅ 正常           
  exist_relation                0.017192     0.000563 ✅ 正常           
  mi_proj_layer0                0.024739     0.000067 ✅ 正常           
  dis_proj_layer0               0.030841     0.000085 ✅ 正常           
================================================================================

Epoch 550, Total Loss: 13.9770, Recover Loss: 1.0390, miRNA CL: 6.5242, Disease CL: 6.1658, Inter-view (est): 2.9285, Recon Loss: 0.0281, Time: 414.81s
[INFO] Hypergraph updated at epoch 600

🔧 Epoch 600 梯度检查:
================================================================================

  参数名称                              梯度范数         梯度均值 状态             
  ----------------------------------------------------------------------
  type_relations                0.122579     0.002155 ✅ 正常           
  exist_relation                0.014197     0.000450 ✅ 正常           
  mi_proj_layer0                0.025633     0.000067 ✅ 正常           
  dis_proj_layer0               0.026474     0.000073 ✅ 正常           
================================================================================

Epoch 600, Total Loss: 13.9086, Recover Loss: 1.0214, miRNA CL: 6.5036, Disease CL: 6.1381, Inter-view (est): 2.9173, Recon Loss: 0.0277, Time: 446.64s
[INFO] Hypergraph updated at epoch 650

🔧 Epoch 650 梯度检查:
================================================================================

  参数名称                              梯度范数         梯度均值 状态             
  ----------------------------------------------------------------------
  type_relations                0.118937     0.002164 ✅ 正常           
  exist_relation                0.012589     0.000451 ✅ 正常           
  mi_proj_layer0                0.023910     0.000066 ✅ 正常           
  dis_proj_layer0               0.026727     0.000075 ✅ 正常           
================================================================================

Epoch 650, Total Loss: 13.8660, Recover Loss: 1.0134, miRNA CL: 6.4881, Disease CL: 6.1209, Inter-view (est): 2.9098, Recon Loss: 0.0273, Time: 477.94s

================================================================================
Training completed. Running final test...
================================================================================
Fold 3 completed - AUC: 0.9589, Top-1 F1: 0.5965
Fold 3 training time: 478.69 seconds
=== Cross Validation Fold 4/5 ===
Using hidden dimensions: [256, 256] with 4 attention heads
[ABLATION] Running with mode = no_dv
优化模型初始化: miRNA数量 = 495, 疾病数量 = 383
   节点维度: 256 → 128
   类型数量: 4
   Temperature: 2.0 (可学习)
   exist_weight=0.100, type_weight=0.900

✅ SimplifiedMultiTypeAssociationLoss 初始化 (改进版)
   类别权重 (beta=0.99999): ['0.780', '1.822', '0.977', '0.421']
Original positive index shape: torch.Size([1072, 2])
Original negative index shape: torch.Size([135416, 2])
采样后负样本数量: 10720
🎯 Building TRUE DUAL VIEWS from four different sources...
📊 Data sources loaded:
  Disease semantic: torch.Size([383, 383])
  miRNA functional: torch.Size([495, 495])
  Disease-gene: torch.Size([383, 383])
  miRNA-sequence: torch.Size([495, 495])
🧬 Building miRNA dual-view hypergraphs...
  📊 miRNA View 1 (Sequence): torch.Size([495, 878])
  📊 miRNA View 2 (Function): torch.Size([495, 878])
🦠 Building disease dual-view hypergraphs...
  📊 Disease View 1 (Gene): torch.Size([383, 878])
  📊 Disease View 2 (Semantic): torch.Size([383, 878])
✅ Successfully built TRUE DUAL VIEWS:
   🧬 miRNA: Sequence Features (m_ss.xlsx) vs Functional Similarity (mi_fun_sim_2.0.csv)
   🦠 Disease: Gene Features (d_gs.xlsx) vs Semantic Similarity (dis_sem_sim_2.0.csv)

🔧 Epoch 1 梯度检查:
================================================================================

  参数名称                              梯度范数         梯度均值 状态             
  ----------------------------------------------------------------------
  type_relations                0.072784     0.002231 ✅ 正常           
  exist_relation                0.054911     0.003287 ✅ 正常           
  mi_proj_layer0                0.214036     0.000622 ✅ 正常           
  dis_proj_layer0               0.187924     0.000635 ✅ 正常           
================================================================================

Epoch 1, Total Loss: 20.4872, Recover Loss: 1.3141, miRNA CL: 8.9472, Disease CL: 8.4443, Inter-view (est): 4.0134, Recon Loss: 1.4834, Time: 0.72s
[INFO] Hypergraph updated at epoch 5
[INFO] Hypergraph updated at epoch 10
[INFO] Hypergraph updated at epoch 15
[INFO] Hypergraph updated at epoch 20
[INFO] Hypergraph updated at epoch 25
[INFO] Hypergraph updated at epoch 30
[INFO] Hypergraph updated at epoch 35
[INFO] Hypergraph updated at epoch 40
[INFO] Hypergraph updated at epoch 45
[INFO] Hypergraph updated at epoch 50

🔧 Epoch 50 梯度检查:
================================================================================

  参数名称                              梯度范数         梯度均值 状态             
  ----------------------------------------------------------------------
  type_relations                0.106599     0.002607 ✅ 正常           
  exist_relation                0.006069     0.000373 ✅ 正常           
  mi_proj_layer0                0.022212     0.000076 ✅ 正常           
  dis_proj_layer0               0.026762     0.000089 ✅ 正常           
================================================================================

Epoch 50, Total Loss: 17.0736, Recover Loss: 1.2793, miRNA CL: 7.7120, Disease CL: 7.7247, Inter-view (est): 3.5623, Recon Loss: 0.0782, Time: 88.89s
[INFO] Hypergraph updated at epoch 100

🔧 Epoch 100 梯度检查:
================================================================================

  参数名称                              梯度范数         梯度均值 状态             
  ----------------------------------------------------------------------
  type_relations                0.251642     0.003738 ✅ 正常           
  exist_relation                0.023630     0.000480 ✅ 正常           
  mi_proj_layer0                0.023868     0.000078 ✅ 正常           
  dis_proj_layer0               0.031511     0.000098 ✅ 正常           
================================================================================

Epoch 100, Total Loss: 15.8550, Recover Loss: 1.2422, miRNA CL: 7.2813, Disease CL: 7.0391, Inter-view (est): 3.3047, Recon Loss: 0.0334, Time: 122.67s
[INFO] Hypergraph updated at epoch 150

🔧 Epoch 150 梯度检查:
================================================================================

  参数名称                              梯度范数         梯度均值 状态             
  ----------------------------------------------------------------------
  type_relations                0.245134     0.004262 ✅ 正常           
  exist_relation                0.019606     0.000649 ✅ 正常           
  mi_proj_layer0                0.028213     0.000093 ✅ 正常           
  dis_proj_layer0               0.040330     0.000120 ✅ 正常           
================================================================================

Epoch 150, Total Loss: 15.2992, Recover Loss: 1.2130, miRNA CL: 7.0693, Disease CL: 6.7359, Inter-view (est): 3.1858, Recon Loss: 0.0316, Time: 154.46s
[INFO] Hypergraph updated at epoch 200

🔧 Epoch 200 梯度检查:
================================================================================

  参数名称                              梯度范数         梯度均值 状态             
  ----------------------------------------------------------------------
  type_relations                0.266998     0.004505 ✅ 正常           
  exist_relation                0.020760     0.000601 ✅ 正常           
  mi_proj_layer0                0.028185     0.000089 ✅ 正常           
  dis_proj_layer0               0.029921     0.000095 ✅ 正常           
================================================================================

Epoch 200, Total Loss: 14.9322, Recover Loss: 1.1767, miRNA CL: 6.9363, Disease CL: 6.5437, Inter-view (est): 3.1108, Recon Loss: 0.0307, Time: 186.66s
[INFO] Hypergraph updated at epoch 250

🔧 Epoch 250 梯度检查:
================================================================================

  参数名称                              梯度范数         梯度均值 状态             
  ----------------------------------------------------------------------
  type_relations                0.241189     0.003831 ✅ 正常           
  exist_relation                0.028874     0.000682 ✅ 正常           
  mi_proj_layer0                0.024665     0.000075 ✅ 正常           
  dis_proj_layer0               0.026872     0.000085 ✅ 正常           
================================================================================

Epoch 250, Total Loss: 14.6148, Recover Loss: 1.1337, miRNA CL: 6.7781, Disease CL: 6.4327, Inter-view (est): 3.0486, Recon Loss: 0.0299, Time: 218.52s
[INFO] Hypergraph updated at epoch 300

🔧 Epoch 300 梯度检查:
================================================================================

  参数名称                              梯度范数         梯度均值 状态             
  ----------------------------------------------------------------------
  type_relations                0.235828     0.003647 ✅ 正常           
  exist_relation                0.024472     0.000708 ✅ 正常           
  mi_proj_layer0                0.024582     0.000070 ✅ 正常           
  dis_proj_layer0               0.028186     0.000084 ✅ 正常           
================================================================================

Epoch 300, Total Loss: 14.4553, Recover Loss: 1.1095, miRNA CL: 6.7007, Disease CL: 6.3783, Inter-view (est): 3.0182, Recon Loss: 0.0295, Time: 250.58s
[INFO] Hypergraph updated at epoch 350

🔧 Epoch 350 梯度检查:
================================================================================

  参数名称                              梯度范数         梯度均值 状态             
  ----------------------------------------------------------------------
  type_relations                0.202806     0.003341 ✅ 正常           
  exist_relation                0.026689     0.000649 ✅ 正常           
  mi_proj_layer0                0.022494     0.000065 ✅ 正常           
  dis_proj_layer0               0.027087     0.000078 ✅ 正常           
================================================================================

Epoch 350, Total Loss: 14.3378, Recover Loss: 1.0968, miRNA CL: 6.6516, Disease CL: 6.3261, Inter-view (est): 2.9948, Recon Loss: 0.0293, Time: 282.37s
[INFO] Hypergraph updated at epoch 400

🔧 Epoch 400 梯度检查:
================================================================================

  参数名称                              梯度范数         梯度均值 状态             
  ----------------------------------------------------------------------
  type_relations                0.211960     0.003394 ✅ 正常           
  exist_relation                0.018146     0.000552 ✅ 正常           
  mi_proj_layer0                0.027048     0.000070 ✅ 正常           
  dis_proj_layer0               0.029407     0.000079 ✅ 正常           
================================================================================

Epoch 400, Total Loss: 14.2530, Recover Loss: 1.0906, miRNA CL: 6.6215, Disease CL: 6.2804, Inter-view (est): 2.9774, Recon Loss: 0.0293, Time: 314.56s
[INFO] Hypergraph updated at epoch 450

🔧 Epoch 450 梯度检查:
================================================================================

  参数名称                              梯度范数         梯度均值 状态             
  ----------------------------------------------------------------------
  type_relations                0.177717     0.002954 ✅ 正常           
  exist_relation                0.018628     0.000546 ✅ 正常           
  mi_proj_layer0                0.027659     0.000072 ✅ 正常           
  dis_proj_layer0               0.026678     0.000075 ✅ 正常           
================================================================================

Epoch 450, Total Loss: 14.1694, Recover Loss: 1.0742, miRNA CL: 6.5917, Disease CL: 6.2460, Inter-view (est): 2.9625, Recon Loss: 0.0287, Time: 346.90s
[INFO] Hypergraph updated at epoch 500

🔧 Epoch 500 梯度检查:
================================================================================

  参数名称                              梯度范数         梯度均值 状态             
  ----------------------------------------------------------------------
  type_relations                0.184948     0.002922 ✅ 正常           
  exist_relation                0.013700     0.000433 ✅ 正常           
  mi_proj_layer0                0.022263     0.000061 ✅ 正常           
  dis_proj_layer0               0.028336     0.000076 ✅ 正常           
================================================================================

Epoch 500, Total Loss: 14.0890, Recover Loss: 1.0534, miRNA CL: 6.5663, Disease CL: 6.2150, Inter-view (est): 2.9495, Recon Loss: 0.0277, Time: 379.04s
[INFO] Hypergraph updated at epoch 550

🔧 Epoch 550 梯度检查:
================================================================================

  参数名称                              梯度范数         梯度均值 状态             
  ----------------------------------------------------------------------
  type_relations                0.153045     0.002323 ✅ 正常           
  exist_relation                0.019760     0.000635 ✅ 正常           
  mi_proj_layer0                0.022959     0.000059 ✅ 正常           
  dis_proj_layer0               0.025764     0.000068 ✅ 正常           
================================================================================

Epoch 550, Total Loss: 14.0123, Recover Loss: 1.0290, miRNA CL: 6.5437, Disease CL: 6.1873, Inter-view (est): 2.9379, Recon Loss: 0.0282, Time: 411.71s
[INFO] Hypergraph updated at epoch 600

🔧 Epoch 600 梯度检查:
================================================================================

  参数名称                              梯度范数         梯度均值 状态             
  ----------------------------------------------------------------------
  type_relations                0.143680     0.002382 ✅ 正常           
  exist_relation                0.011840     0.000390 ✅ 正常           
  mi_proj_layer0                0.025091     0.000065 ✅ 正常           
  dis_proj_layer0               0.025265     0.000068 ✅ 正常           
================================================================================

Epoch 600, Total Loss: 13.9669, Recover Loss: 1.0307, miRNA CL: 6.5247, Disease CL: 6.1616, Inter-view (est): 2.9276, Recon Loss: 0.0281, Time: 443.40s
[INFO] Hypergraph updated at epoch 650

🔧 Epoch 650 梯度检查:
================================================================================

  参数名称                              梯度范数         梯度均值 状态             
  ----------------------------------------------------------------------
  type_relations                0.139138     0.002241 ✅ 正常           
  exist_relation                0.010759     0.000377 ✅ 正常           
  mi_proj_layer0                0.027607     0.000067 ✅ 正常           
  dis_proj_layer0               0.028840     0.000072 ✅ 正常           
================================================================================

Epoch 650, Total Loss: 13.8989, Recover Loss: 1.0062, miRNA CL: 6.5084, Disease CL: 6.1370, Inter-view (est): 2.9182, Recon Loss: 0.0280, Time: 475.73s

================================================================================
Training completed. Running final test...
================================================================================
Fold 4 completed - AUC: 0.9637, Top-1 F1: 0.5687
Fold 4 training time: 476.53 seconds
=== Cross Validation Fold 5/5 ===
Using hidden dimensions: [256, 256] with 4 attention heads
[ABLATION] Running with mode = no_dv
优化模型初始化: miRNA数量 = 495, 疾病数量 = 383
   节点维度: 256 → 128
   类型数量: 4
   Temperature: 2.0 (可学习)
   exist_weight=0.100, type_weight=0.900

✅ SimplifiedMultiTypeAssociationLoss 初始化 (改进版)
   类别权重 (beta=0.99999): ['0.780', '1.822', '0.977', '0.421']
Original positive index shape: torch.Size([1072, 2])
Original negative index shape: torch.Size([135416, 2])
采样后负样本数量: 10720
🎯 Building TRUE DUAL VIEWS from four different sources...
📊 Data sources loaded:
  Disease semantic: torch.Size([383, 383])
  miRNA functional: torch.Size([495, 495])
  Disease-gene: torch.Size([383, 383])
  miRNA-sequence: torch.Size([495, 495])
🧬 Building miRNA dual-view hypergraphs...
  📊 miRNA View 1 (Sequence): torch.Size([495, 878])
  📊 miRNA View 2 (Function): torch.Size([495, 878])
🦠 Building disease dual-view hypergraphs...
  📊 Disease View 1 (Gene): torch.Size([383, 878])
  📊 Disease View 2 (Semantic): torch.Size([383, 878])
✅ Successfully built TRUE DUAL VIEWS:
   🧬 miRNA: Sequence Features (m_ss.xlsx) vs Functional Similarity (mi_fun_sim_2.0.csv)
   🦠 Disease: Gene Features (d_gs.xlsx) vs Semantic Similarity (dis_sem_sim_2.0.csv)

🔧 Epoch 1 梯度检查:
================================================================================

  参数名称                              梯度范数         梯度均值 状态             
  ----------------------------------------------------------------------
  type_relations                0.077970     0.002340 ✅ 正常           
  exist_relation                0.067163     0.004033 ✅ 正常           
  mi_proj_layer0                0.350077     0.000978 ✅ 正常           
  dis_proj_layer0               0.317948     0.000908 ✅ 正常           
================================================================================

Epoch 1, Total Loss: 20.4770, Recover Loss: 1.3244, miRNA CL: 8.9176, Disease CL: 8.4304, Inter-view (est): 4.0034, Recon Loss: 1.5066, Time: 0.66s
[INFO] Hypergraph updated at epoch 5
[INFO] Hypergraph updated at epoch 10
[INFO] Hypergraph updated at epoch 15
[INFO] Hypergraph updated at epoch 20
[INFO] Hypergraph updated at epoch 25
[INFO] Hypergraph updated at epoch 30
[INFO] Hypergraph updated at epoch 35
[INFO] Hypergraph updated at epoch 40
[INFO] Hypergraph updated at epoch 45
[INFO] Hypergraph updated at epoch 50

🔧 Epoch 50 梯度检查:
================================================================================

  参数名称                              梯度范数         梯度均值 状态             
  ----------------------------------------------------------------------
  type_relations                0.096428     0.002485 ✅ 正常           
  exist_relation                0.005397     0.000319 ✅ 正常           
  mi_proj_layer0                0.021644     0.000070 ✅ 正常           
  dis_proj_layer0               0.023207     0.000077 ✅ 正常           
================================================================================

Epoch 50, Total Loss: 17.0627, Recover Loss: 1.2819, miRNA CL: 7.6927, Disease CL: 7.7026, Inter-view (est): 3.5528, Recon Loss: 0.1055, Time: 95.24s
[INFO] Hypergraph updated at epoch 100

🔧 Epoch 100 梯度检查:
================================================================================

  参数名称                              梯度范数         梯度均值 状态             
  ----------------------------------------------------------------------
  type_relations                0.168565     0.003344 ✅ 正常           
  exist_relation                0.007107     0.000346 ✅ 正常           
  mi_proj_layer0                0.021672     0.000073 ✅ 正常           
  dis_proj_layer0               0.028863     0.000090 ✅ 正常           
================================================================================

Epoch 100, Total Loss: 15.8034, Recover Loss: 1.2569, miRNA CL: 7.2845, Disease CL: 6.9708, Inter-view (est): 3.2897, Recon Loss: 0.0324, Time: 129.47s
[INFO] Hypergraph updated at epoch 150

🔧 Epoch 150 梯度检查:
================================================================================

  参数名称                              梯度范数         梯度均值 状态             
  ----------------------------------------------------------------------
  type_relations                0.299892     0.004540 ✅ 正常           
  exist_relation                0.013511     0.000450 ✅ 正常           
  mi_proj_layer0                0.031992     0.000097 ✅ 正常           
  dis_proj_layer0               0.032744     0.000102 ✅ 正常           
================================================================================

Epoch 150, Total Loss: 15.1667, Recover Loss: 1.2063, miRNA CL: 7.0649, Disease CL: 6.6184, Inter-view (est): 3.1577, Recon Loss: 0.0305, Time: 162.11s
[INFO] Hypergraph updated at epoch 200

🔧 Epoch 200 梯度检查:
================================================================================

  参数名称                              梯度范数         梯度均值 状态             
  ----------------------------------------------------------------------
  type_relations                0.259556     0.004414 ✅ 正常           
  exist_relation                0.014552     0.000521 ✅ 正常           
  mi_proj_layer0                0.033815     0.000097 ✅ 正常           
  dis_proj_layer0               0.035874     0.000108 ✅ 正常           
================================================================================

Epoch 200, Total Loss: 14.7455, Recover Loss: 1.1695, miRNA CL: 6.8566, Disease CL: 6.4503, Inter-view (est): 3.0708, Recon Loss: 0.0299, Time: 194.01s
[INFO] Hypergraph updated at epoch 250

🔧 Epoch 250 梯度检查:
================================================================================

  参数名称                              梯度范数         梯度均值 状态             
  ----------------------------------------------------------------------
  type_relations                0.221809     0.003647 ✅ 正常           
  exist_relation                0.013685     0.000503 ✅ 正常           
  mi_proj_layer0                0.021051     0.000064 ✅ 正常           
  dis_proj_layer0               0.024451     0.000075 ✅ 正常           
================================================================================

Epoch 250, Total Loss: 14.5060, Recover Loss: 1.1306, miRNA CL: 6.7327, Disease CL: 6.3784, Inter-view (est): 3.0256, Recon Loss: 0.0299, Time: 225.66s
[INFO] Hypergraph updated at epoch 300

🔧 Epoch 300 梯度检查:
================================================================================

  参数名称                              梯度范数         梯度均值 状态             
  ----------------------------------------------------------------------
  type_relations                0.203226     0.003422 ✅ 正常           
  exist_relation                0.011550     0.000413 ✅ 正常           
  mi_proj_layer0                0.021972     0.000064 ✅ 正常           
  dis_proj_layer0               0.027258     0.000079 ✅ 正常           
================================================================================

Epoch 300, Total Loss: 14.3864, Recover Loss: 1.1133, miRNA CL: 6.6758, Disease CL: 6.3367, Inter-view (est): 3.0029, Recon Loss: 0.0295, Time: 257.43s
[INFO] Hypergraph updated at epoch 350

🔧 Epoch 350 梯度检查:
================================================================================

  参数名称                              梯度范数         梯度均值 状态             
  ----------------------------------------------------------------------
  type_relations                0.171203     0.002776 ✅ 正常           
  exist_relation                0.010861     0.000384 ✅ 正常           
  mi_proj_layer0                0.020603     0.000059 ✅ 正常           
  dis_proj_layer0               0.020822     0.000063 ✅ 正常           
================================================================================

Epoch 350, Total Loss: 14.2830, Recover Loss: 1.0950, miRNA CL: 6.6357, Disease CL: 6.2958, Inter-view (est): 2.9842, Recon Loss: 0.0286, Time: 289.97s
[INFO] Hypergraph updated at epoch 400

🔧 Epoch 400 梯度检查:
================================================================================

  参数名称                              梯度范数         梯度均值 状态             
  ----------------------------------------------------------------------
  type_relations                0.171793     0.002832 ✅ 正常           
  exist_relation                0.010276     0.000366 ✅ 正常           
  mi_proj_layer0                0.023014     0.000062 ✅ 正常           
  dis_proj_layer0               0.024024     0.000066 ✅ 正常           
================================================================================

Epoch 400, Total Loss: 14.1783, Recover Loss: 1.0725, miRNA CL: 6.5980, Disease CL: 6.2554, Inter-view (est): 2.9662, Recon Loss: 0.0278, Time: 321.96s
[INFO] Hypergraph updated at epoch 450

🔧 Epoch 450 梯度检查:
================================================================================

  参数名称                              梯度范数         梯度均值 状态             
  ----------------------------------------------------------------------
  type_relations                0.149035     0.002517 ✅ 正常           
  exist_relation                0.011281     0.000414 ✅ 正常           
  mi_proj_layer0                0.025218     0.000072 ✅ 正常           
  dis_proj_layer0               0.028523     0.000074 ✅ 正常           
================================================================================

Epoch 450, Total Loss: 14.0854, Recover Loss: 1.0564, miRNA CL: 6.5596, Disease CL: 6.2193, Inter-view (est): 2.9490, Recon Loss: 0.0286, Time: 354.34s
[INFO] Hypergraph updated at epoch 500

🔧 Epoch 500 梯度检查:
================================================================================

  参数名称                              梯度范数         梯度均值 状态             
  ----------------------------------------------------------------------
  type_relations                0.159242     0.002301 ✅ 正常           
  exist_relation                0.017002     0.000540 ✅ 正常           
  mi_proj_layer0                0.027994     0.000071 ✅ 正常           
  dis_proj_layer0               0.031972     0.000077 ✅ 正常           
================================================================================

Epoch 500, Total Loss: 14.0108, Recover Loss: 1.0509, miRNA CL: 6.5244, Disease CL: 6.1893, Inter-view (est): 2.9339, Recon Loss: 0.0277, Time: 386.20s
[INFO] Hypergraph updated at epoch 550

🔧 Epoch 550 梯度检查:
================================================================================

  参数名称                              梯度范数         梯度均值 状态             
  ----------------------------------------------------------------------
  type_relations                0.130844     0.002184 ✅ 正常           
  exist_relation                0.011256     0.000417 ✅ 正常           
  mi_proj_layer0                0.024177     0.000063 ✅ 正常           
  dis_proj_layer0               0.026821     0.000071 ✅ 正常           
================================================================================

Epoch 550, Total Loss: 13.9411, Recover Loss: 1.0229, miRNA CL: 6.5062, Disease CL: 6.1680, Inter-view (est): 2.9248, Recon Loss: 0.0276, Time: 418.28s
[INFO] Hypergraph updated at epoch 600

🔧 Epoch 600 梯度检查:
================================================================================

  参数名称                              梯度范数         梯度均值 状态             
  ----------------------------------------------------------------------
  type_relations                0.110984     0.001826 ✅ 正常           
  exist_relation                0.009204     0.000314 ✅ 正常           
  mi_proj_layer0                0.024161     0.000063 ✅ 正常           
  dis_proj_layer0               0.026882     0.000068 ✅ 正常           
================================================================================

Epoch 600, Total Loss: 13.8823, Recover Loss: 1.0064, miRNA CL: 6.4874, Disease CL: 6.1466, Inter-view (est): 2.9155, Recon Loss: 0.0272, Time: 450.42s
[INFO] Hypergraph updated at epoch 650

🔧 Epoch 650 梯度检查:
================================================================================

  参数名称                              梯度范数         梯度均值 状态             
  ----------------------------------------------------------------------
  type_relations                0.132735     0.002169 ✅ 正常           
  exist_relation                0.010402     0.000374 ✅ 正常           
  mi_proj_layer0                0.025442     0.000063 ✅ 正常           
  dis_proj_layer0               0.024931     0.000066 ✅ 正常           
================================================================================

Epoch 650, Total Loss: 13.8244, Recover Loss: 0.9986, miRNA CL: 6.4609, Disease CL: 6.1254, Inter-view (est): 2.9045, Recon Loss: 0.0268, Time: 482.77s

================================================================================
Training completed. Running final test...
================================================================================
Fold 5 completed - AUC: 0.9662, Top-1 F1: 0.6072
Fold 5 training time: 483.56 seconds
Average binary metrics across folds: [[0.96453943 0.95822762 0.91045779 0.90753731 0.94044776 0.87462687
  0.88321587]]
🎯 Average Top-1 metrics across folds: {'top1_precision': 0.5634328358208955, 'top1_recall': np.float64(0.6149144409810405), 'top1_f1': np.float64(0.5879067933723873)}

📊 CV_type Style Metrics Details:
  AUC            : 0.9645
  AUPR           : 0.9582
  F1             : 0.9105
  Accuracy       : 0.9075
  Recall         : 0.9404
  Specificity    : 0.8746
  Precision      : 0.8832

🎯 Top-1 Metrics Details:
  top1_precision : 0.5634
  top1_recall    : 0.6149
  top1_f1        : 0.5879

Total execution time: 2403.50 seconds

==========================================================================================
🎯 FINAL COMPREHENSIVE RESULTS WITH TOP-1 METRICS
==========================================================================================
📊 Binary Classification Metrics (Original):
  AUC: 0.9645
  AUPR: 0.9582
  F1: 0.9105
  Accuracy: 0.9075
  Recall: 0.9404
  Specificity: 0.8746
  Precision: 0.8832

🎯 CV_type Style Metrics (Enhanced):
  AUC: 0.9645
  AUPR: 0.9582
  F1: 0.9105
  Accuracy: 0.9075
  Recall: 0.9404
  Specificity: 0.8746
  Precision: 0.8832

🏆 Top-1 Metrics (NEW):
  Top-1 Precision: 0.5634
  Top-1 Recall: 0.6149
  Top-1 F1: 0.5879
==========================================================================================

================================================================
 AGGREGATE + REGEN BAO CAO
================================================================

==========================================================================================
A. LOSS SWEEP (exist_weight) — Plan C-1/2/3/4
==========================================================================================
Run                               AUC     AUPR       F1    T1-F1  Δ vs paper  
------------------------------------------------------------------------------------------
Paper                          0.9669   0.9738   0.9278   0.5970  0.0%        
Phase A (w=0.3 orig)           0.9738   0.9671   0.9295   0.5485  -8.1%       
Phase B-C (w=0.3 fix)          0.9752   0.9701   0.9297   0.5521  -7.5%       
Phase C-w0.1                   0.9641   0.9569   0.9118   0.5996  +0.4%       
Phase C-w0.05                  0.9488   0.9421   0.8912   0.5898  -1.2%       
Phase C-w0.0                   0.4368   0.4737   0.6740   0.5802  -2.8%       

====================================================================================================
B. ABLATION VERIFY Fig.4 (exist_weight=0.1) — paper bảo TẤT CẢ ablation phải HURT
====================================================================================================
Variant                     AUC    T1-F1     Δ vs Full(w=0.1)  Paper expects         
----------------------------------------------------------------------------------------------------
Full DHGCMDA (w=0.1)     0.9641   0.5996                       baseline              
w/o no_cl                0.9651   0.6286                +4.8%  ~0.5750 (lower)        ❌
w/o no_hgcn              0.9638   0.6037                +0.7%  ~0.5800 (lower)        ❌
w/o no_avf               0.9651   0.5777                -3.7%  ~0.5850 (lower)        ✅
w/o no_hgt               0.9526   0.6452                +7.6%  ~0.5780 (lower)        ❌
w/o no_dv                0.9645   0.5879                -2.0%  ~0.5820 (lower)        ✅
----------------------------------------------------------------------------------------------------

Fig.4 pattern verify: 2/5 ablation match paper (lower than baseline). PARTIAL

==========================================================================================
C. CASE STUDY VERIFY (Tables 5/6) — paper xác nhận 13/15 breast + 12/15 HCC
==========================================================================================
                                Phase B-C (w=0.3)         Phase C-w0.1
------------------------------------------------------------------------------------------
breast (paper 13/15 PMID)        1/15 (type:0/15)     1/15 (type:0/15)
hcc (paper 12/15 PMID)           0/15 (type:0/15)     0/15 (type:0/15)

Type diversity check (should be 4 types per disease for full reproduce):
  breast: target:15
  hcc: epigenetics:15

[save] results/plan_c_full_summary.json
[generate_report] Loading reproduce metrics...
[generate_report] Building document...
[generate_report] Saved: D:\Tien\DHGCMDA-fork\BaoCao_DHGCMDA.docx
[generate_report] Total paragraphs: 349, tables: 14

DONE. Xem BaoCao_DHGCMDA.docx + results\plan_c_full_summary.json
