================================================================
 SEED SWEEP - find seed closest to paper baseline
 Paper: AUC=0.9669, Top-1 F1=0.5970
 Seeds to test: 0, 1, 42, 1234
 Config: DEFAULT (--exist_weight 0.3, two_head, no ablation)
================================================================

[1/4] seed=0 (DEFAULT config)
----------------------------------------------------------------
[CPU] torch.set_num_threads(14), interop=min(4, 14)
Using device: cpu
[INFO] Auto-computed BALANCED class weights (to prevent class collapse):
  Circulation  (367 samples): 0.780
  Epigenetics  (157 samples): 1.823
  Target       (293 samples): 0.977
  Genetics     (681 samples): 0.420
  [NOTE] Higher weights for minority classes to prevent model from only predicting majority class
[INFO] Using v2.0_495m383D dataset:
  miRNAs: 495
  Diseases: 383
  Expected associations: ~1498
  Types: 4 (Circulation, Epigenetics, Target, Genetics)

================================================================================
Configuration Summary
================================================================================
Dataset: v2.0_495m383D
Data Path: ./
Model: HeterogenousGraphCLAMIR
  - HGT Layers: 2
  - Attention Heads: 4
  - Association Types: 4
  - Inter-view CL: Enabled
    - Weight: 0.3
    - Temperature: 0.5
    - Margin: 0.5

Training:
  - Epochs: 650
  - Learning Rate: 0.0001
  - Dropout: 0.3
  - Weight Decay: 5e-05
  - Focal Loss: Enabled

Evaluation:
  - Cross-Validation Folds: 5
  - Primary Metric: AUPR

Device: cpu
Random Seed: 0
================================================================================

[SEED] Re-seeded với args.seed = 0
🚀 Running with comprehensive evaluation including Top-1 metrics...
🎯 Loading dual-view data...
Starting dual-view data preparation with new file format...
Loading all similarity and feature files from v2.0_495m383D...
✅ Loaded disease semantic similarity from D_SSM1.txt: (383, 383)
✅ Loaded miRNA functional similarity from M_FSM.txt: (495, 495)
✅ Loaded multi-type association pairs from ./v2.0_495m383D\multi_all_mirna_disease_pairs_without_negative.csv: (1679, 3)
✅ Created multi-type association matrix: (495, 383)
📊 Multi-type Association Statistics:
   无关联 (No association): 188087 pairs (99.21%)
   循环类型 (Circulation): 367 pairs (0.19%)
   表观遗传学 (Epigenetics): 157 pairs (0.08%)
   靶标类型 (Target): 293 pairs (0.15%)
   遗传学类型 (Genetics): 681 pairs (0.36%)
✅ Created association matrix from CSV: (495, 383)
✅ Loaded disease-gene features from D_SSM2.txt: torch.Size([383, 383])
✅ Loaded miRNA-sequence features from M_GSM.txt: torch.Size([495, 495])
Processing integrated similarity matrices...
Loaded similarity matrices from cache
Processing indices...
Computing indices (seed=0)...
Indices computed in 0.59 seconds
✅ Dual-view data preparation completed in 0.93 seconds

============================================================
🎯 DUAL-VIEW CONFIGURATION SUMMARY (v2.0_495m383D)
============================================================
miRNA Dual Views:
  📊 View 1 (Sequence): M_GSM.txt torch.Size([495, 495])
  📊 View 2 (Function): M_FSM.txt torch.Size([495, 495])

Disease Dual Views:
  📊 View 1 (Gene): D_SSM2.txt torch.Size([383, 383])
  📊 View 2 (Semantic): D_SSM1.txt torch.Size([383, 383])

Association Matrix: torch.Size([495, 383])
Data source: v2.0_495m383D (495 miRNAs × 383 Diseases)
============================================================
Preloading dual-view data to device...
✅ Loaded disease-gene features to device: torch.Size([383, 383])
✅ Loaded miRNA-sequence features to device: torch.Size([495, 495])
✅ Loaded disease semantic similarity to device: torch.Size([383, 383])
✅ Loaded miRNA functional similarity to device: torch.Size([495, 495])
✅ Dual-view data preloading completed in 0.00 seconds
OptimizedDataset initialized with 5 folds
Using device: cpu
=== Cross Validation Fold 1/5 ===
Using hidden dimensions: [256, 256] with 4 attention heads
优化模型初始化: miRNA数量 = 495, 疾病数量 = 383
   节点维度: 256 → 128
   类型数量: 4
   Temperature: 2.0 (可学习)
   Loss mode: two_head
   loss_mode=two_head
   exist_weight=0.300, type_weight=0.700

✅ SimplifiedMultiTypeAssociationLoss 初始化 (改进版)
   类别权重 (beta=0.99999): ['0.780', '1.822', '0.977', '0.421']
Original positive index shape: torch.Size([1072, 2])
Original negative index shape: torch.Size([135416, 2])
采样后负样本数量: 10720
🎯 Building TRUE DUAL VIEWS from four different sources...
📊 Data sources loaded:
  Disease semantic: torch.Size([383, 383])
  miRNA functional: torch.Size([495, 495])
  Disease-gene: torch.Size([383, 383])
  miRNA-sequence: torch.Size([495, 495])
🧬 Building miRNA dual-view hypergraphs...
  📊 miRNA View 1 (Sequence): torch.Size([495, 878])
  📊 miRNA View 2 (Function): torch.Size([495, 878])
🦠 Building disease dual-view hypergraphs...
  📊 Disease View 1 (Gene): torch.Size([383, 878])
  📊 Disease View 2 (Semantic): torch.Size([383, 878])
✅ Successfully built TRUE DUAL VIEWS:
   🧬 miRNA: Sequence Features (m_ss.xlsx) vs Functional Similarity (mi_fun_sim_2.0.csv)
   🦠 Disease: Gene Features (d_gs.xlsx) vs Semantic Similarity (dis_sem_sim_2.0.csv)

🔧 Epoch 1 梯度检查:
================================================================================

  参数名称                              梯度范数         梯度均值 状态             
  ----------------------------------------------------------------------
  type_relations                0.054690     0.001786 ✅ 正常           
  exist_relation                0.494715     0.027803 ✅ 正常           
  mi_proj_layer0                1.660152     0.004848 ✅ 正常           
  dis_proj_layer0               1.749861     0.004921 ✅ 正常           
================================================================================

Epoch 1, Total Loss: 20.3753, Recover Loss: 1.2053, miRNA CL: 8.8736, Disease CL: 8.4648, Inter-view (est): 4.0012, Recon Loss: 1.5337, Time: 0.70s
[INFO] Hypergraph updated at epoch 5
[INFO] Hypergraph updated at epoch 10
[INFO] Hypergraph updated at epoch 15
[INFO] Hypergraph updated at epoch 20
[INFO] Hypergraph updated at epoch 25
[INFO] Hypergraph updated at epoch 30
[INFO] Hypergraph updated at epoch 35
[INFO] Hypergraph updated at epoch 40
[INFO] Hypergraph updated at epoch 45
[INFO] Hypergraph updated at epoch 50

🔧 Epoch 50 梯度检查:
================================================================================

  参数名称                              梯度范数         梯度均值 状态             
  ----------------------------------------------------------------------
  type_relations                0.061391     0.001708 ✅ 正常           
  exist_relation                0.021963     0.001251 ✅ 正常           
  mi_proj_layer0                0.029281     0.000103 ✅ 正常           
  dis_proj_layer0               0.031577     0.000111 ✅ 正常           
================================================================================

Epoch 50, Total Loss: 17.2017, Recover Loss: 1.0095, miRNA CL: 7.9953, Disease CL: 7.7751, Inter-view (est): 3.6393, Recon Loss: 0.1385, Time: 101.78s
[INFO] Hypergraph updated at epoch 100

🔧 Epoch 100 梯度检查:
================================================================================

  参数名称                              梯度范数         梯度均值 状态             
  ----------------------------------------------------------------------
  type_relations                0.086139     0.002188 ✅ 正常           
  exist_relation                0.013664     0.000739 ✅ 正常           
  mi_proj_layer0                0.022548     0.000076 ✅ 正常           
  dis_proj_layer0               0.022342     0.000077 ✅ 正常           
================================================================================

Epoch 100, Total Loss: 16.1149, Recover Loss: 0.9986, miRNA CL: 7.7368, Disease CL: 7.0847, Inter-view (est): 3.4203, Recon Loss: 0.0309, Time: 137.98s
[INFO] Hypergraph updated at epoch 150

🔧 Epoch 150 梯度检查:
================================================================================

  参数名称                              梯度范数         梯度均值 状态             
  ----------------------------------------------------------------------
  type_relations                0.126156     0.002502 ✅ 正常           
  exist_relation                0.018727     0.000776 ✅ 正常           
  mi_proj_layer0                0.021764     0.000076 ✅ 正常           
  dis_proj_layer0               0.024947     0.000082 ✅ 正常           
================================================================================

Epoch 150, Total Loss: 15.5384, Recover Loss: 0.9763, miRNA CL: 7.5533, Disease CL: 6.7299, Inter-view (est): 3.2961, Recon Loss: 0.0297, Time: 171.79s
[INFO] Hypergraph updated at epoch 200

🔧 Epoch 200 梯度检查:
================================================================================

  参数名称                              梯度范数         梯度均值 状态             
  ----------------------------------------------------------------------
  type_relations                0.173985     0.002935 ✅ 正常           
  exist_relation                0.016764     0.000696 ✅ 正常           
  mi_proj_layer0                0.026865     0.000088 ✅ 正常           
  dis_proj_layer0               0.026399     0.000088 ✅ 正常           
================================================================================

Epoch 200, Total Loss: 14.9895, Recover Loss: 0.9440, miRNA CL: 7.2804, Disease CL: 6.4960, Inter-view (est): 3.1792, Recon Loss: 0.0294, Time: 205.64s
[INFO] Hypergraph updated at epoch 250

🔧 Epoch 250 梯度检查:
================================================================================

  参数名称                              梯度范数         梯度均值 状态             
  ----------------------------------------------------------------------
  type_relations                0.166762     0.002687 ✅ 正常           
  exist_relation                0.019342     0.000833 ✅ 正常           
  mi_proj_layer0                0.024584     0.000081 ✅ 正常           
  dis_proj_layer0               0.021926     0.000075 ✅ 正常           
================================================================================

Epoch 250, Total Loss: 14.6960, Recover Loss: 0.9050, miRNA CL: 7.1191, Disease CL: 6.4098, Inter-view (est): 3.1220, Recon Loss: 0.0287, Time: 239.65s
[INFO] Hypergraph updated at epoch 300

🔧 Epoch 300 梯度检查:
================================================================================

  参数名称                              梯度范数         梯度均值 状态             
  ----------------------------------------------------------------------
  type_relations                0.162574     0.002454 ✅ 正常           
  exist_relation                0.023939     0.000801 ✅ 正常           
  mi_proj_layer0                0.022011     0.000069 ✅ 正常           
  dis_proj_layer0               0.022504     0.000070 ✅ 正常           
================================================================================

Epoch 300, Total Loss: 14.5840, Recover Loss: 0.8904, miRNA CL: 7.0590, Disease CL: 6.3756, Inter-view (est): 3.1003, Recon Loss: 0.0287, Time: 274.13s
[INFO] Hypergraph updated at epoch 350

🔧 Epoch 350 梯度检查:
================================================================================

  参数名称                              梯度范数         梯度均值 状态             
  ----------------------------------------------------------------------
  type_relations                0.128003     0.002055 ✅ 正常           
  exist_relation                0.017943     0.000642 ✅ 正常           
  mi_proj_layer0                0.019039     0.000062 ✅ 正常           
  dis_proj_layer0               0.020892     0.000064 ✅ 正常           
================================================================================

Epoch 350, Total Loss: 14.4713, Recover Loss: 0.8762, miRNA CL: 7.0054, Disease CL: 6.3349, Inter-view (est): 3.0785, Recon Loss: 0.0277, Time: 308.14s
[INFO] Hypergraph updated at epoch 400

🔧 Epoch 400 梯度检查:
================================================================================

  参数名称                              梯度范数         梯度均值 状态             
  ----------------------------------------------------------------------
  type_relations                0.122728     0.002001 ✅ 正常           
  exist_relation                0.019919     0.000688 ✅ 正常           
  mi_proj_layer0                0.023098     0.000069 ✅ 正常           
  dis_proj_layer0               0.019211     0.000062 ✅ 正常           
================================================================================

Epoch 400, Total Loss: 14.3484, Recover Loss: 0.8611, miRNA CL: 6.9483, Disease CL: 6.2870, Inter-view (est): 3.0543, Recon Loss: 0.0280, Time: 343.84s
[INFO] Hypergraph updated at epoch 450

🔧 Epoch 450 梯度检查:
================================================================================

  参数名称                              梯度范数         梯度均值 状态             
  ----------------------------------------------------------------------
  type_relations                0.113118     0.001915 ✅ 正常           
  exist_relation                0.033155     0.001033 ✅ 正常           
  mi_proj_layer0                0.018000     0.000058 ✅ 正常           
  dis_proj_layer0               0.017309     0.000058 ✅ 正常           
================================================================================

Epoch 450, Total Loss: 14.2099, Recover Loss: 0.8499, miRNA CL: 6.8686, Disease CL: 6.2423, Inter-view (est): 3.0256, Recon Loss: 0.0277, Time: 378.48s
[INFO] Hypergraph updated at epoch 500

🔧 Epoch 500 梯度检查:
================================================================================

  参数名称                              梯度范数         梯度均值 状态             
  ----------------------------------------------------------------------
  type_relations                0.094819     0.001535 ✅ 正常           
  exist_relation                0.018891     0.000689 ✅ 正常           
  mi_proj_layer0                0.020853     0.000062 ✅ 正常           
  dis_proj_layer0               0.016682     0.000054 ✅ 正常           
================================================================================

Epoch 500, Total Loss: 14.1053, Recover Loss: 0.8428, miRNA CL: 6.7987, Disease CL: 6.2170, Inter-view (est): 3.0036, Recon Loss: 0.0274, Time: 413.51s
[INFO] Hypergraph updated at epoch 550

🔧 Epoch 550 梯度检查:
================================================================================

  参数名称                              梯度范数         梯度均值 状态             
  ----------------------------------------------------------------------
  type_relations                0.111495     0.001899 ✅ 正常           
  exist_relation                0.018185     0.000685 ✅ 正常           
  mi_proj_layer0                0.019900     0.000061 ✅ 正常           
  dis_proj_layer0               0.019076     0.000061 ✅ 正常           
================================================================================

Epoch 550, Total Loss: 14.0538, Recover Loss: 0.8403, miRNA CL: 6.7645, Disease CL: 6.2035, Inter-view (est): 2.9926, Recon Loss: 0.0272, Time: 447.14s
[INFO] Hypergraph updated at epoch 600

🔧 Epoch 600 梯度检查:
================================================================================

  参数名称                              梯度范数         梯度均值 状态             
  ----------------------------------------------------------------------
  type_relations                0.084536     0.001560 ✅ 正常           
  exist_relation                0.016179     0.000604 ✅ 正常           
  mi_proj_layer0                0.018524     0.000058 ✅ 正常           
  dis_proj_layer0               0.017718     0.000056 ✅ 正常           
================================================================================

Epoch 600, Total Loss: 14.0190, Recover Loss: 0.8407, miRNA CL: 6.7397, Disease CL: 6.1947, Inter-view (est): 2.9849, Recon Loss: 0.0266, Time: 480.81s
[INFO] Hypergraph updated at epoch 650

🔧 Epoch 650 梯度检查:
================================================================================

  参数名称                              梯度范数         梯度均值 状态             
  ----------------------------------------------------------------------
  type_relations                0.105796     0.001874 ✅ 正常           
  exist_relation                0.024874     0.000750 ✅ 正常           
  mi_proj_layer0                0.018855     0.000058 ✅ 正常           
  dis_proj_layer0               0.018135     0.000059 ✅ 正常           
================================================================================

Epoch 650, Total Loss: 13.9843, Recover Loss: 0.8366, miRNA CL: 6.7170, Disease CL: 6.1872, Inter-view (est): 2.9779, Recon Loss: 0.0268, Time: 514.91s

================================================================================
Training completed. Running final test...
================================================================================
Fold 1 completed - AUC: 0.9720, Top-1 F1: 0.4955
Fold 1 training time: 516.07 seconds
=== Cross Validation Fold 2/5 ===
Using hidden dimensions: [256, 256] with 4 attention heads
优化模型初始化: miRNA数量 = 495, 疾病数量 = 383
   节点维度: 256 → 128
   类型数量: 4
   Temperature: 2.0 (可学习)
   Loss mode: two_head
   loss_mode=two_head
   exist_weight=0.300, type_weight=0.700

✅ SimplifiedMultiTypeAssociationLoss 初始化 (改进版)
   类别权重 (beta=0.99999): ['0.780', '1.822', '0.977', '0.421']
Original positive index shape: torch.Size([1072, 2])
Original negative index shape: torch.Size([135416, 2])
采样后负样本数量: 10720
🎯 Building TRUE DUAL VIEWS from four different sources...
📊 Data sources loaded:
  Disease semantic: torch.Size([383, 383])
  miRNA functional: torch.Size([495, 495])
  Disease-gene: torch.Size([383, 383])
  miRNA-sequence: torch.Size([495, 495])
🧬 Building miRNA dual-view hypergraphs...
  📊 miRNA View 1 (Sequence): torch.Size([495, 878])
  📊 miRNA View 2 (Function): torch.Size([495, 878])
🦠 Building disease dual-view hypergraphs...
  📊 Disease View 1 (Gene): torch.Size([383, 878])
  📊 Disease View 2 (Semantic): torch.Size([383, 878])
✅ Successfully built TRUE DUAL VIEWS:
   🧬 miRNA: Sequence Features (m_ss.xlsx) vs Functional Similarity (mi_fun_sim_2.0.csv)
   🦠 Disease: Gene Features (d_gs.xlsx) vs Semantic Similarity (dis_sem_sim_2.0.csv)

🔧 Epoch 1 梯度检查:
================================================================================

  参数名称                              梯度范数         梯度均值 状态             
  ----------------------------------------------------------------------
  type_relations                0.056091     0.001758 ✅ 正常           
  exist_relation                0.272289     0.014356 ✅ 正常           
  mi_proj_layer0                0.784282     0.002346 ✅ 正常           
  dis_proj_layer0               0.853905     0.002630 ✅ 正常           
================================================================================

Epoch 1, Total Loss: 20.2084, Recover Loss: 1.0880, miRNA CL: 8.9236, Disease CL: 8.4527, Inter-view (est): 4.0099, Recon Loss: 1.4461, Time: 0.68s
[INFO] Hypergraph updated at epoch 5
[INFO] Hypergraph updated at epoch 10
[INFO] Hypergraph updated at epoch 15
[INFO] Hypergraph updated at epoch 20
[INFO] Hypergraph updated at epoch 25
[INFO] Hypergraph updated at epoch 30
[INFO] Hypergraph updated at epoch 35
[INFO] Hypergraph updated at epoch 40
[INFO] Hypergraph updated at epoch 45
[INFO] Hypergraph updated at epoch 50

🔧 Epoch 50 梯度检查:
================================================================================

  参数名称                              梯度范数         梯度均值 状态             
  ----------------------------------------------------------------------
  type_relations                0.059066     0.001712 ✅ 正常           
  exist_relation                0.014087     0.000813 ✅ 正常           
  mi_proj_layer0                0.024994     0.000086 ✅ 正常           
  dis_proj_layer0               0.024859     0.000090 ✅ 正常           
================================================================================

Epoch 50, Total Loss: 17.2431, Recover Loss: 1.0107, miRNA CL: 8.0130, Disease CL: 7.7530, Inter-view (est): 3.6383, Recon Loss: 0.1839, Time: 94.25s
[INFO] Hypergraph updated at epoch 100

🔧 Epoch 100 梯度检查:
================================================================================

  参数名称                              梯度范数         梯度均值 状态             
  ----------------------------------------------------------------------
  type_relations                0.128418     0.002555 ✅ 正常           
  exist_relation                0.017807     0.000854 ✅ 正常           
  mi_proj_layer0                0.022513     0.000079 ✅ 正常           
  dis_proj_layer0               0.023847     0.000083 ✅ 正常           
================================================================================

Epoch 100, Total Loss: 16.1196, Recover Loss: 0.9884, miRNA CL: 7.7443, Disease CL: 7.0920, Inter-view (est): 3.4238, Recon Loss: 0.0314, Time: 132.81s
[INFO] Hypergraph updated at epoch 150

🔧 Epoch 150 梯度检查:
================================================================================

  参数名称                              梯度范数         梯度均值 状态             
  ----------------------------------------------------------------------
  type_relations                0.172257     0.003149 ✅ 正常           
  exist_relation                0.021862     0.000845 ✅ 正常           
  mi_proj_layer0                0.023403     0.000081 ✅ 正常           
  dis_proj_layer0               0.024063     0.000084 ✅ 正常           
================================================================================

Epoch 150, Total Loss: 15.4355, Recover Loss: 0.9621, miRNA CL: 7.5126, Disease CL: 6.6815, Inter-view (est): 3.2756, Recon Loss: 0.0303, Time: 166.42s
[INFO] Hypergraph updated at epoch 200

🔧 Epoch 200 梯度检查:
================================================================================

  参数名称                              梯度范数         梯度均值 状态             
  ----------------------------------------------------------------------
  type_relations                0.163447     0.002815 ✅ 正常           
  exist_relation                0.016413     0.000600 ✅ 正常           
  mi_proj_layer0                0.027782     0.000086 ✅ 正常           
  dis_proj_layer0               0.023766     0.000080 ✅ 正常           
================================================================================

Epoch 200, Total Loss: 14.9659, Recover Loss: 0.9427, miRNA CL: 7.2562, Disease CL: 6.4988, Inter-view (est): 3.1742, Recon Loss: 0.0292, Time: 200.50s
[INFO] Hypergraph updated at epoch 250

🔧 Epoch 250 梯度检查:
================================================================================

  参数名称                              梯度范数         梯度均值 状态             
  ----------------------------------------------------------------------
  type_relations                0.189252     0.002977 ✅ 正常           
  exist_relation                0.022393     0.000907 ✅ 正常           
  mi_proj_layer0                0.027694     0.000087 ✅ 正常           
  dis_proj_layer0               0.024035     0.000079 ✅ 正常           
================================================================================

Epoch 250, Total Loss: 14.7145, Recover Loss: 0.9025, miRNA CL: 7.1392, Disease CL: 6.4116, Inter-view (est): 3.1271, Recon Loss: 0.0281, Time: 234.96s
[INFO] Hypergraph updated at epoch 300

🔧 Epoch 300 梯度检查:
================================================================================

  参数名称                              梯度范数         梯度均值 状态             
  ----------------------------------------------------------------------
  type_relations                0.152609     0.002578 ✅ 正常           
  exist_relation                0.017947     0.000673 ✅ 正常           
  mi_proj_layer0                0.024789     0.000075 ✅ 正常           
  dis_proj_layer0               0.019040     0.000063 ✅ 正常           
================================================================================

Epoch 300, Total Loss: 14.5333, Recover Loss: 0.8775, miRNA CL: 7.0567, Disease CL: 6.3422, Inter-view (est): 3.0921, Recon Loss: 0.0280, Time: 268.88s
[INFO] Hypergraph updated at epoch 350

🔧 Epoch 350 梯度检查:
================================================================================

  参数名称                              梯度范数         梯度均值 状态             
  ----------------------------------------------------------------------
  type_relations                0.176284     0.002732 ✅ 正常           
  exist_relation                0.022975     0.000756 ✅ 正常           
  mi_proj_layer0                0.023711     0.000071 ✅ 正常           
  dis_proj_layer0               0.019794     0.000064 ✅ 正常           
================================================================================

Epoch 350, Total Loss: 14.3889, Recover Loss: 0.8617, miRNA CL: 6.9832, Disease CL: 6.2900, Inter-view (est): 3.0630, Recon Loss: 0.0288, Time: 302.56s
[INFO] Hypergraph updated at epoch 400

🔧 Epoch 400 梯度检查:
================================================================================

  参数名称                              梯度范数         梯度均值 状态             
  ----------------------------------------------------------------------
  type_relations                0.129970     0.002219 ✅ 正常           
  exist_relation                0.019669     0.000724 ✅ 正常           
  mi_proj_layer0                0.022133     0.000066 ✅ 正常           
  dis_proj_layer0               0.019606     0.000062 ✅ 正常           
================================================================================

Epoch 400, Total Loss: 14.2544, Recover Loss: 0.8469, miRNA CL: 6.9042, Disease CL: 6.2537, Inter-view (est): 3.0364, Recon Loss: 0.0273, Time: 335.74s
[INFO] Hypergraph updated at epoch 450

🔧 Epoch 450 梯度检查:
================================================================================

  参数名称                              梯度范数         梯度均值 状态             
  ----------------------------------------------------------------------
  type_relations                0.141708     0.002338 ✅ 正常           
  exist_relation                0.015850     0.000591 ✅ 正常           
  mi_proj_layer0                0.023605     0.000068 ✅ 正常           
  dis_proj_layer0               0.023001     0.000069 ✅ 正常           
================================================================================

Epoch 450, Total Loss: 14.1572, Recover Loss: 0.8383, miRNA CL: 6.8360, Disease CL: 6.2352, Inter-view (est): 3.0164, Recon Loss: 0.0271, Time: 369.49s
[INFO] Hypergraph updated at epoch 500

🔧 Epoch 500 梯度检查:
================================================================================

  参数名称                              梯度范数         梯度均值 状态             
  ----------------------------------------------------------------------
  type_relations                0.127534     0.002202 ✅ 正常           
  exist_relation                0.014552     0.000507 ✅ 正常           
  mi_proj_layer0                0.021822     0.000065 ✅ 正常           
  dis_proj_layer0               0.021435     0.000068 ✅ 正常           
================================================================================

Epoch 500, Total Loss: 14.0985, Recover Loss: 0.8293, miRNA CL: 6.7969, Disease CL: 6.2251, Inter-view (est): 3.0051, Recon Loss: 0.0280, Time: 403.07s
[INFO] Hypergraph updated at epoch 550

🔧 Epoch 550 梯度检查:
================================================================================

  参数名称                              梯度范数         梯度均值 状态             
  ----------------------------------------------------------------------
  type_relations                0.124632     0.002066 ✅ 正常           
  exist_relation                0.018343     0.000603 ✅ 正常           
  mi_proj_layer0                0.019911     0.000060 ✅ 正常           
  dis_proj_layer0               0.020880     0.000064 ✅ 正常           
================================================================================

Epoch 550, Total Loss: 14.0519, Recover Loss: 0.8198, miRNA CL: 6.7709, Disease CL: 6.2158, Inter-view (est): 2.9969, Recon Loss: 0.0269, Time: 437.36s
[INFO] Hypergraph updated at epoch 600

🔧 Epoch 600 梯度检查:
================================================================================

  参数名称                              梯度范数         梯度均值 状态             
  ----------------------------------------------------------------------
  type_relations                0.139706     0.002346 ✅ 正常           
  exist_relation                0.015792     0.000536 ✅ 正常           
  mi_proj_layer0                0.023443     0.000068 ✅ 正常           
  dis_proj_layer0               0.022569     0.000069 ✅ 正常           
================================================================================

Epoch 600, Total Loss: 14.0172, Recover Loss: 0.8163, miRNA CL: 6.7498, Disease CL: 6.2069, Inter-view (est): 2.9900, Recon Loss: 0.0266, Time: 471.28s
[INFO] Hypergraph updated at epoch 650

🔧 Epoch 650 梯度检查:
================================================================================

  参数名称                              梯度范数         梯度均值 状态             
  ----------------------------------------------------------------------
  type_relations                0.133250     0.002242 ✅ 正常           
  exist_relation                0.018277     0.000634 ✅ 正常           
  mi_proj_layer0                0.021769     0.000066 ✅ 正常           
  dis_proj_layer0               0.023844     0.000072 ✅ 正常           
================================================================================

Epoch 650, Total Loss: 13.9838, Recover Loss: 0.8146, miRNA CL: 6.7284, Disease CL: 6.1980, Inter-view (est): 2.9830, Recon Loss: 0.0262, Time: 505.63s

================================================================================
Training completed. Running final test...
================================================================================
Fold 2 completed - AUC: 0.9770, Top-1 F1: 0.5402
Fold 2 training time: 506.48 seconds
=== Cross Validation Fold 3/5 ===
Using hidden dimensions: [256, 256] with 4 attention heads
优化模型初始化: miRNA数量 = 495, 疾病数量 = 383
   节点维度: 256 → 128
   类型数量: 4
   Temperature: 2.0 (可学习)
   Loss mode: two_head
   loss_mode=two_head
   exist_weight=0.300, type_weight=0.700

✅ SimplifiedMultiTypeAssociationLoss 初始化 (改进版)
   类别权重 (beta=0.99999): ['0.780', '1.822', '0.977', '0.421']
Original positive index shape: torch.Size([1072, 2])
Original negative index shape: torch.Size([135416, 2])
采样后负样本数量: 10720
🎯 Building TRUE DUAL VIEWS from four different sources...
📊 Data sources loaded:
  Disease semantic: torch.Size([383, 383])
  miRNA functional: torch.Size([495, 495])
  Disease-gene: torch.Size([383, 383])
  miRNA-sequence: torch.Size([495, 495])
🧬 Building miRNA dual-view hypergraphs...
  📊 miRNA View 1 (Sequence): torch.Size([495, 878])
  📊 miRNA View 2 (Function): torch.Size([495, 878])
🦠 Building disease dual-view hypergraphs...
  📊 Disease View 1 (Gene): torch.Size([383, 878])
  📊 Disease View 2 (Semantic): torch.Size([383, 878])
✅ Successfully built TRUE DUAL VIEWS:
   🧬 miRNA: Sequence Features (m_ss.xlsx) vs Functional Similarity (mi_fun_sim_2.0.csv)
   🦠 Disease: Gene Features (d_gs.xlsx) vs Semantic Similarity (dis_sem_sim_2.0.csv)

🔧 Epoch 1 梯度检查:
================================================================================

  参数名称                              梯度范数         梯度均值 状态             
  ----------------------------------------------------------------------
  type_relations                0.057561     0.001780 ✅ 正常           
  exist_relation                0.179659     0.009964 ✅ 正常           
  mi_proj_layer0                0.692423     0.001879 ✅ 正常           
  dis_proj_layer0               0.718267     0.001966 ✅ 正常           
================================================================================

Epoch 1, Total Loss: 20.1934, Recover Loss: 1.0832, miRNA CL: 8.8725, Disease CL: 8.4319, Inter-view (est): 3.9933, Recon Loss: 1.5078, Time: 0.69s
[INFO] Hypergraph updated at epoch 5
[INFO] Hypergraph updated at epoch 10
[INFO] Hypergraph updated at epoch 15
[INFO] Hypergraph updated at epoch 20
[INFO] Hypergraph updated at epoch 25
[INFO] Hypergraph updated at epoch 30
[INFO] Hypergraph updated at epoch 35
[INFO] Hypergraph updated at epoch 40
[INFO] Hypergraph updated at epoch 45
[INFO] Hypergraph updated at epoch 50

🔧 Epoch 50 梯度检查:
================================================================================

  参数名称                              梯度范数         梯度均值 状态             
  ----------------------------------------------------------------------
  type_relations                0.057471     0.001677 ✅ 正常           
  exist_relation                0.021427     0.001178 ✅ 正常           
  mi_proj_layer0                0.032048     0.000108 ✅ 正常           
  dis_proj_layer0               0.031340     0.000104 ✅ 正常           
================================================================================

Epoch 50, Total Loss: 17.1450, Recover Loss: 1.0086, miRNA CL: 8.0108, Disease CL: 7.6972, Inter-view (est): 3.6249, Recon Loss: 0.1455, Time: 98.38s
[INFO] Hypergraph updated at epoch 100

🔧 Epoch 100 梯度检查:
================================================================================

  参数名称                              梯度范数         梯度均值 状态             
  ----------------------------------------------------------------------
  type_relations                0.120600     0.002484 ✅ 正常           
  exist_relation                0.010585     0.000534 ✅ 正常           
  mi_proj_layer0                0.021118     0.000071 ✅ 正常           
  dis_proj_layer0               0.023797     0.000074 ✅ 正常           
================================================================================

Epoch 100, Total Loss: 16.0615, Recover Loss: 0.9871, miRNA CL: 7.7412, Disease CL: 7.0399, Inter-view (est): 3.4110, Recon Loss: 0.0300, Time: 134.85s
[INFO] Hypergraph updated at epoch 150

🔧 Epoch 150 梯度检查:
================================================================================

  参数名称                              梯度范数         梯度均值 状态             
  ----------------------------------------------------------------------
  type_relations                0.184938     0.003116 ✅ 正常           
  exist_relation                0.028512     0.001022 ✅ 正常           
  mi_proj_layer0                0.024752     0.000085 ✅ 正常           
  dis_proj_layer0               0.024904     0.000085 ✅ 正常           
================================================================================

Epoch 150, Total Loss: 15.4308, Recover Loss: 0.9514, miRNA CL: 7.5437, Disease CL: 6.6573, Inter-view (est): 3.2772, Recon Loss: 0.0296, Time: 168.16s
[INFO] Hypergraph updated at epoch 200

🔧 Epoch 200 梯度检查:
================================================================================

  参数名称                              梯度范数         梯度均值 状态             
  ----------------------------------------------------------------------
  type_relations                0.178825     0.002837 ✅ 正常           
  exist_relation                0.015432     0.000552 ✅ 正常           
  mi_proj_layer0                0.025790     0.000081 ✅ 正常           
  dis_proj_layer0               0.020797     0.000066 ✅ 正常           
================================================================================

Epoch 200, Total Loss: 14.8982, Recover Loss: 0.9187, miRNA CL: 7.2633, Disease CL: 6.4482, Inter-view (est): 3.1642, Recon Loss: 0.0292, Time: 201.61s
[INFO] Hypergraph updated at epoch 250

🔧 Epoch 250 梯度检查:
================================================================================

  参数名称                              梯度范数         梯度均值 状态             
  ----------------------------------------------------------------------
  type_relations                0.149894     0.002474 ✅ 正常           
  exist_relation                0.022755     0.000730 ✅ 正常           
  mi_proj_layer0                0.029246     0.000090 ✅ 正常           
  dis_proj_layer0               0.022487     0.000072 ✅ 正常           
================================================================================

Epoch 250, Total Loss: 14.6623, Recover Loss: 0.9064, miRNA CL: 7.1231, Disease CL: 6.3711, Inter-view (est): 3.1141, Recon Loss: 0.0286, Time: 235.07s
[INFO] Hypergraph updated at epoch 300

🔧 Epoch 300 梯度检查:
================================================================================

  参数名称                              梯度范数         梯度均值 状态             
  ----------------------------------------------------------------------
  type_relations                0.141395     0.002145 ✅ 正常           
  exist_relation                0.014746     0.000522 ✅ 正常           
  mi_proj_layer0                0.022057     0.000068 ✅ 正常           
  dis_proj_layer0               0.019952     0.000062 ✅ 正常           
================================================================================

Epoch 300, Total Loss: 14.4741, Recover Loss: 0.8766, miRNA CL: 7.0275, Disease CL: 6.3138, Inter-view (est): 3.0788, Recon Loss: 0.0278, Time: 268.31s
[INFO] Hypergraph updated at epoch 350

🔧 Epoch 350 梯度检查:
================================================================================

  参数名称                              梯度范数         梯度均值 状态             
  ----------------------------------------------------------------------
  type_relations                0.135782     0.002234 ✅ 正常           
  exist_relation                0.019816     0.000686 ✅ 正常           
  mi_proj_layer0                0.020797     0.000063 ✅ 正常           
  dis_proj_layer0               0.019627     0.000060 ✅ 正常           
================================================================================

Epoch 350, Total Loss: 14.3797, Recover Loss: 0.8580, miRNA CL: 6.9804, Disease CL: 6.2878, Inter-view (est): 3.0619, Recon Loss: 0.0278, Time: 302.32s
[INFO] Hypergraph updated at epoch 400

🔧 Epoch 400 梯度检查:
================================================================================

  参数名称                              梯度范数         梯度均值 状态             
  ----------------------------------------------------------------------
  type_relations                0.131320     0.002028 ✅ 正常           
  exist_relation                0.016449     0.000560 ✅ 正常           
  mi_proj_layer0                0.023191     0.000066 ✅ 正常           
  dis_proj_layer0               0.024767     0.000068 ✅ 正常           
================================================================================

Epoch 400, Total Loss: 14.2999, Recover Loss: 0.8551, miRNA CL: 6.9300, Disease CL: 6.2638, Inter-view (est): 3.0447, Recon Loss: 0.0278, Time: 335.76s
[INFO] Hypergraph updated at epoch 450

🔧 Epoch 450 梯度检查:
================================================================================

  参数名称                              梯度范数         梯度均值 状态             
  ----------------------------------------------------------------------
  type_relations                0.133640     0.002278 ✅ 正常           
  exist_relation                0.020694     0.000693 ✅ 正常           
  mi_proj_layer0                0.019852     0.000063 ✅ 正常           
  dis_proj_layer0               0.019645     0.000064 ✅ 正常           
================================================================================

Epoch 450, Total Loss: 14.1994, Recover Loss: 0.8428, miRNA CL: 6.8665, Disease CL: 6.2420, Inter-view (est): 3.0250, Recon Loss: 0.0270, Time: 369.47s
[INFO] Hypergraph updated at epoch 500

🔧 Epoch 500 梯度检查:
================================================================================

  参数名称                              梯度范数         梯度均值 状态             
  ----------------------------------------------------------------------
  type_relations                0.122163     0.002033 ✅ 正常           
  exist_relation                0.027197     0.000946 ✅ 正常           
  mi_proj_layer0                0.019789     0.000061 ✅ 正常           
  dis_proj_layer0               0.021120     0.000064 ✅ 正常           
================================================================================

Epoch 500, Total Loss: 14.1154, Recover Loss: 0.8336, miRNA CL: 6.8096, Disease CL: 6.2260, Inter-view (est): 3.0082, Recon Loss: 0.0265, Time: 403.45s
[INFO] Hypergraph updated at epoch 550

🔧 Epoch 550 梯度检查:
================================================================================

  参数名称                              梯度范数         梯度均值 状态             
  ----------------------------------------------------------------------
  type_relations                0.131670     0.002224 ✅ 正常           
  exist_relation                0.015857     0.000564 ✅ 正常           
  mi_proj_layer0                0.022679     0.000069 ✅ 正常           
  dis_proj_layer0               0.022078     0.000067 ✅ 正常           
================================================================================

Epoch 550, Total Loss: 14.0490, Recover Loss: 0.8278, miRNA CL: 6.7624, Disease CL: 6.2136, Inter-view (est): 2.9945, Recon Loss: 0.0265, Time: 436.88s
[INFO] Hypergraph updated at epoch 600

🔧 Epoch 600 梯度检查:
================================================================================

  参数名称                              梯度范数         梯度均值 状态             
  ----------------------------------------------------------------------
  type_relations                0.129133     0.002194 ✅ 正常           
  exist_relation                0.018190     0.000678 ✅ 正常           
  mi_proj_layer0                0.021323     0.000066 ✅ 正常           
  dis_proj_layer0               0.022632     0.000069 ✅ 正常           
================================================================================

Epoch 600, Total Loss: 14.0191, Recover Loss: 0.8269, miRNA CL: 6.7451, Disease CL: 6.2031, Inter-view (est): 2.9880, Recon Loss: 0.0262, Time: 470.77s
[INFO] Hypergraph updated at epoch 650

🔧 Epoch 650 梯度检查:
================================================================================

  参数名称                              梯度范数         梯度均值 状态             
  ----------------------------------------------------------------------
  type_relations                0.122801     0.002159 ✅ 正常           
  exist_relation                0.015847     0.000586 ✅ 正常           
  mi_proj_layer0                0.021406     0.000063 ✅ 正常           
  dis_proj_layer0               0.020371     0.000063 ✅ 正常           
================================================================================

Epoch 650, Total Loss: 13.9814, Recover Loss: 0.8135, miRNA CL: 6.7285, Disease CL: 6.1960, Inter-view (est): 2.9826, Recon Loss: 0.0261, Time: 504.20s

================================================================================
Training completed. Running final test...
================================================================================
Fold 3 completed - AUC: 0.9715, Top-1 F1: 0.5661
Fold 3 training time: 505.03 seconds
=== Cross Validation Fold 4/5 ===
Using hidden dimensions: [256, 256] with 4 attention heads
优化模型初始化: miRNA数量 = 495, 疾病数量 = 383
   节点维度: 256 → 128
   类型数量: 4
   Temperature: 2.0 (可学习)
   Loss mode: two_head
   loss_mode=two_head
   exist_weight=0.300, type_weight=0.700

✅ SimplifiedMultiTypeAssociationLoss 初始化 (改进版)
   类别权重 (beta=0.99999): ['0.780', '1.822', '0.977', '0.421']
Original positive index shape: torch.Size([1072, 2])
Original negative index shape: torch.Size([135416, 2])
采样后负样本数量: 10720
🎯 Building TRUE DUAL VIEWS from four different sources...
📊 Data sources loaded:
  Disease semantic: torch.Size([383, 383])
  miRNA functional: torch.Size([495, 495])
  Disease-gene: torch.Size([383, 383])
  miRNA-sequence: torch.Size([495, 495])
🧬 Building miRNA dual-view hypergraphs...
  📊 miRNA View 1 (Sequence): torch.Size([495, 878])
  📊 miRNA View 2 (Function): torch.Size([495, 878])
🦠 Building disease dual-view hypergraphs...
  📊 Disease View 1 (Gene): torch.Size([383, 878])
  📊 Disease View 2 (Semantic): torch.Size([383, 878])
✅ Successfully built TRUE DUAL VIEWS:
   🧬 miRNA: Sequence Features (m_ss.xlsx) vs Functional Similarity (mi_fun_sim_2.0.csv)
   🦠 Disease: Gene Features (d_gs.xlsx) vs Semantic Similarity (dis_sem_sim_2.0.csv)

🔧 Epoch 1 梯度检查:
================================================================================

  参数名称                              梯度范数         梯度均值 状态             
  ----------------------------------------------------------------------
  type_relations                0.051699     0.001608 ✅ 正常           
  exist_relation                0.088054     0.005594 ✅ 正常           
  mi_proj_layer0                0.246206     0.000819 ✅ 正常           
  dis_proj_layer0               0.230647     0.000749 ✅ 正常           
================================================================================

Epoch 1, Total Loss: 20.3840, Recover Loss: 1.0617, miRNA CL: 9.0057, Disease CL: 8.4499, Inter-view (est): 4.0282, Recon Loss: 1.5686, Time: 0.67s
[INFO] Hypergraph updated at epoch 5
[INFO] Hypergraph updated at epoch 10
[INFO] Hypergraph updated at epoch 15
[INFO] Hypergraph updated at epoch 20
[INFO] Hypergraph updated at epoch 25
[INFO] Hypergraph updated at epoch 30
[INFO] Hypergraph updated at epoch 35
[INFO] Hypergraph updated at epoch 40
[INFO] Hypergraph updated at epoch 45
[INFO] Hypergraph updated at epoch 50

🔧 Epoch 50 梯度检查:
================================================================================

  参数名称                              梯度范数         梯度均值 状态             
  ----------------------------------------------------------------------
  type_relations                0.062728     0.001798 ✅ 正常           
  exist_relation                0.011555     0.000683 ✅ 正常           
  mi_proj_layer0                0.019939     0.000071 ✅ 正常           
  dis_proj_layer0               0.024328     0.000083 ✅ 正常           
================================================================================

Epoch 50, Total Loss: 17.2142, Recover Loss: 1.0080, miRNA CL: 8.0212, Disease CL: 7.7090, Inter-view (est): 3.6300, Recon Loss: 0.1943, Time: 104.84s
[INFO] Hypergraph updated at epoch 100

🔧 Epoch 100 梯度检查:
================================================================================

  参数名称                              梯度范数         梯度均值 状态             
  ----------------------------------------------------------------------
  type_relations                0.142304     0.002900 ✅ 正常           
  exist_relation                0.017628     0.000774 ✅ 正常           
  mi_proj_layer0                0.021882     0.000078 ✅ 正常           
  dis_proj_layer0               0.026336     0.000092 ✅ 正常           
================================================================================

Epoch 100, Total Loss: 16.0702, Recover Loss: 0.9843, miRNA CL: 7.7471, Disease CL: 7.0460, Inter-view (est): 3.4138, Recon Loss: 0.0312, Time: 142.95s
[INFO] Hypergraph updated at epoch 150

🔧 Epoch 150 梯度检查:
================================================================================

  参数名称                              梯度范数         梯度均值 状态             
  ----------------------------------------------------------------------
  type_relations                0.177104     0.002996 ✅ 正常           
  exist_relation                0.011173     0.000458 ✅ 正常           
  mi_proj_layer0                0.019013     0.000067 ✅ 正常           
  dis_proj_layer0               0.025279     0.000079 ✅ 正常           
================================================================================

Epoch 150, Total Loss: 15.4461, Recover Loss: 0.9489, miRNA CL: 7.5733, Disease CL: 6.6461, Inter-view (est): 3.2814, Recon Loss: 0.0306, Time: 176.41s
[INFO] Hypergraph updated at epoch 200

🔧 Epoch 200 梯度检查:
================================================================================

  参数名称                              梯度范数         梯度均值 状态             
  ----------------------------------------------------------------------
  type_relations                0.167047     0.002868 ✅ 正常           
  exist_relation                0.016936     0.000668 ✅ 正常           
  mi_proj_layer0                0.022473     0.000075 ✅ 正常           
  dis_proj_layer0               0.024551     0.000080 ✅ 正常           
================================================================================

Epoch 200, Total Loss: 14.9353, Recover Loss: 0.9221, miRNA CL: 7.2985, Disease CL: 6.4473, Inter-view (est): 3.1721, Recon Loss: 0.0297, Time: 209.90s
[INFO] Hypergraph updated at epoch 250

🔧 Epoch 250 梯度检查:
================================================================================

  参数名称                              梯度范数         梯度均值 状态             
  ----------------------------------------------------------------------
  type_relations                0.172551     0.002957 ✅ 正常           
  exist_relation                0.023781     0.000789 ✅ 正常           
  mi_proj_layer0                0.021996     0.000071 ✅ 正常           
  dis_proj_layer0               0.026439     0.000082 ✅ 正常           
================================================================================

Epoch 250, Total Loss: 14.6410, Recover Loss: 0.8902, miRNA CL: 7.1328, Disease CL: 6.3561, Inter-view (est): 3.1128, Recon Loss: 0.0299, Time: 243.44s
[INFO] Hypergraph updated at epoch 300

🔧 Epoch 300 梯度检查:
================================================================================

  参数名称                              梯度范数         梯度均值 状态             
  ----------------------------------------------------------------------
  type_relations                0.139930     0.002385 ✅ 正常           
  exist_relation                0.018249     0.000576 ✅ 正常           
  mi_proj_layer0                0.022902     0.000071 ✅ 正常           
  dis_proj_layer0               0.027539     0.000079 ✅ 正常           
================================================================================

Epoch 300, Total Loss: 14.4363, Recover Loss: 0.8626, miRNA CL: 7.0331, Disease CL: 6.2863, Inter-view (est): 3.0737, Recon Loss: 0.0275, Time: 276.84s
[INFO] Hypergraph updated at epoch 350

🔧 Epoch 350 梯度检查:
================================================================================

  参数名称                              梯度范数         梯度均值 状态             
  ----------------------------------------------------------------------
  type_relations                0.137298     0.002277 ✅ 正常           
  exist_relation                0.019020     0.000677 ✅ 正常           
  mi_proj_layer0                0.019583     0.000062 ✅ 正常           
  dis_proj_layer0               0.021458     0.000068 ✅ 正常           
================================================================================

Epoch 350, Total Loss: 14.3015, Recover Loss: 0.8461, miRNA CL: 6.9642, Disease CL: 6.2413, Inter-view (est): 3.0474, Recon Loss: 0.0271, Time: 309.80s
[INFO] Hypergraph updated at epoch 400

🔧 Epoch 400 梯度检查:
================================================================================

  参数名称                              梯度范数         梯度均值 状态             
  ----------------------------------------------------------------------
  type_relations                0.125488     0.002085 ✅ 正常           
  exist_relation                0.024311     0.000744 ✅ 正常           
  mi_proj_layer0                0.022043     0.000066 ✅ 正常           
  dis_proj_layer0               0.022624     0.000070 ✅ 正常           
================================================================================

Epoch 400, Total Loss: 14.1865, Recover Loss: 0.8277, miRNA CL: 6.8984, Disease CL: 6.2134, Inter-view (est): 3.0258, Recon Loss: 0.0267, Time: 343.18s
[INFO] Hypergraph updated at epoch 450

🔧 Epoch 450 梯度检查:
================================================================================

  参数名称                              梯度范数         梯度均值 状态             
  ----------------------------------------------------------------------
  type_relations                0.143423     0.002404 ✅ 正常           
  exist_relation                0.021785     0.000744 ✅ 正常           
  mi_proj_layer0                0.022248     0.000067 ✅ 正常           
  dis_proj_layer0               0.024884     0.000075 ✅ 正常           
================================================================================

Epoch 450, Total Loss: 14.1053, Recover Loss: 0.8214, miRNA CL: 6.8402, Disease CL: 6.1986, Inter-view (est): 3.0089, Recon Loss: 0.0262, Time: 376.89s
[INFO] Hypergraph updated at epoch 500

🔧 Epoch 500 梯度检查:
================================================================================

  参数名称                              梯度范数         梯度均值 状态             
  ----------------------------------------------------------------------
  type_relations                0.137251     0.002303 ✅ 正常           
  exist_relation                0.021352     0.000684 ✅ 正常           
  mi_proj_layer0                0.021252     0.000064 ✅ 正常           
  dis_proj_layer0               0.026145     0.000078 ✅ 正常           
================================================================================

Epoch 500, Total Loss: 14.0514, Recover Loss: 0.8196, miRNA CL: 6.7996, Disease CL: 6.1884, Inter-view (est): 2.9972, Recon Loss: 0.0260, Time: 410.42s
[INFO] Hypergraph updated at epoch 550

🔧 Epoch 550 梯度检查:
================================================================================

  参数名称                              梯度范数         梯度均值 状态             
  ----------------------------------------------------------------------
  type_relations                0.128589     0.002134 ✅ 正常           
  exist_relation                0.015966     0.000515 ✅ 正常           
  mi_proj_layer0                0.021832     0.000065 ✅ 正常           
  dis_proj_layer0               0.032624     0.000086 ✅ 正常           
================================================================================

Epoch 550, Total Loss: 14.0077, Recover Loss: 0.8130, miRNA CL: 6.7720, Disease CL: 6.1795, Inter-view (est): 2.9888, Recon Loss: 0.0263, Time: 443.61s
[INFO] Hypergraph updated at epoch 600

🔧 Epoch 600 梯度检查:
================================================================================

  参数名称                              梯度范数         梯度均值 状态             
  ----------------------------------------------------------------------
  type_relations                0.123409     0.002064 ✅ 正常           
  exist_relation                0.016039     0.000553 ✅ 正常           
  mi_proj_layer0                0.019996     0.000060 ✅ 正常           
  dis_proj_layer0               0.025014     0.000073 ✅ 正常           
================================================================================

Epoch 600, Total Loss: 13.9862, Recover Loss: 0.8072, miRNA CL: 6.7650, Disease CL: 6.1717, Inter-view (est): 2.9854, Recon Loss: 0.0263, Time: 477.03s
[INFO] Hypergraph updated at epoch 650

🔧 Epoch 650 梯度检查:
================================================================================

  参数名称                              梯度范数         梯度均值 状态             
  ----------------------------------------------------------------------
  type_relations                0.123574     0.002223 ✅ 正常           
  exist_relation                0.019511     0.000701 ✅ 正常           
  mi_proj_layer0                0.021580     0.000063 ✅ 正常           
  dis_proj_layer0               0.025648     0.000075 ✅ 正常           
================================================================================

Epoch 650, Total Loss: 13.9583, Recover Loss: 0.8043, miRNA CL: 6.7475, Disease CL: 6.1649, Inter-view (est): 2.9798, Recon Loss: 0.0263, Time: 510.15s

================================================================================
Training completed. Running final test...
================================================================================
Fold 4 completed - AUC: 0.9700, Top-1 F1: 0.5917
Fold 4 training time: 511.01 seconds
=== Cross Validation Fold 5/5 ===
Using hidden dimensions: [256, 256] with 4 attention heads
优化模型初始化: miRNA数量 = 495, 疾病数量 = 383
   节点维度: 256 → 128
   类型数量: 4
   Temperature: 2.0 (可学习)
   Loss mode: two_head
   loss_mode=two_head
   exist_weight=0.300, type_weight=0.700

✅ SimplifiedMultiTypeAssociationLoss 初始化 (改进版)
   类别权重 (beta=0.99999): ['0.780', '1.822', '0.977', '0.421']
Original positive index shape: torch.Size([1072, 2])
Original negative index shape: torch.Size([135416, 2])
采样后负样本数量: 10720
🎯 Building TRUE DUAL VIEWS from four different sources...
📊 Data sources loaded:
  Disease semantic: torch.Size([383, 383])
  miRNA functional: torch.Size([495, 495])
  Disease-gene: torch.Size([383, 383])
  miRNA-sequence: torch.Size([495, 495])
🧬 Building miRNA dual-view hypergraphs...
  📊 miRNA View 1 (Sequence): torch.Size([495, 878])
  📊 miRNA View 2 (Function): torch.Size([495, 878])
🦠 Building disease dual-view hypergraphs...
  📊 Disease View 1 (Gene): torch.Size([383, 878])
  📊 Disease View 2 (Semantic): torch.Size([383, 878])
✅ Successfully built TRUE DUAL VIEWS:
   🧬 miRNA: Sequence Features (m_ss.xlsx) vs Functional Similarity (mi_fun_sim_2.0.csv)
   🦠 Disease: Gene Features (d_gs.xlsx) vs Semantic Similarity (dis_sem_sim_2.0.csv)

🔧 Epoch 1 梯度检查:
================================================================================

  参数名称                              梯度范数         梯度均值 状态             
  ----------------------------------------------------------------------
  type_relations                0.051328     0.001655 ✅ 正常           
  exist_relation                0.169077     0.010466 ✅ 正常           
  mi_proj_layer0                0.600362     0.001853 ✅ 正常           
  dis_proj_layer0               0.547404     0.001813 ✅ 正常           
================================================================================

Epoch 1, Total Loss: 20.2875, Recover Loss: 1.0770, miRNA CL: 8.8944, Disease CL: 8.4480, Inter-view (est): 4.0021, Recon Loss: 1.5703, Time: 0.68s
[INFO] Hypergraph updated at epoch 5
[INFO] Hypergraph updated at epoch 10
[INFO] Hypergraph updated at epoch 15
[INFO] Hypergraph updated at epoch 20
[INFO] Hypergraph updated at epoch 25
[INFO] Hypergraph updated at epoch 30
[INFO] Hypergraph updated at epoch 35
[INFO] Hypergraph updated at epoch 40
[INFO] Hypergraph updated at epoch 45
[INFO] Hypergraph updated at epoch 50

🔧 Epoch 50 梯度检查:
================================================================================

  参数名称                              梯度范数         梯度均值 状态             
  ----------------------------------------------------------------------
  type_relations                0.059493     0.001723 ✅ 正常           
  exist_relation                0.013954     0.000844 ✅ 正常           
  mi_proj_layer0                0.020269     0.000075 ✅ 正常           
  dis_proj_layer0               0.022173     0.000081 ✅ 正常           
================================================================================

Epoch 50, Total Loss: 17.1823, Recover Loss: 1.0092, miRNA CL: 8.0095, Disease CL: 7.7258, Inter-view (est): 3.6312, Recon Loss: 0.1557, Time: 98.60s
[INFO] Hypergraph updated at epoch 100

🔧 Epoch 100 梯度检查:
================================================================================

  参数名称                              梯度范数         梯度均值 状态             
  ----------------------------------------------------------------------
  type_relations                0.134608     0.002157 ✅ 正常           
  exist_relation                0.024281     0.001152 ✅ 正常           
  mi_proj_layer0                0.024326     0.000089 ✅ 正常           
  dis_proj_layer0               0.025231     0.000090 ✅ 正常           
================================================================================

Epoch 100, Total Loss: 16.0868, Recover Loss: 0.9926, miRNA CL: 7.7357, Disease CL: 7.0643, Inter-view (est): 3.4154, Recon Loss: 0.0319, Time: 135.07s
[INFO] Hypergraph updated at epoch 150

🔧 Epoch 150 梯度检查:
================================================================================

  参数名称                              梯度范数         梯度均值 状态             
  ----------------------------------------------------------------------
  type_relations                0.210863     0.002739 ✅ 正常           
  exist_relation                0.021505     0.000738 ✅ 正常           
  mi_proj_layer0                0.022844     0.000074 ✅ 正常           
  dis_proj_layer0               0.025446     0.000080 ✅ 正常           
================================================================================

Epoch 150, Total Loss: 15.4622, Recover Loss: 0.9635, miRNA CL: 7.5211, Disease CL: 6.6996, Inter-view (est): 3.2817, Recon Loss: 0.0302, Time: 168.86s
[INFO] Hypergraph updated at epoch 200

🔧 Epoch 200 梯度检查:
================================================================================

  参数名称                              梯度范数         梯度均值 状态             
  ----------------------------------------------------------------------
  type_relations                0.175306     0.002860 ✅ 正常           
  exist_relation                0.019855     0.000602 ✅ 正常           
  mi_proj_layer0                0.024493     0.000077 ✅ 正常           
  dis_proj_layer0               0.024001     0.000076 ✅ 正常           
================================================================================

Epoch 200, Total Loss: 14.9860, Recover Loss: 0.9401, miRNA CL: 7.2635, Disease CL: 6.5140, Inter-view (est): 3.1794, Recon Loss: 0.0290, Time: 203.07s
[INFO] Hypergraph updated at epoch 250

🔧 Epoch 250 梯度检查:
================================================================================

  参数名称                              梯度范数         梯度均值 状态             
  ----------------------------------------------------------------------
  type_relations                0.200156     0.002905 ✅ 正常           
  exist_relation                0.026240     0.000636 ✅ 正常           
  mi_proj_layer0                0.027139     0.000086 ✅ 正常           
  dis_proj_layer0               0.029275     0.000086 ✅ 正常           
================================================================================

Epoch 250, Total Loss: 14.7154, Recover Loss: 0.8995, miRNA CL: 7.1357, Disease CL: 6.4158, Inter-view (est): 3.1273, Recon Loss: 0.0305, Time: 236.75s
[INFO] Hypergraph updated at epoch 300

🔧 Epoch 300 梯度检查:
================================================================================

  参数名称                              梯度范数         梯度均值 状态             
  ----------------------------------------------------------------------
  type_relations                0.184231     0.002900 ✅ 正常           
  exist_relation                0.029632     0.000736 ✅ 正常           
  mi_proj_layer0                0.026148     0.000076 ✅ 正常           
  dis_proj_layer0               0.026206     0.000078 ✅ 正常           
================================================================================

Epoch 300, Total Loss: 14.5547, Recover Loss: 0.8853, miRNA CL: 7.0569, Disease CL: 6.3536, Inter-view (est): 3.0947, Recon Loss: 0.0288, Time: 270.12s
[INFO] Hypergraph updated at epoch 350

🔧 Epoch 350 梯度检查:
================================================================================

  参数名称                              梯度范数         梯度均值 状态             
  ----------------------------------------------------------------------
  type_relations                0.139238     0.002291 ✅ 正常           
  exist_relation                0.020848     0.000625 ✅ 正常           
  mi_proj_layer0                0.020666     0.000064 ✅ 正常           
  dis_proj_layer0               0.020638     0.000065 ✅ 正常           
================================================================================

Epoch 350, Total Loss: 14.4250, Recover Loss: 0.8670, miRNA CL: 6.9915, Disease CL: 6.3120, Inter-view (est): 3.0700, Recon Loss: 0.0277, Time: 303.35s
[INFO] Hypergraph updated at epoch 400

🔧 Epoch 400 梯度检查:
================================================================================

  参数名称                              梯度范数         梯度均值 状态             
  ----------------------------------------------------------------------
  type_relations                0.128503     0.002013 ✅ 正常           
  exist_relation                0.019760     0.000620 ✅ 正常           
  mi_proj_layer0                0.018317     0.000056 ✅ 正常           
  dis_proj_layer0               0.019811     0.000061 ✅ 正常           
================================================================================

Epoch 400, Total Loss: 14.2892, Recover Loss: 0.8440, miRNA CL: 6.9189, Disease CL: 6.2754, Inter-view (est): 3.0448, Recon Loss: 0.0272, Time: 336.82s
[INFO] Hypergraph updated at epoch 450

🔧 Epoch 450 梯度检查:
================================================================================

  参数名称                              梯度范数         梯度均值 状态             
  ----------------------------------------------------------------------
  type_relations                0.115786     0.001891 ✅ 正常           
  exist_relation                0.028183     0.000867 ✅ 正常           
  mi_proj_layer0                0.022287     0.000066 ✅ 正常           
  dis_proj_layer0               0.024749     0.000069 ✅ 正常           
================================================================================

Epoch 450, Total Loss: 14.1693, Recover Loss: 0.8366, miRNA CL: 6.8340, Disease CL: 6.2496, Inter-view (est): 3.0193, Recon Loss: 0.0278, Time: 370.17s
[INFO] Hypergraph updated at epoch 500

🔧 Epoch 500 梯度检查:
================================================================================

  参数名称                              梯度范数         梯度均值 状态             
  ----------------------------------------------------------------------
  type_relations                0.124039     0.002122 ✅ 正常           
  exist_relation                0.032527     0.001104 ✅ 正常           
  mi_proj_layer0                0.022617     0.000068 ✅ 正常           
  dis_proj_layer0               0.023378     0.000071 ✅ 正常           
================================================================================

Epoch 500, Total Loss: 14.1144, Recover Loss: 0.8411, miRNA CL: 6.7884, Disease CL: 6.2372, Inter-view (est): 3.0059, Recon Loss: 0.0276, Time: 403.47s
[INFO] Hypergraph updated at epoch 550

🔧 Epoch 550 梯度检查:
================================================================================

  参数名称                              梯度范数         梯度均值 状态             
  ----------------------------------------------------------------------
  type_relations                0.115584     0.001905 ✅ 正常           
  exist_relation                0.017775     0.000568 ✅ 正常           
  mi_proj_layer0                0.022335     0.000065 ✅ 正常           
  dis_proj_layer0               0.023781     0.000070 ✅ 正常           
================================================================================

Epoch 550, Total Loss: 14.0718, Recover Loss: 0.8315, miRNA CL: 6.7655, Disease CL: 6.2284, Inter-view (est): 2.9986, Recon Loss: 0.0271, Time: 436.65s
[INFO] Hypergraph updated at epoch 600

🔧 Epoch 600 梯度检查:
================================================================================

  参数名称                              梯度范数         梯度均值 状态             
  ----------------------------------------------------------------------
  type_relations                0.119472     0.001974 ✅ 正常           
  exist_relation                0.018599     0.000594 ✅ 正常           
  mi_proj_layer0                0.020442     0.000061 ✅ 正常           
  dis_proj_layer0               0.021807     0.000064 ✅ 正常           
================================================================================

Epoch 600, Total Loss: 14.0317, Recover Loss: 0.8241, miRNA CL: 6.7421, Disease CL: 6.2196, Inter-view (est): 2.9912, Recon Loss: 0.0272, Time: 470.17s
[INFO] Hypergraph updated at epoch 650

🔧 Epoch 650 梯度检查:
================================================================================

  参数名称                              梯度范数         梯度均值 状态             
  ----------------------------------------------------------------------
  type_relations                0.119550     0.001947 ✅ 正常           
  exist_relation                0.024203     0.000776 ✅ 正常           
  mi_proj_layer0                0.023111     0.000067 ✅ 正常           
  dis_proj_layer0               0.024565     0.000071 ✅ 正常           
================================================================================

Epoch 650, Total Loss: 13.9957, Recover Loss: 0.8194, miRNA CL: 6.7219, Disease CL: 6.2101, Inter-view (est): 2.9843, Recon Loss: 0.0264, Time: 503.53s

================================================================================
Training completed. Running final test...
================================================================================
Fold 5 completed - AUC: 0.9785, Top-1 F1: 0.5337
Fold 5 training time: 504.35 seconds
Average binary metrics across folds: [[0.97376309 0.96661044 0.93032395 0.9280597  0.95865672 0.89746269
  0.90443491]]
🎯 Average Top-1 metrics across folds: {'top1_precision': 0.5007462686567165, 'top1_recall': np.float64(0.6004680397476625), 'top1_f1': np.float64(0.5454437067570425)}

📊 CV_type Style Metrics Details:
  AUC            : 0.9738
  AUPR           : 0.9666
  F1             : 0.9303
  Accuracy       : 0.9281
  Recall         : 0.9587
  Specificity    : 0.8975
  Precision      : 0.9044

🎯 Top-1 Metrics Details:
  top1_precision : 0.5007
  top1_recall    : 0.6005
  top1_f1        : 0.5454

Total execution time: 2543.88 seconds

==========================================================================================
🎯 FINAL COMPREHENSIVE RESULTS WITH TOP-1 METRICS
==========================================================================================
📊 Binary Classification Metrics (Original):
  AUC: 0.9738
  AUPR: 0.9666
  F1: 0.9303
  Accuracy: 0.9281
  Recall: 0.9587
  Specificity: 0.8975
  Precision: 0.9044

🎯 CV_type Style Metrics (Enhanced):
  AUC: 0.9738
  AUPR: 0.9666
  F1: 0.9303
  Accuracy: 0.9281
  Recall: 0.9587
  Specificity: 0.8975
  Precision: 0.9044

🏆 Top-1 Metrics (NEW):
  Top-1 Precision: 0.5007
  Top-1 Recall: 0.6005
  Top-1 F1: 0.5454
==========================================================================================

[2/4] seed=1 (DEFAULT config)
----------------------------------------------------------------
[CPU] torch.set_num_threads(14), interop=min(4, 14)
Using device: cpu
[INFO] Auto-computed BALANCED class weights (to prevent class collapse):
  Circulation  (367 samples): 0.780
  Epigenetics  (157 samples): 1.823
  Target       (293 samples): 0.977
  Genetics     (681 samples): 0.420
  [NOTE] Higher weights for minority classes to prevent model from only predicting majority class
[INFO] Using v2.0_495m383D dataset:
  miRNAs: 495
  Diseases: 383
  Expected associations: ~1498
  Types: 4 (Circulation, Epigenetics, Target, Genetics)

================================================================================
Configuration Summary
================================================================================
Dataset: v2.0_495m383D
Data Path: ./
Model: HeterogenousGraphCLAMIR
  - HGT Layers: 2
  - Attention Heads: 4
  - Association Types: 4
  - Inter-view CL: Enabled
    - Weight: 0.3
    - Temperature: 0.5
    - Margin: 0.5

Training:
  - Epochs: 650
  - Learning Rate: 0.0001
  - Dropout: 0.3
  - Weight Decay: 5e-05
  - Focal Loss: Enabled

Evaluation:
  - Cross-Validation Folds: 5
  - Primary Metric: AUPR

Device: cpu
Random Seed: 1
================================================================================

[SEED] Re-seeded với args.seed = 1
🚀 Running with comprehensive evaluation including Top-1 metrics...
🎯 Loading dual-view data...
Starting dual-view data preparation with new file format...
Loading all similarity and feature files from v2.0_495m383D...
✅ Loaded disease semantic similarity from D_SSM1.txt: (383, 383)
✅ Loaded miRNA functional similarity from M_FSM.txt: (495, 495)
✅ Loaded multi-type association pairs from ./v2.0_495m383D\multi_all_mirna_disease_pairs_without_negative.csv: (1679, 3)
✅ Created multi-type association matrix: (495, 383)
📊 Multi-type Association Statistics:
   无关联 (No association): 188087 pairs (99.21%)
   循环类型 (Circulation): 367 pairs (0.19%)
   表观遗传学 (Epigenetics): 157 pairs (0.08%)
   靶标类型 (Target): 293 pairs (0.15%)
   遗传学类型 (Genetics): 681 pairs (0.36%)
✅ Created association matrix from CSV: (495, 383)
✅ Loaded disease-gene features from D_SSM2.txt: torch.Size([383, 383])
✅ Loaded miRNA-sequence features from M_GSM.txt: torch.Size([495, 495])
Processing integrated similarity matrices...
Loaded similarity matrices from cache
Processing indices...
Computing indices (seed=1)...
Indices computed in 0.56 seconds
✅ Dual-view data preparation completed in 0.90 seconds

============================================================
🎯 DUAL-VIEW CONFIGURATION SUMMARY (v2.0_495m383D)
============================================================
miRNA Dual Views:
  📊 View 1 (Sequence): M_GSM.txt torch.Size([495, 495])
  📊 View 2 (Function): M_FSM.txt torch.Size([495, 495])

Disease Dual Views:
  📊 View 1 (Gene): D_SSM2.txt torch.Size([383, 383])
  📊 View 2 (Semantic): D_SSM1.txt torch.Size([383, 383])

Association Matrix: torch.Size([495, 383])
Data source: v2.0_495m383D (495 miRNAs × 383 Diseases)
============================================================
Preloading dual-view data to device...
✅ Loaded disease-gene features to device: torch.Size([383, 383])
✅ Loaded miRNA-sequence features to device: torch.Size([495, 495])
✅ Loaded disease semantic similarity to device: torch.Size([383, 383])
✅ Loaded miRNA functional similarity to device: torch.Size([495, 495])
✅ Dual-view data preloading completed in 0.00 seconds
OptimizedDataset initialized with 5 folds
Using device: cpu
=== Cross Validation Fold 1/5 ===
Using hidden dimensions: [256, 256] with 4 attention heads
优化模型初始化: miRNA数量 = 495, 疾病数量 = 383
   节点维度: 256 → 128
   类型数量: 4
   Temperature: 2.0 (可学习)
   Loss mode: two_head
   loss_mode=two_head
   exist_weight=0.300, type_weight=0.700

✅ SimplifiedMultiTypeAssociationLoss 初始化 (改进版)
   类别权重 (beta=0.99999): ['0.780', '1.822', '0.977', '0.421']
Original positive index shape: torch.Size([1072, 2])
Original negative index shape: torch.Size([135416, 2])
采样后负样本数量: 10720
🎯 Building TRUE DUAL VIEWS from four different sources...
📊 Data sources loaded:
  Disease semantic: torch.Size([383, 383])
  miRNA functional: torch.Size([495, 495])
  Disease-gene: torch.Size([383, 383])
  miRNA-sequence: torch.Size([495, 495])
🧬 Building miRNA dual-view hypergraphs...
  📊 miRNA View 1 (Sequence): torch.Size([495, 878])
  📊 miRNA View 2 (Function): torch.Size([495, 878])
🦠 Building disease dual-view hypergraphs...
  📊 Disease View 1 (Gene): torch.Size([383, 878])
  📊 Disease View 2 (Semantic): torch.Size([383, 878])
✅ Successfully built TRUE DUAL VIEWS:
   🧬 miRNA: Sequence Features (m_ss.xlsx) vs Functional Similarity (mi_fun_sim_2.0.csv)
   🦠 Disease: Gene Features (d_gs.xlsx) vs Semantic Similarity (dis_sem_sim_2.0.csv)

🔧 Epoch 1 梯度检查:
================================================================================

  参数名称                              梯度范数         梯度均值 状态             
  ----------------------------------------------------------------------
  type_relations                0.058949     0.001773 ✅ 正常           
  exist_relation                0.204709     0.011947 ✅ 正常           
  mi_proj_layer0                0.716904     0.002093 ✅ 正常           
  dis_proj_layer0               0.842311     0.002597 ✅ 正常           
================================================================================

Epoch 1, Total Loss: 20.2649, Recover Loss: 1.0860, miRNA CL: 8.9264, Disease CL: 8.4668, Inter-view (est): 4.0138, Recon Loss: 1.4876, Time: 0.74s
[INFO] Hypergraph updated at epoch 5
[INFO] Hypergraph updated at epoch 10
[INFO] Hypergraph updated at epoch 15
[INFO] Hypergraph updated at epoch 20
[INFO] Hypergraph updated at epoch 25
[INFO] Hypergraph updated at epoch 30
[INFO] Hypergraph updated at epoch 35
[INFO] Hypergraph updated at epoch 40
[INFO] Hypergraph updated at epoch 45
[INFO] Hypergraph updated at epoch 50

🔧 Epoch 50 梯度检查:
================================================================================

  参数名称                              梯度范数         梯度均值 状态             
  ----------------------------------------------------------------------
  type_relations                0.060142     0.001682 ✅ 正常           
  exist_relation                0.010373     0.000704 ✅ 正常           
  mi_proj_layer0                0.022616     0.000081 ✅ 正常           
  dis_proj_layer0               0.024306     0.000088 ✅ 正常           
================================================================================

Epoch 50, Total Loss: 17.1879, Recover Loss: 1.0101, miRNA CL: 8.0191, Disease CL: 7.6984, Inter-view (est): 3.6271, Recon Loss: 0.1773, Time: 93.82s
[INFO] Hypergraph updated at epoch 100

🔧 Epoch 100 梯度检查:
================================================================================

  参数名称                              梯度范数         梯度均值 状态             
  ----------------------------------------------------------------------
  type_relations                0.125066     0.002381 ✅ 正常           
  exist_relation                0.016018     0.000724 ✅ 正常           
  mi_proj_layer0                0.019714     0.000067 ✅ 正常           
  dis_proj_layer0               0.024106     0.000080 ✅ 正常           
================================================================================

Epoch 100, Total Loss: 16.1072, Recover Loss: 0.9899, miRNA CL: 7.7493, Disease CL: 7.0717, Inter-view (est): 3.4202, Recon Loss: 0.0319, Time: 131.35s
[INFO] Hypergraph updated at epoch 150

🔧 Epoch 150 梯度检查:
================================================================================

  参数名称                              梯度范数         梯度均值 状态             
  ----------------------------------------------------------------------
  type_relations                0.185565     0.002941 ✅ 正常           
  exist_relation                0.022033     0.000786 ✅ 正常           
  mi_proj_layer0                0.022167     0.000074 ✅ 正常           
  dis_proj_layer0               0.023613     0.000078 ✅ 正常           
================================================================================

Epoch 150, Total Loss: 15.4428, Recover Loss: 0.9586, miRNA CL: 7.5532, Disease CL: 6.6510, Inter-view (est): 3.2779, Recon Loss: 0.0298, Time: 165.46s
[INFO] Hypergraph updated at epoch 200

🔧 Epoch 200 梯度检查:
================================================================================

  参数名称                              梯度范数         梯度均值 状态             
  ----------------------------------------------------------------------
  type_relations                0.173099     0.002936 ✅ 正常           
  exist_relation                0.022576     0.000812 ✅ 正常           
  mi_proj_layer0                0.029526     0.000091 ✅ 正常           
  dis_proj_layer0               0.026750     0.000083 ✅ 正常           
================================================================================

Epoch 200, Total Loss: 14.9582, Recover Loss: 0.9287, miRNA CL: 7.2886, Disease CL: 6.4711, Inter-view (est): 3.1753, Recon Loss: 0.0290, Time: 200.68s
[INFO] Hypergraph updated at epoch 250

🔧 Epoch 250 梯度检查:
================================================================================

  参数名称                              梯度范数         梯度均值 状态             
  ----------------------------------------------------------------------
  type_relations                0.158992     0.002527 ✅ 正常           
  exist_relation                0.029497     0.000938 ✅ 正常           
  mi_proj_layer0                0.021969     0.000068 ✅ 正常           
  dis_proj_layer0               0.022116     0.000069 ✅ 正常           
================================================================================

Epoch 250, Total Loss: 14.6445, Recover Loss: 0.8981, miRNA CL: 7.1145, Disease CL: 6.3696, Inter-view (est): 3.1117, Recon Loss: 0.0285, Time: 235.34s
[INFO] Hypergraph updated at epoch 300

🔧 Epoch 300 梯度检查:
================================================================================

  参数名称                              梯度范数         梯度均值 状态             
  ----------------------------------------------------------------------
  type_relations                0.142475     0.002425 ✅ 正常           
  exist_relation                0.015111     0.000565 ✅ 正常           
  mi_proj_layer0                0.022394     0.000071 ✅ 正常           
  dis_proj_layer0               0.023801     0.000073 ✅ 正常           
================================================================================

Epoch 300, Total Loss: 14.4878, Recover Loss: 0.8825, miRNA CL: 7.0292, Disease CL: 6.3181, Inter-view (est): 3.0801, Recon Loss: 0.0287, Time: 269.49s
[INFO] Hypergraph updated at epoch 350

🔧 Epoch 350 梯度检查:
================================================================================

  参数名称                              梯度范数         梯度均值 状态             
  ----------------------------------------------------------------------
  type_relations                0.131342     0.002353 ✅ 正常           
  exist_relation                0.016875     0.000549 ✅ 正常           
  mi_proj_layer0                0.023339     0.000073 ✅ 正常           
  dis_proj_layer0               0.022317     0.000072 ✅ 正常           
================================================================================

Epoch 350, Total Loss: 14.3854, Recover Loss: 0.8727, miRNA CL: 6.9726, Disease CL: 6.2853, Inter-view (est): 3.0595, Recon Loss: 0.0287, Time: 303.39s
[INFO] Hypergraph updated at epoch 400

🔧 Epoch 400 梯度检查:
================================================================================

  参数名称                              梯度范数         梯度均值 状态             
  ----------------------------------------------------------------------
  type_relations                0.131210     0.002274 ✅ 正常           
  exist_relation                0.019519     0.000722 ✅ 正常           
  mi_proj_layer0                0.022053     0.000068 ✅ 正常           
  dis_proj_layer0               0.023465     0.000072 ✅ 正常           
================================================================================

Epoch 400, Total Loss: 14.2817, Recover Loss: 0.8580, miRNA CL: 6.9181, Disease CL: 6.2546, Inter-view (est): 3.0399, Recon Loss: 0.0274, Time: 337.09s
[INFO] Hypergraph updated at epoch 450

🔧 Epoch 450 梯度检查:
================================================================================

  参数名称                              梯度范数         梯度均值 状态             
  ----------------------------------------------------------------------
  type_relations                0.116230     0.002118 ✅ 正常           
  exist_relation                0.019508     0.000713 ✅ 正常           
  mi_proj_layer0                0.022120     0.000068 ✅ 正常           
  dis_proj_layer0               0.023069     0.000069 ✅ 正常           
================================================================================

Epoch 450, Total Loss: 14.1904, Recover Loss: 0.8469, miRNA CL: 6.8620, Disease CL: 6.2326, Inter-view (est): 3.0218, Recon Loss: 0.0269, Time: 371.33s
[INFO] Hypergraph updated at epoch 500

🔧 Epoch 500 梯度检查:
================================================================================

  参数名称                              梯度范数         梯度均值 状态             
  ----------------------------------------------------------------------
  type_relations                0.123356     0.002190 ✅ 正常           
  exist_relation                0.013923     0.000548 ✅ 正常           
  mi_proj_layer0                0.023850     0.000070 ✅ 正常           
  dis_proj_layer0               0.022215     0.000065 ✅ 正常           
================================================================================

Epoch 500, Total Loss: 14.1341, Recover Loss: 0.8423, miRNA CL: 6.8249, Disease CL: 6.2185, Inter-view (est): 3.0100, Recon Loss: 0.0275, Time: 405.79s
[INFO] Hypergraph updated at epoch 550

🔧 Epoch 550 梯度检查:
================================================================================

  参数名称                              梯度范数         梯度均值 状态             
  ----------------------------------------------------------------------
  type_relations                0.127742     0.002236 ✅ 正常           
  exist_relation                0.016359     0.000683 ✅ 正常           
  mi_proj_layer0                0.024833     0.000073 ✅ 正常           
  dis_proj_layer0               0.027859     0.000077 ✅ 正常           
================================================================================

Epoch 550, Total Loss: 14.0765, Recover Loss: 0.8447, miRNA CL: 6.7774, Disease CL: 6.2074, Inter-view (est): 2.9965, Recon Loss: 0.0271, Time: 440.32s
[INFO] Hypergraph updated at epoch 600

🔧 Epoch 600 梯度检查:
================================================================================

  参数名称                              梯度范数         梯度均值 状态             
  ----------------------------------------------------------------------
  type_relations                0.116954     0.002041 ✅ 正常           
  exist_relation                0.012806     0.000452 ✅ 正常           
  mi_proj_layer0                0.023730     0.000068 ✅ 正常           
  dis_proj_layer0               0.023554     0.000069 ✅ 正常           
================================================================================

Epoch 600, Total Loss: 14.0256, Recover Loss: 0.8242, miRNA CL: 6.7580, Disease CL: 6.1972, Inter-view (est): 2.9897, Recon Loss: 0.0269, Time: 474.34s
[INFO] Hypergraph updated at epoch 650

🔧 Epoch 650 梯度检查:
================================================================================

  参数名称                              梯度范数         梯度均值 状态             
  ----------------------------------------------------------------------
  type_relations                0.118841     0.002071 ✅ 正常           
  exist_relation                0.016402     0.000571 ✅ 正常           
  mi_proj_layer0                0.022437     0.000066 ✅ 正常           
  dis_proj_layer0               0.023780     0.000070 ✅ 正常           
================================================================================

Epoch 650, Total Loss: 13.9861, Recover Loss: 0.8187, miRNA CL: 6.7345, Disease CL: 6.1881, Inter-view (est): 2.9821, Recon Loss: 0.0265, Time: 508.33s

================================================================================
Training completed. Running final test...
================================================================================
Fold 1 completed - AUC: 0.9747, Top-1 F1: 0.5394
Fold 1 training time: 509.43 seconds
=== Cross Validation Fold 2/5 ===
Using hidden dimensions: [256, 256] with 4 attention heads
优化模型初始化: miRNA数量 = 495, 疾病数量 = 383
   节点维度: 256 → 128
   类型数量: 4
   Temperature: 2.0 (可学习)
   Loss mode: two_head
   loss_mode=two_head
   exist_weight=0.300, type_weight=0.700

✅ SimplifiedMultiTypeAssociationLoss 初始化 (改进版)
   类别权重 (beta=0.99999): ['0.780', '1.822', '0.977', '0.421']
Original positive index shape: torch.Size([1072, 2])
Original negative index shape: torch.Size([135416, 2])
采样后负样本数量: 10720
🎯 Building TRUE DUAL VIEWS from four different sources...
📊 Data sources loaded:
  Disease semantic: torch.Size([383, 383])
  miRNA functional: torch.Size([495, 495])
  Disease-gene: torch.Size([383, 383])
  miRNA-sequence: torch.Size([495, 495])
🧬 Building miRNA dual-view hypergraphs...
  📊 miRNA View 1 (Sequence): torch.Size([495, 878])
  📊 miRNA View 2 (Function): torch.Size([495, 878])
🦠 Building disease dual-view hypergraphs...
  📊 Disease View 1 (Gene): torch.Size([383, 878])
  📊 Disease View 2 (Semantic): torch.Size([383, 878])
✅ Successfully built TRUE DUAL VIEWS:
   🧬 miRNA: Sequence Features (m_ss.xlsx) vs Functional Similarity (mi_fun_sim_2.0.csv)
   🦠 Disease: Gene Features (d_gs.xlsx) vs Semantic Similarity (dis_sem_sim_2.0.csv)

🔧 Epoch 1 梯度检查:
================================================================================

  参数名称                              梯度范数         梯度均值 状态             
  ----------------------------------------------------------------------
  type_relations                0.063450     0.001797 ✅ 正常           
  exist_relation                0.294061     0.016613 ✅ 正常           
  mi_proj_layer0                1.011021     0.002891 ✅ 正常           
  dis_proj_layer0               0.950236     0.002769 ✅ 正常           
================================================================================

Epoch 1, Total Loss: 20.2919, Recover Loss: 1.1115, miRNA CL: 8.9386, Disease CL: 8.4364, Inter-view (est): 4.0096, Recon Loss: 1.5072, Time: 0.68s
[INFO] Hypergraph updated at epoch 5
[INFO] Hypergraph updated at epoch 10
[INFO] Hypergraph updated at epoch 15
[INFO] Hypergraph updated at epoch 20
[INFO] Hypergraph updated at epoch 25
[INFO] Hypergraph updated at epoch 30
[INFO] Hypergraph updated at epoch 35
[INFO] Hypergraph updated at epoch 40
[INFO] Hypergraph updated at epoch 45
[INFO] Hypergraph updated at epoch 50

🔧 Epoch 50 梯度检查:
================================================================================

  参数名称                              梯度范数         梯度均值 状态             
  ----------------------------------------------------------------------
  type_relations                0.060345     0.001668 ✅ 正常           
  exist_relation                0.013786     0.000803 ✅ 正常           
  mi_proj_layer0                0.022291     0.000080 ✅ 正常           
  dis_proj_layer0               0.024262     0.000084 ✅ 正常           
================================================================================

Epoch 50, Total Loss: 17.1673, Recover Loss: 1.0104, miRNA CL: 8.0097, Disease CL: 7.7200, Inter-view (est): 3.6299, Recon Loss: 0.1445, Time: 93.05s
[INFO] Hypergraph updated at epoch 100

🔧 Epoch 100 梯度检查:
================================================================================

  参数名称                              梯度范数         梯度均值 状态             
  ----------------------------------------------------------------------
  type_relations                0.106705     0.002482 ✅ 正常           
  exist_relation                0.013353     0.000741 ✅ 正常           
  mi_proj_layer0                0.022223     0.000079 ✅ 正常           
  dis_proj_layer0               0.023264     0.000080 ✅ 正常           
================================================================================

Epoch 100, Total Loss: 16.0477, Recover Loss: 0.9935, miRNA CL: 7.7206, Disease CL: 7.0405, Inter-view (est): 3.4064, Recon Loss: 0.0302, Time: 130.72s
[INFO] Hypergraph updated at epoch 150

🔧 Epoch 150 梯度检查:
================================================================================

  参数名称                              梯度范数         梯度均值 状态             
  ----------------------------------------------------------------------
  type_relations                0.181509     0.003307 ✅ 正常           
  exist_relation                0.015904     0.000683 ✅ 正常           
  mi_proj_layer0                0.024596     0.000085 ✅ 正常           
  dis_proj_layer0               0.025064     0.000087 ✅ 正常           
================================================================================

Epoch 150, Total Loss: 15.3508, Recover Loss: 0.9567, miRNA CL: 7.4590, Disease CL: 6.6582, Inter-view (est): 3.2578, Recon Loss: 0.0284, Time: 165.25s
[INFO] Hypergraph updated at epoch 200

🔧 Epoch 200 梯度检查:
================================================================================

  参数名称                              梯度范数         梯度均值 状态             
  ----------------------------------------------------------------------
  type_relations                0.182480     0.003238 ✅ 正常           
  exist_relation                0.020405     0.000794 ✅ 正常           
  mi_proj_layer0                0.023665     0.000080 ✅ 正常           
  dis_proj_layer0               0.023773     0.000078 ✅ 正常           
================================================================================

Epoch 200, Total Loss: 14.8869, Recover Loss: 0.9320, miRNA CL: 7.2162, Disease CL: 6.4701, Inter-view (est): 3.1584, Recon Loss: 0.0291, Time: 199.64s
[INFO] Hypergraph updated at epoch 250

🔧 Epoch 250 梯度检查:
================================================================================

  参数名称                              梯度范数         梯度均值 状态             
  ----------------------------------------------------------------------
  type_relations                0.180925     0.003017 ✅ 正常           
  exist_relation                0.028339     0.000931 ✅ 正常           
  mi_proj_layer0                0.020889     0.000072 ✅ 正常           
  dis_proj_layer0               0.023484     0.000074 ✅ 正常           
================================================================================

Epoch 250, Total Loss: 14.6560, Recover Loss: 0.9049, miRNA CL: 7.1022, Disease CL: 6.3876, Inter-view (est): 3.1130, Recon Loss: 0.0280, Time: 234.16s
[INFO] Hypergraph updated at epoch 300

🔧 Epoch 300 梯度检查:
================================================================================

  参数名称                              梯度范数         梯度均值 状态             
  ----------------------------------------------------------------------
  type_relations                0.149026     0.002450 ✅ 正常           
  exist_relation                0.018918     0.000696 ✅ 正常           
  mi_proj_layer0                0.019468     0.000063 ✅ 正常           
  dis_proj_layer0               0.021741     0.000070 ✅ 正常           
================================================================================

Epoch 300, Total Loss: 14.4688, Recover Loss: 0.8733, miRNA CL: 7.0201, Disease CL: 6.3196, Inter-view (est): 3.0784, Recon Loss: 0.0275, Time: 269.15s
[INFO] Hypergraph updated at epoch 350

🔧 Epoch 350 梯度检查:
================================================================================

  参数名称                              梯度范数         梯度均值 状态             
  ----------------------------------------------------------------------
  type_relations                0.132045     0.002343 ✅ 正常           
  exist_relation                0.020382     0.000688 ✅ 正常           
  mi_proj_layer0                0.018647     0.000062 ✅ 正常           
  dis_proj_layer0               0.022724     0.000068 ✅ 正常           
================================================================================

Epoch 350, Total Loss: 14.3600, Recover Loss: 0.8623, miRNA CL: 6.9652, Disease CL: 6.2804, Inter-view (est): 3.0567, Recon Loss: 0.0273, Time: 303.63s
[INFO] Hypergraph updated at epoch 400

🔧 Epoch 400 梯度检查:
================================================================================

  参数名称                              梯度范数         梯度均值 状态             
  ----------------------------------------------------------------------
  type_relations                0.129175     0.002264 ✅ 正常           
  exist_relation                0.020183     0.000634 ✅ 正常           
  mi_proj_layer0                0.019899     0.000061 ✅ 正常           
  dis_proj_layer0               0.023097     0.000070 ✅ 正常           
================================================================================

Epoch 400, Total Loss: 14.2336, Recover Loss: 0.8416, miRNA CL: 6.8901, Disease CL: 6.2528, Inter-view (est): 3.0330, Recon Loss: 0.0269, Time: 337.75s
[INFO] Hypergraph updated at epoch 450

🔧 Epoch 450 梯度检查:
================================================================================

  参数名称                              梯度范数         梯度均值 状态             
  ----------------------------------------------------------------------
  type_relations                0.120880     0.002233 ✅ 正常           
  exist_relation                0.018564     0.000623 ✅ 正常           
  mi_proj_layer0                0.020129     0.000064 ✅ 正常           
  dis_proj_layer0               0.024023     0.000073 ✅ 正常           
================================================================================

Epoch 450, Total Loss: 14.1402, Recover Loss: 0.8309, miRNA CL: 6.8280, Disease CL: 6.2337, Inter-view (est): 3.0142, Recon Loss: 0.0271, Time: 372.67s
[INFO] Hypergraph updated at epoch 500

🔧 Epoch 500 梯度检查:
================================================================================

  参数名称                              梯度范数         梯度均值 状态             
  ----------------------------------------------------------------------
  type_relations                0.140557     0.002540 ✅ 正常           
  exist_relation                0.015208     0.000570 ✅ 正常           
  mi_proj_layer0                0.021454     0.000067 ✅ 正常           
  dis_proj_layer0               0.025185     0.000075 ✅ 正常           
================================================================================

Epoch 500, Total Loss: 14.0856, Recover Loss: 0.8255, miRNA CL: 6.7903, Disease CL: 6.2239, Inter-view (est): 3.0033, Recon Loss: 0.0263, Time: 407.37s
[INFO] Hypergraph updated at epoch 550

🔧 Epoch 550 梯度检查:
================================================================================

  参数名称                              梯度范数         梯度均值 状态             
  ----------------------------------------------------------------------
  type_relations                0.154631     0.002697 ✅ 正常           
  exist_relation                0.016811     0.000612 ✅ 正常           
  mi_proj_layer0                0.023020     0.000068 ✅ 正常           
  dis_proj_layer0               0.027189     0.000083 ✅ 正常           
================================================================================

Epoch 550, Total Loss: 14.0519, Recover Loss: 0.8195, miRNA CL: 6.7724, Disease CL: 6.2147, Inter-view (est): 2.9970, Recon Loss: 0.0266, Time: 442.28s
[INFO] Hypergraph updated at epoch 600

🔧 Epoch 600 梯度检查:
================================================================================

  参数名称                              梯度范数         梯度均值 状态             
  ----------------------------------------------------------------------
  type_relations                0.121645     0.002206 ✅ 正常           
  exist_relation                0.014325     0.000520 ✅ 正常           
  mi_proj_layer0                0.020090     0.000063 ✅ 正常           
  dis_proj_layer0               0.023514     0.000072 ✅ 正常           
================================================================================

Epoch 600, Total Loss: 14.0155, Recover Loss: 0.8119, miRNA CL: 6.7531, Disease CL: 6.2061, Inter-view (est): 2.9906, Recon Loss: 0.0265, Time: 476.82s
[INFO] Hypergraph updated at epoch 650

🔧 Epoch 650 梯度检查:
================================================================================

  参数名称                              梯度范数         梯度均值 状态             
  ----------------------------------------------------------------------
  type_relations                0.132720     0.002356 ✅ 正常           
  exist_relation                0.019712     0.000712 ✅ 正常           
  mi_proj_layer0                0.024351     0.000070 ✅ 正常           
  dis_proj_layer0               0.024961     0.000074 ✅ 正常           
================================================================================

Epoch 650, Total Loss: 13.9807, Recover Loss: 0.8081, miRNA CL: 6.7308, Disease CL: 6.1984, Inter-view (est): 2.9837, Recon Loss: 0.0261, Time: 511.09s

================================================================================
Training completed. Running final test...
================================================================================
Fold 2 completed - AUC: 0.9733, Top-1 F1: 0.5827
Fold 2 training time: 511.85 seconds
=== Cross Validation Fold 3/5 ===
Using hidden dimensions: [256, 256] with 4 attention heads
优化模型初始化: miRNA数量 = 495, 疾病数量 = 383
   节点维度: 256 → 128
   类型数量: 4
   Temperature: 2.0 (可学习)
   Loss mode: two_head
   loss_mode=two_head
   exist_weight=0.300, type_weight=0.700

✅ SimplifiedMultiTypeAssociationLoss 初始化 (改进版)
   类别权重 (beta=0.99999): ['0.780', '1.822', '0.977', '0.421']
Original positive index shape: torch.Size([1072, 2])
Original negative index shape: torch.Size([135416, 2])
采样后负样本数量: 10720
🎯 Building TRUE DUAL VIEWS from four different sources...
📊 Data sources loaded:
  Disease semantic: torch.Size([383, 383])
  miRNA functional: torch.Size([495, 495])
  Disease-gene: torch.Size([383, 383])
  miRNA-sequence: torch.Size([495, 495])
🧬 Building miRNA dual-view hypergraphs...
  📊 miRNA View 1 (Sequence): torch.Size([495, 878])
  📊 miRNA View 2 (Function): torch.Size([495, 878])
🦠 Building disease dual-view hypergraphs...
  📊 Disease View 1 (Gene): torch.Size([383, 878])
  📊 Disease View 2 (Semantic): torch.Size([383, 878])
✅ Successfully built TRUE DUAL VIEWS:
   🧬 miRNA: Sequence Features (m_ss.xlsx) vs Functional Similarity (mi_fun_sim_2.0.csv)
   🦠 Disease: Gene Features (d_gs.xlsx) vs Semantic Similarity (dis_sem_sim_2.0.csv)

🔧 Epoch 1 梯度检查:
================================================================================

  参数名称                              梯度范数         梯度均值 状态             
  ----------------------------------------------------------------------
  type_relations                0.062667     0.001924 ✅ 正常           
  exist_relation                0.381102     0.020049 ✅ 正常           
  mi_proj_layer0                1.050474     0.003093 ✅ 正常           
  dis_proj_layer0               1.215983     0.003247 ✅ 正常           
================================================================================

Epoch 1, Total Loss: 20.2749, Recover Loss: 1.1111, miRNA CL: 8.8919, Disease CL: 8.4352, Inter-view (est): 3.9985, Recon Loss: 1.5385, Time: 0.66s
[INFO] Hypergraph updated at epoch 5
[INFO] Hypergraph updated at epoch 10
[INFO] Hypergraph updated at epoch 15
[INFO] Hypergraph updated at epoch 20
[INFO] Hypergraph updated at epoch 25
[INFO] Hypergraph updated at epoch 30
[INFO] Hypergraph updated at epoch 35
[INFO] Hypergraph updated at epoch 40
[INFO] Hypergraph updated at epoch 45
[INFO] Hypergraph updated at epoch 50

🔧 Epoch 50 梯度检查:
================================================================================

  参数名称                              梯度范数         梯度均值 状态             
  ----------------------------------------------------------------------
  type_relations                0.067983     0.001862 ✅ 正常           
  exist_relation                0.023651     0.001291 ✅ 正常           
  mi_proj_layer0                0.032181     0.000115 ✅ 正常           
  dis_proj_layer0               0.029368     0.000106 ✅ 正常           
================================================================================

Epoch 50, Total Loss: 17.1944, Recover Loss: 1.0104, miRNA CL: 8.0341, Disease CL: 7.7215, Inter-view (est): 3.6359, Recon Loss: 0.1451, Time: 96.42s
[INFO] Hypergraph updated at epoch 100

🔧 Epoch 100 梯度检查:
================================================================================

  参数名称                              梯度范数         梯度均值 状态             
  ----------------------------------------------------------------------
  type_relations                0.110386     0.002506 ✅ 正常           
  exist_relation                0.013933     0.000614 ✅ 正常           
  mi_proj_layer0                0.020411     0.000070 ✅ 正常           
  dis_proj_layer0               0.021863     0.000075 ✅ 正常           
================================================================================

Epoch 100, Total Loss: 16.1004, Recover Loss: 0.9922, miRNA CL: 7.7535, Disease CL: 7.0602, Inter-view (est): 3.4185, Recon Loss: 0.0310, Time: 134.23s
[INFO] Hypergraph updated at epoch 150

🔧 Epoch 150 梯度检查:
================================================================================

  参数名称                              梯度范数         梯度均值 状态             
  ----------------------------------------------------------------------
  type_relations                0.198919     0.003262 ✅ 正常           
  exist_relation                0.016130     0.000656 ✅ 正常           
  mi_proj_layer0                0.025032     0.000083 ✅ 正常           
  dis_proj_layer0               0.027482     0.000092 ✅ 正常           
================================================================================

Epoch 150, Total Loss: 15.5069, Recover Loss: 0.9603, miRNA CL: 7.5786, Disease CL: 6.6890, Inter-view (est): 3.2925, Recon Loss: 0.0301, Time: 168.71s
[INFO] Hypergraph updated at epoch 200

🔧 Epoch 200 梯度检查:
================================================================================

  参数名称                              梯度范数         梯度均值 状态             
  ----------------------------------------------------------------------
  type_relations                0.199885     0.003080 ✅ 正常           
  exist_relation                0.010473     0.000437 ✅ 正常           
  mi_proj_layer0                0.021074     0.000069 ✅ 正常           
  dis_proj_layer0               0.022895     0.000077 ✅ 正常           
================================================================================

Epoch 200, Total Loss: 14.9835, Recover Loss: 0.9305, miRNA CL: 7.3167, Disease CL: 6.4670, Inter-view (est): 3.1809, Recon Loss: 0.0297, Time: 203.68s
[INFO] Hypergraph updated at epoch 250

🔧 Epoch 250 梯度检查:
================================================================================

  参数名称                              梯度范数         梯度均值 状态             
  ----------------------------------------------------------------------
  type_relations                0.206541     0.003203 ✅ 正常           
  exist_relation                0.026359     0.000918 ✅ 正常           
  mi_proj_layer0                0.024698     0.000075 ✅ 正常           
  dis_proj_layer0               0.027754     0.000087 ✅ 正常           
================================================================================

Epoch 250, Total Loss: 14.7068, Recover Loss: 0.9060, miRNA CL: 7.1555, Disease CL: 6.3838, Inter-view (est): 3.1245, Recon Loss: 0.0281, Time: 238.25s
[INFO] Hypergraph updated at epoch 300

🔧 Epoch 300 梯度检查:
================================================================================

  参数名称                              梯度范数         梯度均值 状态             
  ----------------------------------------------------------------------
  type_relations                0.175697     0.002823 ✅ 正常           
  exist_relation                0.021020     0.000631 ✅ 正常           
  mi_proj_layer0                0.019535     0.000063 ✅ 正常           
  dis_proj_layer0               0.022275     0.000070 ✅ 正常           
================================================================================

Epoch 300, Total Loss: 14.5186, Recover Loss: 0.8721, miRNA CL: 7.0593, Disease CL: 6.3306, Inter-view (est): 3.0900, Recon Loss: 0.0275, Time: 272.62s
[INFO] Hypergraph updated at epoch 350

🔧 Epoch 350 梯度检查:
================================================================================

  参数名称                              梯度范数         梯度均值 状态             
  ----------------------------------------------------------------------
  type_relations                0.171140     0.002577 ✅ 正常           
  exist_relation                0.019782     0.000643 ✅ 正常           
  mi_proj_layer0                0.021254     0.000066 ✅ 正常           
  dis_proj_layer0               0.019596     0.000064 ✅ 正常           
================================================================================

Epoch 350, Total Loss: 14.3720, Recover Loss: 0.8530, miRNA CL: 6.9875, Disease CL: 6.2792, Inter-view (est): 3.0615, Recon Loss: 0.0271, Time: 306.63s
[INFO] Hypergraph updated at epoch 400

🔧 Epoch 400 梯度检查:
================================================================================

  参数名称                              梯度范数         梯度均值 状态             
  ----------------------------------------------------------------------
  type_relations                0.147781     0.002337 ✅ 正常           
  exist_relation                0.016915     0.000613 ✅ 正常           
  mi_proj_layer0                0.018419     0.000058 ✅ 正常           
  dis_proj_layer0               0.019810     0.000062 ✅ 正常           
================================================================================

Epoch 400, Total Loss: 14.2591, Recover Loss: 0.8472, miRNA CL: 6.9223, Disease CL: 6.2405, Inter-view (est): 3.0376, Recon Loss: 0.0271, Time: 341.07s
[INFO] Hypergraph updated at epoch 450

🔧 Epoch 450 梯度检查:
================================================================================

  参数名称                              梯度范数         梯度均值 状态             
  ----------------------------------------------------------------------
  type_relations                0.131749     0.002048 ✅ 正常           
  exist_relation                0.016900     0.000554 ✅ 正常           
  mi_proj_layer0                0.019457     0.000058 ✅ 正常           
  dis_proj_layer0               0.018059     0.000057 ✅ 正常           
================================================================================

Epoch 450, Total Loss: 14.1417, Recover Loss: 0.8301, miRNA CL: 6.8522, Disease CL: 6.2131, Inter-view (est): 3.0151, Recon Loss: 0.0266, Time: 375.61s
[INFO] Hypergraph updated at epoch 500

🔧 Epoch 500 梯度检查:
================================================================================

  参数名称                              梯度范数         梯度均值 状态             
  ----------------------------------------------------------------------
  type_relations                0.126539     0.002048 ✅ 正常           
  exist_relation                0.022506     0.000620 ✅ 正常           
  mi_proj_layer0                0.019012     0.000057 ✅ 正常           
  dis_proj_layer0               0.017996     0.000056 ✅ 正常           
================================================================================

Epoch 500, Total Loss: 14.0655, Recover Loss: 0.8228, miRNA CL: 6.8023, Disease CL: 6.1956, Inter-view (est): 2.9995, Recon Loss: 0.0266, Time: 410.05s
[INFO] Hypergraph updated at epoch 550

🔧 Epoch 550 梯度检查:
================================================================================

  参数名称                              梯度范数         梯度均值 状态             
  ----------------------------------------------------------------------
  type_relations                0.105204     0.001695 ✅ 正常           
  exist_relation                0.014010     0.000546 ✅ 正常           
  mi_proj_layer0                0.019450     0.000055 ✅ 正常           
  dis_proj_layer0               0.017684     0.000055 ✅ 正常           
================================================================================

Epoch 550, Total Loss: 14.0308, Recover Loss: 0.8201, miRNA CL: 6.7835, Disease CL: 6.1834, Inter-view (est): 2.9924, Recon Loss: 0.0267, Time: 444.43s
[INFO] Hypergraph updated at epoch 600

🔧 Epoch 600 梯度检查:
================================================================================

  参数名称                              梯度范数         梯度均值 状态             
  ----------------------------------------------------------------------
  type_relations                0.097929     0.001666 ✅ 正常           
  exist_relation                0.025532     0.000764 ✅ 正常           
  mi_proj_layer0                0.017591     0.000053 ✅ 正常           
  dis_proj_layer0               0.017759     0.000054 ✅ 正常           
================================================================================

Epoch 600, Total Loss: 13.9994, Recover Loss: 0.8122, miRNA CL: 6.7693, Disease CL: 6.1750, Inter-view (est): 2.9871, Recon Loss: 0.0266, Time: 479.37s
[INFO] Hypergraph updated at epoch 650

🔧 Epoch 650 梯度检查:
================================================================================

  参数名称                              梯度范数         梯度均值 状态             
  ----------------------------------------------------------------------
  type_relations                0.105818     0.001722 ✅ 正常           
  exist_relation                0.015786     0.000590 ✅ 正常           
  mi_proj_layer0                0.016244     0.000051 ✅ 正常           
  dis_proj_layer0               0.016822     0.000053 ✅ 正常           
================================================================================

Epoch 650, Total Loss: 13.9685, Recover Loss: 0.8111, miRNA CL: 6.7468, Disease CL: 6.1681, Inter-view (est): 2.9804, Recon Loss: 0.0269, Time: 514.09s

================================================================================
Training completed. Running final test...
================================================================================
Fold 3 completed - AUC: 0.9744, Top-1 F1: 0.5451
Fold 3 training time: 514.86 seconds
=== Cross Validation Fold 4/5 ===
Using hidden dimensions: [256, 256] with 4 attention heads
优化模型初始化: miRNA数量 = 495, 疾病数量 = 383
   节点维度: 256 → 128
   类型数量: 4
   Temperature: 2.0 (可学习)
   Loss mode: two_head
   loss_mode=two_head
   exist_weight=0.300, type_weight=0.700

✅ SimplifiedMultiTypeAssociationLoss 初始化 (改进版)
   类别权重 (beta=0.99999): ['0.780', '1.822', '0.977', '0.421']
Original positive index shape: torch.Size([1072, 2])
Original negative index shape: torch.Size([135416, 2])
采样后负样本数量: 10720
🎯 Building TRUE DUAL VIEWS from four different sources...
📊 Data sources loaded:
  Disease semantic: torch.Size([383, 383])
  miRNA functional: torch.Size([495, 495])
  Disease-gene: torch.Size([383, 383])
  miRNA-sequence: torch.Size([495, 495])
🧬 Building miRNA dual-view hypergraphs...
  📊 miRNA View 1 (Sequence): torch.Size([495, 878])
  📊 miRNA View 2 (Function): torch.Size([495, 878])
🦠 Building disease dual-view hypergraphs...
  📊 Disease View 1 (Gene): torch.Size([383, 878])
  📊 Disease View 2 (Semantic): torch.Size([383, 878])
✅ Successfully built TRUE DUAL VIEWS:
   🧬 miRNA: Sequence Features (m_ss.xlsx) vs Functional Similarity (mi_fun_sim_2.0.csv)
   🦠 Disease: Gene Features (d_gs.xlsx) vs Semantic Similarity (dis_sem_sim_2.0.csv)

🔧 Epoch 1 梯度检查:
================================================================================

  参数名称                              梯度范数         梯度均值 状态             
  ----------------------------------------------------------------------
  type_relations                0.051159     0.001570 ✅ 正常           
  exist_relation                0.161277     0.009626 ✅ 正常           
  mi_proj_layer0                0.452222     0.001379 ✅ 正常           
  dis_proj_layer0               0.616432     0.001916 ✅ 正常           
================================================================================

Epoch 1, Total Loss: 20.2530, Recover Loss: 1.0691, miRNA CL: 8.9112, Disease CL: 8.4507, Inter-view (est): 4.0066, Recon Loss: 1.5238, Time: 0.70s
[INFO] Hypergraph updated at epoch 5
[INFO] Hypergraph updated at epoch 10
[INFO] Hypergraph updated at epoch 15
[INFO] Hypergraph updated at epoch 20
[INFO] Hypergraph updated at epoch 25
[INFO] Hypergraph updated at epoch 30
[INFO] Hypergraph updated at epoch 35
[INFO] Hypergraph updated at epoch 40
[INFO] Hypergraph updated at epoch 45
[INFO] Hypergraph updated at epoch 50

🔧 Epoch 50 梯度检查:
================================================================================

  参数名称                              梯度范数         梯度均值 状态             
  ----------------------------------------------------------------------
  type_relations                0.062454     0.001651 ✅ 正常           
  exist_relation                0.011109     0.000697 ✅ 正常           
  mi_proj_layer0                0.018955     0.000070 ✅ 正常           
  dis_proj_layer0               0.022651     0.000081 ✅ 正常           
================================================================================

Epoch 50, Total Loss: 17.1872, Recover Loss: 1.0092, miRNA CL: 8.0353, Disease CL: 7.7305, Inter-view (est): 3.6383, Recon Loss: 0.1295, Time: 97.76s
[INFO] Hypergraph updated at epoch 100

🔧 Epoch 100 梯度检查:
================================================================================

  参数名称                              梯度范数         梯度均值 状态             
  ----------------------------------------------------------------------
  type_relations                0.125355     0.002583 ✅ 正常           
  exist_relation                0.015340     0.000711 ✅ 正常           
  mi_proj_layer0                0.018925     0.000068 ✅ 正常           
  dis_proj_layer0               0.023109     0.000081 ✅ 正常           
================================================================================

Epoch 100, Total Loss: 16.0380, Recover Loss: 0.9922, miRNA CL: 7.7553, Disease CL: 6.9969, Inter-view (est): 3.4044, Recon Loss: 0.0312, Time: 134.79s
[INFO] Hypergraph updated at epoch 150

🔧 Epoch 150 梯度检查:
================================================================================

  参数名称                              梯度范数         梯度均值 状态             
  ----------------------------------------------------------------------
  type_relations                0.186976     0.003091 ✅ 正常           
  exist_relation                0.013460     0.000592 ✅ 正常           
  mi_proj_layer0                0.021845     0.000074 ✅ 正常           
  dis_proj_layer0               0.025215     0.000084 ✅ 正常           
================================================================================

Epoch 150, Total Loss: 15.4676, Recover Loss: 0.9588, miRNA CL: 7.5837, Disease CL: 6.6476, Inter-view (est): 3.2841, Recon Loss: 0.0303, Time: 170.05s
[INFO] Hypergraph updated at epoch 200

🔧 Epoch 200 梯度检查:
================================================================================

  参数名称                              梯度范数         梯度均值 状态             
  ----------------------------------------------------------------------
  type_relations                0.158166     0.002654 ✅ 正常           
  exist_relation                0.017946     0.000726 ✅ 正常           
  mi_proj_layer0                0.023403     0.000076 ✅ 正常           
  dis_proj_layer0               0.025665     0.000080 ✅ 正常           
================================================================================

Epoch 200, Total Loss: 14.9495, Recover Loss: 0.9317, miRNA CL: 7.3012, Disease CL: 6.4492, Inter-view (est): 3.1732, Recon Loss: 0.0305, Time: 204.74s
[INFO] Hypergraph updated at epoch 250

🔧 Epoch 250 梯度检查:
================================================================================

  参数名称                              梯度范数         梯度均值 状态             
  ----------------------------------------------------------------------
  type_relations                0.161691     0.002693 ✅ 正常           
  exist_relation                0.022281     0.000721 ✅ 正常           
  mi_proj_layer0                0.022926     0.000074 ✅ 正常           
  dis_proj_layer0               0.024418     0.000079 ✅ 正常           
================================================================================

Epoch 250, Total Loss: 14.6647, Recover Loss: 0.9012, miRNA CL: 7.1417, Disease CL: 6.3625, Inter-view (est): 3.1163, Recon Loss: 0.0289, Time: 239.46s
[INFO] Hypergraph updated at epoch 300

🔧 Epoch 300 梯度检查:
================================================================================

  参数名称                              梯度范数         梯度均值 状态             
  ----------------------------------------------------------------------
  type_relations                0.176900     0.002920 ✅ 正常           
  exist_relation                0.017620     0.000637 ✅ 正常           
  mi_proj_layer0                0.027667     0.000081 ✅ 正常           
  dis_proj_layer0               0.027252     0.000084 ✅ 正常           
================================================================================

Epoch 300, Total Loss: 14.4801, Recover Loss: 0.8713, miRNA CL: 7.0477, Disease CL: 6.3067, Inter-view (est): 3.0818, Recon Loss: 0.0281, Time: 273.75s
[INFO] Hypergraph updated at epoch 350

🔧 Epoch 350 梯度检查:
================================================================================

  参数名称                              梯度范数         梯度均值 状态             
  ----------------------------------------------------------------------
  type_relations                0.153646     0.002382 ✅ 正常           
  exist_relation                0.028056     0.000995 ✅ 正常           
  mi_proj_layer0                0.019796     0.000062 ✅ 正常           
  dis_proj_layer0               0.025964     0.000080 ✅ 正常           
================================================================================

Epoch 350, Total Loss: 14.3716, Recover Loss: 0.8469, miRNA CL: 7.0016, Disease CL: 6.2717, Inter-view (est): 3.0631, Recon Loss: 0.0277, Time: 308.24s
[INFO] Hypergraph updated at epoch 400

🔧 Epoch 400 梯度检查:
================================================================================

  参数名称                              梯度范数         梯度均值 状态             
  ----------------------------------------------------------------------
  type_relations                0.146261     0.002406 ✅ 正常           
  exist_relation                0.034623     0.001142 ✅ 正常           
  mi_proj_layer0                0.021249     0.000064 ✅ 正常           
  dis_proj_layer0               0.022966     0.000073 ✅ 正常           
================================================================================

Epoch 400, Total Loss: 14.2743, Recover Loss: 0.8357, miRNA CL: 6.9516, Disease CL: 6.2383, Inter-view (est): 3.0438, Recon Loss: 0.0277, Time: 343.06s
[INFO] Hypergraph updated at epoch 450

🔧 Epoch 450 梯度检查:
================================================================================

  参数名称                              梯度范数         梯度均值 状态             
  ----------------------------------------------------------------------
  type_relations                0.145607     0.002425 ✅ 正常           
  exist_relation                0.027156     0.000982 ✅ 正常           
  mi_proj_layer0                0.020729     0.000061 ✅ 正常           
  dis_proj_layer0               0.022739     0.000070 ✅ 正常           
================================================================================

Epoch 450, Total Loss: 14.1666, Recover Loss: 0.8161, miRNA CL: 6.8949, Disease CL: 6.2101, Inter-view (est): 3.0242, Recon Loss: 0.0267, Time: 377.52s
[INFO] Hypergraph updated at epoch 500

🔧 Epoch 500 梯度检查:
================================================================================

  参数名称                              梯度范数         梯度均值 状态             
  ----------------------------------------------------------------------
  type_relations                0.143229     0.002415 ✅ 正常           
  exist_relation                0.030148     0.000969 ✅ 正常           
  mi_proj_layer0                0.020989     0.000062 ✅ 正常           
  dis_proj_layer0               0.024529     0.000076 ✅ 正常           
================================================================================

Epoch 500, Total Loss: 14.0864, Recover Loss: 0.8071, miRNA CL: 6.8445, Disease CL: 6.1915, Inter-view (est): 3.0083, Recon Loss: 0.0263, Time: 412.09s
[INFO] Hypergraph updated at epoch 550

🔧 Epoch 550 梯度检查:
================================================================================

  参数名称                              梯度范数         梯度均值 状态             
  ----------------------------------------------------------------------
  type_relations                0.126484     0.002205 ✅ 正常           
  exist_relation                0.017230     0.000629 ✅ 正常           
  mi_proj_layer0                0.024429     0.000066 ✅ 正常           
  dis_proj_layer0               0.026122     0.000073 ✅ 正常           
================================================================================

Epoch 550, Total Loss: 14.0284, Recover Loss: 0.8035, miRNA CL: 6.8042, Disease CL: 6.1782, Inter-view (est): 2.9959, Recon Loss: 0.0268, Time: 446.26s
[INFO] Hypergraph updated at epoch 600

🔧 Epoch 600 梯度检查:
================================================================================

  参数名称                              梯度范数         梯度均值 状态             
  ----------------------------------------------------------------------
  type_relations                0.114208     0.002019 ✅ 正常           
  exist_relation                0.017473     0.000575 ✅ 正常           
  mi_proj_layer0                0.020570     0.000059 ✅ 正常           
  dis_proj_layer0               0.026981     0.000074 ✅ 正常           
================================================================================

Epoch 600, Total Loss: 13.9841, Recover Loss: 0.8019, miRNA CL: 6.7732, Disease CL: 6.1677, Inter-view (est): 2.9864, Recon Loss: 0.0267, Time: 480.91s
[INFO] Hypergraph updated at epoch 650

🔧 Epoch 650 梯度检查:
================================================================================

  参数名称                              梯度范数         梯度均值 状态             
  ----------------------------------------------------------------------
  type_relations                0.123232     0.002133 ✅ 正常           
  exist_relation                0.016086     0.000560 ✅ 正常           
  mi_proj_layer0                0.019002     0.000055 ✅ 正常           
  dis_proj_layer0               0.023119     0.000067 ✅ 正常           
================================================================================

Epoch 650, Total Loss: 13.9325, Recover Loss: 0.7902, miRNA CL: 6.7438, Disease CL: 6.1585, Inter-view (est): 2.9775, Recon Loss: 0.0265, Time: 515.96s

================================================================================
Training completed. Running final test...
================================================================================
Fold 4 completed - AUC: 0.9717, Top-1 F1: 0.6045
Fold 4 training time: 516.75 seconds
=== Cross Validation Fold 5/5 ===
Using hidden dimensions: [256, 256] with 4 attention heads
优化模型初始化: miRNA数量 = 495, 疾病数量 = 383
   节点维度: 256 → 128
   类型数量: 4
   Temperature: 2.0 (可学习)
   Loss mode: two_head
   loss_mode=two_head
   exist_weight=0.300, type_weight=0.700

✅ SimplifiedMultiTypeAssociationLoss 初始化 (改进版)
   类别权重 (beta=0.99999): ['0.780', '1.822', '0.977', '0.421']
Original positive index shape: torch.Size([1072, 2])
Original negative index shape: torch.Size([135416, 2])
采样后负样本数量: 10720
🎯 Building TRUE DUAL VIEWS from four different sources...
📊 Data sources loaded:
  Disease semantic: torch.Size([383, 383])
  miRNA functional: torch.Size([495, 495])
  Disease-gene: torch.Size([383, 383])
  miRNA-sequence: torch.Size([495, 495])
🧬 Building miRNA dual-view hypergraphs...
  📊 miRNA View 1 (Sequence): torch.Size([495, 878])
  📊 miRNA View 2 (Function): torch.Size([495, 878])
🦠 Building disease dual-view hypergraphs...
  📊 Disease View 1 (Gene): torch.Size([383, 878])
  📊 Disease View 2 (Semantic): torch.Size([383, 878])
✅ Successfully built TRUE DUAL VIEWS:
   🧬 miRNA: Sequence Features (m_ss.xlsx) vs Functional Similarity (mi_fun_sim_2.0.csv)
   🦠 Disease: Gene Features (d_gs.xlsx) vs Semantic Similarity (dis_sem_sim_2.0.csv)

🔧 Epoch 1 梯度检查:
================================================================================

  参数名称                              梯度范数         梯度均值 状态             
  ----------------------------------------------------------------------
  type_relations                0.059310     0.001844 ✅ 正常           
  exist_relation                0.238688     0.013239 ✅ 正常           
  mi_proj_layer0                1.135482     0.002594 ✅ 正常           
  dis_proj_layer0               0.916702     0.002614 ✅ 正常           
================================================================================

Epoch 1, Total Loss: 20.3500, Recover Loss: 1.1060, miRNA CL: 8.9638, Disease CL: 8.4311, Inter-view (est): 4.0142, Recon Loss: 1.5511, Time: 0.79s
[INFO] Hypergraph updated at epoch 5
[INFO] Hypergraph updated at epoch 10
[INFO] Hypergraph updated at epoch 15
[INFO] Hypergraph updated at epoch 20
[INFO] Hypergraph updated at epoch 25
[INFO] Hypergraph updated at epoch 30
[INFO] Hypergraph updated at epoch 35
[INFO] Hypergraph updated at epoch 40
[INFO] Hypergraph updated at epoch 45
[INFO] Hypergraph updated at epoch 50

🔧 Epoch 50 梯度检查:
================================================================================

  参数名称                              梯度范数         梯度均值 状态             
  ----------------------------------------------------------------------
  type_relations                0.072697     0.001890 ✅ 正常           
  exist_relation                0.021542     0.001267 ✅ 正常           
  mi_proj_layer0                0.030463     0.000107 ✅ 正常           
  dis_proj_layer0               0.029286     0.000105 ✅ 正常           
================================================================================

Epoch 50, Total Loss: 17.2371, Recover Loss: 1.0063, miRNA CL: 8.0385, Disease CL: 7.7232, Inter-view (est): 3.6373, Recon Loss: 0.1860, Time: 110.09s
[INFO] Hypergraph updated at epoch 100

🔧 Epoch 100 梯度检查:
================================================================================

  参数名称                              梯度范数         梯度均值 状态             
  ----------------------------------------------------------------------
  type_relations                0.114642     0.002299 ✅ 正常           
  exist_relation                0.012774     0.000574 ✅ 正常           
  mi_proj_layer0                0.019513     0.000070 ✅ 正常           
  dis_proj_layer0               0.024723     0.000084 ✅ 正常           
================================================================================

Epoch 100, Total Loss: 16.0747, Recover Loss: 0.9882, miRNA CL: 7.7626, Disease CL: 7.0274, Inter-view (est): 3.4131, Recon Loss: 0.0322, Time: 149.39s
[INFO] Hypergraph updated at epoch 150

🔧 Epoch 150 梯度检查:
================================================================================

  参数名称                              梯度范数         梯度均值 状态             
  ----------------------------------------------------------------------
  type_relations                0.158064     0.002890 ✅ 正常           
  exist_relation                0.021634     0.000877 ✅ 正常           
  mi_proj_layer0                0.020627     0.000073 ✅ 正常           
  dis_proj_layer0               0.025913     0.000087 ✅ 正常           
================================================================================

Epoch 150, Total Loss: 15.4938, Recover Loss: 0.9579, miRNA CL: 7.5897, Disease CL: 6.6647, Inter-view (est): 3.2895, Recon Loss: 0.0313, Time: 184.53s
[INFO] Hypergraph updated at epoch 200

🔧 Epoch 200 梯度检查:
================================================================================

  参数名称                              梯度范数         梯度均值 状态             
  ----------------------------------------------------------------------
  type_relations                0.152297     0.002829 ✅ 正常           
  exist_relation                0.024900     0.001030 ✅ 正常           
  mi_proj_layer0                0.026054     0.000092 ✅ 正常           
  dis_proj_layer0               0.023866     0.000085 ✅ 正常           
================================================================================

Epoch 200, Total Loss: 15.0133, Recover Loss: 0.9352, miRNA CL: 7.3102, Disease CL: 6.4984, Inter-view (est): 3.1866, Recon Loss: 0.0292, Time: 219.21s
[INFO] Hypergraph updated at epoch 250

🔧 Epoch 250 梯度检查:
================================================================================

  参数名称                              梯度范数         梯度均值 状态             
  ----------------------------------------------------------------------
  type_relations                0.139020     0.002632 ✅ 正常           
  exist_relation                0.035628     0.001323 ✅ 正常           
  mi_proj_layer0                0.023605     0.000081 ✅ 正常           
  dis_proj_layer0               0.023483     0.000081 ✅ 正常           
================================================================================

Epoch 250, Total Loss: 14.6993, Recover Loss: 0.8986, miRNA CL: 7.1454, Disease CL: 6.3917, Inter-view (est): 3.1240, Recon Loss: 0.0290, Time: 254.08s
[INFO] Hypergraph updated at epoch 300

🔧 Epoch 300 梯度检查:
================================================================================

  参数名称                              梯度范数         梯度均值 状态             
  ----------------------------------------------------------------------
  type_relations                0.126334     0.002338 ✅ 正常           
  exist_relation                0.017838     0.000661 ✅ 正常           
  mi_proj_layer0                0.019447     0.000064 ✅ 正常           
  dis_proj_layer0               0.019208     0.000064 ✅ 正常           
================================================================================

Epoch 300, Total Loss: 14.4951, Recover Loss: 0.8812, miRNA CL: 7.0472, Disease CL: 6.3092, Inter-view (est): 3.0822, Recon Loss: 0.0280, Time: 288.67s
[INFO] Hypergraph updated at epoch 350

🔧 Epoch 350 梯度检查:
================================================================================

  参数名称                              梯度范数         梯度均值 状态             
  ----------------------------------------------------------------------
  type_relations                0.111010     0.002082 ✅ 正常           
  exist_relation                0.017706     0.000737 ✅ 正常           
  mi_proj_layer0                0.020917     0.000068 ✅ 正常           
  dis_proj_layer0               0.027671     0.000082 ✅ 正常           
================================================================================

Epoch 350, Total Loss: 14.3892, Recover Loss: 0.8677, miRNA CL: 6.9946, Disease CL: 6.2718, Inter-view (est): 3.0615, Recon Loss: 0.0284, Time: 323.29s
[INFO] Hypergraph updated at epoch 400

🔧 Epoch 400 梯度检查:
================================================================================

  参数名称                              梯度范数         梯度均值 状态             
  ----------------------------------------------------------------------
  type_relations                0.111438     0.002113 ✅ 正常           
  exist_relation                0.015582     0.000615 ✅ 正常           
  mi_proj_layer0                0.021311     0.000064 ✅ 正常           
  dis_proj_layer0               0.022456     0.000072 ✅ 正常           
================================================================================

Epoch 400, Total Loss: 14.2875, Recover Loss: 0.8534, miRNA CL: 6.9424, Disease CL: 6.2398, Inter-view (est): 3.0421, Recon Loss: 0.0278, Time: 358.00s
[INFO] Hypergraph updated at epoch 450

🔧 Epoch 450 梯度检查:
================================================================================

  参数名称                              梯度范数         梯度均值 状态             
  ----------------------------------------------------------------------
  type_relations                0.110739     0.002083 ✅ 正常           
  exist_relation                0.011024     0.000493 ✅ 正常           
  mi_proj_layer0                0.021756     0.000069 ✅ 正常           
  dis_proj_layer0               0.021617     0.000070 ✅ 正常           
================================================================================

Epoch 450, Total Loss: 14.1779, Recover Loss: 0.8395, miRNA CL: 6.8757, Disease CL: 6.2141, Inter-view (est): 3.0207, Recon Loss: 0.0271, Time: 392.69s
[INFO] Hypergraph updated at epoch 500

🔧 Epoch 500 梯度检查:
================================================================================

  参数名称                              梯度范数         梯度均值 状态             
  ----------------------------------------------------------------------
  type_relations                0.106647     0.001942 ✅ 正常           
  exist_relation                0.019248     0.000693 ✅ 正常           
  mi_proj_layer0                0.020500     0.000064 ✅ 正常           
  dis_proj_layer0               0.022135     0.000069 ✅ 正常           
================================================================================

Epoch 500, Total Loss: 14.0999, Recover Loss: 0.8281, miRNA CL: 6.8294, Disease CL: 6.1959, Inter-view (est): 3.0058, Recon Loss: 0.0268, Time: 427.46s
[INFO] Hypergraph updated at epoch 550

🔧 Epoch 550 梯度检查:
================================================================================

  参数名称                              梯度范数         梯度均值 状态             
  ----------------------------------------------------------------------
  type_relations                0.122364     0.002311 ✅ 正常           
  exist_relation                0.013024     0.000547 ✅ 正常           
  mi_proj_layer0                0.020685     0.000065 ✅ 正常           
  dis_proj_layer0               0.024865     0.000077 ✅ 正常           
================================================================================

Epoch 550, Total Loss: 14.0507, Recover Loss: 0.8290, miRNA CL: 6.7897, Disease CL: 6.1864, Inter-view (est): 2.9945, Recon Loss: 0.0267, Time: 462.19s
[INFO] Hypergraph updated at epoch 600

🔧 Epoch 600 梯度检查:
================================================================================

  参数名称                              梯度范数         梯度均值 状态             
  ----------------------------------------------------------------------
  type_relations                0.107422     0.002050 ✅ 正常           
  exist_relation                0.014723     0.000589 ✅ 正常           
  mi_proj_layer0                0.018700     0.000059 ✅ 正常           
  dis_proj_layer0               0.021162     0.000069 ✅ 正常           
================================================================================

Epoch 600, Total Loss: 14.0013, Recover Loss: 0.8230, miRNA CL: 6.7568, Disease CL: 6.1771, Inter-view (est): 2.9847, Recon Loss: 0.0264, Time: 496.83s
[INFO] Hypergraph updated at epoch 650

🔧 Epoch 650 梯度检查:
================================================================================

  参数名称                              梯度范数         梯度均值 状态             
  ----------------------------------------------------------------------
  type_relations                0.115791     0.002149 ✅ 正常           
  exist_relation                0.014894     0.000593 ✅ 正常           
  mi_proj_layer0                0.023130     0.000067 ✅ 正常           
  dis_proj_layer0               0.024405     0.000072 ✅ 正常           
================================================================================

Epoch 650, Total Loss: 13.9759, Recover Loss: 0.8230, miRNA CL: 6.7398, Disease CL: 6.1692, Inter-view (est): 2.9790, Recon Loss: 0.0268, Time: 530.92s

================================================================================
Training completed. Running final test...
================================================================================
Fold 5 completed - AUC: 0.9710, Top-1 F1: 0.5558
Fold 5 training time: 531.73 seconds
Average binary metrics across folds: [[0.97302796 0.96706921 0.92919934 0.92664179 0.96253731 0.89074627
  0.8984862 ]]
🎯 Average Top-1 metrics across folds: {'top1_precision': 0.5373134328358209, 'top1_recall': np.float64(0.5968915147349939), 'top1_f1': np.float64(0.5654919925328903)}

📊 CV_type Style Metrics Details:
  AUC            : 0.9730
  AUPR           : 0.9671
  F1             : 0.9292
  Accuracy       : 0.9266
  Recall         : 0.9625
  Specificity    : 0.8907
  Precision      : 0.8985

🎯 Top-1 Metrics Details:
  top1_precision : 0.5373
  top1_recall    : 0.5969
  top1_f1        : 0.5655

Total execution time: 2585.54 seconds

==========================================================================================
🎯 FINAL COMPREHENSIVE RESULTS WITH TOP-1 METRICS
==========================================================================================
📊 Binary Classification Metrics (Original):
  AUC: 0.9730
  AUPR: 0.9671
  F1: 0.9292
  Accuracy: 0.9266
  Recall: 0.9625
  Specificity: 0.8907
  Precision: 0.8985

🎯 CV_type Style Metrics (Enhanced):
  AUC: 0.9730
  AUPR: 0.9671
  F1: 0.9292
  Accuracy: 0.9266
  Recall: 0.9625
  Specificity: 0.8907
  Precision: 0.8985

🏆 Top-1 Metrics (NEW):
  Top-1 Precision: 0.5373
  Top-1 Recall: 0.5969
  Top-1 F1: 0.5655
==========================================================================================

[3/4] seed=42 (DEFAULT config)
----------------------------------------------------------------
[CPU] torch.set_num_threads(14), interop=min(4, 14)
Using device: cpu
[INFO] Auto-computed BALANCED class weights (to prevent class collapse):
  Circulation  (367 samples): 0.780
  Epigenetics  (157 samples): 1.823
  Target       (293 samples): 0.977
  Genetics     (681 samples): 0.420
  [NOTE] Higher weights for minority classes to prevent model from only predicting majority class
[INFO] Using v2.0_495m383D dataset:
  miRNAs: 495
  Diseases: 383
  Expected associations: ~1498
  Types: 4 (Circulation, Epigenetics, Target, Genetics)

================================================================================
Configuration Summary
================================================================================
Dataset: v2.0_495m383D
Data Path: ./
Model: HeterogenousGraphCLAMIR
  - HGT Layers: 2
  - Attention Heads: 4
  - Association Types: 4
  - Inter-view CL: Enabled
    - Weight: 0.3
    - Temperature: 0.5
    - Margin: 0.5

Training:
  - Epochs: 650
  - Learning Rate: 0.0001
  - Dropout: 0.3
  - Weight Decay: 5e-05
  - Focal Loss: Enabled

Evaluation:
  - Cross-Validation Folds: 5
  - Primary Metric: AUPR

Device: cpu
Random Seed: 42
================================================================================

[SEED] Re-seeded với args.seed = 42
🚀 Running with comprehensive evaluation including Top-1 metrics...
🎯 Loading dual-view data...
Starting dual-view data preparation with new file format...
Loading all similarity and feature files from v2.0_495m383D...
✅ Loaded disease semantic similarity from D_SSM1.txt: (383, 383)
✅ Loaded miRNA functional similarity from M_FSM.txt: (495, 495)
✅ Loaded multi-type association pairs from ./v2.0_495m383D\multi_all_mirna_disease_pairs_without_negative.csv: (1679, 3)
✅ Created multi-type association matrix: (495, 383)
📊 Multi-type Association Statistics:
   无关联 (No association): 188087 pairs (99.21%)
   循环类型 (Circulation): 367 pairs (0.19%)
   表观遗传学 (Epigenetics): 157 pairs (0.08%)
   靶标类型 (Target): 293 pairs (0.15%)
   遗传学类型 (Genetics): 681 pairs (0.36%)
✅ Created association matrix from CSV: (495, 383)
✅ Loaded disease-gene features from D_SSM2.txt: torch.Size([383, 383])
✅ Loaded miRNA-sequence features from M_GSM.txt: torch.Size([495, 495])
Processing integrated similarity matrices...
Loaded similarity matrices from cache
Processing indices...
Computing indices (seed=42)...
Indices computed in 0.57 seconds
✅ Dual-view data preparation completed in 0.89 seconds

============================================================
🎯 DUAL-VIEW CONFIGURATION SUMMARY (v2.0_495m383D)
============================================================
miRNA Dual Views:
  📊 View 1 (Sequence): M_GSM.txt torch.Size([495, 495])
  📊 View 2 (Function): M_FSM.txt torch.Size([495, 495])

Disease Dual Views:
  📊 View 1 (Gene): D_SSM2.txt torch.Size([383, 383])
  📊 View 2 (Semantic): D_SSM1.txt torch.Size([383, 383])

Association Matrix: torch.Size([495, 383])
Data source: v2.0_495m383D (495 miRNAs × 383 Diseases)
============================================================
Preloading dual-view data to device...
✅ Loaded disease-gene features to device: torch.Size([383, 383])
✅ Loaded miRNA-sequence features to device: torch.Size([495, 495])
✅ Loaded disease semantic similarity to device: torch.Size([383, 383])
✅ Loaded miRNA functional similarity to device: torch.Size([495, 495])
✅ Dual-view data preloading completed in 0.00 seconds
OptimizedDataset initialized with 5 folds
Using device: cpu
=== Cross Validation Fold 1/5 ===
Using hidden dimensions: [256, 256] with 4 attention heads
优化模型初始化: miRNA数量 = 495, 疾病数量 = 383
   节点维度: 256 → 128
   类型数量: 4
   Temperature: 2.0 (可学习)
   Loss mode: two_head
   loss_mode=two_head
   exist_weight=0.300, type_weight=0.700

✅ SimplifiedMultiTypeAssociationLoss 初始化 (改进版)
   类别权重 (beta=0.99999): ['0.780', '1.822', '0.977', '0.421']
Original positive index shape: torch.Size([1072, 2])
Original negative index shape: torch.Size([135416, 2])
采样后负样本数量: 10720
🎯 Building TRUE DUAL VIEWS from four different sources...
📊 Data sources loaded:
  Disease semantic: torch.Size([383, 383])
  miRNA functional: torch.Size([495, 495])
  Disease-gene: torch.Size([383, 383])
  miRNA-sequence: torch.Size([495, 495])
🧬 Building miRNA dual-view hypergraphs...
  📊 miRNA View 1 (Sequence): torch.Size([495, 878])
  📊 miRNA View 2 (Function): torch.Size([495, 878])
🦠 Building disease dual-view hypergraphs...
  📊 Disease View 1 (Gene): torch.Size([383, 878])
  📊 Disease View 2 (Semantic): torch.Size([383, 878])
✅ Successfully built TRUE DUAL VIEWS:
   🧬 miRNA: Sequence Features (m_ss.xlsx) vs Functional Similarity (mi_fun_sim_2.0.csv)
   🦠 Disease: Gene Features (d_gs.xlsx) vs Semantic Similarity (dis_sem_sim_2.0.csv)

🔧 Epoch 1 梯度检查:
================================================================================

  参数名称                              梯度范数         梯度均值 状态             
  ----------------------------------------------------------------------
  type_relations                0.058190     0.001726 ✅ 正常           
  exist_relation                0.158440     0.008497 ✅ 正常           
  mi_proj_layer0                0.490832     0.001358 ✅ 正常           
  dis_proj_layer0               0.470556     0.001509 ✅ 正常           
================================================================================

Epoch 1, Total Loss: 20.4289, Recover Loss: 1.0724, miRNA CL: 9.0414, Disease CL: 8.4413, Inter-view (est): 4.0345, Recon Loss: 1.5759, Time: 0.73s
[INFO] Hypergraph updated at epoch 5
[INFO] Hypergraph updated at epoch 10
[INFO] Hypergraph updated at epoch 15
[INFO] Hypergraph updated at epoch 20
[INFO] Hypergraph updated at epoch 25
[INFO] Hypergraph updated at epoch 30
[INFO] Hypergraph updated at epoch 35
[INFO] Hypergraph updated at epoch 40
[INFO] Hypergraph updated at epoch 45
[INFO] Hypergraph updated at epoch 50

🔧 Epoch 50 梯度检查:
================================================================================

  参数名称                              梯度范数         梯度均值 状态             
  ----------------------------------------------------------------------
  type_relations                0.061837     0.001804 ✅ 正常           
  exist_relation                0.012565     0.000795 ✅ 正常           
  mi_proj_layer0                0.021005     0.000073 ✅ 正常           
  dis_proj_layer0               0.022928     0.000082 ✅ 正常           
================================================================================

Epoch 50, Total Loss: 17.2467, Recover Loss: 1.0099, miRNA CL: 8.0149, Disease CL: 7.7755, Inter-view (est): 3.6440, Recon Loss: 0.1640, Time: 103.02s
[INFO] Hypergraph updated at epoch 100

🔧 Epoch 100 梯度检查:
================================================================================

  参数名称                              梯度范数         梯度均值 状态             
  ----------------------------------------------------------------------
  type_relations                0.117699     0.002458 ✅ 正常           
  exist_relation                0.015494     0.000663 ✅ 正常           
  mi_proj_layer0                0.021642     0.000073 ✅ 正常           
  dis_proj_layer0               0.024400     0.000077 ✅ 正常           
================================================================================

Epoch 100, Total Loss: 16.0486, Recover Loss: 0.9922, miRNA CL: 7.7469, Disease CL: 7.0163, Inter-view (est): 3.4069, Recon Loss: 0.0312, Time: 140.35s
[INFO] Hypergraph updated at epoch 150

🔧 Epoch 150 梯度检查:
================================================================================

  参数名称                              梯度范数         梯度均值 状态             
  ----------------------------------------------------------------------
  type_relations                0.187673     0.003208 ✅ 正常           
  exist_relation                0.017557     0.000615 ✅ 正常           
  mi_proj_layer0                0.026514     0.000082 ✅ 正常           
  dis_proj_layer0               0.026309     0.000078 ✅ 正常           
================================================================================

Epoch 150, Total Loss: 15.4312, Recover Loss: 0.9543, miRNA CL: 7.5549, Disease CL: 6.6459, Inter-view (est): 3.2771, Recon Loss: 0.0290, Time: 174.85s
[INFO] Hypergraph updated at epoch 200

🔧 Epoch 200 梯度检查:
================================================================================

  参数名称                              梯度范数         梯度均值 状态             
  ----------------------------------------------------------------------
  type_relations                0.150517     0.002503 ✅ 正常           
  exist_relation                0.025508     0.000874 ✅ 正常           
  mi_proj_layer0                0.025148     0.000079 ✅ 正常           
  dis_proj_layer0               0.022561     0.000073 ✅ 正常           
================================================================================

Epoch 200, Total Loss: 14.9523, Recover Loss: 0.9173, miRNA CL: 7.2880, Disease CL: 6.4809, Inter-view (est): 3.1774, Recon Loss: 0.0290, Time: 209.58s
[INFO] Hypergraph updated at epoch 250

🔧 Epoch 250 梯度检查:
================================================================================

  参数名称                              梯度范数         梯度均值 状态             
  ----------------------------------------------------------------------
  type_relations                0.161794     0.002592 ✅ 正常           
  exist_relation                0.022547     0.000812 ✅ 正常           
  mi_proj_layer0                0.023914     0.000074 ✅ 正常           
  dis_proj_layer0               0.023318     0.000070 ✅ 正常           
================================================================================

Epoch 250, Total Loss: 14.6720, Recover Loss: 0.8853, miRNA CL: 7.1316, Disease CL: 6.3959, Inter-view (est): 3.1217, Recon Loss: 0.0281, Time: 243.82s
[INFO] Hypergraph updated at epoch 300

🔧 Epoch 300 梯度检查:
================================================================================

  参数名称                              梯度范数         梯度均值 状态             
  ----------------------------------------------------------------------
  type_relations                0.136698     0.002303 ✅ 正常           
  exist_relation                0.017146     0.000580 ✅ 正常           
  mi_proj_layer0                0.023105     0.000069 ✅ 正常           
  dis_proj_layer0               0.023852     0.000070 ✅ 正常           
================================================================================

Epoch 300, Total Loss: 14.4702, Recover Loss: 0.8640, miRNA CL: 7.0295, Disease CL: 6.3232, Inter-view (est): 3.0814, Recon Loss: 0.0277, Time: 277.43s
[INFO] Hypergraph updated at epoch 350

🔧 Epoch 350 梯度检查:
================================================================================

  参数名称                              梯度范数         梯度均值 状态             
  ----------------------------------------------------------------------
  type_relations                0.124311     0.002104 ✅ 正常           
  exist_relation                0.022004     0.000852 ✅ 正常           
  mi_proj_layer0                0.019611     0.000062 ✅ 正常           
  dis_proj_layer0               0.018960     0.000058 ✅ 正常           
================================================================================

Epoch 350, Total Loss: 14.3444, Recover Loss: 0.8440, miRNA CL: 6.9682, Disease CL: 6.2822, Inter-view (est): 3.0578, Recon Loss: 0.0273, Time: 312.42s
[INFO] Hypergraph updated at epoch 400

🔧 Epoch 400 梯度检查:
================================================================================

  参数名称                              梯度范数         梯度均值 状态             
  ----------------------------------------------------------------------
  type_relations                0.136153     0.002331 ✅ 正常           
  exist_relation                0.016399     0.000575 ✅ 正常           
  mi_proj_layer0                0.021774     0.000066 ✅ 正常           
  dis_proj_layer0               0.022290     0.000068 ✅ 正常           
================================================================================

Epoch 400, Total Loss: 14.2351, Recover Loss: 0.8309, miRNA CL: 6.9056, Disease CL: 6.2519, Inter-view (est): 3.0364, Recon Loss: 0.0268, Time: 346.86s
[INFO] Hypergraph updated at epoch 450

🔧 Epoch 450 梯度检查:
================================================================================

  参数名称                              梯度范数         梯度均值 状态             
  ----------------------------------------------------------------------
  type_relations                0.147475     0.002427 ✅ 正常           
  exist_relation                0.022344     0.000764 ✅ 正常           
  mi_proj_layer0                0.025398     0.000073 ✅ 正常           
  dis_proj_layer0               0.028324     0.000077 ✅ 正常           
================================================================================

Epoch 450, Total Loss: 14.1644, Recover Loss: 0.8333, miRNA CL: 6.8520, Disease CL: 6.2344, Inter-view (est): 3.0200, Recon Loss: 0.0264, Time: 381.24s
[INFO] Hypergraph updated at epoch 500

🔧 Epoch 500 梯度检查:
================================================================================

  参数名称                              梯度范数         梯度均值 状态             
  ----------------------------------------------------------------------
  type_relations                0.123909     0.002097 ✅ 正常           
  exist_relation                0.026949     0.000971 ✅ 正常           
  mi_proj_layer0                0.023106     0.000067 ✅ 正常           
  dis_proj_layer0               0.022130     0.000068 ✅ 正常           
================================================================================

Epoch 500, Total Loss: 14.0897, Recover Loss: 0.8159, miRNA CL: 6.8080, Disease CL: 6.2228, Inter-view (est): 3.0071, Recon Loss: 0.0259, Time: 415.39s
[INFO] Hypergraph updated at epoch 550

🔧 Epoch 550 梯度检查:
================================================================================

  参数名称                              梯度范数         梯度均值 状态             
  ----------------------------------------------------------------------
  type_relations                0.126074     0.002105 ✅ 正常           
  exist_relation                0.022027     0.000752 ✅ 正常           
  mi_proj_layer0                0.025079     0.000069 ✅ 正常           
  dis_proj_layer0               0.026073     0.000074 ✅ 正常           
================================================================================

Epoch 550, Total Loss: 14.0527, Recover Loss: 0.8145, miRNA CL: 6.7829, Disease CL: 6.2132, Inter-view (est): 2.9991, Recon Loss: 0.0260, Time: 450.06s
[INFO] Hypergraph updated at epoch 600

🔧 Epoch 600 梯度检查:
================================================================================

  参数名称                              梯度范数         梯度均值 状态             
  ----------------------------------------------------------------------
  type_relations                0.115335     0.001941 ✅ 正常           
  exist_relation                0.021279     0.000776 ✅ 正常           
  mi_proj_layer0                0.022227     0.000064 ✅ 正常           
  dis_proj_layer0               0.022998     0.000068 ✅ 正常           
================================================================================

Epoch 600, Total Loss: 14.0097, Recover Loss: 0.8063, miRNA CL: 6.7562, Disease CL: 6.2060, Inter-view (est): 2.9913, Recon Loss: 0.0258, Time: 484.33s
[INFO] Hypergraph updated at epoch 650

🔧 Epoch 650 梯度检查:
================================================================================

  参数名称                              梯度范数         梯度均值 状态             
  ----------------------------------------------------------------------
  type_relations                0.125246     0.002049 ✅ 正常           
  exist_relation                0.021369     0.000754 ✅ 正常           
  mi_proj_layer0                0.025888     0.000071 ✅ 正常           
  dis_proj_layer0               0.027948     0.000079 ✅ 正常           
================================================================================

Epoch 650, Total Loss: 13.9855, Recover Loss: 0.8080, miRNA CL: 6.7375, Disease CL: 6.1996, Inter-view (est): 2.9855, Recon Loss: 0.0257, Time: 518.18s

================================================================================
Training completed. Running final test...
================================================================================
Fold 1 completed - AUC: 0.9751, Top-1 F1: 0.5704
Fold 1 training time: 519.27 seconds
=== Cross Validation Fold 2/5 ===
Using hidden dimensions: [256, 256] with 4 attention heads
优化模型初始化: miRNA数量 = 495, 疾病数量 = 383
   节点维度: 256 → 128
   类型数量: 4
   Temperature: 2.0 (可学习)
   Loss mode: two_head
   loss_mode=two_head
   exist_weight=0.300, type_weight=0.700

✅ SimplifiedMultiTypeAssociationLoss 初始化 (改进版)
   类别权重 (beta=0.99999): ['0.780', '1.822', '0.977', '0.421']
Original positive index shape: torch.Size([1072, 2])
Original negative index shape: torch.Size([135416, 2])
采样后负样本数量: 10720
🎯 Building TRUE DUAL VIEWS from four different sources...
📊 Data sources loaded:
  Disease semantic: torch.Size([383, 383])
  miRNA functional: torch.Size([495, 495])
  Disease-gene: torch.Size([383, 383])
  miRNA-sequence: torch.Size([495, 495])
🧬 Building miRNA dual-view hypergraphs...
  📊 miRNA View 1 (Sequence): torch.Size([495, 878])
  📊 miRNA View 2 (Function): torch.Size([495, 878])
🦠 Building disease dual-view hypergraphs...
  📊 Disease View 1 (Gene): torch.Size([383, 878])
  📊 Disease View 2 (Semantic): torch.Size([383, 878])
✅ Successfully built TRUE DUAL VIEWS:
   🧬 miRNA: Sequence Features (m_ss.xlsx) vs Functional Similarity (mi_fun_sim_2.0.csv)
   🦠 Disease: Gene Features (d_gs.xlsx) vs Semantic Similarity (dis_sem_sim_2.0.csv)

🔧 Epoch 1 梯度检查:
================================================================================

  参数名称                              梯度范数         梯度均值 状态             
  ----------------------------------------------------------------------
  type_relations                0.052855     0.001634 ✅ 正常           
  exist_relation                0.269023     0.016065 ✅ 正常           
  mi_proj_layer0                0.912332     0.002659 ✅ 正常           
  dis_proj_layer0               0.920406     0.002989 ✅ 正常           
================================================================================

Epoch 1, Total Loss: 20.2214, Recover Loss: 1.0933, miRNA CL: 8.8925, Disease CL: 8.4216, Inter-view (est): 3.9956, Recon Loss: 1.5157, Time: 0.66s
[INFO] Hypergraph updated at epoch 5
[INFO] Hypergraph updated at epoch 10
[INFO] Hypergraph updated at epoch 15
[INFO] Hypergraph updated at epoch 20
[INFO] Hypergraph updated at epoch 25
[INFO] Hypergraph updated at epoch 30
[INFO] Hypergraph updated at epoch 35
[INFO] Hypergraph updated at epoch 40
[INFO] Hypergraph updated at epoch 45
[INFO] Hypergraph updated at epoch 50

🔧 Epoch 50 梯度检查:
================================================================================

  参数名称                              梯度范数         梯度均值 状态             
  ----------------------------------------------------------------------
  type_relations                0.069061     0.001857 ✅ 正常           
  exist_relation                0.016140     0.000873 ✅ 正常           
  mi_proj_layer0                0.021352     0.000078 ✅ 正常           
  dis_proj_layer0               0.022287     0.000080 ✅ 正常           
================================================================================

Epoch 50, Total Loss: 17.1221, Recover Loss: 1.0067, miRNA CL: 8.0079, Disease CL: 7.6453, Inter-view (est): 3.6123, Recon Loss: 0.1796, Time: 99.28s
[INFO] Hypergraph updated at epoch 100

🔧 Epoch 100 梯度检查:
================================================================================

  参数名称                              梯度范数         梯度均值 状态             
  ----------------------------------------------------------------------
  type_relations                0.095491     0.002037 ✅ 正常           
  exist_relation                0.019271     0.000717 ✅ 正常           
  mi_proj_layer0                0.020316     0.000067 ✅ 正常           
  dis_proj_layer0               0.018472     0.000065 ✅ 正常           
================================================================================

Epoch 100, Total Loss: 16.0686, Recover Loss: 0.9919, miRNA CL: 7.7488, Disease CL: 7.0335, Inter-view (est): 3.4113, Recon Loss: 0.0315, Time: 138.06s
[INFO] Hypergraph updated at epoch 150

🔧 Epoch 150 梯度检查:
================================================================================

  参数名称                              梯度范数         梯度均值 状态             
  ----------------------------------------------------------------------
  type_relations                0.190840     0.003232 ✅ 正常           
  exist_relation                0.029101     0.000948 ✅ 正常           
  mi_proj_layer0                0.026073     0.000086 ✅ 正常           
  dis_proj_layer0               0.024841     0.000080 ✅ 正常           
================================================================================

Epoch 150, Total Loss: 15.4331, Recover Loss: 0.9637, miRNA CL: 7.5614, Disease CL: 6.6288, Inter-view (est): 3.2747, Recon Loss: 0.0311, Time: 172.28s
[INFO] Hypergraph updated at epoch 200

🔧 Epoch 200 梯度检查:
================================================================================

  参数名称                              梯度范数         梯度均值 状态             
  ----------------------------------------------------------------------
  type_relations                0.171412     0.002957 ✅ 正常           
  exist_relation                0.019939     0.000606 ✅ 正常           
  mi_proj_layer0                0.032890     0.000094 ✅ 正常           
  dis_proj_layer0               0.025150     0.000076 ✅ 正常           
================================================================================

Epoch 200, Total Loss: 15.0048, Recover Loss: 0.9329, miRNA CL: 7.3232, Disease CL: 6.4794, Inter-view (est): 3.1852, Recon Loss: 0.0295, Time: 207.30s
[INFO] Hypergraph updated at epoch 250

🔧 Epoch 250 梯度检查:
================================================================================

  参数名称                              梯度范数         梯度均值 状态             
  ----------------------------------------------------------------------
  type_relations                0.168388     0.002678 ✅ 正常           
  exist_relation                0.021951     0.000727 ✅ 正常           
  mi_proj_layer0                0.024138     0.000074 ✅ 正常           
  dis_proj_layer0               0.019801     0.000063 ✅ 正常           
================================================================================

Epoch 250, Total Loss: 14.7327, Recover Loss: 0.9030, miRNA CL: 7.1618, Disease CL: 6.4049, Inter-view (est): 3.1308, Recon Loss: 0.0288, Time: 242.36s
[INFO] Hypergraph updated at epoch 300

🔧 Epoch 300 梯度检查:
================================================================================

  参数名称                              梯度范数         梯度均值 状态             
  ----------------------------------------------------------------------
  type_relations                0.145825     0.002382 ✅ 正常           
  exist_relation                0.022763     0.000753 ✅ 正常           
  mi_proj_layer0                0.025172     0.000073 ✅ 正常           
  dis_proj_layer0               0.020084     0.000062 ✅ 正常           
================================================================================

Epoch 300, Total Loss: 14.5433, Recover Loss: 0.8797, miRNA CL: 7.0650, Disease CL: 6.3408, Inter-view (est): 3.0936, Recon Loss: 0.0280, Time: 277.09s
[INFO] Hypergraph updated at epoch 350

🔧 Epoch 350 梯度检查:
================================================================================

  参数名称                              梯度范数         梯度均值 状态             
  ----------------------------------------------------------------------
  type_relations                0.135013     0.002153 ✅ 正常           
  exist_relation                0.018955     0.000681 ✅ 正常           
  mi_proj_layer0                0.021876     0.000065 ✅ 正常           
  dis_proj_layer0               0.020345     0.000061 ✅ 正常           
================================================================================

Epoch 350, Total Loss: 14.3978, Recover Loss: 0.8669, miRNA CL: 6.9898, Disease CL: 6.2882, Inter-view (est): 3.0642, Recon Loss: 0.0268, Time: 312.07s
[INFO] Hypergraph updated at epoch 400

🔧 Epoch 400 梯度检查:
================================================================================

  参数名称                              梯度范数         梯度均值 状态             
  ----------------------------------------------------------------------
  type_relations                0.105830     0.001690 ✅ 正常           
  exist_relation                0.022671     0.000755 ✅ 正常           
  mi_proj_layer0                0.023282     0.000066 ✅ 正常           
  dis_proj_layer0               0.021243     0.000063 ✅ 正常           
================================================================================

Epoch 400, Total Loss: 14.2792, Recover Loss: 0.8583, miRNA CL: 6.9220, Disease CL: 6.2495, Inter-view (est): 3.0396, Recon Loss: 0.0266, Time: 346.43s
[INFO] Hypergraph updated at epoch 450

🔧 Epoch 450 梯度检查:
================================================================================

  参数名称                              梯度范数         梯度均值 状态             
  ----------------------------------------------------------------------
  type_relations                0.125759     0.002016 ✅ 正常           
  exist_relation                0.019726     0.000693 ✅ 正常           
  mi_proj_layer0                0.019132     0.000058 ✅ 正常           
  dis_proj_layer0               0.019571     0.000061 ✅ 正常           
================================================================================

Epoch 450, Total Loss: 14.1883, Recover Loss: 0.8443, miRNA CL: 6.8649, Disease CL: 6.2307, Inter-view (est): 3.0221, Recon Loss: 0.0271, Time: 380.37s
[INFO] Hypergraph updated at epoch 500

🔧 Epoch 500 梯度检查:
================================================================================

  参数名称                              梯度范数         梯度均值 状态             
  ----------------------------------------------------------------------
  type_relations                0.108727     0.001925 ✅ 正常           
  exist_relation                0.015485     0.000558 ✅ 正常           
  mi_proj_layer0                0.020560     0.000063 ✅ 正常           
  dis_proj_layer0               0.019990     0.000061 ✅ 正常           
================================================================================

Epoch 500, Total Loss: 14.1254, Recover Loss: 0.8426, miRNA CL: 6.8195, Disease CL: 6.2169, Inter-view (est): 3.0084, Recon Loss: 0.0265, Time: 414.79s
[INFO] Hypergraph updated at epoch 550

🔧 Epoch 550 梯度检查:
================================================================================

  参数名称                              梯度范数         梯度均值 状态             
  ----------------------------------------------------------------------
  type_relations                0.106936     0.001803 ✅ 正常           
  exist_relation                0.017046     0.000610 ✅ 正常           
  mi_proj_layer0                0.020255     0.000061 ✅ 正常           
  dis_proj_layer0               0.020872     0.000063 ✅ 正常           
================================================================================

Epoch 550, Total Loss: 14.0722, Recover Loss: 0.8363, miRNA CL: 6.7850, Disease CL: 6.2057, Inter-view (est): 2.9979, Recon Loss: 0.0263, Time: 449.64s
[INFO] Hypergraph updated at epoch 600

🔧 Epoch 600 梯度检查:
================================================================================

  参数名称                              梯度范数         梯度均值 状态             
  ----------------------------------------------------------------------
  type_relations                0.115688     0.002041 ✅ 正常           
  exist_relation                0.015308     0.000525 ✅ 正常           
  mi_proj_layer0                0.019368     0.000061 ✅ 正常           
  dis_proj_layer0               0.020105     0.000064 ✅ 正常           
================================================================================

Epoch 600, Total Loss: 14.0340, Recover Loss: 0.8355, miRNA CL: 6.7577, Disease CL: 6.1964, Inter-view (est): 2.9894, Recon Loss: 0.0263, Time: 484.28s
[INFO] Hypergraph updated at epoch 650

🔧 Epoch 650 梯度检查:
================================================================================

  参数名称                              梯度范数         梯度均值 状态             
  ----------------------------------------------------------------------
  type_relations                0.100948     0.001793 ✅ 正常           
  exist_relation                0.016523     0.000636 ✅ 正常           
  mi_proj_layer0                0.018415     0.000056 ✅ 正常           
  dis_proj_layer0               0.018064     0.000057 ✅ 正常           
================================================================================

Epoch 650, Total Loss: 13.9887, Recover Loss: 0.8228, miRNA CL: 6.7340, Disease CL: 6.1879, Inter-view (est): 2.9820, Recon Loss: 0.0268, Time: 518.42s

================================================================================
Training completed. Running final test...
================================================================================
Fold 2 completed - AUC: 0.9750, Top-1 F1: 0.5040
Fold 2 training time: 519.18 seconds
=== Cross Validation Fold 3/5 ===
Using hidden dimensions: [256, 256] with 4 attention heads
优化模型初始化: miRNA数量 = 495, 疾病数量 = 383
   节点维度: 256 → 128
   类型数量: 4
   Temperature: 2.0 (可学习)
   Loss mode: two_head
   loss_mode=two_head
   exist_weight=0.300, type_weight=0.700

✅ SimplifiedMultiTypeAssociationLoss 初始化 (改进版)
   类别权重 (beta=0.99999): ['0.780', '1.822', '0.977', '0.421']
Original positive index shape: torch.Size([1072, 2])
Original negative index shape: torch.Size([135416, 2])
采样后负样本数量: 10720
🎯 Building TRUE DUAL VIEWS from four different sources...
📊 Data sources loaded:
  Disease semantic: torch.Size([383, 383])
  miRNA functional: torch.Size([495, 495])
  Disease-gene: torch.Size([383, 383])
  miRNA-sequence: torch.Size([495, 495])
🧬 Building miRNA dual-view hypergraphs...
  📊 miRNA View 1 (Sequence): torch.Size([495, 878])
  📊 miRNA View 2 (Function): torch.Size([495, 878])
🦠 Building disease dual-view hypergraphs...
  📊 Disease View 1 (Gene): torch.Size([383, 878])
  📊 Disease View 2 (Semantic): torch.Size([383, 878])
✅ Successfully built TRUE DUAL VIEWS:
   🧬 miRNA: Sequence Features (m_ss.xlsx) vs Functional Similarity (mi_fun_sim_2.0.csv)
   🦠 Disease: Gene Features (d_gs.xlsx) vs Semantic Similarity (dis_sem_sim_2.0.csv)

🔧 Epoch 1 梯度检查:
================================================================================

  参数名称                              梯度范数         梯度均值 状态             
  ----------------------------------------------------------------------
  type_relations                0.055201     0.001713 ✅ 正常           
  exist_relation                0.309767     0.018631 ✅ 正常           
  mi_proj_layer0                1.039299     0.003321 ✅ 正常           
  dis_proj_layer0               1.132642     0.003346 ✅ 正常           
================================================================================

Epoch 1, Total Loss: 20.2861, Recover Loss: 1.1091, miRNA CL: 8.8753, Disease CL: 8.4392, Inter-view (est): 3.9957, Recon Loss: 1.5644, Time: 0.70s
[INFO] Hypergraph updated at epoch 5
[INFO] Hypergraph updated at epoch 10
[INFO] Hypergraph updated at epoch 15
[INFO] Hypergraph updated at epoch 20
[INFO] Hypergraph updated at epoch 25
[INFO] Hypergraph updated at epoch 30
[INFO] Hypergraph updated at epoch 35
[INFO] Hypergraph updated at epoch 40
[INFO] Hypergraph updated at epoch 45
[INFO] Hypergraph updated at epoch 50

🔧 Epoch 50 梯度检查:
================================================================================

  参数名称                              梯度范数         梯度均值 状态             
  ----------------------------------------------------------------------
  type_relations                0.056990     0.001710 ✅ 正常           
  exist_relation                0.011449     0.000771 ✅ 正常           
  mi_proj_layer0                0.021878     0.000080 ✅ 正常           
  dis_proj_layer0               0.024437     0.000084 ✅ 正常           
================================================================================

Epoch 50, Total Loss: 17.1811, Recover Loss: 1.0106, miRNA CL: 8.0137, Disease CL: 7.7094, Inter-view (est): 3.6284, Recon Loss: 0.1646, Time: 100.96s
[INFO] Hypergraph updated at epoch 100

🔧 Epoch 100 梯度检查:
================================================================================

  参数名称                              梯度范数         梯度均值 状态             
  ----------------------------------------------------------------------
  type_relations                0.117101     0.002482 ✅ 正常           
  exist_relation                0.018536     0.000819 ✅ 正常           
  mi_proj_layer0                0.018989     0.000067 ✅ 正常           
  dis_proj_layer0               0.025594     0.000082 ✅ 正常           
================================================================================

Epoch 100, Total Loss: 16.0286, Recover Loss: 0.9938, miRNA CL: 7.7580, Disease CL: 6.9821, Inter-view (est): 3.4016, Recon Loss: 0.0310, Time: 139.10s
[INFO] Hypergraph updated at epoch 150

🔧 Epoch 150 梯度检查:
================================================================================

  参数名称                              梯度范数         梯度均值 状态             
  ----------------------------------------------------------------------
  type_relations                0.169796     0.002671 ✅ 正常           
  exist_relation                0.014465     0.000625 ✅ 正常           
  mi_proj_layer0                0.022053     0.000076 ✅ 正常           
  dis_proj_layer0               0.026651     0.000089 ✅ 正常           
================================================================================

Epoch 150, Total Loss: 15.4745, Recover Loss: 0.9613, miRNA CL: 7.5804, Disease CL: 6.6539, Inter-view (est): 3.2848, Recon Loss: 0.0298, Time: 174.04s
[INFO] Hypergraph updated at epoch 200

🔧 Epoch 200 梯度检查:
================================================================================

  参数名称                              梯度范数         梯度均值 状态             
  ----------------------------------------------------------------------
  type_relations                0.199953     0.003238 ✅ 正常           
  exist_relation                0.026506     0.000970 ✅ 正常           
  mi_proj_layer0                0.022731     0.000077 ✅ 正常           
  dis_proj_layer0               0.024877     0.000080 ✅ 正常           
================================================================================

Epoch 200, Total Loss: 14.9094, Recover Loss: 0.9219, miRNA CL: 7.2733, Disease CL: 6.4450, Inter-view (est): 3.1658, Recon Loss: 0.0294, Time: 208.55s
[INFO] Hypergraph updated at epoch 250

🔧 Epoch 250 梯度检查:
================================================================================

  参数名称                              梯度范数         梯度均值 状态             
  ----------------------------------------------------------------------
  type_relations                0.131621     0.002343 ✅ 正常           
  exist_relation                0.032117     0.001098 ✅ 正常           
  mi_proj_layer0                0.026580     0.000078 ✅ 正常           
  dis_proj_layer0               0.022234     0.000071 ✅ 正常           
================================================================================

Epoch 250, Total Loss: 14.6276, Recover Loss: 0.9015, miRNA CL: 7.1169, Disease CL: 6.3466, Inter-view (est): 3.1070, Recon Loss: 0.0285, Time: 243.27s
[INFO] Hypergraph updated at epoch 300

🔧 Epoch 300 梯度检查:
================================================================================

  参数名称                              梯度范数         梯度均值 状态             
  ----------------------------------------------------------------------
  type_relations                0.129793     0.002106 ✅ 正常           
  exist_relation                0.020604     0.000692 ✅ 正常           
  mi_proj_layer0                0.023524     0.000068 ✅ 正常           
  dis_proj_layer0               0.021536     0.000068 ✅ 正常           
================================================================================

Epoch 300, Total Loss: 14.4872, Recover Loss: 0.8813, miRNA CL: 7.0413, Disease CL: 6.3057, Inter-view (est): 3.0801, Recon Loss: 0.0280, Time: 277.61s
[INFO] Hypergraph updated at epoch 350

🔧 Epoch 350 梯度检查:
================================================================================

  参数名称                              梯度范数         梯度均值 状态             
  ----------------------------------------------------------------------
  type_relations                0.122460     0.002044 ✅ 正常           
  exist_relation                0.019677     0.000747 ✅ 正常           
  mi_proj_layer0                0.019515     0.000059 ✅ 正常           
  dis_proj_layer0               0.019559     0.000062 ✅ 正常           
================================================================================

Epoch 350, Total Loss: 14.3788, Recover Loss: 0.8725, miRNA CL: 6.9799, Disease CL: 6.2711, Inter-view (est): 3.0579, Recon Loss: 0.0275, Time: 312.35s
[INFO] Hypergraph updated at epoch 400

🔧 Epoch 400 梯度检查:
================================================================================

  参数名称                              梯度范数         梯度均值 状态             
  ----------------------------------------------------------------------
  type_relations                0.121021     0.002121 ✅ 正常           
  exist_relation                0.020813     0.000709 ✅ 正常           
  mi_proj_layer0                0.021661     0.000065 ✅ 正常           
  dis_proj_layer0               0.024260     0.000072 ✅ 正常           
================================================================================

Epoch 400, Total Loss: 14.2642, Recover Loss: 0.8626, miRNA CL: 6.9088, Disease CL: 6.2410, Inter-view (est): 3.0346, Recon Loss: 0.0272, Time: 347.21s
[INFO] Hypergraph updated at epoch 450

🔧 Epoch 450 梯度检查:
================================================================================

  参数名称                              梯度范数         梯度均值 状态             
  ----------------------------------------------------------------------
  type_relations                0.097956     0.001721 ✅ 正常           
  exist_relation                0.018310     0.000626 ✅ 正常           
  mi_proj_layer0                0.021282     0.000062 ✅ 正常           
  dis_proj_layer0               0.021815     0.000068 ✅ 正常           
================================================================================

Epoch 450, Total Loss: 14.1904, Recover Loss: 0.8562, miRNA CL: 6.8636, Disease CL: 6.2212, Inter-view (est): 3.0196, Recon Loss: 0.0268, Time: 381.36s
[INFO] Hypergraph updated at epoch 500

🔧 Epoch 500 梯度检查:
================================================================================

  参数名称                              梯度范数         梯度均值 状态             
  ----------------------------------------------------------------------
  type_relations                0.113602     0.002019 ✅ 正常           
  exist_relation                0.021023     0.000735 ✅ 正常           
  mi_proj_layer0                0.019357     0.000060 ✅ 正常           
  dis_proj_layer0               0.022437     0.000068 ✅ 正常           
================================================================================

Epoch 500, Total Loss: 14.1100, Recover Loss: 0.8534, miRNA CL: 6.7960, Disease CL: 6.2123, Inter-view (est): 3.0019, Recon Loss: 0.0266, Time: 415.75s
[INFO] Hypergraph updated at epoch 550

🔧 Epoch 550 梯度检查:
================================================================================

  参数名称                              梯度范数         梯度均值 状态             
  ----------------------------------------------------------------------
  type_relations                0.124011     0.002149 ✅ 正常           
  exist_relation                0.019465     0.000682 ✅ 正常           
  mi_proj_layer0                0.020795     0.000061 ✅ 正常           
  dis_proj_layer0               0.023163     0.000071 ✅ 正常           
================================================================================

Epoch 550, Total Loss: 14.0680, Recover Loss: 0.8474, miRNA CL: 6.7686, Disease CL: 6.2050, Inter-view (est): 2.9939, Recon Loss: 0.0262, Time: 450.62s
[INFO] Hypergraph updated at epoch 600

🔧 Epoch 600 梯度检查:
================================================================================

  参数名称                              梯度范数         梯度均值 状态             
  ----------------------------------------------------------------------
  type_relations                0.111783     0.001977 ✅ 正常           
  exist_relation                0.018010     0.000635 ✅ 正常           
  mi_proj_layer0                0.024620     0.000066 ✅ 正常           
  dis_proj_layer0               0.025806     0.000074 ✅ 正常           
================================================================================

Epoch 600, Total Loss: 14.0298, Recover Loss: 0.8375, miRNA CL: 6.7471, Disease CL: 6.1981, Inter-view (est): 2.9874, Recon Loss: 0.0270, Time: 485.85s
[INFO] Hypergraph updated at epoch 650

🔧 Epoch 650 梯度检查:
================================================================================

  参数名称                              梯度范数         梯度均值 状态             
  ----------------------------------------------------------------------
  type_relations                0.105458     0.001865 ✅ 正常           
  exist_relation                0.026797     0.000877 ✅ 正常           
  mi_proj_layer0                0.018592     0.000058 ✅ 正常           
  dis_proj_layer0               0.025838     0.000074 ✅ 正常           
================================================================================

Epoch 650, Total Loss: 14.0028, Recover Loss: 0.8371, miRNA CL: 6.7285, Disease CL: 6.1911, Inter-view (est): 2.9815, Recon Loss: 0.0267, Time: 519.98s

================================================================================
Training completed. Running final test...
================================================================================
Fold 3 completed - AUC: 0.9707, Top-1 F1: 0.5543
Fold 3 training time: 520.78 seconds
=== Cross Validation Fold 4/5 ===
Using hidden dimensions: [256, 256] with 4 attention heads
优化模型初始化: miRNA数量 = 495, 疾病数量 = 383
   节点维度: 256 → 128
   类型数量: 4
   Temperature: 2.0 (可学习)
   Loss mode: two_head
   loss_mode=two_head
   exist_weight=0.300, type_weight=0.700

✅ SimplifiedMultiTypeAssociationLoss 初始化 (改进版)
   类别权重 (beta=0.99999): ['0.780', '1.822', '0.977', '0.421']
Original positive index shape: torch.Size([1072, 2])
Original negative index shape: torch.Size([135416, 2])
采样后负样本数量: 10720
🎯 Building TRUE DUAL VIEWS from four different sources...
📊 Data sources loaded:
  Disease semantic: torch.Size([383, 383])
  miRNA functional: torch.Size([495, 495])
  Disease-gene: torch.Size([383, 383])
  miRNA-sequence: torch.Size([495, 495])
🧬 Building miRNA dual-view hypergraphs...
  📊 miRNA View 1 (Sequence): torch.Size([495, 878])
  📊 miRNA View 2 (Function): torch.Size([495, 878])
🦠 Building disease dual-view hypergraphs...
  📊 Disease View 1 (Gene): torch.Size([383, 878])
  📊 Disease View 2 (Semantic): torch.Size([383, 878])
✅ Successfully built TRUE DUAL VIEWS:
   🧬 miRNA: Sequence Features (m_ss.xlsx) vs Functional Similarity (mi_fun_sim_2.0.csv)
   🦠 Disease: Gene Features (d_gs.xlsx) vs Semantic Similarity (dis_sem_sim_2.0.csv)

🔧 Epoch 1 梯度检查:
================================================================================

  参数名称                              梯度范数         梯度均值 状态             
  ----------------------------------------------------------------------
  type_relations                0.072159     0.001888 ✅ 正常           
  exist_relation                0.252711     0.013338 ✅ 正常           
  mi_proj_layer0                0.875712     0.002741 ✅ 正常           
  dis_proj_layer0               1.019244     0.002275 ✅ 正常           
================================================================================

Epoch 1, Total Loss: 20.2367, Recover Loss: 1.0903, miRNA CL: 8.8698, Disease CL: 8.4363, Inter-view (est): 3.9937, Recon Loss: 1.5422, Time: 0.79s
[INFO] Hypergraph updated at epoch 5
[INFO] Hypergraph updated at epoch 10
[INFO] Hypergraph updated at epoch 15
[INFO] Hypergraph updated at epoch 20
[INFO] Hypergraph updated at epoch 25
[INFO] Hypergraph updated at epoch 30
[INFO] Hypergraph updated at epoch 35
[INFO] Hypergraph updated at epoch 40
[INFO] Hypergraph updated at epoch 45
[INFO] Hypergraph updated at epoch 50

🔧 Epoch 50 梯度检查:
================================================================================

  参数名称                              梯度范数         梯度均值 状态             
  ----------------------------------------------------------------------
  type_relations                0.070508     0.001752 ✅ 正常           
  exist_relation                0.016089     0.000956 ✅ 正常           
  mi_proj_layer0                0.025494     0.000089 ✅ 正常           
  dis_proj_layer0               0.028558     0.000097 ✅ 正常           
================================================================================

Epoch 50, Total Loss: 17.1680, Recover Loss: 1.0118, miRNA CL: 8.0285, Disease CL: 7.7049, Inter-view (est): 3.6308, Recon Loss: 0.1396, Time: 100.41s
[INFO] Hypergraph updated at epoch 100

🔧 Epoch 100 梯度检查:
================================================================================

  参数名称                              梯度范数         梯度均值 状态             
  ----------------------------------------------------------------------
  type_relations                0.125641     0.002299 ✅ 正常           
  exist_relation                0.014683     0.000592 ✅ 正常           
  mi_proj_layer0                0.019773     0.000070 ✅ 正常           
  dis_proj_layer0               0.029991     0.000092 ✅ 正常           
================================================================================

Epoch 100, Total Loss: 16.0959, Recover Loss: 0.9909, miRNA CL: 7.7464, Disease CL: 7.0632, Inter-view (est): 3.4176, Recon Loss: 0.0315, Time: 137.03s
[INFO] Hypergraph updated at epoch 150

🔧 Epoch 150 梯度检查:
================================================================================

  参数名称                              梯度范数         梯度均值 状态             
  ----------------------------------------------------------------------
  type_relations                0.177378     0.002545 ✅ 正常           
  exist_relation                0.020857     0.000823 ✅ 正常           
  mi_proj_layer0                0.020762     0.000071 ✅ 正常           
  dis_proj_layer0               0.026133     0.000082 ✅ 正常           
================================================================================

Epoch 150, Total Loss: 15.4858, Recover Loss: 0.9614, miRNA CL: 7.5714, Disease CL: 6.6729, Inter-view (est): 3.2871, Recon Loss: 0.0305, Time: 171.69s
[INFO] Hypergraph updated at epoch 200

🔧 Epoch 200 梯度检查:
================================================================================

  参数名称                              梯度范数         梯度均值 状态             
  ----------------------------------------------------------------------
  type_relations                0.190483     0.003014 ✅ 正常           
  exist_relation                0.011638     0.000473 ✅ 正常           
  mi_proj_layer0                0.024496     0.000081 ✅ 正常           
  dis_proj_layer0               0.030460     0.000085 ✅ 正常           
================================================================================

Epoch 200, Total Loss: 14.9638, Recover Loss: 0.9357, miRNA CL: 7.3131, Disease CL: 6.4457, Inter-view (est): 3.1751, Recon Loss: 0.0289, Time: 206.87s
[INFO] Hypergraph updated at epoch 250

🔧 Epoch 250 梯度检查:
================================================================================

  参数名称                              梯度范数         梯度均值 状态             
  ----------------------------------------------------------------------
  type_relations                0.191988     0.003089 ✅ 正常           
  exist_relation                0.020441     0.000655 ✅ 正常           
  mi_proj_layer0                0.025030     0.000080 ✅ 正常           
  dis_proj_layer0               0.028143     0.000088 ✅ 正常           
================================================================================

Epoch 250, Total Loss: 14.6755, Recover Loss: 0.9118, miRNA CL: 7.1421, Disease CL: 6.3597, Inter-view (est): 3.1158, Recon Loss: 0.0285, Time: 241.53s
[INFO] Hypergraph updated at epoch 300

🔧 Epoch 300 梯度检查:
================================================================================

  参数名称                              梯度范数         梯度均值 状态             
  ----------------------------------------------------------------------
  type_relations                0.154900     0.002750 ✅ 正常           
  exist_relation                0.013933     0.000494 ✅ 正常           
  mi_proj_layer0                0.025456     0.000079 ✅ 正常           
  dis_proj_layer0               0.026010     0.000079 ✅ 正常           
================================================================================

Epoch 300, Total Loss: 14.4974, Recover Loss: 0.8734, miRNA CL: 7.0527, Disease CL: 6.3150, Inter-view (est): 3.0848, Recon Loss: 0.0279, Time: 276.50s
[INFO] Hypergraph updated at epoch 350

🔧 Epoch 350 梯度检查:
================================================================================

  参数名称                              梯度范数         梯度均值 状态             
  ----------------------------------------------------------------------
  type_relations                0.140441     0.002540 ✅ 正常           
  exist_relation                0.018224     0.000639 ✅ 正常           
  mi_proj_layer0                0.027456     0.000078 ✅ 正常           
  dis_proj_layer0               0.027093     0.000081 ✅ 正常           
================================================================================

Epoch 350, Total Loss: 14.3902, Recover Loss: 0.8605, miRNA CL: 6.9961, Disease CL: 6.2811, Inter-view (est): 3.0640, Recon Loss: 0.0276, Time: 311.62s
[INFO] Hypergraph updated at epoch 400

🔧 Epoch 400 梯度检查:
================================================================================

  参数名称                              梯度范数         梯度均值 状态             
  ----------------------------------------------------------------------
  type_relations                0.149436     0.002615 ✅ 正常           
  exist_relation                0.013499     0.000541 ✅ 正常           
  mi_proj_layer0                0.023029     0.000068 ✅ 正常           
  dis_proj_layer0               0.025447     0.000075 ✅ 正常           
================================================================================

Epoch 400, Total Loss: 14.2951, Recover Loss: 0.8473, miRNA CL: 6.9481, Disease CL: 6.2505, Inter-view (est): 3.0458, Recon Loss: 0.0271, Time: 345.98s
[INFO] Hypergraph updated at epoch 450

🔧 Epoch 450 梯度检查:
================================================================================

  参数名称                              梯度范数         梯度均值 状态             
  ----------------------------------------------------------------------
  type_relations                0.136091     0.002382 ✅ 正常           
  exist_relation                0.018038     0.000657 ✅ 正常           
  mi_proj_layer0                0.023596     0.000069 ✅ 正常           
  dis_proj_layer0               0.024291     0.000072 ✅ 正常           
================================================================================

Epoch 450, Total Loss: 14.1823, Recover Loss: 0.8242, miRNA CL: 6.8908, Disease CL: 6.2206, Inter-view (est): 3.0257, Recon Loss: 0.0270, Time: 380.32s
[INFO] Hypergraph updated at epoch 500

🔧 Epoch 500 梯度检查:
================================================================================

  参数名称                              梯度范数         梯度均值 状态             
  ----------------------------------------------------------------------
  type_relations                0.117431     0.002058 ✅ 正常           
  exist_relation                0.017161     0.000688 ✅ 正常           
  mi_proj_layer0                0.024198     0.000068 ✅ 正常           
  dis_proj_layer0               0.022019     0.000065 ✅ 正常           
================================================================================

Epoch 500, Total Loss: 14.0802, Recover Loss: 0.8202, miRNA CL: 6.8172, Disease CL: 6.1986, Inter-view (est): 3.0036, Recon Loss: 0.0264, Time: 414.68s
[INFO] Hypergraph updated at epoch 550

🔧 Epoch 550 梯度检查:
================================================================================

  参数名称                              梯度范数         梯度均值 状态             
  ----------------------------------------------------------------------
  type_relations                0.109971     0.001929 ✅ 正常           
  exist_relation                0.013845     0.000490 ✅ 正常           
  mi_proj_layer0                0.020374     0.000059 ✅ 正常           
  dis_proj_layer0               0.023075     0.000064 ✅ 正常           
================================================================================

Epoch 550, Total Loss: 14.0215, Recover Loss: 0.8055, miRNA CL: 6.7844, Disease CL: 6.1877, Inter-view (est): 2.9936, Recon Loss: 0.0270, Time: 449.74s
[INFO] Hypergraph updated at epoch 600

🔧 Epoch 600 梯度检查:
================================================================================

  参数名称                              梯度范数         梯度均值 状态             
  ----------------------------------------------------------------------
  type_relations                0.110046     0.001899 ✅ 正常           
  exist_relation                0.016962     0.000612 ✅ 正常           
  mi_proj_layer0                0.023658     0.000066 ✅ 正常           
  dis_proj_layer0               0.024923     0.000069 ✅ 正常           
================================================================================

Epoch 600, Total Loss: 13.9877, Recover Loss: 0.8052, miRNA CL: 6.7593, Disease CL: 6.1809, Inter-view (est): 2.9862, Recon Loss: 0.0262, Time: 484.78s
[INFO] Hypergraph updated at epoch 650

🔧 Epoch 650 梯度检查:
================================================================================

  参数名称                              梯度范数         梯度均值 状态             
  ----------------------------------------------------------------------
  type_relations                0.109490     0.001966 ✅ 正常           
  exist_relation                0.012778     0.000521 ✅ 正常           
  mi_proj_layer0                0.022744     0.000063 ✅ 正常           
  dis_proj_layer0               0.023494     0.000066 ✅ 正常           
================================================================================

Epoch 650, Total Loss: 13.9587, Recover Loss: 0.8021, miRNA CL: 6.7405, Disease CL: 6.1742, Inter-view (est): 2.9803, Recon Loss: 0.0264, Time: 519.82s

================================================================================
Training completed. Running final test...
================================================================================
Fold 4 completed - AUC: 0.9735, Top-1 F1: 0.5867
Fold 4 training time: 520.61 seconds
=== Cross Validation Fold 5/5 ===
Using hidden dimensions: [256, 256] with 4 attention heads
优化模型初始化: miRNA数量 = 495, 疾病数量 = 383
   节点维度: 256 → 128
   类型数量: 4
   Temperature: 2.0 (可学习)
   Loss mode: two_head
   loss_mode=two_head
   exist_weight=0.300, type_weight=0.700

✅ SimplifiedMultiTypeAssociationLoss 初始化 (改进版)
   类别权重 (beta=0.99999): ['0.780', '1.822', '0.977', '0.421']
Original positive index shape: torch.Size([1072, 2])
Original negative index shape: torch.Size([135416, 2])
采样后负样本数量: 10720
🎯 Building TRUE DUAL VIEWS from four different sources...
📊 Data sources loaded:
  Disease semantic: torch.Size([383, 383])
  miRNA functional: torch.Size([495, 495])
  Disease-gene: torch.Size([383, 383])
  miRNA-sequence: torch.Size([495, 495])
🧬 Building miRNA dual-view hypergraphs...
  📊 miRNA View 1 (Sequence): torch.Size([495, 878])
  📊 miRNA View 2 (Function): torch.Size([495, 878])
🦠 Building disease dual-view hypergraphs...
  📊 Disease View 1 (Gene): torch.Size([383, 878])
  📊 Disease View 2 (Semantic): torch.Size([383, 878])
✅ Successfully built TRUE DUAL VIEWS:
   🧬 miRNA: Sequence Features (m_ss.xlsx) vs Functional Similarity (mi_fun_sim_2.0.csv)
   🦠 Disease: Gene Features (d_gs.xlsx) vs Semantic Similarity (dis_sem_sim_2.0.csv)

🔧 Epoch 1 梯度检查:
================================================================================

  参数名称                              梯度范数         梯度均值 状态             
  ----------------------------------------------------------------------
  type_relations                0.055342     0.001717 ✅ 正常           
  exist_relation                0.144255     0.007307 ✅ 正常           
  mi_proj_layer0                0.327885     0.001039 ✅ 正常           
  dis_proj_layer0               0.323160     0.001070 ✅ 正常           
================================================================================

Epoch 1, Total Loss: 20.2068, Recover Loss: 1.0568, miRNA CL: 8.8994, Disease CL: 8.4569, Inter-view (est): 4.0053, Recon Loss: 1.4954, Time: 0.65s
[INFO] Hypergraph updated at epoch 5
[INFO] Hypergraph updated at epoch 10
[INFO] Hypergraph updated at epoch 15
[INFO] Hypergraph updated at epoch 20
[INFO] Hypergraph updated at epoch 25
[INFO] Hypergraph updated at epoch 30
[INFO] Hypergraph updated at epoch 35
[INFO] Hypergraph updated at epoch 40
[INFO] Hypergraph updated at epoch 45
[INFO] Hypergraph updated at epoch 50

🔧 Epoch 50 梯度检查:
================================================================================

  参数名称                              梯度范数         梯度均值 状态             
  ----------------------------------------------------------------------
  type_relations                0.072065     0.001799 ✅ 正常           
  exist_relation                0.014683     0.000798 ✅ 正常           
  mi_proj_layer0                0.019310     0.000071 ✅ 正常           
  dis_proj_layer0               0.022143     0.000079 ✅ 正常           
================================================================================

Epoch 50, Total Loss: 17.1909, Recover Loss: 1.0067, miRNA CL: 7.9971, Disease CL: 7.7713, Inter-view (est): 3.6389, Recon Loss: 0.1334, Time: 94.75s
[INFO] Hypergraph updated at epoch 100

🔧 Epoch 100 梯度检查:
================================================================================

  参数名称                              梯度范数         梯度均值 状态             
  ----------------------------------------------------------------------
  type_relations                0.150744     0.002845 ✅ 正常           
  exist_relation                0.027530     0.001065 ✅ 正常           
  mi_proj_layer0                0.022541     0.000080 ✅ 正常           
  dis_proj_layer0               0.027419     0.000089 ✅ 正常           
================================================================================

Epoch 100, Total Loss: 16.1260, Recover Loss: 0.9821, miRNA CL: 7.7270, Disease CL: 7.1235, Inter-view (est): 3.4270, Recon Loss: 0.0316, Time: 131.77s
[INFO] Hypergraph updated at epoch 150

🔧 Epoch 150 梯度检查:
================================================================================

  参数名称                              梯度范数         梯度均值 状态             
  ----------------------------------------------------------------------
  type_relations                0.188715     0.003127 ✅ 正常           
  exist_relation                0.021797     0.000746 ✅ 正常           
  mi_proj_layer0                0.025825     0.000084 ✅ 正常           
  dis_proj_layer0               0.029359     0.000088 ✅ 正常           
================================================================================

Epoch 150, Total Loss: 15.5022, Recover Loss: 0.9524, miRNA CL: 7.5081, Disease CL: 6.7652, Inter-view (est): 3.2938, Recon Loss: 0.0295, Time: 166.47s
[INFO] Hypergraph updated at epoch 200

🔧 Epoch 200 梯度检查:
================================================================================

  参数名称                              梯度范数         梯度均值 状态             
  ----------------------------------------------------------------------
  type_relations                0.181996     0.003038 ✅ 正常           
  exist_relation                0.029874     0.001003 ✅ 正常           
  mi_proj_layer0                0.024784     0.000079 ✅ 正常           
  dis_proj_layer0               0.021330     0.000071 ✅ 正常           
================================================================================

Epoch 200, Total Loss: 14.9444, Recover Loss: 0.9127, miRNA CL: 7.2599, Disease CL: 6.5065, Inter-view (est): 3.1769, Recon Loss: 0.0283, Time: 201.59s
[INFO] Hypergraph updated at epoch 250

🔧 Epoch 250 梯度检查:
================================================================================

  参数名称                              梯度范数         梯度均值 状态             
  ----------------------------------------------------------------------
  type_relations                0.167248     0.002631 ✅ 正常           
  exist_relation                0.021465     0.000715 ✅ 正常           
  mi_proj_layer0                0.023405     0.000073 ✅ 正常           
  dis_proj_layer0               0.020495     0.000067 ✅ 正常           
================================================================================

Epoch 250, Total Loss: 14.6619, Recover Loss: 0.8841, miRNA CL: 7.1284, Disease CL: 6.3897, Inter-view (est): 3.1196, Recon Loss: 0.0286, Time: 236.87s
[INFO] Hypergraph updated at epoch 300

🔧 Epoch 300 梯度检查:
================================================================================

  参数名称                              梯度范数         梯度均值 状态             
  ----------------------------------------------------------------------
  type_relations                0.149297     0.002562 ✅ 正常           
  exist_relation                0.023586     0.000710 ✅ 正常           
  mi_proj_layer0                0.020966     0.000065 ✅ 正常           
  dis_proj_layer0               0.021531     0.000065 ✅ 正常           
================================================================================

Epoch 300, Total Loss: 14.4928, Recover Loss: 0.8686, miRNA CL: 7.0399, Disease CL: 6.3304, Inter-view (est): 3.0855, Recon Loss: 0.0276, Time: 271.19s
[INFO] Hypergraph updated at epoch 350

🔧 Epoch 350 梯度检查:
================================================================================

  参数名称                              梯度范数         梯度均值 状态             
  ----------------------------------------------------------------------
  type_relations                0.119511     0.002030 ✅ 正常           
  exist_relation                0.024968     0.000813 ✅ 正常           
  mi_proj_layer0                0.018234     0.000056 ✅ 正常           
  dis_proj_layer0               0.021281     0.000063 ✅ 正常           
================================================================================

Epoch 350, Total Loss: 14.3568, Recover Loss: 0.8514, miRNA CL: 6.9681, Disease CL: 6.2877, Inter-view (est): 3.0590, Recon Loss: 0.0275, Time: 305.89s
[INFO] Hypergraph updated at epoch 400

🔧 Epoch 400 梯度检查:
================================================================================

  参数名称                              梯度范数         梯度均值 状态             
  ----------------------------------------------------------------------
  type_relations                0.113698     0.001902 ✅ 正常           
  exist_relation                0.022662     0.000844 ✅ 正常           
  mi_proj_layer0                0.016812     0.000053 ✅ 正常           
  dis_proj_layer0               0.018389     0.000057 ✅ 正常           
================================================================================

Epoch 400, Total Loss: 14.2672, Recover Loss: 0.8439, miRNA CL: 6.9136, Disease CL: 6.2628, Inter-view (est): 3.0407, Recon Loss: 0.0272, Time: 341.04s
[INFO] Hypergraph updated at epoch 450

🔧 Epoch 450 梯度检查:
================================================================================

  参数名称                              梯度范数         梯度均值 状态             
  ----------------------------------------------------------------------
  type_relations                0.126344     0.002133 ✅ 正常           
  exist_relation                0.015625     0.000562 ✅ 正常           
  mi_proj_layer0                0.021397     0.000063 ✅ 正常           
  dis_proj_layer0               0.024466     0.000070 ✅ 正常           
================================================================================

Epoch 450, Total Loss: 14.1761, Recover Loss: 0.8445, miRNA CL: 6.8433, Disease CL: 6.2436, Inter-view (est): 3.0201, Recon Loss: 0.0270, Time: 376.28s
[INFO] Hypergraph updated at epoch 500

🔧 Epoch 500 梯度检查:
================================================================================

  参数名称                              梯度范数         梯度均值 状态             
  ----------------------------------------------------------------------
  type_relations                0.114485     0.001973 ✅ 正常           
  exist_relation                0.016214     0.000576 ✅ 正常           
  mi_proj_layer0                0.018379     0.000057 ✅ 正常           
  dis_proj_layer0               0.021514     0.000063 ✅ 正常           
================================================================================

Epoch 500, Total Loss: 14.1129, Recover Loss: 0.8314, miRNA CL: 6.8039, Disease CL: 6.2336, Inter-view (est): 3.0087, Recon Loss: 0.0273, Time: 411.17s
[INFO] Hypergraph updated at epoch 550

🔧 Epoch 550 梯度检查:
================================================================================

  参数名称                              梯度范数         梯度均值 状态             
  ----------------------------------------------------------------------
  type_relations                0.106579     0.001758 ✅ 正常           
  exist_relation                0.017095     0.000572 ✅ 正常           
  mi_proj_layer0                0.022263     0.000063 ✅ 正常           
  dis_proj_layer0               0.023379     0.000066 ✅ 正常           
================================================================================

Epoch 550, Total Loss: 14.0755, Recover Loss: 0.8313, miRNA CL: 6.7754, Disease CL: 6.2262, Inter-view (est): 3.0004, Recon Loss: 0.0267, Time: 447.00s
[INFO] Hypergraph updated at epoch 600

🔧 Epoch 600 梯度检查:
================================================================================

  参数名称                              梯度范数         梯度均值 状态             
  ----------------------------------------------------------------------
  type_relations                0.104194     0.001703 ✅ 正常           
  exist_relation                0.020299     0.000607 ✅ 正常           
  mi_proj_layer0                0.016930     0.000053 ✅ 正常           
  dis_proj_layer0               0.018415     0.000055 ✅ 正常           
================================================================================

Epoch 600, Total Loss: 14.0379, Recover Loss: 0.8259, miRNA CL: 6.7509, Disease CL: 6.2192, Inter-view (est): 2.9931, Recon Loss: 0.0268, Time: 481.95s
[INFO] Hypergraph updated at epoch 650

🔧 Epoch 650 梯度检查:
================================================================================

  参数名称                              梯度范数         梯度均值 状态             
  ----------------------------------------------------------------------
  type_relations                0.116149     0.001843 ✅ 正常           
  exist_relation                0.019871     0.000715 ✅ 正常           
  mi_proj_layer0                0.020178     0.000059 ✅ 正常           
  dis_proj_layer0               0.029250     0.000077 ✅ 正常           
================================================================================

Epoch 650, Total Loss: 14.0209, Recover Loss: 0.8319, miRNA CL: 6.7354, Disease CL: 6.2122, Inter-view (est): 2.9879, Recon Loss: 0.0269, Time: 516.61s

================================================================================
Training completed. Running final test...
================================================================================
Fold 5 completed - AUC: 0.9759, Top-1 F1: 0.4812
Fold 5 training time: 517.39 seconds
Average binary metrics across folds: [[0.97404656 0.96821073 0.93288073 0.93029851 0.96686567 0.89373134
  0.9015778 ]]
🎯 Average Top-1 metrics across folds: {'top1_precision': 0.5, 'top1_recall': np.float64(0.589078753628687), 'top1_f1': np.float64(0.5393112272419218)}

📊 CV_type Style Metrics Details:
  AUC            : 0.9740
  AUPR           : 0.9682
  F1             : 0.9329
  Accuracy       : 0.9303
  Recall         : 0.9669
  Specificity    : 0.8937
  Precision      : 0.9016

🎯 Top-1 Metrics Details:
  top1_precision : 0.5000
  top1_recall    : 0.5891
  top1_f1        : 0.5393

Total execution time: 2598.14 seconds

==========================================================================================
🎯 FINAL COMPREHENSIVE RESULTS WITH TOP-1 METRICS
==========================================================================================
📊 Binary Classification Metrics (Original):
  AUC: 0.9740
  AUPR: 0.9682
  F1: 0.9329
  Accuracy: 0.9303
  Recall: 0.9669
  Specificity: 0.8937
  Precision: 0.9016

🎯 CV_type Style Metrics (Enhanced):
  AUC: 0.9740
  AUPR: 0.9682
  F1: 0.9329
  Accuracy: 0.9303
  Recall: 0.9669
  Specificity: 0.8937
  Precision: 0.9016

🏆 Top-1 Metrics (NEW):
  Top-1 Precision: 0.5000
  Top-1 Recall: 0.5891
  Top-1 F1: 0.5393
==========================================================================================

[4/4] seed=1234 (DEFAULT config)
----------------------------------------------------------------
[CPU] torch.set_num_threads(14), interop=min(4, 14)
Using device: cpu
[INFO] Auto-computed BALANCED class weights (to prevent class collapse):
  Circulation  (367 samples): 0.780
  Epigenetics  (157 samples): 1.823
  Target       (293 samples): 0.977
  Genetics     (681 samples): 0.420
  [NOTE] Higher weights for minority classes to prevent model from only predicting majority class
[INFO] Using v2.0_495m383D dataset:
  miRNAs: 495
  Diseases: 383
  Expected associations: ~1498
  Types: 4 (Circulation, Epigenetics, Target, Genetics)

================================================================================
Configuration Summary
================================================================================
Dataset: v2.0_495m383D
Data Path: ./
Model: HeterogenousGraphCLAMIR
  - HGT Layers: 2
  - Attention Heads: 4
  - Association Types: 4
  - Inter-view CL: Enabled
    - Weight: 0.3
    - Temperature: 0.5
    - Margin: 0.5

Training:
  - Epochs: 650
  - Learning Rate: 0.0001
  - Dropout: 0.3
  - Weight Decay: 5e-05
  - Focal Loss: Enabled

Evaluation:
  - Cross-Validation Folds: 5
  - Primary Metric: AUPR

Device: cpu
Random Seed: 1234
================================================================================

[SEED] Re-seeded với args.seed = 1234
🚀 Running with comprehensive evaluation including Top-1 metrics...
🎯 Loading dual-view data...
Starting dual-view data preparation with new file format...
Loading all similarity and feature files from v2.0_495m383D...
✅ Loaded disease semantic similarity from D_SSM1.txt: (383, 383)
✅ Loaded miRNA functional similarity from M_FSM.txt: (495, 495)
✅ Loaded multi-type association pairs from ./v2.0_495m383D\multi_all_mirna_disease_pairs_without_negative.csv: (1679, 3)
✅ Created multi-type association matrix: (495, 383)
📊 Multi-type Association Statistics:
   无关联 (No association): 188087 pairs (99.21%)
   循环类型 (Circulation): 367 pairs (0.19%)
   表观遗传学 (Epigenetics): 157 pairs (0.08%)
   靶标类型 (Target): 293 pairs (0.15%)
   遗传学类型 (Genetics): 681 pairs (0.36%)
✅ Created association matrix from CSV: (495, 383)
✅ Loaded disease-gene features from D_SSM2.txt: torch.Size([383, 383])
✅ Loaded miRNA-sequence features from M_GSM.txt: torch.Size([495, 495])
Processing integrated similarity matrices...
Loaded similarity matrices from cache
Processing indices...
Loaded indices from cache (seed=1234)
✅ Dual-view data preparation completed in 0.39 seconds

============================================================
🎯 DUAL-VIEW CONFIGURATION SUMMARY (v2.0_495m383D)
============================================================
miRNA Dual Views:
  📊 View 1 (Sequence): M_GSM.txt torch.Size([495, 495])
  📊 View 2 (Function): M_FSM.txt torch.Size([495, 495])

Disease Dual Views:
  📊 View 1 (Gene): D_SSM2.txt torch.Size([383, 383])
  📊 View 2 (Semantic): D_SSM1.txt torch.Size([383, 383])

Association Matrix: torch.Size([495, 383])
Data source: v2.0_495m383D (495 miRNAs × 383 Diseases)
============================================================
Preloading dual-view data to device...
✅ Loaded disease-gene features to device: torch.Size([383, 383])
✅ Loaded miRNA-sequence features to device: torch.Size([495, 495])
✅ Loaded disease semantic similarity to device: torch.Size([383, 383])
✅ Loaded miRNA functional similarity to device: torch.Size([495, 495])
✅ Dual-view data preloading completed in 0.00 seconds
OptimizedDataset initialized with 5 folds
Using device: cpu
=== Cross Validation Fold 1/5 ===
Using hidden dimensions: [256, 256] with 4 attention heads
优化模型初始化: miRNA数量 = 495, 疾病数量 = 383
   节点维度: 256 → 128
   类型数量: 4
   Temperature: 2.0 (可学习)
   Loss mode: two_head
   loss_mode=two_head
   exist_weight=0.300, type_weight=0.700

✅ SimplifiedMultiTypeAssociationLoss 初始化 (改进版)
   类别权重 (beta=0.99999): ['0.780', '1.822', '0.977', '0.421']
Original positive index shape: torch.Size([1072, 2])
Original negative index shape: torch.Size([135416, 2])
采样后负样本数量: 10720
🎯 Building TRUE DUAL VIEWS from four different sources...
📊 Data sources loaded:
  Disease semantic: torch.Size([383, 383])
  miRNA functional: torch.Size([495, 495])
  Disease-gene: torch.Size([383, 383])
  miRNA-sequence: torch.Size([495, 495])
🧬 Building miRNA dual-view hypergraphs...
  📊 miRNA View 1 (Sequence): torch.Size([495, 878])
  📊 miRNA View 2 (Function): torch.Size([495, 878])
🦠 Building disease dual-view hypergraphs...
  📊 Disease View 1 (Gene): torch.Size([383, 878])
  📊 Disease View 2 (Semantic): torch.Size([383, 878])
✅ Successfully built TRUE DUAL VIEWS:
   🧬 miRNA: Sequence Features (m_ss.xlsx) vs Functional Similarity (mi_fun_sim_2.0.csv)
   🦠 Disease: Gene Features (d_gs.xlsx) vs Semantic Similarity (dis_sem_sim_2.0.csv)

🔧 Epoch 1 梯度检查:
================================================================================

  参数名称                              梯度范数         梯度均值 状态             
  ----------------------------------------------------------------------
  type_relations                0.057954     0.001879 ✅ 正常           
  exist_relation                0.083261     0.005041 ✅ 正常           
  mi_proj_layer0                0.236052     0.000776 ✅ 正常           
  dis_proj_layer0               0.263709     0.000829 ✅ 正常           
================================================================================

Epoch 1, Total Loss: 20.3060, Recover Loss: 1.0640, miRNA CL: 8.9735, Disease CL: 8.4526, Inter-view (est): 4.0214, Recon Loss: 1.5178, Time: 0.75s
[INFO] Hypergraph updated at epoch 5
[INFO] Hypergraph updated at epoch 10
[INFO] Hypergraph updated at epoch 15
[INFO] Hypergraph updated at epoch 20
[INFO] Hypergraph updated at epoch 25
[INFO] Hypergraph updated at epoch 30
[INFO] Hypergraph updated at epoch 35
[INFO] Hypergraph updated at epoch 40
[INFO] Hypergraph updated at epoch 45
[INFO] Hypergraph updated at epoch 50

🔧 Epoch 50 梯度检查:
================================================================================

  参数名称                              梯度范数         梯度均值 状态             
  ----------------------------------------------------------------------
  type_relations                0.058098     0.001696 ✅ 正常           
  exist_relation                0.016243     0.000951 ✅ 正常           
  mi_proj_layer0                0.022585     0.000079 ✅ 正常           
  dis_proj_layer0               0.023400     0.000083 ✅ 正常           
================================================================================

Epoch 50, Total Loss: 17.1106, Recover Loss: 1.0085, miRNA CL: 8.0188, Disease CL: 7.6945, Inter-view (est): 3.6262, Recon Loss: 0.1061, Time: 93.19s
[INFO] Hypergraph updated at epoch 100

🔧 Epoch 100 梯度检查:
================================================================================

  参数名称                              梯度范数         梯度均值 状态             
  ----------------------------------------------------------------------
  type_relations                0.120580     0.002115 ✅ 正常           
  exist_relation                0.036817     0.000918 ✅ 正常           
  mi_proj_layer0                0.020130     0.000066 ✅ 正常           
  dis_proj_layer0               0.022288     0.000071 ✅ 正常           
================================================================================

Epoch 100, Total Loss: 15.9636, Recover Loss: 0.9905, miRNA CL: 7.7453, Disease CL: 6.9345, Inter-view (est): 3.3877, Recon Loss: 0.0309, Time: 128.92s
[INFO] Hypergraph updated at epoch 150

🔧 Epoch 150 梯度检查:
================================================================================

  参数名称                              梯度范数         梯度均值 状态             
  ----------------------------------------------------------------------
  type_relations                0.157772     0.002572 ✅ 正常           
  exist_relation                0.016753     0.000668 ✅ 正常           
  mi_proj_layer0                0.023647     0.000078 ✅ 正常           
  dis_proj_layer0               0.021476     0.000073 ✅ 正常           
================================================================================

Epoch 150, Total Loss: 15.3040, Recover Loss: 0.9568, miRNA CL: 7.5322, Disease CL: 6.5373, Inter-view (est): 3.2468, Recon Loss: 0.0300, Time: 163.24s
[INFO] Hypergraph updated at epoch 200

🔧 Epoch 200 梯度检查:
================================================================================

  参数名称                              梯度范数         梯度均值 状态             
  ----------------------------------------------------------------------
  type_relations                0.164626     0.002755 ✅ 正常           
  exist_relation                0.029113     0.000768 ✅ 正常           
  mi_proj_layer0                0.026619     0.000086 ✅ 正常           
  dis_proj_layer0               0.025254     0.000079 ✅ 正常           
================================================================================

Epoch 200, Total Loss: 14.8648, Recover Loss: 0.9304, miRNA CL: 7.2803, Disease CL: 6.3861, Inter-view (est): 3.1538, Recon Loss: 0.0294, Time: 198.00s
[INFO] Hypergraph updated at epoch 250

🔧 Epoch 250 梯度检查:
================================================================================

  参数名称                              梯度范数         梯度均值 状态             
  ----------------------------------------------------------------------
  type_relations                0.148420     0.002341 ✅ 正常           
  exist_relation                0.023278     0.000733 ✅ 正常           
  mi_proj_layer0                0.019208     0.000062 ✅ 正常           
  dis_proj_layer0               0.021206     0.000064 ✅ 正常           
================================================================================

Epoch 250, Total Loss: 14.6366, Recover Loss: 0.8942, miRNA CL: 7.1557, Disease CL: 6.3255, Inter-view (est): 3.1110, Recon Loss: 0.0279, Time: 231.67s
[INFO] Hypergraph updated at epoch 300

🔧 Epoch 300 梯度检查:
================================================================================

  参数名称                              梯度范数         梯度均值 状态             
  ----------------------------------------------------------------------
  type_relations                0.161434     0.002427 ✅ 正常           
  exist_relation                0.018148     0.000630 ✅ 正常           
  mi_proj_layer0                0.029772     0.000080 ✅ 正常           
  dis_proj_layer0               0.029088     0.000080 ✅ 正常           
================================================================================

Epoch 300, Total Loss: 14.4702, Recover Loss: 0.8884, miRNA CL: 7.0561, Disease CL: 6.2695, Inter-view (est): 3.0751, Recon Loss: 0.0278, Time: 265.65s
[INFO] Hypergraph updated at epoch 350

🔧 Epoch 350 梯度检查:
================================================================================

  参数名称                              梯度范数         梯度均值 状态             
  ----------------------------------------------------------------------
  type_relations                0.148191     0.002302 ✅ 正常           
  exist_relation                0.015822     0.000534 ✅ 正常           
  mi_proj_layer0                0.021734     0.000063 ✅ 正常           
  dis_proj_layer0               0.022914     0.000067 ✅ 正常           
================================================================================

Epoch 350, Total Loss: 14.3417, Recover Loss: 0.8610, miRNA CL: 6.9924, Disease CL: 6.2344, Inter-view (est): 3.0523, Recon Loss: 0.0287, Time: 300.18s
[INFO] Hypergraph updated at epoch 400

🔧 Epoch 400 梯度检查:
================================================================================

  参数名称                              梯度范数         梯度均值 状态             
  ----------------------------------------------------------------------
  type_relations                0.109522     0.001711 ✅ 正常           
  exist_relation                0.015496     0.000550 ✅ 正常           
  mi_proj_layer0                0.020628     0.000058 ✅ 正常           
  dis_proj_layer0               0.019653     0.000058 ✅ 正常           
================================================================================

Epoch 400, Total Loss: 14.2270, Recover Loss: 0.8470, miRNA CL: 6.9270, Disease CL: 6.2038, Inter-view (est): 3.0302, Recon Loss: 0.0270, Time: 334.43s
[INFO] Hypergraph updated at epoch 450

🔧 Epoch 450 梯度检查:
================================================================================

  参数名称                              梯度范数         梯度均值 状态             
  ----------------------------------------------------------------------
  type_relations                0.146131     0.002353 ✅ 正常           
  exist_relation                0.016761     0.000567 ✅ 正常           
  mi_proj_layer0                0.026639     0.000071 ✅ 正常           
  dis_proj_layer0               0.025102     0.000070 ✅ 正常           
================================================================================

Epoch 450, Total Loss: 14.1162, Recover Loss: 0.8447, miRNA CL: 6.8441, Disease CL: 6.1810, Inter-view (est): 3.0058, Recon Loss: 0.0266, Time: 368.40s
[INFO] Hypergraph updated at epoch 500

🔧 Epoch 500 梯度检查:
================================================================================

  参数名称                              梯度范数         梯度均值 状态             
  ----------------------------------------------------------------------
  type_relations                0.126296     0.001989 ✅ 正常           
  exist_relation                0.016701     0.000590 ✅ 正常           
  mi_proj_layer0                0.022118     0.000062 ✅ 正常           
  dis_proj_layer0               0.018959     0.000057 ✅ 正常           
================================================================================

Epoch 500, Total Loss: 14.0391, Recover Loss: 0.8337, miRNA CL: 6.7907, Disease CL: 6.1695, Inter-view (est): 2.9908, Recon Loss: 0.0270, Time: 402.28s
[INFO] Hypergraph updated at epoch 550

🔧 Epoch 550 梯度检查:
================================================================================

  参数名称                              梯度范数         梯度均值 状态             
  ----------------------------------------------------------------------
  type_relations                0.120502     0.001915 ✅ 正常           
  exist_relation                0.010321     0.000366 ✅ 正常           
  mi_proj_layer0                0.017208     0.000051 ✅ 正常           
  dis_proj_layer0               0.018168     0.000053 ✅ 正常           
================================================================================

Epoch 550, Total Loss: 13.9910, Recover Loss: 0.8262, miRNA CL: 6.7583, Disease CL: 6.1631, Inter-view (est): 2.9819, Recon Loss: 0.0260, Time: 435.85s
[INFO] Hypergraph updated at epoch 600

🔧 Epoch 600 梯度检查:
================================================================================

  参数名称                              梯度范数         梯度均值 状态             
  ----------------------------------------------------------------------
  type_relations                0.110717     0.001752 ✅ 正常           
  exist_relation                0.017297     0.000544 ✅ 正常           
  mi_proj_layer0                0.018122     0.000052 ✅ 正常           
  dis_proj_layer0               0.019090     0.000054 ✅ 正常           
================================================================================

Epoch 600, Total Loss: 13.9597, Recover Loss: 0.8234, miRNA CL: 6.7358, Disease CL: 6.1581, Inter-view (est): 2.9755, Recon Loss: 0.0256, Time: 470.11s
[INFO] Hypergraph updated at epoch 650

🔧 Epoch 650 梯度检查:
================================================================================

  参数名称                              梯度范数         梯度均值 状态             
  ----------------------------------------------------------------------
  type_relations                0.128226     0.002091 ✅ 正常           
  exist_relation                0.011245     0.000407 ✅ 正常           
  mi_proj_layer0                0.019720     0.000059 ✅ 正常           
  dis_proj_layer0               0.018649     0.000057 ✅ 正常           
================================================================================

Epoch 650, Total Loss: 13.9385, Recover Loss: 0.8249, miRNA CL: 6.7181, Disease CL: 6.1531, Inter-view (est): 2.9703, Recon Loss: 0.0264, Time: 504.10s

================================================================================
Training completed. Running final test...
================================================================================
Fold 1 completed - AUC: 0.9755, Top-1 F1: 0.5480
Fold 1 training time: 505.20 seconds
=== Cross Validation Fold 2/5 ===
Using hidden dimensions: [256, 256] with 4 attention heads
优化模型初始化: miRNA数量 = 495, 疾病数量 = 383
   节点维度: 256 → 128
   类型数量: 4
   Temperature: 2.0 (可学习)
   Loss mode: two_head
   loss_mode=two_head
   exist_weight=0.300, type_weight=0.700

✅ SimplifiedMultiTypeAssociationLoss 初始化 (改进版)
   类别权重 (beta=0.99999): ['0.780', '1.822', '0.977', '0.421']
Original positive index shape: torch.Size([1072, 2])
Original negative index shape: torch.Size([135416, 2])
采样后负样本数量: 10720
🎯 Building TRUE DUAL VIEWS from four different sources...
📊 Data sources loaded:
  Disease semantic: torch.Size([383, 383])
  miRNA functional: torch.Size([495, 495])
  Disease-gene: torch.Size([383, 383])
  miRNA-sequence: torch.Size([495, 495])
🧬 Building miRNA dual-view hypergraphs...
  📊 miRNA View 1 (Sequence): torch.Size([495, 878])
  📊 miRNA View 2 (Function): torch.Size([495, 878])
🦠 Building disease dual-view hypergraphs...
  📊 Disease View 1 (Gene): torch.Size([383, 878])
  📊 Disease View 2 (Semantic): torch.Size([383, 878])
✅ Successfully built TRUE DUAL VIEWS:
   🧬 miRNA: Sequence Features (m_ss.xlsx) vs Functional Similarity (mi_fun_sim_2.0.csv)
   🦠 Disease: Gene Features (d_gs.xlsx) vs Semantic Similarity (dis_sem_sim_2.0.csv)

🔧 Epoch 1 梯度检查:
================================================================================

  参数名称                              梯度范数         梯度均值 状态             
  ----------------------------------------------------------------------
  type_relations                0.056676     0.001696 ✅ 正常           
  exist_relation                0.339053     0.018122 ✅ 正常           
  mi_proj_layer0                0.966703     0.003068 ✅ 正常           
  dis_proj_layer0               1.283795     0.003805 ✅ 正常           
================================================================================

Epoch 1, Total Loss: 20.2431, Recover Loss: 1.1122, miRNA CL: 8.8626, Disease CL: 8.4379, Inter-view (est): 3.9924, Recon Loss: 1.5322, Time: 0.72s
[INFO] Hypergraph updated at epoch 5
[INFO] Hypergraph updated at epoch 10
[INFO] Hypergraph updated at epoch 15
[INFO] Hypergraph updated at epoch 20
[INFO] Hypergraph updated at epoch 25
[INFO] Hypergraph updated at epoch 30
[INFO] Hypergraph updated at epoch 35
[INFO] Hypergraph updated at epoch 40
[INFO] Hypergraph updated at epoch 45
[INFO] Hypergraph updated at epoch 50

🔧 Epoch 50 梯度检查:
================================================================================

  参数名称                              梯度范数         梯度均值 状态             
  ----------------------------------------------------------------------
  type_relations                0.065452     0.001816 ✅ 正常           
  exist_relation                0.021271     0.001167 ✅ 正常           
  mi_proj_layer0                0.028437     0.000102 ✅ 正常           
  dis_proj_layer0               0.033768     0.000119 ✅ 正常           
================================================================================

Epoch 50, Total Loss: 17.1248, Recover Loss: 1.0101, miRNA CL: 7.9918, Disease CL: 7.6899, Inter-view (est): 3.6189, Recon Loss: 0.1497, Time: 97.31s
[INFO] Hypergraph updated at epoch 100

🔧 Epoch 100 梯度检查:
================================================================================

  参数名称                              梯度范数         梯度均值 状态             
  ----------------------------------------------------------------------
  type_relations                0.100351     0.002020 ✅ 正常           
  exist_relation                0.012721     0.000606 ✅ 正常           
  mi_proj_layer0                0.019734     0.000068 ✅ 正常           
  dis_proj_layer0               0.022990     0.000077 ✅ 正常           
================================================================================

Epoch 100, Total Loss: 16.0286, Recover Loss: 0.9974, miRNA CL: 7.7327, Disease CL: 7.0032, Inter-view (est): 3.4006, Recon Loss: 0.0307, Time: 134.23s
[INFO] Hypergraph updated at epoch 150

🔧 Epoch 150 梯度检查:
================================================================================

  参数名称                              梯度范数         梯度均值 状态             
  ----------------------------------------------------------------------
  type_relations                0.175180     0.002988 ✅ 正常           
  exist_relation                0.027596     0.001028 ✅ 正常           
  mi_proj_layer0                0.022792     0.000080 ✅ 正常           
  dis_proj_layer0               0.026520     0.000090 ✅ 正常           
================================================================================

Epoch 150, Total Loss: 15.3966, Recover Loss: 0.9682, miRNA CL: 7.4898, Disease CL: 6.6586, Inter-view (est): 3.2650, Recon Loss: 0.0299, Time: 168.52s
[INFO] Hypergraph updated at epoch 200

🔧 Epoch 200 梯度检查:
================================================================================

  参数名称                              梯度范数         梯度均值 状态             
  ----------------------------------------------------------------------
  type_relations                0.167798     0.002664 ✅ 正常           
  exist_relation                0.024861     0.000771 ✅ 正常           
  mi_proj_layer0                0.022053     0.000075 ✅ 正常           
  dis_proj_layer0               0.022408     0.000074 ✅ 正常           
================================================================================

Epoch 200, Total Loss: 14.9412, Recover Loss: 0.9399, miRNA CL: 7.2525, Disease CL: 6.4783, Inter-view (est): 3.1687, Recon Loss: 0.0292, Time: 202.96s
[INFO] Hypergraph updated at epoch 250

🔧 Epoch 250 梯度检查:
================================================================================

  参数名称                              梯度范数         梯度均值 状态             
  ----------------------------------------------------------------------
  type_relations                0.158888     0.002638 ✅ 正常           
  exist_relation                0.021315     0.000761 ✅ 正常           
  mi_proj_layer0                0.021846     0.000072 ✅ 正常           
  dis_proj_layer0               0.023609     0.000077 ✅ 正常           
================================================================================

Epoch 250, Total Loss: 14.7226, Recover Loss: 0.9187, miRNA CL: 7.1431, Disease CL: 6.3957, Inter-view (est): 3.1243, Recon Loss: 0.0290, Time: 237.06s
[INFO] Hypergraph updated at epoch 300

🔧 Epoch 300 梯度检查:
================================================================================

  参数名称                              梯度范数         梯度均值 状态             
  ----------------------------------------------------------------------
  type_relations                0.161792     0.002678 ✅ 正常           
  exist_relation                0.019798     0.000689 ✅ 正常           
  mi_proj_layer0                0.021630     0.000069 ✅ 正常           
  dis_proj_layer0               0.021268     0.000069 ✅ 正常           
================================================================================

Epoch 300, Total Loss: 14.5321, Recover Loss: 0.8883, miRNA CL: 7.0594, Disease CL: 6.3250, Inter-view (est): 3.0887, Recon Loss: 0.0276, Time: 271.32s
[INFO] Hypergraph updated at epoch 350

🔧 Epoch 350 梯度检查:
================================================================================

  参数名称                              梯度范数         梯度均值 状态             
  ----------------------------------------------------------------------
  type_relations                0.135152     0.002183 ✅ 正常           
  exist_relation                0.027612     0.000948 ✅ 正常           
  mi_proj_layer0                0.021173     0.000062 ✅ 正常           
  dis_proj_layer0               0.026125     0.000076 ✅ 正常           
================================================================================

Epoch 350, Total Loss: 14.3906, Recover Loss: 0.8758, miRNA CL: 6.9837, Disease CL: 6.2757, Inter-view (est): 3.0599, Recon Loss: 0.0276, Time: 305.80s
[INFO] Hypergraph updated at epoch 400

🔧 Epoch 400 梯度检查:
================================================================================

  参数名称                              梯度范数         梯度均值 状态             
  ----------------------------------------------------------------------
  type_relations                0.158127     0.002423 ✅ 正常           
  exist_relation                0.024729     0.000752 ✅ 正常           
  mi_proj_layer0                0.029701     0.000080 ✅ 正常           
  dis_proj_layer0               0.043078     0.000110 ✅ 正常           
================================================================================

Epoch 400, Total Loss: 14.2630, Recover Loss: 0.8680, miRNA CL: 6.9054, Disease CL: 6.2384, Inter-view (est): 3.0332, Recon Loss: 0.0267, Time: 339.90s
[INFO] Hypergraph updated at epoch 450

🔧 Epoch 450 梯度检查:
================================================================================

  参数名称                              梯度范数         梯度均值 状态             
  ----------------------------------------------------------------------
  type_relations                0.133655     0.002195 ✅ 正常           
  exist_relation                0.022371     0.000714 ✅ 正常           
  mi_proj_layer0                0.022036     0.000063 ✅ 正常           
  dis_proj_layer0               0.023837     0.000072 ✅ 正常           
================================================================================

Epoch 450, Total Loss: 14.1446, Recover Loss: 0.8466, miRNA CL: 6.8307, Disease CL: 6.2174, Inter-view (est): 3.0111, Recon Loss: 0.0273, Time: 373.87s
[INFO] Hypergraph updated at epoch 500

🔧 Epoch 500 梯度检查:
================================================================================

  参数名称                              梯度范数         梯度均值 状态             
  ----------------------------------------------------------------------
  type_relations                0.105152     0.001779 ✅ 正常           
  exist_relation                0.018928     0.000643 ✅ 正常           
  mi_proj_layer0                0.019458     0.000059 ✅ 正常           
  dis_proj_layer0               0.019737     0.000060 ✅ 正常           
================================================================================

Epoch 500, Total Loss: 14.0886, Recover Loss: 0.8420, miRNA CL: 6.7904, Disease CL: 6.2074, Inter-view (est): 2.9995, Recon Loss: 0.0272, Time: 407.97s
[INFO] Hypergraph updated at epoch 550

🔧 Epoch 550 梯度检查:
================================================================================

  参数名称                              梯度范数         梯度均值 状态             
  ----------------------------------------------------------------------
  type_relations                0.131558     0.002182 ✅ 正常           
  exist_relation                0.024729     0.000785 ✅ 正常           
  mi_proj_layer0                0.019240     0.000060 ✅ 正常           
  dis_proj_layer0               0.026525     0.000075 ✅ 正常           
================================================================================

Epoch 550, Total Loss: 14.0455, Recover Loss: 0.8386, miRNA CL: 6.7609, Disease CL: 6.1988, Inter-view (est): 2.9907, Recon Loss: 0.0263, Time: 442.66s
[INFO] Hypergraph updated at epoch 600

🔧 Epoch 600 梯度检查:
================================================================================

  参数名称                              梯度范数         梯度均值 状态             
  ----------------------------------------------------------------------
  type_relations                0.120543     0.001871 ✅ 正常           
  exist_relation                0.021330     0.000687 ✅ 正常           
  mi_proj_layer0                0.020623     0.000062 ✅ 正常           
  dis_proj_layer0               0.022519     0.000068 ✅ 正常           
================================================================================

Epoch 600, Total Loss: 14.0099, Recover Loss: 0.8382, miRNA CL: 6.7344, Disease CL: 6.1902, Inter-view (est): 2.9826, Recon Loss: 0.0271, Time: 476.83s
[INFO] Hypergraph updated at epoch 650

🔧 Epoch 650 梯度检查:
================================================================================

  参数名称                              梯度范数         梯度均值 状态             
  ----------------------------------------------------------------------
  type_relations                0.137477     0.002211 ✅ 正常           
  exist_relation                0.015330     0.000540 ✅ 正常           
  mi_proj_layer0                0.020256     0.000059 ✅ 正常           
  dis_proj_layer0               0.022896     0.000069 ✅ 正常           
================================================================================

Epoch 650, Total Loss: 13.9687, Recover Loss: 0.8273, miRNA CL: 6.7140, Disease CL: 6.1816, Inter-view (est): 2.9759, Recon Loss: 0.0267, Time: 511.15s

================================================================================
Training completed. Running final test...
================================================================================
Fold 2 completed - AUC: 0.9799, Top-1 F1: 0.5469
Fold 2 training time: 511.92 seconds
=== Cross Validation Fold 3/5 ===
Using hidden dimensions: [256, 256] with 4 attention heads
优化模型初始化: miRNA数量 = 495, 疾病数量 = 383
   节点维度: 256 → 128
   类型数量: 4
   Temperature: 2.0 (可学习)
   Loss mode: two_head
   loss_mode=two_head
   exist_weight=0.300, type_weight=0.700

✅ SimplifiedMultiTypeAssociationLoss 初始化 (改进版)
   类别权重 (beta=0.99999): ['0.780', '1.822', '0.977', '0.421']
Original positive index shape: torch.Size([1072, 2])
Original negative index shape: torch.Size([135416, 2])
采样后负样本数量: 10720
🎯 Building TRUE DUAL VIEWS from four different sources...
📊 Data sources loaded:
  Disease semantic: torch.Size([383, 383])
  miRNA functional: torch.Size([495, 495])
  Disease-gene: torch.Size([383, 383])
  miRNA-sequence: torch.Size([495, 495])
🧬 Building miRNA dual-view hypergraphs...
  📊 miRNA View 1 (Sequence): torch.Size([495, 878])
  📊 miRNA View 2 (Function): torch.Size([495, 878])
🦠 Building disease dual-view hypergraphs...
  📊 Disease View 1 (Gene): torch.Size([383, 878])
  📊 Disease View 2 (Semantic): torch.Size([383, 878])
✅ Successfully built TRUE DUAL VIEWS:
   🧬 miRNA: Sequence Features (m_ss.xlsx) vs Functional Similarity (mi_fun_sim_2.0.csv)
   🦠 Disease: Gene Features (d_gs.xlsx) vs Semantic Similarity (dis_sem_sim_2.0.csv)

🔧 Epoch 1 梯度检查:
================================================================================

  参数名称                              梯度范数         梯度均值 状态             
  ----------------------------------------------------------------------
  type_relations                0.057100     0.001782 ✅ 正常           
  exist_relation                0.191592     0.010726 ✅ 正常           
  mi_proj_layer0                0.811565     0.002155 ✅ 正常           
  dis_proj_layer0               0.630422     0.002010 ✅ 正常           
================================================================================

Epoch 1, Total Loss: 20.2751, Recover Loss: 1.0911, miRNA CL: 8.9437, Disease CL: 8.4171, Inter-view (est): 4.0063, Recon Loss: 1.5255, Time: 0.67s
[INFO] Hypergraph updated at epoch 5
[INFO] Hypergraph updated at epoch 10
[INFO] Hypergraph updated at epoch 15
[INFO] Hypergraph updated at epoch 20
[INFO] Hypergraph updated at epoch 25
[INFO] Hypergraph updated at epoch 30
[INFO] Hypergraph updated at epoch 35
[INFO] Hypergraph updated at epoch 40
[INFO] Hypergraph updated at epoch 45
[INFO] Hypergraph updated at epoch 50

🔧 Epoch 50 梯度检查:
================================================================================

  参数名称                              梯度范数         梯度均值 状态             
  ----------------------------------------------------------------------
  type_relations                0.069779     0.001800 ✅ 正常           
  exist_relation                0.015742     0.000966 ✅ 正常           
  mi_proj_layer0                0.024283     0.000086 ✅ 正常           
  dis_proj_layer0               0.028124     0.000099 ✅ 正常           
================================================================================

Epoch 50, Total Loss: 17.1778, Recover Loss: 1.0073, miRNA CL: 8.0019, Disease CL: 7.6933, Inter-view (est): 3.6220, Recon Loss: 0.1926, Time: 99.75s
[INFO] Hypergraph updated at epoch 100

🔧 Epoch 100 梯度检查:
================================================================================

  参数名称                              梯度范数         梯度均值 状态             
  ----------------------------------------------------------------------
  type_relations                0.114443     0.002211 ✅ 正常           
  exist_relation                0.012564     0.000698 ✅ 正常           
  mi_proj_layer0                0.023003     0.000076 ✅ 正常           
  dis_proj_layer0               0.021696     0.000073 ✅ 正常           
================================================================================

Epoch 100, Total Loss: 16.0945, Recover Loss: 0.9907, miRNA CL: 7.7464, Disease CL: 7.0619, Inter-view (est): 3.4173, Recon Loss: 0.0317, Time: 137.85s
[INFO] Hypergraph updated at epoch 150

🔧 Epoch 150 梯度检查:
================================================================================

  参数名称                              梯度范数         梯度均值 状态             
  ----------------------------------------------------------------------
  type_relations                0.156246     0.002705 ✅ 正常           
  exist_relation                0.019608     0.000821 ✅ 正常           
  mi_proj_layer0                0.024994     0.000084 ✅ 正常           
  dis_proj_layer0               0.025957     0.000081 ✅ 正常           
================================================================================

Epoch 150, Total Loss: 15.5193, Recover Loss: 0.9673, miRNA CL: 7.5653, Disease CL: 6.7080, Inter-view (est): 3.2938, Recon Loss: 0.0298, Time: 172.05s
[INFO] Hypergraph updated at epoch 200

🔧 Epoch 200 梯度检查:
================================================================================

  参数名称                              梯度范数         梯度均值 状态             
  ----------------------------------------------------------------------
  type_relations                0.178796     0.002696 ✅ 正常           
  exist_relation                0.024371     0.000793 ✅ 正常           
  mi_proj_layer0                0.024561     0.000079 ✅ 正常           
  dis_proj_layer0               0.021814     0.000070 ✅ 正常           
================================================================================

Epoch 200, Total Loss: 15.0548, Recover Loss: 0.9337, miRNA CL: 7.3154, Disease CL: 6.5363, Inter-view (est): 3.1966, Recon Loss: 0.0293, Time: 206.69s
[INFO] Hypergraph updated at epoch 250

🔧 Epoch 250 梯度检查:
================================================================================

  参数名称                              梯度范数         梯度均值 状态             
  ----------------------------------------------------------------------
  type_relations                0.163291     0.002594 ✅ 正常           
  exist_relation                0.021845     0.000638 ✅ 正常           
  mi_proj_layer0                0.027326     0.000082 ✅ 正常           
  dis_proj_layer0               0.025678     0.000077 ✅ 正常           
================================================================================

Epoch 250, Total Loss: 14.7517, Recover Loss: 0.9145, miRNA CL: 7.1458, Disease CL: 6.4292, Inter-view (est): 3.1327, Recon Loss: 0.0283, Time: 241.12s
[INFO] Hypergraph updated at epoch 300

🔧 Epoch 300 梯度检查:
================================================================================

  参数名称                              梯度范数         梯度均值 状态             
  ----------------------------------------------------------------------
  type_relations                0.164962     0.002313 ✅ 正常           
  exist_relation                0.018768     0.000579 ✅ 正常           
  mi_proj_layer0                0.026462     0.000076 ✅ 正常           
  dis_proj_layer0               0.026712     0.000075 ✅ 正常           
================================================================================

Epoch 300, Total Loss: 14.5424, Recover Loss: 0.8881, miRNA CL: 7.0485, Disease CL: 6.3492, Inter-view (est): 3.0918, Recon Loss: 0.0279, Time: 276.01s
[INFO] Hypergraph updated at epoch 350

🔧 Epoch 350 梯度检查:
================================================================================

  参数名称                              梯度范数         梯度均值 状态             
  ----------------------------------------------------------------------
  type_relations                0.138650     0.002161 ✅ 正常           
  exist_relation                0.017104     0.000623 ✅ 正常           
  mi_proj_layer0                0.024609     0.000068 ✅ 正常           
  dis_proj_layer0               0.021578     0.000065 ✅ 正常           
================================================================================

Epoch 350, Total Loss: 14.4010, Recover Loss: 0.8681, miRNA CL: 6.9843, Disease CL: 6.2965, Inter-view (est): 3.0648, Recon Loss: 0.0274, Time: 309.97s
[INFO] Hypergraph updated at epoch 400

🔧 Epoch 400 梯度检查:
================================================================================

  参数名称                              梯度范数         梯度均值 状态             
  ----------------------------------------------------------------------
  type_relations                0.152270     0.002211 ✅ 正常           
  exist_relation                0.015168     0.000567 ✅ 正常           
  mi_proj_layer0                0.024730     0.000072 ✅ 正常           
  dis_proj_layer0               0.026397     0.000076 ✅ 正常           
================================================================================

Epoch 400, Total Loss: 14.3059, Recover Loss: 0.8635, miRNA CL: 6.9282, Disease CL: 6.2651, Inter-view (est): 3.0446, Recon Loss: 0.0269, Time: 344.30s
[INFO] Hypergraph updated at epoch 450

🔧 Epoch 450 梯度检查:
================================================================================

  参数名称                              梯度范数         梯度均值 状态             
  ----------------------------------------------------------------------
  type_relations                0.144523     0.002385 ✅ 正常           
  exist_relation                0.013833     0.000513 ✅ 正常           
  mi_proj_layer0                0.020512     0.000064 ✅ 正常           
  dis_proj_layer0               0.023788     0.000074 ✅ 正常           
================================================================================

Epoch 450, Total Loss: 14.1920, Recover Loss: 0.8490, miRNA CL: 6.8577, Disease CL: 6.2384, Inter-view (est): 3.0222, Recon Loss: 0.0269, Time: 379.05s
[INFO] Hypergraph updated at epoch 500

🔧 Epoch 500 梯度检查:
================================================================================

  参数名称                              梯度范数         梯度均值 状态             
  ----------------------------------------------------------------------
  type_relations                0.165196     0.002614 ✅ 正常           
  exist_relation                0.013337     0.000513 ✅ 正常           
  mi_proj_layer0                0.025855     0.000078 ✅ 正常           
  dis_proj_layer0               0.029511     0.000087 ✅ 正常           
================================================================================

Epoch 500, Total Loss: 14.1344, Recover Loss: 0.8450, miRNA CL: 6.8203, Disease CL: 6.2234, Inter-view (est): 3.0101, Recon Loss: 0.0270, Time: 413.53s
[INFO] Hypergraph updated at epoch 550

🔧 Epoch 550 梯度检查:
================================================================================

  参数名称                              梯度范数         梯度均值 状态             
  ----------------------------------------------------------------------
  type_relations                0.142906     0.002296 ✅ 正常           
  exist_relation                0.016465     0.000489 ✅ 正常           
  mi_proj_layer0                0.021091     0.000065 ✅ 正常           
  dis_proj_layer0               0.022258     0.000069 ✅ 正常           
================================================================================

Epoch 550, Total Loss: 14.0539, Recover Loss: 0.8271, miRNA CL: 6.7710, Disease CL: 6.2116, Inter-view (est): 2.9960, Recon Loss: 0.0267, Time: 447.56s
[INFO] Hypergraph updated at epoch 600

🔧 Epoch 600 梯度检查:
================================================================================

  参数名称                              梯度范数         梯度均值 状态             
  ----------------------------------------------------------------------
  type_relations                0.142894     0.002370 ✅ 正常           
  exist_relation                0.015502     0.000563 ✅ 正常           
  mi_proj_layer0                0.023739     0.000070 ✅ 正常           
  dis_proj_layer0               0.025189     0.000075 ✅ 正常           
================================================================================

Epoch 600, Total Loss: 14.0292, Recover Loss: 0.8260, miRNA CL: 6.7570, Disease CL: 6.2033, Inter-view (est): 2.9908, Recon Loss: 0.0262, Time: 481.77s
[INFO] Hypergraph updated at epoch 650

🔧 Epoch 650 梯度检查:
================================================================================

  参数名称                              梯度范数         梯度均值 状态             
  ----------------------------------------------------------------------
  type_relations                0.130884     0.002159 ✅ 正常           
  exist_relation                0.012641     0.000405 ✅ 正常           
  mi_proj_layer0                0.023213     0.000070 ✅ 正常           
  dis_proj_layer0               0.024305     0.000074 ✅ 正常           
================================================================================

Epoch 650, Total Loss: 13.9948, Recover Loss: 0.8202, miRNA CL: 6.7369, Disease CL: 6.1956, Inter-view (est): 2.9844, Recon Loss: 0.0260, Time: 516.24s

================================================================================
Training completed. Running final test...
================================================================================
Fold 3 completed - AUC: 0.9797, Top-1 F1: 0.5620
Fold 3 training time: 517.04 seconds
=== Cross Validation Fold 4/5 ===
Using hidden dimensions: [256, 256] with 4 attention heads
优化模型初始化: miRNA数量 = 495, 疾病数量 = 383
   节点维度: 256 → 128
   类型数量: 4
   Temperature: 2.0 (可学习)
   Loss mode: two_head
   loss_mode=two_head
   exist_weight=0.300, type_weight=0.700

✅ SimplifiedMultiTypeAssociationLoss 初始化 (改进版)
   类别权重 (beta=0.99999): ['0.780', '1.822', '0.977', '0.421']
Original positive index shape: torch.Size([1072, 2])
Original negative index shape: torch.Size([135416, 2])
采样后负样本数量: 10720
🎯 Building TRUE DUAL VIEWS from four different sources...
📊 Data sources loaded:
  Disease semantic: torch.Size([383, 383])
  miRNA functional: torch.Size([495, 495])
  Disease-gene: torch.Size([383, 383])
  miRNA-sequence: torch.Size([495, 495])
🧬 Building miRNA dual-view hypergraphs...
  📊 miRNA View 1 (Sequence): torch.Size([495, 878])
  📊 miRNA View 2 (Function): torch.Size([495, 878])
🦠 Building disease dual-view hypergraphs...
  📊 Disease View 1 (Gene): torch.Size([383, 878])
  📊 Disease View 2 (Semantic): torch.Size([383, 878])
✅ Successfully built TRUE DUAL VIEWS:
   🧬 miRNA: Sequence Features (m_ss.xlsx) vs Functional Similarity (mi_fun_sim_2.0.csv)
   🦠 Disease: Gene Features (d_gs.xlsx) vs Semantic Similarity (dis_sem_sim_2.0.csv)

🔧 Epoch 1 梯度检查:
================================================================================

  参数名称                              梯度范数         梯度均值 状态             
  ----------------------------------------------------------------------
  type_relations                0.058138     0.001779 ✅ 正常           
  exist_relation                0.455722     0.024882 ✅ 正常           
  mi_proj_layer0                1.922346     0.004291 ✅ 正常           
  dis_proj_layer0               1.605961     0.004625 ✅ 正常           
================================================================================

Epoch 1, Total Loss: 20.3520, Recover Loss: 1.1776, miRNA CL: 8.9423, Disease CL: 8.4508, Inter-view (est): 4.0138, Recon Loss: 1.4830, Time: 0.71s
[INFO] Hypergraph updated at epoch 5
[INFO] Hypergraph updated at epoch 10
[INFO] Hypergraph updated at epoch 15
[INFO] Hypergraph updated at epoch 20
[INFO] Hypergraph updated at epoch 25
[INFO] Hypergraph updated at epoch 30
[INFO] Hypergraph updated at epoch 35
[INFO] Hypergraph updated at epoch 40
[INFO] Hypergraph updated at epoch 45
[INFO] Hypergraph updated at epoch 50

🔧 Epoch 50 梯度检查:
================================================================================

  参数名称                              梯度范数         梯度均值 状态             
  ----------------------------------------------------------------------
  type_relations                0.069515     0.001784 ✅ 正常           
  exist_relation                0.010701     0.000687 ✅ 正常           
  mi_proj_layer0                0.019899     0.000068 ✅ 正常           
  dis_proj_layer0               0.021429     0.000076 ✅ 正常           
================================================================================

Epoch 50, Total Loss: 17.1983, Recover Loss: 1.0085, miRNA CL: 7.9902, Disease CL: 7.7282, Inter-view (est): 3.6273, Recon Loss: 0.1882, Time: 92.54s
[INFO] Hypergraph updated at epoch 100

🔧 Epoch 100 梯度检查:
================================================================================

  参数名称                              梯度范数         梯度均值 状态             
  ----------------------------------------------------------------------
  type_relations                0.104226     0.002155 ✅ 正常           
  exist_relation                0.019149     0.000692 ✅ 正常           
  mi_proj_layer0                0.020043     0.000066 ✅ 正常           
  dis_proj_layer0               0.023404     0.000080 ✅ 正常           
================================================================================

Epoch 100, Total Loss: 16.0821, Recover Loss: 0.9952, miRNA CL: 7.7326, Disease CL: 7.0582, Inter-view (est): 3.4133, Recon Loss: 0.0315, Time: 131.39s
[INFO] Hypergraph updated at epoch 150

🔧 Epoch 150 梯度检查:
================================================================================

  参数名称                              梯度范数         梯度均值 状态             
  ----------------------------------------------------------------------
  type_relations                0.131495     0.002395 ✅ 正常           
  exist_relation                0.014323     0.000590 ✅ 正常           
  mi_proj_layer0                0.019025     0.000067 ✅ 正常           
  dis_proj_layer0               0.028277     0.000088 ✅ 正常           
================================================================================

Epoch 150, Total Loss: 15.4061, Recover Loss: 0.9784, miRNA CL: 7.4832, Disease CL: 6.6648, Inter-view (est): 3.2649, Recon Loss: 0.0295, Time: 165.14s
[INFO] Hypergraph updated at epoch 200

🔧 Epoch 200 梯度检查:
================================================================================

  参数名称                              梯度范数         梯度均值 状态             
  ----------------------------------------------------------------------
  type_relations                0.168404     0.002872 ✅ 正常           
  exist_relation                0.019346     0.000786 ✅ 正常           
  mi_proj_layer0                0.023641     0.000079 ✅ 正常           
  dis_proj_layer0               0.025326     0.000084 ✅ 正常           
================================================================================

Epoch 200, Total Loss: 14.8848, Recover Loss: 0.9394, miRNA CL: 7.2154, Disease CL: 6.4596, Inter-view (est): 3.1558, Recon Loss: 0.0295, Time: 199.66s
[INFO] Hypergraph updated at epoch 250

🔧 Epoch 250 梯度检查:
================================================================================

  参数名称                              梯度范数         梯度均值 状态             
  ----------------------------------------------------------------------
  type_relations                0.154715     0.002754 ✅ 正常           
  exist_relation                0.021606     0.000786 ✅ 正常           
  mi_proj_layer0                0.023134     0.000074 ✅ 正常           
  dis_proj_layer0               0.027061     0.000080 ✅ 正常           
================================================================================

Epoch 250, Total Loss: 14.6746, Recover Loss: 0.9103, miRNA CL: 7.1158, Disease CL: 6.3838, Inter-view (est): 3.1153, Recon Loss: 0.0290, Time: 233.97s
[INFO] Hypergraph updated at epoch 300

🔧 Epoch 300 梯度检查:
================================================================================

  参数名称                              梯度范数         梯度均值 状态             
  ----------------------------------------------------------------------
  type_relations                0.135665     0.002361 ✅ 正常           
  exist_relation                0.028493     0.001007 ✅ 正常           
  mi_proj_layer0                0.023610     0.000074 ✅ 正常           
  dis_proj_layer0               0.027624     0.000083 ✅ 正常           
================================================================================

Epoch 300, Total Loss: 14.5099, Recover Loss: 0.8909, miRNA CL: 7.0320, Disease CL: 6.3283, Inter-view (est): 3.0831, Recon Loss: 0.0275, Time: 268.59s
[INFO] Hypergraph updated at epoch 350

🔧 Epoch 350 梯度检查:
================================================================================

  参数名称                              梯度范数         梯度均值 状态             
  ----------------------------------------------------------------------
  type_relations                0.117736     0.002056 ✅ 正常           
  exist_relation                0.013871     0.000530 ✅ 正常           
  mi_proj_layer0                0.019526     0.000061 ✅ 正常           
  dis_proj_layer0               0.022065     0.000069 ✅ 正常           
================================================================================

Epoch 350, Total Loss: 14.3477, Recover Loss: 0.8643, miRNA CL: 6.9566, Disease CL: 6.2724, Inter-view (est): 3.0529, Recon Loss: 0.0273, Time: 302.31s
[INFO] Hypergraph updated at epoch 400

🔧 Epoch 400 梯度检查:
================================================================================

  参数名称                              梯度范数         梯度均值 状态             
  ----------------------------------------------------------------------
  type_relations                0.119815     0.002163 ✅ 正常           
  exist_relation                0.016923     0.000551 ✅ 正常           
  mi_proj_layer0                0.021889     0.000066 ✅ 正常           
  dis_proj_layer0               0.028433     0.000080 ✅ 正常           
================================================================================

Epoch 400, Total Loss: 14.1872, Recover Loss: 0.8538, miRNA CL: 6.8547, Disease CL: 6.2285, Inter-view (est): 3.0192, Recon Loss: 0.0265, Time: 336.55s
[INFO] Hypergraph updated at epoch 450

🔧 Epoch 450 梯度检查:
================================================================================

  参数名称                              梯度范数         梯度均值 状态             
  ----------------------------------------------------------------------
  type_relations                0.118836     0.002074 ✅ 正常           
  exist_relation                0.021230     0.000786 ✅ 正常           
  mi_proj_layer0                0.023193     0.000069 ✅ 正常           
  dis_proj_layer0               0.025804     0.000079 ✅ 正常           
================================================================================

Epoch 450, Total Loss: 14.1047, Recover Loss: 0.8429, miRNA CL: 6.8031, Disease CL: 6.2092, Inter-view (est): 3.0028, Recon Loss: 0.0275, Time: 370.77s
[INFO] Hypergraph updated at epoch 500

🔧 Epoch 500 梯度检查:
================================================================================

  参数名称                              梯度范数         梯度均值 状态             
  ----------------------------------------------------------------------
  type_relations                0.113129     0.002008 ✅ 正常           
  exist_relation                0.014599     0.000548 ✅ 正常           
  mi_proj_layer0                0.021096     0.000063 ✅ 正常           
  dis_proj_layer0               0.022337     0.000069 ✅ 正常           
================================================================================

Epoch 500, Total Loss: 14.0504, Recover Loss: 0.8316, miRNA CL: 6.7704, Disease CL: 6.2009, Inter-view (est): 2.9934, Recon Loss: 0.0261, Time: 404.74s
[INFO] Hypergraph updated at epoch 550

🔧 Epoch 550 梯度检查:
================================================================================

  参数名称                              梯度范数         梯度均值 状态             
  ----------------------------------------------------------------------
  type_relations                0.105041     0.001845 ✅ 正常           
  exist_relation                0.019830     0.000668 ✅ 正常           
  mi_proj_layer0                0.020428     0.000060 ✅ 正常           
  dis_proj_layer0               0.024302     0.000073 ✅ 正常           
================================================================================

Epoch 550, Total Loss: 14.0227, Recover Loss: 0.8316, miRNA CL: 6.7503, Disease CL: 6.1938, Inter-view (est): 2.9871, Recon Loss: 0.0264, Time: 438.34s
[INFO] Hypergraph updated at epoch 600

🔧 Epoch 600 梯度检查:
================================================================================

  参数名称                              梯度范数         梯度均值 状态             
  ----------------------------------------------------------------------
  type_relations                0.132716     0.002318 ✅ 正常           
  exist_relation                0.016472     0.000590 ✅ 正常           
  mi_proj_layer0                0.023837     0.000068 ✅ 正常           
  dis_proj_layer0               0.027084     0.000078 ✅ 正常           
================================================================================

Epoch 600, Total Loss: 13.9951, Recover Loss: 0.8292, miRNA CL: 6.7325, Disease CL: 6.1868, Inter-view (est): 2.9814, Recon Loss: 0.0265, Time: 472.74s
[INFO] Hypergraph updated at epoch 650

🔧 Epoch 650 梯度检查:
================================================================================

  参数名称                              梯度范数         梯度均值 状态             
  ----------------------------------------------------------------------
  type_relations                0.114978     0.001933 ✅ 正常           
  exist_relation                0.018621     0.000645 ✅ 正常           
  mi_proj_layer0                0.018499     0.000057 ✅ 正常           
  dis_proj_layer0               0.022585     0.000067 ✅ 正常           
================================================================================

Epoch 650, Total Loss: 13.9635, Recover Loss: 0.8202, miRNA CL: 6.7179, Disease CL: 6.1799, Inter-view (est): 2.9764, Recon Loss: 0.0261, Time: 506.99s

================================================================================
Training completed. Running final test...
================================================================================
Fold 4 completed - AUC: 0.9747, Top-1 F1: 0.5376
Fold 4 training time: 507.79 seconds
=== Cross Validation Fold 5/5 ===
Using hidden dimensions: [256, 256] with 4 attention heads
优化模型初始化: miRNA数量 = 495, 疾病数量 = 383
   节点维度: 256 → 128
   类型数量: 4
   Temperature: 2.0 (可学习)
   Loss mode: two_head
   loss_mode=two_head
   exist_weight=0.300, type_weight=0.700

✅ SimplifiedMultiTypeAssociationLoss 初始化 (改进版)
   类别权重 (beta=0.99999): ['0.780', '1.822', '0.977', '0.421']
Original positive index shape: torch.Size([1072, 2])
Original negative index shape: torch.Size([135416, 2])
采样后负样本数量: 10720
🎯 Building TRUE DUAL VIEWS from four different sources...
📊 Data sources loaded:
  Disease semantic: torch.Size([383, 383])
  miRNA functional: torch.Size([495, 495])
  Disease-gene: torch.Size([383, 383])
  miRNA-sequence: torch.Size([495, 495])
🧬 Building miRNA dual-view hypergraphs...
  📊 miRNA View 1 (Sequence): torch.Size([495, 878])
  📊 miRNA View 2 (Function): torch.Size([495, 878])
🦠 Building disease dual-view hypergraphs...
  📊 Disease View 1 (Gene): torch.Size([383, 878])
  📊 Disease View 2 (Semantic): torch.Size([383, 878])
✅ Successfully built TRUE DUAL VIEWS:
   🧬 miRNA: Sequence Features (m_ss.xlsx) vs Functional Similarity (mi_fun_sim_2.0.csv)
   🦠 Disease: Gene Features (d_gs.xlsx) vs Semantic Similarity (dis_sem_sim_2.0.csv)

🔧 Epoch 1 梯度检查:
================================================================================

  参数名称                              梯度范数         梯度均值 状态             
  ----------------------------------------------------------------------
  type_relations                0.051819     0.001695 ✅ 正常           
  exist_relation                0.228084     0.013651 ✅ 正常           
  mi_proj_layer0                1.148860     0.002908 ✅ 正常           
  dis_proj_layer0               0.929649     0.002715 ✅ 正常           
================================================================================

Epoch 1, Total Loss: 20.2878, Recover Loss: 1.1091, miRNA CL: 8.9262, Disease CL: 8.4225, Inter-view (est): 4.0035, Recon Loss: 1.5320, Time: 0.65s
[INFO] Hypergraph updated at epoch 5
[INFO] Hypergraph updated at epoch 10
[INFO] Hypergraph updated at epoch 15
[INFO] Hypergraph updated at epoch 20
[INFO] Hypergraph updated at epoch 25
[INFO] Hypergraph updated at epoch 30
[INFO] Hypergraph updated at epoch 35
[INFO] Hypergraph updated at epoch 40
[INFO] Hypergraph updated at epoch 45
[INFO] Hypergraph updated at epoch 50

🔧 Epoch 50 梯度检查:
================================================================================

  参数名称                              梯度范数         梯度均值 状态             
  ----------------------------------------------------------------------
  type_relations                0.060547     0.001773 ✅ 正常           
  exist_relation                0.013728     0.000851 ✅ 正常           
  mi_proj_layer0                0.026387     0.000091 ✅ 正常           
  dis_proj_layer0               0.023414     0.000085 ✅ 正常           
================================================================================

Epoch 50, Total Loss: 17.1704, Recover Loss: 1.0114, miRNA CL: 8.0476, Disease CL: 7.7229, Inter-view (est): 3.6393, Recon Loss: 0.1053, Time: 96.75s
[INFO] Hypergraph updated at epoch 100

🔧 Epoch 100 梯度检查:
================================================================================

  参数名称                              梯度范数         梯度均值 状态             
  ----------------------------------------------------------------------
  type_relations                0.099594     0.002335 ✅ 正常           
  exist_relation                0.016589     0.000753 ✅ 正常           
  mi_proj_layer0                0.019692     0.000070 ✅ 正常           
  dis_proj_layer0               0.019588     0.000068 ✅ 正常           
================================================================================

Epoch 100, Total Loss: 16.0926, Recover Loss: 0.9939, miRNA CL: 7.7502, Disease CL: 7.0534, Inter-view (est): 3.4162, Recon Loss: 0.0318, Time: 132.90s
[INFO] Hypergraph updated at epoch 150

🔧 Epoch 150 梯度检查:
================================================================================

  参数名称                              梯度范数         梯度均值 状态             
  ----------------------------------------------------------------------
  type_relations                0.157465     0.003167 ✅ 正常           
  exist_relation                0.016168     0.000692 ✅ 正常           
  mi_proj_layer0                0.023885     0.000082 ✅ 正常           
  dis_proj_layer0               0.021094     0.000075 ✅ 正常           
================================================================================

Epoch 150, Total Loss: 15.4972, Recover Loss: 0.9676, miRNA CL: 7.5817, Disease CL: 6.6698, Inter-view (est): 3.2888, Recon Loss: 0.0298, Time: 167.54s
[INFO] Hypergraph updated at epoch 200

🔧 Epoch 200 梯度检查:
================================================================================

  参数名称                              梯度范数         梯度均值 状态             
  ----------------------------------------------------------------------
  type_relations                0.166774     0.003225 ✅ 正常           
  exist_relation                0.018434     0.000719 ✅ 正常           
  mi_proj_layer0                0.027424     0.000086 ✅ 正常           
  dis_proj_layer0               0.023507     0.000078 ✅ 正常           
================================================================================

Epoch 200, Total Loss: 14.9450, Recover Loss: 0.9297, miRNA CL: 7.3065, Disease CL: 6.4412, Inter-view (est): 3.1725, Recon Loss: 0.0293, Time: 201.76s
[INFO] Hypergraph updated at epoch 250

🔧 Epoch 250 梯度检查:
================================================================================

  参数名称                              梯度范数         梯度均值 状态             
  ----------------------------------------------------------------------
  type_relations                0.188950     0.003408 ✅ 正常           
  exist_relation                0.027899     0.001026 ✅ 正常           
  mi_proj_layer0                0.023107     0.000076 ✅ 正常           
  dis_proj_layer0               0.023676     0.000077 ✅ 正常           
================================================================================

Epoch 250, Total Loss: 14.6324, Recover Loss: 0.8911, miRNA CL: 7.1305, Disease CL: 6.3504, Inter-view (est): 3.1110, Recon Loss: 0.0288, Time: 236.33s
[INFO] Hypergraph updated at epoch 300

🔧 Epoch 300 梯度检查:
================================================================================

  参数名称                              梯度范数         梯度均值 状态             
  ----------------------------------------------------------------------
  type_relations                0.164000     0.002957 ✅ 正常           
  exist_relation                0.023749     0.000897 ✅ 正常           
  mi_proj_layer0                0.023573     0.000075 ✅ 正常           
  dis_proj_layer0               0.020870     0.000068 ✅ 正常           
================================================================================

Epoch 300, Total Loss: 14.4545, Recover Loss: 0.8702, miRNA CL: 7.0334, Disease CL: 6.2963, Inter-view (est): 3.0761, Recon Loss: 0.0278, Time: 271.21s
[INFO] Hypergraph updated at epoch 350

🔧 Epoch 350 梯度检查:
================================================================================

  参数名称                              梯度范数         梯度均值 状态             
  ----------------------------------------------------------------------
  type_relations                0.124444     0.002239 ✅ 正常           
  exist_relation                0.032296     0.001147 ✅ 正常           
  mi_proj_layer0                0.021961     0.000070 ✅ 正常           
  dis_proj_layer0               0.024005     0.000073 ✅ 正常           
================================================================================

Epoch 350, Total Loss: 14.3513, Recover Loss: 0.8550, miRNA CL: 6.9844, Disease CL: 6.2613, Inter-view (est): 3.0567, Recon Loss: 0.0272, Time: 305.49s
[INFO] Hypergraph updated at epoch 400

🔧 Epoch 400 梯度检查:
================================================================================

  参数名称                              梯度范数         梯度均值 状态             
  ----------------------------------------------------------------------
  type_relations                0.101206     0.001937 ✅ 正常           
  exist_relation                0.027150     0.000963 ✅ 正常           
  mi_proj_layer0                0.018458     0.000058 ✅ 正常           
  dis_proj_layer0               0.018432     0.000058 ✅ 正常           
================================================================================

Epoch 400, Total Loss: 14.2430, Recover Loss: 0.8409, miRNA CL: 6.9228, Disease CL: 6.2319, Inter-view (est): 3.0357, Recon Loss: 0.0267, Time: 338.94s
[INFO] Hypergraph updated at epoch 450

🔧 Epoch 450 梯度检查:
================================================================================

  参数名称                              梯度范数         梯度均值 状态             
  ----------------------------------------------------------------------
  type_relations                0.115206     0.002194 ✅ 正常           
  exist_relation                0.020991     0.000756 ✅ 正常           
  mi_proj_layer0                0.024901     0.000073 ✅ 正常           
  dis_proj_layer0               0.025762     0.000073 ✅ 正常           
================================================================================

Epoch 450, Total Loss: 14.1550, Recover Loss: 0.8306, miRNA CL: 6.8700, Disease CL: 6.2089, Inter-view (est): 3.0182, Recon Loss: 0.0269, Time: 373.12s
[INFO] Hypergraph updated at epoch 500

🔧 Epoch 500 梯度检查:
================================================================================

  参数名称                              梯度范数         梯度均值 状态             
  ----------------------------------------------------------------------
  type_relations                0.116777     0.002147 ✅ 正常           
  exist_relation                0.025946     0.000893 ✅ 正常           
  mi_proj_layer0                0.025170     0.000076 ✅ 正常           
  dis_proj_layer0               0.022173     0.000071 ✅ 正常           
================================================================================

Epoch 500, Total Loss: 14.0726, Recover Loss: 0.8211, miRNA CL: 6.8143, Disease CL: 6.1932, Inter-view (est): 3.0017, Recon Loss: 0.0270, Time: 406.90s
[INFO] Hypergraph updated at epoch 550

🔧 Epoch 550 梯度检查:
================================================================================

  参数名称                              梯度范数         梯度均值 状态             
  ----------------------------------------------------------------------
  type_relations                0.126803     0.002357 ✅ 正常           
  exist_relation                0.024530     0.000841 ✅ 正常           
  mi_proj_layer0                0.022162     0.000069 ✅ 正常           
  dis_proj_layer0               0.023074     0.000071 ✅ 正常           
================================================================================

Epoch 550, Total Loss: 14.0237, Recover Loss: 0.8223, miRNA CL: 6.7767, Disease CL: 6.1822, Inter-view (est): 2.9905, Recon Loss: 0.0266, Time: 440.95s
[INFO] Hypergraph updated at epoch 600

🔧 Epoch 600 梯度检查:
================================================================================

  参数名称                              梯度范数         梯度均值 状态             
  ----------------------------------------------------------------------
  type_relations                0.115361     0.002069 ✅ 正常           
  exist_relation                0.024500     0.000798 ✅ 正常           
  mi_proj_layer0                0.021646     0.000064 ✅ 正常           
  dis_proj_layer0               0.019824     0.000062 ✅ 正常           
================================================================================

Epoch 600, Total Loss: 13.9709, Recover Loss: 0.8094, miRNA CL: 6.7473, Disease CL: 6.1728, Inter-view (est): 2.9816, Recon Loss: 0.0266, Time: 474.90s
[INFO] Hypergraph updated at epoch 650

🔧 Epoch 650 梯度检查:
================================================================================

  参数名称                              梯度范数         梯度均值 状态             
  ----------------------------------------------------------------------
  type_relations                0.122480     0.002119 ✅ 正常           
  exist_relation                0.019606     0.000777 ✅ 正常           
  mi_proj_layer0                0.022421     0.000067 ✅ 正常           
  dis_proj_layer0               0.021230     0.000065 ✅ 正常           
================================================================================

Epoch 650, Total Loss: 13.9332, Recover Loss: 0.8043, miRNA CL: 6.7244, Disease CL: 6.1638, Inter-view (est): 2.9742, Recon Loss: 0.0269, Time: 508.81s

================================================================================
Training completed. Running final test...
================================================================================
Fold 5 completed - AUC: 0.9780, Top-1 F1: 0.5729
Fold 5 training time: 509.60 seconds
Average binary metrics across folds: [[0.97755903 0.97235333 0.93616084 0.9338806  0.96910448 0.89865672
  0.90592096]]
🎯 Average Top-1 metrics across folds: {'top1_precision': 0.5171641791044775, 'top1_recall': np.float64(0.596742992269826), 'top1_f1': np.float64(0.5534853726550224)}

📊 CV_type Style Metrics Details:
  AUC            : 0.9776
  AUPR           : 0.9724
  F1             : 0.9362
  Accuracy       : 0.9339
  Recall         : 0.9691
  Specificity    : 0.8987
  Precision      : 0.9059

🎯 Top-1 Metrics Details:
  top1_precision : 0.5172
  top1_recall    : 0.5967
  top1_f1        : 0.5535

Total execution time: 2551.95 seconds

==========================================================================================
🎯 FINAL COMPREHENSIVE RESULTS WITH TOP-1 METRICS
==========================================================================================
📊 Binary Classification Metrics (Original):
  AUC: 0.9776
  AUPR: 0.9724
  F1: 0.9362
  Accuracy: 0.9339
  Recall: 0.9691
  Specificity: 0.8987
  Precision: 0.9059

🎯 CV_type Style Metrics (Enhanced):
  AUC: 0.9776
  AUPR: 0.9724
  F1: 0.9362
  Accuracy: 0.9339
  Recall: 0.9691
  Specificity: 0.8987
  Precision: 0.9059

🏆 Top-1 Metrics (NEW):
  Top-1 Precision: 0.5172
  Top-1 Recall: 0.5967
  Top-1 F1: 0.5535
==========================================================================================

================================================================
 SEED SWEEP SUMMARY
================================================================

====================================================================================================
SEED SWEEP — find seed closest to paper baseline
====================================================================================================
Seed          AUC     AUPR       F1     T1-P     T1-R    T1-F1      Dist
----------------------------------------------------------------------------------------------------
PAPER      0.9669   0.9738   0.9278   0.5842   0.6341   0.5970       ---
----------------------------------------------------------------------------------------------------
0          0.9738   0.9666   0.9303   0.5007   0.6005   0.5454  0.0717
1          0.9730   0.9671   0.9292   0.5373   0.5969   0.5655  0.0461
42         0.9740   0.9682   0.9329   0.5000   0.5891   0.5393  0.0767
1234       0.9776   0.9724   0.9362   0.5172   0.5967   0.5535  0.0608

[BEST] seed=1, normalized L2 distance to paper = 0.0461

→ Use --seed 1 cho hyperparam sweep tiếp theo.

[save] results\seed_sweep_summary.json
