hsa-let-7	breast neoplasms	target
hsa-let-7	breast neoplasms	tissue
hsa-let-7	carcinoma, hepatocellular	genetics
hsa-let-7	carcinoma, nasopharyngeal	target
hsa-let-7	colitis, ulcerative	target
hsa-let-7	colorectal carcinoma	genetics
hsa-let-7	colorectal carcinoma	target
hsa-let-7	endometriosis	genetics
hsa-let-7	glioma	epigenetics
hsa-let-7	glioma	target
hsa-let-7	hemangioma	target
hsa-let-7	hematologic neoplasms	genetics
hsa-let-7	hepatitis b virus infection	genetics
hsa-let-7	leukemia, myeloid, acute	target
hsa-let-7	liver cirrhosis	genetics
hsa-let-7	lung neoplasms	circulation
hsa-let-7	lung neoplasms	target
hsa-let-7	macular degeneration	genetics
hsa-let-7	melanoma	target
hsa-let-7	myasthenia gravis	circulation
hsa-let-7	mycobacterium tuberculosis infection	target
hsa-let-7	ovarian neoplasms	target
hsa-let-7	ovarian neoplasms	tissue
hsa-let-7	pancreatic neoplasms	genetics
hsa-let-7	pancreatic neoplasms	target
hsa-let-7	pancreatic neoplasms	tissue
hsa-let-7	prostate neoplasms	circulation
hsa-let-7	prostate neoplasms	genetics
hsa-let-7	prostate neoplasms	target
hsa-let-7	prostate neoplasms	tissue
hsa-let-7	stroke, ischemic	genetics
hsa-let-7a	adenocarcinoma, lung	tissue
hsa-let-7a	amyotrophic lateral sclerosis	tissue
hsa-let-7a	asthma	tissue
hsa-let-7a	atopic dermatitis	target
hsa-let-7a	brain neoplasms	target
hsa-let-7a	breast neoplasms	circulation
hsa-let-7a	breast neoplasms	genetics
hsa-let-7a	breast neoplasms	target
hsa-let-7a	breast neoplasms	tissue
hsa-let-7a	carcinoma, breast	tissue
hsa-let-7a	carcinoma, hepatocellular	genetics
hsa-let-7a	carcinoma, hepatocellular	target
hsa-let-7a	carcinoma, hepatocellular	tissue
hsa-let-7a	carcinoma, nasopharyngeal	genetics
hsa-let-7a	carcinoma, nasopharyngeal	target
hsa-let-7a	carcinoma, renal cell	target
hsa-let-7a	carcinoma, thyroid	tissue
hsa-let-7a	cardiomyopathy, dilated	circulation
hsa-let-7a	cervical neoplasms	target
hsa-let-7a	chronic kidney disease	circulation
hsa-let-7a	colorectal carcinoma	target
hsa-let-7a	colorectal carcinoma	tissue
hsa-let-7a	diabetes mellitus	circulation
hsa-let-7a	diabetes mellitus, type 2	genetics
hsa-let-7a	diabetic retinopathy	circulation
hsa-let-7a	esophageal neoplasms	target
hsa-let-7a	ewing sarcoma	genetics
hsa-let-7a	ewing sarcoma	target
hsa-let-7a	glioblastoma	target
hsa-let-7a	head and neck neoplasms	target
hsa-let-7a	heart failure	target
hsa-let-7a	hirschsprung disease	target
hsa-let-7a	liver neoplasms	circulation
hsa-let-7a	lung neoplasms	target
hsa-let-7a	lung neoplasms	tissue
hsa-let-7a	lupus nephritis	circulation
hsa-let-7a	macular degeneration	genetics
hsa-let-7a	melanoma	target
hsa-let-7a	melanoma	tissue
hsa-let-7a	multiple sclerosis	tissue
hsa-let-7a	osteosarcoma	genetics
hsa-let-7a	osteosarcoma	target
hsa-let-7a	ovarian neoplasms	target
hsa-let-7a	ovarian neoplasms	tissue
hsa-let-7a	pancreatic neoplasms	tissue
hsa-let-7a	parkinson disease	circulation
hsa-let-7a	periodontitis	tissue
hsa-let-7a	pituitary neoplasms	tissue
hsa-let-7a	polycythemia vera	circulation
hsa-let-7a	prostate neoplasms	target
hsa-let-7a	prostate neoplasms	tissue
hsa-let-7a	psoriasis	target
hsa-let-7a	retinal degeneration	target
hsa-let-7a	salivary gland neoplasms	tissue
hsa-let-7a	squamous cell carcinoma	tissue
hsa-let-7a	squamous cell carcinoma, head and neck	target
hsa-let-7a	squamous cell carcinoma, head and neck	tissue
hsa-let-7a-1	barrett esophagus	tissue
hsa-let-7a-1	breast neoplasms	circulation
hsa-let-7a-1	breast neoplasms	target
hsa-let-7a-1	breast neoplasms	tissue
hsa-let-7a-1	carcinoma, adrenocortical	tissue
hsa-let-7a-1	carcinoma, hepatocellular	target
hsa-let-7a-1	carcinoma, hepatocellular	tissue
hsa-let-7a-1	carcinoma, renal cell	circulation
hsa-let-7a-1	cholesteatoma	tissue
hsa-let-7a-1	colon neoplasms	genetics
hsa-let-7a-1	colorectal carcinoma	genetics
hsa-let-7a-1	colorectal carcinoma	target
hsa-let-7a-1	colorectal carcinoma	tissue
hsa-let-7a-1	digestive system neoplasms	tissue
hsa-let-7a-1	endometrial neoplasms	target
hsa-let-7a-1	endometriosis	genetics
hsa-let-7a-1	esophageal neoplasms	genetics
hsa-let-7a-1	ewing sarcoma	target
hsa-let-7a-1	gastrointestinal neoplasms	target
hsa-let-7a-1	glioblastoma	tissue
hsa-let-7a-1	head and neck neoplasms	tissue
hsa-let-7a-1	heart failure	tissue
hsa-let-7a-1	hypertrophy	genetics
hsa-let-7a-1	inflammation	target
hsa-let-7a-1	lung neoplasms	circulation
hsa-let-7a-1	lung neoplasms	genetics
hsa-let-7a-1	lung neoplasms	target
hsa-let-7a-1	lupus vulgaris	circulation
hsa-let-7a-1	lymphoma, primary effusion	tissue
hsa-let-7a-1	melanoma	target
hsa-let-7a-1	mesothelioma	target
hsa-let-7a-1	mycosis fungoides	tissue
hsa-let-7a-1	myelodysplastic syndromes	circulation
hsa-let-7a-1	nasopharyngeal neoplasms	tissue
hsa-let-7a-1	ovarian neoplasms	circulation
hsa-let-7a-1	ovarian neoplasms	genetics
hsa-let-7a-1	ovarian neoplasms	tissue
hsa-let-7a-1	pancreatic neoplasms	tissue
hsa-let-7a-1	periodontitis	tissue
hsa-let-7a-1	pituitary adenoma	tissue
hsa-let-7a-1	prostate neoplasms	target
hsa-let-7a-1	salivary gland neoplasms	tissue
hsa-let-7a-1	spinal cord injuries	tissue
hsa-let-7a-2	barrett esophagus	tissue
hsa-let-7a-2	breast neoplasms	circulation
hsa-let-7a-2	breast neoplasms	target
hsa-let-7a-2	breast neoplasms	tissue
hsa-let-7a-2	carcinoma, adrenocortical	tissue
hsa-let-7a-2	carcinoma, hepatocellular	target
hsa-let-7a-2	carcinoma, hepatocellular	tissue
hsa-let-7a-2	carcinoma, renal cell	circulation
hsa-let-7a-2	cholesteatoma	tissue
hsa-let-7a-2	colon neoplasms	genetics
hsa-let-7a-2	colorectal carcinoma	genetics
hsa-let-7a-2	colorectal carcinoma	target
hsa-let-7a-2	colorectal carcinoma	tissue
hsa-let-7a-2	digestive system neoplasms	tissue
hsa-let-7a-2	endometrial neoplasms	target
hsa-let-7a-2	endometriosis	genetics
hsa-let-7a-2	esophageal neoplasms	genetics
hsa-let-7a-2	ewing sarcoma	target
hsa-let-7a-2	gastrointestinal neoplasms	target
hsa-let-7a-2	glioblastoma	tissue
hsa-let-7a-2	head and neck neoplasms	tissue
hsa-let-7a-2	heart failure	tissue
hsa-let-7a-2	hypertrophy	genetics
hsa-let-7a-2	inflammation	target
hsa-let-7a-2	lung neoplasms	circulation
hsa-let-7a-2	lung neoplasms	genetics
hsa-let-7a-2	lung neoplasms	target
hsa-let-7a-2	lupus vulgaris	circulation
hsa-let-7a-2	lymphoma, primary effusion	tissue
hsa-let-7a-2	melanoma	target
hsa-let-7a-2	mycosis fungoides	tissue
hsa-let-7a-2	myelodysplastic syndromes	circulation
hsa-let-7a-2	nasopharyngeal neoplasms	tissue
hsa-let-7a-2	ovarian neoplasms	genetics
hsa-let-7a-2	ovarian neoplasms	tissue
hsa-let-7a-2	pancreatic neoplasms	tissue
hsa-let-7a-2	periodontitis	tissue
hsa-let-7a-2	pituitary adenoma	tissue
hsa-let-7a-2	salivary gland neoplasms	tissue
hsa-let-7a-2	spinal cord injuries	tissue
hsa-let-7a-3	barrett esophagus	tissue
hsa-let-7a-3	breast neoplasms	circulation
hsa-let-7a-3	breast neoplasms	target
hsa-let-7a-3	breast neoplasms	tissue
hsa-let-7a-3	carcinoma, adrenocortical	tissue
hsa-let-7a-3	carcinoma, hepatocellular	target
hsa-let-7a-3	carcinoma, hepatocellular	tissue
hsa-let-7a-3	carcinoma, renal cell	circulation
hsa-let-7a-3	cholesteatoma	tissue
hsa-let-7a-3	colon neoplasms	genetics
hsa-let-7a-3	colorectal carcinoma	genetics
hsa-let-7a-3	colorectal carcinoma	target
hsa-let-7a-3	colorectal carcinoma	tissue
hsa-let-7a-3	digestive system neoplasms	tissue
hsa-let-7a-3	endometrial neoplasms	target
hsa-let-7a-3	endometriosis	genetics
hsa-let-7a-3	esophageal neoplasms	genetics
hsa-let-7a-3	ewing sarcoma	target
hsa-let-7a-3	gastrointestinal neoplasms	target
hsa-let-7a-3	glioblastoma	tissue
hsa-let-7a-3	head and neck neoplasms	tissue
hsa-let-7a-3	hypertrophy	genetics
hsa-let-7a-3	inflammation	target
hsa-let-7a-3	leukemia, myeloid, acute	epigenetics
hsa-let-7a-3	leukemia, promyelocytic, acute	circulation
hsa-let-7a-3	lung neoplasms	circulation
hsa-let-7a-3	lung neoplasms	genetics
hsa-let-7a-3	lung neoplasms	target
hsa-let-7a-3	lupus vulgaris	circulation
hsa-let-7a-3	lymphoma, primary effusion	tissue
hsa-let-7a-3	melanoma	target
hsa-let-7a-3	mesothelioma	target
hsa-let-7a-3	mycosis fungoides	tissue
hsa-let-7a-3	myelodysplastic syndromes	circulation
hsa-let-7a-3	nasopharyngeal neoplasms	tissue
hsa-let-7a-3	ovarian neoplasms	circulation
hsa-let-7a-3	ovarian neoplasms	genetics
hsa-let-7a-3	ovarian neoplasms	tissue
hsa-let-7a-3	pancreatic neoplasms	tissue
hsa-let-7a-3	periodontitis	tissue
hsa-let-7a-3	pituitary adenoma	tissue
hsa-let-7a-3	salivary gland neoplasms	tissue
hsa-let-7a-3	spinal cord injuries	tissue
hsa-let-7b	adenocarcinoma, lung	tissue
hsa-let-7b	amyotrophic lateral sclerosis	circulation
hsa-let-7b	atherosclerosis	circulation
hsa-let-7b	breast neoplasms	circulation
hsa-let-7b	breast neoplasms	target
hsa-let-7b	breast neoplasms	tissue
hsa-let-7b	carcinoma, adrenocortical	tissue
hsa-let-7b	carcinoma, hepatocellular	target
hsa-let-7b	carcinoma, renal cell	circulation
hsa-let-7b	carcinoma, renal cell	tissue
hsa-let-7b	carcinosarcoma	tissue
hsa-let-7b	cerebral cavernous malformations	tissue
hsa-let-7b	colon neoplasms	genetics
hsa-let-7b	crohn disease	circulation
hsa-let-7b	crohn disease	tissue
hsa-let-7b	digestive system neoplasms	tissue
hsa-let-7b	endocrine gland neoplasms	tissue
hsa-let-7b	endometrial neoplasms	target
hsa-let-7b	endometriosis	genetics
hsa-let-7b	epilepsy	target
hsa-let-7b	esophageal neoplasms	tissue
hsa-let-7b	glioma	genetics
hsa-let-7b	graves disease	circulation
hsa-let-7b	head and neck neoplasms	target
hsa-let-7b	head and neck neoplasms	tissue
hsa-let-7b	heart failure	circulation
hsa-let-7b	heart failure	tissue
hsa-let-7b	hypertension	target
hsa-let-7b	hypertrophy	genetics
hsa-let-7b	infertility	tissue
hsa-let-7b	inflammation	target
hsa-let-7b	leukemia	circulation
hsa-let-7b	leukemia, lymphoblastic, acute	circulation
hsa-let-7b	leukemia, lymphoblastic, acute	target
hsa-let-7b	leukemia, myeloid, acute	circulation
hsa-let-7b	liver neoplasms	epigenetics
hsa-let-7b	lung neoplasms	circulation
hsa-let-7b	lung neoplasms	genetics
hsa-let-7b	lung neoplasms	target
hsa-let-7b	lung neoplasms	tissue
hsa-let-7b	lymphoma, primary effusion	tissue
hsa-let-7b	macular degeneration	genetics
hsa-let-7b	melanoma	target
hsa-let-7b	melanoma	tissue
hsa-let-7b	multiple myeloma	circulation
hsa-let-7b	myelodysplastic syndromes	circulation
hsa-let-7b	myocardial infarction	circulation
hsa-let-7b	nasopharyngeal neoplasms	tissue
hsa-let-7b	obesity	tissue
hsa-let-7b	ovarian neoplasms	circulation
hsa-let-7b	ovarian neoplasms	tissue
hsa-let-7b	pancreatic neoplasms	target
hsa-let-7b	pancreatic neoplasms	tissue
hsa-let-7b	periodontitis	tissue
hsa-let-7b	pituitary neoplasms	tissue
hsa-let-7b	preeclampsia	tissue
hsa-let-7b	primary biliary cirrhosis	tissue
hsa-let-7b	prion diseases	tissue
hsa-let-7b	prostate neoplasms	circulation
hsa-let-7b	prostate neoplasms	target
hsa-let-7b	prostate neoplasms	tissue
hsa-let-7b	retinal degeneration	target
hsa-let-7b	retinoblastoma	target
hsa-let-7b	smoke inhalation injury	tissue
hsa-let-7b	stroke	circulation
hsa-let-7b	stroke, ischemic	circulation
hsa-let-7b	thyroid neoplasms	tissue
hsa-let-7c	adenocarcinoma, lung	target
hsa-let-7c	atherosclerosis	target
hsa-let-7c	breast neoplasms	circulation
hsa-let-7c	breast neoplasms	target
hsa-let-7c	breast neoplasms	tissue
hsa-let-7c	carcinoma, adrenocortical	tissue
hsa-let-7c	carcinoma, hepatocellular	epigenetics
hsa-let-7c	carcinoma, hepatocellular	target
hsa-let-7c	carcinoma, hepatocellular	tissue
hsa-let-7c	carcinoma, nasopharyngeal	tissue
hsa-let-7c	carcinoma, renal cell	circulation
hsa-let-7c	carcinoma, renal cell	tissue
hsa-let-7c	cardiomyopathy	epigenetics
hsa-let-7c	colon neoplasms	genetics
hsa-let-7c	colon neoplasms	tissue
hsa-let-7c	colorectal carcinoma	target
hsa-let-7c	digestive system neoplasms	tissue
hsa-let-7c	down syndrome	circulation
hsa-let-7c	down syndrome	tissue
hsa-let-7c	endometrial neoplasms	target
hsa-let-7c	endometriosis	genetics
hsa-let-7c	eosinophilic esophagitis	circulation
hsa-let-7c	esophageal neoplasms	tissue
hsa-let-7c	essential hypertension	genetics
hsa-let-7c	glioblastoma	target
hsa-let-7c	head and neck neoplasms	target
hsa-let-7c	head and neck neoplasms	tissue
hsa-let-7c	heart failure	genetics
hsa-let-7c	heart failure	tissue
hsa-let-7c	hepatitis b virus infection	circulation
hsa-let-7c	hepatitis b virus infection	genetics
hsa-let-7c	hypertrophy	genetics
hsa-let-7c	inflammation	target
hsa-let-7c	leiomyoma	target
hsa-let-7c	leukemia, promyelocytic, acute	circulation
hsa-let-7c	lung neoplasms	circulation
hsa-let-7c	lung neoplasms	genetics
hsa-let-7c	lung neoplasms	target
hsa-let-7c	lung neoplasms	tissue
hsa-let-7c	lymphoma, primary effusion	tissue
hsa-let-7c	melanoma	target
hsa-let-7c	multiple myeloma	circulation
hsa-let-7c	muscle atrophy	circulation
hsa-let-7c	myelodysplastic syndromes	circulation
hsa-let-7c	nasopharyngeal neoplasms	tissue
hsa-let-7c	nevus	tissue
hsa-let-7c	ovarian neoplasms	genetics
hsa-let-7c	ovarian neoplasms	tissue
hsa-let-7c	pancreatic neoplasms	tissue
hsa-let-7c	periodontitis	tissue
hsa-let-7c	pituitary neoplasms	tissue
hsa-let-7c	prostate neoplasms	circulation
hsa-let-7c	prostate neoplasms	genetics
hsa-let-7c	prostate neoplasms	target
hsa-let-7c	prostate neoplasms	tissue
hsa-let-7c	retinal degeneration	target
hsa-let-7c	retinoblastoma	tissue
hsa-let-7c	smoke inhalation injury	tissue
hsa-let-7d	amyotrophic lateral sclerosis	tissue
hsa-let-7d	asthma	tissue
hsa-let-7d	breast neoplasms	target
hsa-let-7d	breast neoplasms	tissue
hsa-let-7d	carcinoma, adrenocortical	tissue
hsa-let-7d	carcinoma, hepatocellular	target
hsa-let-7d	carcinoma, renal cell	circulation
hsa-let-7d	carcinoma, renal cell	genetics
hsa-let-7d	carcinoma, renal cell	target
hsa-let-7d	colon neoplasms	genetics
hsa-let-7d	crohn disease	target
hsa-let-7d	diabetes mellitus, type 2	target
hsa-let-7d	digestive system neoplasms	tissue
hsa-let-7d	endometrial neoplasms	target
hsa-let-7d	endometriosis	genetics
hsa-let-7d	epilepsy	circulation
hsa-let-7d	familial mediterranean fever	circulation
hsa-let-7d	glioblastoma	circulation
hsa-let-7d	glioblastoma	tissue
hsa-let-7d	head and neck neoplasms	target
hsa-let-7d	head and neck neoplasms	tissue
hsa-let-7d	heart failure	tissue
hsa-let-7d	hiv-associated lipodystrophy	tissue
hsa-let-7d	hypertrophy	genetics
hsa-let-7d	idiopathic pulmonary fibrosis	target
hsa-let-7d	inflammation	target
hsa-let-7d	leukemia, promyelocytic, acute	circulation
hsa-let-7d	lung neoplasms	circulation
hsa-let-7d	lung neoplasms	genetics
hsa-let-7d	lung neoplasms	target
hsa-let-7d	lung neoplasms	tissue
hsa-let-7d	lymphoma, primary effusion	tissue
hsa-let-7d	macular degeneration	genetics
hsa-let-7d	melanoma	circulation
hsa-let-7d	melanoma	target
hsa-let-7d	mycosis fungoides	tissue
hsa-let-7d	myelodysplastic syndromes	circulation
hsa-let-7d	nasopharyngeal neoplasms	tissue
hsa-let-7d	ovarian neoplasms	target
hsa-let-7d	ovarian neoplasms	tissue
hsa-let-7d	pancreatic neoplasms	circulation
hsa-let-7d	pancreatic neoplasms	target
hsa-let-7d	pancreatic neoplasms	tissue
hsa-let-7d	parkinson disease	target
hsa-let-7d	pituitary neoplasms	tissue
hsa-let-7d	prostate neoplasms	tissue
hsa-let-7d	retinal degeneration	target
hsa-let-7e	adenovirus infection	tissue
hsa-let-7e	asthma	tissue
hsa-let-7e	atherosclerosis	circulation
hsa-let-7e	breast neoplasms	epigenetics
hsa-let-7e	breast neoplasms	target
hsa-let-7e	breast neoplasms	tissue
hsa-let-7e	carcinoma, hepatocellular	circulation
hsa-let-7e	carcinoma, hepatocellular	genetics
hsa-let-7e	carcinoma, hepatocellular	target
hsa-let-7e	carcinoma, renal cell	circulation
hsa-let-7e	colitis, ulcerative	tissue
hsa-let-7e	colon neoplasms	genetics
hsa-let-7e	colorectal carcinoma	tissue
hsa-let-7e	crohn disease	genetics
hsa-let-7e	crohn disease	target
hsa-let-7e	digestive system neoplasms	tissue
hsa-let-7e	endometrial neoplasms	target
hsa-let-7e	endometriosis	genetics
hsa-let-7e	head and neck neoplasms	target
hsa-let-7e	head and neck neoplasms	tissue
hsa-let-7e	heart failure	tissue
hsa-let-7e	hypertension	circulation
hsa-let-7e	hypertrophy	genetics
hsa-let-7e	inflammation	target
hsa-let-7e	lung neoplasms	circulation
hsa-let-7e	lung neoplasms	genetics
hsa-let-7e	lung neoplasms	target
hsa-let-7e	lung neoplasms	tissue
hsa-let-7e	lupus vulgaris	circulation
hsa-let-7e	lymphoma, primary effusion	tissue
hsa-let-7e	melanoma	target
hsa-let-7e	multiple myeloma	target
hsa-let-7e	muscle atrophy	circulation
hsa-let-7e	myelodysplastic syndromes	circulation
hsa-let-7e	nasopharyngeal neoplasms	tissue
hsa-let-7e	ovarian neoplasms	circulation
hsa-let-7e	ovarian neoplasms	genetics
hsa-let-7e	ovarian neoplasms	tissue
hsa-let-7e	pituitary neoplasms	tissue
hsa-let-7e	retinal degeneration	target
hsa-let-7e	retinoblastoma	circulation
hsa-let-7e	stroke, ischemic	circulation
hsa-let-7e	synovial sarcoma	circulation
hsa-let-7e	synovial sarcoma	tissue
hsa-let-7e	thyroid neoplasms	circulation
hsa-let-7f	amyotrophic lateral sclerosis	tissue
hsa-let-7f	bronchopulmonary dysplasia	tissue
hsa-let-7f	carcinoma, hepatocellular	circulation
hsa-let-7f	colon neoplasms	tissue
hsa-let-7f	endometriosis	genetics
hsa-let-7f	glioma	genetics
hsa-let-7f	head and neck neoplasms	target
hsa-let-7f	irritable bowel syndrome	tissue
hsa-let-7f	ischemia	tissue
hsa-let-7f	leukemia, myeloid, acute	tissue
hsa-let-7f	lung neoplasms	circulation
hsa-let-7f	lung neoplasms	tissue
hsa-let-7f	obesity	tissue
hsa-let-7f	ovarian neoplasms	circulation
hsa-let-7f	ovarian neoplasms	tissue
hsa-let-7f	pituitary neoplasms	tissue
hsa-let-7f	retinal degeneration	target
hsa-let-7f	thyroid neoplasms	tissue
hsa-let-7f-1	breast neoplasms	target
hsa-let-7f-1	breast neoplasms	tissue
hsa-let-7f-1	carcinoma, hepatocellular	target
hsa-let-7f-1	carcinoma, renal cell	circulation
hsa-let-7f-1	colon neoplasms	genetics
hsa-let-7f-1	crohn disease	genetics
hsa-let-7f-1	digestive system neoplasms	tissue
hsa-let-7f-1	endometrial neoplasms	target
hsa-let-7f-1	endometriosis	genetics
hsa-let-7f-1	head and neck neoplasms	tissue
hsa-let-7f-1	heart failure	tissue
hsa-let-7f-1	hypertrophy	genetics
hsa-let-7f-1	inflammation	target
hsa-let-7f-1	lung neoplasms	circulation
hsa-let-7f-1	lung neoplasms	genetics
hsa-let-7f-1	lung neoplasms	target
hsa-let-7f-1	lymphoma, primary effusion	tissue
hsa-let-7f-1	medulloblastoma	target
hsa-let-7f-1	melanoma	target
hsa-let-7f-1	mesothelioma	target
hsa-let-7f-1	mycosis fungoides	tissue
hsa-let-7f-1	myelodysplastic syndromes	circulation
hsa-let-7f-1	nasopharyngeal neoplasms	tissue
hsa-let-7f-1	ovarian neoplasms	target
hsa-let-7f-1	ovarian neoplasms	tissue
hsa-let-7f-1	pancreatic neoplasms	tissue
hsa-let-7f-2	biliary tract neoplasms	tissue
hsa-let-7f-2	breast neoplasms	target
hsa-let-7f-2	breast neoplasms	tissue
hsa-let-7f-2	carcinoma, hepatocellular	target
hsa-let-7f-2	carcinoma, renal cell	circulation
hsa-let-7f-2	colon neoplasms	genetics
hsa-let-7f-2	crohn disease	genetics
hsa-let-7f-2	digestive system neoplasms	tissue
hsa-let-7f-2	endometrial neoplasms	target
hsa-let-7f-2	endometriosis	genetics
hsa-let-7f-2	head and neck neoplasms	tissue
hsa-let-7f-2	heart failure	tissue
hsa-let-7f-2	hypertrophy	genetics
hsa-let-7f-2	inflammation	target
hsa-let-7f-2	lung neoplasms	circulation
hsa-let-7f-2	lung neoplasms	genetics
hsa-let-7f-2	lung neoplasms	target
hsa-let-7f-2	lymphoma, primary effusion	tissue
hsa-let-7f-2	melanoma	target
hsa-let-7f-2	mesothelioma	target
hsa-let-7f-2	mycosis fungoides	tissue
hsa-let-7f-2	myelodysplastic syndromes	circulation
hsa-let-7f-2	nasopharyngeal neoplasms	tissue
hsa-let-7f-2	ovarian neoplasms	target
hsa-let-7f-2	ovarian neoplasms	tissue
hsa-let-7f-2	pancreatic neoplasms	tissue
hsa-let-7g	adenocarcinoma, lung	target
hsa-let-7g	amyotrophic lateral sclerosis	tissue
hsa-let-7g	atherosclerosis	target
hsa-let-7g	breast neoplasms	circulation
hsa-let-7g	breast neoplasms	target
hsa-let-7g	breast neoplasms	tissue
hsa-let-7g	carcinoma, hepatocellular	genetics
hsa-let-7g	carcinoma, hepatocellular	target
hsa-let-7g	carcinoma, hepatocellular	tissue
hsa-let-7g	carcinoma, renal cell	circulation
hsa-let-7g	colon neoplasms	circulation
hsa-let-7g	colon neoplasms	genetics
hsa-let-7g	colorectal carcinoma	circulation
hsa-let-7g	colorectal carcinoma	tissue
hsa-let-7g	diabetes mellitus, type 1	circulation
hsa-let-7g	digestive system neoplasms	tissue
hsa-let-7g	endometrial neoplasms	target
hsa-let-7g	endometriosis	genetics
hsa-let-7g	endotoxemia	tissue
hsa-let-7g	gastrointestinal neoplasms	tissue
hsa-let-7g	glioblastoma	target
hsa-let-7g	glioma	circulation
hsa-let-7g	head and neck neoplasms	target
hsa-let-7g	head and neck neoplasms	tissue
hsa-let-7g	hypertrophy	genetics
hsa-let-7g	inflammation	target
hsa-let-7g	lung neoplasms	circulation
hsa-let-7g	lung neoplasms	genetics
hsa-let-7g	lung neoplasms	target
hsa-let-7g	lung neoplasms	tissue
hsa-let-7g	lymphoma, primary effusion	tissue
hsa-let-7g	melanoma	genetics
hsa-let-7g	melanoma	target
hsa-let-7g	migraine	circulation
hsa-let-7g	multiple sclerosis	circulation
hsa-let-7g	myelodysplastic syndromes	circulation
hsa-let-7g	myocardial infarction	circulation
hsa-let-7g	nasopharyngeal neoplasms	tissue
hsa-let-7g	osteoporosis	circulation
hsa-let-7g	osteosarcoma	genetics
hsa-let-7g	ovarian neoplasms	tissue
hsa-let-7g	parkinson disease	tissue
hsa-let-7g	pituitary neoplasms	tissue
hsa-let-7g	prostate neoplasms	tissue
hsa-let-7g	rectal neoplasms	tissue
hsa-let-7g	retinal degeneration	target
hsa-let-7g	squamous cell carcinoma, head and neck	circulation
hsa-let-7g	tuberculosis, pulmonary	circulation
hsa-let-7i	amyotrophic lateral sclerosis	tissue
hsa-let-7i	biliary tract neoplasms	tissue
hsa-let-7i	breast neoplasms	target
hsa-let-7i	breast neoplasms	tissue
hsa-let-7i	carcinoma, breast	circulation
hsa-let-7i	carcinoma, hepatocellular	genetics
hsa-let-7i	carcinoma, hepatocellular	target
hsa-let-7i	carcinoma, nasopharyngeal	tissue
hsa-let-7i	carcinoma, renal cell	circulation
hsa-let-7i	carcinoma, renal cell	genetics
hsa-let-7i	cardiomyopathy, dilated	tissue
hsa-let-7i	colon neoplasms	genetics
hsa-let-7i	colorectal carcinoma	circulation
hsa-let-7i	coronary artery disease	target
hsa-let-7i	diabetic nephropathy	circulation
hsa-let-7i	digestive system neoplasms	tissue
hsa-let-7i	endometrial neoplasms	target
hsa-let-7i	endometriosis	genetics
hsa-let-7i	head and neck neoplasms	target
hsa-let-7i	head and neck neoplasms	tissue
hsa-let-7i	heart failure	circulation
hsa-let-7i	hepatoblastoma	tissue
hsa-let-7i	hypertrophy	genetics
hsa-let-7i	inflammation	target
hsa-let-7i	inflammation	tissue
hsa-let-7i	irritable bowel syndrome	tissue
hsa-let-7i	lung neoplasms	circulation
hsa-let-7i	lung neoplasms	genetics
hsa-let-7i	lung neoplasms	target
hsa-let-7i	lung neoplasms	tissue
hsa-let-7i	lymphoma, primary effusion	tissue
hsa-let-7i	melanoma	circulation
hsa-let-7i	melanoma	target
hsa-let-7i	muscle atrophy	circulation
hsa-let-7i	myelodysplastic syndromes	circulation
hsa-let-7i	nasopharyngeal neoplasms	tissue
hsa-let-7i	ovarian disease	tissue
hsa-let-7i	ovarian neoplasms	target
hsa-let-7i	ovarian neoplasms	tissue
hsa-let-7i	pancreatic neoplasms	target
hsa-let-7i	pancreatic neoplasms	tissue
hsa-let-7i	pituitary neoplasms	tissue
hsa-let-7i	prion diseases	tissue
hsa-let-7i	retinal degeneration	target
hsa-let-7i	retinoblastoma	tissue
hsa-let-7i	squamous cell carcinoma, head and neck	target
hsa-let-7i	squamous cell carcinoma, head and neck	tissue
hsa-mir-1	acute coronary syndrome	circulation
hsa-mir-1	aortic aneurysm	tissue
hsa-mir-1	aplastic anemia	circulation
hsa-mir-1	arrhythmia	circulation
hsa-mir-1	arrhythmia	target
hsa-mir-1	asthma	target
hsa-mir-1	atrial fibrillation	circulation
hsa-mir-1	atrial fibrillation	tissue
hsa-mir-1	breast neoplasms	target
hsa-mir-1	breast neoplasms	tissue
hsa-mir-1	carcinoma, breast	tissue
hsa-mir-1	carcinoma, endometrial	target
hsa-mir-1	carcinoma, hepatocellular	circulation
hsa-mir-1	carcinoma, hepatocellular	tissue
hsa-mir-1	carcinoma, nasopharyngeal	target
hsa-mir-1	carcinoma, renal cell	tissue
hsa-mir-1	cardiomegaly	epigenetics
hsa-mir-1	cardiomegaly	genetics
hsa-mir-1	cardiomegaly	target
hsa-mir-1	cardiomegaly	tissue
hsa-mir-1	cardiomyopathy, hypertrophic	genetics
hsa-mir-1	cardiomyopathy, hypertrophic	target
hsa-mir-1	chordoma	target
hsa-mir-1	colon neoplasms	target
hsa-mir-1	colorectal carcinoma	genetics
hsa-mir-1	colorectal carcinoma	target
hsa-mir-1	colorectal carcinoma	tissue
hsa-mir-1	coronary artery disease	genetics
hsa-mir-1	coronary artery disease	target
hsa-mir-1	diabetes mellitus	target
hsa-mir-1	diabetic cardiomyopathies	target
hsa-mir-1	endometriosis	tissue
hsa-mir-1	essential hypertension	circulation
hsa-mir-1	heart failure	circulation
hsa-mir-1	heart failure	genetics
hsa-mir-1	heart failure	target
hsa-mir-1	heart failure	tissue
hsa-mir-1	hypertrophy	target
hsa-mir-1	intracranial aneurysm	target
hsa-mir-1	intrahepatic cholangiocarcinoma	target
hsa-mir-1	leukemia, myeloid, acute	target
hsa-mir-1	lung neoplasms	target
hsa-mir-1	lung neoplasms	tissue
hsa-mir-1	muscular dystrophy, duchenne	circulation
hsa-mir-1	myocardial infarction	circulation
hsa-mir-1	myocardial infarction	genetics
hsa-mir-1	myocardial infarction	target
hsa-mir-1	myocardial infarction	tissue
hsa-mir-1	osteosarcoma	target
hsa-mir-1	ovarian neoplasms	target
hsa-mir-1	pituitary neoplasms	tissue
hsa-mir-1	polycystic kidney disease	circulation
hsa-mir-1	prostate neoplasms	genetics
hsa-mir-1	prostate neoplasms	target
hsa-mir-1	prostate neoplasms	tissue
hsa-mir-1	retinitis pigmentosa	tissue
hsa-mir-1	rhabdomyosarcoma	target
hsa-mir-1	squamous cell carcinoma, head and neck	genetics
hsa-mir-1-1	aortic aneurysm, thoracic	tissue
hsa-mir-1-1	arrhythmia	target
hsa-mir-1-1	breast neoplasms	genetics
hsa-mir-1-1	breast neoplasms	tissue
hsa-mir-1-1	carcinoma, adrenocortical	tissue
hsa-mir-1-1	carcinoma, hepatocellular	genetics
hsa-mir-1-1	carcinoma, hepatocellular	target
hsa-mir-1-1	cardiomegaly	target
hsa-mir-1-1	cardiomyopathy, hypertrophic	circulation
hsa-mir-1-1	colorectal carcinoma	epigenetics
hsa-mir-1-1	colorectal carcinoma	tissue
hsa-mir-1-1	coronary artery disease	circulation
hsa-mir-1-1	coronary artery disease	tissue
hsa-mir-1-1	endometrial neoplasms	epigenetics
hsa-mir-1-1	endometriosis	tissue
hsa-mir-1-1	gastrointestinal neoplasms	epigenetics
hsa-mir-1-1	head and neck neoplasms	target
hsa-mir-1-1	head and neck neoplasms	tissue
hsa-mir-1-1	heart failure	tissue
hsa-mir-1-1	hypertension	circulation
hsa-mir-1-1	hypertrophy	circulation
hsa-mir-1-1	hypertrophy	target
hsa-mir-1-1	hypertrophy	tissue
hsa-mir-1-1	inflammation	target
hsa-mir-1-1	laryngeal neoplasms	target
hsa-mir-1-1	laryngeal neoplasms	tissue
hsa-mir-1-1	lung neoplasms	target
hsa-mir-1-1	lung neoplasms	tissue
hsa-mir-1-1	melanoma	genetics
hsa-mir-1-1	muscular dystrophy, duchenne	circulation
hsa-mir-1-1	myelodysplastic syndromes	tissue
hsa-mir-1-1	myocardial infarction	circulation
hsa-mir-1-1	myocardial infarction	tissue
hsa-mir-1-1	nasopharyngeal neoplasms	target
hsa-mir-1-1	ovarian neoplasms	genetics
hsa-mir-1-1	parkinson disease	circulation
hsa-mir-1-1	prostate neoplasms	target
hsa-mir-1-1	prostate neoplasms	tissue
hsa-mir-1-1	retinal degeneration	circulation
hsa-mir-1-1	rhabdomyosarcoma	target
hsa-mir-1-1	rhabdomyosarcoma	tissue
hsa-mir-1-1	squamous cell carcinoma, head and neck	target
hsa-mir-1-1	thyroid neoplasms	target
hsa-mir-1-1	thyroid neoplasms	tissue
hsa-mir-1-1	urinary bladder cancer	target
hsa-mir-1-1	urinary bladder cancer	tissue
hsa-mir-1-2	aortic aneurysm, thoracic	tissue
hsa-mir-1-2	arrhythmia	target
hsa-mir-1-2	breast neoplasms	tissue
hsa-mir-1-2	carcinoma, adrenocortical	tissue
hsa-mir-1-2	carcinoma, hepatocellular	genetics
hsa-mir-1-2	carcinoma, hepatocellular	target
hsa-mir-1-2	cardiomegaly	target
hsa-mir-1-2	cardiomyopathy, hypertrophic	circulation
hsa-mir-1-2	colorectal carcinoma	tissue
hsa-mir-1-2	coronary artery disease	circulation
hsa-mir-1-2	coronary artery disease	tissue
hsa-mir-1-2	endometriosis	tissue
hsa-mir-1-2	head and neck neoplasms	target
hsa-mir-1-2	head and neck neoplasms	tissue
hsa-mir-1-2	heart failure	tissue
hsa-mir-1-2	hypertension	circulation
hsa-mir-1-2	hypertrophy	circulation
hsa-mir-1-2	hypertrophy	target
hsa-mir-1-2	hypertrophy	tissue
hsa-mir-1-2	inflammation	target
hsa-mir-1-2	laryngeal neoplasms	target
hsa-mir-1-2	laryngeal neoplasms	tissue
hsa-mir-1-2	lung neoplasms	target
hsa-mir-1-2	lung neoplasms	tissue
hsa-mir-1-2	muscular dystrophy, duchenne	circulation
hsa-mir-1-2	myelodysplastic syndromes	tissue
hsa-mir-1-2	myocardial infarction	circulation
hsa-mir-1-2	myocardial infarction	tissue
hsa-mir-1-2	nasopharyngeal neoplasms	target
hsa-mir-1-2	parkinson disease	circulation
hsa-mir-1-2	prostate neoplasms	target
hsa-mir-1-2	prostate neoplasms	tissue
hsa-mir-1-2	retinal degeneration	circulation
hsa-mir-1-2	rhabdomyosarcoma	target
hsa-mir-1-2	rhabdomyosarcoma	tissue
hsa-mir-1-2	squamous cell carcinoma, head and neck	target
hsa-mir-1-2	thyroid neoplasms	target
hsa-mir-1-2	thyroid neoplasms	tissue
hsa-mir-1-2	urinary bladder cancer	target
hsa-mir-1-2	urinary bladder cancer	tissue
hsa-mir-100	acute coronary syndrome	circulation
hsa-mir-100	adrenal cortex neoplasms	circulation
hsa-mir-100	atherosclerosis	circulation
hsa-mir-100	atherosclerosis	target
hsa-mir-100	breast neoplasms	circulation
hsa-mir-100	breast neoplasms	target
hsa-mir-100	carcinoma, adrenocortical	circulation
hsa-mir-100	carcinoma, adrenocortical	tissue
hsa-mir-100	carcinoma, breast	target
hsa-mir-100	carcinoma, hepatocellular	circulation
hsa-mir-100	carcinoma, hepatocellular	genetics
hsa-mir-100	carcinoma, hepatocellular	target
hsa-mir-100	carcinoma, hepatocellular	tissue
hsa-mir-100	carcinoma, renal cell	genetics
hsa-mir-100	chondrosarcoma	target
hsa-mir-100	colorectal carcinoma	target
hsa-mir-100	colorectal carcinoma	tissue
hsa-mir-100	diabetes mellitus, type 1	circulation
hsa-mir-100	endometrial neoplasms	target
hsa-mir-100	endometrial neoplasms	tissue
hsa-mir-100	endometriosis	tissue
hsa-mir-100	esophageal neoplasms	circulation
hsa-mir-100	esophageal neoplasms	target
hsa-mir-100	esophageal neoplasms	tissue
hsa-mir-100	glioblastoma	target
hsa-mir-100	head and neck neoplasms	tissue
hsa-mir-100	leukemia, lymphoblastic, acute	target
hsa-mir-100	leukemia, myeloid, acute	circulation
hsa-mir-100	leukemia, myeloid, acute	target
hsa-mir-100	lung neoplasms	target
hsa-mir-100	lung neoplasms	tissue
hsa-mir-100	multiple sclerosis	target
hsa-mir-100	muscle atrophy	circulation
hsa-mir-100	nasopharyngeal neoplasms	target
hsa-mir-100	osteosarcoma	genetics
hsa-mir-100	osteosarcoma	target
hsa-mir-100	ovarian neoplasms	genetics
hsa-mir-100	ovarian neoplasms	tissue
hsa-mir-100	pancreatic neoplasms	target
hsa-mir-100	pancreatic neoplasms	tissue
hsa-mir-100	periodontitis	tissue
hsa-mir-100	pneumonia	target
hsa-mir-100	prostate neoplasms	genetics
hsa-mir-100	prostate neoplasms	target
hsa-mir-100	prostate neoplasms	tissue
hsa-mir-100	psoriasis	tissue
hsa-mir-100	squamous cell carcinoma, head and neck	tissue
hsa-mir-100	thyroid neoplasms	target
hsa-mir-100	thyroid neoplasms	tissue
hsa-mir-100	urinary bladder cancer	circulation
hsa-mir-100	urinary bladder cancer	target
hsa-mir-100	urinary bladder cancer	tissue
hsa-mir-101	atherosclerosis	target
hsa-mir-101	breast neoplasms	target
hsa-mir-101	breast neoplasms	tissue
hsa-mir-101	carcinoma, breast	target
hsa-mir-101	carcinoma, endometrial	target
hsa-mir-101	carcinoma, hepatocellular	circulation
hsa-mir-101	carcinoma, hepatocellular	genetics
hsa-mir-101	carcinoma, hepatocellular	target
hsa-mir-101	carcinoma, hepatocellular	tissue
hsa-mir-101	carcinoma, nasopharyngeal	target
hsa-mir-101	colon neoplasms	tissue
hsa-mir-101	colorectal carcinoma	target
hsa-mir-101	diabetes mellitus, type 2	circulation
hsa-mir-101	endocrine gland neoplasms	tissue
hsa-mir-101	endometrial neoplasms	target
hsa-mir-101	glioblastoma	epigenetics
hsa-mir-101	glioblastoma	target
hsa-mir-101	glioma	epigenetics
hsa-mir-101	glioma	target
hsa-mir-101	hemophagocytic lymphohistiocytosis	target
hsa-mir-101	hepatitis b virus infection	tissue
hsa-mir-101	intrahepatic cholangiocarcinoma	target
hsa-mir-101	leukemia, lymphoblastic, acute	target
hsa-mir-101	liver neoplasms	target
hsa-mir-101	lung neoplasms	epigenetics
hsa-mir-101	lung neoplasms	genetics
hsa-mir-101	lung neoplasms	target
hsa-mir-101	lung neoplasms	tissue
hsa-mir-101	medulloblastoma	tissue
hsa-mir-101	melanoma	target
hsa-mir-101	mycobacterium tuberculosis infection	circulation
hsa-mir-101	osteoarthritis	target
hsa-mir-101	osteosarcoma	genetics
hsa-mir-101	osteosarcoma	target
hsa-mir-101	pancreatic neoplasms	target
hsa-mir-101	pancreatic neoplasms	tissue
hsa-mir-101	prostate neoplasms	target
hsa-mir-101	prostate neoplasms	tissue
hsa-mir-101	retinoblastoma	target
hsa-mir-101-1	adenocarcinoma, lung	tissue
hsa-mir-101-1	adenovirus infection	tissue
hsa-mir-101-1	breast neoplasms	genetics
hsa-mir-101-1	breast neoplasms	target
hsa-mir-101-1	carcinoma, breast	target
hsa-mir-101-1	carcinoma, hepatocellular	epigenetics
hsa-mir-101-1	carcinoma, hepatocellular	genetics
hsa-mir-101-1	carcinoma, hepatocellular	target
hsa-mir-101-1	carcinoma, renal cell	target
hsa-mir-101-1	colon neoplasms	genetics
hsa-mir-101-1	esophageal neoplasms	tissue
hsa-mir-101-1	glioblastoma	circulation
hsa-mir-101-1	head and neck neoplasms	tissue
hsa-mir-101-1	hepatitis b virus infection	epigenetics
hsa-mir-101-1	lung neoplasms	genetics
hsa-mir-101-1	lung neoplasms	tissue
hsa-mir-101-1	lymphoma	tissue
hsa-mir-101-1	lymphoma, large-cell, anaplastic	circulation
hsa-mir-101-1	lymphoma, t-cell	tissue
hsa-mir-101-1	multiple myeloma	tissue
hsa-mir-101-1	nasopharyngeal neoplasms	target
hsa-mir-101-1	pancreatic neoplasms	genetics
hsa-mir-101-1	pheochromocytoma	tissue
hsa-mir-101-1	prostate neoplasms	target
hsa-mir-101-1	squamous cell carcinoma, head and neck	target
hsa-mir-101-1	squamous cell carcinoma, head and neck	tissue
hsa-mir-101-1	urinary bladder cancer	target
hsa-mir-101-2	adenovirus infection	tissue
hsa-mir-101-2	breast neoplasms	genetics
hsa-mir-101-2	breast neoplasms	target
hsa-mir-101-2	carcinoma, hepatocellular	target
hsa-mir-101-2	carcinoma, renal cell	target
hsa-mir-101-2	esophageal neoplasms	tissue
hsa-mir-101-2	glioblastoma	circulation
hsa-mir-101-2	head and neck neoplasms	tissue
hsa-mir-101-2	hepatitis b virus infection	epigenetics
hsa-mir-101-2	leukemia, lymphoblastic, acute	circulation
hsa-mir-101-2	lung neoplasms	genetics
hsa-mir-101-2	lymphoma	tissue
hsa-mir-101-2	lymphoma, large-cell, anaplastic	circulation
hsa-mir-101-2	lymphoma, t-cell	tissue
hsa-mir-101-2	nasopharyngeal neoplasms	target
hsa-mir-101-2	pancreatic neoplasms	genetics
hsa-mir-101-2	pheochromocytoma	tissue
hsa-mir-101-2	prostate neoplasms	target
hsa-mir-101-2	squamous cell carcinoma, head and neck	target
hsa-mir-101-2	squamous cell carcinoma, head and neck	tissue
hsa-mir-101-2	urinary bladder cancer	target
hsa-mir-103	adenovirus infection	target
hsa-mir-103	atherosclerosis	target
hsa-mir-103	breast neoplasms	target
hsa-mir-103	carcinoma, endometrial	target
hsa-mir-103	carcinoma, hepatocellular	target
hsa-mir-103	carcinoma, nasopharyngeal	circulation
hsa-mir-103	colorectal carcinoma	circulation
hsa-mir-103	colorectal carcinoma	target
hsa-mir-103	diabetes mellitus, type 2	circulation
hsa-mir-103	diabetes mellitus, type 2	tissue
hsa-mir-103	gastrointestinal neoplasms	tissue
hsa-mir-103	heart failure	circulation
hsa-mir-103	intrahepatic cholangiocarcinoma	tissue
hsa-mir-103	liver neoplasms	circulation
hsa-mir-103	lung neoplasms	tissue
hsa-mir-103	obesity	circulation
hsa-mir-103	pancreatic neoplasms	tissue
hsa-mir-103	prostate neoplasms	circulation
hsa-mir-103	prostate neoplasms	target
hsa-mir-103	stroke	target
hsa-mir-103a	amyotrophic lateral sclerosis	tissue
hsa-mir-103a	aortic aneurysm, abdominal	target
hsa-mir-103a	carcinoma, breast	circulation
hsa-mir-103a	carcinoma, hepatocellular	target
hsa-mir-103a	diabetes mellitus, type 1	circulation
hsa-mir-103a	diabetes mellitus, type 2	circulation
hsa-mir-103a	mesothelioma	tissue
hsa-mir-103a	pancreatic neoplasms	tissue
hsa-mir-103a	spinal cord injuries	circulation
hsa-mir-103a-1	breast neoplasms	circulation
hsa-mir-103a-1	breast neoplasms	tissue
hsa-mir-103a-1	colorectal carcinoma	target
hsa-mir-103a-1	endometrial neoplasms	target
hsa-mir-103a-1	leukemia, lymphocytic, chronic, b-cell	circulation
hsa-mir-103a-1	lung neoplasms	target
hsa-mir-103a-1	lung neoplasms	tissue
hsa-mir-103a-1	mesothelioma	circulation
hsa-mir-103a-1	muscle atrophy	circulation
hsa-mir-103a-1	preeclampsia	circulation
hsa-mir-103a-2	breast neoplasms	circulation
hsa-mir-103a-2	breast neoplasms	genetics
hsa-mir-103a-2	breast neoplasms	tissue
hsa-mir-103a-2	colorectal carcinoma	target
hsa-mir-103a-2	endometrial neoplasms	target
hsa-mir-103a-2	leukemia, lymphocytic, chronic, b-cell	circulation
hsa-mir-103a-2	lung neoplasms	target
hsa-mir-103a-2	lung neoplasms	tissue
hsa-mir-103a-2	melanoma	genetics
hsa-mir-103a-2	mesothelioma	circulation
hsa-mir-103a-2	muscle atrophy	circulation
hsa-mir-103a-2	ovarian neoplasms	genetics
hsa-mir-103a-2	preeclampsia	circulation
hsa-mir-103b-1	breast neoplasms	circulation
hsa-mir-103b-1	colorectal carcinoma	target
hsa-mir-103b-1	endometrial neoplasms	target
hsa-mir-103b-1	lung neoplasms	target
hsa-mir-103b-1	preeclampsia	circulation
hsa-mir-103b-2	breast neoplasms	circulation
hsa-mir-103b-2	colorectal carcinoma	target
hsa-mir-103b-2	endometrial neoplasms	target
hsa-mir-103b-2	lung neoplasms	target
hsa-mir-103b-2	preeclampsia	circulation
hsa-mir-105	breast neoplasms	circulation
hsa-mir-105	glioma	target
hsa-mir-105	glioma	tissue
hsa-mir-105	heart failure	target
hsa-mir-105	hypertension	target
hsa-mir-105	inflammation	target
hsa-mir-105	lung neoplasms	target
hsa-mir-105	pelvic inflammatory disease	circulation
hsa-mir-106a	adenocarcinoma, lung	target
hsa-mir-106a	alopecia	tissue
hsa-mir-106a	astrocytoma	target
hsa-mir-106a	astrocytoma	tissue
hsa-mir-106a	atrial fibrillation	tissue
hsa-mir-106a	breast neoplasms	target
hsa-mir-106a	breast neoplasms	tissue
hsa-mir-106a	carcinoma, breast	circulation
hsa-mir-106a	carcinoma, breast	target
hsa-mir-106a	carcinoma, hepatocellular	target
hsa-mir-106a	carcinoma, hepatocellular	tissue
hsa-mir-106a	carcinoma, renal cell	circulation
hsa-mir-106a	carcinoma, renal cell	tissue
hsa-mir-106a	cardiomyopathy, dilated	tissue
hsa-mir-106a	cardiomyopathy, hypertrophic	target
hsa-mir-106a	cholangiocarcinoma	circulation
hsa-mir-106a	choriocarcinoma	tissue
hsa-mir-106a	colon neoplasms	circulation
hsa-mir-106a	colon neoplasms	target
hsa-mir-106a	colon neoplasms	tissue
hsa-mir-106a	colorectal carcinoma	circulation
hsa-mir-106a	colorectal carcinoma	target
hsa-mir-106a	colorectal carcinoma	tissue
hsa-mir-106a	crohn disease	circulation
hsa-mir-106a	diabetic retinopathy	target
hsa-mir-106a	gastrointestinal neoplasms	tissue
hsa-mir-106a	glioblastoma	circulation
hsa-mir-106a	glioblastoma	target
hsa-mir-106a	glioblastoma	tissue
hsa-mir-106a	glioma	target
hsa-mir-106a	glioma	tissue
hsa-mir-106a	inflammatory bowel diseases	circulation
hsa-mir-106a	inflammatory bowel diseases	tissue
hsa-mir-106a	kidney neoplasms	target
hsa-mir-106a	lung neoplasms	target
hsa-mir-106a	lung neoplasms	tissue
hsa-mir-106a	medulloblastoma	tissue
hsa-mir-106a	melanoma	tissue
hsa-mir-106a	mesothelioma	tissue
hsa-mir-106a	myocardial infarction	circulation
hsa-mir-106a	neuroblastoma	target
hsa-mir-106a	osteoarthritis	target
hsa-mir-106a	osteosarcoma	genetics
hsa-mir-106a	ovarian neoplasms	target
hsa-mir-106a	ovarian neoplasms	tissue
hsa-mir-106a	pancreatic neoplasms	circulation
hsa-mir-106a	pancreatic neoplasms	tissue
hsa-mir-106a	preeclampsia	tissue
hsa-mir-106a	prostate neoplasms	circulation
hsa-mir-106a	prostate neoplasms	target
hsa-mir-106a	prostate neoplasms	tissue
hsa-mir-106a	psoriasis	tissue
hsa-mir-106a	retinal neovascularization	tissue
hsa-mir-106a	rhabdomyosarcoma	target
hsa-mir-106a	squamous cell carcinoma, head and neck	target
hsa-mir-106b	adenocarcinoma, lung	target
hsa-mir-106b	adenocarcinoma, lung	tissue
hsa-mir-106b	amyotrophic lateral sclerosis	tissue
hsa-mir-106b	atherosclerosis	genetics
hsa-mir-106b	atrial fibrillation	target
hsa-mir-106b	atrial fibrillation	tissue
hsa-mir-106b	barrett esophagus	target
hsa-mir-106b	breast neoplasms	circulation
hsa-mir-106b	breast neoplasms	genetics
hsa-mir-106b	breast neoplasms	target
hsa-mir-106b	breast neoplasms	tissue
hsa-mir-106b	carcinoma, adrenocortical	tissue
hsa-mir-106b	carcinoma, basal cell	tissue
hsa-mir-106b	carcinoma, breast	genetics
hsa-mir-106b	carcinoma, breast	target
hsa-mir-106b	carcinoma, endometrial	target
hsa-mir-106b	carcinoma, hepatocellular	circulation
hsa-mir-106b	carcinoma, hepatocellular	epigenetics
hsa-mir-106b	carcinoma, hepatocellular	genetics
hsa-mir-106b	carcinoma, hepatocellular	target
hsa-mir-106b	carcinoma, hepatocellular	tissue
hsa-mir-106b	carcinoma, renal cell	circulation
hsa-mir-106b	carcinoma, renal cell	genetics
hsa-mir-106b	carcinoma, renal cell	tissue
hsa-mir-106b	cholangiocarcinoma	target
hsa-mir-106b	cholesteatoma	target
hsa-mir-106b	chronic kidney disease	tissue
hsa-mir-106b	colon neoplasms	tissue
hsa-mir-106b	colorectal carcinoma	target
hsa-mir-106b	colorectal carcinoma	tissue
hsa-mir-106b	eosinophilic esophagitis	circulation
hsa-mir-106b	ependymoma	circulation
hsa-mir-106b	epilepsy	circulation
hsa-mir-106b	esophageal neoplasms	tissue
hsa-mir-106b	ewing sarcoma	tissue
hsa-mir-106b	gastrointestinal neoplasms	target
hsa-mir-106b	gastrointestinal neoplasms	tissue
hsa-mir-106b	giant cell tumor of bone	target
hsa-mir-106b	glioma	target
hsa-mir-106b	glioma	tissue
hsa-mir-106b	heart failure	circulation
hsa-mir-106b	heart failure	tissue
hsa-mir-106b	hemophagocytic lymphohistiocytosis	target
hsa-mir-106b	hepatitis b virus infection	genetics
hsa-mir-106b	hepatoblastoma	tissue
hsa-mir-106b	laryngeal neoplasms	target
hsa-mir-106b	leiomyoma	target
hsa-mir-106b	leukemia, lymphocytic, chronic, b-cell	target
hsa-mir-106b	medulloblastoma	tissue
hsa-mir-106b	melanoma	circulation
hsa-mir-106b	melanoma	genetics
hsa-mir-106b	mesothelioma	tissue
hsa-mir-106b	neuroblastoma	tissue
hsa-mir-106b	osteosarcoma	tissue
hsa-mir-106b	ovarian neoplasms	circulation
hsa-mir-106b	ovarian neoplasms	genetics
hsa-mir-106b	ovarian neoplasms	tissue
hsa-mir-106b	pancreatic neoplasms	target
hsa-mir-106b	periodontal diseases	tissue
hsa-mir-106b	pituitary neoplasms	genetics
hsa-mir-106b	polycystic ovarian syndrome	epigenetics
hsa-mir-106b	preeclampsia	circulation
hsa-mir-106b	preeclampsia	target
hsa-mir-106b	prostate neoplasms	target
hsa-mir-106b	prostate neoplasms	tissue
hsa-mir-106b	retinoblastoma	target
hsa-mir-106b	squamous cell carcinoma, head and neck	tissue
hsa-mir-106b	thyroid neoplasms	target
hsa-mir-107	acute kidney failure	target
hsa-mir-107	adenocarcinoma, colon	tissue
hsa-mir-107	astrocytoma	tissue
hsa-mir-107	atherosclerosis	target
hsa-mir-107	breast neoplasms	circulation
hsa-mir-107	breast neoplasms	genetics
hsa-mir-107	breast neoplasms	target
hsa-mir-107	breast neoplasms	tissue
hsa-mir-107	burns	target
hsa-mir-107	carcinoma, breast	epigenetics
hsa-mir-107	carcinoma, hepatocellular	circulation
hsa-mir-107	carcinoma, hepatocellular	target
hsa-mir-107	carcinoma, hepatocellular	tissue
hsa-mir-107	cervical neoplasms	target
hsa-mir-107	chronic kidney disease	tissue
hsa-mir-107	colon neoplasms	tissue
hsa-mir-107	colorectal carcinoma	target
hsa-mir-107	crohn disease	circulation
hsa-mir-107	diabetes mellitus	circulation
hsa-mir-107	diabetes mellitus, type 2	circulation
hsa-mir-107	diabetes mellitus, type 2	tissue
hsa-mir-107	familial mediterranean fever	circulation
hsa-mir-107	gastrointestinal neoplasms	target
hsa-mir-107	glioma	target
hsa-mir-107	glioma	tissue
hsa-mir-107	head and neck neoplasms	tissue
hsa-mir-107	heart failure	tissue
hsa-mir-107	hirschsprung disease	circulation
hsa-mir-107	leukemia	target
hsa-mir-107	leukemia, promyelocytic, acute	circulation
hsa-mir-107	leukemia, promyelocytic, acute	tissue
hsa-mir-107	lung neoplasms	tissue
hsa-mir-107	melanoma	circulation
hsa-mir-107	meningioma	tissue
hsa-mir-107	multiple sclerosis	target
hsa-mir-107	muscle atrophy	circulation
hsa-mir-107	myocardial infarction	target
hsa-mir-107	neuralgia, postherpetic	circulation
hsa-mir-107	osteosarcoma	target
hsa-mir-107	ovarian neoplasms	epigenetics
hsa-mir-107	ovarian neoplasms	tissue
hsa-mir-107	pancreatic neoplasms	circulation
hsa-mir-107	pancreatic neoplasms	epigenetics
hsa-mir-107	pancreatic neoplasms	tissue
hsa-mir-107	pituitary neoplasms	target
hsa-mir-107	prostate neoplasms	tissue
hsa-mir-107	stroke	target
hsa-mir-107	urinary bladder cancer	genetics
hsa-mir-10a	atherosclerosis	epigenetics
hsa-mir-10a	atherosclerosis	target
hsa-mir-10a	atherosclerosis	tissue
hsa-mir-10a	breast neoplasms	target
hsa-mir-10a	breast neoplasms	tissue
hsa-mir-10a	carcinoma, breast	target
hsa-mir-10a	carcinoma, hepatocellular	circulation
hsa-mir-10a	carcinoma, hepatocellular	target
hsa-mir-10a	carcinoma, hepatocellular	tissue
hsa-mir-10a	cardiomyopathy, hypertrophic	tissue
hsa-mir-10a	congenital heart diseases	target
hsa-mir-10a	diabetic nephropathy	circulation
hsa-mir-10a	endometriosis	tissue
hsa-mir-10a	ependymoma	tissue
hsa-mir-10a	glioblastoma	target
hsa-mir-10a	glioblastoma	tissue
hsa-mir-10a	glioma	target
hsa-mir-10a	inflammatory bowel diseases	tissue
hsa-mir-10a	laryngeal neoplasms	tissue
hsa-mir-10a	leiomyosarcoma	tissue
hsa-mir-10a	leukemia	circulation
hsa-mir-10a	leukemia, myeloid, acute	circulation
hsa-mir-10a	leukemia, myeloid, acute	genetics
hsa-mir-10a	leukemia, myeloid, chronic-phase	circulation
hsa-mir-10a	lung neoplasms	target
hsa-mir-10a	lupus nephritis	target
hsa-mir-10a	lymphoma, large b-cell, diffuse	target
hsa-mir-10a	medulloblastoma	tissue
hsa-mir-10a	neuroblastoma	target
hsa-mir-10a	pancreatic neoplasms	target
hsa-mir-10a	pancreatic neoplasms	tissue
hsa-mir-10a	parkinson disease	tissue
hsa-mir-10a	prostate neoplasms	target
hsa-mir-10a	prostate neoplasms	tissue
hsa-mir-10a	squamous cell carcinoma, head and neck	tissue
hsa-mir-10a	urinary bladder cancer	target
hsa-mir-10a	urinary bladder cancer	tissue
hsa-mir-10b	atherosclerosis	epigenetics
hsa-mir-10b	atherosclerosis	target
hsa-mir-10b	breast neoplasms	circulation
hsa-mir-10b	breast neoplasms	target
hsa-mir-10b	breast neoplasms	tissue
hsa-mir-10b	carcinoma, breast	tissue
hsa-mir-10b	carcinoma, hepatocellular	circulation
hsa-mir-10b	carcinoma, hepatocellular	target
hsa-mir-10b	carcinoma, hepatocellular	tissue
hsa-mir-10b	carcinoma, nasopharyngeal	target
hsa-mir-10b	carcinoma, nasopharyngeal	tissue
hsa-mir-10b	carcinoma, renal cell	tissue
hsa-mir-10b	cardiomyopathy, hypertrophic	tissue
hsa-mir-10b	cervical neoplasms	genetics
hsa-mir-10b	choriocarcinoma	circulation
hsa-mir-10b	colon neoplasms	target
hsa-mir-10b	colorectal carcinoma	circulation
hsa-mir-10b	colorectal carcinoma	genetics
hsa-mir-10b	colorectal carcinoma	tissue
hsa-mir-10b	congenital heart diseases	target
hsa-mir-10b	endometrial neoplasms	genetics
hsa-mir-10b	endometriosis	target
hsa-mir-10b	endometriosis	tissue
hsa-mir-10b	ependymoma	tissue
hsa-mir-10b	esophageal neoplasms	tissue
hsa-mir-10b	glioblastoma	target
hsa-mir-10b	glioblastoma	tissue
hsa-mir-10b	glioma	tissue
hsa-mir-10b	head and neck neoplasms	target
hsa-mir-10b	heart failure	tissue
hsa-mir-10b	intervertebral disc degeneration	target
hsa-mir-10b	leukemia	circulation
hsa-mir-10b	liver neoplasms	tissue
hsa-mir-10b	lung neoplasms	target
hsa-mir-10b	lung neoplasms	tissue
hsa-mir-10b	medulloblastoma	tissue
hsa-mir-10b	melanoma	circulation
hsa-mir-10b	myocardial infarction	genetics
hsa-mir-10b	nasopharyngeal neoplasms	target
hsa-mir-10b	neuroblastoma	target
hsa-mir-10b	obesity	tissue
hsa-mir-10b	osteosarcoma	target
hsa-mir-10b	ovarian neoplasms	tissue
hsa-mir-10b	pancreatic neoplasms	genetics
hsa-mir-10b	pancreatic neoplasms	tissue
hsa-mir-10b	pituitary adenoma	tissue
hsa-mir-10b	retinoblastoma	tissue
hsa-mir-10b	squamous cell carcinoma	epigenetics
hsa-mir-10b	squamous cell carcinoma, head and neck	epigenetics
hsa-mir-10b	squamous cell carcinoma, head and neck	target
hsa-mir-10b	squamous cell carcinoma, head and neck	tissue
hsa-mir-10b	thyroid neoplasms	tissue
hsa-mir-10b	urinary bladder cancer	tissue
hsa-mir-1179	colorectal carcinoma	tissue
hsa-mir-1207	breast neoplasms	target
hsa-mir-1207	carcinoma, hepatocellular	genetics
hsa-mir-1207	diabetic nephropathy	target
hsa-mir-1207	glomerulonephritis	genetics
hsa-mir-1207	metabolic syndrome	circulation
hsa-mir-1207	nasopharyngeal neoplasms	target
hsa-mir-1207	ovarian neoplasms	genetics
hsa-mir-1207	prostate neoplasms	tissue
hsa-mir-122	acute coronary syndrome	circulation
hsa-mir-122	asthenozoospermia	tissue
hsa-mir-122	asthma	target
hsa-mir-122	atherosclerosis	target
hsa-mir-122	breast neoplasms	circulation
hsa-mir-122	breast neoplasms	target
hsa-mir-122	carcinoma, breast	circulation
hsa-mir-122	carcinoma, hepatocellular	circulation
hsa-mir-122	carcinoma, hepatocellular	epigenetics
hsa-mir-122	carcinoma, hepatocellular	genetics
hsa-mir-122	carcinoma, hepatocellular	target
hsa-mir-122	carcinoma, hepatocellular	tissue
hsa-mir-122	carcinoma, renal cell	target
hsa-mir-122	carcinoma, renal cell	tissue
hsa-mir-122	cholangiocarcinoma	genetics
hsa-mir-122	cholangiocarcinoma	target
hsa-mir-122	colorectal carcinoma	circulation
hsa-mir-122	colorectal carcinoma	tissue
hsa-mir-122	coronary artery disease	circulation
hsa-mir-122	crohn disease	target
hsa-mir-122	diabetes mellitus	target
hsa-mir-122	diabetes mellitus, type 2	tissue
hsa-mir-122	endomyocardial fibrosis	target
hsa-mir-122	fatty liver, alcoholic	circulation
hsa-mir-122	glioma	target
hsa-mir-122	heart failure	target
hsa-mir-122	hellp syndrome	circulation
hsa-mir-122	hepatitis b virus infection	circulation
hsa-mir-122	hepatitis b virus infection	genetics
hsa-mir-122	hepatitis b virus infection	target
hsa-mir-122	hepatitis b virus infection	tissue
hsa-mir-122	hepatoblastoma	tissue
hsa-mir-122	hypertension	circulation
hsa-mir-122	hypertension	genetics
hsa-mir-122	infertility	target
hsa-mir-122	inflammatory bowel diseases	target
hsa-mir-122	leukemia	target
hsa-mir-122	leukemia, myeloid, acute	circulation
hsa-mir-122	leukemia, myeloid, acute	target
hsa-mir-122	liver cirrhosis	target
hsa-mir-122	liver cirrhosis	tissue
hsa-mir-122	liver failure	tissue
hsa-mir-122	liver neoplasms	circulation
hsa-mir-122	liver neoplasms	genetics
hsa-mir-122	liver neoplasms	target
hsa-mir-122	lymphoma	target
hsa-mir-122	melanoma	tissue
hsa-mir-122	metabolic syndrome	circulation
hsa-mir-122	metabolic syndrome	target
hsa-mir-122	multiple sclerosis	target
hsa-mir-122	myasthenia gravis	circulation
hsa-mir-122	obesity	circulation
hsa-mir-122	obesity	tissue
hsa-mir-122	ovarian disease	tissue
hsa-mir-122	pancreatic neoplasms	circulation
hsa-mir-122	pancreatic neoplasms	tissue
hsa-mir-122	polycystic ovarian syndrome	circulation
hsa-mir-122	preeclampsia	circulation
hsa-mir-122	prostate neoplasms	target
hsa-mir-122	pterygium	genetics
hsa-mir-122	sepsis	circulation
hsa-mir-122	sepsis	target
hsa-mir-122	stroke	circulation
hsa-mir-122	stroke	genetics
hsa-mir-122	stroke	target
hsa-mir-122	stroke	tissue
hsa-mir-122	stroke, ischemic	circulation
hsa-mir-122	thyroid neoplasms	tissue
hsa-mir-1224	acute kidney failure	tissue
hsa-mir-1224	carcinoma, hepatocellular	tissue
hsa-mir-1224	glioma	target
hsa-mir-1224	lung neoplasms	tissue
hsa-mir-1224	lupus nephritis	circulation
hsa-mir-1224	rectal neoplasms	tissue
hsa-mir-1224	urinary bladder cancer	epigenetics
hsa-mir-1224	urinary bladder cancer	tissue
hsa-mir-124	acute kidney failure	target
hsa-mir-124	adenocarcinoma, lung	tissue
hsa-mir-124	adenovirus infection	target
hsa-mir-124	angiomyolipoma	target
hsa-mir-124	astrocytoma	target
hsa-mir-124	astrocytoma	tissue
hsa-mir-124	breast neoplasms	target
hsa-mir-124	breast neoplasms	tissue
hsa-mir-124	carcinoma, breast	epigenetics
hsa-mir-124	carcinoma, breast	target
hsa-mir-124	carcinoma, endometrial	target
hsa-mir-124	carcinoma, hepatocellular	target
hsa-mir-124	carcinoma, nasopharyngeal	target
hsa-mir-124	carcinoma, renal cell	target
hsa-mir-124	carcinosarcoma	tissue
hsa-mir-124	cervical neoplasms	epigenetics
hsa-mir-124	colitis, ulcerative	target
hsa-mir-124	colorectal carcinoma	target
hsa-mir-124	colorectal carcinoma	tissue
hsa-mir-124	crohn disease	tissue
hsa-mir-124	glioblastoma	genetics
hsa-mir-124	glioblastoma	target
hsa-mir-124	glioblastoma	tissue
hsa-mir-124	glioma	circulation
hsa-mir-124	glioma	target
hsa-mir-124	glioma	tissue
hsa-mir-124	heart failure	tissue
hsa-mir-124	hepatitis b virus infection	genetics
hsa-mir-124	inflammation	target
hsa-mir-124	inflammatory bowel diseases	target
hsa-mir-124	leukemia, lymphoblastic, acute	target
hsa-mir-124	lichen planus	target
hsa-mir-124	liver neoplasms	target
hsa-mir-124	lung neoplasms	target
hsa-mir-124	lung neoplasms	tissue
hsa-mir-124	lymphoma, b-cell	target
hsa-mir-124	medulloblastoma	genetics
hsa-mir-124	medulloblastoma	target
hsa-mir-124	melanoma	target
hsa-mir-124	myocardial infarction	target
hsa-mir-124	osteosarcoma	genetics
hsa-mir-124	osteosarcoma	target
hsa-mir-124	ovarian neoplasms	target
hsa-mir-124	prostate neoplasms	epigenetics
hsa-mir-124	prostate neoplasms	target
hsa-mir-124	retinoblastoma	genetics
hsa-mir-124	squamous cell carcinoma, head and neck	target
hsa-mir-124	stroke	circulation
hsa-mir-124	stroke	target
hsa-mir-124	stroke	tissue
hsa-mir-124	tuberculosis, pulmonary	target
hsa-mir-124-1	astrocytoma	tissue
hsa-mir-124-1	breast neoplasms	genetics
hsa-mir-124-1	breast neoplasms	target
hsa-mir-124-1	carcinoma, hepatocellular	epigenetics
hsa-mir-124-1	carcinoma, hepatocellular	target
hsa-mir-124-1	carcinoma, renal cell	epigenetics
hsa-mir-124-1	cholangiocarcinoma	epigenetics
hsa-mir-124-1	colorectal carcinoma	epigenetics
hsa-mir-124-1	colorectal carcinoma	target
hsa-mir-124-1	endometrial neoplasms	epigenetics
hsa-mir-124-1	gastrointestinal neoplasms	epigenetics
hsa-mir-124-1	glioblastoma	tissue
hsa-mir-124-1	glioma	genetics
hsa-mir-124-1	glioma	target
hsa-mir-124-1	leukemia, myeloid, acute	circulation
hsa-mir-124-1	lung neoplasms	tissue
hsa-mir-124-1	lymphoma	tissue
hsa-mir-124-1	medulloblastoma	target
hsa-mir-124-1	multiple myeloma	tissue
hsa-mir-124-1	myelodysplastic syndromes	epigenetics
hsa-mir-124-1	neuroblastoma	genetics
hsa-mir-124-1	pancreatic neoplasms	epigenetics
hsa-mir-124-1	prostate neoplasms	target
hsa-mir-124-1	retinoblastoma	tissue
hsa-mir-124-1	sepsis	tissue
hsa-mir-124-1	stroke	circulation
hsa-mir-124-2	astrocytoma	tissue
hsa-mir-124-2	breast neoplasms	genetics
hsa-mir-124-2	breast neoplasms	target
hsa-mir-124-2	carcinoma, hepatocellular	epigenetics
hsa-mir-124-2	carcinoma, hepatocellular	target
hsa-mir-124-2	carcinoma, renal cell	epigenetics
hsa-mir-124-2	cholangiocarcinoma	epigenetics
hsa-mir-124-2	colorectal carcinoma	epigenetics
hsa-mir-124-2	colorectal carcinoma	target
hsa-mir-124-2	endometrial neoplasms	epigenetics
hsa-mir-124-2	gastrointestinal neoplasms	epigenetics
hsa-mir-124-2	glioblastoma	tissue
hsa-mir-124-2	glioma	genetics
hsa-mir-124-2	glioma	target
hsa-mir-124-2	lung neoplasms	tissue
hsa-mir-124-2	medulloblastoma	target
hsa-mir-124-2	myelodysplastic syndromes	epigenetics
hsa-mir-124-2	neuroblastoma	genetics
hsa-mir-124-2	pancreatic neoplasms	epigenetics
hsa-mir-124-2	prostate neoplasms	target
hsa-mir-124-2	retinoblastoma	tissue
hsa-mir-124-2	sepsis	tissue
hsa-mir-124-2	stroke	circulation
hsa-mir-124-3	astrocytoma	tissue
hsa-mir-124-3	breast neoplasms	genetics
hsa-mir-124-3	breast neoplasms	target
hsa-mir-124-3	carcinoma, hepatocellular	epigenetics
hsa-mir-124-3	carcinoma, hepatocellular	target
hsa-mir-124-3	carcinoma, renal cell	epigenetics
hsa-mir-124-3	colorectal carcinoma	epigenetics
hsa-mir-124-3	endometrial neoplasms	epigenetics
hsa-mir-124-3	gastrointestinal neoplasms	epigenetics
hsa-mir-124-3	glioblastoma	tissue
hsa-mir-124-3	glioma	genetics
hsa-mir-124-3	lung neoplasms	tissue
hsa-mir-124-3	medulloblastoma	target
hsa-mir-124-3	myelodysplastic syndromes	epigenetics
hsa-mir-124-3	neuroblastoma	genetics
hsa-mir-124-3	pancreatic neoplasms	epigenetics
hsa-mir-124-3	prostate neoplasms	target
hsa-mir-124-3	retinoblastoma	tissue
hsa-mir-124-3	stroke	circulation
hsa-mir-1244	borna disease	tissue
hsa-mir-1246	adenovirus infection	tissue
hsa-mir-1246	breast neoplasms	circulation
hsa-mir-1246	carcinoma, breast	tissue
hsa-mir-1246	carcinoma, hepatocellular	target
hsa-mir-1246	carcinoma, hepatocellular	tissue
hsa-mir-1246	colorectal carcinoma	circulation
hsa-mir-1246	colorectal carcinoma	target
hsa-mir-1246	colorectal carcinoma	tissue
hsa-mir-1246	esophageal neoplasms	circulation
hsa-mir-1246	gastrointestinal neoplasms	tissue
hsa-mir-1246	heart failure	circulation
hsa-mir-1246	inflammatory bowel diseases	target
hsa-mir-1246	leukemia, myeloid, acute	circulation
hsa-mir-1246	melanoma	circulation
hsa-mir-1246	neuroblastoma	tissue
hsa-mir-1246	pancreatic neoplasms	circulation
hsa-mir-1246	pancreatic neoplasms	tissue
hsa-mir-1246	pterygium	tissue
hsa-mir-124a	amyotrophic lateral sclerosis	circulation
hsa-mir-124a	aortic aneurysm, abdominal	tissue
hsa-mir-124a	breast neoplasms	tissue
hsa-mir-124a	colorectal carcinoma	epigenetics
hsa-mir-124a	diabetes mellitus, type 2	genetics
hsa-mir-124a	diabetes mellitus, type 2	target
hsa-mir-124a	diabetes mellitus, type 2	tissue
hsa-mir-124a	glioblastoma	target
hsa-mir-124a	glioma	target
hsa-mir-124a	liver neoplasms	target
hsa-mir-124a	melanoma	epigenetics
hsa-mir-124a	osteosarcoma	genetics
hsa-mir-124a	pancreatic neoplasms	target
hsa-mir-125	atherosclerosis	target
hsa-mir-125	carcinoma, breast	tissue
hsa-mir-125	colorectal carcinoma	target
hsa-mir-125	colorectal carcinoma	tissue
hsa-mir-125	diabetic nephropathy	genetics
hsa-mir-125	hiv-associated lipodystrophy	tissue
hsa-mir-125	pancreatic neoplasms	tissue
hsa-mir-125	polycythemia vera	circulation
hsa-mir-1254	carcinoma, breast	target
hsa-mir-1254	myocardial infarction	circulation
hsa-mir-125a	acute coronary syndrome	circulation
hsa-mir-125a	atherosclerosis	circulation
hsa-mir-125a	breast neoplasms	genetics
hsa-mir-125a	breast neoplasms	target
hsa-mir-125a	breast neoplasms	tissue
hsa-mir-125a	carcinoma, basal cell	tissue
hsa-mir-125a	carcinoma, breast	genetics
hsa-mir-125a	carcinoma, breast	target
hsa-mir-125a	carcinoma, hepatocellular	circulation
hsa-mir-125a	carcinoma, hepatocellular	genetics
hsa-mir-125a	carcinoma, hepatocellular	target
hsa-mir-125a	carcinoma, hepatocellular	tissue
hsa-mir-125a	colon neoplasms	genetics
hsa-mir-125a	colon neoplasms	tissue
hsa-mir-125a	colorectal carcinoma	epigenetics
hsa-mir-125a	diabetes mellitus, type 2	circulation
hsa-mir-125a	endometriosis	tissue
hsa-mir-125a	glioma	target
hsa-mir-125a	habitual abortion	genetics
hsa-mir-125a	head and neck neoplasms	tissue
hsa-mir-125a	heart failure	circulation
hsa-mir-125a	heart failure	tissue
hsa-mir-125a	hepatitis b virus infection	target
hsa-mir-125a	hepatoblastoma	tissue
hsa-mir-125a	hiv-associated lipodystrophy	tissue
hsa-mir-125a	immune thrombocytopenic purpura	target
hsa-mir-125a	inflammation	target
hsa-mir-125a	leiomyosarcoma	tissue
hsa-mir-125a	leukemia	circulation
hsa-mir-125a	leukemia	target
hsa-mir-125a	leukemia, lymphocytic, chronic, b-cell	circulation
hsa-mir-125a	leukemia, myeloid, acute	target
hsa-mir-125a	lung neoplasms	circulation
hsa-mir-125a	lung neoplasms	target
hsa-mir-125a	lung neoplasms	tissue
hsa-mir-125a	lupus nephritis	circulation
hsa-mir-125a	lupus nephritis	tissue
hsa-mir-125a	lymphoma	tissue
hsa-mir-125a	lymphoma, large b-cell, diffuse	tissue
hsa-mir-125a	melanoma	circulation
hsa-mir-125a	melanoma	target
hsa-mir-125a	multiple myeloma	target
hsa-mir-125a	muscle atrophy	circulation
hsa-mir-125a	myelodysplastic syndromes	genetics
hsa-mir-125a	obesity	tissue
hsa-mir-125a	osteosarcoma	target
hsa-mir-125a	ovarian neoplasms	genetics
hsa-mir-125a	pancreatic neoplasms	target
hsa-mir-125a	rectal neoplasms	tissue
hsa-mir-125a	retinal degeneration	target
hsa-mir-125a	retinal degeneration	tissue
hsa-mir-125a	retinoblastoma	genetics
hsa-mir-125a	retinoblastoma	tissue
hsa-mir-125a	synovial sarcoma	circulation
hsa-mir-125a	synovial sarcoma	tissue
hsa-mir-125b	age-related macular degeneration	circulation
hsa-mir-125b	alopecia	tissue
hsa-mir-125b	amyotrophic lateral sclerosis	genetics
hsa-mir-125b	amyotrophic lateral sclerosis	tissue
hsa-mir-125b	arteriosclerosis obliterans	target
hsa-mir-125b	asthma	tissue
hsa-mir-125b	atherosclerosis	circulation
hsa-mir-125b	breast neoplasms	circulation
hsa-mir-125b	breast neoplasms	genetics
hsa-mir-125b	breast neoplasms	target
hsa-mir-125b	breast neoplasms	tissue
hsa-mir-125b	carcinoma, breast	circulation
hsa-mir-125b	carcinoma, breast	epigenetics
hsa-mir-125b	carcinoma, breast	target
hsa-mir-125b	carcinoma, hepatocellular	circulation
hsa-mir-125b	carcinoma, hepatocellular	target
hsa-mir-125b	carcinoma, hepatocellular	tissue
hsa-mir-125b	carcinoma, nasopharyngeal	target
hsa-mir-125b	cholangiocarcinoma	genetics
hsa-mir-125b	chondrosarcoma	epigenetics
hsa-mir-125b	colon neoplasms	tissue
hsa-mir-125b	colorectal carcinoma	circulation
hsa-mir-125b	colorectal carcinoma	epigenetics
hsa-mir-125b	colorectal carcinoma	target
hsa-mir-125b	colorectal carcinoma	tissue
hsa-mir-125b	diabetes mellitus, type 2	target
hsa-mir-125b	diabetic nephropathy	target
hsa-mir-125b	endometriosis	genetics
hsa-mir-125b	endomyocardial fibrosis	target
hsa-mir-125b	esophageal neoplasms	tissue
hsa-mir-125b	ewing sarcoma	target
hsa-mir-125b	glioblastoma	target
hsa-mir-125b	glioblastoma	tissue
hsa-mir-125b	glioma	target
hsa-mir-125b	glioma	tissue
hsa-mir-125b	heart failure	target
hsa-mir-125b	hepatitis b virus infection	circulation
hsa-mir-125b	hepatitis b virus infection	target
hsa-mir-125b	inflammation	target
hsa-mir-125b	inflammation	tissue
hsa-mir-125b	inflammatory bowel diseases	target
hsa-mir-125b	leukemia	genetics
hsa-mir-125b	leukemia	target
hsa-mir-125b	leukemia	tissue
hsa-mir-125b	leukemia, b-cell	genetics
hsa-mir-125b	leukemia, myeloid, acute	genetics
hsa-mir-125b	leukemia, myeloid, acute	target
hsa-mir-125b	liver cirrhosis	target
hsa-mir-125b	liver neoplasms	target
hsa-mir-125b	lung neoplasms	target
hsa-mir-125b	lung neoplasms	tissue
hsa-mir-125b	machado-joseph disease	circulation
hsa-mir-125b	medulloblastoma	target
hsa-mir-125b	melanoma	circulation
hsa-mir-125b	melanoma	epigenetics
hsa-mir-125b	melanoma	genetics
hsa-mir-125b	melanoma	target
hsa-mir-125b	melanoma	tissue
hsa-mir-125b	multiple myeloma	circulation
hsa-mir-125b	myocardial infarction	circulation
hsa-mir-125b	osteoarthritis	target
hsa-mir-125b	osteosarcoma	genetics
hsa-mir-125b	osteosarcoma	target
hsa-mir-125b	ovarian neoplasms	genetics
hsa-mir-125b	ovarian neoplasms	target
hsa-mir-125b	ovarian neoplasms	tissue
hsa-mir-125b	periodontitis	tissue
hsa-mir-125b	preeclampsia	target
hsa-mir-125b	preeclampsia	tissue
hsa-mir-125b	prostate neoplasms	circulation
hsa-mir-125b	prostate neoplasms	target
hsa-mir-125b	prostate neoplasms	tissue
hsa-mir-125b	psoriasis	tissue
hsa-mir-125b	retinoblastoma	genetics
hsa-mir-125b	retinoblastoma	target
hsa-mir-125b	sepsis	target
hsa-mir-125b	spinal cord injuries	circulation
hsa-mir-125b	squamous cell carcinoma, head and neck	target
hsa-mir-125b	squamous cell carcinoma, head and neck	tissue
hsa-mir-125b	tuberculosis, pulmonary	tissue
hsa-mir-125b-1	adenovirus infection	tissue
hsa-mir-125b-1	atopic dermatitis	tissue
hsa-mir-125b-1	breast neoplasms	circulation
hsa-mir-125b-1	breast neoplasms	epigenetics
hsa-mir-125b-1	breast neoplasms	genetics
hsa-mir-125b-1	breast neoplasms	target
hsa-mir-125b-1	breast neoplasms	tissue
hsa-mir-125b-1	carcinoma, adrenocortical	tissue
hsa-mir-125b-1	carcinoma, hepatocellular	epigenetics
hsa-mir-125b-1	carcinoma, hepatocellular	genetics
hsa-mir-125b-1	carcinoma, hepatocellular	target
hsa-mir-125b-1	carcinoma, hepatocellular	tissue
hsa-mir-125b-1	endometrial neoplasms	target
hsa-mir-125b-1	endometriosis	tissue
hsa-mir-125b-1	glioblastoma	target
hsa-mir-125b-1	glioma	tissue
hsa-mir-125b-1	head and neck neoplasms	target
hsa-mir-125b-1	head and neck neoplasms	tissue
hsa-mir-125b-1	hematologic neoplasms	target
hsa-mir-125b-1	laryngeal neoplasms	tissue
hsa-mir-125b-1	leukemia	target
hsa-mir-125b-1	leukemia, b-cell	genetics
hsa-mir-125b-1	leukemia, b-cell	target
hsa-mir-125b-1	leukemia, lymphocytic, chronic, b-cell	tissue
hsa-mir-125b-1	leukemia, myeloid	circulation
hsa-mir-125b-1	leukemia, myeloid, acute	genetics
hsa-mir-125b-1	leukemia, myeloid, acute	target
hsa-mir-125b-1	lichen planus	tissue
hsa-mir-125b-1	lung neoplasms	genetics
hsa-mir-125b-1	lung neoplasms	tissue
hsa-mir-125b-1	lymphoma, t-cell	target
hsa-mir-125b-1	medulloblastoma	tissue
hsa-mir-125b-1	melanoma	target
hsa-mir-125b-1	melanoma	tissue
hsa-mir-125b-1	myelodysplastic syndromes	circulation
hsa-mir-125b-1	nevus	tissue
hsa-mir-125b-1	osteosarcoma	target
hsa-mir-125b-1	ovarian neoplasms	circulation
hsa-mir-125b-1	ovarian neoplasms	genetics
hsa-mir-125b-1	ovarian neoplasms	target
hsa-mir-125b-1	ovarian neoplasms	tissue
hsa-mir-125b-1	pancreatic neoplasms	tissue
hsa-mir-125b-1	preeclampsia	target
hsa-mir-125b-1	prolactinoma	tissue
hsa-mir-125b-1	prostate neoplasms	genetics
hsa-mir-125b-1	prostate neoplasms	target
hsa-mir-125b-1	psoriasis	target
hsa-mir-125b-1	psoriasis	tissue
hsa-mir-125b-1	rectal neoplasms	circulation
hsa-mir-125b-1	thyroid neoplasms	tissue
hsa-mir-125b-1	urinary bladder cancer	genetics
hsa-mir-125b-1	urinary bladder cancer	target
hsa-mir-125b-1	urinary bladder cancer	tissue
hsa-mir-125b-2	adenovirus infection	tissue
hsa-mir-125b-2	atopic dermatitis	tissue
hsa-mir-125b-2	breast neoplasms	circulation
hsa-mir-125b-2	breast neoplasms	target
hsa-mir-125b-2	breast neoplasms	tissue
hsa-mir-125b-2	carcinoma, adrenocortical	tissue
hsa-mir-125b-2	carcinoma, hepatocellular	epigenetics
hsa-mir-125b-2	carcinoma, hepatocellular	genetics
hsa-mir-125b-2	carcinoma, hepatocellular	target
hsa-mir-125b-2	carcinoma, hepatocellular	tissue
hsa-mir-125b-2	colorectal carcinoma	tissue
hsa-mir-125b-2	down syndrome	tissue
hsa-mir-125b-2	endometrial neoplasms	target
hsa-mir-125b-2	endometriosis	tissue
hsa-mir-125b-2	glioblastoma	genetics
hsa-mir-125b-2	glioblastoma	target
hsa-mir-125b-2	glioma	target
hsa-mir-125b-2	head and neck neoplasms	target
hsa-mir-125b-2	head and neck neoplasms	tissue
hsa-mir-125b-2	hematologic neoplasms	target
hsa-mir-125b-2	laryngeal neoplasms	tissue
hsa-mir-125b-2	leukemia	target
hsa-mir-125b-2	leukemia, b-cell	target
hsa-mir-125b-2	leukemia, lymphocytic, chronic, b-cell	tissue
hsa-mir-125b-2	leukemia, myeloid	circulation
hsa-mir-125b-2	lichen planus	tissue
hsa-mir-125b-2	lymphoma, t-cell	target
hsa-mir-125b-2	medulloblastoma	tissue
hsa-mir-125b-2	melanoma	target
hsa-mir-125b-2	melanoma	tissue
hsa-mir-125b-2	nevus	tissue
hsa-mir-125b-2	osteosarcoma	target
hsa-mir-125b-2	ovarian neoplasms	circulation
hsa-mir-125b-2	ovarian neoplasms	target
hsa-mir-125b-2	pancreatic neoplasms	tissue
hsa-mir-125b-2	prolactinoma	tissue
hsa-mir-125b-2	prostate neoplasms	epigenetics
hsa-mir-125b-2	prostate neoplasms	genetics
hsa-mir-125b-2	prostate neoplasms	target
hsa-mir-125b-2	psoriasis	target
hsa-mir-125b-2	psoriasis	tissue
hsa-mir-125b-2	rectal neoplasms	circulation
hsa-mir-125b-2	thyroid neoplasms	tissue
hsa-mir-125b-2	urinary bladder cancer	target
hsa-mir-125b-2	urinary bladder cancer	tissue
hsa-mir-126	acute kidney failure	target
hsa-mir-126	adenocarcinoma, lung	target
hsa-mir-126	adenocarcinoma, lung	tissue
hsa-mir-126	age-related macular degeneration	genetics
hsa-mir-126	aortic aneurysm, abdominal	circulation
hsa-mir-126	aortic aneurysm, abdominal	tissue
hsa-mir-126	aplastic anemia	circulation
hsa-mir-126	arteriosclerosis obliterans	circulation
hsa-mir-126	asthma	genetics
hsa-mir-126	asthma	tissue
hsa-mir-126	atherosclerosis	circulation
hsa-mir-126	atherosclerosis	genetics
hsa-mir-126	atherosclerosis	target
hsa-mir-126	atherosclerosis	tissue
hsa-mir-126	breast neoplasms	target
hsa-mir-126	breast neoplasms	tissue
hsa-mir-126	carcinoma, adrenocortical	tissue
hsa-mir-126	carcinoma, breast	circulation
hsa-mir-126	carcinoma, hepatocellular	circulation
hsa-mir-126	carcinoma, hepatocellular	epigenetics
hsa-mir-126	carcinoma, hepatocellular	genetics
hsa-mir-126	carcinoma, hepatocellular	target
hsa-mir-126	carcinoma, hepatocellular	tissue
hsa-mir-126	carcinoma, renal cell	circulation
hsa-mir-126	carcinoma, renal cell	target
hsa-mir-126	carcinoma, renal cell	tissue
hsa-mir-126	carcinoma, thyroid	target
hsa-mir-126	cardiomyopathy, dilated	tissue
hsa-mir-126	cholangiocarcinoma	tissue
hsa-mir-126	chondrosarcoma	target
hsa-mir-126	chronic kidney disease	circulation
hsa-mir-126	colitis, ulcerative	target
hsa-mir-126	colon neoplasms	target
hsa-mir-126	colon neoplasms	tissue
hsa-mir-126	colorectal carcinoma	circulation
hsa-mir-126	colorectal carcinoma	epigenetics
hsa-mir-126	colorectal carcinoma	target
hsa-mir-126	colorectal carcinoma	tissue
hsa-mir-126	coronary artery disease	circulation
hsa-mir-126	coronary artery disease	tissue
hsa-mir-126	crohn disease	circulation
hsa-mir-126	diabetes mellitus	circulation
hsa-mir-126	diabetes mellitus	target
hsa-mir-126	diabetes mellitus, type 2	circulation
hsa-mir-126	diabetic nephropathy	circulation
hsa-mir-126	diabetic retinopathy	target
hsa-mir-126	endocrine gland neoplasms	tissue
hsa-mir-126	endometriosis	genetics
hsa-mir-126	endometriosis	target
hsa-mir-126	endometriosis	tissue
hsa-mir-126	esophageal neoplasms	tissue
hsa-mir-126	gastrointestinal neoplasms	target
hsa-mir-126	gastrointestinal neoplasms	tissue
hsa-mir-126	giant cell tumor of bone	target
hsa-mir-126	glioblastoma	tissue
hsa-mir-126	glioma	circulation
hsa-mir-126	glioma	target
hsa-mir-126	glioma	tissue
hsa-mir-126	heart failure	circulation
hsa-mir-126	heart failure	genetics
hsa-mir-126	heart failure	tissue
hsa-mir-126	hypertension	circulation
hsa-mir-126	ischemia	tissue
hsa-mir-126	kidney neoplasms	circulation
hsa-mir-126	leukemia	circulation
hsa-mir-126	leukemia, b-cell	circulation
hsa-mir-126	leukemia, lymphoblastic, acute	target
hsa-mir-126	leukemia, myelogenous, chronic, bcr-abl positive	target
hsa-mir-126	leukemia, myeloid, acute	circulation
hsa-mir-126	leukemia, promyelocytic, acute	target
hsa-mir-126	liver cirrhosis	target
hsa-mir-126	liver neoplasms	target
hsa-mir-126	lung neoplasms	circulation
hsa-mir-126	lung neoplasms	tissue
hsa-mir-126	lymphoma	tissue
hsa-mir-126	lymphoma, large b-cell, diffuse	tissue
hsa-mir-126	medulloblastoma	tissue
hsa-mir-126	melanoma	target
hsa-mir-126	mesothelioma	circulation
hsa-mir-126	mesothelioma	target
hsa-mir-126	mesothelioma	tissue
hsa-mir-126	migraine	circulation
hsa-mir-126	multiple sclerosis	circulation
hsa-mir-126	muscle atrophy	circulation
hsa-mir-126	myocardial infarction	circulation
hsa-mir-126	myocardial infarction	genetics
hsa-mir-126	myocardial infarction	target
hsa-mir-126	myocardial infarction	tissue
hsa-mir-126	obesity	circulation
hsa-mir-126	obesity	target
hsa-mir-126	osteoarthritis	circulation
hsa-mir-126	osteosarcoma	target
hsa-mir-126	osteosarcoma	tissue
hsa-mir-126	ovarian neoplasms	tissue
hsa-mir-126	pancreatic neoplasms	circulation
hsa-mir-126	pancreatic neoplasms	genetics
hsa-mir-126	pancreatic neoplasms	target
hsa-mir-126	parathyroid carcinoma	tissue
hsa-mir-126	parkinson disease	circulation
hsa-mir-126	parkinson disease	target
hsa-mir-126	periodontitis	tissue
hsa-mir-126	peripheral vascular disease	circulation
hsa-mir-126	preeclampsia	circulation
hsa-mir-126	preeclampsia	tissue
hsa-mir-126	prolactinoma	tissue
hsa-mir-126	prostate neoplasms	circulation
hsa-mir-126	prostate neoplasms	genetics
hsa-mir-126	prostate neoplasms	target
hsa-mir-126	prostate neoplasms	tissue
hsa-mir-126	spinal cord injuries	genetics
hsa-mir-126	stroke	tissue
hsa-mir-126	stroke, ischemic	circulation
hsa-mir-126	thrombosis	target
hsa-mir-126	thyroid neoplasms	genetics
hsa-mir-126	thyroid neoplasms	tissue
hsa-mir-126	urinary bladder cancer	tissue
hsa-mir-127	atherosclerosis	circulation
hsa-mir-127	atherosclerosis	target
hsa-mir-127	balkan nephropathy	tissue
hsa-mir-127	breast neoplasms	circulation
hsa-mir-127	breast neoplasms	target
hsa-mir-127	breast neoplasms	tissue
hsa-mir-127	carcinoma, breast	circulation
hsa-mir-127	carcinoma, breast	epigenetics
hsa-mir-127	carcinoma, hepatocellular	circulation
hsa-mir-127	carcinoma, hepatocellular	target
hsa-mir-127	colon neoplasms	epigenetics
hsa-mir-127	colon neoplasms	tissue
hsa-mir-127	colorectal carcinoma	tissue
hsa-mir-127	glioblastoma	target
hsa-mir-127	inflammation	target
hsa-mir-127	leukemia, myeloid, acute	circulation
hsa-mir-127	leukemia, myeloid, acute	target
hsa-mir-127	lung neoplasms	epigenetics
hsa-mir-127	lung neoplasms	target
hsa-mir-127	lupus nephritis	tissue
hsa-mir-127	lymphoma, large b-cell, diffuse	tissue
hsa-mir-127	medulloblastoma	tissue
hsa-mir-127	neuralgia, postherpetic	circulation
hsa-mir-127	obesity	genetics
hsa-mir-127	osteoarthritis	target
hsa-mir-127	osteosarcoma	epigenetics
hsa-mir-127	osteosarcoma	target
hsa-mir-127	ovarian neoplasms	tissue
hsa-mir-127	prostate neoplasms	epigenetics
hsa-mir-127	prostate neoplasms	tissue
hsa-mir-127	thyroid neoplasms	circulation
hsa-mir-127	thyroid neoplasms	tissue
hsa-mir-127	urinary bladder cancer	epigenetics
hsa-mir-1275	adenocarcinoma, colon	tissue
hsa-mir-1275	breast neoplasms	target
hsa-mir-1275	carcinoma, hepatocellular	target
hsa-mir-1275	carcinoma, hepatocellular	tissue
hsa-mir-1275	diabetes mellitus, type 1	circulation
hsa-mir-1275	glioblastoma	target
hsa-mir-1275	hepatitis b virus infection	circulation
hsa-mir-1275	intrahepatic cholangiocarcinoma	circulation
hsa-mir-1275	lymphoma	target
hsa-mir-128	adenovirus infection	target
hsa-mir-128	amyotrophic lateral sclerosis	tissue
hsa-mir-128	breast neoplasms	target
hsa-mir-128	carcinoma, hepatocellular	target
hsa-mir-128	cholangiocarcinoma	tissue
hsa-mir-128	colorectal carcinoma	target
hsa-mir-128	diabetes mellitus, type 2	target
hsa-mir-128	friedreich ataxia	circulation
hsa-mir-128	glioblastoma	circulation
hsa-mir-128	glioblastoma	genetics
hsa-mir-128	glioblastoma	target
hsa-mir-128	glioblastoma	tissue
hsa-mir-128	glioma	target
hsa-mir-128	leukemia	circulation
hsa-mir-128	leukemia, lymphoblastic, acute	circulation
hsa-mir-128	leukemia, myeloid, acute	target
hsa-mir-128	multiple sclerosis	circulation
hsa-mir-128	osteosarcoma	target
hsa-mir-128	ovarian neoplasms	target
hsa-mir-128	pancreatic neoplasms	tissue
hsa-mir-128	prostate neoplasms	circulation
hsa-mir-128	prostate neoplasms	target
hsa-mir-128-1	astrocytoma	tissue
hsa-mir-128-1	breast neoplasms	target
hsa-mir-128-1	glioblastoma	circulation
hsa-mir-128-1	glioblastoma	tissue
hsa-mir-128-1	glioma	target
hsa-mir-128-1	multiple sclerosis	tissue
hsa-mir-128-1	neuroblastoma	target
hsa-mir-128-1	ovarian neoplasms	target
hsa-mir-128-1	preeclampsia	tissue
hsa-mir-128-2	breast neoplasms	target
hsa-mir-128-2	carcinoma, hepatocellular	circulation
hsa-mir-128-2	colon neoplasms	tissue
hsa-mir-128-2	glioblastoma	circulation
hsa-mir-128-2	glioblastoma	tissue
hsa-mir-128-2	glioma	target
hsa-mir-128-2	lung neoplasms	circulation
hsa-mir-128-2	lung neoplasms	tissue
hsa-mir-128-2	multiple sclerosis	tissue
hsa-mir-128-2	neuroblastoma	target
hsa-mir-128-2	ovarian neoplasms	target
hsa-mir-128-2	pancreatic neoplasms	tissue
hsa-mir-128-2	preeclampsia	tissue
hsa-mir-1285	breast neoplasms	target
hsa-mir-1285	carcinoma, hepatocellular	target
hsa-mir-1285	carcinoma, hepatocellular	tissue
hsa-mir-128a	carcinoma, hepatocellular	tissue
hsa-mir-128a	colon neoplasms	tissue
hsa-mir-128a	glioma	target
hsa-mir-128a	preeclampsia	tissue
hsa-mir-128a	prion diseases	tissue
hsa-mir-128b	breast neoplasms	target
hsa-mir-128b	leukemia, lymphoblastic, acute	circulation
hsa-mir-129	amyotrophic lateral sclerosis	tissue
hsa-mir-129	breast neoplasms	target
hsa-mir-129	breast neoplasms	tissue
hsa-mir-129	carcinoma, breast	target
hsa-mir-129	carcinoma, hepatocellular	target
hsa-mir-129	carcinoma, hepatocellular	tissue
hsa-mir-129	carcinoma, renal cell	target
hsa-mir-129	carcinoma, thyroid	target
hsa-mir-129	colorectal carcinoma	target
hsa-mir-129	colorectal carcinoma	tissue
hsa-mir-129	glioblastoma	target
hsa-mir-129	glioma	target
hsa-mir-129	heart failure	circulation
hsa-mir-129	lung neoplasms	target
hsa-mir-129	medulloblastoma	genetics
hsa-mir-129	multiple myeloma	tissue
hsa-mir-129	neuroblastoma	target
hsa-mir-129	osteosarcoma	target
hsa-mir-129	ovarian neoplasms	target
hsa-mir-129	parkinson disease	target
hsa-mir-129	sertoli cell-only syndrome	tissue
hsa-mir-129-1	brain neoplasms	tissue
hsa-mir-129-1	breast neoplasms	tissue
hsa-mir-129-1	carcinoma, hepatocellular	epigenetics
hsa-mir-129-1	carcinoma, hepatocellular	target
hsa-mir-129-1	carcinoma, hepatocellular	tissue
hsa-mir-129-1	glioblastoma	target
hsa-mir-129-1	lung neoplasms	target
hsa-mir-129-1	lymphoma, large b-cell, diffuse	circulation
hsa-mir-129-1	metabolic syndrome	circulation
hsa-mir-129-1	scleroderma, systemic	tissue
hsa-mir-129-1	thyroid neoplasms	epigenetics
hsa-mir-129-2	brain neoplasms	tissue
hsa-mir-129-2	breast neoplasms	epigenetics
hsa-mir-129-2	breast neoplasms	tissue
hsa-mir-129-2	carcinoma, hepatocellular	epigenetics
hsa-mir-129-2	carcinoma, hepatocellular	target
hsa-mir-129-2	carcinoma, hepatocellular	tissue
hsa-mir-129-2	carcinoma, renal cell	epigenetics
hsa-mir-129-2	esophageal neoplasms	epigenetics
hsa-mir-129-2	glioma	epigenetics
hsa-mir-129-2	glioma	target
hsa-mir-129-2	heart failure	tissue
hsa-mir-129-2	lung neoplasms	epigenetics
hsa-mir-129-2	lymphoma, large b-cell, diffuse	circulation
hsa-mir-129-2	metabolic syndrome	circulation
hsa-mir-129-2	ovarian neoplasms	epigenetics
hsa-mir-129-2	scleroderma, systemic	tissue
hsa-mir-129-2	squamous cell carcinoma, head and neck	tissue
hsa-mir-129-2	thyroid neoplasms	epigenetics
hsa-mir-1290	borna disease	tissue
hsa-mir-1290	breast neoplasms	target
hsa-mir-1290	carcinoma, hepatocellular	tissue
hsa-mir-1290	carcinoma, renal cell	circulation
hsa-mir-1290	cardiomyopathy	target
hsa-mir-1290	colon neoplasms	target
hsa-mir-1290	colorectal carcinoma	tissue
hsa-mir-1290	leukemia, lymphoblastic, acute	target
hsa-mir-1290	necrotizing enterocolitis	tissue
hsa-mir-1297	carcinoma, hepatocellular	target
hsa-mir-1297	colon neoplasms	tissue
hsa-mir-1297	colorectal carcinoma	target
hsa-mir-1297	lung neoplasms	target
hsa-mir-1297	melanoma	target
hsa-mir-1299	carcinoma, hepatocellular	genetics
hsa-mir-1299	ovarian neoplasms	tissue
hsa-mir-130	colorectal carcinoma	circulation
hsa-mir-130	gastrointestinal neoplasms	tissue
hsa-mir-130	metabolic syndrome	circulation
hsa-mir-130	myocardial infarction	target
hsa-mir-130	obesity	target
hsa-mir-130	pancreatic neoplasms	tissue
hsa-mir-1307	breast neoplasms	circulation
hsa-mir-1307	carcinoma, breast	target
hsa-mir-1307	carcinoma, breast	tissue
hsa-mir-130a	amyotrophic lateral sclerosis	tissue
hsa-mir-130a	breast neoplasms	circulation
hsa-mir-130a	breast neoplasms	target
hsa-mir-130a	carcinoma, adrenocortical	tissue
hsa-mir-130a	carcinoma, breast	target
hsa-mir-130a	carcinoma, breast	tissue
hsa-mir-130a	carcinoma, hepatocellular	target
hsa-mir-130a	carcinoma, hepatocellular	tissue
hsa-mir-130a	carcinoma, nasopharyngeal	tissue
hsa-mir-130a	cervical neoplasms	target
hsa-mir-130a	chronic kidney disease	circulation
hsa-mir-130a	colorectal carcinoma	target
hsa-mir-130a	coronary artery disease	circulation
hsa-mir-130a	diabetes mellitus	target
hsa-mir-130a	diabetes mellitus	tissue
hsa-mir-130a	epilepsy	circulation
hsa-mir-130a	esophageal neoplasms	tissue
hsa-mir-130a	glioblastoma	target
hsa-mir-130a	glioma	target
hsa-mir-130a	head and neck neoplasms	tissue
hsa-mir-130a	heart failure	genetics
hsa-mir-130a	heart failure	tissue
hsa-mir-130a	hepatitis b virus infection	target
hsa-mir-130a	hepatitis b virus infection	tissue
hsa-mir-130a	laryngeal neoplasms	tissue
hsa-mir-130a	leukemia, lymphocytic, chronic, b-cell	target
hsa-mir-130a	leukemia, myeloid, acute	genetics
hsa-mir-130a	lung neoplasms	tissue
hsa-mir-130a	lymphoma, large b-cell, diffuse	tissue
hsa-mir-130a	muscle atrophy	circulation
hsa-mir-130a	myocardial infarction	target
hsa-mir-130a	obesity	circulation
hsa-mir-130a	osteoarthritis	target
hsa-mir-130a	ovarian neoplasms	circulation
hsa-mir-130a	ovarian neoplasms	genetics
hsa-mir-130a	ovarian neoplasms	target
hsa-mir-130a	ovarian neoplasms	tissue
hsa-mir-130a	periodontitis	tissue
hsa-mir-130a	preeclampsia	circulation
hsa-mir-130a	prolactinoma	tissue
hsa-mir-130a	prostate neoplasms	tissue
hsa-mir-130a	psoriasis	target
hsa-mir-130a	spinal cord injuries	circulation
hsa-mir-130a	squamous cell carcinoma, head and neck	tissue
hsa-mir-130a	stroke, ischemic	genetics
hsa-mir-130a	thyroid neoplasms	circulation
hsa-mir-130b	amyotrophic lateral sclerosis	tissue
hsa-mir-130b	breast neoplasms	tissue
hsa-mir-130b	bronchopulmonary dysplasia	tissue
hsa-mir-130b	carcinoma, breast	circulation
hsa-mir-130b	carcinoma, breast	epigenetics
hsa-mir-130b	carcinoma, breast	target
hsa-mir-130b	carcinoma, hepatocellular	circulation
hsa-mir-130b	carcinoma, hepatocellular	genetics
hsa-mir-130b	carcinoma, hepatocellular	target
hsa-mir-130b	carcinoma, hepatocellular	tissue
hsa-mir-130b	carcinoma, renal cell	tissue
hsa-mir-130b	colorectal carcinoma	target
hsa-mir-130b	colorectal carcinoma	tissue
hsa-mir-130b	diabetic nephropathy	circulation
hsa-mir-130b	endometrial neoplasms	target
hsa-mir-130b	esophageal neoplasms	tissue
hsa-mir-130b	friedreich ataxia	circulation
hsa-mir-130b	glioblastoma	tissue
hsa-mir-130b	glioma	target
hsa-mir-130b	head and neck neoplasms	tissue
hsa-mir-130b	heart failure	circulation
hsa-mir-130b	heart failure	tissue
hsa-mir-130b	inflammation	tissue
hsa-mir-130b	irritable bowel syndrome	tissue
hsa-mir-130b	lung neoplasms	target
hsa-mir-130b	lung neoplasms	tissue
hsa-mir-130b	lupus nephritis	genetics
hsa-mir-130b	lupus nephritis	target
hsa-mir-130b	lupus vulgaris	circulation
hsa-mir-130b	melanoma	tissue
hsa-mir-130b	metabolic syndrome	circulation
hsa-mir-130b	obesity	circulation
hsa-mir-130b	ovarian neoplasms	epigenetics
hsa-mir-130b	ovarian neoplasms	genetics
hsa-mir-130b	ovarian neoplasms	target
hsa-mir-130b	pancreatic neoplasms	target
hsa-mir-130b	pancreatic neoplasms	tissue
hsa-mir-130b	pituitary adenoma	tissue
hsa-mir-130b	preeclampsia	circulation
hsa-mir-130b	prostate neoplasms	tissue
hsa-mir-130b	scleroderma, systemic	target
hsa-mir-130b	stroke, ischemic	genetics
hsa-mir-130b	tuberculosis, pulmonary	tissue
hsa-mir-132	adenocarcinoma, lung	target
hsa-mir-132	amyotrophic lateral sclerosis	tissue
hsa-mir-132	angiomyolipoma	target
hsa-mir-132	atherosclerosis	target
hsa-mir-132	breast neoplasms	circulation
hsa-mir-132	breast neoplasms	target
hsa-mir-132	breast neoplasms	tissue
hsa-mir-132	carcinoma, adrenocortical	tissue
hsa-mir-132	carcinoma, breast	circulation
hsa-mir-132	carcinoma, breast	epigenetics
hsa-mir-132	carcinoma, hepatocellular	genetics
hsa-mir-132	carcinoma, hepatocellular	target
hsa-mir-132	carcinoma, hepatocellular	tissue
hsa-mir-132	colon neoplasms	circulation
hsa-mir-132	colon neoplasms	target
hsa-mir-132	colorectal carcinoma	tissue
hsa-mir-132	diabetes mellitus, type 2	circulation
hsa-mir-132	diabetes mellitus, type 2	genetics
hsa-mir-132	eosinophilic esophagitis	circulation
hsa-mir-132	glioblastoma	tissue
hsa-mir-132	glioma	target
hsa-mir-132	glioma	tissue
hsa-mir-132	heart failure	genetics
hsa-mir-132	heart failure	tissue
hsa-mir-132	hepatitis b virus infection	target
hsa-mir-132	hypertension	circulation
hsa-mir-132	inflammation	circulation
hsa-mir-132	inflammation	genetics
hsa-mir-132	inflammation	target
hsa-mir-132	inflammation	tissue
hsa-mir-132	inflammatory bowel diseases	tissue
hsa-mir-132	irritable bowel syndrome	tissue
hsa-mir-132	leukemia, lymphocytic, chronic, b-cell	tissue
hsa-mir-132	liver neoplasms	target
hsa-mir-132	lung neoplasms	circulation
hsa-mir-132	lung neoplasms	target
hsa-mir-132	melanoma	target
hsa-mir-132	mesothelioma	circulation
hsa-mir-132	multiple sclerosis	target
hsa-mir-132	muscle atrophy	circulation
hsa-mir-132	myocardial infarction	target
hsa-mir-132	obesity	circulation
hsa-mir-132	osteoarthritis	tissue
hsa-mir-132	osteosarcoma	genetics
hsa-mir-132	osteosarcoma	target
hsa-mir-132	osteosarcoma	tissue
hsa-mir-132	ovarian neoplasms	circulation
hsa-mir-132	pancreatic neoplasms	circulation
hsa-mir-132	pancreatic neoplasms	epigenetics
hsa-mir-132	pancreatic neoplasms	target
hsa-mir-132	pancreatic neoplasms	tissue
hsa-mir-132	parkinson disease	target
hsa-mir-132	pelvic inflammatory disease	circulation
hsa-mir-132	periodontal diseases	tissue
hsa-mir-132	pituitary neoplasms	target
hsa-mir-132	prostate neoplasms	circulation
hsa-mir-132	prostate neoplasms	epigenetics
hsa-mir-132	prostate neoplasms	genetics
hsa-mir-132	prostate neoplasms	target
hsa-mir-132	sepsis	circulation
hsa-mir-132	stroke	circulation
hsa-mir-133	adenocarcinoma, lung	target
hsa-mir-133	arrhythmia	circulation
hsa-mir-133	arrhythmia	target
hsa-mir-133	cardiomyopathy	circulation
hsa-mir-133	diabetes mellitus, type 2	tissue
hsa-mir-133	heart failure	circulation
hsa-mir-133	heart failure	tissue
hsa-mir-133	inflammatory bowel diseases	target
hsa-mir-133	muscular dystrophy, duchenne	circulation
hsa-mir-133	myocardial infarction	circulation
hsa-mir-133	osteoporosis	target
hsa-mir-133	polycystic kidney disease	tissue
hsa-mir-133	retinitis pigmentosa	tissue
hsa-mir-133a	acute coronary syndrome	circulation
hsa-mir-133a	arteriosclerosis obliterans	target
hsa-mir-133a	asthma	target
hsa-mir-133a	atherosclerosis	target
hsa-mir-133a	breast neoplasms	target
hsa-mir-133a	breast neoplasms	tissue
hsa-mir-133a	carcinoma, breast	tissue
hsa-mir-133a	carcinoma, endometrial	target
hsa-mir-133a	carcinoma, hepatocellular	target
hsa-mir-133a	carcinoma, renal cell	tissue
hsa-mir-133a	cardiomegaly	epigenetics
hsa-mir-133a	cardiomegaly	target
hsa-mir-133a	cardiomyopathy	circulation
hsa-mir-133a	cardiomyopathy, dilated	tissue
hsa-mir-133a	cardiomyopathy, hypertrophic	circulation
hsa-mir-133a	cardiomyopathy, hypertrophic	genetics
hsa-mir-133a	chronic kidney disease	tissue
hsa-mir-133a	colon neoplasms	target
hsa-mir-133a	colon neoplasms	tissue
hsa-mir-133a	colorectal carcinoma	target
hsa-mir-133a	colorectal carcinoma	tissue
hsa-mir-133a	diabetes mellitus	target
hsa-mir-133a	essential hypertension	circulation
hsa-mir-133a	glioma	genetics
hsa-mir-133a	head and neck neoplasms	target
hsa-mir-133a	heart failure	circulation
hsa-mir-133a	heart failure	genetics
hsa-mir-133a	heart failure	target
hsa-mir-133a	hellp syndrome	circulation
hsa-mir-133a	hypertension	circulation
hsa-mir-133a	hypertension	genetics
hsa-mir-133a	hypertrophy	genetics
hsa-mir-133a	hypertrophy	tissue
hsa-mir-133a	inflammation	target
hsa-mir-133a	intracranial aneurysm	target
hsa-mir-133a	muscular dystrophy, duchenne	circulation
hsa-mir-133a	myocardial infarction	circulation
hsa-mir-133a	myocardial infarction	genetics
hsa-mir-133a	neuroendocrine tumors	tissue
hsa-mir-133a	osteosarcoma	target
hsa-mir-133a	ovarian neoplasms	target
hsa-mir-133a	pancreatic neoplasms	tissue
hsa-mir-133a	prostate neoplasms	target
hsa-mir-133a	rectal neoplasms	tissue
hsa-mir-133a	sepsis	circulation
hsa-mir-133a-1	aortic aneurysm, thoracic	tissue
hsa-mir-133a-1	arrhythmia	target
hsa-mir-133a-1	astrocytoma	tissue
hsa-mir-133a-1	atherosclerosis	circulation
hsa-mir-133a-1	breast neoplasms	genetics
hsa-mir-133a-1	carcinoma, adrenocortical	tissue
hsa-mir-133a-1	cardiomegaly	target
hsa-mir-133a-1	cardiomyopathy, hypertrophic	circulation
hsa-mir-133a-1	cardiomyopathy, hypertrophic	tissue
hsa-mir-133a-1	colorectal carcinoma	epigenetics
hsa-mir-133a-1	colorectal carcinoma	target
hsa-mir-133a-1	colorectal carcinoma	tissue
hsa-mir-133a-1	esophageal neoplasms	target
hsa-mir-133a-1	head and neck neoplasms	target
hsa-mir-133a-1	head and neck neoplasms	tissue
hsa-mir-133a-1	heart failure	tissue
hsa-mir-133a-1	hypertension	circulation
hsa-mir-133a-1	hypertension	target
hsa-mir-133a-1	hypertrophy	circulation
hsa-mir-133a-1	hypertrophy	target
hsa-mir-133a-1	hypertrophy	tissue
hsa-mir-133a-1	laryngeal neoplasms	tissue
hsa-mir-133a-1	liver cirrhosis	target
hsa-mir-133a-1	muscular dystrophy, duchenne	circulation
hsa-mir-133a-1	myocardial infarction	circulation
hsa-mir-133a-1	myocardial infarction	tissue
hsa-mir-133a-1	osteoporosis	circulation
hsa-mir-133a-1	osteosarcoma	target
hsa-mir-133a-1	ovarian neoplasms	target
hsa-mir-133a-1	prostate neoplasms	target
hsa-mir-133a-1	rhabdomyosarcoma	tissue
hsa-mir-133a-1	stroke	circulation
hsa-mir-133a-1	urinary bladder cancer	target
hsa-mir-133a-1	urinary bladder cancer	tissue
hsa-mir-133a-2	aortic aneurysm, thoracic	tissue
hsa-mir-133a-2	arrhythmia	target
hsa-mir-133a-2	astrocytoma	tissue
hsa-mir-133a-2	atherosclerosis	circulation
hsa-mir-133a-2	breast neoplasms	genetics
hsa-mir-133a-2	carcinoma, adrenocortical	tissue
hsa-mir-133a-2	cardiomegaly	target
hsa-mir-133a-2	cardiomyopathy, hypertrophic	circulation
hsa-mir-133a-2	cardiomyopathy, hypertrophic	tissue
hsa-mir-133a-2	colorectal carcinoma	epigenetics
hsa-mir-133a-2	colorectal carcinoma	target
hsa-mir-133a-2	colorectal carcinoma	tissue
hsa-mir-133a-2	esophageal neoplasms	target
hsa-mir-133a-2	head and neck neoplasms	tissue
hsa-mir-133a-2	heart failure	tissue
hsa-mir-133a-2	hypertension	circulation
hsa-mir-133a-2	hypertension	target
hsa-mir-133a-2	hypertrophy	circulation
hsa-mir-133a-2	hypertrophy	target
hsa-mir-133a-2	hypertrophy	tissue
hsa-mir-133a-2	laryngeal neoplasms	tissue
hsa-mir-133a-2	liver cirrhosis	target
hsa-mir-133a-2	melanoma	genetics
hsa-mir-133a-2	muscular dystrophy, duchenne	circulation
hsa-mir-133a-2	myocardial infarction	circulation
hsa-mir-133a-2	myocardial infarction	tissue
hsa-mir-133a-2	osteoporosis	circulation
hsa-mir-133a-2	osteosarcoma	target
hsa-mir-133a-2	ovarian neoplasms	genetics
hsa-mir-133a-2	ovarian neoplasms	target
hsa-mir-133a-2	prostate neoplasms	target
hsa-mir-133a-2	stroke	circulation
hsa-mir-133a-2	urinary bladder cancer	target
hsa-mir-133a-2	urinary bladder cancer	tissue
hsa-mir-133b	acute coronary syndrome	circulation
hsa-mir-133b	atherosclerosis	circulation
hsa-mir-133b	atrial fibrillation	circulation
hsa-mir-133b	breast neoplasms	target
hsa-mir-133b	breast neoplasms	tissue
hsa-mir-133b	carcinoma, hepatocellular	target
hsa-mir-133b	carcinoma, hepatocellular	tissue
hsa-mir-133b	carcinoma, renal cell	tissue
hsa-mir-133b	cardiomegaly	target
hsa-mir-133b	cardiomyopathy	circulation
hsa-mir-133b	colon neoplasms	tissue
hsa-mir-133b	colorectal carcinoma	target
hsa-mir-133b	colorectal carcinoma	tissue
hsa-mir-133b	glioblastoma	target
hsa-mir-133b	glioma	target
hsa-mir-133b	glioma	tissue
hsa-mir-133b	heart failure	tissue
hsa-mir-133b	hypertension	circulation
hsa-mir-133b	hypertrophy	target
hsa-mir-133b	infertility	target
hsa-mir-133b	inflammation	target
hsa-mir-133b	intracranial aneurysm	target
hsa-mir-133b	liver neoplasms	target
hsa-mir-133b	liver neoplasms	tissue
hsa-mir-133b	lung neoplasms	circulation
hsa-mir-133b	lung neoplasms	tissue
hsa-mir-133b	lymphoma	tissue
hsa-mir-133b	muscular dystrophy, duchenne	circulation
hsa-mir-133b	myocardial infarction	circulation
hsa-mir-133b	myocardial infarction	tissue
hsa-mir-133b	osteosarcoma	circulation
hsa-mir-133b	osteosarcoma	tissue
hsa-mir-133b	ovarian neoplasms	target
hsa-mir-133b	ovarian neoplasms	tissue
hsa-mir-133b	pancreatic neoplasms	tissue
hsa-mir-133b	parkinson disease	target
hsa-mir-133b	preeclampsia	tissue
hsa-mir-133b	prostate neoplasms	epigenetics
hsa-mir-133b	prostate neoplasms	target
hsa-mir-133b	prostate neoplasms	tissue
hsa-mir-133b	retinal degeneration	circulation
hsa-mir-133b	salivary gland neoplasms	tissue
hsa-mir-133b	testicular neoplasms	tissue
hsa-mir-133b	thyroid neoplasms	tissue
hsa-mir-133b	urinary bladder cancer	target
hsa-mir-133b	urinary bladder cancer	tissue
hsa-mir-134	adenocarcinoma, lung	target
hsa-mir-134	atherosclerosis	target
hsa-mir-134	breast neoplasms	target
hsa-mir-134	carcinoma, hepatocellular	target
hsa-mir-134	carcinoma, hepatocellular	tissue
hsa-mir-134	carcinoma, nasopharyngeal	target
hsa-mir-134	carcinoma, renal cell	circulation
hsa-mir-134	carcinoma, renal cell	target
hsa-mir-134	diabetic nephropathy	target
hsa-mir-134	epilepsy	target
hsa-mir-134	glioblastoma	target
hsa-mir-134	glioma	genetics
hsa-mir-134	glioma	target
hsa-mir-134	head and neck neoplasms	target
hsa-mir-134	heart failure	tissue
hsa-mir-134	kawasaki syndrome	circulation
hsa-mir-134	lung neoplasms	target
hsa-mir-134	lung neoplasms	tissue
hsa-mir-134	lupus vulgaris	circulation
hsa-mir-134	melanoma	tissue
hsa-mir-134	myocardial infarction	circulation
hsa-mir-134	neuropathic pain	target
hsa-mir-134	osteosarcoma	target
hsa-mir-134	ovarian neoplasms	tissue
hsa-mir-134	pancreatic neoplasms	circulation
hsa-mir-134	pancreatic neoplasms	tissue
hsa-mir-134	prostate neoplasms	tissue
hsa-mir-135	breast neoplasms	target
hsa-mir-135	glioma	tissue
hsa-mir-135a	adenocarcinoma, lung	target
hsa-mir-135a	atherosclerosis	target
hsa-mir-135a	carcinoma, hepatocellular	target
hsa-mir-135a	carcinoma, renal cell	tissue
hsa-mir-135a	colorectal carcinoma	circulation
hsa-mir-135a	diabetic nephropathy	target
hsa-mir-135a	glioma	target
hsa-mir-135a	inflammation	target
hsa-mir-135a	leukemia, myeloid, acute	circulation
hsa-mir-135a	lung neoplasms	target
hsa-mir-135a	medulloblastoma	genetics
hsa-mir-135a	ovarian neoplasms	target
hsa-mir-135a	parkinson disease	circulation
hsa-mir-135a	pelvic inflammatory disease	circulation
hsa-mir-135a	pituitary adenoma	tissue
hsa-mir-135a	polycystic ovarian syndrome	tissue
hsa-mir-135a	prostate neoplasms	target
hsa-mir-135a	prostate neoplasms	tissue
hsa-mir-135b	atherosclerosis	target
hsa-mir-135b	breast neoplasms	genetics
hsa-mir-135b	breast neoplasms	target
hsa-mir-135b	carcinoma, endometrial	target
hsa-mir-135b	carcinoma, hepatocellular	target
hsa-mir-135b	cardiomyopathy	target
hsa-mir-135b	colon neoplasms	circulation
hsa-mir-135b	colon neoplasms	tissue
hsa-mir-135b	colorectal carcinoma	circulation
hsa-mir-135b	colorectal carcinoma	target
hsa-mir-135b	colorectal carcinoma	tissue
hsa-mir-135b	endometriosis	target
hsa-mir-135b	esophageal neoplasms	tissue
hsa-mir-135b	glioblastoma	target
hsa-mir-135b	glioma	target
hsa-mir-135b	hypertension	tissue
hsa-mir-135b	hypertrophy	target
hsa-mir-135b	lung neoplasms	target
hsa-mir-135b	lymphoma	target
hsa-mir-135b	medulloblastoma	genetics
hsa-mir-135b	medulloblastoma	tissue
hsa-mir-135b	melanoma	genetics
hsa-mir-135b	osteosarcoma	target
hsa-mir-135b	osteosarcoma	tissue
hsa-mir-135b	ovarian neoplasms	genetics
hsa-mir-135b	pancreatic neoplasms	tissue
hsa-mir-135b	parkinson disease	circulation
hsa-mir-135b	preeclampsia	circulation
hsa-mir-135b	prostate neoplasms	target
hsa-mir-135b	prostate neoplasms	tissue
hsa-mir-135b	retinoblastoma	tissue
hsa-mir-135b	urinary bladder cancer	tissue
hsa-mir-136	adenocarcinoma, lung	target
hsa-mir-136	amyotrophic lateral sclerosis	circulation
hsa-mir-136	atherosclerosis	target
hsa-mir-136	carcinoma, hepatocellular	target
hsa-mir-136	glioma	target
hsa-mir-136	heart failure	tissue
hsa-mir-136	lung neoplasms	tissue
hsa-mir-136	neuropathic pain	target
hsa-mir-136	ovarian neoplasms	target
hsa-mir-136	preeclampsia	circulation
hsa-mir-136	prolactinoma	tissue
hsa-mir-136	spinal cord injuries	target
hsa-mir-137	astrocytoma	target
hsa-mir-137	astrocytoma	tissue
hsa-mir-137	breast neoplasms	target
hsa-mir-137	carcinoma, adrenocortical	tissue
hsa-mir-137	carcinoma, breast	epigenetics
hsa-mir-137	carcinoma, breast	target
hsa-mir-137	carcinoma, hepatocellular	genetics
hsa-mir-137	carcinoma, hepatocellular	target
hsa-mir-137	carcinoma, hepatocellular	tissue
hsa-mir-137	carcinoma, renal cell	target
hsa-mir-137	colon neoplasms	tissue
hsa-mir-137	colorectal carcinoma	target
hsa-mir-137	colorectal carcinoma	tissue
hsa-mir-137	endocrine gland neoplasms	tissue
hsa-mir-137	endometrial neoplasms	epigenetics
hsa-mir-137	gastrointestinal stromal tumor	target
hsa-mir-137	glioblastoma	epigenetics
hsa-mir-137	glioblastoma	genetics
hsa-mir-137	glioblastoma	target
hsa-mir-137	glioblastoma	tissue
hsa-mir-137	glioma	circulation
hsa-mir-137	glioma	target
hsa-mir-137	glioma	tissue
hsa-mir-137	leiomyoma	tissue
hsa-mir-137	lung neoplasms	epigenetics
hsa-mir-137	lung neoplasms	target
hsa-mir-137	melanoma	genetics
hsa-mir-137	melanoma	target
hsa-mir-137	melanoma	tissue
hsa-mir-137	meningioma	tissue
hsa-mir-137	multiple myeloma	target
hsa-mir-137	neuroblastoma	epigenetics
hsa-mir-137	neuroblastoma	target
hsa-mir-137	osteoporosis	target
hsa-mir-137	osteosarcoma	target
hsa-mir-137	ovarian neoplasms	target
hsa-mir-137	rectal neoplasms	circulation
hsa-mir-137	squamous cell carcinoma, head and neck	epigenetics
hsa-mir-138	adenocarcinoma, lung	tissue
hsa-mir-138	breast neoplasms	target
hsa-mir-138	carcinoma, breast	tissue
hsa-mir-138	carcinoma, hepatocellular	target
hsa-mir-138	carcinoma, hepatocellular	tissue
hsa-mir-138	carcinoma, nasopharyngeal	target
hsa-mir-138	carcinoma, renal cell	target
hsa-mir-138	carcinoma, renal cell	tissue
hsa-mir-138	cervical neoplasms	target
hsa-mir-138	chondrosarcoma	tissue
hsa-mir-138	colon neoplasms	tissue
hsa-mir-138	colorectal carcinoma	target
hsa-mir-138	coronary artery disease	genetics
hsa-mir-138	diabetes mellitus, type 2	circulation
hsa-mir-138	down syndrome	tissue
hsa-mir-138	glioblastoma	genetics
hsa-mir-138	glioma	tissue
hsa-mir-138	intervertebral disc degeneration	genetics
hsa-mir-138	kidney neoplasms	target
hsa-mir-138	laryngeal neoplasms	genetics
hsa-mir-138	leukemia	target
hsa-mir-138	leukemia, lymphocytic, chronic, b-cell	target
hsa-mir-138	lung neoplasms	circulation
hsa-mir-138	lymphoma, large b-cell, diffuse	target
hsa-mir-138	obesity	genetics
hsa-mir-138	osteosarcoma	genetics
hsa-mir-138	osteosarcoma	target
hsa-mir-138	ovarian neoplasms	circulation
hsa-mir-138	ovarian neoplasms	target
hsa-mir-138	pancreatic neoplasms	target
hsa-mir-138	periodontal diseases	target
hsa-mir-138	prostate neoplasms	target
hsa-mir-138	prostate neoplasms	tissue
hsa-mir-138	psoriasis	target
hsa-mir-138	sepsis	target
hsa-mir-138	squamous cell carcinoma, head and neck	target
hsa-mir-138	thyroid neoplasms	tissue
hsa-mir-139	breast neoplasms	circulation
hsa-mir-139	breast neoplasms	target
hsa-mir-139	breast neoplasms	tissue
hsa-mir-139	carcinoma, adrenocortical	target
hsa-mir-139	carcinoma, adrenocortical	tissue
hsa-mir-139	carcinoma, basal cell	tissue
hsa-mir-139	carcinoma, breast	target
hsa-mir-139	carcinoma, breast	tissue
hsa-mir-139	carcinoma, hepatocellular	circulation
hsa-mir-139	carcinoma, hepatocellular	epigenetics
hsa-mir-139	carcinoma, hepatocellular	target
hsa-mir-139	carcinoma, hepatocellular	tissue
hsa-mir-139	carcinoma, renal cell	tissue
hsa-mir-139	colorectal carcinoma	circulation
hsa-mir-139	colorectal carcinoma	target
hsa-mir-139	colorectal carcinoma	tissue
hsa-mir-139	epilepsy	target
hsa-mir-139	glioblastoma	target
hsa-mir-139	glioblastoma	tissue
hsa-mir-139	glioma	target
hsa-mir-139	heart failure	tissue
hsa-mir-139	leukemia	target
hsa-mir-139	leukemia, myeloid, acute	target
hsa-mir-139	lung neoplasms	target
hsa-mir-139	lymphoma	tissue
hsa-mir-139	medulloblastoma	tissue
hsa-mir-139	multiple myeloma	tissue
hsa-mir-139	myasthenia gravis	target
hsa-mir-139	osteoarthritis	target
hsa-mir-139	osteoporosis	target
hsa-mir-139	ovarian neoplasms	target
hsa-mir-139	pancreatic neoplasms	target
hsa-mir-139	parathyroid carcinoma	tissue
hsa-mir-139	prostate neoplasms	target
hsa-mir-140	acute lung injury	target
hsa-mir-140	biliary tract neoplasms	genetics
hsa-mir-140	breast neoplasms	circulation
hsa-mir-140	breast neoplasms	tissue
hsa-mir-140	carcinoma, basal cell	tissue
hsa-mir-140	carcinoma, breast	circulation
hsa-mir-140	carcinoma, breast	target
hsa-mir-140	carcinoma, breast	tissue
hsa-mir-140	carcinoma, hepatocellular	target
hsa-mir-140	carcinoma, hepatocellular	tissue
hsa-mir-140	colorectal carcinoma	target
hsa-mir-140	glioma	genetics
hsa-mir-140	glioma	target
hsa-mir-140	gout	target
hsa-mir-140	hepatoblastoma	tissue
hsa-mir-140	intervertebral disc degeneration	genetics
hsa-mir-140	lung neoplasms	target
hsa-mir-140	lung neoplasms	tissue
hsa-mir-140	metabolic syndrome	circulation
hsa-mir-140	multiple myeloma	target
hsa-mir-140	multiple sclerosis	tissue
hsa-mir-140	muscle atrophy	circulation
hsa-mir-140	myasthenia gravis	circulation
hsa-mir-140	mycobacterium tuberculosis infection	circulation
hsa-mir-140	osteoarthritis	circulation
hsa-mir-140	osteoarthritis	epigenetics
hsa-mir-140	osteoarthritis	target
hsa-mir-140	osteoarthritis	tissue
hsa-mir-140	osteoporosis	circulation
hsa-mir-140	osteosarcoma	genetics
hsa-mir-140	osteosarcoma	target
hsa-mir-140	ovarian neoplasms	tissue
hsa-mir-140	retinoblastoma	target
hsa-mir-140	salivary gland neoplasms	tissue
hsa-mir-140	spinal cord injuries	target
hsa-mir-140	thymoma	tissue
hsa-mir-141	amyotrophic lateral sclerosis	target
hsa-mir-141	azoospermia	tissue
hsa-mir-141	barrett esophagus	tissue
hsa-mir-141	biliary tract neoplasms	tissue
hsa-mir-141	breast neoplasms	circulation
hsa-mir-141	breast neoplasms	genetics
hsa-mir-141	breast neoplasms	target
hsa-mir-141	breast neoplasms	tissue
hsa-mir-141	bronchopulmonary dysplasia	tissue
hsa-mir-141	carcinoma, breast	target
hsa-mir-141	carcinoma, ehrlich tumor	tissue
hsa-mir-141	carcinoma, endometrial	target
hsa-mir-141	carcinoma, endometrial	tissue
hsa-mir-141	carcinoma, hepatocellular	genetics
hsa-mir-141	carcinoma, hepatocellular	target
hsa-mir-141	carcinoma, nasopharyngeal	genetics
hsa-mir-141	carcinoma, nasopharyngeal	target
hsa-mir-141	carcinoma, nasopharyngeal	tissue
hsa-mir-141	carcinoma, renal cell	circulation
hsa-mir-141	carcinoma, renal cell	tissue
hsa-mir-141	cholangiocarcinoma	circulation
hsa-mir-141	cholangiocarcinoma	tissue
hsa-mir-141	chondrosarcoma	tissue
hsa-mir-141	colon neoplasms	circulation
hsa-mir-141	colon neoplasms	tissue
hsa-mir-141	colorectal carcinoma	circulation
hsa-mir-141	colorectal carcinoma	target
hsa-mir-141	colorectal carcinoma	tissue
hsa-mir-141	endocrine gland neoplasms	tissue
hsa-mir-141	endometrial neoplasms	tissue
hsa-mir-141	endometriosis	tissue
hsa-mir-141	esophageal neoplasms	epigenetics
hsa-mir-141	esophageal neoplasms	target
hsa-mir-141	esophageal neoplasms	tissue
hsa-mir-141	glioma	target
hsa-mir-141	head and neck neoplasms	tissue
hsa-mir-141	hepatitis b virus infection	target
hsa-mir-141	hirschsprung disease	target
hsa-mir-141	kidney neoplasms	target
hsa-mir-141	liver neoplasms	target
hsa-mir-141	nephrosclerosis	tissue
hsa-mir-141	neuroblastoma	genetics
hsa-mir-141	osteoarthritis	target
hsa-mir-141	ovarian neoplasms	circulation
hsa-mir-141	ovarian neoplasms	target
hsa-mir-141	ovarian neoplasms	tissue
hsa-mir-141	pancreatic neoplasms	target
hsa-mir-141	pancreatic neoplasms	tissue
hsa-mir-141	parkinson disease	circulation
hsa-mir-141	pituitary adenoma	tissue
hsa-mir-141	prostate neoplasms	circulation
hsa-mir-141	prostate neoplasms	epigenetics
hsa-mir-141	prostate neoplasms	target
hsa-mir-141	prostate neoplasms	tissue
hsa-mir-141	pterygium	tissue
hsa-mir-141	thyroid neoplasms	circulation
hsa-mir-141	urinary bladder cancer	tissue
hsa-mir-142	acute lung injury	circulation
hsa-mir-142	arteriosclerosis obliterans	tissue
hsa-mir-142	atherosclerosis	target
hsa-mir-142	atherosclerosis	tissue
hsa-mir-142	atopic dermatitis	tissue
hsa-mir-142	atrial fibrillation	tissue
hsa-mir-142	breast neoplasms	target
hsa-mir-142	breast neoplasms	tissue
hsa-mir-142	carcinoma, breast	target
hsa-mir-142	carcinoma, hepatocellular	epigenetics
hsa-mir-142	carcinoma, hepatocellular	genetics
hsa-mir-142	carcinoma, hepatocellular	target
hsa-mir-142	carcinoma, hepatocellular	tissue
hsa-mir-142	carcinoma, nasopharyngeal	tissue
hsa-mir-142	carcinoma, renal cell	circulation
hsa-mir-142	carcinoma, renal cell	tissue
hsa-mir-142	cardiomyopathy, dilated	circulation
hsa-mir-142	chronic kidney disease	tissue
hsa-mir-142	colon neoplasms	tissue
hsa-mir-142	colorectal carcinoma	circulation
hsa-mir-142	coronary artery disease	circulation
hsa-mir-142	diabetes mellitus, type 2	circulation
hsa-mir-142	diabetes mellitus, type 2	target
hsa-mir-142	endometrial neoplasms	tissue
hsa-mir-142	endometriosis	tissue
hsa-mir-142	eosinophilic esophagitis	circulation
hsa-mir-142	eosinophilic esophagitis	tissue
hsa-mir-142	fever	target
hsa-mir-142	friedreich ataxia	circulation
hsa-mir-142	gastrointestinal neoplasms	tissue
hsa-mir-142	glioblastoma	tissue
hsa-mir-142	head and neck neoplasms	tissue
hsa-mir-142	heart failure	circulation
hsa-mir-142	heart failure	tissue
hsa-mir-142	hemophagocytic lymphohistiocytosis	target
hsa-mir-142	hirschsprung disease	circulation
hsa-mir-142	inflammation	target
hsa-mir-142	leukemia	genetics
hsa-mir-142	leukemia	tissue
hsa-mir-142	leukemia, b-cell	genetics
hsa-mir-142	leukemia, lymphoblastic, acute	target
hsa-mir-142	leukemia, myeloid, acute	genetics
hsa-mir-142	leukemia, promyelocytic, acute	target
hsa-mir-142	leukemia-lymphoma, adult t-cell	target
hsa-mir-142	lung neoplasms	circulation
hsa-mir-142	lung neoplasms	genetics
hsa-mir-142	lung neoplasms	target
hsa-mir-142	lung neoplasms	tissue
hsa-mir-142	lupus vulgaris	circulation
hsa-mir-142	lymphoma	tissue
hsa-mir-142	lymphoma, large b-cell, diffuse	genetics
hsa-mir-142	lymphoma, t-cell	circulation
hsa-mir-142	lymphoma, t-cell	epigenetics
hsa-mir-142	melanoma	circulation
hsa-mir-142	melanoma	target
hsa-mir-142	metabolic syndrome	circulation
hsa-mir-142	osteosarcoma	target
hsa-mir-142	osteosarcoma	tissue
hsa-mir-142	ovarian neoplasms	target
hsa-mir-142	ovarian neoplasms	tissue
hsa-mir-142	pancreatic neoplasms	tissue
hsa-mir-142	pelvic inflammatory disease	circulation
hsa-mir-142	peritoneal fibrosis	target
hsa-mir-142	preeclampsia	circulation
hsa-mir-142	prolactinoma	tissue
hsa-mir-142	psoriasis	tissue
hsa-mir-142	retinal degeneration	circulation
hsa-mir-142	retinal degeneration	target
hsa-mir-142	retinoblastoma	tissue
hsa-mir-142	scleroderma, systemic	circulation
hsa-mir-142	spinal cord injuries	target
hsa-mir-142	squamous cell carcinoma	tissue
hsa-mir-142	squamous cell carcinoma, head and neck	tissue
hsa-mir-142	thyroid neoplasms	target
hsa-mir-142	vasculitis	circulation
hsa-mir-143	adenocarcinoma, colon	tissue
hsa-mir-143	aortic aneurysm	tissue
hsa-mir-143	asthma	tissue
hsa-mir-143	atherosclerosis	target
hsa-mir-143	atherosclerosis	tissue
hsa-mir-143	atopic dermatitis	target
hsa-mir-143	barrett esophagus	tissue
hsa-mir-143	breast neoplasms	circulation
hsa-mir-143	breast neoplasms	epigenetics
hsa-mir-143	breast neoplasms	genetics
hsa-mir-143	breast neoplasms	target
hsa-mir-143	breast neoplasms	tissue
hsa-mir-143	carcinoma, adrenocortical	tissue
hsa-mir-143	carcinoma, endometrial	target
hsa-mir-143	carcinoma, hepatocellular	circulation
hsa-mir-143	carcinoma, hepatocellular	target
hsa-mir-143	carcinoma, hepatocellular	tissue
hsa-mir-143	carcinoma, nasopharyngeal	target
hsa-mir-143	carcinoma, nasopharyngeal	tissue
hsa-mir-143	carcinoma, renal cell	target
hsa-mir-143	carcinoma, renal cell	tissue
hsa-mir-143	cardiomyopathy, hypertrophic	circulation
hsa-mir-143	cervical neoplasms	target
hsa-mir-143	cervical neoplasms	tissue
hsa-mir-143	choriocarcinoma	tissue
hsa-mir-143	chronic kidney disease	tissue
hsa-mir-143	colitis, ulcerative	tissue
hsa-mir-143	colon neoplasms	circulation
hsa-mir-143	colon neoplasms	genetics
hsa-mir-143	colon neoplasms	target
hsa-mir-143	colon neoplasms	tissue
hsa-mir-143	colorectal carcinoma	circulation
hsa-mir-143	colorectal carcinoma	target
hsa-mir-143	colorectal carcinoma	tissue
hsa-mir-143	congenital heart diseases	genetics
hsa-mir-143	crohn disease	target
hsa-mir-143	diabetes mellitus, type 2	circulation
hsa-mir-143	diabetes mellitus, type 2	tissue
hsa-mir-143	endometrial neoplasms	target
hsa-mir-143	endometriosis	circulation
hsa-mir-143	endometriosis	tissue
hsa-mir-143	endotoxemia	tissue
hsa-mir-143	esophageal neoplasms	target
hsa-mir-143	esophageal neoplasms	tissue
hsa-mir-143	esophagitis	tissue
hsa-mir-143	fever	target
hsa-mir-143	fibromyalgia	tissue
hsa-mir-143	glioblastoma	target
hsa-mir-143	glioblastoma	tissue
hsa-mir-143	glioma	target
hsa-mir-143	head and neck neoplasms	target
hsa-mir-143	heart failure	target
hsa-mir-143	hemophagocytic lymphohistiocytosis	target
hsa-mir-143	hepatoblastoma	target
hsa-mir-143	hypertension	circulation
hsa-mir-143	inflammation	target
hsa-mir-143	inflammation	tissue
hsa-mir-143	intracranial aneurysm	target
hsa-mir-143	intracranial aneurysm	tissue
hsa-mir-143	leukemia	genetics
hsa-mir-143	leukemia	target
hsa-mir-143	leukemia, lymphocytic, chronic, b-cell	tissue
hsa-mir-143	leukemia, myeloid, acute	circulation
hsa-mir-143	leukemia, myeloid, acute	target
hsa-mir-143	lipid metabolism disorder	target
hsa-mir-143	lung neoplasms	target
hsa-mir-143	lung neoplasms	tissue
hsa-mir-143	lymphoma	target
hsa-mir-143	lymphoma, b-cell	circulation
hsa-mir-143	medulloblastoma	tissue
hsa-mir-143	melanoma	target
hsa-mir-143	metabolic syndrome	circulation
hsa-mir-143	muscle atrophy	circulation
hsa-mir-143	muscular dystrophy, duchenne	target
hsa-mir-143	myocardial infarction	target
hsa-mir-143	myocardial infarction	tissue
hsa-mir-143	neuroblastoma	target
hsa-mir-143	obesity	circulation
hsa-mir-143	obesity	target
hsa-mir-143	obesity	tissue
hsa-mir-143	osteosarcoma	genetics
hsa-mir-143	osteosarcoma	target
hsa-mir-143	osteosarcoma	tissue
hsa-mir-143	ovarian neoplasms	target
hsa-mir-143	pancreatic neoplasms	target
hsa-mir-143	pancreatic neoplasms	tissue
hsa-mir-143	pituitary adenoma	tissue
hsa-mir-143	polycystic kidney disease	tissue
hsa-mir-143	polycythemia vera	circulation
hsa-mir-143	prostate neoplasms	genetics
hsa-mir-143	prostate neoplasms	target
hsa-mir-143	prostate neoplasms	tissue
hsa-mir-143	psoriasis	circulation
hsa-mir-143	pterygium	tissue
hsa-mir-143	sepsis	circulation
hsa-mir-143	sepsis	tissue
hsa-mir-143	urinary bladder cancer	target
hsa-mir-143	urinary bladder cancer	tissue
hsa-mir-144	amyotrophic lateral sclerosis	tissue
hsa-mir-144	arrhythmia	circulation
hsa-mir-144	atherosclerosis	target
hsa-mir-144	atopic dermatitis	circulation
hsa-mir-144	atrial fibrillation	tissue
hsa-mir-144	breast neoplasms	circulation
hsa-mir-144	carcinoma, hepatocellular	circulation
hsa-mir-144	carcinoma, hepatocellular	target
hsa-mir-144	carcinoma, hepatocellular	tissue
hsa-mir-144	carcinoma, renal cell	circulation
hsa-mir-144	carcinoma, renal cell	target
hsa-mir-144	carcinoma, thyroid	circulation
hsa-mir-144	cholangiocarcinoma	target
hsa-mir-144	colorectal carcinoma	target
hsa-mir-144	colorectal carcinoma	tissue
hsa-mir-144	coronary artery disease	circulation
hsa-mir-144	diabetes mellitus, type 2	circulation
hsa-mir-144	diabetes mellitus, type 2	target
hsa-mir-144	diabetic cardiomyopathies	genetics
hsa-mir-144	eosinophilic esophagitis	circulation
hsa-mir-144	familial mediterranean fever	circulation
hsa-mir-144	glaucoma	circulation
hsa-mir-144	glioblastoma	target
hsa-mir-144	hemophagocytic lymphohistiocytosis	target
hsa-mir-144	influenza	target
hsa-mir-144	laryngeal neoplasms	tissue
hsa-mir-144	leukemia	target
hsa-mir-144	lung neoplasms	target
hsa-mir-144	medulloblastoma	tissue
hsa-mir-144	metabolic syndrome	circulation
hsa-mir-144	myocardial infarction	circulation
hsa-mir-144	nasopharyngeal neoplasms	target
hsa-mir-144	osteoporosis	target
hsa-mir-144	osteosarcoma	target
hsa-mir-144	osteosarcoma	tissue
hsa-mir-144	preeclampsia	target
hsa-mir-144	prolactinoma	tissue
hsa-mir-144	prostate neoplasms	tissue
hsa-mir-144	salivary gland neoplasms	tissue
hsa-mir-144	stroke, ischemic	circulation
hsa-mir-144	thyroid neoplasms	circulation
hsa-mir-144	thyroid neoplasms	genetics
hsa-mir-144	thyroid neoplasms	target
hsa-mir-144	thyroid neoplasms	tissue
hsa-mir-144	tuberculosis, pulmonary	tissue
hsa-mir-145	acute kidney failure	circulation
hsa-mir-145	adenocarcinoma, colon	tissue
hsa-mir-145	adenocarcinoma, lung	circulation
hsa-mir-145	adenocarcinoma, lung	epigenetics
hsa-mir-145	adenocarcinoma, lung	target
hsa-mir-145	adenocarcinoma, lung	tissue
hsa-mir-145	aortic aneurysm	tissue
hsa-mir-145	aortic aneurysm, abdominal	circulation
hsa-mir-145	arrhythmia	circulation
hsa-mir-145	asthma	target
hsa-mir-145	atherosclerosis	circulation
hsa-mir-145	atherosclerosis	genetics
hsa-mir-145	atherosclerosis	target
hsa-mir-145	barrett esophagus	target
hsa-mir-145	barrett esophagus	tissue
hsa-mir-145	biliary tract neoplasms	tissue
hsa-mir-145	breast neoplasms	circulation
hsa-mir-145	breast neoplasms	genetics
hsa-mir-145	breast neoplasms	target
hsa-mir-145	breast neoplasms	tissue
hsa-mir-145	carcinoma, adrenocortical	tissue
hsa-mir-145	carcinoma, basal cell	tissue
hsa-mir-145	carcinoma, breast	target
hsa-mir-145	carcinoma, breast	tissue
hsa-mir-145	carcinoma, endometrial	target
hsa-mir-145	carcinoma, hepatocellular	circulation
hsa-mir-145	carcinoma, hepatocellular	genetics
hsa-mir-145	carcinoma, hepatocellular	target
hsa-mir-145	carcinoma, hepatocellular	tissue
hsa-mir-145	carcinoma, nasopharyngeal	target
hsa-mir-145	carcinoma, renal cell	target
hsa-mir-145	carcinoma, renal cell	tissue
hsa-mir-145	cardiomyopathy, dilated	circulation
hsa-mir-145	cardiomyopathy, hypertrophic	circulation
hsa-mir-145	cervical neoplasms	target
hsa-mir-145	cervical neoplasms	tissue
hsa-mir-145	chondrosarcoma	epigenetics
hsa-mir-145	choriocarcinoma	target
hsa-mir-145	colitis, ulcerative	tissue
hsa-mir-145	colon neoplasms	circulation
hsa-mir-145	colon neoplasms	target
hsa-mir-145	colon neoplasms	tissue
hsa-mir-145	colorectal carcinoma	circulation
hsa-mir-145	colorectal carcinoma	genetics
hsa-mir-145	colorectal carcinoma	target
hsa-mir-145	colorectal carcinoma	tissue
hsa-mir-145	coronary artery disease	circulation
hsa-mir-145	diabetes mellitus, type 2	circulation
hsa-mir-145	diabetes mellitus, type 2	target
hsa-mir-145	endometrial neoplasms	target
hsa-mir-145	endometriosis	circulation
hsa-mir-145	endometriosis	target
hsa-mir-145	endometriosis	tissue
hsa-mir-145	eosinophilic esophagitis	tissue
hsa-mir-145	esophageal neoplasms	target
hsa-mir-145	esophageal neoplasms	tissue
hsa-mir-145	esophagitis	tissue
hsa-mir-145	ewing sarcoma	tissue
hsa-mir-145	fibromyalgia	tissue
hsa-mir-145	glioblastoma	circulation
hsa-mir-145	glioblastoma	genetics
hsa-mir-145	glioblastoma	target
hsa-mir-145	glioblastoma	tissue
hsa-mir-145	glioma	target
hsa-mir-145	glioma	tissue
hsa-mir-145	head and neck neoplasms	target
hsa-mir-145	heart failure	circulation
hsa-mir-145	heart failure	target
hsa-mir-145	hepatoblastoma	tissue
hsa-mir-145	hypertension	circulation
hsa-mir-145	hypertension	target
hsa-mir-145	inflammation	tissue
hsa-mir-145	intracranial aneurysm	target
hsa-mir-145	intrahepatic cholangiocarcinoma	target
hsa-mir-145	irritable bowel syndrome	tissue
hsa-mir-145	laryngeal neoplasms	tissue
hsa-mir-145	leukemia, myeloid, acute	target
hsa-mir-145	liposarcoma	tissue
hsa-mir-145	lung neoplasms	circulation
hsa-mir-145	lung neoplasms	genetics
hsa-mir-145	lung neoplasms	target
hsa-mir-145	lung neoplasms	tissue
hsa-mir-145	lupus nephritis	tissue
hsa-mir-145	lymphoma, b-cell	tissue
hsa-mir-145	medulloblastoma	tissue
hsa-mir-145	melanoma	circulation
hsa-mir-145	melanoma	genetics
hsa-mir-145	melanoma	target
hsa-mir-145	melanoma	tissue
hsa-mir-145	meningioma	tissue
hsa-mir-145	multiple myeloma	tissue
hsa-mir-145	multiple sclerosis	circulation
hsa-mir-145	multiple sclerosis	target
hsa-mir-145	muscle atrophy	circulation
hsa-mir-145	myasthenia gravis	circulation
hsa-mir-145	myelodysplastic syndromes	genetics
hsa-mir-145	myelodysplastic syndromes	tissue
hsa-mir-145	nasopharyngeal neoplasms	target
hsa-mir-145	neuroblastoma	target
hsa-mir-145	neuropathic pain	target
hsa-mir-145	obesity	target
hsa-mir-145	osteoarthritis	target
hsa-mir-145	osteosarcoma	target
hsa-mir-145	ovarian neoplasms	circulation
hsa-mir-145	ovarian neoplasms	epigenetics
hsa-mir-145	ovarian neoplasms	genetics
hsa-mir-145	ovarian neoplasms	target
hsa-mir-145	ovarian neoplasms	tissue
hsa-mir-145	pancreatic neoplasms	circulation
hsa-mir-145	pancreatic neoplasms	target
hsa-mir-145	pancreatic neoplasms	tissue
hsa-mir-145	pituitary adenoma	target
hsa-mir-145	pituitary adenoma	tissue
hsa-mir-145	polycystic ovarian syndrome	target
hsa-mir-145	polycythemia vera	circulation
hsa-mir-145	prostate neoplasms	epigenetics
hsa-mir-145	prostate neoplasms	genetics
hsa-mir-145	prostate neoplasms	target
hsa-mir-145	prostate neoplasms	tissue
hsa-mir-145	retinoblastoma	target
hsa-mir-145	scleroderma, systemic	tissue
hsa-mir-145	sepsis	target
hsa-mir-145	stroke	circulation
hsa-mir-145	stroke	target
hsa-mir-145	thyroid neoplasms	target
hsa-mir-145	urinary bladder cancer	target
hsa-mir-145	urinary bladder cancer	tissue
hsa-mir-146	breast neoplasms	circulation
hsa-mir-146	breast neoplasms	target
hsa-mir-146	carcinoma, hepatocellular	tissue
hsa-mir-146	carcinoma, renal cell	target
hsa-mir-146	colorectal carcinoma	genetics
hsa-mir-146	colorectal carcinoma	target
hsa-mir-146	coronary artery disease	genetics
hsa-mir-146	diabetes mellitus, type 1	circulation
hsa-mir-146	hematologic neoplasms	genetics
hsa-mir-146	inflammation	target
hsa-mir-146	inflammation	tissue
hsa-mir-146	prion diseases	tissue
hsa-mir-146	retinal degeneration	target
hsa-mir-146a	acute coronary syndrome	circulation
hsa-mir-146a	acute coronary syndrome	genetics
hsa-mir-146a	acute lung injury	target
hsa-mir-146a	aortic aneurysm, abdominal	tissue
hsa-mir-146a	arthritis	genetics
hsa-mir-146a	asthma	genetics
hsa-mir-146a	asthma	target
hsa-mir-146a	asthma	tissue
hsa-mir-146a	astrocytoma	target
hsa-mir-146a	atherosclerosis	circulation
hsa-mir-146a	atherosclerosis	genetics
hsa-mir-146a	atherosclerosis	target
hsa-mir-146a	borna disease	tissue
hsa-mir-146a	breast neoplasms	circulation
hsa-mir-146a	breast neoplasms	genetics
hsa-mir-146a	breast neoplasms	target
hsa-mir-146a	breast neoplasms	tissue
hsa-mir-146a	carcinoma, adrenocortical	tissue
hsa-mir-146a	carcinoma, breast	genetics
hsa-mir-146a	carcinoma, breast	target
hsa-mir-146a	carcinoma, hepatocellular	genetics
hsa-mir-146a	carcinoma, hepatocellular	target
hsa-mir-146a	carcinoma, hepatocellular	tissue
hsa-mir-146a	carcinoma, renal cell	genetics
hsa-mir-146a	carcinoma, renal cell	target
hsa-mir-146a	carcinoma, thyroid	tissue
hsa-mir-146a	chronic kidney disease	circulation
hsa-mir-146a	colitis, ulcerative	genetics
hsa-mir-146a	colon neoplasms	tissue
hsa-mir-146a	colorectal carcinoma	genetics
hsa-mir-146a	colorectal carcinoma	target
hsa-mir-146a	colorectal carcinoma	tissue
hsa-mir-146a	coronary artery disease	circulation
hsa-mir-146a	coronary artery disease	genetics
hsa-mir-146a	crohn disease	tissue
hsa-mir-146a	diabetes mellitus	circulation
hsa-mir-146a	diabetes mellitus	target
hsa-mir-146a	diabetes mellitus	tissue
hsa-mir-146a	diabetes mellitus, type 1	circulation
hsa-mir-146a	diabetes mellitus, type 2	circulation
hsa-mir-146a	diabetes mellitus, type 2	genetics
hsa-mir-146a	diabetic nephropathy	circulation
hsa-mir-146a	diabetic nephropathy	genetics
hsa-mir-146a	diabetic nephropathy	tissue
hsa-mir-146a	diabetic retinopathy	genetics
hsa-mir-146a	diabetic retinopathy	target
hsa-mir-146a	digestive system neoplasms	genetics
hsa-mir-146a	down syndrome	tissue
hsa-mir-146a	endometrial neoplasms	genetics
hsa-mir-146a	eosinophilic esophagitis	circulation
hsa-mir-146a	eosinophilic esophagitis	tissue
hsa-mir-146a	epilepsy	circulation
hsa-mir-146a	epilepsy	genetics
hsa-mir-146a	esophageal neoplasms	genetics
hsa-mir-146a	gastrointestinal neoplasms	genetics
hsa-mir-146a	gastrointestinal neoplasms	tissue
hsa-mir-146a	glioblastoma	genetics
hsa-mir-146a	glioblastoma	target
hsa-mir-146a	glomerulonephritis	circulation
hsa-mir-146a	gout	genetics
hsa-mir-146a	graves disease	target
hsa-mir-146a	head and neck neoplasms	genetics
hsa-mir-146a	heart failure	circulation
hsa-mir-146a	hepatitis b virus infection	genetics
hsa-mir-146a	hepatitis b virus infection	target
hsa-mir-146a	hepatitis b virus infection	tissue
hsa-mir-146a	hepatoblastoma	tissue
hsa-mir-146a	hirschsprung disease	genetics
hsa-mir-146a	hypertension	circulation
hsa-mir-146a	hypertension	genetics
hsa-mir-146a	immune thrombocytopenic purpura	genetics
hsa-mir-146a	inflammation	target
hsa-mir-146a	inflammation	tissue
hsa-mir-146a	inflammatory bowel diseases	tissue
hsa-mir-146a	influenza	target
hsa-mir-146a	intracranial aneurysm	genetics
hsa-mir-146a	intrahepatic cholangiocarcinoma	tissue
hsa-mir-146a	leukemia	target
hsa-mir-146a	leukemia, lymphoblastic, acute	circulation
hsa-mir-146a	leukemia, lymphocytic, chronic, b-cell	circulation
hsa-mir-146a	leukemia, myeloid, acute	circulation
hsa-mir-146a	leukemia, myeloid, acute	target
hsa-mir-146a	leukemia, promyelocytic, acute	circulation
hsa-mir-146a	lichen planus	tissue
hsa-mir-146a	liver cirrhosis	genetics
hsa-mir-146a	liver neoplasms	tissue
hsa-mir-146a	lung neoplasms	genetics
hsa-mir-146a	lung neoplasms	target
hsa-mir-146a	lung neoplasms	tissue
hsa-mir-146a	lupus nephritis	circulation
hsa-mir-146a	lupus nephritis	target
hsa-mir-146a	lupus nephritis	tissue
hsa-mir-146a	lymphoma	target
hsa-mir-146a	lymphoma	tissue
hsa-mir-146a	lymphoma, b-cell	genetics
hsa-mir-146a	lymphoma, b-cell	target
hsa-mir-146a	lymphoma, t-cell	epigenetics
hsa-mir-146a	macular degeneration	genetics
hsa-mir-146a	medulloblastoma	tissue
hsa-mir-146a	melanoma	circulation
hsa-mir-146a	melanoma	genetics
hsa-mir-146a	melanoma	target
hsa-mir-146a	melanoma	tissue
hsa-mir-146a	metabolic syndrome	circulation
hsa-mir-146a	metabolic syndrome	genetics
hsa-mir-146a	multiple myeloma	genetics
hsa-mir-146a	multiple sclerosis	circulation
hsa-mir-146a	multiple sclerosis	genetics
hsa-mir-146a	muscle atrophy	circulation
hsa-mir-146a	myelodysplastic syndromes	tissue
hsa-mir-146a	myocardial infarction	circulation
hsa-mir-146a	myocardial infarction	genetics
hsa-mir-146a	myocardial infarction	target
hsa-mir-146a	nasopharyngeal neoplasms	genetics
hsa-mir-146a	nasopharyngeal neoplasms	tissue
hsa-mir-146a	obesity	circulation
hsa-mir-146a	obesity	tissue
hsa-mir-146a	ossification of posterior longitudinal ligament	genetics
hsa-mir-146a	osteoarthritis	circulation
hsa-mir-146a	osteoarthritis	target
hsa-mir-146a	osteoarthritis	tissue
hsa-mir-146a	ovarian neoplasms	genetics
hsa-mir-146a	ovarian neoplasms	tissue
hsa-mir-146a	pancreatic neoplasms	circulation
hsa-mir-146a	pancreatic neoplasms	tissue
hsa-mir-146a	periodontal diseases	tissue
hsa-mir-146a	periodontitis	circulation
hsa-mir-146a	peripheral nervous system diseases	circulation
hsa-mir-146a	polycystic ovarian syndrome	genetics
hsa-mir-146a	preeclampsia	circulation
hsa-mir-146a	prostate neoplasms	circulation
hsa-mir-146a	prostate neoplasms	epigenetics
hsa-mir-146a	prostate neoplasms	genetics
hsa-mir-146a	prostate neoplasms	target
hsa-mir-146a	prostate neoplasms	tissue
hsa-mir-146a	psoriasis	circulation
hsa-mir-146a	psoriasis	genetics
hsa-mir-146a	psoriasis	target
hsa-mir-146a	psoriasis	tissue
hsa-mir-146a	scleroderma, systemic	tissue
hsa-mir-146a	sepsis	circulation
hsa-mir-146a	sepsis	genetics
hsa-mir-146a	sepsis	target
hsa-mir-146a	sepsis	tissue
hsa-mir-146a	sjogren syndrome	circulation
hsa-mir-146a	sjogren syndrome	tissue
hsa-mir-146a	spinal cord injuries	circulation
hsa-mir-146a	spinal cord injuries	target
hsa-mir-146a	stroke	target
hsa-mir-146a	stroke	tissue
hsa-mir-146a	stroke, ischemic	circulation
hsa-mir-146a	stroke, ischemic	genetics
hsa-mir-146a	thyroid neoplasms	circulation
hsa-mir-146a	thyroid neoplasms	genetics
hsa-mir-146a	thyroid neoplasms	target
hsa-mir-146a	tuberculosis	tissue
hsa-mir-146a	tuberculosis, pulmonary	genetics
hsa-mir-146a	urinary bladder cancer	genetics
hsa-mir-146a	urinary bladder cancer	tissue
hsa-mir-146b	acute kidney failure	circulation
hsa-mir-146b	adenovirus infection	target
hsa-mir-146b	adenovirus infection	tissue
hsa-mir-146b	amyotrophic lateral sclerosis	tissue
hsa-mir-146b	aplastic anemia	circulation
hsa-mir-146b	asthenozoospermia	tissue
hsa-mir-146b	asthma	circulation
hsa-mir-146b	asthma	tissue
hsa-mir-146b	atherosclerosis	circulation
hsa-mir-146b	atherosclerosis	tissue
hsa-mir-146b	atrial fibrillation	tissue
hsa-mir-146b	breast neoplasms	circulation
hsa-mir-146b	breast neoplasms	genetics
hsa-mir-146b	breast neoplasms	target
hsa-mir-146b	breast neoplasms	tissue
hsa-mir-146b	bronchopulmonary dysplasia	tissue
hsa-mir-146b	carcinoma, breast	target
hsa-mir-146b	carcinoma, hepatocellular	target
hsa-mir-146b	carcinoma, renal cell	target
hsa-mir-146b	carcinoma, thyroid	target
hsa-mir-146b	carcinoma, thyroid	tissue
hsa-mir-146b	cervical neoplasms	genetics
hsa-mir-146b	colitis, ulcerative	circulation
hsa-mir-146b	colorectal carcinoma	target
hsa-mir-146b	colorectal carcinoma	tissue
hsa-mir-146b	diabetes mellitus	target
hsa-mir-146b	endocrine gland neoplasms	tissue
hsa-mir-146b	endometrial neoplasms	tissue
hsa-mir-146b	endotoxemia	tissue
hsa-mir-146b	eosinophilic esophagitis	circulation
hsa-mir-146b	eosinophilic esophagitis	tissue
hsa-mir-146b	gastrointestinal neoplasms	tissue
hsa-mir-146b	glioblastoma	target
hsa-mir-146b	glioblastoma	tissue
hsa-mir-146b	glioma	target
hsa-mir-146b	head and neck neoplasms	tissue
hsa-mir-146b	hirschsprung disease	circulation
hsa-mir-146b	hypertension	circulation
hsa-mir-146b	inflammation	genetics
hsa-mir-146b	inflammation	target
hsa-mir-146b	inflammation	tissue
hsa-mir-146b	intrahepatic cholangiocarcinoma	circulation
hsa-mir-146b	leukemia, lymphocytic, chronic, b-cell	circulation
hsa-mir-146b	leukemia, myeloid, acute	circulation
hsa-mir-146b	lung neoplasms	genetics
hsa-mir-146b	lung neoplasms	tissue
hsa-mir-146b	lymphoma, large b-cell, diffuse	circulation
hsa-mir-146b	lymphoma, large b-cell, diffuse	target
hsa-mir-146b	lymphoma, t-cell	circulation
hsa-mir-146b	melanoma	tissue
hsa-mir-146b	multiple sclerosis	circulation
hsa-mir-146b	multiple sclerosis	target
hsa-mir-146b	muscle atrophy	circulation
hsa-mir-146b	mycobacterium tuberculosis infection	circulation
hsa-mir-146b	neuroblastoma	tissue
hsa-mir-146b	obesity	target
hsa-mir-146b	osteoarthritis	tissue
hsa-mir-146b	osteosarcoma	target
hsa-mir-146b	ovarian neoplasms	genetics
hsa-mir-146b	ovarian neoplasms	tissue
hsa-mir-146b	pancreatic neoplasms	target
hsa-mir-146b	pancreatic neoplasms	tissue
hsa-mir-146b	parkinson disease	tissue
hsa-mir-146b	periodontal diseases	tissue
hsa-mir-146b	prostate neoplasms	circulation
hsa-mir-146b	prostate neoplasms	target
hsa-mir-146b	prostate neoplasms	tissue
hsa-mir-146b	psoriasis	circulation
hsa-mir-146b	psoriasis	target
hsa-mir-146b	scleroderma, systemic	tissue
hsa-mir-146b	sepsis	target
hsa-mir-146b	sjogren syndrome	tissue
hsa-mir-146b	stroke	circulation
hsa-mir-146b	synovial sarcoma	circulation
hsa-mir-146b	thyroid neoplasms	circulation
hsa-mir-146b	thyroid neoplasms	genetics
hsa-mir-146b	thyroid neoplasms	target
hsa-mir-146b	thyroid neoplasms	tissue
hsa-mir-148	diabetes mellitus, type 2	circulation
hsa-mir-148	hematologic neoplasms	epigenetics
hsa-mir-148	irritable bowel syndrome	tissue
hsa-mir-148	melanoma	tissue
hsa-mir-148a	adenovirus infection	tissue
hsa-mir-148a	amyotrophic lateral sclerosis	tissue
hsa-mir-148a	asthma	circulation
hsa-mir-148a	asthma	target
hsa-mir-148a	breast neoplasms	circulation
hsa-mir-148a	breast neoplasms	epigenetics
hsa-mir-148a	breast neoplasms	genetics
hsa-mir-148a	breast neoplasms	target
hsa-mir-148a	breast neoplasms	tissue
hsa-mir-148a	carcinoma, adrenocortical	tissue
hsa-mir-148a	carcinoma, breast	epigenetics
hsa-mir-148a	carcinoma, breast	target
hsa-mir-148a	carcinoma, hepatocellular	circulation
hsa-mir-148a	carcinoma, hepatocellular	epigenetics
hsa-mir-148a	carcinoma, hepatocellular	target
hsa-mir-148a	carcinoma, hepatocellular	tissue
hsa-mir-148a	carcinoma, nasopharyngeal	epigenetics
hsa-mir-148a	carcinoma, renal cell	target
hsa-mir-148a	carcinoma, thyroid	target
hsa-mir-148a	cholangiocarcinoma	target
hsa-mir-148a	colon neoplasms	tissue
hsa-mir-148a	colorectal carcinoma	epigenetics
hsa-mir-148a	colorectal carcinoma	target
hsa-mir-148a	colorectal carcinoma	tissue
hsa-mir-148a	diabetes mellitus, type 1	circulation
hsa-mir-148a	endometrial neoplasms	epigenetics
hsa-mir-148a	endometrial neoplasms	genetics
hsa-mir-148a	endometriosis	target
hsa-mir-148a	gastrointestinal neoplasms	epigenetics
hsa-mir-148a	gastrointestinal neoplasms	tissue
hsa-mir-148a	glioblastoma	target
hsa-mir-148a	glioblastoma	tissue
hsa-mir-148a	glioma	target
hsa-mir-148a	glomerulonephritis	target
hsa-mir-148a	heart failure	tissue
hsa-mir-148a	hepatoblastoma	tissue
hsa-mir-148a	inflammation	target
hsa-mir-148a	leukemia, lymphoblastic, acute	circulation
hsa-mir-148a	leukemia, lymphocytic, chronic, b-cell	circulation
hsa-mir-148a	leukemia, myeloid, acute	circulation
hsa-mir-148a	lung neoplasms	circulation
hsa-mir-148a	lung neoplasms	epigenetics
hsa-mir-148a	lupus nephritis	target
hsa-mir-148a	medulloblastoma	circulation
hsa-mir-148a	melanoma	target
hsa-mir-148a	multiple myeloma	circulation
hsa-mir-148a	multiple myeloma	target
hsa-mir-148a	muscle atrophy	circulation
hsa-mir-148a	obesity	target
hsa-mir-148a	osteoporosis	epigenetics
hsa-mir-148a	osteosarcoma	circulation
hsa-mir-148a	osteosarcoma	tissue
hsa-mir-148a	ovarian neoplasms	target
hsa-mir-148a	pancreatic neoplasms	target
hsa-mir-148a	pancreatic neoplasms	tissue
hsa-mir-148a	prostate neoplasms	circulation
hsa-mir-148a	prostate neoplasms	epigenetics
hsa-mir-148a	prostate neoplasms	target
hsa-mir-148a	sjogren syndrome	tissue
hsa-mir-148a	thrombosis	target
hsa-mir-148a	thyroid neoplasms	target
hsa-mir-148b	adenovirus infection	tissue
hsa-mir-148b	amyotrophic lateral sclerosis	tissue
hsa-mir-148b	asthma	circulation
hsa-mir-148b	asthma	target
hsa-mir-148b	breast neoplasms	circulation
hsa-mir-148b	breast neoplasms	epigenetics
hsa-mir-148b	breast neoplasms	genetics
hsa-mir-148b	breast neoplasms	target
hsa-mir-148b	carcinoma, hepatocellular	target
hsa-mir-148b	carcinoma, hepatocellular	tissue
hsa-mir-148b	colorectal carcinoma	target
hsa-mir-148b	endometrial neoplasms	genetics
hsa-mir-148b	familial mediterranean fever	circulation
hsa-mir-148b	kidney neoplasms	target
hsa-mir-148b	liver neoplasms	target
hsa-mir-148b	liver neoplasms	tissue
hsa-mir-148b	lung neoplasms	circulation
hsa-mir-148b	lung neoplasms	tissue
hsa-mir-148b	melanoma	genetics
hsa-mir-148b	melanoma	target
hsa-mir-148b	ovarian neoplasms	tissue
hsa-mir-148b	pancreatic neoplasms	target
hsa-mir-148b	synovial sarcoma	circulation
hsa-mir-149	adenocarcinoma, lung	tissue
hsa-mir-149	astrocytoma	tissue
hsa-mir-149	breast neoplasms	epigenetics
hsa-mir-149	breast neoplasms	genetics
hsa-mir-149	breast neoplasms	target
hsa-mir-149	breast neoplasms	tissue
hsa-mir-149	carcinoma, hepatocellular	genetics
hsa-mir-149	carcinoma, hepatocellular	target
hsa-mir-149	carcinoma, hepatocellular	tissue
hsa-mir-149	carcinoma, renal cell	genetics
hsa-mir-149	carcinoma, renal cell	target
hsa-mir-149	carcinoma, renal cell	tissue
hsa-mir-149	chordoma	tissue
hsa-mir-149	colorectal carcinoma	epigenetics
hsa-mir-149	colorectal carcinoma	genetics
hsa-mir-149	colorectal carcinoma	target
hsa-mir-149	coronary artery disease	circulation
hsa-mir-149	coronary artery disease	genetics
hsa-mir-149	diabetes mellitus	target
hsa-mir-149	diabetes mellitus, type 1	target
hsa-mir-149	glioblastoma	epigenetics
hsa-mir-149	glioma	target
hsa-mir-149	glioma	tissue
hsa-mir-149	head and neck neoplasms	genetics
hsa-mir-149	hematologic neoplasms	epigenetics
hsa-mir-149	hepatitis b virus infection	genetics
hsa-mir-149	hiv-associated lipodystrophy	tissue
hsa-mir-149	inflammation	target
hsa-mir-149	leukemia, myeloid, acute	target
hsa-mir-149	lung neoplasms	genetics
hsa-mir-149	multiple myeloma	tissue
hsa-mir-149	myocardial infarction	genetics
hsa-mir-149	myocardial infarction	target
hsa-mir-149	ossification of posterior longitudinal ligament	genetics
hsa-mir-149	osteoarthritis	target
hsa-mir-149	ovarian neoplasms	target
hsa-mir-149	preeclampsia	circulation
hsa-mir-149	prostate neoplasms	target
hsa-mir-149	squamous cell carcinoma	genetics
hsa-mir-149	squamous cell carcinoma, head and neck	genetics
hsa-mir-149	stroke, ischemic	genetics
hsa-mir-149	thyroid neoplasms	genetics
hsa-mir-149	tuberculosis, pulmonary	genetics
hsa-mir-149	urinary bladder cancer	epigenetics
hsa-mir-150	acquired immunodeficiency syndrome	tissue
hsa-mir-150	adenovirus infection	target
hsa-mir-150	adenovirus infection	tissue
hsa-mir-150	aplastic anemia	circulation
hsa-mir-150	astrocytoma	tissue
hsa-mir-150	atherosclerosis	genetics
hsa-mir-150	atherosclerosis	target
hsa-mir-150	breast neoplasms	target
hsa-mir-150	bronchopulmonary dysplasia	tissue
hsa-mir-150	burns	tissue
hsa-mir-150	carcinoma, breast	target
hsa-mir-150	carcinoma, hepatocellular	circulation
hsa-mir-150	carcinoma, hepatocellular	genetics
hsa-mir-150	carcinoma, hepatocellular	target
hsa-mir-150	carcinoma, hepatocellular	tissue
hsa-mir-150	carcinoma, renal cell	circulation
hsa-mir-150	carcinoma, renal cell	tissue
hsa-mir-150	carcinoma, thyroid	tissue
hsa-mir-150	cardiomegaly	target
hsa-mir-150	cardiomyopathy, hypertrophic	tissue
hsa-mir-150	cervical neoplasms	target
hsa-mir-150	cholangiocarcinoma	circulation
hsa-mir-150	chronic kidney disease	circulation
hsa-mir-150	colon neoplasms	tissue
hsa-mir-150	colorectal carcinoma	target
hsa-mir-150	colorectal carcinoma	tissue
hsa-mir-150	diabetes mellitus, type 1	circulation
hsa-mir-150	diabetes mellitus, type 2	circulation
hsa-mir-150	diabetic nephropathy	target
hsa-mir-150	diabetic retinopathy	circulation
hsa-mir-150	diabetic retinopathy	genetics
hsa-mir-150	digeorge syndrome	tissue
hsa-mir-150	endometriosis	tissue
hsa-mir-150	endotoxemia	tissue
hsa-mir-150	esophageal neoplasms	target
hsa-mir-150	ewing sarcoma	tissue
hsa-mir-150	fever	target
hsa-mir-150	glioma	genetics
hsa-mir-150	glioma	tissue
hsa-mir-150	heart failure	genetics
hsa-mir-150	heart failure	tissue
hsa-mir-150	hematologic neoplasms	genetics
hsa-mir-150	hepatitis b virus infection	circulation
hsa-mir-150	hepatoblastoma	tissue
hsa-mir-150	hypertension	circulation
hsa-mir-150	hypertrophy	target
hsa-mir-150	inflammation	target
hsa-mir-150	inflammation	tissue
hsa-mir-150	inflammatory bowel diseases	target
hsa-mir-150	intrahepatic cholangiocarcinoma	circulation
hsa-mir-150	irritable bowel syndrome	circulation
hsa-mir-150	leukemia	genetics
hsa-mir-150	leukemia	target
hsa-mir-150	leukemia	tissue
hsa-mir-150	leukemia, lymphoblastic, acute	genetics
hsa-mir-150	leukemia, lymphocytic, chronic, b-cell	circulation
hsa-mir-150	leukemia, lymphocytic, chronic, b-cell	target
hsa-mir-150	leukemia, lymphocytic, chronic, b-cell	tissue
hsa-mir-150	leukemia, myeloid	target
hsa-mir-150	leukemia, myeloid, acute	circulation
hsa-mir-150	leukemia, myeloid, acute	target
hsa-mir-150	leukemia-lymphoma, adult t-cell	target
hsa-mir-150	lung neoplasms	target
hsa-mir-150	lung neoplasms	tissue
hsa-mir-150	lupus nephritis	tissue
hsa-mir-150	lupus vulgaris	circulation
hsa-mir-150	lymphoma	circulation
hsa-mir-150	lymphoma	target
hsa-mir-150	lymphoma	tissue
hsa-mir-150	lymphoma, b-cell	circulation
hsa-mir-150	lymphoma, b-cell	target
hsa-mir-150	lymphoma, large-cell, anaplastic	target
hsa-mir-150	marek disease	circulation
hsa-mir-150	melanoma	circulation
hsa-mir-150	melanoma	target
hsa-mir-150	melanoma	tissue
hsa-mir-150	metabolic syndrome	target
hsa-mir-150	multiple myeloma	target
hsa-mir-150	multiple sclerosis	circulation
hsa-mir-150	mycobacterium tuberculosis infection	circulation
hsa-mir-150	myocardial infarction	circulation
hsa-mir-150	myocardial infarction	genetics
hsa-mir-150	myocardial infarction	target
hsa-mir-150	myocardial infarction	tissue
hsa-mir-150	neuropathic pain	target
hsa-mir-150	obesity	circulation
hsa-mir-150	obesity	genetics
hsa-mir-150	osteoarthritis	target
hsa-mir-150	osteoporosis	target
hsa-mir-150	osteosarcoma	genetics
hsa-mir-150	osteosarcoma	target
hsa-mir-150	osteosarcoma	tissue
hsa-mir-150	ovarian neoplasms	tissue
hsa-mir-150	pancreatic neoplasms	circulation
hsa-mir-150	pancreatic neoplasms	target
hsa-mir-150	pancreatic neoplasms	tissue
hsa-mir-150	pituitary adenoma	tissue
hsa-mir-150	polycythemia vera	circulation
hsa-mir-150	polycythemia vera	tissue
hsa-mir-150	prostate neoplasms	target
hsa-mir-150	psoriasis	target
hsa-mir-150	psoriasis	tissue
hsa-mir-150	retinal neovascularization	tissue
hsa-mir-150	scleroderma, systemic	target
hsa-mir-150	sepsis	circulation
hsa-mir-150	sepsis	genetics
hsa-mir-150	sepsis	target
hsa-mir-150	sjogren syndrome	tissue
hsa-mir-150	squamous cell carcinoma, head and neck	target
hsa-mir-150	stroke, ischemic	genetics
hsa-mir-150	thrombosis	target
hsa-mir-150	thyroid neoplasms	target
hsa-mir-151	breast neoplasms	tissue
hsa-mir-151	carcinoma, breast	target
hsa-mir-151	cholangiocarcinoma	tissue
hsa-mir-151	esophageal neoplasms	tissue
hsa-mir-151	ovarian neoplasms	target
hsa-mir-151	ovarian neoplasms	tissue
hsa-mir-151a	adenocarcinoma, lung	tissue
hsa-mir-151a	amyotrophic lateral sclerosis	tissue
hsa-mir-151a	asthenozoospermia	target
hsa-mir-151a	breast neoplasms	epigenetics
hsa-mir-151a	breast neoplasms	genetics
hsa-mir-151a	breast neoplasms	tissue
hsa-mir-151a	carcinoma, breast	circulation
hsa-mir-151a	carcinoma, hepatocellular	tissue
hsa-mir-151a	carcinoma, renal cell	circulation
hsa-mir-151a	esophageal neoplasms	circulation
hsa-mir-151a	friedreich ataxia	circulation
hsa-mir-151a	lupus nephritis	circulation
hsa-mir-151a	melanoma	circulation
hsa-mir-151a	melanoma	genetics
hsa-mir-151a	muscle atrophy	circulation
hsa-mir-151a	nasopharyngeal neoplasms	genetics
hsa-mir-151a	ovarian neoplasms	genetics
hsa-mir-151a	parkinson disease	circulation
hsa-mir-151a	thyroid neoplasms	circulation
hsa-mir-151a	visceral leishmaniasis	target
hsa-mir-151b	amyotrophic lateral sclerosis	tissue
hsa-mir-151b	breast neoplasms	tissue
hsa-mir-151b	carcinoma, renal cell	circulation
hsa-mir-151b	nasopharyngeal neoplasms	genetics
hsa-mir-151b	thyroid neoplasms	circulation
hsa-mir-152	asthma	circulation
hsa-mir-152	asthma	genetics
hsa-mir-152	asthma	target
hsa-mir-152	atherosclerosis	epigenetics
hsa-mir-152	atherosclerosis	target
hsa-mir-152	breast neoplasms	target
hsa-mir-152	breast neoplasms	tissue
hsa-mir-152	carcinoma, adenoid cystic	tissue
hsa-mir-152	carcinoma, breast	epigenetics
hsa-mir-152	carcinoma, breast	target
hsa-mir-152	carcinoma, hepatocellular	epigenetics
hsa-mir-152	carcinoma, hepatocellular	target
hsa-mir-152	carcinoma, hepatocellular	tissue
hsa-mir-152	carcinoma, nasopharyngeal	target
hsa-mir-152	cervical neoplasms	genetics
hsa-mir-152	cholangiocarcinoma	target
hsa-mir-152	colon neoplasms	tissue
hsa-mir-152	colorectal carcinoma	epigenetics
hsa-mir-152	colorectal carcinoma	genetics
hsa-mir-152	colorectal carcinoma	tissue
hsa-mir-152	diabetic retinopathy	target
hsa-mir-152	endometrial neoplasms	epigenetics
hsa-mir-152	gastrointestinal neoplasms	epigenetics
hsa-mir-152	gastrointestinal neoplasms	tissue
hsa-mir-152	glioblastoma	target
hsa-mir-152	glioma	target
hsa-mir-152	hematologic neoplasms	epigenetics
hsa-mir-152	lung neoplasms	circulation
hsa-mir-152	multiple myeloma	target
hsa-mir-152	neuroblastoma	tissue
hsa-mir-152	osteosarcoma	target
hsa-mir-152	ovarian disease	tissue
hsa-mir-152	ovarian neoplasms	target
hsa-mir-152	pancreatic neoplasms	target
hsa-mir-152	preeclampsia	circulation
hsa-mir-152	preeclampsia	tissue
hsa-mir-152	prostate neoplasms	target
hsa-mir-152	sjogren syndrome	tissue
hsa-mir-154	balkan nephropathy	tissue
hsa-mir-154	carcinoma, hepatocellular	target
hsa-mir-154	carcinoma, renal cell	target
hsa-mir-154	colorectal carcinoma	target
hsa-mir-154	colorectal carcinoma	tissue
hsa-mir-154	coronary artery disease	target
hsa-mir-154	glioblastoma	genetics
hsa-mir-154	glioma	tissue
hsa-mir-154	graves disease	circulation
hsa-mir-154	leukemia, myeloid, acute	circulation
hsa-mir-154	muscle atrophy	circulation
hsa-mir-154	neuropathic pain	target
hsa-mir-154	prostate neoplasms	genetics
hsa-mir-154	prostate neoplasms	target
hsa-mir-154	salivary gland neoplasms	tissue
hsa-mir-154	thyroid neoplasms	tissue
hsa-mir-155	acute coronary syndrome	target
hsa-mir-155	acute lung injury	genetics
hsa-mir-155	adenocarcinoma, lung	circulation
hsa-mir-155	age-related macular degeneration	circulation
hsa-mir-155	aortic aneurysm, abdominal	tissue
hsa-mir-155	aplastic anemia	circulation
hsa-mir-155	arthritis	genetics
hsa-mir-155	arthritis	target
hsa-mir-155	asthma	target
hsa-mir-155	asthma	tissue
hsa-mir-155	astrocytoma	target
hsa-mir-155	astrocytoma	tissue
hsa-mir-155	atherosclerosis	target
hsa-mir-155	atherosclerosis	tissue
hsa-mir-155	atrial fibrillation	tissue
hsa-mir-155	biliary atresia	target
hsa-mir-155	breast neoplasms	circulation
hsa-mir-155	breast neoplasms	target
hsa-mir-155	breast neoplasms	tissue
hsa-mir-155	carcinoma, adrenocortical	tissue
hsa-mir-155	carcinoma, breast	circulation
hsa-mir-155	carcinoma, breast	target
hsa-mir-155	carcinoma, breast	tissue
hsa-mir-155	carcinoma, endometrial	tissue
hsa-mir-155	carcinoma, hepatocellular	circulation
hsa-mir-155	carcinoma, hepatocellular	genetics
hsa-mir-155	carcinoma, hepatocellular	target
hsa-mir-155	carcinoma, hepatocellular	tissue
hsa-mir-155	carcinoma, nasopharyngeal	target
hsa-mir-155	carcinoma, renal cell	target
hsa-mir-155	carcinoma, renal cell	tissue
hsa-mir-155	cardiomyopathy	target
hsa-mir-155	cardiomyopathy, dilated	circulation
hsa-mir-155	cardiomyopathy, dilated	tissue
hsa-mir-155	cervical neoplasms	circulation
hsa-mir-155	chordoma	target
hsa-mir-155	choriocarcinoma	tissue
hsa-mir-155	colitis	target
hsa-mir-155	colitis, ulcerative	target
hsa-mir-155	colitis, ulcerative	tissue
hsa-mir-155	colon neoplasms	circulation
hsa-mir-155	colon neoplasms	target
hsa-mir-155	colon neoplasms	tissue
hsa-mir-155	colorectal carcinoma	circulation
hsa-mir-155	colorectal carcinoma	target
hsa-mir-155	colorectal carcinoma	tissue
hsa-mir-155	congenital heart diseases	tissue
hsa-mir-155	coronary artery disease	circulation
hsa-mir-155	crohn disease	tissue
hsa-mir-155	diabetes mellitus	circulation
hsa-mir-155	diabetes mellitus, type 1	circulation
hsa-mir-155	diabetes mellitus, type 2	circulation
hsa-mir-155	diabetes mellitus, type 2	genetics
hsa-mir-155	diabetes mellitus, type 2	target
hsa-mir-155	diabetic nephropathy	tissue
hsa-mir-155	down syndrome	target
hsa-mir-155	down syndrome	tissue
hsa-mir-155	encephalomyelitis	genetics
hsa-mir-155	endometrial neoplasms	tissue
hsa-mir-155	epilepsy	genetics
hsa-mir-155	esophageal neoplasms	circulation
hsa-mir-155	esophageal neoplasms	target
hsa-mir-155	gastrointestinal neoplasms	target
hsa-mir-155	glioblastoma	genetics
hsa-mir-155	glioblastoma	target
hsa-mir-155	glioblastoma	tissue
hsa-mir-155	glioma	epigenetics
hsa-mir-155	glioma	target
hsa-mir-155	glioma	tissue
hsa-mir-155	glomerulonephritis	circulation
hsa-mir-155	head and neck neoplasms	tissue
hsa-mir-155	heart failure	circulation
hsa-mir-155	heart failure	target
hsa-mir-155	hematologic neoplasms	circulation
hsa-mir-155	hematologic neoplasms	genetics
hsa-mir-155	hepatitis b virus infection	target
hsa-mir-155	hypertension	circulation
hsa-mir-155	hypertension	genetics
hsa-mir-155	hypertension	target
hsa-mir-155	hypertension	tissue
hsa-mir-155	hypertrophy	genetics
hsa-mir-155	idiopathic pulmonary fibrosis	circulation
hsa-mir-155	idiopathic pulmonary fibrosis	target
hsa-mir-155	inflammation	target
hsa-mir-155	inflammation	tissue
hsa-mir-155	inflammatory bowel diseases	circulation
hsa-mir-155	influenza	circulation
hsa-mir-155	intervertebral disc degeneration	target
hsa-mir-155	kawasaki syndrome	tissue
hsa-mir-155	kidney neoplasms	target
hsa-mir-155	laryngeal neoplasms	target
hsa-mir-155	laryngeal neoplasms	tissue
hsa-mir-155	leukemia	circulation
hsa-mir-155	leukemia	target
hsa-mir-155	leukemia	tissue
hsa-mir-155	leukemia, b-cell	circulation
hsa-mir-155	leukemia, b-cell	target
hsa-mir-155	leukemia, lymphoblastic, acute	circulation
hsa-mir-155	leukemia, lymphocytic, chronic, b-cell	circulation
hsa-mir-155	leukemia, lymphocytic, chronic, b-cell	target
hsa-mir-155	leukemia, lymphocytic, chronic, b-cell	tissue
hsa-mir-155	leukemia, myeloid, acute	circulation
hsa-mir-155	leukemia, myeloid, acute	genetics
hsa-mir-155	leukemia, myeloid, acute	target
hsa-mir-155	leukemia, myeloid, acute	tissue
hsa-mir-155	leukemia-lymphoma, adult t-cell	circulation
hsa-mir-155	lichen planus	target
hsa-mir-155	lichen planus	tissue
hsa-mir-155	liposarcoma	target
hsa-mir-155	liposarcoma	tissue
hsa-mir-155	liver cirrhosis	target
hsa-mir-155	liver neoplasms	target
hsa-mir-155	lung neoplasms	circulation
hsa-mir-155	lung neoplasms	target
hsa-mir-155	lung neoplasms	tissue
hsa-mir-155	lupus nephritis	tissue
hsa-mir-155	lymphoma	circulation
hsa-mir-155	lymphoma	epigenetics
hsa-mir-155	lymphoma	target
hsa-mir-155	lymphoma	tissue
hsa-mir-155	lymphoma, b-cell	circulation
hsa-mir-155	lymphoma, b-cell	genetics
hsa-mir-155	lymphoma, b-cell	target
hsa-mir-155	lymphoma, b-cell	tissue
hsa-mir-155	lymphoma, extranodal nk-t-cell	target
hsa-mir-155	lymphoma, large b-cell, diffuse	circulation
hsa-mir-155	lymphoma, large b-cell, diffuse	genetics
hsa-mir-155	lymphoma, large b-cell, diffuse	tissue
hsa-mir-155	lymphoma, large-cell, anaplastic	circulation
hsa-mir-155	lymphoma, non-hodgkin	epigenetics
hsa-mir-155	lymphoma, non-hodgkin	genetics
hsa-mir-155	lymphoma, t-cell	circulation
hsa-mir-155	lymphoma, t-cell	epigenetics
hsa-mir-155	macular degeneration	genetics
hsa-mir-155	marek disease	target
hsa-mir-155	melanoma	circulation
hsa-mir-155	melanoma	genetics
hsa-mir-155	melanoma	target
hsa-mir-155	melanoma	tissue
hsa-mir-155	metabolic syndrome	target
hsa-mir-155	migraine	circulation
hsa-mir-155	multiple myeloma	epigenetics
hsa-mir-155	multiple myeloma	target
hsa-mir-155	multiple sclerosis	circulation
hsa-mir-155	multiple sclerosis	target
hsa-mir-155	multiple sclerosis	tissue
hsa-mir-155	muscle atrophy	circulation
hsa-mir-155	mycobacterium tuberculosis infection	genetics
hsa-mir-155	mycosis fungoides	tissue
hsa-mir-155	myelodysplastic syndromes	tissue
hsa-mir-155	myocardial infarction	circulation
hsa-mir-155	myocardial infarction	target
hsa-mir-155	myocardial infarction	tissue
hsa-mir-155	obesity	tissue
hsa-mir-155	osteoarthritis	circulation
hsa-mir-155	osteoarthritis	tissue
hsa-mir-155	osteosarcoma	target
hsa-mir-155	osteosarcoma	tissue
hsa-mir-155	ovarian neoplasms	genetics
hsa-mir-155	ovarian neoplasms	target
hsa-mir-155	ovarian neoplasms	tissue
hsa-mir-155	pancreatic neoplasms	circulation
hsa-mir-155	pancreatic neoplasms	target
hsa-mir-155	pancreatic neoplasms	tissue
hsa-mir-155	pelvic inflammatory disease	circulation
hsa-mir-155	periodontal diseases	tissue
hsa-mir-155	periodontitis	circulation
hsa-mir-155	peripheral nervous system diseases	circulation
hsa-mir-155	pneumonia	target
hsa-mir-155	polycystic ovarian syndrome	target
hsa-mir-155	polycythemia vera	circulation
hsa-mir-155	preeclampsia	circulation
hsa-mir-155	preeclampsia	target
hsa-mir-155	prostate neoplasms	target
hsa-mir-155	prostate neoplasms	tissue
hsa-mir-155	psoriasis	circulation
hsa-mir-155	psoriasis	tissue
hsa-mir-155	rectal neoplasms	tissue
hsa-mir-155	scleroderma, systemic	tissue
hsa-mir-155	sepsis	circulation
hsa-mir-155	sepsis	target
hsa-mir-155	sjogren syndrome	circulation
hsa-mir-155	sjogren syndrome	tissue
hsa-mir-155	spinal cord injuries	genetics
hsa-mir-155	squamous cell carcinoma	tissue
hsa-mir-155	squamous cell carcinoma, head and neck	target
hsa-mir-155	squamous cell carcinoma, head and neck	tissue
hsa-mir-155	stroke	circulation
hsa-mir-155	stroke	genetics
hsa-mir-155	stroke	target
hsa-mir-155	stroke	tissue
hsa-mir-155	stroke, ischemic	genetics
hsa-mir-155	thyroid neoplasms	circulation
hsa-mir-155	thyroid neoplasms	tissue
hsa-mir-155	tuberculosis	target
hsa-mir-155	tuberculosis, pulmonary	circulation
hsa-mir-155	tuberculosis, pulmonary	tissue
hsa-mir-155	urinary bladder cancer	tissue
hsa-mir-155	waldenstrom macroglobulinemia	circulation
hsa-mir-155	waldenstrom macroglobulinemia	target
hsa-mir-155	waldenstrom macroglobulinemia	tissue
hsa-mir-15a	acute coronary syndrome	target
hsa-mir-15a	amyotrophic lateral sclerosis	tissue
hsa-mir-15a	aortic aneurysm, abdominal	target
hsa-mir-15a	arthritis	target
hsa-mir-15a	asthma	target
hsa-mir-15a	asthma	tissue
hsa-mir-15a	astrocytoma	tissue
hsa-mir-15a	breast neoplasms	circulation
hsa-mir-15a	breast neoplasms	genetics
hsa-mir-15a	breast neoplasms	target
hsa-mir-15a	breast neoplasms	tissue
hsa-mir-15a	carcinoma, breast	target
hsa-mir-15a	carcinoma, hepatocellular	genetics
hsa-mir-15a	carcinoma, hepatocellular	target
hsa-mir-15a	carcinoma, hepatocellular	tissue
hsa-mir-15a	carcinoma, nasopharyngeal	genetics
hsa-mir-15a	carcinoma, nasopharyngeal	target
hsa-mir-15a	carcinoma, renal cell	target
hsa-mir-15a	carcinoma, renal cell	tissue
hsa-mir-15a	colorectal carcinoma	target
hsa-mir-15a	diabetes mellitus	circulation
hsa-mir-15a	diabetes mellitus	genetics
hsa-mir-15a	diabetes mellitus	target
hsa-mir-15a	diabetes mellitus, type 2	circulation
hsa-mir-15a	diabetic retinopathy	genetics
hsa-mir-15a	endometriosis	target
hsa-mir-15a	ependymoma	tissue
hsa-mir-15a	epilepsy	circulation
hsa-mir-15a	esophageal neoplasms	tissue
hsa-mir-15a	glioblastoma	tissue
hsa-mir-15a	glioma	circulation
hsa-mir-15a	glioma	tissue
hsa-mir-15a	head and neck neoplasms	target
hsa-mir-15a	hematologic neoplasms	genetics
hsa-mir-15a	hepatitis b virus infection	target
hsa-mir-15a	hepatitis b virus infection	tissue
hsa-mir-15a	inflammation	target
hsa-mir-15a	intervertebral disc degeneration	target
hsa-mir-15a	ischemia	circulation
hsa-mir-15a	kidney neoplasms	circulation
hsa-mir-15a	leukemia	circulation
hsa-mir-15a	leukemia	genetics
hsa-mir-15a	leukemia	target
hsa-mir-15a	leukemia	tissue
hsa-mir-15a	leukemia, b-cell	genetics
hsa-mir-15a	leukemia, lymphoblastic, acute	circulation
hsa-mir-15a	leukemia, lymphocytic, chronic, b-cell	circulation
hsa-mir-15a	leukemia, lymphocytic, chronic, b-cell	epigenetics
hsa-mir-15a	leukemia, lymphocytic, chronic, b-cell	genetics
hsa-mir-15a	leukemia, lymphocytic, chronic, b-cell	target
hsa-mir-15a	leukemia, lymphocytic, chronic, b-cell	tissue
hsa-mir-15a	leukemia, myeloid, acute	epigenetics
hsa-mir-15a	leukemia, myeloid, acute	target
hsa-mir-15a	leukemia, promyelocytic, acute	circulation
hsa-mir-15a	lung neoplasms	target
hsa-mir-15a	lung neoplasms	tissue
hsa-mir-15a	lymphoma	genetics
hsa-mir-15a	lymphoma	target
hsa-mir-15a	lymphoma	tissue
hsa-mir-15a	lymphoma, b-cell	target
hsa-mir-15a	lymphoma, b-cell	tissue
hsa-mir-15a	lymphoma, extranodal nk-t-cell	target
hsa-mir-15a	lymphoma, mantle-cell	genetics
hsa-mir-15a	macular degeneration	tissue
hsa-mir-15a	melanoma	genetics
hsa-mir-15a	melanoma	target
hsa-mir-15a	melanoma	tissue
hsa-mir-15a	metabolic syndrome	circulation
hsa-mir-15a	multiple myeloma	circulation
hsa-mir-15a	multiple myeloma	genetics
hsa-mir-15a	multiple myeloma	target
hsa-mir-15a	multiple sclerosis	tissue
hsa-mir-15a	myasthenia gravis	target
hsa-mir-15a	nephrotic syndrome	tissue
hsa-mir-15a	neuroblastoma	target
hsa-mir-15a	odontogenic tumors	target
hsa-mir-15a	osteoarthritis	target
hsa-mir-15a	osteoarthritis	tissue
hsa-mir-15a	osteosarcoma	target
hsa-mir-15a	pancreatic neoplasms	tissue
hsa-mir-15a	patau syndrome	target
hsa-mir-15a	pituitary adenoma	tissue
hsa-mir-15a	pituitary neoplasms	circulation
hsa-mir-15a	pituitary neoplasms	genetics
hsa-mir-15a	pituitary neoplasms	target
hsa-mir-15a	polycystic kidney disease	target
hsa-mir-15a	prostate neoplasms	circulation
hsa-mir-15a	prostate neoplasms	genetics
hsa-mir-15a	prostate neoplasms	target
hsa-mir-15a	prostate neoplasms	tissue
hsa-mir-15a	retinoblastoma	target
hsa-mir-15a	salivary gland neoplasms	tissue
hsa-mir-15a	sepsis	circulation
hsa-mir-15a	squamous cell carcinoma, head and neck	tissue
hsa-mir-15a	urinary bladder cancer	tissue
hsa-mir-15b	adenocarcinoma, lung	target
hsa-mir-15b	amyotrophic lateral sclerosis	tissue
hsa-mir-15b	astrocytoma	tissue
hsa-mir-15b	atrial fibrillation	tissue
hsa-mir-15b	barrett esophagus	tissue
hsa-mir-15b	breast neoplasms	target
hsa-mir-15b	carcinoma, adrenocortical	tissue
hsa-mir-15b	carcinoma, hepatocellular	circulation
hsa-mir-15b	carcinoma, hepatocellular	genetics
hsa-mir-15b	carcinoma, hepatocellular	target
hsa-mir-15b	carcinoma, hepatocellular	tissue
hsa-mir-15b	cardiomyopathy, dilated	tissue
hsa-mir-15b	chronic kidney disease	circulation
hsa-mir-15b	colorectal carcinoma	circulation
hsa-mir-15b	colorectal carcinoma	genetics
hsa-mir-15b	coronary artery disease	target
hsa-mir-15b	diabetes mellitus, type 2	circulation
hsa-mir-15b	diabetic nephropathy	circulation
hsa-mir-15b	endometriosis	tissue
hsa-mir-15b	glioblastoma	target
hsa-mir-15b	glioma	circulation
hsa-mir-15b	glioma	genetics
hsa-mir-15b	glioma	target
hsa-mir-15b	glioma	tissue
hsa-mir-15b	inflammation	tissue
hsa-mir-15b	leukemia, lymphocytic, chronic, b-cell	genetics
hsa-mir-15b	leukemia, lymphocytic, chronic, b-cell	target
hsa-mir-15b	leukemia, promyelocytic, acute	circulation
hsa-mir-15b	leukemia, promyelocytic, acute	tissue
hsa-mir-15b	liver failure	target
hsa-mir-15b	liver neoplasms	genetics
hsa-mir-15b	lymphoma, mantle-cell	tissue
hsa-mir-15b	melanoma	circulation
hsa-mir-15b	melanoma	target
hsa-mir-15b	melanoma	tissue
hsa-mir-15b	multiple sclerosis	circulation
hsa-mir-15b	multiple sclerosis	target
hsa-mir-15b	myasthenia gravis	circulation
hsa-mir-15b	myasthenia gravis	target
hsa-mir-15b	ovarian disease	tissue
hsa-mir-15b	ovarian neoplasms	tissue
hsa-mir-15b	pancreatic neoplasms	tissue
hsa-mir-15b	peripheral vascular disease	circulation
hsa-mir-15b	pituitary neoplasms	circulation
hsa-mir-15b	prostate neoplasms	target
hsa-mir-15b	prostate neoplasms	tissue
hsa-mir-15b	retinoblastoma	target
hsa-mir-15b	spinal cord injuries	tissue
hsa-mir-15b	squamous cell carcinoma, head and neck	target
hsa-mir-15b	tongue neoplasms	target
hsa-mir-15b	urinary bladder cancer	tissue
hsa-mir-15b	visceral leishmaniasis	target
hsa-mir-16	acute lung injury	genetics
hsa-mir-16	adenocarcinoma, colon	tissue
hsa-mir-16	adenocarcinoma, lung	genetics
hsa-mir-16	adenocarcinoma, lung	target
hsa-mir-16	amyotrophic lateral sclerosis	tissue
hsa-mir-16	asthma	tissue
hsa-mir-16	atherosclerosis	target
hsa-mir-16	breast neoplasms	circulation
hsa-mir-16	breast neoplasms	genetics
hsa-mir-16	breast neoplasms	target
hsa-mir-16	breast neoplasms	tissue
hsa-mir-16	carcinoma, breast	circulation
hsa-mir-16	carcinoma, breast	target
hsa-mir-16	carcinoma, hepatocellular	circulation
hsa-mir-16	carcinoma, hepatocellular	genetics
hsa-mir-16	carcinoma, hepatocellular	target
hsa-mir-16	carcinoma, nasopharyngeal	circulation
hsa-mir-16	carcinoma, nasopharyngeal	genetics
hsa-mir-16	carcinoma, nasopharyngeal	target
hsa-mir-16	cervical neoplasms	target
hsa-mir-16	cholangiocarcinoma	target
hsa-mir-16	colorectal carcinoma	circulation
hsa-mir-16	colorectal carcinoma	target
hsa-mir-16	colorectal carcinoma	tissue
hsa-mir-16	cystic fibrosis	target
hsa-mir-16	diabetic nephropathy	circulation
hsa-mir-16	endometrial neoplasms	tissue
hsa-mir-16	endometriosis	tissue
hsa-mir-16	ewing sarcoma	target
hsa-mir-16	gastrointestinal neoplasms	circulation
hsa-mir-16	glaucoma	circulation
hsa-mir-16	glioblastoma	genetics
hsa-mir-16	glioblastoma	target
hsa-mir-16	glioblastoma	tissue
hsa-mir-16	glioma	circulation
hsa-mir-16	glioma	genetics
hsa-mir-16	glioma	target
hsa-mir-16	glioma	tissue
hsa-mir-16	hearing loss	circulation
hsa-mir-16	heart failure	circulation
hsa-mir-16	hemophagocytic lymphohistiocytosis	target
hsa-mir-16	hepatitis b virus infection	target
hsa-mir-16	hypertension	target
hsa-mir-16	inflammatory bowel diseases	circulation
hsa-mir-16	inflammatory bowel diseases	target
hsa-mir-16	leukemia	circulation
hsa-mir-16	leukemia	target
hsa-mir-16	leukemia, lymphocytic, chronic, b-cell	circulation
hsa-mir-16	leukemia, lymphocytic, chronic, b-cell	target
hsa-mir-16	leukemia, lymphocytic, chronic, b-cell	tissue
hsa-mir-16	leukemia, myeloid, acute	target
hsa-mir-16	leukemia, promyelocytic, acute	tissue
hsa-mir-16	liver neoplasms	circulation
hsa-mir-16	lung neoplasms	target
hsa-mir-16	lung neoplasms	tissue
hsa-mir-16	lymphoma	circulation
hsa-mir-16	lymphoma, non-hodgkin	genetics
hsa-mir-16	lymphoma, t-cell	circulation
hsa-mir-16	melanoma	circulation
hsa-mir-16	melanoma	target
hsa-mir-16	multiple myeloma	circulation
hsa-mir-16	multiple myeloma	target
hsa-mir-16	multiple myeloma	tissue
hsa-mir-16	myocardial infarction	target
hsa-mir-16	nephrotic syndrome	tissue
hsa-mir-16	osteoarthritis	target
hsa-mir-16	osteoarthritis	tissue
hsa-mir-16	ovarian neoplasms	target
hsa-mir-16	ovarian neoplasms	tissue
hsa-mir-16	parkinson disease	tissue
hsa-mir-16	peripheral vascular disease	circulation
hsa-mir-16	pituitary neoplasms	target
hsa-mir-16	polycystic ovarian syndrome	target
hsa-mir-16	preeclampsia	target
hsa-mir-16	preeclampsia	tissue
hsa-mir-16	prostate neoplasms	target
hsa-mir-16	prostate neoplasms	tissue
hsa-mir-16	salivary gland neoplasms	tissue
hsa-mir-16	scleroderma, systemic	tissue
hsa-mir-16	sjogren syndrome	tissue
hsa-mir-16	spinal cord injuries	target
hsa-mir-16	tuberculosis, pulmonary	circulation
hsa-mir-16-1	acute lung injury	tissue
hsa-mir-16-1	breast neoplasms	circulation
hsa-mir-16-1	breast neoplasms	target
hsa-mir-16-1	breast neoplasms	tissue
hsa-mir-16-1	carcinoma, adrenocortical	tissue
hsa-mir-16-1	carcinoma, hepatocellular	circulation
hsa-mir-16-1	carcinoma, hepatocellular	target
hsa-mir-16-1	carcinoma, hepatocellular	tissue
hsa-mir-16-1	carcinoma, nasopharyngeal	target
hsa-mir-16-1	carcinoma, renal cell	tissue
hsa-mir-16-1	colorectal carcinoma	target
hsa-mir-16-1	crohn disease	circulation
hsa-mir-16-1	fatty liver, alcoholic	circulation
hsa-mir-16-1	glioblastoma	tissue
hsa-mir-16-1	glioma	target
hsa-mir-16-1	heart failure	tissue
hsa-mir-16-1	hematologic neoplasms	genetics
hsa-mir-16-1	laryngeal neoplasms	target
hsa-mir-16-1	leukemia	genetics
hsa-mir-16-1	leukemia	target
hsa-mir-16-1	leukemia	tissue
hsa-mir-16-1	leukemia, b-cell	genetics
hsa-mir-16-1	leukemia, lymphoblastic, acute	circulation
hsa-mir-16-1	leukemia, lymphocytic, chronic, b-cell	circulation
hsa-mir-16-1	leukemia, lymphocytic, chronic, b-cell	epigenetics
hsa-mir-16-1	leukemia, lymphocytic, chronic, b-cell	genetics
hsa-mir-16-1	leukemia, lymphocytic, chronic, b-cell	target
hsa-mir-16-1	leukemia, lymphocytic, chronic, b-cell	tissue
hsa-mir-16-1	leukemia, myeloid, acute	epigenetics
hsa-mir-16-1	leukemia, promyelocytic, acute	circulation
hsa-mir-16-1	leukemia-lymphoma, adult t-cell	circulation
hsa-mir-16-1	liver failure	target
hsa-mir-16-1	lymphoma	genetics
hsa-mir-16-1	lymphoma	tissue
hsa-mir-16-1	lymphoma, b-cell	tissue
hsa-mir-16-1	lymphoma, mantle-cell	genetics
hsa-mir-16-1	lymphoma, mantle-cell	target
hsa-mir-16-1	melanoma	tissue
hsa-mir-16-1	multiple myeloma	circulation
hsa-mir-16-1	multiple myeloma	genetics
hsa-mir-16-1	multiple myeloma	target
hsa-mir-16-1	multiple sclerosis	tissue
hsa-mir-16-1	myelodysplastic syndromes	circulation
hsa-mir-16-1	odontogenic tumors	target
hsa-mir-16-1	osteosarcoma	target
hsa-mir-16-1	osteosarcoma	tissue
hsa-mir-16-1	ovarian neoplasms	genetics
hsa-mir-16-1	ovarian neoplasms	target
hsa-mir-16-1	pancreatic neoplasms	target
hsa-mir-16-1	parkinson disease	target
hsa-mir-16-1	patau syndrome	target
hsa-mir-16-1	pituitary adenoma	tissue
hsa-mir-16-1	pituitary neoplasms	circulation
hsa-mir-16-1	pituitary neoplasms	genetics
hsa-mir-16-1	polycythemia vera	circulation
hsa-mir-16-1	prostate neoplasms	genetics
hsa-mir-16-1	prostate neoplasms	target
hsa-mir-16-1	prostate neoplasms	tissue
hsa-mir-16-1	retinoblastoma	target
hsa-mir-16-1	sepsis	circulation
hsa-mir-16-1	spinal cord injuries	tissue
hsa-mir-16-1	urinary bladder cancer	tissue
hsa-mir-16-2	acute lung injury	tissue
hsa-mir-16-2	breast neoplasms	circulation
hsa-mir-16-2	breast neoplasms	target
hsa-mir-16-2	carcinoma, adrenocortical	tissue
hsa-mir-16-2	carcinoma, hepatocellular	circulation
hsa-mir-16-2	carcinoma, hepatocellular	target
hsa-mir-16-2	carcinoma, hepatocellular	tissue
hsa-mir-16-2	carcinoma, renal cell	tissue
hsa-mir-16-2	colorectal carcinoma	target
hsa-mir-16-2	crohn disease	circulation
hsa-mir-16-2	fatty liver, alcoholic	circulation
hsa-mir-16-2	glioblastoma	tissue
hsa-mir-16-2	glioma	target
hsa-mir-16-2	heart failure	tissue
hsa-mir-16-2	laryngeal neoplasms	target
hsa-mir-16-2	leukemia	tissue
hsa-mir-16-2	leukemia, lymphocytic, chronic, b-cell	epigenetics
hsa-mir-16-2	leukemia, lymphocytic, chronic, b-cell	genetics
hsa-mir-16-2	leukemia, lymphocytic, chronic, b-cell	target
hsa-mir-16-2	leukemia, lymphocytic, chronic, b-cell	tissue
hsa-mir-16-2	leukemia-lymphoma, adult t-cell	circulation
hsa-mir-16-2	liver failure	target
hsa-mir-16-2	lymphoma	tissue
hsa-mir-16-2	melanoma	tissue
hsa-mir-16-2	multiple myeloma	genetics
hsa-mir-16-2	multiple myeloma	target
hsa-mir-16-2	myelodysplastic syndromes	circulation
hsa-mir-16-2	odontogenic tumors	target
hsa-mir-16-2	osteosarcoma	target
hsa-mir-16-2	osteosarcoma	tissue
hsa-mir-16-2	ovarian neoplasms	target
hsa-mir-16-2	pancreatic neoplasms	target
hsa-mir-16-2	parkinson disease	circulation
hsa-mir-16-2	patau syndrome	target
hsa-mir-16-2	pituitary adenoma	tissue
hsa-mir-16-2	pituitary neoplasms	circulation
hsa-mir-16-2	polycythemia vera	circulation
hsa-mir-16-2	prostate neoplasms	target
hsa-mir-16-2	prostate neoplasms	tissue
hsa-mir-16-2	retinoblastoma	target
hsa-mir-16-2	sepsis	circulation
hsa-mir-16-2	spinal cord injuries	tissue
hsa-mir-16-2	urinary bladder cancer	tissue
hsa-mir-17	adenocarcinoma, lung	target
hsa-mir-17	adenovirus infection	tissue
hsa-mir-17	age-related macular degeneration	circulation
hsa-mir-17	atherosclerosis	circulation
hsa-mir-17	atherosclerosis	target
hsa-mir-17	atrial fibrillation	genetics
hsa-mir-17	azoospermia	tissue
hsa-mir-17	breast neoplasms	circulation
hsa-mir-17	breast neoplasms	genetics
hsa-mir-17	breast neoplasms	target
hsa-mir-17	breast neoplasms	tissue
hsa-mir-17	bronchopulmonary dysplasia	circulation
hsa-mir-17	bronchopulmonary dysplasia	epigenetics
hsa-mir-17	carcinoma, adrenocortical	tissue
hsa-mir-17	carcinoma, basal cell	tissue
hsa-mir-17	carcinoma, breast	target
hsa-mir-17	carcinoma, hepatocellular	circulation
hsa-mir-17	carcinoma, hepatocellular	genetics
hsa-mir-17	carcinoma, hepatocellular	target
hsa-mir-17	carcinoma, hepatocellular	tissue
hsa-mir-17	cholangiocarcinoma	target
hsa-mir-17	chronic kidney disease	tissue
hsa-mir-17	colon neoplasms	genetics
hsa-mir-17	colon neoplasms	target
hsa-mir-17	colon neoplasms	tissue
hsa-mir-17	colorectal carcinoma	circulation
hsa-mir-17	colorectal carcinoma	epigenetics
hsa-mir-17	colorectal carcinoma	target
hsa-mir-17	colorectal carcinoma	tissue
hsa-mir-17	coronary artery disease	circulation
hsa-mir-17	coronary artery disease	target
hsa-mir-17	cystic fibrosis	target
hsa-mir-17	diabetes mellitus	target
hsa-mir-17	diabetes mellitus, type 2	target
hsa-mir-17	encephalomyelitis	target
hsa-mir-17	endometriosis	circulation
hsa-mir-17	endometriosis	target
hsa-mir-17	endometriosis	tissue
hsa-mir-17	ependymoma	tissue
hsa-mir-17	epilepsy	target
hsa-mir-17	gastrointestinal neoplasms	tissue
hsa-mir-17	gastrointestinal stromal tumor	target
hsa-mir-17	glioblastoma	target
hsa-mir-17	glioblastoma	tissue
hsa-mir-17	glioma	target
hsa-mir-17	glioma	tissue
hsa-mir-17	heart failure	tissue
hsa-mir-17	hemangiosarcoma	target
hsa-mir-17	hematologic neoplasms	genetics
hsa-mir-17	hepatoblastoma	tissue
hsa-mir-17	hypertension	circulation
hsa-mir-17	inflammation	target
hsa-mir-17	inflammation	tissue
hsa-mir-17	influenza	circulation
hsa-mir-17	kidney neoplasms	circulation
hsa-mir-17	leukemia	circulation
hsa-mir-17	leukemia	genetics
hsa-mir-17	leukemia	target
hsa-mir-17	leukemia	tissue
hsa-mir-17	leukemia, b-cell	circulation
hsa-mir-17	leukemia, b-cell	tissue
hsa-mir-17	leukemia, lymphoblastic, acute	circulation
hsa-mir-17	leukemia, lymphoblastic, acute	target
hsa-mir-17	leukemia, lymphocytic, chronic, b-cell	genetics
hsa-mir-17	leukemia, lymphocytic, chronic, b-cell	target
hsa-mir-17	leukemia, myeloid	circulation
hsa-mir-17	leukemia, myeloid	target
hsa-mir-17	leukemia, myeloid, acute	epigenetics
hsa-mir-17	leukemia, myeloid, acute	target
hsa-mir-17	leukemia-lymphoma, adult t-cell	target
hsa-mir-17	leukemia-lymphoma, adult t-cell	tissue
hsa-mir-17	lung neoplasms	circulation
hsa-mir-17	lung neoplasms	genetics
hsa-mir-17	lung neoplasms	target
hsa-mir-17	lung neoplasms	tissue
hsa-mir-17	lymphoma	circulation
hsa-mir-17	lymphoma	genetics
hsa-mir-17	lymphoma	target
hsa-mir-17	lymphoma	tissue
hsa-mir-17	lymphoma, b-cell	circulation
hsa-mir-17	lymphoma, b-cell	target
hsa-mir-17	lymphoma, b-cell	tissue
hsa-mir-17	lymphoma, large b-cell, diffuse	circulation
hsa-mir-17	lymphoma, large b-cell, diffuse	target
hsa-mir-17	lymphoma, large b-cell, diffuse	tissue
hsa-mir-17	lymphoma, large-cell, anaplastic	circulation
hsa-mir-17	lymphoma, mantle-cell	target
hsa-mir-17	lymphoma, t-cell	tissue
hsa-mir-17	macular degeneration	genetics
hsa-mir-17	medulloblastoma	genetics
hsa-mir-17	medulloblastoma	target
hsa-mir-17	melanoma	circulation
hsa-mir-17	melanoma	genetics
hsa-mir-17	melanoma	target
hsa-mir-17	melanoma	tissue
hsa-mir-17	mesothelioma	genetics
hsa-mir-17	mesothelioma	tissue
hsa-mir-17	multiple myeloma	circulation
hsa-mir-17	multiple myeloma	target
hsa-mir-17	multiple sclerosis	genetics
hsa-mir-17	multiple sclerosis	target
hsa-mir-17	multiple sclerosis	tissue
hsa-mir-17	myelodysplastic syndromes	target
hsa-mir-17	myocardial infarction	circulation
hsa-mir-17	myocardial infarction	target
hsa-mir-17	nasopharyngeal neoplasms	circulation
hsa-mir-17	neuroblastoma	target
hsa-mir-17	obesity	circulation
hsa-mir-17	osteosarcoma	genetics
hsa-mir-17	osteosarcoma	target
hsa-mir-17	osteosarcoma	tissue
hsa-mir-17	ovarian neoplasms	genetics
hsa-mir-17	ovarian neoplasms	target
hsa-mir-17	ovarian neoplasms	tissue
hsa-mir-17	pancreatic neoplasms	target
hsa-mir-17	pancreatic neoplasms	tissue
hsa-mir-17	periodontitis	tissue
hsa-mir-17	preeclampsia	circulation
hsa-mir-17	preeclampsia	target
hsa-mir-17	prolactinoma	tissue
hsa-mir-17	prostate neoplasms	target
hsa-mir-17	prostate neoplasms	tissue
hsa-mir-17	rectal neoplasms	target
hsa-mir-17	retinoblastoma	tissue
hsa-mir-17	salivary gland neoplasms	tissue
hsa-mir-17	stroke	tissue
hsa-mir-17	tuberculosis	tissue
hsa-mir-17	urinary bladder cancer	target
hsa-mir-17	urinary bladder cancer	tissue
hsa-mir-18	atrial fibrillation	genetics
hsa-mir-18	breast neoplasms	genetics
hsa-mir-18	bronchopulmonary dysplasia	epigenetics
hsa-mir-18	carcinoma, hepatocellular	target
hsa-mir-18	cholangiocarcinoma	target
hsa-mir-18	colon neoplasms	tissue
hsa-mir-18	colorectal carcinoma	circulation
hsa-mir-18	colorectal carcinoma	target
hsa-mir-18	colorectal carcinoma	tissue
hsa-mir-18	gastrointestinal neoplasms	tissue
hsa-mir-18	gastrointestinal stromal tumor	target
hsa-mir-18	inflammation	tissue
hsa-mir-18	leukemia	circulation
hsa-mir-18	leukemia	target
hsa-mir-18	leukemia, lymphoblastic, acute	circulation
hsa-mir-18	leukemia, lymphocytic, chronic, b-cell	target
hsa-mir-18	leukemia, myeloid, acute	epigenetics
hsa-mir-18	liver neoplasms	target
hsa-mir-18	lymphoma	target
hsa-mir-18	lymphoma, b-cell	target
hsa-mir-18	lymphoma, large b-cell, diffuse	circulation
hsa-mir-18	lymphoma, large b-cell, diffuse	target
hsa-mir-18	multiple myeloma	target
hsa-mir-18	neuroblastoma	target
hsa-mir-18	osteosarcoma	genetics
hsa-mir-18	prostate neoplasms	tissue
hsa-mir-18	rectal neoplasms	target
hsa-mir-18	retinoblastoma	tissue
hsa-mir-18	stroke	tissue
hsa-mir-181a	acute lung injury	target
hsa-mir-181a	atherosclerosis	genetics
hsa-mir-181a	atherosclerosis	target
hsa-mir-181a	breast neoplasms	target
hsa-mir-181a	breast neoplasms	tissue
hsa-mir-181a	carcinoma, adenoid cystic	tissue
hsa-mir-181a	carcinoma, breast	target
hsa-mir-181a	carcinoma, hepatocellular	genetics
hsa-mir-181a	carcinoma, hepatocellular	target
hsa-mir-181a	carcinoma, hepatocellular	tissue
hsa-mir-181a	carcinoma, nasopharyngeal	target
hsa-mir-181a	carcinoma, renal cell	target
hsa-mir-181a	cardiomegaly	genetics
hsa-mir-181a	cerebral cavernous malformations	tissue
hsa-mir-181a	chronic kidney disease	target
hsa-mir-181a	colon neoplasms	tissue
hsa-mir-181a	colorectal carcinoma	target
hsa-mir-181a	colorectal carcinoma	tissue
hsa-mir-181a	congenital heart diseases	target
hsa-mir-181a	diabetes mellitus, type 1	circulation
hsa-mir-181a	diabetes mellitus, type 1	tissue
hsa-mir-181a	glioblastoma	target
hsa-mir-181a	glioblastoma	tissue
hsa-mir-181a	glioma	target
hsa-mir-181a	glioma	tissue
hsa-mir-181a	heart failure	tissue
hsa-mir-181a	inflammation	target
hsa-mir-181a	leukemia	circulation
hsa-mir-181a	leukemia	genetics
hsa-mir-181a	leukemia	target
hsa-mir-181a	leukemia	tissue
hsa-mir-181a	leukemia, lymphoblastic, acute	circulation
hsa-mir-181a	leukemia, lymphoblastic, acute	target
hsa-mir-181a	leukemia, lymphocytic, chronic, b-cell	circulation
hsa-mir-181a	leukemia, myelogenous, chronic, bcr-abl positive	target
hsa-mir-181a	leukemia, myeloid, acute	circulation
hsa-mir-181a	leukemia, myeloid, acute	genetics
hsa-mir-181a	leukemia, promyelocytic, acute	tissue
hsa-mir-181a	lung neoplasms	tissue
hsa-mir-181a	lymphoma, b-cell	circulation
hsa-mir-181a	multiple myeloma	circulation
hsa-mir-181a	multiple myeloma	target
hsa-mir-181a	myocardial infarction	target
hsa-mir-181a	osteoarthritis	circulation
hsa-mir-181a	osteoarthritis	target
hsa-mir-181a	osteoporosis	target
hsa-mir-181a	osteosarcoma	target
hsa-mir-181a	ovarian neoplasms	tissue
hsa-mir-181a	pituitary adenoma	tissue
hsa-mir-181a	preeclampsia	target
hsa-mir-181a	prostate neoplasms	tissue
hsa-mir-181a	sjogren syndrome	circulation
hsa-mir-181a	squamous cell carcinoma	tissue
hsa-mir-181a	stroke	target
hsa-mir-181a	thyroid neoplasms	target
hsa-mir-181a-1	lymphoma, b-cell	tissue
hsa-mir-181a-1	lymphoma, t-cell	tissue
hsa-mir-181a-1	melanoma	tissue
hsa-mir-181a-1	multiple myeloma	circulation
hsa-mir-181a-1	myelodysplastic syndromes	circulation
hsa-mir-181a-1	myelodysplastic syndromes	tissue
hsa-mir-181a-1	osteoarthritis	tissue
hsa-mir-181a-1	osteosarcoma	tissue
hsa-mir-181a-1	preeclampsia	circulation
hsa-mir-181a-1	squamous cell carcinoma, head and neck	tissue
hsa-mir-181a-1	thyroid neoplasms	circulation
hsa-mir-181a-1	urinary bladder cancer	target
hsa-mir-181a-2	asthenozoospermia	tissue
hsa-mir-181a-2	breast neoplasms	circulation
hsa-mir-181a-2	breast neoplasms	tissue
hsa-mir-181a-2	carcinoma, hepatocellular	epigenetics
hsa-mir-181a-2	carcinoma, hepatocellular	target
hsa-mir-181a-2	cardiomyopathy, hypertrophic	tissue
hsa-mir-181a-2	colorectal carcinoma	tissue
hsa-mir-181a-2	coronary artery disease	tissue
hsa-mir-181a-2	head and neck neoplasms	tissue
hsa-mir-181a-2	hepatitis b virus infection	tissue
hsa-mir-181a-2	ischemia	target
hsa-mir-181a-2	leukemia	circulation
hsa-mir-181a-2	leukemia	target
hsa-mir-181a-2	leukemia, lymphocytic, chronic, b-cell	circulation
hsa-mir-181a-2	leukemia, lymphocytic, chronic, b-cell	target
hsa-mir-181a-2	leukemia, myeloid, acute	circulation
hsa-mir-181a-2	leukemia, myeloid, acute	target
hsa-mir-181a-2	leukemia, promyelocytic, acute	circulation
hsa-mir-181a-2	liver cirrhosis	target
hsa-mir-181a-2	lung neoplasms	tissue
hsa-mir-181a-2	lymphoma	circulation
hsa-mir-181a-2	lymphoma, b-cell	tissue
hsa-mir-181a-2	lymphoma, t-cell	tissue
hsa-mir-181a-2	melanoma	circulation
hsa-mir-181a-2	melanoma	tissue
hsa-mir-181a-2	multiple myeloma	circulation
hsa-mir-181a-2	myelodysplastic syndromes	circulation
hsa-mir-181a-2	myelodysplastic syndromes	tissue
hsa-mir-181a-2	osteoarthritis	tissue
hsa-mir-181a-2	osteosarcoma	tissue
hsa-mir-181a-2	peripheral vascular disease	circulation
hsa-mir-181a-2	preeclampsia	circulation
hsa-mir-181a-2	squamous cell carcinoma, head and neck	tissue
hsa-mir-181a-2	urinary bladder cancer	target
hsa-mir-181b	acute lung injury	target
hsa-mir-181b	adenovirus infection	tissue
hsa-mir-181b	atherosclerosis	circulation
hsa-mir-181b	atherosclerosis	genetics
hsa-mir-181b	atherosclerosis	target
hsa-mir-181b	breast neoplasms	circulation
hsa-mir-181b	breast neoplasms	target
hsa-mir-181b	breast neoplasms	tissue
hsa-mir-181b	carcinoma, breast	tissue
hsa-mir-181b	carcinoma, hepatocellular	target
hsa-mir-181b	colorectal carcinoma	circulation
hsa-mir-181b	colorectal carcinoma	target
hsa-mir-181b	diabetic cardiomyopathies	circulation
hsa-mir-181b	glioblastoma	target
hsa-mir-181b	glioblastoma	tissue
hsa-mir-181b	glioma	target
hsa-mir-181b	hepatitis b virus infection	circulation
hsa-mir-181b	inflammation	target
hsa-mir-181b	inflammation	tissue
hsa-mir-181b	leukemia, lymphocytic, chronic, b-cell	circulation
hsa-mir-181b	leukemia, myeloid, acute	target
hsa-mir-181b	liver cirrhosis	target
hsa-mir-181b	lymphoma, t-cell	epigenetics
hsa-mir-181b	multiple myeloma	circulation
hsa-mir-181b	mycosis fungoides	tissue
hsa-mir-181b	obesity	circulation
hsa-mir-181b	oral leukoplakia	tissue
hsa-mir-181b	osteosarcoma	target
hsa-mir-181b	ovarian neoplasms	target
hsa-mir-181b	pancreatic neoplasms	target
hsa-mir-181b	pituitary adenoma	tissue
hsa-mir-181b	prostate neoplasms	target
hsa-mir-181b	psoriasis	target
hsa-mir-181b	retinoblastoma	target
hsa-mir-181b	squamous cell carcinoma	tissue
hsa-mir-181b	stroke, ischemic	target
hsa-mir-181b-1	adenovirus infection	tissue
hsa-mir-181b-1	astrocytoma	tissue
hsa-mir-181b-1	breast neoplasms	tissue
hsa-mir-181b-1	carcinoma, hepatocellular	epigenetics
hsa-mir-181b-1	carcinoma, hepatocellular	target
hsa-mir-181b-1	cardiomyopathy, hypertrophic	tissue
hsa-mir-181b-1	colorectal carcinoma	circulation
hsa-mir-181b-1	glioblastoma	tissue
hsa-mir-181b-1	glioma	target
hsa-mir-181b-1	head and neck neoplasms	tissue
hsa-mir-181b-1	hepatitis b virus infection	tissue
hsa-mir-181b-1	inflammation	epigenetics
hsa-mir-181b-1	leukemia, lymphoblastic, acute	circulation
hsa-mir-181b-1	leukemia, lymphocytic, chronic, b-cell	circulation
hsa-mir-181b-1	leukemia, lymphocytic, chronic, b-cell	target
hsa-mir-181b-1	leukemia, myeloid, acute	circulation
hsa-mir-181b-1	leukemia, promyelocytic, acute	circulation
hsa-mir-181b-1	liver cirrhosis	target
hsa-mir-181b-1	lung neoplasms	target
hsa-mir-181b-1	medulloblastoma	tissue
hsa-mir-181b-1	osteosarcoma	tissue
hsa-mir-181b-1	pancreatic neoplasms	tissue
hsa-mir-181b-1	periodontitis	tissue
hsa-mir-181b-1	prostate neoplasms	tissue
hsa-mir-181b-1	retinoblastoma	tissue
hsa-mir-181b-1	squamous cell carcinoma, head and neck	tissue
hsa-mir-181b-1	tuberculosis, pulmonary	tissue
hsa-mir-181b-2	adenovirus infection	tissue
hsa-mir-181b-2	astrocytoma	tissue
hsa-mir-181b-2	breast neoplasms	tissue
hsa-mir-181b-2	carcinoma, hepatocellular	epigenetics
hsa-mir-181b-2	carcinoma, hepatocellular	target
hsa-mir-181b-2	cardiomyopathy, hypertrophic	tissue
hsa-mir-181b-2	glioblastoma	tissue
hsa-mir-181b-2	glioma	target
hsa-mir-181b-2	head and neck neoplasms	tissue
hsa-mir-181b-2	hepatitis b virus infection	tissue
hsa-mir-181b-2	leukemia, lymphocytic, chronic, b-cell	circulation
hsa-mir-181b-2	leukemia, lymphocytic, chronic, b-cell	target
hsa-mir-181b-2	leukemia, myeloid, acute	circulation
hsa-mir-181b-2	leukemia, promyelocytic, acute	circulation
hsa-mir-181b-2	liver cirrhosis	target
hsa-mir-181b-2	lung neoplasms	target
hsa-mir-181b-2	medulloblastoma	tissue
hsa-mir-181b-2	myelodysplastic syndromes	circulation
hsa-mir-181b-2	osteosarcoma	tissue
hsa-mir-181b-2	pancreatic neoplasms	tissue
hsa-mir-181b-2	periodontitis	tissue
hsa-mir-181b-2	retinoblastoma	tissue
hsa-mir-181b-2	squamous cell carcinoma, head and neck	tissue
hsa-mir-181b-2	tuberculosis, pulmonary	tissue
hsa-mir-181b-2	urinary bladder cancer	genetics
hsa-mir-181c	breast neoplasms	target
hsa-mir-181c	carcinoma, basal cell	tissue
hsa-mir-181c	carcinoma, hepatocellular	epigenetics
hsa-mir-181c	carcinoma, hepatocellular	target
hsa-mir-181c	carcinoma, hepatocellular	tissue
hsa-mir-181c	cholangiocarcinoma	circulation
hsa-mir-181c	diabetes mellitus	target
hsa-mir-181c	epilepsy	circulation
hsa-mir-181c	glioblastoma	epigenetics
hsa-mir-181c	glioblastoma	target
hsa-mir-181c	glioblastoma	tissue
hsa-mir-181c	leukemia, lymphocytic, chronic, b-cell	circulation
hsa-mir-181c	leukemia, myeloid, acute	circulation
hsa-mir-181c	lung neoplasms	target
hsa-mir-181c	lung neoplasms	tissue
hsa-mir-181c	machado-joseph disease	target
hsa-mir-181c	medulloblastoma	tissue
hsa-mir-181c	myasthenia gravis	circulation
hsa-mir-181c	myelodysplastic syndromes	circulation
hsa-mir-181c	neuroblastoma	target
hsa-mir-181c	osteosarcoma	tissue
hsa-mir-181c	pancreatic neoplasms	target
hsa-mir-181c	prostate neoplasms	tissue
hsa-mir-181d	carcinoma, adenoid cystic	tissue
hsa-mir-181d	carcinoma, basal cell	tissue
hsa-mir-181d	carcinoma, hepatocellular	epigenetics
hsa-mir-181d	carcinoma, hepatocellular	target
hsa-mir-181d	glioblastoma	target
hsa-mir-181d	glioblastoma	tissue
hsa-mir-181d	glioma	target
hsa-mir-181d	head and neck neoplasms	tissue
hsa-mir-181d	leukemia, myeloid, acute	circulation
hsa-mir-181d	leukemia, promyelocytic, acute	circulation
hsa-mir-181d	medulloblastoma	tissue
hsa-mir-181d	myelodysplastic syndromes	circulation
hsa-mir-181d	osteosarcoma	target
hsa-mir-181d	ovarian neoplasms	tissue
hsa-mir-181d	pancreatic neoplasms	circulation
hsa-mir-181d	pituitary adenoma	tissue
hsa-mir-181d	prostate neoplasms	tissue
hsa-mir-181d	squamous cell carcinoma, head and neck	tissue
hsa-mir-182	acute kidney failure	target
hsa-mir-182	acute lung injury	circulation
hsa-mir-182	adenocarcinoma, lung	target
hsa-mir-182	adenocarcinoma, lung	tissue
hsa-mir-182	amyotrophic lateral sclerosis	tissue
hsa-mir-182	atherosclerosis	circulation
hsa-mir-182	atherosclerosis	target
hsa-mir-182	breast neoplasms	circulation
hsa-mir-182	breast neoplasms	target
hsa-mir-182	breast neoplasms	tissue
hsa-mir-182	carcinoma, basal cell	tissue
hsa-mir-182	carcinoma, breast	circulation
hsa-mir-182	carcinoma, breast	genetics
hsa-mir-182	carcinoma, breast	target
hsa-mir-182	carcinoma, ehrlich tumor	tissue
hsa-mir-182	carcinoma, endometrial	target
hsa-mir-182	carcinoma, endometrial	tissue
hsa-mir-182	carcinoma, hepatocellular	circulation
hsa-mir-182	carcinoma, hepatocellular	target
hsa-mir-182	carcinoma, hepatocellular	tissue
hsa-mir-182	carcinoma, renal cell	target
hsa-mir-182	carcinoma, thyroid	target
hsa-mir-182	colorectal carcinoma	target
hsa-mir-182	colorectal carcinoma	tissue
hsa-mir-182	diabetes mellitus, type 2	circulation
hsa-mir-182	endometrial neoplasms	tissue
hsa-mir-182	epithelioid sarcoma	target
hsa-mir-182	epstein-barr virus infection	tissue
hsa-mir-182	glaucoma	genetics
hsa-mir-182	glioblastoma	circulation
hsa-mir-182	glioblastoma	target
hsa-mir-182	glioma	circulation
hsa-mir-182	glioma	genetics
hsa-mir-182	glioma	target
hsa-mir-182	glioma	tissue
hsa-mir-182	heart failure	circulation
hsa-mir-182	heart failure	target
hsa-mir-182	heart failure	tissue
hsa-mir-182	inflammation	target
hsa-mir-182	leukemia, myeloid, acute	target
hsa-mir-182	leukemia, promyelocytic, acute	target
hsa-mir-182	liver neoplasms	target
hsa-mir-182	lung neoplasms	circulation
hsa-mir-182	lung neoplasms	epigenetics
hsa-mir-182	lung neoplasms	target
hsa-mir-182	lung neoplasms	tissue
hsa-mir-182	medulloblastoma	circulation
hsa-mir-182	medulloblastoma	target
hsa-mir-182	melanoma	genetics
hsa-mir-182	melanoma	target
hsa-mir-182	melanoma	tissue
hsa-mir-182	mesothelioma	tissue
hsa-mir-182	metabolic syndrome	target
hsa-mir-182	multiple myeloma	target
hsa-mir-182	myocardial infarction	target
hsa-mir-182	neuroblastoma	tissue
hsa-mir-182	osteosarcoma	genetics
hsa-mir-182	osteosarcoma	target
hsa-mir-182	ovarian neoplasms	genetics
hsa-mir-182	ovarian neoplasms	target
hsa-mir-182	ovarian neoplasms	tissue
hsa-mir-182	pancreatic neoplasms	circulation
hsa-mir-182	pancreatic neoplasms	tissue
hsa-mir-182	polycythemia vera	circulation
hsa-mir-182	preeclampsia	tissue
hsa-mir-182	prostate neoplasms	target
hsa-mir-182	prostate neoplasms	tissue
hsa-mir-182	retinal degeneration	circulation
hsa-mir-182	sepsis	circulation
hsa-mir-182	shock, septic	tissue
hsa-mir-182	soft tissue sarcoma	target
hsa-mir-182	squamous cell carcinoma, head and neck	genetics
hsa-mir-182	squamous cell carcinoma, head and neck	target
hsa-mir-182	urinary bladder cancer	target
hsa-mir-182	urinary bladder cancer	tissue
hsa-mir-1825	chronic kidney disease	circulation
hsa-mir-1825	glioma	circulation
hsa-mir-1825	pancreatic neoplasms	circulation
hsa-mir-1825	prostate neoplasms	circulation
hsa-mir-183	acute lung injury	circulation
hsa-mir-183	adenocarcinoma, lung	target
hsa-mir-183	adenocarcinoma, lung	tissue
hsa-mir-183	amyotrophic lateral sclerosis	tissue
hsa-mir-183	asthma	circulation
hsa-mir-183	astrocytoma	tissue
hsa-mir-183	breast neoplasms	circulation
hsa-mir-183	breast neoplasms	target
hsa-mir-183	breast neoplasms	tissue
hsa-mir-183	carcinoma, basal cell	tissue
hsa-mir-183	carcinoma, breast	genetics
hsa-mir-183	carcinoma, breast	tissue
hsa-mir-183	carcinoma, ehrlich tumor	tissue
hsa-mir-183	carcinoma, endometrial	target
hsa-mir-183	carcinoma, hepatocellular	circulation
hsa-mir-183	carcinoma, hepatocellular	epigenetics
hsa-mir-183	carcinoma, hepatocellular	target
hsa-mir-183	carcinoma, hepatocellular	tissue
hsa-mir-183	carcinoma, nasopharyngeal	genetics
hsa-mir-183	carcinoma, renal cell	target
hsa-mir-183	choriocarcinoma	target
hsa-mir-183	colorectal carcinoma	circulation
hsa-mir-183	colorectal carcinoma	genetics
hsa-mir-183	colorectal carcinoma	tissue
hsa-mir-183	endocrine gland neoplasms	tissue
hsa-mir-183	endometrial neoplasms	tissue
hsa-mir-183	endometriosis	target
hsa-mir-183	epstein-barr virus infection	tissue
hsa-mir-183	esophageal neoplasms	tissue
hsa-mir-183	glioma	circulation
hsa-mir-183	glioma	genetics
hsa-mir-183	glioma	tissue
hsa-mir-183	glomerulonephritis	target
hsa-mir-183	graves disease	target
hsa-mir-183	kidney neoplasms	circulation
hsa-mir-183	kidney neoplasms	target
hsa-mir-183	leukemia	target
hsa-mir-183	lung neoplasms	circulation
hsa-mir-183	lung neoplasms	target
hsa-mir-183	lung neoplasms	tissue
hsa-mir-183	medulloblastoma	circulation
hsa-mir-183	medulloblastoma	target
hsa-mir-183	melanoma	circulation
hsa-mir-183	melanoma	target
hsa-mir-183	melanoma	tissue
hsa-mir-183	neuroblastoma	target
hsa-mir-183	neuropathic pain	genetics
hsa-mir-183	osteoarthritis	tissue
hsa-mir-183	osteosarcoma	target
hsa-mir-183	ovarian neoplasms	target
hsa-mir-183	ovarian neoplasms	tissue
hsa-mir-183	pancreatic neoplasms	target
hsa-mir-183	pancreatic neoplasms	tissue
hsa-mir-183	pheochromocytoma	tissue
hsa-mir-183	prostate neoplasms	target
hsa-mir-183	prostate neoplasms	tissue
hsa-mir-183	retinal degeneration	circulation
hsa-mir-183	retinitis pigmentosa	tissue
hsa-mir-183	retinoblastoma	target
hsa-mir-183	thyroid neoplasms	tissue
hsa-mir-183	tuberculosis	circulation
hsa-mir-183	urinary bladder cancer	circulation
hsa-mir-183	urinary bladder cancer	target
hsa-mir-183	urinary bladder cancer	tissue
hsa-mir-184	carcinoma, hepatocellular	target
hsa-mir-184	carcinoma, nasopharyngeal	target
hsa-mir-184	carcinoma, renal cell	genetics
hsa-mir-184	carcinosarcoma	tissue
hsa-mir-184	cardiomyopathy, hypertrophic	tissue
hsa-mir-184	glaucoma	circulation
hsa-mir-184	glaucoma	tissue
hsa-mir-184	glioblastoma	tissue
hsa-mir-184	glioma	target
hsa-mir-184	glioma	tissue
hsa-mir-184	lung neoplasms	tissue
hsa-mir-184	lupus vulgaris	circulation
hsa-mir-184	lymphoma	tissue
hsa-mir-184	nasopharyngeal neoplasms	target
hsa-mir-184	ovarian neoplasms	target
hsa-mir-184	retinal neovascularization	genetics
hsa-mir-184	retinal neovascularization	tissue
hsa-mir-184	squamous cell carcinoma	genetics
hsa-mir-184	squamous cell carcinoma	target
hsa-mir-184	squamous cell carcinoma, head and neck	genetics
hsa-mir-184	tongue neoplasms	circulation
hsa-mir-184	waldenstrom macroglobulinemia	circulation
hsa-mir-185	arrhythmia	circulation
hsa-mir-185	asthma	tissue
hsa-mir-185	breast neoplasms	target
hsa-mir-185	breast neoplasms	tissue
hsa-mir-185	carcinoma, breast	target
hsa-mir-185	carcinoma, hepatocellular	target
hsa-mir-185	carcinoma, nasopharyngeal	target
hsa-mir-185	carcinoma, renal cell	tissue
hsa-mir-185	colorectal carcinoma	target
hsa-mir-185	colorectal carcinoma	tissue
hsa-mir-185	congenital microtia	target
hsa-mir-185	diabetes mellitus	target
hsa-mir-185	digeorge syndrome	tissue
hsa-mir-185	esophageal neoplasms	target
hsa-mir-185	glioma	circulation
hsa-mir-185	glioma	epigenetics
hsa-mir-185	hearing loss	circulation
hsa-mir-185	hepatitis b virus infection	tissue
hsa-mir-185	idiopathic pulmonary fibrosis	genetics
hsa-mir-185	lung neoplasms	target
hsa-mir-185	lupus vulgaris	circulation
hsa-mir-185	melanoma	circulation
hsa-mir-185	melanoma	target
hsa-mir-185	myasthenia gravis	circulation
hsa-mir-185	ovarian neoplasms	target
hsa-mir-185	prostate neoplasms	target
hsa-mir-185	squamous cell carcinoma	target
hsa-mir-186	amyotrophic lateral sclerosis	tissue
hsa-mir-186	carcinoma, hepatocellular	target
hsa-mir-186	colorectal carcinoma	target
hsa-mir-186	endometrial neoplasms	tissue
hsa-mir-186	focal segmental glomerulosclerosis	circulation
hsa-mir-186	glioma	tissue
hsa-mir-186	heart failure	tissue
hsa-mir-186	hepatitis b virus infection	tissue
hsa-mir-186	hiv-associated lipodystrophy	tissue
hsa-mir-186	idiopathic pulmonary fibrosis	genetics
hsa-mir-186	leukemia, lymphocytic, chronic, b-cell	circulation
hsa-mir-186	lung neoplasms	target
hsa-mir-186	lung neoplasms	tissue
hsa-mir-186	medulloblastoma	genetics
hsa-mir-186	melanoma	circulation
hsa-mir-186	melanoma	target
hsa-mir-186	multiple myeloma	target
hsa-mir-186	myocardial infarction	circulation
hsa-mir-186	myocardial infarction	target
hsa-mir-186	myocardial infarction	tissue
hsa-mir-186	ovarian neoplasms	target
hsa-mir-186	pancreatic neoplasms	tissue
hsa-mir-186	peritoneal neoplasms	tissue
hsa-mir-187	adenocarcinoma, lung	tissue
hsa-mir-187	asthma	tissue
hsa-mir-187	carcinoma, hepatocellular	target
hsa-mir-187	carcinoma, hepatocellular	tissue
hsa-mir-187	colorectal carcinoma	target
hsa-mir-187	diabetes mellitus, type 2	target
hsa-mir-187	leukemia, lymphocytic, chronic, b-cell	genetics
hsa-mir-187	lung neoplasms	target
hsa-mir-187	ovarian neoplasms	target
hsa-mir-187	ovarian neoplasms	tissue
hsa-mir-187	prostate neoplasms	target
hsa-mir-187	prostate neoplasms	tissue
hsa-mir-188	carcinoma, hepatocellular	target
hsa-mir-188	diabetic nephropathy	target
hsa-mir-188	glioma	target
hsa-mir-188	preeclampsia	circulation
hsa-mir-188	prostate neoplasms	target
hsa-mir-188	rectal neoplasms	tissue
hsa-mir-188	salivary gland neoplasms	tissue
hsa-mir-18a	adenocarcinoma, colon	target
hsa-mir-18a	adenocarcinoma, lung	genetics
hsa-mir-18a	adenovirus infection	tissue
hsa-mir-18a	asthma	tissue
hsa-mir-18a	azoospermia	tissue
hsa-mir-18a	breast neoplasms	genetics
hsa-mir-18a	breast neoplasms	target
hsa-mir-18a	breast neoplasms	tissue
hsa-mir-18a	carcinoma, basal cell	tissue
hsa-mir-18a	carcinoma, breast	target
hsa-mir-18a	carcinoma, hepatocellular	circulation
hsa-mir-18a	carcinoma, hepatocellular	genetics
hsa-mir-18a	carcinoma, hepatocellular	target
hsa-mir-18a	carcinoma, hepatocellular	tissue
hsa-mir-18a	colon neoplasms	genetics
hsa-mir-18a	colon neoplasms	tissue
hsa-mir-18a	colorectal carcinoma	circulation
hsa-mir-18a	colorectal carcinoma	epigenetics
hsa-mir-18a	colorectal carcinoma	target
hsa-mir-18a	colorectal carcinoma	tissue
hsa-mir-18a	coronary artery disease	target
hsa-mir-18a	cystic fibrosis	circulation
hsa-mir-18a	diabetes mellitus, type 2	tissue
hsa-mir-18a	glioblastoma	target
hsa-mir-18a	glioma	target
hsa-mir-18a	glioma	tissue
hsa-mir-18a	head and neck neoplasms	tissue
hsa-mir-18a	heart failure	target
hsa-mir-18a	hemangiosarcoma	target
hsa-mir-18a	hematologic neoplasms	genetics
hsa-mir-18a	hepatoblastoma	tissue
hsa-mir-18a	leukemia	target
hsa-mir-18a	leukemia, b-cell	circulation
hsa-mir-18a	leukemia, b-cell	genetics
hsa-mir-18a	leukemia, b-cell	tissue
hsa-mir-18a	leukemia, lymphoblastic, acute	circulation
hsa-mir-18a	leukemia, lymphocytic, chronic, b-cell	target
hsa-mir-18a	leukemia, myeloid	circulation
hsa-mir-18a	leukemia, myeloid, acute	target
hsa-mir-18a	leukemia-lymphoma, adult t-cell	target
hsa-mir-18a	lung neoplasms	circulation
hsa-mir-18a	lung neoplasms	genetics
hsa-mir-18a	lung neoplasms	target
hsa-mir-18a	lung neoplasms	tissue
hsa-mir-18a	lymphoma	circulation
hsa-mir-18a	lymphoma	tissue
hsa-mir-18a	lymphoma, b-cell	circulation
hsa-mir-18a	lymphoma, b-cell	tissue
hsa-mir-18a	lymphoma, large-cell, anaplastic	circulation
hsa-mir-18a	lymphoma, mantle-cell	target
hsa-mir-18a	lymphoma, t-cell	tissue
hsa-mir-18a	medulloblastoma	target
hsa-mir-18a	melanoma	circulation
hsa-mir-18a	melanoma	genetics
hsa-mir-18a	melanoma	tissue
hsa-mir-18a	mesothelioma	target
hsa-mir-18a	mesothelioma	tissue
hsa-mir-18a	multiple myeloma	circulation
hsa-mir-18a	muscle atrophy	target
hsa-mir-18a	nasopharyngeal neoplasms	tissue
hsa-mir-18a	neuroblastoma	target
hsa-mir-18a	obesity	tissue
hsa-mir-18a	osteonecrosis	tissue
hsa-mir-18a	osteosarcoma	target
hsa-mir-18a	osteosarcoma	tissue
hsa-mir-18a	ovarian neoplasms	genetics
hsa-mir-18a	ovarian neoplasms	target
hsa-mir-18a	ovarian neoplasms	tissue
hsa-mir-18a	pancreatic neoplasms	circulation
hsa-mir-18a	preeclampsia	circulation
hsa-mir-18a	prostate neoplasms	genetics
hsa-mir-18a	prostate neoplasms	target
hsa-mir-18a	pterygium	tissue
hsa-mir-18a	retinoblastoma	circulation
hsa-mir-18a	retinoblastoma	target
hsa-mir-18a	squamous cell carcinoma, head and neck	circulation
hsa-mir-18a	urinary bladder cancer	genetics
hsa-mir-18a	urinary bladder cancer	target
hsa-mir-18a	urinary bladder cancer	tissue
hsa-mir-18b	adenovirus infection	tissue
hsa-mir-18b	breast neoplasms	circulation
hsa-mir-18b	breast neoplasms	target
hsa-mir-18b	breast neoplasms	tissue
hsa-mir-18b	carcinoma, basal cell	tissue
hsa-mir-18b	carcinoma, hepatocellular	target
hsa-mir-18b	carcinoma, hepatocellular	tissue
hsa-mir-18b	carcinoma, nasopharyngeal	tissue
hsa-mir-18b	colon neoplasms	tissue
hsa-mir-18b	colorectal carcinoma	epigenetics
hsa-mir-18b	endometrial neoplasms	epigenetics
hsa-mir-18b	gastrointestinal neoplasms	epigenetics
hsa-mir-18b	glioma	tissue
hsa-mir-18b	head and neck neoplasms	tissue
hsa-mir-18b	heart failure	target
hsa-mir-18b	leukemia, promyelocytic, acute	target
hsa-mir-18b	lung neoplasms	tissue
hsa-mir-18b	lymphoma	circulation
hsa-mir-18b	melanoma	genetics
hsa-mir-18b	polycystic ovarian syndrome	tissue
hsa-mir-18b	preeclampsia	circulation
hsa-mir-18b	rectal neoplasms	circulation
hsa-mir-19	atrial fibrillation	tissue
hsa-mir-19	carcinoma, breast	target
hsa-mir-19	colorectal carcinoma	tissue
hsa-mir-19	crohn disease	circulation
hsa-mir-19	glioma	target
hsa-mir-19	leukemia-lymphoma, adult t-cell	tissue
hsa-mir-19	osteosarcoma	target
hsa-mir-19	pancreatic neoplasms	target
hsa-mir-19	prostate neoplasms	circulation
hsa-mir-1908	atherosclerosis	circulation
hsa-mir-1908	borna disease	tissue
hsa-mir-1908	chordoma	tissue
hsa-mir-1908	obesity	target
hsa-mir-1908	osteosarcoma	target
hsa-mir-191	adenovirus infection	tissue
hsa-mir-191	aortic aneurysm, abdominal	circulation
hsa-mir-191	breast neoplasms	target
hsa-mir-191	breast neoplasms	tissue
hsa-mir-191	carcinoma, breast	epigenetics
hsa-mir-191	carcinoma, breast	target
hsa-mir-191	carcinoma, breast	tissue
hsa-mir-191	carcinoma, hepatocellular	epigenetics
hsa-mir-191	carcinoma, hepatocellular	target
hsa-mir-191	colon neoplasms	tissue
hsa-mir-191	colorectal carcinoma	circulation
hsa-mir-191	colorectal carcinoma	target
hsa-mir-191	crohn disease	circulation
hsa-mir-191	diabetes mellitus, type 2	circulation
hsa-mir-191	diabetes mellitus, type 2	target
hsa-mir-191	endometriosis	target
hsa-mir-191	hepatoblastoma	tissue
hsa-mir-191	hiv-associated lipodystrophy	tissue
hsa-mir-191	liver neoplasms	circulation
hsa-mir-191	lung neoplasms	tissue
hsa-mir-191	melanoma	tissue
hsa-mir-191	multiple sclerosis	circulation
hsa-mir-191	neuroendocrine tumors	tissue
hsa-mir-191	osteosarcoma	circulation
hsa-mir-191	osteosarcoma	target
hsa-mir-191	ovarian neoplasms	genetics
hsa-mir-191	ovarian neoplasms	target
hsa-mir-191	pancreatic neoplasms	circulation
hsa-mir-191	pancreatic neoplasms	target
hsa-mir-191	pancreatic neoplasms	tissue
hsa-mir-191	pituitary adenoma	tissue
hsa-mir-191	preeclampsia	tissue
hsa-mir-191	prostate neoplasms	tissue
hsa-mir-191	spinal cord injuries	circulation
hsa-mir-191	thyroid neoplasms	target
hsa-mir-1915	breast neoplasms	circulation
hsa-mir-1915	breast neoplasms	tissue
hsa-mir-1915	carcinoma, breast	circulation
hsa-mir-1915	colorectal carcinoma	target
hsa-mir-1915	diabetic nephropathy	target
hsa-mir-1915	focal segmental glomerulosclerosis	circulation
hsa-mir-192	acute kidney failure	circulation
hsa-mir-192	adenocarcinoma, colon	tissue
hsa-mir-192	adenocarcinoma, lung	genetics
hsa-mir-192	adenocarcinoma, lung	target
hsa-mir-192	asthma	tissue
hsa-mir-192	barrett esophagus	tissue
hsa-mir-192	breast neoplasms	target
hsa-mir-192	carcinoma, adrenocortical	tissue
hsa-mir-192	carcinoma, hepatocellular	circulation
hsa-mir-192	carcinoma, hepatocellular	genetics
hsa-mir-192	carcinoma, hepatocellular	target
hsa-mir-192	carcinoma, hepatocellular	tissue
hsa-mir-192	carcinoma, renal cell	tissue
hsa-mir-192	cardiomyopathy, hypertrophic	circulation
hsa-mir-192	cholangiocarcinoma	circulation
hsa-mir-192	choriocarcinoma	circulation
hsa-mir-192	choriocarcinoma	target
hsa-mir-192	colon neoplasms	target
hsa-mir-192	colon neoplasms	tissue
hsa-mir-192	colorectal carcinoma	tissue
hsa-mir-192	crohn disease	target
hsa-mir-192	crohn disease	tissue
hsa-mir-192	diabetes mellitus	circulation
hsa-mir-192	diabetes mellitus, type 1	target
hsa-mir-192	diabetes mellitus, type 2	tissue
hsa-mir-192	diabetic nephropathy	circulation
hsa-mir-192	diabetic nephropathy	tissue
hsa-mir-192	esophageal neoplasms	target
hsa-mir-192	esophageal neoplasms	tissue
hsa-mir-192	heart failure	circulation
hsa-mir-192	heart failure	tissue
hsa-mir-192	hepatitis b virus infection	target
hsa-mir-192	hirschsprung disease	target
hsa-mir-192	inflammation	target
hsa-mir-192	irritable bowel syndrome	tissue
hsa-mir-192	kidney neoplasms	target
hsa-mir-192	laryngeal neoplasms	tissue
hsa-mir-192	lung neoplasms	target
hsa-mir-192	lung neoplasms	tissue
hsa-mir-192	multiple myeloma	target
hsa-mir-192	myasthenia gravis	circulation
hsa-mir-192	nephrosclerosis	tissue
hsa-mir-192	nephrotic syndrome	circulation
hsa-mir-192	neuroblastoma	target
hsa-mir-192	osteosarcoma	target
hsa-mir-192	ovarian neoplasms	tissue
hsa-mir-192	pancreatic neoplasms	circulation
hsa-mir-192	pancreatic neoplasms	tissue
hsa-mir-192	pituitary adenoma	tissue
hsa-mir-192	prostate neoplasms	circulation
hsa-mir-192	squamous cell carcinoma	tissue
hsa-mir-192	tuberculosis, pulmonary	circulation
hsa-mir-192	urinary bladder cancer	tissue
hsa-mir-193a	adenocarcinoma, colon	target
hsa-mir-193a	adenocarcinoma, lung	target
hsa-mir-193a	atrial fibrillation	tissue
hsa-mir-193a	breast neoplasms	circulation
hsa-mir-193a	breast neoplasms	target
hsa-mir-193a	carcinoma, breast	epigenetics
hsa-mir-193a	carcinoma, hepatocellular	epigenetics
hsa-mir-193a	carcinoma, hepatocellular	tissue
hsa-mir-193a	carcinoma, renal cell	target
hsa-mir-193a	colorectal carcinoma	tissue
hsa-mir-193a	endometrial neoplasms	target
hsa-mir-193a	endometriosis	tissue
hsa-mir-193a	eosinophilic esophagitis	circulation
hsa-mir-193a	focal segmental glomerulosclerosis	circulation
hsa-mir-193a	glioblastoma	tissue
hsa-mir-193a	glioma	target
hsa-mir-193a	inflammatory bowel diseases	target
hsa-mir-193a	intrahepatic cholangiocarcinoma	circulation
hsa-mir-193a	leukemia, myeloid, acute	epigenetics
hsa-mir-193a	leukemia, myeloid, acute	target
hsa-mir-193a	lung neoplasms	target
hsa-mir-193a	lung neoplasms	tissue
hsa-mir-193a	medulloblastoma	circulation
hsa-mir-193a	medulloblastoma	tissue
hsa-mir-193a	melanoma	tissue
hsa-mir-193a	mesothelioma	tissue
hsa-mir-193a	mycobacterium tuberculosis infection	circulation
hsa-mir-193a	nephrotic syndrome	tissue
hsa-mir-193a	osteosarcoma	target
hsa-mir-193a	ovarian neoplasms	target
hsa-mir-193a	prostate neoplasms	tissue
hsa-mir-193a	rectal neoplasms	tissue
hsa-mir-193a	sepsis	circulation
hsa-mir-193a	squamous cell carcinoma	target
hsa-mir-193b	adenovirus infection	genetics
hsa-mir-193b	atrial fibrillation	tissue
hsa-mir-193b	breast neoplasms	target
hsa-mir-193b	carcinoma, breast	target
hsa-mir-193b	colorectal carcinoma	target
hsa-mir-193b	diabetes mellitus, type 2	circulation
hsa-mir-193b	endometrial neoplasms	tissue
hsa-mir-193b	eosinophilic esophagitis	circulation
hsa-mir-193b	glioblastoma	target
hsa-mir-193b	glioma	target
hsa-mir-193b	head and neck neoplasms	tissue
hsa-mir-193b	hematologic neoplasms	tissue
hsa-mir-193b	inflammation	target
hsa-mir-193b	leukemia	circulation
hsa-mir-193b	leukemia, myeloid, acute	target
hsa-mir-193b	lymphoma, b-cell	tissue
hsa-mir-193b	medulloblastoma	circulation
hsa-mir-193b	melanoma	target
hsa-mir-193b	melanoma	tissue
hsa-mir-193b	obesity	target
hsa-mir-193b	ovarian neoplasms	tissue
hsa-mir-193b	pancreatic neoplasms	circulation
hsa-mir-193b	pancreatic neoplasms	target
hsa-mir-193b	polycystic ovarian syndrome	circulation
hsa-mir-193b	prostate neoplasms	epigenetics
hsa-mir-193b	prostate neoplasms	target
hsa-mir-193b	scleroderma, systemic	target
hsa-mir-193b	squamous cell carcinoma, head and neck	target
hsa-mir-193b	urinary bladder cancer	tissue
hsa-mir-194	acute kidney failure	circulation
hsa-mir-194	adenocarcinoma, colon	tissue
hsa-mir-194	adenovirus infection	genetics
hsa-mir-194	barrett esophagus	tissue
hsa-mir-194	breast neoplasms	target
hsa-mir-194	carcinoma, hepatocellular	target
hsa-mir-194	carcinoma, hepatocellular	tissue
hsa-mir-194	carcinoma, renal cell	tissue
hsa-mir-194	cholangiocarcinoma	circulation
hsa-mir-194	choriocarcinoma	tissue
hsa-mir-194	colon neoplasms	tissue
hsa-mir-194	colorectal carcinoma	genetics
hsa-mir-194	colorectal carcinoma	target
hsa-mir-194	colorectal carcinoma	tissue
hsa-mir-194	diabetes mellitus	circulation
hsa-mir-194	digeorge syndrome	tissue
hsa-mir-194	epilepsy	circulation
hsa-mir-194	esophageal neoplasms	tissue
hsa-mir-194	glioma	target
hsa-mir-194	hepatitis b virus infection	target
hsa-mir-194	inflammation	target
hsa-mir-194	liver cirrhosis	target
hsa-mir-194	liver neoplasms	genetics
hsa-mir-194	lung neoplasms	tissue
hsa-mir-194	melanoma	target
hsa-mir-194	multiple myeloma	tissue
hsa-mir-194	myelodysplastic syndromes	circulation
hsa-mir-194	necrotizing enterocolitis	tissue
hsa-mir-194	osteosarcoma	target
hsa-mir-194	polycystic ovarian syndrome	circulation
hsa-mir-194	prostate neoplasms	circulation
hsa-mir-194	psoriasis	target
hsa-mir-194	squamous cell carcinoma	tissue
hsa-mir-195	adenocarcinoma, lung	circulation
hsa-mir-195	adenocarcinoma, lung	tissue
hsa-mir-195	adrenal cortex neoplasms	tissue
hsa-mir-195	astrocytoma	tissue
hsa-mir-195	breast neoplasms	circulation
hsa-mir-195	breast neoplasms	genetics
hsa-mir-195	breast neoplasms	target
hsa-mir-195	breast neoplasms	tissue
hsa-mir-195	carcinoma, adrenocortical	circulation
hsa-mir-195	carcinoma, adrenocortical	tissue
hsa-mir-195	carcinoma, breast	circulation
hsa-mir-195	carcinoma, breast	tissue
hsa-mir-195	carcinoma, hepatocellular	epigenetics
hsa-mir-195	carcinoma, hepatocellular	target
hsa-mir-195	carcinoma, hepatocellular	tissue
hsa-mir-195	carcinoma, renal cell	tissue
hsa-mir-195	cardiomyopathy, hypertrophic	circulation
hsa-mir-195	cardiomyopathy, hypertrophic	target
hsa-mir-195	cardiomyopathy, hypertrophic	tissue
hsa-mir-195	cervical neoplasms	genetics
hsa-mir-195	colitis, ulcerative	target
hsa-mir-195	colon neoplasms	genetics
hsa-mir-195	colon neoplasms	target
hsa-mir-195	colon neoplasms	tissue
hsa-mir-195	colorectal carcinoma	genetics
hsa-mir-195	colorectal carcinoma	target
hsa-mir-195	colorectal carcinoma	tissue
hsa-mir-195	diabetic cardiomyopathies	genetics
hsa-mir-195	diabetic retinopathy	target
hsa-mir-195	eclampsia	tissue
hsa-mir-195	endocrine gland neoplasms	tissue
hsa-mir-195	endometriosis	target
hsa-mir-195	glioblastoma	target
hsa-mir-195	glioma	target
hsa-mir-195	head and neck neoplasms	tissue
hsa-mir-195	heart failure	circulation
hsa-mir-195	heart failure	genetics
hsa-mir-195	heart failure	target
hsa-mir-195	heart failure	tissue
hsa-mir-195	hepatoblastoma	tissue
hsa-mir-195	hirschsprung disease	tissue
hsa-mir-195	laryngeal neoplasms	tissue
hsa-mir-195	leukemia	target
hsa-mir-195	leukemia, lymphoblastic, acute	circulation
hsa-mir-195	leukemia, lymphocytic, chronic, b-cell	circulation
hsa-mir-195	leukemia, lymphocytic, chronic, b-cell	target
hsa-mir-195	leukemia, myeloid, acute	target
hsa-mir-195	liver cirrhosis	target
hsa-mir-195	lung neoplasms	target
hsa-mir-195	lupus vulgaris	circulation
hsa-mir-195	lymphoma, b-cell	target
hsa-mir-195	melanoma	tissue
hsa-mir-195	muscle atrophy	circulation
hsa-mir-195	myocardial infarction	circulation
hsa-mir-195	osteosarcoma	circulation
hsa-mir-195	osteosarcoma	target
hsa-mir-195	ovarian neoplasms	tissue
hsa-mir-195	pancreatic neoplasms	target
hsa-mir-195	parkinson disease	circulation
hsa-mir-195	peripheral vascular disease	circulation
hsa-mir-195	pituitary neoplasms	tissue
hsa-mir-195	preeclampsia	target
hsa-mir-195	prostate neoplasms	genetics
hsa-mir-195	prostate neoplasms	target
hsa-mir-195	prostate neoplasms	tissue
hsa-mir-195	sepsis	target
hsa-mir-195	spinal cord injuries	genetics
hsa-mir-195	squamous cell carcinoma, head and neck	tissue
hsa-mir-195	synovial sarcoma	circulation
hsa-mir-195	thyroid neoplasms	genetics
hsa-mir-195	urinary bladder cancer	target
hsa-mir-196	carcinoma, hepatocellular	genetics
hsa-mir-196	leukemia	tissue
hsa-mir-196	pancreatic neoplasms	tissue
hsa-mir-196	tuberculosis	tissue
hsa-mir-196a	barrett esophagus	tissue
hsa-mir-196a	breast neoplasms	genetics
hsa-mir-196a	breast neoplasms	tissue
hsa-mir-196a	carcinoma, hepatocellular	genetics
hsa-mir-196a	carcinoma, renal cell	genetics
hsa-mir-196a	choriocarcinoma	tissue
hsa-mir-196a	colitis, ulcerative	genetics
hsa-mir-196a	colon neoplasms	tissue
hsa-mir-196a	colorectal carcinoma	genetics
hsa-mir-196a	crohn disease	genetics
hsa-mir-196a	digestive system neoplasms	genetics
hsa-mir-196a	glioma	tissue
hsa-mir-196a	head and neck neoplasms	target
hsa-mir-196a	laryngeal neoplasms	target
hsa-mir-196a	leiomyosarcoma	tissue
hsa-mir-196a	lung neoplasms	genetics
hsa-mir-196a	lymphoma, non-hodgkin	genetics
hsa-mir-196a	melanoma	target
hsa-mir-196a	multiple sclerosis	circulation
hsa-mir-196a	niemann-pick disease, type c	tissue
hsa-mir-196a	osteosarcoma	genetics
hsa-mir-196a	osteosarcoma	tissue
hsa-mir-196a	pancreatic neoplasms	circulation
hsa-mir-196a	pancreatic neoplasms	target
hsa-mir-196a	pancreatic neoplasms	tissue
hsa-mir-196a	prostate neoplasms	genetics
hsa-mir-196a	squamous cell carcinoma, head and neck	genetics
hsa-mir-196a-1	barrett esophagus	tissue
hsa-mir-196a-1	breast neoplasms	genetics
hsa-mir-196a-1	carcinoma, adrenocortical	tissue
hsa-mir-196a-1	carcinoma, hepatocellular	tissue
hsa-mir-196a-1	carcinoma, renal cell	tissue
hsa-mir-196a-1	colorectal carcinoma	target
hsa-mir-196a-1	crohn disease	genetics
hsa-mir-196a-1	esophageal neoplasms	genetics
hsa-mir-196a-1	gastrointestinal neoplasms	tissue
hsa-mir-196a-1	glioma	genetics
hsa-mir-196a-1	heart failure	tissue
hsa-mir-196a-1	hepatitis b virus infection	genetics
hsa-mir-196a-1	leukemia, myeloid, acute	circulation
hsa-mir-196a-1	lung neoplasms	genetics
hsa-mir-196a-1	pancreatic neoplasms	tissue
hsa-mir-196a-1	urinary bladder cancer	tissue
hsa-mir-196a-2	asthma	genetics
hsa-mir-196a-2	atrial fibrillation	genetics
hsa-mir-196a-2	barrett esophagus	tissue
hsa-mir-196a-2	breast neoplasms	genetics
hsa-mir-196a-2	carcinoma, adrenocortical	tissue
hsa-mir-196a-2	carcinoma, hepatocellular	epigenetics
hsa-mir-196a-2	carcinoma, hepatocellular	genetics
hsa-mir-196a-2	carcinoma, hepatocellular	tissue
hsa-mir-196a-2	cardiomyopathy, dilated	genetics
hsa-mir-196a-2	colorectal carcinoma	genetics
hsa-mir-196a-2	colorectal carcinoma	target
hsa-mir-196a-2	congenital heart diseases	genetics
hsa-mir-196a-2	coronary artery disease	genetics
hsa-mir-196a-2	crohn disease	genetics
hsa-mir-196a-2	diabetes mellitus, type 2	genetics
hsa-mir-196a-2	endometrial neoplasms	genetics
hsa-mir-196a-2	esophageal neoplasms	genetics
hsa-mir-196a-2	gastrointestinal neoplasms	tissue
hsa-mir-196a-2	glioma	genetics
hsa-mir-196a-2	habitual abortion	genetics
hsa-mir-196a-2	head and neck neoplasms	genetics
hsa-mir-196a-2	heart failure	tissue
hsa-mir-196a-2	hepatitis b virus infection	genetics
hsa-mir-196a-2	leukemia, lymphocytic, chronic, b-cell	genetics
hsa-mir-196a-2	leukemia, myeloid, acute	circulation
hsa-mir-196a-2	liver cirrhosis	genetics
hsa-mir-196a-2	liver neoplasms	genetics
hsa-mir-196a-2	lung neoplasms	genetics
hsa-mir-196a-2	myocardial infarction	genetics
hsa-mir-196a-2	ossification of posterior longitudinal ligament	genetics
hsa-mir-196a-2	pancreatic neoplasms	tissue
hsa-mir-196a-2	prostate neoplasms	genetics
hsa-mir-196a-2	squamous cell carcinoma, head and neck	genetics
hsa-mir-196a-2	stroke, ischemic	genetics
hsa-mir-196a-2	tuberculosis, pulmonary	genetics
hsa-mir-196a-2	urinary bladder cancer	genetics
hsa-mir-196a-2	urinary bladder cancer	tissue
hsa-mir-196b	acute lung injury	circulation
hsa-mir-196b	adenocarcinoma, lung	tissue
hsa-mir-196b	adenovirus infection	tissue
hsa-mir-196b	breast neoplasms	target
hsa-mir-196b	colon neoplasms	tissue
hsa-mir-196b	colorectal carcinoma	target
hsa-mir-196b	crohn disease	genetics
hsa-mir-196b	crohn disease	tissue
hsa-mir-196b	endometriosis	target
hsa-mir-196b	endometriosis	tissue
hsa-mir-196b	esophageal neoplasms	tissue
hsa-mir-196b	hiv-associated lipodystrophy	tissue
hsa-mir-196b	leukemia	circulation
hsa-mir-196b	leukemia	target
hsa-mir-196b	leukemia, lymphoblastic, acute	target
hsa-mir-196b	leukemia, myeloid, acute	circulation
hsa-mir-196b	leukemia, myeloid, acute	genetics
hsa-mir-196b	lung neoplasms	genetics
hsa-mir-196b	lung neoplasms	target
hsa-mir-196b	myelodysplastic syndromes	genetics
hsa-mir-196b	niemann-pick disease, type c	tissue
hsa-mir-196b	osteosarcoma	tissue
hsa-mir-196b	ovarian neoplasms	tissue
hsa-mir-196b	pancreatic neoplasms	tissue
hsa-mir-196b	prostate neoplasms	epigenetics
hsa-mir-196b	tuberculosis	tissue
hsa-mir-196b	urinary bladder cancer	genetics
hsa-mir-197	astrocytoma	tissue
hsa-mir-197	breast neoplasms	circulation
hsa-mir-197	breast neoplasms	tissue
hsa-mir-197	carcinoma, breast	tissue
hsa-mir-197	carcinoma, hepatocellular	target
hsa-mir-197	carcinoma, hepatocellular	tissue
hsa-mir-197	colon neoplasms	tissue
hsa-mir-197	colorectal carcinoma	target
hsa-mir-197	coronary artery disease	circulation
hsa-mir-197	diabetes mellitus, type 2	circulation
hsa-mir-197	enterovirus infection	target
hsa-mir-197	glioblastoma	tissue
hsa-mir-197	graves disease	target
hsa-mir-197	head and neck neoplasms	tissue
hsa-mir-197	lung neoplasms	circulation
hsa-mir-197	lung neoplasms	target
hsa-mir-197	lung neoplasms	tissue
hsa-mir-197	lupus vulgaris	circulation
hsa-mir-197	melanoma	tissue
hsa-mir-197	metabolic syndrome	target
hsa-mir-197	multiple myeloma	target
hsa-mir-197	multiple sclerosis	target
hsa-mir-197	myocardial infarction	circulation
hsa-mir-197	ovarian neoplasms	target
hsa-mir-197	pancreatic neoplasms	target
hsa-mir-197	preeclampsia	tissue
hsa-mir-197	primary biliary cirrhosis	circulation
hsa-mir-197	prostate neoplasms	target
hsa-mir-197	psoriasis	tissue
hsa-mir-197	squamous cell carcinoma, head and neck	tissue
hsa-mir-198	breast neoplasms	tissue
hsa-mir-198	carcinoma, hepatocellular	target
hsa-mir-198	carcinoma, hepatocellular	tissue
hsa-mir-198	chronic pancreatitis	tissue
hsa-mir-198	colorectal carcinoma	target
hsa-mir-198	glioblastoma	target
hsa-mir-198	lung neoplasms	circulation
hsa-mir-198	lung neoplasms	target
hsa-mir-198	lung neoplasms	tissue
hsa-mir-198	lupus nephritis	tissue
hsa-mir-198	lupus vulgaris	circulation
hsa-mir-198	osteosarcoma	target
hsa-mir-198	pancreatic neoplasms	target
hsa-mir-198	preeclampsia	tissue
hsa-mir-198	prostate neoplasms	target
hsa-mir-199	carcinoma, hepatocellular	target
hsa-mir-199	colorectal carcinoma	tissue
hsa-mir-199	heart failure	circulation
hsa-mir-199	irritable bowel syndrome	tissue
hsa-mir-199	polycystic kidney disease	tissue
hsa-mir-199a	atrial fibrillation	target
hsa-mir-199a	breast neoplasms	circulation
hsa-mir-199a	breast neoplasms	genetics
hsa-mir-199a	breast neoplasms	tissue
hsa-mir-199a	carcinoma, breast	target
hsa-mir-199a	carcinoma, endometrial	target
hsa-mir-199a	carcinoma, hepatocellular	circulation
hsa-mir-199a	carcinoma, hepatocellular	target
hsa-mir-199a	carcinoma, hepatocellular	tissue
hsa-mir-199a	cholangiocarcinoma	tissue
hsa-mir-199a	colorectal carcinoma	circulation
hsa-mir-199a	colorectal carcinoma	target
hsa-mir-199a	colorectal carcinoma	tissue
hsa-mir-199a	coronary artery disease	target
hsa-mir-199a	diabetes mellitus	circulation
hsa-mir-199a	diabetes mellitus, type 2	circulation
hsa-mir-199a	diabetes mellitus, type 2	target
hsa-mir-199a	diabetic cardiomyopathies	tissue
hsa-mir-199a	endometriosis	target
hsa-mir-199a	glioma	circulation
hsa-mir-199a	glioma	target
hsa-mir-199a	heart failure	target
hsa-mir-199a	heart failure	tissue
hsa-mir-199a	hiv-associated lipodystrophy	tissue
hsa-mir-199a	liver cirrhosis	target
hsa-mir-199a	liver neoplasms	target
hsa-mir-199a	lung neoplasms	circulation
hsa-mir-199a	lung neoplasms	tissue
hsa-mir-199a	melanoma	circulation
hsa-mir-199a	melanoma	target
hsa-mir-199a	melanoma	tissue
hsa-mir-199a	multiple myeloma	target
hsa-mir-199a	multiple sclerosis	circulation
hsa-mir-199a	obesity	tissue
hsa-mir-199a	osteoarthritis	target
hsa-mir-199a	osteosarcoma	circulation
hsa-mir-199a	osteosarcoma	target
hsa-mir-199a	ovarian neoplasms	circulation
hsa-mir-199a	ovarian neoplasms	target
hsa-mir-199a	ovarian neoplasms	tissue
hsa-mir-199a	pancreatic neoplasms	genetics
hsa-mir-199a	parkinson disease	circulation
hsa-mir-199a	polycystic kidney disease	target
hsa-mir-199a	prostate neoplasms	target
hsa-mir-199a	shock, septic	tissue
hsa-mir-199a	spinal cord injuries	target
hsa-mir-199a	stroke, ischemic	genetics
hsa-mir-199a	testicular neoplasms	epigenetics
hsa-mir-199a	testicular neoplasms	genetics
hsa-mir-199a	testicular neoplasms	target
hsa-mir-199a-1	biliary tract neoplasms	tissue
hsa-mir-199a-1	breast neoplasms	epigenetics
hsa-mir-199a-1	breast neoplasms	tissue
hsa-mir-199a-1	carcinoma, hepatocellular	circulation
hsa-mir-199a-1	carcinoma, hepatocellular	genetics
hsa-mir-199a-1	carcinoma, hepatocellular	target
hsa-mir-199a-1	carcinoma, hepatocellular	tissue
hsa-mir-199a-1	carcinoma, renal cell	target
hsa-mir-199a-1	carcinoma, renal cell	tissue
hsa-mir-199a-1	cardiomyopathy	target
hsa-mir-199a-1	cardiomyopathy, hypertrophic	tissue
hsa-mir-199a-1	colorectal carcinoma	epigenetics
hsa-mir-199a-1	colorectal carcinoma	target
hsa-mir-199a-1	colorectal carcinoma	tissue
hsa-mir-199a-1	crohn disease	circulation
hsa-mir-199a-1	endometriosis	target
hsa-mir-199a-1	lung neoplasms	tissue
hsa-mir-199a-1	lymphoma, b-cell	tissue
hsa-mir-199a-1	melanoma	circulation
hsa-mir-199a-1	muscle atrophy	circulation
hsa-mir-199a-1	muscular dystrophy, duchenne	target
hsa-mir-199a-1	osteosarcoma	tissue
hsa-mir-199a-1	ovarian neoplasms	target
hsa-mir-199a-1	pancreatic neoplasms	tissue
hsa-mir-199a-1	parkinson disease	circulation
hsa-mir-199a-1	prostate neoplasms	tissue
hsa-mir-199a-1	testicular neoplasms	epigenetics
hsa-mir-199a-1	urinary bladder cancer	target
hsa-mir-199a-2	biliary tract neoplasms	tissue
hsa-mir-199a-2	breast neoplasms	epigenetics
hsa-mir-199a-2	breast neoplasms	genetics
hsa-mir-199a-2	breast neoplasms	tissue
hsa-mir-199a-2	carcinoma, hepatocellular	circulation
hsa-mir-199a-2	carcinoma, hepatocellular	genetics
hsa-mir-199a-2	carcinoma, hepatocellular	target
hsa-mir-199a-2	carcinoma, hepatocellular	tissue
hsa-mir-199a-2	carcinoma, renal cell	tissue
hsa-mir-199a-2	cardiomyopathy	target
hsa-mir-199a-2	cardiomyopathy, hypertrophic	tissue
hsa-mir-199a-2	colorectal carcinoma	epigenetics
hsa-mir-199a-2	colorectal carcinoma	target
hsa-mir-199a-2	colorectal carcinoma	tissue
hsa-mir-199a-2	crohn disease	circulation
hsa-mir-199a-2	endometriosis	target
hsa-mir-199a-2	lymphoma, b-cell	tissue
hsa-mir-199a-2	melanoma	circulation
hsa-mir-199a-2	melanoma	genetics
hsa-mir-199a-2	muscle atrophy	circulation
hsa-mir-199a-2	muscular dystrophy, duchenne	target
hsa-mir-199a-2	osteosarcoma	tissue
hsa-mir-199a-2	ovarian neoplasms	genetics
hsa-mir-199a-2	ovarian neoplasms	target
hsa-mir-199a-2	parkinson disease	circulation
hsa-mir-199a-2	prostate neoplasms	tissue
hsa-mir-199a-2	sickle cell disease	target
hsa-mir-199a-2	testicular neoplasms	epigenetics
hsa-mir-199a-2	urinary bladder cancer	target
hsa-mir-199b	atrial fibrillation	target
hsa-mir-199b	breast neoplasms	epigenetics
hsa-mir-199b	breast neoplasms	target
hsa-mir-199b	breast neoplasms	tissue
hsa-mir-199b	carcinoma, breast	target
hsa-mir-199b	carcinoma, hepatocellular	target
hsa-mir-199b	carcinoma, hepatocellular	tissue
hsa-mir-199b	carcinoma, nasopharyngeal	tissue
hsa-mir-199b	carcinoma, renal cell	tissue
hsa-mir-199b	cardiomyopathy	target
hsa-mir-199b	cholangiocarcinoma	tissue
hsa-mir-199b	choriocarcinoma	circulation
hsa-mir-199b	colorectal carcinoma	epigenetics
hsa-mir-199b	colorectal carcinoma	genetics
hsa-mir-199b	colorectal carcinoma	tissue
hsa-mir-199b	endometrial neoplasms	circulation
hsa-mir-199b	heart failure	target
hsa-mir-199b	heart failure	tissue
hsa-mir-199b	hepatoblastoma	tissue
hsa-mir-199b	inflammation	target
hsa-mir-199b	intrahepatic cholangiocarcinoma	circulation
hsa-mir-199b	leukemia	circulation
hsa-mir-199b	leukemia, myeloid, acute	circulation
hsa-mir-199b	leukemia, myeloid, acute	target
hsa-mir-199b	lung neoplasms	tissue
hsa-mir-199b	medulloblastoma	epigenetics
hsa-mir-199b	medulloblastoma	tissue
hsa-mir-199b	muscle atrophy	circulation
hsa-mir-199b	ovarian neoplasms	epigenetics
hsa-mir-199b	pancreatic neoplasms	tissue
hsa-mir-199b	parathyroid carcinoma	tissue
hsa-mir-199b	parkinson disease	circulation
hsa-mir-199b	polycystic ovarian syndrome	circulation
hsa-mir-199b	prolactinoma	tissue
hsa-mir-199b	squamous cell carcinoma, head and neck	tissue
hsa-mir-199b	stroke, ischemic	genetics
hsa-mir-199b	thyroid neoplasms	genetics
hsa-mir-199b	urinary bladder cancer	genetics
hsa-mir-19a	atherosclerosis	target
hsa-mir-19a	atrial fibrillation	genetics
hsa-mir-19a	atrial fibrillation	tissue
hsa-mir-19a	azoospermia	tissue
hsa-mir-19a	breast neoplasms	circulation
hsa-mir-19a	breast neoplasms	epigenetics
hsa-mir-19a	breast neoplasms	genetics
hsa-mir-19a	breast neoplasms	target
hsa-mir-19a	breast neoplasms	tissue
hsa-mir-19a	bronchopulmonary dysplasia	epigenetics
hsa-mir-19a	carcinoma, breast	circulation
hsa-mir-19a	carcinoma, breast	target
hsa-mir-19a	carcinoma, hepatocellular	circulation
hsa-mir-19a	carcinoma, hepatocellular	genetics
hsa-mir-19a	carcinoma, hepatocellular	target
hsa-mir-19a	carcinoma, hepatocellular	tissue
hsa-mir-19a	carcinoma, renal cell	circulation
hsa-mir-19a	carcinoma, renal cell	target
hsa-mir-19a	cardiomegaly	target
hsa-mir-19a	cervical neoplasms	target
hsa-mir-19a	cholangiocarcinoma	target
hsa-mir-19a	chronic kidney disease	tissue
hsa-mir-19a	colitis	target
hsa-mir-19a	colon neoplasms	genetics
hsa-mir-19a	colon neoplasms	tissue
hsa-mir-19a	colorectal carcinoma	circulation
hsa-mir-19a	colorectal carcinoma	epigenetics
hsa-mir-19a	colorectal carcinoma	genetics
hsa-mir-19a	colorectal carcinoma	target
hsa-mir-19a	colorectal carcinoma	tissue
hsa-mir-19a	diabetes mellitus	target
hsa-mir-19a	esophageal neoplasms	target
hsa-mir-19a	gastrointestinal neoplasms	target
hsa-mir-19a	gastrointestinal neoplasms	tissue
hsa-mir-19a	gastrointestinal stromal tumor	target
hsa-mir-19a	glaucoma	circulation
hsa-mir-19a	glioblastoma	target
hsa-mir-19a	glioblastoma	tissue
hsa-mir-19a	glioma	genetics
hsa-mir-19a	glioma	tissue
hsa-mir-19a	heart failure	target
hsa-mir-19a	hemangiosarcoma	target
hsa-mir-19a	hematologic neoplasms	genetics
hsa-mir-19a	hemophagocytic lymphohistiocytosis	target
hsa-mir-19a	hypertrophy	target
hsa-mir-19a	inflammation	tissue
hsa-mir-19a	leukemia	circulation
hsa-mir-19a	leukemia	target
hsa-mir-19a	leukemia, b-cell	circulation
hsa-mir-19a	leukemia, b-cell	genetics
hsa-mir-19a	leukemia, b-cell	tissue
hsa-mir-19a	leukemia, lymphoblastic, acute	circulation
hsa-mir-19a	leukemia, lymphocytic, chronic, b-cell	circulation
hsa-mir-19a	leukemia, lymphocytic, chronic, b-cell	target
hsa-mir-19a	leukemia, myeloid	circulation
hsa-mir-19a	leukemia, myeloid, acute	epigenetics
hsa-mir-19a	leukemia, myeloid, acute	target
hsa-mir-19a	leukemia-lymphoma, adult t-cell	target
hsa-mir-19a	lichen planus	target
hsa-mir-19a	lung neoplasms	circulation
hsa-mir-19a	lung neoplasms	genetics
hsa-mir-19a	lung neoplasms	target
hsa-mir-19a	lung neoplasms	tissue
hsa-mir-19a	lymphoma	circulation
hsa-mir-19a	lymphoma	target
hsa-mir-19a	lymphoma, b-cell	circulation
hsa-mir-19a	lymphoma, b-cell	target
hsa-mir-19a	lymphoma, b-cell	tissue
hsa-mir-19a	lymphoma, large b-cell, diffuse	circulation
hsa-mir-19a	lymphoma, large b-cell, diffuse	target
hsa-mir-19a	lymphoma, large-cell, anaplastic	circulation
hsa-mir-19a	lymphoma, mantle-cell	target
hsa-mir-19a	lymphoma, t-cell	tissue
hsa-mir-19a	medulloblastoma	genetics
hsa-mir-19a	medulloblastoma	target
hsa-mir-19a	melanoma	genetics
hsa-mir-19a	multiple myeloma	genetics
hsa-mir-19a	multiple myeloma	target
hsa-mir-19a	multiple sclerosis	circulation
hsa-mir-19a	neuroblastoma	target
hsa-mir-19a	osteoarthritis	target
hsa-mir-19a	osteonecrosis	tissue
hsa-mir-19a	osteosarcoma	genetics
hsa-mir-19a	osteosarcoma	target
hsa-mir-19a	osteosarcoma	tissue
hsa-mir-19a	ovarian neoplasms	genetics
hsa-mir-19a	ovarian neoplasms	target
hsa-mir-19a	pancreatic neoplasms	target
hsa-mir-19a	prostate neoplasms	target
hsa-mir-19a	prostate neoplasms	tissue
hsa-mir-19a	psoriasis	tissue
hsa-mir-19a	rectal neoplasms	target
hsa-mir-19a	retinoblastoma	tissue
hsa-mir-19a	sepsis	target
hsa-mir-19a	stroke	tissue
hsa-mir-19a	thyroid neoplasms	target
hsa-mir-19a	urinary bladder cancer	genetics
hsa-mir-19a	urinary bladder cancer	target
hsa-mir-19a	urinary bladder cancer	tissue
hsa-mir-19b	atherosclerosis	target
hsa-mir-19b	atrial fibrillation	tissue
hsa-mir-19b	breast neoplasms	circulation
hsa-mir-19b	breast neoplasms	target
hsa-mir-19b	breast neoplasms	tissue
hsa-mir-19b	carcinoma, breast	target
hsa-mir-19b	carcinoma, embryonal	genetics
hsa-mir-19b	carcinoma, hepatocellular	target
hsa-mir-19b	cardiomegaly	target
hsa-mir-19b	colorectal carcinoma	tissue
hsa-mir-19b	coronary artery disease	circulation
hsa-mir-19b	crohn disease	tissue
hsa-mir-19b	diabetes mellitus	target
hsa-mir-19b	diabetes mellitus, type 2	target
hsa-mir-19b	diabetic cardiomyopathies	circulation
hsa-mir-19b	gastrointestinal neoplasms	target
hsa-mir-19b	glioma	tissue
hsa-mir-19b	heart failure	target
hsa-mir-19b	hemophagocytic lymphohistiocytosis	target
hsa-mir-19b	hepatoblastoma	tissue
hsa-mir-19b	hypertension	target
hsa-mir-19b	hypertrophy	target
hsa-mir-19b	leukemia, b-cell	genetics
hsa-mir-19b	leukemia, myeloid, acute	circulation
hsa-mir-19b	lung neoplasms	tissue
hsa-mir-19b	lymphoma	tissue
hsa-mir-19b	lymphoma, large b-cell, diffuse	circulation
hsa-mir-19b	medulloblastoma	target
hsa-mir-19b	melanoma	target
hsa-mir-19b	multiple myeloma	circulation
hsa-mir-19b	osteosarcoma	target
hsa-mir-19b	parkinson disease	tissue
hsa-mir-19b	periodontitis	tissue
hsa-mir-19b-1	adenovirus infection	tissue
hsa-mir-19b-1	atrial fibrillation	genetics
hsa-mir-19b-1	atrial fibrillation	tissue
hsa-mir-19b-1	azoospermia	tissue
hsa-mir-19b-1	breast neoplasms	genetics
hsa-mir-19b-1	bronchopulmonary dysplasia	epigenetics
hsa-mir-19b-1	carcinoma, basal cell	tissue
hsa-mir-19b-1	carcinoma, hepatocellular	circulation
hsa-mir-19b-1	carcinoma, hepatocellular	genetics
hsa-mir-19b-1	carcinoma, hepatocellular	target
hsa-mir-19b-1	cholangiocarcinoma	target
hsa-mir-19b-1	colon neoplasms	genetics
hsa-mir-19b-1	colon neoplasms	tissue
hsa-mir-19b-1	colorectal carcinoma	circulation
hsa-mir-19b-1	colorectal carcinoma	epigenetics
hsa-mir-19b-1	colorectal carcinoma	target
hsa-mir-19b-1	colorectal carcinoma	tissue
hsa-mir-19b-1	gastrointestinal neoplasms	tissue
hsa-mir-19b-1	gastrointestinal stromal tumor	target
hsa-mir-19b-1	glioblastoma	tissue
hsa-mir-19b-1	heart failure	target
hsa-mir-19b-1	heart failure	tissue
hsa-mir-19b-1	hemangiosarcoma	target
hsa-mir-19b-1	hematologic neoplasms	genetics
hsa-mir-19b-1	inflammation	tissue
hsa-mir-19b-1	inflammatory bowel diseases	tissue
hsa-mir-19b-1	leukemia	circulation
hsa-mir-19b-1	leukemia	target
hsa-mir-19b-1	leukemia, b-cell	circulation
hsa-mir-19b-1	leukemia, b-cell	tissue
hsa-mir-19b-1	leukemia, lymphoblastic, acute	circulation
hsa-mir-19b-1	leukemia, lymphocytic, chronic, b-cell	target
hsa-mir-19b-1	leukemia, myeloid	circulation
hsa-mir-19b-1	leukemia, myeloid, acute	epigenetics
hsa-mir-19b-1	leukemia, myeloid, acute	target
hsa-mir-19b-1	leukemia-lymphoma, adult t-cell	target
hsa-mir-19b-1	lung neoplasms	circulation
hsa-mir-19b-1	lung neoplasms	genetics
hsa-mir-19b-1	lymphoma	circulation
hsa-mir-19b-1	lymphoma	target
hsa-mir-19b-1	lymphoma, b-cell	circulation
hsa-mir-19b-1	lymphoma, b-cell	target
hsa-mir-19b-1	lymphoma, b-cell	tissue
hsa-mir-19b-1	lymphoma, large b-cell, diffuse	circulation
hsa-mir-19b-1	lymphoma, large b-cell, diffuse	target
hsa-mir-19b-1	lymphoma, large-cell, anaplastic	circulation
hsa-mir-19b-1	lymphoma, mantle-cell	target
hsa-mir-19b-1	lymphoma, t-cell	tissue
hsa-mir-19b-1	medulloblastoma	target
hsa-mir-19b-1	melanoma	genetics
hsa-mir-19b-1	mesothelioma	tissue
hsa-mir-19b-1	multiple myeloma	target
hsa-mir-19b-1	muscle atrophy	circulation
hsa-mir-19b-1	neuroblastoma	target
hsa-mir-19b-1	osteosarcoma	genetics
hsa-mir-19b-1	osteosarcoma	tissue
hsa-mir-19b-1	ovarian neoplasms	genetics
hsa-mir-19b-1	parkinson disease	circulation
hsa-mir-19b-1	periodontitis	tissue
hsa-mir-19b-1	prostate neoplasms	tissue
hsa-mir-19b-1	rectal neoplasms	target
hsa-mir-19b-1	retinoblastoma	tissue
hsa-mir-19b-1	stroke	tissue
hsa-mir-19b-1	urinary bladder cancer	target
hsa-mir-19b-1	urinary bladder cancer	tissue
hsa-mir-19b-2	adenovirus infection	tissue
hsa-mir-19b-2	atrial fibrillation	tissue
hsa-mir-19b-2	azoospermia	tissue
hsa-mir-19b-2	carcinoma, basal cell	tissue
hsa-mir-19b-2	carcinoma, hepatocellular	circulation
hsa-mir-19b-2	carcinoma, hepatocellular	target
hsa-mir-19b-2	colon neoplasms	tissue
hsa-mir-19b-2	glioblastoma	tissue
hsa-mir-19b-2	heart failure	target
hsa-mir-19b-2	heart failure	tissue
hsa-mir-19b-2	inflammatory bowel diseases	tissue
hsa-mir-19b-2	leukemia	target
hsa-mir-19b-2	leukemia, myeloid	circulation
hsa-mir-19b-2	leukemia, myeloid, acute	target
hsa-mir-19b-2	leukemia-lymphoma, adult t-cell	target
hsa-mir-19b-2	lymphoma	circulation
hsa-mir-19b-2	lymphoma, b-cell	circulation
hsa-mir-19b-2	lymphoma, b-cell	tissue
hsa-mir-19b-2	lymphoma, large-cell, anaplastic	circulation
hsa-mir-19b-2	lymphoma, t-cell	tissue
hsa-mir-19b-2	medulloblastoma	target
hsa-mir-19b-2	mesothelioma	tissue
hsa-mir-19b-2	muscle atrophy	circulation
hsa-mir-19b-2	parkinson disease	circulation
hsa-mir-19b-2	periodontitis	tissue
hsa-mir-19b-2	tuberculosis, pulmonary	tissue
hsa-mir-19b-2	urinary bladder cancer	target
hsa-mir-19b-2	urinary bladder cancer	tissue
hsa-mir-200	adenocarcinoma, lung	target
hsa-mir-200	breast neoplasms	epigenetics
hsa-mir-200	breast neoplasms	target
hsa-mir-200	breast neoplasms	tissue
hsa-mir-200	carcinoma, breast	target
hsa-mir-200	carcinoma, endometrial	target
hsa-mir-200	carcinoma, hepatocellular	circulation
hsa-mir-200	carcinoma, hepatocellular	target
hsa-mir-200	carcinoma, hepatocellular	tissue
hsa-mir-200	carcinoma, renal cell	tissue
hsa-mir-200	cardiomyopathy	tissue
hsa-mir-200	colorectal carcinoma	circulation
hsa-mir-200	colorectal carcinoma	tissue
hsa-mir-200	diabetes mellitus	tissue
hsa-mir-200	diabetes mellitus, type 1	tissue
hsa-mir-200	diabetes mellitus, type 2	target
hsa-mir-200	endometriosis	circulation
hsa-mir-200	glioma	target
hsa-mir-200	hepatoblastoma	epigenetics
hsa-mir-200	hirschsprung disease	target
hsa-mir-200	inflammatory bowel diseases	tissue
hsa-mir-200	leukemia, myeloid, acute	epigenetics
hsa-mir-200	lung neoplasms	epigenetics
hsa-mir-200	lung neoplasms	target
hsa-mir-200	ovarian neoplasms	circulation
hsa-mir-200	ovarian neoplasms	target
hsa-mir-200	ovarian neoplasms	tissue
hsa-mir-200	pancreatic neoplasms	circulation
hsa-mir-200	prostate neoplasms	tissue
hsa-mir-200a	acute kidney failure	circulation
hsa-mir-200a	adenocarcinoma, lung	target
hsa-mir-200a	amyotrophic lateral sclerosis	target
hsa-mir-200a	barrett esophagus	tissue
hsa-mir-200a	breast neoplasms	circulation
hsa-mir-200a	breast neoplasms	epigenetics
hsa-mir-200a	breast neoplasms	genetics
hsa-mir-200a	breast neoplasms	target
hsa-mir-200a	breast neoplasms	tissue
hsa-mir-200a	carcinoma, breast	target
hsa-mir-200a	carcinoma, ehrlich tumor	tissue
hsa-mir-200a	carcinoma, endometrial	target
hsa-mir-200a	carcinoma, endometrial	tissue
hsa-mir-200a	carcinoma, hepatocellular	epigenetics
hsa-mir-200a	carcinoma, hepatocellular	target
hsa-mir-200a	carcinoma, hepatocellular	tissue
hsa-mir-200a	carcinoma, nasopharyngeal	genetics
hsa-mir-200a	carcinoma, nasopharyngeal	target
hsa-mir-200a	carcinoma, renal cell	target
hsa-mir-200a	carcinoma, renal cell	tissue
hsa-mir-200a	cervical neoplasms	circulation
hsa-mir-200a	cholangiocarcinoma	tissue
hsa-mir-200a	choriocarcinoma	circulation
hsa-mir-200a	chronic kidney disease	tissue
hsa-mir-200a	colon neoplasms	circulation
hsa-mir-200a	colon neoplasms	tissue
hsa-mir-200a	colorectal carcinoma	epigenetics
hsa-mir-200a	colorectal carcinoma	target
hsa-mir-200a	colorectal carcinoma	tissue
hsa-mir-200a	diabetes mellitus	target
hsa-mir-200a	diabetes mellitus, type 1	circulation
hsa-mir-200a	diabetic nephropathy	tissue
hsa-mir-200a	endocrine gland neoplasms	tissue
hsa-mir-200a	endometrial neoplasms	epigenetics
hsa-mir-200a	endometrial neoplasms	target
hsa-mir-200a	endometrial neoplasms	tissue
hsa-mir-200a	endometriosis	tissue
hsa-mir-200a	esophageal neoplasms	tissue
hsa-mir-200a	gastrointestinal neoplasms	epigenetics
hsa-mir-200a	gastrointestinal neoplasms	tissue
hsa-mir-200a	glioma	target
hsa-mir-200a	glomerulonephritis	circulation
hsa-mir-200a	hepatitis b virus infection	tissue
hsa-mir-200a	irritable bowel syndrome	target
hsa-mir-200a	kidney neoplasms	target
hsa-mir-200a	leiomyoma	target
hsa-mir-200a	liver cirrhosis	target
hsa-mir-200a	liver neoplasms	target
hsa-mir-200a	liver neoplasms	tissue
hsa-mir-200a	lung neoplasms	target
hsa-mir-200a	lymphoma	target
hsa-mir-200a	melanoma	genetics
hsa-mir-200a	melanoma	target
hsa-mir-200a	melanoma	tissue
hsa-mir-200a	nephrosclerosis	tissue
hsa-mir-200a	neuroblastoma	target
hsa-mir-200a	obesity	target
hsa-mir-200a	obesity	tissue
hsa-mir-200a	ovarian neoplasms	circulation
hsa-mir-200a	ovarian neoplasms	genetics
hsa-mir-200a	ovarian neoplasms	target
hsa-mir-200a	ovarian neoplasms	tissue
hsa-mir-200a	pancreatic neoplasms	target
hsa-mir-200a	pancreatic neoplasms	tissue
hsa-mir-200a	prostate neoplasms	circulation
hsa-mir-200a	prostate neoplasms	genetics
hsa-mir-200a	prostate neoplasms	target
hsa-mir-200a	prostate neoplasms	tissue
hsa-mir-200a	pterygium	target
hsa-mir-200a	pterygium	tissue
hsa-mir-200a	thyroid neoplasms	circulation
hsa-mir-200a	thyroid neoplasms	target
hsa-mir-200a	urinary bladder cancer	tissue
hsa-mir-200b	acute kidney failure	circulation
hsa-mir-200b	adenocarcinoma, lung	target
hsa-mir-200b	adenocarcinoma, lung	tissue
hsa-mir-200b	adrenal cortex neoplasms	tissue
hsa-mir-200b	barrett esophagus	tissue
hsa-mir-200b	biliary atresia	target
hsa-mir-200b	breast neoplasms	circulation
hsa-mir-200b	breast neoplasms	epigenetics
hsa-mir-200b	breast neoplasms	genetics
hsa-mir-200b	breast neoplasms	target
hsa-mir-200b	breast neoplasms	tissue
hsa-mir-200b	carcinoma, adrenocortical	tissue
hsa-mir-200b	carcinoma, breast	genetics
hsa-mir-200b	carcinoma, breast	target
hsa-mir-200b	carcinoma, breast	tissue
hsa-mir-200b	carcinoma, ehrlich tumor	tissue
hsa-mir-200b	carcinoma, endometrial	target
hsa-mir-200b	carcinoma, endometrial	tissue
hsa-mir-200b	carcinoma, hepatocellular	circulation
hsa-mir-200b	carcinoma, hepatocellular	epigenetics
hsa-mir-200b	carcinoma, hepatocellular	genetics
hsa-mir-200b	carcinoma, hepatocellular	target
hsa-mir-200b	carcinoma, nasopharyngeal	target
hsa-mir-200b	carcinoma, renal cell	tissue
hsa-mir-200b	cervical neoplasms	epigenetics
hsa-mir-200b	cervical neoplasms	target
hsa-mir-200b	cholangiocarcinoma	circulation
hsa-mir-200b	cholangiocarcinoma	tissue
hsa-mir-200b	chondrosarcoma	tissue
hsa-mir-200b	choriocarcinoma	tissue
hsa-mir-200b	colon neoplasms	circulation
hsa-mir-200b	colon neoplasms	tissue
hsa-mir-200b	colorectal carcinoma	target
hsa-mir-200b	diabetes mellitus	target
hsa-mir-200b	diabetes mellitus, type 2	target
hsa-mir-200b	diabetic nephropathy	tissue
hsa-mir-200b	endocrine gland neoplasms	tissue
hsa-mir-200b	endometrial neoplasms	genetics
hsa-mir-200b	endometrial neoplasms	target
hsa-mir-200b	endometrial neoplasms	tissue
hsa-mir-200b	endometriosis	genetics
hsa-mir-200b	endometriosis	tissue
hsa-mir-200b	gastrointestinal neoplasms	tissue
hsa-mir-200b	glioblastoma	target
hsa-mir-200b	glioblastoma	tissue
hsa-mir-200b	glioma	target
hsa-mir-200b	glioma	tissue
hsa-mir-200b	glomerulonephritis	circulation
hsa-mir-200b	hepatitis b virus infection	tissue
hsa-mir-200b	inflammatory bowel diseases	target
hsa-mir-200b	liver cirrhosis	tissue
hsa-mir-200b	liver neoplasms	target
hsa-mir-200b	lung neoplasms	target
hsa-mir-200b	lung neoplasms	tissue
hsa-mir-200b	lymphoma	target
hsa-mir-200b	melanoma	genetics
hsa-mir-200b	melanoma	target
hsa-mir-200b	melanoma	tissue
hsa-mir-200b	metabolic syndrome	target
hsa-mir-200b	nephrosclerosis	tissue
hsa-mir-200b	obesity	tissue
hsa-mir-200b	osteosarcoma	target
hsa-mir-200b	ovarian neoplasms	circulation
hsa-mir-200b	ovarian neoplasms	genetics
hsa-mir-200b	ovarian neoplasms	tissue
hsa-mir-200b	pancreatic neoplasms	target
hsa-mir-200b	pancreatic neoplasms	tissue
hsa-mir-200b	periodontitis	target
hsa-mir-200b	prolactinoma	tissue
hsa-mir-200b	prostate neoplasms	target
hsa-mir-200b	prostate neoplasms	tissue
hsa-mir-200b	pterygium	tissue
hsa-mir-200b	retinal degeneration	target
hsa-mir-200b	squamous cell carcinoma, head and neck	tissue
hsa-mir-200b	stroke, ischemic	genetics
hsa-mir-200b	thyroid neoplasms	circulation
hsa-mir-200b	thyroid neoplasms	target
hsa-mir-200b	thyroid neoplasms	tissue
hsa-mir-200b	tongue neoplasms	target
hsa-mir-200b	urinary bladder cancer	tissue
hsa-mir-200c	acute kidney failure	circulation
hsa-mir-200c	adenocarcinoma, lung	tissue
hsa-mir-200c	barrett esophagus	tissue
hsa-mir-200c	breast neoplasms	circulation
hsa-mir-200c	breast neoplasms	epigenetics
hsa-mir-200c	breast neoplasms	genetics
hsa-mir-200c	breast neoplasms	target
hsa-mir-200c	breast neoplasms	tissue
hsa-mir-200c	carcinoma, adrenocortical	tissue
hsa-mir-200c	carcinoma, breast	circulation
hsa-mir-200c	carcinoma, breast	epigenetics
hsa-mir-200c	carcinoma, breast	genetics
hsa-mir-200c	carcinoma, breast	target
hsa-mir-200c	carcinoma, endometrial	target
hsa-mir-200c	carcinoma, hepatocellular	epigenetics
hsa-mir-200c	carcinoma, hepatocellular	target
hsa-mir-200c	carcinoma, hepatocellular	tissue
hsa-mir-200c	carcinoma, nasopharyngeal	target
hsa-mir-200c	carcinoma, renal cell	circulation
hsa-mir-200c	carcinoma, renal cell	target
hsa-mir-200c	carcinoma, renal cell	tissue
hsa-mir-200c	cholangiocarcinoma	circulation
hsa-mir-200c	cholangiocarcinoma	target
hsa-mir-200c	cholangiocarcinoma	tissue
hsa-mir-200c	colitis, ulcerative	target
hsa-mir-200c	colon neoplasms	circulation
hsa-mir-200c	colon neoplasms	genetics
hsa-mir-200c	colon neoplasms	tissue
hsa-mir-200c	colorectal carcinoma	circulation
hsa-mir-200c	colorectal carcinoma	target
hsa-mir-200c	colorectal carcinoma	tissue
hsa-mir-200c	congenital microtia	target
hsa-mir-200c	crohn disease	circulation
hsa-mir-200c	diabetic nephropathy	tissue
hsa-mir-200c	endocrine gland neoplasms	tissue
hsa-mir-200c	endometrial neoplasms	genetics
hsa-mir-200c	endometrial neoplasms	target
hsa-mir-200c	endometrial neoplasms	tissue
hsa-mir-200c	endometriosis	target
hsa-mir-200c	endometriosis	tissue
hsa-mir-200c	gastrointestinal neoplasms	tissue
hsa-mir-200c	glioblastoma	target
hsa-mir-200c	glioma	target
hsa-mir-200c	head and neck neoplasms	target
hsa-mir-200c	head and neck neoplasms	tissue
hsa-mir-200c	heart failure	tissue
hsa-mir-200c	hepatitis b virus infection	tissue
hsa-mir-200c	kawasaki syndrome	circulation
hsa-mir-200c	kidney neoplasms	target
hsa-mir-200c	leiomyoma	target
hsa-mir-200c	leukemia, lymphoblastic, acute	circulation
hsa-mir-200c	liver neoplasms	target
hsa-mir-200c	lung neoplasms	circulation
hsa-mir-200c	lung neoplasms	genetics
hsa-mir-200c	lung neoplasms	target
hsa-mir-200c	lung neoplasms	tissue
hsa-mir-200c	lupus vulgaris	circulation
hsa-mir-200c	lymphoma	target
hsa-mir-200c	lymphoma, large b-cell, diffuse	circulation
hsa-mir-200c	melanoma	circulation
hsa-mir-200c	melanoma	genetics
hsa-mir-200c	melanoma	target
hsa-mir-200c	melanoma	tissue
hsa-mir-200c	neuropathic pain	target
hsa-mir-200c	ovarian neoplasms	circulation
hsa-mir-200c	ovarian neoplasms	target
hsa-mir-200c	ovarian neoplasms	tissue
hsa-mir-200c	pancreatic neoplasms	target
hsa-mir-200c	pancreatic neoplasms	tissue
hsa-mir-200c	pituitary adenoma	target
hsa-mir-200c	prostate neoplasms	circulation
hsa-mir-200c	prostate neoplasms	epigenetics
hsa-mir-200c	prostate neoplasms	target
hsa-mir-200c	prostate neoplasms	tissue
hsa-mir-200c	squamous cell carcinoma, head and neck	target
hsa-mir-200c	squamous cell carcinoma, head and neck	tissue
hsa-mir-200c	thyroid neoplasms	target
hsa-mir-200c	tuberculosis, pulmonary	circulation
hsa-mir-200c	urinary bladder cancer	target
hsa-mir-200c	urinary bladder cancer	tissue
hsa-mir-202	adenocarcinoma, lung	target
hsa-mir-202	breast neoplasms	circulation
hsa-mir-202	carcinoma, hepatocellular	target
hsa-mir-202	carcinoma, hepatocellular	tissue
hsa-mir-202	colorectal carcinoma	circulation
hsa-mir-202	colorectal carcinoma	target
hsa-mir-202	endometriosis	tissue
hsa-mir-202	glaucoma	circulation
hsa-mir-202	lung neoplasms	tissue
hsa-mir-202	multiple myeloma	circulation
hsa-mir-202	multiple myeloma	genetics
hsa-mir-202	multiple myeloma	target
hsa-mir-202	multiple myeloma	tissue
hsa-mir-202	osteosarcoma	target
hsa-mir-202	pancreatic neoplasms	target
hsa-mir-202	preeclampsia	tissue
hsa-mir-202	scleroderma, systemic	target
hsa-mir-203	adenocarcinoma, colon	target
hsa-mir-203	adenocarcinoma, lung	target
hsa-mir-203	adrenal cortex neoplasms	tissue
hsa-mir-203	atopic dermatitis	circulation
hsa-mir-203	barrett esophagus	tissue
hsa-mir-203	breast neoplasms	circulation
hsa-mir-203	breast neoplasms	epigenetics
hsa-mir-203	breast neoplasms	target
hsa-mir-203	breast neoplasms	tissue
hsa-mir-203	burns	tissue
hsa-mir-203	carcinoma, adrenocortical	tissue
hsa-mir-203	carcinoma, breast	epigenetics
hsa-mir-203	carcinoma, breast	target
hsa-mir-203	carcinoma, breast	tissue
hsa-mir-203	carcinoma, endometrial	epigenetics
hsa-mir-203	carcinoma, hepatocellular	epigenetics
hsa-mir-203	carcinoma, hepatocellular	target
hsa-mir-203	carcinoma, hepatocellular	tissue
hsa-mir-203	carcinoma, nasopharyngeal	target
hsa-mir-203	carcinoma, renal cell	circulation
hsa-mir-203	cholangiocarcinoma	target
hsa-mir-203	choriocarcinoma	tissue
hsa-mir-203	colon neoplasms	tissue
hsa-mir-203	colorectal carcinoma	circulation
hsa-mir-203	colorectal carcinoma	target
hsa-mir-203	colorectal carcinoma	tissue
hsa-mir-203	congenital microtia	target
hsa-mir-203	crohn disease	tissue
hsa-mir-203	endometriosis	tissue
hsa-mir-203	endomyocardial fibrosis	tissue
hsa-mir-203	eosinophilic esophagitis	circulation
hsa-mir-203	esophageal neoplasms	target
hsa-mir-203	esophageal neoplasms	tissue
hsa-mir-203	fatty liver, alcoholic	genetics
hsa-mir-203	glioblastoma	genetics
hsa-mir-203	glioblastoma	target
hsa-mir-203	glioblastoma	tissue
hsa-mir-203	glioma	target
hsa-mir-203	head and neck neoplasms	target
hsa-mir-203	head and neck neoplasms	tissue
hsa-mir-203	inflammation	target
hsa-mir-203	kidney neoplasms	target
hsa-mir-203	laryngeal neoplasms	target
hsa-mir-203	leukemia, myeloid, acute	epigenetics
hsa-mir-203	lichen planus	tissue
hsa-mir-203	lung neoplasms	target
hsa-mir-203	lung neoplasms	tissue
hsa-mir-203	lymphoma	circulation
hsa-mir-203	lymphoma	epigenetics
hsa-mir-203	lymphoma	tissue
hsa-mir-203	medulloblastoma	tissue
hsa-mir-203	melanoma	circulation
hsa-mir-203	melanoma	epigenetics
hsa-mir-203	melanoma	genetics
hsa-mir-203	melanoma	target
hsa-mir-203	melanoma	tissue
hsa-mir-203	multiple myeloma	epigenetics
hsa-mir-203	necrotizing enterocolitis	tissue
hsa-mir-203	neuroblastoma	target
hsa-mir-203	osteosarcoma	target
hsa-mir-203	ovarian neoplasms	circulation
hsa-mir-203	ovarian neoplasms	tissue
hsa-mir-203	pancreatic neoplasms	genetics
hsa-mir-203	pancreatic neoplasms	target
hsa-mir-203	pancreatic neoplasms	tissue
hsa-mir-203	pneumonia	target
hsa-mir-203	preeclampsia	circulation
hsa-mir-203	prostate neoplasms	genetics
hsa-mir-203	prostate neoplasms	tissue
hsa-mir-203	psoriasis	target
hsa-mir-203	psoriasis	tissue
hsa-mir-203	rhabdomyosarcoma	epigenetics
hsa-mir-203	shock, septic	tissue
hsa-mir-203	squamous cell carcinoma	tissue
hsa-mir-203	squamous cell carcinoma, head and neck	genetics
hsa-mir-203	squamous cell carcinoma, head and neck	target
hsa-mir-203	squamous cell carcinoma, head and neck	tissue
hsa-mir-203	urinary bladder cancer	epigenetics
hsa-mir-203	urinary bladder cancer	target
hsa-mir-203	urinary bladder cancer	tissue
hsa-mir-204	acute kidney failure	target
hsa-mir-204	adenocarcinoma, lung	target
hsa-mir-204	aplastic anemia	target
hsa-mir-204	breast neoplasms	target
hsa-mir-204	breast neoplasms	tissue
hsa-mir-204	carcinoma, breast	target
hsa-mir-204	carcinoma, endometrial	target
hsa-mir-204	carcinoma, hepatocellular	target
hsa-mir-204	carcinoma, hepatocellular	tissue
hsa-mir-204	carcinoma, nasopharyngeal	target
hsa-mir-204	carcinoma, renal cell	target
hsa-mir-204	carcinoma, renal cell	tissue
hsa-mir-204	carcinoma, thyroid	target
hsa-mir-204	cardiomyopathy, hypertrophic	tissue
hsa-mir-204	cervical neoplasms	target
hsa-mir-204	choriocarcinoma	target
hsa-mir-204	choriocarcinoma	tissue
hsa-mir-204	chronic kidney disease	tissue
hsa-mir-204	colon neoplasms	target
hsa-mir-204	colorectal carcinoma	target
hsa-mir-204	colorectal carcinoma	tissue
hsa-mir-204	diabetes mellitus	target
hsa-mir-204	endometrial neoplasms	target
hsa-mir-204	glioblastoma	target
hsa-mir-204	glioma	genetics
hsa-mir-204	glioma	target
hsa-mir-204	heart failure	tissue
hsa-mir-204	hepatitis b virus infection	tissue
hsa-mir-204	hypertension	target
hsa-mir-204	inflammation	target
hsa-mir-204	intrahepatic cholangiocarcinoma	target
hsa-mir-204	leukemia, lymphoblastic, acute	circulation
hsa-mir-204	leukemia, myeloid, acute	circulation
hsa-mir-204	leukemia, myeloid, acute	target
hsa-mir-204	lymphoma	target
hsa-mir-204	lymphoma, b-cell	target
hsa-mir-204	melanoma	target
hsa-mir-204	melanoma	tissue
hsa-mir-204	neuroblastoma	target
hsa-mir-204	neuroblastoma	tissue
hsa-mir-204	obesity	tissue
hsa-mir-204	osteoarthritis	target
hsa-mir-204	osteosarcoma	target
hsa-mir-204	pancreatic neoplasms	tissue
hsa-mir-204	pituitary adenoma	tissue
hsa-mir-204	preeclampsia	target
hsa-mir-204	preeclampsia	tissue
hsa-mir-204	prostate neoplasms	genetics
hsa-mir-204	prostate neoplasms	target
hsa-mir-204	prostate neoplasms	tissue
hsa-mir-204	retinal degeneration	tissue
hsa-mir-204	retinoblastoma	tissue
hsa-mir-204	spinal cord injuries	circulation
hsa-mir-204	thyroid neoplasms	target
hsa-mir-204	tuberculosis, pulmonary	circulation
hsa-mir-205	adenocarcinoma, lung	tissue
hsa-mir-205	aortic aneurysm, abdominal	target
hsa-mir-205	barrett esophagus	tissue
hsa-mir-205	breast neoplasms	circulation
hsa-mir-205	breast neoplasms	target
hsa-mir-205	breast neoplasms	tissue
hsa-mir-205	carcinoma, adrenocortical	target
hsa-mir-205	carcinoma, breast	genetics
hsa-mir-205	carcinoma, breast	target
hsa-mir-205	carcinoma, breast	tissue
hsa-mir-205	carcinoma, endometrial	target
hsa-mir-205	carcinoma, endometrial	tissue
hsa-mir-205	carcinoma, hepatocellular	target
hsa-mir-205	carcinoma, hepatocellular	tissue
hsa-mir-205	carcinoma, nasopharyngeal	genetics
hsa-mir-205	carcinoma, nasopharyngeal	target
hsa-mir-205	carcinoma, nasopharyngeal	tissue
hsa-mir-205	carcinoma, renal cell	genetics
hsa-mir-205	carcinoma, renal cell	target
hsa-mir-205	cervical neoplasms	target
hsa-mir-205	cholangiocarcinoma	target
hsa-mir-205	cholangiocarcinoma	tissue
hsa-mir-205	choriocarcinoma	tissue
hsa-mir-205	colon neoplasms	genetics
hsa-mir-205	colon neoplasms	tissue
hsa-mir-205	colorectal carcinoma	genetics
hsa-mir-205	colorectal carcinoma	target
hsa-mir-205	colorectal carcinoma	tissue
hsa-mir-205	diabetes mellitus, type 2	target
hsa-mir-205	endocrine gland neoplasms	tissue
hsa-mir-205	endometrial neoplasms	genetics
hsa-mir-205	endometrial neoplasms	target
hsa-mir-205	endometrial neoplasms	tissue
hsa-mir-205	esophageal neoplasms	target
hsa-mir-205	esophageal neoplasms	tissue
hsa-mir-205	esophagitis	tissue
hsa-mir-205	glaucoma	circulation
hsa-mir-205	glioblastoma	target
hsa-mir-205	glioma	circulation
hsa-mir-205	glioma	tissue
hsa-mir-205	head and neck neoplasms	circulation
hsa-mir-205	head and neck neoplasms	target
hsa-mir-205	head and neck neoplasms	tissue
hsa-mir-205	heart failure	tissue
hsa-mir-205	hepatitis b virus infection	epigenetics
hsa-mir-205	hepatoblastoma	epigenetics
hsa-mir-205	laryngeal neoplasms	tissue
hsa-mir-205	lung neoplasms	target
hsa-mir-205	lung neoplasms	tissue
hsa-mir-205	melanoma	circulation
hsa-mir-205	melanoma	genetics
hsa-mir-205	melanoma	target
hsa-mir-205	melanoma	tissue
hsa-mir-205	myelodysplastic syndromes	genetics
hsa-mir-205	nasopharyngeal neoplasms	target
hsa-mir-205	nephrosclerosis	tissue
hsa-mir-205	neuroblastoma	target
hsa-mir-205	osteoporosis	target
hsa-mir-205	osteosarcoma	target
hsa-mir-205	ovarian neoplasms	circulation
hsa-mir-205	ovarian neoplasms	target
hsa-mir-205	ovarian neoplasms	tissue
hsa-mir-205	pancreatic neoplasms	circulation
hsa-mir-205	pancreatic neoplasms	target
hsa-mir-205	parkinson disease	target
hsa-mir-205	polycystic kidney disease	tissue
hsa-mir-205	preeclampsia	circulation
hsa-mir-205	prostate neoplasms	circulation
hsa-mir-205	prostate neoplasms	epigenetics
hsa-mir-205	prostate neoplasms	genetics
hsa-mir-205	prostate neoplasms	target
hsa-mir-205	prostate neoplasms	tissue
hsa-mir-205	smoke inhalation injury	tissue
hsa-mir-205	squamous cell carcinoma	target
hsa-mir-205	squamous cell carcinoma, head and neck	tissue
hsa-mir-205	urinary bladder cancer	circulation
hsa-mir-205	urinary bladder cancer	target
hsa-mir-206	amyotrophic lateral sclerosis	circulation
hsa-mir-206	amyotrophic lateral sclerosis	genetics
hsa-mir-206	asthma	circulation
hsa-mir-206	astrocytoma	tissue
hsa-mir-206	atherosclerosis	target
hsa-mir-206	breast neoplasms	target
hsa-mir-206	breast neoplasms	tissue
hsa-mir-206	bronchopulmonary dysplasia	target
hsa-mir-206	carcinoma, breast	circulation
hsa-mir-206	carcinoma, breast	target
hsa-mir-206	carcinoma, hepatocellular	circulation
hsa-mir-206	carcinoma, hepatocellular	genetics
hsa-mir-206	carcinoma, hepatocellular	target
hsa-mir-206	carcinoma, renal cell	target
hsa-mir-206	carcinoma, renal cell	tissue
hsa-mir-206	cardiomegaly	genetics
hsa-mir-206	colitis, ulcerative	tissue
hsa-mir-206	colorectal carcinoma	target
hsa-mir-206	colorectal carcinoma	tissue
hsa-mir-206	coronary artery disease	circulation
hsa-mir-206	coronary artery disease	target
hsa-mir-206	diabetes mellitus, type 2	tissue
hsa-mir-206	endocrine gland neoplasms	tissue
hsa-mir-206	epithelioid sarcoma	target
hsa-mir-206	hirschsprung disease	tissue
hsa-mir-206	inflammation	target
hsa-mir-206	inflammatory bowel diseases	tissue
hsa-mir-206	ischemia	tissue
hsa-mir-206	laryngeal neoplasms	target
hsa-mir-206	laryngeal neoplasms	tissue
hsa-mir-206	leukemia, lymphocytic, chronic, b-cell	genetics
hsa-mir-206	lung neoplasms	circulation
hsa-mir-206	medulloblastoma	genetics
hsa-mir-206	melanoma	circulation
hsa-mir-206	melanoma	tissue
hsa-mir-206	muscle atrophy	genetics
hsa-mir-206	muscular dystrophy, duchenne	circulation
hsa-mir-206	mycobacterium tuberculosis infection	genetics
hsa-mir-206	myocardial infarction	circulation
hsa-mir-206	myocardial infarction	target
hsa-mir-206	osteosarcoma	circulation
hsa-mir-206	osteosarcoma	target
hsa-mir-206	ovarian neoplasms	genetics
hsa-mir-206	ovarian neoplasms	target
hsa-mir-206	ovarian neoplasms	tissue
hsa-mir-206	pancreatic neoplasms	target
hsa-mir-206	pituitary neoplasms	tissue
hsa-mir-206	preeclampsia	tissue
hsa-mir-206	prolactinoma	tissue
hsa-mir-206	prostate neoplasms	target
hsa-mir-206	rhabdomyosarcoma	circulation
hsa-mir-206	rhabdomyosarcoma	genetics
hsa-mir-206	rhabdomyosarcoma	target
hsa-mir-206	soft tissue sarcoma	target
hsa-mir-206	soft tissue sarcoma	tissue
hsa-mir-206	squamous cell carcinoma, head and neck	genetics
hsa-mir-206	squamous cell carcinoma, head and neck	target
hsa-mir-206	tuberculosis, pulmonary	circulation
hsa-mir-206	waldenstrom macroglobulinemia	circulation
hsa-mir-206	waldenstrom macroglobulinemia	epigenetics
hsa-mir-208	carcinoma, hepatocellular	target
hsa-mir-208	cardiomegaly	circulation
hsa-mir-208	cardiomyopathy, dilated	tissue
hsa-mir-208	diabetes mellitus	target
hsa-mir-208	heart failure	circulation
hsa-mir-208	heart failure	tissue
hsa-mir-208	myocardial infarction	circulation
hsa-mir-208a	atrial fibrillation	tissue
hsa-mir-208a	breast neoplasms	circulation
hsa-mir-208a	breast neoplasms	target
hsa-mir-208a	carcinoma, hepatocellular	tissue
hsa-mir-208a	cardiomegaly	tissue
hsa-mir-208a	colorectal carcinoma	epigenetics
hsa-mir-208a	coronary artery disease	circulation
hsa-mir-208a	endometrial neoplasms	epigenetics
hsa-mir-208a	gastrointestinal neoplasms	epigenetics
hsa-mir-208a	heart failure	circulation
hsa-mir-208a	heart failure	target
hsa-mir-208a	heart failure	tissue
hsa-mir-208a	lung neoplasms	target
hsa-mir-208a	myocardial infarction	circulation
hsa-mir-208a	myocardial infarction	genetics
hsa-mir-208a	myocardial infarction	target
hsa-mir-208a	myocardial infarction	tissue
hsa-mir-208b	carcinoma, hepatocellular	tissue
hsa-mir-208b	cardiomyopathy, dilated	tissue
hsa-mir-208b	cardiomyopathy, hypertrophic	genetics
hsa-mir-208b	essential hypertension	circulation
hsa-mir-208b	heart failure	tissue
hsa-mir-208b	hypertension	circulation
hsa-mir-208b	lupus vulgaris	circulation
hsa-mir-208b	myocardial infarction	circulation
hsa-mir-208b	myocardial infarction	genetics
hsa-mir-208b	osteosarcoma	target
hsa-mir-208b	spinal cord injuries	tissue
hsa-mir-20a	atherosclerosis	target
hsa-mir-20a	atrial fibrillation	genetics
hsa-mir-20a	azoospermia	tissue
hsa-mir-20a	breast neoplasms	circulation
hsa-mir-20a	breast neoplasms	genetics
hsa-mir-20a	breast neoplasms	target
hsa-mir-20a	breast neoplasms	tissue
hsa-mir-20a	bronchopulmonary dysplasia	epigenetics
hsa-mir-20a	carcinoma, adenoid cystic	tissue
hsa-mir-20a	carcinoma, breast	circulation
hsa-mir-20a	carcinoma, hepatocellular	circulation
hsa-mir-20a	carcinoma, hepatocellular	genetics
hsa-mir-20a	carcinoma, hepatocellular	target
hsa-mir-20a	carcinoma, hepatocellular	tissue
hsa-mir-20a	cholangiocarcinoma	target
hsa-mir-20a	chronic kidney disease	tissue
hsa-mir-20a	colon neoplasms	genetics
hsa-mir-20a	colon neoplasms	tissue
hsa-mir-20a	colorectal carcinoma	circulation
hsa-mir-20a	colorectal carcinoma	epigenetics
hsa-mir-20a	colorectal carcinoma	target
hsa-mir-20a	colorectal carcinoma	tissue
hsa-mir-20a	diabetes mellitus	target
hsa-mir-20a	diabetes mellitus, type 1	circulation
hsa-mir-20a	diabetes mellitus, type 2	circulation
hsa-mir-20a	endometriosis	circulation
hsa-mir-20a	endometriosis	target
hsa-mir-20a	endometriosis	tissue
hsa-mir-20a	esophageal neoplasms	tissue
hsa-mir-20a	gastrointestinal neoplasms	tissue
hsa-mir-20a	gastrointestinal stromal tumor	target
hsa-mir-20a	glioblastoma	circulation
hsa-mir-20a	glioblastoma	target
hsa-mir-20a	glioblastoma	tissue
hsa-mir-20a	glioma	epigenetics
hsa-mir-20a	glioma	target
hsa-mir-20a	glioma	tissue
hsa-mir-20a	hemangiosarcoma	target
hsa-mir-20a	hematologic neoplasms	genetics
hsa-mir-20a	inflammation	tissue
hsa-mir-20a	influenza	circulation
hsa-mir-20a	leukemia	target
hsa-mir-20a	leukemia, b-cell	circulation
hsa-mir-20a	leukemia, b-cell	tissue
hsa-mir-20a	leukemia, lymphoblastic, acute	circulation
hsa-mir-20a	leukemia, lymphocytic, chronic, b-cell	circulation
hsa-mir-20a	leukemia, lymphocytic, chronic, b-cell	target
hsa-mir-20a	leukemia, myeloid	circulation
hsa-mir-20a	leukemia, myeloid	target
hsa-mir-20a	leukemia, myeloid, acute	epigenetics
hsa-mir-20a	leukemia, myeloid, acute	target
hsa-mir-20a	leukemia-lymphoma, adult t-cell	target
hsa-mir-20a	lung neoplasms	circulation
hsa-mir-20a	lung neoplasms	genetics
hsa-mir-20a	lung neoplasms	tissue
hsa-mir-20a	lymphoma	circulation
hsa-mir-20a	lymphoma	target
hsa-mir-20a	lymphoma, b-cell	circulation
hsa-mir-20a	lymphoma, b-cell	target
hsa-mir-20a	lymphoma, b-cell	tissue
hsa-mir-20a	lymphoma, large b-cell, diffuse	circulation
hsa-mir-20a	lymphoma, large b-cell, diffuse	target
hsa-mir-20a	lymphoma, large-cell, anaplastic	circulation
hsa-mir-20a	lymphoma, mantle-cell	target
hsa-mir-20a	lymphoma, t-cell	tissue
hsa-mir-20a	medulloblastoma	target
hsa-mir-20a	melanoma	circulation
hsa-mir-20a	melanoma	genetics
hsa-mir-20a	melanoma	tissue
hsa-mir-20a	mesothelioma	tissue
hsa-mir-20a	multiple myeloma	circulation
hsa-mir-20a	multiple myeloma	target
hsa-mir-20a	multiple sclerosis	tissue
hsa-mir-20a	myelodysplastic syndromes	target
hsa-mir-20a	myocardial infarction	circulation
hsa-mir-20a	nasopharyngeal neoplasms	circulation
hsa-mir-20a	neuroblastoma	target
hsa-mir-20a	osteosarcoma	genetics
hsa-mir-20a	osteosarcoma	target
hsa-mir-20a	osteosarcoma	tissue
hsa-mir-20a	ovarian neoplasms	genetics
hsa-mir-20a	ovarian neoplasms	target
hsa-mir-20a	ovarian neoplasms	tissue
hsa-mir-20a	pancreatic neoplasms	target
hsa-mir-20a	pancreatic neoplasms	tissue
hsa-mir-20a	preeclampsia	target
hsa-mir-20a	preeclampsia	tissue
hsa-mir-20a	prostate neoplasms	target
hsa-mir-20a	prostate neoplasms	tissue
hsa-mir-20a	rectal neoplasms	circulation
hsa-mir-20a	rectal neoplasms	target
hsa-mir-20a	retinoblastoma	target
hsa-mir-20a	retinoblastoma	tissue
hsa-mir-20a	salivary gland neoplasms	tissue
hsa-mir-20a	squamous cell carcinoma, head and neck	tissue
hsa-mir-20a	stroke	tissue
hsa-mir-20a	thyroid neoplasms	target
hsa-mir-20a	tuberculosis	target
hsa-mir-20a	urinary bladder cancer	target
hsa-mir-20a	urinary bladder cancer	tissue
hsa-mir-20a	vasculitis	circulation
hsa-mir-20b	breast neoplasms	circulation
hsa-mir-20b	breast neoplasms	target
hsa-mir-20b	breast neoplasms	tissue
hsa-mir-20b	carcinoma, breast	target
hsa-mir-20b	carcinoma, breast	tissue
hsa-mir-20b	carcinoma, hepatocellular	target
hsa-mir-20b	carcinoma, hepatocellular	tissue
hsa-mir-20b	colorectal carcinoma	target
hsa-mir-20b	colorectal carcinoma	tissue
hsa-mir-20b	diabetes mellitus, type 2	circulation
hsa-mir-20b	diabetic retinopathy	target
hsa-mir-20b	encephalomyelitis	target
hsa-mir-20b	glioma	tissue
hsa-mir-20b	heart failure	circulation
hsa-mir-20b	laryngeal neoplasms	tissue
hsa-mir-20b	melanoma	circulation
hsa-mir-20b	melanoma	target
hsa-mir-20b	mesothelioma	tissue
hsa-mir-20b	myasthenia gravis	circulation
hsa-mir-20b	ovarian neoplasms	tissue
hsa-mir-20b	peripheral vascular disease	circulation
hsa-mir-20b	preeclampsia	target
hsa-mir-20b	prostate neoplasms	target
hsa-mir-20b	salivary gland neoplasms	tissue
hsa-mir-20b	spinal cord injuries	circulation
hsa-mir-20b	squamous cell carcinoma, head and neck	target
hsa-mir-20b	tuberculosis	target
hsa-mir-20b	urinary bladder cancer	tissue
hsa-mir-21	acute coronary syndrome	circulation
hsa-mir-21	acute kidney failure	genetics
hsa-mir-21	acute kidney failure	tissue
hsa-mir-21	acute lung injury	tissue
hsa-mir-21	adenocarcinoma, colon	tissue
hsa-mir-21	adenocarcinoma, lung	circulation
hsa-mir-21	adenocarcinoma, lung	target
hsa-mir-21	adenocarcinoma, lung	tissue
hsa-mir-21	aortic aneurysm, thoracic	tissue
hsa-mir-21	arteriosclerosis obliterans	target
hsa-mir-21	asthma	genetics
hsa-mir-21	asthma	target
hsa-mir-21	astrocytoma	tissue
hsa-mir-21	atherosclerosis	circulation
hsa-mir-21	atherosclerosis	genetics
hsa-mir-21	atherosclerosis	target
hsa-mir-21	atherosclerosis	tissue
hsa-mir-21	atopic dermatitis	tissue
hsa-mir-21	atrial fibrillation	circulation
hsa-mir-21	atrial fibrillation	target
hsa-mir-21	atrial fibrillation	tissue
hsa-mir-21	barrett esophagus	target
hsa-mir-21	barrett esophagus	tissue
hsa-mir-21	biliary atresia	target
hsa-mir-21	biliary tract neoplasms	circulation
hsa-mir-21	brain neoplasms	circulation
hsa-mir-21	brain neoplasms	target
hsa-mir-21	breast neoplasms	circulation
hsa-mir-21	breast neoplasms	epigenetics
hsa-mir-21	breast neoplasms	genetics
hsa-mir-21	breast neoplasms	target
hsa-mir-21	breast neoplasms	tissue
hsa-mir-21	bronchopulmonary dysplasia	tissue
hsa-mir-21	carcinoma, adenoid cystic	tissue
hsa-mir-21	carcinoma, adrenocortical	tissue
hsa-mir-21	carcinoma, basal cell	target
hsa-mir-21	carcinoma, breast	circulation
hsa-mir-21	carcinoma, breast	target
hsa-mir-21	carcinoma, breast	tissue
hsa-mir-21	carcinoma, hepatocellular	circulation
hsa-mir-21	carcinoma, hepatocellular	genetics
hsa-mir-21	carcinoma, hepatocellular	target
hsa-mir-21	carcinoma, hepatocellular	tissue
hsa-mir-21	carcinoma, nasopharyngeal	target
hsa-mir-21	carcinoma, nasopharyngeal	tissue
hsa-mir-21	carcinoma, renal cell	circulation
hsa-mir-21	carcinoma, renal cell	target
hsa-mir-21	carcinoma, renal cell	tissue
hsa-mir-21	cardiomegaly	target
hsa-mir-21	cardiomegaly	tissue
hsa-mir-21	cardiomyopathy	circulation
hsa-mir-21	cardiomyopathy, dilated	tissue
hsa-mir-21	cardiomyopathy, hypertrophic	target
hsa-mir-21	cervical neoplasms	circulation
hsa-mir-21	cervical neoplasms	target
hsa-mir-21	cervical neoplasms	tissue
hsa-mir-21	cholangiocarcinoma	circulation
hsa-mir-21	cholangiocarcinoma	genetics
hsa-mir-21	cholangiocarcinoma	target
hsa-mir-21	cholangiocarcinoma	tissue
hsa-mir-21	cholesteatoma	circulation
hsa-mir-21	cholesteatoma	genetics
hsa-mir-21	cholesteatoma	tissue
hsa-mir-21	choriocarcinoma	genetics
hsa-mir-21	choriocarcinoma	target
hsa-mir-21	choriocarcinoma	tissue
hsa-mir-21	chronic kidney disease	circulation
hsa-mir-21	chronic kidney disease	tissue
hsa-mir-21	chronic pancreatitis	tissue
hsa-mir-21	colitis	genetics
hsa-mir-21	colitis, ulcerative	tissue
hsa-mir-21	colon neoplasms	target
hsa-mir-21	colon neoplasms	tissue
hsa-mir-21	colorectal carcinoma	circulation
hsa-mir-21	colorectal carcinoma	epigenetics
hsa-mir-21	colorectal carcinoma	genetics
hsa-mir-21	colorectal carcinoma	target
hsa-mir-21	colorectal carcinoma	tissue
hsa-mir-21	congenital heart diseases	target
hsa-mir-21	coronary artery disease	circulation
hsa-mir-21	coronary artery disease	target
hsa-mir-21	coronary artery disease	tissue
hsa-mir-21	diabetes mellitus	circulation
hsa-mir-21	diabetes mellitus	target
hsa-mir-21	diabetes mellitus, type 1	circulation
hsa-mir-21	diabetes mellitus, type 1	target
hsa-mir-21	diabetes mellitus, type 2	circulation
hsa-mir-21	diabetes mellitus, type 2	tissue
hsa-mir-21	diabetic nephropathy	circulation
hsa-mir-21	diabetic nephropathy	target
hsa-mir-21	diabetic nephropathy	tissue
hsa-mir-21	diabetic retinopathy	circulation
hsa-mir-21	digestive system neoplasms	circulation
hsa-mir-21	eclampsia	tissue
hsa-mir-21	endocrine gland neoplasms	tissue
hsa-mir-21	endometrial neoplasms	tissue
hsa-mir-21	endometriosis	target
hsa-mir-21	endometriosis	tissue
hsa-mir-21	endomyocardial fibrosis	target
hsa-mir-21	eosinophilic esophagitis	circulation
hsa-mir-21	eosinophilic esophagitis	tissue
hsa-mir-21	epilepsy	circulation
hsa-mir-21	esophageal neoplasms	circulation
hsa-mir-21	esophageal neoplasms	genetics
hsa-mir-21	esophageal neoplasms	target
hsa-mir-21	esophageal neoplasms	tissue
hsa-mir-21	essential hypertension	circulation
hsa-mir-21	ewing sarcoma	tissue
hsa-mir-21	familial mediterranean fever	circulation
hsa-mir-21	fibromyalgia	tissue
hsa-mir-21	glioblastoma	circulation
hsa-mir-21	glioblastoma	genetics
hsa-mir-21	glioblastoma	target
hsa-mir-21	glioblastoma	tissue
hsa-mir-21	glioma	circulation
hsa-mir-21	glioma	genetics
hsa-mir-21	glioma	target
hsa-mir-21	glioma	tissue
hsa-mir-21	glomerulonephritis	circulation
hsa-mir-21	head and neck neoplasms	target
hsa-mir-21	head and neck neoplasms	tissue
hsa-mir-21	heart failure	circulation
hsa-mir-21	heart failure	genetics
hsa-mir-21	heart failure	target
hsa-mir-21	heart failure	tissue
hsa-mir-21	hematologic neoplasms	genetics
hsa-mir-21	hemophagocytic lymphohistiocytosis	target
hsa-mir-21	hepatoblastoma	circulation
hsa-mir-21	hypertension	circulation
hsa-mir-21	hypertension	genetics
hsa-mir-21	hypertension	target
hsa-mir-21	hypertrophy	circulation
hsa-mir-21	idiopathic pulmonary fibrosis	circulation
hsa-mir-21	inflammation	epigenetics
hsa-mir-21	inflammation	genetics
hsa-mir-21	inflammation	target
hsa-mir-21	inflammation	tissue
hsa-mir-21	inflammatory bowel diseases	circulation
hsa-mir-21	inflammatory bowel diseases	tissue
hsa-mir-21	irritable bowel syndrome	tissue
hsa-mir-21	ischemia	genetics
hsa-mir-21	ischemia	tissue
hsa-mir-21	kidney neoplasms	circulation
hsa-mir-21	kidney neoplasms	target
hsa-mir-21	laryngeal neoplasms	target
hsa-mir-21	laryngeal neoplasms	tissue
hsa-mir-21	leukemia	circulation
hsa-mir-21	leukemia	target
hsa-mir-21	leukemia	tissue
hsa-mir-21	leukemia, lymphoblastic, acute	genetics
hsa-mir-21	leukemia, lymphocytic, chronic, b-cell	circulation
hsa-mir-21	leukemia, lymphocytic, chronic, b-cell	target
hsa-mir-21	leukemia, myeloid	circulation
hsa-mir-21	leukemia, myeloid, acute	genetics
hsa-mir-21	leukemia, myeloid, acute	target
hsa-mir-21	lichen planus	tissue
hsa-mir-21	liver cirrhosis	circulation
hsa-mir-21	liver cirrhosis	genetics
hsa-mir-21	liver cirrhosis	target
hsa-mir-21	liver neoplasms	target
hsa-mir-21	liver neoplasms	tissue
hsa-mir-21	lung neoplasms	circulation
hsa-mir-21	lung neoplasms	genetics
hsa-mir-21	lung neoplasms	target
hsa-mir-21	lung neoplasms	tissue
hsa-mir-21	lupus nephritis	circulation
hsa-mir-21	lymphoma	circulation
hsa-mir-21	lymphoma	tissue
hsa-mir-21	lymphoma, b-cell	target
hsa-mir-21	lymphoma, large b-cell, diffuse	circulation
hsa-mir-21	lymphoma, large b-cell, diffuse	genetics
hsa-mir-21	lymphoma, large b-cell, diffuse	target
hsa-mir-21	lymphoma, non-hodgkin	circulation
hsa-mir-21	lymphoma, non-hodgkin	target
hsa-mir-21	lymphoma, t-cell	circulation
hsa-mir-21	lymphoma, t-cell	epigenetics
hsa-mir-21	medulloblastoma	tissue
hsa-mir-21	melanoma	circulation
hsa-mir-21	melanoma	genetics
hsa-mir-21	melanoma	target
hsa-mir-21	melanoma	tissue
hsa-mir-21	meningioma	tissue
hsa-mir-21	mesothelioma	tissue
hsa-mir-21	multiple myeloma	circulation
hsa-mir-21	multiple myeloma	target
hsa-mir-21	multiple myeloma	tissue
hsa-mir-21	multiple sclerosis	circulation
hsa-mir-21	multiple sclerosis	epigenetics
hsa-mir-21	multiple sclerosis	target
hsa-mir-21	muscle atrophy	circulation
hsa-mir-21	muscle atrophy	tissue
hsa-mir-21	mycobacterium tuberculosis infection	circulation
hsa-mir-21	myelodysplastic syndromes	circulation
hsa-mir-21	myocardial infarction	circulation
hsa-mir-21	myocardial infarction	genetics
hsa-mir-21	myocardial infarction	target
hsa-mir-21	myocardial infarction	tissue
hsa-mir-21	nasopharyngeal neoplasms	target
hsa-mir-21	necrotizing enterocolitis	tissue
hsa-mir-21	neurilemmoma	circulation
hsa-mir-21	neuroblastoma	genetics
hsa-mir-21	neuroblastoma	target
hsa-mir-21	obesity	circulation
hsa-mir-21	obesity	genetics
hsa-mir-21	obesity	target
hsa-mir-21	obesity	tissue
hsa-mir-21	oral leukoplakia	tissue
hsa-mir-21	osteoarthritis	target
hsa-mir-21	osteosarcoma	circulation
hsa-mir-21	osteosarcoma	genetics
hsa-mir-21	osteosarcoma	target
hsa-mir-21	ovarian neoplasms	circulation
hsa-mir-21	ovarian neoplasms	target
hsa-mir-21	ovarian neoplasms	tissue
hsa-mir-21	pancreatic neoplasms	circulation
hsa-mir-21	pancreatic neoplasms	epigenetics
hsa-mir-21	pancreatic neoplasms	target
hsa-mir-21	pancreatic neoplasms	tissue
hsa-mir-21	parkinson disease	tissue
hsa-mir-21	periodontitis	target
hsa-mir-21	periodontitis	tissue
hsa-mir-21	peripheral nervous system diseases	circulation
hsa-mir-21	peritoneal fibrosis	target
hsa-mir-21	peritoneal neoplasms	tissue
hsa-mir-21	pituitary adenoma	tissue
hsa-mir-21	pituitary neoplasms	target
hsa-mir-21	polycystic ovarian syndrome	target
hsa-mir-21	polycythemia vera	circulation
hsa-mir-21	preeclampsia	circulation
hsa-mir-21	preeclampsia	tissue
hsa-mir-21	prion diseases	tissue
hsa-mir-21	prostate neoplasms	circulation
hsa-mir-21	prostate neoplasms	epigenetics
hsa-mir-21	prostate neoplasms	target
hsa-mir-21	prostate neoplasms	tissue
hsa-mir-21	psoriasis	circulation
hsa-mir-21	psoriasis	target
hsa-mir-21	psoriasis	tissue
hsa-mir-21	rectal neoplasms	target
hsa-mir-21	rectal neoplasms	tissue
hsa-mir-21	salivary gland neoplasms	tissue
hsa-mir-21	scleroderma, systemic	target
hsa-mir-21	scleroderma, systemic	tissue
hsa-mir-21	sjogren syndrome	tissue
hsa-mir-21	spinal cord injuries	genetics
hsa-mir-21	spinal cord injuries	tissue
hsa-mir-21	squamous cell carcinoma	tissue
hsa-mir-21	squamous cell carcinoma, head and neck	circulation
hsa-mir-21	squamous cell carcinoma, head and neck	genetics
hsa-mir-21	squamous cell carcinoma, head and neck	target
hsa-mir-21	squamous cell carcinoma, head and neck	tissue
hsa-mir-21	stroke	circulation
hsa-mir-21	stroke	tissue
hsa-mir-21	stroke, ischemic	target
hsa-mir-21	thyroid neoplasms	target
hsa-mir-21	thyroid neoplasms	tissue
hsa-mir-21	tuberculosis, pulmonary	circulation
hsa-mir-21	tuberculosis, pulmonary	tissue
hsa-mir-21	urinary bladder cancer	circulation
hsa-mir-21	urinary bladder cancer	target
hsa-mir-21	urinary bladder cancer	tissue
hsa-mir-210	acute kidney failure	circulation
hsa-mir-210	adenocarcinoma, lung	circulation
hsa-mir-210	adenocarcinoma, lung	target
hsa-mir-210	adenocarcinoma, lung	tissue
hsa-mir-210	adenovirus infection	tissue
hsa-mir-210	adrenal cortex neoplasms	circulation
hsa-mir-210	adrenal cortex neoplasms	tissue
hsa-mir-210	astrocytoma	tissue
hsa-mir-210	atherosclerosis	circulation
hsa-mir-210	atherosclerosis	target
hsa-mir-210	breast neoplasms	circulation
hsa-mir-210	breast neoplasms	target
hsa-mir-210	breast neoplasms	tissue
hsa-mir-210	carcinoma, adrenocortical	tissue
hsa-mir-210	carcinoma, breast	target
hsa-mir-210	carcinoma, breast	tissue
hsa-mir-210	carcinoma, hepatocellular	circulation
hsa-mir-210	carcinoma, hepatocellular	target
hsa-mir-210	carcinoma, hepatocellular	tissue
hsa-mir-210	carcinoma, renal cell	circulation
hsa-mir-210	carcinoma, renal cell	target
hsa-mir-210	carcinoma, renal cell	tissue
hsa-mir-210	cervical neoplasms	target
hsa-mir-210	cholangiocarcinoma	target
hsa-mir-210	chronic kidney disease	circulation
hsa-mir-210	colon neoplasms	tissue
hsa-mir-210	colorectal carcinoma	circulation
hsa-mir-210	colorectal carcinoma	epigenetics
hsa-mir-210	colorectal carcinoma	genetics
hsa-mir-210	colorectal carcinoma	tissue
hsa-mir-210	diabetes mellitus, type 1	circulation
hsa-mir-210	endometrial neoplasms	tissue
hsa-mir-210	eosinophilic esophagitis	circulation
hsa-mir-210	epilepsy	genetics
hsa-mir-210	esophageal neoplasms	tissue
hsa-mir-210	gastrointestinal stromal tumor	genetics
hsa-mir-210	glioblastoma	target
hsa-mir-210	glioblastoma	tissue
hsa-mir-210	glioma	circulation
hsa-mir-210	glioma	target
hsa-mir-210	glioma	tissue
hsa-mir-210	heart failure	tissue
hsa-mir-210	hepatoblastoma	tissue
hsa-mir-210	idiopathic pulmonary fibrosis	target
hsa-mir-210	intervertebral disc degeneration	genetics
hsa-mir-210	ischemia	target
hsa-mir-210	ischemia	tissue
hsa-mir-210	kidney neoplasms	genetics
hsa-mir-210	laryngeal neoplasms	target
hsa-mir-210	leukemia	tissue
hsa-mir-210	leukemia, myeloid, acute	circulation
hsa-mir-210	liver neoplasms	tissue
hsa-mir-210	lung neoplasms	circulation
hsa-mir-210	lung neoplasms	target
hsa-mir-210	lung neoplasms	tissue
hsa-mir-210	lupus vulgaris	circulation
hsa-mir-210	lymphoma	circulation
hsa-mir-210	malignant peripheral nerve sheath tumor	target
hsa-mir-210	melanoma	circulation
hsa-mir-210	melanoma	target
hsa-mir-210	melanoma	tissue
hsa-mir-210	muscle atrophy	circulation
hsa-mir-210	myasthenia gravis	circulation
hsa-mir-210	myocardial infarction	circulation
hsa-mir-210	myocardial infarction	genetics
hsa-mir-210	myocardial infarction	target
hsa-mir-210	myocardial infarction	tissue
hsa-mir-210	nephrotic syndrome	circulation
hsa-mir-210	neurilemmoma	target
hsa-mir-210	neuroblastoma	target
hsa-mir-210	neuroendocrine tumors	tissue
hsa-mir-210	obesity	target
hsa-mir-210	osteoarthritis	genetics
hsa-mir-210	osteosarcoma	target
hsa-mir-210	osteosarcoma	tissue
hsa-mir-210	ovarian neoplasms	target
hsa-mir-210	ovarian neoplasms	tissue
hsa-mir-210	pancreatic neoplasms	circulation
hsa-mir-210	pancreatic neoplasms	target
hsa-mir-210	pancreatic neoplasms	tissue
hsa-mir-210	pheochromocytoma	target
hsa-mir-210	pituitary adenoma	tissue
hsa-mir-210	preeclampsia	circulation
hsa-mir-210	preeclampsia	target
hsa-mir-210	preeclampsia	tissue
hsa-mir-210	prostate neoplasms	circulation
hsa-mir-210	prostate neoplasms	tissue
hsa-mir-210	psoriasis	target
hsa-mir-210	pterygium	tissue
hsa-mir-210	sepsis	target
hsa-mir-210	soft tissue sarcoma	target
hsa-mir-210	spinal cord injuries	target
hsa-mir-210	squamous cell carcinoma, head and neck	circulation
hsa-mir-210	stroke, ischemic	tissue
hsa-mir-210	urinary bladder cancer	epigenetics
hsa-mir-210	urinary bladder cancer	target
hsa-mir-211	carcinoma, hepatocellular	target
hsa-mir-211	chronic kidney disease	tissue
hsa-mir-211	colorectal carcinoma	target
hsa-mir-211	colorectal carcinoma	tissue
hsa-mir-211	diabetic retinopathy	target
hsa-mir-211	eosinophilic esophagitis	circulation
hsa-mir-211	glaucoma	target
hsa-mir-211	glioma	epigenetics
hsa-mir-211	head and neck neoplasms	target
hsa-mir-211	heart failure	circulation
hsa-mir-211	heart failure	tissue
hsa-mir-211	medulloblastoma	tissue
hsa-mir-211	melanoma	circulation
hsa-mir-211	melanoma	epigenetics
hsa-mir-211	melanoma	target
hsa-mir-211	melanoma	tissue
hsa-mir-211	pancreatic neoplasms	circulation
hsa-mir-211	pancreatic neoplasms	target
hsa-mir-211	pterygium	tissue
hsa-mir-211	shock, septic	tissue
hsa-mir-211	thyroid neoplasms	genetics
hsa-mir-2110	amyotrophic lateral sclerosis	circulation
hsa-mir-2110	carcinoma, hepatocellular	tissue
hsa-mir-2110	colorectal carcinoma	tissue
hsa-mir-2110	pituitary adenoma	tissue
hsa-mir-212	breast neoplasms	target
hsa-mir-212	carcinoma, breast	epigenetics
hsa-mir-212	carcinoma, breast	tissue
hsa-mir-212	carcinoma, hepatocellular	target
hsa-mir-212	carcinoma, hepatocellular	tissue
hsa-mir-212	diabetes mellitus, type 2	genetics
hsa-mir-212	eosinophilic esophagitis	circulation
hsa-mir-212	gastrointestinal neoplasms	epigenetics
hsa-mir-212	glioblastoma	target
hsa-mir-212	habitual abortion	target
hsa-mir-212	heart failure	genetics
hsa-mir-212	heart failure	tissue
hsa-mir-212	hypertension	circulation
hsa-mir-212	inflammation	circulation
hsa-mir-212	leukemia, lymphocytic, chronic, b-cell	tissue
hsa-mir-212	lung neoplasms	target
hsa-mir-212	lung neoplasms	tissue
hsa-mir-212	ovarian neoplasms	target
hsa-mir-212	pancreatic neoplasms	target
hsa-mir-212	urinary bladder cancer	epigenetics
hsa-mir-212	urinary bladder cancer	tissue
hsa-mir-214	acute kidney failure	target
hsa-mir-214	adenocarcinoma, lung	genetics
hsa-mir-214	adenocarcinoma, lung	tissue
hsa-mir-214	adrenal cortex neoplasms	tissue
hsa-mir-214	arthritis	circulation
hsa-mir-214	breast neoplasms	circulation
hsa-mir-214	breast neoplasms	genetics
hsa-mir-214	breast neoplasms	target
hsa-mir-214	breast neoplasms	tissue
hsa-mir-214	bronchopulmonary dysplasia	tissue
hsa-mir-214	carcinoma, breast	target
hsa-mir-214	carcinoma, breast	tissue
hsa-mir-214	carcinoma, hepatocellular	genetics
hsa-mir-214	carcinoma, hepatocellular	target
hsa-mir-214	carcinoma, hepatocellular	tissue
hsa-mir-214	carcinoma, nasopharyngeal	genetics
hsa-mir-214	carcinoma, nasopharyngeal	target
hsa-mir-214	carcinoma, thyroid	target
hsa-mir-214	cardiomegaly	genetics
hsa-mir-214	cardiomegaly	target
hsa-mir-214	cardiomyopathy	target
hsa-mir-214	cardiomyopathy, hypertrophic	tissue
hsa-mir-214	cervical neoplasms	target
hsa-mir-214	cholangiocarcinoma	target
hsa-mir-214	cholangiocarcinoma	tissue
hsa-mir-214	chronic kidney disease	tissue
hsa-mir-214	colorectal carcinoma	tissue
hsa-mir-214	diabetes mellitus	genetics
hsa-mir-214	diabetic nephropathy	circulation
hsa-mir-214	esophageal neoplasms	target
hsa-mir-214	glioma	target
hsa-mir-214	heart failure	target
hsa-mir-214	hepatoblastoma	tissue
hsa-mir-214	hiv-associated lipodystrophy	tissue
hsa-mir-214	kidney neoplasms	genetics
hsa-mir-214	laryngeal neoplasms	tissue
hsa-mir-214	leukemia, lymphocytic, chronic, b-cell	epigenetics
hsa-mir-214	liver cirrhosis	tissue
hsa-mir-214	lung neoplasms	tissue
hsa-mir-214	lymphoma, b-cell	tissue
hsa-mir-214	lymphoma, large b-cell, diffuse	circulation
hsa-mir-214	melanoma	circulation
hsa-mir-214	melanoma	genetics
hsa-mir-214	melanoma	target
hsa-mir-214	melanoma	tissue
hsa-mir-214	mesothelioma	tissue
hsa-mir-214	muscle atrophy	circulation
hsa-mir-214	nasopharyngeal neoplasms	target
hsa-mir-214	osteosarcoma	genetics
hsa-mir-214	osteosarcoma	target
hsa-mir-214	ovarian neoplasms	circulation
hsa-mir-214	ovarian neoplasms	genetics
hsa-mir-214	ovarian neoplasms	target
hsa-mir-214	ovarian neoplasms	tissue
hsa-mir-214	pancreatic neoplasms	tissue
hsa-mir-214	parkinson disease	genetics
hsa-mir-214	prostate neoplasms	tissue
hsa-mir-214	retinal neovascularization	tissue
hsa-mir-214	rhabdomyosarcoma	epigenetics
hsa-mir-214	sickle cell disease	target
hsa-mir-214	urinary bladder cancer	target
hsa-mir-214	urinary bladder cancer	tissue
hsa-mir-215	adenocarcinoma, lung	tissue
hsa-mir-215	barrett esophagus	tissue
hsa-mir-215	breast neoplasms	circulation
hsa-mir-215	breast neoplasms	genetics
hsa-mir-215	breast neoplasms	tissue
hsa-mir-215	carcinoma, hepatocellular	target
hsa-mir-215	carcinoma, hepatocellular	tissue
hsa-mir-215	carcinoma, renal cell	tissue
hsa-mir-215	cervical neoplasms	target
hsa-mir-215	colon neoplasms	target
hsa-mir-215	colon neoplasms	tissue
hsa-mir-215	colorectal carcinoma	target
hsa-mir-215	colorectal carcinoma	tissue
hsa-mir-215	endometrial neoplasms	target
hsa-mir-215	glioma	genetics
hsa-mir-215	glioma	target
hsa-mir-215	heart failure	tissue
hsa-mir-215	hirschsprung disease	target
hsa-mir-215	kidney neoplasms	target
hsa-mir-215	leukemia, myeloid, acute	circulation
hsa-mir-215	lung neoplasms	circulation
hsa-mir-215	lung neoplasms	target
hsa-mir-215	melanoma	genetics
hsa-mir-215	multiple myeloma	target
hsa-mir-215	osteosarcoma	circulation
hsa-mir-215	ovarian neoplasms	genetics
hsa-mir-215	pancreatic neoplasms	target
hsa-mir-216a	acute kidney failure	circulation
hsa-mir-216a	asthma	target
hsa-mir-216a	atherosclerosis	target
hsa-mir-216a	carcinoma, hepatocellular	target
hsa-mir-216a	heart failure	tissue
hsa-mir-216a	intrahepatic cholangiocarcinoma	tissue
hsa-mir-216a	liver neoplasms	target
hsa-mir-216a	lung neoplasms	tissue
hsa-mir-216a	melanoma	circulation
hsa-mir-216a	melanoma	target
hsa-mir-216a	osteoporosis	target
hsa-mir-216a	pancreatic neoplasms	target
hsa-mir-216a	pancreatic neoplasms	tissue
hsa-mir-216b	acute kidney failure	circulation
hsa-mir-216b	carcinoma, breast	target
hsa-mir-216b	carcinoma, hepatocellular	target
hsa-mir-216b	carcinoma, nasopharyngeal	target
hsa-mir-216b	carcinoma, renal cell	tissue
hsa-mir-216b	colorectal carcinoma	target
hsa-mir-216b	glioma	target
hsa-mir-216b	heart failure	tissue
hsa-mir-216b	intrahepatic cholangiocarcinoma	tissue
hsa-mir-216b	lung neoplasms	tissue
hsa-mir-216b	nasopharyngeal neoplasms	target
hsa-mir-216b	pancreatic neoplasms	tissue
hsa-mir-217	acute kidney failure	circulation
hsa-mir-217	carcinoma, breast	target
hsa-mir-217	carcinoma, hepatocellular	target
hsa-mir-217	carcinoma, hepatocellular	tissue
hsa-mir-217	carcinoma, renal cell	target
hsa-mir-217	chronic pancreatitis	tissue
hsa-mir-217	colorectal carcinoma	target
hsa-mir-217	diabetes mellitus, type 2	circulation
hsa-mir-217	intrahepatic cholangiocarcinoma	tissue
hsa-mir-217	leiomyoma	tissue
hsa-mir-217	liver cirrhosis	target
hsa-mir-217	lung neoplasms	target
hsa-mir-217	melanoma	circulation
hsa-mir-217	osteosarcoma	target
hsa-mir-217	pancreatic neoplasms	target
hsa-mir-217	pancreatic neoplasms	tissue
hsa-mir-217	psoriasis	tissue
hsa-mir-218	adenocarcinoma, colon	target
hsa-mir-218	adenocarcinoma, lung	tissue
hsa-mir-218	adenovirus infection	target
hsa-mir-218	astrocytoma	tissue
hsa-mir-218	breast neoplasms	target
hsa-mir-218	breast neoplasms	tissue
hsa-mir-218	carcinoma, endometrial	target
hsa-mir-218	carcinoma, hepatocellular	circulation
hsa-mir-218	carcinoma, hepatocellular	genetics
hsa-mir-218	carcinoma, hepatocellular	target
hsa-mir-218	carcinoma, renal cell	genetics
hsa-mir-218	cardiomyopathy, hypertrophic	genetics
hsa-mir-218	cervical neoplasms	target
hsa-mir-218	choriocarcinoma	target
hsa-mir-218	colon neoplasms	tissue
hsa-mir-218	colorectal carcinoma	target
hsa-mir-218	colorectal carcinoma	tissue
hsa-mir-218	gastrointestinal neoplasms	tissue
hsa-mir-218	gastrointestinal stromal tumor	target
hsa-mir-218	glioblastoma	target
hsa-mir-218	glioma	target
hsa-mir-218	glioma	tissue
hsa-mir-218	hepatitis b virus infection	genetics
hsa-mir-218	hiv-associated lipodystrophy	tissue
hsa-mir-218	leukemia, lymphoblastic, acute	circulation
hsa-mir-218	leukemia, myeloid, acute	target
hsa-mir-218	liver neoplasms	target
hsa-mir-218	lung neoplasms	target
hsa-mir-218	lung neoplasms	tissue
hsa-mir-218	medulloblastoma	tissue
hsa-mir-218	melanoma	target
hsa-mir-218	myocardial infarction	genetics
hsa-mir-218	neuroblastoma	genetics
hsa-mir-218	osteoporosis	target
hsa-mir-218	osteosarcoma	target
hsa-mir-218	pancreatic neoplasms	target
hsa-mir-218	pancreatic neoplasms	tissue
hsa-mir-218	parkinson disease	target
hsa-mir-218	prostate neoplasms	target
hsa-mir-218	pterygium	target
hsa-mir-218	retinoblastoma	target
hsa-mir-218	squamous cell carcinoma	tissue
hsa-mir-218-1	breast neoplasms	epigenetics
hsa-mir-218-1	breast neoplasms	genetics
hsa-mir-218-1	carcinoma, hepatocellular	genetics
hsa-mir-218-1	carcinoma, renal cell	target
hsa-mir-218-1	carcinoma, renal cell	tissue
hsa-mir-218-1	cervical neoplasms	target
hsa-mir-218-1	colon neoplasms	target
hsa-mir-218-1	colorectal carcinoma	tissue
hsa-mir-218-1	glioblastoma	target
hsa-mir-218-1	glioma	target
hsa-mir-218-1	glioma	tissue
hsa-mir-218-1	heart failure	tissue
hsa-mir-218-1	lymphoma	circulation
hsa-mir-218-1	medulloblastoma	target
hsa-mir-218-1	melanoma	genetics
hsa-mir-218-1	nasopharyngeal neoplasms	target
hsa-mir-218-1	ovarian neoplasms	genetics
hsa-mir-218-1	pancreatic neoplasms	target
hsa-mir-218-1	prostate neoplasms	tissue
hsa-mir-218-1	squamous cell carcinoma, head and neck	target
hsa-mir-218-1	urinary bladder cancer	circulation
hsa-mir-218-1	urinary bladder cancer	genetics
hsa-mir-218-2	breast neoplasms	epigenetics
hsa-mir-218-2	breast neoplasms	genetics
hsa-mir-218-2	carcinoma, hepatocellular	genetics
hsa-mir-218-2	carcinoma, renal cell	target
hsa-mir-218-2	carcinoma, renal cell	tissue
hsa-mir-218-2	cervical neoplasms	target
hsa-mir-218-2	colon neoplasms	target
hsa-mir-218-2	colorectal carcinoma	tissue
hsa-mir-218-2	glioblastoma	target
hsa-mir-218-2	glioma	target
hsa-mir-218-2	glioma	tissue
hsa-mir-218-2	heart failure	tissue
hsa-mir-218-2	lung neoplasms	tissue
hsa-mir-218-2	lymphoma	circulation
hsa-mir-218-2	medulloblastoma	target
hsa-mir-218-2	nasopharyngeal neoplasms	target
hsa-mir-218-2	pancreatic neoplasms	target
hsa-mir-218-2	squamous cell carcinoma, head and neck	target
hsa-mir-218-2	thyroid neoplasms	target
hsa-mir-218-2	urinary bladder cancer	circulation
hsa-mir-218-2	urinary bladder cancer	genetics
hsa-mir-219	astrocytoma	tissue
hsa-mir-219	breast neoplasms	epigenetics
hsa-mir-219	carcinoma, hepatocellular	target
hsa-mir-219	carcinoma, renal cell	circulation
hsa-mir-219	glioblastoma	target
hsa-mir-219	glioblastoma	tissue
hsa-mir-219	inflammation	target
hsa-mir-219	medulloblastoma	target
hsa-mir-219	medulloblastoma	tissue
hsa-mir-219	meningioma	tissue
hsa-mir-219	obesity	tissue
hsa-mir-22	amyotrophic lateral sclerosis	tissue
hsa-mir-22	aortic aneurysm	tissue
hsa-mir-22	arteriosclerosis obliterans	target
hsa-mir-22	asthma	target
hsa-mir-22	asthma	tissue
hsa-mir-22	astrocytoma	target
hsa-mir-22	atherosclerosis	circulation
hsa-mir-22	breast neoplasms	target
hsa-mir-22	breast neoplasms	tissue
hsa-mir-22	carcinoma, hepatocellular	circulation
hsa-mir-22	carcinoma, hepatocellular	target
hsa-mir-22	carcinoma, hepatocellular	tissue
hsa-mir-22	carcinoma, renal cell	target
hsa-mir-22	cholangiocarcinoma	epigenetics
hsa-mir-22	colorectal carcinoma	target
hsa-mir-22	colorectal carcinoma	tissue
hsa-mir-22	coronary artery disease	target
hsa-mir-22	diabetes mellitus, type 2	target
hsa-mir-22	endometriosis	circulation
hsa-mir-22	esophageal neoplasms	target
hsa-mir-22	ewing sarcoma	epigenetics
hsa-mir-22	glaucoma	circulation
hsa-mir-22	graves disease	circulation
hsa-mir-22	graves disease	target
hsa-mir-22	heart failure	circulation
hsa-mir-22	heart failure	genetics
hsa-mir-22	heart failure	target
hsa-mir-22	heart failure	tissue
hsa-mir-22	hepatitis b virus infection	circulation
hsa-mir-22	leukemia, lymphoblastic, acute	circulation
hsa-mir-22	leukemia, lymphoblastic, acute	epigenetics
hsa-mir-22	leukemia, lymphocytic, chronic, b-cell	circulation
hsa-mir-22	leukemia, myeloid, acute	target
hsa-mir-22	liver neoplasms	tissue
hsa-mir-22	lung neoplasms	target
hsa-mir-22	lung neoplasms	tissue
hsa-mir-22	lymphoma	target
hsa-mir-22	lymphoma, b-cell	target
hsa-mir-22	medulloblastoma	target
hsa-mir-22	melanoma	circulation
hsa-mir-22	melanoma	tissue
hsa-mir-22	multiple sclerosis	circulation
hsa-mir-22	muscle atrophy	circulation
hsa-mir-22	myelodysplastic syndromes	target
hsa-mir-22	myocardial infarction	circulation
hsa-mir-22	osteosarcoma	target
hsa-mir-22	osteosarcoma	tissue
hsa-mir-22	ovarian neoplasms	circulation
hsa-mir-22	ovarian neoplasms	genetics
hsa-mir-22	ovarian neoplasms	target
hsa-mir-22	ovarian neoplasms	tissue
hsa-mir-22	pancreatic neoplasms	tissue
hsa-mir-22	parkinson disease	circulation
hsa-mir-22	parkinson disease	target
hsa-mir-22	prolactinoma	tissue
hsa-mir-22	prostate neoplasms	target
hsa-mir-22	prostate neoplasms	tissue
hsa-mir-22	rhabdomyosarcoma	target
hsa-mir-22	sepsis	target
hsa-mir-22	stroke	circulation
hsa-mir-22	thyroid neoplasms	circulation
hsa-mir-22	thyroid neoplasms	target
hsa-mir-221	alopecia	tissue
hsa-mir-221	amyotrophic lateral sclerosis	tissue
hsa-mir-221	asthma	tissue
hsa-mir-221	astrocytoma	genetics
hsa-mir-221	astrocytoma	tissue
hsa-mir-221	atherosclerosis	circulation
hsa-mir-221	atherosclerosis	target
hsa-mir-221	atherosclerosis	tissue
hsa-mir-221	brain neoplasms	target
hsa-mir-221	breast neoplasms	circulation
hsa-mir-221	breast neoplasms	epigenetics
hsa-mir-221	breast neoplasms	genetics
hsa-mir-221	breast neoplasms	target
hsa-mir-221	breast neoplasms	tissue
hsa-mir-221	carcinoma, breast	circulation
hsa-mir-221	carcinoma, breast	genetics
hsa-mir-221	carcinoma, breast	target
hsa-mir-221	carcinoma, hepatocellular	circulation
hsa-mir-221	carcinoma, hepatocellular	genetics
hsa-mir-221	carcinoma, hepatocellular	target
hsa-mir-221	carcinoma, hepatocellular	tissue
hsa-mir-221	carcinoma, renal cell	circulation
hsa-mir-221	carcinoma, renal cell	target
hsa-mir-221	carcinoma, renal cell	tissue
hsa-mir-221	carcinoma, thyroid	target
hsa-mir-221	carcinoma, thyroid	tissue
hsa-mir-221	cholangiocarcinoma	circulation
hsa-mir-221	cholangiocarcinoma	target
hsa-mir-221	cholesteatoma	tissue
hsa-mir-221	choriocarcinoma	target
hsa-mir-221	choriocarcinoma	tissue
hsa-mir-221	colon neoplasms	target
hsa-mir-221	colon neoplasms	tissue
hsa-mir-221	colorectal carcinoma	circulation
hsa-mir-221	colorectal carcinoma	target
hsa-mir-221	colorectal carcinoma	tissue
hsa-mir-221	coronary artery disease	circulation
hsa-mir-221	coronary artery disease	target
hsa-mir-221	endocrine gland neoplasms	tissue
hsa-mir-221	endometriosis	tissue
hsa-mir-221	epstein-barr virus infection	target
hsa-mir-221	gastrointestinal neoplasms	target
hsa-mir-221	gastrointestinal neoplasms	tissue
hsa-mir-221	gastrointestinal stromal tumor	target
hsa-mir-221	glioblastoma	circulation
hsa-mir-221	glioblastoma	target
hsa-mir-221	glioblastoma	tissue
hsa-mir-221	glioma	target
hsa-mir-221	glioma	tissue
hsa-mir-221	head and neck neoplasms	tissue
hsa-mir-221	heart failure	circulation
hsa-mir-221	hematologic neoplasms	genetics
hsa-mir-221	hepatitis b virus infection	tissue
hsa-mir-221	hepatoblastoma	tissue
hsa-mir-221	hypertension	circulation
hsa-mir-221	hypertrophy	circulation
hsa-mir-221	hypertrophy	target
hsa-mir-221	inflammation	genetics
hsa-mir-221	inflammation	target
hsa-mir-221	inflammation	tissue
hsa-mir-221	irritable bowel syndrome	tissue
hsa-mir-221	laryngeal neoplasms	target
hsa-mir-221	leukemia, lymphoblastic, acute	circulation
hsa-mir-221	leukemia, lymphoblastic, acute	target
hsa-mir-221	leukemia, lymphocytic, chronic, b-cell	circulation
hsa-mir-221	leukemia, lymphocytic, chronic, b-cell	target
hsa-mir-221	leukemia, myelogenous, chronic, bcr-abl positive	tissue
hsa-mir-221	leukemia, myeloid, acute	circulation
hsa-mir-221	liver cirrhosis	target
hsa-mir-221	liver cirrhosis	tissue
hsa-mir-221	liver failure	target
hsa-mir-221	liver neoplasms	circulation
hsa-mir-221	lung neoplasms	target
hsa-mir-221	lupus nephritis	circulation
hsa-mir-221	lymphoma	circulation
hsa-mir-221	lymphoma, large b-cell, diffuse	circulation
hsa-mir-221	lymphoma, large b-cell, diffuse	tissue
hsa-mir-221	lymphoma, primary effusion	tissue
hsa-mir-221	marek disease	target
hsa-mir-221	medulloblastoma	tissue
hsa-mir-221	melanoma	circulation
hsa-mir-221	melanoma	genetics
hsa-mir-221	melanoma	target
hsa-mir-221	melanoma	tissue
hsa-mir-221	multiple myeloma	circulation
hsa-mir-221	multiple myeloma	target
hsa-mir-221	multiple myeloma	tissue
hsa-mir-221	muscle atrophy	circulation
hsa-mir-221	neuroblastoma	target
hsa-mir-221	neuropathic pain	genetics
hsa-mir-221	obesity	circulation
hsa-mir-221	obesity	tissue
hsa-mir-221	osteosarcoma	target
hsa-mir-221	osteosarcoma	tissue
hsa-mir-221	ovarian neoplasms	genetics
hsa-mir-221	ovarian neoplasms	tissue
hsa-mir-221	pancreatic neoplasms	circulation
hsa-mir-221	pancreatic neoplasms	target
hsa-mir-221	pancreatic neoplasms	tissue
hsa-mir-221	parkinson disease	circulation
hsa-mir-221	parkinson disease	target
hsa-mir-221	peritoneal fibrosis	target
hsa-mir-221	polycythemia vera	circulation
hsa-mir-221	prostate neoplasms	circulation
hsa-mir-221	prostate neoplasms	genetics
hsa-mir-221	prostate neoplasms	target
hsa-mir-221	prostate neoplasms	tissue
hsa-mir-221	squamous cell carcinoma	tissue
hsa-mir-221	squamous cell carcinoma, head and neck	target
hsa-mir-221	stroke	circulation
hsa-mir-221	thyroid neoplasms	circulation
hsa-mir-221	thyroid neoplasms	genetics
hsa-mir-221	thyroid neoplasms	target
hsa-mir-221	thyroid neoplasms	tissue
hsa-mir-221	urinary bladder cancer	tissue
hsa-mir-221	vasculitis	circulation
hsa-mir-222	adenocarcinoma, lung	circulation
hsa-mir-222	adenocarcinoma, lung	target
hsa-mir-222	atherosclerosis	circulation
hsa-mir-222	atherosclerosis	target
hsa-mir-222	atherosclerosis	tissue
hsa-mir-222	biliary atresia	target
hsa-mir-222	biliary tract neoplasms	tissue
hsa-mir-222	brain neoplasms	target
hsa-mir-222	breast neoplasms	circulation
hsa-mir-222	breast neoplasms	genetics
hsa-mir-222	breast neoplasms	target
hsa-mir-222	breast neoplasms	tissue
hsa-mir-222	carcinoma, adenoid cystic	tissue
hsa-mir-222	carcinoma, adrenocortical	tissue
hsa-mir-222	carcinoma, breast	circulation
hsa-mir-222	carcinoma, breast	tissue
hsa-mir-222	carcinoma, endometrial	target
hsa-mir-222	carcinoma, hepatocellular	circulation
hsa-mir-222	carcinoma, hepatocellular	genetics
hsa-mir-222	carcinoma, hepatocellular	target
hsa-mir-222	carcinoma, hepatocellular	tissue
hsa-mir-222	carcinoma, nasopharyngeal	target
hsa-mir-222	carcinoma, renal cell	circulation
hsa-mir-222	carcinoma, renal cell	tissue
hsa-mir-222	carcinoma, thyroid	target
hsa-mir-222	cardiomyopathy, hypertrophic	tissue
hsa-mir-222	cholangiocarcinoma	circulation
hsa-mir-222	colon neoplasms	tissue
hsa-mir-222	colorectal carcinoma	target
hsa-mir-222	coronary artery disease	circulation
hsa-mir-222	coronary artery disease	target
hsa-mir-222	eclampsia	tissue
hsa-mir-222	endocrine gland neoplasms	tissue
hsa-mir-222	endometriosis	tissue
hsa-mir-222	eosinophilic esophagitis	circulation
hsa-mir-222	epstein-barr virus infection	target
hsa-mir-222	gastrointestinal neoplasms	target
hsa-mir-222	gastrointestinal neoplasms	tissue
hsa-mir-222	gastrointestinal stromal tumor	target
hsa-mir-222	glioblastoma	circulation
hsa-mir-222	glioblastoma	target
hsa-mir-222	glioblastoma	tissue
hsa-mir-222	glioma	target
hsa-mir-222	glioma	tissue
hsa-mir-222	heart failure	circulation
hsa-mir-222	hematologic neoplasms	genetics
hsa-mir-222	hepatoblastoma	tissue
hsa-mir-222	inflammation	target
hsa-mir-222	inflammation	tissue
hsa-mir-222	leukemia, lymphoblastic, acute	target
hsa-mir-222	leukemia, lymphocytic, chronic, b-cell	circulation
hsa-mir-222	leukemia, lymphocytic, chronic, b-cell	target
hsa-mir-222	leukemia, myelogenous, chronic, bcr-abl positive	tissue
hsa-mir-222	leukemia, myeloid, acute	circulation
hsa-mir-222	liver cirrhosis	tissue
hsa-mir-222	liver neoplasms	target
hsa-mir-222	lung neoplasms	target
hsa-mir-222	lymphoma, large b-cell, diffuse	target
hsa-mir-222	lymphoma, primary effusion	tissue
hsa-mir-222	marek disease	target
hsa-mir-222	medulloblastoma	tissue
hsa-mir-222	melanoma	target
hsa-mir-222	melanoma	tissue
hsa-mir-222	metabolic syndrome	circulation
hsa-mir-222	multiple myeloma	target
hsa-mir-222	muscle atrophy	circulation
hsa-mir-222	myelodysplastic syndromes	tissue
hsa-mir-222	neuroblastoma	tissue
hsa-mir-222	obesity	circulation
hsa-mir-222	obesity	genetics
hsa-mir-222	osteoarthritis	genetics
hsa-mir-222	ovarian neoplasms	target
hsa-mir-222	ovarian neoplasms	tissue
hsa-mir-222	pancreatic neoplasms	genetics
hsa-mir-222	pancreatic neoplasms	target
hsa-mir-222	pancreatic neoplasms	tissue
hsa-mir-222	parathyroid carcinoma	tissue
hsa-mir-222	peritoneal neoplasms	tissue
hsa-mir-222	preeclampsia	circulation
hsa-mir-222	prion diseases	tissue
hsa-mir-222	prostate neoplasms	circulation
hsa-mir-222	prostate neoplasms	genetics
hsa-mir-222	prostate neoplasms	target
hsa-mir-222	prostate neoplasms	tissue
hsa-mir-222	shock, septic	tissue
hsa-mir-222	squamous cell carcinoma	tissue
hsa-mir-222	squamous cell carcinoma, head and neck	target
hsa-mir-222	thyroid neoplasms	circulation
hsa-mir-222	thyroid neoplasms	genetics
hsa-mir-222	thyroid neoplasms	tissue
hsa-mir-222	urinary bladder cancer	tissue
hsa-mir-223	acquired immunodeficiency syndrome	tissue
hsa-mir-223	acute coronary syndrome	circulation
hsa-mir-223	adenocarcinoma, colon	target
hsa-mir-223	adenocarcinoma, lung	circulation
hsa-mir-223	amyotrophic lateral sclerosis	tissue
hsa-mir-223	aortic aneurysm, abdominal	tissue
hsa-mir-223	astrocytoma	tissue
hsa-mir-223	atherosclerosis	target
hsa-mir-223	atherosclerosis	tissue
hsa-mir-223	atopic dermatitis	target
hsa-mir-223	atopic dermatitis	tissue
hsa-mir-223	atrial fibrillation	tissue
hsa-mir-223	barrett esophagus	target
hsa-mir-223	breast neoplasms	circulation
hsa-mir-223	breast neoplasms	genetics
hsa-mir-223	breast neoplasms	target
hsa-mir-223	breast neoplasms	tissue
hsa-mir-223	carcinoma, breast	tissue
hsa-mir-223	carcinoma, hepatocellular	circulation
hsa-mir-223	carcinoma, hepatocellular	epigenetics
hsa-mir-223	carcinoma, hepatocellular	target
hsa-mir-223	carcinoma, hepatocellular	tissue
hsa-mir-223	carcinoma, nasopharyngeal	target
hsa-mir-223	choriocarcinoma	circulation
hsa-mir-223	choriocarcinoma	tissue
hsa-mir-223	chronic kidney disease	tissue
hsa-mir-223	colon neoplasms	tissue
hsa-mir-223	colorectal carcinoma	genetics
hsa-mir-223	colorectal carcinoma	target
hsa-mir-223	coronary artery disease	circulation
hsa-mir-223	coronary artery disease	target
hsa-mir-223	crohn disease	target
hsa-mir-223	diabetes mellitus	circulation
hsa-mir-223	diabetes mellitus	target
hsa-mir-223	diabetes mellitus, type 2	circulation
hsa-mir-223	diabetes mellitus, type 2	target
hsa-mir-223	encephalomyelitis	genetics
hsa-mir-223	endometriosis	tissue
hsa-mir-223	eosinophilic esophagitis	circulation
hsa-mir-223	epilepsy	target
hsa-mir-223	esophageal neoplasms	tissue
hsa-mir-223	fibromyalgia	tissue
hsa-mir-223	gastrointestinal neoplasms	tissue
hsa-mir-223	glioblastoma	genetics
hsa-mir-223	glioblastoma	target
hsa-mir-223	glioma	target
hsa-mir-223	habitual abortion	target
hsa-mir-223	head and neck neoplasms	tissue
hsa-mir-223	heart failure	circulation
hsa-mir-223	heart failure	tissue
hsa-mir-223	hematologic neoplasms	target
hsa-mir-223	hemophagocytic lymphohistiocytosis	target
hsa-mir-223	hepatitis b virus infection	circulation
hsa-mir-223	hepatoblastoma	tissue
hsa-mir-223	hypertension	circulation
hsa-mir-223	hypertrophy	target
hsa-mir-223	immune thrombocytopenic purpura	circulation
hsa-mir-223	inflammation	genetics
hsa-mir-223	inflammation	target
hsa-mir-223	inflammation	tissue
hsa-mir-223	inflammatory bowel diseases	circulation
hsa-mir-223	inflammatory bowel diseases	target
hsa-mir-223	inflammatory bowel diseases	tissue
hsa-mir-223	irritable bowel syndrome	tissue
hsa-mir-223	leukemia	circulation
hsa-mir-223	leukemia	target
hsa-mir-223	leukemia	tissue
hsa-mir-223	leukemia, lymphoblastic, acute	circulation
hsa-mir-223	leukemia, lymphocytic, chronic, b-cell	circulation
hsa-mir-223	leukemia, lymphocytic, chronic, b-cell	genetics
hsa-mir-223	leukemia, lymphocytic, chronic, b-cell	target
hsa-mir-223	leukemia, lymphocytic, chronic, b-cell	tissue
hsa-mir-223	leukemia, myeloid, acute	circulation
hsa-mir-223	leukemia, myeloid, acute	target
hsa-mir-223	leukemia, promyelocytic, acute	circulation
hsa-mir-223	leukemia, promyelocytic, acute	genetics
hsa-mir-223	leukemia, promyelocytic, acute	tissue
hsa-mir-223	leukemia-lymphoma, adult t-cell	target
hsa-mir-223	liver neoplasms	circulation
hsa-mir-223	lung neoplasms	target
hsa-mir-223	lung neoplasms	tissue
hsa-mir-223	lupus nephritis	target
hsa-mir-223	lupus vulgaris	circulation
hsa-mir-223	lymphoma, large b-cell, diffuse	circulation
hsa-mir-223	lymphoma, mantle-cell	target
hsa-mir-223	lymphoma, non-hodgkin	circulation
hsa-mir-223	lymphoma, t-cell	target
hsa-mir-223	marek disease	circulation
hsa-mir-223	medulloblastoma	tissue
hsa-mir-223	melanoma	target
hsa-mir-223	melanoma	tissue
hsa-mir-223	multiple myeloma	tissue
hsa-mir-223	multiple sclerosis	circulation
hsa-mir-223	multiple sclerosis	genetics
hsa-mir-223	muscle atrophy	circulation
hsa-mir-223	mycosis fungoides	tissue
hsa-mir-223	myocardial infarction	circulation
hsa-mir-223	myocardial infarction	tissue
hsa-mir-223	nasopharyngeal neoplasms	circulation
hsa-mir-223	obesity	circulation
hsa-mir-223	obesity	target
hsa-mir-223	obesity	tissue
hsa-mir-223	osteoarthritis	circulation
hsa-mir-223	osteoarthritis	tissue
hsa-mir-223	osteosarcoma	target
hsa-mir-223	osteosarcoma	tissue
hsa-mir-223	ovarian neoplasms	circulation
hsa-mir-223	ovarian neoplasms	tissue
hsa-mir-223	pancreatic neoplasms	circulation
hsa-mir-223	pancreatic neoplasms	target
hsa-mir-223	pancreatic neoplasms	tissue
hsa-mir-223	pelvic inflammatory disease	circulation
hsa-mir-223	periodontal diseases	target
hsa-mir-223	peritoneal fibrosis	target
hsa-mir-223	peritoneal neoplasms	tissue
hsa-mir-223	polycystic kidney disease	tissue
hsa-mir-223	polycystic ovarian syndrome	circulation
hsa-mir-223	polycystic ovarian syndrome	tissue
hsa-mir-223	polycythemia vera	circulation
hsa-mir-223	preeclampsia	circulation
hsa-mir-223	prostate neoplasms	circulation
hsa-mir-223	prostate neoplasms	target
hsa-mir-223	prostate neoplasms	tissue
hsa-mir-223	psoriasis	circulation
hsa-mir-223	psoriasis	tissue
hsa-mir-223	sepsis	circulation
hsa-mir-223	sepsis	genetics
hsa-mir-223	sepsis	tissue
hsa-mir-223	sjogren syndrome	tissue
hsa-mir-223	squamous cell carcinoma	tissue
hsa-mir-223	stroke, ischemic	circulation
hsa-mir-223	synovial sarcoma	circulation
hsa-mir-223	tuberculosis	circulation
hsa-mir-223	tuberculosis	target
hsa-mir-223	tuberculosis, pulmonary	tissue
hsa-mir-224	adenocarcinoma, lung	target
hsa-mir-224	asthma	tissue
hsa-mir-224	breast neoplasms	target
hsa-mir-224	breast neoplasms	tissue
hsa-mir-224	carcinoma, hepatocellular	circulation
hsa-mir-224	carcinoma, hepatocellular	epigenetics
hsa-mir-224	carcinoma, hepatocellular	target
hsa-mir-224	carcinoma, hepatocellular	tissue
hsa-mir-224	carcinoma, renal cell	target
hsa-mir-224	carcinoma, renal cell	tissue
hsa-mir-224	cholangiocarcinoma	target
hsa-mir-224	colon neoplasms	target
hsa-mir-224	colon neoplasms	tissue
hsa-mir-224	colorectal carcinoma	target
hsa-mir-224	colorectal carcinoma	tissue
hsa-mir-224	coronary artery disease	genetics
hsa-mir-224	giant cell tumor of bone	circulation
hsa-mir-224	glioma	tissue
hsa-mir-224	hepatoblastoma	tissue
hsa-mir-224	inflammatory bowel diseases	target
hsa-mir-224	liver cirrhosis	target
hsa-mir-224	lung neoplasms	target
hsa-mir-224	lung neoplasms	tissue
hsa-mir-224	lymphoma	circulation
hsa-mir-224	lymphoma, b-cell	target
hsa-mir-224	lymphoma, large b-cell, diffuse	circulation
hsa-mir-224	medulloblastoma	circulation
hsa-mir-224	melanoma	target
hsa-mir-224	meningioma	target
hsa-mir-224	osteosarcoma	genetics
hsa-mir-224	ovarian neoplasms	target
hsa-mir-224	pancreatic neoplasms	target
hsa-mir-224	preeclampsia	circulation
hsa-mir-224	prostate neoplasms	epigenetics
hsa-mir-224	prostate neoplasms	target
hsa-mir-224	prostate neoplasms	tissue
hsa-mir-224	sjogren syndrome	tissue
hsa-mir-224	thyroid neoplasms	tissue
hsa-mir-224	urinary bladder cancer	tissue
hsa-mir-23a	adenocarcinoma, lung	target
hsa-mir-23a	amyotrophic lateral sclerosis	tissue
hsa-mir-23a	astrocytoma	tissue
hsa-mir-23a	atherosclerosis	target
hsa-mir-23a	atrial fibrillation	circulation
hsa-mir-23a	atrial fibrillation	tissue
hsa-mir-23a	breast neoplasms	circulation
hsa-mir-23a	breast neoplasms	target
hsa-mir-23a	breast neoplasms	tissue
hsa-mir-23a	carcinoma, breast	target
hsa-mir-23a	carcinoma, hepatocellular	circulation
hsa-mir-23a	carcinoma, hepatocellular	epigenetics
hsa-mir-23a	carcinoma, hepatocellular	target
hsa-mir-23a	carcinoma, nasopharyngeal	target
hsa-mir-23a	carcinoma, nasopharyngeal	tissue
hsa-mir-23a	cardiomyopathy, hypertrophic	target
hsa-mir-23a	cardiomyopathy, hypertrophic	tissue
hsa-mir-23a	colon neoplasms	tissue
hsa-mir-23a	colorectal carcinoma	circulation
hsa-mir-23a	colorectal carcinoma	target
hsa-mir-23a	coronary artery disease	tissue
hsa-mir-23a	crohn disease	circulation
hsa-mir-23a	diabetes mellitus, type 1	target
hsa-mir-23a	diabetes mellitus, type 2	circulation
hsa-mir-23a	endometriosis	target
hsa-mir-23a	epilepsy	circulation
hsa-mir-23a	gastrointestinal neoplasms	target
hsa-mir-23a	glioma	target
hsa-mir-23a	glioma	tissue
hsa-mir-23a	ischemia	target
hsa-mir-23a	leukemia	target
hsa-mir-23a	leukemia, myeloid	target
hsa-mir-23a	leukemia, myeloid, acute	target
hsa-mir-23a	liver cirrhosis	target
hsa-mir-23a	lung neoplasms	target
hsa-mir-23a	lupus vulgaris	circulation
hsa-mir-23a	lymphoma, large b-cell, diffuse	tissue
hsa-mir-23a	macular degeneration	genetics
hsa-mir-23a	melanoma	tissue
hsa-mir-23a	multiple myeloma	tissue
hsa-mir-23a	multiple sclerosis	circulation
hsa-mir-23a	muscle atrophy	tissue
hsa-mir-23a	myelodysplastic syndromes	target
hsa-mir-23a	osteoarthritis	genetics
hsa-mir-23a	osteosarcoma	tissue
hsa-mir-23a	ovarian neoplasms	target
hsa-mir-23a	ovarian neoplasms	tissue
hsa-mir-23a	pancreatic neoplasms	tissue
hsa-mir-23a	periodontitis	tissue
hsa-mir-23a	pituitary adenoma	tissue
hsa-mir-23a	polycystic ovarian syndrome	circulation
hsa-mir-23a	prostate neoplasms	target
hsa-mir-23a	sepsis	target
hsa-mir-23a	squamous cell carcinoma, head and neck	genetics
hsa-mir-23b	asthma	genetics
hsa-mir-23b	breast neoplasms	circulation
hsa-mir-23b	breast neoplasms	genetics
hsa-mir-23b	breast neoplasms	target
hsa-mir-23b	breast neoplasms	tissue
hsa-mir-23b	burns	target
hsa-mir-23b	carcinoma, adenoid cystic	tissue
hsa-mir-23b	carcinoma, adrenocortical	tissue
hsa-mir-23b	carcinoma, breast	circulation
hsa-mir-23b	carcinoma, endometrial	target
hsa-mir-23b	carcinoma, hepatocellular	target
hsa-mir-23b	carcinoma, nasopharyngeal	genetics
hsa-mir-23b	carcinoma, renal cell	target
hsa-mir-23b	carcinoma, thyroid	tissue
hsa-mir-23b	cardiomyopathy, hypertrophic	tissue
hsa-mir-23b	chondrosarcoma	target
hsa-mir-23b	colorectal carcinoma	target
hsa-mir-23b	diabetes mellitus, type 1	target
hsa-mir-23b	diabetes mellitus, type 2	target
hsa-mir-23b	diabetic cardiomyopathies	tissue
hsa-mir-23b	diabetic nephropathy	target
hsa-mir-23b	endometriosis	target
hsa-mir-23b	glioblastoma	target
hsa-mir-23b	glioma	target
hsa-mir-23b	heart failure	tissue
hsa-mir-23b	hepatitis b virus infection	circulation
hsa-mir-23b	inflammation	target
hsa-mir-23b	intracranial aneurysm	target
hsa-mir-23b	kidney neoplasms	target
hsa-mir-23b	leukemia, lymphocytic, chronic, b-cell	circulation
hsa-mir-23b	leukemia, myeloid, acute	tissue
hsa-mir-23b	liver cirrhosis	tissue
hsa-mir-23b	lymphoma	tissue
hsa-mir-23b	melanoma	target
hsa-mir-23b	melanoma	tissue
hsa-mir-23b	multiple myeloma	target
hsa-mir-23b	neuropathic pain	target
hsa-mir-23b	osteoporosis	circulation
hsa-mir-23b	osteoporosis	target
hsa-mir-23b	ovarian neoplasms	target
hsa-mir-23b	pancreatic neoplasms	target
hsa-mir-23b	pituitary adenoma	tissue
hsa-mir-23b	polycystic ovarian syndrome	circulation
hsa-mir-23b	prolactinoma	tissue
hsa-mir-23b	prostate neoplasms	epigenetics
hsa-mir-23b	prostate neoplasms	genetics
hsa-mir-23b	prostate neoplasms	target
hsa-mir-23b	prostate neoplasms	tissue
hsa-mir-23b	salivary gland neoplasms	tissue
hsa-mir-23b	sepsis	target
hsa-mir-24	acute kidney failure	target
hsa-mir-24	adenocarcinoma, colon	tissue
hsa-mir-24	arteriosclerosis obliterans	target
hsa-mir-24	astrocytoma	tissue
hsa-mir-24	atherosclerosis	target
hsa-mir-24	breast neoplasms	genetics
hsa-mir-24	breast neoplasms	target
hsa-mir-24	breast neoplasms	tissue
hsa-mir-24	carcinoma, breast	circulation
hsa-mir-24	carcinoma, endometrial	genetics
hsa-mir-24	carcinoma, hepatocellular	circulation
hsa-mir-24	carcinoma, hepatocellular	target
hsa-mir-24	carcinoma, hepatocellular	tissue
hsa-mir-24	carcinoma, nasopharyngeal	circulation
hsa-mir-24	carcinoma, nasopharyngeal	epigenetics
hsa-mir-24	carcinoma, nasopharyngeal	genetics
hsa-mir-24	carcinoma, nasopharyngeal	target
hsa-mir-24	carcinoma, nasopharyngeal	tissue
hsa-mir-24	colon neoplasms	target
hsa-mir-24	colorectal carcinoma	target
hsa-mir-24	diabetes mellitus, type 1	circulation
hsa-mir-24	diabetes mellitus, type 2	circulation
hsa-mir-24	diabetes mellitus, type 2	target
hsa-mir-24	diabetic nephropathy	circulation
hsa-mir-24	ependymoma	tissue
hsa-mir-24	gastrointestinal neoplasms	target
hsa-mir-24	glaucoma	circulation
hsa-mir-24	glioblastoma	target
hsa-mir-24	glioma	tissue
hsa-mir-24	hearing loss	circulation
hsa-mir-24	heart failure	circulation
hsa-mir-24	heart failure	genetics
hsa-mir-24	heart failure	target
hsa-mir-24	heart failure	tissue
hsa-mir-24	hirschsprung disease	target
hsa-mir-24	hiv-associated lipodystrophy	tissue
hsa-mir-24	inflammation	target
hsa-mir-24	influenza	target
hsa-mir-24	irritable bowel syndrome	tissue
hsa-mir-24	leukemia	circulation
hsa-mir-24	leukemia	target
hsa-mir-24	leukemia, myeloid, acute	target
hsa-mir-24	liver neoplasms	target
hsa-mir-24	lung neoplasms	circulation
hsa-mir-24	multiple sclerosis	circulation
hsa-mir-24	obesity	target
hsa-mir-24	osteoarthritis	target
hsa-mir-24	osteosarcoma	target
hsa-mir-24	pancreatic neoplasms	circulation
hsa-mir-24	pancreatic neoplasms	tissue
hsa-mir-24	periodontitis	tissue
hsa-mir-24	prostate neoplasms	circulation
hsa-mir-24	prostate neoplasms	target
hsa-mir-24	prostate neoplasms	tissue
hsa-mir-24	squamous cell carcinoma, head and neck	genetics
hsa-mir-24-1	breast neoplasms	circulation
hsa-mir-24-1	breast neoplasms	target
hsa-mir-24-1	carcinoma, hepatocellular	tissue
hsa-mir-24-1	cardiomyopathy, hypertrophic	tissue
hsa-mir-24-1	colon neoplasms	tissue
hsa-mir-24-1	diabetes mellitus, type 2	circulation
hsa-mir-24-1	glioma	target
hsa-mir-24-1	heart failure	tissue
hsa-mir-24-1	intracranial aneurysm	target
hsa-mir-24-1	laryngeal neoplasms	target
hsa-mir-24-1	leukemia, lymphocytic, chronic, b-cell	circulation
hsa-mir-24-1	leukemia, myeloid, acute	epigenetics
hsa-mir-24-1	liver neoplasms	target
hsa-mir-24-1	liver neoplasms	tissue
hsa-mir-24-1	lung neoplasms	tissue
hsa-mir-24-1	lymphoma	epigenetics
hsa-mir-24-1	melanoma	tissue
hsa-mir-24-1	multiple myeloma	epigenetics
hsa-mir-24-1	osteosarcoma	target
hsa-mir-24-1	pancreatic neoplasms	tissue
hsa-mir-24-1	preeclampsia	circulation
hsa-mir-24-1	retinoblastoma	target
hsa-mir-24-1	urinary bladder cancer	tissue
hsa-mir-24-2	breast neoplasms	circulation
hsa-mir-24-2	breast neoplasms	target
hsa-mir-24-2	carcinoma, hepatocellular	tissue
hsa-mir-24-2	cardiomyopathy, hypertrophic	tissue
hsa-mir-24-2	colon neoplasms	tissue
hsa-mir-24-2	diabetes mellitus, type 2	circulation
hsa-mir-24-2	glioma	target
hsa-mir-24-2	heart failure	tissue
hsa-mir-24-2	laryngeal neoplasms	target
hsa-mir-24-2	liver neoplasms	tissue
hsa-mir-24-2	lung neoplasms	tissue
hsa-mir-24-2	osteosarcoma	target
hsa-mir-24-2	pancreatic neoplasms	target
hsa-mir-24-2	pancreatic neoplasms	tissue
hsa-mir-24-2	preeclampsia	circulation
hsa-mir-24-2	retinoblastoma	target
hsa-mir-25	adenocarcinoma, lung	target
hsa-mir-25	adenocarcinoma, lung	tissue
hsa-mir-25	adenovirus infection	tissue
hsa-mir-25	atrial fibrillation	target
hsa-mir-25	atrial fibrillation	tissue
hsa-mir-25	barrett esophagus	target
hsa-mir-25	breast neoplasms	circulation
hsa-mir-25	breast neoplasms	genetics
hsa-mir-25	breast neoplasms	target
hsa-mir-25	breast neoplasms	tissue
hsa-mir-25	carcinoma, breast	circulation
hsa-mir-25	carcinoma, breast	target
hsa-mir-25	carcinoma, hepatocellular	epigenetics
hsa-mir-25	carcinoma, hepatocellular	genetics
hsa-mir-25	carcinoma, hepatocellular	tissue
hsa-mir-25	cholangiocarcinoma	target
hsa-mir-25	choriocarcinoma	genetics
hsa-mir-25	colon neoplasms	tissue
hsa-mir-25	colorectal carcinoma	target
hsa-mir-25	colorectal carcinoma	tissue
hsa-mir-25	coronary artery disease	circulation
hsa-mir-25	diabetic nephropathy	circulation
hsa-mir-25	endocrine gland neoplasms	tissue
hsa-mir-25	esophageal neoplasms	circulation
hsa-mir-25	esophageal neoplasms	tissue
hsa-mir-25	gastrointestinal neoplasms	tissue
hsa-mir-25	glioblastoma	target
hsa-mir-25	glioma	target
hsa-mir-25	heart failure	circulation
hsa-mir-25	hepatitis b virus infection	genetics
hsa-mir-25	inflammation	target
hsa-mir-25	intrahepatic cholangiocarcinoma	target
hsa-mir-25	lung neoplasms	circulation
hsa-mir-25	lung neoplasms	genetics
hsa-mir-25	lung neoplasms	target
hsa-mir-25	lung neoplasms	tissue
hsa-mir-25	lymphoma, t-cell	target
hsa-mir-25	machado-joseph disease	circulation
hsa-mir-25	melanoma	genetics
hsa-mir-25	melanoma	target
hsa-mir-25	mesothelioma	tissue
hsa-mir-25	multiple myeloma	circulation
hsa-mir-25	muscular dystrophy, facioscapulohumeral	target
hsa-mir-25	muscular dystrophy, facioscapulohumeral	tissue
hsa-mir-25	osteosarcoma	target
hsa-mir-25	ovarian disease	tissue
hsa-mir-25	ovarian neoplasms	genetics
hsa-mir-25	ovarian neoplasms	target
hsa-mir-25	pancreatic neoplasms	circulation
hsa-mir-25	pancreatic neoplasms	tissue
hsa-mir-25	peripheral vascular disease	circulation
hsa-mir-25	polycystic ovarian syndrome	epigenetics
hsa-mir-25	preeclampsia	tissue
hsa-mir-25	prostate neoplasms	target
hsa-mir-25	prostate neoplasms	tissue
hsa-mir-25	retinoblastoma	target
hsa-mir-25	thyroid neoplasms	target
hsa-mir-25	thyroid neoplasms	tissue
hsa-mir-26a	acute kidney failure	target
hsa-mir-26a	adenocarcinoma, colon	tissue
hsa-mir-26a	adenocarcinoma, lung	target
hsa-mir-26a	amyotrophic lateral sclerosis	tissue
hsa-mir-26a	atherosclerosis	circulation
hsa-mir-26a	atherosclerosis	target
hsa-mir-26a	atopic dermatitis	target
hsa-mir-26a	atrial fibrillation	circulation
hsa-mir-26a	atrial fibrillation	tissue
hsa-mir-26a	breast neoplasms	target
hsa-mir-26a	breast neoplasms	tissue
hsa-mir-26a	carcinoma, breast	genetics
hsa-mir-26a	carcinoma, breast	target
hsa-mir-26a	carcinoma, hepatocellular	circulation
hsa-mir-26a	carcinoma, hepatocellular	target
hsa-mir-26a	carcinoma, hepatocellular	tissue
hsa-mir-26a	carcinoma, nasopharyngeal	tissue
hsa-mir-26a	carcinoma, renal cell	target
hsa-mir-26a	cholangiocarcinoma	circulation
hsa-mir-26a	cholangiocarcinoma	target
hsa-mir-26a	colorectal carcinoma	target
hsa-mir-26a	colorectal carcinoma	tissue
hsa-mir-26a	diabetes mellitus, type 2	genetics
hsa-mir-26a	diabetes mellitus, type 2	target
hsa-mir-26a	diabetic nephropathy	circulation
hsa-mir-26a	diabetic nephropathy	target
hsa-mir-26a	diabetic nephropathy	tissue
hsa-mir-26a	glaucoma	target
hsa-mir-26a	glioblastoma	genetics
hsa-mir-26a	glioblastoma	target
hsa-mir-26a	glioma	target
hsa-mir-26a	glioma	tissue
hsa-mir-26a	glomerulonephritis	tissue
hsa-mir-26a	heart failure	target
hsa-mir-26a	idiopathic pulmonary fibrosis	target
hsa-mir-26a	inflammation	target
hsa-mir-26a	leukemia, lymphocytic, chronic, b-cell	epigenetics
hsa-mir-26a	leukemia, myeloid, acute	tissue
hsa-mir-26a	liver neoplasms	circulation
hsa-mir-26a	liver neoplasms	tissue
hsa-mir-26a	lung neoplasms	target
hsa-mir-26a	lung neoplasms	tissue
hsa-mir-26a	lymphoma	target
hsa-mir-26a	lymphoma, large b-cell, diffuse	genetics
hsa-mir-26a	lymphoma, large b-cell, diffuse	target
hsa-mir-26a	lymphoma, t-cell	target
hsa-mir-26a	melanoma	target
hsa-mir-26a	melanoma	tissue
hsa-mir-26a	multiple sclerosis	tissue
hsa-mir-26a	mycobacterium tuberculosis infection	target
hsa-mir-26a	myocardial infarction	circulation
hsa-mir-26a	neuropathic pain	target
hsa-mir-26a	osteoarthritis	target
hsa-mir-26a	osteoarthritis	tissue
hsa-mir-26a	osteosarcoma	circulation
hsa-mir-26a	osteosarcoma	genetics
hsa-mir-26a	osteosarcoma	tissue
hsa-mir-26a	ovarian neoplasms	circulation
hsa-mir-26a	ovarian neoplasms	genetics
hsa-mir-26a	ovarian neoplasms	tissue
hsa-mir-26a	pancreatic neoplasms	target
hsa-mir-26a	pancreatic neoplasms	tissue
hsa-mir-26a	parkinson disease	circulation
hsa-mir-26a	pituitary adenoma	tissue
hsa-mir-26a	preeclampsia	target
hsa-mir-26a	preeclampsia	tissue
hsa-mir-26a	primary biliary cirrhosis	tissue
hsa-mir-26a	prostate neoplasms	genetics
hsa-mir-26a	prostate neoplasms	target
hsa-mir-26a	retinoblastoma	target
hsa-mir-26a	stroke	circulation
hsa-mir-26a-1	breast neoplasms	target
hsa-mir-26a-1	carcinoma, hepatocellular	circulation
hsa-mir-26a-1	carcinoma, hepatocellular	target
hsa-mir-26a-1	carcinoma, hepatocellular	tissue
hsa-mir-26a-1	carcinoma, renal cell	circulation
hsa-mir-26a-1	carcinoma, renal cell	tissue
hsa-mir-26a-1	cholangiocarcinoma	target
hsa-mir-26a-1	colorectal carcinoma	tissue
hsa-mir-26a-1	esophageal neoplasms	target
hsa-mir-26a-1	heart failure	tissue
hsa-mir-26a-1	hepatitis b virus infection	genetics
hsa-mir-26a-1	leukemia, myeloid, acute	target
hsa-mir-26a-1	lung neoplasms	genetics
hsa-mir-26a-1	lung neoplasms	target
hsa-mir-26a-1	lung neoplasms	tissue
hsa-mir-26a-1	lymphoma	target
hsa-mir-26a-1	lymphoma, t-cell	tissue
hsa-mir-26a-1	melanoma	tissue
hsa-mir-26a-1	nasopharyngeal neoplasms	target
hsa-mir-26a-1	parkinson disease	circulation
hsa-mir-26a-1	preeclampsia	circulation
hsa-mir-26a-2	breast neoplasms	target
hsa-mir-26a-2	carcinoma, hepatocellular	circulation
hsa-mir-26a-2	carcinoma, hepatocellular	target
hsa-mir-26a-2	carcinoma, hepatocellular	tissue
hsa-mir-26a-2	carcinoma, renal cell	circulation
hsa-mir-26a-2	carcinoma, renal cell	tissue
hsa-mir-26a-2	cholangiocarcinoma	target
hsa-mir-26a-2	colorectal carcinoma	tissue
hsa-mir-26a-2	esophageal neoplasms	target
hsa-mir-26a-2	heart failure	tissue
hsa-mir-26a-2	leukemia, myeloid, acute	target
hsa-mir-26a-2	lung neoplasms	target
hsa-mir-26a-2	lymphoma	target
hsa-mir-26a-2	lymphoma, t-cell	tissue
hsa-mir-26a-2	melanoma	tissue
hsa-mir-26a-2	nasopharyngeal neoplasms	target
hsa-mir-26a-2	parkinson disease	circulation
hsa-mir-26a-2	preeclampsia	circulation
hsa-mir-26b	adenocarcinoma, lung	tissue
hsa-mir-26b	adenovirus infection	tissue
hsa-mir-26b	amyotrophic lateral sclerosis	tissue
hsa-mir-26b	atherosclerosis	circulation
hsa-mir-26b	breast neoplasms	target
hsa-mir-26b	breast neoplasms	tissue
hsa-mir-26b	carcinoma, breast	target
hsa-mir-26b	carcinoma, breast	tissue
hsa-mir-26b	carcinoma, hepatocellular	genetics
hsa-mir-26b	carcinoma, hepatocellular	target
hsa-mir-26b	carcinoma, hepatocellular	tissue
hsa-mir-26b	carcinoma, renal cell	circulation
hsa-mir-26b	cholangiocarcinoma	target
hsa-mir-26b	chronic kidney disease	tissue
hsa-mir-26b	colitis, ulcerative	tissue
hsa-mir-26b	colorectal carcinoma	target
hsa-mir-26b	colorectal carcinoma	tissue
hsa-mir-26b	diabetes mellitus, type 2	circulation
hsa-mir-26b	eclampsia	tissue
hsa-mir-26b	essential hypertension	circulation
hsa-mir-26b	glioma	target
hsa-mir-26b	head and neck neoplasms	tissue
hsa-mir-26b	heart failure	circulation
hsa-mir-26b	hepatitis b virus infection	target
hsa-mir-26b	lichen planus	tissue
hsa-mir-26b	lung neoplasms	target
hsa-mir-26b	lung neoplasms	tissue
hsa-mir-26b	lymphoma, b-cell	target
hsa-mir-26b	lymphoma, non-hodgkin	tissue
hsa-mir-26b	lymphoma, t-cell	tissue
hsa-mir-26b	melanoma	target
hsa-mir-26b	melanoma	tissue
hsa-mir-26b	obesity	genetics
hsa-mir-26b	obesity	target
hsa-mir-26b	obesity	tissue
hsa-mir-26b	osteoarthritis	tissue
hsa-mir-26b	osteosarcoma	target
hsa-mir-26b	osteosarcoma	tissue
hsa-mir-26b	pancreatic neoplasms	circulation
hsa-mir-26b	pancreatic neoplasms	target
hsa-mir-26b	peripheral vascular disease	circulation
hsa-mir-26b	polycythemia vera	circulation
hsa-mir-26b	preeclampsia	tissue
hsa-mir-26b	prostate neoplasms	target
hsa-mir-26b	psoriasis	target
hsa-mir-26b	stroke	circulation
hsa-mir-27a	acute lung injury	target
hsa-mir-27a	adenocarcinoma, lung	target
hsa-mir-27a	adenovirus infection	target
hsa-mir-27a	adenovirus infection	tissue
hsa-mir-27a	astrocytoma	target
hsa-mir-27a	breast neoplasms	genetics
hsa-mir-27a	breast neoplasms	target
hsa-mir-27a	carcinoma, breast	target
hsa-mir-27a	carcinoma, endometrial	target
hsa-mir-27a	carcinoma, hepatocellular	circulation
hsa-mir-27a	carcinoma, hepatocellular	epigenetics
hsa-mir-27a	carcinoma, hepatocellular	target
hsa-mir-27a	carcinoma, hepatocellular	tissue
hsa-mir-27a	carcinoma, nasopharyngeal	target
hsa-mir-27a	carcinoma, renal cell	genetics
hsa-mir-27a	cardiomyopathy	target
hsa-mir-27a	colon neoplasms	tissue
hsa-mir-27a	colorectal carcinoma	genetics
hsa-mir-27a	colorectal carcinoma	target
hsa-mir-27a	colorectal carcinoma	tissue
hsa-mir-27a	congenital heart diseases	genetics
hsa-mir-27a	diabetes mellitus	target
hsa-mir-27a	diabetes mellitus, type 2	circulation
hsa-mir-27a	diabetes mellitus, type 2	genetics
hsa-mir-27a	diabetic nephropathy	target
hsa-mir-27a	down syndrome	tissue
hsa-mir-27a	endometrial neoplasms	genetics
hsa-mir-27a	endometrial neoplasms	tissue
hsa-mir-27a	enterovirus infection	target
hsa-mir-27a	esophageal neoplasms	tissue
hsa-mir-27a	glaucoma	tissue
hsa-mir-27a	glioma	target
hsa-mir-27a	glioma	tissue
hsa-mir-27a	heart failure	circulation
hsa-mir-27a	heart failure	tissue
hsa-mir-27a	hepatitis b virus infection	genetics
hsa-mir-27a	hypertension	genetics
hsa-mir-27a	intervertebral disc degeneration	tissue
hsa-mir-27a	kidney neoplasms	target
hsa-mir-27a	laryngeal neoplasms	target
hsa-mir-27a	leukemia	circulation
hsa-mir-27a	leukemia	target
hsa-mir-27a	leukemia, myeloid, acute	target
hsa-mir-27a	leukemia, myeloid, acute	tissue
hsa-mir-27a	lung neoplasms	genetics
hsa-mir-27a	lung neoplasms	target
hsa-mir-27a	lymphoma, extranodal nk-t-cell	target
hsa-mir-27a	lymphoma, t-cell	target
hsa-mir-27a	multiple sclerosis	circulation
hsa-mir-27a	obesity	genetics
hsa-mir-27a	obesity	target
hsa-mir-27a	osteoarthritis	tissue
hsa-mir-27a	osteoporosis	tissue
hsa-mir-27a	osteosarcoma	circulation
hsa-mir-27a	osteosarcoma	target
hsa-mir-27a	ovarian neoplasms	target
hsa-mir-27a	ovarian neoplasms	tissue
hsa-mir-27a	pancreatic neoplasms	circulation
hsa-mir-27a	pancreatic neoplasms	epigenetics
hsa-mir-27a	pancreatic neoplasms	target
hsa-mir-27a	pancreatic neoplasms	tissue
hsa-mir-27a	polycystic ovarian syndrome	target
hsa-mir-27a	preeclampsia	circulation
hsa-mir-27a	prostate neoplasms	genetics
hsa-mir-27a	prostate neoplasms	target
hsa-mir-27a	prostate neoplasms	tissue
hsa-mir-27a	rectal neoplasms	tissue
hsa-mir-27a	rhabdomyosarcoma	target
hsa-mir-27a	sepsis	circulation
hsa-mir-27a	urinary bladder cancer	tissue
hsa-mir-27b	acquired immunodeficiency syndrome	tissue
hsa-mir-27b	adenovirus infection	target
hsa-mir-27b	adenovirus infection	tissue
hsa-mir-27b	amyotrophic lateral sclerosis	tissue
hsa-mir-27b	asthenozoospermia	target
hsa-mir-27b	atherosclerosis	circulation
hsa-mir-27b	atherosclerosis	target
hsa-mir-27b	atrial fibrillation	genetics
hsa-mir-27b	breast neoplasms	epigenetics
hsa-mir-27b	breast neoplasms	genetics
hsa-mir-27b	breast neoplasms	target
hsa-mir-27b	breast neoplasms	tissue
hsa-mir-27b	carcinoma, breast	circulation
hsa-mir-27b	carcinoma, breast	target
hsa-mir-27b	carcinoma, hepatocellular	target
hsa-mir-27b	cervical neoplasms	genetics
hsa-mir-27b	colorectal carcinoma	tissue
hsa-mir-27b	diabetes mellitus, type 2	tissue
hsa-mir-27b	diabetic nephropathy	circulation
hsa-mir-27b	diabetic retinopathy	circulation
hsa-mir-27b	diabetic retinopathy	target
hsa-mir-27b	down syndrome	tissue
hsa-mir-27b	endometrial neoplasms	tissue
hsa-mir-27b	esophageal neoplasms	tissue
hsa-mir-27b	glioblastoma	tissue
hsa-mir-27b	glioma	tissue
hsa-mir-27b	head and neck neoplasms	target
hsa-mir-27b	kawasaki syndrome	target
hsa-mir-27b	laryngeal neoplasms	tissue
hsa-mir-27b	leukemia	target
hsa-mir-27b	leukemia, lymphocytic, chronic, b-cell	genetics
hsa-mir-27b	leukemia, myeloid, acute	target
hsa-mir-27b	lichen planus	tissue
hsa-mir-27b	lung neoplasms	tissue
hsa-mir-27b	lymphoma	tissue
hsa-mir-27b	multiple sclerosis	tissue
hsa-mir-27b	mycobacterium tuberculosis infection	target
hsa-mir-27b	neuroblastoma	target
hsa-mir-27b	osteoarthritis	tissue
hsa-mir-27b	ovarian neoplasms	tissue
hsa-mir-27b	pancreatic neoplasms	tissue
hsa-mir-27b	peripheral vascular disease	circulation
hsa-mir-27b	prostate neoplasms	genetics
hsa-mir-27b	prostate neoplasms	tissue
hsa-mir-27b	squamous cell carcinoma, head and neck	target
hsa-mir-27b	stroke	circulation
hsa-mir-27b	urinary bladder cancer	tissue
hsa-mir-28	amyotrophic lateral sclerosis	tissue
hsa-mir-28	asthma	tissue
hsa-mir-28	carcinoma, adrenocortical	tissue
hsa-mir-28	carcinoma, hepatocellular	target
hsa-mir-28	colorectal carcinoma	genetics
hsa-mir-28	colorectal carcinoma	tissue
hsa-mir-28	diabetes mellitus, type 2	circulation
hsa-mir-28	diabetic retinopathy	circulation
hsa-mir-28	esophageal neoplasms	tissue
hsa-mir-28	heart failure	tissue
hsa-mir-28	lymphoma, b-cell	target
hsa-mir-28	lymphoma, large b-cell, diffuse	circulation
hsa-mir-28	multiple myeloma	tissue
hsa-mir-28	muscle atrophy	circulation
hsa-mir-28	neuropathic pain	target
hsa-mir-28	parkinson disease	circulation
hsa-mir-28	peripheral vascular disease	circulation
hsa-mir-28	urinary bladder cancer	tissue
hsa-mir-2861	carcinoma, basal cell	tissue
hsa-mir-2861	chordoma	tissue
hsa-mir-2861	diabetic nephropathy	target
hsa-mir-29	breast neoplasms	target
hsa-mir-29	carcinoma, hepatocellular	target
hsa-mir-29	carcinoma, nasopharyngeal	target
hsa-mir-29	carcinoma, renal cell	target
hsa-mir-29	cardiomyopathy	circulation
hsa-mir-29	diabetes mellitus	target
hsa-mir-29	diabetes mellitus, type 2	target
hsa-mir-29	endomyocardial fibrosis	circulation
hsa-mir-29	ependymoma	target
hsa-mir-29	glioma	circulation
hsa-mir-29	heart failure	target
hsa-mir-29	heart failure	tissue
hsa-mir-29	hematologic neoplasms	genetics
hsa-mir-29	hematologic neoplasms	target
hsa-mir-29	leiomyoma	tissue
hsa-mir-29	leukemia, lymphocytic, chronic, b-cell	target
hsa-mir-29	leukemia, myeloid, acute	target
hsa-mir-29	myocardial infarction	target
hsa-mir-29	osteosarcoma	target
hsa-mir-29	prostate neoplasms	target
hsa-mir-29	salivary gland neoplasms	tissue
hsa-mir-29	tuberculosis	target
hsa-mir-296	atherosclerosis	circulation
hsa-mir-296	borna disease	tissue
hsa-mir-296	brain neoplasms	target
hsa-mir-296	breast neoplasms	genetics
hsa-mir-296	breast neoplasms	target
hsa-mir-296	carcinoma, hepatocellular	target
hsa-mir-296	carcinoma, hepatocellular	tissue
hsa-mir-296	colon neoplasms	circulation
hsa-mir-296	glioblastoma	epigenetics
hsa-mir-296	glioma	tissue
hsa-mir-296	heart failure	tissue
hsa-mir-296	hypertension	circulation
hsa-mir-296	lupus vulgaris	circulation
hsa-mir-296	lymphoma, large b-cell, diffuse	tissue
hsa-mir-296	melanoma	genetics
hsa-mir-296	melanoma	target
hsa-mir-296	mycobacterium tuberculosis infection	circulation
hsa-mir-296	niemann-pick disease, type c	tissue
hsa-mir-296	ovarian neoplasms	genetics
hsa-mir-296	ovarian neoplasms	target
hsa-mir-296	pancreatic neoplasms	tissue
hsa-mir-296	preeclampsia	circulation
hsa-mir-296	preeclampsia	tissue
hsa-mir-296	prostate neoplasms	genetics
hsa-mir-296	prostate neoplasms	target
hsa-mir-296	urinary bladder cancer	tissue
hsa-mir-297	adenocarcinoma, lung	target
hsa-mir-297	colorectal carcinoma	target
hsa-mir-297	glioblastoma	target
hsa-mir-297	heart failure	tissue
hsa-mir-297	sepsis	circulation
hsa-mir-297	squamous cell carcinoma	epigenetics
hsa-mir-298	breast neoplasms	target
hsa-mir-298	carcinoma, hepatocellular	target
hsa-mir-298	epilepsy	target
hsa-mir-298	pelvic inflammatory disease	circulation
hsa-mir-298	stroke	circulation
hsa-mir-298	stroke, ischemic	target
hsa-mir-299	breast neoplasms	circulation
hsa-mir-299	carcinoma, hepatocellular	genetics
hsa-mir-299	carcinoma, hepatocellular	target
hsa-mir-299	carcinoma, hepatocellular	tissue
hsa-mir-299	glioblastoma	target
hsa-mir-299	heart failure	circulation
hsa-mir-299	heart failure	tissue
hsa-mir-299	leukemia, myeloid, acute	circulation
hsa-mir-299	lung neoplasms	target
hsa-mir-299	muscle atrophy	circulation
hsa-mir-299	parkinson disease	circulation
hsa-mir-299	primary biliary cirrhosis	tissue
hsa-mir-299	salivary gland neoplasms	tissue
hsa-mir-299	sjogren syndrome	tissue
hsa-mir-29a	acquired immunodeficiency syndrome	circulation
hsa-mir-29a	acquired immunodeficiency syndrome	tissue
hsa-mir-29a	adenocarcinoma, lung	target
hsa-mir-29a	aortic aneurysm, thoracic	tissue
hsa-mir-29a	atherosclerosis	circulation
hsa-mir-29a	atherosclerosis	target
hsa-mir-29a	atrial fibrillation	genetics
hsa-mir-29a	breast neoplasms	circulation
hsa-mir-29a	breast neoplasms	target
hsa-mir-29a	breast neoplasms	tissue
hsa-mir-29a	bronchopulmonary dysplasia	tissue
hsa-mir-29a	carcinoma, breast	genetics
hsa-mir-29a	carcinoma, breast	target
hsa-mir-29a	carcinoma, breast	tissue
hsa-mir-29a	carcinoma, hepatocellular	circulation
hsa-mir-29a	carcinoma, hepatocellular	epigenetics
hsa-mir-29a	carcinoma, hepatocellular	target
hsa-mir-29a	carcinoma, hepatocellular	tissue
hsa-mir-29a	carcinoma, nasopharyngeal	circulation
hsa-mir-29a	carcinoma, nasopharyngeal	target
hsa-mir-29a	cardiomyopathy	circulation
hsa-mir-29a	cardiomyopathy, hypertrophic	circulation
hsa-mir-29a	cholangiocarcinoma	target
hsa-mir-29a	colitis, ulcerative	target
hsa-mir-29a	colon neoplasms	tissue
hsa-mir-29a	colorectal carcinoma	circulation
hsa-mir-29a	colorectal carcinoma	target
hsa-mir-29a	colorectal carcinoma	tissue
hsa-mir-29a	crohn disease	circulation
hsa-mir-29a	diabetes mellitus	genetics
hsa-mir-29a	diabetes mellitus	target
hsa-mir-29a	diabetes mellitus	tissue
hsa-mir-29a	diabetes mellitus, type 2	circulation
hsa-mir-29a	diabetic nephropathy	circulation
hsa-mir-29a	diabetic nephropathy	tissue
hsa-mir-29a	diabetic retinopathy	target
hsa-mir-29a	endocrine gland neoplasms	tissue
hsa-mir-29a	endomyocardial fibrosis	genetics
hsa-mir-29a	ependymoma	tissue
hsa-mir-29a	focal segmental glomerulosclerosis	target
hsa-mir-29a	glaucoma	circulation
hsa-mir-29a	glioblastoma	genetics
hsa-mir-29a	glioblastoma	target
hsa-mir-29a	glioma	target
hsa-mir-29a	glioma	tissue
hsa-mir-29a	heart failure	circulation
hsa-mir-29a	heart failure	tissue
hsa-mir-29a	hypertension	genetics
hsa-mir-29a	idiopathic pulmonary fibrosis	genetics
hsa-mir-29a	inflammation	target
hsa-mir-29a	influenza	epigenetics
hsa-mir-29a	irritable bowel syndrome	tissue
hsa-mir-29a	leukemia, lymphocytic, chronic, b-cell	circulation
hsa-mir-29a	leukemia, myeloid, acute	circulation
hsa-mir-29a	leukemia, myeloid, acute	genetics
hsa-mir-29a	leukemia, myeloid, acute	target
hsa-mir-29a	leukemia, myeloid, chronic-phase	target
hsa-mir-29a	liver cirrhosis	circulation
hsa-mir-29a	liver neoplasms	tissue
hsa-mir-29a	lung neoplasms	epigenetics
hsa-mir-29a	lung neoplasms	target
hsa-mir-29a	lung neoplasms	tissue
hsa-mir-29a	lymphoma, b-cell	target
hsa-mir-29a	machado-joseph disease	circulation
hsa-mir-29a	macular degeneration	tissue
hsa-mir-29a	melanoma	target
hsa-mir-29a	multiple myeloma	genetics
hsa-mir-29a	multiple sclerosis	target
hsa-mir-29a	muscular dystrophy, duchenne	genetics
hsa-mir-29a	myocardial infarction	tissue
hsa-mir-29a	neurilemmoma	target
hsa-mir-29a	neuroblastoma	tissue
hsa-mir-29a	osteosarcoma	target
hsa-mir-29a	ovarian neoplasms	genetics
hsa-mir-29a	ovarian neoplasms	tissue
hsa-mir-29a	pancreatic neoplasms	target
hsa-mir-29a	parkinson disease	circulation
hsa-mir-29a	parkinson disease	tissue
hsa-mir-29a	preeclampsia	circulation
hsa-mir-29a	prostate neoplasms	epigenetics
hsa-mir-29a	prostate neoplasms	genetics
hsa-mir-29a	prostate neoplasms	target
hsa-mir-29a	prostate neoplasms	tissue
hsa-mir-29a	retinoblastoma	target
hsa-mir-29a	retinoblastoma	tissue
hsa-mir-29a	rhabdomyosarcoma	target
hsa-mir-29a	scleroderma, systemic	circulation
hsa-mir-29a	scleroderma, systemic	target
hsa-mir-29a	spinal cord injuries	target
hsa-mir-29a	squamous cell carcinoma	tissue
hsa-mir-29a	squamous cell carcinoma, head and neck	target
hsa-mir-29a	tuberculosis, pulmonary	circulation
hsa-mir-29a	tuberculosis, pulmonary	target
hsa-mir-29a	vasculitis	circulation
hsa-mir-29b	acquired immunodeficiency syndrome	tissue
hsa-mir-29b	adenocarcinoma, lung	tissue
hsa-mir-29b	aortic aneurysm, abdominal	tissue
hsa-mir-29b	asthma	target
hsa-mir-29b	atherosclerosis	circulation
hsa-mir-29b	atherosclerosis	target
hsa-mir-29b	breast neoplasms	target
hsa-mir-29b	breast neoplasms	tissue
hsa-mir-29b	carcinoma, breast	genetics
hsa-mir-29b	carcinoma, breast	tissue
hsa-mir-29b	carcinoma, endometrial	target
hsa-mir-29b	carcinoma, hepatocellular	circulation
hsa-mir-29b	carcinoma, hepatocellular	target
hsa-mir-29b	carcinoma, hepatocellular	tissue
hsa-mir-29b	carcinoma, nasopharyngeal	target
hsa-mir-29b	carcinoma, renal cell	genetics
hsa-mir-29b	cardiomyopathy	circulation
hsa-mir-29b	cholangiocarcinoma	target
hsa-mir-29b	colon neoplasms	tissue
hsa-mir-29b	colorectal carcinoma	target
hsa-mir-29b	colorectal carcinoma	tissue
hsa-mir-29b	diabetes mellitus	circulation
hsa-mir-29b	diabetes mellitus	target
hsa-mir-29b	diabetes mellitus, type 2	circulation
hsa-mir-29b	diabetic retinopathy	target
hsa-mir-29b	endometrial neoplasms	circulation
hsa-mir-29b	ewing sarcoma	target
hsa-mir-29b	glaucoma	target
hsa-mir-29b	glioblastoma	target
hsa-mir-29b	glioma	circulation
hsa-mir-29b	hearing loss	genetics
hsa-mir-29b	heart failure	tissue
hsa-mir-29b	inflammation	target
hsa-mir-29b	leukemia, lymphoblastic, acute	circulation
hsa-mir-29b	leukemia, lymphocytic, chronic, b-cell	circulation
hsa-mir-29b	liver cirrhosis	genetics
hsa-mir-29b	liver cirrhosis	target
hsa-mir-29b	lung neoplasms	epigenetics
hsa-mir-29b	lung neoplasms	target
hsa-mir-29b	lymphoma	tissue
hsa-mir-29b	meningioma	tissue
hsa-mir-29b	multiple myeloma	target
hsa-mir-29b	myelodysplastic syndromes	tissue
hsa-mir-29b	myocardial infarction	circulation
hsa-mir-29b	neuroblastoma	target
hsa-mir-29b	obesity	target
hsa-mir-29b	ovarian neoplasms	target
hsa-mir-29b	ovarian neoplasms	tissue
hsa-mir-29b	pancreatic neoplasms	tissue
hsa-mir-29b	parkinson disease	tissue
hsa-mir-29b	preeclampsia	circulation
hsa-mir-29b	prion diseases	tissue
hsa-mir-29b	prostate neoplasms	genetics
hsa-mir-29b	prostate neoplasms	target
hsa-mir-29b	prostate neoplasms	tissue
hsa-mir-29b	pterygium	tissue
hsa-mir-29b	shock, septic	tissue
hsa-mir-29b	squamous cell carcinoma, head and neck	target
hsa-mir-29b	squamous cell carcinoma, head and neck	tissue
hsa-mir-29b	stroke	circulation
hsa-mir-29b	thyroid neoplasms	target
hsa-mir-29b-1	aortic aneurysm, thoracic	tissue
hsa-mir-29b-1	atherosclerosis	epigenetics
hsa-mir-29b-1	breast neoplasms	target
hsa-mir-29b-1	breast neoplasms	tissue
hsa-mir-29b-1	carcinoma, hepatocellular	target
hsa-mir-29b-1	colon neoplasms	tissue
hsa-mir-29b-1	diabetic nephropathy	tissue
hsa-mir-29b-1	eosinophilic esophagitis	circulation
hsa-mir-29b-1	glioblastoma	target
hsa-mir-29b-1	heart failure	tissue
hsa-mir-29b-1	ischemia	tissue
hsa-mir-29b-1	leukemia, lymphocytic, chronic, b-cell	circulation
hsa-mir-29b-1	leukemia, lymphocytic, chronic, b-cell	epigenetics
hsa-mir-29b-1	leukemia, lymphocytic, chronic, b-cell	genetics
hsa-mir-29b-1	leukemia, myeloid, acute	epigenetics
hsa-mir-29b-1	leukemia, myeloid, acute	genetics
hsa-mir-29b-1	leukemia, myeloid, acute	target
hsa-mir-29b-1	leukemia, myeloid, chronic-phase	target
hsa-mir-29b-1	liver cirrhosis	circulation
hsa-mir-29b-1	lung neoplasms	epigenetics
hsa-mir-29b-1	lung neoplasms	target
hsa-mir-29b-1	lung neoplasms	tissue
hsa-mir-29b-1	lymphoma, b-cell	target
hsa-mir-29b-1	melanoma	target
hsa-mir-29b-1	multiple myeloma	epigenetics
hsa-mir-29b-1	multiple myeloma	target
hsa-mir-29b-1	multiple sclerosis	target
hsa-mir-29b-1	muscular dystrophy, duchenne	genetics
hsa-mir-29b-1	myocardial infarction	tissue
hsa-mir-29b-1	osteosarcoma	tissue
hsa-mir-29b-1	ovarian neoplasms	epigenetics
hsa-mir-29b-1	pancreatic neoplasms	tissue
hsa-mir-29b-1	parkinson disease	circulation
hsa-mir-29b-1	prostate neoplasms	tissue
hsa-mir-29b-1	retinoblastoma	tissue
hsa-mir-29b-1	rhabdomyosarcoma	target
hsa-mir-29b-1	scleroderma, systemic	tissue
hsa-mir-29b-1	urinary bladder cancer	tissue
hsa-mir-29b-2	aortic aneurysm, thoracic	tissue
hsa-mir-29b-2	atherosclerosis	epigenetics
hsa-mir-29b-2	breast neoplasms	target
hsa-mir-29b-2	carcinoma, hepatocellular	target
hsa-mir-29b-2	diabetic nephropathy	tissue
hsa-mir-29b-2	eosinophilic esophagitis	circulation
hsa-mir-29b-2	glioblastoma	target
hsa-mir-29b-2	intracranial aneurysm	target
hsa-mir-29b-2	ischemia	tissue
hsa-mir-29b-2	leukemia, lymphocytic, chronic, b-cell	circulation
hsa-mir-29b-2	leukemia, lymphocytic, chronic, b-cell	epigenetics
hsa-mir-29b-2	leukemia, myeloid, acute	epigenetics
hsa-mir-29b-2	leukemia, myeloid, acute	target
hsa-mir-29b-2	leukemia, myeloid, chronic-phase	target
hsa-mir-29b-2	liver cirrhosis	circulation
hsa-mir-29b-2	lung neoplasms	target
hsa-mir-29b-2	lung neoplasms	tissue
hsa-mir-29b-2	lymphoma, b-cell	target
hsa-mir-29b-2	melanoma	target
hsa-mir-29b-2	multiple myeloma	epigenetics
hsa-mir-29b-2	multiple myeloma	target
hsa-mir-29b-2	multiple sclerosis	target
hsa-mir-29b-2	muscular dystrophy, duchenne	genetics
hsa-mir-29b-2	myocardial infarction	tissue
hsa-mir-29b-2	osteosarcoma	tissue
hsa-mir-29b-2	ovarian neoplasms	epigenetics
hsa-mir-29b-2	parkinson disease	circulation
hsa-mir-29b-2	retinoblastoma	tissue
hsa-mir-29b-2	rhabdomyosarcoma	target
hsa-mir-29b-2	scleroderma, systemic	tissue
hsa-mir-29c	adenocarcinoma, lung	target
hsa-mir-29c	adenocarcinoma, lung	tissue
hsa-mir-29c	aortic aneurysm, thoracic	tissue
hsa-mir-29c	atherosclerosis	circulation
hsa-mir-29c	breast neoplasms	circulation
hsa-mir-29c	breast neoplasms	epigenetics
hsa-mir-29c	breast neoplasms	target
hsa-mir-29c	breast neoplasms	tissue
hsa-mir-29c	carcinoma, basal cell	tissue
hsa-mir-29c	carcinoma, breast	circulation
hsa-mir-29c	carcinoma, embryonal	genetics
hsa-mir-29c	carcinoma, hepatocellular	circulation
hsa-mir-29c	carcinoma, hepatocellular	target
hsa-mir-29c	carcinoma, hepatocellular	tissue
hsa-mir-29c	carcinoma, renal cell	circulation
hsa-mir-29c	cardiomyopathy	circulation
hsa-mir-29c	cardiomyopathy, hypertrophic	circulation
hsa-mir-29c	cervical neoplasms	target
hsa-mir-29c	chronic kidney disease	tissue
hsa-mir-29c	colorectal carcinoma	circulation
hsa-mir-29c	colorectal carcinoma	target
hsa-mir-29c	colorectal carcinoma	tissue
hsa-mir-29c	diabetes mellitus	circulation
hsa-mir-29c	diabetes mellitus	target
hsa-mir-29c	diabetes mellitus	tissue
hsa-mir-29c	diabetic nephropathy	circulation
hsa-mir-29c	diabetic nephropathy	tissue
hsa-mir-29c	endometrial neoplasms	tissue
hsa-mir-29c	endometriosis	target
hsa-mir-29c	endometriosis	tissue
hsa-mir-29c	esophageal neoplasms	target
hsa-mir-29c	glaucoma	circulation
hsa-mir-29c	glioblastoma	target
hsa-mir-29c	head and neck neoplasms	tissue
hsa-mir-29c	idiopathic pulmonary fibrosis	target
hsa-mir-29c	influenza	target
hsa-mir-29c	leukemia, lymphocytic, chronic, b-cell	circulation
hsa-mir-29c	leukemia, lymphocytic, chronic, b-cell	tissue
hsa-mir-29c	liver cirrhosis	circulation
hsa-mir-29c	liver neoplasms	target
hsa-mir-29c	lung neoplasms	epigenetics
hsa-mir-29c	lung neoplasms	target
hsa-mir-29c	lung neoplasms	tissue
hsa-mir-29c	lymphoma	tissue
hsa-mir-29c	lymphoma, b-cell	target
hsa-mir-29c	lymphoma, b-cell	tissue
hsa-mir-29c	meningioma	tissue
hsa-mir-29c	muscle atrophy	circulation
hsa-mir-29c	muscular dystrophy, duchenne	genetics
hsa-mir-29c	nasopharyngeal neoplasms	circulation
hsa-mir-29c	neurilemmoma	target
hsa-mir-29c	obesity	circulation
hsa-mir-29c	osteosarcoma	target
hsa-mir-29c	ovarian neoplasms	tissue
hsa-mir-29c	pancreatic neoplasms	target
hsa-mir-29c	parkinson disease	circulation
hsa-mir-29c	parkinson disease	tissue
hsa-mir-29c	prostate neoplasms	target
hsa-mir-29c	retinoblastoma	tissue
hsa-mir-29c	rhabdomyosarcoma	target
hsa-mir-29c	salivary gland neoplasms	tissue
hsa-mir-29c	squamous cell carcinoma, head and neck	target
hsa-mir-29c	squamous cell carcinoma, head and neck	tissue
hsa-mir-29c	urinary bladder cancer	tissue
hsa-mir-30	atherosclerosis	circulation
hsa-mir-30	atherosclerosis	target
hsa-mir-30	cardiomegaly	target
hsa-mir-30	cardiomyopathy	tissue
hsa-mir-30	diabetes mellitus	tissue
hsa-mir-30	diabetic nephropathy	circulation
hsa-mir-30	glioma	target
hsa-mir-30	heart failure	target
hsa-mir-30	myocardial infarction	circulation
hsa-mir-30	pancreatic neoplasms	target
hsa-mir-301a	breast neoplasms	circulation
hsa-mir-301a	breast neoplasms	target
hsa-mir-301a	breast neoplasms	tissue
hsa-mir-301a	carcinoma, adrenocortical	tissue
hsa-mir-301a	carcinoma, hepatocellular	target
hsa-mir-301a	carcinoma, hepatocellular	tissue
hsa-mir-301a	colorectal carcinoma	genetics
hsa-mir-301a	colorectal carcinoma	target
hsa-mir-301a	crohn disease	tissue
hsa-mir-301a	esophageal neoplasms	target
hsa-mir-301a	lung neoplasms	genetics
hsa-mir-301a	lung neoplasms	tissue
hsa-mir-301a	melanoma	tissue
hsa-mir-301a	multiple myeloma	target
hsa-mir-301a	osteosarcoma	target
hsa-mir-301a	pancreatic neoplasms	target
hsa-mir-301a	parkinson disease	circulation
hsa-mir-301a	periodontitis	tissue
hsa-mir-301a	preeclampsia	circulation
hsa-mir-301a	prostate neoplasms	target
hsa-mir-301a	prostate neoplasms	tissue
hsa-mir-301a	salivary gland neoplasms	tissue
hsa-mir-301a	sickle cell disease	target
hsa-mir-301b	acute lung injury	circulation
hsa-mir-301b	carcinoma, adrenocortical	tissue
hsa-mir-301b	carcinoma, breast	target
hsa-mir-301b	colon neoplasms	tissue
hsa-mir-301b	diabetes mellitus	target
hsa-mir-301b	leukemia, myeloid, acute	target
hsa-mir-301b	lung neoplasms	genetics
hsa-mir-301b	melanoma	target
hsa-mir-301b	pancreatic neoplasms	tissue
hsa-mir-301b	prostate neoplasms	tissue
hsa-mir-301b	salivary gland neoplasms	tissue
hsa-mir-302a	atherosclerosis	target
hsa-mir-302a	azoospermia	tissue
hsa-mir-302a	breast neoplasms	genetics
hsa-mir-302a	breast neoplasms	target
hsa-mir-302a	colorectal carcinoma	target
hsa-mir-302a	glioblastoma	target
hsa-mir-302a	glioma	target
hsa-mir-302a	glioma	tissue
hsa-mir-302a	head and neck neoplasms	target
hsa-mir-302a	heart failure	tissue
hsa-mir-302a	immune thrombocytopenic purpura	circulation
hsa-mir-302a	melanoma	genetics
hsa-mir-302a	osteosarcoma	target
hsa-mir-302a	ovarian neoplasms	genetics
hsa-mir-302a	periodontitis	target
hsa-mir-302a	preeclampsia	tissue
hsa-mir-302a	tuberculosis, pulmonary	tissue
hsa-mir-302a	urinary bladder cancer	target
hsa-mir-302b	breast neoplasms	genetics
hsa-mir-302b	breast neoplasms	target
hsa-mir-302b	breast neoplasms	tissue
hsa-mir-302b	carcinoma, embryonal	target
hsa-mir-302b	carcinoma, hepatocellular	genetics
hsa-mir-302b	carcinoma, hepatocellular	target
hsa-mir-302b	carcinoma, hepatocellular	tissue
hsa-mir-302b	carcinoma, renal cell	circulation
hsa-mir-302b	glioblastoma	target
hsa-mir-302b	glioma	target
hsa-mir-302b	glioma	tissue
hsa-mir-302b	head and neck neoplasms	target
hsa-mir-302b	heart failure	tissue
hsa-mir-302b	medulloblastoma	tissue
hsa-mir-302b	melanoma	genetics
hsa-mir-302b	ovarian neoplasms	genetics
hsa-mir-302b	ovarian neoplasms	target
hsa-mir-302b	ovarian neoplasms	tissue
hsa-mir-302b	preeclampsia	tissue
hsa-mir-302b	thyroid neoplasms	target
hsa-mir-302c	biliary tract neoplasms	tissue
hsa-mir-302c	breast neoplasms	genetics
hsa-mir-302c	breast neoplasms	target
hsa-mir-302c	carcinoma, hepatocellular	circulation
hsa-mir-302c	carcinoma, hepatocellular	target
hsa-mir-302c	carcinoma, hepatocellular	tissue
hsa-mir-302c	carcinoma, renal cell	circulation
hsa-mir-302c	carcinoma, renal cell	target
hsa-mir-302c	chondrosarcoma	epigenetics
hsa-mir-302c	colorectal carcinoma	target
hsa-mir-302c	glioblastoma	target
hsa-mir-302c	glioma	target
hsa-mir-302c	glioma	tissue
hsa-mir-302c	head and neck neoplasms	target
hsa-mir-302c	heart failure	tissue
hsa-mir-302c	immune thrombocytopenic purpura	circulation
hsa-mir-302c	influenza	target
hsa-mir-302c	melanoma	genetics
hsa-mir-302c	ovarian neoplasms	genetics
hsa-mir-302c	preeclampsia	tissue
hsa-mir-302c	salivary gland neoplasms	tissue
hsa-mir-302d	breast neoplasms	genetics
hsa-mir-302d	breast neoplasms	target
hsa-mir-302d	breast neoplasms	tissue
hsa-mir-302d	carcinoma, hepatocellular	target
hsa-mir-302d	glioblastoma	target
hsa-mir-302d	glioma	tissue
hsa-mir-302d	head and neck neoplasms	target
hsa-mir-302d	hepatoblastoma	tissue
hsa-mir-302d	medulloblastoma	tissue
hsa-mir-302d	melanoma	genetics
hsa-mir-302d	ovarian neoplasms	genetics
hsa-mir-302d	preeclampsia	tissue
hsa-mir-30a	adenocarcinoma, lung	genetics
hsa-mir-30a	adenovirus infection	tissue
hsa-mir-30a	aortic aneurysm, abdominal	target
hsa-mir-30a	aortic aneurysm, thoracic	tissue
hsa-mir-30a	atrial fibrillation	tissue
hsa-mir-30a	balkan nephropathy	tissue
hsa-mir-30a	breast neoplasms	circulation
hsa-mir-30a	breast neoplasms	target
hsa-mir-30a	breast neoplasms	tissue
hsa-mir-30a	carcinoma, adrenocortical	tissue
hsa-mir-30a	carcinoma, breast	circulation
hsa-mir-30a	carcinoma, hepatocellular	target
hsa-mir-30a	carcinoma, hepatocellular	tissue
hsa-mir-30a	carcinoma, nasopharyngeal	target
hsa-mir-30a	carcinoma, renal cell	target
hsa-mir-30a	cardiomyopathy, hypertrophic	target
hsa-mir-30a	chondrosarcoma	target
hsa-mir-30a	colon neoplasms	target
hsa-mir-30a	colorectal carcinoma	target
hsa-mir-30a	colorectal carcinoma	tissue
hsa-mir-30a	diabetes mellitus, type 2	circulation
hsa-mir-30a	endocrine gland neoplasms	tissue
hsa-mir-30a	enterovirus infection	target
hsa-mir-30a	eosinophilic esophagitis	circulation
hsa-mir-30a	epilepsy	circulation
hsa-mir-30a	giant cell tumor of bone	target
hsa-mir-30a	glaucoma	circulation
hsa-mir-30a	glioma	target
hsa-mir-30a	heart failure	circulation
hsa-mir-30a	heart failure	tissue
hsa-mir-30a	hepatitis b virus infection	genetics
hsa-mir-30a	idiopathic pulmonary fibrosis	target
hsa-mir-30a	idiopathic pulmonary fibrosis	tissue
hsa-mir-30a	leukemia, myeloid, chronic-phase	target
hsa-mir-30a	liver neoplasms	tissue
hsa-mir-30a	lung neoplasms	target
hsa-mir-30a	lung neoplasms	tissue
hsa-mir-30a	lupus vulgaris	circulation
hsa-mir-30a	malignant peripheral nerve sheath tumor	target
hsa-mir-30a	melanoma	circulation
hsa-mir-30a	melanoma	target
hsa-mir-30a	melanoma	tissue
hsa-mir-30a	muscle atrophy	circulation
hsa-mir-30a	mycobacterium tuberculosis infection	target
hsa-mir-30a	myocardial infarction	circulation
hsa-mir-30a	nasopharyngeal neoplasms	genetics
hsa-mir-30a	nephrotic syndrome	circulation
hsa-mir-30a	neuroendocrine tumors	tissue
hsa-mir-30a	obesity	circulation
hsa-mir-30a	osteosarcoma	target
hsa-mir-30a	ovarian neoplasms	target
hsa-mir-30a	ovarian neoplasms	tissue
hsa-mir-30a	parkinson disease	circulation
hsa-mir-30a	parkinson disease	target
hsa-mir-30a	parkinson disease	tissue
hsa-mir-30a	periodontitis	tissue
hsa-mir-30a	preeclampsia	target
hsa-mir-30a	prolactinoma	tissue
hsa-mir-30a	prostate neoplasms	genetics
hsa-mir-30a	prostate neoplasms	target
hsa-mir-30a	scleroderma, systemic	target
hsa-mir-30a	sepsis	target
hsa-mir-30a	squamous cell carcinoma, head and neck	target
hsa-mir-30a	stroke, ischemic	circulation
hsa-mir-30b	adenocarcinoma, lung	tissue
hsa-mir-30b	adenovirus infection	tissue
hsa-mir-30b	amyotrophic lateral sclerosis	circulation
hsa-mir-30b	amyotrophic lateral sclerosis	tissue
hsa-mir-30b	aortic aneurysm, thoracic	tissue
hsa-mir-30b	atherosclerosis	circulation
hsa-mir-30b	atrial fibrillation	target
hsa-mir-30b	breast neoplasms	genetics
hsa-mir-30b	breast neoplasms	target
hsa-mir-30b	breast neoplasms	tissue
hsa-mir-30b	carcinoma, breast	circulation
hsa-mir-30b	carcinoma, hepatocellular	genetics
hsa-mir-30b	carcinoma, hepatocellular	tissue
hsa-mir-30b	carcinoma, renal cell	target
hsa-mir-30b	colon neoplasms	tissue
hsa-mir-30b	colorectal carcinoma	target
hsa-mir-30b	diabetes mellitus, type 2	circulation
hsa-mir-30b	diabetic retinopathy	circulation
hsa-mir-30b	esophageal neoplasms	tissue
hsa-mir-30b	focal segmental glomerulosclerosis	circulation
hsa-mir-30b	glioblastoma	target
hsa-mir-30b	glioma	target
hsa-mir-30b	heart failure	circulation
hsa-mir-30b	heart failure	tissue
hsa-mir-30b	inflammation	target
hsa-mir-30b	ischemia	tissue
hsa-mir-30b	lung neoplasms	target
hsa-mir-30b	lung neoplasms	tissue
hsa-mir-30b	melanoma	genetics
hsa-mir-30b	osteoarthritis	target
hsa-mir-30b	osteosarcoma	target
hsa-mir-30b	ovarian neoplasms	genetics
hsa-mir-30b	pancreatic neoplasms	tissue
hsa-mir-30b	parathyroid carcinoma	tissue
hsa-mir-30b	parkinson disease	circulation
hsa-mir-30b	parkinson disease	target
hsa-mir-30b	polycythemia vera	circulation
hsa-mir-30b	spinal cord injuries	circulation
hsa-mir-30b	stroke	circulation
hsa-mir-30b	tuberculosis, pulmonary	circulation
hsa-mir-30c	adenocarcinoma, lung	tissue
hsa-mir-30c	amyotrophic lateral sclerosis	tissue
hsa-mir-30c	atherosclerosis	target
hsa-mir-30c	breast neoplasms	target
hsa-mir-30c	breast neoplasms	tissue
hsa-mir-30c	carcinoma, breast	circulation
hsa-mir-30c	carcinoma, endometrial	target
hsa-mir-30c	carcinoma, hepatocellular	circulation
hsa-mir-30c	carcinoma, hepatocellular	target
hsa-mir-30c	carcinoma, renal cell	tissue
hsa-mir-30c	colon neoplasms	tissue
hsa-mir-30c	colorectal carcinoma	target
hsa-mir-30c	diabetes mellitus, type 2	circulation
hsa-mir-30c	focal segmental glomerulosclerosis	circulation
hsa-mir-30c	glioma	target
hsa-mir-30c	heart failure	circulation
hsa-mir-30c	heart failure	genetics
hsa-mir-30c	heart failure	target
hsa-mir-30c	hiv-associated lipodystrophy	tissue
hsa-mir-30c	leukemia, myeloid, acute	target
hsa-mir-30c	lung neoplasms	tissue
hsa-mir-30c	multiple sclerosis	circulation
hsa-mir-30c	ovarian neoplasms	tissue
hsa-mir-30c	pancreatic neoplasms	tissue
hsa-mir-30c	polycythemia vera	circulation
hsa-mir-30c	prostate neoplasms	circulation
hsa-mir-30c	visceral leishmaniasis	target
hsa-mir-30c-1	adenovirus infection	tissue
hsa-mir-30c-1	aortic aneurysm, thoracic	tissue
hsa-mir-30c-1	breast neoplasms	genetics
hsa-mir-30c-1	breast neoplasms	target
hsa-mir-30c-1	carcinoma, hepatocellular	target
hsa-mir-30c-1	carcinoma, renal cell	circulation
hsa-mir-30c-1	colon neoplasms	tissue
hsa-mir-30c-1	heart failure	tissue
hsa-mir-30c-1	lung neoplasms	genetics
hsa-mir-30c-1	lung neoplasms	target
hsa-mir-30c-1	lung neoplasms	tissue
hsa-mir-30c-1	mesothelioma	tissue
hsa-mir-30c-1	ovarian neoplasms	circulation
hsa-mir-30c-1	ovarian neoplasms	target
hsa-mir-30c-1	ovarian neoplasms	tissue
hsa-mir-30c-1	pancreatic neoplasms	tissue
hsa-mir-30c-1	parkinson disease	circulation
hsa-mir-30c-1	parkinson disease	target
hsa-mir-30c-1	prostate neoplasms	tissue
hsa-mir-30c-2	adenocarcinoma, lung	target
hsa-mir-30c-2	adenovirus infection	tissue
hsa-mir-30c-2	aortic aneurysm, thoracic	tissue
hsa-mir-30c-2	breast neoplasms	target
hsa-mir-30c-2	breast neoplasms	tissue
hsa-mir-30c-2	carcinoma, hepatocellular	target
hsa-mir-30c-2	carcinoma, renal cell	circulation
hsa-mir-30c-2	colon neoplasms	tissue
hsa-mir-30c-2	heart failure	tissue
hsa-mir-30c-2	lung neoplasms	genetics
hsa-mir-30c-2	lung neoplasms	target
hsa-mir-30c-2	lung neoplasms	tissue
hsa-mir-30c-2	mesothelioma	tissue
hsa-mir-30c-2	ovarian neoplasms	circulation
hsa-mir-30c-2	ovarian neoplasms	target
hsa-mir-30c-2	ovarian neoplasms	tissue
hsa-mir-30c-2	pancreatic neoplasms	tissue
hsa-mir-30c-2	parkinson disease	circulation
hsa-mir-30c-2	parkinson disease	target
hsa-mir-30c-2	prostate neoplasms	tissue
hsa-mir-30c-2	retinoblastoma	tissue
hsa-mir-30d	adenocarcinoma, lung	tissue
hsa-mir-30d	aortic aneurysm, thoracic	tissue
hsa-mir-30d	breast neoplasms	genetics
hsa-mir-30d	breast neoplasms	target
hsa-mir-30d	breast neoplasms	tissue
hsa-mir-30d	carcinoma, hepatocellular	tissue
hsa-mir-30d	carcinoma, renal cell	target
hsa-mir-30d	colon neoplasms	tissue
hsa-mir-30d	colorectal carcinoma	tissue
hsa-mir-30d	diabetes mellitus, type 2	circulation
hsa-mir-30d	diabetes mellitus, type 2	tissue
hsa-mir-30d	diabetic cardiomyopathies	tissue
hsa-mir-30d	diabetic nephropathy	target
hsa-mir-30d	glaucoma	circulation
hsa-mir-30d	heart failure	circulation
hsa-mir-30d	intervertebral disc degeneration	target
hsa-mir-30d	lung neoplasms	tissue
hsa-mir-30d	lupus vulgaris	circulation
hsa-mir-30d	malignant peripheral nerve sheath tumor	target
hsa-mir-30d	melanoma	genetics
hsa-mir-30d	multiple myeloma	circulation
hsa-mir-30d	ovarian neoplasms	epigenetics
hsa-mir-30d	ovarian neoplasms	genetics
hsa-mir-30d	ovarian neoplasms	target
hsa-mir-30d	ovarian neoplasms	tissue
hsa-mir-30d	parkinson disease	target
hsa-mir-30d	parkinson disease	tissue
hsa-mir-30d	prostate neoplasms	target
hsa-mir-30d	thyroid neoplasms	target
hsa-mir-30e	aortic aneurysm, thoracic	tissue
hsa-mir-30e	atherosclerosis	circulation
hsa-mir-30e	carcinoma, breast	target
hsa-mir-30e	carcinoma, hepatocellular	circulation
hsa-mir-30e	carcinoma, hepatocellular	target
hsa-mir-30e	diabetes mellitus, type 2	circulation
hsa-mir-30e	diabetic nephropathy	target
hsa-mir-30e	glioblastoma	target
hsa-mir-30e	glioma	target
hsa-mir-30e	heart failure	circulation
hsa-mir-30e	heart failure	target
hsa-mir-30e	heart failure	tissue
hsa-mir-30e	lung neoplasms	circulation
hsa-mir-30e	lung neoplasms	tissue
hsa-mir-30e	lymphoma, b-cell	target
hsa-mir-30e	melanoma	circulation
hsa-mir-30e	obesity	tissue
hsa-mir-30e	ovarian neoplasms	target
hsa-mir-30e	ovarian neoplasms	tissue
hsa-mir-30e	parkinson disease	target
hsa-mir-30e	periodontal diseases	tissue
hsa-mir-30e	stroke	circulation
hsa-mir-31	adenocarcinoma, colon	epigenetics
hsa-mir-31	adenocarcinoma, lung	genetics
hsa-mir-31	adenocarcinoma, lung	target
hsa-mir-31	adenocarcinoma, lung	tissue
hsa-mir-31	arteriosclerosis obliterans	target
hsa-mir-31	atherosclerosis	tissue
hsa-mir-31	breast neoplasms	epigenetics
hsa-mir-31	breast neoplasms	target
hsa-mir-31	breast neoplasms	tissue
hsa-mir-31	carcinoma, breast	target
hsa-mir-31	carcinoma, hepatocellular	target
hsa-mir-31	carcinoma, hepatocellular	tissue
hsa-mir-31	cervical neoplasms	target
hsa-mir-31	chordoma	target
hsa-mir-31	choriocarcinoma	tissue
hsa-mir-31	colitis	target
hsa-mir-31	colon neoplasms	target
hsa-mir-31	colon neoplasms	tissue
hsa-mir-31	colorectal carcinoma	circulation
hsa-mir-31	colorectal carcinoma	target
hsa-mir-31	colorectal carcinoma	tissue
hsa-mir-31	coronary artery disease	target
hsa-mir-31	cystic fibrosis	target
hsa-mir-31	endocrine gland neoplasms	tissue
hsa-mir-31	endometrial neoplasms	target
hsa-mir-31	endometriosis	circulation
hsa-mir-31	esophageal neoplasms	tissue
hsa-mir-31	ewing sarcoma	tissue
hsa-mir-31	gastrointestinal neoplasms	tissue
hsa-mir-31	glioblastoma	target
hsa-mir-31	glioblastoma	tissue
hsa-mir-31	glioma	target
hsa-mir-31	glioma	tissue
hsa-mir-31	head and neck neoplasms	target
hsa-mir-31	head and neck neoplasms	tissue
hsa-mir-31	hypertension	genetics
hsa-mir-31	hypertrophy	target
hsa-mir-31	inflammation	target
hsa-mir-31	inflammation	tissue
hsa-mir-31	inflammatory bowel diseases	tissue
hsa-mir-31	kawasaki syndrome	tissue
hsa-mir-31	laryngeal neoplasms	tissue
hsa-mir-31	leiomyosarcoma	genetics
hsa-mir-31	leukemia	target
hsa-mir-31	leukemia, lymphocytic, chronic, b-cell	circulation
hsa-mir-31	liver neoplasms	target
hsa-mir-31	lung neoplasms	circulation
hsa-mir-31	lung neoplasms	target
hsa-mir-31	lung neoplasms	tissue
hsa-mir-31	medulloblastoma	tissue
hsa-mir-31	melanoma	epigenetics
hsa-mir-31	melanoma	target
hsa-mir-31	mesothelioma	genetics
hsa-mir-31	muscular dystrophy, duchenne	target
hsa-mir-31	myocardial infarction	genetics
hsa-mir-31	myocardial infarction	tissue
hsa-mir-31	necrotizing enterocolitis	tissue
hsa-mir-31	ovarian neoplasms	genetics
hsa-mir-31	ovarian neoplasms	target
hsa-mir-31	ovarian neoplasms	tissue
hsa-mir-31	pancreatic neoplasms	tissue
hsa-mir-31	preeclampsia	target
hsa-mir-31	prostate neoplasms	epigenetics
hsa-mir-31	prostate neoplasms	target
hsa-mir-31	psoriasis	target
hsa-mir-31	psoriasis	tissue
hsa-mir-31	pterygium	tissue
hsa-mir-31	retinal neovascularization	tissue
hsa-mir-31	scleroderma, systemic	tissue
hsa-mir-31	sepsis	target
hsa-mir-31	squamous cell carcinoma, head and neck	genetics
hsa-mir-31	squamous cell carcinoma, head and neck	target
hsa-mir-31	thyroid neoplasms	tissue
hsa-mir-31	tuberculosis, pulmonary	circulation
hsa-mir-31	urinary bladder cancer	tissue
hsa-mir-32	breast neoplasms	target
hsa-mir-32	carcinoma, hepatocellular	target
hsa-mir-32	chronic kidney disease	tissue
hsa-mir-32	colon neoplasms	tissue
hsa-mir-32	colorectal carcinoma	genetics
hsa-mir-32	glioblastoma	target
hsa-mir-32	heart failure	tissue
hsa-mir-32	leukemia, myeloid	tissue
hsa-mir-32	lung neoplasms	genetics
hsa-mir-32	lung neoplasms	tissue
hsa-mir-32	machado-joseph disease	target
hsa-mir-32	muscular dystrophy, facioscapulohumeral	target
hsa-mir-32	muscular dystrophy, facioscapulohumeral	tissue
hsa-mir-32	mycobacterium tuberculosis infection	target
hsa-mir-32	osteosarcoma	target
hsa-mir-32	pancreatic neoplasms	target
hsa-mir-32	pancreatic neoplasms	tissue
hsa-mir-32	polycystic ovarian syndrome	tissue
hsa-mir-32	prostate neoplasms	target
hsa-mir-32	prostate neoplasms	tissue
hsa-mir-320	breast neoplasms	genetics
hsa-mir-320	carcinoma, hepatocellular	tissue
hsa-mir-320	cervical neoplasms	genetics
hsa-mir-320	diabetes mellitus	target
hsa-mir-320	glioma	circulation
hsa-mir-320	glioma	target
hsa-mir-320	heart failure	tissue
hsa-mir-320	inflammatory bowel diseases	circulation
hsa-mir-320	inflammatory bowel diseases	target
hsa-mir-320	lung neoplasms	tissue
hsa-mir-320	melanoma	tissue
hsa-mir-320	multiple sclerosis	target
hsa-mir-320	osteonecrosis	tissue
hsa-mir-320	osteosarcoma	target
hsa-mir-320	ovarian neoplasms	genetics
hsa-mir-320	ovarian neoplasms	tissue
hsa-mir-320	prostate neoplasms	genetics
hsa-mir-320a	adenocarcinoma, colon	tissue
hsa-mir-320a	atherosclerosis	target
hsa-mir-320a	breast neoplasms	epigenetics
hsa-mir-320a	breast neoplasms	genetics
hsa-mir-320a	breast neoplasms	target
hsa-mir-320a	carcinoma, breast	circulation
hsa-mir-320a	carcinoma, hepatocellular	genetics
hsa-mir-320a	carcinoma, hepatocellular	tissue
hsa-mir-320a	carcinoma, nasopharyngeal	target
hsa-mir-320a	carcinoma, renal cell	circulation
hsa-mir-320a	colorectal carcinoma	circulation
hsa-mir-320a	colorectal carcinoma	target
hsa-mir-320a	colorectal carcinoma	tissue
hsa-mir-320a	diabetes mellitus	target
hsa-mir-320a	diabetes mellitus, type 2	circulation
hsa-mir-320a	diabetic retinopathy	target
hsa-mir-320a	epilepsy	target
hsa-mir-320a	glioblastoma	target
hsa-mir-320a	glioma	target
hsa-mir-320a	heart failure	circulation
hsa-mir-320a	heart failure	tissue
hsa-mir-320a	intrahepatic cholangiocarcinoma	circulation
hsa-mir-320a	ischemia	target
hsa-mir-320a	macular degeneration	tissue
hsa-mir-320a	melanoma	genetics
hsa-mir-320a	multiple sclerosis	circulation
hsa-mir-320a	multiple sclerosis	tissue
hsa-mir-320a	muscle atrophy	circulation
hsa-mir-320a	myasthenia gravis	target
hsa-mir-320a	osteoarthritis	circulation
hsa-mir-320a	osteoporosis	target
hsa-mir-320a	osteosarcoma	circulation
hsa-mir-320a	ovarian neoplasms	genetics
hsa-mir-320a	polycystic ovarian syndrome	target
hsa-mir-320a	prostate neoplasms	genetics
hsa-mir-320a	prostate neoplasms	target
hsa-mir-320b	adenocarcinoma, colon	tissue
hsa-mir-320b	carcinoma, nasopharyngeal	genetics
hsa-mir-320b	colorectal carcinoma	target
hsa-mir-320b	coronary artery disease	genetics
hsa-mir-320b	macular degeneration	tissue
hsa-mir-320b	multiple sclerosis	target
hsa-mir-320d	breast neoplasms	circulation
hsa-mir-320d	diabetes mellitus, type 2	circulation
hsa-mir-320d	glioma	tissue
hsa-mir-320d	lymphoma, large b-cell, diffuse	circulation
hsa-mir-323	acute coronary syndrome	circulation
hsa-mir-323	acute lung injury	circulation
hsa-mir-323	multiple sclerosis	target
hsa-mir-323	polycystic ovarian syndrome	target
hsa-mir-323	thyroid neoplasms	tissue
hsa-mir-323a	epilepsy	tissue
hsa-mir-323a	friedreich ataxia	circulation
hsa-mir-323a	leukemia, myeloid, acute	circulation
hsa-mir-323a	medulloblastoma	tissue
hsa-mir-323a	osteosarcoma	target
hsa-mir-323a	thyroid neoplasms	target
hsa-mir-324	adenovirus infection	tissue
hsa-mir-324	breast neoplasms	circulation
hsa-mir-324	carcinoma, hepatocellular	target
hsa-mir-324	carcinoma, hepatocellular	tissue
hsa-mir-324	carcinoma, nasopharyngeal	target
hsa-mir-324	carcinoma, nasopharyngeal	tissue
hsa-mir-324	colorectal carcinoma	circulation
hsa-mir-324	glioma	target
hsa-mir-324	leukemia, lymphocytic, chronic, b-cell	circulation
hsa-mir-324	lung neoplasms	tissue
hsa-mir-324	lupus vulgaris	circulation
hsa-mir-324	medulloblastoma	target
hsa-mir-324	myasthenia gravis	circulation
hsa-mir-324	obesity	circulation
hsa-mir-324	osteoarthritis	target
hsa-mir-324	polycystic ovarian syndrome	target
hsa-mir-324	polycystic ovarian syndrome	tissue
hsa-mir-324	prostate neoplasms	tissue
hsa-mir-326	adenocarcinoma, lung	target
hsa-mir-326	brain neoplasms	target
hsa-mir-326	carcinoma, hepatocellular	target
hsa-mir-326	carcinoma, hepatocellular	tissue
hsa-mir-326	colon neoplasms	tissue
hsa-mir-326	colorectal carcinoma	target
hsa-mir-326	diabetes mellitus, type 1	circulation
hsa-mir-326	glioma	target
hsa-mir-326	glioma	tissue
hsa-mir-326	leukemia, lymphoblastic, acute	circulation
hsa-mir-326	leukemia, myeloid, acute	target
hsa-mir-326	medulloblastoma	target
hsa-mir-326	multiple sclerosis	circulation
hsa-mir-326	multiple sclerosis	target
hsa-mir-326	multiple sclerosis	tissue
hsa-mir-326	mycosis fungoides	tissue
hsa-mir-326	osteosarcoma	target
hsa-mir-326	preeclampsia	circulation
hsa-mir-326	sickle cell disease	target
hsa-mir-326	sjogren syndrome	tissue
hsa-mir-326	thyroid neoplasms	target
hsa-mir-328	adenocarcinoma, lung	genetics
hsa-mir-328	adenovirus infection	target
hsa-mir-328	atherosclerosis	target
hsa-mir-328	atrial fibrillation	circulation
hsa-mir-328	atrial fibrillation	tissue
hsa-mir-328	breast neoplasms	epigenetics
hsa-mir-328	breast neoplasms	target
hsa-mir-328	carcinoma, breast	target
hsa-mir-328	cervical neoplasms	genetics
hsa-mir-328	colon neoplasms	target
hsa-mir-328	colorectal carcinoma	circulation
hsa-mir-328	colorectal carcinoma	target
hsa-mir-328	colorectal carcinoma	tissue
hsa-mir-328	glioblastoma	tissue
hsa-mir-328	glioma	target
hsa-mir-328	heart failure	circulation
hsa-mir-328	hepatoblastoma	target
hsa-mir-328	hypertension	target
hsa-mir-328	inflammation	target
hsa-mir-328	kawasaki syndrome	circulation
hsa-mir-328	leukemia, myeloid, acute	circulation
hsa-mir-328	melanoma	circulation
hsa-mir-328	melanoma	target
hsa-mir-328	melanoma	tissue
hsa-mir-328	myocardial infarction	circulation
hsa-mir-328	osteosarcoma	epigenetics
hsa-mir-328	primary biliary cirrhosis	tissue
hsa-mir-328	spinal cord injuries	circulation
hsa-mir-328	urinary bladder cancer	epigenetics
hsa-mir-328	urinary bladder cancer	tissue
hsa-mir-33	atherosclerosis	target
hsa-mir-33	coronary artery disease	tissue
hsa-mir-33	diabetes mellitus	target
hsa-mir-33	psoriasis	circulation
hsa-mir-33	squamous cell carcinoma	tissue
hsa-mir-330	carcinoma, breast	target
hsa-mir-330	carcinoma, hepatocellular	target
hsa-mir-330	carcinoma, hepatocellular	tissue
hsa-mir-330	colon neoplasms	target
hsa-mir-330	colorectal carcinoma	target
hsa-mir-330	friedreich ataxia	circulation
hsa-mir-330	glioblastoma	target
hsa-mir-330	heart failure	tissue
hsa-mir-330	leukemia, myeloid, acute	target
hsa-mir-330	lung neoplasms	target
hsa-mir-330	melanoma	circulation
hsa-mir-330	muscular dystrophy, facioscapulohumeral	tissue
hsa-mir-330	ovarian neoplasms	target
hsa-mir-330	pancreatic neoplasms	target
hsa-mir-330	prostate neoplasms	target
hsa-mir-330	prostate neoplasms	tissue
hsa-mir-331	adenocarcinoma, lung	tissue
hsa-mir-331	amyotrophic lateral sclerosis	circulation
hsa-mir-331	breast neoplasms	target
hsa-mir-331	carcinoma, hepatocellular	circulation
hsa-mir-331	carcinoma, hepatocellular	target
hsa-mir-331	colorectal carcinoma	target
hsa-mir-331	glioblastoma	target
hsa-mir-331	leukemia	circulation
hsa-mir-331	leukemia, lymphoblastic, acute	circulation
hsa-mir-331	leukemia, lymphocytic, chronic, b-cell	circulation
hsa-mir-331	leukemia, myeloid, acute	target
hsa-mir-331	lung neoplasms	tissue
hsa-mir-331	metabolic syndrome	circulation
hsa-mir-331	multiple myeloma	circulation
hsa-mir-331	muscular dystrophy, facioscapulohumeral	tissue
hsa-mir-331	prostate neoplasms	genetics
hsa-mir-331	prostate neoplasms	target
hsa-mir-335	adrenal cortex neoplasms	tissue
hsa-mir-335	breast neoplasms	circulation
hsa-mir-335	breast neoplasms	epigenetics
hsa-mir-335	breast neoplasms	target
hsa-mir-335	breast neoplasms	tissue
hsa-mir-335	carcinoma, adrenocortical	tissue
hsa-mir-335	carcinoma, hepatocellular	epigenetics
hsa-mir-335	carcinoma, hepatocellular	target
hsa-mir-335	carcinoma, renal cell	tissue
hsa-mir-335	colitis, ulcerative	circulation
hsa-mir-335	colon neoplasms	tissue
hsa-mir-335	colorectal carcinoma	target
hsa-mir-335	colorectal carcinoma	tissue
hsa-mir-335	eclampsia	tissue
hsa-mir-335	gastrointestinal stromal tumor	target
hsa-mir-335	glioma	target
hsa-mir-335	glioma	tissue
hsa-mir-335	leukemia, myeloid, acute	circulation
hsa-mir-335	lung neoplasms	target
hsa-mir-335	meningioma	target
hsa-mir-335	multiple myeloma	circulation
hsa-mir-335	muscle atrophy	circulation
hsa-mir-335	neuroblastoma	target
hsa-mir-335	obesity	circulation
hsa-mir-335	obesity	tissue
hsa-mir-335	osteoarthritis	target
hsa-mir-335	osteosarcoma	target
hsa-mir-335	ovarian neoplasms	circulation
hsa-mir-335	ovarian neoplasms	target
hsa-mir-335	pancreatic neoplasms	target
hsa-mir-335	parkinson disease	circulation
hsa-mir-335	peripheral vascular disease	circulation
hsa-mir-335	prostate neoplasms	tissue
hsa-mir-335	sepsis	target
hsa-mir-337	colorectal carcinoma	target
hsa-mir-337	leukemia, myeloid, acute	genetics
hsa-mir-337	salivary gland neoplasms	tissue
hsa-mir-338	adenovirus infection	tissue
hsa-mir-338	amyotrophic lateral sclerosis	circulation
hsa-mir-338	breast neoplasms	circulation
hsa-mir-338	breast neoplasms	genetics
hsa-mir-338	breast neoplasms	target
hsa-mir-338	carcinoma, hepatocellular	circulation
hsa-mir-338	carcinoma, hepatocellular	target
hsa-mir-338	carcinoma, nasopharyngeal	target
hsa-mir-338	colorectal carcinoma	circulation
hsa-mir-338	colorectal carcinoma	target
hsa-mir-338	colorectal carcinoma	tissue
hsa-mir-338	fibromyalgia	tissue
hsa-mir-338	gastrointestinal neoplasms	tissue
hsa-mir-338	glioma	target
hsa-mir-338	hepatitis b virus infection	target
hsa-mir-338	intrahepatic cholangiocarcinoma	tissue
hsa-mir-338	lung neoplasms	genetics
hsa-mir-338	lung neoplasms	tissue
hsa-mir-338	medulloblastoma	tissue
hsa-mir-338	melanoma	genetics
hsa-mir-338	melanoma	target
hsa-mir-338	melanoma	tissue
hsa-mir-338	neuroblastoma	target
hsa-mir-338	ovarian neoplasms	genetics
hsa-mir-338	pancreatic neoplasms	tissue
hsa-mir-338	urinary bladder cancer	tissue
hsa-mir-339	adenocarcinoma, lung	circulation
hsa-mir-339	adenocarcinoma, lung	target
hsa-mir-339	breast neoplasms	genetics
hsa-mir-339	breast neoplasms	tissue
hsa-mir-339	carcinoma, renal cell	circulation
hsa-mir-339	colon neoplasms	target
hsa-mir-339	colorectal carcinoma	target
hsa-mir-339	coronary artery disease	target
hsa-mir-339	eosinophilic esophagitis	circulation
hsa-mir-339	heart failure	tissue
hsa-mir-339	leukemia	circulation
hsa-mir-339	leukemia, lymphoblastic, acute	target
hsa-mir-339	lymphoma, large b-cell, diffuse	circulation
hsa-mir-339	melanoma	genetics
hsa-mir-339	neuroblastoma	tissue
hsa-mir-339	neuroendocrine tumors	tissue
hsa-mir-339	ovarian neoplasms	circulation
hsa-mir-339	ovarian neoplasms	genetics
hsa-mir-339	prostate neoplasms	target
hsa-mir-339	thyroid neoplasms	target
hsa-mir-33a	adenocarcinoma, lung	tissue
hsa-mir-33a	adenovirus infection	tissue
hsa-mir-33a	atherosclerosis	circulation
hsa-mir-33a	atherosclerosis	target
hsa-mir-33a	atherosclerosis	tissue
hsa-mir-33a	carcinoma, hepatocellular	tissue
hsa-mir-33a	colon neoplasms	tissue
hsa-mir-33a	colorectal carcinoma	target
hsa-mir-33a	diabetes mellitus, type 2	circulation
hsa-mir-33a	hepatitis b virus infection	target
hsa-mir-33a	laryngeal neoplasms	target
hsa-mir-33a	lipid metabolism disorder	target
hsa-mir-33a	lung neoplasms	tissue
hsa-mir-33a	lymphoma, large b-cell, diffuse	circulation
hsa-mir-33a	melanoma	circulation
hsa-mir-33a	melanoma	target
hsa-mir-33a	metabolic syndrome	circulation
hsa-mir-33a	osteoarthritis	target
hsa-mir-33a	osteosarcoma	target
hsa-mir-33b	adenocarcinoma, lung	target
hsa-mir-33b	atherosclerosis	target
hsa-mir-33b	breast neoplasms	target
hsa-mir-33b	carcinoma, hepatocellular	target
hsa-mir-33b	colorectal carcinoma	genetics
hsa-mir-33b	diabetes mellitus, type 2	circulation
hsa-mir-33b	lipid metabolism disorder	target
hsa-mir-33b	lung neoplasms	tissue
hsa-mir-33b	medulloblastoma	genetics
hsa-mir-33b	melanoma	target
hsa-mir-33b	multiple myeloma	circulation
hsa-mir-33b	osteosarcoma	target
hsa-mir-33b	ovarian neoplasms	target
hsa-mir-34	breast neoplasms	target
hsa-mir-34	carcinoma, breast	epigenetics
hsa-mir-34	carcinoma, renal cell	target
hsa-mir-34	colorectal carcinoma	epigenetics
hsa-mir-34	ewing sarcoma	circulation
hsa-mir-34	hematologic neoplasms	genetics
hsa-mir-34	idiopathic pulmonary fibrosis	tissue
hsa-mir-34	leukemia, lymphocytic, chronic, b-cell	epigenetics
hsa-mir-34	lymphoma, large b-cell, diffuse	tissue
hsa-mir-34	pancreatic neoplasms	tissue
hsa-mir-34	prostate neoplasms	tissue
hsa-mir-34	salivary gland neoplasms	tissue
hsa-mir-340	age-related macular degeneration	target
hsa-mir-340	breast neoplasms	genetics
hsa-mir-340	breast neoplasms	target
hsa-mir-340	breast neoplasms	tissue
hsa-mir-340	carcinoma, breast	target
hsa-mir-340	carcinoma, hepatocellular	target
hsa-mir-340	carcinoma, hepatocellular	tissue
hsa-mir-340	colorectal carcinoma	target
hsa-mir-340	colorectal carcinoma	tissue
hsa-mir-340	coronary artery disease	target
hsa-mir-340	glioma	circulation
hsa-mir-340	heart failure	target
hsa-mir-340	heart failure	tissue
hsa-mir-340	lung neoplasms	target
hsa-mir-340	melanoma	target
hsa-mir-340	neuroblastoma	epigenetics
hsa-mir-340	obesity	circulation
hsa-mir-340	osteosarcoma	target
hsa-mir-340	prostate neoplasms	target
hsa-mir-340	psoriasis	target
hsa-mir-340	squamous cell carcinoma	target
hsa-mir-340	thyroid neoplasms	target
hsa-mir-342	adenovirus infection	tissue
hsa-mir-342	amyotrophic lateral sclerosis	tissue
hsa-mir-342	breast neoplasms	target
hsa-mir-342	breast neoplasms	tissue
hsa-mir-342	carcinoma, breast	tissue
hsa-mir-342	carcinoma, hepatocellular	target
hsa-mir-342	colitis, ulcerative	circulation
hsa-mir-342	colorectal carcinoma	circulation
hsa-mir-342	colorectal carcinoma	target
hsa-mir-342	diabetes mellitus	tissue
hsa-mir-342	diabetes mellitus, type 1	circulation
hsa-mir-342	diabetic nephropathy	circulation
hsa-mir-342	endotoxemia	tissue
hsa-mir-342	focal segmental glomerulosclerosis	circulation
hsa-mir-342	glioblastoma	circulation
hsa-mir-342	heart failure	circulation
hsa-mir-342	heart failure	tissue
hsa-mir-342	hiv-associated lipodystrophy	tissue
hsa-mir-342	irritable bowel syndrome	circulation
hsa-mir-342	leukemia, lymphocytic, chronic, b-cell	circulation
hsa-mir-342	leukemia, myeloid, acute	circulation
hsa-mir-342	leukemia, promyelocytic, acute	circulation
hsa-mir-342	leukemia, promyelocytic, acute	tissue
hsa-mir-342	lung neoplasms	target
hsa-mir-342	lymphoma	tissue
hsa-mir-342	lymphoma, t-cell	circulation
hsa-mir-342	melanoma	circulation
hsa-mir-342	melanoma	target
hsa-mir-342	multiple myeloma	circulation
hsa-mir-342	multiple myeloma	epigenetics
hsa-mir-342	nasopharyngeal neoplasms	target
hsa-mir-342	obesity	target
hsa-mir-342	obesity	tissue
hsa-mir-342	osteoporosis	target
hsa-mir-342	parkinson disease	target
hsa-mir-342	preeclampsia	circulation
hsa-mir-342	preeclampsia	tissue
hsa-mir-342	prion diseases	circulation
hsa-mir-342	prion diseases	tissue
hsa-mir-342	prolactinoma	tissue
hsa-mir-342	sepsis	circulation
hsa-mir-342	sjogren syndrome	tissue
hsa-mir-342	tuberculosis, pulmonary	tissue
hsa-mir-345	adenovirus infection	tissue
hsa-mir-345	breast neoplasms	target
hsa-mir-345	breast neoplasms	tissue
hsa-mir-345	carcinoma, hepatocellular	target
hsa-mir-345	carcinoma, hepatocellular	tissue
hsa-mir-345	colorectal carcinoma	circulation
hsa-mir-345	colorectal carcinoma	epigenetics
hsa-mir-345	colorectal carcinoma	tissue
hsa-mir-345	leukemia, myeloid, acute	target
hsa-mir-345	lymphoma	tissue
hsa-mir-345	neuroendocrine tumors	tissue
hsa-mir-345	oral leukoplakia	tissue
hsa-mir-345	pancreatic neoplasms	target
hsa-mir-345	prostate neoplasms	circulation
hsa-mir-345	prostate neoplasms	tissue
hsa-mir-345	urinary bladder cancer	tissue
hsa-mir-346	arthritis	circulation
hsa-mir-346	carcinoma, breast	target
hsa-mir-346	carcinoma, hepatocellular	target
hsa-mir-346	carcinoma, hepatocellular	tissue
hsa-mir-346	carcinoma, nasopharyngeal	genetics
hsa-mir-346	graves disease	target
hsa-mir-346	inflammatory bowel diseases	tissue
hsa-mir-346	lupus vulgaris	circulation
hsa-mir-346	preeclampsia	target
hsa-mir-34a	acute kidney failure	target
hsa-mir-34a	adenocarcinoma, lung	tissue
hsa-mir-34a	adenovirus infection	tissue
hsa-mir-34a	amyotrophic lateral sclerosis	tissue
hsa-mir-34a	astrocytoma	tissue
hsa-mir-34a	atherosclerosis	circulation
hsa-mir-34a	atherosclerosis	target
hsa-mir-34a	brain neoplasms	target
hsa-mir-34a	breast neoplasms	circulation
hsa-mir-34a	breast neoplasms	epigenetics
hsa-mir-34a	breast neoplasms	target
hsa-mir-34a	breast neoplasms	tissue
hsa-mir-34a	bronchopulmonary dysplasia	tissue
hsa-mir-34a	carcinoma, adrenocortical	circulation
hsa-mir-34a	carcinoma, breast	circulation
hsa-mir-34a	carcinoma, breast	genetics
hsa-mir-34a	carcinoma, breast	target
hsa-mir-34a	carcinoma, breast	tissue
hsa-mir-34a	carcinoma, embryonal	target
hsa-mir-34a	carcinoma, endometrial	target
hsa-mir-34a	carcinoma, hepatocellular	circulation
hsa-mir-34a	carcinoma, hepatocellular	genetics
hsa-mir-34a	carcinoma, hepatocellular	target
hsa-mir-34a	carcinoma, hepatocellular	tissue
hsa-mir-34a	carcinoma, nasopharyngeal	target
hsa-mir-34a	carcinoma, renal cell	epigenetics
hsa-mir-34a	carcinoma, renal cell	genetics
hsa-mir-34a	carcinoma, renal cell	target
hsa-mir-34a	carcinoma, thyroid	circulation
hsa-mir-34a	cardiomyopathy, hypertrophic	target
hsa-mir-34a	cervical neoplasms	target
hsa-mir-34a	cervical neoplasms	tissue
hsa-mir-34a	cholangiocarcinoma	epigenetics
hsa-mir-34a	cholangiocarcinoma	genetics
hsa-mir-34a	cholangiocarcinoma	target
hsa-mir-34a	chordoma	target
hsa-mir-34a	choriocarcinoma	tissue
hsa-mir-34a	chronic pancreatitis	tissue
hsa-mir-34a	colon neoplasms	epigenetics
hsa-mir-34a	colon neoplasms	target
hsa-mir-34a	colon neoplasms	tissue
hsa-mir-34a	colorectal carcinoma	circulation
hsa-mir-34a	colorectal carcinoma	epigenetics
hsa-mir-34a	colorectal carcinoma	genetics
hsa-mir-34a	colorectal carcinoma	target
hsa-mir-34a	colorectal carcinoma	tissue
hsa-mir-34a	congenital heart diseases	target
hsa-mir-34a	coronary artery disease	target
hsa-mir-34a	diabetes mellitus	genetics
hsa-mir-34a	diabetes mellitus	target
hsa-mir-34a	diabetes mellitus	tissue
hsa-mir-34a	diabetes mellitus, type 2	circulation
hsa-mir-34a	esophageal neoplasms	epigenetics
hsa-mir-34a	esophageal neoplasms	target
hsa-mir-34a	esophageal neoplasms	tissue
hsa-mir-34a	fatty liver, alcoholic	circulation
hsa-mir-34a	gastrointestinal stromal tumor	target
hsa-mir-34a	glioblastoma	target
hsa-mir-34a	glioblastoma	tissue
hsa-mir-34a	glioma	genetics
hsa-mir-34a	glioma	target
hsa-mir-34a	glioma	tissue
hsa-mir-34a	head and neck neoplasms	tissue
hsa-mir-34a	heart failure	circulation
hsa-mir-34a	hepatoblastoma	target
hsa-mir-34a	hepatoblastoma	tissue
hsa-mir-34a	hypertension	circulation
hsa-mir-34a	inflammation	tissue
hsa-mir-34a	influenza	target
hsa-mir-34a	kidney neoplasms	target
hsa-mir-34a	laryngeal neoplasms	target
hsa-mir-34a	leukemia	genetics
hsa-mir-34a	leukemia	target
hsa-mir-34a	leukemia	tissue
hsa-mir-34a	leukemia, lymphocytic, chronic, b-cell	circulation
hsa-mir-34a	leukemia, lymphocytic, chronic, b-cell	epigenetics
hsa-mir-34a	leukemia, lymphocytic, chronic, b-cell	target
hsa-mir-34a	leukemia, myelogenous, chronic, bcr-abl positive	tissue
hsa-mir-34a	leukemia, myeloid, acute	target
hsa-mir-34a	leukemia, promyelocytic, acute	epigenetics
hsa-mir-34a	liver cirrhosis	target
hsa-mir-34a	liver neoplasms	tissue
hsa-mir-34a	lung neoplasms	genetics
hsa-mir-34a	lung neoplasms	target
hsa-mir-34a	lung neoplasms	tissue
hsa-mir-34a	lymphoma, b-cell	circulation
hsa-mir-34a	lymphoma, b-cell	target
hsa-mir-34a	medulloblastoma	target
hsa-mir-34a	melanoma	genetics
hsa-mir-34a	melanoma	target
hsa-mir-34a	melanoma	tissue
hsa-mir-34a	metabolic syndrome	target
hsa-mir-34a	multiple myeloma	target
hsa-mir-34a	multiple sclerosis	circulation
hsa-mir-34a	muscle atrophy	circulation
hsa-mir-34a	muscular dystrophy, facioscapulohumeral	tissue
hsa-mir-34a	myelodysplastic syndromes	tissue
hsa-mir-34a	myocardial infarction	genetics
hsa-mir-34a	myocardial infarction	target
hsa-mir-34a	neuroblastoma	genetics
hsa-mir-34a	neuroblastoma	target
hsa-mir-34a	neuroblastoma	tissue
hsa-mir-34a	obesity	circulation
hsa-mir-34a	obesity	genetics
hsa-mir-34a	obesity	target
hsa-mir-34a	osteoarthritis	genetics
hsa-mir-34a	osteoarthritis	target
hsa-mir-34a	osteonecrosis	tissue
hsa-mir-34a	osteosarcoma	target
hsa-mir-34a	osteosarcoma	tissue
hsa-mir-34a	ovarian neoplasms	circulation
hsa-mir-34a	ovarian neoplasms	epigenetics
hsa-mir-34a	ovarian neoplasms	target
hsa-mir-34a	pancreatic neoplasms	circulation
hsa-mir-34a	pancreatic neoplasms	epigenetics
hsa-mir-34a	pancreatic neoplasms	target
hsa-mir-34a	pancreatic neoplasms	tissue
hsa-mir-34a	parkinson disease	circulation
hsa-mir-34a	parkinson disease	genetics
hsa-mir-34a	parkinson disease	target
hsa-mir-34a	peritoneal fibrosis	target
hsa-mir-34a	pituitary adenoma	genetics
hsa-mir-34a	preeclampsia	epigenetics
hsa-mir-34a	preeclampsia	target
hsa-mir-34a	prostate neoplasms	epigenetics
hsa-mir-34a	prostate neoplasms	genetics
hsa-mir-34a	prostate neoplasms	target
hsa-mir-34a	prostate neoplasms	tissue
hsa-mir-34a	retinoblastoma	target
hsa-mir-34a	retinoblastoma	tissue
hsa-mir-34a	salivary gland neoplasms	tissue
hsa-mir-34a	sepsis	target
hsa-mir-34a	squamous cell carcinoma, head and neck	target
hsa-mir-34a	squamous cell carcinoma, head and neck	tissue
hsa-mir-34a	stroke, ischemic	genetics
hsa-mir-34a	stroke, ischemic	tissue
hsa-mir-34a	urinary bladder cancer	epigenetics
hsa-mir-34a	urinary bladder cancer	target
hsa-mir-34a	urinary bladder cancer	tissue
hsa-mir-34a	vasculitis	circulation
hsa-mir-34b	acute lung injury	target
hsa-mir-34b	breast neoplasms	epigenetics
hsa-mir-34b	breast neoplasms	target
hsa-mir-34b	breast neoplasms	tissue
hsa-mir-34b	carcinoma, breast	epigenetics
hsa-mir-34b	carcinoma, hepatocellular	epigenetics
hsa-mir-34b	carcinoma, hepatocellular	genetics
hsa-mir-34b	carcinoma, hepatocellular	target
hsa-mir-34b	carcinoma, nasopharyngeal	tissue
hsa-mir-34b	carcinoma, renal cell	epigenetics
hsa-mir-34b	carcinoma, renal cell	genetics
hsa-mir-34b	carcinoma, thyroid	target
hsa-mir-34b	cardiomyopathy, hypertrophic	tissue
hsa-mir-34b	colorectal carcinoma	circulation
hsa-mir-34b	colorectal carcinoma	epigenetics
hsa-mir-34b	colorectal carcinoma	genetics
hsa-mir-34b	colorectal carcinoma	target
hsa-mir-34b	digestive system neoplasms	genetics
hsa-mir-34b	esophageal neoplasms	epigenetics
hsa-mir-34b	focal segmental glomerulosclerosis	circulation
hsa-mir-34b	heart failure	tissue
hsa-mir-34b	hepatitis b virus infection	genetics
hsa-mir-34b	hepatoblastoma	tissue
hsa-mir-34b	intracranial aneurysm	genetics
hsa-mir-34b	leukemia	epigenetics
hsa-mir-34b	leukemia, lymphocytic, chronic, b-cell	epigenetics
hsa-mir-34b	leukemia, lymphocytic, chronic, b-cell	target
hsa-mir-34b	leukemia, myeloid, acute	genetics
hsa-mir-34b	leukemia, myeloid, acute	target
hsa-mir-34b	leukemia, promyelocytic, acute	epigenetics
hsa-mir-34b	lung neoplasms	target
hsa-mir-34b	lung neoplasms	tissue
hsa-mir-34b	machado-joseph disease	circulation
hsa-mir-34b	melanoma	target
hsa-mir-34b	mesothelioma	epigenetics
hsa-mir-34b	nasopharyngeal neoplasms	genetics
hsa-mir-34b	nasopharyngeal neoplasms	tissue
hsa-mir-34b	neuroblastoma	genetics
hsa-mir-34b	neuroblastoma	target
hsa-mir-34b	osteoporosis	genetics
hsa-mir-34b	osteosarcoma	genetics
hsa-mir-34b	ovarian neoplasms	epigenetics
hsa-mir-34b	ovarian neoplasms	tissue
hsa-mir-34b	pancreatic neoplasms	epigenetics
hsa-mir-34b	pancreatic neoplasms	target
hsa-mir-34b	parkinson disease	target
hsa-mir-34b	parkinson disease	tissue
hsa-mir-34b	prostate neoplasms	epigenetics
hsa-mir-34b	prostate neoplasms	target
hsa-mir-34b	prostate neoplasms	tissue
hsa-mir-34b	retinoblastoma	genetics
hsa-mir-34b	sertoli cell-only syndrome	tissue
hsa-mir-34b	smoke inhalation injury	tissue
hsa-mir-34b	soft tissue sarcoma	epigenetics
hsa-mir-34b	spinal cord injuries	target
hsa-mir-34b	thyroid neoplasms	tissue
hsa-mir-34b	urinary bladder cancer	epigenetics
hsa-mir-34b	urinary bladder cancer	tissue
hsa-mir-34c	adenocarcinoma, lung	tissue
hsa-mir-34c	asthenozoospermia	tissue
hsa-mir-34c	breast neoplasms	epigenetics
hsa-mir-34c	breast neoplasms	target
hsa-mir-34c	breast neoplasms	tissue
hsa-mir-34c	carcinoma, endometrial	target
hsa-mir-34c	carcinoma, hepatocellular	genetics
hsa-mir-34c	carcinoma, hepatocellular	target
hsa-mir-34c	carcinoma, hepatocellular	tissue
hsa-mir-34c	carcinoma, nasopharyngeal	target
hsa-mir-34c	carcinoma, nasopharyngeal	tissue
hsa-mir-34c	carcinoma, renal cell	epigenetics
hsa-mir-34c	carcinoma, renal cell	genetics
hsa-mir-34c	colorectal carcinoma	circulation
hsa-mir-34c	colorectal carcinoma	epigenetics
hsa-mir-34c	colorectal carcinoma	genetics
hsa-mir-34c	colorectal carcinoma	target
hsa-mir-34c	diabetes mellitus, type 2	circulation
hsa-mir-34c	diabetic nephropathy	genetics
hsa-mir-34c	endometrial neoplasms	target
hsa-mir-34c	endometriosis	tissue
hsa-mir-34c	esophageal neoplasms	epigenetics
hsa-mir-34c	focal segmental glomerulosclerosis	circulation
hsa-mir-34c	gastrointestinal neoplasms	epigenetics
hsa-mir-34c	glioblastoma	tissue
hsa-mir-34c	heart failure	tissue
hsa-mir-34c	hepatitis b virus infection	genetics
hsa-mir-34c	hepatoblastoma	tissue
hsa-mir-34c	infertility	tissue
hsa-mir-34c	inflammatory bowel diseases	target
hsa-mir-34c	intracranial aneurysm	genetics
hsa-mir-34c	laryngeal neoplasms	target
hsa-mir-34c	leiomyosarcoma	tissue
hsa-mir-34c	leukemia	target
hsa-mir-34c	leukemia, lymphocytic, chronic, b-cell	epigenetics
hsa-mir-34c	leukemia, lymphocytic, chronic, b-cell	target
hsa-mir-34c	leukemia, myeloid	genetics
hsa-mir-34c	leukemia, myeloid, acute	tissue
hsa-mir-34c	leukemia, promyelocytic, acute	epigenetics
hsa-mir-34c	liver neoplasms	tissue
hsa-mir-34c	lung neoplasms	genetics
hsa-mir-34c	lung neoplasms	target
hsa-mir-34c	lung neoplasms	tissue
hsa-mir-34c	medulloblastoma	tissue
hsa-mir-34c	melanoma	genetics
hsa-mir-34c	melanoma	target
hsa-mir-34c	mesothelioma	epigenetics
hsa-mir-34c	myocardial infarction	target
hsa-mir-34c	nasopharyngeal neoplasms	genetics
hsa-mir-34c	nasopharyngeal neoplasms	tissue
hsa-mir-34c	neuralgia, postherpetic	circulation
hsa-mir-34c	neuroblastoma	genetics
hsa-mir-34c	osteoporosis	genetics
hsa-mir-34c	osteosarcoma	target
hsa-mir-34c	ovarian neoplasms	epigenetics
hsa-mir-34c	ovarian neoplasms	tissue
hsa-mir-34c	pancreatic neoplasms	epigenetics
hsa-mir-34c	pancreatic neoplasms	target
hsa-mir-34c	pancreatic neoplasms	tissue
hsa-mir-34c	parkinson disease	tissue
hsa-mir-34c	polycystic ovarian syndrome	tissue
hsa-mir-34c	prostate neoplasms	circulation
hsa-mir-34c	prostate neoplasms	genetics
hsa-mir-34c	prostate neoplasms	target
hsa-mir-34c	prostate neoplasms	tissue
hsa-mir-34c	retinoblastoma	genetics
hsa-mir-34c	retinoblastoma	tissue
hsa-mir-34c	sertoli cell-only syndrome	tissue
hsa-mir-34c	smoke inhalation injury	tissue
hsa-mir-34c	soft tissue sarcoma	epigenetics
hsa-mir-34c	spinal cord injuries	target
hsa-mir-34c	squamous cell carcinoma, head and neck	tissue
hsa-mir-34c	urinary bladder cancer	epigenetics
hsa-mir-34c	urinary bladder cancer	tissue
hsa-mir-361	adenocarcinoma, lung	genetics
hsa-mir-361	carcinoma, breast	circulation
hsa-mir-361	carcinoma, hepatocellular	target
hsa-mir-361	carcinoma, hepatocellular	tissue
hsa-mir-361	cerebral cavernous malformations	tissue
hsa-mir-361	colorectal carcinoma	target
hsa-mir-361	coronary artery disease	target
hsa-mir-361	crohn disease	tissue
hsa-mir-361	essential hypertension	circulation
hsa-mir-361	glioma	target
hsa-mir-361	leukemia, myeloid, acute	target
hsa-mir-361	medulloblastoma	tissue
hsa-mir-361	melanoma	circulation
hsa-mir-361	obesity	target
hsa-mir-361	prostate neoplasms	target
hsa-mir-3613	atrial fibrillation	tissue
hsa-mir-3613	carcinoma, breast	tissue
hsa-mir-3613	colon neoplasms	tissue
hsa-mir-3613	liposarcoma	circulation
hsa-mir-3613	obesity	tissue
hsa-mir-3613	thymoma	tissue
hsa-mir-362	adenovirus infection	tissue
hsa-mir-362	carcinoma, hepatocellular	target
hsa-mir-362	carcinoma, renal cell	tissue
hsa-mir-362	colorectal carcinoma	target
hsa-mir-362	colorectal carcinoma	tissue
hsa-mir-362	crohn disease	circulation
hsa-mir-362	essential hypertension	circulation
hsa-mir-362	inflammatory bowel diseases	circulation
hsa-mir-362	kidney neoplasms	target
hsa-mir-362	leukemia, myelogenous, chronic, bcr-abl positive	target
hsa-mir-362	lung neoplasms	target
hsa-mir-362	melanoma	circulation
hsa-mir-362	muscle atrophy	circulation
hsa-mir-362	neuroblastoma	target
hsa-mir-362	stroke	circulation
hsa-mir-363	atrial fibrillation	tissue
hsa-mir-363	breast neoplasms	target
hsa-mir-363	carcinoma, hepatocellular	target
hsa-mir-363	carcinoma, renal cell	target
hsa-mir-363	carcinoma, renal cell	tissue
hsa-mir-363	colon neoplasms	target
hsa-mir-363	colorectal carcinoma	target
hsa-mir-363	colorectal carcinoma	tissue
hsa-mir-363	glioma	genetics
hsa-mir-363	head and neck neoplasms	genetics
hsa-mir-363	head and neck neoplasms	target
hsa-mir-363	leiomyoma	tissue
hsa-mir-363	lymphoma	tissue
hsa-mir-363	muscular dystrophy, facioscapulohumeral	target
hsa-mir-363	ovarian neoplasms	target
hsa-mir-363	peripheral vascular disease	circulation
hsa-mir-363	preeclampsia	tissue
hsa-mir-363	squamous cell carcinoma	tissue
hsa-mir-363	waldenstrom macroglobulinemia	circulation
hsa-mir-365	atherosclerosis	target
hsa-mir-365	carcinoma, breast	genetics
hsa-mir-365	glioma	target
hsa-mir-365	heart failure	target
hsa-mir-365	leukemia	circulation
hsa-mir-365	lymphoma	target
hsa-mir-365	melanoma	target
hsa-mir-365	osteoarthritis	tissue
hsa-mir-365	osteosarcoma	target
hsa-mir-365	pancreatic neoplasms	target
hsa-mir-365	prostate neoplasms	target
hsa-mir-365	stroke	target
hsa-mir-365a	breast neoplasms	tissue
hsa-mir-365a	carcinoma, hepatocellular	tissue
hsa-mir-365a	carcinoma, renal cell	circulation
hsa-mir-365a	colon neoplasms	tissue
hsa-mir-365a	endometriosis	tissue
hsa-mir-365a	eosinophilic esophagitis	circulation
hsa-mir-365a	heart failure	tissue
hsa-mir-365a	lung neoplasms	target
hsa-mir-365a	lupus vulgaris	circulation
hsa-mir-365a	melanoma	circulation
hsa-mir-365a	polycystic kidney disease	target
hsa-mir-365b	breast neoplasms	target
hsa-mir-365b	breast neoplasms	tissue
hsa-mir-365b	carcinoma, hepatocellular	tissue
hsa-mir-365b	carcinoma, renal cell	circulation
hsa-mir-365b	colon neoplasms	tissue
hsa-mir-365b	endometriosis	tissue
hsa-mir-365b	heart failure	tissue
hsa-mir-365b	lung neoplasms	target
hsa-mir-365b	lupus vulgaris	circulation
hsa-mir-365b	melanoma	circulation
hsa-mir-367	breast neoplasms	genetics
hsa-mir-367	carcinoma, hepatocellular	target
hsa-mir-367	carcinoma, renal cell	circulation
hsa-mir-367	cardiomyopathy, hypertrophic	genetics
hsa-mir-367	colorectal carcinoma	genetics
hsa-mir-367	glioblastoma	target
hsa-mir-367	glioma	tissue
hsa-mir-367	heart failure	tissue
hsa-mir-367	melanoma	genetics
hsa-mir-367	melanoma	target
hsa-mir-367	muscular dystrophy, facioscapulohumeral	target
hsa-mir-367	ovarian neoplasms	genetics
hsa-mir-367	urinary bladder cancer	target
hsa-mir-369	carcinoma, endometrial	tissue
hsa-mir-369	carcinoma, hepatocellular	tissue
hsa-mir-369	colorectal carcinoma	target
hsa-mir-369	hirschsprung disease	circulation
hsa-mir-369	multiple sclerosis	target
hsa-mir-369	psoriasis	circulation
hsa-mir-370	adenocarcinoma, colon	target
hsa-mir-370	adenocarcinoma, lung	tissue
hsa-mir-370	atherosclerosis	target
hsa-mir-370	breast neoplasms	target
hsa-mir-370	carcinoma, hepatocellular	target
hsa-mir-370	carcinoma, hepatocellular	tissue
hsa-mir-370	cerebral cavernous malformations	tissue
hsa-mir-370	cholangiocarcinoma	epigenetics
hsa-mir-370	cholangiocarcinoma	genetics
hsa-mir-370	colorectal carcinoma	genetics
hsa-mir-370	coronary artery disease	circulation
hsa-mir-370	glioma	genetics
hsa-mir-370	hepatitis b virus infection	target
hsa-mir-370	leukemia, myeloid, acute	circulation
hsa-mir-370	leukemia, myeloid, acute	genetics
hsa-mir-370	leukemia, myeloid, acute	target
hsa-mir-370	liver cirrhosis	target
hsa-mir-370	neuroblastoma	tissue
hsa-mir-370	obesity	circulation
hsa-mir-370	obesity	tissue
hsa-mir-370	osteoarthritis	target
hsa-mir-370	osteosarcoma	tissue
hsa-mir-370	ovarian neoplasms	target
hsa-mir-370	ovarian neoplasms	tissue
hsa-mir-370	prostate neoplasms	genetics
hsa-mir-370	thyroid neoplasms	tissue
hsa-mir-371a	azoospermia	tissue
hsa-mir-371a	carcinoma, nasopharyngeal	tissue
hsa-mir-371a	ewing sarcoma	tissue
hsa-mir-371a	glioma	tissue
hsa-mir-371a	lupus nephritis	circulation
hsa-mir-371a	testicular neoplasms	circulation
hsa-mir-371b	chondrosarcoma	target
hsa-mir-371b	diabetic nephropathy	target
hsa-mir-372	adenocarcinoma, lung	tissue
hsa-mir-372	azoospermia	tissue
hsa-mir-372	breast neoplasms	target
hsa-mir-372	carcinoma, embryonal	circulation
hsa-mir-372	carcinoma, embryonal	tissue
hsa-mir-372	carcinoma, endometrial	genetics
hsa-mir-372	carcinoma, hepatocellular	target
hsa-mir-372	carcinoma, hepatocellular	tissue
hsa-mir-372	carcinoma, nasopharyngeal	tissue
hsa-mir-372	carcinoma, renal cell	target
hsa-mir-372	colorectal carcinoma	circulation
hsa-mir-372	glioma	target
hsa-mir-372	glioma	tissue
hsa-mir-372	habitual abortion	tissue
hsa-mir-372	heart failure	tissue
hsa-mir-372	hematologic neoplasms	genetics
hsa-mir-372	hepatitis b virus infection	target
hsa-mir-372	liver neoplasms	tissue
hsa-mir-372	lung neoplasms	target
hsa-mir-372	pituitary neoplasms	target
hsa-mir-372	testicular neoplasms	circulation
hsa-mir-372	testicular neoplasms	target
hsa-mir-372	urinary bladder cancer	target
hsa-mir-373	azoospermia	tissue
hsa-mir-373	breast neoplasms	circulation
hsa-mir-373	breast neoplasms	target
hsa-mir-373	breast neoplasms	tissue
hsa-mir-373	carcinoma, embryonal	circulation
hsa-mir-373	carcinoma, embryonal	tissue
hsa-mir-373	carcinoma, hepatocellular	target
hsa-mir-373	carcinoma, hepatocellular	tissue
hsa-mir-373	cervical neoplasms	tissue
hsa-mir-373	cholangiocarcinoma	epigenetics
hsa-mir-373	cholangiocarcinoma	target
hsa-mir-373	colorectal carcinoma	epigenetics
hsa-mir-373	colorectal carcinoma	genetics
hsa-mir-373	esophageal neoplasms	target
hsa-mir-373	fibrosarcoma	target
hsa-mir-373	glioma	genetics
hsa-mir-373	glioma	target
hsa-mir-373	glioma	tissue
hsa-mir-373	heart failure	tissue
hsa-mir-373	hematologic neoplasms	genetics
hsa-mir-373	hepatitis b virus infection	target
hsa-mir-373	liver neoplasms	epigenetics
hsa-mir-373	lung neoplasms	target
hsa-mir-373	lymphoma, t-cell	target
hsa-mir-373	medulloblastoma	tissue
hsa-mir-373	melanoma	circulation
hsa-mir-373	osteoarthritis	target
hsa-mir-373	ovarian neoplasms	target
hsa-mir-373	pancreatic neoplasms	target
hsa-mir-373	pituitary neoplasms	target
hsa-mir-373	prostate neoplasms	tissue
hsa-mir-373	retinoblastoma	target
hsa-mir-373	testicular neoplasms	circulation
hsa-mir-373	testicular neoplasms	target
hsa-mir-374a	carcinoma, breast	genetics
hsa-mir-374a	carcinoma, hepatocellular	target
hsa-mir-374a	carcinoma, nasopharyngeal	target
hsa-mir-374a	chronic kidney disease	tissue
hsa-mir-374a	colon neoplasms	tissue
hsa-mir-374a	diabetes mellitus, type 2	circulation
hsa-mir-374a	hiv-associated lipodystrophy	tissue
hsa-mir-374a	lung neoplasms	tissue
hsa-mir-374a	osteosarcoma	circulation
hsa-mir-374a	osteosarcoma	target
hsa-mir-374a	parkinson disease	circulation
hsa-mir-374b	adenovirus infection	tissue
hsa-mir-374b	asthenozoospermia	tissue
hsa-mir-374b	breast neoplasms	tissue
hsa-mir-374b	carcinoma, breast	circulation
hsa-mir-374b	carcinoma, breast	genetics
hsa-mir-374b	hiv-associated lipodystrophy	tissue
hsa-mir-374b	lymphoma, non-hodgkin	target
hsa-mir-374b	melanoma	target
hsa-mir-374b	ovarian neoplasms	target
hsa-mir-374b	parkinson disease	circulation
hsa-mir-375	acute coronary syndrome	circulation
hsa-mir-375	adenocarcinoma, lung	circulation
hsa-mir-375	adenocarcinoma, lung	target
hsa-mir-375	adenocarcinoma, lung	tissue
hsa-mir-375	breast neoplasms	circulation
hsa-mir-375	breast neoplasms	epigenetics
hsa-mir-375	breast neoplasms	target
hsa-mir-375	breast neoplasms	tissue
hsa-mir-375	carcinoma, adrenocortical	tissue
hsa-mir-375	carcinoma, breast	epigenetics
hsa-mir-375	carcinoma, breast	target
hsa-mir-375	carcinoma, hepatocellular	circulation
hsa-mir-375	carcinoma, hepatocellular	epigenetics
hsa-mir-375	carcinoma, hepatocellular	target
hsa-mir-375	carcinoma, thyroid	target
hsa-mir-375	colon neoplasms	tissue
hsa-mir-375	colorectal carcinoma	genetics
hsa-mir-375	colorectal carcinoma	target
hsa-mir-375	colorectal carcinoma	tissue
hsa-mir-375	diabetes mellitus	circulation
hsa-mir-375	diabetes mellitus	genetics
hsa-mir-375	diabetes mellitus	target
hsa-mir-375	diabetes mellitus	tissue
hsa-mir-375	diabetes mellitus, type 1	circulation
hsa-mir-375	diabetes mellitus, type 2	circulation
hsa-mir-375	diabetes mellitus, type 2	epigenetics
hsa-mir-375	diabetes mellitus, type 2	target
hsa-mir-375	diabetes mellitus, type 2	tissue
hsa-mir-375	endometriosis	tissue
hsa-mir-375	eosinophilic esophagitis	circulation
hsa-mir-375	esophageal neoplasms	circulation
hsa-mir-375	esophageal neoplasms	epigenetics
hsa-mir-375	esophageal neoplasms	target
hsa-mir-375	esophageal neoplasms	tissue
hsa-mir-375	gastrointestinal neoplasms	target
hsa-mir-375	gastrointestinal neoplasms	tissue
hsa-mir-375	glioblastoma	tissue
hsa-mir-375	glioma	tissue
hsa-mir-375	head and neck neoplasms	target
hsa-mir-375	head and neck neoplasms	tissue
hsa-mir-375	heart failure	circulation
hsa-mir-375	irritable bowel syndrome	tissue
hsa-mir-375	laryngeal neoplasms	tissue
hsa-mir-375	leukemia, myeloid, acute	circulation
hsa-mir-375	liver failure	genetics
hsa-mir-375	liver neoplasms	target
hsa-mir-375	lung neoplasms	epigenetics
hsa-mir-375	lung neoplasms	target
hsa-mir-375	lung neoplasms	tissue
hsa-mir-375	melanoma	target
hsa-mir-375	metabolic syndrome	target
hsa-mir-375	neuroblastoma	target
hsa-mir-375	obesity	circulation
hsa-mir-375	osteosarcoma	target
hsa-mir-375	polycystic ovarian syndrome	tissue
hsa-mir-375	prostate neoplasms	circulation
hsa-mir-375	prostate neoplasms	epigenetics
hsa-mir-375	prostate neoplasms	target
hsa-mir-375	prostate neoplasms	tissue
hsa-mir-375	pterygium	tissue
hsa-mir-375	rectal neoplasms	tissue
hsa-mir-375	salivary gland neoplasms	tissue
hsa-mir-375	squamous cell carcinoma, head and neck	target
hsa-mir-375	squamous cell carcinoma, head and neck	tissue
hsa-mir-375	thyroid neoplasms	tissue
hsa-mir-375	urinary bladder cancer	target
hsa-mir-376a	adenocarcinoma, lung	tissue
hsa-mir-376a	breast neoplasms	circulation
hsa-mir-376a	carcinoma, hepatocellular	target
hsa-mir-376a	colorectal carcinoma	target
hsa-mir-376a	diabetes mellitus, type 2	circulation
hsa-mir-376a	ovarian neoplasms	target
hsa-mir-376a	pancreatic neoplasms	tissue
hsa-mir-376c	breast neoplasms	circulation
hsa-mir-376c	carcinoma, adrenocortical	tissue
hsa-mir-376c	cervical neoplasms	genetics
hsa-mir-376c	influenza	circulation
hsa-mir-376c	intrahepatic cholangiocarcinoma	target
hsa-mir-376c	medulloblastoma	tissue
hsa-mir-376c	multiple sclerosis	circulation
hsa-mir-376c	muscle atrophy	circulation
hsa-mir-376c	ovarian neoplasms	target
hsa-mir-376c	tuberculosis	tissue
hsa-mir-377	atrial fibrillation	target
hsa-mir-377	breast neoplasms	target
hsa-mir-377	carcinoma, hepatocellular	target
hsa-mir-377	diabetic nephropathy	circulation
hsa-mir-377	glioblastoma	target
hsa-mir-377	heart failure	tissue
hsa-mir-377	leukemia, myeloid, acute	circulation
hsa-mir-377	lung neoplasms	tissue
hsa-mir-377	lymphoma	genetics
hsa-mir-377	lymphoma, b-cell	tissue
hsa-mir-377	osteosarcoma	target
hsa-mir-377	prostate neoplasms	circulation
hsa-mir-378	adenocarcinoma, lung	target
hsa-mir-378	atherosclerosis	target
hsa-mir-378	breast neoplasms	genetics
hsa-mir-378	carcinoma, hepatocellular	epigenetics
hsa-mir-378	carcinoma, hepatocellular	genetics
hsa-mir-378	carcinoma, hepatocellular	target
hsa-mir-378	carcinoma, nasopharyngeal	target
hsa-mir-378	carcinoma, renal cell	circulation
hsa-mir-378	colon neoplasms	target
hsa-mir-378	colon neoplasms	tissue
hsa-mir-378	colorectal carcinoma	circulation
hsa-mir-378	colorectal carcinoma	target
hsa-mir-378	colorectal carcinoma	tissue
hsa-mir-378	diabetic nephropathy	circulation
hsa-mir-378	diabetic nephropathy	target
hsa-mir-378	epilepsy	circulation
hsa-mir-378	glioma	target
hsa-mir-378	glioma	tissue
hsa-mir-378	heart failure	circulation
hsa-mir-378	leukemia, myeloid, acute	target
hsa-mir-378	liver neoplasms	target
hsa-mir-378	lymphoma, large b-cell, diffuse	tissue
hsa-mir-378	melanoma	target
hsa-mir-378	obesity	circulation
hsa-mir-378	obesity	tissue
hsa-mir-378	osteosarcoma	target
hsa-mir-378	ovarian neoplasms	target
hsa-mir-378	ovarian neoplasms	tissue
hsa-mir-378	pancreatic neoplasms	circulation
hsa-mir-378	prostate neoplasms	genetics
hsa-mir-378	rhabdomyosarcoma	target
hsa-mir-378a	adenovirus infection	tissue
hsa-mir-378a	aortic aneurysm	tissue
hsa-mir-378a	breast neoplasms	target
hsa-mir-378a	breast neoplasms	tissue
hsa-mir-378a	carcinoma, basal cell	tissue
hsa-mir-378a	carcinoma, hepatocellular	tissue
hsa-mir-378a	carcinoma, renal cell	circulation
hsa-mir-378a	cardiomegaly	target
hsa-mir-378a	colorectal carcinoma	tissue
hsa-mir-378a	endometrial neoplasms	target
hsa-mir-378a	laryngeal neoplasms	tissue
hsa-mir-378a	leukemia	circulation
hsa-mir-378a	liver cirrhosis	epigenetics
hsa-mir-378a	liver cirrhosis	target
hsa-mir-378a	melanoma	circulation
hsa-mir-378a	myelodysplastic syndromes	tissue
hsa-mir-378a	prostate neoplasms	circulation
hsa-mir-378a	psoriasis	tissue
hsa-mir-378a	rhabdomyosarcoma	target
hsa-mir-378a	urinary bladder cancer	tissue
hsa-mir-378i	carcinoma, basal cell	tissue
hsa-mir-378i	carcinoma, renal cell	circulation
hsa-mir-378i	immune thrombocytopenic purpura	circulation
hsa-mir-378i	prostate neoplasms	circulation
hsa-mir-378i	urinary bladder cancer	tissue
hsa-mir-379	breast neoplasms	target
hsa-mir-379	carcinoma, hepatocellular	target
hsa-mir-379	carcinoma, hepatocellular	tissue
hsa-mir-379	medulloblastoma	tissue
hsa-mir-379	mesothelioma	target
hsa-mir-379	metabolic syndrome	target
hsa-mir-379	multiple sclerosis	circulation
hsa-mir-379	muscle atrophy	circulation
hsa-mir-379	nasopharyngeal neoplasms	target
hsa-mir-379	osteosarcoma	target
hsa-mir-379	ovarian disease	tissue
hsa-mir-381	asthma	circulation
hsa-mir-381	breast neoplasms	target
hsa-mir-381	carcinoma, breast	target
hsa-mir-381	carcinoma, hepatocellular	tissue
hsa-mir-381	carcinoma, renal cell	circulation
hsa-mir-381	carcinoma, renal cell	target
hsa-mir-381	epithelioid sarcoma	target
hsa-mir-381	glioma	target
hsa-mir-381	heart failure	tissue
hsa-mir-381	kidney neoplasms	target
hsa-mir-381	lung neoplasms	target
hsa-mir-381	muscle atrophy	circulation
hsa-mir-381	osteosarcoma	target
hsa-mir-381	ovarian neoplasms	genetics
hsa-mir-381	pituitary neoplasms	target
hsa-mir-381	soft tissue sarcoma	tissue
hsa-mir-381	tuberculosis	target
hsa-mir-382	atherosclerosis	target
hsa-mir-382	bronchopulmonary dysplasia	tissue
hsa-mir-382	colorectal carcinoma	genetics
hsa-mir-382	diabetic nephropathy	target
hsa-mir-382	heart failure	tissue
hsa-mir-382	osteosarcoma	target
hsa-mir-382	ovarian neoplasms	target
hsa-mir-382	prolactinoma	tissue
hsa-mir-383	azoospermia	tissue
hsa-mir-383	breast neoplasms	genetics
hsa-mir-383	cardiomyopathy, hypertrophic	tissue
hsa-mir-383	cholangiocarcinoma	target
hsa-mir-383	ependymoma	tissue
hsa-mir-383	glioma	target
hsa-mir-383	heart failure	target
hsa-mir-383	lymphoma	target
hsa-mir-383	medulloblastoma	target
hsa-mir-383	medulloblastoma	tissue
hsa-mir-383	melanoma	genetics
hsa-mir-383	ovarian neoplasms	genetics
hsa-mir-383	pituitary adenoma	tissue
hsa-mir-383	spinal cord injuries	target
hsa-mir-383	vasculitis	circulation
hsa-mir-409	adenocarcinoma, lung	target
hsa-mir-409	breast neoplasms	circulation
hsa-mir-409	breast neoplasms	target
hsa-mir-409	carcinoma, breast	target
hsa-mir-409	carcinoma, breast	tissue
hsa-mir-409	carcinoma, hepatocellular	tissue
hsa-mir-409	colorectal carcinoma	target
hsa-mir-409	diabetes mellitus, type 2	circulation
hsa-mir-409	encephalomyelitis	target
hsa-mir-409	leukemia, myeloid, acute	circulation
hsa-mir-409	medulloblastoma	tissue
hsa-mir-409	osteosarcoma	target
hsa-mir-409	ovarian neoplasms	tissue
hsa-mir-409	parkinson disease	tissue
hsa-mir-409	prostate neoplasms	circulation
hsa-mir-409	prostate neoplasms	target
hsa-mir-409	salivary gland neoplasms	tissue
hsa-mir-410	alopecia	tissue
hsa-mir-410	atherosclerosis	target
hsa-mir-410	breast neoplasms	genetics
hsa-mir-410	carcinoma, breast	target
hsa-mir-410	carcinoma, hepatocellular	genetics
hsa-mir-410	carcinoma, hepatocellular	target
hsa-mir-410	colorectal carcinoma	genetics
hsa-mir-410	glioma	target
hsa-mir-410	immune thrombocytopenic purpura	circulation
hsa-mir-410	lung neoplasms	target
hsa-mir-410	neuroblastoma	tissue
hsa-mir-410	osteosarcoma	target
hsa-mir-410	pancreatic neoplasms	target
hsa-mir-410	pelvic inflammatory disease	circulation
hsa-mir-410	pituitary neoplasms	target
hsa-mir-410	retinal degeneration	target
hsa-mir-410	stroke	genetics
hsa-mir-410	stroke, ischemic	target
hsa-mir-411	adenocarcinoma, lung	tissue
hsa-mir-411	breast neoplasms	circulation
hsa-mir-411	breast neoplasms	genetics
hsa-mir-411	bronchopulmonary dysplasia	tissue
hsa-mir-411	carcinoma, breast	target
hsa-mir-411	carcinoma, hepatocellular	target
hsa-mir-411	lung neoplasms	circulation
hsa-mir-411	mesothelioma	target
hsa-mir-411	multiple sclerosis	genetics
hsa-mir-411	osteosarcoma	epigenetics
hsa-mir-411	ovarian neoplasms	tissue
hsa-mir-411	preeclampsia	tissue
hsa-mir-411	rhabdomyosarcoma	target
hsa-mir-411	spinal cord injuries	target
hsa-mir-421	adenovirus infection	tissue
hsa-mir-421	biliary tract neoplasms	target
hsa-mir-421	breast neoplasms	tissue
hsa-mir-421	carcinoma, breast	target
hsa-mir-421	carcinoma, breast	tissue
hsa-mir-421	hypertension	target
hsa-mir-421	neuroblastoma	target
hsa-mir-421	osteosarcoma	genetics
hsa-mir-421	tuberculosis, pulmonary	tissue
hsa-mir-422a	carcinoma, hepatocellular	target
hsa-mir-422a	cardiomyopathy	target
hsa-mir-422a	colorectal carcinoma	target
hsa-mir-422a	colorectal carcinoma	tissue
hsa-mir-422a	glioma	target
hsa-mir-422a	laryngeal neoplasms	tissue
hsa-mir-422a	melanoma	circulation
hsa-mir-422a	multiple sclerosis	circulation
hsa-mir-422a	osteosarcoma	genetics
hsa-mir-422a	pituitary adenoma	tissue
hsa-mir-423	adenocarcinoma, lung	target
hsa-mir-423	breast neoplasms	circulation
hsa-mir-423	breast neoplasms	genetics
hsa-mir-423	carcinoma, breast	tissue
hsa-mir-423	carcinoma, hepatocellular	circulation
hsa-mir-423	carcinoma, hepatocellular	target
hsa-mir-423	carcinoma, hepatocellular	tissue
hsa-mir-423	chronic kidney disease	circulation
hsa-mir-423	colorectal carcinoma	circulation
hsa-mir-423	colorectal carcinoma	genetics
hsa-mir-423	colorectal carcinoma	target
hsa-mir-423	coronary artery disease	genetics
hsa-mir-423	crohn disease	tissue
hsa-mir-423	diabetes mellitus, type 2	target
hsa-mir-423	diabetic nephropathy	target
hsa-mir-423	glioma	genetics
hsa-mir-423	glioma	target
hsa-mir-423	heart failure	circulation
hsa-mir-423	heart failure	tissue
hsa-mir-423	hemophagocytic lymphohistiocytosis	target
hsa-mir-423	lung neoplasms	genetics
hsa-mir-423	lupus nephritis	circulation
hsa-mir-423	lupus vulgaris	circulation
hsa-mir-423	macular degeneration	tissue
hsa-mir-423	metabolic syndrome	circulation
hsa-mir-423	myocardial infarction	circulation
hsa-mir-423	myocardial infarction	tissue
hsa-mir-423	obesity	circulation
hsa-mir-423	psoriasis	tissue
hsa-mir-423	squamous cell carcinoma, head and neck	tissue
hsa-mir-424	borna disease	tissue
hsa-mir-424	breast neoplasms	circulation
hsa-mir-424	breast neoplasms	target
hsa-mir-424	carcinoma, adrenocortical	tissue
hsa-mir-424	carcinoma, breast	genetics
hsa-mir-424	carcinoma, breast	target
hsa-mir-424	carcinoma, endometrial	target
hsa-mir-424	carcinoma, hepatocellular	target
hsa-mir-424	carcinoma, hepatocellular	tissue
hsa-mir-424	carcinoma, renal cell	target
hsa-mir-424	colon neoplasms	genetics
hsa-mir-424	colon neoplasms	target
hsa-mir-424	colon neoplasms	tissue
hsa-mir-424	colorectal carcinoma	tissue
hsa-mir-424	diabetes mellitus	target
hsa-mir-424	endometriosis	tissue
hsa-mir-424	glioma	target
hsa-mir-424	heart failure	tissue
hsa-mir-424	hemangioma	circulation
hsa-mir-424	hemangioma	target
hsa-mir-424	hepatoblastoma	genetics
hsa-mir-424	hepatoblastoma	target
hsa-mir-424	hypertension	target
hsa-mir-424	inflammatory bowel diseases	tissue
hsa-mir-424	leukemia	target
hsa-mir-424	melanoma	circulation
hsa-mir-424	multiple myeloma	tissue
hsa-mir-424	myelodysplastic syndromes	genetics
hsa-mir-424	myocardial infarction	circulation
hsa-mir-424	myocardial infarction	target
hsa-mir-424	prion diseases	tissue
hsa-mir-424	prostate neoplasms	target
hsa-mir-424	prostate neoplasms	tissue
hsa-mir-424	retinal neovascularization	tissue
hsa-mir-424	squamous cell carcinoma, head and neck	target
hsa-mir-424	tuberculosis	tissue
hsa-mir-424	tuberculosis, pulmonary	tissue
hsa-mir-424	urinary bladder cancer	tissue
hsa-mir-425	amyotrophic lateral sclerosis	tissue
hsa-mir-425	breast neoplasms	tissue
hsa-mir-425	carcinoma, breast	target
hsa-mir-425	carcinoma, hepatocellular	target
hsa-mir-425	carcinoma, renal cell	circulation
hsa-mir-425	cervical neoplasms	tissue
hsa-mir-425	colorectal carcinoma	circulation
hsa-mir-425	glioblastoma	target
hsa-mir-425	glioma	target
hsa-mir-425	heart failure	target
hsa-mir-425	hypertension	target
hsa-mir-425	leukemia, myeloid, acute	target
hsa-mir-425	pancreatic neoplasms	tissue
hsa-mir-425	prostate neoplasms	tissue
hsa-mir-429	azoospermia	tissue
hsa-mir-429	barrett esophagus	tissue
hsa-mir-429	breast neoplasms	genetics
hsa-mir-429	breast neoplasms	target
hsa-mir-429	breast neoplasms	tissue
hsa-mir-429	carcinoma, ehrlich tumor	tissue
hsa-mir-429	carcinoma, hepatocellular	epigenetics
hsa-mir-429	carcinoma, hepatocellular	target
hsa-mir-429	carcinoma, renal cell	target
hsa-mir-429	carcinoma, renal cell	tissue
hsa-mir-429	cervical neoplasms	genetics
hsa-mir-429	cholangiocarcinoma	epigenetics
hsa-mir-429	cholangiocarcinoma	tissue
hsa-mir-429	colitis	tissue
hsa-mir-429	colon neoplasms	circulation
hsa-mir-429	colorectal carcinoma	target
hsa-mir-429	colorectal carcinoma	tissue
hsa-mir-429	diabetes mellitus	genetics
hsa-mir-429	endocrine gland neoplasms	tissue
hsa-mir-429	endometrial neoplasms	genetics
hsa-mir-429	endometrial neoplasms	tissue
hsa-mir-429	endometriosis	tissue
hsa-mir-429	fibrosarcoma	target
hsa-mir-429	glioblastoma	target
hsa-mir-429	glomerulonephritis	circulation
hsa-mir-429	heart failure	tissue
hsa-mir-429	hirschsprung disease	circulation
hsa-mir-429	liver neoplasms	target
hsa-mir-429	melanoma	genetics
hsa-mir-429	melanoma	target
hsa-mir-429	nephrosclerosis	tissue
hsa-mir-429	neuropathic pain	target
hsa-mir-429	osteosarcoma	target
hsa-mir-429	ovarian neoplasms	genetics
hsa-mir-429	ovarian neoplasms	target
hsa-mir-429	ovarian neoplasms	tissue
hsa-mir-429	pancreatic neoplasms	tissue
hsa-mir-429	prostate neoplasms	target
hsa-mir-429	prostate neoplasms	tissue
hsa-mir-429	urinary bladder cancer	tissue
hsa-mir-431	atherosclerosis	target
hsa-mir-431	bronchopulmonary dysplasia	tissue
hsa-mir-431	carcinoma, hepatocellular	tissue
hsa-mir-431	colorectal carcinoma	circulation
hsa-mir-431	glioblastoma	target
hsa-mir-431	graves disease	circulation
hsa-mir-431	medulloblastoma	target
hsa-mir-431	necrotizing enterocolitis	tissue
hsa-mir-431	osteosarcoma	epigenetics
hsa-mir-431	preeclampsia	target
hsa-mir-431	squamous cell carcinoma, head and neck	tissue
hsa-mir-432	atherosclerosis	target
hsa-mir-432	carcinoma, hepatocellular	tissue
hsa-mir-432	heart failure	tissue
hsa-mir-432	melanoma	target
hsa-mir-432	muscle atrophy	circulation
hsa-mir-432	neuroblastoma	target
hsa-mir-432	osteosarcoma	epigenetics
hsa-mir-432	ovarian neoplasms	tissue
hsa-mir-432	prolactinoma	tissue
hsa-mir-433	adenovirus infection	tissue
hsa-mir-433	atherosclerosis	target
hsa-mir-433	carcinoma, hepatocellular	target
hsa-mir-433	carcinoma, hepatocellular	tissue
hsa-mir-433	cholangiocarcinoma	epigenetics
hsa-mir-433	endomyocardial fibrosis	target
hsa-mir-433	gastrointestinal neoplasms	tissue
hsa-mir-433	lupus vulgaris	circulation
hsa-mir-433	ovarian neoplasms	genetics
hsa-mir-433	ovarian neoplasms	target
hsa-mir-433	parkinson disease	target
hsa-mir-433	prostate neoplasms	tissue
hsa-mir-433	retinoblastoma	tissue
hsa-mir-449a	acute kidney failure	circulation
hsa-mir-449a	adenocarcinoma, lung	genetics
hsa-mir-449a	breast neoplasms	genetics
hsa-mir-449a	breast neoplasms	target
hsa-mir-449a	carcinoma, adrenocortical	tissue
hsa-mir-449a	carcinoma, breast	target
hsa-mir-449a	carcinoma, breast	tissue
hsa-mir-449a	carcinoma, endometrial	target
hsa-mir-449a	carcinoma, hepatocellular	genetics
hsa-mir-449a	carcinoma, hepatocellular	target
hsa-mir-449a	colon neoplasms	tissue
hsa-mir-449a	glioblastoma	target
hsa-mir-449a	glioma	target
hsa-mir-449a	hepatitis b virus infection	genetics
hsa-mir-449a	liver neoplasms	genetics
hsa-mir-449a	liver neoplasms	target
hsa-mir-449a	lung neoplasms	target
hsa-mir-449a	osteosarcoma	target
hsa-mir-449a	osteosarcoma	tissue
hsa-mir-449a	ovarian neoplasms	tissue
hsa-mir-449a	parkinson disease	circulation
hsa-mir-449a	prostate neoplasms	genetics
hsa-mir-449a	prostate neoplasms	target
hsa-mir-449a	retinoblastoma	genetics
hsa-mir-449a	salivary gland neoplasms	tissue
hsa-mir-449a	sertoli cell-only syndrome	tissue
hsa-mir-449a	squamous cell carcinoma, head and neck	tissue
hsa-mir-449a	urinary bladder cancer	target
hsa-mir-449b	adenocarcinoma, lung	tissue
hsa-mir-449b	carcinoma, adrenocortical	tissue
hsa-mir-449b	carcinoma, breast	tissue
hsa-mir-449b	carcinoma, hepatocellular	tissue
hsa-mir-449b	endometriosis	tissue
hsa-mir-449b	hepatoblastoma	tissue
hsa-mir-449b	influenza	target
hsa-mir-449b	leukemia, myeloid	genetics
hsa-mir-449b	liver neoplasms	target
hsa-mir-449b	ovarian neoplasms	tissue
hsa-mir-449b	parkinson disease	circulation
hsa-mir-449b	salivary gland neoplasms	tissue
hsa-mir-449b	sertoli cell-only syndrome	tissue
hsa-mir-449b	stroke	circulation
hsa-mir-451	adenocarcinoma, lung	target
hsa-mir-451	atrial fibrillation	tissue
hsa-mir-451	breast neoplasms	circulation
hsa-mir-451	breast neoplasms	target
hsa-mir-451	breast neoplasms	tissue
hsa-mir-451	carcinoma, breast	circulation
hsa-mir-451	carcinoma, hepatocellular	genetics
hsa-mir-451	carcinoma, nasopharyngeal	target
hsa-mir-451	carcinoma, renal cell	genetics
hsa-mir-451	carcinoma, renal cell	target
hsa-mir-451	colorectal carcinoma	circulation
hsa-mir-451	colorectal carcinoma	target
hsa-mir-451	colorectal carcinoma	tissue
hsa-mir-451	congenital microtia	target
hsa-mir-451	coronary artery disease	target
hsa-mir-451	endometriosis	tissue
hsa-mir-451	gastrointestinal neoplasms	tissue
hsa-mir-451	glioblastoma	target
hsa-mir-451	glioblastoma	tissue
hsa-mir-451	glioma	genetics
hsa-mir-451	glioma	target
hsa-mir-451	hemophagocytic lymphohistiocytosis	target
hsa-mir-451	leukemia, myeloid, acute	target
hsa-mir-451	liposarcoma	tissue
hsa-mir-451	liver neoplasms	circulation
hsa-mir-451	liver neoplasms	target
hsa-mir-451	lung neoplasms	target
hsa-mir-451	lung neoplasms	tissue
hsa-mir-451	lymphoma, large b-cell, diffuse	circulation
hsa-mir-451	multiple myeloma	target
hsa-mir-451	necrotizing enterocolitis	tissue
hsa-mir-451	osteoarthritis	target
hsa-mir-451	osteoporosis	target
hsa-mir-451	osteosarcoma	target
hsa-mir-451	ovarian neoplasms	circulation
hsa-mir-451	ovarian neoplasms	target
hsa-mir-451	polycythemia vera	tissue
hsa-mir-451	prolactinoma	tissue
hsa-mir-451	prostate neoplasms	tissue
hsa-mir-451	pterygium	tissue
hsa-mir-451	squamous cell carcinoma, head and neck	genetics
hsa-mir-451a	adenocarcinoma, lung	tissue
hsa-mir-451a	amyotrophic lateral sclerosis	tissue
hsa-mir-451a	breast neoplasms	circulation
hsa-mir-451a	breast neoplasms	target
hsa-mir-451a	breast neoplasms	tissue
hsa-mir-451a	carcinoma, basal cell	target
hsa-mir-451a	carcinoma, breast	tissue
hsa-mir-451a	carcinoma, hepatocellular	target
hsa-mir-451a	carcinoma, renal cell	circulation
hsa-mir-451a	carcinoma, renal cell	target
hsa-mir-451a	cardiomyopathy	target
hsa-mir-451a	diabetes mellitus, type 2	circulation
hsa-mir-451a	diabetic nephropathy	target
hsa-mir-451a	epilepsy	target
hsa-mir-451a	familial mediterranean fever	circulation
hsa-mir-451a	fibromyalgia	tissue
hsa-mir-451a	glaucoma	circulation
hsa-mir-451a	glioblastoma	target
hsa-mir-451a	glioma	target
hsa-mir-451a	hearing loss	circulation
hsa-mir-451a	leukemia-lymphoma, adult t-cell	target
hsa-mir-451a	lung neoplasms	tissue
hsa-mir-451a	myocardial infarction	tissue
hsa-mir-451a	pancreatic neoplasms	circulation
hsa-mir-451a	pancreatic neoplasms	tissue
hsa-mir-451a	polycythemia vera	circulation
hsa-mir-451a	retinal neovascularization	tissue
hsa-mir-451a	tuberculosis, pulmonary	tissue
hsa-mir-452	adenocarcinoma, lung	tissue
hsa-mir-452	adenovirus infection	tissue
hsa-mir-452	breast neoplasms	circulation
hsa-mir-452	breast neoplasms	target
hsa-mir-452	carcinoma, breast	tissue
hsa-mir-452	carcinoma, hepatocellular	target
hsa-mir-452	carcinoma, renal cell	tissue
hsa-mir-452	colorectal carcinoma	tissue
hsa-mir-452	esophageal neoplasms	tissue
hsa-mir-452	glioblastoma	tissue
hsa-mir-452	heart failure	tissue
hsa-mir-452	hiv-associated lipodystrophy	tissue
hsa-mir-452	medulloblastoma	circulation
hsa-mir-452	melanoma	circulation
hsa-mir-452	melanoma	target
hsa-mir-452	muscle atrophy	circulation
hsa-mir-452	prostate neoplasms	epigenetics
hsa-mir-452	prostate neoplasms	tissue
hsa-mir-452	rectal neoplasms	target
hsa-mir-452	urinary bladder cancer	tissue
hsa-mir-454	adenocarcinoma, lung	target
hsa-mir-454	adenovirus infection	tissue
hsa-mir-454	carcinoma, renal cell	circulation
hsa-mir-454	cardiomyopathy, dilated	circulation
hsa-mir-454	colorectal carcinoma	target
hsa-mir-454	coronary artery disease	target
hsa-mir-454	diabetes mellitus, type 2	circulation
hsa-mir-454	esophageal neoplasms	tissue
hsa-mir-454	glioma	circulation
hsa-mir-454	heart failure	circulation
hsa-mir-454	hiv-associated lipodystrophy	tissue
hsa-mir-454	kidney neoplasms	target
hsa-mir-454	leukemia	circulation
hsa-mir-454	osteosarcoma	target
hsa-mir-454	ovarian neoplasms	tissue
hsa-mir-454	preeclampsia	target
hsa-mir-454	sickle cell disease	target
hsa-mir-455	aortic aneurysm, abdominal	circulation
hsa-mir-455	carcinoma, adenoid cystic	tissue
hsa-mir-455	carcinoma, basal cell	tissue
hsa-mir-455	carcinoma, breast	circulation
hsa-mir-455	carcinoma, hepatocellular	target
hsa-mir-455	carcinoma, renal cell	target
hsa-mir-455	colorectal carcinoma	target
hsa-mir-455	diabetes mellitus, type 2	circulation
hsa-mir-455	diabetic nephropathy	target
hsa-mir-455	glioblastoma	tissue
hsa-mir-455	glioma	target
hsa-mir-455	head and neck neoplasms	tissue
hsa-mir-455	inflammation	target
hsa-mir-455	intracranial aneurysm	target
hsa-mir-455	lymphoma, large b-cell, diffuse	circulation
hsa-mir-455	osteoarthritis	circulation
hsa-mir-455	squamous cell carcinoma, head and neck	circulation
hsa-mir-483	adenocarcinoma, lung	target
hsa-mir-483	adrenal cortex neoplasms	circulation
hsa-mir-483	adrenal cortex neoplasms	tissue
hsa-mir-483	atrial fibrillation	tissue
hsa-mir-483	carcinoma, adrenocortical	circulation
hsa-mir-483	carcinoma, adrenocortical	target
hsa-mir-483	carcinoma, adrenocortical	tissue
hsa-mir-483	carcinoma, hepatocellular	tissue
hsa-mir-483	carcinoma, nasopharyngeal	circulation
hsa-mir-483	cervical neoplasms	target
hsa-mir-483	cholangiocarcinoma	circulation
hsa-mir-483	colon neoplasms	target
hsa-mir-483	colorectal carcinoma	genetics
hsa-mir-483	colorectal carcinoma	tissue
hsa-mir-483	diabetes mellitus, type 2	tissue
hsa-mir-483	glaucoma	target
hsa-mir-483	glioma	target
hsa-mir-483	immune thrombocytopenic purpura	circulation
hsa-mir-483	intrahepatic cholangiocarcinoma	circulation
hsa-mir-483	ischemia	target
hsa-mir-483	kawasaki syndrome	target
hsa-mir-483	medulloblastoma	tissue
hsa-mir-483	osteoporosis	target
hsa-mir-483	pancreatic neoplasms	circulation
hsa-mir-483	pancreatic neoplasms	target
hsa-mir-483	peritoneal neoplasms	tissue
hsa-mir-483	pheochromocytoma	tissue
hsa-mir-483	prostate neoplasms	target
hsa-mir-483	rectal neoplasms	tissue
hsa-mir-483	sepsis	circulation
hsa-mir-483	thrombosis	target
hsa-mir-484	adrenal cortex neoplasms	tissue
hsa-mir-484	carcinoma, adrenocortical	tissue
hsa-mir-484	carcinoma, hepatocellular	tissue
hsa-mir-484	colorectal carcinoma	circulation
hsa-mir-484	colorectal carcinoma	epigenetics
hsa-mir-484	leukemia, lymphocytic, chronic, b-cell	circulation
hsa-mir-484	lupus vulgaris	circulation
hsa-mir-484	melanoma	tissue
hsa-mir-484	metabolic syndrome	circulation
hsa-mir-484	multiple sclerosis	tissue
hsa-mir-484	obesity	circulation
hsa-mir-484	pancreatic neoplasms	circulation
hsa-mir-484	polycystic ovarian syndrome	tissue
hsa-mir-484	prostate neoplasms	circulation
hsa-mir-485	adenocarcinoma, lung	tissue
hsa-mir-485	asthma	tissue
hsa-mir-485	breast neoplasms	genetics
hsa-mir-485	carcinoma, breast	target
hsa-mir-485	carcinoma, hepatocellular	target
hsa-mir-485	carcinoma, hepatocellular	tissue
hsa-mir-485	colorectal carcinoma	target
hsa-mir-485	endometriosis	tissue
hsa-mir-485	ependymoma	tissue
hsa-mir-485	leukemia	target
hsa-mir-485	lung neoplasms	target
hsa-mir-485	mycobacterium tuberculosis infection	circulation
hsa-mir-485	ovarian neoplasms	target
hsa-mir-485	ovarian neoplasms	tissue
hsa-mir-485	soft tissue sarcoma	target
hsa-mir-485	squamous cell carcinoma	epigenetics
hsa-mir-486	acute coronary syndrome	circulation
hsa-mir-486	atrial fibrillation	tissue
hsa-mir-486	barrett esophagus	tissue
hsa-mir-486	breast neoplasms	circulation
hsa-mir-486	breast neoplasms	genetics
hsa-mir-486	breast neoplasms	target
hsa-mir-486	breast neoplasms	tissue
hsa-mir-486	carcinoma, breast	tissue
hsa-mir-486	carcinoma, hepatocellular	tissue
hsa-mir-486	colon neoplasms	tissue
hsa-mir-486	colorectal carcinoma	epigenetics
hsa-mir-486	colorectal carcinoma	genetics
hsa-mir-486	colorectal carcinoma	tissue
hsa-mir-486	congenital heart diseases	tissue
hsa-mir-486	diabetes mellitus	target
hsa-mir-486	diabetes mellitus, type 2	circulation
hsa-mir-486	esophageal neoplasms	tissue
hsa-mir-486	glaucoma	tissue
hsa-mir-486	glioblastoma	target
hsa-mir-486	laryngeal neoplasms	tissue
hsa-mir-486	leukemia	target
hsa-mir-486	liver neoplasms	tissue
hsa-mir-486	lung neoplasms	target
hsa-mir-486	lung neoplasms	tissue
hsa-mir-486	lupus vulgaris	circulation
hsa-mir-486	lymphoma	tissue
hsa-mir-486	multiple sclerosis	tissue
hsa-mir-486	myocardial infarction	target
hsa-mir-486	neuralgia, postherpetic	circulation
hsa-mir-486	obesity	circulation
hsa-mir-486	osteoarthritis	target
hsa-mir-486	ovarian neoplasms	target
hsa-mir-486	ovarian neoplasms	tissue
hsa-mir-486	pancreatic neoplasms	tissue
hsa-mir-486	prolactinoma	tissue
hsa-mir-486	prostate neoplasms	tissue
hsa-mir-486	pterygium	tissue
hsa-mir-486	sepsis	circulation
hsa-mir-486	spinal cord injuries	target
hsa-mir-486	testicular neoplasms	tissue
hsa-mir-486	thyroid neoplasms	tissue
hsa-mir-486	tuberculosis, pulmonary	tissue
hsa-mir-487b	adenocarcinoma, lung	target
hsa-mir-487b	colorectal carcinoma	target
hsa-mir-487b	hiv-associated lipodystrophy	tissue
hsa-mir-487b	lung neoplasms	target
hsa-mir-487b	muscle atrophy	circulation
hsa-mir-487b	neuroblastoma	tissue
hsa-mir-488	breast neoplasms	genetics
hsa-mir-488	carcinoma, breast	circulation
hsa-mir-488	carcinoma, breast	genetics
hsa-mir-488	melanoma	genetics
hsa-mir-488	melanoma	target
hsa-mir-488	osteosarcoma	genetics
hsa-mir-488	osteosarcoma	target
hsa-mir-488	ovarian neoplasms	genetics
hsa-mir-488	ovarian neoplasms	target
hsa-mir-488	prostate neoplasms	target
hsa-mir-489	aortic aneurysm, abdominal	target
hsa-mir-489	breast neoplasms	target
hsa-mir-489	carcinoma, breast	tissue
hsa-mir-489	carcinoma, hepatocellular	tissue
hsa-mir-489	carcinoma, renal cell	tissue
hsa-mir-489	cardiomegaly	target
hsa-mir-489	cardiomyopathy	target
hsa-mir-489	colorectal carcinoma	target
hsa-mir-489	ovarian neoplasms	tissue
hsa-mir-490	atherosclerosis	target
hsa-mir-490	carcinoma, hepatocellular	tissue
hsa-mir-490	colorectal carcinoma	genetics
hsa-mir-490	colorectal carcinoma	target
hsa-mir-490	colorectal carcinoma	tissue
hsa-mir-490	leiomyoma	tissue
hsa-mir-490	lung neoplasms	target
hsa-mir-490	lung neoplasms	tissue
hsa-mir-490	osteosarcoma	target
hsa-mir-490	osteosarcoma	tissue
hsa-mir-491	azoospermia	tissue
hsa-mir-491	breast neoplasms	target
hsa-mir-491	carcinoma, adrenocortical	tissue
hsa-mir-491	carcinoma, hepatocellular	target
hsa-mir-491	carcinoma, hepatocellular	tissue
hsa-mir-491	colitis, ulcerative	circulation
hsa-mir-491	colorectal carcinoma	genetics
hsa-mir-491	colorectal carcinoma	target
hsa-mir-491	glioblastoma	tissue
hsa-mir-491	glioma	target
hsa-mir-491	head and neck neoplasms	tissue
hsa-mir-491	liver neoplasms	epigenetics
hsa-mir-491	osteosarcoma	target
hsa-mir-491	prostate neoplasms	tissue
hsa-mir-491	retinoblastoma	tissue
hsa-mir-491	squamous cell carcinoma, head and neck	tissue
hsa-mir-491	tongue neoplasms	target
hsa-mir-494	acute kidney failure	circulation
hsa-mir-494	acute kidney failure	target
hsa-mir-494	arrhythmia	circulation
hsa-mir-494	breast neoplasms	target
hsa-mir-494	carcinoma, breast	tissue
hsa-mir-494	carcinoma, hepatocellular	circulation
hsa-mir-494	carcinoma, hepatocellular	target
hsa-mir-494	cholangiocarcinoma	tissue
hsa-mir-494	chondrosarcoma	target
hsa-mir-494	diabetes mellitus	target
hsa-mir-494	enterovirus infection	target
hsa-mir-494	gastrointestinal neoplasms	target
hsa-mir-494	glioblastoma	target
hsa-mir-494	glioma	target
hsa-mir-494	glioma	tissue
hsa-mir-494	heart failure	tissue
hsa-mir-494	intervertebral disc degeneration	target
hsa-mir-494	ischemia	target
hsa-mir-494	leukemia, myeloid, acute	target
hsa-mir-494	lung neoplasms	circulation
hsa-mir-494	lung neoplasms	target
hsa-mir-494	lupus vulgaris	circulation
hsa-mir-494	lymphoma	target
hsa-mir-494	medulloblastoma	target
hsa-mir-494	medulloblastoma	tissue
hsa-mir-494	multiple sclerosis	target
hsa-mir-494	ovarian neoplasms	genetics
hsa-mir-494	ovarian neoplasms	tissue
hsa-mir-494	pancreatic neoplasms	target
hsa-mir-494	pancreatic neoplasms	tissue
hsa-mir-494	preeclampsia	circulation
hsa-mir-494	prion diseases	circulation
hsa-mir-494	prostate neoplasms	target
hsa-mir-494	spinal cord injuries	target
hsa-mir-494	squamous cell carcinoma	target
hsa-mir-494	urinary bladder cancer	target
hsa-mir-494	waldenstrom macroglobulinemia	circulation
hsa-mir-495	atherosclerosis	target
hsa-mir-495	breast neoplasms	target
hsa-mir-495	breast neoplasms	tissue
hsa-mir-495	carcinoma, renal cell	target
hsa-mir-495	crohn disease	tissue
hsa-mir-495	diabetes mellitus	circulation
hsa-mir-495	glioma	genetics
hsa-mir-495	glioma	target
hsa-mir-495	leukemia	tissue
hsa-mir-495	lung neoplasms	circulation
hsa-mir-495	lung neoplasms	tissue
hsa-mir-495	medulloblastoma	target
hsa-mir-495	medulloblastoma	tissue
hsa-mir-495	muscle atrophy	circulation
hsa-mir-495	periodontitis	tissue
hsa-mir-495	preeclampsia	circulation
hsa-mir-495	preeclampsia	target
hsa-mir-495	prostate neoplasms	target
hsa-mir-495	salivary gland neoplasms	tissue
hsa-mir-495	stroke, ischemic	genetics
hsa-mir-497	astrocytoma	tissue
hsa-mir-497	breast neoplasms	circulation
hsa-mir-497	breast neoplasms	genetics
hsa-mir-497	breast neoplasms	target
hsa-mir-497	breast neoplasms	tissue
hsa-mir-497	carcinoma, adrenocortical	tissue
hsa-mir-497	carcinoma, hepatocellular	epigenetics
hsa-mir-497	carcinoma, hepatocellular	target
hsa-mir-497	carcinoma, hepatocellular	tissue
hsa-mir-497	cardiomyopathy, hypertrophic	tissue
hsa-mir-497	colorectal carcinoma	target
hsa-mir-497	diabetes mellitus	target
hsa-mir-497	gastrointestinal neoplasms	target
hsa-mir-497	glioma	target
hsa-mir-497	glioma	tissue
hsa-mir-497	heart failure	target
hsa-mir-497	heart failure	tissue
hsa-mir-497	hematologic neoplasms	epigenetics
hsa-mir-497	kidney neoplasms	target
hsa-mir-497	lung neoplasms	target
hsa-mir-497	mesothelioma	tissue
hsa-mir-497	muscle atrophy	circulation
hsa-mir-497	nasopharyngeal neoplasms	circulation
hsa-mir-497	neuroblastoma	target
hsa-mir-497	osteosarcoma	circulation
hsa-mir-497	osteosarcoma	genetics
hsa-mir-497	ovarian neoplasms	target
hsa-mir-497	ovarian neoplasms	tissue
hsa-mir-497	pancreatic neoplasms	target
hsa-mir-497	pancreatic neoplasms	tissue
hsa-mir-497	prostate neoplasms	tissue
hsa-mir-497	retinoblastoma	tissue
hsa-mir-497	squamous cell carcinoma	tissue
hsa-mir-497	urinary bladder cancer	target
hsa-mir-498	asthma	tissue
hsa-mir-498	carcinoma, breast	target
hsa-mir-498	carcinoma, hepatocellular	tissue
hsa-mir-498	colorectal carcinoma	tissue
hsa-mir-498	leukemia, myeloid, acute	target
hsa-mir-498	lung neoplasms	target
hsa-mir-498	ovarian neoplasms	target
hsa-mir-498	ovarian neoplasms	tissue
hsa-mir-499	acute coronary syndrome	circulation
hsa-mir-499	arthritis	genetics
hsa-mir-499	atrial fibrillation	circulation
hsa-mir-499	breast neoplasms	genetics
hsa-mir-499	breast neoplasms	target
hsa-mir-499	carcinoma, breast	genetics
hsa-mir-499	carcinoma, hepatocellular	genetics
hsa-mir-499	cardiomyopathy, dilated	tissue
hsa-mir-499	colitis, ulcerative	genetics
hsa-mir-499	colorectal carcinoma	genetics
hsa-mir-499	congenital heart diseases	genetics
hsa-mir-499	coronary artery disease	circulation
hsa-mir-499	coronary artery disease	genetics
hsa-mir-499	endometrial neoplasms	genetics
hsa-mir-499	essential hypertension	circulation
hsa-mir-499	head and neck neoplasms	genetics
hsa-mir-499	heart failure	circulation
hsa-mir-499	heart failure	genetics
hsa-mir-499	heart failure	target
hsa-mir-499	heart failure	tissue
hsa-mir-499	hepatitis b virus infection	genetics
hsa-mir-499	leukemia, lymphoblastic, acute	genetics
hsa-mir-499	lung neoplasms	genetics
hsa-mir-499	myocardial infarction	circulation
hsa-mir-499	myocardial infarction	genetics
hsa-mir-499	myocardial infarction	target
hsa-mir-499	obesity	target
hsa-mir-499	ossification of posterior longitudinal ligament	genetics
hsa-mir-499	prostate neoplasms	genetics
hsa-mir-499	sepsis	circulation
hsa-mir-499	squamous cell carcinoma, head and neck	genetics
hsa-mir-499	stroke, ischemic	genetics
hsa-mir-499	tuberculosis, pulmonary	genetics
hsa-mir-499a	atherosclerosis	target
hsa-mir-499a	breast neoplasms	genetics
hsa-mir-499a	carcinoma, hepatocellular	genetics
hsa-mir-499a	carcinoma, hepatocellular	target
hsa-mir-499a	cardiomyopathy, dilated	genetics
hsa-mir-499a	colorectal carcinoma	target
hsa-mir-499a	coronary artery disease	genetics
hsa-mir-499a	esophageal neoplasms	genetics
hsa-mir-499a	glioma	target
hsa-mir-499a	habitual abortion	genetics
hsa-mir-499a	head and neck neoplasms	tissue
hsa-mir-499a	heart failure	circulation
hsa-mir-499a	heart failure	genetics
hsa-mir-499a	heart failure	tissue
hsa-mir-499a	lymphoma	tissue
hsa-mir-499a	myocardial infarction	circulation
hsa-mir-499a	myocardial infarction	tissue
hsa-mir-499a	ovarian neoplasms	tissue
hsa-mir-499a	tuberculosis, pulmonary	genetics
hsa-mir-500a	acute kidney failure	target
hsa-mir-500a	carcinoma, hepatocellular	target
hsa-mir-500a	carcinoma, hepatocellular	tissue
hsa-mir-500a	glioblastoma	target
hsa-mir-500a	heart failure	tissue
hsa-mir-500a	lupus vulgaris	circulation
hsa-mir-501	carcinoma, hepatocellular	genetics
hsa-mir-501	carcinoma, hepatocellular	target
hsa-mir-501	colorectal carcinoma	circulation
hsa-mir-501	glioma	target
hsa-mir-501	hepatitis b virus infection	target
hsa-mir-501	melanoma	circulation
hsa-mir-501	muscle atrophy	circulation
hsa-mir-503	acute lung injury	circulation
hsa-mir-503	adrenal cortex neoplasms	tissue
hsa-mir-503	atherosclerosis	target
hsa-mir-503	breast neoplasms	target
hsa-mir-503	breast neoplasms	tissue
hsa-mir-503	bronchopulmonary dysplasia	tissue
hsa-mir-503	carcinoma, breast	genetics
hsa-mir-503	carcinoma, breast	target
hsa-mir-503	carcinoma, breast	tissue
hsa-mir-503	carcinoma, hepatocellular	target
hsa-mir-503	carcinoma, hepatocellular	tissue
hsa-mir-503	colorectal carcinoma	target
hsa-mir-503	colorectal carcinoma	tissue
hsa-mir-503	coronary artery disease	circulation
hsa-mir-503	diabetes mellitus	circulation
hsa-mir-503	diabetes mellitus, type 2	circulation
hsa-mir-503	endometriosis	target
hsa-mir-503	endometriosis	tissue
hsa-mir-503	essential hypertension	genetics
hsa-mir-503	glioblastoma	target
hsa-mir-503	glioblastoma	tissue
hsa-mir-503	hypertension	target
hsa-mir-503	lung neoplasms	tissue
hsa-mir-503	nephrotic syndrome	target
hsa-mir-503	osteosarcoma	genetics
hsa-mir-503	osteosarcoma	target
hsa-mir-503	prostate neoplasms	target
hsa-mir-503	prostate neoplasms	tissue
hsa-mir-503	scleroderma, systemic	tissue
hsa-mir-503	urinary bladder cancer	epigenetics
hsa-mir-505	adenovirus infection	tissue
hsa-mir-505	breast neoplasms	circulation
hsa-mir-505	breast neoplasms	tissue
hsa-mir-505	carcinoma, endometrial	target
hsa-mir-505	carcinoma, hepatocellular	circulation
hsa-mir-505	carcinoma, hepatocellular	genetics
hsa-mir-505	carcinoma, hepatocellular	target
hsa-mir-505	cardiomyopathy, hypertrophic	circulation
hsa-mir-505	colorectal carcinoma	target
hsa-mir-505	hypertension	circulation
hsa-mir-505	inflammatory bowel diseases	circulation
hsa-mir-505	intrahepatic cholangiocarcinoma	circulation
hsa-mir-505	pancreatic neoplasms	circulation
hsa-mir-505	primary biliary cirrhosis	circulation
hsa-mir-505	synovial sarcoma	circulation
hsa-mir-506	breast neoplasms	genetics
hsa-mir-506	breast neoplasms	target
hsa-mir-506	carcinoma, hepatocellular	target
hsa-mir-506	carcinoma, nasopharyngeal	target
hsa-mir-506	colon neoplasms	target
hsa-mir-506	colorectal carcinoma	target
hsa-mir-506	glioblastoma	target
hsa-mir-506	glioma	target
hsa-mir-506	liver cirrhosis	target
hsa-mir-506	liver neoplasms	target
hsa-mir-506	lung neoplasms	target
hsa-mir-506	melanoma	circulation
hsa-mir-506	melanoma	tissue
hsa-mir-506	ovarian neoplasms	target
hsa-mir-506	pancreatic neoplasms	genetics
hsa-mir-506	retinoblastoma	target
hsa-mir-508	carcinoma, breast	target
hsa-mir-508	carcinoma, hepatocellular	tissue
hsa-mir-508	carcinoma, renal cell	circulation
hsa-mir-508	glioma	genetics
hsa-mir-508	melanoma	tissue
hsa-mir-509	carcinoma, hepatocellular	target
hsa-mir-509	carcinoma, renal cell	target
hsa-mir-509	colorectal carcinoma	genetics
hsa-mir-509	congenital heart diseases	circulation
hsa-mir-509	hearing disorders	tissue
hsa-mir-509	leukemia, myeloid, acute	circulation
hsa-mir-509	melanoma	circulation
hsa-mir-509	ovarian neoplasms	target
hsa-mir-509-3	asthenozoospermia	tissue
hsa-mir-509-3	carcinoma, renal cell	circulation
hsa-mir-509-3	endometriosis	tissue
hsa-mir-509-3	melanoma	circulation
hsa-mir-509-3	melanoma	tissue
hsa-mir-511	carcinoma, hepatocellular	target
hsa-mir-511	carcinoma, hepatocellular	tissue
hsa-mir-511	leukemia, myeloid, acute	target
hsa-mir-511	lung neoplasms	target
hsa-mir-511	lymphoma, large b-cell, diffuse	target
hsa-mir-511	lymphoma, t-cell	target
hsa-mir-513a-1	asthenozoospermia	tissue
hsa-mir-513a-1	breast neoplasms	target
hsa-mir-513a-1	liver cirrhosis	circulation
hsa-mir-513a-1	lung neoplasms	target
hsa-mir-513a-1	melanoma	tissue
hsa-mir-513a-1	retinoblastoma	tissue
hsa-mir-513a-2	asthenozoospermia	tissue
hsa-mir-513a-2	breast neoplasms	target
hsa-mir-513a-2	liver cirrhosis	circulation
hsa-mir-513a-2	lung neoplasms	target
hsa-mir-513a-2	melanoma	tissue
hsa-mir-513a-2	retinoblastoma	tissue
hsa-mir-513b	liver cirrhosis	circulation
hsa-mir-513b	melanoma	tissue
hsa-mir-513b	retinoblastoma	tissue
hsa-mir-513c	carcinoma, hepatocellular	target
hsa-mir-513c	liver cirrhosis	circulation
hsa-mir-513c	melanoma	tissue
hsa-mir-513c	retinoblastoma	tissue
hsa-mir-517a	carcinoma, hepatocellular	target
hsa-mir-517a	carcinoma, hepatocellular	tissue
hsa-mir-517a	lung neoplasms	target
hsa-mir-517a	melanoma	circulation
hsa-mir-517a	preeclampsia	tissue
hsa-mir-517a	prostate neoplasms	tissue
hsa-mir-517c	carcinoma, hepatocellular	target
hsa-mir-517c	carcinoma, hepatocellular	tissue
hsa-mir-517c	parathyroid carcinoma	tissue
hsa-mir-517c	preeclampsia	circulation
hsa-mir-517c	preeclampsia	tissue
hsa-mir-518b	carcinoma, hepatocellular	tissue
hsa-mir-518b	chondrosarcoma	tissue
hsa-mir-518b	esophageal neoplasms	tissue
hsa-mir-518b	gestational trophoblastic disease	tissue
hsa-mir-518b	glioblastoma	target
hsa-mir-518b	lupus vulgaris	circulation
hsa-mir-518b	lymphoma	tissue
hsa-mir-518e	carcinoma, hepatocellular	tissue
hsa-mir-518e	hypertension	tissue
hsa-mir-518e	melanoma	circulation
hsa-mir-518e	parkinson disease	circulation
hsa-mir-518e	preeclampsia	circulation
hsa-mir-519d	adenocarcinoma, lung	genetics
hsa-mir-519d	breast neoplasms	tissue
hsa-mir-519d	carcinoma, breast	target
hsa-mir-519d	carcinoma, hepatocellular	circulation
hsa-mir-519d	carcinoma, hepatocellular	epigenetics
hsa-mir-519d	carcinoma, hepatocellular	target
hsa-mir-519d	colorectal carcinoma	target
hsa-mir-519d	gout	genetics
hsa-mir-519d	osteosarcoma	tissue
hsa-mir-519d	preeclampsia	circulation
hsa-mir-519d	preeclampsia	target
hsa-mir-519d	spinal cord injuries	circulation
hsa-mir-520b	adenocarcinoma, lung	tissue
hsa-mir-520b	breast neoplasms	target
hsa-mir-520b	carcinoma, hepatocellular	target
hsa-mir-520b	endometriosis	genetics
hsa-mir-520b	gout	genetics
hsa-mir-520b	heart failure	tissue
hsa-mir-520b	lung neoplasms	target
hsa-mir-520b	pituitary adenoma	tissue
hsa-mir-520b	prostate neoplasms	target
hsa-mir-520c	breast neoplasms	target
hsa-mir-520c	carcinoma, breast	target
hsa-mir-520c	carcinoma, hepatocellular	tissue
hsa-mir-520c	endometriosis	genetics
hsa-mir-520c	fibrosarcoma	target
hsa-mir-520c	glioma	target
hsa-mir-520c	heart failure	tissue
hsa-mir-520c	hematologic neoplasms	epigenetics
hsa-mir-520c	lymphoma, large b-cell, diffuse	target
hsa-mir-520c	melanoma	circulation
hsa-mir-520c	metabolic syndrome	circulation
hsa-mir-520c	prostate neoplasms	tissue
hsa-mir-520d	azoospermia	tissue
hsa-mir-520d	breast neoplasms	target
hsa-mir-520d	carcinoma, hepatocellular	tissue
hsa-mir-520d	endometriosis	genetics
hsa-mir-520d	gout	genetics
hsa-mir-520d	heart failure	tissue
hsa-mir-520d	lymphoma, large b-cell, diffuse	circulation
hsa-mir-520d	periodontitis	tissue
hsa-mir-520d	tuberculosis, pulmonary	tissue
hsa-mir-520h	breast neoplasms	circulation
hsa-mir-520h	breast neoplasms	target
hsa-mir-520h	endometriosis	genetics
hsa-mir-520h	gestational trophoblastic disease	tissue
hsa-mir-520h	gout	genetics
hsa-mir-520h	heart failure	tissue
hsa-mir-520h	leukemia, lymphoblastic, acute	target
hsa-mir-520h	lung neoplasms	target
hsa-mir-520h	pancreatic neoplasms	tissue
hsa-mir-523	heart failure	tissue
hsa-mir-523	metabolic syndrome	circulation
hsa-mir-523	obesity	tissue
hsa-mir-523	pituitary adenoma	tissue
hsa-mir-523	squamous cell carcinoma, head and neck	tissue
hsa-mir-524	colon neoplasms	tissue
hsa-mir-524	glioblastoma	tissue
hsa-mir-524	glioma	target
hsa-mir-524	melanoma	target
hsa-mir-524	osteosarcoma	target
hsa-mir-524	stroke	circulation
hsa-mir-525	carcinoma, hepatocellular	tissue
hsa-mir-525	gestational trophoblastic disease	tissue
hsa-mir-525	heart failure	tissue
hsa-mir-525	liver neoplasms	target
hsa-mir-526a-1	breast neoplasms	circulation
hsa-mir-526a-1	carcinoma, hepatocellular	tissue
hsa-mir-526a-1	heart failure	tissue
hsa-mir-526a-2	breast neoplasms	circulation
hsa-mir-526a-2	carcinoma, hepatocellular	tissue
hsa-mir-526a-2	heart failure	tissue
hsa-mir-532	amyotrophic lateral sclerosis	tissue
hsa-mir-532	carcinoma, hepatocellular	tissue
hsa-mir-532	colorectal carcinoma	circulation
hsa-mir-532	crohn disease	circulation
hsa-mir-532	diabetes mellitus	circulation
hsa-mir-532	hiv-associated lipodystrophy	tissue
hsa-mir-532	melanoma	target
hsa-mir-532	obesity	circulation
hsa-mir-532	ovarian neoplasms	target
hsa-mir-532	ovarian neoplasms	tissue
hsa-mir-539	azoospermia	circulation
hsa-mir-539	carcinoma, hepatocellular	target
hsa-mir-539	endocrine gland neoplasms	tissue
hsa-mir-539	glioblastoma	tissue
hsa-mir-539	heart failure	target
hsa-mir-539	lymphoma	tissue
hsa-mir-539	medulloblastoma	tissue
hsa-mir-539	osteosarcoma	target
hsa-mir-539	thyroid neoplasms	target
hsa-mir-542	astrocytoma	target
hsa-mir-542	breast neoplasms	tissue
hsa-mir-542	carcinoma, basal cell	tissue
hsa-mir-542	carcinoma, breast	target
hsa-mir-542	carcinoma, endometrial	tissue
hsa-mir-542	carcinoma, hepatocellular	target
hsa-mir-542	carcinoma, hepatocellular	tissue
hsa-mir-542	colorectal carcinoma	genetics
hsa-mir-542	colorectal carcinoma	tissue
hsa-mir-542	glioma	target
hsa-mir-542	leukemia, myeloid, acute	circulation
hsa-mir-542	lung neoplasms	target
hsa-mir-542	melanoma	genetics
hsa-mir-542	neuroblastoma	target
hsa-mir-542	osteosarcoma	target
hsa-mir-542	osteosarcoma	tissue
hsa-mir-542	ovarian neoplasms	tissue
hsa-mir-542	prostate neoplasms	tissue
hsa-mir-542	thymoma	tissue
hsa-mir-542	waldenstrom macroglobulinemia	circulation
hsa-mir-545	colon neoplasms	tissue
hsa-mir-545	coronary artery disease	target
hsa-mir-545	lung neoplasms	target
hsa-mir-550a-1	carcinoma, hepatocellular	target
hsa-mir-550a-1	lymphoma	tissue
hsa-mir-550a-1	melanoma	circulation
hsa-mir-550a-1	prolactinoma	tissue
hsa-mir-550a-1	tuberculosis, pulmonary	tissue
hsa-mir-550a-2	carcinoma, hepatocellular	target
hsa-mir-550a-2	lymphoma	tissue
hsa-mir-550a-2	melanoma	circulation
hsa-mir-550a-2	prolactinoma	tissue
hsa-mir-550a-2	tuberculosis, pulmonary	tissue
hsa-mir-572	carcinoma, basal cell	tissue
hsa-mir-572	diabetes mellitus, type 2	circulation
hsa-mir-572	diabetic nephropathy	target
hsa-mir-572	lymphoma, t-cell	target
hsa-mir-572	multiple sclerosis	circulation
hsa-mir-572	prostate neoplasms	tissue
hsa-mir-574	atrial fibrillation	tissue
hsa-mir-574	breast neoplasms	circulation
hsa-mir-574	carcinoma, breast	tissue
hsa-mir-574	carcinoma, hepatocellular	tissue
hsa-mir-574	colorectal carcinoma	target
hsa-mir-574	coronary artery disease	circulation
hsa-mir-574	endometriosis	tissue
hsa-mir-574	esophageal neoplasms	tissue
hsa-mir-574	lung neoplasms	target
hsa-mir-574	melanoma	tissue
hsa-mir-574	obesity	target
hsa-mir-574	osteosarcoma	target
hsa-mir-574	preeclampsia	circulation
hsa-mir-574	prostate neoplasms	tissue
hsa-mir-574	sepsis	circulation
hsa-mir-575	alopecia	target
hsa-mir-575	atherosclerosis	target
hsa-mir-575	breast neoplasms	target
hsa-mir-575	carcinoma, hepatocellular	target
hsa-mir-575	kawasaki syndrome	circulation
hsa-mir-575	leukemia	circulation
hsa-mir-575	lupus vulgaris	circulation
hsa-mir-575	obesity	tissue
hsa-mir-583	hepatitis b virus infection	circulation
hsa-mir-583	lupus vulgaris	circulation
hsa-mir-583	stroke	circulation
hsa-mir-584	amyotrophic lateral sclerosis	tissue
hsa-mir-584	carcinoma, thyroid	target
hsa-mir-584	colon neoplasms	tissue
hsa-mir-584	colorectal carcinoma	tissue
hsa-mir-584	endocrine gland neoplasms	tissue
hsa-mir-584	glioma	target
hsa-mir-584	glioma	tissue
hsa-mir-584	hypertension	genetics
hsa-mir-584	inflammation	tissue
hsa-mir-584	melanoma	circulation
hsa-mir-590	adenocarcinoma, lung	target
hsa-mir-590	asthma	target
hsa-mir-590	atherosclerosis	target
hsa-mir-590	atrial fibrillation	tissue
hsa-mir-590	breast neoplasms	target
hsa-mir-590	breast neoplasms	tissue
hsa-mir-590	carcinoma, breast	target
hsa-mir-590	carcinoma, hepatocellular	target
hsa-mir-590	cardiomyopathy	target
hsa-mir-590	colorectal carcinoma	target
hsa-mir-590	crohn disease	target
hsa-mir-590	diabetes mellitus, type 2	target
hsa-mir-590	glioblastoma	target
hsa-mir-590	glioma	circulation
hsa-mir-590	kidney neoplasms	target
hsa-mir-590	osteosarcoma	target
hsa-mir-592	carcinoma, breast	tissue
hsa-mir-592	carcinoma, hepatocellular	target
hsa-mir-592	carcinoma, hepatocellular	tissue
hsa-mir-592	colorectal carcinoma	genetics
hsa-mir-592	eosinophilic esophagitis	circulation
hsa-mir-592	glioma	target
hsa-mir-592	irritable bowel syndrome	tissue
hsa-mir-592	polycystic ovarian syndrome	tissue
hsa-mir-593	carcinoma, breast	target
hsa-mir-593	esophageal neoplasms	target
hsa-mir-593	melanoma	circulation
hsa-mir-595	carcinoma, hepatocellular	circulation
hsa-mir-595	endocrine gland neoplasms	tissue
hsa-mir-595	inflammatory bowel diseases	target
hsa-mir-595	leukemia, lymphoblastic, acute	target
hsa-mir-595	neuroblastoma	target
hsa-mir-598	ewing sarcoma	tissue
hsa-mir-598	glioblastoma	target
hsa-mir-598	pituitary adenoma	tissue
hsa-mir-601	carcinoma, embryonal	target
hsa-mir-601	cardiomyopathy	target
hsa-mir-601	colorectal carcinoma	tissue
hsa-mir-601	lupus vulgaris	circulation
hsa-mir-601	prostate neoplasms	target
hsa-mir-602	alopecia	target
hsa-mir-602	carcinoma, hepatocellular	target
hsa-mir-602	hepatitis b virus infection	target
hsa-mir-602	lupus vulgaris	circulation
hsa-mir-608	adenocarcinoma, lung	target
hsa-mir-608	breast neoplasms	genetics
hsa-mir-608	carcinoma, hepatocellular	genetics
hsa-mir-608	carcinoma, hepatocellular	target
hsa-mir-608	carcinoma, hepatocellular	tissue
hsa-mir-608	carcinoma, nasopharyngeal	genetics
hsa-mir-608	chordoma	target
hsa-mir-608	colorectal carcinoma	genetics
hsa-mir-608	hypertension	target
hsa-mir-608	lung neoplasms	genetics
hsa-mir-608	lupus vulgaris	circulation
hsa-mir-608	metabolic syndrome	target
hsa-mir-608	rectal neoplasms	genetics
hsa-mir-615	carcinoma, hepatocellular	epigenetics
hsa-mir-615	carcinoma, hepatocellular	genetics
hsa-mir-615	carcinoma, hepatocellular	target
hsa-mir-615	colon neoplasms	tissue
hsa-mir-615	lupus vulgaris	circulation
hsa-mir-622	carcinoma, hepatocellular	target
hsa-mir-622	colon neoplasms	tissue
hsa-mir-622	colorectal carcinoma	genetics
hsa-mir-622	colorectal carcinoma	target
hsa-mir-622	glioma	target
hsa-mir-622	lupus vulgaris	circulation
hsa-mir-622	ovarian neoplasms	tissue
hsa-mir-622	rectal neoplasms	tissue
hsa-mir-625	breast neoplasms	circulation
hsa-mir-625	breast neoplasms	target
hsa-mir-625	carcinoma, hepatocellular	target
hsa-mir-625	carcinoma, hepatocellular	tissue
hsa-mir-625	carcinoma, renal cell	circulation
hsa-mir-625	colorectal carcinoma	target
hsa-mir-625	colorectal carcinoma	tissue
hsa-mir-625	endometrial neoplasms	tissue
hsa-mir-625	friedreich ataxia	circulation
hsa-mir-625	leukemia, myeloid, acute	target
hsa-mir-625	melanoma	circulation
hsa-mir-625	mesothelioma	circulation
hsa-mir-625	metabolic syndrome	circulation
hsa-mir-625	multiple myeloma	circulation
hsa-mir-625	muscular dystrophy, facioscapulohumeral	tissue
hsa-mir-625	ovarian neoplasms	tissue
hsa-mir-625	pancreatic neoplasms	tissue
hsa-mir-625	thyroid neoplasms	target
hsa-mir-628	carcinoma, breast	target
hsa-mir-628	colorectal carcinoma	circulation
hsa-mir-628	hiv-associated lipodystrophy	tissue
hsa-mir-628	pancreatic neoplasms	circulation
hsa-mir-628	prostate neoplasms	circulation
hsa-mir-629	breast neoplasms	target
hsa-mir-629	breast neoplasms	tissue
hsa-mir-629	carcinoma, hepatocellular	tissue
hsa-mir-629	carcinoma, renal cell	circulation
hsa-mir-629	carcinoma, renal cell	target
hsa-mir-629	colon neoplasms	tissue
hsa-mir-629	inflammatory bowel diseases	tissue
hsa-mir-629	liver neoplasms	target
hsa-mir-629	liver neoplasms	tissue
hsa-mir-629	lung neoplasms	genetics
hsa-mir-629	lung neoplasms	tissue
hsa-mir-629	lupus vulgaris	circulation
hsa-mir-629	lymphoma	tissue
hsa-mir-629	multiple sclerosis	target
hsa-mir-629	ovarian neoplasms	target
hsa-mir-629	ovarian neoplasms	tissue
hsa-mir-629	prostate neoplasms	tissue
hsa-mir-629	testicular neoplasms	tissue
hsa-mir-637	glioma	target
hsa-mir-637	hirschsprung disease	target
hsa-mir-637	hypertension	genetics
hsa-mir-637	lupus vulgaris	circulation
hsa-mir-637	melanoma	target
hsa-mir-638	amyotrophic lateral sclerosis	circulation
hsa-mir-638	asthma	target
hsa-mir-638	atherosclerosis	circulation
hsa-mir-638	breast neoplasms	target
hsa-mir-638	breast neoplasms	tissue
hsa-mir-638	carcinoma, basal cell	tissue
hsa-mir-638	carcinoma, hepatocellular	circulation
hsa-mir-638	carcinoma, hepatocellular	target
hsa-mir-638	colorectal carcinoma	target
hsa-mir-638	diabetic nephropathy	target
hsa-mir-638	glioma	target
hsa-mir-638	hirschsprung disease	circulation
hsa-mir-638	leukemia	circulation
hsa-mir-638	leukemia	target
hsa-mir-638	lung neoplasms	target
hsa-mir-638	lung neoplasms	tissue
hsa-mir-638	lupus nephritis	circulation
hsa-mir-638	lupus nephritis	tissue
hsa-mir-638	lupus vulgaris	circulation
hsa-mir-638	melanoma	target
hsa-mir-639	carcinoma, thyroid	target
hsa-mir-639	cardiomyopathy, dilated	circulation
hsa-mir-639	thymoma	tissue
hsa-mir-639	tongue neoplasms	target
hsa-mir-645	carcinoma, hepatocellular	target
hsa-mir-645	osteosarcoma	target
hsa-mir-645	rectal neoplasms	tissue
hsa-mir-646	carcinoma, hepatocellular	genetics
hsa-mir-646	carcinoma, renal cell	target
hsa-mir-646	cardiomyopathy, dilated	circulation
hsa-mir-646	colorectal carcinoma	genetics
hsa-mir-646	colorectal carcinoma	target
hsa-mir-646	melanoma	circulation
hsa-mir-646	osteosarcoma	target
hsa-mir-652	acute coronary syndrome	circulation
hsa-mir-652	breast neoplasms	circulation
hsa-mir-652	breast neoplasms	target
hsa-mir-652	colorectal carcinoma	circulation
hsa-mir-652	colorectal carcinoma	tissue
hsa-mir-652	intrahepatic cholangiocarcinoma	tissue
hsa-mir-652	leukemia, lymphoblastic, acute	circulation
hsa-mir-652	liver cirrhosis	circulation
hsa-mir-652	lung neoplasms	tissue
hsa-mir-652	obesity	circulation
hsa-mir-652	osteosarcoma	tissue
hsa-mir-652	pancreatic neoplasms	target
hsa-mir-652	prostate neoplasms	target
hsa-mir-657	carcinoma, hepatocellular	target
hsa-mir-657	diabetes mellitus	target
hsa-mir-657	laryngeal neoplasms	tissue
hsa-mir-657	lupus vulgaris	circulation
hsa-mir-660	graves disease	target
hsa-mir-660	leukemia	circulation
hsa-mir-660	leukemia, lymphocytic, chronic, b-cell	circulation
hsa-mir-660	lung neoplasms	target
hsa-mir-660	multiple myeloma	circulation
hsa-mir-660	myocardial infarction	circulation
hsa-mir-660	neuroendocrine tumors	tissue
hsa-mir-663	adenocarcinoma, colon	tissue
hsa-mir-663	atherosclerosis	tissue
hsa-mir-663	focal segmental glomerulosclerosis	circulation
hsa-mir-663	glioblastoma	target
hsa-mir-663	hepatitis b virus infection	circulation
hsa-mir-663	leukemia	circulation
hsa-mir-663	leukemia	genetics
hsa-mir-663	leukemia, myeloid, acute	epigenetics
hsa-mir-663	lung neoplasms	tissue
hsa-mir-663	melanoma	tissue
hsa-mir-663	ovarian neoplasms	tissue
hsa-mir-663	pancreatic neoplasms	target
hsa-mir-663a	breast neoplasms	tissue
hsa-mir-663a	burns	tissue
hsa-mir-663a	carcinoma, hepatocellular	genetics
hsa-mir-663a	chordoma	tissue
hsa-mir-663a	leukemia	circulation
hsa-mir-663a	leukemia, myeloid, acute	circulation
hsa-mir-663a	lupus nephritis	circulation
hsa-mir-663a	lupus vulgaris	circulation
hsa-mir-663a	nasopharyngeal neoplasms	target
hsa-mir-663a	rectal neoplasms	tissue
hsa-mir-665	carcinoma, hepatocellular	target
hsa-mir-665	diabetes mellitus, type 2	circulation
hsa-mir-665	intervertebral disc degeneration	target
hsa-mir-665	ovarian neoplasms	target
hsa-mir-665	pterygium	tissue
hsa-mir-671	carcinoma, breast	tissue
hsa-mir-671	carcinoma, hepatocellular	target
hsa-mir-671	carcinoma, hepatocellular	tissue
hsa-mir-671	epithelioid sarcoma	target
hsa-mir-671	glioma	target
hsa-mir-671	kawasaki syndrome	circulation
hsa-mir-671	lung neoplasms	tissue
hsa-mir-671	myelodysplastic syndromes	circulation
hsa-mir-671	prolactinoma	tissue
hsa-mir-671	rectal neoplasms	tissue
hsa-mir-671	soft tissue sarcoma	tissue
hsa-mir-671	visceral leishmaniasis	target
hsa-mir-7	adenocarcinoma, lung	tissue
hsa-mir-7	adrenal cortex neoplasms	genetics
hsa-mir-7	borna disease	tissue
hsa-mir-7	brain neoplasms	target
hsa-mir-7	breast neoplasms	genetics
hsa-mir-7	breast neoplasms	target
hsa-mir-7	carcinoma, breast	target
hsa-mir-7	carcinoma, hepatocellular	genetics
hsa-mir-7	carcinoma, hepatocellular	target
hsa-mir-7	carcinoma, renal cell	circulation
hsa-mir-7	colorectal carcinoma	target
hsa-mir-7	colorectal carcinoma	tissue
hsa-mir-7	diabetes mellitus	tissue
hsa-mir-7	endocrine gland neoplasms	tissue
hsa-mir-7	glioblastoma	tissue
hsa-mir-7	glioma	circulation
hsa-mir-7	glioma	target
hsa-mir-7	glioma	tissue
hsa-mir-7	intervertebral disc degeneration	target
hsa-mir-7	liver neoplasms	genetics
hsa-mir-7	lung neoplasms	genetics
hsa-mir-7	lung neoplasms	target
hsa-mir-7	melanoma	target
hsa-mir-7	myasthenia gravis	tissue
hsa-mir-7	ovarian neoplasms	target
hsa-mir-7	pancreatic neoplasms	circulation
hsa-mir-7	pancreatic neoplasms	tissue
hsa-mir-7	parkinson disease	circulation
hsa-mir-7	parkinson disease	genetics
hsa-mir-7	parkinson disease	target
hsa-mir-7	prostate neoplasms	circulation
hsa-mir-7	prostate neoplasms	target
hsa-mir-7	thyroid neoplasms	tissue
hsa-mir-7-1	adenovirus infection	tissue
hsa-mir-7-1	azoospermia	tissue
hsa-mir-7-1	breast neoplasms	epigenetics
hsa-mir-7-1	breast neoplasms	target
hsa-mir-7-1	carcinoma, adrenocortical	tissue
hsa-mir-7-1	carcinoma, hepatocellular	target
hsa-mir-7-1	carcinoma, renal cell	circulation
hsa-mir-7-1	colorectal carcinoma	target
hsa-mir-7-1	eosinophilic esophagitis	circulation
hsa-mir-7-1	gastrointestinal neoplasms	tissue
hsa-mir-7-1	glioblastoma	genetics
hsa-mir-7-1	glioblastoma	target
hsa-mir-7-1	glioblastoma	tissue
hsa-mir-7-1	glioma	target
hsa-mir-7-1	lung neoplasms	target
hsa-mir-7-1	melanoma	target
hsa-mir-7-1	mesothelioma	tissue
hsa-mir-7-1	neurilemmoma	tissue
hsa-mir-7-1	neuroblastoma	tissue
hsa-mir-7-1	neurofibromatosis type 2	target
hsa-mir-7-1	parkinson disease	target
hsa-mir-7-1	thyroid neoplasms	tissue
hsa-mir-7-1	urinary bladder cancer	genetics
hsa-mir-7-1	urinary bladder cancer	target
hsa-mir-7-2	adenovirus infection	tissue
hsa-mir-7-2	atherosclerosis	circulation
hsa-mir-7-2	azoospermia	tissue
hsa-mir-7-2	breast neoplasms	epigenetics
hsa-mir-7-2	breast neoplasms	target
hsa-mir-7-2	carcinoma, adrenocortical	tissue
hsa-mir-7-2	carcinoma, hepatocellular	target
hsa-mir-7-2	colorectal carcinoma	target
hsa-mir-7-2	eosinophilic esophagitis	circulation
hsa-mir-7-2	gastrointestinal neoplasms	tissue
hsa-mir-7-2	glioblastoma	target
hsa-mir-7-2	glioblastoma	tissue
hsa-mir-7-2	glioma	target
hsa-mir-7-2	lung neoplasms	target
hsa-mir-7-2	melanoma	target
hsa-mir-7-2	mesothelioma	tissue
hsa-mir-7-2	neurilemmoma	tissue
hsa-mir-7-2	neurofibromatosis type 2	target
hsa-mir-7-2	parkinson disease	target
hsa-mir-7-2	thyroid neoplasms	tissue
hsa-mir-7-2	urinary bladder cancer	genetics
hsa-mir-7-2	urinary bladder cancer	target
hsa-mir-7-3	adenovirus infection	tissue
hsa-mir-7-3	azoospermia	tissue
hsa-mir-7-3	breast neoplasms	epigenetics
hsa-mir-7-3	breast neoplasms	target
hsa-mir-7-3	carcinoma, adrenocortical	tissue
hsa-mir-7-3	carcinoma, hepatocellular	target
hsa-mir-7-3	colorectal carcinoma	target
hsa-mir-7-3	eosinophilic esophagitis	circulation
hsa-mir-7-3	gastrointestinal neoplasms	tissue
hsa-mir-7-3	glioblastoma	target
hsa-mir-7-3	glioblastoma	tissue
hsa-mir-7-3	glioma	target
hsa-mir-7-3	lung neoplasms	target
hsa-mir-7-3	melanoma	target
hsa-mir-7-3	mesothelioma	tissue
hsa-mir-7-3	neurilemmoma	tissue
hsa-mir-7-3	neurofibromatosis type 2	target
hsa-mir-7-3	parkinson disease	target
hsa-mir-7-3	thyroid neoplasms	tissue
hsa-mir-7-3	urinary bladder cancer	genetics
hsa-mir-7-3	urinary bladder cancer	target
hsa-mir-708	asthma	target
hsa-mir-708	breast neoplasms	circulation
hsa-mir-708	carcinoma, hepatocellular	tissue
hsa-mir-708	cardiomyopathy, hypertrophic	tissue
hsa-mir-708	colorectal carcinoma	tissue
hsa-mir-708	endometriosis	tissue
hsa-mir-708	ewing sarcoma	target
hsa-mir-708	hematologic neoplasms	genetics
hsa-mir-708	inflammation	target
hsa-mir-708	laryngeal neoplasms	tissue
hsa-mir-708	leukemia, lymphoblastic, acute	target
hsa-mir-708	lymphoma	tissue
hsa-mir-708	ovarian neoplasms	target
hsa-mir-708	pancreatic neoplasms	tissue
hsa-mir-708	prostate neoplasms	circulation
hsa-mir-708	urinary bladder cancer	tissue
hsa-mir-718	breast neoplasms	circulation
hsa-mir-718	carcinoma, hepatocellular	circulation
hsa-mir-718	carcinoma, hepatocellular	target
hsa-mir-718	sepsis	target
hsa-mir-720	asthma	circulation
hsa-mir-720	breast neoplasms	target
hsa-mir-720	carcinoma, breast	tissue
hsa-mir-720	carcinoma, hepatocellular	tissue
hsa-mir-720	colorectal carcinoma	circulation
hsa-mir-720	colorectal carcinoma	tissue
hsa-mir-720	coronary artery disease	target
hsa-mir-720	endometriosis	tissue
hsa-mir-720	esophageal neoplasms	target
hsa-mir-720	hepatitis b virus infection	circulation
hsa-mir-720	leukemia, myeloid, acute	epigenetics
hsa-mir-720	melanoma	tissue
hsa-mir-720	myelodysplastic syndromes	circulation
hsa-mir-720	periodontitis	tissue
hsa-mir-720	rectal neoplasms	tissue
hsa-mir-744	adenovirus infection	tissue
hsa-mir-744	carcinoma, breast	tissue
hsa-mir-744	carcinoma, hepatocellular	tissue
hsa-mir-744	cervical neoplasms	genetics
hsa-mir-744	glioblastoma	target
hsa-mir-744	head and neck neoplasms	tissue
hsa-mir-744	inflammation	target
hsa-mir-744	ovarian neoplasms	target
hsa-mir-744	pancreatic neoplasms	circulation
hsa-mir-744	pancreatic neoplasms	target
hsa-mir-758	atherosclerosis	target
hsa-mir-758	glioblastoma	target
hsa-mir-758	hellp syndrome	circulation
hsa-mir-765	breast neoplasms	target
hsa-mir-765	carcinoma, hepatocellular	tissue
hsa-mir-765	coronary artery disease	circulation
hsa-mir-765	rectal neoplasms	tissue
hsa-mir-765	soft tissue sarcoma	tissue
hsa-mir-766	adenocarcinoma, lung	tissue
hsa-mir-766	carcinoma, hepatocellular	target
hsa-mir-766	colon neoplasms	tissue
hsa-mir-766	diabetes mellitus, type 2	circulation
hsa-mir-766	inflammation	tissue
hsa-mir-766	melanoma	tissue
hsa-mir-873	breast neoplasms	target
hsa-mir-873	endometriosis	tissue
hsa-mir-873	esophageal neoplasms	target
hsa-mir-873	glioblastoma	target
hsa-mir-873	glioblastoma	tissue
hsa-mir-873	glioma	target
hsa-mir-873	hearing disorders	tissue
hsa-mir-873	liver cirrhosis	epigenetics
hsa-mir-873	lung neoplasms	target
hsa-mir-873	ovarian neoplasms	target
hsa-mir-874	asthma	tissue
hsa-mir-874	breast neoplasms	circulation
hsa-mir-874	breast neoplasms	target
hsa-mir-874	colorectal carcinoma	genetics
hsa-mir-874	colorectal carcinoma	target
hsa-mir-874	diabetic nephropathy	target
hsa-mir-874	hiv-associated lipodystrophy	tissue
hsa-mir-874	intrahepatic cholangiocarcinoma	circulation
hsa-mir-874	multiple sclerosis	target
hsa-mir-874	osteoporosis	target
hsa-mir-874	ovarian neoplasms	target
hsa-mir-874	sepsis	target
hsa-mir-874	squamous cell carcinoma, head and neck	target
hsa-mir-885	carcinoma, hepatocellular	circulation
hsa-mir-885	colorectal carcinoma	circulation
hsa-mir-885	glioblastoma	tissue
hsa-mir-885	head and neck neoplasms	genetics
hsa-mir-885	hepatoblastoma	tissue
hsa-mir-885	hirschsprung disease	circulation
hsa-mir-885	myasthenia gravis	circulation
hsa-mir-885	neuroblastoma	target
hsa-mir-885	pancreatic neoplasms	circulation
hsa-mir-885	preeclampsia	circulation
hsa-mir-885	prostate neoplasms	tissue
hsa-mir-885	squamous cell carcinoma, head and neck	target
hsa-mir-886	asthma	tissue
hsa-mir-886	breast neoplasms	target
hsa-mir-886	carcinoma, breast	tissue
hsa-mir-886	colon neoplasms	tissue
hsa-mir-886	colorectal carcinoma	circulation
hsa-mir-886	lung neoplasms	tissue
hsa-mir-886	lymphoma, t-cell	target
hsa-mir-886	ovarian neoplasms	tissue
hsa-mir-9	adenocarcinoma, lung	target
hsa-mir-9	amyotrophic lateral sclerosis	circulation
hsa-mir-9	angiomyolipoma	target
hsa-mir-9	asthma	target
hsa-mir-9	atherosclerosis	target
hsa-mir-9	breast neoplasms	target
hsa-mir-9	breast neoplasms	tissue
hsa-mir-9	carcinoma, breast	epigenetics
hsa-mir-9	carcinoma, breast	genetics
hsa-mir-9	carcinoma, breast	target
hsa-mir-9	carcinoma, hepatocellular	target
hsa-mir-9	carcinoma, hepatocellular	tissue
hsa-mir-9	carcinoma, nasopharyngeal	circulation
hsa-mir-9	carcinoma, nasopharyngeal	target
hsa-mir-9	cardiomyopathy	tissue
hsa-mir-9	cervical neoplasms	circulation
hsa-mir-9	cervical neoplasms	tissue
hsa-mir-9	colorectal carcinoma	epigenetics
hsa-mir-9	diabetes mellitus	target
hsa-mir-9	diabetes mellitus, type 2	circulation
hsa-mir-9	diabetic cardiomyopathies	target
hsa-mir-9	endocrine gland neoplasms	tissue
hsa-mir-9	gastrointestinal neoplasms	tissue
hsa-mir-9	glioblastoma	genetics
hsa-mir-9	glioblastoma	target
hsa-mir-9	glioblastoma	tissue
hsa-mir-9	glioma	circulation
hsa-mir-9	glioma	target
hsa-mir-9	glioma	tissue
hsa-mir-9	hemangioma	target
hsa-mir-9	inflammation	genetics
hsa-mir-9	inflammation	target
hsa-mir-9	influenza	genetics
hsa-mir-9	leukemia	genetics
hsa-mir-9	leukemia, lymphocytic, chronic, b-cell	epigenetics
hsa-mir-9	liver cirrhosis	target
hsa-mir-9	lung neoplasms	target
hsa-mir-9	lung neoplasms	tissue
hsa-mir-9	medulloblastoma	epigenetics
hsa-mir-9	medulloblastoma	tissue
hsa-mir-9	melanoma	circulation
hsa-mir-9	melanoma	target
hsa-mir-9	metabolic syndrome	target
hsa-mir-9	multiple sclerosis	target
hsa-mir-9	osteoarthritis	target
hsa-mir-9	osteoarthritis	tissue
hsa-mir-9	osteosarcoma	genetics
hsa-mir-9	osteosarcoma	target
hsa-mir-9	osteosarcoma	tissue
hsa-mir-9	ovarian neoplasms	target
hsa-mir-9	ovarian neoplasms	tissue
hsa-mir-9	pancreatic neoplasms	tissue
hsa-mir-9	parkinson disease	circulation
hsa-mir-9	parkinson disease	target
hsa-mir-9	parkinson disease	tissue
hsa-mir-9	polycystic ovarian syndrome	tissue
hsa-mir-9	prostate neoplasms	genetics
hsa-mir-9	spinal cord injuries	genetics
hsa-mir-9	stroke	circulation
hsa-mir-9	stroke, ischemic	tissue
hsa-mir-9	thyroid neoplasms	tissue
hsa-mir-9	waldenstrom macroglobulinemia	tissue
hsa-mir-9-1	biliary tract neoplasms	tissue
hsa-mir-9-1	brain neoplasms	tissue
hsa-mir-9-1	breast neoplasms	circulation
hsa-mir-9-1	breast neoplasms	epigenetics
hsa-mir-9-1	breast neoplasms	genetics
hsa-mir-9-1	breast neoplasms	target
hsa-mir-9-1	breast neoplasms	tissue
hsa-mir-9-1	carcinoma, renal cell	epigenetics
hsa-mir-9-1	colon neoplasms	target
hsa-mir-9-1	colorectal carcinoma	tissue
hsa-mir-9-1	endometrial neoplasms	tissue
hsa-mir-9-1	glioblastoma	target
hsa-mir-9-1	glioma	target
hsa-mir-9-1	lung neoplasms	target
hsa-mir-9-1	lung neoplasms	tissue
hsa-mir-9-1	lymphoma, b-cell	tissue
hsa-mir-9-1	melanoma	genetics
hsa-mir-9-1	melanoma	tissue
hsa-mir-9-1	multiple myeloma	epigenetics
hsa-mir-9-1	nasopharyngeal neoplasms	target
hsa-mir-9-1	neuroblastoma	target
hsa-mir-9-1	neuroblastoma	tissue
hsa-mir-9-1	ovarian neoplasms	epigenetics
hsa-mir-9-1	ovarian neoplasms	genetics
hsa-mir-9-1	squamous cell carcinoma, head and neck	target
hsa-mir-9-1	urinary bladder cancer	epigenetics
hsa-mir-9-1	urinary bladder cancer	tissue
hsa-mir-9-1	waldenstrom macroglobulinemia	circulation
hsa-mir-9-1	waldenstrom macroglobulinemia	epigenetics
hsa-mir-9-2	biliary tract neoplasms	tissue
hsa-mir-9-2	brain neoplasms	tissue
hsa-mir-9-2	breast neoplasms	circulation
hsa-mir-9-2	breast neoplasms	target
hsa-mir-9-2	breast neoplasms	tissue
hsa-mir-9-2	colon neoplasms	target
hsa-mir-9-2	colorectal carcinoma	tissue
hsa-mir-9-2	endometrial neoplasms	tissue
hsa-mir-9-2	glioblastoma	target
hsa-mir-9-2	glioma	target
hsa-mir-9-2	lung neoplasms	target
hsa-mir-9-2	lung neoplasms	tissue
hsa-mir-9-2	lymphoma, b-cell	tissue
hsa-mir-9-2	nasopharyngeal neoplasms	target
hsa-mir-9-2	neuroblastoma	target
hsa-mir-9-2	neuroblastoma	tissue
hsa-mir-9-2	squamous cell carcinoma, head and neck	target
hsa-mir-9-2	urinary bladder cancer	epigenetics
hsa-mir-9-2	urinary bladder cancer	tissue
hsa-mir-9-2	waldenstrom macroglobulinemia	circulation
hsa-mir-9-2	waldenstrom macroglobulinemia	epigenetics
hsa-mir-9-3	biliary tract neoplasms	tissue
hsa-mir-9-3	brain neoplasms	tissue
hsa-mir-9-3	breast neoplasms	circulation
hsa-mir-9-3	breast neoplasms	target
hsa-mir-9-3	breast neoplasms	tissue
hsa-mir-9-3	carcinoma, renal cell	epigenetics
hsa-mir-9-3	colon neoplasms	target
hsa-mir-9-3	colorectal carcinoma	tissue
hsa-mir-9-3	endometrial neoplasms	tissue
hsa-mir-9-3	glioblastoma	target
hsa-mir-9-3	lung neoplasms	target
hsa-mir-9-3	lung neoplasms	tissue
hsa-mir-9-3	lymphoma, b-cell	tissue
hsa-mir-9-3	multiple myeloma	epigenetics
hsa-mir-9-3	neuroblastoma	target
hsa-mir-9-3	neuroblastoma	tissue
hsa-mir-9-3	urinary bladder cancer	epigenetics
hsa-mir-9-3	urinary bladder cancer	tissue
hsa-mir-9-3	waldenstrom macroglobulinemia	circulation
hsa-mir-92	breast neoplasms	circulation
hsa-mir-92	breast neoplasms	target
hsa-mir-92	carcinoma, hepatocellular	circulation
hsa-mir-92	carcinoma, hepatocellular	tissue
hsa-mir-92	leukemia	tissue
hsa-mir-92	leukemia, lymphocytic, chronic, b-cell	circulation
hsa-mir-92	lymphoma, b-cell	target
hsa-mir-92-1	atrial fibrillation	genetics
hsa-mir-92-1	breast neoplasms	genetics
hsa-mir-92-1	bronchopulmonary dysplasia	epigenetics
hsa-mir-92-1	carcinoma, breast	circulation
hsa-mir-92-1	carcinoma, hepatocellular	target
hsa-mir-92-1	cholangiocarcinoma	target
hsa-mir-92-1	colon neoplasms	tissue
hsa-mir-92-1	colorectal carcinoma	circulation
hsa-mir-92-1	colorectal carcinoma	target
hsa-mir-92-1	colorectal carcinoma	tissue
hsa-mir-92-1	gastrointestinal neoplasms	tissue
hsa-mir-92-1	gastrointestinal stromal tumor	target
hsa-mir-92-1	inflammation	tissue
hsa-mir-92-1	leukemia	target
hsa-mir-92-1	leukemia, lymphoblastic, acute	circulation
hsa-mir-92-1	leukemia, lymphocytic, chronic, b-cell	target
hsa-mir-92-1	leukemia, myeloid, acute	epigenetics
hsa-mir-92-1	lymphoma	target
hsa-mir-92-1	lymphoma, b-cell	target
hsa-mir-92-1	lymphoma, large b-cell, diffuse	circulation
hsa-mir-92-1	lymphoma, large b-cell, diffuse	target
hsa-mir-92-1	multiple myeloma	target
hsa-mir-92-1	neuroblastoma	target
hsa-mir-92-1	osteosarcoma	genetics
hsa-mir-92-1	prostate neoplasms	tissue
hsa-mir-92-1	rectal neoplasms	target
hsa-mir-92-1	retinoblastoma	tissue
hsa-mir-92-1	stroke	tissue
hsa-mir-92a	acute coronary syndrome	circulation
hsa-mir-92a	asthma	target
hsa-mir-92a	atherosclerosis	tissue
hsa-mir-92a	breast neoplasms	genetics
hsa-mir-92a	breast neoplasms	tissue
hsa-mir-92a	carcinoma, hepatocellular	target
hsa-mir-92a	carcinoma, nasopharyngeal	genetics
hsa-mir-92a	colon neoplasms	tissue
hsa-mir-92a	colorectal carcinoma	circulation
hsa-mir-92a	colorectal carcinoma	target
hsa-mir-92a	colorectal carcinoma	tissue
hsa-mir-92a	coronary artery disease	circulation
hsa-mir-92a	coronary artery disease	target
hsa-mir-92a	diabetes mellitus	target
hsa-mir-92a	diabetes mellitus, type 2	circulation
hsa-mir-92a	esophageal neoplasms	tissue
hsa-mir-92a	glioma	target
hsa-mir-92a	heart failure	tissue
hsa-mir-92a	hypertension	circulation
hsa-mir-92a	idiopathic pulmonary fibrosis	target
hsa-mir-92a	intracranial aneurysm	target
hsa-mir-92a	ischemia	tissue
hsa-mir-92a	leukemia	circulation
hsa-mir-92a	leukemia, b-cell	genetics
hsa-mir-92a	leukemia, lymphocytic, chronic, b-cell	circulation
hsa-mir-92a	leukemia, myeloid, acute	circulation
hsa-mir-92a	leukemia, myeloid, acute	target
hsa-mir-92a	leukemia, promyelocytic, acute	genetics
hsa-mir-92a	leukemia, promyelocytic, acute	target
hsa-mir-92a	lung neoplasms	tissue
hsa-mir-92a	lymphoma	target
hsa-mir-92a	lymphoma	tissue
hsa-mir-92a	lymphoma, large b-cell, diffuse	circulation
hsa-mir-92a	lymphoma, non-hodgkin	circulation
hsa-mir-92a	lymphoma, t-cell	circulation
hsa-mir-92a	multiple sclerosis	tissue
hsa-mir-92a	myocardial infarction	tissue
hsa-mir-92a	obesity	circulation
hsa-mir-92a	osteoarthritis	target
hsa-mir-92a	osteosarcoma	genetics
hsa-mir-92a	osteosarcoma	target
hsa-mir-92a	ovarian neoplasms	tissue
hsa-mir-92a	prolactinoma	tissue
hsa-mir-92a	prostate neoplasms	tissue
hsa-mir-92a	scleroderma, systemic	tissue
hsa-mir-92a	smoke inhalation injury	tissue
hsa-mir-92a	vasculitis	circulation
hsa-mir-92a-1	adenovirus infection	tissue
hsa-mir-92a-1	azoospermia	tissue
hsa-mir-92a-1	breast neoplasms	circulation
hsa-mir-92a-1	breast neoplasms	target
hsa-mir-92a-1	carcinoma, hepatocellular	circulation
hsa-mir-92a-1	carcinoma, hepatocellular	genetics
hsa-mir-92a-1	carcinoma, hepatocellular	tissue
hsa-mir-92a-1	carcinoma, renal cell	tissue
hsa-mir-92a-1	colon neoplasms	genetics
hsa-mir-92a-1	colorectal carcinoma	circulation
hsa-mir-92a-1	colorectal carcinoma	epigenetics
hsa-mir-92a-1	colorectal carcinoma	tissue
hsa-mir-92a-1	eosinophilic esophagitis	circulation
hsa-mir-92a-1	glioblastoma	target
hsa-mir-92a-1	heart failure	circulation
hsa-mir-92a-1	hemangiosarcoma	target
hsa-mir-92a-1	hematologic neoplasms	genetics
hsa-mir-92a-1	leukemia	circulation
hsa-mir-92a-1	leukemia, b-cell	circulation
hsa-mir-92a-1	leukemia, b-cell	tissue
hsa-mir-92a-1	leukemia, lymphocytic, chronic, b-cell	target
hsa-mir-92a-1	leukemia, myeloid	circulation
hsa-mir-92a-1	leukemia, myeloid, acute	target
hsa-mir-92a-1	leukemia-lymphoma, adult t-cell	target
hsa-mir-92a-1	lung neoplasms	circulation
hsa-mir-92a-1	lung neoplasms	genetics
hsa-mir-92a-1	lymphoma	circulation
hsa-mir-92a-1	lymphoma, b-cell	circulation
hsa-mir-92a-1	lymphoma, large-cell, anaplastic	circulation
hsa-mir-92a-1	lymphoma, mantle-cell	target
hsa-mir-92a-1	lymphoma, t-cell	tissue
hsa-mir-92a-1	medulloblastoma	target
hsa-mir-92a-1	mesothelioma	tissue
hsa-mir-92a-1	multiple myeloma	circulation
hsa-mir-92a-1	muscular dystrophy, facioscapulohumeral	target
hsa-mir-92a-1	mycosis fungoides	tissue
hsa-mir-92a-1	myocardial infarction	circulation
hsa-mir-92a-1	neuroblastoma	target
hsa-mir-92a-1	neuroblastoma	tissue
hsa-mir-92a-1	osteosarcoma	tissue
hsa-mir-92a-1	ovarian neoplasms	genetics
hsa-mir-92a-1	ovarian neoplasms	target
hsa-mir-92a-1	pancreatic neoplasms	target
hsa-mir-92a-1	prostate neoplasms	tissue
hsa-mir-92a-1	scleroderma, systemic	tissue
hsa-mir-92a-1	thyroid neoplasms	tissue
hsa-mir-92a-1	urinary bladder cancer	tissue
hsa-mir-92a-2	adenovirus infection	tissue
hsa-mir-92a-2	azoospermia	tissue
hsa-mir-92a-2	breast neoplasms	circulation
hsa-mir-92a-2	breast neoplasms	target
hsa-mir-92a-2	carcinoma, hepatocellular	circulation
hsa-mir-92a-2	carcinoma, hepatocellular	tissue
hsa-mir-92a-2	carcinoma, renal cell	tissue
hsa-mir-92a-2	colorectal carcinoma	circulation
hsa-mir-92a-2	colorectal carcinoma	tissue
hsa-mir-92a-2	glioblastoma	target
hsa-mir-92a-2	heart failure	circulation
hsa-mir-92a-2	leukemia	circulation
hsa-mir-92a-2	leukemia, myeloid	circulation
hsa-mir-92a-2	leukemia, myeloid, acute	target
hsa-mir-92a-2	leukemia-lymphoma, adult t-cell	target
hsa-mir-92a-2	lymphoma	circulation
hsa-mir-92a-2	lymphoma, b-cell	circulation
hsa-mir-92a-2	lymphoma, large-cell, anaplastic	circulation
hsa-mir-92a-2	lymphoma, t-cell	tissue
hsa-mir-92a-2	medulloblastoma	target
hsa-mir-92a-2	mesothelioma	tissue
hsa-mir-92a-2	muscular dystrophy, facioscapulohumeral	target
hsa-mir-92a-2	mycosis fungoides	tissue
hsa-mir-92a-2	myocardial infarction	circulation
hsa-mir-92a-2	neuroblastoma	tissue
hsa-mir-92a-2	ovarian neoplasms	target
hsa-mir-92a-2	prostate neoplasms	tissue
hsa-mir-92a-2	scleroderma, systemic	tissue
hsa-mir-92a-2	thyroid neoplasms	tissue
hsa-mir-92a-2	urinary bladder cancer	tissue
hsa-mir-92b	brain neoplasms	tissue
hsa-mir-92b	breast neoplasms	target
hsa-mir-92b	carcinoma, hepatocellular	genetics
hsa-mir-92b	carcinoma, hepatocellular	tissue
hsa-mir-92b	cholangiocarcinoma	tissue
hsa-mir-92b	colorectal carcinoma	tissue
hsa-mir-92b	esophageal neoplasms	target
hsa-mir-92b	glioblastoma	target
hsa-mir-92b	glioma	target
hsa-mir-92b	heart failure	circulation
hsa-mir-92b	medulloblastoma	tissue
hsa-mir-92b	neuroblastoma	tissue
hsa-mir-92b	ovarian neoplasms	tissue
hsa-mir-92b	polycystic ovarian syndrome	tissue
hsa-mir-92b	preeclampsia	tissue
hsa-mir-92b	smoke inhalation injury	tissue
hsa-mir-92b	squamous cell carcinoma	epigenetics
hsa-mir-93	adenocarcinoma, lung	tissue
hsa-mir-93	age-related macular degeneration	target
hsa-mir-93	amyotrophic lateral sclerosis	tissue
hsa-mir-93	asthma	target
hsa-mir-93	atrial fibrillation	target
hsa-mir-93	atrial fibrillation	tissue
hsa-mir-93	barrett esophagus	target
hsa-mir-93	breast neoplasms	circulation
hsa-mir-93	breast neoplasms	genetics
hsa-mir-93	breast neoplasms	target
hsa-mir-93	breast neoplasms	tissue
hsa-mir-93	carcinoma, basal cell	tissue
hsa-mir-93	carcinoma, hepatocellular	epigenetics
hsa-mir-93	carcinoma, hepatocellular	target
hsa-mir-93	carcinoma, hepatocellular	tissue
hsa-mir-93	carcinoma, nasopharyngeal	target
hsa-mir-93	carcinoma, nasopharyngeal	tissue
hsa-mir-93	carcinoma, renal cell	circulation
hsa-mir-93	cervical neoplasms	genetics
hsa-mir-93	colon neoplasms	tissue
hsa-mir-93	colorectal carcinoma	target
hsa-mir-93	colorectal carcinoma	tissue
hsa-mir-93	diabetes mellitus, type 2	circulation
hsa-mir-93	esophageal neoplasms	tissue
hsa-mir-93	gastrointestinal neoplasms	circulation
hsa-mir-93	gastrointestinal neoplasms	tissue
hsa-mir-93	glaucoma	genetics
hsa-mir-93	glaucoma	tissue
hsa-mir-93	glioblastoma	target
hsa-mir-93	glioma	circulation
hsa-mir-93	glioma	target
hsa-mir-93	glioma	tissue
hsa-mir-93	heart failure	circulation
hsa-mir-93	intervertebral disc degeneration	target
hsa-mir-93	kidney neoplasms	tissue
hsa-mir-93	laryngeal neoplasms	tissue
hsa-mir-93	leiomyoma	target
hsa-mir-93	lung neoplasms	circulation
hsa-mir-93	lung neoplasms	target
hsa-mir-93	lymphoma	tissue
hsa-mir-93	lymphoma, t-cell	circulation
hsa-mir-93	macular degeneration	tissue
hsa-mir-93	melanoma	genetics
hsa-mir-93	mycosis fungoides	tissue
hsa-mir-93	neuroblastoma	tissue
hsa-mir-93	neuroendocrine tumors	tissue
hsa-mir-93	neuropathic pain	target
hsa-mir-93	osteosarcoma	target
hsa-mir-93	ovarian neoplasms	circulation
hsa-mir-93	ovarian neoplasms	genetics
hsa-mir-93	ovarian neoplasms	target
hsa-mir-93	ovarian neoplasms	tissue
hsa-mir-93	polycystic ovarian syndrome	circulation
hsa-mir-93	polycystic ovarian syndrome	epigenetics
hsa-mir-93	polycystic ovarian syndrome	target
hsa-mir-93	preeclampsia	circulation
hsa-mir-93	prostate neoplasms	target
hsa-mir-93	prostate neoplasms	tissue
hsa-mir-93	tuberculosis	circulation
hsa-mir-939	carcinoma, breast	target
hsa-mir-939	carcinoma, hepatocellular	circulation
hsa-mir-939	colorectal carcinoma	target
hsa-mir-939	coronary artery disease	target
hsa-mir-939	hemangioma	target
hsa-mir-939	lung neoplasms	tissue
hsa-mir-940	breast neoplasms	target
hsa-mir-940	carcinoma, hepatocellular	target
hsa-mir-940	carcinoma, nasopharyngeal	target
hsa-mir-940	prostate neoplasms	target
hsa-mir-942	adenovirus infection	tissue
hsa-mir-942	biliary tract neoplasms	tissue
hsa-mir-942	carcinoma, breast	circulation
hsa-mir-942	carcinoma, hepatocellular	tissue
hsa-mir-942	nephrotic syndrome	circulation
hsa-mir-942	prostate neoplasms	tissue
hsa-mir-944	lung neoplasms	circulation
hsa-mir-944	osteosarcoma	target
hsa-mir-95	adenocarcinoma, lung	genetics
hsa-mir-95	carcinoma, hepatocellular	tissue
hsa-mir-95	cerebral cavernous malformations	tissue
hsa-mir-95	colorectal carcinoma	target
hsa-mir-95	diabetes mellitus, type 2	circulation
hsa-mir-95	glioblastoma	tissue
hsa-mir-95	glioma	target
hsa-mir-95	head and neck neoplasms	tissue
hsa-mir-95	hepatoblastoma	tissue
hsa-mir-95	lung neoplasms	tissue
hsa-mir-95	osteoarthritis	target
hsa-mir-95	pancreatic neoplasms	tissue
hsa-mir-95	preeclampsia	tissue
hsa-mir-95	prostate neoplasms	target
hsa-mir-95	prostate neoplasms	tissue
hsa-mir-96	adenocarcinoma, lung	tissue
hsa-mir-96	breast neoplasms	circulation
hsa-mir-96	breast neoplasms	target
hsa-mir-96	breast neoplasms	tissue
hsa-mir-96	carcinoma, breast	circulation
hsa-mir-96	carcinoma, breast	target
hsa-mir-96	carcinoma, ehrlich tumor	tissue
hsa-mir-96	carcinoma, endometrial	target
hsa-mir-96	carcinoma, hepatocellular	circulation
hsa-mir-96	carcinoma, hepatocellular	target
hsa-mir-96	carcinoma, hepatocellular	tissue
hsa-mir-96	carcinoma, nasopharyngeal	genetics
hsa-mir-96	carcinoma, renal cell	target
hsa-mir-96	cardiomegaly	target
hsa-mir-96	cardiomyopathy, hypertrophic	tissue
hsa-mir-96	colon neoplasms	target
hsa-mir-96	colorectal carcinoma	target
hsa-mir-96	colorectal carcinoma	tissue
hsa-mir-96	diabetes mellitus, type 2	circulation
hsa-mir-96	diabetes mellitus, type 2	target
hsa-mir-96	endometrial neoplasms	tissue
hsa-mir-96	epstein-barr virus infection	tissue
hsa-mir-96	glioma	genetics
hsa-mir-96	glioma	target
hsa-mir-96	hepatoblastoma	tissue
hsa-mir-96	intrahepatic cholangiocarcinoma	target
hsa-mir-96	leukemia, myeloid, acute	circulation
hsa-mir-96	liver cirrhosis	target
hsa-mir-96	lung neoplasms	circulation
hsa-mir-96	lung neoplasms	target
hsa-mir-96	lung neoplasms	tissue
hsa-mir-96	lymphoma, large b-cell, diffuse	circulation
hsa-mir-96	medulloblastoma	circulation
hsa-mir-96	medulloblastoma	target
hsa-mir-96	melanoma	target
hsa-mir-96	multiple myeloma	target
hsa-mir-96	osteosarcoma	target
hsa-mir-96	ovarian neoplasms	tissue
hsa-mir-96	pancreatic neoplasms	circulation
hsa-mir-96	pancreatic neoplasms	target
hsa-mir-96	prostate neoplasms	target
hsa-mir-96	prostate neoplasms	tissue
hsa-mir-96	retinal degeneration	circulation
hsa-mir-96	retinal degeneration	target
hsa-mir-96	retinitis pigmentosa	tissue
hsa-mir-96	squamous cell carcinoma, head and neck	target
hsa-mir-96	urinary bladder cancer	circulation
hsa-mir-96	urinary bladder cancer	target
hsa-mir-96	urinary bladder cancer	tissue
hsa-mir-98	aortic aneurysm, abdominal	target
hsa-mir-98	atherosclerosis	target
hsa-mir-98	breast neoplasms	tissue
hsa-mir-98	carcinoma, hepatocellular	target
hsa-mir-98	carcinoma, hepatocellular	tissue
hsa-mir-98	cervical neoplasms	target
hsa-mir-98	coronary artery disease	target
hsa-mir-98	diabetes mellitus, type 2	target
hsa-mir-98	endomyocardial fibrosis	target
hsa-mir-98	esophageal neoplasms	target
hsa-mir-98	essential hypertension	genetics
hsa-mir-98	gastrointestinal neoplasms	tissue
hsa-mir-98	glioma	target
hsa-mir-98	glioma	tissue
hsa-mir-98	heart failure	tissue
hsa-mir-98	hypertension	tissue
hsa-mir-98	hypertrophy	genetics
hsa-mir-98	lung neoplasms	circulation
hsa-mir-98	lung neoplasms	target
hsa-mir-98	lung neoplasms	tissue
hsa-mir-98	lymphoma, primary effusion	tissue
hsa-mir-98	melanoma	target
hsa-mir-98	myocardial infarction	tissue
hsa-mir-98	nasopharyngeal neoplasms	target
hsa-mir-98	osteoarthritis	target
hsa-mir-98	osteoarthritis	tissue
hsa-mir-98	osteoporosis	genetics
hsa-mir-98	ovarian neoplasms	target
hsa-mir-98	preeclampsia	circulation
hsa-mir-98	prostate neoplasms	target
hsa-mir-98	prostate neoplasms	tissue
hsa-mir-99a	adenocarcinoma, lung	tissue
hsa-mir-99a	atherosclerosis	target
hsa-mir-99a	breast neoplasms	target
hsa-mir-99a	breast neoplasms	tissue
hsa-mir-99a	carcinoma, breast	circulation
hsa-mir-99a	carcinoma, breast	target
hsa-mir-99a	carcinoma, hepatocellular	tissue
hsa-mir-99a	cardiomyopathy	epigenetics
hsa-mir-99a	colorectal carcinoma	target
hsa-mir-99a	colorectal carcinoma	tissue
hsa-mir-99a	crohn disease	tissue
hsa-mir-99a	down syndrome	tissue
hsa-mir-99a	endometrial neoplasms	circulation
hsa-mir-99a	endometrial neoplasms	target
hsa-mir-99a	endometriosis	tissue
hsa-mir-99a	esophageal neoplasms	target
hsa-mir-99a	head and neck neoplasms	tissue
hsa-mir-99a	hepatitis b virus infection	circulation
hsa-mir-99a	leukemia, lymphoblastic, acute	target
hsa-mir-99a	liver cirrhosis	target
hsa-mir-99a	lung neoplasms	target
hsa-mir-99a	lung neoplasms	tissue
hsa-mir-99a	lupus vulgaris	circulation
hsa-mir-99a	melanoma	circulation
hsa-mir-99a	multiple myeloma	target
hsa-mir-99a	myocardial infarction	tissue
hsa-mir-99a	neuroblastoma	tissue
hsa-mir-99a	pancreatic neoplasms	target
hsa-mir-99a	pancreatic neoplasms	tissue
hsa-mir-99a	prostate neoplasms	target
hsa-mir-99a	prostate neoplasms	tissue
hsa-mir-99a	psoriasis	target
hsa-mir-99a	psoriasis	tissue
hsa-mir-99a	squamous cell carcinoma, head and neck	tissue
hsa-mir-99a	synovial sarcoma	circulation
hsa-mir-99a	urinary bladder cancer	tissue
hsa-mir-99b	carcinoma, hepatocellular	circulation
hsa-mir-99b	carcinoma, hepatocellular	target
hsa-mir-99b	carcinoma, hepatocellular	tissue
hsa-mir-99b	colorectal carcinoma	target
hsa-mir-99b	endometriosis	tissue
hsa-mir-99b	esophageal neoplasms	tissue
hsa-mir-99b	glioma	tissue
hsa-mir-99b	inflammatory bowel diseases	tissue
hsa-mir-99b	multiple myeloma	circulation
hsa-mir-99b	multiple myeloma	target
hsa-mir-99b	muscle atrophy	circulation
hsa-mir-99b	obesity	circulation
hsa-mir-99b	ovarian neoplasms	tissue
hsa-mir-99b	salivary gland neoplasms	tissue
hsa-mir-99b	synovial sarcoma	circulation
hsa-mir-99b	synovial sarcoma	tissue
hsa-mir-99b	urinary bladder cancer	tissue