mi,di,type
0,0,0
0,2,0
0,3,0
0,7,0
0,8,0
0,27,0
0,33,0
0,36,0
0,45,0
0,47,0
0,93,0
0,131,0
0,146,0
0,150,0
0,186,0
1,2,0
1,8,0
1,35,0
1,64,0
1,69,0
1,93,0
1,96,0
1,102,0
2,1,0
2,2,0
2,3,0
2,45,0
2,105,0
2,147,0
3,2,0
3,4,0
3,5,0
3,8,0
3,13,0
3,19,0
3,23,0
3,27,0
3,35,0
3,45,0
4,0,0
4,2,0
4,5,0
4,6,0
4,24,0
4,35,0
4,51,0
4,159,0
4,188,0
5,13,0
5,15,0
5,33,0
5,35,0
5,40,0
5,45,0
5,47,0
5,78,0
5,107,0
5,108,0
5,132,0
5,170,0
6,78,0
6,152,0
7,5,0
7,30,0
7,46,0
7,89,0
7,139,0
8,2,0
8,4,0
8,8,0
8,13,0
8,15,0
8,42,0
8,45,0
8,150,0
9,8,0
9,35,0
9,45,0
10,15,0
11,8,0
11,10,0
11,11,0
11,23,0
11,30,0
11,31,0
11,45,0
11,46,0
11,48,0
11,61,0
11,130,0
12,0,0
12,1,0
12,2,0
12,3,0
12,4,0
12,8,0
12,13,0
12,27,0
12,36,0
12,39,0
12,51,0
12,105,0
12,131,0
12,132,0
12,157,0
12,184,0
13,1,0
13,4,0
13,5,0
13,13,0
13,34,0
13,48,0
13,88,0
14,1,0
14,4,0
14,5,0
14,13,0
14,34,0
14,48,0
14,88,0
15,1,0
15,4,0
15,5,0
15,13,0
15,34,0
15,48,0
15,88,0
16,1,0
16,4,0
16,34,0
16,48,0
16,64,0
16,184,0
17,1,0
17,4,0
17,13,0
17,31,0
17,34,0
17,45,0
17,48,0
17,79,0
17,122,0
18,1,0
18,4,0
18,18,0
18,34,0
18,48,0
18,184,0
19,1,0
19,4,0
19,8,0
19,13,0
19,34,0
19,48,0
19,56,0
20,1,0
20,4,0
20,34,0
20,48,0
20,56,0
21,1,0
21,4,0
21,34,0
21,48,0
21,56,0
22,1,0
22,4,0
22,8,0
22,27,0
22,34,0
22,48,0
22,105,0
23,1,0
23,4,0
23,8,0
23,18,0
23,34,0
23,48,0
26,42,0
28,8,0
28,12,0
28,13,0
28,15,0
28,27,0
28,28,0
28,34,0
28,35,0
28,40,0
28,58,0
28,61,0
28,62,0
28,69,0
28,72,0
28,90,0
28,102,0
28,113,0
28,117,0
28,131,0
28,184,0
28,188,0
29,0,0
29,5,0
29,8,0
29,64,0
29,118,0
30,0,0
30,3,0
30,7,0
30,13,0
30,36,0
30,45,0
30,47,0
30,131,0
30,150,0
30,186,0
31,0,0
31,47,0
32,1,0
32,2,0
32,8,0
32,13,0
32,19,0
32,54,0
32,107,0
32,181,0
34,2,0
34,8,0
34,13,0
34,27,0
35,8,0
36,63,0
37,13,0
37,15,0
37,31,0
37,62,0
38,10,0
38,140,0
39,2,0
40,2,0
40,13,0
40,27,0
41,2,0
41,89,0
42,2,0
42,27,0
42,89,0
43,5,0
43,11,0
43,139,0
44,3,0
44,8,0
44,23,0
44,24,0
44,31,0
44,46,0
44,62,0
44,63,0
44,64,0
44,67,0
44,105,0
44,131,0
44,146,0
45,2,0
45,8,0
45,10,0
45,13,0
45,27,0
45,45,0
45,107,0
45,131,0
45,159,0
45,195,0
45,198,0
48,64,0
48,93,0
49,8,0
50,2,0
50,8,0
50,28,0
50,93,0
50,105,0
50,124,0
50,184,0
51,2,0
51,8,0
51,13,0
51,27,0
52,31,0
53,2,0
53,8,0
53,10,0
53,30,0
53,45,0
53,63,0
53,131,0
53,137,0
54,13,0
54,27,0
54,64,0
54,82,0
54,105,0
54,107,0
54,127,0
55,5,0
55,64,0
55,93,0
55,107,0
55,195,0
56,2,0
56,8,0
56,93,0
56,174,0
57,1,0
57,2,0
57,4,0
57,27,0
57,89,0
57,107,0
58,1,0
58,2,0
58,4,0
58,8,0
58,13,0
58,27,0
58,42,0
58,45,0
58,96,0
58,131,0
58,150,0
59,1,0
59,2,0
59,4,0
59,5,0
59,8,0
59,13,0
59,27,0
59,42,0
59,47,0
59,64,0
59,105,0
59,131,0
59,132,0
59,150,0
59,157,0
60,1,0
60,2,0
60,4,0
60,8,0
60,13,0
60,27,0
60,105,0
60,131,0
60,132,0
62,1,0
62,2,0
62,4,0
62,8,0
62,13,0
62,27,0
62,105,0
62,131,0
62,132,0
63,1,0
63,4,0
63,8,0
63,13,0
63,131,0
65,2,0
65,8,0
65,13,0
65,27,0
65,48,0
65,62,0
65,89,0
65,107,0
66,3,0
66,4,0
66,5,0
66,8,0
66,18,0
66,27,0
66,33,0
66,45,0
66,46,0
66,53,0
66,62,0
66,63,0
66,64,0
66,65,0
66,107,0
66,137,0
66,174,0
66,194,0
67,15,0
68,2,0
68,4,0
68,13,0
68,27,0
69,5,0
69,46,0
69,71,0
69,113,0
69,137,0
69,189,0
69,192,0
70,2,0
70,13,0
70,27,0
70,45,0
71,2,0
71,13,0
71,27,0
73,93,0
76,2,0
76,4,0
76,5,0
76,60,0
76,64,0
78,2,0
78,5,0
82,8,0
83,4,0
84,40,0
85,8,0
87,5,0
87,10,0
87,42,0
87,62,0
91,13,0
91,31,0
92,5,0
92,64,0
92,131,0
94,64,0
94,76,0
96,78,0
97,2,0
97,4,0
97,5,0
97,8,0
97,10,0
97,11,0
97,12,0
97,13,0
97,16,0
97,18,0
97,23,0
97,24,0
97,27,0
97,28,0
97,35,0
97,40,0
97,42,0
97,45,0
97,46,0
97,47,0
97,51,0
97,60,0
97,62,0
97,66,0
97,72,0
97,73,0
97,74,0
97,76,0
97,79,0
97,81,0
97,83,0
97,85,0
97,88,0
97,89,0
97,99,0
97,101,0
97,107,0
97,111,0
97,113,0
97,123,0
97,125,0
97,126,0
97,146,0
97,180,0
97,182,0
97,183,0
97,184,0
98,2,0
98,13,0
98,27,0
98,45,0
98,93,0
99,2,0
99,13,0
99,27,0
99,33,0
99,89,0
99,139,0
100,2,0
100,7,0
100,8,0
100,13,0
100,18,0
100,23,0
100,27,0
100,79,0
100,107,0
101,2,0
101,42,0
103,2,0
103,8,0
103,13,0
103,27,0
103,33,0
103,53,0
103,71,0
103,93,0
103,96,0
103,105,0
103,161,0
112,5,0
112,8,0
113,13,0
115,2,0
115,4,0
115,5,0
115,8,0
115,11,0
115,15,0
115,23,0
115,25,0
115,27,0
115,31,0
115,35,0
115,40,0
115,46,0
115,61,0
115,63,0
115,64,0
115,65,0
115,67,0
115,80,0
115,82,0
115,85,0
115,88,0
115,90,0
115,105,0
115,131,0
115,159,0
115,164,0
115,169,0
115,174,0
115,190,0
118,2,0
118,8,0
118,13,0
118,27,0
118,45,0
119,1,0
119,2,0
119,4,0
119,8,0
119,30,0
120,2,0
120,4,0
120,30,0
121,2,0
121,4,0
121,5,0
121,18,0
121,28,0
121,40,0
121,45,0
121,63,0
121,79,0
121,89,0
121,147,0
122,45,0
123,0,0
123,15,0
123,78,0
124,1,0
124,19,0
124,107,0
124,128,0
125,105,0
125,107,0
125,122,0
126,5,0
127,5,0
128,4,0
128,79,0
130,2,0
130,4,0
131,4,0
132,2,0
132,8,0
132,13,0
132,27,0
133,8,0
133,96,0
134,1,0
134,5,0
134,18,0
134,19,0
134,27,0
134,45,0
134,89,0
134,93,0
134,107,0
136,2,0
136,13,0
136,27,0
137,8,0
137,13,0
137,18,0
137,45,0
137,105,0
138,105,0
139,2,0
139,4,0
139,10,0
139,13,0
139,139,0
139,159,0
143,5,0
143,33,0
143,193,0
144,27,0
144,30,0
144,35,0
144,45,0
144,82,0
144,158,0
145,2,0
145,8,0
145,13,0
145,27,0
145,42,0
146,2,0
146,8,0
146,42,0
154,5,0
155,64,0
156,197,0
157,10,0
158,16,0
158,45,0
158,79,0
158,96,0
159,96,0
159,180,0
161,3,0
161,4,0
161,8,0
161,15,0
161,90,0
161,150,0
163,2,0
163,8,0
163,13,0
163,27,0
164,2,0
164,13,0
164,27,0
165,2,0
165,5,0
165,9,0
165,13,0
165,27,0
166,13,0
167,35,0
167,45,0
169,96,0
170,2,0
170,31,0
170,82,0
170,93,0
170,176,0
171,34,0
171,86,0
171,122,0
173,2,0
173,3,0
173,13,0
173,15,0
173,27,0
173,48,0
173,54,0
173,65,0
173,100,0
173,105,0
173,150,0
174,105,0
175,157,0
175,170,0
178,2,0
178,6,0
178,93,0
178,105,0
178,150,0
180,8,0
181,48,0
181,64,0
184,13,0
184,28,0
184,35,0
184,45,0
184,90,0
184,105,0
184,107,0
185,8,0
185,63,0
187,82,0
187,137,0
187,184,0
188,5,0
188,9,0
188,31,0
188,45,0
188,46,0
188,60,0
188,82,0
188,161,0
189,5,0
189,60,0
189,131,0
190,62,0
190,64,0
191,2,0
191,13,0
191,27,0
192,1,0
192,2,0
192,5,0
192,10,0
192,31,0
192,45,0
192,61,0
192,139,0
192,140,0
193,23,0
194,35,0
194,54,0
194,79,0
194,105,0
194,157,0
195,3,0
195,35,0
195,45,0
195,61,0
195,103,0
195,105,0
195,107,0
195,159,0
196,8,0
196,9,0
196,18,0
196,46,0
196,79,0
196,174,0
197,8,0
197,18,0
197,64,0
197,82,0
198,5,0
198,157,0
199,107,0
200,13,0
200,39,0
200,40,0
200,46,0
200,82,0
200,96,0
200,191,0
201,2,0
201,13,0
201,27,0
201,127,0
201,139,0
202,2,0
202,8,0
202,45,0
203,8,0
203,13,0
203,62,0
203,70,0
205,8,0
205,40,0
205,58,0
205,65,0
205,79,0
205,118,0
205,187,0
206,3,0
206,8,0
206,15,0
206,23,0
206,161,0
207,131,0
208,5,0
208,8,0
208,15,0
208,16,0
208,18,0
208,54,0
208,79,0
208,86,0
208,105,0
208,125,0
208,174,0
208,182,0
209,5,0
209,118,0
209,197,0
210,5,0
211,45,0
211,64,0
214,3,0
215,60,0
215,93,0
216,8,0
216,28,0
216,31,0
216,45,0
216,105,0
216,159,0
217,9,0
217,31,0
217,34,0
217,40,0
217,46,0
217,64,0
218,2,0
218,4,0
218,8,0
218,13,0
218,25,0
218,27,0
218,79,0
221,35,0
222,4,0
223,2,0
223,30,0
223,62,0
223,91,0
224,8,0
225,2,0
225,13,0
225,16,0
225,27,0
226,150,0
226,152,0
227,36,0
228,153,0
229,2,0
229,4,0
229,8,0
229,53,0
229,98,0
229,118,0
230,4,0
230,8,0
230,105,0
231,64,0
231,94,0
231,105,0
231,189,0
232,139,0
233,48,0
235,2,0
235,105,0
236,2,0
236,105,0
236,132,0
237,2,0
237,105,0
237,132,0
241,139,0
245,8,0
247,5,0
247,15,0
247,45,0
247,64,0
247,65,0
248,4,0
248,5,0
248,8,0
248,16,0
248,18,0
248,27,0
248,45,0
248,54,0
248,73,0
248,79,0
248,86,0
248,153,0
248,174,0
248,182,0
249,9,0
249,46,0
251,46,0
254,18,0
254,45,0
254,85,0
254,107,0
254,163,0
256,2,0
256,4,0
256,5,0
256,8,0
256,18,0
256,45,0
256,56,0
256,82,0
256,102,0
256,105,0
256,123,0
256,125,0
257,2,0
257,13,0
257,27,0
258,2,0
258,13,0
258,27,0
259,131,0
259,176,0
262,4,0
262,5,0
263,107,0
266,8,0
266,27,0
266,35,0
269,2,0
269,8,0
269,31,0
269,60,0
269,81,0
269,88,0
269,114,0
269,181,0
270,60,0
270,105,0
273,2,0
273,13,0
273,27,0
273,64,0
274,2,0
274,51,0
275,2,0
275,11,0
275,45,0
275,93,0
281,0,0
281,2,0
281,45,0
281,132,0
281,139,0
282,2,0
282,4,0
282,5,0
282,8,0
282,31,0
282,45,0
282,46,0
282,60,0
282,62,0
282,67,0
282,72,0
282,76,0
282,79,0
282,81,0
282,82,0
282,89,0
282,107,0
282,123,0
282,147,0
282,183,0
283,13,0
286,0,0
286,8,0
286,13,0
286,75,0
286,82,0
286,100,0
286,117,0
286,156,0
286,157,0
286,161,0
288,64,0
292,13,0
293,170,0
298,157,0
299,4,0
299,15,0
299,19,0
299,42,0
299,56,0
300,107,0
302,35,0
302,60,0
302,63,0
302,105,0
302,189,0
302,199,0
305,5,0
306,2,0
306,5,0
306,8,0
306,58,0
307,76,0
311,2,0
311,13,0
311,27,0
311,157,0
313,8,0
313,13,0
313,26,0
315,2,0
315,13,0
315,45,0
315,139,0
316,2,0
322,131,0
323,5,0
327,28,0
327,31,0
330,48,0
330,180,0
331,2,0
331,4,0
331,5,0
331,8,0
331,10,0
331,18,0
331,46,0
331,60,0
331,62,0
331,76,0
331,79,0
331,81,0
331,82,0
331,175,0
331,183,0
334,27,0
336,96,0
336,139,0
338,5,0
338,8,0
338,30,0
338,45,0
338,48,0
338,62,0
338,79,0
338,85,0
338,131,0
338,184,0
339,0,0
340,47,0
343,4,0
343,5,0
345,48,0
345,180,0
346,73,0
347,2,0
347,13,0
347,27,0
348,2,0
349,8,0
351,48,0
351,180,0
353,2,0
353,8,0
353,45,0
353,54,0
353,79,0
353,96,0
353,118,0
356,5,0
356,27,0
357,2,0
357,30,0
358,5,0
359,157,0
361,2,0
361,13,0
361,27,0
364,8,0
367,131,0
371,18,0
371,82,0
371,175,0
371,196,0
381,28,0
381,105,0
383,2,0
383,13,0
383,27,0
383,105,0
383,107,0
384,96,0
386,42,0
388,8,0
394,2,0
394,4,0
394,5,0
394,8,0
394,93,0
394,115,0
395,5,0
397,2,0
397,4,0
397,56,0
397,64,0
397,79,0
397,88,0
398,0,0
398,2,0
398,4,0
398,5,0
398,8,0
398,11,0
398,28,0
398,42,0
398,45,0
398,46,0
398,56,0
398,60,0
398,62,0
398,64,0
398,76,0
398,79,0
398,81,0
398,82,0
398,85,0
398,88,0
398,89,0
398,114,0
398,118,0
398,132,0
398,147,0
398,181,0
398,183,0
399,2,0
399,64,0
399,174,0
400,2,0
400,64,0
400,174,0
401,2,0
401,64,0
401,174,0
402,105,0
405,40,0
407,35,0
407,42,0
408,5,0
409,42,0
410,16,0
0,0,1
0,15,1
2,2,1
3,13,1
3,45,1
3,96,1
3,178,1
4,8,1
5,4,1
5,8,1
5,45,1
5,103,1
6,2,1
6,4,1
7,23,1
7,82,1
7,175,1
8,2,1
8,8,1
9,8,1
9,45,1
10,23,1
11,5,1
11,8,1
12,5,1
12,15,1
12,121,1
15,15,1
16,118,1
17,8,1
17,134,1
19,2,1
24,8,1
25,8,1
25,159,1
26,8,1
27,8,1
28,36,1
28,47,1
28,64,1
28,102,1
28,110,1
30,0,1
30,15,1
31,0,1
32,5,1
34,5,1
34,83,1
34,89,1
36,1,1
36,4,1
36,42,1
36,45,1
36,105,1
36,107,1
39,5,1
40,5,1
41,2,1
41,4,1
41,5,1
41,8,1
41,45,1
41,83,1
41,86,1
41,89,1
41,93,1
41,107,1
42,2,1
43,5,1
43,8,1
43,23,1
43,83,1
43,89,1
43,107,1
43,131,1
45,2,1
49,2,1
49,5,1
49,91,1
54,4,1
55,8,1
56,45,1
56,88,1
57,2,1
57,8,1
57,45,1
57,107,1
58,5,1
59,2,1
59,5,1
59,15,1
59,121,1
60,5,1
60,15,1
60,121,1
62,5,1
62,15,1
62,64,1
62,121,1
63,5,1
65,2,1
65,8,1
65,139,1
66,0,1
66,1,1
66,2,1
66,5,1
66,6,1
66,13,1
66,18,1
66,30,1
66,41,1
66,42,1
66,45,1
66,65,1
66,88,1
69,5,1
69,42,1
70,35,1
71,13,1
77,5,1
78,5,1
82,8,1
86,134,1
87,2,1
87,5,1
87,13,1
87,157,1
88,85,1
91,65,1
91,67,1
91,124,1
92,5,1
92,65,1
92,118,1
95,8,1
95,35,1
96,0,1
96,13,1
96,15,1
96,23,1
96,47,1
97,45,1
97,110,1
98,2,1
98,5,1
98,8,1
98,83,1
98,89,1
99,8,1
99,65,1
100,8,1
100,66,1
101,13,1
101,30,1
101,107,1
103,0,1
103,156,1
107,45,1
113,8,1
113,107,1
115,2,1
115,5,1
115,30,1
115,45,1
115,51,1
115,110,1
115,159,1
116,15,1
116,36,1
116,47,1
118,2,1
119,8,1
119,79,1
120,79,1
121,8,1
121,30,1
123,0,1
123,4,1
123,13,1
123,15,1
123,23,1
123,47,1
125,42,1
132,2,1
132,5,1
132,91,1
134,45,1
134,79,1
134,128,1
141,47,1
143,2,1
143,4,1
143,8,1
143,28,1
143,45,1
143,88,1
143,107,1
144,2,1
144,8,1
144,15,1
144,27,1
144,36,1
144,42,1
144,47,1
144,107,1
144,156,1
144,176,1
145,2,1
146,2,1
147,45,1
149,8,1
149,15,1
149,107,1
156,45,1
157,27,1
157,64,1
159,8,1
161,8,1
161,110,1
162,2,1
164,178,1
168,105,1
170,93,1
173,5,1
173,27,1
173,107,1
173,178,1
184,0,1
187,8,1
188,161,1
191,2,1
191,13,1
191,18,1
191,42,1
191,47,1
191,168,1
192,8,1
193,110,1
194,45,1
194,107,1
194,139,1
195,0,1
195,5,1
195,107,1
195,157,1
200,2,1
200,27,1
200,45,1
200,177,1
201,8,1
201,66,1
202,8,1
203,13,1
203,107,1
204,2,1
204,8,1
205,8,1
208,0,1
208,2,1
208,3,1
208,5,1
208,6,1
208,8,1
208,13,1
208,18,1
208,30,1
208,39,1
208,42,1
208,45,1
208,88,1
208,107,1
208,179,1
214,15,1
216,30,1
216,45,1
216,107,1
217,161,1
218,8,1
218,66,1
223,91,1
225,2,1
230,4,1
230,35,1
230,64,1
231,137,1
233,131,1
235,8,1
235,131,1
236,15,1
236,121,1
237,15,1
237,121,1
243,105,1
247,65,1
248,0,1
248,2,1
248,5,1
248,6,1
248,13,1
248,18,1
248,30,1
248,39,1
248,42,1
248,83,1
248,88,1
248,179,1
251,5,1
251,83,1
251,89,1
252,42,1
254,4,1
266,4,1
266,35,1
266,82,1
266,89,1
266,107,1
266,174,1
267,42,1
267,168,1
268,18,1
268,42,1
268,47,1
270,8,1
270,45,1
271,175,1
274,105,1
275,45,1
281,2,1
284,8,1
284,10,1
285,2,1
285,4,1
285,8,1
285,10,1
285,13,1
285,18,1
285,64,1
285,88,1
286,168,1
292,65,1
293,64,1
297,8,1
299,45,1
305,118,1
316,174,1
320,5,1
326,15,1
327,42,1
327,83,1
327,107,1
331,2,1
331,5,1
331,35,1
331,42,1
331,131,1
334,5,1
334,83,1
334,89,1
336,2,1
336,42,1
336,105,1
338,64,1
341,131,1
348,175,1
349,175,1
354,2,1
354,4,1
354,15,1
354,128,1
367,0,1
367,5,1
367,107,1
376,85,1
381,5,1
381,27,1
386,2,1
398,8,1
399,5,1
399,8,1
399,18,1
399,19,1
399,30,1
399,65,1
399,83,1
399,89,1
400,5,1
400,8,1
400,18,1
400,19,1
400,30,1
400,65,1
400,83,1
400,89,1
401,5,1
401,8,1
401,18,1
401,19,1
401,30,1
401,83,1
401,89,1
407,2,1
409,2,1
0,0,2
0,2,2
0,3,2
0,6,2
0,7,2
0,24,2
0,28,2
0,33,2
0,45,2
0,47,2
0,64,2
0,67,2
0,71,2
0,74,2
0,113,2
0,169,2
1,0,2
1,2,2
1,3,2
1,5,2
1,8,2
1,27,2
1,31,2
1,36,2
1,47,2
1,64,2
1,73,2
1,81,2
1,83,2
1,93,2
1,95,2
1,107,2
1,110,2
1,118,2
1,127,2
1,144,2
1,163,2
2,1,2
2,2,2
2,5,2
2,8,2
2,9,2
2,12,2
2,14,2
2,15,2
2,24,2
2,28,2
2,40,2
2,48,2
2,63,2
2,74,2
2,75,2
2,101,2
3,1,2
3,2,2
3,4,2
3,5,2
3,8,2
3,9,2
3,13,2
3,14,2
3,23,2
3,27,2
3,28,2
3,30,2
3,31,2
3,35,2
3,40,2
3,48,2
3,50,2
3,51,2
3,58,2
3,59,2
3,60,2
3,75,2
3,80,2
3,96,2
3,114,2
3,136,2
4,0,2
4,2,2
4,3,2
4,6,2
4,8,2
4,13,2
4,14,2
4,15,2
4,16,2
4,20,2
4,22,2
4,24,2
4,25,2
4,28,2
4,30,2
4,31,2
4,33,2
4,40,2
4,41,2
4,43,2
4,45,2
4,46,2
4,51,2
4,60,2
4,62,2
4,63,2
4,66,2
4,67,2
4,75,2
4,79,2
4,90,2
4,96,2
4,99,2
4,101,2
4,102,2
4,111,2
4,112,2
4,118,2
4,119,2
4,137,2
4,144,2
4,171,2
5,0,2
5,2,2
5,5,2
5,8,2
5,9,2
5,15,2
5,23,2
5,28,2
5,31,2
5,41,2
5,53,2
5,56,2
5,73,2
5,77,2
5,81,2
5,85,2
5,92,2
5,93,2
5,116,2
5,127,2
5,134,2
5,172,2
6,0,2
6,2,2
6,5,2
6,8,2
6,9,2
6,16,2
6,18,2
6,23,2
6,33,2
6,53,2
6,63,2
6,73,2
6,75,2
6,85,2
6,107,2
6,127,2
6,134,2
7,2,2
7,3,2
7,5,2
7,8,2
7,25,2
7,27,2
8,2,2
8,13,2
8,19,2
8,115,2
8,153,2
9,2,2
9,13,2
9,115,2
9,153,2
10,3,2
10,8,2
10,15,2
10,21,2
10,73,2
11,3,2
11,4,2
11,5,2
11,8,2
11,15,2
11,18,2
11,23,2
11,28,2
11,30,2
11,31,2
11,33,2
11,39,2
11,40,2
11,41,2
11,45,2
11,46,2
11,51,2
11,53,2
11,56,2
11,60,2
11,62,2
11,63,2
11,64,2
11,71,2
11,73,2
11,75,2
11,87,2
11,95,2
11,107,2
11,129,2
11,133,2
11,136,2
11,137,2
11,150,2
11,166,2
12,2,2
12,3,2
12,4,2
12,5,2
12,8,2
12,12,2
12,16,2
12,23,2
12,27,2
12,29,2
12,36,2
12,40,2
12,41,2
12,46,2
12,47,2
12,48,2
12,60,2
12,63,2
12,67,2
12,71,2
12,90,2
12,103,2
12,121,2
12,130,2
12,150,2
12,153,2
13,2,2
13,4,2
13,13,2
13,18,2
13,19,2
13,20,2
14,2,2
14,4,2
14,18,2
14,19,2
14,20,2
15,2,2
15,4,2
15,6,2
15,13,2
15,18,2
15,19,2
15,20,2
16,2,2
16,3,2
16,4,2
16,13,2
16,15,2
16,18,2
16,19,2
16,23,2
16,31,2
16,44,2
16,45,2
16,46,2
16,47,2
16,56,2
16,58,2
16,62,2
16,67,2
16,100,2
17,2,2
17,4,2
17,6,2
17,18,2
17,19,2
17,43,2
17,45,2
17,47,2
17,75,2
17,79,2
17,162,2
18,4,2
18,6,2
18,18,2
18,19,2
18,27,2
18,30,2
18,35,2
18,68,2
18,113,2
19,4,2
19,8,2
19,10,2
19,13,2
19,18,2
19,19,2
19,20,2
19,23,2
19,40,2
19,54,2
19,62,2
19,75,2
19,119,2
20,4,2
20,18,2
20,19,2
21,4,2
21,18,2
21,19,2
22,1,2
22,2,2
22,4,2
22,5,2
22,18,2
22,19,2
22,46,2
22,51,2
22,55,2
22,64,2
22,81,2
22,82,2
22,86,2
22,166,2
23,4,2
23,5,2
23,18,2
23,19,2
23,27,2
23,31,2
23,73,2
23,75,2
23,107,2
24,0,2
24,2,2
24,3,2
24,6,2
24,15,2
24,19,2
24,27,2
24,36,2
24,41,2
24,47,2
24,95,2
25,0,2
25,5,2
25,6,2
25,15,2
25,67,2
26,0,2
26,6,2
26,15,2
26,19,2
27,6,2
27,15,2
27,19,2
27,30,2
28,0,2
28,1,2
28,2,2
28,3,2
28,4,2
28,5,2
28,8,2
28,10,2
28,12,2
28,14,2
28,15,2
28,24,2
28,26,2
28,27,2
28,28,2
28,29,2
28,30,2
28,31,2
28,33,2
28,36,2
28,37,2
28,40,2
28,41,2
28,46,2
28,51,2
28,55,2
28,57,2
28,58,2
28,60,2
28,67,2
28,75,2
28,81,2
28,88,2
28,90,2
28,96,2
28,101,2
28,103,2
28,107,2
28,110,2
28,114,2
28,129,2
28,130,2
28,131,2
28,137,2
28,138,2
28,139,2
28,142,2
28,144,2
28,150,2
28,166,2
28,168,2
28,170,2
28,171,2
29,5,2
29,6,2
29,7,2
29,8,2
29,27,2
29,28,2
29,50,2
29,51,2
29,64,2
29,73,2
29,87,2
29,95,2
30,0,2
30,2,2
30,6,2
30,7,2
30,8,2
30,14,2
30,19,2
30,24,2
30,37,2
30,47,2
30,56,2
30,67,2
30,158,2
31,2,2
31,7,2
31,8,2
31,14,2
31,19,2
31,24,2
31,37,2
31,53,2
31,56,2
31,158,2
32,0,2
32,3,2
32,4,2
32,8,2
32,23,2
32,27,2
32,28,2
32,31,2
32,70,2
32,75,2
32,111,2
32,119,2
33,8,2
33,47,2
33,63,2
33,75,2
33,119,2
34,9,2
34,17,2
34,34,2
34,40,2
34,46,2
34,53,2
34,60,2
34,78,2
35,9,2
35,17,2
35,34,2
35,40,2
35,46,2
35,53,2
35,60,2
35,78,2
36,2,2
36,8,2
36,10,2
36,15,2
36,23,2
36,107,2
36,135,2
37,2,2
37,10,2
37,13,2
37,41,2
37,60,2
37,61,2
37,63,2
37,75,2
37,87,2
37,113,2
38,2,2
38,8,2
38,10,2
38,18,2
38,28,2
38,43,2
38,46,2
38,59,2
38,60,2
38,62,2
38,68,2
38,74,2
38,127,2
38,160,2
38,167,2
39,9,2
39,23,2
39,34,2
39,40,2
39,46,2
39,58,2
39,78,2
39,86,2
40,9,2
40,23,2
40,34,2
40,40,2
40,46,2
40,58,2
40,78,2
40,86,2
41,0,2
41,2,2
41,4,2
41,8,2
41,11,2
41,15,2
41,45,2
41,47,2
41,55,2
41,67,2
41,75,2
41,105,2
41,157,2
42,2,2
42,4,2
42,11,2
42,68,2
42,119,2
43,4,2
43,11,2
43,41,2
44,0,2
44,8,2
44,12,2
44,14,2
44,15,2
44,18,2
44,20,2
44,22,2
44,24,2
44,27,2
44,28,2
44,30,2
44,36,2
44,40,2
44,46,2
44,51,2
44,55,2
44,63,2
44,65,2
44,79,2
44,87,2
44,104,2
44,109,2
44,117,2
44,129,2
44,146,2
45,0,2
45,2,2
45,5,2
45,8,2
45,10,2
45,14,2
45,15,2
45,18,2
45,23,2
45,27,2
45,30,2
45,31,2
45,34,2
45,35,2
45,36,2
45,40,2
45,45,2
45,47,2
45,53,2
45,58,2
45,60,2
45,63,2
45,65,2
45,67,2
45,70,2
45,75,2
45,90,2
45,107,2
45,116,2
45,118,2
46,35,2
47,4,2
47,8,2
47,35,2
48,2,2
48,4,2
48,8,2
48,15,2
48,17,2
48,28,2
48,30,2
48,42,2
48,90,2
48,107,2
48,157,2
49,8,2
49,27,2
49,53,2
49,56,2
49,75,2
50,2,2
50,14,2
50,33,2
50,53,2
50,70,2
50,87,2
50,114,2
50,118,2
50,146,2
51,14,2
51,23,2
51,28,2
51,31,2
51,53,2
51,58,2
51,61,2
51,81,2
51,100,2
51,106,2
51,107,2
51,146,2
52,8,2
52,14,2
52,28,2
52,31,2
52,45,2
52,51,2
52,106,2
52,107,2
53,0,2
53,2,2
53,8,2
53,10,2
53,15,2
53,18,2
53,23,2
53,31,2
53,35,2
53,41,2
53,43,2
53,45,2
53,60,2
53,63,2
53,65,2
53,74,2
53,75,2
53,96,2
53,107,2
54,2,2
54,4,2
54,8,2
54,14,2
54,17,2
54,23,2
54,24,2
54,28,2
54,30,2
54,31,2
54,35,2
54,64,2
54,69,2
54,107,2
54,157,2
55,2,2
55,4,2
55,5,2
55,8,2
55,11,2
55,17,2
55,27,2
55,42,2
55,64,2
55,69,2
55,71,2
55,112,2
55,157,2
56,1,2
56,2,2
56,5,2
56,10,2
56,13,2
56,18,2
56,45,2
56,53,2
56,65,2
57,1,2
57,2,2
57,4,2
57,5,2
57,13,2
57,18,2
57,20,2
57,27,2
57,45,2
57,56,2
57,65,2
57,67,2
57,80,2
57,81,2
57,90,2
57,107,2
57,149,2
58,4,2
58,5,2
58,8,2
58,12,2
58,27,2
58,29,2
58,30,2
58,36,2
58,41,2
58,47,2
58,54,2
58,67,2
58,82,2
58,148,2
58,150,2
58,153,2
59,0,2
59,2,2
59,3,2
59,4,2
59,5,2
59,8,2
59,12,2
59,18,2
59,29,2
59,36,2
59,51,2
59,67,2
59,90,2
59,107,2
59,127,2
59,150,2
59,153,2
60,3,2
60,4,2
60,5,2
60,8,2
60,12,2
60,29,2
60,36,2
60,53,2
60,67,2
60,75,2
60,90,2
60,150,2
60,153,2
61,8,2
61,12,2
61,29,2
61,36,2
61,53,2
61,75,2
61,153,2
62,0,2
62,2,2
62,4,2
62,5,2
62,8,2
62,12,2
62,16,2
62,27,2
62,28,2
62,29,2
62,35,2
62,36,2
62,46,2
62,47,2
62,48,2
62,55,2
62,67,2
62,90,2
62,103,2
62,107,2
62,115,2
62,116,2
62,150,2
62,153,2
63,2,2
63,3,2
63,4,2
63,5,2
63,8,2
63,12,2
63,29,2
63,31,2
63,36,2
63,43,2
63,46,2
63,47,2
63,150,2
63,153,2
64,2,2
64,3,2
64,5,2
64,8,2
64,12,2
64,29,2
64,31,2
64,36,2
64,46,2
64,153,2
65,1,2
65,2,2
65,8,2
65,10,2
65,13,2
65,26,2
65,65,2
65,80,2
66,0,2
66,2,2
66,5,2
66,8,2
66,12,2
66,13,2
66,23,2
66,28,2
66,30,2
66,31,2
66,38,2
66,40,2
66,51,2
66,53,2
66,63,2
66,75,2
66,107,2
66,116,2
66,158,2
66,167,2
68,2,2
68,5,2
68,8,2
68,100,2
69,2,2
69,4,2
69,5,2
69,8,2
69,15,2
69,18,2
69,20,2
69,23,2
69,27,2
69,30,2
69,36,2
69,41,2
69,43,2
69,45,2
69,46,2
69,50,2
69,55,2
69,64,2
69,75,2
69,80,2
69,82,2
69,87,2
69,96,2
69,98,2
69,120,2
70,1,2
70,20,2
70,23,2
70,40,2
70,41,2
70,117,2
71,20,2
71,28,2
71,31,2
71,47,2
71,127,2
72,0,2
72,2,2
72,5,2
72,20,2
72,50,2
72,63,2
73,20,2
73,72,2
74,18,2
74,20,2
74,27,2
74,43,2
75,18,2
75,20,2
75,27,2
76,2,2
76,5,2
76,8,2
76,20,2
76,31,2
76,46,2
76,63,2
76,70,2
76,74,2
76,87,2
77,0,2
77,5,2
77,20,2
77,30,2
77,45,2
77,63,2
77,74,2
78,2,2
78,20,2
78,24,2
78,28,2
78,63,2
78,111,2
78,135,2
79,20,2
80,20,2
81,20,2
82,20,2
83,18,2
83,20,2
84,20,2
85,3,2
85,15,2
85,20,2
85,70,2
86,20,2
86,27,2
86,79,2
86,89,2
86,107,2
86,119,2
87,3,2
87,15,2
87,25,2
87,53,2
87,66,2
87,75,2
87,89,2
87,109,2
88,3,2
88,18,2
88,27,2
88,45,2
89,3,2
89,18,2
89,28,2
89,31,2
89,64,2
89,114,2
90,3,2
90,20,2
90,149,2
91,0,2
91,8,2
91,10,2
91,13,2
91,23,2
91,27,2
91,31,2
91,44,2
91,46,2
91,48,2
91,51,2
91,53,2
91,58,2
91,67,2
91,75,2
91,79,2
91,127,2
92,2,2
92,27,2
92,91,2
92,152,2
93,2,2
93,14,2
93,18,2
93,28,2
93,30,2
93,68,2
93,127,2
93,163,2
94,95,2
94,168,2
95,0,2
95,15,2
95,19,2
95,50,2
95,65,2
95,113,2
96,0,2
96,43,2
96,53,2
96,85,2
97,0,2
97,2,2
97,6,2
97,10,2
97,15,2
97,23,2
97,24,2
97,26,2
97,27,2
97,28,2
97,30,2
97,31,2
97,33,2
97,40,2
97,41,2
97,43,2
97,45,2
97,46,2
97,51,2
97,55,2
97,57,2
97,60,2
97,61,2
97,62,2
97,63,2
97,67,2
97,70,2
97,73,2
97,74,2
97,75,2
97,87,2
97,101,2
97,111,2
97,113,2
97,137,2
97,138,2
97,142,2
98,1,2
98,2,2
98,10,2
98,13,2
98,25,2
98,26,2
98,45,2
98,55,2
98,80,2
98,139,2
99,1,2
99,26,2
99,126,2
100,2,2
100,8,2
100,13,2
100,18,2
100,27,2
100,31,2
100,41,2
100,43,2
100,113,2
100,173,2
101,2,2
101,6,2
101,8,2
101,27,2
101,28,2
101,30,2
101,33,2
101,56,2
101,68,2
101,75,2
101,126,2
101,135,2
102,2,2
102,27,2
102,28,2
102,31,2
102,50,2
102,61,2
102,95,2
103,2,2
103,13,2
103,27,2
103,72,2
103,73,2
103,75,2
103,90,2
104,27,2
104,80,2
105,27,2
105,28,2
105,80,2
106,27,2
106,141,2
107,2,2
107,27,2
107,75,2
107,157,2
108,18,2
108,27,2
109,27,2
110,27,2
110,41,2
110,53,2
111,27,2
112,27,2
112,114,2
113,5,2
113,28,2
113,30,2
113,51,2
113,56,2
113,61,2
113,105,2
113,118,2
113,136,2
114,2,2
114,4,2
114,20,2
114,28,2
114,46,2
114,49,2
114,60,2
115,0,2
115,2,2
115,3,2
115,4,2
115,5,2
115,8,2
115,13,2
115,14,2
115,18,2
115,19,2
115,23,2
115,26,2
115,27,2
115,28,2
115,30,2
115,31,2
115,33,2
115,34,2
115,35,2
115,36,2
115,40,2
115,41,2
115,42,2
115,43,2
115,45,2
115,46,2
115,47,2
115,51,2
115,55,2
115,58,2
115,60,2
115,63,2
115,64,2
115,65,2
115,68,2
115,70,2
115,71,2
115,73,2
115,75,2
115,81,2
115,82,2
115,85,2
115,87,2
115,88,2
115,90,2
115,94,2
115,96,2
115,101,2
115,102,2
115,105,2
115,107,2
115,110,2
115,111,2
115,113,2
115,117,2
115,122,2
115,125,2
115,128,2
115,132,2
115,134,2
115,138,2
115,139,2
115,144,2
115,146,2
115,151,2
115,153,2
115,164,2
115,165,2
115,170,2
116,0,2
116,2,2
116,28,2
116,41,2
117,2,2
117,28,2
117,41,2
118,5,2
118,18,2
118,28,2
118,31,2
118,51,2
118,75,2
118,105,2
118,107,2
118,109,2
118,137,2
119,29,2
119,35,2
120,29,2
120,35,2
120,67,2
121,3,2
121,8,2
121,24,2
121,28,2
121,30,2
121,31,2
121,41,2
121,51,2
121,105,2
122,0,2
122,3,2
122,8,2
122,47,2
122,67,2
122,74,2
122,100,2
123,0,2
123,43,2
123,53,2
123,85,2
124,2,2
124,27,2
124,32,2
124,46,2
125,28,2
125,33,2
125,60,2
125,69,2
126,28,2
126,53,2
126,75,2
126,90,2
126,95,2
126,146,2
128,8,2
128,18,2
128,41,2
128,53,2
129,8,2
129,18,2
129,41,2
129,53,2
130,13,2
130,18,2
130,53,2
131,13,2
131,18,2
131,53,2
132,8,2
132,27,2
132,53,2
132,56,2
132,75,2
133,8,2
133,9,2
133,25,2
133,30,2
133,31,2
133,33,2
133,45,2
133,50,2
133,65,2
133,73,2
133,80,2
133,81,2
133,120,2
134,2,2
134,13,2
134,27,2
134,30,2
134,41,2
134,42,2
134,45,2
134,64,2
134,76,2
134,127,2
135,0,2
135,2,2
135,39,2
135,41,2
135,75,2
136,0,2
136,2,2
136,39,2
136,41,2
136,75,2
137,2,2
137,8,2
137,15,2
137,23,2
137,38,2
137,42,2
137,55,2
137,75,2
137,88,2
137,98,2
137,111,2
138,1,2
138,5,2
138,18,2
138,30,2
138,35,2
138,45,2
138,46,2
138,56,2
138,65,2
138,107,2
138,144,2
139,0,2
139,2,2
139,10,2
139,11,2
139,15,2
139,23,2
139,40,2
139,43,2
139,45,2
139,51,2
139,58,2
139,75,2
139,80,2
139,90,2
139,101,2
139,109,2
139,110,2
139,117,2
139,119,2
139,123,2
139,126,2
139,129,2
140,64,2
141,0,2
141,5,2
141,6,2
141,15,2
141,24,2
141,27,2
141,31,2
141,35,2
141,41,2
141,47,2
141,55,2
141,73,2
141,104,2
141,106,2
141,110,2
141,123,2
141,155,2
142,19,2
142,149,2
143,2,2
143,8,2
143,15,2
143,28,2
143,31,2
143,33,2
143,43,2
143,45,2
143,55,2
143,63,2
143,88,2
143,96,2
143,111,2
144,2,2
144,5,2
144,13,2
144,18,2
144,27,2
144,36,2
144,41,2
144,43,2
144,160,2
145,36,2
145,42,2
146,36,2
146,42,2
147,4,2
147,17,2
147,23,2
147,40,2
147,46,2
147,78,2
147,105,2
147,111,2
147,132,2
147,134,2
148,2,2
148,106,2
148,107,2
149,2,2
149,24,2
149,43,2
149,106,2
149,109,2
149,117,2
149,157,2
150,2,2
151,2,2
152,2,2
152,18,2
152,27,2
152,39,2
152,47,2
152,74,2
152,141,2
153,2,2
153,8,2
154,2,2
154,109,2
155,18,2
156,3,2
156,28,2
156,30,2
156,43,2
156,66,2
156,157,2
157,27,2
157,30,2
157,31,2
157,43,2
158,2,2
158,20,2
158,27,2
158,28,2
158,31,2
158,43,2
158,46,2
158,53,2
158,62,2
158,63,2
158,75,2
158,107,2
158,113,2
158,120,2
158,127,2
159,8,2
159,41,2
159,61,2
161,4,2
161,5,2
161,17,2
161,18,2
161,20,2
161,27,2
161,28,2
161,31,2
161,41,2
161,43,2
161,60,2
161,69,2
161,74,2
161,77,2
161,110,2
161,114,2
161,116,2
161,126,2
161,141,2
161,171,2
162,18,2
163,18,2
164,8,2
164,18,2
164,99,2
165,18,2
166,11,2
166,18,2
166,75,2
167,15,2
167,44,2
167,75,2
168,5,2
168,44,2
169,27,2
169,107,2
169,122,2
170,3,2
170,4,2
170,8,2
170,28,2
170,30,2
170,31,2
170,45,2
170,51,2
170,55,2
170,73,2
170,93,2
170,107,2
170,127,2
170,163,2
171,4,2
171,41,2
172,2,2
172,15,2
172,28,2
172,45,2
173,2,2
173,5,2
173,8,2
173,23,2
173,27,2
173,45,2
173,46,2
173,47,2
173,61,2
173,79,2
173,92,2
173,107,2
173,130,2
175,0,2
175,27,2
175,46,2
175,106,2
176,0,2
176,3,2
176,46,2
176,47,2
177,4,2
177,20,2
178,0,2
178,3,2
178,5,2
178,15,2
178,28,2
178,40,2
178,60,2
178,63,2
178,90,2
178,102,2
178,110,2
178,111,2
178,116,2
179,31,2
179,46,2
179,59,2
179,78,2
179,134,2
180,2,2
180,8,2
180,9,2
180,30,2
180,40,2
180,49,2
180,109,2
180,119,2
180,144,2
181,4,2
181,8,2
181,13,2
182,28,2
182,55,2
182,61,2
182,107,2
184,8,2
184,13,2
184,23,2
184,46,2
184,53,2
184,58,2
184,65,2
184,73,2
184,105,2
184,118,2
184,132,2
185,14,2
185,18,2
185,23,2
185,28,2
185,30,2
185,31,2
185,58,2
185,95,2
185,122,2
186,5,2
186,33,2
186,56,2
186,63,2
187,2,2
187,5,2
187,8,2
187,20,2
187,28,2
187,51,2
187,56,2
187,66,2
187,113,2
187,132,2
188,8,2
188,31,2
188,46,2
188,52,2
188,59,2
188,78,2
188,111,2
188,122,2
188,129,2
188,132,2
189,2,2
189,55,2
190,4,2
190,33,2
190,41,2
190,75,2
191,2,2
191,168,2
192,0,2
192,2,2
192,9,2
192,20,2
192,31,2
192,38,2
192,46,2
192,53,2
192,67,2
192,75,2
192,95,2
192,96,2
192,105,2
192,107,2
192,119,2
193,0,2
193,2,2
193,5,2
193,23,2
193,47,2
193,63,2
193,79,2
193,140,2
194,58,2
194,64,2
195,27,2
195,28,2
195,53,2
195,58,2
195,64,2
195,93,2
195,100,2
195,139,2
196,8,2
196,67,2
197,2,2
197,5,2
197,13,2
197,90,2
197,107,2
197,118,2
198,28,2
198,47,2
199,28,2
199,53,2
199,105,2
200,0,2
200,4,2
200,5,2
200,48,2
200,81,2
201,2,2
201,4,2
201,13,2
201,18,2
201,28,2
201,31,2
201,41,2
201,64,2
201,66,2
201,83,2
201,110,2
201,112,2
202,5,2
202,18,2
202,30,2
202,31,2
202,63,2
202,73,2
202,113,2
203,8,2
203,20,2
203,31,2
203,41,2
203,63,2
203,73,2
203,74,2
203,107,2
203,141,2
204,2,2
204,13,2
204,15,2
204,47,2
204,53,2
204,63,2
204,75,2
204,95,2
204,123,2
205,2,2
205,5,2
205,8,2
205,15,2
205,24,2
205,30,2
205,40,2
205,41,2
205,50,2
205,58,2
205,60,2
205,62,2
205,63,2
205,66,2
205,74,2
205,79,2
205,97,2
205,107,2
205,111,2
205,118,2
205,158,2
206,0,2
206,3,2
206,12,2
206,15,2
206,47,2
206,55,2
206,57,2
206,67,2
206,137,2
207,2,2
207,45,2
208,5,2
208,92,2
208,106,2
209,19,2
209,33,2
209,45,2
209,65,2
209,66,2
209,80,2
209,113,2
210,24,2
210,30,2
210,38,2
210,65,2
210,93,2
210,98,2
210,99,2
210,109,2
211,15,2
211,61,2
211,67,2
211,81,2
213,23,2
213,46,2
213,73,2
214,3,2
214,79,2
214,106,2
216,1,2
216,2,2
216,4,2
216,13,2
216,24,2
216,28,2
216,30,2
216,39,2
216,40,2
216,43,2
216,45,2
216,58,2
216,63,2
216,75,2
216,107,2
216,159,2
216,171,2
217,9,2
217,24,2
217,31,2
217,40,2
217,46,2
217,78,2
217,97,2
217,111,2
217,122,2
217,134,2
218,2,2
218,4,2
218,30,2
218,31,2
218,47,2
218,60,2
218,73,2
218,88,2
218,92,2
218,95,2
218,107,2
219,3,2
219,8,2
219,20,2
219,23,2
219,70,2
219,100,2
219,126,2
220,2,2
220,5,2
220,15,2
220,27,2
220,30,2
220,31,2
220,88,2
221,3,2
221,35,2
221,45,2
221,51,2
221,67,2
221,141,2
222,69,2
223,2,2
223,4,2
223,5,2
223,8,2
223,13,2
223,27,2
223,28,2
223,33,2
223,51,2
223,53,2
223,64,2
223,105,2
224,2,2
224,15,2
224,31,2
224,53,2
224,75,2
225,10,2
225,18,2
225,27,2
225,53,2
225,70,2
225,75,2
225,88,2
225,107,2
225,141,2
226,2,2
226,15,2
226,47,2
226,60,2
226,90,2
226,140,2
227,15,2
227,45,2
227,73,2
228,53,2
228,58,2
229,18,2
229,30,2
229,45,2
229,53,2
229,64,2
230,8,2
230,28,2
230,117,2
231,2,2
231,50,2
231,74,2
231,75,2
231,86,2
231,107,2
231,117,2
231,137,2
232,30,2
233,27,2
233,74,2
234,74,2
235,2,2
235,16,2
235,75,2
235,105,2
236,3,2
236,5,2
236,67,2
236,90,2
237,5,2
237,67,2
237,90,2
237,107,2
238,0,2
238,2,2
238,8,2
239,10,2
239,19,2
239,41,2
239,47,2
240,27,2
240,56,2
240,58,2
240,75,2
240,122,2
240,144,2
241,2,2
241,51,2
241,75,2
241,103,2
242,51,2
242,75,2
243,75,2
244,75,2
245,5,2
245,27,2
245,75,2
246,15,2
246,141,2
247,15,2
247,60,2
247,63,2
248,5,2
248,28,2
248,45,2
248,106,2
248,135,2
249,20,2
249,40,2
249,46,2
249,122,2
250,58,2
250,171,2
251,2,2
251,31,2
251,46,2
251,60,2
252,70,2
253,70,2
253,91,2
254,0,2
254,8,2
254,23,2
254,28,2
254,33,2
254,41,2
254,46,2
254,58,2
254,64,2
254,67,2
254,89,2
254,134,2
255,4,2
255,8,2
255,23,2
255,27,2
255,28,2
255,31,2
255,58,2
256,30,2
256,51,2
257,99,2
259,5,2
259,91,2
259,152,2
260,5,2
260,28,2
260,31,2
260,45,2
260,63,2
260,93,2
260,118,2
261,41,2
261,51,2
261,55,2
261,67,2
262,2,2
262,41,2
262,53,2
263,53,2
263,107,2
264,2,2
264,41,2
265,2,2
265,41,2
266,64,2
266,115,2
267,2,2
267,168,2
268,2,2
268,168,2
269,31,2
269,46,2
270,8,2
270,36,2
270,41,2
270,84,2
270,90,2
270,157,2
271,24,2
272,2,2
272,24,2
272,41,2
272,60,2
273,2,2
273,4,2
273,15,2
273,105,2
274,2,2
274,4,2
275,0,2
275,2,2
275,66,2
275,79,2
275,86,2
275,107,2
276,85,2
277,85,2
278,85,2
279,85,2
280,2,2
280,5,2
280,63,2
280,67,2
280,85,2
280,111,2
281,23,2
281,58,2
281,73,2
281,95,2
281,107,2
281,146,2
282,24,2
282,31,2
282,46,2
282,60,2
282,111,2
282,122,2
282,132,2
283,4,2
283,8,2
283,20,2
283,41,2
283,59,2
283,80,2
283,155,2
283,168,2
284,74,2
284,90,2
285,74,2
285,90,2
286,4,2
286,8,2
286,11,2
286,27,2
286,46,2
286,60,2
286,78,2
286,81,2
286,100,2
286,105,2
286,107,2
286,156,2
286,168,2
287,20,2
287,58,2
287,79,2
288,18,2
288,20,2
288,30,2
288,46,2
288,149,2
289,31,2
289,46,2
289,161,2
290,30,2
290,45,2
290,64,2
290,87,2
291,5,2
291,30,2
291,45,2
292,20,2
293,20,2
293,27,2
293,50,2
293,59,2
293,64,2
293,163,2
294,5,2
294,18,2
296,23,2
296,27,2
296,28,2
296,74,2
296,90,2
297,2,2
297,5,2
297,8,2
298,5,2
298,15,2
298,53,2
298,171,2
299,3,2
299,15,2
299,69,2
300,3,2
301,2,2
301,28,2
302,4,2
302,13,2
302,28,2
303,97,2
304,69,2
304,111,2
305,123,2
306,99,2
306,171,2
307,5,2
307,8,2
307,30,2
307,41,2
307,50,2
307,126,2
309,28,2
310,101,2
311,1,2
311,5,2
311,41,2
311,53,2
312,2,2
312,171,2
313,74,2
314,18,2
314,45,2
314,99,2
315,64,2
315,144,2
316,63,2
316,64,2
319,45,2
319,56,2
320,5,2
320,45,2
321,41,2
321,100,2
322,64,2
322,108,2
322,134,2
325,55,2
325,79,2
325,109,2
326,5,2
326,11,2
326,19,2
326,79,2
327,40,2
327,43,2
327,159,2
331,41,2
331,60,2
332,60,2
333,41,2
334,2,2
334,36,2
334,41,2
334,115,2
335,41,2
336,5,2
336,15,2
336,27,2
336,31,2
336,46,2
336,61,2
336,132,2
336,149,2
337,114,2
338,4,2
338,45,2
338,50,2
340,2,2
340,5,2
340,47,2
340,127,2
341,28,2
342,28,2
342,51,2
344,5,2
345,2,2
346,14,2
347,116,2
348,117,2
349,31,2
350,4,2
351,90,2
352,80,2
353,53,2
353,80,2
354,5,2
354,8,2
354,13,2
354,30,2
354,48,2
355,107,2
355,120,2
356,15,2
356,168,2
357,27,2
358,15,2
358,27,2
358,147,2
359,31,2
361,3,2
361,13,2
361,18,2
361,43,2
361,90,2
361,96,2
362,8,2
363,8,2
365,2,2
365,28,2
365,90,2
367,124,2
368,2,2
370,101,2
370,126,2
371,20,2
371,127,2
371,154,2
371,168,2
373,28,2
373,82,2
373,90,2
373,107,2
373,136,2
373,137,2
374,28,2
375,58,2
378,31,2
379,100,2
380,143,2
381,100,2
382,145,2
383,107,2
384,28,2
385,23,2
386,23,2
386,43,2
387,5,2
387,74,2
390,46,2
391,67,2
393,20,2
394,20,2
395,20,2
396,20,2
397,15,2
398,15,2
399,15,2
399,58,2
400,58,2
401,58,2
402,27,2
402,51,2
403,27,2
404,27,2
405,27,2
406,18,2
407,18,2
407,43,2
408,43,2
409,43,2
410,10,2
410,18,2
0,0,3
0,2,3
0,3,3
0,4,3
0,5,3
0,7,3
0,8,3
0,11,3
0,12,3
0,15,3
0,18,3
0,27,3
0,33,3
0,36,3
0,45,3
0,47,3
0,48,3
0,50,3
0,52,3
0,54,3
0,72,3
0,76,3
0,79,3
0,93,3
0,105,3
0,107,3
0,111,3
0,136,3
0,137,3
0,159,3
0,174,3
0,189,3
0,224,3
0,227,3
0,228,3
1,0,3
1,2,3
1,3,3
1,4,3
1,5,3
1,7,3
1,8,3
1,13,3
1,15,3
1,23,3
1,27,3
1,35,3
1,40,3
1,41,3
1,45,3
1,46,3
1,47,3
1,61,3
1,64,3
1,65,3
1,66,3
1,79,3
1,93,3
1,96,3
1,107,3
1,124,3
1,137,3
1,139,3
1,144,3
1,148,3
1,238,3
2,1,3
2,2,3
2,3,3
2,4,3
2,5,3
2,8,3
2,13,3
2,15,3
2,18,3
2,23,3
2,27,3
2,30,3
2,31,3
2,35,3
2,36,3
2,42,3
2,45,3
2,46,3
2,56,3
2,63,3
2,64,3
2,76,3
2,78,3
2,88,3
2,89,3
2,93,3
2,105,3
2,128,3
2,139,3
2,159,3
2,160,3
2,174,3
2,176,3
2,182,3
2,200,3
2,231,3
2,238,3
3,1,3
3,2,3
3,4,3
3,5,3
3,8,3
3,10,3
3,11,3
3,13,3
3,15,3
3,16,3
3,18,3
3,23,3
3,24,3
3,25,3
3,27,3
3,28,3
3,30,3
3,31,3
3,35,3
3,40,3
3,42,3
3,45,3
3,48,3
3,51,3
3,54,3
3,58,3
3,63,3
3,64,3
3,66,3
3,76,3
3,88,3
3,89,3
3,93,3
3,96,3
3,105,3
3,107,3
3,109,3
3,137,3
3,139,3
3,174,3
3,176,3
3,182,3
3,194,3
3,195,3
3,201,3
4,0,3
4,2,3
4,3,3
4,4,3
4,5,3
4,8,3
4,15,3
4,23,3
4,27,3
4,28,3
4,30,3
4,33,3
4,34,3
4,35,3
4,37,3
4,45,3
4,56,3
4,60,3
4,63,3
4,64,3
4,70,3
4,93,3
4,105,3
4,110,3
4,112,3
4,113,3
4,131,3
4,144,3
4,159,3
4,160,3
4,177,3
4,181,3
4,186,3
4,201,3
4,206,3
4,238,3
4,239,3
5,2,3
5,4,3
5,5,3
5,8,3
5,12,3
5,15,3
5,21,3
5,23,3
5,27,3
5,30,3
5,33,3
5,35,3
5,45,3
5,51,3
5,54,3
5,61,3
5,64,3
5,65,3
5,77,3
5,81,3
5,82,3
5,93,3
5,96,3
5,105,3
5,106,3
5,107,3
5,123,3
5,146,3
5,156,3
5,159,3
5,165,3
6,2,3
6,4,3
6,5,3
6,8,3
6,12,3
6,30,3
6,33,3
6,35,3
6,45,3
6,48,3
6,82,3
6,88,3
6,96,3
6,103,3
6,105,3
6,118,3
6,139,3
6,156,3
6,165,3
6,170,3
7,1,3
7,2,3
7,4,3
7,8,3
7,16,3
7,23,3
7,35,3
7,48,3
7,76,3
7,82,3
7,93,3
7,105,3
7,147,3
7,174,3
7,189,3
8,2,3
8,3,3
8,8,3
8,13,3
8,15,3
8,27,3
8,35,3
8,41,3
8,42,3
8,45,3
8,76,3
8,89,3
8,101,3
8,105,3
8,110,3
8,131,3
8,150,3
9,2,3
9,3,3
9,8,3
9,13,3
9,27,3
9,35,3
9,42,3
9,45,3
9,64,3
9,76,3
9,89,3
9,101,3
9,105,3
9,110,3
9,131,3
9,150,3
10,2,3
10,4,3
10,8,3
10,23,3
10,30,3
10,35,3
10,42,3
10,45,3
10,64,3
10,70,3
10,90,3
10,107,3
10,147,3
10,174,3
11,1,3
11,2,3
11,5,3
11,6,3
11,8,3
11,18,3
11,23,3
11,27,3
11,30,3
11,33,3
11,39,3
11,45,3
11,46,3
11,48,3
11,53,3
11,63,3
11,64,3
11,67,3
11,80,3
11,83,3
11,84,3
11,85,3
11,96,3
11,105,3
11,118,3
11,123,3
11,146,3
11,167,3
11,178,3
11,214,3
11,216,3
12,0,3
12,1,3
12,2,3
12,3,3
12,4,3
12,5,3
12,8,3
12,12,3
12,13,3
12,15,3
12,19,3
12,23,3
12,27,3
12,28,3
12,30,3
12,33,3
12,35,3
12,36,3
12,37,3
12,41,3
12,42,3
12,45,3
12,46,3
12,47,3
12,48,3
12,51,3
12,60,3
12,64,3
12,65,3
12,67,3
12,90,3
12,96,3
12,105,3
12,107,3
12,113,3
12,115,3
12,148,3
12,153,3
12,157,3
12,159,3
12,174,3
12,186,3
12,188,3
12,192,3
12,226,3
13,2,3
13,4,3
13,5,3
13,8,3
13,27,3
13,39,3
13,45,3
13,83,3
13,89,3
13,124,3
13,159,3
14,2,3
14,4,3
14,5,3
14,8,3
14,27,3
14,83,3
14,89,3
14,124,3
14,159,3
15,2,3
15,4,3
15,5,3
15,8,3
15,27,3
15,39,3
15,83,3
15,89,3
15,124,3
15,159,3
16,2,3
16,4,3
16,8,3
16,17,3
16,27,3
16,30,3
16,40,3
16,45,3
16,54,3
16,67,3
16,76,3
16,89,3
16,113,3
16,159,3
17,2,3
17,4,3
17,5,3
17,8,3
17,17,3
17,23,3
17,27,3
17,35,3
17,45,3
17,76,3
17,89,3
17,96,3
17,159,3
17,223,3
18,2,3
18,4,3
18,8,3
18,13,3
18,17,3
18,18,3
18,27,3
18,28,3
18,30,3
18,53,3
18,56,3
18,76,3
18,89,3
18,159,3
18,170,3
19,2,3
19,4,3
19,8,3
19,17,3
19,27,3
19,47,3
19,56,3
19,76,3
19,89,3
19,159,3
20,2,3
20,4,3
20,8,3
20,13,3
20,27,3
20,39,3
20,89,3
20,157,3
20,159,3
21,2,3
21,4,3
21,8,3
21,13,3
21,27,3
21,39,3
21,89,3
21,159,3
22,2,3
22,4,3
22,8,3
22,17,3
22,23,3
22,27,3
22,35,3
22,76,3
22,89,3
22,96,3
22,159,3
23,2,3
23,4,3
23,8,3
23,13,3
23,17,3
23,27,3
23,30,3
23,60,3
23,76,3
23,82,3
23,89,3
23,159,3
24,0,3
24,3,3
24,8,3
24,15,3
24,42,3
24,85,3
24,169,3
25,0,3
25,4,3
25,8,3
25,64,3
25,85,3
26,0,3
26,4,3
26,8,3
26,64,3
26,85,3
27,8,3
27,35,3
27,64,3
27,105,3
28,0,3
28,1,3
28,2,3
28,3,3
28,4,3
28,5,3
28,8,3
28,11,3
28,12,3
28,13,3
28,15,3
28,18,3
28,22,3
28,23,3
28,24,3
28,27,3
28,28,3
28,30,3
28,31,3
28,35,3
28,36,3
28,40,3
28,41,3
28,45,3
28,46,3
28,47,3
28,51,3
28,58,3
28,64,3
28,66,3
28,71,3
28,72,3
28,74,3
28,79,3
28,82,3
28,83,3
28,85,3
28,88,3
28,93,3
28,105,3
28,107,3
28,111,3
28,112,3
28,118,3
28,123,3
28,134,3
28,145,3
28,150,3
28,159,3
28,162,3
28,168,3
28,170,3
28,189,3
28,190,3
28,198,3
28,199,3
28,204,3
28,207,3
28,220,3
28,222,3
28,228,3
29,0,3
29,2,3
29,8,3
29,27,3
29,35,3
29,45,3
29,50,3
29,51,3
29,54,3
29,60,3
29,64,3
29,82,3
29,96,3
29,154,3
29,193,3
29,236,3
30,0,3
30,2,3
30,3,3
30,5,3
30,8,3
30,13,3
30,30,3
30,45,3
30,47,3
30,53,3
30,54,3
30,64,3
30,93,3
30,105,3
30,186,3
30,193,3
30,199,3
30,224,3
30,227,3
31,0,3
31,2,3
31,5,3
31,8,3
31,13,3
31,30,3
31,45,3
31,47,3
31,54,3
31,64,3
31,105,3
31,193,3
31,199,3
31,224,3
31,227,3
32,2,3
32,3,3
32,4,3
32,8,3
32,15,3
32,17,3
32,27,3
32,30,3
32,47,3
32,64,3
32,79,3
32,99,3
32,105,3
32,107,3
32,159,3
33,5,3
33,8,3
33,47,3
34,4,3
34,8,3
34,10,3
34,16,3
34,34,3
34,42,3
34,45,3
34,59,3
34,76,3
34,82,3
34,156,3
34,159,3
34,161,3
34,199,3
35,4,3
35,8,3
35,10,3
35,16,3
35,34,3
35,42,3
35,45,3
35,59,3
35,76,3
35,82,3
35,156,3
35,159,3
35,161,3
35,199,3
36,2,3
36,4,3
36,8,3
36,15,3
36,23,3
36,35,3
36,105,3
36,137,3
36,159,3
37,0,3
37,2,3
37,5,3
37,8,3
37,13,3
37,33,3
37,35,3
37,46,3
37,64,3
37,79,3
37,101,3
37,107,3
37,137,3
37,139,3
38,3,3
38,4,3
38,5,3
38,8,3
38,10,3
38,16,3
38,18,3
38,23,3
38,28,3
38,35,3
38,41,3
38,65,3
38,86,3
38,103,3
38,105,3
38,238,3
39,5,3
39,13,3
39,34,3
39,40,3
39,42,3
39,45,3
39,59,3
39,76,3
39,85,3
39,88,3
39,105,3
39,161,3
40,5,3
40,13,3
40,34,3
40,40,3
40,42,3
40,45,3
40,59,3
40,85,3
40,88,3
40,105,3
40,161,3
41,2,3
41,5,3
41,8,3
41,10,3
41,11,3
41,13,3
41,18,3
41,26,3
41,27,3
41,30,3
41,35,3
41,45,3
41,47,3
41,48,3
41,63,3
41,64,3
41,65,3
41,70,3
41,107,3
41,159,3
41,167,3
41,214,3
42,2,3
42,5,3
42,8,3
42,11,3
42,27,3
42,30,3
42,71,3
42,118,3
43,2,3
43,8,3
43,11,3
43,13,3
43,23,3
43,30,3
43,35,3
43,45,3
43,47,3
43,64,3
43,65,3
43,93,3
43,105,3
43,107,3
43,146,3
44,0,3
44,2,3
44,3,3
44,4,3
44,5,3
44,8,3
44,10,3
44,12,3
44,15,3
44,23,3
44,24,3
44,27,3
44,29,3
44,30,3
44,34,3
44,36,3
44,37,3
44,45,3
44,46,3
44,47,3
44,73,3
44,74,3
44,77,3
44,82,3
44,86,3
44,88,3
44,101,3
44,105,3
44,107,3
44,137,3
44,139,3
44,144,3
44,153,3
44,159,3
44,161,3
44,195,3
44,197,3
44,214,3
44,231,3
45,0,3
45,1,3
45,2,3
45,4,3
45,5,3
45,8,3
45,10,3
45,18,3
45,22,3
45,23,3
45,25,3
45,27,3
45,30,3
45,34,3
45,35,3
45,45,3
45,47,3
45,53,3
45,60,3
45,64,3
45,65,3
45,67,3
45,82,3
45,83,3
45,85,3
45,105,3
45,107,3
45,151,3
45,159,3
45,167,3
45,174,3
45,192,3
45,193,3
45,199,3
45,212,3
45,239,3
46,2,3
46,13,3
46,64,3
46,174,3
47,2,3
47,13,3
47,64,3
47,174,3
48,1,3
48,2,3
48,4,3
48,5,3
48,8,3
48,17,3
48,18,3
48,27,3
48,28,3
48,30,3
48,42,3
48,45,3
48,47,3
48,64,3
48,82,3
48,85,3
48,105,3
48,107,3
48,109,3
48,157,3
48,161,3
48,176,3
49,5,3
49,8,3
49,13,3
49,18,3
49,42,3
49,48,3
49,78,3
49,134,3
50,2,3
50,4,3
50,5,3
50,8,3
50,13,3
50,17,3
50,18,3
50,27,3
50,31,3
50,35,3
50,45,3
50,76,3
50,82,3
50,88,3
50,93,3
50,101,3
50,105,3
50,124,3
50,126,3
50,139,3
50,151,3
50,160,3
51,2,3
51,4,3
51,5,3
51,18,3
51,35,3
51,53,3
51,64,3
51,105,3
51,132,3
51,137,3
51,159,3
52,2,3
52,5,3
52,8,3
52,15,3
52,23,3
52,31,3
52,64,3
52,176,3
52,236,3
53,0,3
53,2,3
53,4,3
53,5,3
53,8,3
53,13,3
53,22,3
53,23,3
53,27,3
53,30,3
53,35,3
53,45,3
53,47,3
53,60,3
53,64,3
53,67,3
53,82,3
53,83,3
53,90,3
53,93,3
53,96,3
53,118,3
53,151,3
53,159,3
53,167,3
53,176,3
53,192,3
53,207,3
53,212,3
54,2,3
54,4,3
54,5,3
54,6,3
54,8,3
54,13,3
54,15,3
54,18,3
54,23,3
54,27,3
54,31,3
54,35,3
54,42,3
54,45,3
54,46,3
54,47,3
54,64,3
54,74,3
54,80,3
54,82,3
54,96,3
54,105,3
54,107,3
54,118,3
54,157,3
54,159,3
54,167,3
54,176,3
54,179,3
54,230,3
55,2,3
55,3,3
55,4,3
55,8,3
55,13,3
55,18,3
55,25,3
55,26,3
55,27,3
55,30,3
55,42,3
55,44,3
55,45,3
55,48,3
55,54,3
55,71,3
55,96,3
55,105,3
55,157,3
55,174,3
55,176,3
56,2,3
56,5,3
56,8,3
56,13,3
56,30,3
56,45,3
56,64,3
56,71,3
56,79,3
56,88,3
56,93,3
56,100,3
56,107,3
56,118,3
56,126,3
56,137,3
56,176,3
57,2,3
57,4,3
57,5,3
57,8,3
57,10,3
57,13,3
57,18,3
57,27,3
57,30,3
57,35,3
57,36,3
57,42,3
57,45,3
57,48,3
57,64,3
57,65,3
57,71,3
57,76,3
57,82,3
57,89,3
57,93,3
57,107,3
57,118,3
57,123,3
57,176,3
57,194,3
57,195,3
57,223,3
57,233,3
58,0,3
58,2,3
58,3,3
58,4,3
58,5,3
58,8,3
58,13,3
58,15,3
58,31,3
58,35,3
58,37,3
58,39,3
58,42,3
58,45,3
58,54,3
58,60,3
58,64,3
58,75,3
58,105,3
58,107,3
58,157,3
58,174,3
58,177,3
58,186,3
58,226,3
59,0,3
59,2,3
59,3,3
59,4,3
59,5,3
59,8,3
59,10,3
59,12,3
59,13,3
59,15,3
59,18,3
59,23,3
59,24,3
59,30,3
59,31,3
59,33,3
59,34,3
59,35,3
59,36,3
59,37,3
59,42,3
59,45,3
59,47,3
59,65,3
59,83,3
59,88,3
59,90,3
59,105,3
59,107,3
59,115,3
59,137,3
59,139,3
59,157,3
59,161,3
59,174,3
59,186,3
59,190,3
59,192,3
59,222,3
59,226,3
59,238,3
60,0,3
60,3,3
60,5,3
60,8,3
60,12,3
60,15,3
60,31,3
60,36,3
60,37,3
60,42,3
60,47,3
60,65,3
60,90,3
60,115,3
60,157,3
60,174,3
60,186,3
60,192,3
60,226,3
61,3,3
61,8,3
61,15,3
61,31,3
61,37,3
61,42,3
61,157,3
62,0,3
62,2,3
62,3,3
62,5,3
62,8,3
62,10,3
62,12,3
62,13,3
62,15,3
62,19,3
62,23,3
62,30,3
62,33,3
62,35,3
62,36,3
62,37,3
62,41,3
62,42,3
62,45,3
62,47,3
62,48,3
62,54,3
62,64,3
62,65,3
62,90,3
62,105,3
62,112,3
62,115,3
62,153,3
62,157,3
62,174,3
62,186,3
62,192,3
62,226,3
63,0,3
63,2,3
63,13,3
63,15,3
63,30,3
63,35,3
63,37,3
63,157,3
63,174,3
63,186,3
63,221,3
63,226,3
64,2,3
64,13,3
64,15,3
64,35,3
64,37,3
64,157,3
64,221,3
65,2,3
65,4,3
65,5,3
65,8,3
65,10,3
65,17,3
65,27,3
65,28,3
65,30,3
65,33,3
65,35,3
65,36,3
65,45,3
65,64,3
65,74,3
65,89,3
65,93,3
65,96,3
65,105,3
65,107,3
65,118,3
65,139,3
65,142,3
65,144,3
65,154,3
65,176,3
65,207,3
66,0,3
66,1,3
66,2,3
66,3,3
66,4,3
66,5,3
66,8,3
66,9,3
66,12,3
66,13,3
66,15,3
66,18,3
66,23,3
66,24,3
66,27,3
66,30,3
66,33,3
66,35,3
66,41,3
66,42,3
66,45,3
66,46,3
66,47,3
66,53,3
66,54,3
66,60,3
66,63,3
66,64,3
66,65,3
66,71,3
66,74,3
66,80,3
66,82,3
66,85,3
66,88,3
66,93,3
66,103,3
66,105,3
66,107,3
66,128,3
66,137,3
66,139,3
66,147,3
66,151,3
66,152,3
66,157,3
66,174,3
66,176,3
66,192,3
66,199,3
66,204,3
66,239,3
67,5,3
68,2,3
68,5,3
68,8,3
68,27,3
68,64,3
68,79,3
68,93,3
68,174,3
69,2,3
69,4,3
69,8,3
69,13,3
69,18,3
69,23,3
69,24,3
69,27,3
69,30,3
69,35,3
69,41,3
69,42,3
69,46,3
69,61,3
69,63,3
69,64,3
69,65,3
69,96,3
69,101,3
69,105,3
69,107,3
69,139,3
69,165,3
69,169,3
69,170,3
69,174,3
69,179,3
69,199,3
69,209,3
69,229,3
70,2,3
70,8,3
70,13,3
70,27,3
70,45,3
70,151,3
71,2,3
71,10,3
71,13,3
71,18,3
71,45,3
71,53,3
71,73,3
71,189,3
71,229,3
72,8,3
72,64,3
72,66,3
72,93,3
72,137,3
72,157,3
73,8,3
73,41,3
73,44,3
73,107,3
74,4,3
74,52,3
75,2,3
75,4,3
76,5,3
76,8,3
76,28,3
76,64,3
76,73,3
76,96,3
76,238,3
78,2,3
78,3,3
78,4,3
78,13,3
78,33,3
78,35,3
78,46,3
78,61,3
78,137,3
79,8,3
79,35,3
79,80,3
80,35,3
81,8,3
81,79,3
81,203,3
82,8,3
83,2,3
83,13,3
83,18,3
83,51,3
83,118,3
84,27,3
84,64,3
84,126,3
85,16,3
86,2,3
86,4,3
86,5,3
86,23,3
86,30,3
86,45,3
86,47,3
86,67,3
86,85,3
86,88,3
86,89,3
86,101,3
86,107,3
87,2,3
87,8,3
87,15,3
87,31,3
87,107,3
87,132,3
87,134,3
87,159,3
88,2,3
88,85,3
88,89,3
88,156,3
88,161,3
89,5,3
89,41,3
89,60,3
89,71,3
89,96,3
89,105,3
89,235,3
90,2,3
90,8,3
90,23,3
90,203,3
91,2,3
91,4,3
91,5,3
91,8,3
91,10,3
91,11,3
91,12,3
91,13,3
91,15,3
91,18,3
91,19,3
91,24,3
91,28,3
91,31,3
91,36,3
91,44,3
91,45,3
91,53,3
91,60,3
91,88,3
91,105,3
91,133,3
91,156,3
91,157,3
91,198,3
92,2,3
92,4,3
92,7,3
92,8,3
92,13,3
92,30,3
92,54,3
92,64,3
92,65,3
92,79,3
92,88,3
92,91,3
92,110,3
92,137,3
92,225,3
93,2,3
93,8,3
93,18,3
93,35,3
93,37,3
93,64,3
93,73,3
93,113,3
93,134,3
93,205,3
94,1,3
94,2,3
94,5,3
94,8,3
94,13,3
94,18,3
94,76,3
94,221,3
95,2,3
95,4,3
95,8,3
95,30,3
95,33,3
95,35,3
95,92,3
95,174,3
96,2,3
96,4,3
96,8,3
96,12,3
96,15,3
96,21,3
96,27,3
96,35,3
96,47,3
96,51,3
96,156,3
96,182,3
97,2,3
97,3,3
97,4,3
97,5,3
97,8,3
97,10,3
97,11,3
97,12,3
97,15,3
97,18,3
97,23,3
97,24,3
97,27,3
97,33,3
97,35,3
97,36,3
97,44,3
97,45,3
97,46,3
97,58,3
97,61,3
97,69,3
97,70,3
97,79,3
97,101,3
97,103,3
97,107,3
97,137,3
97,146,3
97,159,3
97,198,3
98,2,3
98,4,3
98,5,3
98,8,3
98,10,3
98,13,3
98,18,3
98,27,3
98,30,3
98,33,3
98,36,3
98,45,3
98,63,3
98,64,3
98,71,3
98,85,3
98,89,3
98,93,3
98,96,3
98,100,3
98,104,3
98,107,3
98,118,3
98,174,3
98,176,3
98,187,3
98,223,3
99,2,3
99,5,3
99,8,3
99,13,3
99,18,3
99,27,3
99,35,3
99,45,3
99,105,3
99,118,3
99,195,3
99,225,3
100,0,3
100,2,3
100,5,3
100,8,3
100,10,3
100,30,3
100,41,3
100,45,3
100,54,3
100,64,3
100,65,3
100,83,3
100,84,3
100,96,3
100,107,3
100,132,3
100,164,3
100,176,3
100,199,3
100,201,3
100,223,3
100,238,3
101,2,3
101,3,3
101,5,3
101,7,3
101,8,3
101,23,3
101,46,3
101,51,3
101,58,3
101,64,3
101,80,3
101,83,3
101,105,3
101,139,3
101,237,3
102,2,3
102,5,3
102,8,3
102,27,3
102,41,3
102,45,3
102,82,3
102,107,3
102,112,3
102,146,3
102,188,3
103,2,3
103,8,3
103,13,3
103,16,3
103,27,3
103,31,3
103,42,3
103,64,3
103,65,3
103,80,3
103,88,3
103,93,3
103,105,3
103,107,3
103,134,3
103,139,3
103,161,3
103,167,3
103,235,3
104,8,3
104,11,3
104,23,3
104,27,3
104,30,3
104,86,3
104,118,3
105,4,3
105,5,3
105,8,3
105,18,3
105,30,3
105,85,3
105,105,3
105,107,3
106,1,3
106,4,3
106,5,3
106,8,3
106,13,3
106,15,3
106,30,3
106,35,3
106,45,3
106,107,3
107,2,3
107,8,3
107,27,3
107,115,3
109,4,3
109,8,3
111,88,3
111,107,3
112,5,3
112,18,3
112,105,3
113,2,3
113,5,3
113,8,3
113,10,3
113,13,3
113,28,3
113,30,3
113,48,3
113,105,3
113,107,3
114,4,3
114,5,3
114,8,3
114,13,3
114,30,3
114,44,3
114,45,3
114,47,3
114,51,3
114,74,3
114,211,3
115,0,3
115,1,3
115,2,3
115,3,3
115,4,3
115,5,3
115,7,3
115,8,3
115,9,3
115,10,3
115,11,3
115,12,3
115,13,3
115,15,3
115,16,3
115,18,3
115,23,3
115,25,3
115,27,3
115,30,3
115,31,3
115,33,3
115,35,3
115,40,3
115,42,3
115,45,3
115,46,3
115,47,3
115,48,3
115,51,3
115,55,3
115,60,3
115,62,3
115,63,3
115,64,3
115,65,3
115,66,3
115,71,3
115,73,3
115,76,3
115,77,3
115,82,3
115,85,3
115,88,3
115,90,3
115,93,3
115,96,3
115,101,3
115,102,3
115,105,3
115,107,3
115,108,3
115,115,3
115,118,3
115,132,3
115,133,3
115,137,3
115,139,3
115,142,3
115,147,3
115,151,3
115,159,3
115,161,3
115,174,3
115,199,3
115,201,3
115,205,3
115,207,3
115,238,3
115,239,3
116,2,3
116,54,3
116,64,3
116,105,3
116,118,3
116,182,3
116,199,3
117,2,3
117,30,3
117,54,3
117,64,3
117,105,3
117,199,3
118,2,3
118,5,3
118,23,3
118,33,3
118,35,3
118,45,3
118,50,3
118,64,3
118,66,3
118,86,3
118,93,3
118,113,3
118,146,3
118,169,3
119,2,3
119,8,3
119,16,3
119,18,3
119,42,3
119,45,3
119,82,3
119,107,3
120,2,3
120,8,3
120,16,3
120,18,3
120,42,3
120,45,3
120,82,3
121,2,3
121,3,3
121,4,3
121,5,3
121,8,3
121,13,3
121,15,3
121,30,3
121,33,3
121,45,3
121,63,3
121,64,3
121,66,3
121,69,3
121,71,3
121,73,3
121,93,3
121,96,3
121,105,3
121,107,3
121,110,3
121,134,3
121,156,3
121,176,3
121,197,3
121,198,3
121,199,3
121,211,3
121,228,3
122,2,3
122,5,3
122,8,3
122,15,3
122,35,3
122,45,3
123,2,3
123,4,3
123,8,3
123,12,3
123,15,3
123,21,3
123,27,3
123,35,3
123,47,3
123,51,3
123,156,3
124,1,3
124,2,3
124,3,3
124,8,3
124,18,3
124,32,3
124,33,3
124,40,3
124,45,3
124,46,3
124,64,3
124,82,3
124,107,3
124,128,3
124,176,3
125,2,3
125,5,3
125,8,3
125,23,3
125,35,3
125,40,3
125,45,3
125,48,3
125,105,3
125,107,3
125,120,3
126,8,3
126,12,3
126,195,3
127,13,3
127,23,3
127,73,3
127,105,3
128,2,3
128,4,3
128,8,3
128,15,3
128,16,3
128,36,3
128,65,3
128,88,3
129,2,3
129,4,3
129,8,3
129,15,3
129,16,3
129,36,3
129,65,3
129,88,3
130,2,3
130,4,3
130,8,3
130,13,3
130,53,3
131,2,3
131,4,3
131,8,3
131,13,3
131,53,3
131,96,3
132,5,3
132,8,3
132,13,3
132,42,3
132,48,3
132,78,3
132,134,3
132,235,3
133,1,3
133,2,3
133,4,3
133,8,3
133,25,3
133,47,3
133,55,3
133,56,3
133,71,3
133,79,3
133,88,3
133,96,3
133,105,3
133,126,3
133,159,3
133,174,3
134,2,3
134,4,3
134,5,3
134,8,3
134,13,3
134,16,3
134,18,3
134,27,3
134,28,3
134,30,3
134,35,3
134,38,3
134,42,3
134,45,3
134,53,3
134,65,3
134,76,3
134,86,3
134,88,3
134,89,3
134,93,3
134,105,3
134,107,3
134,136,3
134,139,3
134,174,3
134,175,3
134,176,3
135,4,3
135,5,3
135,89,3
136,4,3
136,5,3
136,89,3
137,2,3
137,4,3
137,5,3
137,8,3
137,10,3
137,15,3
137,16,3
137,23,3
137,30,3
137,35,3
137,42,3
137,45,3
137,51,3
137,67,3
137,88,3
137,89,3
137,105,3
137,107,3
137,178,3
137,220,3
138,1,3
138,2,3
138,4,3
138,5,3
138,8,3
138,9,3
138,13,3
138,35,3
138,45,3
138,64,3
138,71,3
138,82,3
138,96,3
138,107,3
138,137,3
138,146,3
138,156,3
138,174,3
138,198,3
139,2,3
139,5,3
139,8,3
139,10,3
139,18,3
139,24,3
139,30,3
139,33,3
139,35,3
139,45,3
139,51,3
139,63,3
139,64,3
139,90,3
139,101,3
139,105,3
139,107,3
139,159,3
139,167,3
139,197,3
140,2,3
140,5,3
140,8,3
140,11,3
140,23,3
140,28,3
140,35,3
140,56,3
140,71,3
140,96,3
140,105,3
140,107,3
140,134,3
141,2,3
141,4,3
141,5,3
141,8,3
141,16,3
141,27,3
141,53,3
141,63,3
141,86,3
142,8,3
142,64,3
142,230,3
142,236,3
143,2,3
143,4,3
143,5,3
143,8,3
143,27,3
143,28,3
143,33,3
143,42,3
143,45,3
143,74,3
143,76,3
143,82,3
143,83,3
143,88,3
143,96,3
143,105,3
143,107,3
143,118,3
143,167,3
143,174,3
144,2,3
144,4,3
144,5,3
144,8,3
144,27,3
144,30,3
144,35,3
144,42,3
144,64,3
144,65,3
144,71,3
144,76,3
144,82,3
144,88,3
144,93,3
144,96,3
144,101,3
144,105,3
144,107,3
144,159,3
144,174,3
144,177,3
144,199,3
144,220,3
144,233,3
145,1,3
145,16,3
145,18,3
145,30,3
145,35,3
145,64,3
145,82,3
145,139,3
145,157,3
146,1,3
146,10,3
146,16,3
146,18,3
146,30,3
146,35,3
146,64,3
146,82,3
146,139,3
146,157,3
147,2,3
147,5,3
147,8,3
147,13,3
147,34,3
147,35,3
147,42,3
147,45,3
147,53,3
147,64,3
147,118,3
147,159,3
147,161,3
147,182,3
147,185,3
148,5,3
148,73,3
149,2,3
149,4,3
149,13,3
149,15,3
149,18,3
149,64,3
149,89,3
149,96,3
149,105,3
149,144,3
149,175,3
149,177,3
152,2,3
152,5,3
152,8,3
152,10,3
152,15,3
153,8,3
153,24,3
154,2,3
154,5,3
154,13,3
154,24,3
154,51,3
154,73,3
154,82,3
154,86,3
155,107,3
156,2,3
156,5,3
156,15,3
156,27,3
156,30,3
156,35,3
156,45,3
156,63,3
156,64,3
156,77,3
156,82,3
156,107,3
156,159,3
157,5,3
157,8,3
157,27,3
157,30,3
157,76,3
157,127,3
157,146,3
158,1,3
158,2,3
158,4,3
158,5,3
158,8,3
158,9,3
158,13,3
158,18,3
158,21,3
158,24,3
158,27,3
158,41,3
158,45,3
158,53,3
158,64,3
158,77,3
158,82,3
158,84,3
158,93,3
158,105,3
158,117,3
158,136,3
158,170,3
158,178,3
158,211,3
158,229,3
159,5,3
159,8,3
159,41,3
159,107,3
160,118,3
161,2,3
161,4,3
161,6,3
161,8,3
161,10,3
161,13,3
161,17,3
161,23,3
161,27,3
161,28,3
161,37,3
161,61,3
161,67,3
161,105,3
161,107,3
161,159,3
161,231,3
161,238,3
161,239,3
162,8,3
162,35,3
162,157,3
162,159,3
163,2,3
163,8,3
163,10,3
163,13,3
163,35,3
163,64,3
163,76,3
163,152,3
164,2,3
164,5,3
164,8,3
164,18,3
164,35,3
164,64,3
164,76,3
164,103,3
165,8,3
165,27,3
165,35,3
165,42,3
165,221,3
166,2,3
166,4,3
166,7,3
166,18,3
166,64,3
166,71,3
166,105,3
166,107,3
166,112,3
166,230,3
167,5,3
167,8,3
167,18,3
167,45,3
167,60,3
167,195,3
168,23,3
168,35,3
168,41,3
168,157,3
169,5,3
169,8,3
169,15,3
169,45,3
169,60,3
169,63,3
169,64,3
170,1,3
170,2,3
170,3,3
170,5,3
170,8,3
170,15,3
170,23,3
170,28,3
170,31,3
170,35,3
170,45,3
170,63,3
170,80,3
170,83,3
170,93,3
170,103,3
170,105,3
170,118,3
170,126,3
170,133,3
170,137,3
170,159,3
171,4,3
171,8,3
171,13,3
171,16,3
171,23,3
171,27,3
171,28,3
171,45,3
171,60,3
171,64,3
171,88,3
171,108,3
171,136,3
171,137,3
171,139,3
172,2,3
172,5,3
172,45,3
172,96,3
172,105,3
172,107,3
172,188,3
173,2,3
173,3,3
173,4,3
173,5,3
173,8,3
173,13,3
173,15,3
173,24,3
173,27,3
173,28,3
173,31,3
173,35,3
173,41,3
173,45,3
173,54,3
173,64,3
173,73,3
173,79,3
173,82,3
173,85,3
173,93,3
173,105,3
173,107,3
173,108,3
173,118,3
173,124,3
173,133,3
173,137,3
173,144,3
173,157,3
173,159,3
174,40,3
174,94,3
174,107,3
174,174,3
175,4,3
175,5,3
175,8,3
175,13,3
175,27,3
175,46,3
175,47,3
176,4,3
176,44,3
177,4,3
177,5,3
177,8,3
177,30,3
177,35,3
177,45,3
177,105,3
178,5,3
178,6,3
178,8,3
178,11,3
178,15,3
178,33,3
178,36,3
178,60,3
178,64,3
178,105,3
178,137,3
178,170,3
178,182,3
179,59,3
179,86,3
179,96,3
179,144,3
180,5,3
180,8,3
180,176,3
181,17,3
181,76,3
182,8,3
182,136,3
183,2,3
183,8,3
184,2,3
184,4,3
184,5,3
184,8,3
184,18,3
184,23,3
184,27,3
184,28,3
184,30,3
184,31,3
184,35,3
184,36,3
184,41,3
184,45,3
184,54,3
184,64,3
184,65,3
184,73,3
184,80,3
184,90,3
184,96,3
184,107,3
184,110,3
184,117,3
184,127,3
184,137,3
184,159,3
184,160,3
184,170,3
184,195,3
185,2,3
185,4,3
185,5,3
185,8,3
185,12,3
185,27,3
185,30,3
185,45,3
185,63,3
185,64,3
185,65,3
185,79,3
185,101,3
185,105,3
185,107,3
186,13,3
186,27,3
187,2,3
187,3,3
187,4,3
187,5,3
187,8,3
187,9,3
187,13,3
187,15,3
187,19,3
187,23,3
187,24,3
187,45,3
187,48,3
187,55,3
187,64,3
187,83,3
187,85,3
187,93,3
187,96,3
187,107,3
187,153,3
187,169,3
188,1,3
188,2,3
188,4,3
188,5,3
188,9,3
188,11,3
188,13,3
188,15,3
188,31,3
188,33,3
188,34,3
188,45,3
188,46,3
188,59,3
188,60,3
188,93,3
188,105,3
188,109,3
188,140,3
188,156,3
188,161,3
188,176,3
188,182,3
188,204,3
189,2,3
189,5,3
189,17,3
189,18,3
189,159,3
190,2,3
190,18,3
190,23,3
190,41,3
190,45,3
190,64,3
190,157,3
191,1,3
191,2,3
191,4,3
191,16,3
191,35,3
191,64,3
191,82,3
191,174,3
192,0,3
192,1,3
192,2,3
192,3,3
192,4,3
192,5,3
192,8,3
192,9,3
192,12,3
192,15,3
192,24,3
192,30,3
192,31,3
192,35,3
192,41,3
192,42,3
192,45,3
192,48,3
192,64,3
192,85,3
192,105,3
192,123,3
192,146,3
193,2,3
193,5,3
193,8,3
193,13,3
193,15,3
193,23,3
193,30,3
193,35,3
193,45,3
193,54,3
193,62,3
193,64,3
193,69,3
193,85,3
193,101,3
193,105,3
193,159,3
194,2,3
194,4,3
194,5,3
194,8,3
194,12,3
194,13,3
194,18,3
194,27,3
194,35,3
194,45,3
194,46,3
194,58,3
194,64,3
194,67,3
194,80,3
194,81,3
194,82,3
194,93,3
194,105,3
194,107,3
194,118,3
194,123,3
194,144,3
194,157,3
194,159,3
194,176,3
194,197,3
194,198,3
194,222,3
194,234,3
195,2,3
195,4,3
195,8,3
195,11,3
195,13,3
195,23,3
195,27,3
195,32,3
195,33,3
195,35,3
195,51,3
195,53,3
195,64,3
195,74,3
195,85,3
195,93,3
195,96,3
195,105,3
195,107,3
195,137,3
195,140,3
195,159,3
195,234,3
196,2,3
196,4,3
196,5,3
196,8,3
196,15,3
196,25,3
196,27,3
196,30,3
196,35,3
196,45,3
196,53,3
196,54,3
196,64,3
196,86,3
196,105,3
196,118,3
196,139,3
196,176,3
196,177,3
196,187,3
196,192,3
196,197,3
197,2,3
197,4,3
197,5,3
197,13,3
197,15,3
197,18,3
197,35,3
197,47,3
197,60,3
197,64,3
197,86,3
197,93,3
197,96,3
197,105,3
197,118,3
197,137,3
197,233,3
197,238,3
198,2,3
198,8,3
198,13,3
198,23,3
198,27,3
198,96,3
198,105,3
198,200,3
199,8,3
199,93,3
199,105,3
200,1,3
200,2,3
200,3,3
200,4,3
200,5,3
200,8,3
200,13,3
200,24,3
200,27,3
200,34,3
200,35,3
200,41,3
200,45,3
200,60,3
200,64,3
200,76,3
200,78,3
200,82,3
200,89,3
200,96,3
200,101,3
200,107,3
200,118,3
200,133,3
200,139,3
200,148,3
200,159,3
200,190,3
200,204,3
201,2,3
201,4,3
201,5,3
201,8,3
201,11,3
201,13,3
201,35,3
201,45,3
201,64,3
201,66,3
201,93,3
201,105,3
201,130,3
201,132,3
201,189,3
201,195,3
201,201,3
201,223,3
202,1,3
202,5,3
202,8,3
202,13,3
202,15,3
202,23,3
202,27,3
202,64,3
202,73,3
202,93,3
202,96,3
202,105,3
202,118,3
202,156,3
203,4,3
203,5,3
203,8,3
203,13,3
203,30,3
203,64,3
203,70,3
203,77,3
203,89,3
203,107,3
204,2,3
204,4,3
204,5,3
204,8,3
204,13,3
204,24,3
204,30,3
204,64,3
204,105,3
204,137,3
204,174,3
204,192,3
204,202,3
205,2,3
205,3,3
205,8,3
205,11,3
205,15,3
205,18,3
205,23,3
205,24,3
205,31,3
205,33,3
205,36,3
205,45,3
205,51,3
205,56,3
205,58,3
205,64,3
205,65,3
205,74,3
205,79,3
205,85,3
205,108,3
205,118,3
205,144,3
205,185,3
206,2,3
206,3,3
206,5,3
206,8,3
206,10,3
206,18,3
206,23,3
206,35,3
206,41,3
206,46,3
206,47,3
206,58,3
206,64,3
206,67,3
206,69,3
206,86,3
206,87,3
206,93,3
206,105,3
206,107,3
206,137,3
206,147,3
206,159,3
206,216,3
207,11,3
207,13,3
207,67,3
207,124,3
207,159,3
208,0,3
208,2,3
208,4,3
208,5,3
208,8,3
208,15,3
208,27,3
208,30,3
208,45,3
208,53,3
208,61,3
208,69,3
208,167,3
208,174,3
209,2,3
209,5,3
209,8,3
209,27,3
209,64,3
209,79,3
209,85,3
209,101,3
209,105,3
209,159,3
210,1,3
210,30,3
210,38,3
210,45,3
210,64,3
210,86,3
210,96,3
210,127,3
210,139,3
210,149,3
210,169,3
210,214,3
211,1,3
211,2,3
211,5,3
211,8,3
211,10,3
211,12,3
211,15,3
211,18,3
211,25,3
211,27,3
211,33,3
211,35,3
211,36,3
211,40,3
211,41,3
211,45,3
211,64,3
211,80,3
211,89,3
211,93,3
211,96,3
211,105,3
211,107,3
211,109,3
211,129,3
211,137,3
211,139,3
211,159,3
211,167,3
211,174,3
211,176,3
212,4,3
212,5,3
212,8,3
212,27,3
213,23,3
213,30,3
213,31,3
213,64,3
213,161,3
214,30,3
214,35,3
215,5,3
215,51,3
216,1,3
216,2,3
216,4,3
216,7,3
216,8,3
216,23,3
216,27,3
216,30,3
216,45,3
216,46,3
216,51,3
216,53,3
216,64,3
216,79,3
216,96,3
216,105,3
216,118,3
216,159,3
216,234,3
217,1,3
217,2,3
217,5,3
217,8,3
217,11,3
217,13,3
217,23,3
217,31,3
217,33,3
217,45,3
217,76,3
217,105,3
217,133,3
217,159,3
217,161,3
217,176,3
217,182,3
218,2,3
218,4,3
218,5,3
218,10,3
218,13,3
218,27,3
218,35,3
218,45,3
218,54,3
218,64,3
218,65,3
218,96,3
218,105,3
218,107,3
218,109,3
218,110,3
218,132,3
218,159,3
218,201,3
218,221,3
219,2,3
219,3,3
219,4,3
219,5,3
219,8,3
219,11,3
219,27,3
219,64,3
219,73,3
220,5,3
220,8,3
220,144,3
221,2,3
221,5,3
221,8,3
221,13,3
221,15,3
221,28,3
221,35,3
221,45,3
221,64,3
221,105,3
221,197,3
222,15,3
222,27,3
222,33,3
222,107,3
223,5,3
223,8,3
223,13,3
223,27,3
223,28,3
223,31,3
223,45,3
223,47,3
223,48,3
223,52,3
223,60,3
223,61,3
223,64,3
223,85,3
223,91,3
223,105,3
223,107,3
223,118,3
223,132,3
223,137,3
223,176,3
224,4,3
224,8,3
224,35,3
225,232,3
225,236,3
226,2,3
226,8,3
226,23,3
226,27,3
226,28,3
226,31,3
226,33,3
226,34,3
226,40,3
226,83,3
226,105,3
226,107,3
226,157,3
226,161,3
226,238,3
227,2,3
227,8,3
227,35,3
227,105,3
227,132,3
228,103,3
228,118,3
229,2,3
229,4,3
229,5,3
229,8,3
229,13,3
229,27,3
229,45,3
229,53,3
229,64,3
229,107,3
229,151,3
229,189,3
230,2,3
230,4,3
230,5,3
230,8,3
230,23,3
230,27,3
230,30,3
230,35,3
230,45,3
230,54,3
230,64,3
230,67,3
230,89,3
230,93,3
230,105,3
230,107,3
230,109,3
230,118,3
230,137,3
230,176,3
230,238,3
231,4,3
231,5,3
231,8,3
231,47,3
231,54,3
231,61,3
231,64,3
231,69,3
231,105,3
231,107,3
231,137,3
231,180,3
232,13,3
232,30,3
232,35,3
232,159,3
233,2,3
233,64,3
233,90,3
233,107,3
233,225,3
235,2,3
235,4,3
235,5,3
235,8,3
235,13,3
235,30,3
235,31,3
235,33,3
235,42,3
235,64,3
235,71,3
235,83,3
235,174,3
236,0,3
236,3,3
236,5,3
236,8,3
236,12,3
236,36,3
236,47,3
236,65,3
236,90,3
236,115,3
236,118,3
236,174,3
236,192,3
237,0,3
237,3,3
237,5,3
237,8,3
237,12,3
237,36,3
237,47,3
237,65,3
237,90,3
237,115,3
237,174,3
237,192,3
238,2,3
238,12,3
239,42,3
240,4,3
240,5,3
240,8,3
240,71,3
240,174,3
240,216,3
241,13,3
241,109,3
242,2,3
242,8,3
242,16,3
242,39,3
242,74,3
242,105,3
243,23,3
243,27,3
243,174,3
244,4,3
244,5,3
244,96,3
245,8,3
245,64,3
245,79,3
246,10,3
246,105,3
247,2,3
247,8,3
247,13,3
247,15,3
247,23,3
247,79,3
247,85,3
247,137,3
247,177,3
248,0,3
248,2,3
248,3,3
248,4,3
248,5,3
248,8,3
248,27,3
248,30,3
248,45,3
248,46,3
248,61,3
248,89,3
248,93,3
248,105,3
248,144,3
248,176,3
248,199,3
249,105,3
250,2,3
250,8,3
250,62,3
250,113,3
251,2,3
251,4,3
251,31,3
251,46,3
252,64,3
254,2,3
254,4,3
254,5,3
254,8,3
254,10,3
254,11,3
254,13,3
254,23,3
254,33,3
254,35,3
254,45,3
254,47,3
254,63,3
254,65,3
254,82,3
254,85,3
254,93,3
254,124,3
254,127,3
254,146,3
254,159,3
254,174,3
254,176,3
255,8,3
255,12,3
255,13,3
255,31,3
255,35,3
255,53,3
255,64,3
255,73,3
255,107,3
256,27,3
256,30,3
256,76,3
256,199,3
257,2,3
257,5,3
257,23,3
257,35,3
257,42,3
257,64,3
257,76,3
257,105,3
257,142,3
258,2,3
258,8,3
258,35,3
258,76,3
259,2,3
259,4,3
259,7,3
259,8,3
259,18,3
259,42,3
259,64,3
259,79,3
259,91,3
260,2,3
260,5,3
260,8,3
260,23,3
260,45,3
260,58,3
260,176,3
260,197,3
261,5,3
261,8,3
261,10,3
261,15,3
261,51,3
261,64,3
261,96,3
261,105,3
261,151,3
261,157,3
261,235,3
262,2,3
262,5,3
262,8,3
262,30,3
262,45,3
262,47,3
262,88,3
262,105,3
262,235,3
263,13,3
263,27,3
263,102,3
264,4,3
264,5,3
264,89,3
265,4,3
265,5,3
265,89,3
266,2,3
266,4,3
266,5,3
266,8,3
266,13,3
266,18,3
266,27,3
266,35,3
266,47,3
266,64,3
266,86,3
266,105,3
266,107,3
266,174,3
266,192,3
266,198,3
267,1,3
267,2,3
267,4,3
267,16,3
267,35,3
267,64,3
267,82,3
267,174,3
268,1,3
268,2,3
268,4,3
268,35,3
268,174,3
269,5,3
269,8,3
269,23,3
269,64,3
270,1,3
270,2,3
270,4,3
270,5,3
270,8,3
270,12,3
270,13,3
270,18,3
270,27,3
270,30,3
270,45,3
270,65,3
270,85,3
270,96,3
270,144,3
270,202,3
271,5,3
271,35,3
271,96,3
272,4,3
272,5,3
272,63,3
272,105,3
273,1,3
273,4,3
273,5,3
273,8,3
273,30,3
273,47,3
273,64,3
273,71,3
273,89,3
273,126,3
273,139,3
274,8,3
274,39,3
274,61,3
274,107,3
274,156,3
275,2,3
275,5,3
275,8,3
275,13,3
275,18,3
275,24,3
275,27,3
275,28,3
275,30,3
275,35,3
275,45,3
275,47,3
275,48,3
275,55,3
275,64,3
275,71,3
275,73,3
275,86,3
275,159,3
275,176,3
275,178,3
275,182,3
275,195,3
275,237,3
276,2,3
276,4,3
277,2,3
277,4,3
279,8,3
280,2,3
280,30,3
280,45,3
281,2,3
281,3,3
281,8,3
281,15,3
281,23,3
281,76,3
281,82,3
281,107,3
281,117,3
281,146,3
281,149,3
281,174,3
281,197,3
281,232,3
282,2,3
282,31,3
282,46,3
282,63,3
283,2,3
283,4,3
283,8,3
283,15,3
283,30,3
283,33,3
283,35,3
283,36,3
283,42,3
283,45,3
283,51,3
283,61,3
283,64,3
283,80,3
283,83,3
283,157,3
283,169,3
283,175,3
283,178,3
283,189,3
283,211,3
284,4,3
284,8,3
284,35,3
285,8,3
285,64,3
286,2,3
286,5,3
286,8,3
286,13,3
286,18,3
286,23,3
286,30,3
286,45,3
286,46,3
286,60,3
286,82,3
286,105,3
286,107,3
286,121,3
286,156,3
286,159,3
286,179,3
286,199,3
286,230,3
288,2,3
288,4,3
288,8,3
288,18,3
288,23,3
288,35,3
288,64,3
288,73,3
288,76,3
288,93,3
288,96,3
288,105,3
288,113,3
288,195,3
289,8,3
289,33,3
291,107,3
292,8,3
292,13,3
292,23,3
292,53,3
292,108,3
293,2,3
293,4,3
293,5,3
293,8,3
293,13,3
293,27,3
293,33,3
293,45,3
293,88,3
293,93,3
293,107,3
293,175,3
293,233,3
294,8,3
294,15,3
294,31,3
294,35,3
294,40,3
294,64,3
294,107,3
295,4,3
295,60,3
296,5,3
296,23,3
296,27,3
296,79,3
296,105,3
296,137,3
296,199,3
296,200,3
297,2,3
297,3,3
297,4,3
297,5,3
297,8,3
297,13,3
297,15,3
297,30,3
297,35,3
297,38,3
297,45,3
297,50,3
297,64,3
297,86,3
297,107,3
297,113,3
297,137,3
298,4,3
298,8,3
298,13,3
298,23,3
298,45,3
298,64,3
298,73,3
298,96,3
298,159,3
299,2,3
299,3,3
299,4,3
299,5,3
299,48,3
299,67,3
300,23,3
300,27,3
300,30,3
300,31,3
300,36,3
300,45,3
300,58,3
300,64,3
300,105,3
301,5,3
301,8,3
301,13,3
302,0,3
302,2,3
302,3,3
302,5,3
302,8,3
302,13,3
302,18,3
302,24,3
302,30,3
302,45,3
302,71,3
302,82,3
302,90,3
302,93,3
302,101,3
302,105,3
302,139,3
302,206,3
303,23,3
303,35,3
304,51,3
304,66,3
305,2,3
305,5,3
305,8,3
305,64,3
305,105,3
305,154,3
306,4,3
306,7,3
306,8,3
306,17,3
306,23,3
306,30,3
306,62,3
306,64,3
306,105,3
306,107,3
307,82,3
307,174,3
308,4,3
308,13,3
308,15,3
308,107,3
309,8,3
309,13,3
309,189,3
310,23,3
310,33,3
311,2,3
311,4,3
311,5,3
311,8,3
311,23,3
311,34,3
311,35,3
311,36,3
311,45,3
311,48,3
311,64,3
311,105,3
311,134,3
311,176,3
312,4,3
312,31,3
312,40,3
312,64,3
312,159,3
313,2,3
313,16,3
313,73,3
315,33,3
315,51,3
315,64,3
315,105,3
315,144,3
316,2,3
316,4,3
316,5,3
316,8,3
316,10,3
316,27,3
316,31,3
316,45,3
316,60,3
316,101,3
316,105,3
316,107,3
316,130,3
316,175,3
317,13,3
317,107,3
318,8,3
318,105,3
319,30,3
319,64,3
319,105,3
319,107,3
320,2,3
320,8,3
320,15,3
320,30,3
321,8,3
321,13,3
321,23,3
321,61,3
321,64,3
321,96,3
321,195,3
322,0,3
322,2,3
322,8,3
322,15,3
322,18,3
322,28,3
322,31,3
322,33,3
322,45,3
322,46,3
322,93,3
322,105,3
322,112,3
322,131,3
322,173,3
323,4,3
323,5,3
323,23,3
323,105,3
325,2,3
325,8,3
325,35,3
325,36,3
326,2,3
326,60,3
326,88,3
327,2,3
327,4,3
327,8,3
327,13,3
327,30,3
327,35,3
327,181,3
329,2,3
330,2,3
330,4,3
330,8,3
330,45,3
331,2,3
331,5,3
331,8,3
331,13,3
331,15,3
331,18,3
331,33,3
331,45,3
331,46,3
331,55,3
331,64,3
331,137,3
331,159,3
332,2,3
333,8,3
333,45,3
333,64,3
333,73,3
334,2,3
334,6,3
334,8,3
334,31,3
335,8,3
336,1,3
336,2,3
336,5,3
336,23,3
336,27,3
336,40,3
336,64,3
336,107,3
336,128,3
336,159,3
336,197,3
337,154,3
337,167,3
338,2,3
338,4,3
338,5,3
338,13,3
338,15,3
338,27,3
338,30,3
338,32,3
338,45,3
338,64,3
338,93,3
338,117,3
338,123,3
339,4,3
339,5,3
339,8,3
339,13,3
339,28,3
339,45,3
340,5,3
340,8,3
340,30,3
340,47,3
340,77,3
340,96,3
340,105,3
342,73,3
342,110,3
343,2,3
343,8,3
343,30,3
343,35,3
343,45,3
343,92,3
343,105,3
343,117,3
343,221,3
344,2,3
344,110,3
345,2,3
345,4,3
345,67,3
346,5,3
346,23,3
347,31,3
347,36,3
347,61,3
347,64,3
347,65,3
347,157,3
348,3,3
348,4,3
348,5,3
348,8,3
348,13,3
348,107,3
348,179,3
349,2,3
349,35,3
349,64,3
349,88,3
350,105,3
351,2,3
352,5,3
352,8,3
352,16,3
352,64,3
352,93,3
352,107,3
353,2,3
353,4,3
353,8,3
353,35,3
353,42,3
353,45,3
353,64,3
353,105,3
353,107,3
353,118,3
353,176,3
354,2,3
354,4,3
354,8,3
354,13,3
354,28,3
354,64,3
354,96,3
354,107,3
354,126,3
354,176,3
356,4,3
356,8,3
356,64,3
356,105,3
356,107,3
356,174,3
356,198,3
357,1,3
357,2,3
357,4,3
357,5,3
357,8,3
357,13,3
357,35,3
357,54,3
357,64,3
357,85,3
357,93,3
357,118,3
358,8,3
358,13,3
358,18,3
359,2,3
359,4,3
359,5,3
359,8,3
359,13,3
359,18,3
359,35,3
359,53,3
359,64,3
359,105,3
359,107,3
359,167,3
359,174,3
360,4,3
360,8,3
360,15,3
360,90,3
360,110,3
361,1,3
361,5,3
361,10,3
361,45,3
361,60,3
361,67,3
361,96,3
362,67,3
362,144,3
362,174,3
363,5,3
363,32,3
363,60,3
363,107,3
366,73,3
367,2,3
367,18,3
368,107,3
369,2,3
369,8,3
369,45,3
369,93,3
370,5,3
370,51,3
371,8,3
371,13,3
371,16,3
371,64,3
371,93,3
371,175,3
372,2,3
372,5,3
372,134,3
372,136,3
372,161,3
373,5,3
373,8,3
373,18,3
373,64,3
373,73,3
373,159,3
373,182,3
374,8,3
375,27,3
375,64,3
375,105,3
376,2,3
376,4,3
376,13,3
376,35,3
376,64,3
376,88,3
377,35,3
378,8,3
380,8,3
380,10,3
380,31,3
380,105,3
381,28,3
381,30,3
381,35,3
381,64,3
381,118,3
383,13,3
383,27,3
383,45,3
383,105,3
384,5,3
384,45,3
384,64,3
384,137,3
385,63,3
385,105,3
386,2,3
386,4,3
386,5,3
386,8,3
386,27,3
386,35,3
386,42,3
386,53,3
386,64,3
386,218,3
387,46,3
387,63,3
389,73,3
389,178,3
390,107,3
391,2,3
392,64,3
393,45,3
393,134,3
393,152,3
394,8,3
394,40,3
394,74,3
394,96,3
394,204,3
395,5,3
395,8,3
395,64,3
396,8,3
396,33,3
397,5,3
398,5,3
399,2,3
399,5,3
399,8,3
399,45,3
399,64,3
399,157,3
400,2,3
400,5,3
400,8,3
400,45,3
400,64,3
400,157,3
401,2,3
401,8,3
401,45,3
401,157,3
402,5,3
402,8,3
402,64,3
402,134,3
403,8,3
404,8,3
405,64,3
405,167,3
406,1,3
406,2,3
406,67,3
406,134,3
407,2,3
407,4,3
407,5,3
407,8,3
407,27,3
407,35,3
407,42,3
407,53,3
407,64,3
407,218,3
408,8,3
408,64,3
409,2,3
409,4,3
409,5,3
409,8,3
409,27,3
409,35,3
409,42,3
409,53,3
409,64,3
409,218,3
0,0,4
0,2,4
0,3,4
0,4,4
0,8,4
0,11,4
0,12,4
0,18,4
0,27,4
0,30,4
0,35,4
0,36,4
0,42,4
0,45,4
0,51,4
0,64,4
0,79,4
0,82,4
0,88,4
0,100,4
0,120,4
0,137,4
0,173,4
0,184,4
0,194,4
0,198,4
0,210,4
1,0,4
1,2,4
1,4,4
1,5,4
1,6,4
1,11,4
1,13,4
1,35,4
1,41,4
1,45,4
1,47,4
1,48,4
1,53,4
1,57,4
1,64,4
1,77,4
1,89,4
1,100,4
1,120,4
1,137,4
1,177,4
1,210,4
2,0,4
2,1,4
2,2,4
2,4,4
2,5,4
2,8,4
2,11,4
2,18,4
2,23,4
2,24,4
2,25,4
2,28,4
2,30,4
2,35,4
2,38,4
2,42,4
2,45,4
2,46,4
2,48,4
2,52,4
2,63,4
2,87,4
2,88,4
2,93,4
2,105,4
2,123,4
2,139,4
2,157,4
2,159,4
2,177,4
2,182,4
2,187,4
2,194,4
2,201,4
2,213,4
2,242,4
2,246,4
2,268,4
3,1,4
3,2,4
3,4,4
3,5,4
3,8,4
3,12,4
3,13,4
3,18,4
3,19,4
3,27,4
3,30,4
3,35,4
3,38,4
3,42,4
3,43,4
3,45,4
3,47,4
3,48,4
3,64,4
3,70,4
3,77,4
3,88,4
3,94,4
3,96,4
3,104,4
3,107,4
3,123,4
3,124,4
3,128,4
3,139,4
3,145,4
3,157,4
3,159,4
3,177,4
3,194,4
3,199,4
3,201,4
3,202,4
3,205,4
3,213,4
3,246,4
3,268,4
4,0,4
4,1,4
4,2,4
4,3,4
4,4,4
4,6,4
4,8,4
4,13,4
4,23,4
4,24,4
4,25,4
4,27,4
4,30,4
4,31,4
4,45,4
4,46,4
4,47,4
4,48,4
4,52,4
4,57,4
4,63,4
4,66,4
4,76,4
4,81,4
4,83,4
4,87,4
4,88,4
4,100,4
4,101,4
4,104,4
4,105,4
4,107,4
4,128,4
4,132,4
4,136,4
4,137,4
4,144,4
4,157,4
4,159,4
4,160,4
4,172,4
4,175,4
4,198,4
4,243,4
4,246,4
4,260,4
5,1,4
5,2,4
5,4,4
5,5,4
5,8,4
5,13,4
5,31,4
5,33,4
5,45,4
5,46,4
5,53,4
5,54,4
5,64,4
5,73,4
5,104,4
5,107,4
5,118,4
5,121,4
5,172,4
5,173,4
5,174,4
5,175,4
5,184,4
5,244,4
5,249,4
6,0,4
6,2,4
6,4,4
6,5,4
6,8,4
6,12,4
6,13,4
6,33,4
6,36,4
6,42,4
6,48,4
6,53,4
6,54,4
6,73,4
6,76,4
6,82,4
6,87,4
6,89,4
6,96,4
6,202,4
6,205,4
6,210,4
6,244,4
7,2,4
7,4,4
7,5,4
7,8,4
7,9,4
7,10,4
7,13,4
7,18,4
7,30,4
7,31,4
7,35,4
7,42,4
7,48,4
7,54,4
7,63,4
7,64,4
7,82,4
7,88,4
7,93,4
7,107,4
7,118,4
7,157,4
7,173,4
7,194,4
8,0,4
8,2,4
8,4,4
8,8,4
8,10,4
8,13,4
8,27,4
8,30,4
8,38,4
8,42,4
8,48,4
8,64,4
8,76,4
8,101,4
8,157,4
8,160,4
8,197,4
8,199,4
8,222,4
8,245,4
8,251,4
9,0,4
9,2,4
9,5,4
9,8,4
9,10,4
9,27,4
9,30,4
9,38,4
9,42,4
9,48,4
9,76,4
9,101,4
9,157,4
9,160,4
9,162,4
9,197,4
9,199,4
9,222,4
9,245,4
9,251,4
10,2,4
10,8,4
10,9,4
10,23,4
10,30,4
10,35,4
10,42,4
10,45,4
10,48,4
10,53,4
10,82,4
10,144,4
10,157,4
10,173,4
10,191,4
10,199,4
11,1,4
11,2,4
11,4,4
11,5,4
11,8,4
11,10,4
11,11,4
11,13,4
11,18,4
11,23,4
11,31,4
11,35,4
11,36,4
11,38,4
11,39,4
11,41,4
11,42,4
11,45,4
11,46,4
11,48,4
11,58,4
11,60,4
11,64,4
11,65,4
11,83,4
11,88,4
11,90,4
11,96,4
11,105,4
11,114,4
11,136,4
11,142,4
11,157,4
11,169,4
11,245,4
11,249,4
11,261,4
12,1,4
12,2,4
12,3,4
12,4,4
12,5,4
12,8,4
12,12,4
12,13,4
12,27,4
12,30,4
12,31,4
12,35,4
12,36,4
12,37,4
12,38,4
12,39,4
12,42,4
12,45,4
12,48,4
12,51,4
12,54,4
12,58,4
12,64,4
12,83,4
12,87,4
12,90,4
12,105,4
12,110,4
12,112,4
12,128,4
12,142,4
12,143,4
12,150,4
12,159,4
12,173,4
12,197,4
12,205,4
12,210,4
12,245,4
13,2,4
13,5,4
13,8,4
13,13,4
13,16,4
13,30,4
13,31,4
13,35,4
13,38,4
13,61,4
13,76,4
13,125,4
13,142,4
13,164,4
13,194,4
13,201,4
13,210,4
13,241,4
13,243,4
14,2,4
14,5,4
14,8,4
14,13,4
14,16,4
14,30,4
14,31,4
14,35,4
14,38,4
14,61,4
14,76,4
14,125,4
14,142,4
14,164,4
14,194,4
14,201,4
14,210,4
14,241,4
14,243,4
15,2,4
15,5,4
15,8,4
15,13,4
15,16,4
15,30,4
15,35,4
15,38,4
15,61,4
15,76,4
15,125,4
15,142,4
15,164,4
15,194,4
15,201,4
15,210,4
15,241,4
15,243,4
16,2,4
16,4,4
16,7,4
16,10,4
16,13,4
16,16,4
16,18,4
16,27,4
16,30,4
16,31,4
16,38,4
16,41,4
16,45,4
16,49,4
16,56,4
16,63,4
16,76,4
16,88,4
16,96,4
16,125,4
16,142,4
16,155,4
16,185,4
16,241,4
16,247,4
16,249,4
16,250,4
16,263,4
17,1,4
17,2,4
17,4,4
17,7,4
17,8,4
17,13,4
17,16,4
17,18,4
17,30,4
17,31,4
17,38,4
17,45,4
17,54,4
17,76,4
17,88,4
17,93,4
17,125,4
17,142,4
17,162,4
17,241,4
17,251,4
17,263,4
18,2,4
18,4,4
18,7,4
18,11,4
18,13,4
18,16,4
18,30,4
18,31,4
18,35,4
18,38,4
18,45,4
18,76,4
18,100,4
18,125,4
18,241,4
18,243,4
18,269,4
19,2,4
19,4,4
19,5,4
19,7,4
19,11,4
19,13,4
19,16,4
19,31,4
19,76,4
19,119,4
19,123,4
19,125,4
19,197,4
19,241,4
20,2,4
20,13,4
20,16,4
20,30,4
20,31,4
20,76,4
20,125,4
20,241,4
20,243,4
21,2,4
21,13,4
21,16,4
21,30,4
21,31,4
21,76,4
21,94,4
21,125,4
21,241,4
21,243,4
22,2,4
22,4,4
22,5,4
22,7,4
22,8,4
22,13,4
22,16,4
22,45,4
22,53,4
22,76,4
22,83,4
22,100,4
22,115,4
22,125,4
22,241,4
22,242,4
23,2,4
23,4,4
23,7,4
23,13,4
23,16,4
23,30,4
23,54,4
23,76,4
23,82,4
23,93,4
23,94,4
23,100,4
23,104,4
23,114,4
23,125,4
23,128,4
23,155,4
23,159,4
23,219,4
23,241,4
24,2,4
24,4,4
24,5,4
24,9,4
24,12,4
24,19,4
24,27,4
24,60,4
24,76,4
24,79,4
24,82,4
24,105,4
24,110,4
24,137,4
24,232,4
25,2,4
25,9,4
25,30,4
25,35,4
25,45,4
25,54,4
25,76,4
25,79,4
25,81,4
25,82,4
25,105,4
25,142,4
25,157,4
25,197,4
25,198,4
26,2,4
26,9,4
26,30,4
26,35,4
26,54,4
26,76,4
26,79,4
26,81,4
26,82,4
26,105,4
26,142,4
26,157,4
26,197,4
26,198,4
27,13,4
27,35,4
27,45,4
27,76,4
27,82,4
27,157,4
27,194,4
27,205,4
27,248,4
28,0,4
28,1,4
28,2,4
28,3,4
28,4,4
28,5,4
28,8,4
28,10,4
28,11,4
28,12,4
28,13,4
28,15,4
28,18,4
28,19,4
28,23,4
28,25,4
28,27,4
28,30,4
28,35,4
28,36,4
28,38,4
28,40,4
28,42,4
28,45,4
28,46,4
28,51,4
28,56,4
28,57,4
28,58,4
28,63,4
28,64,4
28,70,4
28,73,4
28,76,4
28,77,4
28,81,4
28,82,4
28,89,4
28,90,4
28,101,4
28,105,4
28,107,4
28,114,4
28,115,4
28,123,4
28,132,4
28,136,4
28,137,4
28,145,4
28,147,4
28,149,4
28,159,4
28,162,4
28,168,4
28,175,4
28,176,4
28,198,4
28,199,4
28,206,4
28,222,4
28,243,4
29,6,4
29,8,4
29,13,4
29,27,4
29,30,4
29,38,4
29,42,4
29,45,4
29,48,4
29,61,4
29,64,4
29,100,4
29,114,4
29,132,4
29,159,4
29,186,4
29,198,4
29,201,4
29,219,4
30,0,4
30,2,4
30,3,4
30,8,4
30,12,4
30,18,4
30,27,4
30,31,4
30,35,4
30,36,4
30,38,4
30,42,4
30,45,4
30,51,4
30,61,4
30,69,4
30,105,4
30,194,4
31,0,4
31,3,4
31,8,4
31,18,4
31,27,4
31,31,4
31,35,4
31,36,4
31,38,4
31,42,4
31,45,4
31,61,4
31,69,4
31,105,4
31,194,4
32,1,4
32,2,4
32,4,4
32,8,4
32,17,4
32,31,4
32,36,4
32,48,4
32,54,4
32,63,4
32,70,4
32,76,4
32,90,4
32,115,4
32,119,4
32,128,4
32,191,4
32,205,4
32,269,4
33,8,4
33,13,4
33,42,4
33,48,4
33,64,4
33,88,4
33,119,4
33,144,4
33,210,4
34,2,4
34,4,4
34,5,4
34,10,4
34,19,4
34,31,4
34,34,4
34,38,4
34,42,4
34,45,4
34,46,4
34,48,4
34,60,4
34,76,4
34,156,4
34,199,4
34,244,4
35,2,4
35,4,4
35,5,4
35,10,4
35,19,4
35,31,4
35,34,4
35,38,4
35,42,4
35,45,4
35,46,4
35,48,4
35,60,4
35,76,4
35,156,4
35,199,4
35,244,4
36,1,4
36,2,4
36,5,4
36,10,4
36,13,4
36,45,4
36,70,4
36,90,4
36,157,4
36,255,4
37,4,4
37,8,4
37,13,4
37,31,4
37,33,4
37,38,4
37,45,4
37,76,4
37,79,4
37,82,4
37,88,4
37,90,4
37,93,4
37,100,4
37,107,4
37,142,4
37,199,4
37,245,4
38,5,4
38,8,4
38,10,4
38,45,4
38,81,4
38,100,4
38,105,4
38,132,4
38,157,4
38,199,4
38,210,4
38,245,4
39,5,4
39,9,4
39,31,4
39,34,4
39,38,4
39,42,4
39,46,4
39,76,4
39,156,4
39,198,4
39,199,4
39,244,4
40,5,4
40,9,4
40,31,4
40,34,4
40,38,4
40,42,4
40,46,4
40,76,4
40,198,4
40,199,4
40,244,4
41,1,4
41,2,4
41,5,4
41,8,4
41,30,4
41,31,4
41,35,4
41,38,4
41,57,4
41,83,4
41,100,4
41,105,4
41,128,4
41,197,4
42,4,4
42,8,4
42,13,4
42,100,4
42,118,4
42,197,4
43,1,4
43,2,4
43,5,4
43,8,4
43,41,4
43,57,4
43,83,4
43,174,4
43,219,4
43,248,4
44,0,4
44,1,4
44,3,4
44,4,4
44,5,4
44,8,4
44,9,4
44,13,4
44,14,4
44,18,4
44,27,4
44,30,4
44,31,4
44,36,4
44,46,4
44,48,4
44,57,4
44,64,4
44,70,4
44,101,4
44,105,4
44,121,4
44,124,4
44,128,4
44,159,4
44,167,4
44,172,4
44,194,4
44,196,4
44,197,4
44,198,4
44,217,4
44,237,4
44,242,4
45,1,4
45,2,4
45,5,4
45,8,4
45,10,4
45,11,4
45,13,4
45,18,4
45,23,4
45,25,4
45,27,4
45,30,4
45,35,4
45,42,4
45,45,4
45,47,4
45,48,4
45,63,4
45,64,4
45,76,4
45,79,4
45,83,4
45,85,4
45,90,4
45,100,4
45,104,4
45,105,4
45,128,4
45,157,4
45,159,4
45,164,4
45,167,4
45,175,4
45,198,4
45,203,4
45,216,4
45,241,4
45,249,4
46,35,4
46,41,4
46,51,4
46,198,4
47,1,4
47,4,4
47,30,4
47,35,4
47,41,4
47,51,4
48,2,4
48,4,4
48,5,4
48,8,4
48,9,4
48,13,4
48,42,4
48,45,4
48,89,4
48,96,4
48,128,4
48,212,4
48,240,4
48,267,4
49,2,4
49,4,4
49,5,4
49,8,4
49,9,4
49,12,4
49,18,4
49,30,4
49,45,4
49,94,4
49,105,4
50,2,4
50,4,4
50,5,4
50,7,4
50,8,4
50,11,4
50,13,4
50,27,4
50,30,4
50,45,4
50,51,4
50,82,4
50,96,4
50,100,4
50,107,4
50,142,4
50,167,4
50,175,4
50,210,4
51,1,4
51,2,4
51,4,4
51,8,4
51,30,4
51,31,4
51,88,4
51,96,4
51,100,4
51,169,4
51,197,4
51,244,4
51,261,4
52,1,4
52,2,4
52,4,4
52,13,4
52,18,4
52,30,4
52,96,4
52,100,4
52,269,4
53,1,4
53,2,4
53,8,4
53,9,4
53,10,4
53,13,4
53,18,4
53,19,4
53,23,4
53,27,4
53,30,4
53,35,4
53,38,4
53,42,4
53,45,4
53,48,4
53,64,4
53,83,4
53,85,4
53,94,4
53,107,4
53,128,4
53,155,4
53,157,4
53,159,4
53,174,4
53,175,4
53,216,4
53,241,4
53,248,4
53,249,4
53,252,4
53,260,4
53,261,4
53,264,4
54,2,4
54,4,4
54,5,4
54,8,4
54,13,4
54,27,4
54,30,4
54,31,4
54,39,4
54,41,4
54,42,4
54,45,4
54,64,4
54,89,4
54,96,4
54,100,4
54,174,4
54,176,4
54,205,4
54,212,4
54,252,4
54,267,4
55,2,4
55,4,4
55,5,4
55,8,4
55,10,4
55,13,4
55,27,4
55,30,4
55,42,4
55,45,4
55,64,4
55,88,4
55,89,4
55,96,4
55,100,4
55,107,4
55,137,4
55,198,4
55,205,4
55,209,4
55,212,4
55,240,4
55,249,4
55,267,4
56,1,4
56,2,4
56,5,4
56,13,4
56,18,4
56,30,4
56,42,4
56,45,4
56,48,4
56,65,4
56,76,4
56,88,4
56,89,4
56,93,4
56,94,4
56,121,4
56,143,4
56,176,4
56,178,4
56,187,4
56,194,4
56,201,4
56,249,4
56,265,4
56,267,4
57,1,4
57,2,4
57,4,4
57,5,4
57,8,4
57,13,4
57,18,4
57,27,4
57,30,4
57,31,4
57,38,4
57,42,4
57,45,4
57,48,4
57,65,4
57,73,4
57,76,4
57,79,4
57,82,4
57,83,4
57,89,4
57,96,4
57,201,4
57,249,4
58,1,4
58,2,4
58,4,4
58,5,4
58,8,4
58,11,4
58,12,4
58,13,4
58,16,4
58,27,4
58,28,4
58,36,4
58,39,4
58,42,4
58,63,4
58,64,4
58,76,4
58,105,4
58,110,4
58,128,4
58,143,4
58,150,4
58,187,4
58,197,4
58,205,4
58,270,4
59,1,4
59,2,4
59,4,4
59,5,4
59,8,4
59,12,4
59,35,4
59,42,4
59,45,4
59,54,4
59,58,4
59,64,4
59,83,4
59,87,4
59,101,4
59,105,4
59,110,4
59,132,4
59,143,4
59,150,4
59,159,4
59,270,4
60,1,4
60,5,4
60,12,4
60,31,4
60,35,4
60,39,4
60,42,4
60,45,4
60,54,4
60,58,4
60,83,4
60,105,4
60,110,4
60,132,4
60,142,4
60,143,4
60,144,4
60,150,4
60,159,4
60,197,4
60,205,4
61,1,4
61,12,4
61,31,4
61,35,4
61,39,4
61,42,4
61,81,4
61,110,4
61,132,4
61,142,4
61,143,4
61,144,4
61,197,4
61,205,4
62,1,4
62,2,4
62,4,4
62,5,4
62,8,4
62,12,4
62,13,4
62,27,4
62,30,4
62,35,4
62,39,4
62,41,4
62,42,4
62,45,4
62,48,4
62,51,4
62,54,4
62,58,4
62,64,4
62,82,4
62,83,4
62,87,4
62,88,4
62,105,4
62,110,4
62,143,4
62,150,4
62,159,4
62,210,4
62,248,4
63,5,4
63,8,4
63,10,4
63,18,4
63,39,4
63,42,4
63,45,4
63,77,4
63,105,4
63,110,4
63,143,4
63,150,4
63,174,4
63,197,4
63,243,4
64,5,4
64,8,4
64,10,4
64,18,4
64,39,4
64,42,4
64,45,4
64,77,4
64,110,4
64,143,4
64,174,4
64,197,4
64,243,4
65,1,4
65,2,4
65,4,4
65,10,4
65,13,4
65,18,4
65,25,4
65,27,4
65,30,4
65,35,4
65,38,4
65,42,4
65,45,4
65,48,4
65,63,4
65,64,4
65,65,4
65,73,4
65,79,4
65,82,4
65,83,4
65,85,4
65,89,4
65,96,4
65,98,4
65,107,4
65,176,4
65,178,4
65,187,4
65,201,4
65,245,4
65,249,4
65,265,4
65,267,4
66,1,4
66,2,4
66,3,4
66,4,4
66,5,4
66,8,4
66,19,4
66,25,4
66,27,4
66,30,4
66,33,4
66,35,4
66,42,4
66,45,4
66,54,4
66,62,4
66,64,4
66,76,4
66,82,4
66,88,4
66,96,4
66,100,4
66,105,4
66,107,4
66,118,4
66,121,4
66,128,4
66,139,4
66,159,4
66,174,4
66,197,4
66,198,4
66,210,4
66,216,4
66,221,4
66,253,4
66,270,4
67,210,4
68,4,4
68,5,4
68,27,4
68,30,4
68,42,4
68,83,4
68,109,4
68,157,4
68,197,4
68,246,4
69,1,4
69,2,4
69,3,4
69,4,4
69,5,4
69,8,4
69,13,4
69,18,4
69,27,4
69,30,4
69,31,4
69,35,4
69,38,4
69,41,4
69,45,4
69,46,4
69,62,4
69,64,4
69,88,4
69,89,4
69,96,4
69,98,4
69,105,4
69,107,4
69,118,4
69,128,4
69,169,4
69,187,4
69,194,4
69,197,4
69,198,4
69,215,4
70,8,4
70,30,4
70,31,4
70,41,4
70,42,4
70,64,4
70,90,4
70,256,4
70,266,4
71,1,4
71,2,4
71,4,4
71,5,4
71,8,4
71,13,4
71,28,4
71,53,4
71,96,4
71,140,4
71,244,4
72,4,4
72,8,4
72,45,4
72,66,4
72,93,4
72,197,4
73,8,4
73,144,4
74,1,4
74,2,4
74,8,4
74,31,4
74,48,4
75,1,4
75,2,4
75,8,4
75,31,4
75,48,4
76,8,4
76,31,4
76,46,4
76,56,4
76,82,4
76,101,4
76,107,4
76,184,4
77,8,4
77,27,4
77,38,4
77,51,4
77,66,4
77,98,4
78,1,4
78,2,4
78,4,4
78,5,4
78,8,4
78,10,4
78,13,4
78,30,4
78,36,4
78,45,4
78,51,4
78,81,4
78,88,4
78,91,4
78,107,4
78,118,4
78,127,4
78,132,4
78,147,4
78,187,4
78,199,4
78,201,4
78,245,4
79,8,4
79,31,4
80,8,4
80,36,4
80,88,4
80,178,4
80,257,4
82,1,4
83,1,4
83,2,4
83,4,4
83,8,4
83,13,4
83,36,4
83,45,4
83,91,4
83,118,4
83,144,4
85,2,4
85,115,4
85,204,4
85,237,4
86,2,4
86,4,4
86,5,4
86,8,4
86,30,4
86,42,4
86,45,4
86,46,4
86,48,4
86,56,4
86,76,4
86,82,4
86,96,4
86,101,4
86,162,4
86,174,4
87,2,4
87,4,4
87,5,4
87,8,4
87,18,4
87,30,4
87,31,4
87,65,4
87,82,4
87,93,4
87,128,4
87,157,4
87,245,4
87,261,4
88,2,4
88,5,4
88,8,4
88,19,4
88,42,4
88,101,4
88,197,4
88,199,4
88,205,4
88,213,4
89,13,4
89,88,4
89,197,4
89,269,4
90,63,4
91,2,4
91,4,4
91,5,4
91,8,4
91,11,4
91,13,4
91,27,4
91,30,4
91,31,4
91,45,4
91,100,4
91,105,4
91,118,4
91,213,4
91,245,4
92,2,4
92,8,4
92,31,4
92,45,4
92,64,4
92,139,4
92,143,4
92,152,4
92,157,4
93,2,4
93,4,4
93,30,4
93,46,4
93,81,4
93,96,4
93,100,4
93,107,4
93,196,4
93,246,4
94,5,4
94,18,4
94,36,4
94,41,4
94,132,4
94,175,4
94,223,4
95,4,4
95,8,4
95,35,4
95,45,4
95,105,4
95,157,4
95,205,4
96,4,4
96,46,4
96,54,4
96,73,4
96,77,4
96,105,4
96,169,4
96,244,4
97,1,4
97,2,4
97,4,4
97,5,4
97,8,4
97,11,4
97,13,4
97,16,4
97,19,4
97,24,4
97,27,4
97,30,4
97,33,4
97,36,4
97,38,4
97,42,4
97,43,4
97,45,4
97,56,4
97,57,4
97,58,4
97,63,4
97,70,4
97,73,4
97,77,4
97,79,4
97,83,4
97,101,4
97,109,4
97,112,4
97,118,4
97,128,4
97,136,4
97,137,4
97,144,4
97,157,4
97,159,4
97,162,4
97,167,4
97,206,4
97,222,4
97,256,4
98,1,4
98,2,4
98,5,4
98,8,4
98,13,4
98,18,4
98,27,4
98,30,4
98,42,4
98,45,4
98,48,4
98,63,4
98,65,4
98,73,4
98,79,4
98,83,4
98,87,4
98,88,4
98,89,4
98,118,4
98,176,4
98,187,4
98,201,4
98,249,4
98,265,4
98,267,4
99,2,4
99,5,4
99,13,4
99,18,4
99,30,4
99,31,4
99,42,4
99,45,4
99,48,4
99,65,4
99,89,4
99,143,4
99,190,4
99,201,4
99,249,4
99,265,4
99,267,4
100,1,4
100,2,4
100,5,4
100,8,4
100,13,4
100,18,4
100,31,4
100,38,4
100,39,4
100,45,4
100,64,4
100,82,4
100,83,4
100,87,4
100,88,4
100,96,4
100,100,4
100,105,4
100,124,4
100,128,4
100,132,4
100,157,4
100,174,4
100,205,4
100,206,4
101,1,4
101,2,4
101,4,4
101,6,4
101,8,4
101,13,4
101,28,4
101,30,4
101,31,4
101,45,4
101,64,4
101,76,4
101,87,4
101,177,4
101,198,4
101,202,4
102,2,4
102,5,4
102,8,4
102,13,4
102,39,4
102,42,4
102,64,4
102,107,4
102,199,4
102,210,4
103,2,4
103,4,4
103,5,4
103,8,4
103,9,4
103,12,4
103,13,4
103,27,4
103,30,4
103,39,4
103,42,4
103,45,4
103,65,4
103,85,4
103,87,4
103,96,4
103,98,4
103,107,4
103,121,4
103,128,4
103,196,4
103,199,4
103,269,4
104,4,4
104,30,4
104,31,4
104,109,4
105,8,4
105,30,4
105,101,4
105,109,4
105,223,4
105,253,4
106,8,4
106,31,4
106,45,4
106,221,4
107,5,4
107,18,4
107,31,4
107,35,4
107,42,4
107,45,4
107,88,4
107,96,4
107,107,4
107,197,4
107,269,4
108,27,4
108,48,4
108,232,4
109,8,4
109,41,4
109,45,4
110,8,4
110,40,4
113,1,4
113,2,4
113,4,4
113,27,4
113,30,4
113,41,4
113,45,4
113,107,4
113,128,4
113,194,4
113,197,4
113,215,4
113,269,4
114,1,4
114,2,4
114,4,4
114,8,4
114,27,4
114,35,4
114,41,4
114,76,4
114,82,4
114,101,4
114,107,4
114,198,4
115,1,4
115,2,4
115,3,4
115,4,4
115,5,4
115,8,4
115,10,4
115,13,4
115,18,4
115,23,4
115,25,4
115,27,4
115,28,4
115,30,4
115,31,4
115,35,4
115,36,4
115,38,4
115,39,4
115,41,4
115,42,4
115,43,4
115,45,4
115,46,4
115,47,4
115,48,4
115,53,4
115,57,4
115,58,4
115,60,4
115,61,4
115,63,4
115,64,4
115,65,4
115,69,4
115,73,4
115,75,4
115,76,4
115,77,4
115,80,4
115,81,4
115,82,4
115,87,4
115,88,4
115,89,4
115,93,4
115,96,4
115,101,4
115,104,4
115,107,4
115,114,4
115,115,4
115,118,4
115,121,4
115,123,4
115,124,4
115,132,4
115,139,4
115,142,4
115,144,4
115,155,4
115,157,4
115,159,4
115,160,4
115,161,4
115,164,4
115,169,4
115,175,4
115,177,4
115,194,4
115,198,4
115,199,4
115,201,4
115,202,4
115,208,4
115,210,4
115,222,4
115,244,4
115,246,4
115,248,4
115,249,4
115,253,4
115,254,4
115,260,4
115,264,4
116,1,4
116,4,4
116,8,4
116,9,4
116,27,4
116,30,4
116,31,4
116,42,4
116,118,4
117,1,4
117,4,4
117,8,4
117,9,4
117,30,4
117,31,4
117,118,4
118,5,4
118,8,4
118,31,4
118,51,4
118,177,4
118,184,4
119,4,4
119,36,4
119,47,4
119,76,4
119,82,4
119,88,4
119,96,4
119,110,4
119,197,4
119,209,4
120,36,4
120,76,4
120,82,4
120,88,4
120,110,4
120,197,4
120,209,4
121,1,4
121,5,4
121,8,4
121,13,4
121,15,4
121,30,4
121,31,4
121,42,4
121,45,4
121,64,4
121,86,4
121,88,4
121,89,4
121,115,4
121,127,4
121,137,4
121,162,4
121,189,4
121,197,4
122,4,4
122,96,4
122,221,4
123,1,4
123,2,4
123,4,4
123,30,4
123,31,4
123,42,4
123,45,4
123,46,4
123,54,4
123,73,4
123,77,4
123,105,4
123,169,4
123,244,4
124,1,4
124,5,4
124,8,4
124,31,4
124,38,4
124,42,4
124,45,4
124,47,4
124,48,4
124,81,4
124,112,4
124,144,4
124,155,4
124,196,4
124,256,4
125,2,4
125,4,4
125,5,4
125,8,4
125,35,4
125,45,4
125,48,4
125,77,4
125,98,4
125,107,4
125,121,4
126,5,4
126,11,4
126,31,4
126,38,4
126,42,4
126,47,4
126,88,4
126,100,4
127,31,4
127,121,4
127,245,4
128,4,4
128,5,4
128,8,4
128,18,4
128,27,4
128,31,4
128,110,4
129,5,4
129,8,4
129,18,4
129,27,4
129,31,4
129,110,4
130,1,4
130,4,4
130,13,4
130,30,4
130,31,4
130,39,4
130,45,4
130,197,4
130,244,4
131,1,4
131,2,4
131,4,4
131,13,4
131,30,4
131,31,4
131,39,4
131,45,4
131,54,4
131,197,4
131,244,4
132,2,4
132,5,4
132,8,4
132,9,4
132,12,4
132,18,4
132,45,4
132,94,4
132,105,4
133,1,4
133,4,4
133,5,4
133,8,4
133,11,4
133,13,4
133,18,4
133,28,4
133,30,4
133,31,4
133,38,4
133,42,4
133,56,4
133,73,4
133,88,4
133,104,4
133,175,4
133,177,4
133,194,4
133,199,4
133,201,4
133,265,4
134,1,4
134,2,4
134,4,4
134,5,4
134,8,4
134,13,4
134,25,4
134,27,4
134,31,4
134,45,4
134,52,4
134,64,4
134,65,4
134,76,4
134,82,4
134,88,4
134,89,4
134,93,4
134,96,4
134,107,4
134,176,4
134,199,4
134,201,4
134,249,4
134,263,4
134,265,4
134,268,4
135,2,4
135,4,4
136,2,4
136,4,4
137,4,4
137,5,4
137,8,4
137,10,4
137,13,4
137,30,4
137,38,4
137,42,4
137,45,4
137,48,4
137,76,4
137,82,4
137,88,4
137,89,4
137,101,4
137,142,4
138,1,4
138,2,4
138,4,4
138,5,4
138,8,4
138,13,4
138,18,4
138,25,4
138,27,4
138,30,4
138,35,4
138,39,4
138,41,4
138,45,4
138,64,4
138,83,4
138,101,4
138,114,4
138,132,4
138,144,4
138,157,4
138,196,4
138,198,4
138,203,4
139,2,4
139,4,4
139,5,4
139,10,4
139,11,4
139,13,4
139,23,4
139,27,4
139,30,4
139,35,4
139,43,4
139,45,4
139,53,4
139,57,4
139,76,4
139,77,4
139,83,4
139,89,4
139,100,4
139,121,4
139,132,4
139,137,4
139,159,4
139,167,4
139,174,4
139,197,4
139,206,4
139,232,4
139,242,4
139,249,4
140,2,4
140,132,4
141,2,4
141,6,4
141,31,4
141,33,4
141,36,4
141,41,4
141,57,4
141,63,4
141,81,4
141,100,4
141,107,4
141,155,4
141,197,4
141,242,4
141,245,4
141,269,4
142,4,4
142,8,4
142,107,4
142,115,4
142,179,4
142,245,4
143,1,4
143,2,4
143,4,4
143,5,4
143,10,4
143,28,4
143,33,4
143,35,4
143,38,4
143,45,4
143,48,4
143,64,4
143,66,4
143,76,4
143,82,4
143,83,4
143,88,4
143,96,4
143,104,4
143,115,4
143,187,4
143,199,4
143,210,4
144,1,4
144,2,4
144,4,4
144,5,4
144,8,4
144,13,4
144,25,4
144,27,4
144,30,4
144,35,4
144,36,4
144,38,4
144,42,4
144,45,4
144,48,4
144,56,4
144,76,4
144,82,4
144,88,4
144,98,4
144,101,4
144,107,4
144,108,4
144,157,4
144,175,4
144,201,4
144,222,4
144,237,4
144,252,4
144,254,4
145,5,4
145,18,4
145,31,4
145,45,4
145,64,4
146,4,4
146,5,4
146,18,4
146,31,4
146,64,4
147,1,4
147,2,4
147,4,4
147,5,4
147,8,4
147,10,4
147,13,4
147,18,4
147,30,4
147,31,4
147,36,4
147,41,4
147,42,4
147,45,4
147,46,4
147,64,4
147,91,4
147,105,4
147,118,4
147,210,4
148,2,4
149,4,4
149,5,4
149,8,4
149,27,4
149,35,4
149,39,4
149,45,4
149,48,4
149,115,4
149,120,4
149,132,4
149,157,4
150,8,4
150,31,4
151,8,4
151,31,4
152,5,4
152,8,4
152,13,4
152,30,4
152,89,4
152,221,4
154,11,4
154,269,4
155,8,4
155,27,4
156,12,4
156,13,4
156,27,4
156,42,4
156,76,4
156,89,4
156,131,4
156,132,4
157,5,4
157,27,4
157,31,4
157,87,4
157,157,4
157,187,4
157,252,4
158,2,4
158,4,4
158,5,4
158,8,4
158,13,4
158,27,4
158,31,4
158,38,4
158,53,4
158,118,4
158,132,4
158,142,4
158,170,4
158,197,4
158,215,4
158,244,4
158,245,4
158,249,4
158,255,4
159,2,4
159,105,4
160,8,4
160,31,4
160,257,4
161,1,4
161,2,4
161,3,4
161,4,4
161,8,4
161,13,4
161,18,4
161,23,4
161,30,4
161,31,4
161,35,4
161,36,4
161,43,4
161,48,4
161,54,4
161,76,4
161,82,4
161,83,4
161,87,4
161,89,4
161,93,4
161,101,4
161,105,4
161,132,4
161,133,4
161,160,4
161,175,4
161,245,4
162,35,4
162,63,4
162,157,4
162,198,4
162,202,4
163,2,4
163,8,4
163,13,4
163,31,4
163,41,4
163,64,4
163,157,4
164,8,4
164,31,4
164,41,4
164,64,4
164,94,4
164,210,4
165,31,4
165,64,4
166,8,4
166,31,4
166,179,4
167,5,4
167,10,4
167,64,4
167,210,4
167,255,4
168,8,4
168,82,4
168,121,4
168,254,4
169,8,4
169,56,4
169,157,4
169,247,4
170,2,4
170,8,4
170,30,4
170,31,4
170,45,4
170,64,4
170,93,4
170,104,4
170,142,4
170,173,4
170,177,4
170,198,4
170,269,4
171,2,4
171,4,4
171,8,4
171,31,4
171,40,4
171,45,4
171,46,4
171,64,4
171,83,4
171,137,4
171,241,4
172,8,4
172,13,4
172,53,4
172,107,4
172,157,4
172,210,4
173,1,4
173,2,4
173,3,4
173,4,4
173,5,4
173,8,4
173,11,4
173,13,4
173,27,4
173,35,4
173,41,4
173,45,4
173,64,4
173,81,4
173,82,4
173,88,4
173,100,4
173,101,4
173,142,4
173,159,4
173,203,4
174,2,4
174,81,4
174,107,4
174,197,4
175,4,4
175,30,4
175,31,4
175,46,4
175,64,4
175,79,4
175,89,4
175,100,4
175,260,4
175,269,4
176,215,4
177,2,4
177,4,4
177,8,4
177,41,4
177,70,4
177,253,4
178,1,4
178,2,4
178,4,4
178,5,4
178,13,4
178,23,4
178,31,4
178,36,4
178,45,4
178,46,4
178,51,4
178,77,4
178,88,4
178,169,4
178,245,4
178,263,4
179,28,4
179,31,4
179,52,4
179,240,4
180,2,4
180,197,4
181,1,4
181,4,4
181,7,4
181,10,4
181,13,4
181,15,4
181,63,4
181,100,4
181,104,4
181,121,4
181,169,4
182,30,4
182,39,4
182,100,4
183,8,4
184,2,4
184,4,4
184,5,4
184,8,4
184,13,4
184,15,4
184,26,4
184,27,4
184,30,4
184,41,4
184,49,4
184,51,4
184,64,4
184,73,4
184,93,4
184,100,4
184,105,4
184,118,4
184,132,4
184,137,4
184,177,4
184,194,4
185,2,4
185,4,4
185,5,4
185,8,4
185,27,4
185,41,4
185,63,4
185,76,4
185,87,4
185,96,4
185,100,4
185,102,4
185,105,4
185,107,4
185,110,4
185,123,4
185,137,4
185,197,4
185,222,4
185,264,4
186,8,4
186,13,4
186,100,4
186,269,4
187,1,4
187,2,4
187,9,4
187,13,4
187,27,4
187,30,4
187,47,4
187,60,4
187,64,4
187,75,4
187,90,4
187,93,4
187,100,4
187,105,4
187,132,4
187,142,4
187,194,4
187,198,4
188,2,4
188,4,4
188,5,4
188,7,4
188,8,4
188,18,4
188,31,4
188,45,4
188,46,4
188,48,4
188,107,4
188,132,4
188,161,4
188,213,4
188,240,4
189,8,4
189,155,4
189,159,4
190,2,4
190,3,4
190,4,4
190,56,4
190,142,4
190,157,4
190,210,4
191,2,4
191,4,4
191,5,4
191,12,4
191,27,4
191,42,4
191,89,4
191,94,4
191,151,4
191,174,4
192,1,4
192,2,4
192,5,4
192,7,4
192,8,4
192,9,4
192,13,4
192,18,4
192,27,4
192,31,4
192,38,4
192,45,4
192,76,4
192,82,4
192,96,4
192,98,4
192,107,4
192,126,4
192,128,4
192,198,4
192,199,4
192,249,4
192,264,4
193,2,4
193,35,4
193,107,4
193,159,4
193,175,4
193,194,4
193,197,4
193,208,4
193,243,4
194,2,4
194,4,4
194,5,4
194,31,4
194,35,4
194,56,4
194,58,4
194,64,4
194,96,4
194,198,4
194,250,4
195,2,4
195,4,4
195,8,4
195,10,4
195,13,4
195,30,4
195,35,4
195,53,4
195,62,4
195,64,4
195,66,4
195,83,4
195,105,4
195,134,4
195,137,4
195,139,4
195,157,4
195,168,4
195,249,4
196,1,4
196,2,4
196,4,4
196,5,4
196,30,4
196,64,4
196,83,4
196,96,4
196,157,4
196,175,4
196,198,4
196,269,4
197,2,4
197,4,4
197,5,4
197,14,4
197,35,4
197,45,4
197,48,4
197,83,4
197,132,4
197,145,4
197,187,4
197,245,4
197,254,4
198,4,4
199,1,4
199,4,4
199,87,4
199,269,4
200,1,4
200,2,4
200,4,4
200,5,4
200,8,4
200,10,4
200,13,4
200,23,4
200,25,4
200,30,4
200,35,4
200,42,4
200,46,4
200,64,4
200,76,4
200,77,4
200,83,4
200,88,4
200,96,4
200,101,4
200,124,4
200,144,4
200,149,4
200,157,4
200,159,4
200,187,4
200,196,4
200,199,4
200,249,4
200,254,4
201,1,4
201,2,4
201,5,4
201,8,4
201,13,4
201,36,4
201,45,4
201,64,4
201,71,4
201,83,4
201,88,4
201,93,4
201,96,4
201,100,4
201,127,4
201,132,4
201,174,4
201,184,4
201,199,4
201,205,4
201,215,4
201,243,4
202,1,4
202,5,4
202,13,4
202,63,4
202,64,4
202,90,4
203,2,4
203,4,4
203,5,4
203,8,4
203,18,4
203,27,4
203,30,4
203,31,4
203,35,4
203,45,4
203,76,4
203,81,4
203,88,4
203,100,4
203,104,4
203,121,4
203,159,4
203,194,4
204,1,4
204,2,4
204,5,4
204,18,4
204,38,4
204,45,4
204,63,4
204,64,4
204,98,4
204,264,4
205,5,4
205,8,4
205,10,4
205,18,4
205,27,4
205,28,4
205,30,4
205,58,4
205,63,4
205,79,4
205,85,4
205,128,4
205,193,4
205,219,4
205,232,4
206,1,4
206,2,4
206,3,4
206,4,4
206,5,4
206,6,4
206,8,4
206,13,4
206,31,4
206,35,4
206,45,4
206,55,4
206,64,4
206,175,4
206,194,4
206,247,4
206,248,4
207,5,4
207,8,4
207,9,4
207,30,4
207,36,4
207,42,4
207,48,4
207,199,4
208,2,4
208,4,4
208,9,4
208,10,4
208,13,4
208,16,4
208,31,4
208,42,4
208,45,4
208,53,4
208,93,4
208,128,4
208,259,4
208,263,4
209,1,4
209,4,4
209,5,4
209,8,4
209,18,4
209,25,4
209,47,4
209,88,4
209,175,4
209,177,4
209,201,4
209,217,4
209,254,4
210,5,4
210,8,4
210,28,4
210,38,4
210,98,4
210,115,4
210,132,4
210,157,4
210,209,4
210,260,4
211,2,4
211,5,4
211,8,4
211,9,4
211,17,4
211,18,4
211,25,4
211,27,4
211,30,4
211,31,4
211,41,4
211,45,4
211,54,4
211,63,4
211,79,4
211,87,4
211,174,4
211,194,4
212,1,4
213,33,4
213,134,4
214,4,4
214,13,4
214,23,4
214,27,4
214,177,4
215,177,4
215,184,4
216,0,4
216,2,4
216,5,4
216,8,4
216,30,4
216,31,4
216,35,4
216,38,4
216,64,4
216,100,4
216,104,4
216,105,4
216,137,4
216,144,4
216,159,4
216,206,4
217,1,4
217,2,4
217,5,4
217,18,4
217,30,4
217,34,4
217,87,4
217,107,4
217,114,4
217,115,4
217,215,4
218,1,4
218,2,4
218,4,4
218,5,4
218,8,4
218,10,4
218,30,4
218,39,4
218,41,4
218,45,4
218,83,4
218,88,4
218,96,4
218,132,4
218,197,4
218,219,4
218,221,4
218,249,4
219,2,4
219,4,4
219,70,4
219,205,4
220,5,4
220,8,4
220,30,4
220,83,4
220,107,4
220,174,4
220,187,4
220,197,4
221,30,4
221,35,4
221,65,4
221,100,4
222,1,4
222,30,4
222,38,4
222,45,4
222,210,4
223,2,4
223,4,4
223,5,4
223,8,4
223,13,4
223,27,4
223,31,4
223,63,4
223,65,4
223,140,4
223,252,4
223,269,4
224,8,4
224,31,4
224,49,4
224,57,4
224,210,4
225,2,4
225,8,4
225,96,4
225,100,4
226,2,4
226,4,4
226,5,4
226,36,4
226,53,4
226,56,4
226,64,4
226,128,4
226,132,4
226,142,4
227,4,4
227,12,4
227,31,4
228,8,4
228,13,4
228,38,4
228,48,4
228,96,4
228,107,4
228,128,4
228,210,4
228,259,4
229,5,4
229,10,4
229,30,4
229,33,4
229,35,4
229,50,4
229,64,4
229,96,4
229,249,4
229,256,4
230,1,4
230,2,4
230,4,4
230,8,4
230,30,4
230,45,4
230,79,4
230,157,4
230,249,4
231,2,4
231,4,4
231,8,4
231,13,4
231,51,4
231,107,4
231,128,4
231,137,4
231,205,4
231,210,4
231,258,4
232,8,4
232,76,4
232,107,4
232,197,4
233,8,4
233,31,4
233,45,4
234,31,4
234,63,4
234,82,4
234,194,4
235,2,4
235,8,4
235,9,4
235,13,4
235,30,4
235,31,4
235,38,4
235,39,4
235,45,4
235,54,4
235,64,4
235,175,4
235,198,4
236,1,4
236,5,4
236,45,4
236,54,4
236,58,4
236,83,4
236,159,4
237,1,4
237,5,4
237,45,4
237,54,4
237,58,4
237,83,4
237,159,4
238,3,4
238,8,4
239,12,4
239,19,4
239,27,4
239,82,4
239,105,4
239,110,4
239,137,4
240,5,4
240,18,4
240,197,4
241,38,4
241,112,4
241,157,4
242,8,4
242,157,4
242,219,4
243,8,4
243,13,4
243,31,4
243,245,4
244,174,4
244,269,4
246,113,4
246,157,4
247,8,4
247,10,4
247,13,4
247,63,4
247,96,4
247,105,4
247,174,4
247,247,4
248,2,4
248,4,4
248,8,4
248,13,4
248,15,4
248,16,4
248,30,4
248,31,4
248,35,4
248,42,4
248,45,4
248,48,4
248,53,4
248,54,4
248,66,4
248,82,4
248,93,4
248,96,4
248,118,4
248,128,4
248,157,4
248,185,4
248,191,4
248,232,4
248,259,4
248,263,4
249,8,4
249,31,4
249,61,4
249,114,4
251,8,4
251,31,4
251,46,4
251,132,4
251,161,4
252,4,4
252,8,4
252,42,4
252,80,4
252,115,4
253,64,4
253,93,4
253,124,4
253,143,4
254,1,4
254,2,4
254,5,4
254,8,4
254,13,4
254,19,4
254,30,4
254,31,4
254,36,4
254,45,4
254,53,4
254,82,4
254,96,4
254,107,4
254,136,4
254,155,4
254,172,4
254,187,4
254,202,4
254,252,4
255,4,4
255,13,4
255,31,4
255,63,4
255,206,4
255,244,4
256,1,4
256,2,4
256,25,4
256,30,4
256,64,4
256,105,4
256,191,4
256,201,4
256,266,4
257,31,4
257,41,4
257,64,4
257,81,4
257,143,4
258,2,4
258,41,4
258,64,4
258,128,4
258,157,4
259,8,4
259,31,4
259,64,4
259,93,4
259,96,4
259,118,4
259,143,4
259,152,4
259,181,4
260,4,4
260,28,4
260,30,4
260,83,4
260,109,4
261,1,4
261,8,4
261,51,4
261,57,4
261,64,4
261,243,4
262,2,4
262,4,4
262,8,4
262,27,4
262,38,4
262,45,4
262,56,4
262,142,4
262,210,4
263,2,4
263,197,4
263,232,4
263,269,4
266,1,4
266,5,4
266,8,4
266,27,4
266,35,4
266,38,4
266,64,4
266,198,4
266,202,4
266,223,4
266,249,4
267,2,4
267,4,4
267,5,4
267,12,4
267,42,4
267,89,4
267,94,4
267,151,4
267,174,4
268,2,4
268,4,4
268,5,4
268,12,4
268,42,4
268,89,4
268,94,4
268,151,4
268,174,4
269,13,4
269,31,4
269,36,4
269,46,4
269,76,4
270,1,4
270,2,4
270,4,4
270,5,4
270,8,4
270,10,4
270,11,4
270,18,4
270,42,4
270,45,4
270,57,4
270,64,4
270,128,4
271,31,4
272,8,4
272,27,4
272,45,4
272,48,4
272,88,4
272,107,4
272,132,4
273,1,4
273,2,4
273,5,4
273,8,4
273,18,4
273,31,4
273,96,4
273,201,4
274,13,4
274,41,4
274,96,4
274,121,4
275,2,4
275,9,4
275,15,4
275,27,4
275,31,4
275,36,4
275,38,4
275,45,4
275,85,4
275,140,4
275,167,4
275,194,4
275,210,4
275,245,4
275,248,4
276,27,4
276,54,4
276,232,4
277,27,4
277,54,4
277,232,4
278,27,4
278,54,4
279,27,4
279,54,4
280,4,4
280,5,4
280,105,4
280,109,4
281,2,4
281,4,4
281,5,4
281,13,4
281,28,4
281,30,4
281,35,4
281,36,4
281,42,4
281,45,4
281,51,4
281,64,4
281,88,4
281,89,4
281,100,4
281,137,4
281,162,4
281,172,4
281,197,4
281,199,4
281,222,4
282,31,4
282,114,4
283,13,4
283,30,4
283,31,4
283,64,4
283,65,4
283,107,4
283,157,4
284,2,4
284,8,4
284,77,4
284,151,4
285,2,4
285,8,4
285,31,4
285,77,4
285,82,4
285,151,4
286,2,4
286,5,4
286,7,4
286,13,4
286,18,4
286,27,4
286,28,4
286,41,4
286,123,4
286,126,4
286,144,4
286,169,4
286,179,4
286,198,4
286,199,4
286,245,4
286,249,4
288,4,4
288,8,4
288,13,4
288,27,4
288,30,4
288,31,4
288,45,4
289,31,4
289,114,4
291,269,4
292,8,4
292,45,4
292,54,4
292,83,4
292,197,4
293,2,4
293,5,4
293,11,4
293,18,4
293,79,4
293,217,4
294,2,4
294,30,4
294,45,4
294,100,4
294,139,4
295,1,4
296,1,4
296,4,4
296,8,4
296,23,4
296,96,4
296,197,4
297,2,4
297,5,4
297,8,4
297,18,4
297,31,4
297,35,4
297,36,4
297,38,4
297,47,4
297,107,4
297,157,4
297,205,4
297,261,4
298,18,4
298,45,4
298,66,4
298,194,4
299,1,4
299,13,4
299,30,4
299,48,4
299,56,4
299,88,4
299,96,4
299,105,4
299,112,4
299,197,4
299,266,4
299,269,4
300,137,4
301,30,4
301,96,4
302,1,4
302,8,4
302,10,4
302,18,4
302,45,4
302,64,4
302,96,4
302,107,4
302,162,4
302,178,4
304,10,4
305,8,4
305,35,4
305,38,4
305,45,4
305,54,4
305,76,4
305,82,4
305,143,4
306,174,4
306,203,4
307,35,4
307,45,4
307,128,4
308,5,4
308,8,4
308,11,4
308,13,4
309,187,4
310,60,4
310,175,4
311,1,4
311,5,4
311,30,4
311,40,4
311,42,4
311,45,4
311,54,4
311,88,4
311,105,4
311,157,4
312,64,4
313,45,4
314,42,4
314,205,4
315,4,4
315,8,4
315,13,4
315,27,4
315,31,4
315,270,4
316,2,4
316,5,4
316,8,4
316,31,4
317,2,4
317,13,4
317,65,4
317,88,4
318,115,4
319,5,4
319,37,4
319,132,4
320,2,4
320,5,4
320,8,4
320,36,4
320,42,4
320,45,4
320,197,4
320,208,4
320,215,4
321,4,4
321,31,4
321,245,4
322,31,4
322,210,4
322,223,4
323,4,4
323,5,4
323,8,4
323,105,4
323,223,4
324,5,4
325,8,4
325,177,4
326,5,4
326,8,4
326,27,4
326,48,4
326,107,4
326,115,4
326,142,4
327,0,4
327,4,4
327,8,4
327,31,4
327,42,4
327,107,4
328,256,4
329,64,4
330,31,4
330,96,4
330,194,4
331,2,4
331,8,4
331,18,4
331,47,4
331,64,4
331,96,4
331,198,4
331,204,4
331,269,4
332,8,4
332,115,4
332,179,4
333,115,4
333,210,4
334,1,4
334,2,4
334,4,4
334,8,4
334,64,4
334,66,4
334,76,4
334,93,4
334,197,4
334,205,4
335,8,4
335,41,4
335,261,4
336,5,4
336,27,4
336,35,4
336,42,4
336,49,4
336,132,4
337,258,4
338,2,4
338,13,4
338,30,4
338,45,4
339,8,4
339,11,4
339,13,4
339,45,4
339,96,4
340,4,4
340,8,4
340,41,4
340,47,4
340,48,4
341,27,4
341,104,4
342,45,4
342,205,4
343,1,4
343,4,4
343,30,4
343,31,4
343,45,4
343,66,4
343,87,4
343,153,4
343,221,4
344,1,4
344,4,4
344,11,4
344,13,4
344,107,4
345,30,4
345,31,4
345,257,4
346,5,4
346,30,4
346,107,4
346,269,4
347,9,4
347,143,4
347,157,4
347,173,4
347,194,4
348,8,4
348,11,4
348,13,4
348,48,4
348,96,4
348,173,4
349,5,4
349,8,4
349,13,4
349,41,4
349,65,4
349,66,4
349,151,4
349,157,4
349,174,4
349,263,4
351,8,4
351,31,4
351,81,4
351,142,4
351,143,4
352,4,4
352,18,4
352,30,4
352,31,4
352,109,4
353,1,4
353,13,4
353,38,4
353,82,4
353,105,4
353,107,4
353,210,4
353,259,4
354,2,4
354,5,4
354,8,4
354,13,4
354,18,4
354,33,4
354,45,4
354,55,4
354,134,4
354,144,4
355,8,4
355,45,4
355,94,4
355,197,4
356,2,4
356,5,4
356,8,4
356,13,4
356,45,4
356,105,4
356,176,4
356,205,4
356,258,4
357,27,4
358,262,4
359,2,4
359,5,4
359,8,4
359,47,4
359,100,4
359,259,4
360,8,4
361,2,4
361,31,4
361,174,4
361,215,4
362,249,4
363,4,4
364,13,4
365,64,4
366,204,4
366,205,4
367,30,4
367,45,4
367,90,4
367,170,4
367,210,4
368,107,4
370,8,4
370,176,4
371,4,4
371,9,4
371,35,4
371,36,4
371,64,4
371,127,4
371,196,4
371,250,4
372,8,4
372,13,4
372,18,4
372,107,4
373,35,4
373,76,4
373,205,4
373,248,4
374,1,4
374,27,4
374,96,4
374,159,4
375,1,4
375,35,4
376,35,4
376,48,4
376,262,4
377,124,4
377,194,4
378,5,4
378,52,4
378,104,4
379,5,4
379,8,4
379,194,4
380,35,4
380,36,4
380,157,4
380,249,4
381,2,4
381,28,4
381,136,4
382,1,4
382,63,4
382,107,4
382,132,4
382,258,4
384,4,4
384,8,4
384,30,4
384,35,4
384,41,4
384,45,4
384,76,4
384,128,4
384,247,4
385,204,4
385,256,4
386,10,4
386,35,4
386,38,4
386,39,4
386,83,4
386,143,4
386,165,4
386,197,4
387,30,4
387,83,4
388,3,4
388,30,4
388,112,4
392,1,4
392,8,4
392,41,4
392,155,4
393,5,4
394,8,4
395,1,4
395,13,4
395,115,4
396,199,4
397,8,4
397,18,4
397,30,4
397,31,4
397,38,4
397,42,4
397,83,4
397,201,4
398,8,4
398,30,4
398,31,4
398,38,4
398,42,4
398,83,4
398,201,4
399,4,4
399,24,4
399,35,4
399,36,4
399,47,4
399,54,4
399,198,4
400,4,4
400,24,4
400,35,4
400,54,4
400,198,4
401,4,4
401,35,4
401,54,4
401,198,4
402,5,4
402,194,4
402,199,4
403,36,4
403,81,4
403,245,4
404,36,4
404,81,4
404,245,4
405,1,4
405,5,4
405,64,4
405,100,4
405,159,4
405,249,4
406,5,4
406,8,4
406,254,4
406,256,4
407,10,4
407,35,4
407,38,4
407,39,4
407,83,4
407,143,4
407,165,4
407,174,4
407,197,4
408,8,4
408,66,4
408,104,4
408,107,4
409,10,4
409,35,4
409,38,4
409,39,4
409,83,4
409,143,4
409,165,4
409,197,4
410,2,4
410,100,4
