mi,di,type
0,26,4
0,31,2
0,31,3
0,31,4
0,33,4
0,46,3
0,46,4
0,49,0
0,49,4
0,53,2
0,66,4
0,75,0
0,76,0
0,76,3
0,76,4
0,86,4
0,92,3
0,93,0
0,97,0
0,98,3
0,102,4
0,103,3
0,107,4
0,113,4
0,114,4
0,126,0
0,131,3
0,143,4
0,169,2
0,169,0
0,169,3
0,171,2
0,175,2
0,181,4
0,186,3
0,199,4
0,200,2
0,205,4
0,206,0
0,206,3
0,206,4
0,217,2
0,217,0
0,217,4
0,218,4
0,222,4
0,224,4
0,232,3
0,244,4
0,250,4
1,26,4
1,31,2
1,31,3
1,31,4
1,33,4
1,46,3
1,46,4
1,49,0
1,49,4
1,53,2
1,66,4
1,75,0
1,76,0
1,76,3
1,76,4
1,86,4
1,92,3
1,93,0
1,97,0
1,98,3
1,102,4
1,103,3
1,107,4
1,113,4
1,114,4
1,126,0
1,131,3
1,143,4
1,169,2
1,169,0
1,169,3
1,171,2
1,175,2
1,181,4
1,186,3
1,199,4
1,200,2
1,205,4
1,206,0
1,206,3
1,206,4
1,217,0
1,217,4
1,218,4
1,222,4
1,224,4
1,244,4
1,250,4
2,26,4
2,31,2
2,31,3
2,31,4
2,33,4
2,46,3
2,46,4
2,49,0
2,49,4
2,53,2
2,66,4
2,75,0
2,76,0
2,76,3
2,76,4
2,86,4
2,92,3
2,93,0
2,97,0
2,98,3
2,102,4
2,103,3
2,107,4
2,113,4
2,126,0
2,131,3
2,143,4
2,155,1
2,157,2
2,169,2
2,169,0
2,169,3
2,171,2
2,175,2
2,181,4
2,186,3
2,199,4
2,200,2
2,205,4
2,206,1
2,206,0
2,206,3
2,206,4
2,217,2
2,217,0
2,217,4
2,218,4
2,222,4
2,224,4
2,244,4
2,250,4
3,14,2
3,21,2
3,31,2
3,31,3
3,31,4
3,33,4
3,46,3
3,49,0
3,49,3
3,49,4
3,51,4
3,53,2
3,53,4
3,75,0
3,80,2
3,80,4
3,86,4
3,91,4
3,92,3
3,93,0
3,96,3
3,97,4
3,102,0
3,102,3
3,108,0
3,113,3
3,113,4
3,114,2
3,114,4
3,124,3
3,126,0
3,131,3
3,140,3
3,143,4
3,149,2
3,152,3
3,155,2
3,160,2
3,160,0
3,167,1
3,169,2
3,169,0
3,169,3
3,169,4
3,181,4
3,183,0
3,186,3
3,186,4
3,190,2
3,200,2
3,202,2
3,203,0
3,205,4
3,206,0
3,206,3
3,206,4
3,208,3
3,211,2
3,212,4
3,217,2
3,217,4
3,218,3
3,218,4
3,225,4
3,226,4
3,229,4
3,230,4
3,232,2
3,232,3
3,232,4
3,239,3
3,241,3
3,252,2
3,256,4
4,6,4
4,21,3
4,28,3
4,28,4
4,31,2
4,31,3
4,31,4
4,33,4
4,35,4
4,46,1
4,46,3
4,46,4
4,49,3
4,49,4
4,50,4
4,53,2
4,53,4
4,57,1
4,73,4
4,75,0
4,75,4
4,76,3
4,86,4
4,87,2
4,87,4
4,92,3
4,93,0
4,94,2
4,97,4
4,107,3
4,113,3
4,113,4
4,114,0
4,114,4
4,117,2
4,117,0
4,126,0
4,131,3
4,143,4
4,145,0
4,148,3
4,157,2
4,169,2
4,169,0
4,169,3
4,169,4
4,174,4
4,181,4
4,186,3
4,190,2
4,192,2
4,200,2
4,205,4
4,206,3
4,206,4
4,217,0
4,217,4
4,218,4
4,222,4
4,225,4
4,232,2
4,232,0
4,232,3
4,232,4
4,239,3
4,241,4
5,7,3
5,13,2
5,13,3
5,19,4
5,31,3
5,31,4
5,33,4
5,46,3
5,49,0
5,49,4
5,53,2
5,53,0
5,53,3
5,75,0
5,80,3
5,83,3
5,86,4
5,92,3
5,93,0
5,96,2
5,107,2
5,107,4
5,113,3
5,113,4
5,114,4
5,118,2
5,121,4
5,126,0
5,131,3
5,143,4
5,144,4
5,157,2
5,169,2
5,169,0
5,169,3
5,169,4
5,181,4
5,183,0
5,186,2
5,186,3
5,199,4
5,200,2
5,205,4
5,206,3
5,206,4
5,217,3
5,217,4
5,218,2
5,218,3
5,218,4
5,219,3
5,225,4
5,232,4
5,239,3
5,254,2
6,8,4
6,11,4
6,19,4
6,31,1
6,31,3
6,31,4
6,46,2
6,46,0
6,46,3
6,49,4
6,53,2
6,74,4
6,75,0
6,76,4
6,80,0
6,80,3
6,86,4
6,92,3
6,93,0
6,113,3
6,113,4
6,114,4
6,124,2
6,126,0
6,131,3
6,135,4
6,140,3
6,143,4
6,169,2
6,169,0
6,169,3
6,169,4
6,171,2
6,181,4
6,186,3
6,192,2
6,200,2
6,205,4
6,206,3
6,206,4
6,217,2
6,217,0
6,217,4
6,225,4
6,226,4
6,239,3
6,241,2
6,253,2
6,253,4
6,254,2
6,256,2
7,31,3
7,31,4
7,46,3
7,53,2
7,75,0
7,80,0
7,86,4
7,92,3
7,93,0
7,102,3
7,102,4
7,113,4
7,114,4
7,126,0
7,131,3
7,143,4
7,169,2
7,169,0
7,169,3
7,181,4
7,185,3
7,186,3
7,199,4
7,200,2
7,205,4
7,206,3
7,206,4
7,217,3
7,217,4
7,218,4
8,27,4
8,31,3
8,31,4
8,46,3
8,53,2
8,75,0
8,80,0
8,86,4
8,92,3
8,93,0
8,102,3
8,102,4
8,113,4
8,114,4
8,126,0
8,131,3
8,143,4
8,169,2
8,169,0
8,169,3
8,181,4
8,186,3
8,199,4
8,200,2
8,205,4
8,206,3
8,206,4
8,217,3
8,217,4
8,218,4
9,13,2
9,13,3
9,13,4
9,21,3
9,31,2
9,31,3
9,31,4
9,46,0
9,46,3
9,46,4
9,49,0
9,49,4
9,53,2
9,75,2
9,75,0
9,76,2
9,76,4
9,86,4
9,92,3
9,93,0
9,102,3
9,102,4
9,103,4
9,107,3
9,108,2
9,113,3
9,113,4
9,126,0
9,131,3
9,142,4
9,143,4
9,169,2
9,169,0
9,169,3
9,169,4
9,181,4
9,186,0
9,186,3
9,191,2
9,200,2
9,202,2
9,205,4
9,206,3
9,206,4
9,215,2
9,216,0
9,217,4
9,219,4
9,225,4
9,232,4
9,235,3
9,236,4
9,239,3
9,260,2
10,27,4
10,31,3
10,31,4
10,35,4
10,36,2
10,46,0
10,46,3
10,49,4
10,53,2
10,53,0
10,58,4
10,63,4
10,75,0
10,76,2
10,78,3
10,86,4
10,92,3
10,93,0
10,102,3
10,113,3
10,113,4
10,114,2
10,119,4
10,122,4
10,126,0
10,128,3
10,131,3
10,131,4
10,143,4
10,156,2
10,169,2
10,169,0
10,169,3
10,169,4
10,181,4
10,186,2
10,186,3
10,192,2
10,200,2
10,205,4
10,206,3
10,206,4
10,217,3
10,217,4
10,218,3
10,218,4
10,225,4
10,230,4
10,239,3
10,241,4
11,16,4
11,31,0
11,31,4
11,33,4
11,46,0
11,46,3
11,56,3
11,59,2
11,73,3
11,76,1
11,76,4
11,78,2
11,78,4
11,92,1
11,93,4
11,102,4
11,103,1
11,113,3
11,113,4
11,114,4
11,118,4
11,124,2
11,126,2
11,126,3
11,126,4
11,131,4
11,147,3
11,147,4
11,169,3
11,169,4
11,186,0
11,194,2
11,196,4
11,200,4
11,202,2
11,202,4
11,204,0
11,204,4
11,205,3
11,217,0
11,219,2
11,232,3
11,232,4
11,239,2
11,242,3
11,242,4
11,256,3
11,256,4
11,261,3
11,261,4
12,16,4
12,31,4
12,33,4
12,46,0
12,46,3
12,56,3
12,59,2
12,69,0
12,73,3
12,76,4
12,78,2
12,78,4
12,93,4
12,102,4
12,113,3
12,113,4
12,114,4
12,118,4
12,124,2
12,126,2
12,126,3
12,126,4
12,131,4
12,147,3
12,147,4
12,169,3
12,169,4
12,194,2
12,196,4
12,200,4
12,202,2
12,202,4
12,204,0
12,205,3
12,219,2
12,232,3
12,232,4
12,239,2
12,242,3
12,242,4
12,256,3
12,256,4
12,261,3
12,261,4
13,1,2
13,6,3
13,7,3
13,7,4
13,9,2
13,13,3
13,21,2
13,21,3
13,28,2
13,28,3
13,28,4
13,31,2
13,31,3
13,33,2
13,33,4
13,35,4
13,38,3
13,46,2
13,46,0
13,46,3
13,46,4
13,49,2
13,50,4
13,53,0
13,67,3
13,73,4
13,76,3
13,76,4
13,79,2
13,82,2
13,92,3
13,92,4
13,93,4
13,97,3
13,97,4
13,102,2
13,102,3
13,107,3
13,113,4
13,143,3
13,152,3
13,155,2
13,155,3
13,160,2
13,169,3
13,169,4
13,191,3
13,192,2
13,193,4
13,205,3
13,206,3
13,216,0
13,216,3
13,217,0
13,217,4
13,218,3
13,218,4
13,222,4
13,232,0
13,232,3
13,232,4
13,233,4
13,256,3
13,256,4
13,261,2
13,261,3
13,261,4
14,8,4
14,31,0
14,31,3
14,46,1
14,46,0
14,46,3
14,49,0
14,49,3
14,53,3
14,75,0
14,97,4
14,102,0
14,102,3
14,107,2
14,113,4
14,117,1
14,169,0
14,169,4
14,172,4
14,178,2
14,182,4
14,205,3
14,206,0
14,206,3
14,218,0
14,232,3
14,261,3
15,8,4
15,31,0
15,31,3
15,46,3
15,49,0
15,49,3
15,53,3
15,97,4
15,102,3
15,102,4
15,107,2
15,113,4
15,117,1
15,152,2
15,169,0
15,172,4
15,178,2
15,182,4
15,205,3
15,206,0
15,206,3
15,218,0
15,232,3
15,261,3
16,5,4
16,13,3
16,31,2
16,31,4
16,76,3
16,92,3
16,102,4
16,153,2
16,169,3
16,169,4
16,192,2
16,204,3
16,206,4
16,229,2
17,5,4
17,13,3
17,31,2
17,31,0
17,31,4
17,76,3
17,92,3
17,102,4
17,153,2
17,169,3
17,169,4
17,186,0
17,192,2
17,204,3
17,206,4
17,217,0
17,229,2
18,31,2
18,76,3
18,92,3
18,169,3
18,229,2
19,31,2
19,76,3
19,92,3
19,169,3
19,229,2
20,5,4
20,6,3
20,7,3
20,17,2
20,20,3
20,20,4
20,23,4
20,31,3
20,31,4
20,35,0
20,36,3
20,43,3
20,43,4
20,46,3
20,46,4
20,49,2
20,52,4
20,53,2
20,53,4
20,59,3
20,61,3
20,65,2
20,68,4
20,70,4
20,75,2
20,75,3
20,75,4
20,76,2
20,76,3
20,76,4
20,80,2
20,85,3
20,102,2
20,102,0
20,102,3
20,102,4
20,103,4
20,107,2
20,107,3
20,107,4
20,108,3
20,108,4
20,132,4
20,146,3
20,169,3
20,169,4
20,175,3
20,185,4
20,186,4
20,202,2
20,206,2
20,206,1
20,206,3
20,206,4
20,216,0
20,217,3
20,217,4
20,218,2
20,218,4
20,229,4
20,232,2
20,232,3
20,232,4
20,233,4
20,240,4
20,242,3
20,243,3
20,254,2
20,257,4
20,262,3
21,4,3
21,13,3
21,21,0
21,23,3
21,23,4
21,26,3
21,28,3
21,28,4
21,31,2
21,31,0
21,31,3
21,31,4
21,33,4
21,34,4
21,36,0
21,36,3
21,38,4
21,41,3
21,45,4
21,46,2
21,46,1
21,46,0
21,46,3
21,46,4
21,48,3
21,53,2
21,53,0
21,53,4
21,61,3
21,65,3
21,72,4
21,75,4
21,76,3
21,76,4
21,94,2
21,95,2
21,96,2
21,97,4
21,98,4
21,102,2
21,102,3
21,102,4
21,103,3
21,103,4
21,108,3
21,108,4
21,114,2
21,114,4
21,116,3
21,117,0
21,119,4
21,122,2
21,147,3
21,148,3
21,153,3
21,175,3
21,185,4
21,186,2
21,186,0
21,206,2
21,206,1
21,206,3
21,206,4
21,210,4
21,216,4
21,217,2
21,217,0
21,217,4
21,218,3
21,221,4
21,225,0
21,227,1
21,229,3
21,232,3
21,232,4
21,241,3
21,256,3
21,257,4
21,262,3
22,3,3
22,6,0
22,6,3
22,7,3
22,13,2
22,13,3
22,13,4
22,20,4
22,21,3
22,31,2
22,31,0
22,31,3
22,31,4
22,36,1
22,37,3
22,38,3
22,45,2
22,45,3
22,46,2
22,46,3
22,46,4
22,48,0
22,49,3
22,64,3
22,72,4
22,75,4
22,76,3
22,80,2
22,81,2
22,83,2
22,83,4
22,88,2
22,102,2
22,102,3
22,102,4
22,103,3
22,108,3
22,108,4
22,113,4
22,114,4
22,118,3
22,120,2
22,149,3
22,157,2
22,157,4
22,169,4
22,186,2
22,187,4
22,191,3
22,192,2
22,202,3
22,204,3
22,206,3
22,216,3
22,217,4
22,218,2
22,218,1
22,218,4
22,225,3
22,232,4
22,252,3
22,261,0
23,7,3
23,13,4
23,21,1
23,21,3
23,21,4
23,28,1
23,31,3
23,31,4
23,38,4
23,46,3
23,46,4
23,47,4
23,49,2
23,49,3
23,49,4
23,59,4
23,70,2
23,77,3
23,93,4
23,95,4
23,102,3
23,107,3
23,107,4
23,108,3
23,125,3
23,132,4
23,147,4
23,149,2
23,155,2
23,155,0
23,169,3
23,170,3
23,177,3
23,185,4
23,206,0
23,206,3
23,206,4
23,210,3
23,218,3
23,218,4
23,219,4
23,232,4
23,261,3
23,261,4
24,5,4
24,7,3
24,21,1
24,21,3
24,28,3
24,31,2
24,31,3
24,31,4
24,45,3
24,46,2
24,46,3
24,46,4
24,47,3
24,49,2
24,49,3
24,49,4
24,53,4
24,55,4
24,59,4
24,64,0
24,68,2
24,75,3
24,76,2
24,76,0
24,76,4
24,77,3
24,92,0
24,93,3
24,93,4
24,95,4
24,97,4
24,100,3
24,102,1
24,102,3
24,107,3
24,107,4
24,108,4
24,113,3
24,114,4
24,123,2
24,136,3
24,149,2
24,167,4
24,169,3
24,169,4
24,185,4
24,186,2
24,202,0
24,205,3
24,206,2
24,206,0
24,206,3
24,206,4
24,210,3
24,212,4
24,216,3
24,217,4
24,218,0
24,218,4
24,224,4
24,241,4
24,251,1
24,256,4
24,261,4
25,31,3
25,43,3
25,46,0
25,49,3
25,51,3
25,51,4
25,84,3
25,102,3
25,102,4
25,109,0
25,189,2
25,217,0
25,232,4
26,1,2
26,2,3
26,4,2
26,10,3
26,18,4
26,19,3
26,21,3
26,28,0
26,31,2
26,31,3
26,43,3
26,46,2
26,46,1
26,46,0
26,46,3
26,46,4
26,48,3
26,53,3
26,53,4
26,55,3
26,65,0
26,65,3
26,70,2
26,71,2
26,71,0
26,71,3
26,73,2
26,76,2
26,76,4
26,78,2
26,80,3
26,81,3
26,83,4
26,100,2
26,100,4
26,102,2
26,102,3
26,102,4
26,105,1
26,114,3
26,117,2
26,117,0
26,117,3
26,117,4
26,118,2
26,118,0
26,118,3
26,118,4
26,119,4
26,122,3
26,122,4
26,124,2
26,124,0
26,132,3
26,140,4
26,142,2
26,149,3
26,155,3
26,162,3
26,162,4
26,163,2
26,163,3
26,164,4
26,166,2
26,167,2
26,167,0
26,167,3
26,172,3
26,175,2
26,186,4
26,189,2
26,191,3
26,197,2
26,206,3
26,212,2
26,212,4
26,213,0
26,218,2
26,218,4
26,227,2
26,232,3
26,234,0
26,243,2
26,247,2
26,247,3
26,252,2
26,252,0
26,252,3
26,252,4
26,256,4
27,3,4
27,46,4
27,99,4
27,108,3
27,169,4
27,170,2
27,236,4
27,261,1
27,261,4
28,31,3
28,45,3
28,46,4
28,49,3
28,226,4
29,46,3
29,48,3
29,122,3
29,131,3
29,177,2
30,0,2
30,13,3
30,20,4
30,31,0
30,31,3
30,46,1
30,46,3
30,53,1
30,65,1
30,76,1
30,76,3
30,92,1
30,102,1
30,102,3
30,103,1
30,107,4
30,108,0
30,108,3
30,155,2
30,169,4
30,172,4
30,185,3
30,200,1
30,210,0
30,218,1
30,232,3
30,241,4
30,243,3
30,243,4
30,247,4
30,252,2
31,0,2
31,13,3
31,20,4
31,31,0
31,31,3
31,46,1
31,46,3
31,49,1
31,53,1
31,65,1
31,76,1
31,76,3
31,92,1
31,102,1
31,102,3
31,103,1
31,107,4
31,108,0
31,108,3
31,169,4
31,185,3
31,200,1
31,210,0
31,218,1
31,232,3
31,241,4
31,243,3
31,243,4
31,247,4
31,252,2
32,0,2
32,13,3
32,20,4
32,31,0
32,31,3
32,46,1
32,46,3
32,49,1
32,53,1
32,76,1
32,92,1
32,102,1
32,102,3
32,103,1
32,107,4
32,108,0
32,169,4
32,185,3
32,200,1
32,210,0
32,218,1
32,232,3
32,241,4
32,243,3
32,243,4
32,252,2
33,8,4
33,10,3
33,31,2
33,36,4
33,38,4
33,46,3
33,46,4
33,49,3
33,76,2
33,76,3
33,76,4
33,97,2
33,114,2
33,132,3
33,155,2
33,186,2
33,210,4
33,218,2
33,218,4
33,234,4
33,235,4
34,8,4
34,107,4
34,216,3
34,218,3
34,232,3
35,36,1
35,49,3
35,143,3
35,169,1
35,169,3
36,1,2
36,31,0
36,31,3
36,31,4
36,34,4
36,36,3
36,38,3
36,45,3
36,46,2
36,46,0
36,46,3
36,46,4
36,48,3
36,48,4
36,49,2
36,49,3
36,49,4
36,50,3
36,52,4
36,70,0
36,75,0
36,76,1
36,79,3
36,93,4
36,102,0
36,102,3
36,102,4
36,108,3
36,113,4
36,114,2
36,114,4
36,117,3
36,119,4
36,121,4
36,129,3
36,131,3
36,149,2
36,149,3
36,155,3
36,163,2
36,169,2
36,169,3
36,169,4
36,170,2
36,170,4
36,172,4
36,177,4
36,186,2
36,186,3
36,192,2
36,200,0
36,206,3
36,212,4
36,216,3
36,217,0
36,218,3
36,236,4
36,238,4
36,239,3
36,239,4
36,241,0
36,241,4
36,243,2
36,253,2
36,253,4
37,8,4
37,13,3
37,22,4
37,31,2
37,31,1
37,31,0
37,31,3
37,31,4
37,33,4
37,35,4
37,46,1
37,46,0
37,46,3
37,46,4
37,49,2
37,50,4
37,92,3
37,93,4
37,107,3
37,108,4
37,113,3
37,113,4
37,115,3
37,122,2
37,123,3
37,135,2
37,147,4
37,149,3
37,150,0
37,150,3
37,153,4
37,154,2
37,155,0
37,155,3
37,159,0
37,160,2
37,160,3
37,161,4
37,169,0
37,169,4
37,182,3
37,185,4
37,186,3
37,186,4
37,200,2
37,203,4
37,204,4
37,206,4
37,216,3
37,217,2
37,217,0
37,217,3
37,217,4
37,218,4
37,229,3
37,231,4
37,232,0
37,232,3
37,233,3
37,233,4
37,236,2
37,254,4
37,256,4
37,261,0
37,261,3
37,261,4
38,8,4
38,13,3
38,22,4
38,31,2
38,31,3
38,31,4
38,33,4
38,46,1
38,46,0
38,46,3
38,46,4
38,49,2
38,50,4
38,76,4
38,87,4
38,92,3
38,93,4
38,107,0
38,107,3
38,108,3
38,113,3
38,113,4
38,115,3
38,122,2
38,123,3
38,135,2
38,147,4
38,149,3
38,150,3
38,153,4
38,154,2
38,160,2
38,160,3
38,161,4
38,182,3
38,185,4
38,186,3
38,186,4
38,203,4
38,204,4
38,206,4
38,216,3
38,217,2
38,217,3
38,218,4
38,231,4
38,232,1
38,232,0
38,232,3
38,233,3
38,233,4
38,236,2
38,237,4
38,254,4
38,256,4
38,261,3
38,261,4
39,4,4
39,11,4
39,15,2
39,15,4
39,19,0
39,19,4
39,21,2
39,21,0
39,21,3
39,21,4
39,28,3
39,28,4
39,29,2
39,31,3
39,31,4
39,33,4
39,37,4
39,38,3
39,38,4
39,43,3
39,45,3
39,46,2
39,46,1
39,46,0
39,46,3
39,46,4
39,49,2
39,49,1
39,49,0
39,49,3
39,49,4
39,53,2
39,53,3
39,53,4
39,54,3
39,58,4
39,61,2
39,61,3
39,65,4
39,67,3
39,72,2
39,73,4
39,74,3
39,75,3
39,75,4
39,76,1
39,76,3
39,76,4
39,78,2
39,78,4
39,80,2
39,81,2
39,81,3
39,83,2
39,85,3
39,89,2
39,91,4
39,93,0
39,93,3
39,93,4
39,97,4
39,102,3
39,102,4
39,103,3
39,103,4
39,107,4
39,108,3
39,108,4
39,114,2
39,114,0
39,114,4
39,118,2
39,118,4
39,124,2
39,128,3
39,128,4
39,139,4
39,140,3
39,144,2
39,145,3
39,149,2
39,150,2
39,151,2
39,152,3
39,155,2
39,157,3
39,159,4
39,160,0
39,162,3
39,167,3
39,169,2
39,169,4
39,172,4
39,177,4
39,185,4
39,186,3
39,191,2
39,192,2
39,201,1
39,202,2
39,202,0
39,202,4
39,206,1
39,206,3
39,206,4
39,212,2
39,212,3
39,216,3
39,216,4
39,217,4
39,218,2
39,218,0
39,218,3
39,219,2
39,219,3
39,223,2
39,226,3
39,226,4
39,229,2
39,229,4
39,231,4
39,232,0
39,232,4
39,243,1
39,243,3
39,250,0
39,252,4
39,254,2
39,254,1
39,254,3
39,256,0
39,256,4
39,258,4
39,261,4
39,262,2
39,262,4
40,6,3
40,21,2
40,21,3
40,28,3
40,31,2
40,31,3
40,31,4
40,36,2
40,36,1
40,38,2
40,46,2
40,46,3
40,49,4
40,75,1
40,75,4
40,76,4
40,102,4
40,107,3
40,131,3
40,145,3
40,155,2
40,155,3
40,169,1
40,169,3
40,170,4
40,174,3
40,177,4
40,185,4
40,193,4
40,206,3
40,212,0
40,214,3
40,216,1
40,216,3
40,217,4
40,232,1
40,232,4
40,256,2
40,256,4
40,261,1
41,46,3
41,49,3
41,51,3
41,83,3
41,102,3
41,113,4
41,217,3
41,218,3
42,31,3
42,46,3
42,46,4
42,82,2
42,107,4
42,117,2
42,138,2
42,172,3
43,13,4
43,20,4
43,31,3
43,102,4
43,107,2
43,107,4
43,108,3
43,135,2
43,175,2
43,191,4
43,210,3
43,217,3
43,229,4
44,13,4
44,31,3
44,46,2
44,75,4
44,102,4
44,107,2
44,107,4
44,108,3
44,135,2
44,160,0
44,169,2
44,169,4
44,175,2
44,191,4
44,210,3
44,217,3
44,218,4
44,229,4
45,30,4
45,31,4
45,46,1
45,46,3
45,46,4
45,102,2
45,102,3
45,102,4
45,107,3
45,169,3
45,177,2
45,189,2
45,246,4
45,256,1
46,30,4
46,31,1
46,31,4
46,46,1
46,46,3
46,46,4
46,53,1
46,97,1
46,102,2
46,102,1
46,102,4
46,108,1
46,108,3
46,114,4
46,169,1
46,176,4
46,177,2
46,189,2
46,217,1
46,246,4
46,256,1
47,45,3
47,46,3
47,51,3
47,76,3
47,169,3
48,36,4
48,46,3
48,60,4
48,76,0
48,102,3
48,210,0
49,10,3
49,28,4
49,31,2
49,31,3
49,33,4
49,36,4
49,38,3
49,46,3
49,46,4
49,49,3
49,49,4
49,51,3
49,51,4
49,60,4
49,64,3
49,71,4
49,72,2
49,76,3
49,78,2
49,81,3
49,81,4
49,96,2
49,97,4
49,102,3
49,102,4
49,107,3
49,113,4
49,114,0
49,114,4
49,117,3
49,117,4
49,147,4
49,153,3
49,155,0
49,156,0
49,165,3
49,169,4
49,177,4
49,192,2
49,202,3
49,206,3
49,212,2
49,214,3
49,217,2
49,217,0
49,217,3
49,217,4
49,222,4
49,229,2
49,231,4
49,232,4
49,233,3
49,235,3
49,235,4
49,250,2
49,256,2
50,28,4
50,31,4
50,32,4
50,35,3
50,36,1
50,36,3
50,46,2
50,46,0
50,46,3
50,46,4
50,53,4
50,76,3
50,76,4
50,84,2
50,92,3
50,97,4
50,102,3
50,107,4
50,108,3
50,113,4
50,114,2
50,114,4
50,131,4
50,168,3
50,169,4
50,170,0
50,170,3
50,171,2
50,186,4
50,189,2
50,217,0
50,217,3
50,218,3
50,218,4
50,224,4
50,229,2
50,232,4
50,235,3
50,246,3
50,260,4
51,13,2
51,13,3
51,14,4
51,21,3
51,31,2
51,31,3
51,31,4
51,33,4
51,36,2
51,36,1
51,38,4
51,46,0
51,46,3
51,46,4
51,49,3
51,51,0
51,61,2
51,75,2
51,75,3
51,76,4
51,83,2
51,83,0
51,94,2
51,102,2
51,102,0
51,102,3
51,102,4
51,107,4
51,108,4
51,114,0
51,114,4
51,117,3
51,124,2
51,131,2
51,131,0
51,131,3
51,131,4
51,132,4
51,141,3
51,153,4
51,167,3
51,169,2
51,169,3
51,188,4
51,191,3
51,192,2
51,202,3
51,212,2
51,214,4
51,216,0
51,216,3
51,216,4
51,217,2
51,218,2
51,218,1
51,218,3
51,218,4
51,219,3
51,220,2
51,221,4
51,225,3
51,232,2
51,232,1
51,232,0
51,232,3
51,243,4
51,252,2
52,16,4
52,20,4
52,21,2
52,31,0
52,33,4
52,56,3
52,59,2
52,59,4
52,61,3
52,61,4
52,73,3
52,76,1
52,76,3
52,76,4
52,97,3
52,113,3
52,113,4
52,114,4
52,124,2
52,124,3
52,126,2
52,126,3
52,126,4
52,147,4
52,162,3
52,194,2
52,196,4
52,202,2
52,202,4
52,215,2
52,216,3
52,217,3
52,232,3
52,242,4
52,252,2
52,261,3
52,261,4
53,16,4
53,20,4
53,21,2
53,31,0
53,33,4
53,56,3
53,59,2
53,59,4
53,61,3
53,73,3
53,76,1
53,76,3
53,76,4
53,97,3
53,102,4
53,113,4
53,114,4
53,124,2
53,124,3
53,126,2
53,126,3
53,126,4
53,147,4
53,162,3
53,186,0
53,194,2
53,196,4
53,202,2
53,202,4
53,215,2
53,216,3
53,217,0
53,217,3
53,232,3
53,252,2
53,261,3
53,261,4
54,1,2
54,4,2
54,21,2
54,23,2
54,28,4
54,31,3
54,31,4
54,46,3
54,46,4
54,48,3
54,49,3
54,52,4
54,53,4
54,56,3
54,57,2
54,61,3
54,73,3
54,75,4
54,76,3
54,76,4
54,102,0
54,102,3
54,102,4
54,107,3
54,108,3
54,114,4
54,124,2
54,126,3
54,131,4
54,137,3
54,167,3
54,167,4
54,169,2
54,169,4
54,172,4
54,194,2
54,202,2
54,202,4
54,204,4
54,206,3
54,206,4
54,216,2
54,216,4
54,217,3
54,217,4
54,218,4
54,219,3
54,229,4
54,232,1
54,232,3
54,232,4
54,239,2
54,244,4
54,255,4
54,256,4
54,261,3
54,261,4
55,21,3
55,31,3
55,45,3
55,46,3
55,46,4
55,49,0
55,49,3
55,49,4
55,53,2
55,53,3
55,62,3
55,96,3
55,107,3
55,108,0
55,108,3
55,113,3
55,114,4
55,118,2
55,165,3
55,169,3
55,169,4
55,171,2
55,186,4
55,188,2
55,188,4
55,202,2
55,216,3
55,217,4
55,218,2
55,218,4
55,232,4
56,31,3
56,33,4
56,46,3
56,53,3
56,76,3
56,76,4
56,93,3
56,95,4
56,102,3
56,114,4
56,169,3
56,172,4
56,185,0
56,185,4
56,206,3
57,31,3
57,33,4
57,46,3
57,53,3
57,76,3
57,76,4
57,93,3
57,95,4
57,102,3
57,114,4
57,169,3
57,172,4
57,185,0
57,185,4
57,206,3
58,21,3
58,28,4
58,31,0
58,31,3
58,37,3
58,38,0
58,38,4
58,41,3
58,42,4
58,46,3
58,49,3
58,52,3
58,52,4
58,57,3
58,75,4
58,76,2
58,76,3
58,76,4
58,93,3
58,97,4
58,107,3
58,124,4
58,169,3
58,172,3
58,176,4
58,185,0
58,185,4
58,186,0
58,201,3
58,216,3
58,216,4
58,217,0
58,218,4
58,229,2
58,232,3
58,232,4
58,241,4
58,261,4
59,13,2
59,21,3
59,37,4
59,45,3
59,46,3
59,108,3
59,114,4
59,118,2
59,169,4
59,193,4
59,217,3
59,231,4
60,13,2
60,13,3
60,20,3
60,20,4
60,28,1
60,28,4
60,31,3
60,33,4
60,36,1
60,45,0
60,45,3
60,46,0
60,46,3
60,46,4
60,49,1
60,49,3
60,50,4
60,75,4
60,76,3
60,76,4
60,91,4
60,102,1
60,102,0
60,102,3
60,104,3
60,107,1
60,107,0
60,107,3
60,107,4
60,108,3
60,108,4
60,148,4
60,169,1
60,169,3
60,186,0
60,186,3
60,186,4
60,187,4
60,190,3
60,206,1
60,206,3
60,210,1
60,210,3
60,216,3
60,217,3
60,236,2
61,20,4
61,46,3
61,53,0
61,53,3
61,154,3
61,169,3
61,172,4
61,186,4
61,205,3
61,206,3
61,210,0
61,217,3
61,256,4
62,20,4
62,46,3
62,53,0
62,53,3
62,154,3
62,169,3
62,172,4
62,186,4
62,205,3
62,206,3
62,210,0
62,217,3
62,256,4
63,13,3
63,28,0
63,28,4
63,31,2
63,31,3
63,31,4
63,33,4
63,34,4
63,35,3
63,36,3
63,36,4
63,38,0
63,46,2
63,46,1
63,46,3
63,46,4
63,49,1
63,52,4
63,53,4
63,76,2
63,76,3
63,76,4
63,88,2
63,96,3
63,102,1
63,102,3
63,102,4
63,107,3
63,107,4
63,108,3
63,114,4
63,142,3
63,149,3
63,169,3
63,172,4
63,185,4
63,206,3
63,211,2
63,213,3
63,214,3
63,218,3
63,243,2
64,27,0
64,28,0
64,31,2
64,31,4
64,34,4
64,36,2
64,36,4
64,43,3
64,46,3
64,49,3
64,76,3
64,102,2
64,102,0
64,102,4
64,108,0
64,108,3
64,110,3
64,119,4
64,156,2
64,168,3
64,169,3
64,169,4
64,192,2
64,197,2
64,198,2
64,201,1
64,206,2
64,214,2
64,214,1
64,214,3
64,214,4
64,216,0
64,216,3
64,217,4
64,243,0
64,244,4
64,250,3
65,14,3
65,17,3
65,25,4
65,26,4
65,27,4
65,28,4
65,31,2
65,31,0
65,31,3
65,31,4
65,32,4
65,36,3
65,38,4
65,39,4
65,41,3
65,41,4
65,42,4
65,43,3
65,45,3
65,46,0
65,46,3
65,49,2
65,49,3
65,49,4
65,51,3
65,53,2
65,53,4
65,65,2
65,65,4
65,67,4
65,75,2
65,76,2
65,76,3
65,76,4
65,91,4
65,92,4
65,93,4
65,97,1
65,97,3
65,97,4
65,102,1
65,102,3
65,102,4
65,108,3
65,113,4
65,117,3
65,120,3
65,142,3
65,146,3
65,167,4
65,184,2
65,206,3
65,206,4
65,210,0
65,217,2
65,217,3
65,217,4
65,218,3
65,218,4
65,224,4
65,232,2
65,232,1
65,232,3
65,232,4
65,234,4
65,245,4
65,254,2
65,256,2
65,261,4
66,13,2
66,21,4
66,22,4
66,23,4
66,29,2
66,31,3
66,31,4
66,36,3
66,38,3
66,46,1
66,46,0
66,46,3
66,46,4
66,49,3
66,53,2
66,53,4
66,72,4
66,75,4
66,76,2
66,83,2
66,92,4
66,93,4
66,94,2
66,94,4
66,102,0
66,102,3
66,102,4
66,103,4
66,107,4
66,113,4
66,114,2
66,114,4
66,116,3
66,120,2
66,131,3
66,135,4
66,142,2
66,149,0
66,149,4
66,150,0
66,152,3
66,155,0
66,158,3
66,159,2
66,169,2
66,169,0
66,169,3
66,169,4
66,171,2
66,172,4
66,177,0
66,182,2
66,182,1
66,186,2
66,186,3
66,206,3
66,206,4
66,216,3
66,216,4
66,217,4
66,218,4
66,220,2
66,229,2
66,231,4
66,233,4
66,239,2
66,239,3
66,241,4
66,246,2
66,250,3
66,251,4
66,254,2
66,254,1
66,256,3
66,258,2
66,262,3
66,263,3
67,7,3
67,7,4
67,11,3
67,11,4
67,12,4
67,13,2
67,19,4
67,21,4
67,22,3
67,26,4
67,28,2
67,28,0
67,28,4
67,31,2
67,31,1
67,31,0
67,31,3
67,31,4
67,33,4
67,35,3
67,37,3
67,38,3
67,38,4
67,41,3
67,43,3
67,43,4
67,44,2
67,44,3
67,45,3
67,46,2
67,46,3
67,46,4
67,49,0
67,49,3
67,49,4
67,50,4
67,51,3
67,52,4
67,53,3
67,53,4
67,59,2
67,61,2
67,61,3
67,64,3
67,64,4
67,68,4
67,72,4
67,74,4
67,75,2
67,75,0
67,75,3
67,75,4
67,76,2
67,76,3
67,76,4
67,77,0
67,80,3
67,83,2
67,83,4
67,88,2
67,92,3
67,93,2
67,93,4
67,97,3
67,97,4
67,102,3
67,102,4
67,107,3
67,107,4
67,108,3
67,113,3
67,116,3
67,118,4
67,119,3
67,124,2
67,130,4
67,131,3
67,131,4
67,137,3
67,137,4
67,149,0
67,149,3
67,153,4
67,155,2
67,155,3
67,160,1
67,169,3
67,169,4
67,172,3
67,173,2
67,185,4
67,186,3
67,188,2
67,192,2
67,194,3
67,202,4
67,206,0
67,206,3
67,206,4
67,210,3
67,212,2
67,212,3
67,212,4
67,216,0
67,216,3
67,216,4
67,217,3
67,218,3
67,218,4
67,224,4
67,228,2
67,232,0
67,232,3
67,232,4
67,233,2
67,234,4
67,235,3
67,247,2
67,247,4
67,261,3
67,261,4
67,262,1
67,262,4
67,265,3
68,13,3
68,21,3
68,23,4
68,28,3
68,31,2
68,45,3
68,46,3
68,46,4
68,53,2
68,53,3
68,65,3
68,76,3
68,76,4
68,83,2
68,83,3
68,94,2
68,100,3
68,102,3
68,106,2
68,107,3
68,116,3
68,133,3
68,140,4
68,142,3
68,147,4
68,149,3
68,156,2
68,165,3
68,169,3
68,175,2
68,176,0
68,185,4
68,189,2
68,202,2
68,205,3
68,206,3
68,211,3
68,216,3
68,216,4
68,226,4
68,229,3
68,231,4
68,244,4
68,256,2
68,256,0
68,256,3
68,260,4
69,2,2
69,3,2
69,4,2
69,5,3
69,6,3
69,7,3
69,15,2
69,19,3
69,21,2
69,21,0
69,21,3
69,21,4
69,26,3
69,26,4
69,27,4
69,28,0
69,28,3
69,28,4
69,31,2
69,31,0
69,31,3
69,31,4
69,33,4
69,34,4
69,35,3
69,36,3
69,37,0
69,37,4
69,38,3
69,38,4
69,41,3
69,42,4
69,45,2
69,45,3
69,46,2
69,46,0
69,46,3
69,46,4
69,49,2
69,49,3
69,49,4
69,50,4
69,51,4
69,52,4
69,53,3
69,53,4
69,59,2
69,61,2
69,61,3
69,62,2
69,64,3
69,64,4
69,67,1
69,68,3
69,74,4
69,75,2
69,75,3
69,75,4
69,76,2
69,76,0
69,76,3
69,76,4
69,78,2
69,83,2
69,83,3
69,88,2
69,92,3
69,93,2
69,93,3
69,93,4
69,94,4
69,97,3
69,97,4
69,98,4
69,102,3
69,102,4
69,107,2
69,107,0
69,107,3
69,107,4
69,108,3
69,108,4
69,113,3
69,114,2
69,119,4
69,124,2
69,124,3
69,125,3
69,131,4
69,137,3
69,138,3
69,140,3
69,147,4
69,155,3
69,165,0
69,169,2
69,169,0
69,169,3
69,169,4
69,170,4
69,173,4
69,184,0
69,184,4
69,185,4
69,186,2
69,186,0
69,186,3
69,186,4
69,187,4
69,188,2
69,191,2
69,191,3
69,192,2
69,197,2
69,200,0
69,200,4
69,205,3
69,206,0
69,206,3
69,206,4
69,210,3
69,212,3
69,214,3
69,216,3
69,217,2
69,217,0
69,217,3
69,217,4
69,218,2
69,218,3
69,218,4
69,224,3
69,224,4
69,227,3
69,228,2
69,232,1
69,232,0
69,232,3
69,232,4
69,235,3
69,241,3
69,246,4
69,247,3
69,252,2
69,252,3
69,254,2
69,256,3
69,261,3
69,261,4
69,262,3
69,262,4
69,265,3
70,0,0
70,1,2
70,1,0
70,11,3
70,13,2
70,13,0
70,13,3
70,15,4
70,19,0
70,19,3
70,19,4
70,20,3
70,21,2
70,21,0
70,21,3
70,24,0
70,28,0
70,31,2
70,31,0
70,31,3
70,31,4
70,33,4
70,35,4
70,38,0
70,38,3
70,46,0
70,46,3
70,46,4
70,48,0
70,49,2
70,49,0
70,49,3
70,53,0
70,53,3
70,54,4
70,55,4
70,60,4
70,61,0
70,61,3
70,62,0
70,63,2
70,69,3
70,70,2
70,70,0
70,71,2
70,71,4
70,72,2
70,73,0
70,75,4
70,76,0
70,76,3
70,76,4
70,78,2
70,78,0
70,80,4
70,81,2
70,81,3
70,81,4
70,82,2
70,83,2
70,83,0
70,84,0
70,84,4
70,85,0
70,85,3
70,86,0
70,87,4
70,92,0
70,94,2
70,94,4
70,96,2
70,96,0
70,97,0
70,102,2
70,102,0
70,102,3
70,102,4
70,103,0
70,103,4
70,107,0
70,107,3
70,109,2
70,110,0
70,111,0
70,112,3
70,113,0
70,114,2
70,117,0
70,117,3
70,117,4
70,118,2
70,118,4
70,120,0
70,122,3
70,123,3
70,123,4
70,124,2
70,124,0
70,129,0
70,130,3
70,131,3
70,131,4
70,132,4
70,133,3
70,137,0
70,138,4
70,140,2
70,140,0
70,140,3
70,140,4
70,142,2
70,143,0
70,144,0
70,149,3
70,152,2
70,153,2
70,155,3
70,157,2
70,161,4
70,162,0
70,167,4
70,169,0
70,169,3
70,169,4
70,170,3
70,170,4
70,172,3
70,172,4
70,173,0
70,173,3
70,174,1
70,176,4
70,182,1
70,183,0
70,185,4
70,186,2
70,186,0
70,186,3
70,186,4
70,188,3
70,189,0
70,190,0
70,191,2
70,191,0
70,192,2
70,200,4
70,202,2
70,202,0
70,205,0
70,205,4
70,206,0
70,206,3
70,206,4
70,211,2
70,212,2
70,212,4
70,214,2
70,214,3
70,214,4
70,217,0
70,217,4
70,218,2
70,218,4
70,221,4
70,227,0
70,232,2
70,232,1
70,232,0
70,232,3
70,232,4
70,233,2
70,233,0
70,233,3
70,233,4
70,235,0
70,243,2
70,243,0
70,243,3
70,243,4
70,246,4
70,247,2
70,247,0
70,247,3
70,247,4
70,248,2
70,248,4
70,252,3
70,252,4
70,254,2
70,254,1
70,254,0
70,254,4
70,256,2
70,256,0
70,256,3
70,259,4
70,260,0
70,261,0
70,261,4
70,262,3
71,3,2
71,8,4
71,14,4
71,17,4
71,18,4
71,19,4
71,21,2
71,21,4
71,23,4
71,28,4
71,29,2
71,31,2
71,31,0
71,31,3
71,31,4
71,32,4
71,35,2
71,35,4
71,36,3
71,43,3
71,44,3
71,46,3
71,49,2
71,49,0
71,54,3
71,54,4
71,64,0
71,74,2
71,76,3
71,76,4
71,81,3
71,91,4
71,92,4
71,94,2
71,94,4
71,100,2
71,102,3
71,102,4
71,103,4
71,107,3
71,107,4
71,108,3
71,113,4
71,120,2
71,122,3
71,124,2
71,131,0
71,131,3
71,131,4
71,138,2
71,153,2
71,155,2
71,169,0
71,169,4
71,177,2
71,177,3
71,182,2
71,186,4
71,191,2
71,191,3
71,192,2
71,198,2
71,204,4
71,206,3
71,210,4
71,212,3
71,214,4
71,216,3
71,217,0
71,217,4
71,218,3
71,218,4
71,221,4
71,232,2
71,232,3
71,232,4
71,233,2
71,233,3
71,246,4
71,247,3
71,248,4
71,252,2
71,253,2
71,256,2
71,256,0
71,256,3
71,256,4
72,31,3
72,177,3
72,219,2
72,260,4
73,27,4
73,76,4
73,107,4
73,177,3
73,210,4
73,260,4
74,2,3
74,7,3
74,7,4
74,8,4
74,13,4
74,17,2
74,19,2
74,19,3
74,28,4
74,31,2
74,31,1
74,31,0
74,31,3
74,31,4
74,33,4
74,36,1
74,36,3
74,38,3
74,43,4
74,45,0
74,45,4
74,46,2
74,46,1
74,46,3
74,46,4
74,49,3
74,53,3
74,54,3
74,65,3
74,75,4
74,76,1
74,76,3
74,76,4
74,82,2
74,92,1
74,92,0
74,102,2
74,102,1
74,102,0
74,102,3
74,102,4
74,103,1
74,103,4
74,107,3
74,107,4
74,108,3
74,109,3
74,114,4
74,119,4
74,131,3
74,140,3
74,152,2
74,153,2
74,155,2
74,169,2
74,169,1
74,170,3
74,185,2
74,186,3
74,190,2
74,190,3
74,192,2
74,193,4
74,206,3
74,206,4
74,212,3
74,215,1
74,216,2
74,216,4
74,217,3
74,218,3
74,218,4
74,232,1
74,232,3
74,248,4
74,254,4
75,4,3
75,8,4
75,19,2
75,19,3
75,31,2
75,31,1
75,31,0
75,31,3
75,38,0
75,46,3
75,46,4
75,49,3
75,49,4
75,76,3
75,102,4
75,156,3
75,167,3
75,167,4
75,169,2
75,169,4
75,186,0
75,186,3
75,217,4
75,218,3
75,253,2
76,0,0
76,11,0
76,20,4
76,31,1
76,31,0
76,31,3
76,31,4
76,46,0
76,46,3
76,48,4
76,49,3
76,51,4
76,53,0
76,53,3
76,53,4
76,76,1
76,76,0
76,76,3
76,78,2
76,78,0
76,82,3
76,100,4
76,102,0
76,102,3
76,107,1
76,108,3
76,108,4
76,111,0
76,113,0
76,115,1
76,117,0
76,121,4
76,131,3
76,143,0
76,155,3
76,168,4
76,169,0
76,202,0
76,202,3
76,206,2
76,206,0
76,206,3
76,206,4
76,217,3
76,229,2
76,232,3
76,243,0
76,251,0
76,256,0
76,260,0
76,261,1
77,8,3
77,8,4
77,20,4
77,21,0
77,21,3
77,24,3
77,28,3
77,28,4
77,29,2
77,31,3
77,32,4
77,38,3
77,46,0
77,46,3
77,46,4
77,49,3
77,49,4
77,53,2
77,53,4
77,54,4
77,56,3
77,59,4
77,63,2
77,63,4
77,64,3
77,65,2
77,69,4
77,72,2
77,73,3
77,75,4
77,76,3
77,76,4
77,82,2
77,83,2
77,85,0
77,93,4
77,97,3
77,98,4
77,100,3
77,102,3
77,102,4
77,108,0
77,108,4
77,111,3
77,114,0
77,114,4
77,115,0
77,117,2
77,119,4
77,122,2
77,122,3
77,122,4
77,123,3
77,124,2
77,130,4
77,131,3
77,131,4
77,132,3
77,138,2
77,140,0
77,145,3
77,149,0
77,149,3
77,149,4
77,152,0
77,153,2
77,153,3
77,153,4
77,154,3
77,155,2
77,155,3
77,156,2
77,158,3
77,166,0
77,169,3
77,169,4
77,170,4
77,171,2
77,172,2
77,172,3
77,172,4
77,173,2
77,173,3
77,174,3
77,178,3
77,186,2
77,186,3
77,186,4
77,190,3
77,191,2
77,198,2
77,201,4
77,202,2
77,202,0
77,202,3
77,202,4
77,206,3
77,212,2
77,212,0
77,215,3
77,216,0
77,216,3
77,216,4
77,217,4
77,218,2
77,218,3
77,218,4
77,224,4
77,228,2
77,228,4
77,232,3
77,233,3
77,233,4
77,240,4
77,246,3
77,247,2
77,247,0
77,248,4
77,254,2
77,254,3
77,254,4
77,256,3
77,258,4
78,5,4
78,13,2
78,18,3
78,31,1
78,31,0
78,31,4
78,46,4
78,49,4
78,53,2
78,61,3
78,102,2
78,186,2
78,186,0
78,192,2
78,205,0
78,206,3
78,217,0
78,219,2
78,256,2
79,31,4
79,49,4
79,53,2
79,102,2
79,205,0
79,256,2
80,5,4
80,19,2
80,19,0
80,19,3
80,21,1
80,21,3
80,28,2
80,28,1
80,31,3
80,31,4
80,36,1
80,36,3
80,46,1
80,46,3
80,49,2
80,49,3
80,64,0
80,65,3
80,75,4
80,76,1
80,76,0
80,76,4
80,85,3
80,92,1
80,102,3
80,103,1
80,103,4
80,107,3
80,108,3
80,115,1
80,169,2
80,190,3
80,206,3
80,210,4
80,217,3
80,218,3
80,229,2
80,229,4
80,232,3
80,248,4
80,254,4
81,13,3
81,92,4
81,107,3
81,107,4
81,185,4
81,206,4
81,232,3
82,13,3
82,31,0
82,92,4
82,107,3
82,107,4
82,185,4
82,186,0
82,206,4
82,217,0
82,232,3
83,46,3
83,76,3
83,76,4
83,78,3
83,107,0
83,108,4
83,112,2
83,155,2
83,192,2
83,232,0
83,232,3
83,244,4
83,256,4
84,1,3
84,4,2
84,4,0
84,5,4
84,7,2
84,7,3
84,7,4
84,11,4
84,13,3
84,15,4
84,19,3
84,19,4
84,20,3
84,21,3
84,21,4
84,23,4
84,28,2
84,29,2
84,31,2
84,31,3
84,31,4
84,33,4
84,37,4
84,38,0
84,38,3
84,41,4
84,45,3
84,46,2
84,46,0
84,46,3
84,46,4
84,49,2
84,49,3
84,49,4
84,50,4
84,51,4
84,53,3
84,53,4
84,57,3
84,58,2
84,58,4
84,61,3
84,61,4
84,63,0
84,64,2
84,68,4
84,70,2
84,71,3
84,73,4
84,74,3
84,74,4
84,75,2
84,75,3
84,75,4
84,76,2
84,76,3
84,76,4
84,77,4
84,78,2
84,79,2
84,79,3
84,80,4
84,81,2
84,83,2
84,83,0
84,83,3
84,84,4
84,87,3
84,87,4
84,88,4
84,92,4
84,96,0
84,97,2
84,100,2
84,102,0
84,102,3
84,102,4
84,103,3
84,107,0
84,107,3
84,107,4
84,108,3
84,108,4
84,109,2
84,111,2
84,111,0
84,111,4
84,113,4
84,114,2
84,114,3
84,115,2
84,115,0
84,117,3
84,118,2
84,118,0
84,122,2
84,122,3
84,124,2
84,124,0
84,124,3
84,124,4
84,126,0
84,127,2
84,127,3
84,128,3
84,128,4
84,130,0
84,130,4
84,131,3
84,131,4
84,136,3
84,140,3
84,144,2
84,144,3
84,146,3
84,147,3
84,147,4
84,149,2
84,149,3
84,149,4
84,150,2
84,150,3
84,152,2
84,153,2
84,153,3
84,153,4
84,155,2
84,155,0
84,155,3
84,155,4
84,156,2
84,156,4
84,158,2
84,161,3
84,161,4
84,162,3
84,166,3
84,166,4
84,167,3
84,169,2
84,169,3
84,169,4
84,170,4
84,172,1
84,172,3
84,172,4
84,173,2
84,173,0
84,173,3
84,173,4
84,174,2
84,174,4
84,175,2
84,175,4
84,176,4
84,177,2
84,177,0
84,177,4
84,178,2
84,180,1
84,180,0
84,182,2
84,182,1
84,183,0
84,186,2
84,186,0
84,186,3
84,186,4
84,190,1
84,190,3
84,191,2
84,191,3
84,191,4
84,192,2
84,193,4
84,198,0
84,199,4
84,200,4
84,202,2
84,202,3
84,202,4
84,206,2
84,206,0
84,206,3
84,206,4
84,212,4
84,214,2
84,214,4
84,216,3
84,216,4
84,217,0
84,217,3
84,217,4
84,218,2
84,218,3
84,218,4
84,220,2
84,221,4
84,228,2
84,229,2
84,229,3
84,232,3
84,232,4
84,233,2
84,233,4
84,236,4
84,238,4
84,243,2
84,243,3
84,243,4
84,246,4
84,247,2
84,247,3
84,248,2
84,248,4
84,250,0
84,251,4
84,252,2
84,252,0
84,252,3
84,252,4
84,254,2
84,254,3
84,254,4
84,256,2
84,256,4
84,258,4
84,259,3
84,260,2
84,260,4
84,261,4
84,262,3
84,263,3
84,264,2
84,264,3
84,264,4
85,1,3
85,6,3
85,7,4
85,15,3
85,19,3
85,19,4
85,20,4
85,28,4
85,31,2
85,31,0
85,31,3
85,31,4
85,36,3
85,38,4
85,46,0
85,46,3
85,46,4
85,49,1
85,49,0
85,49,3
85,49,4
85,53,3
85,53,4
85,76,3
85,81,2
85,81,0
85,83,2
85,85,0
85,88,2
85,93,3
85,95,4
85,96,2
85,97,4
85,102,0
85,107,4
85,108,2
85,108,4
85,113,3
85,115,0
85,117,3
85,117,4
85,136,3
85,139,2
85,140,3
85,140,4
85,146,2
85,149,2
85,149,0
85,149,3
85,149,4
85,150,0
85,152,2
85,153,2
85,153,1
85,153,0
85,153,3
85,153,4
85,155,1
85,155,3
85,157,2
85,163,4
85,169,3
85,169,4
85,172,0
85,172,3
85,172,4
85,173,3
85,173,4
85,179,0
85,183,4
85,186,0
85,186,3
85,186,4
85,190,2
85,190,0
85,190,3
85,191,4
85,197,3
85,201,3
85,203,4
85,206,1
85,206,3
85,207,4
85,210,3
85,214,3
85,214,4
85,216,3
85,218,4
85,224,4
85,225,2
85,225,0
85,225,3
85,232,0
85,232,3
85,232,4
85,243,4
85,244,4
85,247,2
85,261,4
86,13,2
86,13,3
86,20,4
86,23,4
86,26,4
86,28,4
86,29,2
86,31,3
86,33,4
86,38,4
86,46,2
86,46,0
86,46,3
86,46,4
86,48,3
86,49,4
86,60,4
86,72,2
86,76,2
86,76,0
86,78,3
86,83,2
86,93,4
86,99,2
86,102,3
86,102,4
86,107,3
86,108,2
86,108,0
86,108,3
86,108,4
86,114,4
86,118,3
86,118,4
86,131,4
86,140,4
86,153,0
86,153,3
86,157,2
86,157,4
86,164,3
86,167,0
86,179,4
86,186,2
86,186,3
86,186,4
86,191,2
86,191,3
86,197,2
86,197,3
86,203,4
86,206,2
86,206,0
86,206,3
86,217,4
86,218,4
86,223,2
86,225,2
86,232,3
86,232,4
86,250,4
86,254,4
86,261,4
87,6,3
87,24,4
87,31,2
87,31,3
87,31,4
87,33,4
87,46,2
87,46,3
87,46,4
87,49,2
87,49,1
87,49,4
87,53,4
87,76,3
87,80,2
87,102,3
87,102,4
87,107,4
87,108,3
87,114,4
87,115,0
87,118,2
87,147,3
87,149,0
87,149,3
87,149,4
87,150,0
87,152,2
87,153,2
87,153,1
87,153,0
87,153,3
87,153,4
87,155,1
87,157,2
87,158,2
87,164,3
87,172,0
87,172,4
87,173,4
87,175,2
87,179,0
87,179,3
87,186,4
87,190,2
87,190,0
87,190,3
87,191,4
87,200,2
87,206,3
87,206,4
87,216,3
87,216,4
87,217,0
87,217,3
87,218,3
87,219,3
87,224,4
87,225,2
87,225,0
87,228,2
87,232,0
87,232,3
87,232,4
87,243,4
87,247,2
87,250,4
87,261,4
88,13,4
88,24,4
88,31,2
88,31,3
88,33,4
88,38,2
88,46,2
88,46,3
88,46,4
88,49,4
88,53,4
88,76,3
88,80,2
88,102,3
88,102,4
88,107,4
88,108,3
88,114,4
88,118,2
88,147,3
88,149,4
88,153,1
88,153,0
88,153,3
88,153,4
88,158,2
88,164,3
88,172,4
88,175,2
88,186,4
88,190,0
88,190,3
88,200,2
88,206,3
88,206,4
88,216,3
88,216,4
88,217,3
88,218,3
88,219,2
88,224,4
88,225,2
88,228,2
88,232,3
88,232,4
88,243,4
88,247,2
88,250,4
88,261,4
89,6,3
89,7,3
89,8,4
89,21,2
89,21,3
89,23,0
89,25,4
89,28,4
89,31,2
89,31,0
89,31,3
89,31,4
89,32,2
89,32,1
89,33,4
89,34,4
89,36,3
89,37,3
89,37,4
89,38,4
89,45,4
89,46,2
89,46,0
89,46,3
89,46,4
89,49,2
89,49,0
89,49,3
89,49,4
89,55,3
89,61,3
89,65,3
89,71,3
89,72,4
89,75,0
89,75,3
89,75,4
89,76,2
89,76,1
89,76,3
89,76,4
89,78,2
89,78,3
89,81,3
89,83,3
89,93,2
89,93,3
89,93,4
89,95,4
89,96,3
89,100,3
89,102,2
89,102,0
89,102,3
89,102,4
89,103,4
89,104,3
89,107,3
89,107,4
89,108,3
89,108,4
89,111,0
89,114,4
89,115,0
89,119,4
89,122,3
89,124,2
89,128,3
89,131,3
89,131,4
89,133,2
89,144,3
89,149,2
89,149,0
89,149,3
89,149,4
89,150,2
89,150,4
89,152,2
89,152,3
89,153,0
89,153,3
89,154,2
89,154,3
89,155,1
89,155,3
89,156,2
89,156,0
89,156,3
89,158,3
89,158,4
89,160,3
89,160,4
89,165,3
89,169,2
89,169,0
89,169,3
89,169,4
89,172,2
89,172,0
89,172,3
89,172,4
89,173,2
89,173,3
89,173,4
89,174,2
89,174,0
89,174,3
89,175,2
89,175,3
89,177,2
89,177,3
89,177,4
89,178,2
89,179,3
89,182,4
89,183,0
89,185,0
89,185,3
89,186,2
89,186,0
89,186,3
89,186,4
89,190,2
89,191,0
89,191,3
89,191,4
89,196,0
89,200,3
89,202,3
89,205,2
89,206,2
89,206,1
89,206,0
89,206,3
89,206,4
89,210,3
89,212,2
89,216,0
89,216,3
89,216,4
89,217,0
89,217,3
89,217,4
89,218,3
89,218,4
89,229,2
89,229,3
89,231,4
89,232,3
89,232,4
89,235,3
89,241,4
89,243,0
89,244,4
89,245,3
89,252,4
89,254,2
89,254,3
89,257,4
89,259,4
89,261,3
89,261,4
89,262,3
90,173,4
90,182,4
90,186,4
90,190,2
90,200,2
90,200,4
90,206,3
90,214,4
90,216,4
90,229,2
90,254,4
90,256,2
90,261,3
91,18,4
91,31,2
91,31,4
91,46,1
91,46,3
91,49,4
91,59,4
91,76,4
91,78,4
91,102,3
91,113,4
91,117,4
91,139,3
91,149,2
91,149,3
91,153,2
91,153,3
91,155,2
91,155,3
91,157,2
91,162,3
91,169,4
91,172,2
91,173,4
91,182,4
91,186,2
91,186,4
91,190,2
91,200,2
91,200,4
91,206,3
91,214,4
91,216,4
91,223,2
91,229,2
91,254,4
91,261,3
92,8,4
92,20,4
92,31,4
92,46,1
92,46,3
92,59,4
92,76,2
92,102,3
92,102,4
92,107,4
92,108,3
92,113,4
92,117,4
92,131,1
92,152,2
92,153,2
92,153,3
92,155,2
92,157,2
92,160,0
92,162,3
92,169,3
92,185,4
92,206,1
92,216,4
92,218,4
92,222,4
92,232,4
92,241,4
92,260,4
93,8,4
93,20,4
93,31,4
93,46,1
93,46,3
93,59,4
93,102,3
93,102,4
93,107,4
93,108,3
93,113,4
93,117,4
93,153,2
93,153,3
93,155,2
93,157,2
93,162,3
93,169,3
93,185,4
93,200,2
93,216,4
93,218,4
93,222,4
93,241,4
93,260,4
93,261,0
94,13,2
94,13,3
94,13,4
94,31,3
94,34,4
94,46,1
94,46,3
94,46,4
94,65,2
94,96,2
94,102,1
94,102,4
94,107,1
94,107,3
94,107,4
94,118,3
94,125,3
94,151,2
94,153,2
94,155,2
94,169,3
94,169,4
94,185,4
94,197,2
94,200,2
94,206,3
94,210,3
94,216,4
94,218,3
94,232,4
94,254,2
95,34,4
95,46,1
95,46,3
95,107,3
95,107,4
95,108,3
95,113,4
95,155,2
95,157,2
95,185,4
95,200,2
95,217,4
95,218,2
95,224,4
95,232,4
96,5,3
96,5,4
96,10,4
96,21,2
96,21,3
96,28,4
96,31,2
96,31,3
96,31,4
96,34,4
96,35,4
96,36,2
96,37,0
96,38,3
96,39,4
96,41,3
96,41,4
96,44,3
96,46,2
96,46,3
96,46,4
96,49,3
96,49,4
96,51,4
96,53,3
96,60,4
96,62,0
96,70,2
96,76,3
96,76,4
96,83,2
96,89,2
96,92,4
96,99,4
96,100,3
96,102,3
96,102,4
96,106,0
96,107,2
96,107,3
96,108,2
96,108,0
96,108,3
96,108,4
96,114,2
96,114,3
96,114,4
96,118,3
96,118,4
96,122,3
96,131,3
96,141,0
96,157,3
96,160,4
96,166,0
96,167,3
96,167,4
96,169,2
96,169,1
96,169,3
96,169,4
96,175,4
96,185,2
96,185,3
96,186,0
96,186,3
96,186,4
96,190,3
96,206,4
96,210,4
96,216,0
96,216,3
96,217,0
96,217,3
96,217,4
96,218,2
96,218,4
96,228,2
96,229,4
96,232,3
96,232,4
96,239,2
96,245,3
96,247,2
96,249,3
96,261,3
96,261,4
97,5,4
97,7,3
97,28,4
97,31,2
97,31,3
97,31,4
97,34,4
97,36,0
97,38,3
97,39,4
97,43,3
97,46,2
97,46,1
97,46,3
97,46,4
97,48,2
97,49,2
97,51,4
97,52,4
97,53,3
97,68,3
97,76,2
97,76,0
97,76,4
97,89,2
97,91,4
97,92,4
97,93,3
97,97,4
97,99,4
97,102,3
97,102,4
97,108,0
97,108,4
97,109,3
97,112,3
97,122,2
97,146,2
97,146,3
97,149,3
97,169,2
97,169,3
97,169,4
97,175,4
97,185,2
97,185,3
97,186,2
97,186,3
97,188,4
97,206,3
97,206,4
97,210,3
97,214,4
97,216,3
97,217,3
97,217,4
97,218,3
97,218,4
97,232,3
97,232,4
97,239,2
97,241,3
97,256,4
97,259,2
97,261,2
97,261,3
97,261,4
98,7,0
98,46,3
98,49,3
98,53,0
98,59,4
98,102,0
98,106,2
98,107,4
98,108,3
98,108,4
98,169,4
98,171,2
98,172,4
98,206,2
98,206,4
98,213,2
98,217,3
98,237,4
98,240,0
98,240,4
98,251,0
98,251,3
98,264,2
99,28,4
99,31,3
99,31,4
99,36,3
99,45,3
99,46,3
99,49,3
99,51,4
99,53,4
99,76,3
99,76,4
99,81,3
99,97,3
99,102,2
99,102,3
99,102,4
99,108,2
99,108,1
99,117,4
99,118,3
99,127,0
99,163,3
99,169,3
99,171,2
99,186,2
99,186,3
99,197,2
99,206,2
99,206,3
99,217,3
99,232,3
99,251,3
100,28,3
100,45,3
100,46,3
100,49,0
100,49,3
100,76,3
100,92,4
100,101,2
100,102,4
100,108,4
100,114,4
100,117,4
100,121,4
100,127,0
100,144,4
100,153,2
100,169,3
100,169,4
100,185,0
100,186,2
100,186,3
100,190,3
100,202,2
100,202,3
100,202,4
100,206,3
100,217,3
100,218,4
101,11,4
101,12,4
101,19,4
101,38,3
101,44,2
101,45,3
101,46,3
101,46,4
101,48,3
101,49,0
101,49,3
101,49,4
101,60,4
101,76,3
101,83,3
101,102,4
101,140,4
101,153,0
101,169,3
101,217,3
101,217,4
101,232,3
101,232,4
101,237,4
102,13,3
102,46,3
102,130,4
102,229,2
102,232,3
102,236,4
102,244,4
103,8,4
103,11,4
103,13,3
103,19,4
103,25,4
103,28,4
103,31,0
103,31,3
103,31,4
103,34,4
103,36,3
103,37,0
103,37,3
103,37,4
103,45,0
103,45,4
103,46,2
103,46,0
103,46,3
103,46,4
103,51,4
103,75,0
103,75,4
103,76,2
103,76,1
103,76,3
103,76,4
103,83,4
103,88,2
103,102,2
103,102,3
103,102,4
103,107,3
103,108,3
103,108,4
103,113,4
103,114,3
103,115,0
103,119,4
103,128,0
103,149,3
103,150,2
103,150,0
103,150,4
103,152,2
103,153,3
103,154,2
103,155,3
103,156,2
103,158,3
103,168,3
103,168,4
103,169,2
103,169,0
103,169,4
103,172,2
103,172,4
103,173,2
103,173,4
103,174,0
103,175,2
103,178,2
103,179,3
103,182,4
103,185,3
103,186,2
103,186,0
103,186,4
103,190,2
103,192,3
103,196,0
103,205,4
103,206,2
103,206,0
103,206,3
103,206,4
103,210,3
103,212,4
103,216,4
103,217,0
103,217,3
103,217,4
103,218,2
103,229,2
103,232,0
103,234,4
103,241,2
103,241,3
103,257,4
103,261,0
103,261,3
103,261,4
103,262,3
104,8,4
104,31,2
104,31,3
104,31,4
104,34,4
104,46,3
104,46,4
104,75,4
104,76,1
104,92,1
104,102,4
104,103,1
104,108,4
104,113,4
104,114,3
104,157,3
104,169,4
104,172,2
104,186,0
104,206,2
104,227,4
104,229,2
104,236,2
104,254,2
104,257,4
105,31,3
105,46,4
105,76,4
105,187,4
105,218,4
105,232,3
106,4,4
106,8,4
106,13,2
106,13,3
106,28,4
106,29,2
106,31,3
106,31,4
106,36,1
106,46,1
106,46,3
106,49,0
106,49,3
106,75,4
106,76,2
106,76,3
106,80,2
106,83,2
106,93,3
106,102,3
106,102,4
106,119,4
106,121,4
106,167,2
106,169,4
106,186,4
106,191,2
106,206,2
106,206,3
106,206,4
106,216,2
106,216,3
106,217,0
106,217,3
106,218,2
106,218,3
106,218,4
106,224,4
106,226,2
106,229,4
106,232,4
106,235,4
106,256,3
106,258,2
107,31,2
107,31,4
107,76,3
107,84,3
107,101,2
108,3,2
108,7,0
108,7,4
108,10,3
108,19,4
108,26,4
108,31,3
108,33,4
108,46,2
108,46,0
108,46,3
108,46,4
108,48,4
108,49,4
108,53,4
108,59,2
108,65,2
108,68,2
108,68,3
108,70,2
108,71,4
108,75,3
108,75,4
108,76,4
108,80,3
108,80,4
108,83,4
108,84,4
108,97,3
108,97,4
108,102,2
108,102,4
108,114,2
108,114,4
108,118,4
108,120,3
108,131,3
108,140,2
108,140,4
108,144,4
108,145,2
108,146,3
108,147,4
108,163,2
108,166,2
108,166,0
108,169,3
108,169,4
108,190,3
108,193,4
108,197,2
108,206,3
108,206,4
108,207,2
108,210,3
108,216,3
108,217,4
108,218,2
108,218,4
108,224,4
108,251,4
108,254,2
108,260,2
108,261,4
109,6,3
109,17,4
109,23,4
109,28,1
109,28,3
109,29,2
109,31,2
109,31,3
109,35,4
109,36,1
109,43,3
109,46,1
109,46,4
109,49,2
109,49,1
109,49,3
109,51,3
109,53,3
109,76,4
109,92,3
109,93,4
109,94,2
109,101,2
109,107,4
109,108,3
109,132,3
109,138,2
109,155,1
109,155,3
109,169,3
109,169,4
109,185,2
109,185,4
109,186,4
109,198,2
109,204,4
109,206,3
109,207,4
109,216,3
109,217,3
109,232,4
109,236,4
109,247,2
110,5,4
110,7,3
110,8,0
110,13,2
110,23,4
110,31,3
110,49,2
110,63,2
110,71,2
110,76,3
110,92,4
110,94,2
110,102,4
110,107,3
110,108,3
110,113,4
110,115,4
110,131,3
110,149,2
110,151,3
110,155,3
110,173,4
110,185,2
110,186,3
110,186,4
110,204,4
110,206,3
110,212,3
110,217,4
110,218,2
110,218,3
110,227,2
110,232,1
110,232,3
110,246,3
110,261,4
111,5,4
111,31,0
111,31,3
111,33,4
111,76,3
111,92,3
111,93,4
111,140,4
111,164,4
111,186,0
111,217,0
111,217,4
111,218,4
111,232,4
112,5,4
112,31,3
112,33,4
112,76,3
112,92,3
112,93,4
112,140,4
112,164,4
112,217,4
112,218,4
112,232,4
113,9,4
113,13,3
113,17,4
113,20,4
113,28,4
113,31,2
113,31,0
113,31,3
113,31,4
113,33,2
113,33,4
113,37,4
113,38,2
113,43,3
113,46,1
113,46,3
113,46,4
113,47,3
113,49,2
113,49,3
113,51,3
113,53,4
113,59,2
113,59,3
113,59,4
113,61,3
113,61,4
113,64,0
113,69,4
113,74,3
113,75,0
113,76,0
113,76,3
113,76,4
113,85,3
113,91,4
113,93,3
113,102,1
113,102,4
113,107,3
113,108,3
113,113,4
113,114,2
113,114,0
113,114,3
113,114,4
113,119,4
113,120,4
113,147,4
113,149,3
113,152,2
113,153,2
113,153,3
113,155,3
113,162,3
113,169,3
113,171,2
113,173,3
113,186,4
113,192,2
113,193,4
113,202,2
113,203,0
113,203,4
113,206,3
113,216,2
113,216,3
113,217,4
113,218,3
113,219,2
113,223,2
113,225,4
113,226,4
113,229,3
113,232,0
113,232,3
113,232,4
113,247,3
113,250,0
113,253,2
113,256,0
113,261,3
114,0,0
114,26,4
114,31,0
114,33,4
114,46,4
114,49,3
114,53,4
114,76,3
114,80,0
114,97,0
114,102,3
114,102,4
114,103,4
114,108,0
114,114,4
114,117,0
114,118,4
114,155,2
114,169,0
114,218,4
114,261,4
115,0,0
115,26,4
115,31,0
115,33,4
115,46,1
115,46,0
115,46,4
115,48,0
115,49,0
115,49,3
115,58,0
115,70,0
115,73,0
115,76,0
115,76,3
115,78,0
115,80,0
115,83,0
115,92,0
115,97,0
115,102,0
115,102,3
115,102,4
115,103,4
115,108,0
115,113,0
115,114,4
115,117,0
115,118,0
115,118,4
115,153,0
115,155,2
115,162,0
115,167,0
115,169,0
115,202,0
115,206,0
115,218,4
115,232,0
115,260,0
115,261,0
115,261,4
116,8,4
116,31,3
116,38,3
116,49,3
116,75,4
116,76,3
116,80,0
116,80,4
116,90,4
116,93,3
116,93,4
116,97,4
116,102,2
116,102,3
116,118,0
116,118,4
116,121,4
116,149,2
116,149,3
116,152,3
116,155,2
116,155,0
116,156,3
116,160,2
116,169,0
116,188,4
116,200,0
116,206,3
116,213,2
116,216,4
116,217,4
116,218,4
116,232,1
116,259,4
116,261,0
117,20,4
117,31,2
117,31,4
117,35,3
117,36,4
117,43,4
117,46,3
117,46,4
117,49,4
117,75,4
117,76,3
117,78,2
117,83,2
117,107,4
117,112,3
117,113,4
117,169,2
117,169,3
117,169,4
117,171,2
117,186,4
117,190,3
117,191,3
117,202,2
117,217,3
117,218,3
117,229,4
117,232,3
117,233,4
118,156,2
118,169,3
118,175,3
118,234,4
119,7,4
119,31,4
119,43,4
119,46,3
119,46,4
119,76,3
119,102,4
119,107,3
119,169,2
119,169,3
119,169,4
119,170,4
119,171,2
119,206,3
119,216,3
119,218,3
119,229,4
119,232,3
120,27,4
120,31,1
120,31,4
120,46,2
120,46,0
120,46,3
120,46,4
120,49,1
120,50,4
120,53,3
120,53,4
120,57,3
120,59,4
120,73,4
120,76,1
120,76,3
120,76,4
120,80,2
120,93,3
120,102,2
120,102,4
120,118,4
120,140,4
120,169,4
120,173,4
120,186,2
120,192,2
120,194,3
120,206,2
120,206,3
120,206,4
120,216,4
120,217,3
120,218,4
120,219,2
120,232,4
120,255,1
120,261,3
120,263,3
121,27,4
121,31,1
121,31,0
121,31,4
121,46,2
121,46,0
121,46,3
121,46,4
121,49,1
121,50,4
121,53,4
121,57,3
121,59,4
121,76,1
121,76,3
121,76,4
121,80,2
121,93,3
121,102,2
121,102,4
121,118,4
121,140,4
121,173,4
121,186,2
121,186,0
121,192,2
121,194,3
121,206,3
121,206,4
121,216,4
121,217,0
121,217,3
121,219,2
121,232,4
121,235,3
121,255,1
121,261,3
121,263,3
122,23,3
122,28,4
122,31,1
122,31,3
122,31,4
122,46,3
122,46,4
122,49,1
122,53,4
122,57,3
122,60,4
122,68,2
122,76,1
122,76,0
122,76,4
122,79,3
122,92,2
122,102,4
122,114,3
122,114,4
122,118,4
122,119,4
122,131,3
122,138,2
122,143,3
122,149,2
122,155,2
122,155,3
122,156,2
122,169,4
122,185,1
122,185,4
122,192,2
122,217,1
122,218,4
122,219,2
122,227,2
122,231,4
122,256,0
122,261,0
123,2,3
123,4,2
123,11,2
123,21,3
123,23,0
123,23,4
123,25,4
123,28,3
123,28,4
123,31,2
123,31,1
123,31,0
123,31,3
123,31,4
123,32,1
123,46,2
123,46,0
123,46,3
123,46,4
123,48,3
123,51,4
123,53,2
123,53,3
123,55,3
123,56,3
123,61,3
123,64,3
123,65,3
123,72,4
123,75,0
123,75,4
123,76,2
123,76,1
123,76,0
123,76,3
123,81,3
123,88,4
123,97,3
123,102,3
123,102,4
123,103,3
123,103,4
123,104,3
123,106,2
123,107,3
123,107,4
123,108,0
123,108,4
123,114,3
123,115,0
123,116,3
123,123,4
123,131,4
123,135,4
123,149,2
123,149,3
123,150,2
123,150,0
123,150,4
123,152,2
123,153,2
123,153,3
123,154,2
123,155,1
123,155,3
123,156,2
123,156,3
123,158,3
123,161,3
123,168,2
123,168,0
123,169,2
123,169,0
123,169,3
123,172,2
123,172,3
123,173,2
123,173,4
123,174,0
123,174,3
123,175,2
123,177,2
123,177,3
123,178,2
123,179,3
123,182,4
123,185,0
123,185,3
123,186,0
123,190,0
123,190,3
123,196,0
123,201,2
123,206,2
123,206,0
123,206,3
123,206,4
123,210,3
123,214,3
123,216,0
123,216,3
123,216,4
123,217,0
123,218,3
123,232,3
123,232,4
123,233,4
123,241,4
123,243,3
123,247,3
123,252,4
123,256,3
123,261,0
123,261,3
123,261,4
123,262,3
124,8,4
124,23,0
124,23,4
124,25,4
124,31,0
124,32,1
124,34,4
124,46,2
124,46,0
124,46,3
124,55,3
124,61,3
124,65,3
124,75,0
124,75,4
124,76,2
124,76,1
124,76,3
124,103,4
124,104,3
124,107,4
124,114,3
124,114,4
124,115,0
124,131,4
124,132,4
124,149,2
124,149,3
124,150,2
124,150,4
124,152,2
124,153,3
124,154,2
124,155,1
124,155,3
124,158,3
124,169,2
124,169,0
124,172,2
124,172,3
124,173,2
124,173,4
124,174,0
124,174,3
124,175,2
124,177,2
124,177,3
124,178,2
124,179,3
124,182,4
124,185,3
124,186,0
124,192,2
124,196,0
124,206,2
124,206,0
124,206,3
124,206,4
124,210,3
124,216,0
124,216,4
124,217,0
124,219,2
124,222,4
124,232,4
124,241,4
124,243,3
124,252,4
124,261,3
124,261,4
125,8,4
125,23,4
125,25,4
125,34,4
125,46,2
125,46,3
125,75,4
125,107,4
125,114,3
125,114,4
125,132,4
125,149,3
125,154,2
125,155,3
125,158,3
125,172,2
125,173,2
125,173,4
125,175,2
125,178,2
125,182,4
125,185,3
125,192,2
125,206,2
125,206,0
125,219,2
125,222,4
125,243,3
125,260,4
125,261,3
125,261,4
126,3,2
126,5,3
126,5,4
126,14,3
126,26,4
126,28,4
126,31,2
126,31,1
126,31,0
126,31,3
126,31,4
126,36,3
126,37,3
126,38,4
126,39,4
126,41,3
126,41,4
126,42,3
126,42,4
126,45,3
126,46,1
126,46,3
126,46,4
126,49,4
126,51,4
126,53,3
126,53,4
126,55,3
126,64,2
126,65,4
126,68,2
126,75,4
126,76,1
126,76,3
126,76,4
126,81,3
126,84,4
126,91,4
126,92,1
126,92,3
126,92,4
126,93,4
126,97,4
126,100,4
126,102,3
126,103,1
126,103,4
126,108,3
126,109,2
126,117,4
126,118,3
126,123,3
126,148,3
126,156,3
126,162,3
126,167,3
126,167,4
126,169,3
126,172,3
126,186,0
126,186,3
126,186,4
126,206,0
126,206,3
126,206,4
126,210,3
126,212,3
126,212,4
126,217,2
126,217,0
126,217,3
126,217,4
126,218,3
126,218,4
126,232,2
126,232,0
126,232,3
126,232,4
126,234,3
126,234,4
126,245,4
126,254,2
126,256,2
126,256,3
126,261,4
127,3,2
127,5,4
127,7,3
127,9,4
127,17,4
127,26,4
127,28,1
127,28,4
127,31,2
127,31,1
127,31,0
127,31,3
127,31,4
127,33,4
127,36,0
127,36,3
127,36,4
127,37,3
127,38,0
127,39,4
127,41,3
127,41,4
127,42,3
127,42,4
127,46,2
127,46,1
127,46,0
127,46,3
127,48,4
127,49,2
127,49,0
127,49,3
127,49,4
127,51,3
127,53,4
127,64,1
127,64,3
127,65,2
127,65,4
127,67,4
127,68,4
127,73,4
127,75,2
127,75,4
127,76,3
127,81,3
127,83,3
127,84,4
127,91,4
127,92,0
127,92,3
127,92,4
127,93,0
127,93,4
127,100,4
127,102,3
127,102,4
127,103,4
127,107,4
127,108,3
127,108,4
127,109,2
127,111,3
127,117,4
127,118,2
127,118,3
127,125,0
127,125,4
127,132,3
127,162,4
127,167,4
127,169,3
127,169,4
127,172,3
127,186,0
127,186,3
127,186,4
127,206,1
127,206,0
127,206,3
127,206,4
127,212,4
127,216,3
127,217,2
127,217,0
127,217,4
127,218,3
127,218,4
127,222,3
127,231,4
127,232,3
127,232,4
127,234,4
127,239,3
127,245,4
127,254,2
127,256,2
127,256,3
127,256,4
127,261,4
128,3,2
128,5,4
128,7,3
128,26,4
128,28,4
128,31,2
128,31,1
128,31,0
128,31,3
128,31,4
128,33,4
128,36,2
128,36,1
128,36,0
128,37,4
128,41,3
128,42,3
128,42,4
128,43,2
128,45,0
128,45,3
128,46,1
128,46,3
128,46,4
128,48,3
128,49,0
128,49,3
128,49,4
128,53,2
128,53,3
128,53,4
128,61,3
128,65,2
128,65,3
128,70,3
128,74,3
128,75,0
128,76,2
128,76,3
128,76,4
128,80,2
128,84,4
128,91,4
128,92,0
128,92,3
128,92,4
128,93,3
128,93,4
128,102,2
128,102,0
128,102,3
128,103,4
128,108,3
128,113,3
128,113,4
128,114,4
128,117,4
128,123,3
128,135,4
128,146,3
128,148,3
128,167,4
128,168,3
128,169,2
128,169,0
128,169,3
128,169,4
128,171,2
128,172,3
128,177,2
128,184,2
128,184,4
128,186,2
128,186,0
128,186,3
128,186,4
128,206,2
128,206,0
128,206,3
128,206,4
128,217,2
128,217,3
128,217,4
128,218,3
128,218,4
128,224,3
128,232,2
128,232,1
128,232,3
128,232,4
128,245,4
128,254,2
128,256,3
128,260,2
128,261,3
128,261,4
129,31,2
129,44,2
129,46,3
129,46,4
129,76,2
129,76,3
129,93,4
129,106,2
129,169,4
129,190,2
129,190,0
129,190,3
129,216,3
129,218,3
129,229,4
129,246,3
130,31,4
130,46,3
130,53,3
130,169,3
130,232,3
130,238,4
131,3,3
131,4,3
131,5,4
131,17,2
131,28,4
131,31,3
131,31,4
131,36,3
131,41,3
131,43,3
131,45,4
131,46,3
131,46,4
131,49,2
131,49,0
131,49,3
131,51,3
131,53,3
131,53,4
131,54,3
131,59,4
131,64,3
131,68,3
131,68,4
131,72,4
131,75,3
131,76,3
131,76,4
131,81,3
131,92,3
131,102,3
131,108,0
131,108,3
131,114,4
131,124,3
131,131,3
131,138,3
131,140,0
131,145,2
131,152,2
131,155,2
131,172,3
131,173,3
131,186,3
131,186,4
131,206,0
131,206,3
131,208,3
131,210,4
131,212,4
131,214,3
131,216,3
131,218,4
131,224,4
131,229,3
131,229,4
131,232,0
131,232,3
131,232,4
131,235,3
131,235,4
131,239,4
131,241,4
131,243,2
131,256,3
131,260,2
131,262,3
132,5,4
132,11,4
132,15,3
132,26,4
132,28,3
132,28,4
132,31,2
132,31,3
132,31,4
132,33,3
132,36,0
132,36,3
132,36,4
132,38,3
132,41,3
132,41,4
132,43,4
132,46,3
132,46,4
132,47,3
132,49,2
132,49,3
132,49,4
132,53,0
132,53,3
132,55,3
132,63,2
132,64,3
132,65,3
132,68,4
132,75,0
132,75,4
132,76,0
132,76,3
132,76,4
132,91,4
132,92,0
132,92,3
132,92,4
132,97,3
132,97,4
132,102,3
132,102,4
132,106,2
132,107,3
132,108,2
132,108,4
132,113,2
132,113,3
132,113,4
132,114,4
132,117,1
132,119,1
132,147,4
132,169,3
132,169,4
132,175,3
132,186,2
132,186,0
132,186,3
132,186,4
132,200,0
132,205,3
132,206,0
132,206,3
132,206,4
132,210,3
132,215,3
132,216,3
132,217,2
132,217,3
132,217,4
132,218,2
132,218,3
132,219,3
132,229,2
132,232,1
132,232,0
132,232,3
132,232,4
132,251,3
132,254,2
132,261,2
132,261,3
132,265,3
132,265,4
133,13,0
133,13,3
133,13,4
133,14,2
133,14,0
133,20,4
133,21,3
133,28,3
133,31,3
133,31,4
133,32,3
133,36,3
133,37,0
133,37,3
133,38,3
133,45,2
133,46,2
133,46,0
133,46,3
133,48,3
133,49,0
133,53,3
133,53,4
133,56,0
133,73,3
133,76,3
133,76,4
133,78,2
133,78,3
133,83,4
133,91,4
133,102,3
133,102,4
133,120,4
133,131,4
133,132,4
133,139,4
133,147,3
133,147,4
133,153,0
133,169,2
133,185,0
133,186,2
133,186,4
133,192,0
133,193,2
133,193,4
133,194,2
133,196,4
133,198,0
133,202,2
133,202,3
133,204,2
133,204,4
133,206,3
133,216,2
133,216,3
133,217,0
133,217,4
133,218,3
133,225,4
133,229,4
133,231,4
133,235,2
133,242,2
133,242,0
133,242,3
133,245,4
133,249,4
133,260,2
133,264,2
133,264,1
134,4,2
134,23,4
134,31,2
134,31,3
134,46,4
134,56,4
134,61,2
134,76,1
134,78,2
134,92,1
134,103,1
134,114,2
134,114,3
134,114,4
134,142,2
134,169,3
134,202,2
134,202,0
134,202,3
134,202,4
134,203,2
134,204,4
135,4,2
135,4,4
135,46,4
135,58,4
135,59,0
135,114,4
135,124,2
135,171,2
135,202,2
135,202,0
135,216,3
135,250,4
136,6,3
136,23,0
136,25,4
136,28,4
136,31,2
136,31,0
136,31,3
136,31,4
136,32,1
136,37,4
136,38,4
136,44,3
136,45,4
136,46,2
136,46,0
136,46,3
136,46,4
136,47,4
136,49,2
136,49,0
136,49,3
136,55,3
136,61,3
136,65,3
136,72,4
136,73,4
136,75,0
136,75,4
136,76,2
136,76,1
136,76,3
136,76,4
136,81,3
136,93,2
136,93,3
136,93,4
136,97,4
136,102,2
136,102,0
136,102,3
136,102,4
136,103,4
136,104,3
136,107,2
136,107,3
136,107,4
136,108,1
136,108,3
136,108,4
136,115,0
136,118,2
136,122,2
136,131,4
136,133,2
136,140,4
136,145,3
136,149,3
136,150,2
136,150,4
136,152,2
136,153,2
136,153,3
136,154,2
136,154,3
136,155,1
136,155,3
136,156,2
136,156,0
136,158,3
136,163,0
136,169,2
136,169,0
136,169,4
136,172,2
136,172,3
136,173,2
136,173,4
136,174,2
136,174,0
136,174,3
136,175,2
136,175,4
136,177,2
136,177,3
136,178,2
136,179,3
136,182,4
136,185,3
136,186,2
136,186,0
136,186,4
136,190,2
136,191,4
136,196,0
136,200,3
136,201,3
136,202,2
136,205,2
136,206,2
136,206,0
136,206,3
136,206,4
136,210,3
136,216,0
136,216,3
136,216,4
136,217,0
136,217,3
136,217,4
136,218,3
136,218,4
136,229,3
136,229,4
136,232,3
136,232,4
136,236,2
136,241,3
136,241,4
136,244,4
136,245,3
136,252,4
136,254,2
136,256,3
136,257,4
136,259,3
136,261,3
136,261,4
136,262,3
137,6,3
137,28,3
137,31,2
137,31,3
137,31,4
137,36,3
137,36,4
137,38,4
137,46,3
137,46,4
137,49,0
137,76,3
137,76,4
137,83,2
137,85,3
137,102,4
137,108,4
137,114,2
137,135,2
137,147,4
137,186,2
137,186,3
137,197,2
137,206,2
137,217,4
137,223,2
137,229,3
137,232,3
137,244,4
137,257,4
137,261,4
138,0,2
138,0,3
138,1,2
138,3,0
138,3,4
138,4,2
138,4,0
138,7,2
138,7,3
138,7,4
138,13,3
138,13,4
138,16,4
138,17,2
138,17,4
138,19,0
138,19,3
138,20,4
138,21,2
138,21,0
138,21,3
138,21,4
138,22,4
138,23,2
138,23,3
138,23,4
138,26,3
138,26,4
138,27,2
138,28,0
138,28,3
138,28,4
138,30,2
138,30,3
138,31,2
138,31,1
138,31,0
138,31,3
138,31,4
138,32,4
138,33,4
138,34,3
138,36,2
138,36,3
138,36,4
138,37,2
138,37,3
138,37,4
138,38,0
138,38,3
138,38,4
138,42,3
138,43,2
138,43,3
138,43,4
138,44,2
138,45,2
138,45,4
138,46,2
138,46,0
138,46,3
138,46,4
138,48,2
138,48,3
138,49,2
138,49,0
138,49,3
138,49,4
138,50,4
138,51,4
138,52,3
138,52,4
138,53,2
138,53,3
138,53,4
138,56,3
138,56,4
138,57,2
138,58,4
138,59,3
138,61,3
138,61,4
138,64,2
138,64,3
138,64,4
138,65,2
138,65,0
138,65,3
138,65,4
138,66,2
138,66,0
138,66,4
138,68,0
138,68,3
138,68,4
138,72,2
138,73,2
138,73,4
138,74,4
138,75,3
138,75,4
138,76,2
138,76,1
138,76,0
138,76,3
138,76,4
138,77,3
138,78,2
138,78,3
138,78,4
138,79,3
138,81,2
138,81,3
138,82,2
138,82,3
138,83,2
138,83,4
138,84,3
138,84,4
138,86,2
138,91,4
138,92,4
138,93,4
138,94,2
138,94,4
138,96,2
138,97,2
138,97,0
138,97,3
138,97,4
138,98,4
138,100,2
138,100,0
138,100,4
138,102,2
138,102,0
138,102,3
138,102,4
138,107,2
138,107,0
138,107,3
138,107,4
138,108,2
138,108,0
138,108,3
138,108,4
138,109,2
138,113,3
138,113,4
138,114,2
138,114,0
138,114,3
138,114,4
138,115,0
138,116,3
138,118,2
138,119,2
138,122,2
138,122,3
138,124,2
138,124,0
138,125,0
138,125,3
138,125,4
138,126,2
138,127,2
138,128,0
138,128,3
138,130,4
138,131,1
138,131,3
138,131,4
138,132,4
138,139,0
138,139,4
138,140,2
138,140,0
138,140,3
138,140,4
138,144,3
138,144,4
138,145,3
138,146,3
138,147,3
138,147,4
138,149,2
138,149,3
138,149,4
138,152,0
138,153,2
138,153,3
138,155,0
138,155,3
138,156,1
138,161,4
138,162,0
138,162,3
138,163,3
138,167,3
138,167,4
138,168,3
138,168,4
138,169,2
138,169,0
138,169,3
138,169,4
138,172,2
138,172,4
138,173,3
138,174,2
138,175,2
138,175,3
138,176,3
138,177,2
138,177,0
138,177,3
138,180,2
138,180,3
138,182,2
138,182,1
138,185,4
138,186,2
138,186,0
138,186,3
138,186,4
138,187,4
138,188,4
138,190,2
138,190,3
138,190,4
138,191,2
138,191,3
138,192,2
138,192,4
138,198,2
138,200,2
138,201,4
138,202,2
138,202,0
138,202,3
138,202,4
138,203,2
138,203,0
138,203,3
138,203,4
138,205,3
138,206,2
138,206,1
138,206,0
138,206,3
138,206,4
138,208,1
138,209,2
138,210,0
138,210,3
138,212,0
138,212,3
138,212,4
138,213,3
138,214,3
138,216,2
138,216,0
138,216,3
138,217,2
138,217,3
138,217,4
138,218,2
138,218,1
138,218,3
138,218,4
138,219,4
138,222,4
138,224,4
138,225,3
138,227,3
138,228,2
138,229,2
138,229,4
138,230,4
138,232,2
138,232,1
138,232,3
138,232,4
138,233,2
138,233,3
138,233,4
138,235,0
138,235,3
138,236,3
138,236,4
138,243,2
138,244,4
138,246,3
138,246,4
138,248,4
138,250,4
138,251,4
138,252,2
138,252,4
138,254,2
138,254,3
138,254,4
138,256,3
138,256,4
138,260,2
138,260,4
138,261,2
138,261,3
138,261,4
138,262,2
138,262,0
138,262,3
138,262,4
138,265,3
139,0,2
139,2,0
139,3,2
139,4,3
139,5,4
139,7,2
139,7,3
139,8,4
139,9,2
139,9,4
139,17,2
139,20,4
139,21,2
139,21,3
139,28,2
139,28,4
139,31,2
139,31,3
139,31,4
139,33,4
139,36,4
139,37,4
139,46,2
139,46,3
139,46,4
139,49,2
139,49,4
139,53,2
139,53,3
139,53,4
139,61,1
139,62,0
139,62,3
139,62,4
139,64,3
139,70,2
139,72,2
139,73,4
139,75,4
139,76,1
139,76,0
139,76,4
139,82,2
139,89,2
139,92,4
139,94,2
139,96,0
139,97,4
139,102,2
139,102,1
139,104,0
139,107,3
139,107,4
139,108,2
139,108,3
139,108,4
139,114,4
139,119,4
139,122,4
139,127,3
139,136,0
139,139,3
139,139,4
139,140,3
139,141,2
139,141,0
139,141,3
139,141,4
139,145,3
139,146,0
139,147,3
139,149,4
139,155,2
139,167,4
139,169,3
139,169,4
139,171,2
139,172,2
139,186,2
139,186,3
139,186,4
139,192,2
139,202,2
139,202,0
139,202,3
139,202,4
139,206,2
139,206,4
139,207,2
139,208,0
139,208,3
139,209,3
139,210,3
139,212,3
139,214,0
139,216,3
139,216,4
139,217,3
139,217,4
139,218,2
139,218,3
139,218,4
139,224,4
139,229,2
139,229,3
139,229,4
139,232,2
139,233,3
139,234,4
139,235,3
139,243,2
139,245,4
139,247,3
139,249,3
139,250,3
139,254,2
139,261,1
139,261,3
140,7,3
140,17,2
140,37,3
140,38,3
140,46,3
140,72,4
140,76,3
140,76,4
140,94,2
140,108,1
140,113,3
140,114,2
140,114,4
140,145,2
140,186,2
140,186,1
140,186,3
140,186,4
140,206,3
140,218,2
140,218,3
140,234,4
140,256,0
141,7,0
141,7,3
141,10,3
141,13,3
141,31,3
141,36,1
141,38,3
141,38,4
141,46,3
141,46,4
141,49,1
141,49,3
141,51,0
141,83,0
141,94,2
141,102,1
141,102,0
141,102,3
141,102,4
141,103,1
141,107,3
141,114,0
141,114,4
141,124,2
141,131,2
141,141,3
141,153,4
141,156,3
141,163,2
141,168,4
141,169,3
141,169,4
141,175,2
141,217,3
141,218,3
141,261,1
141,261,4
142,4,2
142,7,4
142,9,4
142,28,3
142,28,4
142,31,2
142,31,0
142,31,3
142,31,4
142,32,4
142,36,3
142,38,3
142,46,0
142,46,3
142,46,4
142,48,3
142,49,2
142,49,3
142,54,3
142,56,0
142,56,3
142,57,3
142,59,4
142,60,4
142,64,3
142,65,3
142,76,4
142,81,0
142,97,3
142,102,0
142,102,3
142,102,4
142,108,3
142,114,3
142,119,4
142,121,4
142,123,3
142,140,0
142,140,3
142,140,4
142,146,0
142,147,4
142,153,1
142,162,4
142,165,0
142,165,3
142,168,1
142,169,4
142,173,4
142,176,4
142,177,2
142,186,2
142,186,0
142,186,3
142,186,4
142,192,2
142,193,4
142,205,3
142,206,3
142,206,4
142,216,0
142,216,3
142,217,2
142,217,0
142,217,3
142,217,4
142,218,4
142,219,0
142,232,4
142,240,4
142,242,1
142,243,2
142,261,3
142,261,4
143,26,4
143,31,2
143,31,0
143,31,4
143,38,4
143,46,3
143,46,4
143,53,4
143,63,2
143,64,3
143,75,4
143,76,3
143,76,4
143,102,4
143,108,0
143,108,3
143,114,4
143,118,3
143,120,3
143,146,3
143,155,2
143,169,3
143,186,0
143,190,3
143,206,4
143,217,0
143,218,3
144,3,2
144,21,3
144,46,3
144,99,4
144,114,4
144,138,4
144,167,3
144,169,4
144,186,2
144,186,3
144,215,3
144,218,3
144,218,4
145,3,2
145,6,4
145,36,3
145,46,3
145,53,4
145,76,3
145,99,4
145,114,4
145,138,4
145,169,4
145,205,3
145,218,4
146,3,2
146,7,4
146,36,3
146,37,3
146,43,3
146,46,3
146,46,4
146,76,3
146,83,2
146,102,3
146,122,4
146,138,4
146,148,4
146,162,3
146,169,3
146,186,2
146,216,3
146,218,3
146,218,4
146,233,4
147,31,1
147,31,0
147,38,4
147,46,0
147,49,3
147,53,3
147,53,4
147,64,3
147,75,3
147,76,4
147,102,2
147,102,3
147,107,3
147,108,3
147,108,4
147,114,4
147,172,2
147,185,3
147,186,0
147,205,3
147,217,0
147,218,3
147,232,4
147,261,2
147,261,0
148,31,1
148,31,0
148,38,4
148,46,0
148,49,3
148,53,3
148,53,4
148,64,3
148,75,3
148,76,4
148,102,2
148,102,3
148,107,3
148,108,3
148,108,4
148,114,4
148,169,4
148,172,2
148,185,3
148,205,3
148,218,3
148,256,3
148,261,2
148,261,0
149,2,3
149,19,4
149,20,3
149,21,2
149,31,3
149,31,4
149,46,2
149,46,3
149,46,4
149,49,2
149,49,3
149,51,3
149,53,3
149,61,4
149,76,3
149,76,4
149,78,3
149,83,3
149,93,2
149,97,3
149,98,1
149,102,3
149,102,4
149,106,2
149,112,2
149,112,3
149,114,2
149,114,0
149,114,3
149,114,4
149,117,2
149,123,3
149,151,4
149,152,2
149,152,1
149,153,2
149,156,3
149,167,4
149,169,3
149,169,4
149,172,3
149,173,3
149,185,3
149,186,2
149,186,4
149,191,2
149,192,2
149,200,3
149,202,2
149,206,3
149,206,4
149,216,3
149,216,4
149,217,2
149,217,0
149,217,3
149,217,4
149,218,4
149,219,2
149,219,3
149,231,4
149,232,3
149,232,4
149,242,3
149,243,2
149,243,3
149,252,2
149,256,2
149,256,3
149,262,3
150,4,2
150,7,0
150,7,3
150,7,4
150,19,4
150,20,0
150,20,4
150,21,2
150,21,3
150,21,4
150,28,4
150,30,3
150,31,2
150,31,1
150,31,0
150,31,3
150,31,4
150,35,3
150,36,2
150,36,3
150,37,4
150,43,4
150,45,3
150,46,2
150,46,0
150,46,3
150,46,4
150,49,2
150,49,0
150,49,3
150,49,4
150,51,3
150,51,4
150,52,2
150,52,3
150,53,2
150,53,3
150,53,4
150,54,3
150,54,4
150,61,2
150,61,3
150,65,2
150,65,3
150,66,4
150,68,3
150,68,4
150,75,3
150,75,4
150,76,2
150,76,3
150,78,2
150,78,3
150,79,2
150,91,4
150,93,4
150,102,2
150,102,3
150,102,4
150,103,3
150,103,4
150,104,3
150,107,2
150,107,3
150,107,4
150,108,3
150,108,4
150,113,4
150,114,2
150,115,0
150,117,4
150,118,2
150,119,4
150,124,2
150,126,3
150,130,4
150,131,0
150,131,3
150,131,4
150,140,0
150,143,4
150,147,3
150,151,3
150,152,2
150,152,3
150,153,2
150,153,3
150,155,2
150,156,2
150,162,3
150,162,4
150,164,3
150,166,3
150,167,2
150,168,0
150,169,3
150,172,2
150,177,2
150,177,4
150,181,4
150,184,3
150,185,4
150,186,2
150,186,0
150,186,3
150,186,4
150,190,2
150,190,3
150,192,2
150,193,4
150,204,4
150,206,2
150,206,0
150,206,3
150,206,4
150,210,3
150,212,2
150,212,4
150,216,3
150,217,0
150,217,4
150,218,2
150,218,3
150,218,4
150,219,2
150,219,3
150,228,2
150,232,2
150,232,0
150,232,3
150,232,4
150,243,0
150,243,3
150,251,4
150,252,2
150,254,2
150,256,2
150,256,0
150,256,3
150,256,4
150,261,4
150,262,3
151,7,3
151,7,4
151,13,3
151,21,2
151,21,3
151,21,4
151,27,4
151,28,0
151,28,3
151,28,4
151,30,3
151,31,2
151,31,0
151,31,3
151,31,4
151,33,4
151,36,4
151,38,3
151,41,3
151,45,3
151,45,4
151,46,2
151,46,0
151,46,3
151,46,4
151,49,2
151,49,3
151,53,2
151,53,4
151,54,3
151,59,4
151,61,2
151,61,3
151,65,2
151,71,2
151,75,4
151,76,3
151,78,2
151,78,3
151,91,4
151,93,4
151,94,2
151,102,2
151,102,0
151,102,3
151,103,3
151,103,4
151,104,3
151,107,2
151,107,3
151,107,4
151,108,3
151,108,4
151,114,2
151,115,0
151,119,4
151,122,2
151,125,3
151,131,3
151,131,4
151,143,4
151,152,3
151,153,2
151,153,3
151,155,2
151,156,2
151,159,2
151,162,4
151,165,3
151,169,3
151,177,3
151,181,4
151,185,4
151,186,3
151,186,4
151,190,3
151,192,2
151,193,4
151,200,4
151,206,2
151,206,0
151,206,3
151,206,4
151,210,4
151,212,0
151,214,0
151,217,3
151,217,4
151,218,0
151,218,3
151,218,4
151,229,2
151,230,4
151,232,2
151,232,0
151,232,3
151,232,4
151,243,3
151,251,4
151,256,2
151,256,0
151,256,4
151,261,4
151,262,3
152,1,2
152,2,3
152,5,4
152,7,3
152,11,2
152,15,4
152,21,3
152,21,4
152,22,3
152,22,4
152,23,4
152,24,4
152,26,3
152,28,4
152,31,2
152,31,0
152,31,3
152,31,4
152,37,3
152,45,3
152,46,2
152,46,1
152,46,3
152,46,4
152,49,2
152,49,0
152,61,2
152,61,3
152,68,2
152,68,4
152,75,4
152,76,0
152,76,3
152,78,2
152,78,3
152,81,2
152,81,3
152,83,2
152,83,3
152,90,4
152,93,4
152,94,2
152,96,3
152,97,4
152,102,2
152,102,3
152,102,4
152,103,4
152,107,0
152,107,3
152,108,3
152,113,4
152,114,2
152,114,4
152,115,3
152,116,3
152,117,2
152,119,4
152,122,3
152,124,2
152,129,2
152,131,0
152,131,3
152,131,4
152,132,3
152,132,4
152,140,0
152,140,4
152,149,2
152,149,3
152,149,4
152,151,2
152,152,2
152,153,2
152,153,0
152,153,3
152,153,4
152,155,2
152,155,3
152,157,2
152,157,0
152,157,4
152,158,3
152,160,2
152,163,2
152,167,2
152,169,3
152,169,4
152,171,2
152,177,2
152,180,2
152,182,3
152,185,4
152,186,3
152,186,4
152,190,4
152,191,2
152,191,0
152,192,2
152,193,4
152,199,4
152,202,2
152,202,4
152,205,2
152,206,3
152,212,2
152,212,3
152,212,4
152,213,2
152,214,2
152,214,4
152,216,3
152,216,4
152,217,2
152,218,2
152,218,3
152,218,4
152,220,2
152,221,3
152,226,2
152,227,2
152,227,4
152,228,2
152,229,2
152,232,2
152,232,3
152,232,4
152,233,2
152,233,4
152,243,2
152,243,0
152,243,3
152,243,4
152,247,2
152,247,0
152,247,4
152,248,4
152,251,4
152,253,2
152,254,2
152,254,4
152,258,4
152,259,2
152,259,3
152,260,4
152,263,2
153,7,3
153,11,4
153,12,4
153,19,4
153,31,3
153,31,4
153,38,3
153,38,4
153,45,3
153,45,4
153,46,2
153,46,1
153,46,3
153,46,4
153,49,3
153,53,3
153,53,4
153,62,0
153,65,3
153,75,4
153,76,3
153,76,4
153,78,0
153,102,0
153,102,4
153,108,4
153,118,3
153,118,4
153,119,4
153,132,3
153,156,2
153,162,3
153,169,3
153,169,4
153,172,2
153,173,3
153,177,2
153,185,2
153,186,3
153,187,3
153,206,3
153,216,0
153,217,3
153,218,3
153,229,2
153,232,1
153,232,3
153,232,4
153,248,4
153,254,2
153,254,4
153,256,4
153,261,4
154,6,3
154,7,3
154,7,4
154,20,4
154,23,2
154,23,4
154,28,4
154,31,2
154,31,3
154,31,4
154,42,3
154,46,2
154,46,1
154,46,3
154,47,0
154,59,3
154,59,4
154,61,2
154,75,4
154,76,2
154,76,3
154,78,4
154,80,2
154,82,3
154,83,2
154,93,3
154,96,2
154,102,3
154,102,4
154,103,3
154,108,3
154,108,4
154,114,4
154,139,3
154,149,3
154,154,3
154,155,3
154,156,3
154,162,3
154,169,3
154,171,2
154,174,2
154,177,4
154,183,0
154,186,4
154,191,2
154,192,4
154,193,3
154,200,3
154,214,0
154,216,4
154,217,3
154,217,4
154,218,4
154,222,4
154,224,4
154,227,2
154,232,3
154,243,3
154,258,4
154,262,3
154,263,3
155,19,0
155,28,3
155,28,4
155,31,2
155,31,0
155,31,3
155,31,4
155,33,4
155,41,3
155,45,3
155,46,3
155,49,2
155,49,3
155,51,4
155,53,3
155,54,4
155,59,4
155,67,3
155,76,3
155,82,3
155,83,3
155,84,3
155,93,3
155,102,3
155,102,4
155,107,3
155,108,3
155,114,4
155,117,2
155,131,3
155,137,3
155,146,3
155,153,2
155,155,4
155,162,4
155,172,4
155,175,2
155,186,3
155,186,4
155,190,3
155,204,4
155,206,0
155,215,3
155,217,3
155,218,3
155,224,4
155,227,2
155,231,4
155,232,1
155,232,0
155,232,3
155,232,4
155,235,4
155,244,4
156,28,3
156,31,2
156,31,3
156,46,4
156,59,4
156,75,4
156,83,2
156,102,4
156,108,3
156,114,4
156,137,3
156,147,3
156,153,2
156,155,1
156,167,3
156,167,4
156,169,4
156,172,1
156,175,2
156,186,4
156,190,1
156,206,3
156,216,3
156,218,4
156,229,2
156,241,3
156,261,4
157,31,2
157,31,3
157,46,4
157,59,4
157,75,4
157,83,2
157,102,4
157,108,3
157,114,4
157,147,3
157,167,4
157,169,4
157,175,2
157,206,1
157,206,3
157,216,3
157,218,3
157,218,4
157,229,2
157,241,3
157,262,3
158,6,3
158,8,4
158,23,3
158,23,4
158,26,3
158,31,2
158,31,0
158,31,3
158,31,4
158,36,2
158,36,3
158,38,3
158,46,1
158,46,0
158,46,4
158,48,3
158,49,2
158,49,3
158,65,3
158,68,0
158,75,4
158,76,3
158,76,4
158,91,4
158,97,4
158,102,3
158,102,4
158,103,4
158,107,3
158,108,3
158,114,2
158,117,0
158,131,3
158,138,3
158,169,2
158,169,0
158,169,3
158,169,4
158,182,3
158,186,0
158,186,3
158,190,2
158,195,3
158,195,4
158,206,3
158,216,3
158,217,0
158,217,3
158,218,2
158,218,4
158,223,2
158,226,2
158,227,1
158,229,4
158,232,3
158,232,4
158,235,3
158,241,3
158,256,3
158,256,4
159,13,4
159,17,4
159,31,3
159,46,2
159,46,3
159,46,4
159,53,2
159,53,4
159,65,3
159,69,4
159,76,4
159,97,3
159,102,0
159,114,4
159,117,0
159,155,3
159,169,0
159,169,3
159,169,4
159,172,3
159,182,4
159,186,4
159,205,3
159,219,2
159,229,2
160,13,4
160,17,4
160,31,3
160,46,2
160,46,3
160,46,4
160,53,2
160,53,4
160,65,3
160,69,4
160,76,4
160,97,3
160,114,4
160,155,3
160,169,3
160,172,3
160,182,4
160,186,4
160,205,3
160,219,2
160,229,2
161,4,4
161,8,4
161,13,2
161,13,3
161,13,4
161,21,2
161,28,0
161,28,4
161,31,3
161,31,4
161,36,3
161,38,4
161,46,0
161,46,3
161,46,4
161,49,3
161,49,4
161,53,2
161,65,3
161,72,4
161,74,4
161,76,3
161,76,4
161,102,4
161,108,3
161,111,2
161,113,4
161,114,2
161,117,3
161,118,2
161,161,4
161,168,0
161,169,3
161,169,4
161,173,3
161,180,4
161,182,4
161,186,4
161,206,0
161,206,3
161,212,0
161,212,3
161,212,4
161,214,4
161,216,3
161,216,4
161,218,2
161,218,3
161,223,2
161,226,2
161,228,2
161,229,4
161,232,3
161,233,3
161,238,3
161,243,3
161,252,2
162,7,3
162,8,3
162,8,4
162,20,3
162,28,3
162,31,0
162,31,3
162,36,3
162,37,3
162,37,4
162,38,0
162,38,4
162,44,3
162,46,2
162,46,1
162,46,3
162,46,4
162,48,4
162,49,2
162,49,0
162,53,0
162,57,3
162,63,4
162,75,4
162,76,0
162,76,3
162,76,4
162,77,0
162,81,3
162,83,2
162,83,0
162,84,3
162,87,4
162,92,0
162,92,4
162,97,4
162,100,3
162,102,2
162,102,0
162,102,3
162,102,4
162,106,4
162,108,3
162,108,4
162,114,2
162,114,4
162,117,0
162,118,3
162,122,0
162,124,0
162,136,4
162,146,3
162,147,3
162,149,2
162,149,3
162,155,3
162,155,4
162,166,3
162,169,0
162,169,3
162,182,3
162,191,2
162,206,2
162,206,3
162,212,0
162,212,3
162,214,4
162,215,4
162,216,2
162,216,3
162,217,3
162,217,4
162,218,2
162,218,1
162,218,3
162,218,4
162,227,3
162,229,2
162,232,0
162,232,3
162,232,4
162,236,4
162,242,3
162,243,0
162,247,2
162,261,4
162,262,3
162,263,4
163,8,3
163,8,4
163,18,3
163,21,2
163,21,3
163,28,0
163,31,1
163,31,0
163,31,3
163,31,4
163,36,2
163,36,3
163,37,3
163,37,4
163,38,4
163,45,0
163,45,3
163,46,3
163,49,0
163,49,3
163,49,4
163,61,0
163,64,0
163,76,4
163,83,4
163,85,2
163,85,3
163,87,4
163,92,4
163,97,4
163,102,0
163,102,3
163,107,4
163,108,4
163,113,3
163,147,4
163,149,3
163,153,0
163,155,3
163,161,4
163,165,3
163,168,3
163,169,4
163,172,4
163,191,4
163,198,3
163,206,3
163,210,3
163,214,4
163,217,4
163,218,4
163,223,2
163,232,0
163,232,4
163,235,3
163,238,4
163,252,2
163,261,4
163,262,3
164,19,4
164,33,4
164,46,3
164,50,4
164,73,4
164,76,0
164,76,4
164,83,2
164,97,4
164,102,3
164,111,2
164,114,4
164,118,4
164,122,2
164,122,3
164,141,3
164,173,3
164,175,3
164,177,2
164,192,2
164,206,3
164,219,2
164,223,2
164,261,4
164,262,3
165,34,4
165,38,2
165,61,3
165,84,3
166,13,3
166,21,2
166,30,3
166,31,0
166,31,3
166,46,3
166,46,4
166,47,3
166,49,3
166,71,2
166,75,2
166,102,3
166,107,1
166,108,4
166,114,4
166,118,4
166,124,2
166,171,2
166,177,4
166,186,0
166,198,2
166,206,3
166,217,0
166,217,3
166,218,4
166,229,2
166,229,4
166,232,0
166,232,3
166,261,4
167,51,2
167,76,3
167,107,3
167,114,4
167,247,2
167,251,1
168,31,3
168,156,2
168,220,2
168,252,2
169,6,4
169,31,2
169,107,3
169,114,2
169,114,4
169,155,2
169,156,2
169,169,3
169,192,2
169,206,3
169,244,4
169,248,4
170,13,2
170,13,0
170,13,3
170,16,4
170,21,2
170,21,3
170,23,0
170,24,4
170,31,2
170,31,3
170,31,4
170,32,4
170,36,0
170,36,3
170,36,4
170,46,2
170,46,1
170,46,3
170,46,4
170,48,0
170,49,2
170,49,3
170,57,2
170,59,2
170,65,3
170,74,3
170,75,4
170,76,2
170,76,3
170,76,4
170,80,2
170,81,0
170,81,3
170,81,4
170,83,2
170,84,4
170,85,3
170,91,4
170,95,4
170,100,2
170,100,3
170,101,3
170,102,3
170,102,4
170,106,2
170,107,0
170,108,3
170,114,2
170,114,4
170,122,2
170,122,3
170,124,0
170,127,0
170,131,3
170,133,1
170,140,3
170,144,0
170,151,2
170,153,2
170,155,2
170,155,0
170,155,3
170,160,4
170,162,2
170,163,2
170,167,4
170,169,1
170,169,3
170,169,4
170,173,3
170,174,1
170,183,4
170,184,3
170,186,3
170,190,0
170,191,3
170,194,0
170,202,4
170,206,3
170,206,4
170,209,3
170,210,4
170,213,0
170,216,3
170,217,0
170,217,4
170,218,3
170,219,2
170,219,4
170,226,2
170,229,2
170,232,1
170,232,0
170,232,3
170,232,4
170,241,3
170,241,4
170,242,3
170,243,3
170,246,2
170,246,3
170,251,4
170,260,2
170,260,3
171,13,2
171,13,0
171,13,3
171,16,4
171,21,1
171,28,3
171,31,3
171,31,4
171,46,3
171,49,3
171,50,4
171,75,4
171,84,4
171,94,2
171,107,3
171,114,4
171,139,4
171,144,0
171,153,2
171,153,1
171,153,0
171,155,1
171,155,0
171,155,3
171,160,4
171,162,2
171,169,1
171,169,3
171,169,4
171,173,3
171,186,3
171,190,1
171,190,3
171,191,3
171,194,0
171,202,4
171,204,4
171,206,3
171,208,3
171,216,4
171,217,1
171,218,4
171,219,2
171,232,4
171,241,4
171,242,3
171,246,4
171,254,1
171,261,4
172,13,2
172,16,4
172,21,1
172,31,3
172,46,3
172,49,3
172,50,4
172,84,4
172,94,2
172,107,3
172,137,3
172,139,4
172,144,0
172,153,2
172,153,1
172,155,1
172,155,3
172,160,4
172,162,2
172,169,3
172,169,4
172,173,3
172,186,3
172,190,1
172,190,3
172,191,3
172,194,0
172,202,4
172,204,4
172,206,3
172,208,3
172,216,4
172,217,1
172,219,2
172,241,4
172,242,3
172,246,4
172,254,1
173,13,3
173,13,4
173,16,4
173,28,3
173,29,0
173,31,2
173,31,1
173,31,3
173,31,4
173,34,4
173,35,3
173,40,0
173,45,3
173,46,2
173,46,3
173,46,4
173,48,3
173,49,2
173,49,3
173,53,2
173,57,2
173,59,2
173,64,3
173,76,2
173,76,3
173,76,4
173,81,3
173,81,4
173,84,2
173,84,4
173,89,2
173,92,4
173,93,3
173,93,4
173,97,3
173,100,3
173,102,1
173,102,0
173,102,3
173,106,2
173,107,3
173,113,4
173,127,3
173,133,3
173,144,0
173,153,2
173,153,4
173,160,4
173,162,2
173,169,1
173,169,3
173,169,4
173,172,4
173,173,3
173,173,4
173,184,3
173,187,4
173,192,2
173,194,0
173,204,4
173,205,2
173,206,3
173,209,3
173,212,2
173,216,3
173,217,4
173,218,3
173,219,2
173,219,4
173,232,3
173,238,4
173,241,4
173,242,3
173,244,4
173,254,2
173,261,4
174,35,3
174,114,4
174,169,0
174,206,3
174,216,3
174,217,4
174,225,3
174,261,4
175,7,4
175,13,2
175,17,4
175,24,2
175,31,2
175,31,3
175,31,4
175,33,4
175,46,3
175,46,4
175,76,3
175,80,4
175,97,3
175,102,3
175,102,4
175,169,0
175,169,4
175,186,4
175,190,3
175,216,3
175,218,3
175,219,2
175,222,4
175,229,2
175,232,3
175,232,4
175,244,4
176,33,4
176,75,4
176,155,3
176,169,0
176,218,4
176,232,4
176,244,4
177,21,3
177,25,4
177,31,0
177,31,3
177,76,3
177,99,4
177,102,4
177,105,1
177,107,3
177,108,3
177,108,4
177,113,3
177,114,4
177,129,2
177,186,0
177,206,2
177,206,4
177,216,3
177,217,0
177,229,4
177,260,4
177,261,3
178,6,4
178,31,0
178,31,3
178,31,4
178,40,3
178,46,0
178,46,3
178,46,4
178,48,3
178,53,2
178,102,4
178,107,3
178,108,3
178,108,4
178,113,3
178,114,4
178,185,4
178,186,0
178,206,2
178,206,4
178,217,0
178,217,3
178,217,4
178,229,4
178,256,3
179,27,4
179,31,0
179,31,3
179,46,2
179,46,4
179,53,2
179,53,3
179,67,1
179,102,4
179,107,3
179,108,3
179,108,4
179,113,3
179,114,4
179,129,2
179,133,3
179,186,0
179,206,2
179,206,4
179,217,0
179,229,4
179,244,4
180,31,0
180,31,3
180,31,4
180,46,3
180,102,4
180,105,1
180,107,3
180,108,4
180,113,3
180,185,4
180,186,0
180,206,2
180,206,4
180,217,0
180,229,4
181,102,4
181,113,3
181,206,4
181,229,4
182,31,4
182,102,4
182,113,3
182,206,4
182,229,4
183,6,3
183,8,4
183,10,3
183,15,3
183,16,4
183,17,2
183,23,4
183,24,3
183,24,4
183,28,4
183,31,2
183,31,3
183,31,4
183,33,4
183,36,2
183,37,3
183,44,3
183,46,3
183,46,4
183,49,3
183,49,4
183,52,4
183,53,3
183,59,3
183,67,3
183,73,4
183,75,3
183,76,3
183,90,4
183,91,4
183,94,2
183,96,2
183,102,0
183,102,3
183,106,2
183,108,3
183,111,2
183,114,2
183,114,4
183,117,0
183,118,4
183,127,3
183,165,3
183,167,4
183,169,3
183,169,4
183,171,2
183,186,2
183,186,4
183,192,2
183,198,3
183,202,2
183,205,0
183,206,0
183,206,3
183,206,4
183,207,2
183,212,2
183,216,3
183,217,3
183,217,4
183,219,2
183,219,4
183,222,4
183,229,3
183,231,4
183,232,0
183,232,3
183,246,3
183,247,3
183,254,3
184,8,4
184,10,3
184,16,4
184,17,4
184,21,2
184,23,3
184,28,4
184,31,0
184,31,3
184,31,4
184,36,2
184,38,3
184,43,3
184,46,0
184,46,4
184,47,0
184,53,3
184,69,4
184,70,2
184,71,4
184,75,4
184,76,3
184,97,4
184,101,2
184,102,1
184,102,3
184,102,4
184,107,3
184,108,3
184,114,2
184,114,4
184,118,4
184,131,3
184,139,4
184,169,3
184,169,4
184,186,0
184,206,3
184,214,3
184,217,0
184,218,4
184,219,2
184,226,4
184,228,2
184,252,2
184,260,2
185,8,4
185,16,4
185,31,0
185,31,3
185,46,3
185,53,2
185,75,4
185,102,0
185,114,4
185,118,4
185,169,0
185,169,3
185,169,4
185,206,4
185,217,2
185,217,3
185,217,4
185,218,4
185,219,2
185,232,4
186,8,4
186,16,4
186,31,3
186,31,4
186,46,3
186,53,2
186,75,4
186,102,0
186,114,4
186,118,4
186,169,0
186,169,3
186,169,4
186,206,4
186,217,2
186,217,3
186,217,4
186,218,4
186,219,2
186,232,4
186,241,4
187,4,2
187,16,4
187,31,0
187,31,3
187,31,4
187,46,4
187,49,2
187,49,3
187,53,3
187,75,4
187,76,4
187,83,2
187,83,4
187,84,3
187,106,2
187,114,2
187,118,4
187,169,4
187,171,2
187,186,0
187,206,2
187,206,3
187,206,4
187,217,1
187,217,0
187,217,3
187,217,4
187,232,3
187,256,3
188,16,4
188,21,2
188,36,3
188,37,4
188,46,2
188,46,3
188,49,2
188,83,2
188,84,3
188,102,3
188,107,3
188,108,3
188,114,2
188,114,3
188,114,4
188,135,2
188,156,3
188,169,2
188,169,4
188,173,3
188,186,2
188,206,3
188,212,4
188,217,4
188,219,3
188,221,4
188,252,2
188,258,4
189,6,3
189,7,2
189,7,3
189,7,4
189,13,2
189,17,2
189,21,4
189,31,1
189,31,3
189,31,4
189,36,3
189,37,3
189,38,3
189,43,3
189,45,3
189,45,4
189,46,3
189,46,4
189,48,3
189,49,3
189,52,4
189,64,3
189,68,4
189,75,3
189,75,4
189,76,2
189,76,3
189,76,4
189,78,3
189,91,4
189,92,3
189,93,2
189,97,4
189,98,4
189,102,4
189,103,4
189,107,3
189,107,4
189,108,3
189,108,4
189,113,3
189,113,4
189,124,0
189,128,4
189,131,3
189,131,4
189,132,4
189,143,4
189,147,4
189,149,3
189,153,2
189,156,4
189,167,3
189,169,2
189,169,3
189,169,4
189,176,4
189,185,4
189,186,1
189,194,3
189,202,0
189,202,4
189,206,2
189,206,0
189,206,3
189,206,4
189,213,4
189,217,0
189,217,3
189,217,4
189,218,4
189,226,4
189,232,1
189,232,3
189,233,3
189,233,4
189,234,4
189,238,4
189,240,4
189,246,4
189,247,3
189,254,2
189,256,4
189,260,2
189,261,4
190,149,3
190,155,2
190,155,3
190,184,3
191,29,2
191,31,3
191,45,3
191,46,3
191,49,4
191,72,4
191,75,4
191,76,0
191,102,4
191,107,3
191,114,4
191,154,4
191,169,0
191,169,4
191,195,3
191,195,4
191,198,3
191,206,3
191,216,3
191,218,3
191,218,4
191,226,4
191,227,4
191,232,3
191,232,4
191,263,3
192,21,3
192,28,3
192,31,1
192,31,0
192,31,3
192,36,2
192,38,3
192,45,3
192,46,0
192,46,4
192,53,2
192,76,2
192,76,3
192,76,4
192,81,3
192,83,2
192,85,3
192,96,3
192,102,2
192,102,4
192,107,3
192,108,3
192,114,2
192,114,4
192,134,3
192,134,4
192,138,2
192,139,3
192,140,3
192,156,3
192,183,4
192,186,0
192,191,2
192,192,2
192,197,3
192,206,2
192,215,3
192,216,2
192,217,0
192,227,3
192,232,0
192,232,3
193,31,3
193,46,4
193,53,2
193,134,4
194,31,3
194,46,4
194,53,2
194,134,4
195,31,3
195,46,4
195,76,3
195,134,4
196,8,4
196,31,3
196,46,4
196,76,3
196,134,4
197,31,3
197,46,4
197,134,4
197,143,3
198,90,2
198,96,4
198,155,2
198,185,4
198,206,3
198,256,3
199,8,4
199,31,2
199,46,3
199,46,4
199,50,4
199,61,3
199,71,2
199,71,4
199,76,2
199,108,3
199,144,3
199,153,2
199,171,2
199,185,3
199,212,2
199,227,4
199,232,4
199,254,2
200,46,3
200,49,3
200,114,3
200,114,4
200,220,2
200,229,4
201,30,3
201,46,4
201,49,3
201,75,4
201,76,3
201,82,2
201,102,3
201,108,3
201,108,4
201,155,3
201,168,3
201,185,3
201,191,2
201,191,3
201,191,4
201,199,4
201,206,3
201,216,3
201,248,4
201,254,2
201,254,4
202,8,3
202,23,2
202,23,4
202,31,1
202,31,3
202,43,3
202,48,4
202,64,0
202,73,3
202,76,3
202,76,4
202,102,4
202,107,4
202,108,3
202,114,2
202,119,3
202,124,3
202,131,3
202,134,4
202,155,2
202,156,3
202,156,4
202,186,2
202,186,3
202,186,4
202,202,2
202,211,2
202,216,1
202,254,2
202,261,1
202,261,4
203,2,3
203,7,3
203,36,3
203,46,3
203,46,4
203,49,3
203,75,3
203,76,3
203,107,3
203,114,4
203,155,3
203,169,3
203,186,2
203,195,4
203,206,4
203,217,3
203,218,3
203,232,3
203,232,4
204,31,3
204,38,3
204,45,2
204,46,2
204,46,3
204,76,3
204,102,3
204,107,3
204,122,4
204,149,2
204,152,2
204,153,2
204,155,3
204,169,4
204,189,2
204,190,2
204,195,4
204,206,3
204,232,0
204,232,3
205,2,2
205,9,4
205,28,0
205,31,2
205,31,1
205,31,3
205,31,4
205,33,4
205,44,2
205,45,3
205,46,1
205,46,3
205,50,3
205,53,4
205,74,2
205,75,4
205,76,3
205,76,4
205,102,3
205,102,4
205,104,3
205,108,3
205,108,4
205,143,3
205,151,2
205,155,2
205,169,3
205,187,3
205,190,2
205,192,2
205,193,4
205,204,4
205,206,3
205,210,3
205,212,2
205,212,4
205,214,3
205,216,3
205,217,2
205,217,3
205,218,3
205,219,2
205,223,2
205,226,2
205,232,4
205,254,2
206,7,4
206,38,3
206,49,3
206,76,3
206,90,4
206,155,0
206,211,2
206,244,4
207,8,4
207,14,2
207,31,2
207,31,0
207,31,3
207,46,2
207,46,3
207,48,3
207,49,0
207,76,3
207,76,4
207,102,3
207,103,4
207,117,3
207,138,4
207,169,0
207,169,4
207,185,4
207,186,0
207,186,4
207,210,3
207,211,2
207,217,0
207,218,4
207,261,4
208,13,3
208,31,0
208,31,4
208,45,3
208,53,2
208,75,3
208,76,3
208,78,3
208,94,2
208,114,4
208,149,2
208,152,3
208,159,2
208,177,2
208,186,0
208,210,4
208,217,2
208,217,0
208,256,3
209,8,4
209,10,3
209,21,2
209,21,3
209,21,4
209,38,3
209,44,3
209,46,4
209,49,2
209,49,3
209,51,3
209,75,4
209,76,3
209,117,3
209,118,4
209,169,4
209,177,2
209,186,2
209,186,3
209,189,2
209,204,4
209,214,3
209,216,3
210,21,3
210,31,3
210,46,3
210,48,3
210,76,0
210,83,2
210,169,4
210,185,0
210,186,3
210,190,2
210,204,4
210,216,3
211,31,0
211,31,3
211,31,4
211,43,3
211,46,3
211,46,4
211,76,3
211,76,4
211,78,3
211,102,0
211,102,3
211,102,4
211,108,2
211,114,3
211,114,4
211,163,2
211,169,3
211,186,3
211,210,1
211,212,2
211,216,3
211,226,4
211,232,3
212,8,4
212,13,2
212,13,3
212,31,3
212,31,4
212,38,3
212,46,3
212,49,3
212,74,2
212,76,3
212,81,4
212,82,2
212,84,2
212,101,2
212,102,4
212,107,2
212,114,2
212,114,4
212,118,4
212,121,4
212,153,2
212,155,2
212,157,2
212,157,4
212,169,3
212,172,4
212,182,2
212,186,2
212,186,3
212,190,2
212,190,1
212,211,2
212,212,3
212,212,4
212,229,2
212,229,4
212,230,2
212,230,4
212,231,4
212,243,2
212,247,2
212,248,4
212,254,4
212,260,4
213,8,4
213,31,3
213,31,4
213,46,3
213,46,4
213,49,4
213,76,2
213,76,1
213,76,4
213,172,4
213,218,3
213,226,4
213,232,2
213,232,4
213,254,2
213,261,4
214,36,3
214,38,3
214,46,4
214,112,3
214,132,4
214,171,2
214,229,3
214,243,4
215,4,3
215,7,2
215,7,4
215,8,4
215,13,0
215,13,3
215,13,4
215,17,4
215,20,4
215,21,2
215,21,3
215,24,4
215,28,1
215,28,3
215,29,2
215,30,3
215,31,2
215,31,1
215,31,3
215,31,4
215,32,4
215,33,2
215,35,1
215,36,2
215,36,0
215,36,3
215,36,4
215,37,3
215,38,0
215,40,3
215,41,3
215,43,3
215,45,0
215,45,3
215,46,2
215,46,0
215,46,3
215,46,4
215,47,0
215,48,3
215,49,2
215,49,1
215,49,3
215,49,4
215,50,4
215,52,3
215,52,4
215,53,1
215,53,0
215,53,3
215,59,3
215,60,4
215,61,3
215,61,4
215,64,3
215,64,4
215,65,1
215,65,0
215,65,3
215,68,4
215,73,3
215,73,4
215,75,1
215,75,3
215,75,4
215,76,2
215,76,1
215,76,0
215,76,3
215,76,4
215,77,3
215,78,3
215,81,0
215,81,3
215,81,4
215,83,2
215,97,1
215,97,3
215,97,4
215,100,2
215,100,3
215,102,2
215,102,1
215,102,0
215,102,3
215,102,4
215,104,3
215,107,3
215,107,4
215,108,0
215,108,3
215,108,4
215,113,4
215,114,2
215,118,2
215,119,3
215,119,4
215,122,3
215,123,3
215,124,2
215,131,4
215,133,3
215,142,2
215,142,4
215,146,3
215,147,3
215,149,0
215,149,3
215,149,4
215,153,2
215,153,1
215,153,3
215,155,3
215,156,3
215,157,1
215,160,4
215,162,3
215,163,3
215,163,4
215,165,4
215,167,4
215,169,0
215,169,3
215,169,4
215,173,2
215,173,3
215,185,3
215,186,0
215,186,3
215,186,4
215,189,3
215,190,3
215,192,2
215,195,4
215,200,4
215,202,0
215,202,3
215,204,4
215,206,1
215,206,0
215,206,3
215,206,4
215,210,0
215,210,3
215,210,4
215,212,2
215,212,0
215,212,3
215,214,0
215,214,3
215,216,3
215,216,4
215,217,1
215,217,3
215,218,2
215,218,1
215,218,3
215,218,4
215,219,0
215,226,4
215,229,1
215,229,3
215,232,1
215,232,0
215,232,3
215,232,4
215,241,3
215,241,4
215,243,0
215,244,4
215,245,1
215,247,3
215,261,1
215,261,3
215,261,4
216,28,1
216,31,1
216,31,3
216,31,4
216,36,1
216,43,0
216,45,0
216,46,1
216,46,0
216,46,3
216,49,1
216,49,0
216,49,4
216,50,1
216,51,0
216,53,1
216,53,0
216,54,3
216,59,4
216,60,4
216,76,2
216,76,1
216,76,0
216,76,3
216,86,0
216,97,1
216,101,2
216,102,1
216,102,0
216,102,4
216,114,4
216,117,0
216,119,4
216,123,2
216,137,0
216,149,1
216,153,1
216,153,3
216,155,0
216,155,3
216,157,1
216,169,3
216,169,4
216,186,3
216,204,4
216,205,0
216,205,4
216,206,1
216,206,0
216,206,3
216,210,3
216,213,0
216,215,0
216,216,0
216,217,1
216,217,4
216,218,1
216,218,3
216,219,3
216,219,4
216,226,1
216,232,1
216,232,3
216,232,4
216,238,4
216,241,0
216,245,1
216,249,1
216,250,3
216,256,4
216,261,1
216,261,4
217,7,3
217,13,3
217,13,4
217,18,4
217,31,1
217,31,3
217,31,4
217,35,1
217,41,3
217,43,0
217,45,0
217,45,3
217,46,0
217,46,3
217,46,4
217,47,4
217,48,3
217,49,1
217,49,3
217,49,4
217,50,1
217,50,4
217,51,0
217,53,1
217,53,0
217,60,4
217,73,4
217,76,2
217,76,1
217,76,0
217,76,3
217,84,0
217,92,3
217,93,4
217,97,1
217,101,2
217,102,1
217,102,0
217,102,3
217,102,4
217,103,1
217,107,4
217,114,4
217,117,0
217,119,4
217,131,2
217,132,3
217,137,0
217,147,3
217,149,3
217,153,1
217,153,3
217,154,0
217,155,4
217,157,1
217,167,4
217,169,0
217,169,3
217,169,4
217,185,4
217,186,0
217,186,3
217,202,3
217,204,4
217,205,0
217,205,4
217,206,1
217,206,0
217,206,3
217,215,0
217,216,3
217,217,1
217,217,4
217,218,1
217,218,3
217,218,4
217,219,4
217,226,1
217,227,4
217,232,2
217,232,0
217,232,3
217,232,4
217,238,4
217,241,0
217,241,4
217,245,1
217,249,1
217,250,3
217,261,1
217,261,4
218,36,2
218,46,3
218,46,4
218,49,2
218,76,3
218,78,3
218,80,4
218,102,0
218,108,3
218,155,3
218,185,4
218,186,2
218,232,3
219,8,4
219,38,3
219,46,3
219,76,3
219,76,4
219,80,2
219,102,3
219,146,3
219,186,2
219,192,2
219,210,3
219,252,2
219,254,2
220,23,4
220,31,3
220,45,3
220,46,3
220,53,4
220,76,3
220,76,4
220,102,3
220,102,4
220,108,0
220,113,0
220,113,3
220,130,4
220,148,4
220,172,4
220,195,3
220,223,2
220,229,4
220,243,3
220,243,4
220,251,4
220,262,3
220,264,2
221,31,4
221,46,4
221,53,2
221,75,4
221,93,4
221,94,2
221,114,4
221,169,3
221,171,2
221,186,2
221,188,2
222,31,3
222,31,4
222,46,4
222,53,2
222,75,4
222,93,4
222,114,4
222,169,3
222,171,2
222,186,2
223,7,3
223,31,0
223,46,3
223,49,3
223,53,2
223,59,0
223,61,3
223,76,0
223,102,3
223,105,2
223,107,3
223,108,4
223,114,4
223,186,0
223,186,3
223,195,3
223,206,2
223,211,3
223,217,0
223,261,3
224,41,4
224,46,4
224,120,2
224,156,1
224,191,3
224,233,2
225,21,3
225,31,3
225,45,0
225,46,3
225,46,4
225,48,3
225,49,3
225,65,1
225,65,0
225,76,0
225,78,2
225,102,3
225,102,4
225,108,0
225,117,3
225,155,2
225,155,0
225,155,3
225,156,4
225,162,3
225,163,4
225,206,3
225,210,4
225,212,2
225,212,4
225,214,3
225,216,4
225,217,3
225,217,4
225,232,0
225,256,4
226,25,4
226,98,4
226,102,4
226,105,2
226,108,4
226,170,2
226,206,2
226,206,4
226,255,2
227,6,0
227,6,4
227,25,4
227,31,3
227,40,2
227,40,4
227,41,0
227,46,3
227,46,4
227,49,2
227,49,4
227,51,3
227,53,3
227,76,2
227,102,0
227,102,3
227,102,4
227,105,2
227,108,3
227,108,4
227,114,4
227,115,0
227,117,3
227,118,4
227,167,4
227,169,3
227,206,2
227,206,3
227,206,4
227,255,2
227,255,3
227,261,3
228,25,4
228,31,2
228,31,3
228,31,4
228,38,3
228,40,2
228,40,4
228,46,3
228,46,4
228,49,3
228,64,4
228,65,1
228,65,3
228,76,1
228,76,0
228,97,3
228,102,3
228,102,4
228,105,2
228,105,1
228,108,0
228,108,3
228,108,4
228,114,4
228,115,0
228,117,3
228,118,3
228,159,2
228,167,1
228,169,3
228,182,3
228,185,4
228,186,2
228,206,2
228,206,3
228,206,4
228,214,3
228,217,3
228,218,3
228,232,4
228,241,3
228,255,2
228,255,3
229,36,0
229,46,3
229,49,3
229,72,4
229,75,4
229,102,3
229,102,4
229,111,2
229,121,4
229,169,4
229,206,0
229,216,2
229,216,3
229,219,2
230,8,4
230,18,4
230,31,4
230,36,2
230,36,0
230,37,4
230,102,4
230,121,4
230,180,3
230,186,3
230,219,2
231,1,2
231,6,4
231,7,2
231,7,4
231,13,3
231,31,2
231,31,1
231,31,3
231,31,4
231,33,4
231,35,4
231,36,1
231,36,3
231,38,3
231,43,4
231,45,4
231,46,2
231,46,1
231,46,3
231,49,3
231,49,4
231,50,4
231,51,3
231,54,3
231,55,3
231,76,0
231,76,3
231,76,4
231,81,2
231,81,0
231,81,3
231,81,4
231,82,2
231,83,2
231,83,1
231,83,3
231,83,4
231,93,4
231,94,2
231,97,2
231,97,1
231,97,3
231,97,4
231,100,3
231,102,3
231,102,4
231,103,3
231,103,4
231,107,4
231,108,4
231,113,3
231,113,4
231,114,2
231,147,4
231,155,2
231,164,0
231,167,3
231,169,1
231,169,3
231,186,3
231,206,2
231,206,4
231,210,3
231,212,2
231,216,3
231,227,4
231,232,2
231,232,1
231,232,3
231,232,4
231,234,4
231,244,4
231,256,4
231,261,3
232,33,4
232,46,4
232,169,4
232,185,4
232,244,4
233,33,4
233,46,4
233,169,4
233,185,4
233,244,4
234,31,2
234,33,4
234,64,0
234,102,2
234,118,4
234,133,2
234,138,3
234,185,4
234,191,2
234,192,2
234,193,4
234,217,3
234,259,4
235,23,3
235,31,3
235,46,3
235,49,3
235,84,2
235,102,3
235,107,3
235,111,2
235,114,4
235,140,0
235,142,3
235,155,2
235,169,4
235,172,0
235,173,4
235,216,3
236,8,4
236,31,3
236,31,4
236,34,4
236,46,4
236,53,2
236,56,3
236,61,3
236,76,4
236,92,3
236,102,1
236,102,4
236,147,4
236,149,2
236,162,1
236,162,3
236,186,2
236,200,4
236,204,4
236,232,2
236,233,4
236,242,3
236,261,4
237,34,4
237,53,2
237,232,2
237,261,4
238,34,4
238,53,2
238,232,2
238,261,4
239,34,4
239,53,2
239,232,2
239,261,4
240,34,4
240,53,2
240,232,2
240,261,4
241,34,4
241,53,2
241,232,2
241,261,4
242,34,4
242,53,2
242,232,2
242,261,4
243,34,4
243,53,2
243,206,3
243,232,2
243,261,4
244,34,4
244,53,2
244,232,2
244,261,4
245,34,4
245,53,2
245,129,2
245,232,2
245,261,4
246,31,3
246,46,3
246,46,4
246,49,3
246,185,4
246,189,3
246,191,2
246,192,2
246,216,3
247,6,3
247,31,3
247,36,3
247,46,4
247,53,2
247,53,3
247,108,3
247,114,4
247,146,3
247,169,3
247,192,2
247,204,4
247,206,4
247,216,3
247,217,0
247,225,3
247,249,4
247,259,3
248,21,3
248,32,4
248,49,3
248,51,3
248,76,0
248,114,4
248,122,2
248,122,3
248,206,3
248,216,3
248,217,3
248,231,4
249,25,4
249,31,0
249,45,2
249,48,3
249,51,3
249,59,4
249,95,4
249,108,3
249,172,3
249,185,3
249,185,4
249,186,0
249,206,3
249,217,0
249,224,4
249,250,3
250,46,3
250,108,3
250,147,4
250,203,3
250,206,3
251,13,4
251,28,3
251,31,2
251,31,3
251,36,3
251,36,4
251,46,4
251,76,3
251,83,2
251,102,3
251,155,2
251,185,4
251,216,3
251,217,4
251,219,4
251,232,2
251,232,3
251,244,4
252,5,4
252,21,3
252,31,0
252,46,3
252,51,4
252,76,0
252,102,3
252,108,3
252,129,2
252,156,1
252,169,3
252,210,4
252,216,3
252,218,3
252,220,2
252,225,3
252,239,3
252,252,0
252,254,0
253,31,2
253,31,0
253,32,4
253,36,3
253,46,3
253,111,2
253,191,0
253,216,1
253,217,4
253,229,4
253,242,3
254,8,4
254,27,3
254,31,4
254,36,3
254,36,4
254,38,3
254,102,2
254,102,3
254,102,4
254,124,3
254,210,3
254,216,0
254,260,4
255,46,3
255,49,3
255,57,3
255,76,4
255,108,3
255,147,4
255,186,2
255,191,2
255,216,0
255,224,4
256,4,2
256,31,2
256,31,0
256,36,4
256,43,0
256,46,3
256,46,4
256,61,2
256,69,3
256,72,2
256,76,2
256,76,0
256,76,3
256,80,4
256,102,0
256,108,0
256,111,2
256,114,2
256,114,4
256,116,3
256,156,2
256,169,0
256,170,2
256,171,2
256,183,4
256,202,2
256,202,4
256,206,0
256,206,4
256,213,0
256,226,4
256,233,4
256,258,2
257,17,2
257,31,2
257,31,3
257,33,4
257,36,0
257,38,3
257,41,3
257,46,3
257,46,4
257,49,2
257,49,0
257,49,3
257,53,3
257,60,4
257,75,0
257,75,4
257,76,4
257,93,4
257,114,4
257,118,2
257,119,0
257,119,3
257,124,3
257,132,4
257,149,3
257,156,3
257,186,2
257,200,0
257,202,2
257,230,4
257,232,4
257,235,3
257,240,4
257,259,4
257,260,4
257,261,4
258,28,4
258,31,4
258,46,3
258,53,2
258,64,4
258,76,2
258,88,2
258,102,2
258,102,3
258,107,3
258,108,3
258,114,3
258,124,3
258,206,2
258,218,4
258,232,4
259,5,4
259,7,3
259,25,4
259,26,4
259,28,0
259,31,0
259,31,3
259,31,4
259,38,3
259,39,4
259,42,3
259,42,4
259,43,3
259,46,1
259,46,3
259,49,0
259,49,3
259,49,4
259,53,3
259,53,4
259,64,0
259,65,1
259,76,3
259,76,4
259,81,0
259,89,2
259,91,4
259,92,0
259,92,4
259,93,4
259,100,4
259,102,3
259,107,3
259,109,2
259,114,4
259,120,2
259,167,4
259,186,0
259,186,3
259,206,3
259,216,3
259,217,0
259,217,3
259,217,4
259,218,4
259,232,3
259,232,4
259,238,4
259,245,4
259,254,2
259,261,4
260,21,3
260,32,4
260,46,4
260,76,2
260,107,3
260,112,2
260,118,4
260,185,3
260,216,1
261,21,3
261,38,3
261,46,4
261,114,4
261,186,3
261,192,2
261,210,3
261,216,1
261,217,4
261,231,4
262,8,4
262,21,3
262,38,3
262,46,3
262,46,4
262,102,2
262,102,4
262,103,4
262,171,2
262,217,0
262,217,3
262,219,3
262,226,2
262,232,4
262,241,4
263,31,3
263,46,3
263,46,4
263,57,4
263,71,3
263,102,0
263,118,4
263,191,3
263,217,3
264,3,2
264,5,4
264,6,0
264,31,0
264,31,3
264,33,4
264,36,4
264,41,3
264,45,0
264,46,0
264,46,3
264,49,3
264,49,4
264,75,4
264,102,1
264,102,0
264,102,3
264,102,4
264,107,3
264,108,3
264,117,0
264,118,3
264,167,0
264,167,3
264,168,0
264,169,3
264,206,3
264,216,3
264,216,4
264,217,4
264,232,0
264,232,3
264,241,0
264,244,4
264,261,3
265,5,4
265,28,4
265,33,4
265,36,4
265,46,4
265,49,4
265,93,4
265,102,4
265,119,4
265,133,3
265,134,4
265,154,0
265,167,3
265,206,3
265,217,4
265,244,4
266,31,3
266,31,4
266,46,3
266,46,4
267,31,2
267,31,3
267,31,4
267,46,3
267,49,2
267,49,3
267,49,4
267,53,2
267,53,3
267,57,3
267,61,2
267,83,2
267,84,3
267,96,3
267,102,4
267,106,2
267,107,3
267,108,3
267,156,2
267,158,3
267,159,2
267,169,4
267,202,4
267,206,3
267,218,2
267,218,4
267,228,2
267,240,4
267,260,4
268,8,4
268,31,2
268,31,3
268,36,4
268,46,3
268,49,0
268,49,3
268,53,4
268,76,4
268,97,4
268,107,4
268,114,4
268,121,4
268,185,2
268,186,2
268,186,3
268,192,2
268,206,4
268,232,1
268,232,4
268,236,3
268,261,4
269,8,4
269,49,0
269,53,2
269,76,3
269,78,3
269,83,2
269,97,4
269,108,2
269,114,2
269,121,4
269,146,3
269,149,2
269,165,3
269,216,3
269,217,4
270,6,3
270,34,4
270,46,3
270,51,3
270,76,3
270,83,2
270,102,0
270,107,4
270,108,3
270,113,4
270,131,4
270,137,3
270,177,2
270,214,2
271,6,3
271,7,2
271,9,2
271,9,4
271,13,2
271,23,4
271,33,2
271,33,4
271,45,0
271,46,4
271,49,2
271,64,3
271,65,2
271,76,0
271,76,4
271,83,4
271,106,3
271,108,3
271,129,2
271,138,2
271,139,3
271,142,3
271,156,2
271,185,4
271,201,2
271,215,3
271,218,2
271,218,3
271,226,4
271,232,3
271,236,4
271,247,2
272,9,4
272,33,4
272,46,4
272,76,2
272,76,1
272,88,2
272,153,2
272,171,2
272,186,4
272,189,2
272,218,2
272,227,4
273,19,4
273,31,0
273,46,3
273,46,4
273,93,4
273,95,4
273,149,3
273,198,2
273,217,3
273,217,4
273,249,3
273,251,1
274,2,3
274,61,4
274,76,3
274,102,4
274,121,4
274,169,3
274,192,2
274,208,3
274,210,4
275,31,0
275,36,0
275,102,0
275,186,0
275,186,3
275,216,0
275,217,0
275,217,3
275,232,3
276,15,3
276,31,3
276,46,4
276,47,4
276,49,3
276,53,4
276,56,3
276,57,3
276,111,2
276,193,4
277,21,3
277,28,3
277,28,4
277,37,0
277,45,1
277,46,4
277,48,3
277,76,0
277,76,3
277,76,4
277,148,4
277,169,3
277,206,2
277,216,3
277,216,4
278,0,3
278,25,4
278,31,3
278,33,4
278,38,3
278,46,3
278,46,4
278,74,2
278,76,0
278,76,3
278,102,3
278,107,4
278,108,3
278,113,4
278,118,3
278,167,1
278,216,3
278,232,4
278,241,4
279,31,3
279,46,0
279,46,4
279,76,0
279,76,4
279,119,3
279,119,4
279,233,0
280,31,3
280,31,4
280,37,4
280,46,4
280,169,3
280,186,3
280,231,4
280,232,3
280,261,3
281,3,2
281,7,3
281,31,3
281,36,4
281,38,3
281,45,3
281,46,2
281,46,3
281,49,3
281,65,4
281,67,3
281,81,3
281,102,4
281,103,3
281,108,3
281,108,4
281,114,4
281,136,3
281,139,3
281,140,3
281,145,3
281,155,3
281,169,3
281,171,2
281,172,3
281,175,3
281,185,4
281,191,3
281,206,3
281,217,0
281,217,4
281,218,3
281,218,4
281,230,2
281,232,3
281,250,3
281,251,3
281,254,2
281,261,3
281,264,2
282,21,3
282,31,3
282,31,4
282,35,3
282,45,3
282,48,3
282,49,3
282,50,3
282,53,3
282,80,4
282,81,2
282,102,3
282,108,0
282,108,3
282,149,4
282,169,4
282,185,3
282,185,4
282,192,2
282,206,3
282,222,4
282,229,3
282,232,3
282,244,4
283,20,4
283,28,2
283,28,4
283,31,2
283,31,0
283,31,3
283,31,4
283,33,4
283,38,2
283,38,3
283,38,4
283,46,1
283,46,3
283,46,4
283,49,3
283,59,4
283,62,3
283,76,3
283,102,3
283,102,4
283,103,3
283,108,4
283,114,3
283,114,4
283,115,1
283,140,0
283,146,3
283,169,3
283,192,2
283,206,3
283,210,3
283,216,2
283,216,0
283,217,3
283,217,4
283,218,3
283,218,4
283,241,4
283,251,4
283,261,3
284,11,4
284,12,4
284,19,4
284,46,4
284,76,4
284,143,3
284,156,2
284,169,3
284,217,3
284,217,4
284,243,4
285,4,4
285,21,3
285,31,0
285,46,0
285,46,3
285,58,0
285,73,0
285,76,3
285,78,0
285,97,0
285,111,0
285,113,4
285,114,2
285,114,0
285,114,4
285,172,4
285,202,2
285,202,4
285,217,4
285,243,0
285,260,0
286,46,4
286,49,2
286,114,4
286,134,4
286,171,2
287,46,0
287,46,3
287,117,3
287,186,2
287,192,2
288,31,0
288,31,3
288,38,0
288,46,0
288,49,2
288,49,0
288,49,4
288,53,4
288,180,0
288,193,4
288,217,0
288,232,4
289,9,4
289,21,3
289,31,3
289,31,4
289,32,4
289,36,0
289,36,3
289,36,4
289,38,4
289,42,3
289,43,0
289,43,4
289,46,3
289,46,4
289,49,3
289,49,4
289,61,2
289,76,3
289,76,4
289,81,2
289,83,2
289,93,3
289,102,3
289,102,4
289,107,3
289,107,4
289,124,3
289,169,4
289,206,3
289,207,3
289,216,0
289,216,3
289,232,3
289,232,4
289,235,3
289,246,4
289,261,1
290,93,4
290,102,4
290,107,4
290,108,3
290,108,4
290,113,3
290,169,4
290,172,3
290,185,4
290,206,3
291,8,4
291,13,3
291,17,4
291,31,2
291,31,4
291,41,3
291,46,2
291,46,0
291,59,2
291,102,0
291,124,2
291,138,2
291,218,2
291,253,2
292,7,4
292,31,0
292,31,3
292,38,3
292,46,3
292,61,0
292,75,3
292,76,3
292,102,3
292,107,3
292,108,3
292,162,3
292,167,3
292,169,3
292,186,2
292,186,4
292,217,3
292,218,0
293,114,4
293,186,3
293,186,4
293,206,3
294,45,3
294,46,4
294,53,2
294,102,3
294,108,0
294,186,4
295,18,4
295,53,2
295,93,4
295,186,2
295,186,4
296,31,3
296,31,4
296,53,4
296,175,2
296,186,4
296,206,3
297,13,3
297,46,3
297,46,4
297,70,2
297,155,3
297,169,3
297,177,3
297,182,3
298,46,3
298,114,4
298,185,0
298,261,4
299,18,4
299,31,3
299,102,4
299,162,2
299,169,3
299,186,4
299,241,4
300,18,4
300,31,3
300,102,4
300,162,2
300,169,3
300,186,4
300,241,4
301,102,3
301,102,4
301,162,2
301,186,4
301,241,4
302,46,3
302,102,4
302,162,2
302,186,4
302,241,4
303,102,3
303,102,4
303,171,2
303,217,3
304,102,3
304,102,4
304,171,2
304,217,3
305,31,2
305,102,4
305,171,2
305,231,4
306,31,2
306,102,4
306,171,2
306,231,4
307,46,3
307,90,2
307,102,4
307,169,3
307,186,2
307,229,4
307,232,4
308,46,3
308,46,4
308,229,2
308,229,4
308,237,4
309,46,4
309,67,4
309,97,4
309,107,3
309,156,2
309,171,2
309,172,4
310,75,4
310,171,2
310,213,3
310,229,3
311,28,4
311,46,4
311,124,4
311,186,2
311,229,2
312,8,4
312,102,4
312,110,0
312,237,4
313,23,4
313,47,4
313,110,0
313,186,2
314,31,3
314,76,3
314,102,4
314,110,0
314,206,3
314,232,2
315,31,4
315,46,2
315,46,1
315,46,3
315,90,2
315,110,0
315,206,3
315,216,4
315,229,2
315,229,3
316,31,0
316,46,4
316,102,4
316,110,0
316,206,3
317,31,3
317,31,4
317,46,3
317,49,3
317,76,0
317,93,0
317,102,4
317,110,0
317,114,4
317,172,0
317,174,0
317,175,0
317,180,0
318,31,3
318,45,3
318,46,3
318,93,0
318,110,0
318,114,4
318,224,4
319,31,3
319,36,3
319,93,0
319,102,4
319,108,3
319,114,4
319,115,1
319,177,3
319,186,2
319,232,4
320,25,4
320,31,3
320,46,4
320,93,0
320,102,3
320,102,4
320,110,0
320,114,4
320,177,2
320,206,2
320,206,3
320,222,4
320,260,4
321,45,3
321,46,3
321,46,4
321,49,3
321,93,0
321,110,0
321,114,4
321,169,3
322,93,0
322,107,3
322,110,0
322,114,4
322,206,3
322,237,4
323,31,4
323,46,3
323,46,4
323,76,3
323,93,0
323,110,0
323,114,4
324,31,2
324,31,3
324,38,3
324,93,0
324,110,0
324,114,4
324,152,3
324,169,3
324,218,4
324,237,4
325,46,2
325,46,0
325,46,4
325,76,3
325,107,3
325,237,4
326,45,4
326,75,4
326,102,4
326,107,4
326,108,3
326,186,3
327,46,4
327,90,2
327,114,4
327,156,2
327,167,3
327,206,4
328,31,2
328,46,4
328,102,4
328,114,4
329,31,2
329,46,4
329,102,4
329,114,4
330,45,0
330,46,4
330,78,3
330,114,4
330,169,3
331,13,2
331,45,3
331,46,4
331,76,2
331,80,2
331,121,4
331,186,3
331,188,2
331,206,3
331,217,3
331,217,4
331,243,3
331,254,2
332,46,3
332,91,4
332,107,4
332,114,3
332,172,4
332,185,4
332,216,3
332,256,3
333,20,3
333,28,3
333,31,4
333,34,4
333,36,3
333,41,4
333,43,3
333,46,3
333,46,4
333,49,2
333,76,0
333,76,4
333,102,3
333,108,3
333,169,3
333,186,0
333,206,3
333,210,3
333,216,3
333,216,4
333,217,4
333,232,4
333,264,2
334,38,3
334,41,3
334,49,4
334,51,3
334,102,3
334,124,3
334,216,3
335,76,0
335,102,3
335,108,4
335,129,2
336,7,3
336,13,2
336,78,3
336,169,3
336,206,0
337,46,3
337,172,4
337,186,2
337,231,4
337,260,4
338,46,3
338,172,4
338,186,2
338,231,4
338,260,4
339,46,4
339,48,3
339,98,4
339,171,2
340,44,3
340,46,3
340,48,3
340,102,0
340,102,3
340,216,1
340,263,0
341,34,4
341,83,2
341,84,3
341,182,3
341,191,2
342,23,4
342,31,2
342,36,4
342,46,4
342,49,2
342,51,3
342,70,2
342,76,3
342,78,2
342,93,4
342,97,4
342,102,4
342,169,3
342,186,4
342,216,3
342,229,2
342,232,4
342,247,2
343,17,4
343,31,3
343,49,3
343,149,2
343,171,2
343,212,4
344,28,3
344,31,3
344,46,4
344,76,4
344,108,2
345,8,4
345,46,3
345,76,3
345,169,3
345,195,4
345,226,4
345,229,3
345,232,4
345,259,3
346,54,3
346,75,4
346,76,4
346,91,4
346,108,3
346,108,4
346,124,0
346,131,4
346,186,2
346,226,4
347,13,2
347,21,3
347,23,4
347,31,3
347,31,4
347,36,3
347,38,3
347,46,3
347,49,3
347,51,3
347,57,3
347,76,3
347,83,3
347,107,3
347,108,2
347,146,3
347,206,3
348,46,3
348,46,4
348,49,3
348,76,0
348,94,2
348,108,3
348,141,3
348,227,4
349,46,2
349,91,4
349,102,4
349,132,3
349,210,3
349,226,4
350,6,3
350,28,4
350,40,3
350,57,3
350,76,4
350,102,4
350,171,2
350,232,3
351,31,0
351,37,3
351,76,0
351,218,4
352,31,0
352,53,4
352,65,3
352,102,0
352,138,3
352,169,4
353,31,0
353,46,0
353,46,4
353,76,0
353,124,3
353,143,3
353,169,0
353,171,2
353,206,3
353,236,0
354,76,3
354,107,4
354,156,2
354,171,2
355,13,3
355,31,0
355,91,4
355,140,0
355,203,0
355,232,3
355,241,3
356,7,1
356,7,3
356,46,1
356,46,0
356,46,3
356,75,4
356,156,1
356,171,2
356,226,4
357,46,3
357,75,4
357,76,0
357,76,3
357,102,3
357,108,3
357,171,2
357,217,4
357,236,4
358,78,3
358,102,0
358,119,4
358,206,3
359,31,2
359,31,3
359,43,4
359,46,3
359,46,4
359,49,2
359,53,2
359,76,3
359,76,4
359,92,4
359,102,3
359,155,3
359,186,2
359,189,2
359,190,2
359,195,4
359,217,4
359,218,4
360,45,4
360,76,2
360,121,4
360,218,2
360,232,2
361,31,3
361,31,4
361,46,4
361,53,2
361,53,3
361,75,4
361,102,2
361,102,4
361,118,2
361,132,4
361,167,4
361,169,0
361,169,4
361,171,2
361,172,4
361,191,3
361,206,3
361,217,3
361,217,4
361,232,4
361,254,2
361,255,4
362,17,4
362,31,3
362,45,3
362,49,3
362,75,4
362,76,3
362,102,4
362,146,4
362,169,3
362,217,0
362,218,3
362,236,4
363,64,0
363,186,4
363,206,3
363,217,3
364,17,4
364,46,3
364,58,2
364,218,2
365,61,3
365,108,3
365,124,0
365,171,2
365,235,3
366,14,2
366,31,3
366,31,4
366,34,4
366,45,3
366,45,4
366,46,3
366,76,3
366,84,3
366,102,3
366,102,4
366,120,2
366,149,2
366,149,3
366,169,3
366,169,4
366,170,2
366,170,4
366,171,2
366,186,3
366,206,3
366,206,4
366,254,2
367,28,4
367,51,4
367,54,3
367,58,2
368,45,3
368,46,0
368,53,3
368,58,2
368,76,0
368,76,3
368,186,2
368,216,3
369,8,4
369,46,4
369,108,4
369,114,4
369,243,3
370,1,2
370,31,2
370,31,3
370,76,2
370,76,4
370,102,2
370,138,4
370,162,2
370,169,4
370,212,2
370,216,4
370,218,3
370,232,3
371,8,4
371,46,4
371,53,2
371,155,3
371,225,3
372,112,3
372,149,2
372,153,2
372,169,3
372,190,2
372,202,2
373,31,3
373,31,4
373,102,4
373,108,3
373,216,3
374,6,3
374,36,4
374,46,4
374,111,2
374,169,4
374,200,2
374,231,4
374,236,4
374,249,4
375,31,3
375,33,4
375,46,4
375,49,3
375,94,1
375,102,3
375,108,3
375,138,4
375,186,3
375,214,4
375,216,3
375,232,3
375,234,4
376,8,4
376,12,4
376,25,4
376,31,1
376,31,3
376,33,4
376,46,3
376,49,3
376,53,2
376,73,4
376,76,3
376,94,2
376,102,3
376,103,4
376,107,0
376,107,3
376,107,4
376,108,3
376,169,3
376,186,3
376,209,4
376,210,4
376,219,3
376,226,4
376,256,4
376,261,0
376,261,3
377,8,4
377,12,4
377,25,4
377,31,1
377,31,3
377,33,4
377,46,3
377,49,3
377,73,4
377,76,3
377,94,2
377,102,3
377,103,4
377,107,3
377,107,4
377,108,3
377,169,3
377,186,3
377,209,4
377,219,3
377,256,4
377,261,0
377,261,3
378,8,4
378,12,4
378,25,4
378,31,1
378,31,3
378,33,4
378,46,3
378,49,3
378,73,4
378,76,3
378,94,2
378,102,3
378,103,4
378,107,3
378,107,4
378,108,3
378,169,3
378,186,3
378,209,4
378,219,3
378,256,4
378,261,0
378,261,3
379,13,3
379,19,3
379,28,4
379,31,2
379,46,4
379,49,3
379,49,4
379,59,4
379,76,4
379,93,4
379,98,3
379,115,0
379,131,3
379,147,4
379,152,3
379,172,4
379,176,4
379,206,3
379,217,3
379,218,4
379,232,2
379,261,4
380,17,4
380,31,2
380,46,2
380,46,3
380,247,3
381,8,4
381,10,3
381,29,2
381,36,4
381,46,4
381,64,0
381,102,2
381,113,4
381,131,3
381,218,2
381,218,3
381,254,2
382,31,3
382,46,3
382,53,2
382,76,3
382,76,4
382,102,4
382,243,2
383,31,3
383,46,4
383,78,2
383,236,4
383,249,4
384,13,3
384,83,2
384,131,4
384,186,4
385,12,4
385,108,4
385,186,2
385,186,3
385,206,1
386,31,4
386,83,2
386,87,4
386,216,3
387,31,3
387,90,2
387,90,4
387,93,4
387,107,3
387,107,4
387,108,3
387,169,3
387,217,3
388,11,4
388,12,4
388,19,4
388,31,2
388,31,3
388,49,3
388,76,0
388,76,3
388,102,3
388,102,4
388,121,4
388,138,2
388,140,3
388,191,3
389,13,2
389,46,2
389,70,2
389,76,2
389,107,4
389,113,0
389,119,4
389,120,2
389,197,2
389,206,3
389,210,3
389,218,2
389,226,4
389,229,2
389,232,4
390,13,2
390,13,3
390,27,4
390,30,4
390,31,2
390,31,1
390,31,0
390,31,3
390,31,4
390,53,1
390,61,3
390,75,3
390,76,4
390,92,4
390,102,1
390,102,3
390,102,4
390,107,3
390,108,3
390,169,3
390,169,4
390,173,4
390,175,2
390,175,3
390,186,0
390,186,4
390,190,1
390,205,3
390,206,1
390,210,3
390,210,4
390,217,1
390,217,0
390,261,1
390,261,4
390,264,2
390,264,1
390,265,2
391,13,2
391,13,3
391,27,4
391,30,4
391,31,2
391,31,3
391,31,4
391,61,3
391,75,3
391,76,4
391,92,4
391,102,1
391,102,3
391,102,4
391,107,3
391,108,3
391,169,3
391,169,4
391,173,4
391,175,2
391,175,3
391,205,3
391,206,1
391,210,3
391,210,4
391,261,1
391,261,4
391,264,2
391,264,1
391,265,2
392,13,2
392,13,3
392,27,4
392,30,4
392,31,2
392,31,3
392,31,4
392,49,1
392,53,1
392,61,3
392,75,3
392,76,4
392,92,4
392,102,1
392,102,3
392,102,4
392,107,3
392,169,3
392,169,4
392,173,4
392,175,2
392,175,3
392,190,1
392,206,1
392,210,3
392,210,4
392,261,1
392,261,4
392,264,2
392,265,2
393,13,3
393,31,2
393,31,4
393,46,3
394,8,4
394,25,4
394,31,2
394,31,3
394,46,2
394,46,0
394,46,4
394,53,4
394,75,0
394,76,2
394,76,1
394,76,4
394,94,2
394,107,3
394,114,2
394,115,0
394,149,2
394,150,2
394,150,4
394,153,3
394,154,2
394,155,3
394,158,3
394,169,2
394,169,0
394,172,2
394,173,2
394,174,0
394,175,2
394,178,2
394,179,3
394,182,4
394,185,3
394,190,2
394,195,3
394,196,0
394,199,4
394,202,2
394,206,0
394,206,3
394,206,4
394,210,3
394,210,4
394,216,4
394,217,0
394,217,3
394,218,3
394,232,4
394,246,4
394,256,4
394,261,4
395,8,4
395,25,4
395,31,2
395,31,3
395,46,2
395,46,4
395,53,4
395,76,2
395,76,4
395,107,3
395,114,2
395,149,2
395,154,2
395,155,3
395,158,3
395,172,2
395,173,2
395,175,2
395,178,2
395,182,4
395,185,3
395,195,3
395,199,4
395,202,2
395,206,0
395,206,3
395,206,4
395,210,4
395,217,3
395,232,4
395,246,4
395,256,4
395,261,4
396,28,0
396,30,4
396,31,3
396,46,0
396,46,4
396,49,3
396,51,4
396,52,4
396,76,4
396,97,3
396,102,2
396,107,3
396,108,3
396,114,2
396,135,4
396,185,4
396,206,4
396,210,4
396,217,4
396,227,4
396,229,4
396,251,1
397,13,2
397,19,3
397,23,3
397,23,4
397,26,3
397,28,4
397,31,2
397,31,0
397,31,3
397,31,4
397,34,4
397,45,0
397,46,1
397,46,3
397,46,4
397,48,3
397,49,3
397,49,4
397,53,2
397,64,0
397,75,4
397,76,3
397,76,4
397,83,2
397,89,2
397,97,4
397,102,3
397,102,4
397,103,2
397,103,4
397,106,0
397,107,3
397,108,2
397,108,3
397,108,4
397,111,2
397,114,2
397,136,3
397,146,4
397,147,4
397,148,3
397,169,3
397,172,4
397,182,2
397,183,4
397,186,0
397,199,4
397,206,3
397,206,4
397,210,4
397,216,3
397,217,2
397,217,0
397,217,3
397,217,4
397,227,2
397,227,1
397,227,3
397,229,2
397,231,4
397,232,3
397,232,4
397,257,4
397,258,2
397,259,2
398,36,3
398,45,4
398,46,2
398,49,3
398,78,3
398,169,4
399,7,3
399,31,3
399,46,3
399,61,4
399,102,3
399,232,3
400,8,4
400,27,4
400,36,2
400,46,4
400,118,3
400,143,0
400,207,2
401,5,4
401,49,3
401,76,3
401,102,4
401,107,4
401,108,3
401,113,4
401,119,4
401,169,4
401,218,4
401,229,4
401,232,3
402,6,3
402,7,3
402,7,4
402,28,0
402,28,3
402,28,4
402,31,2
402,31,3
402,31,4
402,36,2
402,37,3
402,38,4
402,39,4
402,43,3
402,46,2
402,46,3
402,46,4
402,49,3
402,49,4
402,51,0
402,51,3
402,52,4
402,53,3
402,56,3
402,59,4
402,76,3
402,76,4
402,83,2
402,83,3
402,92,4
402,102,3
402,108,0
402,108,3
402,119,4
402,138,3
402,155,2
402,162,3
402,169,2
402,169,3
402,169,4
402,175,2
402,175,4
402,185,2
402,185,3
402,190,3
402,206,4
402,216,3
402,217,4
402,218,2
402,218,3
402,232,3
402,232,4
402,239,2
402,239,3
402,261,2
402,261,3
402,261,4
403,13,2
403,13,3
403,15,3
403,31,4
403,46,3
403,46,4
403,49,3
403,49,4
403,64,3
403,70,2
403,83,3
403,97,3
403,103,4
403,108,3
403,108,4
403,114,4
403,124,4
403,126,0
403,143,4
403,169,2
403,169,3
403,169,4
403,181,4
403,186,3
403,202,4
403,205,3
403,206,3
403,206,4
403,214,3
403,214,4
403,215,0
403,217,3
403,229,2
403,232,3
403,232,4
403,235,3
403,243,3
404,4,2
404,7,3
404,21,3
404,28,0
404,28,4
404,31,3
404,31,4
404,35,4
404,36,2
404,36,3
404,38,3
404,46,4
404,55,3
404,57,1
404,61,0
404,61,3
404,76,3
404,76,4
404,80,4
404,87,4
404,92,2
404,92,3
404,93,4
404,97,3
404,102,1
404,113,4
404,117,2
404,143,3
404,152,3
404,160,2
404,162,3
404,169,3
404,169,4
404,171,2
404,186,2
404,190,3
404,202,4
404,206,4
404,210,4
404,218,3
404,218,4
404,232,3
404,233,3
404,233,4
404,253,2
404,261,4
405,5,4
405,17,4
405,38,3
405,46,2
405,46,3
405,46,4
405,76,3
405,93,4
405,97,4
405,108,4
405,130,4
405,132,4
405,190,2
405,192,2
405,212,2
405,217,4
405,244,4
405,253,2
405,253,4
405,261,4
