1.000000 0.000000 0.000000 0.249231 0.000000 0.000000 0.000000 0.009901 0.133531 0.000000 0.009901 0.000000 0.000000 0.000000 0.000000 0.000000 0.014778 0.000000 0.000000 0.000000 0.118980 0.032491 0.000000 0.000000 0.042980 0.015576 0.000000 0.160883 0.000000 0.000000 0.000000 0.000000 0.045593 0.307087 0.010239 0.075630 0.042980 0.006849 0.039788 0.034642 0.045593 0.016092 0.217158 0.008043 0.000000 0.141414 0.000000 0.049541 0.019355 0.000000 0.000000 0.010033 0.000000 0.026087 0.000000 0.098940 0.000000 0.063197 0.042980 0.000000 0.744000 0.000000 0.000000 0.009063 0.000000 0.028125 0.000000 0.000000 0.000000 0.000000 0.009901 0.000000 0.014778 0.311573 0.017794 0.028391 0.000000 0.123288 0.017794 0.156923 0.015576 0.307087 0.000000 0.000000 0.000000 0.036101 0.000000 0.000000 0.226537 0.028391 0.000000 0.000000 0.490446 0.000000 0.000000 0.000000 0.015974 0.000000 0.044510 0.000000 0.010601 0.028754 0.063197 0.044510 0.026087 0.000000 0.000000 0.031185 0.269122 0.000000 0.028754 0.000000 0.032491 0.008850 0.000000 0.000000 0.000000 0.010601 0.000000 0.000000 0.000000 0.000000 0.000000 0.000000 0.075630 0.066914 0.000000 0.000000 0.017391 0.249231 0.009901 0.083077 0.014663 0.000000 0.000000 0.010033 0.581538 0.064748 0.016092 0.042980 1.000000 0.026087 0.065375 0.000000 0.000000 0.014778 0.000000 0.064748 0.000000 0.000000 0.000000 0.000000 0.000000 0.000000 0.000000 0.067698 0.000000 0.000000 0.000000 0.144615 0.000000 0.000000 0.000000 0.000000 0.043988 0.000000 0.025210 0.000000 0.189591 0.000000 0.015974 0.311573 0.017391 0.066914 0.000000 0.000000 0.015974 0.016620 0.000000 0.000000 0.000000 0.016611 0.000000 0.019355 0.000000 0.010601 0.000000 0.156923 0.121739 0.000000 0.048711 0.044510 0.000000 0.018557 0.217158 0.000000 0.000000 0.000000 0.000000 0.023622 0.015974 0.000000 0.016620 0.000000 0.024390 0.010239 0.000000 0.032491 0.015576 0.000000 0.000000 0.000000 0.036101 0.000000 0.000000 0.000000 0.026393 0.006849 0.000000 0.023873 0.233533 0.029499 0.010601 0.025937 0.000000 0.000000 0.000000 0.009772 0.000000 0.016611 0.000000 0.000000 0.043584 0.000000 0.000000 0.311573 0.000000 0.000000 0.000000 0.032491 0.010239 0.053892 0.014663 0.103448 0.000000 0.015974 0.040214 0.508306 0.000000 0.156923 0.000000 0.063529 0.000000 0.000000 0.088525 0.051576 0.016611 0.000000 0.000000 0.010033 0.024259 0.015198 0.000000 0.010601 0.000000 0.032491 0.000000 0.039788 0.000000 0.044510 0.000000 0.000000 0.108959 0.017794 0.000000
0.000000 1.000000 0.138462 0.000000 0.000000 0.000000 0.000000 0.000000 0.000000 0.000000 0.000000 0.000000 0.000000 0.000000 0.000000 0.000000 0.000000 0.000000 0.000000 0.000000 0.000000 0.000000 0.000000 0.281250 0.000000 0.000000 0.000000 0.000000 0.000000 0.068493 0.000000 0.000000 0.000000 0.000000 0.000000 0.000000 0.000000 0.000000 0.000000 0.000000 0.000000 0.000000 0.000000 0.000000 0.000000 0.000000 0.000000 0.000000 0.000000 0.000000 0.000000 0.000000 0.352941 0.000000 0.000000 0.000000 0.000000 0.000000 0.000000 0.000000 0.000000 0.000000 0.000000 0.000000 0.000000 0.000000 0.000000 0.000000 0.000000 0.000000 0.000000 0.000000 0.000000 0.000000 0.000000 0.000000 0.000000 0.000000 0.000000 0.000000 0.000000 0.000000 0.176471 0.000000 0.000000 0.000000 0.000000 0.000000 0.000000 0.000000 0.000000 0.000000 0.000000 0.081081 0.000000 0.000000 0.000000 0.000000 0.000000 0.000000 0.000000 0.000000 0.000000 0.000000 0.000000 0.000000 0.000000 0.000000 0.000000 0.000000 0.000000 0.000000 0.000000 0.000000 0.000000 0.000000 0.000000 0.000000 0.000000 0.254237 0.000000 0.068493 0.142857 0.000000 0.000000 0.000000 0.000000 0.000000 0.000000 0.000000 0.000000 0.000000 0.000000 0.000000 0.000000 0.000000 0.000000 0.000000 0.000000 0.000000 0.000000 0.000000 0.000000 0.000000 0.000000 0.000000 0.000000 0.000000 0.000000 0.000000 0.000000 0.000000 0.000000 0.085714 0.000000 0.000000 0.000000 0.000000 0.000000 0.000000 0.000000 0.000000 0.000000 0.000000 0.000000 0.000000 0.000000 0.257143 0.000000 0.000000 0.000000 0.000000 0.000000 0.000000 0.000000 0.000000 0.000000 0.000000 0.000000 0.000000 0.000000 0.000000 0.000000 0.000000 0.000000 0.000000 0.000000 0.000000 0.000000 0.000000 0.000000 0.000000 0.000000 0.000000 0.000000 0.000000 0.000000 0.000000 0.000000 0.000000 0.000000 0.000000 0.000000 0.000000 0.000000 0.000000 0.000000 0.000000 0.000000 0.000000 0.000000 0.000000 0.000000 0.000000 0.000000 0.000000 0.000000 0.000000 0.428571 0.000000 0.000000 0.000000 0.000000 0.000000 0.000000 0.492958 0.000000 0.000000 0.000000 0.000000 0.211268 0.000000 0.000000 0.000000 0.000000 0.000000 0.000000 0.000000 0.000000 0.000000 0.000000 0.000000 0.000000 0.000000 0.000000 0.000000 0.000000 0.000000 0.000000 0.000000 0.000000 0.000000 0.000000 0.000000 0.000000 0.000000 0.000000 0.000000 0.000000 0.000000 0.000000 0.000000 0.000000 0.000000 0.000000 0.000000 0.000000 0.000000 0.000000 0.000000 0.000000 0.000000 0.000000 0.000000 0.000000
0.000000 0.138462 1.000000 0.000000 0.000000 0.000000 0.000000 0.066038 0.000000 0.000000 0.066038 0.000000 0.000000 0.000000 0.000000 0.000000 0.000000 0.000000 0.000000 0.000000 0.000000 0.000000 0.040161 0.071090 0.000000 0.072398 0.000000 0.164384 0.000000 0.039301 0.000000 0.000000 0.000000 0.000000 0.062802 0.000000 0.000000 0.000000 0.000000 0.000000 0.000000 0.000000 0.000000 0.052632 0.000000 0.000000 0.000000 0.000000 0.184300 0.000000 0.026201 0.000000 0.123288 0.000000 0.000000 0.000000 0.000000 0.000000 0.000000 0.000000 0.000000 0.000000 0.044280 0.000000 0.000000 0.000000 0.125436 0.000000 0.000000 0.000000 0.066038 0.000000 0.000000 0.000000 0.000000 0.073059 0.188235 0.000000 0.000000 0.000000 0.072398 0.000000 0.035573 0.000000 0.000000 0.000000 0.000000 0.000000 0.000000 0.073059 0.000000 0.155844 0.000000 0.047619 0.000000 0.000000 0.000000 0.000000 0.000000 0.000000 0.000000 0.000000 0.000000 0.000000 0.000000 0.000000 0.000000 0.000000 0.000000 0.000000 0.000000 0.000000 0.000000 0.000000 0.055814 0.000000 0.000000 0.000000 0.000000 0.044776 0.000000 0.039301 0.046154 0.128342 0.000000 0.000000 0.179775 0.029851 0.000000 0.000000 0.066038 0.000000 0.077922 0.000000 0.042194 0.000000 0.000000 0.000000 0.000000 0.000000 0.000000 0.000000 0.000000 0.000000 0.063745 0.000000 0.000000 0.000000 0.000000 0.147844 0.000000 0.000000 0.000000 0.022422 0.000000 0.000000 0.000000 0.000000 0.120603 0.000000 0.000000 0.000000 0.000000 0.000000 0.077922 0.000000 0.083682 0.067265 0.000000 0.000000 0.000000 0.000000 0.000000 0.000000 0.000000 0.000000 0.000000 0.000000 0.000000 0.000000 0.000000 0.066351 0.000000 0.184300 0.000000 0.000000 0.000000 0.000000 0.000000 0.000000 0.085106 0.000000 0.000000 0.184818 0.000000 0.000000 0.000000 0.047809 0.000000 0.000000 0.000000 0.000000 0.000000 0.000000 0.000000 0.062802 0.206009 0.000000 0.072398 0.000000 0.000000 0.000000 0.000000 0.140845 0.000000 0.000000 0.000000 0.000000 0.138462 0.000000 0.000000 0.000000 0.000000 0.000000 0.000000 0.040000 0.000000 0.000000 0.000000 0.066351 0.040000 0.000000 0.112360 0.000000 0.000000 0.000000 0.000000 0.000000 0.000000 0.000000 0.062802 0.000000 0.077922 0.000000 0.000000 0.000000 0.000000 0.000000 0.000000 0.000000 0.000000 0.000000 0.000000 0.000000 0.000000 0.000000 0.066351 0.000000 0.219178 0.000000 0.000000 0.000000 0.000000 0.000000 0.000000 0.000000 0.000000 0.000000 0.000000 0.000000 0.000000 0.000000 0.000000 0.000000 0.000000
0.249231 0.000000 0.000000 1.000000 0.000000 0.000000 0.000000 0.031847 0.724138 0.000000 0.031847 0.000000 0.000000 0.000000 0.000000 0.000000 0.080824 0.000000 0.000000 0.000000 0.087912 0.055556 0.000000 0.000000 0.100000 0.036145 0.000000 0.219512 0.000000 0.000000 0.000000 0.000000 0.105882 0.306122 0.032895 0.130435 0.100000 0.029703 0.092784 0.081081 0.105882 0.062780 0.375000 0.026042 0.000000 0.064935 0.000000 0.086331 0.033613 0.000000 0.000000 0.032258 0.000000 0.084270 0.000000 0.061224 0.000000 0.085714 0.100000 0.000000 0.233161 0.000000 0.000000 0.029240 0.000000 0.048338 0.000000 0.000000 0.000000 0.000000 0.031847 0.000000 0.080824 0.310345 0.041096 0.048780 0.000000 0.287234 0.041096 0.214286 0.036145 0.306122 0.000000 0.000000 0.000000 0.083333 0.000000 0.000000 0.075000 0.048780 0.000000 0.000000 0.249231 0.000000 0.000000 0.000000 0.037037 0.000000 0.103448 0.000000 0.034014 0.092593 0.085714 0.103448 0.084270 0.000000 0.000000 0.073171 0.230769 0.000000 0.092593 0.000000 0.055556 0.028571 0.000000 0.000000 0.000000 0.034014 0.000000 0.000000 0.000000 0.000000 0.000000 0.000000 0.130435 0.114286 0.000000 0.000000 0.056180 0.428571 0.031847 0.142857 0.034091 0.000000 0.000000 0.032258 0.428571 0.112150 0.062780 0.100000 0.249231 0.084270 0.113208 0.000000 0.000000 0.080824 0.000000 0.112150 0.000000 0.000000 0.000000 0.000000 0.000000 0.000000 0.000000 0.106061 0.000000 0.000000 0.000000 0.142857 0.000000 0.000000 0.000000 0.000000 0.102273 0.000000 0.043478 0.000000 0.257143 0.000000 0.037037 0.310345 0.056180 0.114286 0.000000 0.000000 0.037037 0.053763 0.000000 0.000000 0.000000 0.038462 0.000000 0.033613 0.000000 0.034014 0.000000 0.214286 0.056180 0.000000 0.066667 0.103448 0.000000 0.032258 0.375000 0.000000 0.000000 0.000000 0.000000 0.040816 0.037037 0.000000 0.053763 0.000000 0.042105 0.032895 0.000000 0.055556 0.036145 0.000000 0.000000 0.000000 0.083333 0.000000 0.000000 0.000000 0.045455 0.029703 0.000000 0.077320 0.234375 0.068571 0.034014 0.083799 0.000000 0.000000 0.000000 0.031447 0.000000 0.038462 0.000000 0.000000 0.047170 0.000000 0.000000 0.310345 0.000000 0.000000 0.000000 0.055556 0.032895 0.093750 0.034091 0.142857 0.000000 0.037037 0.093750 0.692308 0.000000 0.214286 0.000000 0.110092 0.000000 0.000000 0.151899 0.088889 0.038462 0.000000 0.000000 0.032258 0.078534 0.035294 0.000000 0.034014 0.000000 0.055556 0.000000 0.092784 0.000000 0.103448 0.000000 0.000000 0.254717 0.041096 0.000000
0.000000 0.000000 0.000000 0.000000 1.000000 0.000000 0.000000 0.000000 0.000000 0.000000 0.000000 0.000000 0.038217 0.046512 0.000000 0.000000 0.000000 0.000000 0.000000 0.131387 0.000000 0.000000 0.000000 0.042553 0.000000 0.000000 0.000000 0.000000 0.240000 0.031447 0.086331 0.075472 0.000000 0.000000 0.000000 0.000000 0.000000 0.000000 0.000000 0.000000 0.000000 0.000000 0.000000 0.000000 0.000000 0.000000 0.000000 0.000000 0.080717 0.440559 0.000000 0.000000 0.067114 0.000000 0.127517 0.000000 0.078534 0.000000 0.000000 0.000000 0.000000 0.041379 0.000000 0.000000 0.000000 0.000000 0.000000 0.300000 0.000000 0.089947 0.000000 0.000000 0.000000 0.000000 0.000000 0.000000 0.000000 0.000000 0.000000 0.000000 0.000000 0.000000 0.098361 0.000000 0.088889 0.000000 0.139394 0.440559 0.000000 0.000000 0.080000 0.055901 0.000000 0.031056 0.000000 0.000000 0.000000 0.776224 0.000000 0.115152 0.000000 0.000000 0.000000 0.220126 0.000000 0.000000 0.000000 0.000000 0.000000 0.016393 0.000000 0.240000 0.000000 0.000000 0.000000 0.000000 0.000000 0.000000 0.091603 0.000000 0.144828 0.000000 0.000000 0.000000 0.000000 0.000000 0.000000 0.000000 0.000000 0.000000 0.000000 0.000000 0.000000 0.000000 0.000000 0.000000 0.000000 0.070352 0.000000 0.000000 0.000000 0.000000 0.000000 0.013699 0.000000 0.000000 0.271318 0.070352 0.000000 0.000000 0.000000 0.000000 0.000000 0.065359 0.107784 0.000000 0.091603 0.038217 0.000000 0.000000 0.012346 0.037500 0.000000 0.000000 0.000000 0.131387 0.000000 0.196078 0.000000 0.018868 0.000000 0.000000 0.000000 0.000000 0.000000 0.000000 0.000000 0.000000 0.072581 0.000000 0.000000 0.000000 0.000000 0.080717 0.000000 0.000000 0.000000 0.000000 0.000000 0.000000 0.000000 0.000000 0.000000 0.077253 0.000000 0.000000 0.000000 0.099448 0.000000 0.000000 0.000000 0.000000 0.000000 0.000000 0.000000 0.000000 0.000000 0.000000 0.000000 0.000000 0.000000 0.240000 0.000000 0.034965 0.080000 0.000000 0.000000 0.000000 0.000000 0.000000 0.000000 0.000000 0.000000 0.000000 0.095436 0.000000 0.000000 0.000000 0.136095 0.000000 0.000000 0.046512 0.000000 0.075472 0.000000 0.000000 0.041379 0.025381 0.386760 0.000000 0.000000 0.000000 0.000000 0.000000 0.094595 0.000000 0.016949 0.000000 0.000000 0.000000 0.065359 0.000000 0.212766 0.000000 0.000000 0.000000 0.000000 0.000000 0.000000 0.000000 0.000000 0.000000 0.000000 0.000000 0.000000 0.000000 0.000000 0.000000 0.153846 0.000000 0.000000 0.000000 0.000000 0.000000 0.000000
0.000000 0.000000 0.000000 0.000000 0.000000 1.000000 0.000000 0.000000 0.000000 0.000000 0.000000 0.600000 0.000000 0.000000 0.000000 0.000000 0.231214 0.000000 0.000000 0.000000 0.000000 0.000000 0.240964 0.000000 0.000000 0.000000 0.000000 0.000000 0.000000 0.000000 0.000000 0.000000 0.338028 0.000000 0.000000 0.000000 0.000000 0.000000 0.096386 0.000000 0.338028 0.000000 0.000000 0.000000 0.428571 0.000000 0.000000 0.000000 0.000000 0.000000 0.246575 0.000000 0.000000 0.000000 0.000000 0.000000 0.000000 0.000000 0.000000 0.000000 0.000000 0.000000 0.000000 0.000000 0.000000 0.000000 0.000000 0.000000 0.114286 0.000000 0.000000 0.000000 0.231214 0.000000 0.000000 0.000000 0.000000 0.000000 0.000000 0.000000 0.000000 0.000000 0.000000 0.000000 0.000000 0.000000 0.000000 0.000000 0.000000 0.000000 0.000000 0.000000 0.000000 0.000000 0.428571 0.000000 0.000000 0.000000 0.000000 0.000000 0.000000 0.000000 0.000000 0.000000 0.000000 0.000000 0.000000 0.220183 0.000000 0.000000 0.000000 0.000000 0.000000 0.000000 0.181818 0.000000 0.000000 0.000000 0.000000 0.000000 0.000000 0.000000 0.000000 0.000000 0.000000 0.000000 0.000000 0.000000 0.000000 0.000000 0.000000 0.000000 0.000000 0.000000 0.103896 0.000000 0.000000 0.000000 0.000000 0.000000 0.000000 0.000000 0.000000 0.000000 0.000000 0.231214 0.000000 0.000000 0.000000 0.000000 0.000000 0.000000 0.000000 0.000000 0.000000 0.000000 0.000000 0.000000 0.000000 0.000000 0.000000 0.000000 0.000000 0.000000 0.000000 0.000000 0.000000 0.000000 0.000000 0.000000 0.000000 0.000000 0.000000 0.000000 0.000000 0.000000 0.000000 0.000000 0.000000 0.000000 0.205479 0.000000 0.000000 0.000000 0.000000 0.000000 0.300940 0.000000 0.000000 0.310345 0.000000 0.000000 0.000000 0.000000 0.000000 0.000000 0.000000 0.000000 0.000000 0.000000 0.000000 0.000000 0.000000 0.000000 0.000000 0.000000 0.000000 0.000000 0.000000 0.000000 0.000000 0.000000 0.000000 0.000000 0.000000 0.000000 0.000000 0.000000 0.000000 0.000000 0.000000 0.000000 0.000000 0.000000 0.000000 0.000000 0.000000 0.000000 0.000000 0.000000 0.000000 0.000000 0.000000 0.000000 0.000000 0.000000 0.000000 0.000000 0.000000 0.000000 0.000000 0.000000 0.000000 0.000000 0.000000 0.000000 0.000000 0.000000 0.375000 0.000000 0.000000 0.000000 0.000000 0.000000 0.000000 0.000000 0.000000 0.000000 0.000000 0.000000 0.000000 0.000000 0.310345 0.000000 0.000000 0.000000 0.000000 0.096386 0.000000 0.000000 0.000000 0.000000 0.000000 0.000000 0.000000
0.000000 0.000000 0.000000 0.000000 0.000000 0.000000 1.000000 0.000000 0.000000 0.000000 0.000000 0.000000 0.000000 0.000000 0.000000 0.000000 0.000000 0.000000 0.000000 0.000000 0.000000 0.000000 0.000000 0.000000 0.000000 0.000000 0.000000 0.000000 0.000000 0.000000 0.000000 0.000000 0.000000 0.000000 0.000000 0.000000 0.000000 0.000000 0.000000 0.000000 0.000000 0.000000 0.000000 0.000000 0.000000 0.000000 0.000000 0.000000 0.000000 0.000000 0.000000 0.000000 0.000000 0.000000 0.000000 0.000000 0.000000 0.000000 0.000000 0.000000 0.000000 0.000000 0.000000 0.000000 0.000000 0.000000 0.000000 0.000000 0.000000 0.000000 0.000000 0.000000 0.000000 0.000000 0.000000 0.000000 0.000000 0.000000 0.000000 0.000000 0.000000 0.000000 0.000000 0.000000 0.000000 0.000000 0.000000 0.000000 0.000000 0.000000 0.000000 0.000000 0.000000 0.000000 0.000000 0.000000 0.000000 0.000000 0.000000 0.000000 0.000000 0.000000 0.000000 0.000000 0.000000 0.000000 0.000000 0.000000 0.000000 0.000000 0.000000 0.000000 0.000000 0.000000 0.000000 0.000000 0.000000 0.000000 0.000000 0.000000 0.000000 0.000000 0.000000 0.000000 0.000000 0.000000 0.000000 0.000000 0.000000 0.000000 0.000000 0.000000 0.000000 0.000000 0.000000 0.000000 0.000000 0.000000 0.000000 0.000000 0.000000 0.000000 0.000000 0.000000 0.000000 0.000000 0.000000 0.000000 1.000000 0.000000 0.000000 0.000000 0.000000 0.000000 0.000000 0.000000 0.000000 0.000000 0.000000 0.000000 0.000000 0.000000 0.000000 0.000000 0.000000 0.000000 0.000000 0.000000 0.000000 0.000000 0.000000 0.000000 0.000000 0.000000 0.000000 0.000000 0.000000 0.000000 0.000000 0.000000 0.000000 0.000000 0.000000 0.000000 0.000000 0.000000 0.567568 0.000000 0.000000 0.000000 0.000000 0.000000 0.000000 0.000000 0.000000 0.563758 0.000000 0.000000 0.000000 0.000000 0.000000 0.000000 0.000000 0.000000 0.000000 0.000000 0.000000 0.000000 0.000000 0.000000 0.000000 0.000000 0.000000 0.000000 0.000000 0.000000 0.000000 0.000000 0.000000 0.000000 0.000000 0.000000 0.000000 0.000000 0.000000 0.060403 0.000000 0.000000 0.000000 0.000000 0.000000 0.000000 0.000000 0.000000 0.000000 0.000000 0.000000 0.000000 0.000000 0.000000 0.000000 0.000000 0.000000 0.000000 0.000000 0.000000 0.000000 0.000000 0.000000 0.000000 0.000000 0.000000 0.000000 0.000000 0.000000 0.000000 0.000000 0.000000 0.000000 0.000000 0.000000 0.000000 0.000000 0.000000 0.000000 0.000000 0.000000 0.000000 0.000000 0.000000 0.000000 0.000000 0.000000 0.000000 0.032680
0.009901 0.000000 0.066038 0.031847 0.000000 0.000000 0.000000 1.000000 0.018405 0.000000 0.342466 0.000000 0.000000 0.000000 0.000000 0.000000 0.008518 0.000000 0.000000 0.000000 0.000000 0.112782 0.016393 0.000000 0.017751 0.793548 0.000000 0.117647 0.000000 0.000000 0.000000 0.000000 0.018868 0.027027 0.148936 0.028902 0.017751 0.032028 0.016393 0.042654 0.018868 0.028302 0.027624 0.116022 0.000000 0.000000 0.000000 0.033708 0.233480 0.000000 0.128834 0.041667 0.000000 0.011976 0.000000 0.000000 0.000000 0.209302 0.017751 0.000000 0.010989 0.000000 0.024390 0.037500 0.000000 0.032362 0.022624 0.000000 0.000000 0.000000 0.342466 0.000000 0.008518 0.018405 0.155556 0.294118 0.047619 0.039548 0.066667 0.057325 0.483871 0.027027 0.000000 0.000000 0.000000 0.000000 0.000000 0.000000 0.000000 0.294118 0.000000 0.030303 0.009901 0.000000 0.000000 0.000000 0.059603 0.000000 0.018405 0.000000 0.044118 0.013245 0.488372 0.018405 0.029940 0.000000 0.000000 0.038298 0.052632 0.000000 0.013245 0.000000 0.112782 0.036585 0.033557 0.000000 0.000000 0.102941 0.000000 0.000000 0.000000 0.000000 0.000000 0.140496 0.028902 0.000000 0.044776 0.066667 0.000000 0.031847 0.342466 0.031847 0.145455 0.000000 0.017544 0.041667 0.031847 0.024631 0.028302 0.017751 0.009901 0.011976 0.024876 0.000000 0.048649 0.008518 0.000000 0.024631 0.000000 0.028169 0.000000 0.000000 0.000000 0.000000 0.000000 0.106719 0.000000 0.000000 0.037594 0.057325 0.000000 0.000000 0.000000 0.000000 0.036364 0.000000 0.722543 0.000000 0.069767 0.000000 0.059603 0.018405 0.000000 0.000000 0.000000 0.000000 0.059603 0.000000 0.000000 0.000000 0.000000 0.200000 0.000000 0.233480 0.000000 0.044118 0.000000 0.057325 0.000000 0.000000 0.455621 0.018405 0.000000 0.274262 0.027624 0.000000 0.000000 0.145946 0.000000 0.081081 0.059603 0.000000 0.000000 0.000000 0.061453 0.148936 0.053892 0.112782 0.483871 0.000000 0.000000 0.000000 0.000000 0.020408 0.000000 0.000000 0.090909 0.032028 0.000000 0.032787 0.044898 0.000000 0.044118 0.011905 0.000000 0.000000 0.000000 0.040541 0.000000 0.200000 0.000000 0.000000 0.039801 0.000000 0.000000 0.018405 0.000000 0.000000 0.000000 0.263158 0.148936 0.061224 0.145455 0.078838 0.000000 0.059603 0.082873 0.062069 0.000000 0.057325 0.000000 0.024155 0.000000 0.000000 0.034014 0.000000 0.200000 0.000000 0.058824 0.041667 0.033333 0.056604 0.000000 0.044118 0.000000 0.112782 0.000000 0.016393 0.000000 0.018405 0.000000 0.000000 0.034826 0.066667 0.000000
0.133531 0.000000 0.000000 0.724138 0.000000 0.000000 0.000000 0.018405 1.000000 0.000000 0.018405 0.000000 0.000000 0.000000 0.000000 0.000000 0.041221 0.000000 0.000000 0.000000 0.063830 0.040000 0.000000 0.000000 0.064516 0.023256 0.000000 0.176471 0.000000 0.000000 0.000000 0.000000 0.068182 0.207921 0.018987 0.094737 0.064516 0.015873 0.060000 0.052632 0.068182 0.034934 0.272727 0.015152 0.000000 0.037500 0.000000 0.063380 0.024590 0.000000 0.000000 0.018634 0.000000 0.048913 0.000000 0.032680 0.000000 0.068493 0.064516 0.000000 0.135678 0.000000 0.000000 0.016949 0.000000 0.034985 0.000000 0.000000 0.000000 0.000000 0.018405 0.000000 0.041221 0.200000 0.026316 0.035294 0.000000 0.185567 0.026316 0.172414 0.023256 0.207921 0.000000 0.000000 0.000000 0.053333 0.000000 0.000000 0.048193 0.035294 0.000000 0.000000 0.133531 0.000000 0.000000 0.000000 0.023810 0.000000 0.066667 0.000000 0.019608 0.053571 0.068493 0.066667 0.048913 0.000000 0.000000 0.047619 0.148936 0.000000 0.053571 0.000000 0.040000 0.016575 0.000000 0.000000 0.000000 0.019608 0.000000 0.000000 0.000000 0.000000 0.000000 0.000000 0.094737 0.082192 0.000000 0.000000 0.032609 0.310345 0.018405 0.103448 0.021978 0.000000 0.000000 0.018634 0.310345 0.081818 0.034934 0.064516 0.133531 0.048913 0.082569 0.000000 0.000000 0.041221 0.000000 0.081818 0.000000 0.000000 0.000000 0.000000 0.000000 0.000000 0.000000 0.081481 0.000000 0.000000 0.000000 0.103448 0.000000 0.000000 0.000000 0.000000 0.065934 0.000000 0.031579 0.000000 0.205479 0.000000 0.023810 0.200000 0.032609 0.082192 0.000000 0.000000 0.023810 0.031250 0.000000 0.000000 0.000000 0.024691 0.000000 0.024590 0.000000 0.019608 0.000000 0.172414 0.032609 0.000000 0.053763 0.066667 0.000000 0.023622 0.272727 0.000000 0.000000 0.000000 0.000000 0.029703 0.023810 0.000000 0.031250 0.000000 0.030612 0.018987 0.000000 0.040000 0.023256 0.000000 0.000000 0.000000 0.053333 0.000000 0.000000 0.000000 0.032967 0.015873 0.000000 0.045000 0.160305 0.044199 0.019608 0.048649 0.000000 0.000000 0.000000 0.018182 0.000000 0.024691 0.000000 0.000000 0.027523 0.000000 0.000000 0.200000 0.000000 0.000000 0.000000 0.040000 0.018987 0.068702 0.021978 0.116279 0.000000 0.023810 0.060606 0.555556 0.000000 0.172414 0.000000 0.080357 0.000000 0.000000 0.109756 0.064516 0.024691 0.000000 0.000000 0.018634 0.045685 0.022727 0.000000 0.019608 0.000000 0.040000 0.000000 0.060000 0.000000 0.066667 0.000000 0.000000 0.165138 0.026316 0.000000
0.000000 0.000000 0.000000 0.000000 0.000000 0.000000 0.000000 0.000000 0.000000 1.000000 0.000000 0.000000 0.000000 0.000000 0.000000 0.000000 0.000000 0.000000 0.000000 0.000000 0.000000 0.000000 0.000000 0.000000 0.000000 0.000000 0.000000 0.000000 0.000000 0.000000 0.000000 0.000000 0.000000 0.000000 0.000000 0.000000 0.000000 0.000000 0.000000 0.000000 0.000000 0.000000 0.000000 0.029240 0.000000 0.000000 0.000000 0.000000 0.000000 0.000000 0.000000 0.000000 0.000000 0.000000 0.000000 0.000000 0.000000 0.000000 0.000000 0.000000 0.000000 0.000000 0.000000 0.000000 0.113772 0.000000 0.000000 0.000000 0.102041 0.000000 0.000000 0.000000 0.000000 0.000000 0.000000 0.000000 0.000000 0.000000 0.000000 0.000000 0.000000 0.000000 0.000000 0.000000 0.000000 0.000000 0.000000 0.000000 0.000000 0.000000 0.000000 0.000000 0.000000 0.000000 0.000000 0.000000 0.000000 0.000000 0.000000 0.000000 0.000000 0.000000 0.000000 0.000000 0.000000 0.000000 0.000000 0.000000 0.000000 0.000000 0.000000 0.000000 0.000000 0.000000 0.000000 0.000000 0.000000 0.000000 0.000000 0.000000 0.000000 0.000000 0.000000 0.000000 0.000000 0.000000 0.000000 0.000000 0.057325 0.000000 0.000000 0.000000 0.000000 0.000000 0.000000 0.000000 0.000000 0.000000 0.000000 0.000000 0.000000 0.000000 0.000000 0.000000 0.062857 0.000000 0.000000 0.000000 0.000000 0.000000 0.000000 0.000000 0.000000 0.000000 0.000000 0.000000 0.000000 0.000000 0.000000 0.000000 0.000000 0.000000 0.153153 0.000000 0.000000 0.000000 0.000000 0.000000 0.000000 0.000000 0.000000 0.000000 0.121019 0.000000 0.000000 0.075630 0.000000 0.030303 0.000000 0.000000 0.000000 0.000000 0.000000 0.000000 0.000000 0.000000 0.000000 0.000000 0.000000 0.000000 0.000000 0.000000 0.000000 0.000000 0.000000 0.000000 0.000000 0.000000 0.000000 0.028571 0.000000 0.000000 0.066667 0.000000 0.000000 0.000000 0.000000 0.000000 0.000000 0.000000 0.000000 0.000000 0.000000 0.000000 0.000000 0.000000 0.000000 0.000000 0.000000 0.000000 0.000000 0.000000 0.000000 0.000000 0.000000 0.000000 0.000000 0.000000 0.000000 0.000000 0.000000 0.000000 0.000000 0.000000 0.000000 0.000000 0.000000 0.000000 0.000000 0.000000 0.000000 0.000000 0.000000 0.000000 0.000000 0.000000 0.000000 0.000000 0.000000 0.000000 0.000000 0.000000 0.000000 0.000000 0.000000 0.000000 0.000000 0.000000 0.000000 0.000000 0.000000 0.000000 0.000000 0.000000 0.000000 0.000000 0.000000 0.000000 0.000000 0.000000 0.000000 0.000000 0.000000 0.000000 0.000000
0.009901 0.000000 0.066038 0.031847 0.000000 0.000000 0.000000 0.342466 0.018405 0.000000 1.000000 0.000000 0.000000 0.000000 0.000000 0.000000 0.008518 0.000000 0.000000 0.000000 0.000000 0.112782 0.016393 0.000000 0.017751 0.483871 0.000000 0.117647 0.000000 0.000000 0.000000 0.000000 0.018868 0.027027 0.148936 0.028902 0.017751 0.032028 0.016393 0.042654 0.018868 0.028302 0.027624 0.116022 0.000000 0.000000 0.000000 0.033708 0.233480 0.000000 0.128834 0.041667 0.000000 0.011976 0.000000 0.000000 0.000000 0.209302 0.017751 0.000000 0.010989 0.000000 0.024390 0.037500 0.000000 0.032362 0.022624 0.000000 0.000000 0.000000 0.561644 0.000000 0.008518 0.018405 0.155556 0.294118 0.047619 0.039548 0.066667 0.057325 0.793548 0.027027 0.000000 0.000000 0.000000 0.000000 0.000000 0.000000 0.000000 0.294118 0.000000 0.030303 0.009901 0.000000 0.000000 0.000000 0.059603 0.000000 0.018405 0.000000 0.044118 0.013245 0.488372 0.018405 0.029940 0.000000 0.000000 0.038298 0.052632 0.000000 0.013245 0.000000 0.112782 0.036585 0.033557 0.000000 0.000000 0.102941 0.000000 0.000000 0.000000 0.000000 0.000000 0.140496 0.028902 0.000000 0.044776 0.066667 0.000000 0.031847 0.342466 0.031847 0.145455 0.000000 0.017544 0.041667 0.031847 0.024631 0.028302 0.017751 0.009901 0.011976 0.024876 0.000000 0.048649 0.008518 0.000000 0.024631 0.000000 0.028169 0.000000 0.000000 0.000000 0.000000 0.000000 0.106719 0.000000 0.000000 0.037594 0.057325 0.000000 0.000000 0.000000 0.000000 0.036364 0.000000 0.722543 0.000000 0.069767 0.000000 0.059603 0.018405 0.000000 0.000000 0.000000 0.000000 0.059603 0.000000 0.000000 0.000000 0.000000 0.200000 0.000000 0.233480 0.000000 0.044118 0.000000 0.057325 0.000000 0.000000 0.455621 0.018405 0.000000 0.274262 0.027624 0.000000 0.000000 0.145946 0.000000 0.081081 0.059603 0.000000 0.000000 0.000000 0.061453 0.148936 0.053892 0.112782 0.793548 0.000000 0.000000 0.000000 0.000000 0.020408 0.000000 0.000000 0.090909 0.032028 0.000000 0.032787 0.044898 0.000000 0.044118 0.011905 0.000000 0.000000 0.000000 0.040541 0.000000 0.200000 0.000000 0.000000 0.039801 0.000000 0.000000 0.018405 0.000000 0.000000 0.000000 0.263158 0.148936 0.061224 0.145455 0.078838 0.000000 0.059603 0.082873 0.062069 0.000000 0.057325 0.000000 0.024155 0.000000 0.000000 0.034014 0.000000 0.200000 0.000000 0.058824 0.041667 0.033333 0.056604 0.000000 0.044118 0.000000 0.112782 0.000000 0.016393 0.000000 0.018405 0.000000 0.000000 0.034826 0.066667 0.000000
0.000000 0.000000 0.000000 0.000000 0.000000 0.600000 0.000000 0.000000 0.000000 0.000000 0.000000 1.000000 0.000000 0.000000 0.000000 0.000000 0.114105 0.000000 0.000000 0.000000 0.000000 0.000000 0.144330 0.000000 0.000000 0.000000 0.000000 0.000000 0.000000 0.000000 0.000000 0.000000 0.211765 0.000000 0.000000 0.000000 0.000000 0.000000 0.061856 0.000000 0.211765 0.000000 0.000000 0.000000 0.257143 0.000000 0.000000 0.000000 0.000000 0.000000 0.275862 0.000000 0.000000 0.000000 0.000000 0.000000 0.000000 0.000000 0.000000 0.000000 0.000000 0.000000 0.000000 0.000000 0.000000 0.000000 0.000000 0.000000 0.071429 0.000000 0.000000 0.000000 0.114105 0.000000 0.000000 0.000000 0.000000 0.000000 0.000000 0.000000 0.000000 0.000000 0.000000 0.000000 0.000000 0.000000 0.000000 0.000000 0.000000 0.000000 0.000000 0.000000 0.000000 0.000000 0.542857 0.000000 0.000000 0.000000 0.000000 0.000000 0.000000 0.000000 0.000000 0.000000 0.000000 0.000000 0.000000 0.146341 0.000000 0.000000 0.000000 0.000000 0.000000 0.000000 0.125000 0.000000 0.000000 0.000000 0.000000 0.000000 0.000000 0.000000 0.000000 0.000000 0.000000 0.000000 0.000000 0.000000 0.000000 0.000000 0.000000 0.000000 0.000000 0.000000 0.065934 0.000000 0.000000 0.000000 0.000000 0.000000 0.000000 0.000000 0.000000 0.000000 0.000000 0.114105 0.000000 0.000000 0.000000 0.000000 0.000000 0.000000 0.000000 0.000000 0.000000 0.000000 0.000000 0.000000 0.000000 0.000000 0.000000 0.000000 0.000000 0.000000 0.000000 0.000000 0.000000 0.000000 0.000000 0.000000 0.000000 0.000000 0.000000 0.000000 0.000000 0.000000 0.000000 0.000000 0.000000 0.000000 0.103448 0.000000 0.000000 0.000000 0.000000 0.000000 0.192000 0.000000 0.000000 0.166667 0.000000 0.000000 0.000000 0.000000 0.000000 0.000000 0.000000 0.000000 0.000000 0.000000 0.000000 0.000000 0.000000 0.000000 0.000000 0.000000 0.000000 0.000000 0.000000 0.000000 0.000000 0.000000 0.000000 0.000000 0.000000 0.000000 0.000000 0.000000 0.000000 0.000000 0.000000 0.000000 0.000000 0.000000 0.000000 0.000000 0.000000 0.000000 0.000000 0.000000 0.000000 0.000000 0.000000 0.000000 0.000000 0.000000 0.000000 0.000000 0.000000 0.000000 0.000000 0.000000 0.000000 0.000000 0.000000 0.000000 0.000000 0.000000 0.230769 0.000000 0.000000 0.000000 0.000000 0.000000 0.000000 0.000000 0.000000 0.000000 0.000000 0.000000 0.000000 0.000000 0.166667 0.000000 0.000000 0.000000 0.000000 0.061856 0.000000 0.000000 0.000000 0.000000 0.000000 0.000000 0.000000
0.000000 0.000000 0.000000 0.000000 0.038217 0.000000 0.000000 0.000000 0.000000 0.000000 0.000000 0.000000 1.000000 0.378378 0.000000 0.000000 0.000000 0.000000 0.000000 0.153846 0.000000 0.000000 0.000000 0.150000 0.000000 0.000000 0.000000 0.000000 0.083333 0.000000 0.037975 0.101124 0.000000 0.000000 0.000000 0.000000 0.000000 0.000000 0.000000 0.000000 0.000000 0.000000 0.000000 0.000000 0.000000 0.000000 0.000000 0.000000 0.033058 0.049383 0.000000 0.000000 0.214286 0.000000 0.000000 0.000000 0.000000 0.000000 0.000000 0.000000 0.000000 0.341463 0.000000 0.000000 0.000000 0.000000 0.000000 0.044693 0.000000 0.000000 0.000000 0.000000 0.000000 0.000000 0.000000 0.000000 0.000000 0.000000 0.000000 0.000000 0.000000 0.000000 0.277228 0.000000 0.116883 0.000000 0.000000 0.049383 0.000000 0.000000 0.250000 0.000000 0.000000 0.000000 0.000000 0.000000 0.000000 0.049383 0.000000 0.000000 0.000000 0.000000 0.000000 0.000000 0.000000 0.000000 0.000000 0.000000 0.000000 0.000000 0.000000 0.083333 0.000000 0.000000 0.000000 0.000000 0.000000 0.000000 0.040000 0.000000 0.000000 0.000000 0.000000 0.000000 0.000000 0.000000 0.000000 0.000000 0.000000 0.000000 0.000000 0.000000 0.000000 0.000000 0.000000 0.000000 0.000000 0.000000 0.000000 0.000000 0.000000 0.000000 0.000000 0.000000 0.000000 0.000000 0.000000 0.000000 0.000000 0.000000 0.000000 0.000000 0.000000 0.209302 0.043011 0.000000 0.040000 0.318182 0.000000 0.000000 0.000000 0.000000 0.000000 0.000000 0.000000 0.153846 0.000000 0.069767 0.000000 0.000000 0.000000 0.000000 0.000000 0.000000 0.000000 0.000000 0.000000 0.000000 0.029963 0.000000 0.000000 0.000000 0.000000 0.033058 0.000000 0.000000 0.000000 0.000000 0.000000 0.000000 0.000000 0.000000 0.000000 0.031746 0.000000 0.000000 0.000000 0.040000 0.000000 0.000000 0.000000 0.000000 0.000000 0.000000 0.000000 0.000000 0.000000 0.000000 0.000000 0.000000 0.000000 0.083333 0.000000 0.000000 0.583333 0.000000 0.000000 0.000000 0.000000 0.000000 0.000000 0.000000 0.000000 0.000000 0.000000 0.000000 0.000000 0.000000 0.000000 0.000000 0.000000 0.378378 0.000000 0.101124 0.000000 0.000000 0.512195 0.000000 0.030769 0.000000 0.000000 0.000000 0.000000 0.000000 0.000000 0.000000 0.000000 0.000000 0.000000 0.000000 0.209302 0.000000 0.225000 0.000000 0.000000 0.000000 0.000000 0.000000 0.000000 0.000000 0.000000 0.000000 0.000000 0.000000 0.000000 0.000000 0.000000 0.000000 0.441176 0.000000 0.000000 0.000000 0.000000 0.000000 0.000000
0.000000 0.000000 0.000000 0.000000 0.046512 0.000000 0.000000 0.000000 0.000000 0.000000 0.000000 0.000000 0.378378 1.000000 0.000000 0.000000 0.000000 0.000000 0.000000 0.187500 0.000000 0.000000 0.000000 0.181818 0.000000 0.000000 0.000000 0.000000 0.103448 0.000000 0.046154 0.120000 0.000000 0.000000 0.000000 0.000000 0.000000 0.000000 0.000000 0.000000 0.000000 0.000000 0.000000 0.000000 0.000000 0.000000 0.000000 0.000000 0.037383 0.059701 0.000000 0.000000 0.257143 0.000000 0.000000 0.000000 0.000000 0.000000 0.000000 0.000000 0.000000 0.411765 0.000000 0.000000 0.000000 0.000000 0.000000 0.052980 0.000000 0.000000 0.000000 0.000000 0.000000 0.000000 0.000000 0.000000 0.000000 0.000000 0.000000 0.000000 0.000000 0.000000 0.321839 0.000000 0.142857 0.000000 0.000000 0.059701 0.000000 0.000000 0.310345 0.000000 0.000000 0.000000 0.000000 0.000000 0.000000 0.059701 0.000000 0.000000 0.000000 0.000000 0.000000 0.000000 0.000000 0.000000 0.000000 0.000000 0.000000 0.000000 0.000000 0.103448 0.000000 0.000000 0.000000 0.000000 0.000000 0.000000 0.049180 0.000000 0.000000 0.000000 0.000000 0.000000 0.000000 0.000000 0.000000 0.000000 0.000000 0.000000 0.000000 0.000000 0.000000 0.000000 0.000000 0.000000 0.000000 0.000000 0.000000 0.000000 0.000000 0.000000 0.000000 0.000000 0.000000 0.000000 0.000000 0.000000 0.000000 0.000000 0.000000 0.000000 0.000000 0.250000 0.050633 0.000000 0.049180 0.378378 0.000000 0.000000 0.000000 0.000000 0.000000 0.000000 0.000000 0.187500 0.000000 0.083333 0.000000 0.000000 0.000000 0.000000 0.000000 0.000000 0.000000 0.000000 0.000000 0.000000 0.033473 0.000000 0.000000 0.000000 0.000000 0.037383 0.000000 0.000000 0.000000 0.000000 0.000000 0.000000 0.000000 0.000000 0.000000 0.035714 0.000000 0.000000 0.000000 0.046512 0.000000 0.000000 0.000000 0.000000 0.000000 0.000000 0.000000 0.000000 0.000000 0.000000 0.000000 0.000000 0.000000 0.103448 0.000000 0.000000 0.724138 0.000000 0.000000 0.000000 0.000000 0.000000 0.000000 0.000000 0.000000 0.000000 0.000000 0.000000 0.000000 0.000000 0.000000 0.000000 0.000000 0.466667 0.000000 0.120000 0.000000 0.000000 0.176471 0.000000 0.037175 0.000000 0.000000 0.000000 0.000000 0.000000 0.000000 0.000000 0.000000 0.000000 0.000000 0.000000 0.250000 0.000000 0.272727 0.000000 0.000000 0.000000 0.000000 0.000000 0.000000 0.000000 0.000000 0.000000 0.000000 0.000000 0.000000 0.000000 0.000000 0.000000 0.555556 0.000000 0.000000 0.000000 0.000000 0.000000 0.000000
0.000000 0.000000 0.000000 0.000000 0.000000 0.000000 0.000000 0.000000 0.000000 0.000000 0.000000 0.000000 0.000000 0.000000 1.000000 0.000000 0.000000 0.000000 0.147059 0.000000 0.026087 0.000000 0.000000 0.000000 0.000000 0.000000 0.000000 0.000000 0.000000 0.000000 0.000000 0.000000 0.000000 0.000000 0.000000 0.000000 0.000000 0.000000 0.000000 0.000000 0.000000 0.000000 0.000000 0.000000 0.000000 0.000000 0.000000 0.000000 0.000000 0.000000 0.000000 0.000000 0.000000 0.000000 0.000000 0.000000 0.047244 0.000000 0.000000 0.000000 0.000000 0.000000 0.068182 0.000000 0.000000 0.000000 0.257143 0.000000 0.000000 0.119048 0.000000 0.000000 0.000000 0.000000 0.000000 0.000000 0.387097 0.000000 0.000000 0.000000 0.000000 0.000000 0.000000 0.000000 0.000000 0.000000 0.000000 0.000000 0.000000 0.000000 0.000000 0.000000 0.000000 0.000000 0.000000 0.000000 0.000000 0.000000 0.000000 0.000000 0.000000 0.000000 0.000000 0.000000 0.000000 0.211454 0.000000 0.000000 0.000000 0.073171 0.000000 0.000000 0.000000 0.000000 0.000000 0.000000 0.072289 0.000000 0.000000 0.000000 0.000000 0.027027 0.000000 0.000000 0.000000 0.000000 0.000000 0.000000 0.000000 0.000000 0.000000 0.000000 0.000000 0.000000 0.000000 0.000000 0.000000 0.000000 0.000000 0.000000 0.000000 0.000000 0.000000 0.133971 0.000000 0.000000 0.000000 0.000000 0.000000 0.000000 0.138889 0.086538 0.000000 0.000000 0.000000 0.000000 0.000000 0.000000 0.000000 0.000000 0.124444 0.000000 0.000000 0.000000 0.000000 0.000000 0.000000 0.000000 0.000000 0.189189 0.000000 0.000000 0.000000 0.000000 0.000000 0.000000 0.000000 0.000000 0.057878 0.000000 0.027027 0.000000 0.000000 0.000000 0.000000 0.000000 0.000000 0.000000 0.000000 0.000000 0.000000 0.000000 0.000000 0.000000 0.000000 0.000000 0.000000 0.000000 0.000000 0.000000 0.000000 0.000000 0.000000 0.000000 0.000000 0.000000 0.053097 0.000000 0.000000 0.059406 0.000000 0.000000 0.000000 0.000000 0.000000 0.452830 0.000000 0.000000 0.000000 0.000000 0.000000 0.000000 0.000000 0.000000 0.059211 0.000000 0.000000 0.000000 0.000000 0.000000 0.000000 0.000000 0.000000 0.000000 0.000000 0.000000 0.000000 0.115385 0.000000 0.000000 0.000000 0.000000 0.000000 0.000000 0.000000 0.000000 0.000000 0.000000 0.000000 0.000000 0.027778 0.000000 0.000000 0.000000 0.000000 0.000000 0.000000 0.062500 0.000000 0.000000 0.000000 0.000000 0.000000 0.000000 0.000000 0.000000 0.000000 0.000000 0.000000 0.000000 0.000000 0.000000 0.000000 0.000000 0.000000
0.000000 0.000000 0.000000 0.000000 0.000000 0.000000 0.000000 0.000000 0.000000 0.000000 0.000000 0.000000 0.000000 0.000000 0.000000 1.000000 0.000000 0.000000 0.000000 0.000000 0.000000 0.000000 0.000000 0.000000 0.000000 0.000000 0.000000 0.000000 0.000000 0.000000 0.000000 0.000000 0.000000 0.000000 0.000000 0.000000 0.000000 0.000000 0.000000 0.000000 0.000000 0.000000 0.000000 0.000000 0.000000 0.000000 0.000000 0.000000 0.000000 0.000000 0.000000 0.000000 0.000000 0.000000 0.000000 0.000000 0.000000 0.000000 0.000000 0.000000 0.000000 0.000000 0.000000 0.000000 0.000000 0.000000 0.086538 0.000000 0.000000 0.000000 0.000000 0.000000 0.000000 0.000000 0.000000 0.000000 0.000000 0.000000 0.000000 0.000000 0.000000 0.000000 0.000000 0.000000 0.000000 0.000000 0.000000 0.000000 0.000000 0.000000 0.000000 0.000000 0.000000 0.000000 0.000000 0.000000 0.000000 0.000000 0.000000 0.000000 0.000000 0.000000 0.000000 0.000000 0.000000 0.000000 0.000000 0.000000 0.000000 0.000000 0.000000 0.000000 0.000000 0.000000 0.000000 0.000000 0.000000 0.000000 0.000000 0.000000 0.000000 0.000000 0.000000 0.000000 0.000000 0.000000 0.000000 0.000000 0.000000 0.000000 0.000000 0.250000 0.000000 0.000000 0.000000 0.000000 0.000000 0.000000 0.000000 0.000000 0.000000 0.000000 0.000000 0.000000 0.000000 0.000000 0.000000 0.000000 0.000000 0.000000 0.000000 0.000000 0.000000 0.000000 0.000000 0.000000 0.000000 0.000000 0.000000 0.000000 0.000000 0.000000 0.000000 0.000000 0.000000 0.000000 0.000000 0.000000 0.000000 0.000000 0.000000 0.000000 0.000000 0.000000 0.000000 0.000000 0.000000 0.000000 0.150628 0.000000 0.000000 0.000000 0.000000 0.000000 0.000000 0.000000 0.000000 0.000000 0.000000 0.000000 0.000000 0.000000 0.000000 0.000000 0.000000 0.000000 0.000000 0.000000 0.000000 0.000000 0.000000 0.000000 0.000000 0.000000 0.000000 0.000000 0.000000 0.000000 0.000000 0.000000 0.000000 0.000000 0.000000 0.000000 0.000000 0.000000 0.000000 0.000000 0.000000 0.000000 0.000000 0.000000 0.000000 0.051613 0.000000 0.000000 0.000000 0.000000 0.000000 0.000000 0.000000 0.000000 0.000000 0.000000 0.000000 0.000000 0.000000 0.000000 0.000000 0.000000 0.000000 0.000000 0.000000 0.000000 0.000000 0.000000 0.000000 0.000000 0.000000 0.000000 0.000000 0.000000 0.000000 0.724138 0.000000 0.000000 0.000000 0.000000 0.000000 0.000000 0.000000 0.000000 0.000000 0.000000 0.000000 0.000000 0.000000 0.000000 0.000000 0.000000 0.000000 0.000000 0.000000 0.000000 0.000000
0.014778 0.000000 0.000000 0.080824 0.000000 0.231214 0.000000 0.008518 0.041221 0.000000 0.008518 0.114105 0.000000 0.000000 0.000000 0.000000 1.000000 0.000000 0.000000 0.000000 0.000000 0.031776 0.119728 0.000000 0.039764 0.014446 0.000000 0.160976 0.000000 0.000000 0.000000 0.000000 0.649452 0.068641 0.008818 0.073381 0.039764 0.005310 0.189116 0.031877 0.649452 0.012926 0.070151 0.006878 0.231214 0.000000 0.000000 0.047619 0.018661 0.000000 0.109924 0.008636 0.000000 0.022355 0.000000 0.000000 0.000000 0.063584 0.039764 0.000000 0.020520 0.000000 0.000000 0.007776 0.000000 0.027375 0.000000 0.000000 0.063391 0.000000 0.008518 0.000000 0.566102 0.041221 0.016575 0.027642 0.000000 0.037975 0.016575 0.156894 0.014446 0.068641 0.000000 0.000000 0.000000 0.000000 0.000000 0.000000 0.000000 0.027642 0.000000 0.000000 0.014778 0.000000 0.231214 0.000000 0.014827 0.000000 0.041221 0.000000 0.009141 0.024712 0.063584 0.041221 0.111773 0.000000 0.000000 0.440085 0.013100 0.000000 0.024712 0.000000 0.031776 0.007587 0.120200 0.000000 0.000000 0.009141 0.000000 0.000000 0.000000 0.000000 0.000000 0.000000 0.073381 0.000000 0.000000 0.000000 0.000000 0.080824 0.008518 0.080824 0.013575 0.000000 0.058224 0.008636 0.080824 0.062577 0.012926 0.039764 0.014778 0.022355 0.063197 0.000000 0.000000 1.000000 0.000000 0.062577 0.000000 0.000000 0.000000 0.000000 0.000000 0.000000 0.000000 0.066010 0.000000 0.000000 0.000000 0.052298 0.000000 0.000000 0.000000 0.000000 0.040724 0.000000 0.024460 0.000000 0.190751 0.000000 0.014827 0.041221 0.000000 0.000000 0.000000 0.000000 0.014827 0.000000 0.000000 0.000000 0.073282 0.015437 0.000000 0.018661 0.000000 0.009141 0.169252 0.156894 0.000000 0.134579 0.048601 0.041221 0.000000 0.017876 0.070151 0.000000 0.000000 0.000000 0.000000 0.022880 0.014827 0.000000 0.000000 0.000000 0.023644 0.008818 0.000000 0.031776 0.014446 0.000000 0.000000 0.000000 0.000000 0.000000 0.000000 0.000000 0.025641 0.005310 0.000000 0.020408 0.051882 0.000000 0.009141 0.022222 0.000000 0.000000 0.000000 0.008403 0.000000 0.015437 0.000000 0.000000 0.000000 0.000000 0.000000 0.041221 0.000000 0.000000 0.000000 0.031776 0.008818 0.051882 0.013575 0.102378 0.000000 0.014827 0.037139 0.169811 0.205832 0.156894 0.000000 0.061372 0.000000 0.000000 0.086294 0.000000 0.015437 0.000000 0.000000 0.008636 0.020747 0.014085 0.134579 0.009141 0.000000 0.031776 0.000000 0.189116 0.000000 0.041221 0.000000 0.000000 0.033457 0.016575 0.000000
0.000000 0.000000 0.000000 0.000000 0.000000 0.000000 0.000000 0.000000 0.000000 0.000000 0.000000 0.000000 0.000000 0.000000 0.000000 0.000000 0.000000 1.000000 0.000000 0.000000 0.000000 0.000000 0.000000 0.000000 0.000000 0.000000 0.103448 0.000000 0.000000 0.000000 0.000000 0.000000 0.000000 0.000000 0.000000 0.000000 0.000000 0.000000 0.000000 0.000000 0.000000 0.000000 0.000000 0.000000 0.000000 0.000000 0.000000 0.000000 0.000000 0.000000 0.000000 0.000000 0.000000 0.000000 0.000000 0.000000 0.000000 0.000000 0.000000 0.147541 0.000000 0.000000 0.000000 0.000000 0.000000 0.000000 0.000000 0.000000 0.000000 0.000000 0.000000 0.000000 0.000000 0.000000 0.000000 0.000000 0.000000 0.000000 0.000000 0.000000 0.000000 0.000000 0.000000 0.000000 0.000000 0.000000 0.000000 0.000000 0.000000 0.000000 0.000000 0.000000 0.000000 0.000000 0.000000 0.000000 0.000000 0.000000 0.000000 0.000000 0.000000 0.000000 0.000000 0.000000 0.000000 0.000000 0.000000 0.000000 0.000000 0.000000 0.000000 0.000000 0.000000 0.000000 0.000000 0.000000 0.000000 0.000000 0.000000 0.000000 0.000000 0.000000 0.000000 0.000000 0.000000 0.000000 0.000000 0.000000 0.000000 0.000000 0.000000 0.000000 0.000000 0.000000 0.000000 0.000000 0.000000 0.000000 0.000000 0.000000 0.000000 0.000000 0.000000 0.000000 0.000000 0.000000 0.000000 0.000000 0.000000 0.000000 0.000000 0.000000 0.000000 0.000000 0.000000 0.000000 0.000000 0.000000 0.000000 0.000000 0.000000 0.000000 0.000000 0.000000 0.000000 0.000000 0.000000 0.000000 0.000000 0.000000 0.000000 0.000000 0.000000 0.000000 0.000000 0.000000 0.000000 0.000000 0.000000 0.000000 0.000000 0.000000 0.000000 0.000000 0.000000 0.000000 0.000000 0.000000 0.000000 0.000000 0.000000 0.000000 0.000000 0.000000 0.000000 0.000000 0.000000 0.000000 0.000000 0.000000 0.000000 0.200000 0.000000 0.000000 0.000000 0.000000 0.000000 0.000000 0.000000 0.000000 0.066667 0.000000 0.000000 0.000000 0.000000 0.000000 0.000000 0.000000 0.000000 0.000000 0.000000 0.000000 0.000000 0.000000 0.034483 0.000000 0.185185 0.000000 0.050000 0.000000 0.000000 0.000000 0.000000 0.000000 0.000000 0.000000 0.000000 0.000000 0.000000 0.000000 0.000000 0.000000 0.000000 0.000000 0.000000 0.000000 0.000000 0.000000 0.000000 0.000000 0.000000 0.000000 0.000000 0.000000 0.000000 0.000000 0.000000 0.000000 0.000000 0.000000 0.000000 0.000000 0.000000 0.000000 0.103448 0.000000 0.000000 0.000000 0.000000 0.000000 0.000000 0.000000 0.000000 0.000000 0.000000
0.000000 0.000000 0.000000 0.000000 0.000000 0.000000 0.000000 0.000000 0.000000 0.000000 0.000000 0.000000 0.000000 0.000000 0.147059 0.000000 0.000000 0.000000 1.000000 0.000000 0.000000 0.000000 0.000000 0.000000 0.000000 0.000000 0.000000 0.000000 0.000000 0.000000 0.000000 0.000000 0.000000 0.000000 0.000000 0.000000 0.000000 0.000000 0.000000 0.000000 0.000000 0.000000 0.000000 0.000000 0.000000 0.000000 0.000000 0.000000 0.000000 0.000000 0.000000 0.000000 0.000000 0.000000 0.000000 0.000000 0.092784 0.000000 0.000000 0.000000 0.000000 0.000000 0.000000 0.000000 0.000000 0.000000 0.036364 0.000000 0.000000 0.125000 0.000000 0.000000 0.000000 0.000000 0.000000 0.000000 0.063830 0.000000 0.000000 0.000000 0.000000 0.000000 0.000000 0.000000 0.000000 0.000000 0.000000 0.000000 0.000000 0.000000 0.000000 0.000000 0.000000 0.000000 0.000000 0.000000 0.000000 0.000000 0.000000 0.000000 0.000000 0.000000 0.000000 0.000000 0.000000 0.101796 0.000000 0.000000 0.000000 0.000000 0.000000 0.000000 0.000000 0.000000 0.000000 0.000000 0.000000 0.000000 0.000000 0.000000 0.000000 0.049383 0.000000 0.000000 0.000000 0.000000 0.000000 0.000000 0.000000 0.000000 0.000000 0.000000 0.000000 0.000000 0.000000 0.000000 0.000000 0.000000 0.000000 0.000000 0.000000 0.000000 0.000000 0.040268 0.000000 0.000000 0.000000 0.000000 0.000000 0.000000 0.230769 0.162162 0.000000 0.000000 0.000000 0.000000 0.000000 0.000000 0.000000 0.000000 0.036364 0.000000 0.000000 0.000000 0.000000 0.000000 0.000000 0.000000 0.000000 0.049383 0.000000 0.000000 0.000000 0.000000 0.000000 0.000000 0.000000 0.000000 0.000000 0.000000 0.000000 0.000000 0.000000 0.000000 0.000000 0.000000 0.000000 0.000000 0.000000 0.000000 0.000000 0.000000 0.000000 0.000000 0.000000 0.000000 0.000000 0.000000 0.000000 0.000000 0.000000 0.000000 0.000000 0.000000 0.000000 0.000000 0.108434 0.000000 0.000000 0.126761 0.000000 0.000000 0.000000 0.000000 0.000000 0.078947 0.000000 0.000000 0.000000 0.000000 0.000000 0.000000 0.000000 0.000000 0.000000 0.000000 0.000000 0.000000 0.000000 0.000000 0.000000 0.000000 0.000000 0.000000 0.000000 0.000000 0.000000 0.040000 0.000000 0.000000 0.000000 0.000000 0.000000 0.000000 0.000000 0.000000 0.000000 0.000000 0.000000 0.000000 0.000000 0.000000 0.000000 0.000000 0.000000 0.000000 0.000000 0.181818 0.000000 0.000000 0.000000 0.000000 0.000000 0.000000 0.000000 0.000000 0.000000 0.000000 0.000000 0.000000 0.000000 0.000000 0.000000 0.000000 0.000000
0.000000 0.000000 0.000000 0.000000 0.131387 0.000000 0.000000 0.000000 0.000000 0.000000 0.000000 0.000000 0.153846 0.187500 0.000000 0.000000 0.000000 0.000000 0.000000 1.000000 0.000000 0.000000 0.000000 0.171429 0.000000 0.000000 0.000000 0.000000 0.290323 0.000000 0.130435 0.341772 0.000000 0.000000 0.000000 0.000000 0.000000 0.000000 0.000000 0.000000 0.000000 0.000000 0.000000 0.000000 0.000000 0.000000 0.000000 0.000000 0.108108 0.169014 0.000000 0.000000 0.243243 0.000000 0.000000 0.000000 0.000000 0.000000 0.000000 0.000000 0.000000 0.166667 0.000000 0.000000 0.000000 0.000000 0.000000 0.150943 0.000000 0.000000 0.000000 0.000000 0.000000 0.000000 0.000000 0.000000 0.000000 0.000000 0.000000 0.000000 0.000000 0.000000 0.395604 0.000000 0.761194 0.000000 0.000000 0.169014 0.000000 0.000000 0.290323 0.000000 0.000000 0.000000 0.000000 0.000000 0.000000 0.169014 0.000000 0.000000 0.000000 0.000000 0.000000 0.000000 0.000000 0.000000 0.000000 0.000000 0.000000 0.000000 0.000000 0.290323 0.000000 0.000000 0.000000 0.000000 0.000000 0.000000 0.138462 0.000000 0.000000 0.000000 0.000000 0.000000 0.000000 0.000000 0.000000 0.000000 0.000000 0.000000 0.000000 0.000000 0.000000 0.000000 0.000000 0.000000 0.000000 0.000000 0.000000 0.000000 0.000000 0.000000 0.000000 0.000000 0.000000 0.000000 0.000000 0.000000 0.000000 0.000000 0.000000 0.000000 0.000000 0.236842 0.144578 0.000000 0.138462 0.153846 0.000000 0.000000 0.000000 0.000000 0.000000 0.000000 0.000000 0.529412 0.000000 0.236842 0.000000 0.000000 0.000000 0.000000 0.000000 0.000000 0.000000 0.000000 0.000000 0.000000 0.097166 0.000000 0.000000 0.000000 0.000000 0.108108 0.000000 0.000000 0.000000 0.000000 0.000000 0.000000 0.000000 0.000000 0.000000 0.103448 0.000000 0.000000 0.000000 0.133333 0.000000 0.000000 0.000000 0.000000 0.000000 0.000000 0.000000 0.000000 0.000000 0.000000 0.000000 0.000000 0.000000 0.290323 0.000000 0.000000 0.290323 0.000000 0.000000 0.000000 0.000000 0.000000 0.000000 0.000000 0.000000 0.000000 0.000000 0.000000 0.000000 0.000000 0.000000 0.000000 0.000000 0.187500 0.000000 0.341772 0.000000 0.000000 0.166667 0.000000 0.105263 0.000000 0.000000 0.000000 0.000000 0.000000 0.000000 0.000000 0.000000 0.000000 0.000000 0.000000 0.236842 0.000000 0.771429 0.000000 0.000000 0.000000 0.000000 0.000000 0.000000 0.000000 0.000000 0.000000 0.000000 0.000000 0.000000 0.000000 0.000000 0.000000 0.517241 0.000000 0.000000 0.000000 0.000000 0.000000 0.000000
0.118980 0.000000 0.000000 0.087912 0.000000 0.000000 0.000000 0.000000 0.063830 0.000000 0.000000 0.000000 0.000000 0.000000 0.026087 0.000000 0.000000 0.000000 0.000000 0.000000 1.000000 0.000000 0.000000 0.000000 0.000000 0.000000 0.000000 0.000000 0.000000 0.000000 0.000000 0.000000 0.000000 0.104762 0.000000 0.000000 0.000000 0.000000 0.000000 0.000000 0.000000 0.000000 0.077670 0.000000 0.000000 0.166667 0.000000 0.000000 0.000000 0.000000 0.000000 0.000000 0.000000 0.000000 0.000000 0.229814 0.000000 0.000000 0.000000 0.000000 0.251208 0.000000 0.034783 0.000000 0.000000 0.000000 0.000000 0.000000 0.000000 0.027523 0.000000 0.000000 0.000000 0.117021 0.000000 0.000000 0.000000 0.059406 0.000000 0.000000 0.000000 0.104762 0.000000 0.000000 0.000000 0.075949 0.000000 0.000000 0.241379 0.000000 0.000000 0.000000 0.209632 0.000000 0.000000 0.000000 0.000000 0.000000 0.000000 0.000000 0.000000 0.000000 0.000000 0.000000 0.000000 0.000000 0.000000 0.000000 0.112245 0.113208 0.000000 0.000000 0.000000 0.000000 0.000000 0.000000 0.111628 0.000000 0.000000 0.000000 0.000000 0.000000 0.000000 0.000000 0.000000 0.103896 0.000000 0.000000 0.052083 0.087912 0.000000 0.000000 0.000000 0.000000 0.000000 0.000000 0.186813 0.000000 0.000000 0.000000 0.118980 0.000000 0.000000 0.045714 0.000000 0.000000 0.000000 0.000000 0.000000 0.000000 0.000000 0.000000 0.000000 0.000000 0.000000 0.000000 0.000000 0.000000 0.000000 0.120879 0.041885 0.000000 0.000000 0.000000 0.000000 0.000000 0.000000 0.000000 0.000000 0.063830 0.000000 0.117021 0.052083 0.103896 0.000000 0.000000 0.000000 0.050000 0.028881 0.000000 0.042553 0.000000 0.000000 0.000000 0.000000 0.000000 0.000000 0.000000 0.229167 0.000000 0.000000 0.000000 0.000000 0.000000 0.077670 0.000000 0.000000 0.000000 0.000000 0.000000 0.000000 0.000000 0.050000 0.000000 0.000000 0.000000 0.000000 0.000000 0.000000 0.000000 0.000000 0.000000 0.075949 0.000000 0.000000 0.000000 0.000000 0.000000 0.000000 0.000000 0.081481 0.063492 0.000000 0.000000 0.029630 0.000000 0.000000 0.000000 0.000000 0.000000 0.000000 0.000000 0.070796 0.000000 0.000000 0.117021 0.000000 0.035398 0.000000 0.000000 0.000000 0.000000 0.000000 0.000000 0.000000 0.000000 0.000000 0.141176 0.000000 0.000000 0.131868 0.000000 0.000000 0.000000 0.000000 0.082474 0.000000 0.000000 0.000000 0.000000 0.000000 0.000000 0.000000 0.000000 0.000000 0.000000 0.000000 0.000000 0.000000 0.000000 0.000000 0.000000 0.053097 0.000000 0.000000
0.032491 0.000000 0.000000 0.055556 0.000000 0.000000 0.000000 0.112782 0.040000 0.000000 0.112782 0.000000 0.000000 0.000000 0.000000 0.000000 0.031776 0.000000 0.000000 0.000000 0.000000 1.000000 0.000000 0.000000 0.038462 0.126761 0.000000 0.085714 0.000000 0.000000 0.000000 0.000000 0.041096 0.046512 0.117188 0.050000 0.038462 0.239216 0.035294 0.191919 0.041096 0.075377 0.047619 0.089286 0.000000 0.000000 0.000000 0.149606 0.112150 0.000000 0.000000 0.114504 0.000000 0.032468 0.000000 0.000000 0.000000 0.724138 0.038462 0.000000 0.029586 0.000000 0.000000 0.224490 0.000000 0.056537 0.000000 0.000000 0.000000 0.000000 0.112782 0.000000 0.031776 0.040000 0.147541 0.171429 0.000000 0.097561 0.147541 0.083333 0.126761 0.046512 0.000000 0.000000 0.000000 0.000000 0.000000 0.000000 0.000000 0.171429 0.000000 0.000000 0.032491 0.000000 0.000000 0.000000 0.130435 0.000000 0.040000 0.000000 0.121951 0.036232 0.310345 0.040000 0.090909 0.000000 0.000000 0.081081 0.113924 0.000000 0.036232 0.000000 0.200000 0.231788 0.000000 0.000000 0.000000 0.121951 0.000000 0.000000 0.000000 0.000000 0.000000 0.000000 0.050000 0.000000 0.000000 0.000000 0.000000 0.055556 0.112782 0.055556 0.118421 0.000000 0.000000 0.251908 0.055556 0.042105 0.075377 0.038462 0.032491 0.032468 0.042553 0.000000 0.000000 0.031776 0.000000 0.042105 0.000000 0.000000 0.000000 0.000000 0.000000 0.000000 0.000000 0.350000 0.000000 0.000000 0.000000 0.083333 0.000000 0.000000 0.000000 0.000000 0.039474 0.000000 0.150000 0.000000 0.103448 0.000000 0.275362 0.040000 0.000000 0.000000 0.000000 0.000000 0.130435 0.000000 0.000000 0.000000 0.000000 0.136364 0.000000 0.112150 0.000000 0.121951 0.000000 0.083333 0.000000 0.000000 0.230769 0.040000 0.000000 0.107143 0.047619 0.000000 0.000000 0.000000 0.000000 0.139535 0.130435 0.000000 0.000000 0.000000 0.265060 0.117188 0.000000 0.200000 0.126761 0.000000 0.000000 0.000000 0.000000 0.000000 0.000000 0.000000 0.289474 0.239216 0.000000 0.088235 0.086207 0.000000 0.121951 0.032258 0.000000 0.000000 0.000000 0.111111 0.000000 0.136364 0.000000 0.000000 0.000000 0.000000 0.000000 0.040000 0.000000 0.000000 0.000000 0.200000 0.117188 0.189655 0.118421 0.210526 0.000000 0.130435 0.142857 0.090909 0.000000 0.083333 0.000000 0.041237 0.000000 0.000000 0.059701 0.000000 0.136364 0.000000 0.000000 0.251908 0.089820 0.123288 0.000000 0.121951 0.000000 0.466667 0.000000 0.035294 0.000000 0.040000 0.000000 0.000000 0.085106 0.147541 0.000000
0.000000 0.000000 0.040161 0.000000 0.000000 0.240964 0.000000 0.016393 0.000000 0.000000 0.016393 0.144330 0.000000 0.000000 0.000000 0.000000 0.119728 0.000000 0.000000 0.000000 0.000000 0.000000 1.000000 0.000000 0.000000 0.020833 0.000000 0.000000 0.000000 0.000000 0.000000 0.000000 0.204082 0.000000 0.014045 0.000000 0.000000 0.000000 0.072727 0.000000 0.204082 0.000000 0.000000 0.011468 0.240964 0.000000 0.000000 0.000000 0.022727 0.000000 0.140000 0.000000 0.000000 0.000000 0.000000 0.000000 0.000000 0.000000 0.000000 0.000000 0.000000 0.000000 0.173554 0.000000 0.000000 0.000000 0.023256 0.000000 0.082474 0.000000 0.016393 0.000000 0.119728 0.000000 0.000000 0.021053 0.044248 0.000000 0.000000 0.000000 0.020833 0.000000 0.000000 0.000000 0.000000 0.000000 0.000000 0.000000 0.000000 0.021053 0.000000 0.029703 0.000000 0.000000 0.240964 0.000000 0.000000 0.000000 0.000000 0.000000 0.000000 0.000000 0.000000 0.000000 0.000000 0.000000 0.000000 0.147059 0.000000 0.000000 0.000000 0.000000 0.000000 0.000000 0.612903 0.000000 0.000000 0.000000 0.000000 0.000000 0.000000 0.000000 0.000000 0.113924 0.000000 0.000000 0.042017 0.000000 0.000000 0.000000 0.016393 0.000000 0.000000 0.000000 0.365385 0.000000 0.000000 0.000000 0.000000 0.000000 0.000000 0.000000 0.000000 0.000000 0.045045 0.119728 0.000000 0.000000 0.000000 0.027972 0.000000 0.000000 0.000000 0.000000 0.000000 0.000000 0.000000 0.000000 0.000000 0.000000 0.000000 0.000000 0.000000 0.000000 0.000000 0.000000 0.028571 0.000000 0.000000 0.000000 0.000000 0.000000 0.000000 0.000000 0.000000 0.000000 0.000000 0.000000 0.000000 0.000000 0.110000 0.016484 0.000000 0.022727 0.000000 0.000000 0.187354 0.000000 0.000000 0.164706 0.029126 0.000000 0.000000 0.021898 0.000000 0.000000 0.000000 0.000000 0.000000 0.000000 0.000000 0.000000 0.000000 0.000000 0.000000 0.014045 0.049020 0.000000 0.020833 0.000000 0.000000 0.000000 0.000000 0.021739 0.000000 0.000000 0.000000 0.000000 0.000000 0.000000 0.000000 0.000000 0.000000 0.000000 0.000000 0.000000 0.000000 0.000000 0.000000 0.016484 0.000000 0.000000 0.176471 0.000000 0.000000 0.000000 0.000000 0.000000 0.000000 0.000000 0.014045 0.000000 0.000000 0.000000 0.000000 0.000000 0.000000 0.000000 0.219780 0.000000 0.000000 0.000000 0.000000 0.000000 0.000000 0.000000 0.016484 0.000000 0.052632 0.000000 0.000000 0.000000 0.352941 0.000000 0.000000 0.000000 0.000000 0.072727 0.000000 0.000000 0.000000 0.000000 0.000000 0.000000 0.000000
0.000000 0.281250 0.071090 0.000000 0.042553 0.000000 0.000000 0.000000 0.000000 0.000000 0.000000 0.000000 0.150000 0.181818 0.000000 0.000000 0.000000 0.000000 0.000000 0.171429 0.000000 0.000000 0.000000 1.000000 0.000000 0.000000 0.000000 0.000000 0.093750 0.037037 0.042254 0.111111 0.000000 0.000000 0.000000 0.000000 0.000000 0.000000 0.000000 0.000000 0.000000 0.000000 0.000000 0.000000 0.000000 0.000000 0.000000 0.000000 0.035398 0.054795 0.000000 0.000000 0.789474 0.000000 0.000000 0.000000 0.000000 0.000000 0.000000 0.000000 0.000000 0.162162 0.000000 0.000000 0.000000 0.000000 0.000000 0.049080 0.000000 0.000000 0.000000 0.000000 0.000000 0.000000 0.000000 0.000000 0.000000 0.000000 0.000000 0.000000 0.000000 0.000000 0.225806 0.000000 0.130435 0.000000 0.000000 0.054795 0.000000 0.000000 0.281250 0.000000 0.000000 0.048780 0.000000 0.000000 0.000000 0.054795 0.000000 0.000000 0.000000 0.000000 0.000000 0.000000 0.000000 0.000000 0.000000 0.000000 0.000000 0.000000 0.000000 0.093750 0.000000 0.000000 0.000000 0.000000 0.000000 0.000000 0.044776 0.134328 0.000000 0.037037 0.093750 0.000000 0.000000 0.000000 0.000000 0.000000 0.000000 0.000000 0.000000 0.000000 0.000000 0.000000 0.000000 0.000000 0.000000 0.000000 0.000000 0.000000 0.000000 0.000000 0.000000 0.000000 0.000000 0.000000 0.000000 0.000000 0.000000 0.000000 0.000000 0.000000 0.000000 0.282051 0.047059 0.000000 0.044776 0.150000 0.000000 0.000000 0.000000 0.000000 0.000000 0.000000 0.000000 0.171429 0.000000 0.230769 0.000000 0.000000 0.000000 0.000000 0.000000 0.000000 0.000000 0.000000 0.000000 0.000000 0.031873 0.000000 0.000000 0.000000 0.000000 0.035398 0.000000 0.000000 0.000000 0.000000 0.000000 0.000000 0.000000 0.000000 0.000000 0.033898 0.000000 0.000000 0.000000 0.043478 0.000000 0.000000 0.000000 0.000000 0.000000 0.000000 0.000000 0.000000 0.000000 0.000000 0.000000 0.000000 0.000000 0.093750 0.000000 0.000000 0.281250 0.000000 0.000000 0.000000 0.281250 0.000000 0.000000 0.000000 0.000000 0.000000 0.000000 0.113924 0.000000 0.000000 0.000000 0.000000 0.113924 0.181818 0.000000 0.111111 0.000000 0.000000 0.162162 0.000000 0.034130 0.000000 0.000000 0.000000 0.000000 0.000000 0.000000 0.000000 0.000000 0.000000 0.000000 0.000000 0.230769 0.000000 0.250000 0.000000 0.000000 0.000000 0.000000 0.000000 0.000000 0.000000 0.000000 0.000000 0.000000 0.000000 0.000000 0.000000 0.000000 0.000000 0.500000 0.000000 0.000000 0.000000 0.000000 0.000000 0.000000
0.042980 0.000000 0.000000 0.100000 0.000000 0.000000 0.000000 0.017751 0.064516 0.000000 0.017751 0.000000 0.000000 0.000000 0.000000 0.000000 0.039764 0.000000 0.000000 0.000000 0.000000 0.038462 0.000000 0.000000 1.000000 0.022472 0.000000 0.170455 0.000000 0.000000 0.000000 0.000000 0.065934 0.086538 0.018293 0.091837 1.000000 0.015291 0.058252 0.051282 0.065934 0.123404 0.088235 0.014706 0.000000 0.000000 0.000000 0.062069 0.024000 0.000000 0.000000 0.017964 0.000000 0.157895 0.000000 0.000000 0.000000 0.065789 1.000000 0.000000 0.043902 0.000000 0.000000 0.016393 0.000000 0.076056 0.000000 0.000000 0.000000 0.000000 0.017751 0.038462 0.039764 0.064516 0.025316 0.034091 0.000000 0.060000 0.025316 0.166667 0.022472 0.086538 0.000000 0.167702 0.000000 0.000000 0.000000 0.000000 0.000000 0.034091 0.000000 0.000000 0.042980 0.000000 0.000000 0.000000 0.022989 0.000000 0.064516 0.000000 0.018868 0.172414 0.065789 0.064516 0.047368 0.000000 0.167702 0.046512 0.020619 0.000000 0.172414 0.000000 0.038462 0.016043 0.000000 0.037975 0.126761 0.018868 0.000000 0.000000 0.000000 0.000000 0.000000 0.000000 0.091837 0.000000 0.000000 0.000000 0.000000 0.100000 0.017751 0.100000 0.021277 0.000000 0.000000 0.017964 0.100000 0.079646 0.123404 0.500000 0.042980 0.157895 0.187500 0.000000 0.000000 0.039764 0.000000 0.079646 0.000000 0.112219 0.000000 0.000000 0.140187 0.000000 0.000000 0.166667 0.000000 0.000000 0.000000 0.055556 0.000000 0.000000 0.000000 0.000000 0.063830 0.000000 0.030612 0.000000 0.197368 0.000000 0.022989 0.064516 0.000000 0.000000 0.000000 0.000000 0.022989 0.000000 0.000000 0.167702 0.000000 0.023810 0.140187 0.024000 0.189474 0.018868 0.000000 0.166667 0.000000 0.000000 0.052083 0.193548 0.065789 0.023077 0.088235 0.000000 0.115385 0.000000 0.167702 0.028846 0.022989 0.000000 0.000000 0.037975 0.049505 0.018293 0.000000 0.038462 0.022472 0.000000 0.000000 0.000000 0.000000 0.000000 0.000000 0.000000 0.031915 0.015291 0.000000 0.349515 0.067164 0.000000 0.018868 0.047120 0.000000 0.000000 0.000000 0.017544 0.000000 0.023810 0.000000 0.000000 0.000000 0.000000 0.000000 0.064516 0.000000 0.000000 0.000000 0.038462 0.018293 0.067164 0.021277 0.113636 0.000000 0.022989 0.058824 0.178571 0.000000 0.166667 0.000000 0.200000 0.000000 0.000000 0.105882 0.000000 0.023810 0.000000 0.000000 0.017964 0.044335 0.021978 0.000000 0.018868 0.000000 0.038462 0.065789 0.058252 0.000000 0.193548 0.000000 0.000000 0.053571 0.025316 0.064516
0.015576 0.000000 0.072398 0.036145 0.000000 0.000000 0.000000 0.793548 0.023256 0.000000 0.483871 0.000000 0.000000 0.000000 0.000000 0.000000 0.014446 0.000000 0.000000 0.000000 0.000000 0.126761 0.020833 0.000000 0.022472 1.000000 0.000000 0.123457 0.000000 0.000000 0.000000 0.000000 0.023810 0.030928 0.226667 0.032967 0.022472 0.050167 0.020833 0.054545 0.023810 0.040724 0.031579 0.178947 0.000000 0.000000 0.000000 0.043478 0.271186 0.000000 0.162791 0.058824 0.000000 0.017045 0.000000 0.000000 0.000000 0.217391 0.022472 0.000000 0.015707 0.000000 0.028037 0.053254 0.000000 0.036697 0.026087 0.000000 0.000000 0.000000 0.483871 0.000000 0.014446 0.023256 0.194444 0.358025 0.050505 0.053763 0.083333 0.060241 0.609756 0.030928 0.000000 0.000000 0.000000 0.000000 0.000000 0.000000 0.000000 0.358025 0.000000 0.034483 0.015576 0.000000 0.000000 0.000000 0.075000 0.000000 0.023256 0.000000 0.062069 0.018750 0.507246 0.023256 0.045455 0.000000 0.000000 0.049180 0.066667 0.000000 0.018750 0.000000 0.126761 0.052023 0.037975 0.000000 0.000000 0.144828 0.000000 0.000000 0.000000 0.000000 0.000000 0.138462 0.032967 0.000000 0.047619 0.083333 0.000000 0.036145 0.483871 0.036145 0.183908 0.000000 0.022222 0.058824 0.036145 0.028302 0.040724 0.022472 0.015576 0.017045 0.028571 0.000000 0.051546 0.014446 0.000000 0.028302 0.000000 0.032172 0.000000 0.000000 0.000000 0.000000 0.000000 0.114504 0.000000 0.000000 0.042254 0.060241 0.000000 0.000000 0.000000 0.000000 0.045977 0.000000 0.824176 0.000000 0.072464 0.000000 0.075000 0.023256 0.000000 0.000000 0.000000 0.000000 0.075000 0.000000 0.000000 0.000000 0.000000 0.272727 0.000000 0.271186 0.000000 0.062069 0.000000 0.060241 0.000000 0.000000 0.505618 0.023256 0.000000 0.317073 0.031579 0.000000 0.000000 0.154639 0.000000 0.092784 0.075000 0.000000 0.000000 0.000000 0.074468 0.226667 0.056818 0.126761 0.609756 0.000000 0.000000 0.000000 0.000000 0.025641 0.000000 0.000000 0.103448 0.050167 0.000000 0.046875 0.055118 0.000000 0.062069 0.016949 0.000000 0.000000 0.000000 0.057325 0.000000 0.272727 0.000000 0.000000 0.047619 0.000000 0.000000 0.023256 0.000000 0.000000 0.000000 0.295775 0.226667 0.070866 0.183908 0.088000 0.000000 0.075000 0.094737 0.064935 0.000000 0.060241 0.000000 0.027778 0.000000 0.000000 0.038462 0.000000 0.272727 0.000000 0.061728 0.058824 0.047619 0.071429 0.000000 0.062069 0.000000 0.126761 0.000000 0.020833 0.000000 0.023256 0.000000 0.000000 0.047619 0.083333 0.000000
0.000000 0.000000 0.000000 0.000000 0.000000 0.000000 0.000000 0.000000 0.000000 0.000000 0.000000 0.000000 0.000000 0.000000 0.000000 0.000000 0.000000 0.103448 0.000000 0.000000 0.000000 0.000000 0.000000 0.000000 0.000000 0.000000 1.000000 0.000000 0.000000 0.000000 0.000000 0.000000 0.000000 0.000000 0.000000 0.000000 0.000000 0.000000 0.000000 0.000000 0.000000 0.000000 0.000000 0.000000 0.000000 0.000000 0.000000 0.000000 0.000000 0.000000 0.000000 0.000000 0.000000 0.000000 0.000000 0.000000 0.000000 0.000000 0.000000 0.084746 0.000000 0.000000 0.000000 0.000000 0.000000 0.000000 0.000000 0.000000 0.000000 0.000000 0.000000 0.000000 0.000000 0.000000 0.000000 0.000000 0.000000 0.000000 0.000000 0.000000 0.000000 0.000000 0.000000 0.000000 0.000000 0.000000 0.000000 0.000000 0.000000 0.000000 0.000000 0.000000 0.000000 0.000000 0.000000 0.000000 0.000000 0.000000 0.000000 0.000000 0.000000 0.000000 0.000000 0.000000 0.000000 0.000000 0.000000 0.000000 0.000000 0.000000 0.000000 0.000000 0.000000 0.000000 0.000000 0.000000 0.000000 0.000000 0.000000 0.000000 0.000000 0.000000 0.000000 0.000000 0.000000 0.000000 0.000000 0.000000 0.000000 0.000000 0.000000 0.000000 0.000000 0.000000 0.000000 0.000000 0.000000 0.000000 0.000000 0.000000 0.000000 0.000000 0.000000 0.000000 0.000000 0.000000 0.000000 0.000000 0.000000 0.000000 0.000000 0.000000 0.000000 0.000000 0.000000 0.000000 0.000000 0.000000 0.000000 0.000000 0.000000 0.000000 0.000000 0.000000 0.000000 0.000000 0.000000 0.000000 0.000000 0.000000 0.000000 0.000000 0.000000 0.000000 0.000000 0.000000 0.000000 0.000000 0.000000 0.000000 0.000000 0.000000 0.000000 0.000000 0.000000 0.000000 0.000000 0.000000 0.000000 0.000000 0.000000 0.000000 0.000000 0.000000 0.000000 0.000000 0.000000 0.000000 0.000000 0.000000 0.000000 0.103448 0.000000 0.000000 0.000000 0.000000 0.000000 0.000000 0.000000 0.000000 0.103448 0.000000 0.000000 0.000000 0.000000 0.000000 0.000000 0.000000 0.000000 0.000000 0.000000 0.000000 0.000000 0.000000 0.052632 0.000000 0.230769 0.000000 0.076923 0.000000 0.000000 0.000000 0.000000 0.000000 0.000000 0.000000 0.000000 0.000000 0.000000 0.000000 0.000000 0.000000 0.000000 0.000000 0.000000 0.000000 0.000000 0.000000 0.000000 0.000000 0.000000 0.000000 0.000000 0.000000 0.000000 0.000000 0.000000 0.000000 0.000000 0.000000 0.000000 0.000000 0.000000 0.000000 0.142857 0.000000 0.000000 0.000000 0.000000 0.000000 0.000000 0.000000 0.000000 0.000000 0.000000
0.160883 0.000000 0.164384 0.219512 0.000000 0.000000 0.000000 0.117647 0.176471 0.000000 0.117647 0.000000 0.000000 0.000000 0.000000 0.000000 0.160976 0.000000 0.000000 0.000000 0.000000 0.085714 0.000000 0.000000 0.170455 0.123457 0.000000 1.000000 0.000000 0.000000 0.000000 0.000000 0.180723 0.187500 0.118243 0.200000 0.170455 0.057627 0.157895 0.137615 0.180723 0.118721 0.191489 0.093085 0.000000 0.000000 0.000000 0.131387 0.179487 0.000000 0.058824 0.059603 0.000000 0.155172 0.000000 0.000000 0.000000 0.117647 0.170455 0.000000 0.142857 0.000000 0.000000 0.053892 0.000000 0.074303 0.000000 0.000000 0.000000 0.000000 0.117647 0.000000 0.160976 0.176471 0.070423 0.137500 0.000000 0.163043 0.070423 0.292683 0.123457 0.187500 0.000000 0.000000 0.000000 0.000000 0.000000 0.000000 0.000000 0.137500 0.000000 0.000000 0.160883 0.000000 0.000000 0.000000 0.063291 0.000000 0.176471 0.000000 0.062937 0.170886 0.117647 0.176471 0.155172 0.000000 0.000000 0.123967 0.056180 0.000000 0.170886 0.000000 0.085714 0.052632 0.000000 0.000000 0.000000 0.062937 0.000000 0.000000 0.000000 0.000000 0.000000 0.000000 0.200000 0.000000 0.000000 0.070423 0.000000 0.219512 0.117647 0.219512 0.232558 0.000000 0.000000 0.059603 0.219512 0.171429 0.118721 0.170455 0.160883 0.155172 0.173077 0.000000 0.000000 0.160976 0.000000 0.171429 0.000000 0.000000 0.000000 0.000000 0.000000 0.000000 0.000000 0.153846 0.000000 0.000000 0.257143 0.097561 0.000000 0.000000 0.000000 0.000000 0.581395 0.000000 0.133333 0.000000 0.352941 0.000000 0.063291 0.176471 0.000000 0.000000 0.000000 0.000000 0.063291 0.000000 0.000000 0.000000 0.000000 0.125000 0.000000 0.179487 0.000000 0.062937 0.000000 0.292683 0.000000 0.000000 0.159091 0.176471 0.000000 0.180328 0.191489 0.000000 0.000000 0.083333 0.000000 0.062500 0.063291 0.000000 0.000000 0.000000 0.064516 0.118243 0.000000 0.085714 0.123457 0.000000 0.000000 0.000000 0.000000 0.000000 0.000000 0.000000 0.069767 0.057627 0.000000 0.142105 0.142857 0.000000 0.062937 0.154286 0.000000 0.000000 0.000000 0.058065 0.000000 0.125000 0.000000 0.000000 0.144231 0.000000 0.000000 0.176471 0.000000 0.000000 0.000000 0.085714 0.118243 0.142857 0.232558 0.193548 0.000000 0.063291 0.159574 0.315789 0.000000 0.292683 0.000000 0.168224 0.000000 0.000000 0.233766 0.000000 0.125000 0.000000 0.000000 0.059603 0.144385 0.060241 0.000000 0.062937 0.000000 0.085714 0.000000 0.157895 0.000000 0.176471 0.000000 0.000000 0.144231 0.070423 0.000000
0.000000 0.000000 0.000000 0.000000 0.240000 0.000000 0.000000 0.000000 0.000000 0.000000 0.000000 0.000000 0.083333 0.103448 0.000000 0.000000 0.000000 0.000000 0.000000 0.290323 0.000000 0.000000 0.000000 0.093750 0.000000 0.000000 0.000000 0.000000 1.000000 0.000000 0.238095 0.205479 0.000000 0.000000 0.000000 0.000000 0.000000 0.000000 0.000000 0.000000 0.000000 0.000000 0.000000 0.000000 0.000000 0.000000 0.000000 0.000000 0.171429 0.276923 0.000000 0.000000 0.117647 0.000000 0.000000 0.000000 0.000000 0.000000 0.000000 0.000000 0.000000 0.090909 0.000000 0.000000 0.000000 0.000000 0.000000 0.244898 0.000000 0.000000 0.000000 0.000000 0.000000 0.000000 0.000000 0.000000 0.000000 0.000000 0.000000 0.000000 0.000000 0.000000 0.211765 0.000000 0.245902 0.000000 0.000000 0.276923 0.000000 0.000000 0.142857 0.000000 0.000000 0.000000 0.000000 0.000000 0.000000 0.276923 0.000000 0.000000 0.000000 0.000000 0.000000 0.000000 0.000000 0.000000 0.000000 0.000000 0.000000 0.000000 0.000000 0.428571 0.000000 0.000000 0.000000 0.000000 0.000000 0.000000 0.254237 0.000000 0.000000 0.000000 0.000000 0.000000 0.000000 0.000000 0.000000 0.000000 0.000000 0.000000 0.000000 0.000000 0.000000 0.000000 0.000000 0.000000 0.000000 0.000000 0.000000 0.000000 0.000000 0.000000 0.000000 0.000000 0.000000 0.000000 0.000000 0.000000 0.000000 0.000000 0.000000 0.000000 0.000000 0.114286 0.233766 0.000000 0.254237 0.083333 0.000000 0.000000 0.000000 0.000000 0.000000 0.000000 0.000000 0.290323 0.000000 0.342857 0.000000 0.000000 0.000000 0.000000 0.000000 0.000000 0.000000 0.000000 0.000000 0.000000 0.153191 0.000000 0.000000 0.000000 0.000000 0.171429 0.000000 0.000000 0.000000 0.000000 0.000000 0.000000 0.000000 0.000000 0.000000 0.163636 0.000000 0.000000 0.000000 0.214286 0.000000 0.000000 0.000000 0.000000 0.000000 0.000000 0.000000 0.000000 0.000000 0.000000 0.000000 0.000000 0.000000 0.428571 0.000000 0.000000 0.142857 0.000000 0.000000 0.000000 0.000000 0.000000 0.000000 0.000000 0.000000 0.000000 0.000000 0.000000 0.000000 0.000000 0.000000 0.000000 0.000000 0.103448 0.000000 0.205479 0.000000 0.000000 0.090909 0.000000 0.206897 0.000000 0.000000 0.000000 0.000000 0.000000 0.000000 0.000000 0.000000 0.000000 0.000000 0.000000 0.114286 0.000000 0.375000 0.000000 0.000000 0.000000 0.000000 0.000000 0.000000 0.000000 0.000000 0.000000 0.000000 0.000000 0.000000 0.000000 0.000000 0.000000 0.230769 0.000000 0.000000 0.000000 0.000000 0.000000 0.000000
0.000000 0.068493 0.039301 0.000000 0.031447 0.000000 0.000000 0.000000 0.000000 0.000000 0.000000 0.000000 0.000000 0.000000 0.000000 0.000000 0.000000 0.000000 0.000000 0.000000 0.000000 0.000000 0.000000 0.037037 0.000000 0.000000 0.000000 0.000000 0.000000 1.000000 0.000000 0.000000 0.000000 0.000000 0.000000 0.000000 0.000000 0.000000 0.000000 0.000000 0.000000 0.000000 0.000000 0.000000 0.000000 0.000000 0.000000 0.000000 0.000000 0.036585 0.000000 0.000000 0.058824 0.000000 0.070588 0.000000 0.113208 0.000000 0.000000 0.000000 0.000000 0.000000 0.000000 0.000000 0.000000 0.000000 0.000000 0.027624 0.000000 0.028571 0.000000 0.000000 0.000000 0.000000 0.000000 0.000000 0.000000 0.000000 0.000000 0.000000 0.000000 0.000000 0.019608 0.000000 0.000000 0.000000 0.064516 0.036585 0.000000 0.000000 0.000000 0.153846 0.000000 0.208791 0.000000 0.000000 0.000000 0.036585 0.000000 0.064516 0.000000 0.000000 0.000000 0.044444 0.000000 0.000000 0.000000 0.000000 0.000000 0.088235 0.000000 0.000000 0.000000 0.000000 0.000000 0.000000 0.000000 0.000000 0.000000 0.026316 0.036145 0.066667 0.068493 0.000000 0.000000 0.000000 0.000000 0.000000 0.000000 0.000000 0.000000 0.000000 0.000000 0.000000 0.000000 0.000000 0.000000 0.022727 0.000000 0.000000 0.000000 0.000000 0.000000 0.089820 0.000000 0.000000 0.053333 0.022727 0.000000 0.000000 0.000000 0.000000 0.000000 0.034483 0.000000 0.000000 0.000000 0.000000 0.000000 0.000000 0.081967 0.027624 0.000000 0.000000 0.000000 0.000000 0.000000 0.034483 0.000000 0.100000 0.000000 0.000000 0.000000 0.000000 0.000000 0.000000 0.000000 0.000000 0.000000 0.000000 0.000000 0.000000 0.000000 0.000000 0.000000 0.000000 0.000000 0.000000 0.000000 0.000000 0.000000 0.000000 0.000000 0.000000 0.000000 0.000000 0.000000 0.000000 0.000000 0.000000 0.000000 0.000000 0.000000 0.000000 0.000000 0.000000 0.000000 0.000000 0.000000 0.000000 0.000000 0.000000 0.000000 0.048780 0.000000 0.000000 0.000000 0.000000 0.068493 0.000000 0.000000 0.000000 0.000000 0.000000 0.030534 0.022727 0.000000 0.000000 0.042105 0.000000 0.022727 0.000000 0.000000 0.000000 0.000000 0.000000 0.000000 0.091743 0.027356 0.000000 0.000000 0.000000 0.000000 0.000000 0.029586 0.000000 0.030303 0.000000 0.000000 0.000000 0.000000 0.000000 0.000000 0.000000 0.000000 0.000000 0.000000 0.000000 0.000000 0.000000 0.000000 0.000000 0.000000 0.000000 0.000000 0.000000 0.000000 0.000000 0.000000 0.000000 0.000000 0.000000 0.000000 0.000000 0.000000
0.000000 0.000000 0.000000 0.000000 0.086331 0.000000 0.000000 0.000000 0.000000 0.000000 0.000000 0.000000 0.037975 0.046154 0.000000 0.000000 0.000000 0.000000 0.000000 0.130435 0.000000 0.000000 0.000000 0.042254 0.000000 0.000000 0.000000 0.000000 0.238095 0.000000 1.000000 0.075000 0.000000 0.000000 0.000000 0.000000 0.000000 0.000000 0.000000 0.000000 0.000000 0.000000 0.000000 0.000000 0.000000 0.000000 0.000000 0.000000 0.080357 0.125000 0.000000 0.000000 0.066667 0.000000 0.000000 0.000000 0.000000 0.000000 0.000000 0.000000 0.000000 0.041096 0.000000 0.000000 0.000000 0.000000 0.000000 0.260870 0.000000 0.000000 0.000000 0.000000 0.000000 0.000000 0.000000 0.000000 0.000000 0.000000 0.000000 0.000000 0.000000 0.000000 0.097826 0.000000 0.088235 0.000000 0.000000 0.125000 0.000000 0.000000 0.079365 0.000000 0.000000 0.000000 0.000000 0.000000 0.000000 0.125000 0.000000 0.000000 0.000000 0.000000 0.000000 0.000000 0.000000 0.000000 0.000000 0.000000 0.000000 0.000000 0.000000 0.238095 0.000000 0.000000 0.000000 0.000000 0.000000 0.000000 0.090909 0.000000 0.000000 0.000000 0.000000 0.000000 0.000000 0.000000 0.000000 0.000000 0.000000 0.000000 0.000000 0.000000 0.000000 0.000000 0.000000 0.000000 0.000000 0.000000 0.000000 0.000000 0.000000 0.000000 0.000000 0.000000 0.000000 0.000000 0.000000 0.000000 0.000000 0.000000 0.000000 0.000000 0.000000 0.064935 0.107143 0.000000 0.090909 0.037975 0.000000 0.000000 0.000000 0.000000 0.000000 0.000000 0.000000 0.130435 0.000000 0.194805 0.000000 0.000000 0.000000 0.000000 0.000000 0.000000 0.000000 0.000000 0.000000 0.000000 0.072289 0.000000 0.000000 0.000000 0.000000 0.080357 0.000000 0.000000 0.000000 0.000000 0.000000 0.000000 0.000000 0.000000 0.000000 0.076923 0.000000 0.000000 0.000000 0.098901 0.000000 0.000000 0.000000 0.000000 0.000000 0.000000 0.000000 0.000000 0.000000 0.000000 0.000000 0.000000 0.000000 0.238095 0.000000 0.000000 0.079365 0.000000 0.000000 0.000000 0.000000 0.000000 0.000000 0.000000 0.000000 0.000000 0.000000 0.000000 0.000000 0.000000 0.000000 0.000000 0.000000 0.046154 0.000000 0.075000 0.000000 0.000000 0.041096 0.000000 0.062284 0.000000 0.000000 0.000000 0.000000 0.000000 0.000000 0.000000 0.000000 0.000000 0.000000 0.000000 0.064935 0.000000 0.211268 0.000000 0.000000 0.000000 0.000000 0.000000 0.000000 0.000000 0.000000 0.000000 0.000000 0.000000 0.000000 0.000000 0.000000 0.000000 0.152542 0.000000 0.000000 0.000000 0.000000 0.000000 0.000000
0.000000 0.000000 0.000000 0.000000 0.075472 0.000000 0.000000 0.000000 0.000000 0.000000 0.000000 0.000000 0.101124 0.120000 0.000000 0.000000 0.000000 0.000000 0.000000 0.341772 0.000000 0.000000 0.000000 0.111111 0.000000 0.000000 0.000000 0.000000 0.205479 0.000000 0.075000 1.000000 0.000000 0.000000 0.000000 0.000000 0.000000 0.000000 0.000000 0.000000 0.000000 0.000000 0.000000 0.000000 0.000000 0.000000 0.000000 0.000000 0.073770 0.109756 0.000000 0.000000 0.176471 0.000000 0.000000 0.000000 0.000000 0.000000 0.000000 0.000000 0.000000 0.108434 0.000000 0.000000 0.000000 0.000000 0.000000 0.099448 0.000000 0.000000 0.000000 0.000000 0.000000 0.000000 0.000000 0.000000 0.000000 0.000000 0.000000 0.000000 0.000000 0.000000 0.264706 0.000000 0.230769 0.000000 0.000000 0.109756 0.000000 0.000000 0.205479 0.000000 0.000000 0.000000 0.000000 0.000000 0.000000 0.109756 0.000000 0.000000 0.000000 0.000000 0.000000 0.000000 0.000000 0.000000 0.000000 0.000000 0.000000 0.000000 0.000000 0.205479 0.000000 0.000000 0.000000 0.000000 0.000000 0.000000 0.394737 0.000000 0.000000 0.000000 0.000000 0.000000 0.000000 0.000000 0.000000 0.000000 0.000000 0.000000 0.000000 0.000000 0.000000 0.000000 0.000000 0.000000 0.000000 0.000000 0.000000 0.000000 0.000000 0.000000 0.000000 0.000000 0.000000 0.000000 0.000000 0.000000 0.000000 0.000000 0.000000 0.000000 0.000000 0.172414 0.095745 0.000000 0.394737 0.101124 0.000000 0.000000 0.000000 0.000000 0.000000 0.000000 0.000000 0.341772 0.000000 0.172414 0.000000 0.000000 0.000000 0.000000 0.000000 0.000000 0.000000 0.000000 0.000000 0.000000 0.066914 0.000000 0.000000 0.000000 0.000000 0.073770 0.000000 0.000000 0.000000 0.000000 0.000000 0.000000 0.000000 0.000000 0.000000 0.070866 0.000000 0.000000 0.000000 0.089109 0.000000 0.000000 0.000000 0.000000 0.000000 0.000000 0.000000 0.000000 0.000000 0.000000 0.000000 0.000000 0.000000 0.205479 0.000000 0.000000 0.205479 0.000000 0.000000 0.000000 0.000000 0.000000 0.000000 0.000000 0.000000 0.000000 0.000000 0.000000 0.000000 0.000000 0.000000 0.000000 0.000000 0.120000 0.000000 1.000000 0.000000 0.000000 0.108434 0.000000 0.054711 0.000000 0.000000 0.000000 0.000000 0.000000 0.000000 0.000000 0.000000 0.000000 0.000000 0.000000 0.172414 0.000000 0.555556 0.000000 0.000000 0.000000 0.000000 0.000000 0.000000 0.000000 0.000000 0.000000 0.000000 0.000000 0.000000 0.000000 0.000000 0.000000 0.391304 0.000000 0.000000 0.000000 0.000000 0.000000 0.000000
0.045593 0.000000 0.000000 0.105882 0.000000 0.338028 0.000000 0.018868 0.068182 0.000000 0.018868 0.211765 0.000000 0.000000 0.000000 0.000000 0.649452 0.000000 0.000000 0.000000 0.000000 0.041096 0.204082 0.000000 0.065934 0.023810 0.000000 0.180723 0.000000 0.000000 0.000000 0.000000 1.000000 0.090909 0.019481 0.096774 0.065934 0.016287 0.306122 0.053571 1.000000 0.035556 0.092784 0.015464 0.338028 0.000000 0.000000 0.064286 0.025000 0.000000 0.204545 0.019108 0.000000 0.050000 0.000000 0.000000 0.000000 0.070423 0.065934 0.000000 0.046154 0.000000 0.000000 0.017341 0.000000 0.035821 0.000000 0.000000 0.094118 0.000000 0.018868 0.000000 0.649452 0.068182 0.027027 0.036145 0.000000 0.063158 0.027027 0.176471 0.023810 0.090909 0.000000 0.000000 0.000000 0.000000 0.000000 0.000000 0.000000 0.036145 0.000000 0.000000 0.045593 0.000000 0.338028 0.000000 0.024390 0.000000 0.068182 0.000000 0.020134 0.054878 0.070423 0.068182 0.250000 0.000000 0.000000 0.693548 0.021739 0.000000 0.054878 0.000000 0.041096 0.016949 0.148148 0.000000 0.000000 0.020134 0.000000 0.000000 0.000000 0.000000 0.000000 0.000000 0.096774 0.000000 0.000000 0.000000 0.000000 0.105882 0.018868 0.105882 0.022472 0.000000 0.086957 0.019108 0.105882 0.083333 0.035556 0.065934 0.045593 0.050000 0.084112 0.000000 0.000000 0.649452 0.000000 0.083333 0.000000 0.000000 0.000000 0.000000 0.000000 0.000000 0.000000 0.082707 0.000000 0.000000 0.000000 0.058824 0.000000 0.000000 0.000000 0.000000 0.067416 0.000000 0.032258 0.000000 0.211268 0.000000 0.024390 0.068182 0.000000 0.000000 0.000000 0.000000 0.024390 0.000000 0.000000 0.000000 0.170455 0.025316 0.000000 0.025000 0.000000 0.020134 0.253298 0.176471 0.000000 0.246575 0.054945 0.068182 0.000000 0.024000 0.092784 0.000000 0.000000 0.000000 0.000000 0.030303 0.024390 0.000000 0.000000 0.000000 0.031250 0.019481 0.000000 0.041096 0.023810 0.000000 0.000000 0.000000 0.000000 0.000000 0.000000 0.000000 0.033708 0.016287 0.000000 0.045918 0.069767 0.000000 0.020134 0.049724 0.000000 0.000000 0.000000 0.018634 0.000000 0.025316 0.000000 0.000000 0.000000 0.000000 0.000000 0.068182 0.000000 0.000000 0.000000 0.041096 0.019481 0.069767 0.022472 0.118110 0.000000 0.024390 0.061856 0.189873 0.303797 0.176471 0.000000 0.081818 0.000000 0.000000 0.112500 0.000000 0.025316 0.000000 0.000000 0.019108 0.046632 0.023256 0.246575 0.020134 0.000000 0.041096 0.000000 0.306122 0.000000 0.068182 0.000000 0.000000 0.056075 0.027027 0.000000
0.307087 0.000000 0.000000 0.306122 0.000000 0.000000 0.000000 0.027027 0.207921 0.000000 0.027027 0.000000 0.000000 0.000000 0.000000 0.000000 0.068641 0.000000 0.000000 0.000000 0.104762 0.046512 0.000000 0.000000 0.086538 0.030928 0.000000 0.187500 0.000000 0.000000 0.000000 0.000000 0.090909 1.000000 0.027778 0.264151 0.086538 0.025070 0.189189 0.072000 0.090909 0.055777 0.272727 0.022727 0.000000 0.098901 0.000000 0.183007 0.030075 0.000000 0.000000 0.027322 0.000000 0.072816 0.000000 0.085714 0.000000 0.071429 0.086538 0.000000 0.312217 0.000000 0.000000 0.025126 0.000000 0.041344 0.000000 0.000000 0.000000 0.000000 0.027027 0.000000 0.068641 0.445545 0.034483 0.041667 0.000000 0.194444 0.034483 0.183673 0.030928 1.000000 0.000000 0.000000 0.000000 0.046512 0.000000 0.000000 0.127660 0.041667 0.000000 0.000000 0.307087 0.000000 0.000000 0.000000 0.031579 0.000000 0.089109 0.000000 0.028571 0.078947 0.071429 0.089109 0.072816 0.000000 0.000000 0.065693 0.371429 0.000000 0.078947 0.000000 0.046512 0.024631 0.000000 0.000000 0.000000 0.028571 0.000000 0.000000 0.000000 0.000000 0.000000 0.000000 0.264151 0.071429 0.000000 0.000000 0.029126 0.306122 0.027027 0.285714 0.029412 0.000000 0.000000 0.027322 0.673469 0.099174 0.055777 0.086538 0.307087 0.072816 0.100000 0.000000 0.000000 0.068641 0.000000 0.099174 0.000000 0.000000 0.000000 0.000000 0.000000 0.000000 0.000000 0.095890 0.000000 0.000000 0.000000 0.346939 0.000000 0.000000 0.000000 0.000000 0.088235 0.000000 0.037736 0.000000 0.500000 0.000000 0.031579 0.445545 0.029126 0.071429 0.000000 0.000000 0.031579 0.028037 0.000000 0.000000 0.000000 0.032609 0.000000 0.030075 0.000000 0.028571 0.000000 0.183673 0.087379 0.000000 0.057692 0.089109 0.000000 0.028986 0.272727 0.000000 0.000000 0.000000 0.000000 0.035714 0.031579 0.000000 0.028037 0.000000 0.036697 0.027778 0.000000 0.046512 0.030928 0.000000 0.000000 0.000000 0.046512 0.000000 0.000000 0.000000 0.039216 0.025070 0.000000 0.067568 0.788732 0.039409 0.028571 0.169082 0.000000 0.000000 0.000000 0.026738 0.000000 0.032609 0.000000 0.000000 0.175000 0.000000 0.000000 0.445545 0.000000 0.000000 0.000000 0.046512 0.027778 0.084507 0.029412 0.128571 0.000000 0.031579 0.081818 0.521739 0.000000 0.183673 0.000000 0.097561 0.000000 0.000000 0.129032 0.057692 0.032609 0.000000 0.000000 0.027322 0.068493 0.030303 0.000000 0.028571 0.000000 0.046512 0.000000 0.189189 0.000000 0.089109 0.000000 0.000000 0.175000 0.034483 0.000000
0.010239 0.000000 0.062802 0.032895 0.000000 0.000000 0.000000 0.148936 0.018987 0.000000 0.148936 0.000000 0.000000 0.000000 0.000000 0.000000 0.008818 0.000000 0.000000 0.000000 0.000000 0.117188 0.014045 0.000000 0.018293 0.226667 0.000000 0.118243 0.000000 0.000000 0.000000 0.000000 0.019481 0.027778 1.000000 0.029762 0.018293 0.033210 0.016854 0.043689 0.019481 0.028986 0.028409 0.227273 0.000000 0.000000 0.000000 0.034351 0.220721 0.000000 0.110759 0.043165 0.000000 0.012346 0.000000 0.000000 0.000000 0.217742 0.018293 0.000000 0.011299 0.000000 0.022500 0.038710 0.000000 0.033445 0.020833 0.000000 0.000000 0.000000 0.148936 0.000000 0.008818 0.018987 0.069231 0.675676 0.046196 0.040698 0.069231 0.059211 0.226667 0.027778 0.000000 0.000000 0.000000 0.000000 0.000000 0.000000 0.000000 0.405405 0.000000 0.028125 0.010239 0.000000 0.000000 0.000000 0.061644 0.000000 0.018987 0.000000 0.045802 0.013699 0.217742 0.018987 0.030864 0.000000 0.000000 0.039130 0.054217 0.000000 0.013699 0.000000 0.117188 0.037736 0.031250 0.000000 0.000000 0.045802 0.000000 0.000000 0.000000 0.000000 0.000000 0.142241 0.029762 0.000000 0.043367 0.057692 0.000000 0.032895 0.148936 0.032895 0.071875 0.000000 0.015060 0.043165 0.032895 0.025253 0.028986 0.018293 0.010239 0.012346 0.025510 0.000000 0.047222 0.008818 0.000000 0.025253 0.000000 0.026087 0.000000 0.000000 0.000000 0.000000 0.000000 0.108871 0.000000 0.000000 0.035156 0.059211 0.000000 0.000000 0.000000 0.000000 0.034375 0.000000 0.357143 0.000000 0.072581 0.000000 0.061644 0.018987 0.000000 0.000000 0.000000 0.000000 0.061644 0.000000 0.000000 0.000000 0.000000 0.428571 0.000000 0.220721 0.000000 0.045802 0.000000 0.059211 0.000000 0.000000 0.658537 0.018987 0.000000 0.258621 0.028409 0.000000 0.000000 0.141667 0.000000 0.083333 0.061644 0.000000 0.000000 0.000000 0.063218 0.294118 0.052469 0.117188 0.226667 0.000000 0.000000 0.000000 0.000000 0.017606 0.000000 0.000000 0.093750 0.033210 0.000000 0.033708 0.045833 0.000000 0.045802 0.012270 0.000000 0.000000 0.000000 0.041958 0.000000 0.428571 0.000000 0.000000 0.035714 0.000000 0.000000 0.018987 0.000000 0.000000 0.000000 0.117188 0.294118 0.062500 0.071875 0.080508 0.000000 0.061644 0.085227 0.064286 0.000000 0.059211 0.000000 0.024752 0.000000 0.000000 0.035211 0.000000 0.771429 0.000000 0.057432 0.043165 0.034286 0.058442 0.000000 0.045802 0.000000 0.117188 0.000000 0.016854 0.000000 0.018987 0.000000 0.000000 0.035714 0.069231 0.000000
0.075630 0.000000 0.000000 0.130435 0.000000 0.000000 0.000000 0.028902 0.094737 0.000000 0.028902 0.000000 0.000000 0.000000 0.000000 0.000000 0.073381 0.000000 0.000000 0.000000 0.000000 0.050000 0.000000 0.000000 0.091837 0.032967 0.000000 0.200000 0.000000 0.000000 0.000000 0.000000 0.096774 0.264151 0.029762 1.000000 0.091837 0.026866 0.200000 0.075630 0.096774 0.100418 0.346154 0.024038 0.000000 0.000000 0.000000 0.680272 0.031496 0.000000 0.000000 0.029240 0.000000 0.077320 0.000000 0.000000 0.000000 0.076923 0.091837 0.000000 0.071770 0.000000 0.000000 0.026738 0.000000 0.099174 0.000000 0.000000 0.000000 0.000000 0.028902 0.000000 0.073381 0.094737 0.037037 0.044444 0.000000 0.088235 0.037037 0.195652 0.032967 0.264151 0.000000 0.000000 0.000000 0.000000 0.000000 0.000000 0.000000 0.044444 0.000000 0.000000 0.075630 0.000000 0.000000 0.000000 0.033708 0.000000 0.284211 0.000000 0.030675 0.084270 0.076923 0.094737 0.077320 0.000000 0.000000 0.068702 0.030303 0.000000 0.084270 0.000000 0.050000 0.026178 0.000000 0.000000 0.000000 0.030675 0.000000 0.000000 0.000000 0.000000 0.000000 0.000000 1.000000 0.000000 0.157895 0.000000 0.000000 0.130435 0.028902 0.304348 0.031250 0.000000 0.000000 0.029240 0.130435 0.313043 0.100418 0.091837 0.075630 0.077320 0.315789 0.000000 0.000000 0.073381 0.000000 0.313043 0.000000 0.000000 0.000000 0.136364 0.000000 0.000000 0.050505 0.271429 0.000000 0.063830 0.000000 0.065217 0.000000 0.000000 0.000000 0.000000 0.093750 0.000000 0.040000 0.000000 0.538462 0.000000 0.033708 0.094737 0.000000 0.000000 0.000000 0.000000 0.033708 0.000000 0.000000 0.000000 0.000000 0.034884 0.000000 0.031496 0.061856 0.030675 0.000000 0.195652 0.000000 0.000000 0.061224 0.094737 0.000000 0.030303 0.346154 0.000000 0.000000 0.000000 0.000000 0.037736 0.033708 0.000000 0.000000 0.000000 0.038835 0.029762 0.082474 0.050000 0.032967 0.094118 0.000000 0.000000 0.000000 0.000000 0.000000 0.000000 0.041667 0.026866 0.000000 0.071429 0.205882 0.000000 0.030675 0.179487 0.000000 0.000000 0.000000 0.028571 0.000000 0.034884 0.000000 0.000000 0.000000 0.000000 0.000000 0.094737 0.000000 0.000000 0.000000 0.050000 0.029762 0.088235 0.031250 0.134328 0.000000 0.033708 0.086538 0.209302 0.000000 0.195652 0.000000 0.307692 0.000000 0.000000 0.137931 0.000000 0.034884 0.000000 0.000000 0.029240 0.217391 0.032258 0.000000 0.030675 0.000000 0.050000 0.000000 0.200000 0.000000 0.094737 0.000000 0.000000 0.236842 0.037037 0.000000
0.042980 0.000000 0.000000 0.100000 0.000000 0.000000 0.000000 0.017751 0.064516 0.000000 0.017751 0.000000 0.000000 0.000000 0.000000 0.000000 0.039764 0.000000 0.000000 0.000000 0.000000 0.038462 0.000000 0.000000 1.000000 0.022472 0.000000 0.170455 0.000000 0.000000 0.000000 0.000000 0.065934 0.086538 0.018293 0.091837 1.000000 0.015291 0.058252 0.051282 0.065934 0.123404 0.088235 0.014706 0.000000 0.000000 0.000000 0.062069 0.024000 0.000000 0.000000 0.017964 0.000000 0.157895 0.000000 0.000000 0.000000 0.065789 1.000000 0.000000 0.043902 0.000000 0.000000 0.016393 0.000000 0.076056 0.000000 0.000000 0.000000 0.000000 0.017751 0.038462 0.039764 0.064516 0.025316 0.034091 0.000000 0.060000 0.025316 0.166667 0.022472 0.086538 0.000000 0.167702 0.000000 0.000000 0.000000 0.000000 0.000000 0.034091 0.000000 0.000000 0.042980 0.000000 0.000000 0.000000 0.022989 0.000000 0.064516 0.000000 0.018868 0.172414 0.065789 0.064516 0.047368 0.000000 0.167702 0.046512 0.020619 0.000000 0.172414 0.000000 0.038462 0.016043 0.000000 0.037975 0.126761 0.018868 0.000000 0.000000 0.000000 0.000000 0.000000 0.000000 0.091837 0.000000 0.000000 0.000000 0.000000 0.100000 0.017751 0.100000 0.021277 0.000000 0.000000 0.017964 0.100000 0.079646 0.123404 0.500000 0.042980 0.157895 0.187500 0.000000 0.000000 0.039764 0.000000 0.079646 0.000000 0.112219 0.000000 0.000000 0.140187 0.000000 0.000000 0.166667 0.000000 0.000000 0.000000 0.055556 0.000000 0.000000 0.000000 0.000000 0.063830 0.000000 0.030612 0.000000 0.197368 0.000000 0.022989 0.064516 0.000000 0.000000 0.000000 0.000000 0.022989 0.000000 0.000000 0.167702 0.000000 0.023810 0.140187 0.024000 0.189474 0.018868 0.000000 0.166667 0.000000 0.000000 0.052083 0.193548 0.065789 0.023077 0.088235 0.000000 0.115385 0.000000 0.167702 0.028846 0.022989 0.000000 0.000000 0.037975 0.049505 0.018293 0.000000 0.038462 0.022472 0.000000 0.000000 0.000000 0.000000 0.000000 0.000000 0.000000 0.031915 0.015291 0.000000 0.349515 0.067164 0.000000 0.018868 0.047120 0.000000 0.000000 0.000000 0.017544 0.000000 0.023810 0.000000 0.000000 0.000000 0.000000 0.000000 0.064516 0.000000 0.000000 0.000000 0.038462 0.018293 0.067164 0.021277 0.113636 0.000000 0.022989 0.058824 0.178571 0.000000 0.166667 0.000000 0.200000 0.000000 0.000000 0.105882 0.000000 0.023810 0.000000 0.000000 0.017964 0.044335 0.021978 0.000000 0.018868 0.000000 0.038462 0.065789 0.058252 0.000000 0.193548 0.000000 0.000000 0.053571 0.025316 0.064516
0.006849 0.000000 0.000000 0.029703 0.000000 0.000000 0.000000 0.032028 0.015873 0.000000 0.032028 0.000000 0.000000 0.000000 0.000000 0.000000 0.005310 0.000000 0.000000 0.000000 0.000000 0.239216 0.000000 0.000000 0.015291 0.050167 0.000000 0.057627 0.000000 0.000000 0.000000 0.000000 0.016287 0.025070 0.033210 0.026866 0.015291 1.000000 0.014085 0.279805 0.016287 0.050847 0.025641 0.025641 0.000000 0.000000 0.000000 0.128107 0.060948 0.000000 0.000000 0.032491 0.000000 0.009288 0.000000 0.000000 0.000000 0.473684 0.015291 0.000000 0.008499 0.000000 0.000000 0.378641 0.000000 0.030201 0.000000 0.000000 0.000000 0.000000 0.032028 0.000000 0.005310 0.015873 0.057915 0.091525 0.000000 0.067055 0.057915 0.056106 0.050167 0.025070 0.000000 0.000000 0.000000 0.000000 0.000000 0.000000 0.000000 0.091525 0.000000 0.000000 0.006849 0.000000 0.000000 0.000000 0.051546 0.000000 0.015873 0.000000 0.080460 0.010309 0.206478 0.015873 0.021672 0.000000 0.000000 0.076253 0.045317 0.000000 0.010309 0.000000 0.105882 0.154574 0.000000 0.000000 0.000000 0.034483 0.000000 0.000000 0.000000 0.000000 0.000000 0.000000 0.026866 0.000000 0.000000 0.000000 0.000000 0.029703 0.032028 0.029703 0.047022 0.000000 0.000000 0.422383 0.029703 0.022785 0.050847 0.015291 0.006849 0.009288 0.023018 0.000000 0.000000 0.005310 0.000000 0.022785 0.000000 0.000000 0.000000 0.000000 0.000000 0.000000 0.000000 0.236364 0.000000 0.000000 0.000000 0.056106 0.000000 0.000000 0.000000 0.000000 0.015674 0.000000 0.080597 0.000000 0.068826 0.000000 0.670103 0.015873 0.000000 0.000000 0.000000 0.000000 0.120275 0.000000 0.000000 0.000000 0.000000 0.053763 0.000000 0.060948 0.000000 0.080460 0.000000 0.056106 0.000000 0.000000 0.155963 0.015873 0.000000 0.058315 0.025641 0.000000 0.000000 0.000000 0.000000 0.075209 0.051546 0.000000 0.000000 0.000000 0.141210 0.033210 0.000000 0.105882 0.050167 0.000000 0.000000 0.000000 0.000000 0.000000 0.000000 0.000000 0.210031 0.170370 0.000000 0.059155 0.081420 0.000000 0.080460 0.009231 0.000000 0.000000 0.000000 0.031579 0.000000 0.053763 0.000000 0.000000 0.000000 0.000000 0.000000 0.015873 0.000000 0.000000 0.000000 0.105882 0.033210 0.139875 0.047022 0.159236 0.000000 0.120275 0.173789 0.060932 0.000000 0.056106 0.000000 0.022333 0.000000 0.000000 0.031802 0.000000 0.053763 0.000000 0.000000 0.768953 0.060172 0.048860 0.000000 0.080460 0.000000 0.239216 0.000000 0.014085 0.000000 0.015873 0.000000 0.000000 0.058824 0.135135 0.000000
0.039788 0.000000 0.000000 0.092784 0.000000 0.096386 0.000000 0.016393 0.060000 0.000000 0.016393 0.061856 0.000000 0.000000 0.000000 0.000000 0.189116 0.000000 0.000000 0.000000 0.000000 0.035294 0.072727 0.000000 0.058252 0.020833 0.000000 0.157895 0.000000 0.000000 0.000000 0.000000 0.306122 0.189189 0.016854 0.200000 0.058252 0.014085 1.000000 0.048387 0.306122 0.032129 0.082569 0.013761 0.096386 0.000000 0.000000 0.138158 0.022727 0.000000 0.060000 0.016575 0.000000 0.044118 0.000000 0.000000 0.000000 0.060241 0.058252 0.000000 0.041096 0.000000 0.000000 0.015228 0.000000 0.031332 0.000000 0.000000 0.082474 0.000000 0.016393 0.000000 0.189116 0.060000 0.023256 0.031579 0.000000 0.056075 0.023256 0.154639 0.020833 0.189189 0.000000 0.000000 0.000000 0.000000 0.000000 0.000000 0.000000 0.031579 0.000000 0.000000 0.039788 0.000000 0.096386 0.000000 0.021277 0.000000 0.060000 0.000000 0.017341 0.047872 0.060241 0.060000 0.161765 0.000000 0.000000 0.220588 0.019231 0.000000 0.047872 0.000000 0.035294 0.014925 0.129032 0.000000 0.000000 0.017341 0.000000 0.000000 0.000000 0.000000 0.000000 0.000000 0.200000 0.000000 0.000000 0.000000 0.000000 0.092784 0.016393 0.216495 0.019802 0.000000 0.134615 0.016575 0.092784 0.075000 0.032129 0.058252 0.039788 0.044118 0.075630 0.000000 0.000000 0.189116 0.000000 0.075000 0.000000 0.000000 0.000000 0.000000 0.000000 0.000000 0.000000 0.075862 0.000000 0.000000 0.000000 0.051546 0.000000 0.000000 0.000000 0.000000 0.059406 0.000000 0.028571 0.000000 0.421687 0.000000 0.021277 0.060000 0.000000 0.000000 0.000000 0.000000 0.021277 0.000000 0.000000 0.000000 0.050000 0.021978 0.000000 0.022727 0.000000 0.017341 0.074941 0.154639 0.000000 0.070588 0.048544 0.060000 0.000000 0.021898 0.082569 0.000000 0.000000 0.000000 0.000000 0.027027 0.021277 0.000000 0.000000 0.000000 0.027778 0.016854 0.000000 0.035294 0.020833 0.000000 0.000000 0.000000 0.000000 0.000000 0.000000 0.000000 0.029703 0.014085 0.000000 0.040909 0.148936 0.000000 0.017341 0.278049 0.000000 0.000000 0.000000 0.016216 0.000000 0.021978 0.000000 0.000000 0.000000 0.000000 0.000000 0.060000 0.000000 0.000000 0.000000 0.035294 0.016854 0.063830 0.019802 0.107914 0.000000 0.021277 0.055046 0.164835 0.087912 0.154639 0.000000 0.073770 0.000000 0.000000 0.097826 0.000000 0.021978 0.000000 0.000000 0.016575 0.041475 0.020408 0.070588 0.017341 0.000000 0.035294 0.000000 1.000000 0.000000 0.060000 0.000000 0.000000 0.050420 0.023256 0.000000
0.034642 0.000000 0.000000 0.081081 0.000000 0.000000 0.000000 0.042654 0.052632 0.000000 0.042654 0.000000 0.000000 0.000000 0.000000 0.000000 0.031877 0.000000 0.000000 0.000000 0.000000 0.191919 0.000000 0.000000 0.051282 0.054545 0.000000 0.137615 0.000000 0.000000 0.000000 0.000000 0.053571 0.072000 0.043689 0.075630 0.051282 0.279805 0.048387 1.000000 0.053571 0.093863 0.073171 0.036585 0.000000 0.000000 0.000000 0.204819 0.061644 0.000000 0.000000 0.043062 0.000000 0.038793 0.000000 0.000000 0.000000 0.340206 0.051282 0.000000 0.036437 0.000000 0.000000 0.306667 0.000000 0.027335 0.041958 0.000000 0.000000 0.000000 0.042654 0.000000 0.031877 0.052632 0.060000 0.082569 0.000000 0.123967 0.060000 0.135135 0.054545 0.072000 0.000000 0.000000 0.000000 0.000000 0.000000 0.000000 0.000000 0.082569 0.000000 0.000000 0.034642 0.000000 0.000000 0.000000 0.055556 0.000000 0.052632 0.000000 0.104478 0.041667 0.154639 0.052632 0.060345 0.000000 0.000000 0.120000 0.050847 0.000000 0.041667 0.000000 0.090909 0.179039 0.000000 0.000000 0.000000 0.044776 0.000000 0.000000 0.000000 0.000000 0.000000 0.000000 0.075630 0.000000 0.045113 0.000000 0.000000 0.081081 0.042654 0.081081 0.052174 0.082474 0.000000 0.330144 0.081081 0.067164 0.093863 0.051282 0.034642 0.038793 0.067669 0.000000 0.000000 0.031877 0.000000 0.067164 0.000000 0.000000 0.000000 0.000000 0.000000 0.000000 0.169492 0.245283 0.000000 0.000000 0.000000 0.045045 0.000000 0.000000 0.000000 0.141414 0.052174 0.000000 0.075630 0.000000 0.154639 0.000000 0.425926 0.052632 0.000000 0.000000 0.000000 0.000000 0.129630 0.000000 0.028391 0.000000 0.000000 0.057143 0.000000 0.061644 0.000000 0.104478 0.000000 0.135135 0.000000 0.000000 0.128205 0.052632 0.000000 0.059603 0.073171 0.000000 0.000000 0.000000 0.000000 0.072000 0.055556 0.000000 0.000000 0.000000 0.155738 0.043689 0.000000 0.090909 0.054545 0.000000 0.000000 0.000000 0.000000 0.000000 0.000000 0.000000 0.217391 0.279805 0.000000 0.108871 0.135484 0.000000 0.104478 0.038627 0.000000 0.000000 0.000000 0.042254 0.000000 0.057143 0.178571 0.000000 0.000000 0.000000 0.000000 0.052632 0.000000 0.000000 0.000000 0.090909 0.043689 0.329032 0.052174 0.241830 0.000000 0.129630 0.178862 0.142857 0.000000 0.135135 0.000000 0.066176 0.000000 0.000000 0.084906 0.000000 0.057143 0.000000 0.000000 0.330144 0.110204 0.053571 0.000000 0.104478 0.000000 0.191919 0.000000 0.048387 0.000000 0.052632 0.082474 0.342857 0.112782 0.140000 0.000000
0.045593 0.000000 0.000000 0.105882 0.000000 0.338028 0.000000 0.018868 0.068182 0.000000 0.018868 0.211765 0.000000 0.000000 0.000000 0.000000 0.649452 0.000000 0.000000 0.000000 0.000000 0.041096 0.204082 0.000000 0.065934 0.023810 0.000000 0.180723 0.000000 0.000000 0.000000 0.000000 1.000000 0.090909 0.019481 0.096774 0.065934 0.016287 0.306122 0.053571 1.000000 0.035556 0.092784 0.015464 0.338028 0.000000 0.000000 0.064286 0.025000 0.000000 0.204545 0.019108 0.000000 0.050000 0.000000 0.000000 0.000000 0.070423 0.065934 0.000000 0.046154 0.000000 0.000000 0.017341 0.000000 0.035821 0.000000 0.000000 0.094118 0.000000 0.018868 0.000000 0.649452 0.068182 0.027027 0.036145 0.000000 0.063158 0.027027 0.176471 0.023810 0.090909 0.000000 0.000000 0.000000 0.000000 0.000000 0.000000 0.000000 0.036145 0.000000 0.000000 0.045593 0.000000 0.338028 0.000000 0.024390 0.000000 0.068182 0.000000 0.020134 0.054878 0.070423 0.068182 0.250000 0.000000 0.000000 0.693548 0.021739 0.000000 0.054878 0.000000 0.041096 0.016949 0.148148 0.000000 0.000000 0.020134 0.000000 0.000000 0.000000 0.000000 0.000000 0.000000 0.096774 0.000000 0.000000 0.000000 0.000000 0.105882 0.018868 0.105882 0.022472 0.000000 0.086957 0.019108 0.105882 0.083333 0.035556 0.065934 0.045593 0.050000 0.084112 0.000000 0.000000 0.649452 0.000000 0.083333 0.000000 0.000000 0.000000 0.000000 0.000000 0.000000 0.000000 0.082707 0.000000 0.000000 0.000000 0.058824 0.000000 0.000000 0.000000 0.000000 0.067416 0.000000 0.032258 0.000000 0.211268 0.000000 0.024390 0.068182 0.000000 0.000000 0.000000 0.000000 0.024390 0.000000 0.000000 0.000000 0.170455 0.025316 0.000000 0.025000 0.000000 0.020134 0.253298 0.176471 0.000000 0.246575 0.054945 0.068182 0.000000 0.024000 0.092784 0.000000 0.000000 0.000000 0.000000 0.030303 0.024390 0.000000 0.000000 0.000000 0.031250 0.019481 0.000000 0.041096 0.023810 0.000000 0.000000 0.000000 0.000000 0.000000 0.000000 0.000000 0.033708 0.016287 0.000000 0.045918 0.069767 0.000000 0.020134 0.049724 0.000000 0.000000 0.000000 0.018634 0.000000 0.025316 0.000000 0.000000 0.000000 0.000000 0.000000 0.068182 0.000000 0.000000 0.000000 0.041096 0.019481 0.069767 0.022472 0.118110 0.000000 0.024390 0.061856 0.189873 0.303797 0.176471 0.000000 0.081818 0.000000 0.000000 0.112500 0.000000 0.025316 0.000000 0.000000 0.019108 0.046632 0.023256 0.246575 0.020134 0.000000 0.041096 0.000000 0.306122 0.000000 0.068182 0.000000 0.000000 0.056075 0.027027 0.000000
0.016092 0.000000 0.000000 0.062780 0.000000 0.000000 0.000000 0.028302 0.034934 0.000000 0.028302 0.000000 0.000000 0.000000 0.000000 0.000000 0.012926 0.000000 0.000000 0.000000 0.000000 0.075377 0.000000 0.000000 0.123404 0.040724 0.000000 0.118721 0.000000 0.000000 0.000000 0.000000 0.035556 0.055777 0.028986 0.100418 0.123404 0.050847 0.032129 0.093863 0.035556 1.000000 0.097166 0.024291 0.000000 0.000000 0.000000 0.252252 0.051195 0.000000 0.000000 0.028571 0.000000 0.278970 0.000000 0.000000 0.000000 0.138462 0.123404 0.000000 0.020161 0.000000 0.000000 0.061947 0.000000 0.224490 0.000000 0.000000 0.000000 0.000000 0.028302 0.025126 0.012926 0.034934 0.044776 0.068493 0.000000 0.279835 0.044776 0.116592 0.040724 0.055777 0.000000 0.029412 0.000000 0.000000 0.000000 0.000000 0.000000 0.068493 0.000000 0.000000 0.016092 0.000000 0.000000 0.000000 0.041475 0.000000 0.061135 0.000000 0.306931 0.520737 0.138462 0.034934 0.034335 0.000000 0.029412 0.086379 0.037975 0.000000 0.520737 0.000000 0.075377 0.026087 0.000000 0.000000 0.023438 0.029703 0.000000 0.000000 0.000000 0.000000 0.000000 0.000000 0.100418 0.000000 0.022472 0.000000 0.000000 0.062780 0.028302 0.062780 0.038961 0.000000 0.000000 0.066667 0.062780 0.089219 1.000000 0.123404 0.016092 0.278970 0.179775 0.000000 0.000000 0.012926 0.000000 0.089219 0.000000 0.018480 0.000000 0.083721 0.022113 0.000000 0.016878 0.219436 0.000000 0.026432 0.000000 0.040359 0.000000 0.000000 0.000000 0.000000 0.034632 0.000000 0.062762 0.000000 0.133333 0.000000 0.096774 0.034934 0.000000 0.000000 0.000000 0.000000 0.207373 0.000000 0.000000 0.029412 0.000000 0.042654 0.022113 0.051195 0.064378 0.306931 0.000000 0.116592 0.000000 0.000000 0.114894 0.087336 0.046154 0.049505 0.097166 0.000000 0.165829 0.000000 0.029412 0.059761 0.041475 0.000000 0.000000 0.000000 0.285714 0.028986 0.042918 0.075377 0.040724 0.047847 0.000000 0.000000 0.000000 0.000000 0.000000 0.000000 0.064935 0.050847 0.000000 0.317269 0.334405 0.000000 0.306931 0.021368 0.000000 0.000000 0.000000 0.028037 0.000000 0.042654 0.000000 0.000000 0.000000 0.000000 0.000000 0.034934 0.000000 0.000000 0.000000 0.075377 0.028986 0.077170 0.038961 0.117264 0.000000 0.207373 0.072874 0.123223 0.000000 0.116592 0.000000 0.626374 0.000000 0.000000 0.065728 0.000000 0.042654 0.000000 0.000000 0.066667 0.280488 0.040000 0.000000 0.306931 0.000000 0.075377 0.046154 0.032129 0.000000 0.087336 0.000000 0.000000 0.232210 0.223881 0.170306
0.217158 0.000000 0.000000 0.375000 0.000000 0.000000 0.000000 0.027624 0.272727 0.000000 0.027624 0.000000 0.000000 0.000000 0.000000 0.000000 0.070151 0.000000 0.000000 0.000000 0.077670 0.047619 0.000000 0.000000 0.088235 0.031579 0.000000 0.191489 0.000000 0.000000 0.000000 0.000000 0.092784 0.272727 0.028409 0.346154 0.088235 0.025641 0.082569 0.073171 0.092784 0.097166 1.000000 0.023148 0.000000 0.056180 0.000000 0.238411 0.030534 0.000000 0.000000 0.027933 0.000000 0.074257 0.000000 0.052632 0.000000 0.073171 0.088235 0.000000 0.207373 0.000000 0.000000 0.025641 0.000000 0.094987 0.000000 0.000000 0.000000 0.000000 0.027624 0.000000 0.070151 0.272727 0.035294 0.042553 0.000000 0.254717 0.035294 0.187500 0.031579 0.272727 0.000000 0.000000 0.000000 0.071429 0.000000 0.000000 0.065217 0.042553 0.000000 0.000000 0.217158 0.000000 0.000000 0.000000 0.032258 0.000000 0.272727 0.000000 0.029240 0.080645 0.073171 0.090909 0.074257 0.000000 0.000000 0.066667 0.203883 0.000000 0.080645 0.000000 0.047619 0.025126 0.000000 0.000000 0.000000 0.029240 0.000000 0.000000 0.000000 0.000000 0.000000 0.000000 0.346154 0.097561 0.050847 0.000000 0.049505 0.375000 0.027624 0.125000 0.030000 0.000000 0.000000 0.027933 0.375000 0.302521 0.097166 0.088235 0.217158 0.074257 0.305085 0.000000 0.000000 0.070151 0.000000 0.302521 0.000000 0.000000 0.000000 0.130435 0.000000 0.000000 0.048544 0.263889 0.000000 0.061224 0.000000 0.125000 0.000000 0.000000 0.000000 0.000000 0.090000 0.000000 0.038462 0.000000 0.219512 0.000000 0.032258 0.272727 0.049505 0.097561 0.000000 0.000000 0.032258 0.047619 0.000000 0.000000 0.000000 0.033333 0.000000 0.030534 0.059406 0.029240 0.000000 0.187500 0.049505 0.000000 0.058824 0.090909 0.000000 0.029412 1.000000 0.000000 0.000000 0.000000 0.000000 0.036364 0.032258 0.000000 0.047619 0.000000 0.037383 0.028409 0.079208 0.047619 0.031579 0.089888 0.000000 0.000000 0.071429 0.000000 0.000000 0.000000 0.040000 0.025641 0.000000 0.068807 0.214286 0.060302 0.029240 0.073892 0.000000 0.000000 0.000000 0.027322 0.000000 0.033333 0.000000 0.000000 0.042373 0.000000 0.000000 0.272727 0.000000 0.000000 0.000000 0.047619 0.028409 0.085714 0.030000 0.130435 0.000000 0.032258 0.083333 0.600000 0.000000 0.187500 0.000000 0.297521 0.000000 0.000000 0.131868 0.078431 0.033333 0.000000 0.000000 0.027933 0.209302 0.030928 0.000000 0.029240 0.000000 0.047619 0.000000 0.082569 0.000000 0.090909 0.000000 0.000000 0.686441 0.035294 0.000000
0.008043 0.000000 0.052632 0.026042 0.000000 0.000000 0.000000 0.116022 0.015152 0.029240 0.116022 0.000000 0.000000 0.000000 0.000000 0.000000 0.006878 0.000000 0.000000 0.000000 0.000000 0.089286 0.011468 0.000000 0.014706 0.178947 0.000000 0.093085 0.000000 0.000000 0.000000 0.000000 0.015464 0.022727 0.227273 0.024038 0.014706 0.025641 0.013761 0.036585 0.015464 0.024291 0.023148 1.000000 0.000000 0.000000 0.000000 0.029801 0.187023 0.000000 0.088384 0.033520 0.000000 0.009901 0.000000 0.000000 0.000000 0.164634 0.014706 0.000000 0.009217 0.000000 0.018750 0.030769 0.056604 0.026385 0.017578 0.000000 0.041667 0.000000 0.116022 0.000000 0.006878 0.015152 0.052941 0.531915 0.037946 0.033019 0.052941 0.046875 0.178947 0.022727 0.000000 0.000000 0.000000 0.000000 0.000000 0.000000 0.000000 0.319149 0.000000 0.022500 0.008043 0.000000 0.000000 0.000000 0.048387 0.000000 0.015152 0.000000 0.035088 0.010753 0.164634 0.015152 0.024752 0.000000 0.000000 0.033333 0.043689 0.000000 0.010753 0.000000 0.089286 0.030151 0.024457 0.000000 0.000000 0.035088 0.000000 0.000000 0.000000 0.000000 0.000000 0.105769 0.024038 0.000000 0.036017 0.044118 0.118812 0.026042 0.116022 0.026042 0.057500 0.000000 0.012136 0.033520 0.026042 0.021008 0.024291 0.014706 0.008043 0.009901 0.021186 0.000000 0.075000 0.006878 0.000000 0.021008 0.000000 0.021176 0.000000 0.000000 0.000000 0.000000 0.000000 0.093750 0.000000 0.000000 0.026786 0.046875 0.000000 0.000000 0.128205 0.000000 0.027500 0.000000 0.288462 0.000000 0.054878 0.000000 0.048387 0.015152 0.059406 0.000000 0.000000 0.195122 0.048387 0.076190 0.000000 0.000000 0.000000 0.333333 0.000000 0.187023 0.000000 0.035088 0.000000 0.046875 0.000000 0.000000 0.529412 0.015152 0.000000 0.220588 0.023148 0.000000 0.000000 0.115909 0.000000 0.268182 0.048387 0.000000 0.038095 0.000000 0.051402 0.409091 0.042079 0.089286 0.178947 0.000000 0.000000 0.000000 0.000000 0.013736 0.000000 0.000000 0.075000 0.025641 0.000000 0.027523 0.039286 0.000000 0.035088 0.009852 0.000000 0.000000 0.000000 0.032787 0.000000 0.600000 0.000000 0.000000 0.029661 0.000000 0.000000 0.015152 0.000000 0.000000 0.000000 0.089286 0.409091 0.053571 0.057500 0.068841 0.000000 0.048387 0.069444 0.050000 0.000000 0.046875 0.000000 0.020661 0.000000 0.000000 0.027473 0.000000 0.333333 0.000000 0.045213 0.033520 0.027907 0.046392 0.000000 0.035088 0.000000 0.089286 0.000000 0.013761 0.000000 0.015152 0.000000 0.000000 0.029661 0.052941 0.000000
0.000000 0.000000 0.000000 0.000000 0.000000 0.428571 0.000000 0.000000 0.000000 0.000000 0.000000 0.257143 0.000000 0.000000 0.000000 0.000000 0.231214 0.000000 0.000000 0.000000 0.000000 0.000000 0.240964 0.000000 0.000000 0.000000 0.000000 0.000000 0.000000 0.000000 0.000000 0.000000 0.338028 0.000000 0.000000 0.000000 0.000000 0.000000 0.096386 0.000000 0.338028 0.000000 0.000000 0.000000 1.000000 0.000000 0.000000 0.000000 0.000000 0.000000 0.246575 0.000000 0.000000 0.000000 0.000000 0.000000 0.000000 0.000000 0.000000 0.000000 0.000000 0.000000 0.000000 0.000000 0.000000 0.000000 0.000000 0.000000 0.114286 0.000000 0.000000 0.000000 0.231214 0.000000 0.000000 0.000000 0.000000 0.000000 0.000000 0.000000 0.000000 0.000000 0.000000 0.000000 0.000000 0.000000 0.000000 0.000000 0.000000 0.000000 0.000000 0.000000 0.000000 0.000000 0.428571 0.000000 0.000000 0.000000 0.000000 0.000000 0.000000 0.000000 0.000000 0.000000 0.000000 0.000000 0.000000 0.220183 0.000000 0.000000 0.000000 0.000000 0.000000 0.000000 0.181818 0.000000 0.000000 0.000000 0.000000 0.000000 0.000000 0.000000 0.000000 0.000000 0.000000 0.000000 0.000000 0.000000 0.000000 0.000000 0.000000 0.000000 0.000000 0.000000 0.103896 0.000000 0.000000 0.000000 0.000000 0.000000 0.000000 0.000000 0.000000 0.000000 0.000000 0.231214 0.000000 0.000000 0.000000 0.000000 0.000000 0.000000 0.000000 0.000000 0.000000 0.000000 0.000000 0.000000 0.000000 0.000000 0.000000 0.000000 0.000000 0.000000 0.000000 0.000000 0.000000 0.000000 0.000000 0.000000 0.000000 0.000000 0.000000 0.000000 0.000000 0.000000 0.000000 0.000000 0.000000 0.000000 0.205479 0.000000 0.000000 0.000000 0.000000 0.000000 0.300940 0.000000 0.000000 0.310345 0.000000 0.000000 0.000000 0.000000 0.000000 0.000000 0.000000 0.000000 0.000000 0.000000 0.000000 0.000000 0.000000 0.000000 0.000000 0.000000 0.000000 0.000000 0.000000 0.000000 0.000000 0.000000 0.000000 0.000000 0.000000 0.000000 0.000000 0.000000 0.000000 0.000000 0.000000 0.000000 0.000000 0.000000 0.000000 0.000000 0.000000 0.000000 0.000000 0.000000 0.000000 0.000000 0.000000 0.000000 0.000000 0.000000 0.000000 0.000000 0.000000 0.000000 0.000000 0.000000 0.000000 0.000000 0.000000 0.000000 0.000000 0.000000 0.375000 0.000000 0.000000 0.000000 0.000000 0.000000 0.000000 0.000000 0.000000 0.000000 0.000000 0.000000 0.000000 0.000000 0.310345 0.000000 0.000000 0.000000 0.000000 0.096386 0.000000 0.000000 0.000000 0.000000 0.000000 0.000000 0.000000
0.141414 0.000000 0.000000 0.064935 0.000000 0.000000 0.000000 0.000000 0.037500 0.000000 0.000000 0.000000 0.000000 0.000000 0.000000 0.000000 0.000000 0.000000 0.000000 0.000000 0.166667 0.000000 0.000000 0.000000 0.000000 0.000000 0.000000 0.000000 0.000000 0.000000 0.000000 0.000000 0.000000 0.098901 0.000000 0.000000 0.000000 0.000000 0.000000 0.000000 0.000000 0.000000 0.056180 0.000000 0.000000 1.000000 0.000000 0.000000 0.000000 0.000000 0.000000 0.000000 0.000000 0.000000 0.000000 0.157895 0.000000 0.000000 0.000000 0.000000 0.156425 0.000000 0.000000 0.000000 0.000000 0.000000 0.000000 0.000000 0.000000 0.000000 0.000000 0.000000 0.000000 0.112500 0.000000 0.000000 0.000000 0.034483 0.000000 0.000000 0.000000 0.098901 0.000000 0.000000 0.000000 0.046154 0.000000 0.000000 0.780822 0.000000 0.000000 0.000000 0.141414 0.000000 0.000000 0.000000 0.000000 0.000000 0.000000 0.000000 0.000000 0.000000 0.000000 0.000000 0.000000 0.000000 0.000000 0.000000 0.107143 0.000000 0.000000 0.000000 0.000000 0.000000 0.000000 0.000000 0.000000 0.000000 0.000000 0.000000 0.000000 0.000000 0.000000 0.000000 0.000000 0.079365 0.000000 0.000000 0.024390 0.064935 0.000000 0.000000 0.000000 0.000000 0.000000 0.000000 0.194805 0.000000 0.000000 0.000000 0.141414 0.000000 0.000000 0.000000 0.000000 0.000000 0.000000 0.000000 0.000000 0.000000 0.000000 0.000000 0.000000 0.000000 0.000000 0.000000 0.000000 0.000000 0.000000 0.116883 0.000000 0.000000 0.000000 0.000000 0.000000 0.000000 0.000000 0.000000 0.000000 0.000000 0.000000 0.112500 0.024390 0.079365 0.000000 0.000000 0.000000 0.023256 0.000000 0.000000 0.000000 0.000000 0.000000 0.000000 0.000000 0.000000 0.000000 0.000000 0.463415 0.000000 0.000000 0.000000 0.000000 0.000000 0.056180 0.000000 0.000000 0.000000 0.000000 0.000000 0.000000 0.000000 0.023256 0.000000 0.000000 0.000000 0.000000 0.000000 0.000000 0.000000 0.000000 0.000000 0.046154 0.000000 0.000000 0.000000 0.000000 0.000000 0.000000 0.000000 0.074380 0.037267 0.000000 0.000000 0.000000 0.000000 0.000000 0.000000 0.000000 0.000000 0.000000 0.000000 0.141414 0.000000 0.000000 0.112500 0.000000 0.000000 0.000000 0.000000 0.000000 0.000000 0.000000 0.000000 0.000000 0.000000 0.000000 0.126761 0.000000 0.000000 0.000000 0.000000 0.000000 0.000000 0.000000 0.060241 0.000000 0.000000 0.000000 0.000000 0.000000 0.000000 0.000000 0.000000 0.000000 0.000000 0.000000 0.000000 0.000000 0.000000 0.000000 0.000000 0.030303 0.000000 0.000000
0.000000 0.000000 0.000000 0.000000 0.000000 0.000000 0.000000 0.000000 0.000000 0.000000 0.000000 0.000000 0.000000 0.000000 0.000000 0.000000 0.000000 0.000000 0.000000 0.000000 0.000000 0.000000 0.000000 0.000000 0.000000 0.000000 0.000000 0.000000 0.000000 0.000000 0.000000 0.000000 0.000000 0.000000 0.000000 0.000000 0.000000 0.000000 0.000000 0.000000 0.000000 0.000000 0.000000 0.000000 0.000000 0.000000 1.000000 0.000000 0.000000 0.000000 0.000000 0.000000 0.000000 0.000000 0.000000 0.000000 0.000000 0.000000 0.000000 0.000000 0.000000 0.000000 0.092784 0.000000 0.000000 0.000000 0.019048 0.000000 0.000000 0.000000 0.000000 0.000000 0.000000 0.000000 0.000000 0.000000 0.033708 0.000000 0.000000 0.123288 0.000000 0.000000 0.000000 0.000000 0.000000 0.000000 0.000000 0.000000 0.000000 0.000000 0.000000 0.000000 0.000000 0.000000 0.000000 0.344262 0.000000 0.000000 0.000000 0.000000 0.000000 0.000000 0.000000 0.000000 0.000000 0.000000 0.000000 0.000000 0.000000 0.000000 0.000000 0.000000 0.000000 0.000000 0.000000 0.000000 0.000000 0.000000 0.000000 0.000000 0.000000 0.000000 0.000000 0.000000 0.000000 0.000000 0.000000 0.000000 0.000000 0.000000 0.000000 0.000000 0.000000 0.000000 0.000000 0.000000 0.000000 0.000000 0.000000 0.000000 0.000000 0.000000 0.000000 0.000000 0.000000 0.000000 0.000000 0.000000 0.000000 0.036036 0.000000 0.000000 0.000000 0.000000 0.000000 0.000000 0.000000 0.000000 0.000000 0.000000 0.000000 0.000000 0.000000 0.000000 0.000000 0.000000 0.000000 0.000000 0.000000 0.000000 0.000000 0.000000 0.000000 0.000000 0.000000 0.000000 0.000000 0.000000 0.074689 0.000000 0.000000 0.000000 0.000000 0.000000 0.000000 0.000000 0.000000 0.123288 0.000000 0.000000 0.000000 0.000000 0.000000 0.000000 0.000000 0.060811 0.000000 0.103448 0.000000 0.000000 0.000000 0.000000 0.000000 0.000000 0.000000 0.000000 0.000000 0.000000 0.000000 0.000000 0.000000 0.000000 0.000000 0.000000 0.000000 0.000000 0.000000 0.000000 0.000000 0.000000 0.000000 0.000000 0.000000 0.000000 0.000000 0.000000 0.000000 0.000000 0.000000 0.000000 0.000000 0.000000 0.000000 0.000000 0.223881 0.000000 0.000000 0.000000 0.000000 0.000000 0.000000 0.000000 0.000000 0.130435 0.000000 0.000000 0.000000 0.000000 0.000000 0.123288 0.000000 0.000000 0.000000 0.000000 0.088235 0.000000 0.000000 0.000000 0.070423 0.000000 0.000000 0.000000 0.000000 0.000000 0.000000 0.000000 0.000000 0.000000 0.000000 0.000000 0.000000 0.000000 0.000000 0.000000 0.000000
0.049541 0.000000 0.000000 0.086331 0.000000 0.000000 0.000000 0.033708 0.063380 0.000000 0.033708 0.000000 0.000000 0.000000 0.000000 0.000000 0.047619 0.000000 0.000000 0.000000 0.000000 0.149606 0.000000 0.000000 0.062069 0.043478 0.000000 0.131387 0.000000 0.000000 0.000000 0.000000 0.064286 0.183007 0.034351 0.680272 0.062069 0.128107 0.138158 0.204819 0.064286 0.252252 0.238411 0.029801 0.000000 0.000000 0.000000 1.000000 0.051724 0.000000 0.000000 0.033962 0.000000 0.052083 0.000000 0.000000 0.000000 0.264000 0.062069 0.000000 0.049505 0.000000 0.000000 0.145907 0.000000 0.065336 0.000000 0.000000 0.000000 0.000000 0.033708 0.000000 0.047619 0.063380 0.046875 0.065693 0.000000 0.261745 0.046875 0.129496 0.043478 0.183007 0.000000 0.000000 0.000000 0.000000 0.000000 0.000000 0.000000 0.065693 0.000000 0.000000 0.049541 0.000000 0.000000 0.000000 0.044118 0.000000 0.190141 0.000000 0.252918 0.055147 0.120000 0.063380 0.062500 0.000000 0.000000 0.101124 0.041096 0.000000 0.055147 0.000000 0.070866 0.256140 0.000000 0.000000 0.000000 0.035019 0.000000 0.000000 0.000000 0.000000 0.000000 0.000000 0.680272 0.000000 0.111801 0.000000 0.000000 0.086331 0.033708 0.201439 0.041958 0.000000 0.000000 0.154717 0.086331 0.222222 0.252252 0.062069 0.049541 0.052083 0.223602 0.000000 0.000000 0.047619 0.000000 0.222222 0.000000 0.000000 0.000000 0.088889 0.000000 0.000000 0.034247 0.347594 0.000000 0.042553 0.000000 0.043165 0.000000 0.000000 0.000000 0.000000 0.062937 0.000000 0.061224 0.000000 0.336000 0.000000 0.205882 0.063380 0.000000 0.000000 0.000000 0.000000 0.176471 0.000000 0.000000 0.000000 0.000000 0.045113 0.000000 0.051724 0.041667 0.252918 0.000000 0.129496 0.000000 0.000000 0.103448 0.063380 0.000000 0.050279 0.238411 0.000000 0.000000 0.000000 0.000000 0.058824 0.044118 0.000000 0.000000 0.000000 0.273333 0.034351 0.055556 0.070866 0.043478 0.060606 0.000000 0.000000 0.000000 0.000000 0.000000 0.000000 0.286713 0.128107 0.000000 0.246711 0.398907 0.000000 0.252918 0.121107 0.000000 0.000000 0.000000 0.033457 0.000000 0.045113 0.000000 0.000000 0.000000 0.000000 0.000000 0.063380 0.000000 0.000000 0.000000 0.070866 0.034351 0.267760 0.041958 0.303867 0.000000 0.176471 0.158940 0.135338 0.000000 0.129496 0.000000 0.219512 0.000000 0.000000 0.089552 0.000000 0.045113 0.000000 0.000000 0.154717 0.348837 0.042857 0.000000 0.252918 0.000000 0.149606 0.000000 0.138158 0.000000 0.063380 0.000000 0.000000 0.316770 0.187500 0.000000
0.019355 0.000000 0.184300 0.033613 0.080717 0.000000 0.000000 0.233480 0.024590 0.000000 0.233480 0.000000 0.033058 0.037383 0.000000 0.000000 0.018661 0.000000 0.000000 0.108108 0.000000 0.112150 0.022727 0.035398 0.024000 0.271186 0.000000 0.179487 0.171429 0.000000 0.080357 0.073770 0.025000 0.030075 0.220721 0.031496 0.024000 0.060948 0.022727 0.061644 0.025000 0.051195 0.030534 0.187023 0.000000 0.000000 0.000000 0.051724 1.000000 0.105263 0.114754 0.066667 0.051282 0.020161 0.000000 0.000000 0.000000 0.171429 0.024000 0.000000 0.019011 0.034783 0.027972 0.062241 0.000000 0.033970 0.026490 0.097959 0.000000 0.000000 0.233480 0.000000 0.018661 0.024590 0.083333 0.299145 0.044444 0.062016 0.083333 0.050420 0.271186 0.030075 0.089552 0.000000 0.081818 0.000000 0.000000 0.105263 0.000000 0.299145 0.057143 0.032520 0.019355 0.000000 0.000000 0.000000 0.077586 0.105263 0.024590 0.000000 0.069124 0.021552 0.171429 0.024590 0.056452 0.000000 0.000000 0.056962 0.071429 0.000000 0.021552 0.171429 0.112150 0.061224 0.034783 0.000000 0.000000 0.069124 0.083333 0.000000 0.000000 0.000000 0.000000 0.099010 0.031496 0.000000 0.042553 0.018519 0.000000 0.033613 0.233480 0.033613 0.121951 0.000000 0.023810 0.066667 0.033613 0.028169 0.051195 0.024000 0.019355 0.020161 0.028369 0.000000 0.045113 0.018661 0.000000 0.028169 0.000000 0.030948 0.000000 0.000000 0.000000 0.050420 0.095238 0.107784 0.083333 0.033058 0.084112 0.050420 0.000000 0.000000 0.000000 0.000000 0.073171 0.108108 0.338583 0.151261 0.057143 0.000000 0.077586 0.024590 0.000000 0.000000 0.000000 0.000000 0.077586 0.000000 0.072072 0.000000 0.000000 0.247788 0.000000 1.000000 0.000000 0.069124 0.000000 0.050420 0.000000 0.000000 0.392000 0.024590 0.000000 0.773585 0.030534 0.000000 0.000000 0.127820 0.000000 0.090226 0.077586 0.000000 0.000000 0.000000 0.076923 0.220721 0.048387 0.112150 0.271186 0.000000 0.000000 0.171429 0.000000 0.026316 0.057143 0.000000 0.097561 0.060948 0.000000 0.056818 0.061350 0.000000 0.069124 0.020080 0.000000 0.000000 0.000000 0.065502 0.000000 0.247788 0.000000 0.037383 0.070922 0.073770 0.000000 0.024590 0.034783 0.000000 0.065646 0.112150 0.220721 0.073620 0.121951 0.086957 0.000000 0.077586 0.091603 0.053097 0.000000 0.050420 0.050420 0.027778 0.159292 0.000000 0.035088 0.000000 0.247788 0.000000 0.051282 0.066667 0.057471 0.075000 0.000000 0.069124 0.000000 0.112150 0.000000 0.022727 0.099010 0.024590 0.000000 0.000000 0.056738 0.083333 0.000000
0.000000 0.000000 0.000000 0.000000 0.440559 0.000000 0.000000 0.000000 0.000000 0.000000 0.000000 0.000000 0.049383 0.059701 0.000000 0.000000 0.000000 0.000000 0.000000 0.169014 0.000000 0.000000 0.000000 0.054795 0.000000 0.000000 0.000000 0.000000 0.276923 0.036585 0.125000 0.109756 0.000000 0.000000 0.000000 0.000000 0.000000 0.000000 0.000000 0.000000 0.000000 0.000000 0.000000 0.000000 0.000000 0.000000 0.000000 0.000000 0.105263 1.000000 0.000000 0.000000 0.077922 0.000000 0.142857 0.000000 0.091837 0.000000 0.000000 0.000000 0.000000 0.053333 0.000000 0.000000 0.000000 0.000000 0.000000 0.418182 0.000000 0.123711 0.000000 0.000000 0.000000 0.000000 0.000000 0.000000 0.000000 0.000000 0.000000 0.000000 0.000000 0.000000 0.127660 0.000000 0.128571 0.000000 0.176471 0.567568 0.000000 0.000000 0.092308 0.060241 0.000000 0.036145 0.000000 0.000000 0.000000 0.567568 0.000000 0.129412 0.000000 0.000000 0.000000 0.256098 0.000000 0.000000 0.000000 0.000000 0.000000 0.021277 0.000000 0.276923 0.000000 0.000000 0.000000 0.000000 0.000000 0.000000 0.132353 0.000000 0.186667 0.000000 0.000000 0.000000 0.000000 0.000000 0.000000 0.000000 0.000000 0.000000 0.000000 0.000000 0.000000 0.000000 0.000000 0.000000 0.000000 0.102941 0.000000 0.000000 0.000000 0.000000 0.000000 0.019868 0.000000 0.000000 0.313433 0.102941 0.000000 0.000000 0.000000 0.000000 0.000000 0.075949 0.139535 0.000000 0.132353 0.049383 0.000000 0.000000 0.017964 0.054545 0.000000 0.000000 0.000000 0.169014 0.000000 0.227848 0.000000 0.024390 0.000000 0.000000 0.000000 0.000000 0.000000 0.000000 0.000000 0.000000 0.094862 0.000000 0.000000 0.000000 0.000000 0.105263 0.000000 0.000000 0.000000 0.000000 0.000000 0.000000 0.000000 0.000000 0.000000 0.100840 0.000000 0.000000 0.000000 0.129032 0.000000 0.000000 0.000000 0.000000 0.000000 0.000000 0.000000 0.000000 0.000000 0.000000 0.000000 0.000000 0.000000 0.276923 0.000000 0.040541 0.092308 0.000000 0.000000 0.000000 0.000000 0.000000 0.000000 0.000000 0.000000 0.000000 0.121951 0.000000 0.000000 0.000000 0.172414 0.000000 0.000000 0.059701 0.000000 0.109756 0.000000 0.000000 0.053333 0.029703 0.353535 0.000000 0.000000 0.000000 0.000000 0.000000 0.137255 0.000000 0.021978 0.000000 0.000000 0.000000 0.075949 0.000000 0.246575 0.000000 0.000000 0.000000 0.000000 0.000000 0.000000 0.000000 0.000000 0.000000 0.000000 0.000000 0.000000 0.000000 0.000000 0.000000 0.163934 0.000000 0.000000 0.000000 0.000000 0.000000 0.000000
0.000000 0.000000 0.026201 0.000000 0.000000 0.246575 0.000000 0.128834 0.000000 0.000000 0.128834 0.275862 0.000000 0.000000 0.000000 0.000000 0.109924 0.000000 0.000000 0.000000 0.000000 0.000000 0.140000 0.000000 0.000000 0.162791 0.000000 0.058824 0.000000 0.000000 0.000000 0.000000 0.204545 0.000000 0.110759 0.000000 0.000000 0.000000 0.060000 0.000000 0.204545 0.000000 0.000000 0.088384 0.246575 0.000000 0.000000 0.000000 0.114754 0.000000 1.000000 0.000000 0.000000 0.000000 0.000000 0.000000 0.000000 0.000000 0.000000 0.000000 0.000000 0.000000 0.000000 0.000000 0.000000 0.000000 0.000000 0.000000 0.068966 0.000000 0.128834 0.000000 0.109924 0.000000 0.000000 0.164706 0.000000 0.000000 0.000000 0.000000 0.162791 0.000000 0.000000 0.000000 0.000000 0.000000 0.000000 0.000000 0.000000 0.164706 0.000000 0.000000 0.000000 0.000000 0.575342 0.000000 0.000000 0.000000 0.000000 0.000000 0.000000 0.000000 0.000000 0.000000 0.000000 0.000000 0.000000 0.142857 0.000000 0.000000 0.000000 0.000000 0.000000 0.000000 0.120482 0.000000 0.000000 0.000000 0.000000 0.000000 0.000000 0.000000 0.000000 0.000000 0.000000 0.000000 0.000000 0.078947 0.000000 0.000000 0.128834 0.000000 0.021978 0.000000 0.063830 0.000000 0.000000 0.000000 0.000000 0.000000 0.000000 0.000000 0.000000 0.000000 0.000000 0.109924 0.000000 0.000000 0.000000 0.000000 0.000000 0.000000 0.000000 0.000000 0.000000 0.000000 0.000000 0.000000 0.040000 0.000000 0.000000 0.000000 0.000000 0.000000 0.021978 0.000000 0.221053 0.000000 0.000000 0.000000 0.000000 0.000000 0.000000 0.000000 0.000000 0.000000 0.000000 0.000000 0.000000 0.000000 0.100000 0.129630 0.000000 0.114754 0.000000 0.000000 0.186047 0.000000 0.000000 0.160000 0.225806 0.000000 0.000000 0.165354 0.000000 0.000000 0.000000 0.148515 0.000000 0.000000 0.000000 0.000000 0.000000 0.000000 0.000000 0.110759 0.000000 0.000000 0.162791 0.000000 0.000000 0.000000 0.000000 0.000000 0.000000 0.000000 0.000000 0.000000 0.000000 0.000000 0.000000 0.000000 0.000000 0.000000 0.000000 0.000000 0.000000 0.000000 0.000000 0.129630 0.000000 0.000000 0.018349 0.000000 0.000000 0.000000 0.000000 0.000000 0.000000 0.000000 0.110759 0.000000 0.021978 0.000000 0.000000 0.000000 0.000000 0.000000 0.222222 0.000000 0.000000 0.000000 0.000000 0.000000 0.000000 0.000000 0.129630 0.000000 0.000000 0.000000 0.000000 0.000000 0.160000 0.000000 0.000000 0.000000 0.000000 0.060000 0.000000 0.000000 0.000000 0.000000 0.000000 0.000000 0.000000
0.010033 0.000000 0.000000 0.032258 0.000000 0.000000 0.000000 0.041667 0.018634 0.000000 0.041667 0.000000 0.000000 0.000000 0.000000 0.000000 0.008636 0.000000 0.000000 0.000000 0.000000 0.114504 0.000000 0.000000 0.017964 0.058824 0.000000 0.059603 0.000000 0.000000 0.000000 0.000000 0.019108 0.027322 0.043165 0.029240 0.017964 0.032491 0.016575 0.043062 0.019108 0.028571 0.027933 0.033520 0.000000 0.000000 0.000000 0.033962 0.066667 0.000000 0.000000 1.000000 0.000000 0.012121 0.000000 0.000000 0.000000 0.212598 0.017964 0.000000 0.011111 0.000000 0.000000 0.037975 0.000000 0.032787 0.000000 0.000000 0.000000 0.000000 0.041667 0.000000 0.008636 0.018634 0.067669 0.099338 0.000000 0.040000 0.338346 0.058065 0.058824 0.027322 0.000000 0.000000 0.000000 0.000000 0.000000 0.000000 0.000000 0.099338 0.000000 0.000000 0.010033 0.000000 0.000000 0.000000 0.302013 0.000000 0.018634 0.000000 0.044776 0.013423 0.212598 0.018634 0.066667 0.000000 0.000000 0.038627 0.124260 0.000000 0.013423 0.000000 0.572519 0.037037 0.000000 0.000000 0.000000 0.044776 0.000000 0.000000 0.000000 0.000000 0.000000 0.000000 0.029240 0.000000 0.000000 0.000000 0.000000 0.032258 0.041667 0.032258 0.055215 0.000000 0.000000 0.042254 0.032258 0.024876 0.028571 0.017964 0.010033 0.012121 0.025126 0.000000 0.000000 0.008636 0.000000 0.024876 0.000000 0.000000 0.000000 0.000000 0.000000 0.000000 0.000000 0.107570 0.000000 0.000000 0.000000 0.058065 0.000000 0.000000 0.000000 0.000000 0.018405 0.000000 0.087719 0.000000 0.070866 0.000000 0.060403 0.018634 0.000000 0.000000 0.000000 0.000000 0.060403 0.000000 0.000000 0.000000 0.000000 0.062937 0.000000 0.066667 0.000000 0.044776 0.000000 0.058065 0.000000 0.000000 0.161677 0.018634 0.000000 0.063830 0.027933 0.000000 0.000000 0.000000 0.000000 0.278689 0.302013 0.000000 0.000000 0.000000 0.062147 0.043165 0.000000 0.114504 0.058824 0.000000 0.000000 0.000000 0.000000 0.000000 0.000000 0.000000 0.092025 0.032491 0.000000 0.033149 0.045267 0.000000 0.044776 0.012048 0.000000 0.000000 0.000000 0.205479 0.000000 0.062937 0.000000 0.000000 0.000000 0.000000 0.000000 0.018634 0.000000 0.000000 0.000000 0.114504 0.043165 0.061728 0.055215 0.079498 0.000000 0.060403 0.083799 0.062937 0.000000 0.058065 0.000000 0.024390 0.000000 0.000000 0.034483 0.000000 0.062937 0.000000 0.000000 0.042254 0.033708 0.286624 0.000000 0.044776 0.000000 0.114504 0.000000 0.016575 0.000000 0.018634 0.000000 0.000000 0.035176 0.067669 0.000000
0.000000 0.352941 0.123288 0.000000 0.067114 0.000000 0.000000 0.000000 0.000000 0.000000 0.000000 0.000000 0.214286 0.257143 0.000000 0.000000 0.000000 0.000000 0.000000 0.243243 0.000000 0.000000 0.000000 0.789474 0.000000 0.000000 0.000000 0.000000 0.117647 0.058824 0.066667 0.176471 0.000000 0.000000 0.000000 0.000000 0.000000 0.000000 0.000000 0.000000 0.000000 0.000000 0.000000 0.000000 0.000000 0.000000 0.000000 0.000000 0.051282 0.077922 0.000000 0.000000 1.000000 0.000000 0.000000 0.000000 0.000000 0.000000 0.000000 0.000000 0.000000 0.230769 0.000000 0.000000 0.000000 0.000000 0.000000 0.070175 0.000000 0.000000 0.000000 0.000000 0.000000 0.000000 0.000000 0.000000 0.000000 0.000000 0.000000 0.000000 0.000000 0.000000 0.340206 0.000000 0.205479 0.000000 0.000000 0.077922 0.000000 0.000000 0.352941 0.000000 0.000000 0.069767 0.000000 0.000000 0.000000 0.077922 0.000000 0.000000 0.000000 0.000000 0.000000 0.000000 0.000000 0.000000 0.000000 0.000000 0.000000 0.000000 0.000000 0.117647 0.000000 0.000000 0.000000 0.000000 0.000000 0.000000 0.070423 0.211268 0.000000 0.058824 0.117647 0.000000 0.000000 0.000000 0.000000 0.000000 0.000000 0.000000 0.000000 0.000000 0.000000 0.000000 0.000000 0.000000 0.000000 0.000000 0.000000 0.000000 0.000000 0.000000 0.000000 0.000000 0.000000 0.000000 0.000000 0.000000 0.000000 0.000000 0.000000 0.000000 0.000000 0.365854 0.067416 0.000000 0.070423 0.214286 0.000000 0.000000 0.000000 0.000000 0.000000 0.000000 0.000000 0.243243 0.000000 0.317073 0.000000 0.000000 0.000000 0.000000 0.000000 0.000000 0.000000 0.000000 0.000000 0.000000 0.046332 0.000000 0.000000 0.000000 0.000000 0.051282 0.000000 0.000000 0.000000 0.000000 0.000000 0.000000 0.000000 0.000000 0.000000 0.049180 0.000000 0.000000 0.000000 0.062500 0.000000 0.000000 0.000000 0.000000 0.000000 0.000000 0.000000 0.000000 0.000000 0.000000 0.000000 0.000000 0.000000 0.117647 0.000000 0.000000 0.352941 0.000000 0.000000 0.000000 0.352941 0.000000 0.000000 0.000000 0.000000 0.000000 0.000000 0.180723 0.000000 0.000000 0.000000 0.000000 0.180723 0.257143 0.000000 0.176471 0.000000 0.000000 0.230769 0.000000 0.058252 0.000000 0.000000 0.000000 0.000000 0.000000 0.000000 0.000000 0.000000 0.000000 0.000000 0.000000 0.292683 0.000000 0.315789 0.000000 0.000000 0.000000 0.000000 0.000000 0.000000 0.000000 0.000000 0.000000 0.000000 0.000000 0.000000 0.000000 0.000000 0.000000 0.562500 0.000000 0.000000 0.000000 0.000000 0.000000 0.000000
0.026087 0.000000 0.000000 0.084270 0.000000 0.000000 0.000000 0.011976 0.048913 0.000000 0.011976 0.000000 0.000000 0.000000 0.000000 0.000000 0.022355 0.000000 0.000000 0.000000 0.000000 0.032468 0.000000 0.000000 0.157895 0.017045 0.000000 0.155172 0.000000 0.000000 0.000000 0.000000 0.050000 0.072816 0.012346 0.077320 0.157895 0.009288 0.044118 0.038793 0.050000 0.278970 0.074257 0.009901 0.000000 0.000000 0.000000 0.052083 0.020161 0.000000 0.000000 0.012121 0.000000 1.000000 0.000000 0.000000 0.000000 0.060000 0.157895 0.000000 0.029557 0.000000 0.000000 0.011050 0.000000 0.088319 0.000000 0.000000 0.000000 0.000000 0.011976 0.032468 0.022355 0.048913 0.019231 0.028736 0.000000 0.045455 0.019231 0.151685 0.017045 0.072816 0.000000 0.037736 0.000000 0.000000 0.000000 0.000000 0.000000 0.028736 0.000000 0.000000 0.026087 0.000000 0.000000 0.000000 0.017442 0.000000 0.048913 0.000000 0.012739 0.534884 0.060000 0.048913 0.031915 0.000000 0.037736 0.035156 0.015625 0.000000 0.534884 0.000000 0.032468 0.010811 0.000000 0.000000 0.028436 0.012739 0.000000 0.000000 0.000000 0.000000 0.000000 0.000000 0.077320 0.000000 0.000000 0.000000 0.000000 0.084270 0.011976 0.084270 0.016129 0.000000 0.000000 0.012121 0.084270 0.066964 0.278970 0.157895 0.026087 1.000000 0.121622 0.000000 0.000000 0.022355 0.000000 0.066964 0.000000 0.022670 0.000000 0.000000 0.028391 0.000000 0.000000 0.113139 0.000000 0.000000 0.000000 0.050562 0.000000 0.000000 0.000000 0.000000 0.048387 0.000000 0.025773 0.000000 0.180000 0.000000 0.017442 0.048913 0.000000 0.000000 0.000000 0.000000 0.017442 0.000000 0.000000 0.037736 0.000000 0.018072 0.028391 0.020161 0.047872 0.012739 0.000000 0.151685 0.000000 0.000000 0.047368 0.114130 0.060000 0.019380 0.074257 0.000000 0.227273 0.000000 0.037736 0.024272 0.017442 0.000000 0.000000 0.000000 0.040000 0.012346 0.000000 0.032468 0.017045 0.000000 0.000000 0.000000 0.000000 0.000000 0.000000 0.000000 0.026882 0.009288 0.000000 0.098039 0.056391 0.000000 0.012739 0.031746 0.000000 0.000000 0.000000 0.011834 0.000000 0.018072 0.000000 0.000000 0.000000 0.000000 0.000000 0.048913 0.000000 0.000000 0.000000 0.032468 0.012346 0.056391 0.016129 0.103053 0.000000 0.017442 0.044554 0.162651 0.000000 0.151685 0.000000 0.298246 0.000000 0.000000 0.089286 0.000000 0.018072 0.000000 0.000000 0.012121 0.029851 0.016667 0.000000 0.012739 0.000000 0.032468 0.060000 0.044118 0.000000 0.114130 0.000000 0.000000 0.040541 0.019231 0.114130
0.000000 0.000000 0.000000 0.000000 0.127517 0.000000 0.000000 0.000000 0.000000 0.000000 0.000000 0.000000 0.000000 0.000000 0.000000 0.000000 0.000000 0.000000 0.000000 0.000000 0.000000 0.000000 0.000000 0.000000 0.000000 0.000000 0.000000 0.000000 0.000000 0.070588 0.000000 0.000000 0.000000 0.000000 0.000000 0.000000 0.000000 0.000000 0.000000 0.000000 0.000000 0.000000 0.000000 0.000000 0.000000 0.000000 0.000000 0.000000 0.000000 0.142857 0.000000 0.000000 0.000000 0.000000 1.000000 0.000000 0.257426 0.000000 0.000000 0.000000 0.000000 0.000000 0.000000 0.000000 0.000000 0.000000 0.000000 0.111111 0.000000 0.210000 0.000000 0.000000 0.000000 0.000000 0.000000 0.000000 0.000000 0.000000 0.000000 0.000000 0.000000 0.000000 0.000000 0.000000 0.000000 0.000000 0.340909 0.142857 0.000000 0.000000 0.000000 0.093023 0.000000 0.069767 0.000000 0.000000 0.000000 0.142857 0.000000 0.181818 0.000000 0.000000 0.000000 0.164706 0.000000 0.000000 0.000000 0.000000 0.000000 0.051546 0.000000 0.000000 0.000000 0.000000 0.000000 0.000000 0.000000 0.000000 0.000000 0.000000 0.141026 0.000000 0.000000 0.000000 0.000000 0.000000 0.000000 0.000000 0.000000 0.000000 0.000000 0.000000 0.000000 0.000000 0.000000 0.000000 0.000000 0.090476 0.000000 0.000000 0.000000 0.000000 0.000000 0.057325 0.000000 0.000000 0.200000 0.090476 0.000000 0.000000 0.000000 0.000000 0.000000 0.000000 0.000000 0.000000 0.000000 0.000000 0.000000 0.000000 0.052023 0.228070 0.000000 0.000000 0.000000 0.000000 0.000000 0.000000 0.000000 0.058824 0.000000 0.000000 0.000000 0.000000 0.000000 0.000000 0.000000 0.000000 0.000000 0.000000 0.000000 0.000000 0.000000 0.000000 0.000000 0.000000 0.000000 0.000000 0.000000 0.000000 0.000000 0.000000 0.000000 0.000000 0.000000 0.000000 0.000000 0.000000 0.000000 0.000000 0.000000 0.000000 0.000000 0.000000 0.000000 0.000000 0.000000 0.000000 0.000000 0.000000 0.000000 0.000000 0.000000 0.077922 0.000000 0.000000 0.000000 0.000000 0.000000 0.000000 0.000000 0.000000 0.000000 0.000000 0.190476 0.000000 0.000000 0.000000 0.266667 0.000000 0.000000 0.000000 0.000000 0.000000 0.000000 0.000000 0.000000 0.173077 0.113269 0.000000 0.000000 0.000000 0.000000 0.000000 0.119497 0.000000 0.053191 0.000000 0.000000 0.000000 0.000000 0.000000 0.000000 0.000000 0.000000 0.000000 0.000000 0.000000 0.000000 0.000000 0.000000 0.000000 0.000000 0.000000 0.000000 0.000000 0.000000 0.000000 0.000000 0.000000 0.000000 0.000000 0.000000 0.000000 0.000000
0.098940 0.000000 0.000000 0.061224 0.000000 0.000000 0.000000 0.000000 0.032680 0.000000 0.000000 0.000000 0.000000 0.000000 0.000000 0.000000 0.000000 0.000000 0.000000 0.000000 0.229814 0.000000 0.000000 0.000000 0.000000 0.000000 0.000000 0.000000 0.000000 0.000000 0.000000 0.000000 0.000000 0.085714 0.000000 0.000000 0.000000 0.000000 0.000000 0.000000 0.000000 0.000000 0.052632 0.000000 0.000000 0.157895 0.000000 0.000000 0.000000 0.000000 0.000000 0.000000 0.000000 0.000000 0.000000 1.000000 0.000000 0.000000 0.000000 0.000000 0.261628 0.000000 0.000000 0.000000 0.000000 0.000000 0.000000 0.000000 0.000000 0.000000 0.000000 0.000000 0.000000 0.098039 0.000000 0.000000 0.000000 0.029940 0.000000 0.000000 0.000000 0.085714 0.000000 0.000000 0.000000 0.040650 0.000000 0.000000 0.251799 0.000000 0.000000 0.000000 0.212014 0.000000 0.000000 0.000000 0.000000 0.000000 0.000000 0.000000 0.000000 0.000000 0.000000 0.000000 0.000000 0.000000 0.000000 0.000000 0.093168 0.000000 0.000000 0.000000 0.000000 0.000000 0.000000 0.000000 0.000000 0.000000 0.000000 0.000000 0.000000 0.000000 0.000000 0.000000 0.000000 0.075630 0.000000 0.000000 0.019108 0.061224 0.000000 0.000000 0.000000 0.000000 0.000000 0.000000 0.183673 0.000000 0.000000 0.000000 0.098940 0.000000 0.000000 0.000000 0.000000 0.000000 0.000000 0.000000 0.000000 0.000000 0.000000 0.000000 0.000000 0.000000 0.000000 0.000000 0.000000 0.000000 0.000000 0.102041 0.000000 0.000000 0.000000 0.000000 0.000000 0.000000 0.000000 0.000000 0.000000 0.000000 0.000000 0.098039 0.019108 0.075630 0.000000 0.000000 0.000000 0.018182 0.000000 0.000000 0.000000 0.000000 0.000000 0.000000 0.000000 0.000000 0.000000 0.000000 0.235669 0.000000 0.000000 0.000000 0.000000 0.000000 0.052632 0.000000 0.000000 0.000000 0.000000 0.000000 0.000000 0.000000 0.018182 0.000000 0.000000 0.000000 0.000000 0.000000 0.000000 0.000000 0.000000 0.000000 0.040650 0.000000 0.000000 0.000000 0.000000 0.000000 0.000000 0.000000 0.063830 0.032468 0.000000 0.000000 0.000000 0.000000 0.000000 0.000000 0.000000 0.000000 0.000000 0.000000 0.047120 0.000000 0.000000 0.098039 0.000000 0.000000 0.000000 0.000000 0.000000 0.000000 0.000000 0.000000 0.000000 0.000000 0.000000 0.125926 0.000000 0.000000 0.000000 0.000000 0.000000 0.000000 0.000000 0.056604 0.000000 0.000000 0.000000 0.000000 0.000000 0.000000 0.000000 0.000000 0.000000 0.000000 0.000000 0.000000 0.000000 0.000000 0.000000 0.000000 0.026178 0.000000 0.000000
0.000000 0.000000 0.000000 0.000000 0.078534 0.000000 0.000000 0.000000 0.000000 0.000000 0.000000 0.000000 0.000000 0.000000 0.047244 0.000000 0.000000 0.000000 0.092784 0.000000 0.000000 0.000000 0.000000 0.000000 0.000000 0.000000 0.000000 0.000000 0.000000 0.113208 0.000000 0.000000 0.000000 0.000000 0.000000 0.000000 0.000000 0.000000 0.000000 0.000000 0.000000 0.000000 0.000000 0.000000 0.000000 0.000000 0.000000 0.000000 0.000000 0.091837 0.000000 0.000000 0.000000 0.000000 0.257426 0.000000 1.000000 0.000000 0.000000 0.000000 0.000000 0.000000 0.000000 0.000000 0.000000 0.000000 0.000000 0.070423 0.000000 0.297521 0.000000 0.000000 0.000000 0.000000 0.000000 0.000000 0.000000 0.000000 0.000000 0.000000 0.000000 0.000000 0.000000 0.000000 0.000000 0.000000 0.220183 0.091837 0.000000 0.000000 0.000000 0.130841 0.000000 0.037383 0.000000 0.000000 0.000000 0.091837 0.000000 0.275229 0.000000 0.000000 0.000000 0.113208 0.000000 0.000000 0.000000 0.000000 0.000000 0.025424 0.000000 0.000000 0.000000 0.000000 0.000000 0.000000 0.000000 0.000000 0.000000 0.000000 0.090909 0.028302 0.000000 0.000000 0.000000 0.000000 0.000000 0.000000 0.000000 0.000000 0.000000 0.000000 0.000000 0.000000 0.000000 0.000000 0.000000 0.059524 0.000000 0.000000 0.000000 0.000000 0.000000 0.075377 0.000000 0.000000 0.131868 0.059524 0.000000 0.000000 0.145631 0.090909 0.000000 0.000000 0.000000 0.000000 0.000000 0.000000 0.000000 0.000000 0.069767 0.070423 0.000000 0.000000 0.000000 0.000000 0.000000 0.000000 0.000000 0.084906 0.000000 0.000000 0.000000 0.000000 0.000000 0.000000 0.000000 0.000000 0.000000 0.000000 0.000000 0.000000 0.000000 0.000000 0.000000 0.000000 0.000000 0.000000 0.000000 0.000000 0.000000 0.000000 0.000000 0.000000 0.000000 0.000000 0.000000 0.000000 0.000000 0.000000 0.000000 0.000000 0.000000 0.000000 0.000000 0.000000 0.055556 0.000000 0.000000 0.062500 0.000000 0.000000 0.000000 0.040816 0.000000 0.000000 0.000000 0.000000 0.000000 0.000000 0.000000 0.000000 0.000000 0.000000 0.122449 0.000000 0.000000 0.000000 0.162162 0.000000 0.000000 0.000000 0.000000 0.000000 0.000000 0.000000 0.000000 0.144000 0.068702 0.000000 0.000000 0.000000 0.000000 0.000000 0.074627 0.000000 0.026087 0.000000 0.000000 0.000000 0.000000 0.000000 0.000000 0.000000 0.000000 0.000000 0.000000 0.000000 0.000000 0.000000 0.000000 0.000000 0.000000 0.000000 0.000000 0.000000 0.000000 0.000000 0.000000 0.000000 0.000000 0.000000 0.000000 0.000000 0.000000
0.063197 0.000000 0.000000 0.085714 0.000000 0.000000 0.000000 0.209302 0.068493 0.000000 0.209302 0.000000 0.000000 0.000000 0.000000 0.000000 0.063584 0.000000 0.000000 0.000000 0.000000 0.724138 0.000000 0.000000 0.065789 0.217391 0.000000 0.117647 0.000000 0.000000 0.000000 0.000000 0.070423 0.071429 0.217742 0.076923 0.065789 0.473684 0.060241 0.340206 0.070423 0.138462 0.073171 0.164634 0.000000 0.000000 0.000000 0.264000 0.171429 0.000000 0.000000 0.212598 0.000000 0.060000 0.000000 0.000000 0.000000 1.000000 0.065789 0.000000 0.054545 0.000000 0.000000 0.426573 0.000000 0.087273 0.000000 0.000000 0.000000 0.000000 0.209302 0.000000 0.063584 0.068493 0.254237 0.264706 0.000000 0.175000 0.254237 0.114286 0.217391 0.071429 0.000000 0.000000 0.000000 0.000000 0.000000 0.000000 0.000000 0.264706 0.000000 0.000000 0.063197 0.000000 0.000000 0.000000 0.223881 0.000000 0.068493 0.000000 0.226891 0.067164 0.428571 0.068493 0.173333 0.000000 0.000000 0.137615 0.194805 0.000000 0.067164 0.000000 0.310345 0.428571 0.000000 0.000000 0.000000 0.226891 0.000000 0.000000 0.000000 0.000000 0.000000 0.000000 0.076923 0.000000 0.000000 0.000000 0.000000 0.085714 0.209302 0.085714 0.202703 0.000000 0.000000 0.480315 0.085714 0.064516 0.138462 0.065789 0.063197 0.060000 0.065217 0.000000 0.000000 0.063584 0.000000 0.064516 0.000000 0.000000 0.000000 0.000000 0.000000 0.000000 0.000000 0.474576 0.000000 0.000000 0.000000 0.114286 0.000000 0.000000 0.000000 0.000000 0.067568 0.000000 0.230769 0.000000 0.142857 0.000000 0.492537 0.068493 0.000000 0.000000 0.000000 0.000000 0.223881 0.000000 0.000000 0.000000 0.000000 0.234375 0.000000 0.171429 0.000000 0.226891 0.000000 0.114286 0.000000 0.000000 0.315789 0.068493 0.000000 0.163636 0.073171 0.000000 0.000000 0.000000 0.000000 0.214286 0.223881 0.000000 0.000000 0.000000 0.444444 0.217742 0.000000 0.310345 0.217391 0.000000 0.000000 0.000000 0.000000 0.000000 0.000000 0.000000 0.486486 0.473684 0.000000 0.162651 0.140351 0.000000 0.226891 0.059603 0.000000 0.000000 0.000000 0.206107 0.000000 0.234375 0.000000 0.000000 0.000000 0.000000 0.000000 0.068493 0.000000 0.000000 0.000000 0.310345 0.217742 0.315789 0.202703 0.339286 0.000000 0.223881 0.219512 0.125000 0.000000 0.114286 0.000000 0.063158 0.000000 0.000000 0.092308 0.000000 0.234375 0.000000 0.000000 0.480315 0.165644 0.211268 0.000000 0.226891 0.000000 0.724138 0.000000 0.060241 0.000000 0.068493 0.000000 0.000000 0.152174 0.254237 0.000000
0.042980 0.000000 0.000000 0.100000 0.000000 0.000000 0.000000 0.017751 0.064516 0.000000 0.017751 0.000000 0.000000 0.000000 0.000000 0.000000 0.039764 0.000000 0.000000 0.000000 0.000000 0.038462 0.000000 0.000000 1.000000 0.022472 0.000000 0.170455 0.000000 0.000000 0.000000 0.000000 0.065934 0.086538 0.018293 0.091837 1.000000 0.015291 0.058252 0.051282 0.065934 0.123404 0.088235 0.014706 0.000000 0.000000 0.000000 0.062069 0.024000 0.000000 0.000000 0.017964 0.000000 0.157895 0.000000 0.000000 0.000000 0.065789 1.000000 0.000000 0.043902 0.000000 0.000000 0.016393 0.000000 0.076056 0.000000 0.000000 0.000000 0.000000 0.017751 0.038462 0.039764 0.064516 0.025316 0.034091 0.000000 0.060000 0.025316 0.166667 0.022472 0.086538 0.000000 0.167702 0.000000 0.000000 0.000000 0.000000 0.000000 0.034091 0.000000 0.000000 0.042980 0.000000 0.000000 0.000000 0.022989 0.000000 0.064516 0.000000 0.018868 0.172414 0.065789 0.064516 0.047368 0.000000 0.167702 0.046512 0.020619 0.000000 0.172414 0.000000 0.038462 0.016043 0.000000 0.037975 0.126761 0.018868 0.000000 0.000000 0.000000 0.000000 0.000000 0.000000 0.091837 0.000000 0.000000 0.000000 0.000000 0.100000 0.017751 0.100000 0.021277 0.000000 0.000000 0.017964 0.100000 0.079646 0.123404 0.500000 0.042980 0.157895 0.187500 0.000000 0.000000 0.039764 0.000000 0.079646 0.000000 0.112219 0.000000 0.000000 0.140187 0.000000 0.000000 0.166667 0.000000 0.000000 0.000000 0.055556 0.000000 0.000000 0.000000 0.000000 0.063830 0.000000 0.030612 0.000000 0.197368 0.000000 0.022989 0.064516 0.000000 0.000000 0.000000 0.000000 0.022989 0.000000 0.000000 0.167702 0.000000 0.023810 0.140187 0.024000 0.189474 0.018868 0.000000 0.166667 0.000000 0.000000 0.052083 0.193548 0.065789 0.023077 0.088235 0.000000 0.115385 0.000000 0.167702 0.028846 0.022989 0.000000 0.000000 0.037975 0.049505 0.018293 0.000000 0.038462 0.022472 0.000000 0.000000 0.000000 0.000000 0.000000 0.000000 0.000000 0.031915 0.015291 0.000000 0.349515 0.067164 0.000000 0.018868 0.047120 0.000000 0.000000 0.000000 0.017544 0.000000 0.023810 0.000000 0.000000 0.000000 0.000000 0.000000 0.064516 0.000000 0.000000 0.000000 0.038462 0.018293 0.067164 0.021277 0.113636 0.000000 0.022989 0.058824 0.178571 0.000000 0.166667 0.000000 0.200000 0.000000 0.000000 0.105882 0.000000 0.023810 0.000000 0.000000 0.017964 0.044335 0.021978 0.000000 0.018868 0.000000 0.038462 0.065789 0.058252 0.000000 0.193548 0.000000 0.000000 0.053571 0.025316 0.064516
0.000000 0.000000 0.000000 0.000000 0.000000 0.000000 0.000000 0.000000 0.000000 0.000000 0.000000 0.000000 0.000000 0.000000 0.000000 0.000000 0.000000 0.147541 0.000000 0.000000 0.000000 0.000000 0.000000 0.000000 0.000000 0.000000 0.084746 0.000000 0.000000 0.000000 0.000000 0.000000 0.000000 0.000000 0.000000 0.000000 0.000000 0.000000 0.000000 0.000000 0.000000 0.000000 0.000000 0.000000 0.000000 0.000000 0.000000 0.000000 0.000000 0.000000 0.000000 0.000000 0.000000 0.000000 0.000000 0.000000 0.000000 0.000000 0.000000 1.000000 0.000000 0.000000 0.000000 0.000000 0.000000 0.000000 0.000000 0.000000 0.000000 0.000000 0.000000 0.000000 0.000000 0.000000 0.000000 0.000000 0.000000 0.000000 0.000000 0.000000 0.000000 0.000000 0.000000 0.000000 0.000000 0.000000 0.000000 0.000000 0.000000 0.000000 0.000000 0.000000 0.000000 0.000000 0.000000 0.000000 0.000000 0.000000 0.000000 0.000000 0.000000 0.000000 0.000000 0.000000 0.000000 0.000000 0.000000 0.000000 0.000000 0.000000 0.000000 0.000000 0.000000 0.000000 0.000000 0.000000 0.000000 0.000000 0.000000 0.000000 0.000000 0.000000 0.000000 0.000000 0.000000 0.000000 0.000000 0.000000 0.000000 0.000000 0.000000 0.000000 0.000000 0.000000 0.000000 0.000000 0.000000 0.000000 0.000000 0.000000 0.000000 0.000000 0.000000 0.000000 0.000000 0.000000 0.000000 0.000000 0.000000 0.000000 0.000000 0.000000 0.000000 0.000000 0.000000 0.000000 0.000000 0.000000 0.000000 0.000000 0.000000 0.000000 0.000000 0.000000 0.000000 0.000000 0.000000 0.000000 0.000000 0.000000 0.000000 0.000000 0.000000 0.000000 0.000000 0.000000 0.000000 0.000000 0.000000 0.000000 0.000000 0.000000 0.000000 0.000000 0.000000 0.000000 0.000000 0.000000 0.000000 0.000000 0.000000 0.000000 0.000000 0.000000 0.000000 0.000000 0.000000 0.000000 0.000000 0.000000 0.000000 0.737705 0.000000 0.000000 0.000000 0.000000 0.000000 0.000000 0.000000 0.000000 0.049180 0.000000 0.000000 0.000000 0.000000 0.000000 0.000000 0.000000 0.000000 0.000000 0.000000 0.000000 0.000000 0.000000 0.025641 0.000000 0.163636 0.000000 0.037037 0.000000 0.000000 0.000000 0.000000 0.000000 0.000000 0.000000 0.000000 0.000000 0.000000 0.000000 0.000000 0.000000 0.000000 0.000000 0.000000 0.000000 0.000000 0.000000 0.000000 0.000000 0.000000 0.000000 0.000000 0.000000 0.000000 0.000000 0.000000 0.000000 0.000000 0.000000 0.000000 0.000000 0.000000 0.000000 0.084746 0.000000 0.000000 0.000000 0.000000 0.000000 0.000000 0.000000 0.000000 0.000000 0.000000
0.744000 0.000000 0.000000 0.233161 0.000000 0.000000 0.000000 0.010989 0.135678 0.000000 0.010989 0.000000 0.000000 0.000000 0.000000 0.000000 0.020520 0.000000 0.000000 0.000000 0.251208 0.029586 0.000000 0.000000 0.043902 0.015707 0.000000 0.142857 0.000000 0.000000 0.000000 0.000000 0.046154 0.312217 0.011299 0.071770 0.043902 0.008499 0.041096 0.036437 0.046154 0.020161 0.207373 0.009217 0.000000 0.156425 0.000000 0.049505 0.019011 0.000000 0.000000 0.011111 0.000000 0.029557 0.000000 0.261628 0.000000 0.054545 0.043902 0.000000 1.000000 0.000000 0.000000 0.010204 0.000000 0.026247 0.000000 0.000000 0.000000 0.000000 0.010989 0.000000 0.020520 0.316583 0.017544 0.026455 0.000000 0.126761 0.017544 0.139896 0.015707 0.312217 0.000000 0.000000 0.000000 0.035503 0.000000 0.000000 0.227027 0.026455 0.000000 0.000000 0.744000 0.000000 0.000000 0.000000 0.016043 0.000000 0.045226 0.000000 0.011628 0.032086 0.054545 0.045226 0.029557 0.000000 0.000000 0.033210 0.275362 0.000000 0.032086 0.000000 0.029586 0.010000 0.000000 0.000000 0.000000 0.011628 0.000000 0.000000 0.000000 0.000000 0.000000 0.000000 0.071770 0.060606 0.000000 0.000000 0.019704 0.233161 0.010989 0.077720 0.014925 0.000000 0.000000 0.011111 0.544041 0.062762 0.020161 0.043902 0.744000 0.029557 0.063291 0.000000 0.000000 0.020520 0.000000 0.062762 0.000000 0.000000 0.000000 0.000000 0.000000 0.000000 0.000000 0.065744 0.000000 0.000000 0.000000 0.139896 0.000000 0.000000 0.000000 0.000000 0.044776 0.000000 0.023923 0.000000 0.163636 0.000000 0.016043 0.316583 0.019704 0.060606 0.000000 0.000000 0.016043 0.018957 0.000000 0.000000 0.000000 0.016575 0.000000 0.019011 0.000000 0.011628 0.000000 0.139896 0.256158 0.000000 0.043902 0.045226 0.000000 0.018315 0.207373 0.000000 0.000000 0.000000 0.000000 0.022624 0.016043 0.000000 0.018957 0.000000 0.023256 0.011299 0.000000 0.029586 0.015707 0.000000 0.000000 0.000000 0.035503 0.000000 0.000000 0.000000 0.024876 0.008499 0.000000 0.027397 0.245552 0.030000 0.011628 0.029412 0.000000 0.000000 0.000000 0.010870 0.000000 0.016575 0.000000 0.000000 0.050633 0.000000 0.000000 0.316583 0.000000 0.000000 0.000000 0.029586 0.011299 0.053381 0.014925 0.097473 0.000000 0.016043 0.041475 0.447514 0.000000 0.139896 0.000000 0.061728 0.000000 0.000000 0.081967 0.048780 0.016575 0.000000 0.000000 0.011111 0.027778 0.015385 0.000000 0.011628 0.000000 0.029586 0.000000 0.041096 0.000000 0.045226 0.000000 0.000000 0.113924 0.017544 0.000000
0.000000 0.000000 0.000000 0.000000 0.041379 0.000000 0.000000 0.000000 0.000000 0.000000 0.000000 0.000000 0.341463 0.411765 0.000000 0.000000 0.000000 0.000000 0.000000 0.166667 0.000000 0.000000 0.000000 0.162162 0.000000 0.000000 0.000000 0.000000 0.090909 0.000000 0.041096 0.108434 0.000000 0.000000 0.000000 0.000000 0.000000 0.000000 0.000000 0.000000 0.000000 0.000000 0.000000 0.000000 0.000000 0.000000 0.000000 0.000000 0.034783 0.053333 0.000000 0.000000 0.230769 0.000000 0.000000 0.000000 0.000000 0.000000 0.000000 0.000000 0.000000 1.000000 0.000000 0.000000 0.000000 0.000000 0.000000 0.047904 0.000000 0.000000 0.000000 0.000000 0.000000 0.000000 0.000000 0.000000 0.000000 0.000000 0.000000 0.000000 0.000000 0.000000 0.294737 0.000000 0.126761 0.000000 0.000000 0.053333 0.000000 0.000000 0.272727 0.000000 0.000000 0.000000 0.000000 0.000000 0.000000 0.053333 0.000000 0.000000 0.000000 0.000000 0.000000 0.000000 0.000000 0.000000 0.000000 0.000000 0.000000 0.000000 0.000000 0.090909 0.000000 0.000000 0.000000 0.000000 0.000000 0.000000 0.043478 0.000000 0.000000 0.000000 0.000000 0.000000 0.000000 0.000000 0.000000 0.000000 0.000000 0.000000 0.000000 0.000000 0.000000 0.000000 0.000000 0.000000 0.000000 0.000000 0.000000 0.000000 0.000000 0.000000 0.000000 0.000000 0.000000 0.000000 0.000000 0.000000 0.000000 0.000000 0.000000 0.000000 0.000000 0.525000 0.045977 0.000000 0.043478 0.341463 0.000000 0.000000 0.000000 0.000000 0.000000 0.000000 0.000000 0.166667 0.000000 0.075000 0.000000 0.000000 0.000000 0.000000 0.000000 0.000000 0.000000 0.000000 0.000000 0.000000 0.031373 0.000000 0.000000 0.000000 0.000000 0.034783 0.000000 0.000000 0.000000 0.000000 0.000000 0.000000 0.000000 0.000000 0.000000 0.033333 0.000000 0.000000 0.000000 0.042553 0.000000 0.000000 0.000000 0.000000 0.000000 0.000000 0.000000 0.000000 0.000000 0.000000 0.000000 0.000000 0.000000 0.090909 0.000000 0.000000 0.636364 0.000000 0.000000 0.000000 0.000000 0.000000 0.000000 0.000000 0.000000 0.000000 0.000000 0.000000 0.000000 0.000000 0.000000 0.000000 0.000000 0.411765 0.000000 0.108434 0.000000 0.000000 0.157895 0.000000 0.033223 0.000000 0.000000 0.000000 0.000000 0.000000 0.000000 0.000000 0.000000 0.000000 0.000000 0.000000 0.225000 0.000000 0.243243 0.000000 0.000000 0.000000 0.000000 0.000000 0.000000 0.000000 0.000000 0.000000 0.000000 0.000000 0.000000 0.000000 0.000000 0.000000 0.483871 0.000000 0.000000 0.000000 0.000000 0.000000 0.000000
0.000000 0.000000 0.044280 0.000000 0.000000 0.000000 0.000000 0.024390 0.000000 0.000000 0.024390 0.000000 0.000000 0.000000 0.068182 0.000000 0.000000 0.000000 0.000000 0.000000 0.034783 0.000000 0.173554 0.000000 0.000000 0.028037 0.000000 0.000000 0.000000 0.000000 0.000000 0.000000 0.000000 0.000000 0.022500 0.000000 0.000000 0.000000 0.000000 0.000000 0.000000 0.000000 0.000000 0.018750 0.000000 0.000000 0.092784 0.000000 0.027972 0.000000 0.000000 0.000000 0.000000 0.000000 0.000000 0.000000 0.000000 0.000000 0.000000 0.000000 0.000000 0.000000 1.000000 0.000000 0.000000 0.000000 0.050000 0.000000 0.000000 0.071429 0.024390 0.000000 0.000000 0.000000 0.000000 0.028302 0.080645 0.000000 0.000000 0.111111 0.028037 0.000000 0.000000 0.000000 0.000000 0.000000 0.000000 0.000000 0.000000 0.028302 0.000000 0.035714 0.000000 0.000000 0.000000 0.125000 0.000000 0.000000 0.000000 0.000000 0.000000 0.000000 0.000000 0.000000 0.000000 0.000000 0.000000 0.000000 0.000000 0.097561 0.000000 0.000000 0.000000 0.000000 0.269231 0.000000 0.096386 0.000000 0.000000 0.000000 0.000000 0.000000 0.000000 0.111111 0.000000 0.000000 0.046154 0.000000 0.000000 0.000000 0.024390 0.000000 0.000000 0.000000 0.182609 0.000000 0.000000 0.000000 0.000000 0.000000 0.000000 0.000000 0.000000 0.114833 0.049180 0.000000 0.000000 0.000000 0.000000 0.067653 0.000000 0.000000 0.000000 0.000000 0.000000 0.000000 0.000000 0.000000 0.000000 0.000000 0.106667 0.000000 0.000000 0.000000 0.000000 0.000000 0.034483 0.000000 0.000000 0.162162 0.000000 0.000000 0.000000 0.000000 0.000000 0.000000 0.000000 0.000000 0.231511 0.000000 0.036036 0.024510 0.000000 0.027972 0.000000 0.000000 0.000000 0.111111 0.000000 0.000000 0.035088 0.000000 0.000000 0.027027 0.000000 0.068807 0.000000 0.098361 0.000000 0.000000 0.000000 0.000000 0.000000 0.000000 0.000000 0.022500 0.053097 0.000000 0.028037 0.000000 0.000000 0.000000 0.000000 0.029126 0.000000 0.000000 0.000000 0.000000 0.000000 0.000000 0.000000 0.000000 0.000000 0.000000 0.078947 0.000000 0.000000 0.000000 0.000000 0.024510 0.000000 0.000000 0.215385 0.000000 0.176471 0.000000 0.000000 0.092308 0.000000 0.000000 0.022500 0.000000 0.000000 0.120000 0.000000 0.000000 0.000000 0.000000 0.000000 0.111111 0.037037 0.000000 0.000000 0.000000 0.087379 0.000000 0.024510 0.000000 0.113208 0.000000 0.000000 0.000000 0.000000 0.000000 0.000000 0.000000 0.000000 0.000000 0.000000 0.000000 0.000000 0.000000 0.000000 0.000000 0.000000
0.009063 0.000000 0.000000 0.029240 0.000000 0.000000 0.000000 0.037500 0.016949 0.000000 0.037500 0.000000 0.000000 0.000000 0.000000 0.000000 0.007776 0.000000 0.000000 0.000000 0.000000 0.224490 0.000000 0.000000 0.016393 0.053254 0.000000 0.053892 0.000000 0.000000 0.000000 0.000000 0.017341 0.025126 0.038710 0.026738 0.016393 0.378641 0.015228 0.306667 0.017341 0.061947 0.025641 0.030769 0.000000 0.000000 0.000000 0.145907 0.062241 0.000000 0.000000 0.037975 0.000000 0.011050 0.000000 0.000000 0.000000 0.426573 0.016393 0.000000 0.010204 0.000000 0.000000 1.000000 0.000000 0.029674 0.000000 0.000000 0.000000 0.000000 0.037500 0.000000 0.007776 0.016949 0.060403 0.089820 0.000000 0.078534 0.060403 0.052632 0.053254 0.025126 0.000000 0.000000 0.000000 0.000000 0.000000 0.000000 0.000000 0.089820 0.000000 0.000000 0.009063 0.000000 0.000000 0.000000 0.054545 0.000000 0.016949 0.000000 0.093333 0.012121 0.188811 0.016949 0.027624 0.000000 0.000000 0.084337 0.048649 0.000000 0.012121 0.000000 0.102041 0.168539 0.000000 0.000000 0.000000 0.040000 0.000000 0.000000 0.000000 0.000000 0.000000 0.000000 0.026738 0.000000 0.000000 0.000000 0.000000 0.029240 0.037500 0.029240 0.050279 0.000000 0.000000 0.493671 0.029240 0.023041 0.061947 0.016393 0.009063 0.011050 0.023256 0.000000 0.000000 0.007776 0.000000 0.023041 0.000000 0.000000 0.000000 0.000000 0.000000 0.000000 0.000000 0.228464 0.000000 0.000000 0.000000 0.052632 0.000000 0.000000 0.000000 0.000000 0.016760 0.000000 0.080214 0.000000 0.062937 0.000000 0.709091 0.016949 0.000000 0.000000 0.000000 0.000000 0.127273 0.000000 0.000000 0.000000 0.000000 0.056604 0.000000 0.062241 0.000000 0.093333 0.000000 0.052632 0.000000 0.000000 0.147541 0.016949 0.000000 0.059761 0.025641 0.000000 0.000000 0.000000 0.000000 0.075377 0.054545 0.000000 0.000000 0.000000 0.150259 0.038710 0.000000 0.102041 0.053254 0.000000 0.000000 0.000000 0.000000 0.000000 0.000000 0.000000 0.217877 0.378641 0.000000 0.071066 0.088803 0.000000 0.093333 0.010989 0.000000 0.000000 0.000000 0.037037 0.000000 0.056604 0.000000 0.000000 0.000000 0.000000 0.000000 0.016949 0.000000 0.000000 0.000000 0.102041 0.038710 0.150579 0.050279 0.168627 0.000000 0.127273 0.169231 0.056604 0.000000 0.052632 0.000000 0.022624 0.000000 0.000000 0.031056 0.000000 0.056604 0.000000 0.000000 0.493671 0.072165 0.052023 0.000000 0.093333 0.000000 0.224490 0.000000 0.015228 0.000000 0.016949 0.000000 0.000000 0.069767 0.140940 0.000000
0.000000 0.000000 0.000000 0.000000 0.000000 0.000000 0.000000 0.000000 0.000000 0.113772 0.000000 0.000000 0.000000 0.000000 0.000000 0.000000 0.000000 0.000000 0.000000 0.000000 0.000000 0.000000 0.000000 0.000000 0.000000 0.000000 0.000000 0.000000 0.000000 0.000000 0.000000 0.000000 0.000000 0.000000 0.000000 0.000000 0.000000 0.000000 0.000000 0.000000 0.000000 0.000000 0.000000 0.056604 0.000000 0.000000 0.000000 0.000000 0.000000 0.000000 0.000000 0.000000 0.000000 0.000000 0.000000 0.000000 0.000000 0.000000 0.000000 0.000000 0.000000 0.000000 0.000000 0.000000 1.000000 0.000000 0.000000 0.000000 0.148936 0.000000 0.000000 0.000000 0.000000 0.000000 0.000000 0.000000 0.000000 0.000000 0.000000 0.000000 0.000000 0.000000 0.000000 0.000000 0.000000 0.000000 0.000000 0.000000 0.000000 0.000000 0.000000 0.000000 0.000000 0.000000 0.000000 0.000000 0.000000 0.000000 0.000000 0.000000 0.000000 0.000000 0.000000 0.000000 0.000000 0.000000 0.000000 0.000000 0.000000 0.000000 0.000000 0.000000 0.000000 0.000000 0.000000 0.000000 0.000000 0.000000 0.000000 0.000000 0.000000 0.000000 0.000000 0.000000 0.000000 0.000000 0.000000 0.000000 0.080808 0.000000 0.000000 0.000000 0.000000 0.000000 0.000000 0.000000 0.000000 0.000000 0.000000 0.000000 0.000000 0.000000 0.000000 0.000000 0.111111 0.000000 0.000000 0.000000 0.000000 0.000000 0.000000 0.000000 0.000000 0.000000 0.000000 0.000000 0.000000 0.000000 0.000000 0.000000 0.000000 0.000000 0.473684 0.000000 0.000000 0.000000 0.000000 0.000000 0.000000 0.000000 0.000000 0.000000 0.282828 0.000000 0.000000 0.100000 0.000000 0.058252 0.000000 0.000000 0.000000 0.000000 0.000000 0.000000 0.000000 0.000000 0.000000 0.000000 0.000000 0.000000 0.000000 0.000000 0.000000 0.000000 0.000000 0.000000 0.000000 0.000000 0.000000 0.055556 0.000000 0.000000 0.194175 0.000000 0.000000 0.000000 0.000000 0.000000 0.000000 0.000000 0.000000 0.000000 0.000000 0.000000 0.000000 0.000000 0.000000 0.000000 0.000000 0.000000 0.000000 0.000000 0.000000 0.000000 0.000000 0.000000 0.000000 0.000000 0.000000 0.000000 0.000000 0.000000 0.000000 0.000000 0.000000 0.000000 0.000000 0.000000 0.000000 0.000000 0.000000 0.000000 0.000000 0.000000 0.000000 0.000000 0.000000 0.000000 0.000000 0.000000 0.000000 0.000000 0.000000 0.000000 0.000000 0.000000 0.000000 0.000000 0.000000 0.000000 0.000000 0.000000 0.000000 0.000000 0.000000 0.000000 0.000000 0.000000 0.000000 0.000000 0.000000 0.000000 0.000000 0.000000 0.000000
0.028125 0.000000 0.000000 0.048338 0.000000 0.000000 0.000000 0.032362 0.034985 0.000000 0.032362 0.000000 0.000000 0.000000 0.000000 0.000000 0.027375 0.000000 0.000000 0.000000 0.000000 0.056537 0.000000 0.000000 0.076056 0.036697 0.000000 0.074303 0.000000 0.000000 0.000000 0.000000 0.035821 0.041344 0.033445 0.099174 0.076056 0.030201 0.031332 0.027335 0.035821 0.224490 0.094987 0.026385 0.000000 0.000000 0.000000 0.065336 0.033970 0.000000 0.000000 0.032787 0.000000 0.088319 0.000000 0.000000 0.000000 0.087273 0.076056 0.000000 0.026247 0.000000 0.000000 0.029674 0.000000 1.000000 0.000000 0.000000 0.000000 0.000000 0.032362 0.031802 0.027375 0.034985 0.041812 0.049536 0.000000 0.032345 0.041812 0.072508 0.036697 0.041344 0.000000 0.030717 0.000000 0.000000 0.000000 0.000000 0.000000 0.049536 0.000000 0.000000 0.028125 0.000000 0.000000 0.000000 0.037618 0.000000 0.069971 0.000000 0.034602 0.097179 0.087273 0.034985 0.028490 0.000000 0.030717 0.024641 0.033426 0.000000 0.097179 0.000000 0.056537 0.028986 0.000000 0.000000 0.022670 0.034602 0.000000 0.000000 0.000000 0.000000 0.000000 0.000000 0.099174 0.000000 0.028640 0.000000 0.000000 0.048338 0.032362 0.048338 0.034582 0.000000 0.000000 0.032787 0.048338 0.085106 0.224490 0.076056 0.028125 0.088319 0.143198 0.000000 0.000000 0.027375 0.000000 0.085106 0.000000 0.016129 0.000000 0.114286 0.020548 0.000000 0.022284 0.130019 0.000000 0.035398 0.000000 0.072508 0.000000 0.000000 0.000000 0.000000 0.034582 0.000000 0.044077 0.000000 0.087273 0.000000 0.037618 0.034985 0.000000 0.000000 0.000000 0.000000 0.037618 0.000000 0.000000 0.030717 0.000000 0.039088 0.020548 0.033970 0.076923 0.034602 0.000000 0.072508 0.000000 0.000000 0.067606 0.034985 0.061818 0.032587 0.094987 0.000000 0.222615 0.000000 0.030717 0.041344 0.037618 0.000000 0.000000 0.000000 0.056000 0.033445 0.056980 0.056537 0.036697 0.066007 0.000000 0.000000 0.000000 0.000000 0.000000 0.000000 0.046110 0.030201 0.000000 0.049608 0.031558 0.000000 0.034602 0.028329 0.000000 0.000000 0.000000 0.031949 0.000000 0.039088 0.000000 0.000000 0.000000 0.000000 0.000000 0.034985 0.000000 0.000000 0.000000 0.056537 0.033445 0.031558 0.034582 0.048096 0.000000 0.037618 0.042216 0.078176 0.000000 0.072508 0.000000 0.368910 0.000000 0.000000 0.051447 0.000000 0.039088 0.000000 0.000000 0.032787 0.047745 0.035821 0.000000 0.034602 0.000000 0.056537 0.061818 0.031332 0.000000 0.034985 0.000000 0.000000 0.057279 0.041812 0.218659
0.000000 0.000000 0.125436 0.000000 0.000000 0.000000 0.000000 0.022624 0.000000 0.000000 0.022624 0.000000 0.000000 0.000000 0.257143 0.086538 0.000000 0.000000 0.036364 0.000000 0.000000 0.000000 0.023256 0.000000 0.000000 0.026087 0.000000 0.000000 0.000000 0.000000 0.000000 0.000000 0.000000 0.000000 0.020833 0.000000 0.000000 0.000000 0.000000 0.041958 0.000000 0.000000 0.000000 0.017578 0.000000 0.000000 0.019048 0.000000 0.026490 0.000000 0.000000 0.000000 0.000000 0.000000 0.000000 0.000000 0.000000 0.000000 0.000000 0.000000 0.000000 0.000000 0.050000 0.000000 0.000000 0.000000 1.000000 0.000000 0.000000 0.000000 0.022624 0.000000 0.000000 0.000000 0.000000 0.026316 0.659091 0.000000 0.000000 0.025862 0.026087 0.000000 0.000000 0.000000 0.000000 0.000000 0.000000 0.000000 0.000000 0.026316 0.000000 0.100000 0.000000 0.000000 0.000000 0.028846 0.000000 0.000000 0.000000 0.000000 0.000000 0.000000 0.000000 0.000000 0.000000 0.131687 0.000000 0.000000 0.000000 0.000000 0.000000 0.000000 0.000000 0.000000 0.035714 0.000000 0.000000 0.000000 0.000000 0.000000 0.000000 0.000000 0.000000 0.102041 0.000000 0.000000 0.159420 0.000000 0.000000 0.000000 0.022624 0.129310 0.000000 0.058824 0.024390 0.000000 0.000000 0.000000 0.000000 0.000000 0.000000 0.000000 0.000000 0.026667 0.046154 0.000000 0.000000 0.000000 0.000000 0.166337 0.000000 0.000000 0.000000 0.000000 0.048780 0.000000 0.000000 0.000000 0.000000 0.000000 0.024896 0.000000 0.000000 0.038462 0.000000 0.000000 0.032258 0.000000 0.000000 0.033613 0.000000 0.000000 0.000000 0.000000 0.000000 0.000000 0.000000 0.000000 0.125382 0.000000 0.000000 0.022727 0.000000 0.026490 0.000000 0.000000 0.000000 0.025862 0.000000 0.000000 0.032787 0.000000 0.000000 0.025641 0.000000 0.012821 0.000000 0.023077 0.000000 0.000000 0.000000 0.000000 0.000000 0.000000 0.000000 0.020833 0.148760 0.000000 0.026087 0.000000 0.000000 0.000000 0.000000 0.081081 0.000000 0.315789 0.000000 0.000000 0.000000 0.000000 0.000000 0.000000 0.000000 0.024691 0.000000 0.000000 0.000000 0.000000 0.000000 0.022727 0.051282 0.000000 0.028986 0.000000 0.136364 0.000000 0.000000 0.028986 0.000000 0.000000 0.020833 0.037500 0.000000 0.031646 0.000000 0.000000 0.000000 0.000000 0.000000 0.025862 0.000000 0.000000 0.000000 0.147059 0.018018 0.000000 0.022727 0.038462 0.289474 0.000000 0.000000 0.000000 0.000000 0.000000 0.000000 0.000000 0.000000 0.000000 0.000000 0.000000 0.058824 0.054545 0.000000 0.000000 0.000000
0.000000 0.000000 0.000000 0.000000 0.300000 0.000000 0.000000 0.000000 0.000000 0.000000 0.000000 0.000000 0.044693 0.052980 0.000000 0.000000 0.000000 0.000000 0.000000 0.150943 0.000000 0.000000 0.000000 0.049080 0.000000 0.000000 0.000000 0.000000 0.244898 0.027624 0.260870 0.099448 0.000000 0.000000 0.000000 0.000000 0.000000 0.000000 0.000000 0.000000 0.000000 0.000000 0.000000 0.000000 0.000000 0.000000 0.000000 0.000000 0.097959 0.418182 0.000000 0.000000 0.070175 0.000000 0.111111 0.000000 0.070423 0.000000 0.000000 0.000000 0.000000 0.047904 0.000000 0.000000 0.000000 0.000000 0.000000 1.000000 0.000000 0.080569 0.000000 0.000000 0.000000 0.000000 0.000000 0.000000 0.000000 0.000000 0.000000 0.000000 0.000000 0.000000 0.117073 0.000000 0.114650 0.000000 0.122995 0.418182 0.000000 0.000000 0.081633 0.049180 0.000000 0.027322 0.000000 0.000000 0.000000 0.418182 0.000000 0.101604 0.000000 0.000000 0.000000 0.193370 0.000000 0.000000 0.000000 0.000000 0.000000 0.014634 0.000000 0.244898 0.000000 0.000000 0.000000 0.000000 0.000000 0.000000 0.117647 0.000000 0.125749 0.000000 0.000000 0.000000 0.000000 0.000000 0.000000 0.000000 0.000000 0.000000 0.000000 0.000000 0.000000 0.000000 0.000000 0.000000 0.000000 0.063348 0.000000 0.000000 0.000000 0.000000 0.000000 0.011905 0.000000 0.000000 0.231788 0.063348 0.000000 0.000000 0.000000 0.000000 0.000000 0.068571 0.126984 0.000000 0.117647 0.044693 0.000000 0.000000 0.010870 0.032967 0.000000 0.000000 0.000000 0.150943 0.000000 0.205714 0.000000 0.016575 0.000000 0.000000 0.000000 0.000000 0.000000 0.000000 0.000000 0.000000 0.088889 0.000000 0.000000 0.000000 0.000000 0.097959 0.000000 0.000000 0.000000 0.000000 0.000000 0.000000 0.000000 0.000000 0.000000 0.094118 0.000000 0.000000 0.000000 0.118227 0.000000 0.000000 0.000000 0.000000 0.000000 0.000000 0.000000 0.000000 0.000000 0.000000 0.000000 0.000000 0.000000 0.244898 0.000000 0.030303 0.081633 0.000000 0.000000 0.000000 0.000000 0.000000 0.000000 0.000000 0.000000 0.000000 0.087452 0.000000 0.000000 0.000000 0.120419 0.000000 0.000000 0.052980 0.000000 0.099448 0.000000 0.000000 0.047904 0.022831 0.226586 0.000000 0.000000 0.000000 0.000000 0.000000 0.082353 0.000000 0.015075 0.000000 0.000000 0.000000 0.068571 0.000000 0.220859 0.000000 0.000000 0.000000 0.000000 0.000000 0.000000 0.000000 0.000000 0.000000 0.000000 0.000000 0.000000 0.000000 0.000000 0.000000 0.143885 0.000000 0.000000 0.000000 0.000000 0.000000 0.000000
0.000000 0.000000 0.000000 0.000000 0.000000 0.114286 0.000000 0.000000 0.000000 0.102041 0.000000 0.071429 0.000000 0.000000 0.000000 0.000000 0.063391 0.000000 0.000000 0.000000 0.000000 0.000000 0.082474 0.000000 0.000000 0.000000 0.000000 0.000000 0.000000 0.000000 0.000000 0.000000 0.094118 0.000000 0.000000 0.000000 0.000000 0.000000 0.082474 0.000000 0.094118 0.000000 0.000000 0.041667 0.114286 0.000000 0.000000 0.000000 0.000000 0.000000 0.068966 0.000000 0.000000 0.000000 0.000000 0.000000 0.000000 0.000000 0.000000 0.000000 0.000000 0.000000 0.000000 0.000000 0.148936 0.000000 0.000000 0.000000 1.000000 0.000000 0.000000 0.000000 0.063391 0.000000 0.000000 0.000000 0.000000 0.000000 0.000000 0.000000 0.000000 0.000000 0.000000 0.000000 0.000000 0.000000 0.000000 0.000000 0.000000 0.000000 0.000000 0.000000 0.000000 0.000000 0.114286 0.000000 0.000000 0.000000 0.000000 0.000000 0.000000 0.000000 0.000000 0.000000 0.000000 0.000000 0.000000 0.065041 0.000000 0.000000 0.000000 0.000000 0.000000 0.000000 0.150000 0.000000 0.000000 0.000000 0.000000 0.000000 0.000000 0.000000 0.000000 0.000000 0.000000 0.000000 0.000000 0.000000 0.067416 0.000000 0.000000 0.000000 0.000000 0.000000 0.087912 0.000000 0.000000 0.000000 0.000000 0.000000 0.000000 0.000000 0.000000 0.000000 0.102041 0.063391 0.000000 0.000000 0.000000 0.000000 0.000000 0.000000 0.000000 0.000000 0.000000 0.000000 0.000000 0.000000 0.000000 0.000000 0.000000 0.000000 0.151515 0.000000 0.000000 0.000000 0.000000 0.000000 0.000000 0.000000 0.000000 0.000000 0.157303 0.000000 0.000000 0.085714 0.000000 0.043011 0.000000 0.000000 0.057471 0.000000 0.000000 0.000000 0.000000 0.000000 0.256000 0.000000 0.000000 0.083333 0.000000 0.000000 0.000000 0.000000 0.000000 0.000000 0.000000 0.000000 0.000000 0.040816 0.000000 0.000000 0.107527 0.000000 0.000000 0.000000 0.000000 0.000000 0.000000 0.000000 0.000000 0.000000 0.000000 0.000000 0.000000 0.000000 0.000000 0.000000 0.000000 0.000000 0.000000 0.000000 0.000000 0.000000 0.000000 0.000000 0.000000 0.000000 0.000000 0.000000 0.000000 0.000000 0.000000 0.000000 0.000000 0.000000 0.000000 0.000000 0.000000 0.000000 0.000000 0.000000 0.000000 0.000000 0.000000 0.000000 0.000000 0.000000 0.102564 0.000000 0.000000 0.000000 0.000000 0.000000 0.000000 0.000000 0.000000 0.000000 0.000000 0.000000 0.000000 0.000000 0.083333 0.000000 0.000000 0.000000 0.000000 0.082474 0.000000 0.000000 0.000000 0.000000 0.000000 0.000000 0.000000
0.000000 0.000000 0.000000 0.000000 0.089947 0.000000 0.000000 0.000000 0.000000 0.000000 0.000000 0.000000 0.000000 0.000000 0.119048 0.000000 0.000000 0.000000 0.125000 0.000000 0.027523 0.000000 0.000000 0.000000 0.000000 0.000000 0.000000 0.000000 0.000000 0.028571 0.000000 0.000000 0.000000 0.000000 0.000000 0.000000 0.000000 0.000000 0.000000 0.000000 0.000000 0.000000 0.000000 0.000000 0.000000 0.000000 0.000000 0.000000 0.000000 0.123711 0.000000 0.000000 0.000000 0.000000 0.210000 0.000000 0.297521 0.000000 0.000000 0.000000 0.000000 0.000000 0.071429 0.000000 0.000000 0.000000 0.000000 0.080569 0.000000 1.000000 0.000000 0.000000 0.000000 0.000000 0.000000 0.000000 0.000000 0.000000 0.000000 0.000000 0.000000 0.000000 0.000000 0.000000 0.000000 0.000000 0.212963 0.123711 0.000000 0.000000 0.000000 0.047170 0.000000 0.028302 0.000000 0.000000 0.000000 0.123711 0.000000 0.212963 0.000000 0.000000 0.000000 0.180952 0.000000 0.000000 0.000000 0.000000 0.000000 0.094017 0.000000 0.000000 0.000000 0.000000 0.000000 0.000000 0.075949 0.000000 0.000000 0.000000 0.122449 0.038095 0.000000 0.000000 0.000000 0.000000 0.000000 0.000000 0.000000 0.000000 0.000000 0.000000 0.000000 0.000000 0.000000 0.000000 0.000000 0.068000 0.000000 0.000000 0.000000 0.000000 0.000000 0.106599 0.000000 0.000000 0.211111 0.068000 0.000000 0.000000 0.176471 0.122449 0.000000 0.000000 0.000000 0.000000 0.000000 0.000000 0.000000 0.000000 0.098592 0.042654 0.000000 0.000000 0.000000 0.000000 0.000000 0.000000 0.000000 0.161905 0.000000 0.000000 0.000000 0.000000 0.000000 0.000000 0.000000 0.000000 0.060201 0.000000 0.028571 0.000000 0.000000 0.000000 0.000000 0.000000 0.000000 0.000000 0.000000 0.000000 0.000000 0.000000 0.000000 0.000000 0.000000 0.000000 0.000000 0.000000 0.000000 0.000000 0.000000 0.000000 0.000000 0.000000 0.000000 0.000000 0.084112 0.000000 0.000000 0.094737 0.000000 0.000000 0.000000 0.030928 0.000000 0.000000 0.000000 0.000000 0.000000 0.000000 0.000000 0.000000 0.000000 0.000000 0.273973 0.000000 0.000000 0.000000 0.172727 0.000000 0.000000 0.000000 0.000000 0.000000 0.000000 0.000000 0.000000 0.241935 0.069409 0.000000 0.000000 0.000000 0.000000 0.000000 0.085427 0.000000 0.017544 0.000000 0.000000 0.000000 0.029412 0.000000 0.000000 0.000000 0.000000 0.000000 0.000000 0.000000 0.000000 0.000000 0.000000 0.000000 0.000000 0.000000 0.000000 0.000000 0.000000 0.000000 0.000000 0.000000 0.000000 0.000000 0.000000 0.000000 0.000000
0.009901 0.000000 0.066038 0.031847 0.000000 0.000000 0.000000 0.342466 0.018405 0.000000 0.561644 0.000000 0.000000 0.000000 0.000000 0.000000 0.008518 0.000000 0.000000 0.000000 0.000000 0.112782 0.016393 0.000000 0.017751 0.483871 0.000000 0.117647 0.000000 0.000000 0.000000 0.000000 0.018868 0.027027 0.148936 0.028902 0.017751 0.032028 0.016393 0.042654 0.018868 0.028302 0.027624 0.116022 0.000000 0.000000 0.000000 0.033708 0.233480 0.000000 0.128834 0.041667 0.000000 0.011976 0.000000 0.000000 0.000000 0.209302 0.017751 0.000000 0.010989 0.000000 0.024390 0.037500 0.000000 0.032362 0.022624 0.000000 0.000000 0.000000 1.000000 0.000000 0.008518 0.018405 0.155556 0.294118 0.047619 0.039548 0.066667 0.057325 0.793548 0.027027 0.000000 0.000000 0.000000 0.000000 0.000000 0.000000 0.000000 0.294118 0.000000 0.030303 0.009901 0.000000 0.000000 0.000000 0.059603 0.000000 0.018405 0.000000 0.044118 0.013245 0.488372 0.018405 0.029940 0.000000 0.000000 0.038298 0.052632 0.000000 0.013245 0.000000 0.112782 0.036585 0.033557 0.000000 0.000000 0.102941 0.000000 0.000000 0.000000 0.000000 0.000000 0.140496 0.028902 0.000000 0.044776 0.066667 0.000000 0.031847 0.342466 0.031847 0.145455 0.000000 0.017544 0.041667 0.031847 0.024631 0.028302 0.017751 0.009901 0.011976 0.024876 0.000000 0.048649 0.008518 0.000000 0.024631 0.000000 0.028169 0.000000 0.000000 0.000000 0.000000 0.000000 0.106719 0.000000 0.000000 0.037594 0.057325 0.000000 0.000000 0.000000 0.000000 0.036364 0.000000 0.722543 0.000000 0.069767 0.000000 0.059603 0.018405 0.000000 0.000000 0.000000 0.000000 0.059603 0.000000 0.000000 0.000000 0.000000 0.200000 0.000000 0.233480 0.000000 0.044118 0.000000 0.057325 0.000000 0.000000 0.455621 0.018405 0.000000 0.274262 0.027624 0.000000 0.000000 0.145946 0.000000 0.081081 0.059603 0.000000 0.000000 0.000000 0.061453 0.148936 0.053892 0.112782 0.793548 0.000000 0.000000 0.000000 0.000000 0.020408 0.000000 0.000000 0.090909 0.032028 0.000000 0.032787 0.044898 0.000000 0.044118 0.011905 0.000000 0.000000 0.000000 0.040541 0.000000 0.200000 0.000000 0.000000 0.039801 0.000000 0.000000 0.018405 0.000000 0.000000 0.000000 0.263158 0.148936 0.061224 0.145455 0.078838 0.000000 0.059603 0.082873 0.062069 0.000000 0.057325 0.000000 0.024155 0.000000 0.000000 0.034014 0.000000 0.200000 0.000000 0.058824 0.041667 0.033333 0.056604 0.000000 0.044118 0.000000 0.112782 0.000000 0.016393 0.000000 0.018405 0.000000 0.000000 0.034826 0.066667 0.000000
0.000000 0.000000 0.000000 0.000000 0.000000 0.000000 0.000000 0.000000 0.000000 0.000000 0.000000 0.000000 0.000000 0.000000 0.000000 0.000000 0.000000 0.000000 0.000000 0.000000 0.000000 0.000000 0.000000 0.000000 0.038462 0.000000 0.000000 0.000000 0.000000 0.000000 0.000000 0.000000 0.000000 0.000000 0.000000 0.000000 0.038462 0.000000 0.000000 0.000000 0.000000 0.025126 0.000000 0.000000 0.000000 0.000000 0.000000 0.000000 0.000000 0.000000 0.000000 0.000000 0.000000 0.032468 0.000000 0.000000 0.000000 0.000000 0.038462 0.000000 0.000000 0.000000 0.000000 0.000000 0.000000 0.031802 0.000000 0.000000 0.000000 0.000000 0.000000 1.000000 0.000000 0.000000 0.000000 0.000000 0.000000 0.000000 0.000000 0.000000 0.000000 0.000000 0.000000 0.040000 0.000000 0.000000 0.000000 0.000000 0.000000 0.000000 0.000000 0.000000 0.000000 0.000000 0.000000 0.000000 0.000000 0.000000 0.000000 0.000000 0.000000 0.036232 0.000000 0.000000 0.000000 0.000000 0.040000 0.000000 0.000000 0.000000 0.036232 0.000000 0.000000 0.000000 0.000000 0.000000 0.028249 0.000000 0.000000 0.000000 0.000000 0.000000 0.000000 0.000000 0.000000 0.000000 0.000000 0.000000 0.000000 0.000000 0.000000 0.000000 0.000000 0.000000 0.000000 0.000000 0.000000 0.000000 0.025126 0.038462 0.000000 0.032468 0.000000 0.000000 0.000000 0.000000 0.000000 0.000000 0.000000 0.027356 0.000000 0.000000 0.036145 0.000000 0.000000 0.000000 0.000000 0.000000 0.000000 0.000000 0.000000 0.000000 0.000000 0.000000 0.000000 0.000000 0.000000 0.000000 0.000000 0.000000 0.000000 0.000000 0.000000 0.000000 0.000000 0.000000 0.000000 0.000000 0.000000 0.040000 0.000000 0.000000 0.036145 0.000000 0.038961 0.000000 0.000000 0.000000 0.000000 0.000000 0.000000 0.000000 0.310345 0.000000 0.000000 0.000000 0.066667 0.000000 0.040000 0.000000 0.000000 0.000000 0.000000 0.000000 0.108434 0.000000 0.000000 0.000000 0.000000 0.000000 0.000000 0.000000 0.000000 0.000000 0.000000 0.000000 0.000000 0.000000 0.000000 0.029412 0.000000 0.000000 0.000000 0.000000 0.000000 0.000000 0.000000 0.000000 0.000000 0.000000 0.000000 0.000000 0.000000 0.000000 0.000000 0.000000 0.000000 0.000000 0.000000 0.000000 0.000000 0.000000 0.000000 0.000000 0.000000 0.000000 0.000000 0.000000 0.000000 0.000000 0.000000 0.030928 0.000000 0.000000 0.000000 0.000000 0.000000 0.000000 0.000000 0.000000 0.000000 0.000000 0.000000 0.000000 0.000000 0.000000 0.310345 0.000000 0.000000 0.000000 0.000000 0.000000 0.000000 0.000000 0.040000
0.014778 0.000000 0.000000 0.080824 0.000000 0.231214 0.000000 0.008518 0.041221 0.000000 0.008518 0.114105 0.000000 0.000000 0.000000 0.000000 0.566102 0.000000 0.000000 0.000000 0.000000 0.031776 0.119728 0.000000 0.039764 0.014446 0.000000 0.160976 0.000000 0.000000 0.000000 0.000000 0.649452 0.068641 0.008818 0.073381 0.039764 0.005310 0.189116 0.031877 0.649452 0.012926 0.070151 0.006878 0.231214 0.000000 0.000000 0.047619 0.018661 0.000000 0.109924 0.008636 0.000000 0.022355 0.000000 0.000000 0.000000 0.063584 0.039764 0.000000 0.020520 0.000000 0.000000 0.007776 0.000000 0.027375 0.000000 0.000000 0.063391 0.000000 0.008518 0.000000 1.000000 0.041221 0.016575 0.027642 0.000000 0.037975 0.016575 0.156894 0.014446 0.068641 0.000000 0.000000 0.000000 0.000000 0.000000 0.000000 0.000000 0.027642 0.000000 0.000000 0.014778 0.000000 0.231214 0.000000 0.014827 0.000000 0.041221 0.000000 0.009141 0.024712 0.063584 0.041221 0.111773 0.000000 0.000000 0.440085 0.013100 0.000000 0.024712 0.000000 0.031776 0.007587 0.120200 0.000000 0.000000 0.009141 0.000000 0.000000 0.000000 0.000000 0.000000 0.000000 0.073381 0.000000 0.000000 0.000000 0.000000 0.080824 0.008518 0.080824 0.013575 0.000000 0.058224 0.008636 0.080824 0.062577 0.012926 0.039764 0.014778 0.022355 0.063197 0.000000 0.000000 0.566102 0.000000 0.062577 0.000000 0.000000 0.000000 0.000000 0.000000 0.000000 0.000000 0.066010 0.000000 0.000000 0.000000 0.052298 0.000000 0.000000 0.000000 0.000000 0.040724 0.000000 0.024460 0.000000 0.190751 0.000000 0.014827 0.041221 0.000000 0.000000 0.000000 0.000000 0.014827 0.000000 0.000000 0.000000 0.073282 0.015437 0.000000 0.018661 0.000000 0.009141 0.169252 0.156894 0.000000 0.134579 0.048601 0.041221 0.000000 0.017876 0.070151 0.000000 0.000000 0.000000 0.000000 0.022880 0.014827 0.000000 0.000000 0.000000 0.023644 0.008818 0.000000 0.031776 0.014446 0.000000 0.000000 0.000000 0.000000 0.000000 0.000000 0.000000 0.025641 0.005310 0.000000 0.020408 0.051882 0.000000 0.009141 0.022222 0.000000 0.000000 0.000000 0.008403 0.000000 0.015437 0.000000 0.000000 0.000000 0.000000 0.000000 0.041221 0.000000 0.000000 0.000000 0.031776 0.008818 0.051882 0.013575 0.102378 0.000000 0.014827 0.037139 0.169811 0.205832 0.156894 0.000000 0.061372 0.000000 0.000000 0.086294 0.000000 0.015437 0.000000 0.000000 0.008636 0.020747 0.014085 0.134579 0.009141 0.000000 0.031776 0.000000 0.189116 0.000000 0.041221 0.000000 0.000000 0.033457 0.016575 0.000000
0.311573 0.000000 0.000000 0.310345 0.000000 0.000000 0.000000 0.018405 0.200000 0.000000 0.018405 0.000000 0.000000 0.000000 0.000000 0.000000 0.041221 0.000000 0.000000 0.000000 0.117021 0.040000 0.000000 0.000000 0.064516 0.023256 0.000000 0.176471 0.000000 0.000000 0.000000 0.000000 0.068182 0.445545 0.018987 0.094737 0.064516 0.015873 0.060000 0.052632 0.068182 0.034934 0.272727 0.015152 0.000000 0.112500 0.000000 0.063380 0.024590 0.000000 0.000000 0.018634 0.000000 0.048913 0.000000 0.098039 0.000000 0.068493 0.064516 0.000000 0.316583 0.000000 0.000000 0.016949 0.000000 0.034985 0.000000 0.000000 0.000000 0.000000 0.018405 0.000000 0.041221 1.000000 0.026316 0.035294 0.000000 0.185567 0.026316 0.172414 0.023256 0.445545 0.000000 0.000000 0.000000 0.053333 0.000000 0.000000 0.144578 0.035294 0.000000 0.000000 0.311573 0.000000 0.000000 0.000000 0.023810 0.000000 0.066667 0.000000 0.019608 0.053571 0.068493 0.066667 0.048913 0.000000 0.000000 0.047619 0.404255 0.000000 0.053571 0.000000 0.040000 0.016575 0.000000 0.000000 0.000000 0.019608 0.000000 0.000000 0.000000 0.000000 0.000000 0.000000 0.094737 0.082192 0.000000 0.000000 0.032609 0.310345 0.018405 0.103448 0.021978 0.000000 0.000000 0.018634 0.724138 0.081818 0.034934 0.064516 0.311573 0.048913 0.082569 0.000000 0.000000 0.041221 0.000000 0.081818 0.000000 0.000000 0.000000 0.000000 0.000000 0.000000 0.000000 0.081481 0.000000 0.000000 0.000000 0.195402 0.000000 0.000000 0.000000 0.000000 0.065934 0.000000 0.031579 0.000000 0.205479 0.000000 0.023810 1.000000 0.032609 0.082192 0.000000 0.000000 0.023810 0.031250 0.000000 0.000000 0.000000 0.024691 0.000000 0.024590 0.000000 0.019608 0.000000 0.172414 0.097826 0.000000 0.053763 0.066667 0.000000 0.023622 0.272727 0.000000 0.000000 0.000000 0.000000 0.029703 0.023810 0.000000 0.031250 0.000000 0.030612 0.018987 0.000000 0.040000 0.023256 0.000000 0.000000 0.000000 0.053333 0.000000 0.000000 0.000000 0.032967 0.015873 0.000000 0.045000 0.343511 0.044199 0.019608 0.048649 0.000000 0.000000 0.000000 0.018182 0.000000 0.024691 0.000000 0.000000 0.082569 0.000000 0.000000 1.000000 0.000000 0.000000 0.000000 0.040000 0.018987 0.068702 0.021978 0.116279 0.000000 0.023810 0.060606 0.555556 0.000000 0.172414 0.000000 0.080357 0.000000 0.000000 0.109756 0.064516 0.024691 0.000000 0.000000 0.018634 0.045685 0.022727 0.000000 0.019608 0.000000 0.040000 0.000000 0.060000 0.000000 0.066667 0.000000 0.000000 0.165138 0.026316 0.000000
0.017794 0.000000 0.000000 0.041096 0.000000 0.000000 0.000000 0.155556 0.026316 0.000000 0.155556 0.000000 0.000000 0.000000 0.000000 0.000000 0.016575 0.000000 0.000000 0.000000 0.000000 0.147541 0.000000 0.000000 0.025316 0.194444 0.000000 0.070423 0.000000 0.000000 0.000000 0.000000 0.027027 0.034483 0.069231 0.037037 0.025316 0.057915 0.023256 0.060000 0.027027 0.044776 0.035294 0.052941 0.000000 0.000000 0.000000 0.046875 0.083333 0.000000 0.000000 0.067669 0.000000 0.019231 0.000000 0.000000 0.000000 0.254237 0.025316 0.000000 0.017544 0.000000 0.000000 0.060403 0.000000 0.041812 0.000000 0.000000 0.000000 0.000000 0.155556 0.000000 0.016575 0.026316 1.000000 0.126761 0.000000 0.060241 0.096774 0.068493 0.194444 0.034483 0.000000 0.000000 0.000000 0.000000 0.000000 0.000000 0.000000 0.126761 0.000000 0.000000 0.017794 0.000000 0.000000 0.000000 0.085714 0.000000 0.026316 0.000000 0.072000 0.021429 0.593220 0.026316 0.051282 0.000000 0.000000 0.053571 0.075000 0.000000 0.021429 0.000000 0.147541 0.058824 0.000000 0.000000 0.000000 0.744000 0.000000 0.000000 0.000000 0.000000 0.000000 0.000000 0.037037 0.000000 0.000000 0.000000 0.000000 0.041096 0.155556 0.041096 0.389610 0.000000 0.000000 0.067669 0.041096 0.031250 0.044776 0.025316 0.017794 0.019231 0.031579 0.000000 0.000000 0.016575 0.000000 0.031250 0.000000 0.000000 0.000000 0.000000 0.000000 0.000000 0.000000 0.123967 0.000000 0.000000 0.000000 0.068493 0.000000 0.000000 0.000000 0.000000 0.025974 0.000000 0.259259 0.000000 0.084746 0.000000 0.085714 0.026316 0.000000 0.000000 0.000000 0.000000 0.085714 0.000000 0.000000 0.000000 0.000000 0.089552 0.000000 0.083333 0.000000 0.072000 0.000000 0.068493 0.000000 0.000000 0.189873 0.026316 0.000000 0.079646 0.035294 0.000000 0.000000 0.000000 0.000000 0.103448 0.085714 0.000000 0.000000 0.000000 0.083333 0.069231 0.000000 0.147541 0.194444 0.000000 0.000000 0.000000 0.000000 0.000000 0.000000 0.000000 0.116883 0.057915 0.000000 0.052326 0.059829 0.000000 0.072000 0.019108 0.000000 0.000000 0.000000 0.065693 0.000000 0.089552 0.000000 0.000000 0.000000 0.000000 0.000000 0.026316 0.000000 0.000000 0.000000 0.737705 0.069231 0.076923 0.389610 0.095652 0.000000 0.085714 0.105882 0.074627 0.000000 0.068493 0.000000 0.030612 0.000000 0.000000 0.044118 0.000000 0.089552 0.000000 0.000000 0.067669 0.053254 0.081081 0.000000 0.072000 0.000000 0.147541 0.000000 0.023256 0.000000 0.026316 0.000000 0.000000 0.052632 0.096774 0.000000
0.028391 0.000000 0.073059 0.048780 0.000000 0.000000 0.000000 0.294118 0.035294 0.000000 0.294118 0.000000 0.000000 0.000000 0.000000 0.000000 0.027642 0.000000 0.000000 0.000000 0.000000 0.171429 0.021053 0.000000 0.034091 0.358025 0.000000 0.137500 0.000000 0.000000 0.000000 0.000000 0.036145 0.041667 0.675676 0.044444 0.034091 0.091525 0.031579 0.082569 0.036145 0.068493 0.042553 0.531915 0.000000 0.000000 0.000000 0.065693 0.299145 0.000000 0.164706 0.099338 0.000000 0.028736 0.000000 0.000000 0.000000 0.264706 0.034091 0.000000 0.026455 0.000000 0.028302 0.089820 0.000000 0.049536 0.026316 0.000000 0.000000 0.000000 0.294118 0.000000 0.027642 0.035294 0.126761 1.000000 0.051020 0.086957 0.126761 0.073171 0.358025 0.041667 0.000000 0.000000 0.000000 0.000000 0.000000 0.000000 0.000000 0.600000 0.000000 0.034884 0.028391 0.000000 0.000000 0.000000 0.113924 0.000000 0.035294 0.000000 0.104895 0.031646 0.264706 0.035294 0.080460 0.000000 0.000000 0.074380 0.101124 0.000000 0.031646 0.000000 0.171429 0.087719 0.038462 0.000000 0.000000 0.104895 0.000000 0.000000 0.000000 0.000000 0.000000 0.140625 0.044444 0.000000 0.048077 0.084507 0.000000 0.048780 0.294118 0.048780 0.127907 0.000000 0.022472 0.099338 0.048780 0.038095 0.068493 0.034091 0.028391 0.028736 0.038462 0.000000 0.052083 0.027642 0.000000 0.038095 0.000000 0.032520 0.000000 0.000000 0.000000 0.000000 0.000000 0.138462 0.000000 0.000000 0.042857 0.073171 0.000000 0.000000 0.000000 0.000000 0.058140 0.000000 0.466667 0.000000 0.088235 0.000000 0.113924 0.035294 0.000000 0.000000 0.000000 0.000000 0.113924 0.000000 0.000000 0.000000 0.000000 0.789474 0.000000 0.299145 0.000000 0.104895 0.000000 0.073171 0.000000 0.000000 0.818182 0.035294 0.000000 0.344262 0.042553 0.000000 0.000000 0.156250 0.000000 0.125000 0.113924 0.000000 0.000000 0.000000 0.107527 0.675676 0.057471 0.171429 0.358025 0.000000 0.000000 0.000000 0.000000 0.025974 0.000000 0.000000 0.139535 0.091525 0.000000 0.078947 0.079365 0.000000 0.104895 0.028571 0.000000 0.000000 0.000000 0.096774 0.000000 0.789474 0.000000 0.000000 0.048077 0.000000 0.000000 0.035294 0.000000 0.000000 0.000000 0.171429 0.675676 0.095238 0.127907 0.112903 0.000000 0.113924 0.127660 0.078947 0.000000 0.073171 0.000000 0.037383 0.000000 0.000000 0.051948 0.000000 0.789474 0.000000 0.062500 0.099338 0.080214 0.108434 0.000000 0.104895 0.000000 0.171429 0.000000 0.031579 0.000000 0.035294 0.000000 0.000000 0.076923 0.126761 0.000000
0.000000 0.000000 0.188235 0.000000 0.000000 0.000000 0.000000 0.047619 0.000000 0.000000 0.047619 0.000000 0.000000 0.000000 0.387097 0.000000 0.000000 0.000000 0.063830 0.000000 0.000000 0.000000 0.044248 0.000000 0.000000 0.050505 0.000000 0.000000 0.000000 0.000000 0.000000 0.000000 0.000000 0.000000 0.046196 0.000000 0.000000 0.000000 0.000000 0.000000 0.000000 0.000000 0.000000 0.037946 0.000000 0.000000 0.033708 0.000000 0.044444 0.000000 0.000000 0.000000 0.000000 0.000000 0.000000 0.000000 0.000000 0.000000 0.000000 0.000000 0.000000 0.000000 0.080645 0.000000 0.000000 0.000000 0.659091 0.000000 0.000000 0.000000 0.047619 0.000000 0.000000 0.000000 0.000000 0.051020 1.000000 0.000000 0.000000 0.040000 0.050505 0.000000 0.000000 0.000000 0.000000 0.000000 0.000000 0.000000 0.000000 0.051020 0.000000 0.173077 0.000000 0.000000 0.000000 0.045455 0.000000 0.000000 0.000000 0.000000 0.000000 0.000000 0.000000 0.000000 0.000000 0.227488 0.000000 0.000000 0.000000 0.000000 0.000000 0.000000 0.000000 0.000000 0.062500 0.000000 0.000000 0.000000 0.000000 0.000000 0.000000 0.000000 0.000000 0.146341 0.000000 0.000000 0.196721 0.000000 0.000000 0.000000 0.047619 0.000000 0.000000 0.000000 0.046729 0.000000 0.000000 0.000000 0.000000 0.000000 0.000000 0.000000 0.000000 0.051813 0.070175 0.000000 0.000000 0.000000 0.000000 0.272109 0.000000 0.000000 0.000000 0.000000 0.000000 0.000000 0.000000 0.000000 0.000000 0.000000 0.047847 0.000000 0.000000 0.000000 0.000000 0.000000 0.055556 0.000000 0.000000 0.058252 0.000000 0.000000 0.000000 0.000000 0.000000 0.000000 0.000000 0.000000 0.027119 0.000000 0.000000 0.047872 0.000000 0.044444 0.000000 0.000000 0.000000 0.040000 0.000000 0.000000 0.056604 0.000000 0.000000 0.042857 0.000000 0.024752 0.000000 0.035088 0.000000 0.000000 0.000000 0.000000 0.000000 0.000000 0.000000 0.046196 0.228571 0.000000 0.050505 0.000000 0.000000 0.000000 0.000000 0.157895 0.000000 0.489796 0.000000 0.000000 0.000000 0.000000 0.000000 0.000000 0.000000 0.000000 0.000000 0.000000 0.000000 0.000000 0.000000 0.047872 0.000000 0.000000 0.049180 0.000000 0.191489 0.000000 0.000000 0.049180 0.000000 0.000000 0.046196 0.000000 0.000000 0.042254 0.000000 0.000000 0.000000 0.000000 0.000000 0.040000 0.000000 0.000000 0.000000 0.000000 0.031579 0.000000 0.047872 0.068182 0.428571 0.000000 0.000000 0.000000 0.000000 0.000000 0.000000 0.000000 0.000000 0.000000 0.000000 0.000000 0.000000 0.000000 0.000000 0.000000 0.000000
0.123288 0.000000 0.000000 0.287234 0.000000 0.000000 0.000000 0.039548 0.185567 0.000000 0.039548 0.000000 0.000000 0.000000 0.000000 0.000000 0.037975 0.000000 0.000000 0.000000 0.059406 0.097561 0.000000 0.000000 0.060000 0.053763 0.000000 0.163043 0.000000 0.000000 0.000000 0.000000 0.063158 0.194444 0.040698 0.088235 0.060000 0.067055 0.056075 0.123967 0.063158 0.279835 0.254717 0.033019 0.000000 0.034483 0.000000 0.261745 0.062016 0.000000 0.000000 0.040000 0.000000 0.045455 0.000000 0.029940 0.000000 0.175000 0.060000 0.000000 0.126761 0.000000 0.000000 0.078534 0.000000 0.032345 0.000000 0.000000 0.000000 0.000000 0.039548 0.000000 0.037975 0.185567 0.060241 0.086957 0.000000 1.000000 0.060241 0.159574 0.053763 0.194444 0.000000 0.000000 0.000000 0.146341 0.000000 0.000000 0.044444 0.086957 0.000000 0.000000 0.123288 0.000000 0.000000 0.000000 0.054945 0.000000 0.061856 0.000000 0.377246 0.049451 0.175000 0.061856 0.060606 0.000000 0.000000 0.112782 0.168317 0.000000 0.049451 0.000000 0.097561 0.035897 0.000000 0.000000 0.000000 0.041916 0.000000 0.000000 0.000000 0.000000 0.000000 0.000000 0.088235 0.225000 0.000000 0.000000 0.090909 0.670213 0.039548 0.095745 0.051020 0.000000 0.000000 0.085714 0.287234 0.076923 0.279835 0.060000 0.123288 0.045455 0.077586 0.000000 0.000000 0.037975 0.000000 0.076923 0.000000 0.000000 0.000000 0.000000 0.000000 0.000000 0.000000 0.140845 0.000000 0.000000 0.000000 0.095745 0.000000 0.000000 0.000000 0.000000 0.061224 0.000000 0.078431 0.000000 0.187500 0.000000 0.120879 0.185567 0.090909 0.225000 0.000000 0.000000 0.252747 0.087379 0.000000 0.000000 0.000000 0.056818 0.000000 0.062016 0.000000 0.377246 0.000000 0.159574 0.030303 0.000000 0.140000 0.061856 0.000000 0.059701 0.254717 0.000000 0.000000 0.000000 0.000000 0.074074 0.054945 0.000000 0.087379 0.000000 0.323810 0.040698 0.000000 0.097561 0.053763 0.000000 0.000000 0.000000 0.146341 0.000000 0.000000 0.000000 0.081633 0.067055 0.000000 0.322430 0.478261 0.123077 0.377246 0.045226 0.000000 0.000000 0.000000 0.039106 0.000000 0.056818 0.000000 0.000000 0.025862 0.000000 0.000000 0.185567 0.000000 0.000000 0.000000 0.097561 0.040698 0.101449 0.051020 0.147059 0.000000 0.252747 0.103774 0.511364 0.000000 0.159574 0.000000 0.075630 0.000000 0.000000 0.101124 0.180000 0.056818 0.000000 0.000000 0.085714 0.327014 0.052632 0.000000 0.377246 0.000000 0.097561 0.000000 0.056075 0.000000 0.061856 0.000000 0.000000 0.362069 0.277108 0.000000
0.017794 0.000000 0.000000 0.041096 0.000000 0.000000 0.000000 0.066667 0.026316 0.000000 0.066667 0.000000 0.000000 0.000000 0.000000 0.000000 0.016575 0.000000 0.000000 0.000000 0.000000 0.147541 0.000000 0.000000 0.025316 0.083333 0.000000 0.070423 0.000000 0.000000 0.000000 0.000000 0.027027 0.034483 0.069231 0.037037 0.025316 0.057915 0.023256 0.060000 0.027027 0.044776 0.035294 0.052941 0.000000 0.000000 0.000000 0.046875 0.083333 0.000000 0.000000 0.338346 0.000000 0.019231 0.000000 0.000000 0.000000 0.254237 0.025316 0.000000 0.017544 0.000000 0.000000 0.060403 0.000000 0.041812 0.000000 0.000000 0.000000 0.000000 0.066667 0.000000 0.016575 0.026316 0.096774 0.126761 0.000000 0.060241 1.000000 0.068493 0.083333 0.034483 0.000000 0.000000 0.000000 0.000000 0.000000 0.000000 0.000000 0.126761 0.000000 0.000000 0.017794 0.000000 0.000000 0.000000 0.200000 0.000000 0.026316 0.000000 0.072000 0.021429 0.254237 0.026316 0.115385 0.000000 0.000000 0.053571 0.175000 0.000000 0.021429 0.000000 0.344262 0.058824 0.000000 0.000000 0.000000 0.072000 0.000000 0.000000 0.000000 0.000000 0.000000 0.000000 0.037037 0.000000 0.000000 0.000000 0.000000 0.041096 0.066667 0.041096 0.077922 0.000000 0.000000 0.067669 0.041096 0.031250 0.044776 0.025316 0.017794 0.019231 0.031579 0.000000 0.000000 0.016575 0.000000 0.031250 0.000000 0.000000 0.000000 0.000000 0.000000 0.000000 0.000000 0.123967 0.000000 0.000000 0.000000 0.068493 0.000000 0.000000 0.000000 0.000000 0.025974 0.000000 0.111111 0.000000 0.084746 0.000000 0.085714 0.026316 0.000000 0.000000 0.000000 0.000000 0.085714 0.000000 0.000000 0.000000 0.000000 0.089552 0.000000 0.083333 0.000000 0.072000 0.000000 0.068493 0.000000 0.000000 0.189873 0.026316 0.000000 0.079646 0.035294 0.000000 0.000000 0.000000 0.000000 0.195402 0.200000 0.000000 0.000000 0.000000 0.083333 0.069231 0.000000 0.147541 0.083333 0.000000 0.000000 0.000000 0.000000 0.000000 0.000000 0.000000 0.116883 0.057915 0.000000 0.052326 0.059829 0.000000 0.072000 0.019108 0.000000 0.000000 0.000000 0.153285 0.000000 0.089552 0.000000 0.000000 0.000000 0.000000 0.000000 0.026316 0.000000 0.000000 0.000000 0.147541 0.069231 0.076923 0.077922 0.095652 0.000000 0.085714 0.105882 0.074627 0.000000 0.068493 0.000000 0.030612 0.000000 0.000000 0.044118 0.000000 0.089552 0.000000 0.000000 0.067669 0.053254 0.189189 0.000000 0.072000 0.000000 0.147541 0.000000 0.023256 0.000000 0.026316 0.000000 0.000000 0.052632 0.096774 0.000000
0.156923 0.000000 0.000000 0.214286 0.000000 0.000000 0.000000 0.057325 0.172414 0.000000 0.057325 0.000000 0.000000 0.000000 0.000000 0.000000 0.156894 0.000000 0.000000 0.000000 0.000000 0.083333 0.000000 0.000000 0.166667 0.060241 0.000000 0.292683 0.000000 0.000000 0.000000 0.000000 0.176471 0.183673 0.059211 0.195652 0.166667 0.056106 0.154639 0.135135 0.176471 0.116592 0.187500 0.046875 0.000000 0.000000 0.123288 0.129496 0.050420 0.000000 0.000000 0.058065 0.000000 0.151685 0.000000 0.000000 0.000000 0.114286 0.166667 0.000000 0.139896 0.000000 0.111111 0.052632 0.000000 0.072508 0.025862 0.000000 0.000000 0.000000 0.057325 0.000000 0.156894 0.172414 0.068493 0.073171 0.040000 0.159574 0.068493 1.000000 0.060241 0.183673 0.000000 0.000000 0.000000 0.000000 0.000000 0.000000 0.000000 0.073171 0.000000 0.000000 0.156923 0.000000 0.000000 0.166667 0.061728 0.000000 0.172414 0.000000 0.061224 0.166667 0.114286 0.172414 0.151685 0.000000 0.000000 0.121951 0.054945 0.000000 0.166667 0.000000 0.083333 0.051429 0.000000 0.000000 0.000000 0.061224 0.000000 0.000000 0.000000 0.000000 0.000000 0.000000 0.195652 0.000000 0.000000 0.000000 0.000000 0.214286 0.057325 0.214286 0.056818 0.000000 0.000000 0.058065 0.214286 0.168224 0.116592 0.166667 0.156923 0.151685 0.169811 0.000000 0.000000 0.156894 0.000000 0.168224 0.000000 0.042440 0.000000 0.000000 0.000000 0.000000 0.000000 0.151515 0.000000 0.000000 0.000000 0.095238 0.000000 0.000000 0.000000 0.000000 0.170455 0.000000 0.065217 0.000000 0.342857 0.000000 0.061728 0.172414 0.000000 0.000000 0.000000 0.000000 0.061728 0.000000 0.091255 0.000000 0.000000 0.064103 0.000000 0.050420 0.000000 0.061224 0.000000 1.000000 0.000000 0.000000 0.088889 0.172414 0.000000 0.048387 0.187500 0.088235 0.000000 0.122449 0.000000 0.061224 0.061728 0.000000 0.000000 0.000000 0.063158 0.059211 0.000000 0.083333 0.060241 0.000000 0.000000 0.000000 0.000000 0.000000 0.000000 0.000000 0.068182 0.056106 0.000000 0.139175 0.140625 0.000000 0.061224 0.150838 0.000000 0.000000 0.000000 0.056604 0.000000 0.064103 0.000000 0.000000 0.000000 0.000000 0.230769 0.172414 0.000000 0.000000 0.000000 0.083333 0.059211 0.140625 0.056818 0.333333 0.000000 0.061728 0.156250 0.307692 0.000000 1.000000 0.000000 0.165138 0.000000 0.000000 0.797468 0.000000 0.064103 0.000000 0.073171 0.058065 0.141361 0.058824 0.000000 0.061224 0.000000 0.083333 0.000000 0.154639 0.000000 0.172414 0.000000 0.000000 0.141509 0.068493 0.000000
0.015576 0.000000 0.072398 0.036145 0.000000 0.000000 0.000000 0.483871 0.023256 0.000000 0.793548 0.000000 0.000000 0.000000 0.000000 0.000000 0.014446 0.000000 0.000000 0.000000 0.000000 0.126761 0.020833 0.000000 0.022472 0.609756 0.000000 0.123457 0.000000 0.000000 0.000000 0.000000 0.023810 0.030928 0.226667 0.032967 0.022472 0.050167 0.020833 0.054545 0.023810 0.040724 0.031579 0.178947 0.000000 0.000000 0.000000 0.043478 0.271186 0.000000 0.162791 0.058824 0.000000 0.017045 0.000000 0.000000 0.000000 0.217391 0.022472 0.000000 0.015707 0.000000 0.028037 0.053254 0.000000 0.036697 0.026087 0.000000 0.000000 0.000000 0.793548 0.000000 0.014446 0.023256 0.194444 0.358025 0.050505 0.053763 0.083333 0.060241 1.000000 0.030928 0.000000 0.000000 0.000000 0.000000 0.000000 0.000000 0.000000 0.358025 0.000000 0.034483 0.015576 0.000000 0.000000 0.000000 0.075000 0.000000 0.023256 0.000000 0.062069 0.018750 0.507246 0.023256 0.045455 0.000000 0.000000 0.049180 0.066667 0.000000 0.018750 0.000000 0.126761 0.052023 0.037975 0.000000 0.000000 0.144828 0.000000 0.000000 0.000000 0.000000 0.000000 0.138462 0.032967 0.000000 0.047619 0.083333 0.000000 0.036145 0.483871 0.036145 0.183908 0.000000 0.022222 0.058824 0.036145 0.028302 0.040724 0.022472 0.015576 0.017045 0.028571 0.000000 0.051546 0.014446 0.000000 0.028302 0.000000 0.032172 0.000000 0.000000 0.000000 0.000000 0.000000 0.114504 0.000000 0.000000 0.042254 0.060241 0.000000 0.000000 0.000000 0.000000 0.045977 0.000000 0.824176 0.000000 0.072464 0.000000 0.075000 0.023256 0.000000 0.000000 0.000000 0.000000 0.075000 0.000000 0.000000 0.000000 0.000000 0.272727 0.000000 0.271186 0.000000 0.062069 0.000000 0.060241 0.000000 0.000000 0.505618 0.023256 0.000000 0.317073 0.031579 0.000000 0.000000 0.154639 0.000000 0.092784 0.075000 0.000000 0.000000 0.000000 0.074468 0.226667 0.056818 0.126761 1.000000 0.000000 0.000000 0.000000 0.000000 0.025641 0.000000 0.000000 0.103448 0.050167 0.000000 0.046875 0.055118 0.000000 0.062069 0.016949 0.000000 0.000000 0.000000 0.057325 0.000000 0.272727 0.000000 0.000000 0.047619 0.000000 0.000000 0.023256 0.000000 0.000000 0.000000 0.295775 0.226667 0.070866 0.183908 0.088000 0.000000 0.075000 0.094737 0.064935 0.000000 0.060241 0.000000 0.027778 0.000000 0.000000 0.038462 0.000000 0.272727 0.000000 0.061728 0.058824 0.047619 0.071429 0.000000 0.062069 0.000000 0.126761 0.000000 0.020833 0.000000 0.023256 0.000000 0.000000 0.047619 0.083333 0.000000
0.307087 0.000000 0.000000 0.306122 0.000000 0.000000 0.000000 0.027027 0.207921 0.000000 0.027027 0.000000 0.000000 0.000000 0.000000 0.000000 0.068641 0.000000 0.000000 0.000000 0.104762 0.046512 0.000000 0.000000 0.086538 0.030928 0.000000 0.187500 0.000000 0.000000 0.000000 0.000000 0.090909 1.000000 0.027778 0.264151 0.086538 0.025070 0.189189 0.072000 0.090909 0.055777 0.272727 0.022727 0.000000 0.098901 0.000000 0.183007 0.030075 0.000000 0.000000 0.027322 0.000000 0.072816 0.000000 0.085714 0.000000 0.071429 0.086538 0.000000 0.312217 0.000000 0.000000 0.025126 0.000000 0.041344 0.000000 0.000000 0.000000 0.000000 0.027027 0.000000 0.068641 0.445545 0.034483 0.041667 0.000000 0.194444 0.034483 0.183673 0.030928 1.000000 0.000000 0.000000 0.000000 0.046512 0.000000 0.000000 0.127660 0.041667 0.000000 0.000000 0.307087 0.000000 0.000000 0.000000 0.031579 0.000000 0.089109 0.000000 0.028571 0.078947 0.071429 0.089109 0.072816 0.000000 0.000000 0.065693 0.371429 0.000000 0.078947 0.000000 0.046512 0.024631 0.000000 0.000000 0.000000 0.028571 0.000000 0.000000 0.000000 0.000000 0.000000 0.000000 0.264151 0.071429 0.000000 0.000000 0.029126 0.306122 0.027027 0.285714 0.029412 0.000000 0.000000 0.027322 0.673469 0.099174 0.055777 0.086538 0.307087 0.072816 0.100000 0.000000 0.000000 0.068641 0.000000 0.099174 0.000000 0.000000 0.000000 0.000000 0.000000 0.000000 0.000000 0.095890 0.000000 0.000000 0.000000 0.346939 0.000000 0.000000 0.000000 0.000000 0.088235 0.000000 0.037736 0.000000 0.500000 0.000000 0.031579 0.445545 0.029126 0.071429 0.000000 0.000000 0.031579 0.028037 0.000000 0.000000 0.000000 0.032609 0.000000 0.030075 0.000000 0.028571 0.000000 0.183673 0.087379 0.000000 0.057692 0.089109 0.000000 0.028986 0.272727 0.000000 0.000000 0.000000 0.000000 0.035714 0.031579 0.000000 0.028037 0.000000 0.036697 0.027778 0.000000 0.046512 0.030928 0.000000 0.000000 0.000000 0.046512 0.000000 0.000000 0.000000 0.039216 0.025070 0.000000 0.067568 0.788732 0.039409 0.028571 0.169082 0.000000 0.000000 0.000000 0.026738 0.000000 0.032609 0.000000 0.000000 0.175000 0.000000 0.000000 0.445545 0.000000 0.000000 0.000000 0.046512 0.027778 0.084507 0.029412 0.128571 0.000000 0.031579 0.081818 0.521739 0.000000 0.183673 0.000000 0.097561 0.000000 0.000000 0.129032 0.057692 0.032609 0.000000 0.000000 0.027322 0.068493 0.030303 0.000000 0.028571 0.000000 0.046512 0.000000 0.189189 0.000000 0.089109 0.000000 0.000000 0.175000 0.034483 0.000000
0.000000 0.176471 0.035573 0.000000 0.098361 0.000000 0.000000 0.000000 0.000000 0.000000 0.000000 0.000000 0.277228 0.321839 0.000000 0.000000 0.000000 0.000000 0.000000 0.395604 0.000000 0.000000 0.000000 0.225806 0.000000 0.000000 0.000000 0.000000 0.211765 0.019608 0.097826 0.264706 0.000000 0.000000 0.000000 0.000000 0.000000 0.000000 0.000000 0.000000 0.000000 0.000000 0.000000 0.000000 0.000000 0.000000 0.000000 0.000000 0.089552 0.127660 0.000000 0.000000 0.340206 0.000000 0.000000 0.000000 0.000000 0.000000 0.000000 0.000000 0.000000 0.294737 0.000000 0.000000 0.000000 0.000000 0.000000 0.117073 0.000000 0.000000 0.000000 0.000000 0.000000 0.000000 0.000000 0.000000 0.000000 0.000000 0.000000 0.000000 0.000000 0.000000 1.000000 0.000000 0.300000 0.000000 0.000000 0.127660 0.000000 0.000000 0.211765 0.000000 0.000000 0.029126 0.000000 0.000000 0.000000 0.127660 0.000000 0.000000 0.000000 0.000000 0.000000 0.000000 0.000000 0.000000 0.000000 0.000000 0.000000 0.000000 0.000000 0.211765 0.000000 0.000000 0.000000 0.000000 0.000000 0.000000 0.102273 0.068182 0.000000 0.019608 0.058824 0.000000 0.000000 0.000000 0.000000 0.000000 0.000000 0.000000 0.000000 0.000000 0.000000 0.000000 0.000000 0.000000 0.000000 0.000000 0.000000 0.000000 0.000000 0.000000 0.000000 0.000000 0.000000 0.000000 0.000000 0.000000 0.000000 0.000000 0.000000 0.000000 0.000000 0.212121 0.113208 0.000000 0.102273 0.277228 0.000000 0.000000 0.000000 0.000000 0.000000 0.000000 0.000000 0.395604 0.000000 0.636364 0.000000 0.000000 0.000000 0.000000 0.000000 0.000000 0.000000 0.000000 0.000000 0.000000 0.081911 0.000000 0.000000 0.000000 0.000000 0.089552 0.000000 0.000000 0.000000 0.000000 0.000000 0.000000 0.000000 0.000000 0.000000 0.086331 0.000000 0.000000 0.000000 0.106195 0.000000 0.000000 0.000000 0.000000 0.000000 0.000000 0.000000 0.000000 0.000000 0.000000 0.000000 0.000000 0.000000 0.211765 0.000000 0.000000 0.494118 0.000000 0.000000 0.000000 0.176471 0.000000 0.000000 0.000000 0.000000 0.000000 0.000000 0.060000 0.000000 0.000000 0.000000 0.000000 0.060000 0.321839 0.000000 0.264706 0.000000 0.000000 0.126316 0.000000 0.079576 0.000000 0.000000 0.000000 0.000000 0.000000 0.000000 0.000000 0.000000 0.000000 0.000000 0.000000 0.181818 0.000000 0.580645 0.000000 0.000000 0.000000 0.000000 0.000000 0.000000 0.000000 0.000000 0.000000 0.000000 0.000000 0.000000 0.000000 0.000000 0.000000 0.370370 0.000000 0.000000 0.000000 0.000000 0.000000 0.000000
0.000000 0.000000 0.000000 0.000000 0.000000 0.000000 0.000000 0.000000 0.000000 0.000000 0.000000 0.000000 0.000000 0.000000 0.000000 0.000000 0.000000 0.000000 0.000000 0.000000 0.000000 0.000000 0.000000 0.000000 0.167702 0.000000 0.000000 0.000000 0.000000 0.000000 0.000000 0.000000 0.000000 0.000000 0.000000 0.000000 0.167702 0.000000 0.000000 0.000000 0.000000 0.029412 0.000000 0.000000 0.000000 0.000000 0.000000 0.000000 0.000000 0.000000 0.000000 0.000000 0.000000 0.037736 0.000000 0.000000 0.000000 0.000000 0.167702 0.000000 0.000000 0.000000 0.000000 0.000000 0.000000 0.030717 0.000000 0.000000 0.000000 0.000000 0.000000 0.040000 0.000000 0.000000 0.000000 0.000000 0.000000 0.000000 0.000000 0.000000 0.000000 0.000000 0.000000 1.000000 0.000000 0.000000 0.000000 0.000000 0.000000 0.000000 0.000000 0.000000 0.000000 0.000000 0.000000 0.000000 0.000000 0.000000 0.000000 0.000000 0.000000 0.041958 0.000000 0.000000 0.000000 0.000000 1.000000 0.000000 0.000000 0.000000 0.041958 0.000000 0.000000 0.000000 0.000000 0.031496 0.186813 0.000000 0.000000 0.000000 0.000000 0.000000 0.000000 0.000000 0.000000 0.000000 0.000000 0.000000 0.000000 0.000000 0.000000 0.000000 0.000000 0.000000 0.000000 0.000000 0.000000 0.000000 0.029412 0.316770 0.000000 0.037736 0.031088 0.000000 0.000000 0.000000 0.000000 0.000000 0.000000 0.150442 0.000000 0.000000 0.382239 0.000000 0.000000 0.024490 0.000000 0.000000 0.000000 0.000000 0.000000 0.000000 0.000000 0.000000 0.000000 0.000000 0.000000 0.000000 0.000000 0.000000 0.000000 0.000000 0.000000 0.000000 0.000000 0.000000 0.000000 0.000000 0.000000 0.261538 0.000000 0.000000 0.196911 0.000000 0.320755 0.000000 0.000000 0.000000 0.000000 0.000000 0.000000 0.038710 0.074380 0.000000 0.000000 0.000000 0.120000 0.000000 0.261538 0.000000 0.000000 0.000000 0.000000 0.031496 0.017544 0.000000 0.000000 0.000000 0.000000 0.000000 0.000000 0.000000 0.000000 0.000000 0.000000 0.000000 0.000000 0.000000 0.000000 0.194286 0.000000 0.000000 0.000000 0.000000 0.000000 0.000000 0.000000 0.000000 0.000000 0.000000 0.000000 0.000000 0.000000 0.000000 0.000000 0.000000 0.000000 0.000000 0.000000 0.000000 0.000000 0.000000 0.000000 0.000000 0.000000 0.000000 0.000000 0.000000 0.000000 0.000000 0.000000 0.045226 0.000000 0.000000 0.000000 0.000000 0.000000 0.000000 0.000000 0.000000 0.000000 0.000000 0.000000 0.000000 0.000000 0.000000 0.074380 0.000000 0.000000 0.038710 0.000000 0.000000 0.000000 0.000000 0.058065
0.000000 0.000000 0.000000 0.000000 0.088889 0.000000 0.000000 0.000000 0.000000 0.000000 0.000000 0.000000 0.116883 0.142857 0.000000 0.000000 0.000000 0.000000 0.000000 0.761194 0.000000 0.000000 0.000000 0.130435 0.000000 0.000000 0.000000 0.000000 0.245902 0.000000 0.088235 0.230769 0.000000 0.000000 0.000000 0.000000 0.000000 0.000000 0.000000 0.000000 0.000000 0.000000 0.000000 0.000000 0.000000 0.000000 0.000000 0.000000 0.081818 0.128571 0.000000 0.000000 0.205479 0.000000 0.000000 0.000000 0.000000 0.000000 0.000000 0.000000 0.000000 0.126761 0.000000 0.000000 0.000000 0.000000 0.000000 0.114650 0.000000 0.000000 0.000000 0.000000 0.000000 0.000000 0.000000 0.000000 0.000000 0.000000 0.000000 0.000000 0.000000 0.000000 0.300000 0.000000 1.000000 0.000000 0.000000 0.128571 0.000000 0.000000 0.245902 0.000000 0.000000 0.000000 0.000000 0.000000 0.000000 0.128571 0.000000 0.000000 0.000000 0.000000 0.000000 0.000000 0.000000 0.000000 0.000000 0.000000 0.000000 0.000000 0.000000 0.245902 0.000000 0.000000 0.000000 0.000000 0.000000 0.000000 0.093750 0.000000 0.000000 0.000000 0.000000 0.000000 0.000000 0.000000 0.000000 0.000000 0.000000 0.000000 0.000000 0.000000 0.000000 0.000000 0.000000 0.000000 0.000000 0.000000 0.000000 0.000000 0.000000 0.000000 0.000000 0.000000 0.000000 0.000000 0.000000 0.000000 0.000000 0.000000 0.000000 0.000000 0.000000 0.200000 0.109756 0.000000 0.093750 0.116883 0.000000 0.000000 0.000000 0.000000 0.000000 0.000000 0.000000 0.402985 0.000000 0.200000 0.000000 0.000000 0.000000 0.000000 0.000000 0.000000 0.000000 0.000000 0.000000 0.000000 0.073469 0.000000 0.000000 0.000000 0.000000 0.081818 0.000000 0.000000 0.000000 0.000000 0.000000 0.000000 0.000000 0.000000 0.000000 0.078261 0.000000 0.000000 0.000000 0.101124 0.000000 0.000000 0.000000 0.000000 0.000000 0.000000 0.000000 0.000000 0.000000 0.000000 0.000000 0.000000 0.000000 0.245902 0.000000 0.000000 0.245902 0.000000 0.000000 0.000000 0.000000 0.000000 0.000000 0.000000 0.000000 0.000000 0.000000 0.000000 0.000000 0.000000 0.000000 0.000000 0.000000 0.142857 0.000000 0.230769 0.000000 0.000000 0.126761 0.000000 0.064057 0.000000 0.000000 0.000000 0.000000 0.000000 0.000000 0.000000 0.000000 0.000000 0.000000 0.000000 0.200000 0.000000 0.652174 0.000000 0.000000 0.000000 0.000000 0.000000 0.000000 0.000000 0.000000 0.000000 0.000000 0.000000 0.000000 0.000000 0.000000 0.000000 0.473684 0.000000 0.000000 0.000000 0.000000 0.000000 0.000000
0.036101 0.000000 0.000000 0.083333 0.000000 0.000000 0.000000 0.000000 0.053333 0.000000 0.000000 0.000000 0.000000 0.000000 0.000000 0.000000 0.000000 0.000000 0.000000 0.000000 0.075949 0.000000 0.000000 0.000000 0.000000 0.000000 0.000000 0.000000 0.000000 0.000000 0.000000 0.000000 0.000000 0.046512 0.000000 0.000000 0.000000 0.000000 0.000000 0.000000 0.000000 0.000000 0.071429 0.000000 0.000000 0.046154 0.000000 0.000000 0.000000 0.000000 0.000000 0.000000 0.000000 0.000000 0.000000 0.040650 0.000000 0.000000 0.000000 0.000000 0.035503 0.000000 0.000000 0.000000 0.000000 0.000000 0.000000 0.000000 0.000000 0.000000 0.000000 0.000000 0.000000 0.053333 0.000000 0.000000 0.000000 0.146341 0.000000 0.000000 0.000000 0.046512 0.000000 0.000000 0.000000 1.000000 0.000000 0.000000 0.058824 0.000000 0.000000 0.000000 0.036101 0.000000 0.000000 0.000000 0.000000 0.000000 0.000000 0.000000 0.000000 0.000000 0.000000 0.000000 0.000000 0.000000 0.000000 0.000000 0.050633 0.000000 0.000000 0.000000 0.000000 0.000000 0.000000 0.000000 0.000000 0.000000 0.000000 0.000000 0.000000 0.000000 0.000000 0.000000 0.000000 0.310345 0.000000 0.000000 0.116883 0.250000 0.000000 0.000000 0.000000 0.000000 0.000000 0.000000 0.083333 0.000000 0.000000 0.000000 0.036101 0.000000 0.000000 0.000000 0.000000 0.000000 0.000000 0.000000 0.000000 0.000000 0.000000 0.000000 0.000000 0.000000 0.000000 0.000000 0.000000 0.000000 0.000000 0.055556 0.000000 0.000000 0.000000 0.000000 0.000000 0.000000 0.000000 0.000000 0.000000 0.000000 0.000000 0.053333 0.116883 0.310345 0.000000 0.000000 0.000000 0.111111 0.000000 0.000000 0.000000 0.000000 0.000000 0.000000 0.000000 0.000000 0.000000 0.000000 0.038961 0.000000 0.000000 0.000000 0.000000 0.000000 0.071429 0.000000 0.000000 0.000000 0.000000 0.000000 0.000000 0.000000 0.111111 0.000000 0.000000 0.000000 0.000000 0.000000 0.000000 0.000000 0.000000 0.000000 0.200000 0.000000 0.000000 0.000000 0.000000 0.000000 0.000000 0.000000 0.034483 0.158940 0.000000 0.000000 0.000000 0.000000 0.000000 0.000000 0.000000 0.000000 0.000000 0.000000 0.031915 0.000000 0.000000 0.053333 0.000000 0.000000 0.000000 0.000000 0.000000 0.000000 0.000000 0.000000 0.000000 0.000000 0.000000 0.151515 0.000000 0.000000 0.000000 0.000000 0.000000 0.000000 0.000000 0.230769 0.000000 0.000000 0.000000 0.000000 0.000000 0.000000 0.000000 0.000000 0.000000 0.000000 0.000000 0.000000 0.000000 0.000000 0.000000 0.000000 0.042553 0.000000 0.000000
0.000000 0.000000 0.000000 0.000000 0.139394 0.000000 0.000000 0.000000 0.000000 0.000000 0.000000 0.000000 0.000000 0.000000 0.000000 0.000000 0.000000 0.000000 0.000000 0.000000 0.000000 0.000000 0.000000 0.000000 0.000000 0.000000 0.000000 0.000000 0.000000 0.064516 0.000000 0.000000 0.000000 0.000000 0.000000 0.000000 0.000000 0.000000 0.000000 0.000000 0.000000 0.000000 0.000000 0.000000 0.000000 0.000000 0.000000 0.000000 0.000000 0.176471 0.000000 0.000000 0.000000 0.000000 0.340909 0.000000 0.220183 0.000000 0.000000 0.000000 0.000000 0.000000 0.000000 0.000000 0.000000 0.000000 0.000000 0.122995 0.000000 0.212963 0.000000 0.000000 0.000000 0.000000 0.000000 0.000000 0.000000 0.000000 0.000000 0.000000 0.000000 0.000000 0.000000 0.000000 0.000000 0.000000 1.000000 0.176471 0.000000 0.000000 0.000000 0.085106 0.000000 0.063830 0.000000 0.000000 0.000000 0.176471 0.000000 0.145833 0.000000 0.000000 0.000000 0.236559 0.000000 0.000000 0.000000 0.000000 0.000000 0.047619 0.000000 0.000000 0.000000 0.000000 0.000000 0.000000 0.000000 0.000000 0.000000 0.000000 0.174419 0.000000 0.000000 0.000000 0.000000 0.000000 0.000000 0.000000 0.000000 0.000000 0.000000 0.000000 0.000000 0.000000 0.000000 0.000000 0.000000 0.101770 0.000000 0.000000 0.000000 0.000000 0.000000 0.052023 0.000000 0.000000 0.282051 0.101770 0.000000 0.000000 0.000000 0.000000 0.000000 0.000000 0.000000 0.000000 0.000000 0.000000 0.000000 0.000000 0.047619 0.080214 0.000000 0.000000 0.000000 0.000000 0.000000 0.000000 0.000000 0.053763 0.000000 0.000000 0.000000 0.000000 0.000000 0.000000 0.000000 0.000000 0.000000 0.000000 0.000000 0.000000 0.000000 0.000000 0.000000 0.000000 0.000000 0.000000 0.000000 0.000000 0.000000 0.000000 0.000000 0.000000 0.000000 0.000000 0.000000 0.000000 0.000000 0.000000 0.000000 0.000000 0.000000 0.000000 0.000000 0.000000 0.000000 0.000000 0.000000 0.000000 0.000000 0.000000 0.000000 0.070588 0.000000 0.000000 0.000000 0.000000 0.000000 0.000000 0.000000 0.000000 0.000000 0.000000 0.343284 0.000000 0.000000 0.000000 0.285714 0.000000 0.000000 0.000000 0.000000 0.000000 0.000000 0.000000 0.000000 0.160714 0.114370 0.000000 0.000000 0.000000 0.000000 0.000000 0.131429 0.000000 0.049020 0.000000 0.000000 0.000000 0.000000 0.000000 0.000000 0.000000 0.000000 0.000000 0.000000 0.000000 0.000000 0.000000 0.000000 0.000000 0.000000 0.000000 0.000000 0.000000 0.000000 0.000000 0.000000 0.000000 0.000000 0.000000 0.000000 0.000000 0.000000
0.000000 0.000000 0.000000 0.000000 0.440559 0.000000 0.000000 0.000000 0.000000 0.000000 0.000000 0.000000 0.049383 0.059701 0.000000 0.000000 0.000000 0.000000 0.000000 0.169014 0.000000 0.000000 0.000000 0.054795 0.000000 0.000000 0.000000 0.000000 0.276923 0.036585 0.125000 0.109756 0.000000 0.000000 0.000000 0.000000 0.000000 0.000000 0.000000 0.000000 0.000000 0.000000 0.000000 0.000000 0.000000 0.000000 0.000000 0.000000 0.105263 0.567568 0.000000 0.000000 0.077922 0.000000 0.142857 0.000000 0.091837 0.000000 0.000000 0.000000 0.000000 0.053333 0.000000 0.000000 0.000000 0.000000 0.000000 0.418182 0.000000 0.123711 0.000000 0.000000 0.000000 0.000000 0.000000 0.000000 0.000000 0.000000 0.000000 0.000000 0.000000 0.000000 0.127660 0.000000 0.128571 0.000000 0.176471 1.000000 0.000000 0.000000 0.092308 0.060241 0.000000 0.036145 0.000000 0.000000 0.000000 0.567568 0.000000 0.129412 0.000000 0.000000 0.000000 0.256098 0.000000 0.000000 0.000000 0.000000 0.000000 0.021277 0.000000 0.276923 0.000000 0.000000 0.000000 0.000000 0.000000 0.000000 0.132353 0.000000 0.186667 0.000000 0.000000 0.000000 0.000000 0.000000 0.000000 0.000000 0.000000 0.000000 0.000000 0.000000 0.000000 0.000000 0.000000 0.000000 0.000000 0.102941 0.000000 0.000000 0.000000 0.000000 0.000000 0.019868 0.000000 0.000000 0.313433 0.102941 0.000000 0.000000 0.000000 0.000000 0.000000 0.075949 0.139535 0.000000 0.132353 0.049383 0.000000 0.000000 0.017964 0.054545 0.000000 0.000000 0.000000 0.169014 0.000000 0.227848 0.000000 0.024390 0.000000 0.000000 0.000000 0.000000 0.000000 0.000000 0.000000 0.000000 0.094862 0.000000 0.000000 0.000000 0.000000 0.105263 0.000000 0.000000 0.000000 0.000000 0.000000 0.000000 0.000000 0.000000 0.000000 0.100840 0.000000 0.000000 0.000000 0.129032 0.000000 0.000000 0.000000 0.000000 0.000000 0.000000 0.000000 0.000000 0.000000 0.000000 0.000000 0.000000 0.000000 0.276923 0.000000 0.040541 0.092308 0.000000 0.000000 0.000000 0.000000 0.000000 0.000000 0.000000 0.000000 0.000000 0.121951 0.000000 0.000000 0.000000 0.172414 0.000000 0.000000 0.059701 0.000000 0.109756 0.000000 0.000000 0.053333 0.029703 0.622896 0.000000 0.000000 0.000000 0.000000 0.000000 0.137255 0.000000 0.021978 0.000000 0.000000 0.000000 0.075949 0.000000 0.246575 0.000000 0.000000 0.000000 0.000000 0.000000 0.000000 0.000000 0.000000 0.000000 0.000000 0.000000 0.000000 0.000000 0.000000 0.000000 0.163934 0.000000 0.000000 0.000000 0.000000 0.000000 0.000000
0.226537 0.000000 0.000000 0.075000 0.000000 0.000000 0.000000 0.000000 0.048193 0.000000 0.000000 0.000000 0.000000 0.000000 0.000000 0.000000 0.000000 0.000000 0.000000 0.000000 0.241379 0.000000 0.000000 0.000000 0.000000 0.000000 0.000000 0.000000 0.000000 0.000000 0.000000 0.000000 0.000000 0.127660 0.000000 0.000000 0.000000 0.000000 0.000000 0.000000 0.000000 0.000000 0.065217 0.000000 0.000000 0.780822 0.000000 0.000000 0.000000 0.000000 0.000000 0.000000 0.000000 0.000000 0.000000 0.251799 0.000000 0.000000 0.000000 0.000000 0.227027 0.000000 0.000000 0.000000 0.000000 0.000000 0.000000 0.000000 0.000000 0.000000 0.000000 0.000000 0.000000 0.144578 0.000000 0.000000 0.000000 0.044444 0.000000 0.000000 0.000000 0.127660 0.000000 0.000000 0.000000 0.058824 0.000000 0.000000 1.000000 0.000000 0.000000 0.000000 0.226537 0.000000 0.000000 0.000000 0.000000 0.000000 0.000000 0.000000 0.000000 0.000000 0.000000 0.000000 0.000000 0.000000 0.000000 0.000000 0.137931 0.000000 0.000000 0.000000 0.000000 0.000000 0.000000 0.000000 0.000000 0.000000 0.000000 0.000000 0.000000 0.000000 0.000000 0.000000 0.000000 0.090909 0.000000 0.000000 0.035294 0.075000 0.000000 0.000000 0.000000 0.000000 0.000000 0.000000 0.225000 0.000000 0.000000 0.000000 0.226537 0.000000 0.000000 0.000000 0.000000 0.000000 0.000000 0.000000 0.000000 0.000000 0.000000 0.000000 0.000000 0.000000 0.000000 0.000000 0.000000 0.000000 0.000000 0.150000 0.000000 0.000000 0.000000 0.000000 0.000000 0.000000 0.000000 0.000000 0.000000 0.000000 0.000000 0.144578 0.035294 0.090909 0.000000 0.000000 0.000000 0.033708 0.000000 0.000000 0.000000 0.000000 0.000000 0.000000 0.000000 0.000000 0.000000 0.000000 0.670588 0.000000 0.000000 0.000000 0.000000 0.000000 0.065217 0.000000 0.000000 0.000000 0.000000 0.000000 0.000000 0.000000 0.033708 0.000000 0.000000 0.000000 0.000000 0.000000 0.000000 0.000000 0.000000 0.000000 0.058824 0.000000 0.000000 0.000000 0.000000 0.000000 0.000000 0.000000 0.096774 0.047904 0.000000 0.000000 0.000000 0.000000 0.000000 0.000000 0.000000 0.000000 0.000000 0.000000 0.205882 0.000000 0.000000 0.144578 0.000000 0.000000 0.000000 0.000000 0.000000 0.000000 0.000000 0.000000 0.000000 0.000000 0.000000 0.135135 0.000000 0.000000 0.000000 0.000000 0.000000 0.000000 0.000000 0.069767 0.000000 0.000000 0.000000 0.000000 0.000000 0.000000 0.000000 0.000000 0.000000 0.000000 0.000000 0.000000 0.000000 0.000000 0.000000 0.000000 0.039216 0.000000 0.000000
0.028391 0.000000 0.073059 0.048780 0.000000 0.000000 0.000000 0.294118 0.035294 0.000000 0.294118 0.000000 0.000000 0.000000 0.000000 0.000000 0.027642 0.000000 0.000000 0.000000 0.000000 0.171429 0.021053 0.000000 0.034091 0.358025 0.000000 0.137500 0.000000 0.000000 0.000000 0.000000 0.036145 0.041667 0.405405 0.044444 0.034091 0.091525 0.031579 0.082569 0.036145 0.068493 0.042553 0.319149 0.000000 0.000000 0.000000 0.065693 0.299145 0.000000 0.164706 0.099338 0.000000 0.028736 0.000000 0.000000 0.000000 0.264706 0.034091 0.000000 0.026455 0.000000 0.028302 0.089820 0.000000 0.049536 0.026316 0.000000 0.000000 0.000000 0.294118 0.000000 0.027642 0.035294 0.126761 0.600000 0.051020 0.086957 0.126761 0.073171 0.358025 0.041667 0.000000 0.000000 0.000000 0.000000 0.000000 0.000000 0.000000 1.000000 0.000000 0.034884 0.028391 0.000000 0.000000 0.000000 0.113924 0.000000 0.035294 0.000000 0.104895 0.031646 0.264706 0.035294 0.080460 0.000000 0.000000 0.074380 0.101124 0.000000 0.031646 0.000000 0.171429 0.087719 0.038462 0.000000 0.000000 0.104895 0.000000 0.000000 0.000000 0.000000 0.000000 0.140625 0.044444 0.000000 0.048077 0.084507 0.000000 0.048780 0.294118 0.048780 0.127907 0.000000 0.022472 0.099338 0.048780 0.038095 0.068493 0.034091 0.028391 0.028736 0.038462 0.000000 0.052083 0.027642 0.000000 0.038095 0.000000 0.032520 0.000000 0.000000 0.000000 0.000000 0.000000 0.138462 0.000000 0.000000 0.042857 0.073171 0.000000 0.000000 0.000000 0.000000 0.058140 0.000000 0.466667 0.000000 0.088235 0.000000 0.113924 0.035294 0.000000 0.000000 0.000000 0.000000 0.113924 0.000000 0.000000 0.000000 0.000000 0.473684 0.000000 0.299145 0.000000 0.104895 0.000000 0.073171 0.000000 0.000000 0.818182 0.035294 0.000000 0.344262 0.042553 0.000000 0.000000 0.156250 0.000000 0.125000 0.113924 0.000000 0.000000 0.000000 0.107527 0.405405 0.057471 0.171429 0.358025 0.000000 0.000000 0.000000 0.000000 0.025974 0.000000 0.000000 0.139535 0.091525 0.000000 0.078947 0.079365 0.000000 0.104895 0.028571 0.000000 0.000000 0.000000 0.096774 0.000000 0.473684 0.000000 0.000000 0.048077 0.000000 0.000000 0.035294 0.000000 0.000000 0.000000 0.171429 0.405405 0.095238 0.127907 0.112903 0.000000 0.113924 0.127660 0.078947 0.000000 0.073171 0.000000 0.037383 0.000000 0.000000 0.051948 0.000000 0.473684 0.000000 0.062500 0.099338 0.080214 0.108434 0.000000 0.104895 0.000000 0.171429 0.000000 0.031579 0.000000 0.035294 0.000000 0.000000 0.076923 0.126761 0.000000
0.000000 0.000000 0.000000 0.000000 0.080000 0.000000 0.000000 0.000000 0.000000 0.000000 0.000000 0.000000 0.250000 0.310345 0.000000 0.000000 0.000000 0.000000 0.000000 0.290323 0.000000 0.000000 0.000000 0.281250 0.000000 0.000000 0.000000 0.000000 0.142857 0.000000 0.079365 0.205479 0.000000 0.000000 0.000000 0.000000 0.000000 0.000000 0.000000 0.000000 0.000000 0.000000 0.000000 0.000000 0.000000 0.000000 0.000000 0.000000 0.057143 0.092308 0.000000 0.000000 0.352941 0.000000 0.000000 0.000000 0.000000 0.000000 0.000000 0.000000 0.000000 0.272727 0.000000 0.000000 0.000000 0.000000 0.000000 0.081633 0.000000 0.000000 0.000000 0.000000 0.000000 0.000000 0.000000 0.000000 0.000000 0.000000 0.000000 0.000000 0.000000 0.000000 0.211765 0.000000 0.245902 0.000000 0.000000 0.092308 0.000000 0.000000 1.000000 0.000000 0.000000 0.000000 0.000000 0.000000 0.000000 0.092308 0.000000 0.000000 0.000000 0.000000 0.000000 0.000000 0.000000 0.000000 0.000000 0.000000 0.000000 0.000000 0.000000 0.142857 0.000000 0.000000 0.000000 0.000000 0.000000 0.000000 0.084746 0.000000 0.000000 0.000000 0.000000 0.000000 0.000000 0.000000 0.000000 0.000000 0.000000 0.000000 0.000000 0.000000 0.000000 0.000000 0.000000 0.000000 0.000000 0.000000 0.000000 0.000000 0.000000 0.000000 0.000000 0.000000 0.000000 0.000000 0.000000 0.000000 0.000000 0.000000 0.000000 0.000000 0.000000 0.342857 0.077922 0.000000 0.084746 0.250000 0.000000 0.000000 0.000000 0.000000 0.000000 0.000000 0.000000 0.290323 0.000000 0.114286 0.000000 0.000000 0.000000 0.000000 0.000000 0.000000 0.000000 0.000000 0.000000 0.000000 0.051064 0.000000 0.000000 0.000000 0.000000 0.057143 0.000000 0.000000 0.000000 0.000000 0.000000 0.000000 0.000000 0.000000 0.000000 0.054545 0.000000 0.000000 0.000000 0.071429 0.000000 0.000000 0.000000 0.000000 0.000000 0.000000 0.000000 0.000000 0.000000 0.000000 0.000000 0.000000 0.000000 0.142857 0.000000 0.000000 0.428571 0.000000 0.000000 0.000000 0.000000 0.000000 0.000000 0.000000 0.000000 0.000000 0.000000 0.000000 0.000000 0.000000 0.000000 0.000000 0.000000 0.310345 0.000000 0.205479 0.000000 0.000000 0.272727 0.000000 0.068966 0.000000 0.000000 0.000000 0.000000 0.000000 0.000000 0.000000 0.000000 0.000000 0.000000 0.000000 0.342857 0.000000 0.375000 0.000000 0.000000 0.000000 0.000000 0.000000 0.000000 0.000000 0.000000 0.000000 0.000000 0.000000 0.000000 0.000000 0.000000 0.000000 0.692308 0.000000 0.000000 0.000000 0.000000 0.000000 0.000000
0.000000 0.000000 0.155844 0.000000 0.055901 0.000000 0.000000 0.030303 0.000000 0.000000 0.030303 0.000000 0.000000 0.000000 0.000000 0.000000 0.000000 0.000000 0.000000 0.000000 0.000000 0.000000 0.029703 0.000000 0.000000 0.034483 0.000000 0.000000 0.000000 0.153846 0.000000 0.000000 0.000000 0.000000 0.028125 0.000000 0.000000 0.000000 0.000000 0.000000 0.000000 0.000000 0.000000 0.022500 0.000000 0.000000 0.000000 0.000000 0.032520 0.060241 0.000000 0.000000 0.000000 0.000000 0.093023 0.000000 0.130841 0.000000 0.000000 0.000000 0.000000 0.000000 0.035714 0.000000 0.000000 0.000000 0.100000 0.049180 0.000000 0.047170 0.030303 0.000000 0.000000 0.000000 0.000000 0.034884 0.173077 0.000000 0.000000 0.000000 0.034483 0.000000 0.000000 0.000000 0.000000 0.000000 0.085106 0.060241 0.000000 0.034884 0.000000 1.000000 0.000000 0.065217 0.000000 0.000000 0.000000 0.060241 0.000000 0.085106 0.000000 0.000000 0.000000 0.065934 0.000000 0.000000 0.000000 0.000000 0.000000 0.048544 0.000000 0.000000 0.000000 0.000000 0.047619 0.000000 0.000000 0.000000 0.000000 0.000000 0.059524 0.000000 0.000000 0.142857 0.000000 0.000000 0.163636 0.000000 0.000000 0.000000 0.030303 0.000000 0.000000 0.000000 0.031579 0.000000 0.000000 0.040541 0.000000 0.000000 0.000000 0.000000 0.000000 0.112426 0.058824 0.000000 0.078947 0.040541 0.000000 0.122137 0.000000 0.000000 0.000000 0.000000 0.000000 0.000000 0.000000 0.000000 0.000000 0.000000 0.102703 0.049180 0.000000 0.000000 0.000000 0.000000 0.041667 0.000000 0.000000 0.120879 0.000000 0.000000 0.000000 0.000000 0.000000 0.000000 0.000000 0.000000 0.000000 0.000000 0.000000 0.030488 0.000000 0.032520 0.000000 0.000000 0.000000 0.000000 0.000000 0.000000 0.042553 0.000000 0.000000 0.031250 0.000000 0.000000 0.000000 0.000000 0.000000 0.000000 0.000000 0.000000 0.000000 0.000000 0.000000 0.028125 0.193548 0.000000 0.034483 0.000000 0.000000 0.000000 0.000000 0.325301 0.000000 0.000000 0.000000 0.000000 0.000000 0.000000 0.000000 0.000000 0.000000 0.000000 0.045455 0.000000 0.000000 0.000000 0.062500 0.030488 0.000000 0.000000 0.036364 0.000000 0.000000 0.000000 0.000000 0.109091 0.051051 0.000000 0.028125 0.000000 0.000000 0.000000 0.052632 0.000000 0.050000 0.000000 0.000000 0.000000 0.000000 0.000000 0.000000 0.000000 0.000000 0.000000 0.030488 0.000000 0.209302 0.000000 0.000000 0.000000 0.000000 0.000000 0.000000 0.000000 0.000000 0.000000 0.000000 0.000000 0.000000 0.000000 0.000000 0.000000 0.000000
0.490446 0.000000 0.000000 0.249231 0.000000 0.000000 0.000000 0.009901 0.133531 0.000000 0.009901 0.000000 0.000000 0.000000 0.000000 0.000000 0.014778 0.000000 0.000000 0.000000 0.209632 0.032491 0.000000 0.000000 0.042980 0.015576 0.000000 0.160883 0.000000 0.000000 0.000000 0.000000 0.045593 0.307087 0.010239 0.075630 0.042980 0.006849 0.039788 0.034642 0.045593 0.016092 0.217158 0.008043 0.000000 0.141414 0.000000 0.049541 0.019355 0.000000 0.000000 0.010033 0.000000 0.026087 0.000000 0.212014 0.000000 0.063197 0.042980 0.000000 0.744000 0.000000 0.000000 0.009063 0.000000 0.028125 0.000000 0.000000 0.000000 0.000000 0.009901 0.000000 0.014778 0.311573 0.017794 0.028391 0.000000 0.123288 0.017794 0.156923 0.015576 0.307087 0.000000 0.000000 0.000000 0.036101 0.000000 0.000000 0.226537 0.028391 0.000000 0.000000 1.000000 0.000000 0.000000 0.000000 0.015974 0.000000 0.044510 0.000000 0.010601 0.028754 0.063197 0.044510 0.026087 0.000000 0.000000 0.031185 0.269122 0.000000 0.028754 0.000000 0.032491 0.008850 0.000000 0.000000 0.000000 0.010601 0.000000 0.000000 0.000000 0.000000 0.000000 0.000000 0.075630 0.066914 0.000000 0.000000 0.017391 0.249231 0.009901 0.083077 0.014663 0.000000 0.000000 0.010033 0.581538 0.064748 0.016092 0.042980 0.490446 0.026087 0.065375 0.000000 0.000000 0.014778 0.000000 0.064748 0.000000 0.000000 0.000000 0.000000 0.000000 0.000000 0.000000 0.067698 0.000000 0.000000 0.000000 0.144615 0.000000 0.000000 0.000000 0.000000 0.043988 0.000000 0.025210 0.000000 0.189591 0.000000 0.015974 0.311573 0.017391 0.066914 0.000000 0.000000 0.015974 0.016620 0.000000 0.000000 0.000000 0.016611 0.000000 0.019355 0.000000 0.010601 0.000000 0.156923 0.214493 0.000000 0.048711 0.044510 0.000000 0.018557 0.217158 0.000000 0.000000 0.000000 0.000000 0.023622 0.015974 0.000000 0.016620 0.000000 0.024390 0.010239 0.000000 0.032491 0.015576 0.000000 0.000000 0.000000 0.036101 0.000000 0.000000 0.000000 0.026393 0.006849 0.000000 0.023873 0.233533 0.029499 0.010601 0.025937 0.000000 0.000000 0.000000 0.009772 0.000000 0.016611 0.000000 0.000000 0.043584 0.000000 0.000000 0.311573 0.000000 0.000000 0.000000 0.032491 0.010239 0.053892 0.014663 0.103448 0.000000 0.015974 0.040214 0.508306 0.000000 0.156923 0.000000 0.063529 0.000000 0.000000 0.088525 0.051576 0.016611 0.000000 0.000000 0.010033 0.024259 0.015198 0.000000 0.010601 0.000000 0.032491 0.000000 0.039788 0.000000 0.044510 0.000000 0.000000 0.108959 0.017794 0.000000
0.000000 0.081081 0.047619 0.000000 0.031056 0.000000 0.000000 0.000000 0.000000 0.000000 0.000000 0.000000 0.000000 0.000000 0.000000 0.000000 0.000000 0.000000 0.000000 0.000000 0.000000 0.000000 0.000000 0.048780 0.000000 0.000000 0.000000 0.000000 0.000000 0.208791 0.000000 0.000000 0.000000 0.000000 0.000000 0.000000 0.000000 0.000000 0.000000 0.000000 0.000000 0.000000 0.000000 0.000000 0.000000 0.000000 0.000000 0.000000 0.000000 0.036145 0.000000 0.000000 0.069767 0.000000 0.069767 0.000000 0.037383 0.000000 0.000000 0.000000 0.000000 0.000000 0.000000 0.000000 0.000000 0.000000 0.000000 0.027322 0.000000 0.028302 0.000000 0.000000 0.000000 0.000000 0.000000 0.000000 0.000000 0.000000 0.000000 0.000000 0.000000 0.000000 0.029126 0.000000 0.000000 0.000000 0.063830 0.036145 0.000000 0.000000 0.000000 0.065217 0.000000 1.000000 0.000000 0.000000 0.000000 0.036145 0.000000 0.063830 0.000000 0.000000 0.000000 0.043956 0.000000 0.000000 0.000000 0.000000 0.000000 0.087379 0.000000 0.000000 0.000000 0.000000 0.000000 0.000000 0.000000 0.000000 0.000000 0.038961 0.035714 0.076923 0.243243 0.000000 0.000000 0.000000 0.000000 0.000000 0.000000 0.000000 0.000000 0.000000 0.000000 0.000000 0.000000 0.000000 0.000000 0.022523 0.000000 0.000000 0.000000 0.000000 0.000000 0.029586 0.000000 0.000000 0.052632 0.022523 0.000000 0.000000 0.000000 0.000000 0.000000 0.136364 0.000000 0.000000 0.000000 0.000000 0.000000 0.000000 0.027027 0.027322 0.000000 0.000000 0.000000 0.000000 0.000000 0.045455 0.000000 0.032967 0.000000 0.000000 0.000000 0.000000 0.000000 0.000000 0.000000 0.000000 0.000000 0.000000 0.000000 0.000000 0.000000 0.000000 0.000000 0.000000 0.000000 0.000000 0.000000 0.000000 0.000000 0.000000 0.000000 0.000000 0.000000 0.000000 0.000000 0.000000 0.000000 0.000000 0.000000 0.000000 0.000000 0.000000 0.000000 0.000000 0.000000 0.000000 0.000000 0.000000 0.000000 0.000000 0.000000 0.048193 0.000000 0.000000 0.000000 0.000000 0.081081 0.000000 0.000000 0.000000 0.000000 0.000000 0.030303 0.033708 0.000000 0.000000 0.041667 0.000000 0.033708 0.000000 0.000000 0.000000 0.000000 0.000000 0.000000 0.036364 0.027027 0.000000 0.000000 0.000000 0.000000 0.000000 0.029240 0.000000 0.030000 0.000000 0.000000 0.000000 0.000000 0.000000 0.000000 0.000000 0.000000 0.000000 0.000000 0.000000 0.000000 0.000000 0.000000 0.000000 0.000000 0.000000 0.000000 0.000000 0.000000 0.000000 0.000000 0.000000 0.000000 0.000000 0.000000 0.000000 0.000000
0.000000 0.000000 0.000000 0.000000 0.000000 0.428571 0.000000 0.000000 0.000000 0.000000 0.000000 0.542857 0.000000 0.000000 0.000000 0.000000 0.231214 0.000000 0.000000 0.000000 0.000000 0.000000 0.240964 0.000000 0.000000 0.000000 0.000000 0.000000 0.000000 0.000000 0.000000 0.000000 0.338028 0.000000 0.000000 0.000000 0.000000 0.000000 0.096386 0.000000 0.338028 0.000000 0.000000 0.000000 0.428571 0.000000 0.000000 0.000000 0.000000 0.000000 0.575342 0.000000 0.000000 0.000000 0.000000 0.000000 0.000000 0.000000 0.000000 0.000000 0.000000 0.000000 0.000000 0.000000 0.000000 0.000000 0.000000 0.000000 0.114286 0.000000 0.000000 0.000000 0.231214 0.000000 0.000000 0.000000 0.000000 0.000000 0.000000 0.000000 0.000000 0.000000 0.000000 0.000000 0.000000 0.000000 0.000000 0.000000 0.000000 0.000000 0.000000 0.000000 0.000000 0.000000 1.000000 0.000000 0.000000 0.000000 0.000000 0.000000 0.000000 0.000000 0.000000 0.000000 0.000000 0.000000 0.000000 0.220183 0.000000 0.000000 0.000000 0.000000 0.000000 0.000000 0.181818 0.000000 0.000000 0.000000 0.000000 0.000000 0.000000 0.000000 0.000000 0.000000 0.000000 0.000000 0.000000 0.000000 0.000000 0.000000 0.000000 0.000000 0.000000 0.000000 0.103896 0.000000 0.000000 0.000000 0.000000 0.000000 0.000000 0.000000 0.000000 0.000000 0.000000 0.231214 0.000000 0.000000 0.000000 0.000000 0.000000 0.000000 0.000000 0.000000 0.000000 0.000000 0.000000 0.000000 0.000000 0.000000 0.000000 0.000000 0.000000 0.000000 0.000000 0.000000 0.000000 0.000000 0.000000 0.000000 0.000000 0.000000 0.000000 0.000000 0.000000 0.000000 0.000000 0.000000 0.000000 0.000000 0.205479 0.000000 0.000000 0.000000 0.000000 0.000000 0.300940 0.000000 0.000000 0.310345 0.000000 0.000000 0.000000 0.000000 0.000000 0.000000 0.000000 0.000000 0.000000 0.000000 0.000000 0.000000 0.000000 0.000000 0.000000 0.000000 0.000000 0.000000 0.000000 0.000000 0.000000 0.000000 0.000000 0.000000 0.000000 0.000000 0.000000 0.000000 0.000000 0.000000 0.000000 0.000000 0.000000 0.000000 0.000000 0.000000 0.000000 0.000000 0.000000 0.000000 0.000000 0.000000 0.000000 0.000000 0.000000 0.000000 0.000000 0.000000 0.000000 0.000000 0.000000 0.000000 0.000000 0.000000 0.000000 0.000000 0.000000 0.000000 0.375000 0.000000 0.000000 0.000000 0.000000 0.000000 0.000000 0.000000 0.000000 0.000000 0.000000 0.000000 0.000000 0.000000 0.310345 0.000000 0.000000 0.000000 0.000000 0.096386 0.000000 0.000000 0.000000 0.000000 0.000000 0.000000 0.000000
0.000000 0.000000 0.000000 0.000000 0.000000 0.000000 0.000000 0.000000 0.000000 0.000000 0.000000 0.000000 0.000000 0.000000 0.000000 0.000000 0.000000 0.000000 0.000000 0.000000 0.000000 0.000000 0.000000 0.000000 0.000000 0.000000 0.000000 0.000000 0.000000 0.000000 0.000000 0.000000 0.000000 0.000000 0.000000 0.000000 0.000000 0.000000 0.000000 0.000000 0.000000 0.000000 0.000000 0.000000 0.000000 0.000000 0.344262 0.000000 0.000000 0.000000 0.000000 0.000000 0.000000 0.000000 0.000000 0.000000 0.000000 0.000000 0.000000 0.000000 0.000000 0.000000 0.125000 0.000000 0.000000 0.000000 0.028846 0.000000 0.000000 0.000000 0.000000 0.000000 0.000000 0.000000 0.000000 0.000000 0.045455 0.000000 0.000000 0.166667 0.000000 0.000000 0.000000 0.000000 0.000000 0.000000 0.000000 0.000000 0.000000 0.000000 0.000000 0.000000 0.000000 0.000000 0.000000 1.000000 0.000000 0.000000 0.000000 0.000000 0.000000 0.000000 0.000000 0.000000 0.000000 0.000000 0.000000 0.000000 0.000000 0.000000 0.000000 0.000000 0.000000 0.000000 0.000000 0.000000 0.000000 0.000000 0.000000 0.000000 0.000000 0.000000 0.000000 0.000000 0.000000 0.000000 0.000000 0.000000 0.000000 0.000000 0.000000 0.000000 0.000000 0.000000 0.000000 0.000000 0.000000 0.000000 0.000000 0.000000 0.000000 0.000000 0.000000 0.000000 0.000000 0.000000 0.000000 0.000000 0.000000 0.048632 0.000000 0.000000 0.000000 0.000000 0.000000 0.000000 0.000000 0.000000 0.000000 0.000000 0.000000 0.000000 0.000000 0.000000 0.000000 0.000000 0.000000 0.000000 0.000000 0.000000 0.000000 0.000000 0.000000 0.000000 0.000000 0.000000 0.000000 0.000000 0.100418 0.000000 0.000000 0.000000 0.000000 0.000000 0.000000 0.000000 0.000000 0.166667 0.000000 0.000000 0.000000 0.000000 0.000000 0.000000 0.000000 0.102740 0.000000 0.139535 0.000000 0.000000 0.000000 0.000000 0.000000 0.000000 0.000000 0.000000 0.000000 0.000000 0.000000 0.000000 0.000000 0.000000 0.000000 0.000000 0.000000 0.000000 0.000000 0.000000 0.000000 0.000000 0.000000 0.000000 0.000000 0.000000 0.000000 0.000000 0.000000 0.000000 0.000000 0.000000 0.000000 0.000000 0.000000 0.000000 0.272727 0.000000 0.000000 0.000000 0.000000 0.000000 0.000000 0.000000 0.000000 0.157895 0.000000 0.000000 0.000000 0.000000 0.000000 0.166667 0.000000 0.000000 0.000000 0.000000 0.134328 0.000000 0.000000 0.000000 0.085714 0.000000 0.000000 0.000000 0.000000 0.000000 0.000000 0.000000 0.000000 0.000000 0.000000 0.000000 0.000000 0.000000 0.000000 0.000000 0.000000
0.015974 0.000000 0.000000 0.037037 0.000000 0.000000 0.000000 0.059603 0.023810 0.000000 0.059603 0.000000 0.000000 0.000000 0.000000 0.000000 0.014827 0.000000 0.000000 0.000000 0.000000 0.130435 0.000000 0.000000 0.022989 0.075000 0.000000 0.063291 0.000000 0.000000 0.000000 0.000000 0.024390 0.031579 0.061644 0.033708 0.022989 0.051546 0.021277 0.055556 0.024390 0.041475 0.032258 0.048387 0.000000 0.000000 0.000000 0.044118 0.077586 0.000000 0.000000 0.302013 0.000000 0.017442 0.000000 0.000000 0.000000 0.223881 0.022989 0.000000 0.016043 0.000000 0.000000 0.054545 0.000000 0.037618 0.000000 0.000000 0.000000 0.000000 0.059603 0.000000 0.014827 0.023810 0.085714 0.113924 0.000000 0.054945 0.200000 0.061728 0.075000 0.031579 0.000000 0.000000 0.000000 0.000000 0.000000 0.000000 0.000000 0.113924 0.000000 0.000000 0.015974 0.000000 0.000000 0.000000 1.000000 0.000000 0.023810 0.000000 0.063830 0.019231 0.223881 0.023810 0.220930 0.000000 0.000000 0.050000 0.340909 0.000000 0.019231 0.000000 0.652174 0.053254 0.000000 0.000000 0.000000 0.063830 0.000000 0.000000 0.000000 0.000000 0.000000 0.000000 0.033708 0.000000 0.000000 0.000000 0.000000 0.037037 0.059603 0.037037 0.070588 0.000000 0.000000 0.060403 0.037037 0.028846 0.041475 0.022989 0.015974 0.017442 0.029126 0.000000 0.000000 0.014827 0.000000 0.028846 0.000000 0.000000 0.000000 0.000000 0.000000 0.000000 0.000000 0.116279 0.000000 0.000000 0.000000 0.061728 0.000000 0.000000 0.000000 0.000000 0.023529 0.000000 0.101124 0.000000 0.074627 0.000000 0.076923 0.023810 0.000000 0.000000 0.000000 0.000000 0.076923 0.000000 0.000000 0.000000 0.000000 0.080000 0.000000 0.077586 0.000000 0.063830 0.000000 0.061728 0.000000 0.000000 0.172414 0.023810 0.000000 0.074380 0.032258 0.000000 0.000000 0.000000 0.000000 0.347368 0.589744 0.000000 0.000000 0.000000 0.076087 0.061644 0.000000 0.130435 0.075000 0.000000 0.000000 0.000000 0.000000 0.000000 0.000000 0.000000 0.105882 0.051546 0.000000 0.047872 0.056000 0.000000 0.063830 0.017341 0.000000 0.000000 0.000000 0.424837 0.000000 0.080000 0.000000 0.000000 0.000000 0.000000 0.000000 0.023810 0.000000 0.000000 0.000000 0.130435 0.061644 0.072000 0.070588 0.089431 0.000000 0.076923 0.096774 0.066667 0.000000 0.061728 0.000000 0.028302 0.000000 0.000000 0.039474 0.000000 0.080000 0.000000 0.000000 0.060403 0.048649 0.512195 0.000000 0.063830 0.000000 0.130435 0.000000 0.021277 0.000000 0.023810 0.000000 0.000000 0.048544 0.085714 0.000000
0.000000 0.000000 0.000000 0.000000 0.776224 0.000000 0.000000 0.000000 0.000000 0.000000 0.000000 0.000000 0.049383 0.059701 0.000000 0.000000 0.000000 0.000000 0.000000 0.169014 0.000000 0.000000 0.000000 0.054795 0.000000 0.000000 0.000000 0.000000 0.276923 0.036585 0.125000 0.109756 0.000000 0.000000 0.000000 0.000000 0.000000 0.000000 0.000000 0.000000 0.000000 0.000000 0.000000 0.000000 0.000000 0.000000 0.000000 0.000000 0.105263 0.567568 0.000000 0.000000 0.077922 0.000000 0.142857 0.000000 0.091837 0.000000 0.000000 0.000000 0.000000 0.053333 0.000000 0.000000 0.000000 0.000000 0.000000 0.418182 0.000000 0.123711 0.000000 0.000000 0.000000 0.000000 0.000000 0.000000 0.000000 0.000000 0.000000 0.000000 0.000000 0.000000 0.127660 0.000000 0.128571 0.000000 0.176471 0.567568 0.000000 0.000000 0.092308 0.060241 0.000000 0.036145 0.000000 0.000000 0.000000 1.000000 0.000000 0.129412 0.000000 0.000000 0.000000 0.256098 0.000000 0.000000 0.000000 0.000000 0.000000 0.021277 0.000000 0.276923 0.000000 0.000000 0.000000 0.000000 0.000000 0.000000 0.132353 0.000000 0.186667 0.000000 0.000000 0.000000 0.000000 0.000000 0.000000 0.000000 0.000000 0.000000 0.000000 0.000000 0.000000 0.000000 0.000000 0.000000 0.000000 0.102941 0.000000 0.000000 0.000000 0.000000 0.000000 0.019868 0.000000 0.000000 0.313433 0.102941 0.000000 0.000000 0.000000 0.000000 0.000000 0.075949 0.139535 0.000000 0.132353 0.049383 0.000000 0.000000 0.017964 0.054545 0.000000 0.000000 0.000000 0.169014 0.000000 0.227848 0.000000 0.024390 0.000000 0.000000 0.000000 0.000000 0.000000 0.000000 0.000000 0.000000 0.094862 0.000000 0.000000 0.000000 0.000000 0.105263 0.000000 0.000000 0.000000 0.000000 0.000000 0.000000 0.000000 0.000000 0.000000 0.100840 0.000000 0.000000 0.000000 0.129032 0.000000 0.000000 0.000000 0.000000 0.000000 0.000000 0.000000 0.000000 0.000000 0.000000 0.000000 0.000000 0.000000 0.276923 0.000000 0.040541 0.092308 0.000000 0.000000 0.000000 0.000000 0.000000 0.000000 0.000000 0.000000 0.000000 0.121951 0.000000 0.000000 0.000000 0.172414 0.000000 0.000000 0.059701 0.000000 0.109756 0.000000 0.000000 0.053333 0.029703 0.622896 0.000000 0.000000 0.000000 0.000000 0.000000 0.137255 0.000000 0.021978 0.000000 0.000000 0.000000 0.075949 0.000000 0.246575 0.000000 0.000000 0.000000 0.000000 0.000000 0.000000 0.000000 0.000000 0.000000 0.000000 0.000000 0.000000 0.000000 0.000000 0.000000 0.163934 0.000000 0.000000 0.000000 0.000000 0.000000 0.000000
0.044510 0.000000 0.000000 0.103448 0.000000 0.000000 0.000000 0.018405 0.066667 0.000000 0.018405 0.000000 0.000000 0.000000 0.000000 0.000000 0.041221 0.000000 0.000000 0.000000 0.000000 0.040000 0.000000 0.000000 0.064516 0.023256 0.000000 0.176471 0.000000 0.000000 0.000000 0.000000 0.068182 0.089109 0.018987 0.284211 0.064516 0.015873 0.060000 0.052632 0.068182 0.061135 0.272727 0.015152 0.000000 0.000000 0.000000 0.190141 0.024590 0.000000 0.000000 0.018634 0.000000 0.048913 0.000000 0.000000 0.000000 0.068493 0.064516 0.000000 0.045226 0.000000 0.000000 0.016949 0.000000 0.069971 0.000000 0.000000 0.000000 0.000000 0.018405 0.000000 0.041221 0.066667 0.026316 0.035294 0.000000 0.061856 0.026316 0.172414 0.023256 0.089109 0.000000 0.000000 0.000000 0.000000 0.000000 0.000000 0.000000 0.035294 0.000000 0.000000 0.044510 0.000000 0.000000 0.000000 0.023810 0.000000 1.000000 0.000000 0.019608 0.053571 0.068493 0.066667 0.048913 0.000000 0.000000 0.047619 0.021277 0.000000 0.053571 0.000000 0.040000 0.016575 0.000000 0.000000 0.000000 0.019608 0.000000 0.000000 0.000000 0.000000 0.000000 0.000000 0.284211 0.000000 0.036697 0.000000 0.000000 0.103448 0.018405 0.103448 0.021978 0.000000 0.000000 0.018634 0.103448 0.245455 0.061135 0.064516 0.044510 0.048913 0.247706 0.000000 0.000000 0.041221 0.000000 0.245455 0.000000 0.000000 0.000000 0.120482 0.000000 0.000000 0.031915 0.214815 0.000000 0.044944 0.000000 0.057471 0.000000 0.000000 0.000000 0.000000 0.065934 0.000000 0.031579 0.000000 0.205479 0.000000 0.023810 0.066667 0.000000 0.000000 0.000000 0.000000 0.023810 0.000000 0.000000 0.000000 0.000000 0.024691 0.000000 0.024590 0.043478 0.019608 0.000000 0.172414 0.000000 0.000000 0.053763 0.066667 0.000000 0.023622 0.272727 0.000000 0.000000 0.000000 0.000000 0.029703 0.023810 0.000000 0.000000 0.000000 0.030612 0.018987 0.065217 0.040000 0.023256 0.075000 0.000000 0.000000 0.000000 0.000000 0.000000 0.000000 0.032967 0.015873 0.000000 0.045000 0.068702 0.000000 0.019608 0.048649 0.000000 0.000000 0.000000 0.018182 0.000000 0.024691 0.000000 0.000000 0.000000 0.000000 0.000000 0.066667 0.000000 0.000000 0.000000 0.040000 0.018987 0.068702 0.021978 0.116279 0.000000 0.023810 0.060606 0.185185 0.000000 0.172414 0.000000 0.241071 0.000000 0.000000 0.109756 0.000000 0.024691 0.000000 0.000000 0.018634 0.685279 0.022727 0.000000 0.019608 0.000000 0.040000 0.000000 0.060000 0.000000 0.066667 0.000000 0.000000 0.165138 0.026316 0.000000
0.000000 0.000000 0.000000 0.000000 0.115152 0.000000 0.000000 0.000000 0.000000 0.000000 0.000000 0.000000 0.000000 0.000000 0.000000 0.000000 0.000000 0.000000 0.000000 0.000000 0.000000 0.000000 0.000000 0.000000 0.000000 0.000000 0.000000 0.000000 0.000000 0.064516 0.000000 0.000000 0.000000 0.000000 0.000000 0.000000 0.000000 0.000000 0.000000 0.000000 0.000000 0.000000 0.000000 0.000000 0.000000 0.000000 0.000000 0.000000 0.000000 0.129412 0.000000 0.000000 0.000000 0.000000 0.181818 0.000000 0.275229 0.000000 0.000000 0.000000 0.000000 0.000000 0.000000 0.000000 0.000000 0.000000 0.000000 0.101604 0.000000 0.212963 0.000000 0.000000 0.000000 0.000000 0.000000 0.000000 0.000000 0.000000 0.000000 0.000000 0.000000 0.000000 0.000000 0.000000 0.000000 0.000000 0.145833 0.129412 0.000000 0.000000 0.000000 0.085106 0.000000 0.063830 0.000000 0.000000 0.000000 0.129412 0.000000 1.000000 0.000000 0.000000 0.000000 0.150538 0.000000 0.000000 0.000000 0.000000 0.000000 0.047619 0.000000 0.000000 0.000000 0.000000 0.000000 0.000000 0.000000 0.000000 0.000000 0.000000 0.348837 0.000000 0.000000 0.000000 0.000000 0.000000 0.000000 0.000000 0.000000 0.000000 0.000000 0.000000 0.000000 0.000000 0.000000 0.000000 0.000000 0.084071 0.000000 0.000000 0.000000 0.000000 0.000000 0.052023 0.000000 0.000000 0.179487 0.084071 0.000000 0.000000 0.000000 0.000000 0.000000 0.000000 0.000000 0.000000 0.000000 0.000000 0.000000 0.000000 0.047619 0.101604 0.000000 0.000000 0.000000 0.000000 0.000000 0.000000 0.000000 0.053763 0.000000 0.000000 0.000000 0.000000 0.000000 0.000000 0.000000 0.000000 0.000000 0.000000 0.000000 0.000000 0.000000 0.000000 0.000000 0.000000 0.000000 0.000000 0.000000 0.000000 0.000000 0.000000 0.000000 0.000000 0.000000 0.000000 0.000000 0.000000 0.000000 0.000000 0.000000 0.000000 0.000000 0.000000 0.000000 0.000000 0.000000 0.000000 0.000000 0.000000 0.000000 0.000000 0.000000 0.070588 0.000000 0.000000 0.000000 0.000000 0.000000 0.000000 0.000000 0.000000 0.000000 0.000000 0.089552 0.000000 0.000000 0.000000 0.122449 0.000000 0.000000 0.000000 0.000000 0.000000 0.000000 0.000000 0.000000 0.053571 0.102639 0.000000 0.000000 0.000000 0.000000 0.000000 0.108571 0.000000 0.049020 0.000000 0.000000 0.000000 0.000000 0.000000 0.000000 0.000000 0.000000 0.000000 0.000000 0.000000 0.000000 0.000000 0.000000 0.000000 0.000000 0.000000 0.000000 0.000000 0.000000 0.000000 0.000000 0.000000 0.000000 0.000000 0.000000 0.000000 0.000000
0.010601 0.000000 0.000000 0.034014 0.000000 0.000000 0.000000 0.044118 0.019608 0.000000 0.044118 0.000000 0.000000 0.000000 0.000000 0.000000 0.009141 0.000000 0.000000 0.000000 0.000000 0.121951 0.000000 0.000000 0.018868 0.062069 0.000000 0.062937 0.000000 0.000000 0.000000 0.000000 0.020134 0.028571 0.045802 0.030675 0.018868 0.080460 0.017341 0.104478 0.020134 0.306931 0.029240 0.035088 0.000000 0.000000 0.000000 0.252918 0.069124 0.000000 0.000000 0.044776 0.000000 0.012739 0.000000 0.000000 0.000000 0.226891 0.018868 0.000000 0.011628 0.000000 0.000000 0.093333 0.000000 0.034602 0.000000 0.000000 0.000000 0.000000 0.044118 0.000000 0.009141 0.019608 0.072000 0.104895 0.000000 0.377246 0.072000 0.061224 0.062069 0.028571 0.000000 0.000000 0.000000 0.000000 0.000000 0.000000 0.000000 0.104895 0.000000 0.000000 0.010601 0.000000 0.000000 0.000000 0.063830 0.000000 0.019608 0.000000 1.000000 0.014184 0.226891 0.019608 0.031847 0.000000 0.000000 0.093333 0.055901 0.000000 0.014184 0.000000 0.121951 0.038961 0.000000 0.000000 0.000000 0.047619 0.000000 0.000000 0.000000 0.000000 0.000000 0.000000 0.030675 0.000000 0.000000 0.000000 0.000000 0.034014 0.044118 0.034014 0.058065 0.000000 0.000000 0.104478 0.034014 0.025907 0.306931 0.018868 0.010601 0.012739 0.026178 0.000000 0.000000 0.009141 0.000000 0.025907 0.000000 0.000000 0.000000 0.000000 0.000000 0.000000 0.000000 0.111111 0.000000 0.000000 0.000000 0.061224 0.000000 0.000000 0.000000 0.000000 0.019355 0.000000 0.092025 0.000000 0.075630 0.000000 0.148936 0.019608 0.000000 0.000000 0.000000 0.000000 0.319149 0.000000 0.000000 0.000000 0.000000 0.066667 0.000000 0.069124 0.000000 1.000000 0.000000 0.061224 0.000000 0.000000 0.169811 0.019608 0.000000 0.066079 0.029240 0.000000 0.000000 0.000000 0.000000 0.085714 0.063830 0.000000 0.000000 0.000000 0.396450 0.045802 0.000000 0.121951 0.062069 0.000000 0.000000 0.000000 0.000000 0.000000 0.000000 0.000000 0.096774 0.080460 0.000000 0.358382 0.404255 0.000000 0.492063 0.012658 0.000000 0.000000 0.000000 0.043478 0.000000 0.066667 0.000000 0.000000 0.000000 0.000000 0.000000 0.019608 0.000000 0.000000 0.000000 0.121951 0.045802 0.063830 0.058065 0.082251 0.000000 0.319149 0.087719 0.066667 0.000000 0.061224 0.000000 0.025381 0.000000 0.000000 0.036496 0.000000 0.066667 0.000000 0.000000 0.104478 0.364706 0.060403 0.000000 0.492063 0.000000 0.121951 0.000000 0.017341 0.000000 0.019608 0.000000 0.000000 0.267016 0.360000 0.000000
0.028754 0.000000 0.000000 0.092593 0.000000 0.000000 0.000000 0.013245 0.053571 0.000000 0.013245 0.000000 0.000000 0.000000 0.000000 0.000000 0.024712 0.000000 0.000000 0.000000 0.000000 0.036232 0.000000 0.000000 0.172414 0.018750 0.000000 0.170886 0.000000 0.000000 0.000000 0.000000 0.054878 0.078947 0.013699 0.084270 0.172414 0.010309 0.047872 0.041667 0.054878 0.520737 0.080645 0.010753 0.000000 0.000000 0.000000 0.055147 0.021552 0.000000 0.000000 0.013423 0.000000 0.534884 0.000000 0.000000 0.000000 0.067164 0.172414 0.000000 0.032086 0.000000 0.000000 0.012121 0.000000 0.097179 0.000000 0.000000 0.000000 0.000000 0.013245 0.036232 0.024712 0.053571 0.021429 0.031646 0.000000 0.049451 0.021429 0.166667 0.018750 0.078947 0.000000 0.041958 0.000000 0.000000 0.000000 0.000000 0.000000 0.031646 0.000000 0.000000 0.028754 0.000000 0.000000 0.000000 0.019231 0.000000 0.053571 0.000000 0.014184 1.000000 0.067164 0.053571 0.034884 0.000000 0.041958 0.037500 0.017045 0.000000 1.000000 0.000000 0.036232 0.011834 0.000000 0.000000 0.030769 0.014184 0.000000 0.000000 0.000000 0.000000 0.000000 0.000000 0.084270 0.000000 0.000000 0.000000 0.000000 0.092593 0.013245 0.092593 0.017647 0.000000 0.000000 0.013423 0.092593 0.072115 0.520737 0.172414 0.028754 0.534884 0.131068 0.000000 0.000000 0.024712 0.000000 0.072115 0.000000 0.024658 0.000000 0.000000 0.031579 0.000000 0.000000 0.120155 0.000000 0.000000 0.000000 0.055556 0.000000 0.000000 0.000000 0.000000 0.052941 0.000000 0.028090 0.000000 0.201493 0.000000 0.019231 0.053571 0.000000 0.000000 0.000000 0.000000 0.019231 0.000000 0.000000 0.041958 0.000000 0.020000 0.031579 0.021552 0.052326 0.014184 0.000000 0.166667 0.000000 0.000000 0.051724 0.125000 0.067164 0.020661 0.080645 0.000000 0.253623 0.000000 0.041958 0.026316 0.019231 0.000000 0.000000 0.000000 0.043478 0.013699 0.000000 0.036232 0.018750 0.000000 0.000000 0.000000 0.000000 0.000000 0.000000 0.000000 0.029412 0.010309 0.000000 0.106383 0.060000 0.000000 0.014184 0.034682 0.000000 0.000000 0.000000 0.013072 0.000000 0.020000 0.000000 0.000000 0.000000 0.000000 0.000000 0.053571 0.000000 0.000000 0.000000 0.036232 0.013699 0.060000 0.017647 0.109756 0.000000 0.019231 0.048387 0.180000 0.000000 0.166667 0.000000 0.320755 0.000000 0.000000 0.098684 0.000000 0.020000 0.000000 0.000000 0.013423 0.032432 0.018293 0.000000 0.014184 0.000000 0.036232 0.067164 0.047872 0.000000 0.125000 0.000000 0.000000 0.043689 0.021429 0.125000
0.063197 0.000000 0.000000 0.085714 0.000000 0.000000 0.000000 0.488372 0.068493 0.000000 0.488372 0.000000 0.000000 0.000000 0.000000 0.000000 0.063584 0.000000 0.000000 0.000000 0.000000 0.310345 0.000000 0.000000 0.065789 0.507246 0.000000 0.117647 0.000000 0.000000 0.000000 0.000000 0.070423 0.071429 0.217742 0.076923 0.065789 0.206478 0.060241 0.154639 0.070423 0.138462 0.073171 0.164634 0.000000 0.000000 0.000000 0.120000 0.171429 0.000000 0.000000 0.212598 0.000000 0.060000 0.000000 0.000000 0.000000 0.428571 0.065789 0.000000 0.054545 0.000000 0.000000 0.188811 0.000000 0.087273 0.000000 0.000000 0.000000 0.000000 0.488372 0.000000 0.063584 0.068493 0.593220 0.264706 0.000000 0.175000 0.254237 0.114286 0.507246 0.071429 0.000000 0.000000 0.000000 0.000000 0.000000 0.000000 0.000000 0.264706 0.000000 0.000000 0.063197 0.000000 0.000000 0.000000 0.223881 0.000000 0.068493 0.000000 0.226891 0.067164 1.000000 0.068493 0.173333 0.000000 0.000000 0.137615 0.194805 0.000000 0.067164 0.000000 0.310345 0.183673 0.000000 0.000000 0.000000 0.529412 0.000000 0.000000 0.000000 0.000000 0.000000 0.000000 0.076923 0.000000 0.000000 0.000000 0.000000 0.085714 0.488372 0.085714 0.472973 0.000000 0.000000 0.212598 0.085714 0.064516 0.138462 0.065789 0.063197 0.060000 0.065217 0.000000 0.000000 0.063584 0.000000 0.064516 0.000000 0.000000 0.000000 0.000000 0.000000 0.000000 0.000000 0.203390 0.000000 0.000000 0.000000 0.114286 0.000000 0.000000 0.000000 0.000000 0.067568 0.000000 0.538462 0.000000 0.142857 0.000000 0.223881 0.068493 0.000000 0.000000 0.000000 0.000000 0.223881 0.000000 0.000000 0.000000 0.000000 0.234375 0.000000 0.171429 0.000000 0.226891 0.000000 0.114286 0.000000 0.000000 0.315789 0.068493 0.000000 0.163636 0.073171 0.000000 0.000000 0.000000 0.000000 0.214286 0.223881 0.000000 0.000000 0.000000 0.197531 0.217742 0.000000 0.310345 0.507246 0.000000 0.000000 0.000000 0.000000 0.000000 0.000000 0.000000 0.243243 0.206478 0.000000 0.162651 0.140351 0.000000 0.226891 0.059603 0.000000 0.000000 0.000000 0.206107 0.000000 0.234375 0.000000 0.000000 0.000000 0.000000 0.000000 0.068493 0.000000 0.000000 0.000000 0.724138 0.217742 0.157895 0.472973 0.178571 0.000000 0.223881 0.219512 0.125000 0.000000 0.114286 0.000000 0.063158 0.000000 0.000000 0.092308 0.000000 0.234375 0.000000 0.000000 0.212598 0.165644 0.211268 0.000000 0.226891 0.000000 0.310345 0.000000 0.060241 0.000000 0.068493 0.000000 0.000000 0.152174 0.254237 0.000000
0.044510 0.000000 0.000000 0.103448 0.220126 0.000000 0.000000 0.018405 0.066667 0.000000 0.018405 0.000000 0.000000 0.000000 0.000000 0.000000 0.041221 0.000000 0.000000 0.000000 0.000000 0.040000 0.000000 0.000000 0.064516 0.023256 0.000000 0.176471 0.000000 0.044444 0.000000 0.000000 0.068182 0.089109 0.018987 0.094737 0.064516 0.015873 0.060000 0.052632 0.068182 0.034934 0.090909 0.015152 0.000000 0.000000 0.000000 0.063380 0.024590 0.256098 0.000000 0.018634 0.000000 0.048913 0.164706 0.000000 0.113208 0.068493 0.064516 0.000000 0.045226 0.000000 0.000000 0.016949 0.000000 0.034985 0.000000 0.193370 0.000000 0.180952 0.018405 0.000000 0.041221 0.066667 0.026316 0.035294 0.000000 0.061856 0.026316 0.172414 0.023256 0.089109 0.000000 0.000000 0.000000 0.000000 0.236559 0.256098 0.000000 0.035294 0.000000 0.065934 0.044510 0.043956 0.000000 0.000000 0.023810 0.256098 0.066667 0.150538 0.019608 0.053571 0.068493 1.000000 0.048913 0.000000 0.000000 0.047619 0.021277 0.029412 0.053571 0.000000 0.040000 0.016575 0.000000 0.000000 0.000000 0.019608 0.000000 0.000000 0.253012 0.000000 0.000000 0.000000 0.094737 0.000000 0.000000 0.000000 0.000000 0.103448 0.018405 0.103448 0.021978 0.000000 0.000000 0.018634 0.103448 0.527273 0.034934 0.064516 0.044510 0.048913 0.082569 0.029940 0.000000 0.041221 0.373333 0.527273 0.000000 0.000000 0.000000 0.000000 0.000000 0.000000 0.000000 0.081481 0.000000 0.000000 0.000000 0.057471 0.027322 0.082873 0.000000 0.000000 0.065934 0.000000 0.031579 0.000000 0.205479 0.033333 0.023810 0.066667 0.000000 0.000000 0.000000 0.000000 0.023810 0.000000 0.000000 0.000000 0.000000 0.024691 0.000000 0.024590 0.000000 0.019608 0.000000 0.172414 0.000000 0.000000 0.053763 0.066667 0.000000 0.023622 0.090909 0.000000 0.000000 0.000000 0.000000 0.029703 0.023810 0.000000 0.000000 0.000000 0.030612 0.018987 0.000000 0.040000 0.023256 0.000000 0.000000 0.000000 0.000000 0.048780 0.000000 0.000000 0.032967 0.015873 0.000000 0.045000 0.068702 0.000000 0.019608 0.048649 0.167939 0.000000 0.000000 0.018182 0.231579 0.024691 0.000000 0.000000 0.000000 0.000000 0.000000 0.066667 0.000000 0.036697 0.191489 0.040000 0.018987 0.068702 0.021978 0.116279 0.207101 0.023810 0.272727 0.185185 0.000000 0.172414 0.000000 0.080357 0.000000 0.000000 0.109756 0.000000 0.024691 0.000000 0.000000 0.018634 0.045685 0.022727 0.000000 0.019608 0.000000 0.040000 0.000000 0.060000 0.000000 0.066667 0.000000 0.000000 0.055046 0.026316 0.000000
0.026087 0.000000 0.000000 0.084270 0.000000 0.000000 0.000000 0.029940 0.048913 0.000000 0.029940 0.000000 0.000000 0.000000 0.000000 0.000000 0.111773 0.000000 0.000000 0.000000 0.000000 0.090909 0.000000 0.000000 0.047368 0.045455 0.000000 0.155172 0.000000 0.000000 0.000000 0.000000 0.250000 0.072816 0.030864 0.077320 0.047368 0.021672 0.161765 0.060345 0.250000 0.034335 0.074257 0.024752 0.000000 0.000000 0.000000 0.062500 0.056452 0.000000 0.000000 0.066667 0.000000 0.031915 0.000000 0.000000 0.000000 0.173333 0.047368 0.000000 0.029557 0.000000 0.000000 0.027624 0.000000 0.028490 0.000000 0.000000 0.000000 0.000000 0.029940 0.000000 0.111773 0.048913 0.051282 0.080460 0.000000 0.060606 0.115385 0.151685 0.045455 0.072816 0.000000 0.000000 0.000000 0.000000 0.000000 0.000000 0.000000 0.080460 0.000000 0.000000 0.026087 0.000000 0.000000 0.000000 0.220930 0.000000 0.048913 0.000000 0.031847 0.034884 0.173333 0.048913 1.000000 0.000000 0.000000 0.195312 0.197917 0.000000 0.034884 0.000000 0.207792 0.027027 0.000000 0.000000 0.000000 0.031847 0.000000 0.000000 0.000000 0.000000 0.000000 0.000000 0.077320 0.000000 0.000000 0.000000 0.000000 0.084270 0.029940 0.084270 0.043011 0.000000 0.000000 0.030303 0.084270 0.066964 0.034335 0.047368 0.026087 0.031915 0.067568 0.000000 0.000000 0.111773 0.000000 0.066964 0.000000 0.000000 0.000000 0.000000 0.000000 0.000000 0.000000 0.131387 0.000000 0.000000 0.000000 0.050562 0.000000 0.000000 0.000000 0.000000 0.048387 0.000000 0.072165 0.000000 0.180000 0.000000 0.046512 0.048913 0.000000 0.000000 0.000000 0.000000 0.046512 0.000000 0.000000 0.000000 0.000000 0.048193 0.000000 0.056452 0.000000 0.031847 0.000000 0.151685 0.000000 0.000000 0.136842 0.048913 0.000000 0.054264 0.074257 0.000000 0.000000 0.000000 0.000000 0.116505 0.220930 0.000000 0.000000 0.000000 0.050000 0.030864 0.000000 0.090909 0.045455 0.000000 0.000000 0.000000 0.000000 0.000000 0.000000 0.000000 0.075269 0.021672 0.000000 0.044118 0.075188 0.000000 0.031847 0.031746 0.000000 0.000000 0.000000 0.112426 0.000000 0.048193 0.000000 0.000000 0.000000 0.000000 0.000000 0.048913 0.000000 0.000000 0.000000 0.090909 0.030864 0.090226 0.043011 0.137405 0.000000 0.046512 0.089109 0.162651 0.000000 0.151685 0.000000 0.065789 0.000000 0.000000 0.089286 0.000000 0.048193 0.000000 0.000000 0.030303 0.044776 0.166667 0.000000 0.031847 0.000000 0.090909 0.000000 0.161765 0.000000 0.048913 0.000000 0.000000 0.054054 0.051282 0.000000
0.000000 0.000000 0.000000 0.000000 0.000000 0.000000 0.000000 0.000000 0.000000 0.000000 0.000000 0.000000 0.000000 0.000000 0.211454 0.000000 0.000000 0.000000 0.101796 0.000000 0.000000 0.000000 0.000000 0.000000 0.000000 0.000000 0.000000 0.000000 0.000000 0.000000 0.000000 0.000000 0.000000 0.000000 0.000000 0.000000 0.000000 0.000000 0.000000 0.000000 0.000000 0.000000 0.000000 0.000000 0.000000 0.000000 0.000000 0.000000 0.000000 0.000000 0.000000 0.000000 0.000000 0.000000 0.000000 0.000000 0.000000 0.000000 0.000000 0.000000 0.000000 0.000000 0.000000 0.000000 0.000000 0.000000 0.131687 0.000000 0.000000 0.000000 0.000000 0.000000 0.000000 0.000000 0.000000 0.000000 0.227488 0.000000 0.000000 0.000000 0.000000 0.000000 0.000000 0.000000 0.000000 0.000000 0.000000 0.000000 0.000000 0.000000 0.000000 0.000000 0.000000 0.000000 0.000000 0.000000 0.000000 0.000000 0.000000 0.000000 0.000000 0.000000 0.000000 0.000000 0.000000 1.000000 0.000000 0.000000 0.000000 0.000000 0.000000 0.000000 0.000000 0.000000 0.000000 0.000000 0.000000 0.000000 0.000000 0.000000 0.000000 0.000000 0.000000 0.000000 0.000000 0.000000 0.000000 0.000000 0.000000 0.000000 0.000000 0.000000 0.000000 0.000000 0.000000 0.000000 0.000000 0.000000 0.000000 0.000000 0.000000 0.000000 0.000000 0.034884 0.000000 0.000000 0.000000 0.000000 0.000000 0.000000 0.000000 0.000000 0.000000 0.000000 0.000000 0.000000 0.000000 0.000000 0.000000 0.000000 0.031915 0.000000 0.000000 0.000000 0.000000 0.000000 0.000000 0.000000 0.000000 0.043243 0.000000 0.000000 0.000000 0.000000 0.000000 0.000000 0.000000 0.000000 0.000000 0.000000 0.000000 0.000000 0.000000 0.000000 0.000000 0.000000 0.000000 0.000000 0.000000 0.000000 0.000000 0.000000 0.000000 0.000000 0.000000 0.000000 0.000000 0.000000 0.000000 0.000000 0.000000 0.000000 0.000000 0.000000 0.000000 0.000000 0.000000 0.000000 0.000000 0.000000 0.000000 0.000000 0.000000 0.000000 0.000000 0.274286 0.000000 0.000000 0.000000 0.000000 0.000000 0.000000 0.000000 0.000000 0.000000 0.000000 0.000000 0.000000 0.000000 0.000000 0.000000 0.000000 0.000000 0.000000 0.000000 0.000000 0.000000 0.035874 0.000000 0.000000 0.000000 0.000000 0.000000 0.000000 0.000000 0.000000 0.000000 0.000000 0.000000 0.000000 0.000000 0.000000 0.000000 0.000000 0.000000 0.000000 0.000000 0.225806 0.000000 0.000000 0.000000 0.000000 0.000000 0.000000 0.000000 0.000000 0.000000 0.000000 0.000000 0.000000 0.000000 0.000000 0.000000 0.000000 0.000000
0.000000 0.000000 0.000000 0.000000 0.000000 0.000000 0.000000 0.000000 0.000000 0.000000 0.000000 0.000000 0.000000 0.000000 0.000000 0.000000 0.000000 0.000000 0.000000 0.000000 0.000000 0.000000 0.000000 0.000000 0.167702 0.000000 0.000000 0.000000 0.000000 0.000000 0.000000 0.000000 0.000000 0.000000 0.000000 0.000000 0.167702 0.000000 0.000000 0.000000 0.000000 0.029412 0.000000 0.000000 0.000000 0.000000 0.000000 0.000000 0.000000 0.000000 0.000000 0.000000 0.000000 0.037736 0.000000 0.000000 0.000000 0.000000 0.167702 0.000000 0.000000 0.000000 0.000000 0.000000 0.000000 0.030717 0.000000 0.000000 0.000000 0.000000 0.000000 0.040000 0.000000 0.000000 0.000000 0.000000 0.000000 0.000000 0.000000 0.000000 0.000000 0.000000 0.000000 1.000000 0.000000 0.000000 0.000000 0.000000 0.000000 0.000000 0.000000 0.000000 0.000000 0.000000 0.000000 0.000000 0.000000 0.000000 0.000000 0.000000 0.000000 0.041958 0.000000 0.000000 0.000000 0.000000 1.000000 0.000000 0.000000 0.000000 0.041958 0.000000 0.000000 0.000000 0.000000 0.031496 0.186813 0.000000 0.000000 0.000000 0.000000 0.000000 0.000000 0.000000 0.000000 0.000000 0.000000 0.000000 0.000000 0.000000 0.000000 0.000000 0.000000 0.000000 0.000000 0.000000 0.000000 0.000000 0.029412 0.316770 0.000000 0.037736 0.031088 0.000000 0.000000 0.000000 0.000000 0.000000 0.000000 0.150442 0.000000 0.000000 0.382239 0.000000 0.000000 0.024490 0.000000 0.000000 0.000000 0.000000 0.000000 0.000000 0.000000 0.000000 0.000000 0.000000 0.000000 0.000000 0.000000 0.000000 0.000000 0.000000 0.000000 0.000000 0.000000 0.000000 0.000000 0.000000 0.000000 0.261538 0.000000 0.000000 0.196911 0.000000 0.320755 0.000000 0.000000 0.000000 0.000000 0.000000 0.000000 0.038710 0.074380 0.000000 0.000000 0.000000 0.120000 0.000000 0.261538 0.000000 0.000000 0.000000 0.000000 0.031496 0.017544 0.000000 0.000000 0.000000 0.000000 0.000000 0.000000 0.000000 0.000000 0.000000 0.000000 0.000000 0.000000 0.000000 0.000000 0.194286 0.000000 0.000000 0.000000 0.000000 0.000000 0.000000 0.000000 0.000000 0.000000 0.000000 0.000000 0.000000 0.000000 0.000000 0.000000 0.000000 0.000000 0.000000 0.000000 0.000000 0.000000 0.000000 0.000000 0.000000 0.000000 0.000000 0.000000 0.000000 0.000000 0.000000 0.000000 0.045226 0.000000 0.000000 0.000000 0.000000 0.000000 0.000000 0.000000 0.000000 0.000000 0.000000 0.000000 0.000000 0.000000 0.000000 0.074380 0.000000 0.000000 0.038710 0.000000 0.000000 0.000000 0.000000 0.058065
0.031185 0.000000 0.000000 0.073171 0.000000 0.220183 0.000000 0.038298 0.047619 0.000000 0.038298 0.146341 0.000000 0.000000 0.000000 0.000000 0.440085 0.000000 0.000000 0.000000 0.000000 0.081081 0.147059 0.000000 0.046512 0.049180 0.000000 0.123967 0.000000 0.000000 0.000000 0.000000 0.693548 0.065693 0.039130 0.068702 0.046512 0.076253 0.220588 0.120000 0.693548 0.086379 0.066667 0.033333 0.220183 0.000000 0.000000 0.101124 0.056962 0.000000 0.142857 0.038627 0.000000 0.035156 0.000000 0.000000 0.000000 0.137615 0.046512 0.000000 0.033210 0.000000 0.000000 0.084337 0.000000 0.024641 0.000000 0.000000 0.065041 0.000000 0.038298 0.000000 0.440085 0.047619 0.053571 0.074380 0.000000 0.112782 0.053571 0.121951 0.049180 0.065693 0.000000 0.000000 0.000000 0.000000 0.000000 0.000000 0.000000 0.074380 0.000000 0.000000 0.031185 0.000000 0.220183 0.000000 0.050000 0.000000 0.047619 0.000000 0.093333 0.037500 0.137615 0.047619 0.195312 0.000000 0.000000 1.000000 0.046154 0.000000 0.037500 0.000000 0.081081 0.035573 0.100840 0.000000 0.000000 0.040000 0.000000 0.000000 0.000000 0.000000 0.000000 0.000000 0.068702 0.000000 0.000000 0.000000 0.000000 0.073171 0.038298 0.073171 0.047244 0.000000 0.061538 0.090129 0.073171 0.061644 0.086379 0.046512 0.031185 0.035156 0.062069 0.000000 0.000000 0.440085 0.000000 0.061644 0.000000 0.000000 0.000000 0.000000 0.000000 0.000000 0.000000 0.122807 0.000000 0.000000 0.000000 0.040650 0.000000 0.000000 0.000000 0.000000 0.047244 0.000000 0.068702 0.000000 0.137615 0.000000 0.116667 0.047619 0.000000 0.000000 0.000000 0.000000 0.116667 0.000000 0.000000 0.000000 0.119048 0.051282 0.000000 0.056962 0.000000 0.093333 0.180791 0.121951 0.000000 0.162162 0.116279 0.047619 0.000000 0.055215 0.066667 0.000000 0.000000 0.000000 0.000000 0.065693 0.050000 0.000000 0.000000 0.000000 0.097015 0.039130 0.000000 0.081081 0.049180 0.000000 0.000000 0.000000 0.000000 0.000000 0.000000 0.000000 0.070866 0.076253 0.000000 0.099265 0.125749 0.000000 0.093333 0.035019 0.000000 0.000000 0.000000 0.037975 0.000000 0.051282 0.000000 0.000000 0.000000 0.000000 0.000000 0.047619 0.000000 0.000000 0.000000 0.081081 0.039130 0.089820 0.047244 0.127273 0.000000 0.116667 0.088889 0.128205 0.205128 0.121951 0.000000 0.060811 0.000000 0.000000 0.076271 0.000000 0.051282 0.000000 0.000000 0.090129 0.100372 0.048387 0.162162 0.093333 0.000000 0.081081 0.000000 0.220588 0.000000 0.047619 0.000000 0.000000 0.103448 0.125000 0.000000
0.269122 0.000000 0.000000 0.230769 0.000000 0.000000 0.000000 0.052632 0.148936 0.000000 0.052632 0.000000 0.000000 0.000000 0.000000 0.000000 0.013100 0.000000 0.000000 0.000000 0.112245 0.113924 0.000000 0.000000 0.020619 0.066667 0.000000 0.056180 0.000000 0.000000 0.000000 0.000000 0.021739 0.371429 0.054217 0.030303 0.020619 0.045317 0.019231 0.050847 0.021739 0.037975 0.203883 0.043689 0.000000 0.107143 0.000000 0.041096 0.071429 0.000000 0.000000 0.124260 0.000000 0.015625 0.000000 0.093168 0.000000 0.194805 0.020619 0.000000 0.275362 0.000000 0.000000 0.048649 0.000000 0.033426 0.000000 0.000000 0.000000 0.000000 0.052632 0.000000 0.013100 0.404255 0.075000 0.101124 0.000000 0.168317 0.175000 0.054945 0.066667 0.371429 0.000000 0.000000 0.000000 0.050633 0.000000 0.000000 0.137931 0.101124 0.000000 0.000000 0.269122 0.000000 0.000000 0.000000 0.340909 0.000000 0.021277 0.000000 0.055901 0.017045 0.194805 0.021277 0.197917 0.000000 0.000000 0.046154 1.000000 0.000000 0.017045 0.000000 0.265823 0.047619 0.000000 0.000000 0.000000 0.055901 0.000000 0.000000 0.000000 0.000000 0.000000 0.000000 0.030303 0.077922 0.000000 0.000000 0.031250 0.230769 0.052632 0.032967 0.063158 0.000000 0.000000 0.053254 0.626374 0.026316 0.037975 0.020619 0.269122 0.015625 0.026549 0.000000 0.000000 0.013100 0.000000 0.026316 0.000000 0.000000 0.000000 0.000000 0.000000 0.000000 0.000000 0.107914 0.000000 0.000000 0.000000 0.186813 0.000000 0.000000 0.000000 0.000000 0.021053 0.000000 0.090909 0.000000 0.064935 0.000000 0.068182 0.404255 0.031250 0.077922 0.000000 0.000000 0.068182 0.030000 0.000000 0.000000 0.000000 0.070588 0.000000 0.071429 0.000000 0.055901 0.000000 0.054945 0.093750 0.000000 0.154639 0.021277 0.000000 0.068702 0.203883 0.000000 0.000000 0.000000 0.000000 0.161905 0.340909 0.000000 0.030000 0.000000 0.068627 0.054217 0.000000 0.113924 0.066667 0.000000 0.000000 0.000000 0.050633 0.000000 0.000000 0.000000 0.094737 0.045317 0.000000 0.043269 0.318519 0.042328 0.055901 0.015544 0.000000 0.000000 0.000000 0.236994 0.000000 0.070588 0.000000 0.000000 0.079646 0.000000 0.000000 0.404255 0.000000 0.000000 0.000000 0.113924 0.054217 0.066667 0.063158 0.082707 0.000000 0.068182 0.087379 0.411765 0.000000 0.054945 0.000000 0.025862 0.000000 0.000000 0.034884 0.061856 0.070588 0.000000 0.000000 0.053254 0.043902 0.282609 0.000000 0.055901 0.000000 0.113924 0.000000 0.019231 0.000000 0.021277 0.000000 0.000000 0.150442 0.075000 0.000000
0.000000 0.000000 0.000000 0.000000 0.016393 0.000000 0.000000 0.000000 0.000000 0.000000 0.000000 0.000000 0.000000 0.000000 0.073171 0.000000 0.000000 0.000000 0.000000 0.000000 0.113208 0.000000 0.000000 0.000000 0.000000 0.000000 0.000000 0.000000 0.000000 0.088235 0.000000 0.000000 0.000000 0.000000 0.000000 0.000000 0.000000 0.000000 0.000000 0.000000 0.000000 0.000000 0.000000 0.000000 0.000000 0.000000 0.000000 0.000000 0.000000 0.021277 0.000000 0.000000 0.000000 0.000000 0.051546 0.000000 0.025424 0.000000 0.000000 0.000000 0.000000 0.000000 0.097561 0.000000 0.000000 0.000000 0.000000 0.014634 0.000000 0.094017 0.000000 0.000000 0.000000 0.000000 0.000000 0.000000 0.000000 0.000000 0.000000 0.000000 0.000000 0.000000 0.000000 0.000000 0.000000 0.000000 0.047619 0.021277 0.000000 0.000000 0.000000 0.048544 0.000000 0.087379 0.000000 0.000000 0.000000 0.021277 0.000000 0.047619 0.000000 0.000000 0.000000 0.029412 0.000000 0.000000 0.000000 0.000000 0.000000 1.000000 0.000000 0.000000 0.000000 0.000000 0.000000 0.000000 0.311688 0.000000 0.000000 0.000000 0.021053 0.000000 0.000000 0.000000 0.000000 0.000000 0.000000 0.000000 0.000000 0.000000 0.000000 0.000000 0.000000 0.000000 0.000000 0.000000 0.000000 0.012295 0.000000 0.000000 0.000000 0.000000 0.000000 0.141361 0.000000 0.000000 0.034483 0.012295 0.000000 0.000000 0.000000 0.000000 0.000000 0.000000 0.000000 0.000000 0.000000 0.000000 0.000000 0.000000 0.130435 0.014634 0.000000 0.000000 0.000000 0.000000 0.000000 0.000000 0.000000 0.196078 0.000000 0.000000 0.000000 0.000000 0.000000 0.000000 0.000000 0.000000 0.081911 0.000000 0.039216 0.000000 0.000000 0.000000 0.000000 0.000000 0.000000 0.000000 0.000000 0.000000 0.000000 0.000000 0.000000 0.000000 0.000000 0.000000 0.000000 0.000000 0.000000 0.000000 0.000000 0.000000 0.000000 0.000000 0.000000 0.000000 0.000000 0.000000 0.000000 0.000000 0.000000 0.000000 0.000000 0.031915 0.000000 0.000000 0.000000 0.000000 0.000000 0.000000 0.000000 0.000000 0.000000 0.000000 0.104895 0.000000 0.000000 0.000000 0.028037 0.000000 0.000000 0.000000 0.000000 0.000000 0.000000 0.000000 0.000000 0.123967 0.013263 0.000000 0.000000 0.000000 0.000000 0.000000 0.015544 0.000000 0.018018 0.000000 0.000000 0.000000 0.121212 0.000000 0.000000 0.000000 0.000000 0.000000 0.000000 0.000000 0.000000 0.000000 0.000000 0.000000 0.000000 0.000000 0.000000 0.000000 0.000000 0.000000 0.000000 0.000000 0.000000 0.000000 0.000000 0.000000 0.000000
0.028754 0.000000 0.000000 0.092593 0.000000 0.000000 0.000000 0.013245 0.053571 0.000000 0.013245 0.000000 0.000000 0.000000 0.000000 0.000000 0.024712 0.000000 0.000000 0.000000 0.000000 0.036232 0.000000 0.000000 0.172414 0.018750 0.000000 0.170886 0.000000 0.000000 0.000000 0.000000 0.054878 0.078947 0.013699 0.084270 0.172414 0.010309 0.047872 0.041667 0.054878 0.520737 0.080645 0.010753 0.000000 0.000000 0.000000 0.055147 0.021552 0.000000 0.000000 0.013423 0.000000 0.534884 0.000000 0.000000 0.000000 0.067164 0.172414 0.000000 0.032086 0.000000 0.000000 0.012121 0.000000 0.097179 0.000000 0.000000 0.000000 0.000000 0.013245 0.036232 0.024712 0.053571 0.021429 0.031646 0.000000 0.049451 0.021429 0.166667 0.018750 0.078947 0.000000 0.041958 0.000000 0.000000 0.000000 0.000000 0.000000 0.031646 0.000000 0.000000 0.028754 0.000000 0.000000 0.000000 0.019231 0.000000 0.053571 0.000000 0.014184 1.000000 0.067164 0.053571 0.034884 0.000000 0.041958 0.037500 0.017045 0.000000 1.000000 0.000000 0.036232 0.011834 0.000000 0.000000 0.030769 0.014184 0.000000 0.000000 0.000000 0.000000 0.000000 0.000000 0.084270 0.000000 0.000000 0.000000 0.000000 0.092593 0.013245 0.092593 0.017647 0.000000 0.000000 0.013423 0.092593 0.072115 0.520737 0.172414 0.028754 0.534884 0.131068 0.000000 0.000000 0.024712 0.000000 0.072115 0.000000 0.024658 0.000000 0.000000 0.031579 0.000000 0.000000 0.120155 0.000000 0.000000 0.000000 0.055556 0.000000 0.000000 0.000000 0.000000 0.052941 0.000000 0.028090 0.000000 0.201493 0.000000 0.019231 0.053571 0.000000 0.000000 0.000000 0.000000 0.019231 0.000000 0.000000 0.041958 0.000000 0.020000 0.031579 0.021552 0.052326 0.014184 0.000000 0.166667 0.000000 0.000000 0.051724 0.125000 0.067164 0.020661 0.080645 0.000000 0.253623 0.000000 0.041958 0.026316 0.019231 0.000000 0.000000 0.000000 0.043478 0.013699 0.000000 0.036232 0.018750 0.000000 0.000000 0.000000 0.000000 0.000000 0.000000 0.000000 0.029412 0.010309 0.000000 0.106383 0.060000 0.000000 0.014184 0.034682 0.000000 0.000000 0.000000 0.013072 0.000000 0.020000 0.000000 0.000000 0.000000 0.000000 0.000000 0.053571 0.000000 0.000000 0.000000 0.036232 0.013699 0.060000 0.017647 0.109756 0.000000 0.019231 0.048387 0.180000 0.000000 0.166667 0.000000 0.320755 0.000000 0.000000 0.098684 0.000000 0.020000 0.000000 0.000000 0.013423 0.032432 0.018293 0.000000 0.014184 0.000000 0.036232 0.067164 0.047872 0.000000 0.125000 0.000000 0.000000 0.043689 0.021429 0.125000
0.000000 0.000000 0.000000 0.000000 0.240000 0.000000 0.000000 0.000000 0.000000 0.000000 0.000000 0.000000 0.083333 0.103448 0.000000 0.000000 0.000000 0.000000 0.000000 0.290323 0.000000 0.000000 0.000000 0.093750 0.000000 0.000000 0.000000 0.000000 0.428571 0.000000 0.238095 0.205479 0.000000 0.000000 0.000000 0.000000 0.000000 0.000000 0.000000 0.000000 0.000000 0.000000 0.000000 0.000000 0.000000 0.000000 0.000000 0.000000 0.171429 0.276923 0.000000 0.000000 0.117647 0.000000 0.000000 0.000000 0.000000 0.000000 0.000000 0.000000 0.000000 0.090909 0.000000 0.000000 0.000000 0.000000 0.000000 0.244898 0.000000 0.000000 0.000000 0.000000 0.000000 0.000000 0.000000 0.000000 0.000000 0.000000 0.000000 0.000000 0.000000 0.000000 0.211765 0.000000 0.245902 0.000000 0.000000 0.276923 0.000000 0.000000 0.142857 0.000000 0.000000 0.000000 0.000000 0.000000 0.000000 0.276923 0.000000 0.000000 0.000000 0.000000 0.000000 0.000000 0.000000 0.000000 0.000000 0.000000 0.000000 0.000000 0.000000 1.000000 0.000000 0.000000 0.000000 0.000000 0.000000 0.000000 0.254237 0.000000 0.000000 0.000000 0.000000 0.000000 0.000000 0.000000 0.000000 0.000000 0.000000 0.000000 0.000000 0.000000 0.000000 0.000000 0.000000 0.000000 0.000000 0.000000 0.000000 0.000000 0.000000 0.000000 0.000000 0.000000 0.000000 0.000000 0.000000 0.000000 0.000000 0.000000 0.000000 0.000000 0.000000 0.114286 0.233766 0.000000 0.254237 0.083333 0.000000 0.000000 0.000000 0.000000 0.000000 0.000000 0.000000 0.290323 0.000000 0.342857 0.000000 0.000000 0.000000 0.000000 0.000000 0.000000 0.000000 0.000000 0.000000 0.000000 0.357447 0.000000 0.000000 0.000000 0.000000 0.171429 0.000000 0.000000 0.000000 0.000000 0.000000 0.000000 0.000000 0.000000 0.000000 0.163636 0.000000 0.000000 0.000000 0.500000 0.000000 0.000000 0.000000 0.000000 0.000000 0.000000 0.000000 0.000000 0.000000 0.000000 0.000000 0.000000 0.000000 0.428571 0.000000 0.000000 0.142857 0.000000 0.000000 0.000000 0.000000 0.000000 0.000000 0.000000 0.000000 0.000000 0.000000 0.000000 0.000000 0.000000 0.000000 0.000000 0.000000 0.103448 0.000000 0.205479 0.000000 0.000000 0.090909 0.000000 0.206897 0.000000 0.000000 0.000000 0.000000 0.000000 0.000000 0.000000 0.000000 0.000000 0.000000 0.000000 0.114286 0.000000 0.375000 0.000000 0.000000 0.000000 0.000000 0.000000 0.000000 0.000000 0.000000 0.000000 0.000000 0.000000 0.000000 0.000000 0.000000 0.000000 0.230769 0.000000 0.000000 0.000000 0.000000 0.000000 0.000000
0.032491 0.000000 0.000000 0.055556 0.000000 0.000000 0.000000 0.112782 0.040000 0.000000 0.112782 0.000000 0.000000 0.000000 0.000000 0.000000 0.031776 0.000000 0.000000 0.000000 0.000000 0.200000 0.000000 0.000000 0.038462 0.126761 0.000000 0.085714 0.000000 0.000000 0.000000 0.000000 0.041096 0.046512 0.117188 0.050000 0.038462 0.105882 0.035294 0.090909 0.041096 0.075377 0.047619 0.089286 0.000000 0.000000 0.000000 0.070866 0.112150 0.000000 0.000000 0.572519 0.000000 0.032468 0.000000 0.000000 0.000000 0.310345 0.038462 0.000000 0.029586 0.000000 0.000000 0.102041 0.000000 0.056537 0.000000 0.000000 0.000000 0.000000 0.112782 0.000000 0.031776 0.040000 0.147541 0.171429 0.000000 0.097561 0.344262 0.083333 0.126761 0.046512 0.000000 0.000000 0.000000 0.000000 0.000000 0.000000 0.000000 0.171429 0.000000 0.000000 0.032491 0.000000 0.000000 0.000000 0.652174 0.000000 0.040000 0.000000 0.121951 0.036232 0.310345 0.040000 0.207792 0.000000 0.000000 0.081081 0.265823 0.000000 0.036232 0.000000 1.000000 0.099338 0.000000 0.000000 0.000000 0.121951 0.000000 0.000000 0.000000 0.000000 0.000000 0.000000 0.050000 0.000000 0.000000 0.000000 0.000000 0.055556 0.112782 0.055556 0.118421 0.000000 0.000000 0.114504 0.055556 0.042105 0.075377 0.038462 0.032491 0.032468 0.042553 0.000000 0.000000 0.031776 0.000000 0.042105 0.000000 0.000000 0.000000 0.000000 0.000000 0.000000 0.000000 0.150000 0.000000 0.000000 0.000000 0.083333 0.000000 0.000000 0.000000 0.000000 0.039474 0.000000 0.150000 0.000000 0.103448 0.000000 0.130435 0.040000 0.000000 0.000000 0.000000 0.000000 0.130435 0.000000 0.000000 0.000000 0.000000 0.136364 0.000000 0.112150 0.000000 0.121951 0.000000 0.083333 0.000000 0.000000 0.230769 0.040000 0.000000 0.107143 0.047619 0.000000 0.000000 0.000000 0.000000 0.558140 0.652174 0.000000 0.000000 0.000000 0.120482 0.117188 0.000000 0.200000 0.126761 0.000000 0.000000 0.000000 0.000000 0.000000 0.000000 0.000000 0.157895 0.105882 0.000000 0.088235 0.086207 0.000000 0.121951 0.032258 0.000000 0.000000 0.000000 0.555556 0.000000 0.136364 0.000000 0.000000 0.000000 0.000000 0.000000 0.040000 0.000000 0.000000 0.000000 0.200000 0.117188 0.103448 0.118421 0.122807 0.000000 0.130435 0.142857 0.090909 0.000000 0.083333 0.000000 0.041237 0.000000 0.000000 0.059701 0.000000 0.136364 0.000000 0.000000 0.114504 0.089820 0.616438 0.000000 0.121951 0.000000 0.200000 0.000000 0.035294 0.000000 0.040000 0.000000 0.000000 0.085106 0.147541 0.000000
0.008850 0.000000 0.000000 0.028571 0.000000 0.000000 0.000000 0.036585 0.016575 0.000000 0.036585 0.000000 0.000000 0.000000 0.000000 0.000000 0.007587 0.000000 0.000000 0.000000 0.000000 0.231788 0.000000 0.000000 0.016043 0.052023 0.000000 0.052632 0.000000 0.000000 0.000000 0.000000 0.016949 0.024631 0.037736 0.026178 0.016043 0.154574 0.014925 0.179039 0.016949 0.026087 0.025126 0.030151 0.000000 0.000000 0.000000 0.256140 0.061224 0.000000 0.000000 0.037037 0.000000 0.010811 0.000000 0.000000 0.000000 0.428571 0.016043 0.000000 0.010000 0.000000 0.000000 0.168539 0.000000 0.028986 0.000000 0.000000 0.000000 0.000000 0.036585 0.000000 0.007587 0.016575 0.058824 0.087719 0.000000 0.035897 0.058824 0.051429 0.052023 0.024631 0.000000 0.000000 0.000000 0.000000 0.000000 0.000000 0.000000 0.087719 0.000000 0.000000 0.008850 0.000000 0.000000 0.000000 0.053254 0.000000 0.016575 0.000000 0.038961 0.011834 0.183673 0.016575 0.027027 0.000000 0.000000 0.035573 0.047619 0.000000 0.011834 0.000000 0.099338 1.000000 0.000000 0.000000 0.000000 0.038961 0.000000 0.000000 0.000000 0.000000 0.000000 0.000000 0.026178 0.000000 0.000000 0.000000 0.000000 0.028571 0.036585 0.028571 0.049180 0.000000 0.000000 0.185185 0.028571 0.022624 0.026087 0.016043 0.008850 0.010811 0.022831 0.000000 0.000000 0.007587 0.000000 0.022624 0.000000 0.000000 0.000000 0.000000 0.000000 0.000000 0.000000 0.232472 0.000000 0.000000 0.000000 0.051429 0.000000 0.000000 0.000000 0.000000 0.016393 0.000000 0.078534 0.000000 0.061224 0.000000 0.242604 0.016575 0.000000 0.000000 0.000000 0.000000 0.053254 0.000000 0.000000 0.000000 0.000000 0.055215 0.000000 0.061224 0.000000 0.038961 0.000000 0.051429 0.000000 0.000000 0.144385 0.016575 0.000000 0.058824 0.025126 0.000000 0.000000 0.000000 0.000000 0.073892 0.053254 0.000000 0.000000 0.000000 0.116751 0.037736 0.000000 0.099338 0.052023 0.000000 0.000000 0.000000 0.000000 0.000000 0.000000 0.000000 0.431694 0.154574 0.000000 0.029851 0.041825 0.000000 0.038961 0.010753 0.000000 0.000000 0.000000 0.036145 0.000000 0.055215 0.000000 0.000000 0.000000 0.000000 0.000000 0.016575 0.000000 0.000000 0.000000 0.099338 0.037736 0.300380 0.049180 0.320463 0.000000 0.053254 0.175879 0.055215 0.000000 0.051429 0.000000 0.022222 0.000000 0.000000 0.030303 0.000000 0.055215 0.000000 0.000000 0.185185 0.030303 0.050847 0.000000 0.038961 0.000000 0.231788 0.000000 0.014925 0.000000 0.016575 0.000000 0.000000 0.031963 0.058824 0.000000
0.000000 0.000000 0.055814 0.000000 0.000000 0.181818 0.000000 0.033557 0.000000 0.000000 0.033557 0.125000 0.000000 0.000000 0.000000 0.000000 0.120200 0.000000 0.000000 0.000000 0.000000 0.000000 0.612903 0.000000 0.000000 0.037975 0.000000 0.000000 0.000000 0.000000 0.000000 0.000000 0.148148 0.000000 0.031250 0.000000 0.000000 0.000000 0.129032 0.000000 0.148148 0.000000 0.000000 0.024457 0.181818 0.000000 0.000000 0.000000 0.034783 0.000000 0.120482 0.000000 0.000000 0.000000 0.000000 0.000000 0.000000 0.000000 0.000000 0.000000 0.000000 0.000000 0.269231 0.000000 0.000000 0.000000 0.035714 0.000000 0.150000 0.000000 0.033557 0.000000 0.120200 0.000000 0.000000 0.038462 0.062500 0.000000 0.000000 0.000000 0.037975 0.000000 0.000000 0.000000 0.000000 0.000000 0.000000 0.000000 0.000000 0.038462 0.000000 0.047619 0.000000 0.000000 0.181818 0.000000 0.000000 0.000000 0.000000 0.000000 0.000000 0.000000 0.000000 0.000000 0.000000 0.000000 0.000000 0.100840 0.000000 0.000000 0.000000 0.000000 0.000000 0.000000 1.000000 0.000000 0.000000 0.000000 0.000000 0.000000 0.000000 0.000000 0.000000 0.161290 0.000000 0.000000 0.058824 0.000000 0.000000 0.000000 0.033557 0.000000 0.000000 0.000000 0.655172 0.000000 0.000000 0.000000 0.000000 0.000000 0.000000 0.000000 0.000000 0.000000 0.063830 0.120200 0.000000 0.000000 0.000000 0.044321 0.000000 0.000000 0.000000 0.000000 0.000000 0.000000 0.000000 0.000000 0.000000 0.000000 0.000000 0.000000 0.000000 0.000000 0.000000 0.000000 0.045455 0.000000 0.000000 0.000000 0.000000 0.000000 0.000000 0.000000 0.000000 0.000000 0.000000 0.000000 0.000000 0.000000 0.108434 0.033784 0.000000 0.034783 0.000000 0.000000 0.133705 0.000000 0.000000 0.147059 0.046512 0.000000 0.000000 0.033333 0.000000 0.000000 0.000000 0.000000 0.000000 0.000000 0.000000 0.000000 0.000000 0.000000 0.000000 0.031250 0.070588 0.000000 0.037975 0.000000 0.000000 0.000000 0.000000 0.040000 0.000000 0.000000 0.000000 0.000000 0.000000 0.000000 0.000000 0.000000 0.000000 0.000000 0.000000 0.000000 0.000000 0.000000 0.000000 0.033784 0.000000 0.000000 0.274510 0.000000 0.000000 0.000000 0.000000 0.000000 0.000000 0.000000 0.031250 0.000000 0.000000 0.000000 0.000000 0.000000 0.000000 0.000000 0.162162 0.000000 0.000000 0.000000 0.000000 0.000000 0.000000 0.000000 0.033784 0.000000 0.076923 0.000000 0.000000 0.000000 0.147059 0.000000 0.000000 0.000000 0.000000 0.129032 0.000000 0.000000 0.000000 0.000000 0.000000 0.000000 0.000000
0.000000 0.000000 0.000000 0.000000 0.000000 0.000000 0.000000 0.000000 0.000000 0.000000 0.000000 0.000000 0.000000 0.000000 0.000000 0.000000 0.000000 0.000000 0.000000 0.000000 0.000000 0.000000 0.000000 0.000000 0.037975 0.000000 0.000000 0.000000 0.000000 0.000000 0.000000 0.000000 0.000000 0.000000 0.000000 0.000000 0.037975 0.000000 0.000000 0.000000 0.000000 0.000000 0.000000 0.000000 0.000000 0.000000 0.000000 0.000000 0.000000 0.000000 0.000000 0.000000 0.000000 0.000000 0.000000 0.000000 0.000000 0.000000 0.037975 0.000000 0.000000 0.000000 0.000000 0.000000 0.000000 0.000000 0.000000 0.000000 0.000000 0.000000 0.000000 0.000000 0.000000 0.000000 0.000000 0.000000 0.000000 0.000000 0.000000 0.000000 0.000000 0.000000 0.000000 0.031496 0.000000 0.000000 0.000000 0.000000 0.000000 0.000000 0.000000 0.000000 0.000000 0.000000 0.000000 0.000000 0.000000 0.000000 0.000000 0.000000 0.000000 0.000000 0.000000 0.000000 0.000000 0.000000 0.031496 0.000000 0.000000 0.000000 0.000000 0.000000 0.000000 0.000000 0.000000 1.000000 0.022346 0.000000 0.000000 0.000000 0.000000 0.000000 0.000000 0.000000 0.000000 0.000000 0.000000 0.000000 0.000000 0.000000 0.000000 0.000000 0.000000 0.000000 0.000000 0.000000 0.000000 0.000000 0.000000 0.037975 0.000000 0.000000 0.094737 0.000000 0.000000 0.000000 0.000000 0.000000 0.000000 0.018018 0.000000 0.000000 0.023715 0.000000 0.000000 0.074380 0.000000 0.000000 0.000000 0.000000 0.000000 0.000000 0.000000 0.000000 0.000000 0.000000 0.000000 0.000000 0.000000 0.000000 0.000000 0.000000 0.000000 0.000000 0.000000 0.000000 0.000000 0.000000 0.000000 0.031496 0.000000 0.000000 0.023715 0.000000 0.038462 0.000000 0.000000 0.000000 0.000000 0.000000 0.000000 0.118421 0.000000 0.000000 0.000000 0.000000 0.000000 0.000000 0.031496 0.000000 0.000000 0.000000 0.000000 0.483871 0.000000 0.000000 0.000000 0.000000 0.000000 0.000000 0.000000 0.000000 0.000000 0.000000 0.000000 0.000000 0.000000 0.000000 0.000000 0.023256 0.000000 0.000000 0.000000 0.000000 0.000000 0.000000 0.000000 0.000000 0.000000 0.000000 0.000000 0.000000 0.000000 0.000000 0.000000 0.000000 0.000000 0.000000 0.000000 0.000000 0.000000 0.000000 0.000000 0.000000 0.000000 0.000000 0.000000 0.000000 0.000000 0.000000 0.000000 0.000000 0.000000 0.000000 0.000000 0.000000 0.000000 0.000000 0.000000 0.000000 0.000000 0.000000 0.000000 0.000000 0.000000 0.000000 0.000000 0.000000 0.000000 0.118421 0.000000 0.000000 0.000000 0.000000 0.000000
0.000000 0.000000 0.000000 0.000000 0.000000 0.000000 0.000000 0.000000 0.000000 0.000000 0.000000 0.000000 0.000000 0.000000 0.072289 0.000000 0.000000 0.000000 0.000000 0.000000 0.111628 0.000000 0.000000 0.000000 0.126761 0.000000 0.000000 0.000000 0.000000 0.000000 0.000000 0.000000 0.000000 0.000000 0.000000 0.000000 0.126761 0.000000 0.000000 0.000000 0.000000 0.023438 0.000000 0.000000 0.000000 0.000000 0.000000 0.000000 0.000000 0.000000 0.000000 0.000000 0.000000 0.028436 0.000000 0.000000 0.000000 0.000000 0.126761 0.000000 0.000000 0.000000 0.096386 0.000000 0.000000 0.022670 0.000000 0.000000 0.000000 0.075949 0.000000 0.028249 0.000000 0.000000 0.000000 0.000000 0.000000 0.000000 0.000000 0.000000 0.000000 0.000000 0.000000 0.186813 0.000000 0.000000 0.000000 0.000000 0.000000 0.000000 0.000000 0.000000 0.000000 0.000000 0.000000 0.000000 0.000000 0.000000 0.000000 0.000000 0.000000 0.030769 0.000000 0.000000 0.000000 0.000000 0.186813 0.000000 0.000000 0.311688 0.030769 0.000000 0.000000 0.000000 0.000000 0.022346 1.000000 0.000000 0.000000 0.000000 0.000000 0.000000 0.000000 0.000000 0.000000 0.000000 0.000000 0.000000 0.000000 0.000000 0.000000 0.000000 0.000000 0.000000 0.000000 0.000000 0.000000 0.000000 0.023438 0.239437 0.000000 0.028436 0.024490 0.123711 0.000000 0.000000 0.000000 0.000000 0.000000 0.115124 0.000000 0.000000 0.140496 0.000000 0.000000 0.020202 0.000000 0.000000 0.000000 0.000000 0.114286 0.000000 0.000000 0.000000 0.000000 0.000000 0.000000 0.000000 0.000000 0.173913 0.000000 0.000000 0.000000 0.000000 0.000000 0.000000 0.000000 0.000000 0.081081 0.186813 0.038647 0.000000 0.140496 0.000000 0.241706 0.000000 0.000000 0.000000 0.000000 0.000000 0.000000 0.028986 0.052023 0.000000 0.000000 0.000000 0.084746 0.000000 0.186813 0.000000 0.000000 0.000000 0.000000 0.022346 0.013453 0.000000 0.000000 0.000000 0.000000 0.000000 0.000000 0.000000 0.000000 0.000000 0.000000 0.000000 0.000000 0.000000 0.000000 0.149780 0.000000 0.000000 0.000000 0.000000 0.083045 0.000000 0.000000 0.000000 0.000000 0.000000 0.000000 0.000000 0.000000 0.000000 0.000000 0.000000 0.000000 0.097959 0.000000 0.000000 0.000000 0.000000 0.000000 0.000000 0.000000 0.000000 0.000000 0.000000 0.000000 0.000000 0.119403 0.035857 0.000000 0.000000 0.000000 0.000000 0.000000 0.000000 0.000000 0.000000 0.000000 0.000000 0.000000 0.000000 0.000000 0.000000 0.052023 0.000000 0.000000 0.028986 0.000000 0.000000 0.000000 0.000000 0.043478
0.010601 0.000000 0.000000 0.034014 0.000000 0.000000 0.000000 0.102941 0.019608 0.000000 0.102941 0.000000 0.000000 0.000000 0.000000 0.000000 0.009141 0.000000 0.000000 0.000000 0.000000 0.121951 0.000000 0.000000 0.018868 0.144828 0.000000 0.062937 0.000000 0.000000 0.000000 0.000000 0.020134 0.028571 0.045802 0.030675 0.018868 0.034483 0.017341 0.044776 0.020134 0.029703 0.029240 0.035088 0.000000 0.000000 0.000000 0.035019 0.069124 0.000000 0.000000 0.044776 0.000000 0.012739 0.000000 0.000000 0.000000 0.226891 0.018868 0.000000 0.011628 0.000000 0.000000 0.040000 0.000000 0.034602 0.000000 0.000000 0.000000 0.000000 0.102941 0.000000 0.009141 0.019608 0.744000 0.104895 0.000000 0.041916 0.072000 0.061224 0.144828 0.028571 0.000000 0.000000 0.000000 0.000000 0.000000 0.000000 0.000000 0.104895 0.000000 0.000000 0.010601 0.000000 0.000000 0.000000 0.063830 0.000000 0.019608 0.000000 0.047619 0.014184 0.529412 0.019608 0.031847 0.000000 0.000000 0.040000 0.055901 0.000000 0.014184 0.000000 0.121951 0.038961 0.000000 0.000000 0.000000 1.000000 0.000000 0.000000 0.000000 0.000000 0.000000 0.000000 0.030675 0.000000 0.000000 0.000000 0.000000 0.034014 0.102941 0.034014 0.290323 0.000000 0.000000 0.044776 0.034014 0.025907 0.029703 0.018868 0.010601 0.012739 0.026178 0.000000 0.000000 0.009141 0.000000 0.025907 0.000000 0.000000 0.000000 0.000000 0.000000 0.000000 0.000000 0.111111 0.000000 0.000000 0.000000 0.061224 0.000000 0.000000 0.000000 0.000000 0.019355 0.000000 0.214724 0.000000 0.075630 0.000000 0.063830 0.019608 0.000000 0.000000 0.000000 0.000000 0.063830 0.000000 0.000000 0.000000 0.000000 0.066667 0.000000 0.069124 0.000000 0.047619 0.000000 0.061224 0.000000 0.000000 0.169811 0.019608 0.000000 0.066079 0.029240 0.000000 0.000000 0.000000 0.000000 0.085714 0.063830 0.000000 0.000000 0.000000 0.065089 0.045802 0.000000 0.121951 0.144828 0.000000 0.000000 0.000000 0.000000 0.000000 0.000000 0.000000 0.096774 0.034483 0.000000 0.034682 0.046809 0.000000 0.047619 0.012658 0.000000 0.000000 0.000000 0.043478 0.000000 0.066667 0.000000 0.000000 0.000000 0.000000 0.000000 0.019608 0.000000 0.000000 0.000000 0.609756 0.045802 0.063830 0.290323 0.082251 0.000000 0.063830 0.087719 0.066667 0.000000 0.061224 0.000000 0.025381 0.000000 0.000000 0.036496 0.000000 0.066667 0.000000 0.000000 0.044776 0.035294 0.060403 0.000000 0.047619 0.000000 0.121951 0.000000 0.017341 0.000000 0.019608 0.000000 0.000000 0.036649 0.072000 0.000000
0.000000 0.000000 0.000000 0.000000 0.091603 0.000000 0.000000 0.000000 0.000000 0.000000 0.000000 0.000000 0.040000 0.049180 0.000000 0.000000 0.000000 0.000000 0.000000 0.138462 0.000000 0.000000 0.000000 0.044776 0.000000 0.000000 0.000000 0.000000 0.254237 0.000000 0.090909 0.394737 0.000000 0.000000 0.000000 0.000000 0.000000 0.000000 0.000000 0.000000 0.000000 0.000000 0.000000 0.000000 0.000000 0.000000 0.000000 0.000000 0.083333 0.132353 0.000000 0.000000 0.070423 0.000000 0.000000 0.000000 0.000000 0.000000 0.000000 0.000000 0.000000 0.043478 0.000000 0.000000 0.000000 0.000000 0.000000 0.117647 0.000000 0.000000 0.000000 0.000000 0.000000 0.000000 0.000000 0.000000 0.000000 0.000000 0.000000 0.000000 0.000000 0.000000 0.102273 0.000000 0.093750 0.000000 0.000000 0.132353 0.000000 0.000000 0.084746 0.000000 0.000000 0.000000 0.000000 0.000000 0.000000 0.132353 0.000000 0.000000 0.000000 0.000000 0.000000 0.000000 0.000000 0.000000 0.000000 0.000000 0.000000 0.000000 0.000000 0.254237 0.000000 0.000000 0.000000 0.000000 0.000000 0.000000 1.000000 0.000000 0.000000 0.000000 0.000000 0.000000 0.000000 0.000000 0.000000 0.000000 0.000000 0.000000 0.000000 0.000000 0.000000 0.000000 0.000000 0.000000 0.000000 0.000000 0.000000 0.000000 0.000000 0.000000 0.000000 0.000000 0.000000 0.000000 0.000000 0.000000 0.000000 0.000000 0.000000 0.000000 0.000000 0.068493 0.112500 0.000000 0.483871 0.040000 0.000000 0.000000 0.000000 0.000000 0.000000 0.000000 0.000000 0.138462 0.000000 0.205479 0.000000 0.000000 0.000000 0.000000 0.000000 0.000000 0.000000 0.000000 0.000000 0.000000 0.074689 0.000000 0.000000 0.000000 0.000000 0.083333 0.000000 0.000000 0.000000 0.000000 0.000000 0.000000 0.000000 0.000000 0.000000 0.079646 0.000000 0.000000 0.000000 0.103448 0.000000 0.000000 0.000000 0.000000 0.000000 0.000000 0.000000 0.000000 0.000000 0.000000 0.000000 0.000000 0.000000 0.254237 0.000000 0.000000 0.084746 0.000000 0.000000 0.000000 0.000000 0.000000 0.000000 0.000000 0.000000 0.000000 0.000000 0.000000 0.000000 0.000000 0.000000 0.000000 0.000000 0.049180 0.000000 0.394737 0.000000 0.000000 0.043478 0.000000 0.065934 0.000000 0.000000 0.000000 0.000000 0.000000 0.000000 0.000000 0.000000 0.000000 0.000000 0.000000 0.068493 0.000000 0.223881 0.000000 0.000000 0.000000 0.000000 0.000000 0.000000 0.000000 0.000000 0.000000 0.000000 0.000000 0.000000 0.000000 0.000000 0.000000 0.163636 0.000000 0.000000 0.000000 0.000000 0.000000 0.000000
0.000000 0.254237 0.044776 0.000000 0.000000 0.000000 0.000000 0.000000 0.000000 0.000000 0.000000 0.000000 0.000000 0.000000 0.000000 0.000000 0.000000 0.000000 0.000000 0.000000 0.000000 0.000000 0.000000 0.134328 0.000000 0.000000 0.000000 0.000000 0.000000 0.026316 0.000000 0.000000 0.000000 0.000000 0.000000 0.000000 0.000000 0.000000 0.000000 0.000000 0.000000 0.000000 0.000000 0.000000 0.000000 0.000000 0.000000 0.000000 0.000000 0.000000 0.000000 0.000000 0.211268 0.000000 0.000000 0.000000 0.000000 0.000000 0.000000 0.000000 0.000000 0.000000 0.000000 0.000000 0.000000 0.000000 0.000000 0.000000 0.000000 0.000000 0.000000 0.000000 0.000000 0.000000 0.000000 0.000000 0.000000 0.000000 0.000000 0.000000 0.000000 0.000000 0.068182 0.000000 0.000000 0.000000 0.000000 0.000000 0.000000 0.000000 0.000000 0.000000 0.000000 0.038961 0.000000 0.000000 0.000000 0.000000 0.000000 0.000000 0.000000 0.000000 0.000000 0.000000 0.000000 0.000000 0.000000 0.000000 0.000000 0.000000 0.000000 0.000000 0.000000 0.000000 0.000000 0.000000 0.000000 0.000000 0.000000 1.000000 0.000000 0.026316 0.084746 0.000000 0.000000 0.000000 0.000000 0.000000 0.000000 0.000000 0.000000 0.000000 0.000000 0.000000 0.000000 0.000000 0.000000 0.000000 0.000000 0.000000 0.000000 0.000000 0.000000 0.000000 0.000000 0.000000 0.000000 0.000000 0.000000 0.000000 0.000000 0.000000 0.000000 0.041096 0.000000 0.000000 0.000000 0.000000 0.000000 0.000000 0.000000 0.000000 0.000000 0.000000 0.000000 0.000000 0.000000 0.123288 0.000000 0.000000 0.000000 0.000000 0.000000 0.000000 0.000000 0.000000 0.000000 0.000000 0.000000 0.000000 0.000000 0.000000 0.000000 0.000000 0.000000 0.000000 0.000000 0.000000 0.000000 0.000000 0.000000 0.000000 0.000000 0.000000 0.000000 0.000000 0.000000 0.000000 0.000000 0.000000 0.000000 0.000000 0.000000 0.000000 0.000000 0.000000 0.000000 0.000000 0.000000 0.000000 0.000000 0.000000 0.000000 0.000000 0.000000 0.000000 0.000000 0.000000 0.254237 0.000000 0.000000 0.000000 0.000000 0.000000 0.000000 0.081081 0.000000 0.000000 0.000000 0.000000 0.081081 0.000000 0.000000 0.000000 0.000000 0.000000 0.000000 0.000000 0.000000 0.000000 0.000000 0.000000 0.000000 0.000000 0.000000 0.000000 0.000000 0.000000 0.000000 0.000000 0.000000 0.000000 0.000000 0.000000 0.000000 0.000000 0.000000 0.000000 0.000000 0.000000 0.000000 0.000000 0.000000 0.000000 0.000000 0.000000 0.000000 0.000000 0.000000 0.000000 0.000000 0.000000 0.000000 0.000000 0.000000
0.000000 0.000000 0.000000 0.000000 0.144828 0.000000 0.000000 0.000000 0.000000 0.000000 0.000000 0.000000 0.000000 0.000000 0.000000 0.000000 0.000000 0.000000 0.000000 0.000000 0.000000 0.000000 0.000000 0.000000 0.000000 0.000000 0.000000 0.000000 0.000000 0.036145 0.000000 0.000000 0.000000 0.000000 0.000000 0.000000 0.000000 0.000000 0.000000 0.000000 0.000000 0.000000 0.000000 0.000000 0.000000 0.000000 0.000000 0.000000 0.000000 0.186667 0.000000 0.000000 0.000000 0.000000 0.141026 0.000000 0.090909 0.000000 0.000000 0.000000 0.000000 0.000000 0.000000 0.000000 0.000000 0.000000 0.000000 0.125749 0.000000 0.122449 0.000000 0.000000 0.000000 0.000000 0.000000 0.000000 0.000000 0.000000 0.000000 0.000000 0.000000 0.000000 0.000000 0.000000 0.000000 0.000000 0.174419 0.186667 0.000000 0.000000 0.000000 0.059524 0.000000 0.035714 0.000000 0.000000 0.000000 0.186667 0.000000 0.348837 0.000000 0.000000 0.000000 0.253012 0.000000 0.000000 0.000000 0.000000 0.000000 0.021053 0.000000 0.000000 0.000000 0.000000 0.000000 0.000000 0.000000 0.000000 0.000000 0.000000 1.000000 0.000000 0.000000 0.000000 0.000000 0.000000 0.000000 0.000000 0.000000 0.000000 0.000000 0.000000 0.000000 0.000000 0.000000 0.000000 0.000000 0.101942 0.000000 0.000000 0.000000 0.000000 0.000000 0.019608 0.000000 0.000000 0.308824 0.101942 0.000000 0.000000 0.000000 0.000000 0.000000 0.000000 0.000000 0.000000 0.000000 0.000000 0.000000 0.000000 0.017751 0.053892 0.000000 0.000000 0.000000 0.000000 0.000000 0.000000 0.000000 0.024096 0.000000 0.000000 0.000000 0.000000 0.000000 0.000000 0.000000 0.000000 0.000000 0.000000 0.000000 0.000000 0.000000 0.000000 0.000000 0.000000 0.000000 0.000000 0.000000 0.000000 0.000000 0.000000 0.000000 0.000000 0.000000 0.000000 0.000000 0.000000 0.000000 0.000000 0.000000 0.000000 0.000000 0.000000 0.000000 0.000000 0.000000 0.000000 0.000000 0.000000 0.000000 0.000000 0.000000 0.040000 0.000000 0.000000 0.000000 0.000000 0.000000 0.000000 0.000000 0.000000 0.000000 0.000000 0.120968 0.000000 0.000000 0.000000 0.170455 0.000000 0.000000 0.000000 0.000000 0.000000 0.000000 0.000000 0.000000 0.029412 0.116279 0.000000 0.000000 0.000000 0.000000 0.000000 0.135484 0.000000 0.021739 0.000000 0.000000 0.000000 0.000000 0.000000 0.000000 0.000000 0.000000 0.000000 0.000000 0.000000 0.000000 0.000000 0.000000 0.000000 0.000000 0.000000 0.000000 0.000000 0.000000 0.000000 0.000000 0.000000 0.000000 0.000000 0.000000 0.000000 0.000000
0.000000 0.068493 0.039301 0.000000 0.000000 0.000000 0.000000 0.000000 0.000000 0.000000 0.000000 0.000000 0.000000 0.000000 0.027027 0.000000 0.000000 0.000000 0.049383 0.000000 0.000000 0.000000 0.000000 0.037037 0.000000 0.000000 0.000000 0.000000 0.000000 0.066667 0.000000 0.000000 0.000000 0.000000 0.000000 0.000000 0.000000 0.000000 0.000000 0.000000 0.000000 0.000000 0.000000 0.000000 0.000000 0.000000 0.000000 0.000000 0.000000 0.000000 0.000000 0.000000 0.058824 0.000000 0.000000 0.000000 0.028302 0.000000 0.000000 0.000000 0.000000 0.000000 0.000000 0.000000 0.000000 0.000000 0.000000 0.000000 0.000000 0.038095 0.000000 0.000000 0.000000 0.000000 0.000000 0.000000 0.000000 0.000000 0.000000 0.000000 0.000000 0.000000 0.019608 0.000000 0.000000 0.000000 0.000000 0.000000 0.000000 0.000000 0.000000 0.000000 0.000000 0.076923 0.000000 0.000000 0.000000 0.000000 0.000000 0.000000 0.000000 0.000000 0.000000 0.000000 0.000000 0.000000 0.000000 0.000000 0.000000 0.000000 0.000000 0.000000 0.000000 0.000000 0.000000 0.000000 0.000000 0.000000 0.000000 0.026316 0.000000 1.000000 0.068493 0.000000 0.000000 0.000000 0.000000 0.000000 0.000000 0.000000 0.000000 0.000000 0.000000 0.000000 0.000000 0.000000 0.000000 0.000000 0.000000 0.000000 0.000000 0.000000 0.000000 0.000000 0.000000 0.000000 0.000000 0.000000 0.000000 0.000000 0.068966 0.048193 0.000000 0.034483 0.000000 0.000000 0.000000 0.000000 0.000000 0.000000 0.000000 0.000000 0.000000 0.000000 0.000000 0.000000 0.000000 0.034483 0.000000 0.000000 0.000000 0.000000 0.000000 0.000000 0.000000 0.000000 0.000000 0.000000 0.000000 0.000000 0.000000 0.000000 0.000000 0.000000 0.000000 0.000000 0.000000 0.000000 0.000000 0.000000 0.000000 0.000000 0.000000 0.000000 0.000000 0.000000 0.000000 0.000000 0.000000 0.000000 0.000000 0.000000 0.000000 0.000000 0.000000 0.000000 0.032609 0.000000 0.000000 0.037500 0.000000 0.000000 0.000000 0.000000 0.000000 0.000000 0.000000 0.000000 0.068493 0.000000 0.000000 0.000000 0.000000 0.000000 0.000000 0.022727 0.000000 0.000000 0.000000 0.000000 0.022727 0.000000 0.000000 0.000000 0.000000 0.000000 0.000000 0.000000 0.000000 0.000000 0.000000 0.000000 0.000000 0.000000 0.000000 0.000000 0.000000 0.000000 0.000000 0.000000 0.000000 0.000000 0.000000 0.000000 0.000000 0.000000 0.000000 0.000000 0.000000 0.000000 0.000000 0.000000 0.000000 0.000000 0.000000 0.000000 0.000000 0.000000 0.000000 0.000000 0.000000 0.000000 0.000000 0.000000 0.000000
0.000000 0.142857 0.046154 0.000000 0.000000 0.000000 0.000000 0.000000 0.000000 0.000000 0.000000 0.000000 0.000000 0.000000 0.000000 0.000000 0.000000 0.000000 0.000000 0.000000 0.000000 0.000000 0.000000 0.093750 0.000000 0.000000 0.000000 0.000000 0.000000 0.068493 0.000000 0.000000 0.000000 0.000000 0.000000 0.000000 0.000000 0.000000 0.000000 0.000000 0.000000 0.000000 0.000000 0.000000 0.000000 0.000000 0.000000 0.000000 0.000000 0.000000 0.000000 0.000000 0.117647 0.000000 0.000000 0.000000 0.000000 0.000000 0.000000 0.000000 0.000000 0.000000 0.000000 0.000000 0.000000 0.000000 0.000000 0.000000 0.000000 0.000000 0.000000 0.000000 0.000000 0.000000 0.000000 0.000000 0.000000 0.000000 0.000000 0.000000 0.000000 0.000000 0.058824 0.000000 0.000000 0.000000 0.000000 0.000000 0.000000 0.000000 0.000000 0.000000 0.000000 0.243243 0.000000 0.000000 0.000000 0.000000 0.000000 0.000000 0.000000 0.000000 0.000000 0.000000 0.000000 0.000000 0.000000 0.000000 0.000000 0.000000 0.000000 0.000000 0.000000 0.000000 0.000000 0.000000 0.000000 0.000000 0.000000 0.084746 0.000000 0.068493 1.000000 0.000000 0.000000 0.000000 0.000000 0.000000 0.000000 0.000000 0.000000 0.000000 0.000000 0.000000 0.000000 0.000000 0.000000 0.000000 0.000000 0.000000 0.000000 0.000000 0.000000 0.000000 0.000000 0.000000 0.000000 0.000000 0.000000 0.000000 0.000000 0.000000 0.000000 0.600000 0.000000 0.000000 0.000000 0.000000 0.000000 0.000000 0.000000 0.000000 0.000000 0.000000 0.000000 0.000000 0.000000 0.085714 0.000000 0.000000 0.000000 0.000000 0.000000 0.000000 0.000000 0.000000 0.000000 0.000000 0.000000 0.000000 0.000000 0.000000 0.000000 0.000000 0.000000 0.000000 0.000000 0.000000 0.000000 0.000000 0.000000 0.000000 0.000000 0.000000 0.000000 0.000000 0.000000 0.000000 0.000000 0.000000 0.000000 0.000000 0.000000 0.000000 0.000000 0.000000 0.000000 0.000000 0.000000 0.000000 0.000000 0.000000 0.000000 0.000000 0.000000 0.000000 0.000000 0.000000 0.142857 0.000000 0.000000 0.000000 0.000000 0.000000 0.000000 0.070423 0.000000 0.000000 0.000000 0.000000 0.070423 0.000000 0.000000 0.000000 0.000000 0.000000 0.000000 0.000000 0.000000 0.000000 0.000000 0.000000 0.000000 0.000000 0.000000 0.000000 0.000000 0.000000 0.000000 0.000000 0.000000 0.000000 0.000000 0.000000 0.000000 0.000000 0.000000 0.000000 0.000000 0.000000 0.000000 0.000000 0.000000 0.000000 0.000000 0.000000 0.000000 0.000000 0.000000 0.000000 0.000000 0.000000 0.000000 0.000000 0.000000
0.000000 0.000000 0.128342 0.000000 0.000000 0.000000 0.000000 0.140496 0.000000 0.000000 0.140496 0.000000 0.000000 0.000000 0.000000 0.000000 0.000000 0.000000 0.000000 0.000000 0.000000 0.000000 0.113924 0.000000 0.000000 0.138462 0.000000 0.000000 0.000000 0.000000 0.000000 0.000000 0.000000 0.000000 0.142241 0.000000 0.000000 0.000000 0.000000 0.000000 0.000000 0.000000 0.000000 0.105769 0.000000 0.000000 0.000000 0.000000 0.099010 0.000000 0.000000 0.000000 0.000000 0.000000 0.000000 0.000000 0.000000 0.000000 0.000000 0.000000 0.000000 0.000000 0.111111 0.000000 0.000000 0.000000 0.102041 0.000000 0.000000 0.000000 0.140496 0.000000 0.000000 0.000000 0.000000 0.140625 0.146341 0.000000 0.000000 0.000000 0.138462 0.000000 0.000000 0.000000 0.000000 0.000000 0.000000 0.000000 0.000000 0.140625 0.000000 0.142857 0.000000 0.000000 0.000000 0.000000 0.000000 0.000000 0.000000 0.000000 0.000000 0.000000 0.000000 0.000000 0.000000 0.000000 0.000000 0.000000 0.000000 0.000000 0.000000 0.000000 0.000000 0.000000 0.161290 0.000000 0.000000 0.000000 0.000000 0.000000 0.000000 0.000000 0.000000 1.000000 0.000000 0.000000 0.136364 0.000000 0.000000 0.000000 0.140496 0.000000 0.000000 0.000000 0.123288 0.000000 0.000000 0.000000 0.000000 0.000000 0.000000 0.000000 0.000000 0.000000 0.150000 0.000000 0.000000 0.000000 0.000000 0.131148 0.000000 0.000000 0.000000 0.000000 0.000000 0.000000 0.000000 0.000000 0.000000 0.000000 0.000000 0.000000 0.000000 0.000000 0.000000 0.000000 0.135135 0.000000 0.000000 0.000000 0.000000 0.000000 0.000000 0.000000 0.000000 0.000000 0.000000 0.000000 0.000000 0.000000 0.000000 0.141667 0.000000 0.099010 0.000000 0.000000 0.000000 0.000000 0.000000 0.000000 0.138889 0.000000 0.000000 0.094340 0.000000 0.000000 0.000000 0.000000 0.000000 0.000000 0.000000 0.000000 0.000000 0.000000 0.000000 0.142241 0.169014 0.000000 0.138462 0.000000 0.000000 0.000000 0.000000 0.147541 0.000000 0.000000 0.000000 0.000000 0.000000 0.000000 0.000000 0.000000 0.000000 0.000000 0.000000 0.000000 0.000000 0.000000 0.000000 0.141667 0.000000 0.000000 0.113636 0.000000 0.000000 0.000000 0.000000 0.000000 0.000000 0.000000 0.142241 0.000000 0.000000 0.000000 0.000000 0.000000 0.000000 0.000000 0.000000 0.000000 0.000000 0.000000 0.000000 0.000000 0.000000 0.000000 0.141667 0.000000 0.187500 0.000000 0.000000 0.000000 0.000000 0.000000 0.000000 0.000000 0.000000 0.000000 0.000000 0.000000 0.000000 0.000000 0.000000 0.000000 0.000000
0.075630 0.000000 0.000000 0.130435 0.000000 0.000000 0.000000 0.028902 0.094737 0.000000 0.028902 0.000000 0.000000 0.000000 0.000000 0.000000 0.073381 0.000000 0.000000 0.000000 0.000000 0.050000 0.000000 0.000000 0.091837 0.032967 0.000000 0.200000 0.000000 0.000000 0.000000 0.000000 0.096774 0.264151 0.029762 1.000000 0.091837 0.026866 0.200000 0.075630 0.096774 0.100418 0.346154 0.024038 0.000000 0.000000 0.000000 0.680272 0.031496 0.000000 0.000000 0.029240 0.000000 0.077320 0.000000 0.000000 0.000000 0.076923 0.091837 0.000000 0.071770 0.000000 0.000000 0.026738 0.000000 0.099174 0.000000 0.000000 0.000000 0.000000 0.028902 0.000000 0.073381 0.094737 0.037037 0.044444 0.000000 0.088235 0.037037 0.195652 0.032967 0.264151 0.000000 0.000000 0.000000 0.000000 0.000000 0.000000 0.000000 0.044444 0.000000 0.000000 0.075630 0.000000 0.000000 0.000000 0.033708 0.000000 0.284211 0.000000 0.030675 0.084270 0.076923 0.094737 0.077320 0.000000 0.000000 0.068702 0.030303 0.000000 0.084270 0.000000 0.050000 0.026178 0.000000 0.000000 0.000000 0.030675 0.000000 0.000000 0.000000 0.000000 0.000000 0.000000 1.000000 0.000000 0.157895 0.000000 0.000000 0.130435 0.028902 0.304348 0.031250 0.000000 0.000000 0.029240 0.130435 0.313043 0.100418 0.091837 0.075630 0.077320 0.315789 0.000000 0.000000 0.073381 0.000000 0.313043 0.000000 0.000000 0.000000 0.136364 0.000000 0.000000 0.050505 0.271429 0.000000 0.063830 0.000000 0.065217 0.000000 0.000000 0.000000 0.000000 0.093750 0.000000 0.040000 0.000000 0.538462 0.000000 0.033708 0.094737 0.000000 0.000000 0.000000 0.000000 0.033708 0.000000 0.000000 0.000000 0.000000 0.034884 0.000000 0.031496 0.061856 0.030675 0.000000 0.195652 0.000000 0.000000 0.061224 0.094737 0.000000 0.030303 0.346154 0.000000 0.000000 0.000000 0.000000 0.037736 0.033708 0.000000 0.000000 0.000000 0.038835 0.029762 0.082474 0.050000 0.032967 0.094118 0.000000 0.000000 0.000000 0.000000 0.000000 0.000000 0.041667 0.026866 0.000000 0.071429 0.205882 0.000000 0.030675 0.179487 0.000000 0.000000 0.000000 0.028571 0.000000 0.034884 0.000000 0.000000 0.000000 0.000000 0.000000 0.094737 0.000000 0.000000 0.000000 0.050000 0.029762 0.088235 0.031250 0.134328 0.000000 0.033708 0.086538 0.209302 0.000000 0.195652 0.000000 0.307692 0.000000 0.000000 0.137931 0.000000 0.034884 0.000000 0.000000 0.029240 0.217391 0.032258 0.000000 0.030675 0.000000 0.050000 0.000000 0.200000 0.000000 0.094737 0.000000 0.000000 0.236842 0.037037 0.000000
0.066914 0.000000 0.000000 0.114286 0.000000 0.000000 0.000000 0.000000 0.082192 0.000000 0.000000 0.000000 0.000000 0.000000 0.000000 0.000000 0.000000 0.000000 0.000000 0.000000 0.103896 0.000000 0.000000 0.000000 0.000000 0.000000 0.000000 0.000000 0.000000 0.000000 0.000000 0.000000 0.000000 0.071429 0.000000 0.000000 0.000000 0.000000 0.000000 0.000000 0.000000 0.000000 0.097561 0.000000 0.000000 0.079365 0.000000 0.000000 0.000000 0.000000 0.000000 0.000000 0.000000 0.000000 0.000000 0.075630 0.000000 0.000000 0.000000 0.000000 0.060606 0.000000 0.000000 0.000000 0.000000 0.000000 0.000000 0.000000 0.000000 0.000000 0.000000 0.000000 0.000000 0.082192 0.000000 0.000000 0.000000 0.225000 0.000000 0.000000 0.000000 0.071429 0.000000 0.000000 0.000000 0.310345 0.000000 0.000000 0.090909 0.000000 0.000000 0.000000 0.066914 0.000000 0.000000 0.000000 0.000000 0.000000 0.000000 0.000000 0.000000 0.000000 0.000000 0.000000 0.000000 0.000000 0.000000 0.000000 0.077922 0.000000 0.000000 0.000000 0.000000 0.000000 0.000000 0.000000 0.000000 0.000000 0.000000 0.000000 0.000000 0.000000 0.000000 0.000000 0.000000 1.000000 0.000000 0.000000 0.200000 0.342857 0.000000 0.000000 0.000000 0.000000 0.000000 0.000000 0.114286 0.000000 0.000000 0.000000 0.066914 0.000000 0.000000 0.000000 0.000000 0.000000 0.000000 0.000000 0.000000 0.000000 0.000000 0.000000 0.000000 0.000000 0.000000 0.000000 0.000000 0.000000 0.000000 0.085714 0.000000 0.000000 0.000000 0.000000 0.000000 0.000000 0.000000 0.000000 0.000000 0.000000 0.000000 0.082192 0.200000 1.000000 0.000000 0.000000 0.000000 0.189873 0.000000 0.000000 0.000000 0.000000 0.000000 0.000000 0.000000 0.000000 0.000000 0.000000 0.066667 0.000000 0.000000 0.000000 0.000000 0.000000 0.097561 0.000000 0.000000 0.000000 0.000000 0.000000 0.000000 0.000000 0.189873 0.000000 0.000000 0.000000 0.000000 0.000000 0.000000 0.000000 0.000000 0.000000 0.310345 0.000000 0.000000 0.000000 0.000000 0.000000 0.000000 0.000000 0.052632 0.244898 0.000000 0.000000 0.000000 0.000000 0.000000 0.000000 0.000000 0.000000 0.000000 0.000000 0.054348 0.000000 0.000000 0.082192 0.000000 0.000000 0.000000 0.000000 0.000000 0.000000 0.000000 0.000000 0.000000 0.000000 0.000000 0.187500 0.000000 0.000000 0.000000 0.000000 0.000000 0.000000 0.000000 0.315789 0.000000 0.000000 0.000000 0.000000 0.000000 0.000000 0.000000 0.000000 0.000000 0.000000 0.000000 0.000000 0.000000 0.000000 0.000000 0.000000 0.065217 0.000000 0.000000
0.000000 0.000000 0.179775 0.000000 0.000000 0.000000 0.000000 0.044776 0.000000 0.000000 0.044776 0.000000 0.000000 0.000000 0.000000 0.000000 0.000000 0.000000 0.000000 0.000000 0.000000 0.000000 0.042017 0.000000 0.000000 0.047619 0.000000 0.000000 0.000000 0.000000 0.000000 0.000000 0.000000 0.000000 0.043367 0.157895 0.000000 0.000000 0.000000 0.045113 0.000000 0.022472 0.050847 0.036017 0.000000 0.000000 0.000000 0.111801 0.042553 0.000000 0.000000 0.000000 0.000000 0.000000 0.000000 0.000000 0.000000 0.000000 0.000000 0.000000 0.000000 0.000000 0.046154 0.000000 0.000000 0.028640 0.159420 0.000000 0.000000 0.000000 0.044776 0.000000 0.000000 0.000000 0.000000 0.048077 0.196721 0.000000 0.000000 0.000000 0.047619 0.000000 0.000000 0.000000 0.000000 0.000000 0.000000 0.000000 0.000000 0.048077 0.000000 0.163636 0.000000 0.000000 0.000000 0.000000 0.000000 0.000000 0.036697 0.000000 0.000000 0.000000 0.000000 0.000000 0.000000 0.000000 0.000000 0.000000 0.000000 0.000000 0.000000 0.000000 0.000000 0.000000 0.058824 0.000000 0.000000 0.000000 0.000000 0.000000 0.000000 0.000000 0.000000 0.136364 0.157895 0.000000 1.000000 0.000000 0.000000 0.000000 0.044776 0.000000 0.000000 0.065217 0.044248 0.000000 0.000000 0.046512 0.022472 0.000000 0.000000 0.000000 0.046875 0.000000 0.066667 0.000000 0.000000 0.046512 0.000000 0.154839 0.000000 0.098039 0.000000 0.000000 0.079646 0.038961 0.000000 0.037037 0.000000 0.000000 0.000000 0.000000 0.000000 0.042553 0.000000 0.000000 0.052632 0.000000 0.000000 0.000000 0.000000 0.000000 0.000000 0.000000 0.000000 0.000000 0.000000 0.000000 0.016287 0.000000 0.000000 0.045000 0.000000 0.042553 0.036036 0.000000 0.000000 0.000000 0.000000 0.000000 0.053571 0.000000 0.000000 0.041096 0.050847 0.000000 0.000000 0.000000 0.000000 0.000000 0.000000 0.000000 0.000000 0.000000 0.000000 0.043367 0.270270 0.000000 0.047619 0.060606 0.000000 0.000000 0.000000 0.148515 0.000000 0.000000 0.000000 0.000000 0.000000 0.000000 0.000000 0.000000 0.000000 0.000000 0.000000 0.000000 0.000000 0.000000 0.000000 0.045000 0.056075 0.000000 0.046875 0.000000 0.000000 0.000000 0.000000 0.000000 0.000000 0.000000 0.043367 0.040000 0.000000 0.000000 0.000000 0.000000 0.000000 0.000000 0.000000 0.000000 0.000000 0.045802 0.000000 0.000000 0.000000 0.000000 0.045000 0.000000 0.230769 0.000000 0.025532 0.000000 0.000000 0.000000 0.000000 0.000000 0.000000 0.000000 0.000000 0.000000 0.065217 0.060000 0.031250 0.000000 0.000000
0.000000 0.000000 0.029851 0.000000 0.000000 0.000000 0.000000 0.066667 0.000000 0.000000 0.066667 0.000000 0.000000 0.000000 0.000000 0.000000 0.000000 0.000000 0.000000 0.000000 0.000000 0.000000 0.000000 0.000000 0.000000 0.083333 0.000000 0.070423 0.000000 0.000000 0.000000 0.000000 0.000000 0.000000 0.057692 0.000000 0.000000 0.000000 0.000000 0.000000 0.000000 0.000000 0.000000 0.044118 0.000000 0.000000 0.000000 0.000000 0.018519 0.000000 0.078947 0.000000 0.000000 0.000000 0.000000 0.000000 0.000000 0.000000 0.000000 0.000000 0.000000 0.000000 0.000000 0.000000 0.000000 0.000000 0.000000 0.000000 0.000000 0.000000 0.066667 0.000000 0.000000 0.000000 0.000000 0.084507 0.000000 0.000000 0.000000 0.000000 0.083333 0.000000 0.000000 0.000000 0.000000 0.000000 0.000000 0.000000 0.000000 0.084507 0.000000 0.000000 0.000000 0.000000 0.000000 0.000000 0.000000 0.000000 0.000000 0.000000 0.000000 0.000000 0.000000 0.000000 0.000000 0.000000 0.000000 0.000000 0.000000 0.000000 0.000000 0.000000 0.000000 0.000000 0.000000 0.000000 0.000000 0.000000 0.000000 0.000000 0.000000 0.000000 0.000000 0.000000 0.000000 0.000000 0.000000 1.000000 0.000000 0.000000 0.066667 0.000000 0.025974 0.000000 0.000000 0.000000 0.000000 0.000000 0.000000 0.000000 0.000000 0.000000 0.000000 0.000000 0.000000 0.000000 0.000000 0.000000 0.000000 0.000000 0.000000 0.000000 0.000000 0.000000 0.000000 0.000000 0.000000 0.000000 0.049180 0.000000 0.000000 0.000000 0.000000 0.000000 0.025974 0.000000 0.111111 0.000000 0.000000 0.000000 0.000000 0.000000 0.000000 0.000000 0.000000 0.000000 0.000000 0.000000 0.000000 0.000000 0.000000 0.067164 0.000000 0.018519 0.000000 0.000000 0.000000 0.000000 0.000000 0.000000 0.113924 0.000000 0.000000 0.079646 0.000000 0.000000 0.000000 0.172414 0.000000 0.000000 0.000000 0.000000 0.000000 0.000000 0.000000 0.057692 0.000000 0.000000 0.083333 0.000000 0.000000 0.000000 0.000000 0.000000 0.000000 0.000000 0.000000 0.000000 0.000000 0.000000 0.000000 0.000000 0.000000 0.000000 0.000000 0.000000 0.000000 0.000000 0.000000 0.067164 0.000000 0.000000 0.021053 0.000000 0.000000 0.000000 0.000000 0.000000 0.000000 0.000000 0.057692 0.000000 0.025974 0.000000 0.000000 0.000000 0.000000 0.000000 0.000000 0.000000 0.000000 0.000000 0.000000 0.000000 0.000000 0.000000 0.067164 0.000000 0.000000 0.000000 0.000000 0.000000 0.000000 0.000000 0.000000 0.000000 0.000000 0.000000 0.000000 0.000000 0.000000 0.000000 0.000000 0.000000 0.000000
0.017391 0.000000 0.000000 0.056180 0.000000 0.000000 0.000000 0.000000 0.032609 0.057325 0.000000 0.000000 0.000000 0.000000 0.000000 0.000000 0.000000 0.000000 0.000000 0.000000 0.052083 0.000000 0.000000 0.000000 0.000000 0.000000 0.000000 0.000000 0.000000 0.000000 0.000000 0.000000 0.000000 0.029126 0.000000 0.000000 0.000000 0.000000 0.000000 0.000000 0.000000 0.000000 0.049505 0.118812 0.000000 0.024390 0.000000 0.000000 0.000000 0.000000 0.000000 0.000000 0.000000 0.000000 0.000000 0.019108 0.000000 0.000000 0.000000 0.000000 0.019704 0.000000 0.000000 0.000000 0.080808 0.000000 0.000000 0.000000 0.067416 0.000000 0.000000 0.000000 0.000000 0.032609 0.000000 0.000000 0.000000 0.090909 0.000000 0.000000 0.000000 0.029126 0.000000 0.000000 0.000000 0.116883 0.000000 0.000000 0.035294 0.000000 0.000000 0.000000 0.017391 0.000000 0.000000 0.000000 0.000000 0.000000 0.000000 0.000000 0.000000 0.000000 0.000000 0.000000 0.000000 0.000000 0.000000 0.000000 0.031250 0.000000 0.000000 0.000000 0.000000 0.000000 0.000000 0.000000 0.000000 0.000000 0.000000 0.000000 0.000000 0.000000 0.000000 0.000000 0.000000 0.200000 0.000000 0.000000 1.000000 0.168539 0.000000 0.000000 0.000000 0.000000 0.000000 0.000000 0.056180 0.000000 0.000000 0.000000 0.017391 0.000000 0.000000 0.000000 0.058252 0.000000 0.000000 0.000000 0.000000 0.000000 0.000000 0.000000 0.000000 0.000000 0.000000 0.000000 0.000000 0.000000 0.000000 0.033708 0.000000 0.000000 0.169014 0.000000 0.000000 0.000000 0.000000 0.000000 0.000000 0.000000 0.000000 0.032609 0.404255 0.200000 0.000000 0.266667 0.000000 0.755102 0.000000 0.000000 0.000000 0.000000 0.000000 0.000000 0.000000 0.000000 0.000000 0.000000 0.021277 0.000000 0.000000 0.000000 0.000000 0.000000 0.049505 0.000000 0.000000 0.000000 0.000000 0.135922 0.000000 0.000000 0.326531 0.000000 0.000000 0.000000 0.000000 0.000000 0.000000 0.000000 0.000000 0.000000 0.116883 0.000000 0.000000 0.000000 0.000000 0.000000 0.000000 0.000000 0.022556 0.227027 0.000000 0.000000 0.000000 0.000000 0.000000 0.000000 0.000000 0.000000 0.000000 0.000000 0.018018 0.000000 0.000000 0.032609 0.000000 0.000000 0.000000 0.000000 0.000000 0.000000 0.000000 0.000000 0.000000 0.000000 0.000000 0.108434 0.000000 0.000000 0.000000 0.000000 0.000000 0.000000 0.000000 0.157895 0.000000 0.000000 0.000000 0.000000 0.000000 0.000000 0.000000 0.000000 0.000000 0.000000 0.000000 0.000000 0.000000 0.000000 0.000000 0.000000 0.027027 0.000000 0.000000
0.249231 0.000000 0.000000 0.428571 0.000000 0.000000 0.000000 0.031847 0.310345 0.000000 0.031847 0.000000 0.000000 0.000000 0.000000 0.000000 0.080824 0.000000 0.000000 0.000000 0.087912 0.055556 0.000000 0.000000 0.100000 0.036145 0.000000 0.219512 0.000000 0.000000 0.000000 0.000000 0.105882 0.306122 0.032895 0.130435 0.100000 0.029703 0.092784 0.081081 0.105882 0.062780 0.375000 0.026042 0.000000 0.064935 0.000000 0.086331 0.033613 0.000000 0.000000 0.032258 0.000000 0.084270 0.000000 0.061224 0.000000 0.085714 0.100000 0.000000 0.233161 0.000000 0.000000 0.029240 0.000000 0.048338 0.000000 0.000000 0.000000 0.000000 0.031847 0.000000 0.080824 0.310345 0.041096 0.048780 0.000000 0.670213 0.041096 0.214286 0.036145 0.306122 0.000000 0.000000 0.000000 0.250000 0.000000 0.000000 0.075000 0.048780 0.000000 0.000000 0.249231 0.000000 0.000000 0.000000 0.037037 0.000000 0.103448 0.000000 0.034014 0.092593 0.085714 0.103448 0.084270 0.000000 0.000000 0.073171 0.230769 0.000000 0.092593 0.000000 0.055556 0.028571 0.000000 0.000000 0.000000 0.034014 0.000000 0.000000 0.000000 0.000000 0.000000 0.000000 0.130435 0.342857 0.000000 0.000000 0.168539 1.000000 0.031847 0.142857 0.034091 0.000000 0.000000 0.032258 0.428571 0.112150 0.062780 0.100000 0.249231 0.084270 0.113208 0.000000 0.000000 0.080824 0.000000 0.112150 0.000000 0.000000 0.000000 0.000000 0.000000 0.000000 0.000000 0.106061 0.000000 0.000000 0.000000 0.142857 0.000000 0.000000 0.000000 0.000000 0.102273 0.000000 0.043478 0.000000 0.257143 0.000000 0.037037 0.310345 0.168539 0.342857 0.000000 0.000000 0.037037 0.161290 0.000000 0.000000 0.000000 0.038462 0.000000 0.033613 0.000000 0.034014 0.000000 0.214286 0.056180 0.000000 0.066667 0.103448 0.000000 0.032258 0.375000 0.000000 0.000000 0.000000 0.000000 0.040816 0.037037 0.000000 0.161290 0.000000 0.042105 0.032895 0.000000 0.055556 0.036145 0.000000 0.000000 0.000000 0.250000 0.000000 0.000000 0.000000 0.045455 0.029703 0.000000 0.077320 0.234375 0.205714 0.034014 0.083799 0.000000 0.000000 0.000000 0.031447 0.000000 0.038462 0.000000 0.000000 0.047170 0.000000 0.000000 0.310345 0.000000 0.000000 0.000000 0.055556 0.032895 0.093750 0.034091 0.142857 0.000000 0.037037 0.093750 0.692308 0.000000 0.214286 0.000000 0.110092 0.000000 0.000000 0.151899 0.266667 0.038462 0.000000 0.000000 0.032258 0.078534 0.035294 0.000000 0.034014 0.000000 0.055556 0.000000 0.092784 0.000000 0.103448 0.000000 0.000000 0.254717 0.041096 0.000000
0.009901 0.000000 0.066038 0.031847 0.000000 0.000000 0.000000 0.342466 0.018405 0.000000 0.342466 0.000000 0.000000 0.000000 0.000000 0.000000 0.008518 0.000000 0.000000 0.000000 0.000000 0.112782 0.016393 0.000000 0.017751 0.483871 0.000000 0.117647 0.000000 0.000000 0.000000 0.000000 0.018868 0.027027 0.148936 0.028902 0.017751 0.032028 0.016393 0.042654 0.018868 0.028302 0.027624 0.116022 0.000000 0.000000 0.000000 0.033708 0.233480 0.000000 0.128834 0.041667 0.000000 0.011976 0.000000 0.000000 0.000000 0.209302 0.017751 0.000000 0.010989 0.000000 0.024390 0.037500 0.000000 0.032362 0.022624 0.000000 0.000000 0.000000 0.342466 0.000000 0.008518 0.018405 0.155556 0.294118 0.047619 0.039548 0.066667 0.057325 0.483871 0.027027 0.000000 0.000000 0.000000 0.000000 0.000000 0.000000 0.000000 0.294118 0.000000 0.030303 0.009901 0.000000 0.000000 0.000000 0.059603 0.000000 0.018405 0.000000 0.044118 0.013245 0.488372 0.018405 0.029940 0.000000 0.000000 0.038298 0.052632 0.000000 0.013245 0.000000 0.112782 0.036585 0.033557 0.000000 0.000000 0.102941 0.000000 0.000000 0.000000 0.000000 0.000000 0.140496 0.028902 0.000000 0.044776 0.066667 0.000000 0.031847 1.000000 0.031847 0.145455 0.000000 0.017544 0.041667 0.031847 0.024631 0.028302 0.017751 0.009901 0.011976 0.024876 0.000000 0.048649 0.008518 0.000000 0.024631 0.000000 0.028169 0.000000 0.000000 0.000000 0.000000 0.000000 0.106719 0.000000 0.000000 0.037594 0.057325 0.000000 0.000000 0.000000 0.000000 0.036364 0.000000 0.722543 0.000000 0.069767 0.000000 0.059603 0.018405 0.000000 0.000000 0.000000 0.000000 0.059603 0.000000 0.000000 0.000000 0.000000 0.200000 0.000000 0.233480 0.000000 0.044118 0.000000 0.057325 0.000000 0.000000 0.455621 0.018405 0.000000 0.274262 0.027624 0.000000 0.000000 0.145946 0.000000 0.081081 0.059603 0.000000 0.000000 0.000000 0.061453 0.148936 0.053892 0.112782 0.483871 0.000000 0.000000 0.000000 0.000000 0.020408 0.000000 0.000000 0.090909 0.032028 0.000000 0.032787 0.044898 0.000000 0.044118 0.011905 0.000000 0.000000 0.000000 0.040541 0.000000 0.200000 0.000000 0.000000 0.039801 0.000000 0.000000 0.018405 0.000000 0.000000 0.000000 0.263158 0.148936 0.061224 0.145455 0.078838 0.000000 0.059603 0.082873 0.062069 0.000000 0.057325 0.000000 0.024155 0.000000 0.000000 0.034014 0.000000 0.200000 0.000000 0.058824 0.041667 0.033333 0.056604 0.000000 0.044118 0.000000 0.112782 0.000000 0.016393 0.000000 0.018405 0.000000 0.000000 0.034826 0.066667 0.000000
0.083077 0.000000 0.000000 0.142857 0.000000 0.000000 0.000000 0.031847 0.103448 0.000000 0.031847 0.000000 0.000000 0.000000 0.000000 0.250000 0.080824 0.000000 0.000000 0.000000 0.000000 0.055556 0.000000 0.000000 0.100000 0.036145 0.000000 0.219512 0.000000 0.000000 0.000000 0.000000 0.105882 0.285714 0.032895 0.304348 0.100000 0.029703 0.216495 0.081081 0.105882 0.062780 0.125000 0.026042 0.000000 0.000000 0.000000 0.201439 0.033613 0.000000 0.000000 0.032258 0.000000 0.084270 0.000000 0.000000 0.000000 0.085714 0.100000 0.000000 0.077720 0.000000 0.000000 0.029240 0.000000 0.048338 0.129310 0.000000 0.000000 0.000000 0.031847 0.000000 0.080824 0.103448 0.041096 0.048780 0.000000 0.095745 0.041096 0.214286 0.036145 0.285714 0.000000 0.000000 0.000000 0.000000 0.000000 0.000000 0.000000 0.048780 0.000000 0.000000 0.083077 0.000000 0.000000 0.000000 0.037037 0.000000 0.103448 0.000000 0.034014 0.092593 0.085714 0.103448 0.084270 0.000000 0.000000 0.073171 0.032967 0.000000 0.092593 0.000000 0.055556 0.028571 0.000000 0.000000 0.000000 0.034014 0.000000 0.000000 0.000000 0.000000 0.000000 0.000000 0.304348 0.000000 0.000000 0.000000 0.000000 0.142857 0.031847 1.000000 0.034091 0.000000 0.000000 0.032258 0.142857 0.112150 0.062780 0.100000 0.083077 0.084270 0.113208 0.000000 0.000000 0.080824 0.000000 0.112150 0.000000 0.000000 0.000000 0.000000 0.000000 0.000000 0.000000 0.106061 0.000000 0.000000 0.000000 0.071429 0.000000 0.000000 0.000000 0.000000 0.102273 0.000000 0.043478 0.000000 0.600000 0.000000 0.037037 0.103448 0.000000 0.000000 0.000000 0.000000 0.037037 0.000000 0.182510 0.000000 0.000000 0.038462 0.000000 0.033613 0.000000 0.034014 0.000000 0.214286 0.000000 0.000000 0.066667 0.103448 0.000000 0.032258 0.125000 0.000000 0.000000 0.000000 0.000000 0.040816 0.037037 0.000000 0.000000 0.000000 0.042105 0.032895 0.000000 0.055556 0.036145 0.000000 0.000000 0.000000 0.000000 0.000000 0.000000 0.000000 0.045455 0.029703 0.000000 0.077320 0.218750 0.000000 0.034014 0.262570 0.000000 0.000000 0.000000 0.031447 0.000000 0.038462 0.000000 0.000000 0.000000 0.000000 0.000000 0.103448 0.000000 0.000000 0.000000 0.055556 0.032895 0.093750 0.034091 0.142857 0.000000 0.037037 0.093750 0.230769 0.000000 0.214286 0.000000 0.110092 0.000000 0.342857 0.151899 0.000000 0.038462 0.000000 0.000000 0.032258 0.078534 0.035294 0.000000 0.034014 0.000000 0.055556 0.000000 0.216495 0.000000 0.103448 0.000000 0.000000 0.084906 0.041096 0.000000
0.014663 0.000000 0.077922 0.034091 0.000000 0.000000 0.000000 0.145455 0.021978 0.000000 0.145455 0.000000 0.000000 0.000000 0.000000 0.000000 0.013575 0.000000 0.000000 0.000000 0.000000 0.118421 0.000000 0.000000 0.021277 0.183908 0.000000 0.232558 0.000000 0.000000 0.000000 0.000000 0.022472 0.029412 0.071875 0.031250 0.021277 0.047022 0.019802 0.052174 0.022472 0.038961 0.030000 0.057500 0.000000 0.000000 0.000000 0.041958 0.121951 0.000000 0.021978 0.055215 0.000000 0.016129 0.000000 0.000000 0.000000 0.202703 0.021277 0.000000 0.014925 0.000000 0.000000 0.050279 0.000000 0.034582 0.000000 0.000000 0.000000 0.000000 0.145455 0.000000 0.013575 0.021978 0.389610 0.127907 0.000000 0.051020 0.077922 0.056818 0.183908 0.029412 0.000000 0.000000 0.000000 0.000000 0.000000 0.000000 0.000000 0.127907 0.000000 0.000000 0.014663 0.000000 0.000000 0.000000 0.070588 0.000000 0.021978 0.000000 0.058065 0.017647 0.472973 0.021978 0.043011 0.000000 0.000000 0.047244 0.063158 0.000000 0.017647 0.000000 0.118421 0.049180 0.000000 0.000000 0.000000 0.290323 0.000000 0.000000 0.000000 0.000000 0.000000 0.000000 0.031250 0.000000 0.000000 0.025974 0.000000 0.034091 0.145455 0.034091 1.000000 0.000000 0.000000 0.055215 0.034091 0.027027 0.038961 0.021277 0.014663 0.016129 0.027273 0.000000 0.000000 0.013575 0.000000 0.027027 0.000000 0.000000 0.000000 0.000000 0.000000 0.000000 0.000000 0.110294 0.000000 0.000000 0.276316 0.056818 0.000000 0.000000 0.000000 0.000000 0.347826 0.000000 0.250000 0.000000 0.067568 0.000000 0.070588 0.021978 0.000000 0.000000 0.000000 0.000000 0.070588 0.000000 0.000000 0.000000 0.000000 0.091463 0.000000 0.121951 0.000000 0.058065 0.000000 0.056818 0.000000 0.000000 0.191489 0.021978 0.000000 0.125000 0.030000 0.000000 0.000000 0.049020 0.000000 0.088235 0.070588 0.000000 0.000000 0.000000 0.070707 0.071875 0.000000 0.118421 0.183908 0.000000 0.000000 0.000000 0.000000 0.000000 0.000000 0.000000 0.097826 0.047022 0.000000 0.044554 0.053030 0.000000 0.058065 0.016043 0.000000 0.000000 0.000000 0.053892 0.000000 0.091463 0.000000 0.000000 0.054545 0.000000 0.000000 0.021978 0.000000 0.000000 0.000000 0.592105 0.071875 0.068182 1.000000 0.084615 0.000000 0.070588 0.090000 0.060976 0.000000 0.056818 0.000000 0.026549 0.000000 0.000000 0.036145 0.000000 0.091463 0.000000 0.000000 0.055215 0.045226 0.067416 0.000000 0.058065 0.000000 0.118421 0.000000 0.019802 0.000000 0.021978 0.000000 0.000000 0.045455 0.077922 0.000000
0.000000 0.000000 0.000000 0.000000 0.000000 0.000000 0.000000 0.000000 0.000000 0.000000 0.000000 0.000000 0.000000 0.000000 0.000000 0.000000 0.000000 0.000000 0.000000 0.000000 0.000000 0.000000 0.000000 0.000000 0.000000 0.000000 0.000000 0.000000 0.000000 0.000000 0.000000 0.000000 0.000000 0.000000 0.000000 0.000000 0.000000 0.000000 0.000000 0.082474 0.000000 0.000000 0.000000 0.000000 0.000000 0.000000 0.000000 0.000000 0.000000 0.000000 0.000000 0.000000 0.000000 0.000000 0.000000 0.000000 0.000000 0.000000 0.000000 0.000000 0.000000 0.000000 0.000000 0.000000 0.000000 0.000000 0.058824 0.000000 0.000000 0.000000 0.000000 0.000000 0.000000 0.000000 0.000000 0.000000 0.000000 0.000000 0.000000 0.000000 0.000000 0.000000 0.000000 0.000000 0.000000 0.000000 0.000000 0.000000 0.000000 0.000000 0.000000 0.000000 0.000000 0.000000 0.000000 0.000000 0.000000 0.000000 0.000000 0.000000 0.000000 0.000000 0.000000 0.000000 0.000000 0.000000 0.000000 0.000000 0.000000 0.000000 0.000000 0.000000 0.000000 0.000000 0.000000 0.000000 0.000000 0.000000 0.000000 0.000000 0.000000 0.000000 0.000000 0.000000 0.000000 0.000000 0.065217 0.000000 0.000000 0.000000 0.000000 0.000000 0.000000 1.000000 0.000000 0.000000 0.000000 0.000000 0.000000 0.000000 0.000000 0.000000 0.000000 0.000000 0.000000 0.000000 0.000000 0.000000 0.000000 0.000000 0.000000 0.000000 0.000000 0.000000 0.103896 0.000000 0.000000 0.000000 0.000000 0.000000 0.000000 0.000000 0.000000 0.103448 0.000000 0.000000 0.000000 0.000000 0.000000 0.000000 0.000000 0.000000 0.000000 0.000000 0.000000 0.000000 0.000000 0.000000 0.038298 0.000000 0.000000 0.000000 0.000000 0.000000 0.000000 0.000000 0.000000 0.000000 0.000000 0.000000 0.000000 0.000000 0.000000 0.000000 0.000000 0.000000 0.000000 0.000000 0.000000 0.000000 0.000000 0.000000 0.000000 0.000000 0.000000 0.000000 0.000000 0.000000 0.000000 0.000000 0.000000 0.000000 0.000000 0.000000 0.000000 0.000000 0.000000 0.000000 0.000000 0.000000 0.000000 0.000000 0.000000 0.000000 0.000000 0.000000 0.000000 0.000000 0.000000 0.000000 0.112676 0.000000 0.000000 0.000000 0.000000 0.000000 0.000000 0.000000 0.000000 0.000000 0.000000 0.070175 0.000000 0.000000 0.000000 0.000000 0.000000 0.000000 0.000000 0.000000 0.000000 0.000000 0.000000 0.000000 0.000000 0.000000 0.000000 0.000000 0.000000 0.000000 0.000000 0.000000 0.000000 0.000000 0.000000 0.000000 0.000000 0.000000 0.000000 0.000000 0.142857 0.125000 0.000000 0.000000 0.000000
0.000000 0.000000 0.042194 0.000000 0.000000 0.103896 0.000000 0.017544 0.000000 0.000000 0.017544 0.065934 0.000000 0.000000 0.000000 0.000000 0.058224 0.000000 0.000000 0.000000 0.000000 0.000000 0.365385 0.000000 0.000000 0.022222 0.000000 0.000000 0.000000 0.000000 0.000000 0.000000 0.086957 0.000000 0.015060 0.000000 0.000000 0.000000 0.134615 0.000000 0.086957 0.000000 0.000000 0.012136 0.103896 0.000000 0.000000 0.000000 0.023810 0.000000 0.063830 0.000000 0.000000 0.000000 0.000000 0.000000 0.000000 0.000000 0.000000 0.000000 0.000000 0.000000 0.182609 0.000000 0.000000 0.000000 0.024390 0.000000 0.087912 0.000000 0.017544 0.000000 0.058224 0.000000 0.000000 0.022472 0.046729 0.000000 0.000000 0.000000 0.022222 0.000000 0.000000 0.000000 0.000000 0.000000 0.000000 0.000000 0.000000 0.022472 0.000000 0.031579 0.000000 0.000000 0.103896 0.000000 0.000000 0.000000 0.000000 0.000000 0.000000 0.000000 0.000000 0.000000 0.000000 0.000000 0.000000 0.061538 0.000000 0.000000 0.000000 0.000000 0.000000 0.000000 0.655172 0.000000 0.000000 0.000000 0.000000 0.000000 0.000000 0.000000 0.000000 0.123288 0.000000 0.000000 0.044248 0.000000 0.000000 0.000000 0.017544 0.000000 0.000000 0.000000 1.000000 0.000000 0.000000 0.000000 0.000000 0.000000 0.000000 0.000000 0.000000 0.000000 0.047619 0.058224 0.000000 0.000000 0.000000 0.029630 0.000000 0.000000 0.000000 0.000000 0.000000 0.000000 0.000000 0.000000 0.000000 0.000000 0.000000 0.000000 0.000000 0.000000 0.000000 0.000000 0.030303 0.000000 0.000000 0.000000 0.000000 0.000000 0.000000 0.000000 0.000000 0.000000 0.000000 0.000000 0.000000 0.000000 0.053191 0.017647 0.000000 0.023810 0.000000 0.000000 0.079404 0.000000 0.000000 0.075949 0.030928 0.000000 0.000000 0.022901 0.000000 0.000000 0.000000 0.000000 0.000000 0.000000 0.000000 0.000000 0.000000 0.000000 0.000000 0.015060 0.052083 0.000000 0.022222 0.000000 0.000000 0.000000 0.000000 0.023256 0.000000 0.000000 0.000000 0.000000 0.000000 0.000000 0.000000 0.000000 0.000000 0.041451 0.000000 0.000000 0.000000 0.000000 0.000000 0.017647 0.000000 0.000000 0.185841 0.000000 0.000000 0.000000 0.000000 0.000000 0.000000 0.000000 0.015060 0.000000 0.000000 0.000000 0.000000 0.000000 0.000000 0.000000 0.094118 0.000000 0.000000 0.000000 0.000000 0.000000 0.000000 0.000000 0.017647 0.000000 0.056180 0.000000 0.000000 0.000000 0.075949 0.000000 0.000000 0.000000 0.000000 0.134615 0.000000 0.000000 0.000000 0.000000 0.000000 0.000000 0.000000
0.010033 0.000000 0.000000 0.032258 0.000000 0.000000 0.000000 0.041667 0.018634 0.000000 0.041667 0.000000 0.000000 0.000000 0.000000 0.000000 0.008636 0.000000 0.000000 0.000000 0.000000 0.251908 0.000000 0.000000 0.017964 0.058824 0.000000 0.059603 0.000000 0.000000 0.000000 0.000000 0.019108 0.027322 0.043165 0.029240 0.017964 0.422383 0.016575 0.330144 0.019108 0.066667 0.027933 0.033520 0.000000 0.000000 0.000000 0.154717 0.066667 0.000000 0.000000 0.042254 0.000000 0.012121 0.000000 0.000000 0.000000 0.480315 0.017964 0.000000 0.011111 0.000000 0.000000 0.493671 0.000000 0.032787 0.000000 0.000000 0.000000 0.000000 0.041667 0.000000 0.008636 0.018634 0.067669 0.099338 0.000000 0.085714 0.067669 0.058065 0.058824 0.027322 0.000000 0.000000 0.000000 0.000000 0.000000 0.000000 0.000000 0.099338 0.000000 0.000000 0.010033 0.000000 0.000000 0.000000 0.060403 0.000000 0.018634 0.000000 0.104478 0.013423 0.212598 0.018634 0.030303 0.000000 0.000000 0.090129 0.053254 0.000000 0.013423 0.000000 0.114504 0.185185 0.000000 0.000000 0.000000 0.044776 0.000000 0.000000 0.000000 0.000000 0.000000 0.000000 0.029240 0.000000 0.000000 0.000000 0.000000 0.032258 0.041667 0.032258 0.055215 0.000000 0.000000 1.000000 0.032258 0.024876 0.066667 0.017964 0.010033 0.012121 0.025126 0.000000 0.000000 0.008636 0.000000 0.024876 0.000000 0.000000 0.000000 0.000000 0.000000 0.000000 0.000000 0.243028 0.000000 0.000000 0.000000 0.058065 0.000000 0.000000 0.000000 0.000000 0.018405 0.000000 0.087719 0.000000 0.070866 0.000000 0.785235 0.018634 0.000000 0.000000 0.000000 0.000000 0.140940 0.000000 0.000000 0.000000 0.000000 0.062937 0.000000 0.066667 0.000000 0.104478 0.000000 0.058065 0.000000 0.000000 0.161677 0.018634 0.000000 0.063830 0.027933 0.000000 0.000000 0.000000 0.000000 0.081967 0.060403 0.000000 0.000000 0.000000 0.163842 0.043165 0.000000 0.114504 0.058824 0.000000 0.000000 0.000000 0.000000 0.000000 0.000000 0.000000 0.239264 0.249097 0.000000 0.077348 0.094650 0.000000 0.104478 0.012048 0.000000 0.000000 0.000000 0.041096 0.000000 0.062937 0.000000 0.000000 0.000000 0.000000 0.000000 0.018634 0.000000 0.000000 0.000000 0.114504 0.043165 0.160494 0.055215 0.179916 0.000000 0.140940 0.184358 0.062937 0.000000 0.058065 0.000000 0.024390 0.000000 0.000000 0.034483 0.000000 0.062937 0.000000 0.000000 0.549296 0.078652 0.057325 0.000000 0.104478 0.000000 0.251908 0.000000 0.016575 0.000000 0.018634 0.000000 0.000000 0.075377 0.157895 0.000000
0.581538 0.000000 0.000000 0.428571 0.000000 0.000000 0.000000 0.031847 0.310345 0.000000 0.031847 0.000000 0.000000 0.000000 0.000000 0.000000 0.080824 0.000000 0.000000 0.000000 0.186813 0.055556 0.000000 0.000000 0.100000 0.036145 0.000000 0.219512 0.000000 0.000000 0.000000 0.000000 0.105882 0.673469 0.032895 0.130435 0.100000 0.029703 0.092784 0.081081 0.105882 0.062780 0.375000 0.026042 0.000000 0.194805 0.000000 0.086331 0.033613 0.000000 0.000000 0.032258 0.000000 0.084270 0.000000 0.183673 0.000000 0.085714 0.100000 0.000000 0.544041 0.000000 0.000000 0.029240 0.000000 0.048338 0.000000 0.000000 0.000000 0.000000 0.031847 0.000000 0.080824 0.724138 0.041096 0.048780 0.000000 0.287234 0.041096 0.214286 0.036145 0.673469 0.000000 0.000000 0.000000 0.083333 0.000000 0.000000 0.225000 0.048780 0.000000 0.000000 0.581538 0.000000 0.000000 0.000000 0.037037 0.000000 0.103448 0.000000 0.034014 0.092593 0.085714 0.103448 0.084270 0.000000 0.000000 0.073171 0.626374 0.000000 0.092593 0.000000 0.055556 0.028571 0.000000 0.000000 0.000000 0.034014 0.000000 0.000000 0.000000 0.000000 0.000000 0.000000 0.130435 0.114286 0.000000 0.000000 0.056180 0.428571 0.031847 0.142857 0.034091 0.000000 0.000000 0.032258 1.000000 0.112150 0.062780 0.100000 0.581538 0.084270 0.113208 0.000000 0.000000 0.080824 0.000000 0.112150 0.000000 0.000000 0.000000 0.000000 0.000000 0.000000 0.000000 0.106061 0.000000 0.000000 0.000000 0.285714 0.000000 0.000000 0.000000 0.000000 0.102273 0.000000 0.043478 0.000000 0.257143 0.000000 0.037037 0.724138 0.056180 0.114286 0.000000 0.000000 0.037037 0.053763 0.000000 0.000000 0.000000 0.038462 0.000000 0.033613 0.000000 0.034014 0.000000 0.214286 0.168539 0.000000 0.066667 0.103448 0.000000 0.032258 0.375000 0.000000 0.000000 0.000000 0.000000 0.040816 0.037037 0.000000 0.053763 0.000000 0.042105 0.032895 0.000000 0.055556 0.036145 0.000000 0.000000 0.000000 0.083333 0.000000 0.000000 0.000000 0.045455 0.029703 0.000000 0.077320 0.515625 0.068571 0.034014 0.083799 0.000000 0.000000 0.000000 0.031447 0.000000 0.038462 0.000000 0.000000 0.141509 0.000000 0.000000 0.724138 0.000000 0.000000 0.000000 0.055556 0.032895 0.093750 0.034091 0.142857 0.000000 0.037037 0.093750 0.692308 0.000000 0.214286 0.000000 0.110092 0.000000 0.000000 0.151899 0.088889 0.038462 0.000000 0.000000 0.032258 0.078534 0.035294 0.000000 0.034014 0.000000 0.055556 0.000000 0.092784 0.000000 0.103448 0.000000 0.000000 0.254717 0.041096 0.000000
0.064748 0.000000 0.000000 0.112150 0.070352 0.000000 0.000000 0.024631 0.081818 0.000000 0.024631 0.000000 0.000000 0.000000 0.000000 0.000000 0.062577 0.000000 0.000000 0.000000 0.000000 0.042105 0.000000 0.000000 0.079646 0.028302 0.000000 0.171429 0.000000 0.022727 0.000000 0.000000 0.083333 0.099174 0.025253 0.313043 0.079646 0.022785 0.075000 0.067164 0.083333 0.089219 0.302521 0.021008 0.000000 0.000000 0.000000 0.222222 0.028169 0.102941 0.000000 0.024876 0.000000 0.066964 0.090476 0.000000 0.059524 0.064516 0.079646 0.000000 0.062762 0.000000 0.000000 0.023041 0.000000 0.085106 0.000000 0.063348 0.000000 0.068000 0.024631 0.000000 0.062577 0.081818 0.031250 0.038095 0.000000 0.076923 0.031250 0.168224 0.028302 0.099174 0.000000 0.000000 0.000000 0.000000 0.101770 0.102941 0.000000 0.038095 0.000000 0.040541 0.064748 0.022523 0.000000 0.000000 0.028846 0.102941 0.245455 0.084071 0.025907 0.072115 0.064516 0.527273 0.066964 0.000000 0.000000 0.061644 0.026316 0.012295 0.072115 0.000000 0.042105 0.022624 0.000000 0.000000 0.000000 0.025907 0.000000 0.000000 0.101942 0.000000 0.000000 0.000000 0.313043 0.000000 0.046512 0.000000 0.000000 0.112150 0.024631 0.112150 0.027027 0.000000 0.000000 0.024876 0.112150 1.000000 0.089219 0.079646 0.064748 0.066964 0.279070 0.009662 0.000000 0.062577 0.184211 1.000000 0.000000 0.000000 0.000000 0.116505 0.000000 0.000000 0.043860 0.245161 0.000000 0.055046 0.000000 0.056075 0.008969 0.027149 0.000000 0.000000 0.081081 0.000000 0.034783 0.000000 0.193548 0.013636 0.028846 0.081818 0.000000 0.000000 0.000000 0.000000 0.028846 0.000000 0.000000 0.000000 0.000000 0.029703 0.000000 0.028169 0.053571 0.025907 0.000000 0.168224 0.000000 0.000000 0.053097 0.081818 0.000000 0.027211 0.302521 0.000000 0.000000 0.000000 0.000000 0.033058 0.028846 0.000000 0.000000 0.000000 0.033898 0.025253 0.071429 0.042105 0.028302 0.080000 0.000000 0.000000 0.000000 0.024510 0.000000 0.000000 0.036036 0.022785 0.000000 0.062500 0.079470 0.000000 0.025907 0.066667 0.076159 0.000000 0.000000 0.024390 0.100000 0.029703 0.000000 0.000000 0.000000 0.000000 0.000000 0.081818 0.000000 0.019380 0.051345 0.042105 0.025253 0.079470 0.027027 0.120805 0.066986 0.028846 0.151261 0.178218 0.000000 0.168224 0.000000 0.272727 0.000000 0.000000 0.117647 0.000000 0.029703 0.000000 0.000000 0.024876 0.189873 0.027778 0.000000 0.025907 0.000000 0.042105 0.000000 0.075000 0.000000 0.081818 0.000000 0.000000 0.209302 0.031250 0.000000
0.016092 0.000000 0.000000 0.062780 0.000000 0.000000 0.000000 0.028302 0.034934 0.000000 0.028302 0.000000 0.000000 0.000000 0.000000 0.000000 0.012926 0.000000 0.000000 0.000000 0.000000 0.075377 0.000000 0.000000 0.123404 0.040724 0.000000 0.118721 0.000000 0.000000 0.000000 0.000000 0.035556 0.055777 0.028986 0.100418 0.123404 0.050847 0.032129 0.093863 0.035556 1.000000 0.097166 0.024291 0.000000 0.000000 0.000000 0.252252 0.051195 0.000000 0.000000 0.028571 0.000000 0.278970 0.000000 0.000000 0.000000 0.138462 0.123404 0.000000 0.020161 0.000000 0.000000 0.061947 0.000000 0.224490 0.000000 0.000000 0.000000 0.000000 0.028302 0.025126 0.012926 0.034934 0.044776 0.068493 0.000000 0.279835 0.044776 0.116592 0.040724 0.055777 0.000000 0.029412 0.000000 0.000000 0.000000 0.000000 0.000000 0.068493 0.000000 0.000000 0.016092 0.000000 0.000000 0.000000 0.041475 0.000000 0.061135 0.000000 0.306931 0.520737 0.138462 0.034934 0.034335 0.000000 0.029412 0.086379 0.037975 0.000000 0.520737 0.000000 0.075377 0.026087 0.000000 0.000000 0.023438 0.029703 0.000000 0.000000 0.000000 0.000000 0.000000 0.000000 0.100418 0.000000 0.022472 0.000000 0.000000 0.062780 0.028302 0.062780 0.038961 0.000000 0.000000 0.066667 0.062780 0.089219 1.000000 0.123404 0.016092 0.278970 0.179775 0.000000 0.000000 0.012926 0.000000 0.089219 0.000000 0.018480 0.000000 0.083721 0.022113 0.000000 0.016878 0.219436 0.000000 0.026432 0.000000 0.040359 0.000000 0.000000 0.000000 0.000000 0.034632 0.000000 0.062762 0.000000 0.133333 0.000000 0.096774 0.034934 0.000000 0.000000 0.000000 0.000000 0.207373 0.000000 0.000000 0.029412 0.000000 0.042654 0.022113 0.051195 0.064378 0.306931 0.000000 0.116592 0.000000 0.000000 0.114894 0.087336 0.046154 0.049505 0.097166 0.000000 0.165829 0.000000 0.029412 0.059761 0.041475 0.000000 0.000000 0.000000 0.285714 0.028986 0.042918 0.075377 0.040724 0.047847 0.000000 0.000000 0.000000 0.000000 0.000000 0.000000 0.064935 0.050847 0.000000 0.317269 0.334405 0.000000 0.306931 0.021368 0.000000 0.000000 0.000000 0.028037 0.000000 0.042654 0.000000 0.000000 0.000000 0.000000 0.000000 0.034934 0.000000 0.000000 0.000000 0.075377 0.028986 0.077170 0.038961 0.117264 0.000000 0.207373 0.072874 0.123223 0.000000 0.116592 0.000000 0.626374 0.000000 0.000000 0.065728 0.000000 0.042654 0.000000 0.000000 0.066667 0.280488 0.040000 0.000000 0.306931 0.000000 0.075377 0.046154 0.032129 0.000000 0.087336 0.000000 0.000000 0.232210 0.223881 0.170306
0.042980 0.000000 0.000000 0.100000 0.000000 0.000000 0.000000 0.017751 0.064516 0.000000 0.017751 0.000000 0.000000 0.000000 0.000000 0.000000 0.039764 0.000000 0.000000 0.000000 0.000000 0.038462 0.000000 0.000000 0.500000 0.022472 0.000000 0.170455 0.000000 0.000000 0.000000 0.000000 0.065934 0.086538 0.018293 0.091837 0.500000 0.015291 0.058252 0.051282 0.065934 0.123404 0.088235 0.014706 0.000000 0.000000 0.000000 0.062069 0.024000 0.000000 0.000000 0.017964 0.000000 0.157895 0.000000 0.000000 0.000000 0.065789 0.500000 0.000000 0.043902 0.000000 0.000000 0.016393 0.000000 0.076056 0.000000 0.000000 0.000000 0.000000 0.017751 0.038462 0.039764 0.064516 0.025316 0.034091 0.000000 0.060000 0.025316 0.166667 0.022472 0.086538 0.000000 0.316770 0.000000 0.000000 0.000000 0.000000 0.000000 0.034091 0.000000 0.000000 0.042980 0.000000 0.000000 0.000000 0.022989 0.000000 0.064516 0.000000 0.018868 0.172414 0.065789 0.064516 0.047368 0.000000 0.316770 0.046512 0.020619 0.000000 0.172414 0.000000 0.038462 0.016043 0.000000 0.037975 0.239437 0.018868 0.000000 0.000000 0.000000 0.000000 0.000000 0.000000 0.091837 0.000000 0.000000 0.000000 0.000000 0.100000 0.017751 0.100000 0.021277 0.000000 0.000000 0.017964 0.100000 0.079646 0.123404 1.000000 0.042980 0.157895 0.187500 0.000000 0.000000 0.039764 0.000000 0.079646 0.000000 0.211970 0.000000 0.000000 0.264798 0.000000 0.000000 0.166667 0.000000 0.000000 0.000000 0.055556 0.000000 0.000000 0.000000 0.000000 0.063830 0.000000 0.030612 0.000000 0.197368 0.000000 0.022989 0.064516 0.000000 0.000000 0.000000 0.000000 0.022989 0.000000 0.000000 0.316770 0.000000 0.023810 0.264798 0.024000 0.357895 0.018868 0.000000 0.166667 0.000000 0.000000 0.052083 0.193548 0.065789 0.023077 0.088235 0.000000 0.115385 0.000000 0.316770 0.028846 0.022989 0.000000 0.000000 0.037975 0.049505 0.018293 0.000000 0.038462 0.022472 0.000000 0.000000 0.000000 0.000000 0.000000 0.000000 0.000000 0.031915 0.015291 0.000000 0.699029 0.067164 0.000000 0.018868 0.047120 0.000000 0.000000 0.000000 0.017544 0.000000 0.023810 0.000000 0.000000 0.000000 0.000000 0.000000 0.064516 0.000000 0.000000 0.000000 0.038462 0.018293 0.067164 0.021277 0.113636 0.000000 0.022989 0.058824 0.178571 0.000000 0.166667 0.000000 0.200000 0.000000 0.000000 0.105882 0.000000 0.023810 0.000000 0.000000 0.017964 0.044335 0.021978 0.000000 0.018868 0.000000 0.038462 0.065789 0.058252 0.000000 0.193548 0.000000 0.000000 0.053571 0.025316 0.064516
1.000000 0.000000 0.000000 0.249231 0.000000 0.000000 0.000000 0.009901 0.133531 0.000000 0.009901 0.000000 0.000000 0.000000 0.000000 0.000000 0.014778 0.000000 0.000000 0.000000 0.118980 0.032491 0.000000 0.000000 0.042980 0.015576 0.000000 0.160883 0.000000 0.000000 0.000000 0.000000 0.045593 0.307087 0.010239 0.075630 0.042980 0.006849 0.039788 0.034642 0.045593 0.016092 0.217158 0.008043 0.000000 0.141414 0.000000 0.049541 0.019355 0.000000 0.000000 0.010033 0.000000 0.026087 0.000000 0.098940 0.000000 0.063197 0.042980 0.000000 0.744000 0.000000 0.000000 0.009063 0.000000 0.028125 0.000000 0.000000 0.000000 0.000000 0.009901 0.000000 0.014778 0.311573 0.017794 0.028391 0.000000 0.123288 0.017794 0.156923 0.015576 0.307087 0.000000 0.000000 0.000000 0.036101 0.000000 0.000000 0.226537 0.028391 0.000000 0.000000 0.490446 0.000000 0.000000 0.000000 0.015974 0.000000 0.044510 0.000000 0.010601 0.028754 0.063197 0.044510 0.026087 0.000000 0.000000 0.031185 0.269122 0.000000 0.028754 0.000000 0.032491 0.008850 0.000000 0.000000 0.000000 0.010601 0.000000 0.000000 0.000000 0.000000 0.000000 0.000000 0.075630 0.066914 0.000000 0.000000 0.017391 0.249231 0.009901 0.083077 0.014663 0.000000 0.000000 0.010033 0.581538 0.064748 0.016092 0.042980 1.000000 0.026087 0.065375 0.000000 0.000000 0.014778 0.000000 0.064748 0.000000 0.000000 0.000000 0.000000 0.000000 0.000000 0.000000 0.067698 0.000000 0.000000 0.000000 0.144615 0.000000 0.000000 0.000000 0.000000 0.043988 0.000000 0.025210 0.000000 0.189591 0.000000 0.015974 0.311573 0.017391 0.066914 0.000000 0.000000 0.015974 0.016620 0.000000 0.000000 0.000000 0.016611 0.000000 0.019355 0.000000 0.010601 0.000000 0.156923 0.121739 0.000000 0.048711 0.044510 0.000000 0.018557 0.217158 0.000000 0.000000 0.000000 0.000000 0.023622 0.015974 0.000000 0.016620 0.000000 0.024390 0.010239 0.000000 0.032491 0.015576 0.000000 0.000000 0.000000 0.036101 0.000000 0.000000 0.000000 0.026393 0.006849 0.000000 0.023873 0.233533 0.029499 0.010601 0.025937 0.000000 0.000000 0.000000 0.009772 0.000000 0.016611 0.000000 0.000000 0.043584 0.000000 0.000000 0.311573 0.000000 0.000000 0.000000 0.032491 0.010239 0.053892 0.014663 0.103448 0.000000 0.015974 0.040214 0.508306 0.000000 0.156923 0.000000 0.063529 0.000000 0.000000 0.088525 0.051576 0.016611 0.000000 0.000000 0.010033 0.024259 0.015198 0.000000 0.010601 0.000000 0.032491 0.000000 0.039788 0.000000 0.044510 0.000000 0.000000 0.108959 0.017794 0.000000
0.026087 0.000000 0.000000 0.084270 0.000000 0.000000 0.000000 0.011976 0.048913 0.000000 0.011976 0.000000 0.000000 0.000000 0.000000 0.000000 0.022355 0.000000 0.000000 0.000000 0.000000 0.032468 0.000000 0.000000 0.157895 0.017045 0.000000 0.155172 0.000000 0.000000 0.000000 0.000000 0.050000 0.072816 0.012346 0.077320 0.157895 0.009288 0.044118 0.038793 0.050000 0.278970 0.074257 0.009901 0.000000 0.000000 0.000000 0.052083 0.020161 0.000000 0.000000 0.012121 0.000000 1.000000 0.000000 0.000000 0.000000 0.060000 0.157895 0.000000 0.029557 0.000000 0.000000 0.011050 0.000000 0.088319 0.000000 0.000000 0.000000 0.000000 0.011976 0.032468 0.022355 0.048913 0.019231 0.028736 0.000000 0.045455 0.019231 0.151685 0.017045 0.072816 0.000000 0.037736 0.000000 0.000000 0.000000 0.000000 0.000000 0.028736 0.000000 0.000000 0.026087 0.000000 0.000000 0.000000 0.017442 0.000000 0.048913 0.000000 0.012739 0.534884 0.060000 0.048913 0.031915 0.000000 0.037736 0.035156 0.015625 0.000000 0.534884 0.000000 0.032468 0.010811 0.000000 0.000000 0.028436 0.012739 0.000000 0.000000 0.000000 0.000000 0.000000 0.000000 0.077320 0.000000 0.000000 0.000000 0.000000 0.084270 0.011976 0.084270 0.016129 0.000000 0.000000 0.012121 0.084270 0.066964 0.278970 0.157895 0.026087 1.000000 0.121622 0.000000 0.000000 0.022355 0.000000 0.066964 0.000000 0.022670 0.000000 0.000000 0.028391 0.000000 0.000000 0.113139 0.000000 0.000000 0.000000 0.050562 0.000000 0.000000 0.000000 0.000000 0.048387 0.000000 0.025773 0.000000 0.180000 0.000000 0.017442 0.048913 0.000000 0.000000 0.000000 0.000000 0.017442 0.000000 0.000000 0.037736 0.000000 0.018072 0.028391 0.020161 0.047872 0.012739 0.000000 0.151685 0.000000 0.000000 0.047368 0.114130 0.060000 0.019380 0.074257 0.000000 0.227273 0.000000 0.037736 0.024272 0.017442 0.000000 0.000000 0.000000 0.040000 0.012346 0.000000 0.032468 0.017045 0.000000 0.000000 0.000000 0.000000 0.000000 0.000000 0.000000 0.026882 0.009288 0.000000 0.098039 0.056391 0.000000 0.012739 0.031746 0.000000 0.000000 0.000000 0.011834 0.000000 0.018072 0.000000 0.000000 0.000000 0.000000 0.000000 0.048913 0.000000 0.000000 0.000000 0.032468 0.012346 0.056391 0.016129 0.103053 0.000000 0.017442 0.044554 0.162651 0.000000 0.151685 0.000000 0.298246 0.000000 0.000000 0.089286 0.000000 0.018072 0.000000 0.000000 0.012121 0.029851 0.016667 0.000000 0.012739 0.000000 0.032468 0.060000 0.044118 0.000000 0.114130 0.000000 0.000000 0.040541 0.019231 0.114130
0.065375 0.000000 0.000000 0.113208 0.000000 0.000000 0.000000 0.024876 0.082569 0.000000 0.024876 0.000000 0.000000 0.000000 0.000000 0.000000 0.063197 0.000000 0.000000 0.000000 0.000000 0.042553 0.000000 0.000000 0.187500 0.028571 0.000000 0.173077 0.000000 0.000000 0.000000 0.000000 0.084112 0.100000 0.025510 0.315789 0.187500 0.023018 0.075630 0.067669 0.084112 0.179775 0.305085 0.021186 0.000000 0.000000 0.000000 0.223602 0.028369 0.000000 0.000000 0.025126 0.000000 0.121622 0.000000 0.000000 0.000000 0.065217 0.187500 0.000000 0.063291 0.000000 0.000000 0.023256 0.000000 0.143198 0.000000 0.000000 0.000000 0.000000 0.024876 0.000000 0.063197 0.082569 0.031579 0.038462 0.000000 0.077586 0.031579 0.169811 0.028571 0.100000 0.000000 0.031088 0.000000 0.000000 0.000000 0.000000 0.000000 0.038462 0.000000 0.000000 0.065375 0.000000 0.000000 0.000000 0.029126 0.000000 0.247706 0.000000 0.026178 0.131068 0.065217 0.082569 0.067568 0.000000 0.031088 0.062069 0.026549 0.000000 0.131068 0.000000 0.042553 0.022831 0.000000 0.094737 0.024490 0.026178 0.000000 0.000000 0.000000 0.000000 0.000000 0.000000 0.315789 0.000000 0.046875 0.000000 0.000000 0.113208 0.024876 0.113208 0.027273 0.000000 0.000000 0.025126 0.113208 0.279070 0.179775 0.187500 0.065375 0.121622 1.000000 0.000000 0.000000 0.063197 0.000000 0.279070 0.000000 0.021505 0.000000 0.117647 0.025974 0.000000 0.044248 0.844156 0.000000 0.055556 0.000000 0.056604 0.000000 0.000000 0.000000 0.000000 0.081818 0.000000 0.035088 0.000000 0.195652 0.000000 0.029126 0.082569 0.000000 0.000000 0.000000 0.000000 0.029126 0.000000 0.000000 0.031088 0.000000 0.030000 0.025974 0.028369 0.090090 0.026178 0.000000 0.169811 0.000000 0.000000 0.053571 0.412844 0.000000 0.027397 0.305085 0.000000 0.000000 0.000000 0.031088 0.033333 0.029126 0.000000 0.000000 0.094737 0.034188 0.025510 0.072072 0.042553 0.028571 0.080808 0.000000 0.000000 0.000000 0.000000 0.000000 0.000000 0.036364 0.023018 0.000000 0.138655 0.080000 0.000000 0.026178 0.067265 0.000000 0.000000 0.000000 0.024631 0.000000 0.030000 0.000000 0.000000 0.000000 0.000000 0.000000 0.082569 0.000000 0.000000 0.000000 0.042553 0.025510 0.080000 0.027273 0.121622 0.000000 0.029126 0.076271 0.180000 0.000000 0.169811 0.000000 0.396947 0.000000 0.000000 0.118812 0.000000 0.030000 0.000000 0.000000 0.025126 0.191489 0.028037 0.000000 0.026178 0.000000 0.042553 0.000000 0.075630 0.000000 0.412844 0.000000 0.000000 0.210938 0.031579 0.000000
0.000000 0.000000 0.000000 0.000000 0.013699 0.000000 0.000000 0.000000 0.000000 0.000000 0.000000 0.000000 0.000000 0.000000 0.133971 0.000000 0.000000 0.000000 0.040268 0.000000 0.045714 0.000000 0.000000 0.000000 0.000000 0.000000 0.000000 0.000000 0.000000 0.089820 0.000000 0.000000 0.000000 0.000000 0.000000 0.000000 0.000000 0.000000 0.000000 0.000000 0.000000 0.000000 0.000000 0.000000 0.000000 0.000000 0.000000 0.000000 0.000000 0.019868 0.000000 0.000000 0.000000 0.000000 0.057325 0.000000 0.075377 0.000000 0.000000 0.000000 0.000000 0.000000 0.114833 0.000000 0.000000 0.000000 0.026667 0.011905 0.000000 0.106599 0.000000 0.000000 0.000000 0.000000 0.000000 0.000000 0.051813 0.000000 0.000000 0.000000 0.000000 0.000000 0.000000 0.000000 0.000000 0.000000 0.052023 0.019868 0.000000 0.000000 0.000000 0.112426 0.000000 0.029586 0.000000 0.000000 0.000000 0.019868 0.000000 0.052023 0.000000 0.000000 0.000000 0.029940 0.000000 0.034884 0.000000 0.000000 0.000000 0.141361 0.000000 0.000000 0.000000 0.000000 0.000000 0.000000 0.123711 0.000000 0.000000 0.000000 0.019608 0.000000 0.000000 0.000000 0.000000 0.000000 0.000000 0.000000 0.000000 0.000000 0.000000 0.000000 0.000000 0.000000 0.000000 0.000000 0.000000 0.009662 0.000000 0.000000 0.000000 0.000000 0.000000 1.000000 0.000000 0.000000 0.036496 0.009662 0.000000 0.000000 0.000000 0.000000 0.000000 0.000000 0.000000 0.000000 0.000000 0.000000 0.000000 0.000000 0.529412 0.011905 0.000000 0.000000 0.000000 0.000000 0.000000 0.000000 0.000000 0.808383 0.000000 0.000000 0.000000 0.000000 0.000000 0.000000 0.000000 0.000000 0.093750 0.000000 0.047904 0.000000 0.000000 0.000000 0.000000 0.000000 0.000000 0.000000 0.000000 0.000000 0.000000 0.000000 0.000000 0.000000 0.000000 0.000000 0.000000 0.000000 0.000000 0.000000 0.000000 0.000000 0.000000 0.000000 0.000000 0.000000 0.000000 0.000000 0.000000 0.000000 0.000000 0.000000 0.000000 0.033113 0.000000 0.063694 0.000000 0.000000 0.000000 0.000000 0.000000 0.000000 0.000000 0.000000 0.116466 0.000000 0.000000 0.000000 0.028249 0.000000 0.000000 0.000000 0.000000 0.000000 0.000000 0.000000 0.000000 0.492683 0.009901 0.000000 0.000000 0.000000 0.000000 0.000000 0.012821 0.000000 0.016216 0.000000 0.000000 0.000000 0.049689 0.000000 0.000000 0.000000 0.000000 0.000000 0.000000 0.043796 0.000000 0.000000 0.000000 0.000000 0.000000 0.000000 0.000000 0.000000 0.000000 0.000000 0.000000 0.000000 0.000000 0.000000 0.000000 0.000000 0.000000
0.000000 0.000000 0.063745 0.000000 0.000000 0.000000 0.000000 0.048649 0.000000 0.062857 0.048649 0.000000 0.000000 0.000000 0.000000 0.000000 0.000000 0.000000 0.000000 0.000000 0.000000 0.000000 0.045045 0.000000 0.000000 0.051546 0.000000 0.000000 0.000000 0.000000 0.000000 0.000000 0.000000 0.000000 0.047222 0.000000 0.000000 0.000000 0.000000 0.000000 0.000000 0.000000 0.000000 0.075000 0.000000 0.000000 0.000000 0.000000 0.045113 0.000000 0.000000 0.000000 0.000000 0.000000 0.000000 0.000000 0.000000 0.000000 0.000000 0.000000 0.000000 0.000000 0.049180 0.000000 0.111111 0.000000 0.046154 0.000000 0.102041 0.000000 0.048649 0.000000 0.000000 0.000000 0.000000 0.052083 0.070175 0.000000 0.000000 0.000000 0.051546 0.000000 0.000000 0.000000 0.000000 0.000000 0.000000 0.000000 0.000000 0.052083 0.000000 0.058824 0.000000 0.000000 0.000000 0.000000 0.000000 0.000000 0.000000 0.000000 0.000000 0.000000 0.000000 0.000000 0.000000 0.000000 0.000000 0.000000 0.000000 0.000000 0.000000 0.000000 0.000000 0.000000 0.063830 0.000000 0.000000 0.000000 0.000000 0.000000 0.000000 0.000000 0.000000 0.150000 0.000000 0.000000 0.066667 0.000000 0.058252 0.000000 0.048649 0.000000 0.000000 0.000000 0.047619 0.000000 0.000000 0.000000 0.000000 0.000000 0.000000 0.000000 0.000000 0.000000 1.000000 0.000000 0.000000 0.000000 0.000000 0.055427 0.000000 0.000000 0.000000 0.000000 0.000000 0.000000 0.000000 0.000000 0.000000 0.000000 0.000000 0.000000 0.125000 0.000000 0.000000 0.000000 0.056604 0.000000 0.000000 0.000000 0.000000 0.000000 0.116505 0.000000 0.000000 0.071429 0.000000 0.037383 0.000000 0.000000 0.000000 0.048913 0.000000 0.045113 0.000000 0.000000 0.000000 0.000000 0.000000 0.000000 0.057692 0.000000 0.000000 0.043478 0.000000 0.000000 0.000000 0.000000 0.000000 0.035714 0.000000 0.000000 0.074766 0.000000 0.000000 0.047222 0.077670 0.000000 0.051546 0.000000 0.000000 0.000000 0.000000 0.053763 0.000000 0.000000 0.000000 0.000000 0.000000 0.000000 0.000000 0.000000 0.000000 0.000000 0.000000 0.000000 0.000000 0.000000 0.000000 0.048913 0.000000 0.000000 0.050000 0.000000 0.000000 0.000000 0.000000 0.000000 0.000000 0.000000 0.047222 0.000000 0.000000 0.000000 0.000000 0.000000 0.000000 0.000000 0.000000 0.000000 0.000000 0.000000 0.000000 0.000000 0.000000 0.000000 0.048913 0.000000 0.083333 0.000000 0.000000 0.000000 0.000000 0.000000 0.000000 0.000000 0.000000 0.000000 0.000000 0.000000 0.000000 0.000000 0.000000 0.000000 0.000000
0.014778 0.000000 0.000000 0.080824 0.000000 0.231214 0.000000 0.008518 0.041221 0.000000 0.008518 0.114105 0.000000 0.000000 0.000000 0.000000 1.000000 0.000000 0.000000 0.000000 0.000000 0.031776 0.119728 0.000000 0.039764 0.014446 0.000000 0.160976 0.000000 0.000000 0.000000 0.000000 0.649452 0.068641 0.008818 0.073381 0.039764 0.005310 0.189116 0.031877 0.649452 0.012926 0.070151 0.006878 0.231214 0.000000 0.000000 0.047619 0.018661 0.000000 0.109924 0.008636 0.000000 0.022355 0.000000 0.000000 0.000000 0.063584 0.039764 0.000000 0.020520 0.000000 0.000000 0.007776 0.000000 0.027375 0.000000 0.000000 0.063391 0.000000 0.008518 0.000000 0.566102 0.041221 0.016575 0.027642 0.000000 0.037975 0.016575 0.156894 0.014446 0.068641 0.000000 0.000000 0.000000 0.000000 0.000000 0.000000 0.000000 0.027642 0.000000 0.000000 0.014778 0.000000 0.231214 0.000000 0.014827 0.000000 0.041221 0.000000 0.009141 0.024712 0.063584 0.041221 0.111773 0.000000 0.000000 0.440085 0.013100 0.000000 0.024712 0.000000 0.031776 0.007587 0.120200 0.000000 0.000000 0.009141 0.000000 0.000000 0.000000 0.000000 0.000000 0.000000 0.073381 0.000000 0.000000 0.000000 0.000000 0.080824 0.008518 0.080824 0.013575 0.000000 0.058224 0.008636 0.080824 0.062577 0.012926 0.039764 0.014778 0.022355 0.063197 0.000000 0.000000 1.000000 0.000000 0.062577 0.000000 0.000000 0.000000 0.000000 0.000000 0.000000 0.000000 0.066010 0.000000 0.000000 0.000000 0.052298 0.000000 0.000000 0.000000 0.000000 0.040724 0.000000 0.024460 0.000000 0.190751 0.000000 0.014827 0.041221 0.000000 0.000000 0.000000 0.000000 0.014827 0.000000 0.000000 0.000000 0.073282 0.015437 0.000000 0.018661 0.000000 0.009141 0.169252 0.156894 0.000000 0.134579 0.048601 0.041221 0.000000 0.017876 0.070151 0.000000 0.000000 0.000000 0.000000 0.022880 0.014827 0.000000 0.000000 0.000000 0.023644 0.008818 0.000000 0.031776 0.014446 0.000000 0.000000 0.000000 0.000000 0.000000 0.000000 0.000000 0.025641 0.005310 0.000000 0.020408 0.051882 0.000000 0.009141 0.022222 0.000000 0.000000 0.000000 0.008403 0.000000 0.015437 0.000000 0.000000 0.000000 0.000000 0.000000 0.041221 0.000000 0.000000 0.000000 0.031776 0.008818 0.051882 0.013575 0.102378 0.000000 0.014827 0.037139 0.169811 0.205832 0.156894 0.000000 0.061372 0.000000 0.000000 0.086294 0.000000 0.015437 0.000000 0.000000 0.008636 0.020747 0.014085 0.134579 0.009141 0.000000 0.031776 0.000000 0.189116 0.000000 0.041221 0.000000 0.000000 0.033457 0.016575 0.000000
0.000000 0.000000 0.000000 0.000000 0.271318 0.000000 0.000000 0.000000 0.000000 0.000000 0.000000 0.000000 0.000000 0.000000 0.000000 0.000000 0.000000 0.000000 0.000000 0.000000 0.000000 0.000000 0.000000 0.000000 0.000000 0.000000 0.000000 0.000000 0.000000 0.053333 0.000000 0.000000 0.000000 0.000000 0.000000 0.000000 0.000000 0.000000 0.000000 0.000000 0.000000 0.000000 0.000000 0.000000 0.000000 0.000000 0.000000 0.000000 0.000000 0.313433 0.000000 0.000000 0.000000 0.000000 0.200000 0.000000 0.131868 0.000000 0.000000 0.000000 0.000000 0.000000 0.000000 0.000000 0.000000 0.000000 0.000000 0.231788 0.000000 0.211111 0.000000 0.000000 0.000000 0.000000 0.000000 0.000000 0.000000 0.000000 0.000000 0.000000 0.000000 0.000000 0.000000 0.000000 0.000000 0.000000 0.282051 0.313433 0.000000 0.000000 0.000000 0.078947 0.000000 0.052632 0.000000 0.000000 0.000000 0.313433 0.000000 0.179487 0.000000 0.000000 0.000000 0.373333 0.000000 0.000000 0.000000 0.000000 0.000000 0.034483 0.000000 0.000000 0.000000 0.000000 0.000000 0.000000 0.000000 0.000000 0.000000 0.000000 0.308824 0.000000 0.000000 0.000000 0.000000 0.000000 0.000000 0.000000 0.000000 0.000000 0.000000 0.000000 0.000000 0.000000 0.000000 0.000000 0.000000 0.184211 0.000000 0.000000 0.000000 0.000000 0.000000 0.036496 0.000000 0.000000 1.000000 0.184211 0.000000 0.000000 0.000000 0.000000 0.000000 0.000000 0.000000 0.000000 0.000000 0.000000 0.000000 0.000000 0.032680 0.099338 0.000000 0.000000 0.000000 0.000000 0.000000 0.000000 0.000000 0.040000 0.000000 0.000000 0.000000 0.000000 0.000000 0.000000 0.000000 0.000000 0.000000 0.000000 0.000000 0.000000 0.000000 0.000000 0.000000 0.000000 0.000000 0.000000 0.000000 0.000000 0.000000 0.000000 0.000000 0.000000 0.000000 0.000000 0.000000 0.000000 0.000000 0.000000 0.000000 0.000000 0.000000 0.000000 0.000000 0.000000 0.000000 0.000000 0.000000 0.000000 0.000000 0.000000 0.000000 0.059701 0.000000 0.000000 0.000000 0.000000 0.000000 0.000000 0.000000 0.000000 0.000000 0.000000 0.189655 0.000000 0.000000 0.000000 0.275000 0.000000 0.000000 0.000000 0.000000 0.000000 0.000000 0.000000 0.000000 0.042553 0.234201 0.000000 0.000000 0.000000 0.000000 0.000000 0.539568 0.000000 0.035714 0.000000 0.000000 0.000000 0.000000 0.000000 0.000000 0.000000 0.000000 0.000000 0.000000 0.000000 0.000000 0.000000 0.000000 0.000000 0.000000 0.000000 0.000000 0.000000 0.000000 0.000000 0.000000 0.000000 0.000000 0.000000 0.000000 0.000000 0.000000
0.064748 0.000000 0.000000 0.112150 0.070352 0.000000 0.000000 0.024631 0.081818 0.000000 0.024631 0.000000 0.000000 0.000000 0.000000 0.000000 0.062577 0.000000 0.000000 0.000000 0.000000 0.042105 0.000000 0.000000 0.079646 0.028302 0.000000 0.171429 0.000000 0.022727 0.000000 0.000000 0.083333 0.099174 0.025253 0.313043 0.079646 0.022785 0.075000 0.067164 0.083333 0.089219 0.302521 0.021008 0.000000 0.000000 0.000000 0.222222 0.028169 0.102941 0.000000 0.024876 0.000000 0.066964 0.090476 0.000000 0.059524 0.064516 0.079646 0.000000 0.062762 0.000000 0.000000 0.023041 0.000000 0.085106 0.000000 0.063348 0.000000 0.068000 0.024631 0.000000 0.062577 0.081818 0.031250 0.038095 0.000000 0.076923 0.031250 0.168224 0.028302 0.099174 0.000000 0.000000 0.000000 0.000000 0.101770 0.102941 0.000000 0.038095 0.000000 0.040541 0.064748 0.022523 0.000000 0.000000 0.028846 0.102941 0.245455 0.084071 0.025907 0.072115 0.064516 0.527273 0.066964 0.000000 0.000000 0.061644 0.026316 0.012295 0.072115 0.000000 0.042105 0.022624 0.000000 0.000000 0.000000 0.025907 0.000000 0.000000 0.101942 0.000000 0.000000 0.000000 0.313043 0.000000 0.046512 0.000000 0.000000 0.112150 0.024631 0.112150 0.027027 0.000000 0.000000 0.024876 0.112150 1.000000 0.089219 0.079646 0.064748 0.066964 0.279070 0.009662 0.000000 0.062577 0.184211 1.000000 0.000000 0.000000 0.000000 0.116505 0.000000 0.000000 0.043860 0.245161 0.000000 0.055046 0.000000 0.056075 0.008969 0.027149 0.000000 0.000000 0.081081 0.000000 0.034783 0.000000 0.193548 0.013636 0.028846 0.081818 0.000000 0.000000 0.000000 0.000000 0.028846 0.000000 0.000000 0.000000 0.000000 0.029703 0.000000 0.028169 0.053571 0.025907 0.000000 0.168224 0.000000 0.000000 0.053097 0.081818 0.000000 0.027211 0.302521 0.000000 0.000000 0.000000 0.000000 0.033058 0.028846 0.000000 0.000000 0.000000 0.033898 0.025253 0.071429 0.042105 0.028302 0.080000 0.000000 0.000000 0.000000 0.024510 0.000000 0.000000 0.036036 0.022785 0.000000 0.062500 0.079470 0.000000 0.025907 0.066667 0.076159 0.000000 0.000000 0.024390 0.100000 0.029703 0.000000 0.000000 0.000000 0.000000 0.000000 0.081818 0.000000 0.019380 0.051345 0.042105 0.025253 0.079470 0.027027 0.120805 0.066986 0.028846 0.151261 0.178218 0.000000 0.168224 0.000000 0.272727 0.000000 0.000000 0.117647 0.000000 0.029703 0.000000 0.000000 0.024876 0.189873 0.027778 0.000000 0.025907 0.000000 0.042105 0.000000 0.075000 0.000000 0.081818 0.000000 0.000000 0.209302 0.031250 0.000000
0.000000 0.000000 0.000000 0.000000 0.000000 0.000000 1.000000 0.000000 0.000000 0.000000 0.000000 0.000000 0.000000 0.000000 0.000000 0.000000 0.000000 0.000000 0.000000 0.000000 0.000000 0.000000 0.000000 0.000000 0.000000 0.000000 0.000000 0.000000 0.000000 0.000000 0.000000 0.000000 0.000000 0.000000 0.000000 0.000000 0.000000 0.000000 0.000000 0.000000 0.000000 0.000000 0.000000 0.000000 0.000000 0.000000 0.000000 0.000000 0.000000 0.000000 0.000000 0.000000 0.000000 0.000000 0.000000 0.000000 0.000000 0.000000 0.000000 0.000000 0.000000 0.000000 0.000000 0.000000 0.000000 0.000000 0.000000 0.000000 0.000000 0.000000 0.000000 0.000000 0.000000 0.000000 0.000000 0.000000 0.000000 0.000000 0.000000 0.000000 0.000000 0.000000 0.000000 0.000000 0.000000 0.000000 0.000000 0.000000 0.000000 0.000000 0.000000 0.000000 0.000000 0.000000 0.000000 0.000000 0.000000 0.000000 0.000000 0.000000 0.000000 0.000000 0.000000 0.000000 0.000000 0.000000 0.000000 0.000000 0.000000 0.000000 0.000000 0.000000 0.000000 0.000000 0.000000 0.000000 0.000000 0.000000 0.000000 0.000000 0.000000 0.000000 0.000000 0.000000 0.000000 0.000000 0.000000 0.000000 0.000000 0.000000 0.000000 0.000000 0.000000 0.000000 0.000000 0.000000 0.000000 0.000000 0.000000 0.000000 0.000000 0.000000 0.000000 0.000000 0.000000 0.000000 0.000000 0.000000 1.000000 0.000000 0.000000 0.000000 0.000000 0.000000 0.000000 0.000000 0.000000 0.000000 0.000000 0.000000 0.000000 0.000000 0.000000 0.000000 0.000000 0.000000 0.000000 0.000000 0.000000 0.000000 0.000000 0.000000 0.000000 0.000000 0.000000 0.000000 0.000000 0.000000 0.000000 0.000000 0.000000 0.000000 0.000000 0.000000 0.000000 0.000000 0.567568 0.000000 0.000000 0.000000 0.000000 0.000000 0.000000 0.000000 0.000000 0.563758 0.000000 0.000000 0.000000 0.000000 0.000000 0.000000 0.000000 0.000000 0.000000 0.000000 0.000000 0.000000 0.000000 0.000000 0.000000 0.000000 0.000000 0.000000 0.000000 0.000000 0.000000 0.000000 0.000000 0.000000 0.000000 0.000000 0.000000 0.000000 0.000000 0.060403 0.000000 0.000000 0.000000 0.000000 0.000000 0.000000 0.000000 0.000000 0.000000 0.000000 0.000000 0.000000 0.000000 0.000000 0.000000 0.000000 0.000000 0.000000 0.000000 0.000000 0.000000 0.000000 0.000000 0.000000 0.000000 0.000000 0.000000 0.000000 0.000000 0.000000 0.000000 0.000000 0.000000 0.000000 0.000000 0.000000 0.000000 0.000000 0.000000 0.000000 0.000000 0.000000 0.000000 0.000000 0.000000 0.000000 0.000000 0.000000 0.032680
0.000000 0.000000 0.147844 0.000000 0.000000 0.000000 0.000000 0.028169 0.000000 0.000000 0.028169 0.000000 0.000000 0.000000 0.000000 0.000000 0.000000 0.000000 0.000000 0.000000 0.000000 0.000000 0.027972 0.000000 0.112219 0.032172 0.000000 0.000000 0.000000 0.000000 0.000000 0.000000 0.000000 0.000000 0.026087 0.000000 0.112219 0.000000 0.000000 0.000000 0.000000 0.018480 0.000000 0.021176 0.000000 0.000000 0.036036 0.000000 0.030948 0.000000 0.000000 0.000000 0.000000 0.022670 0.000000 0.000000 0.000000 0.000000 0.112219 0.000000 0.000000 0.000000 0.067653 0.000000 0.000000 0.016129 0.166337 0.000000 0.000000 0.000000 0.028169 0.027356 0.000000 0.000000 0.000000 0.032520 0.272109 0.000000 0.000000 0.042440 0.032172 0.000000 0.000000 0.150442 0.000000 0.000000 0.000000 0.000000 0.000000 0.032520 0.000000 0.122137 0.000000 0.000000 0.000000 0.048632 0.000000 0.000000 0.000000 0.000000 0.000000 0.024658 0.000000 0.000000 0.000000 0.000000 0.150442 0.000000 0.000000 0.000000 0.024658 0.000000 0.000000 0.000000 0.044321 0.018018 0.115124 0.000000 0.000000 0.000000 0.000000 0.000000 0.000000 0.131148 0.000000 0.000000 0.154839 0.000000 0.000000 0.000000 0.028169 0.000000 0.000000 0.000000 0.029630 0.000000 0.000000 0.000000 0.018480 0.211970 0.000000 0.022670 0.021505 0.000000 0.055427 0.000000 0.000000 0.000000 0.000000 1.000000 0.000000 0.000000 0.100592 0.000000 0.000000 0.017575 0.000000 0.000000 0.000000 0.000000 0.000000 0.000000 0.000000 0.000000 0.000000 0.000000 0.039120 0.000000 0.000000 0.000000 0.000000 0.000000 0.000000 0.000000 0.000000 0.000000 0.000000 0.000000 0.028219 0.575221 0.000000 0.028329 0.384615 0.030948 0.214106 0.000000 0.000000 0.042440 0.000000 0.000000 0.039900 0.025707 0.052960 0.029795 0.000000 0.026247 0.082067 0.036952 0.150442 0.000000 0.000000 0.000000 0.000000 0.018018 0.011876 0.026087 0.181360 0.000000 0.032172 0.000000 0.000000 0.000000 0.000000 0.100840 0.000000 0.000000 0.000000 0.000000 0.000000 0.118881 0.000000 0.000000 0.000000 0.000000 0.000000 0.000000 0.000000 0.000000 0.000000 0.028329 0.000000 0.000000 0.034409 0.000000 0.203966 0.000000 0.000000 0.000000 0.000000 0.000000 0.026087 0.000000 0.000000 0.044037 0.000000 0.000000 0.000000 0.000000 0.000000 0.042440 0.000000 0.031447 0.000000 0.000000 0.033613 0.000000 0.028329 0.000000 0.650406 0.000000 0.000000 0.000000 0.000000 0.000000 0.000000 0.000000 0.052960 0.000000 0.000000 0.025707 0.000000 0.000000 0.000000 0.000000 0.038560
0.000000 0.000000 0.000000 0.000000 0.000000 0.000000 0.000000 0.000000 0.000000 0.000000 0.000000 0.000000 0.000000 0.000000 0.138889 0.000000 0.000000 0.000000 0.230769 0.000000 0.000000 0.000000 0.000000 0.000000 0.000000 0.000000 0.000000 0.000000 0.000000 0.000000 0.000000 0.000000 0.000000 0.000000 0.000000 0.000000 0.000000 0.000000 0.000000 0.000000 0.000000 0.000000 0.000000 0.000000 0.000000 0.000000 0.000000 0.000000 0.000000 0.000000 0.000000 0.000000 0.000000 0.000000 0.000000 0.000000 0.145631 0.000000 0.000000 0.000000 0.000000 0.000000 0.000000 0.000000 0.000000 0.000000 0.000000 0.000000 0.000000 0.176471 0.000000 0.000000 0.000000 0.000000 0.000000 0.000000 0.000000 0.000000 0.000000 0.000000 0.000000 0.000000 0.000000 0.000000 0.000000 0.000000 0.000000 0.000000 0.000000 0.000000 0.000000 0.000000 0.000000 0.000000 0.000000 0.000000 0.000000 0.000000 0.000000 0.000000 0.000000 0.000000 0.000000 0.000000 0.000000 0.000000 0.000000 0.000000 0.000000 0.000000 0.000000 0.000000 0.000000 0.000000 0.000000 0.000000 0.000000 0.000000 0.000000 0.000000 0.000000 0.068966 0.000000 0.000000 0.000000 0.000000 0.000000 0.000000 0.000000 0.000000 0.000000 0.000000 0.000000 0.000000 0.000000 0.000000 0.000000 0.000000 0.000000 0.000000 0.000000 0.000000 0.000000 0.000000 0.000000 0.000000 0.000000 0.000000 0.000000 0.000000 1.000000 0.350000 0.000000 0.000000 0.000000 0.000000 0.000000 0.000000 0.000000 0.000000 0.000000 0.000000 0.000000 0.000000 0.000000 0.000000 0.000000 0.000000 0.000000 0.000000 0.000000 0.000000 0.000000 0.000000 0.000000 0.000000 0.000000 0.000000 0.000000 0.000000 0.000000 0.000000 0.000000 0.000000 0.000000 0.000000 0.000000 0.000000 0.000000 0.000000 0.000000 0.000000 0.000000 0.000000 0.000000 0.000000 0.000000 0.000000 0.000000 0.000000 0.000000 0.000000 0.000000 0.000000 0.000000 0.000000 0.235955 0.000000 0.000000 0.272727 0.000000 0.000000 0.000000 0.000000 0.000000 0.000000 0.000000 0.000000 0.000000 0.000000 0.000000 0.000000 0.000000 0.000000 0.000000 0.000000 0.000000 0.000000 0.000000 0.000000 0.000000 0.000000 0.000000 0.000000 0.000000 0.000000 0.000000 0.000000 0.000000 0.000000 0.000000 0.000000 0.000000 0.000000 0.000000 0.000000 0.000000 0.000000 0.000000 0.000000 0.000000 0.000000 0.000000 0.000000 0.000000 0.000000 0.000000 0.000000 0.000000 0.000000 0.000000 0.000000 0.000000 0.000000 0.000000 0.000000 0.000000 0.000000 0.000000 0.000000 0.000000 0.000000 0.000000 0.000000 0.000000
0.000000 0.000000 0.000000 0.000000 0.000000 0.000000 0.000000 0.000000 0.000000 0.000000 0.000000 0.000000 0.000000 0.000000 0.086538 0.000000 0.000000 0.000000 0.162162 0.000000 0.000000 0.000000 0.000000 0.000000 0.000000 0.000000 0.000000 0.000000 0.000000 0.000000 0.000000 0.000000 0.000000 0.000000 0.000000 0.136364 0.000000 0.000000 0.000000 0.000000 0.000000 0.083721 0.130435 0.000000 0.000000 0.000000 0.000000 0.088889 0.000000 0.000000 0.000000 0.000000 0.000000 0.000000 0.000000 0.000000 0.090909 0.000000 0.000000 0.000000 0.000000 0.000000 0.000000 0.000000 0.000000 0.114286 0.000000 0.000000 0.000000 0.122449 0.000000 0.000000 0.000000 0.000000 0.000000 0.000000 0.000000 0.000000 0.000000 0.000000 0.000000 0.000000 0.000000 0.000000 0.000000 0.000000 0.000000 0.000000 0.000000 0.000000 0.000000 0.000000 0.000000 0.000000 0.000000 0.000000 0.000000 0.000000 0.120482 0.000000 0.000000 0.000000 0.000000 0.000000 0.000000 0.000000 0.000000 0.000000 0.000000 0.000000 0.000000 0.000000 0.000000 0.000000 0.000000 0.000000 0.000000 0.000000 0.000000 0.000000 0.000000 0.048193 0.000000 0.000000 0.136364 0.000000 0.098039 0.000000 0.000000 0.000000 0.000000 0.000000 0.000000 0.000000 0.000000 0.000000 0.000000 0.116505 0.083721 0.000000 0.000000 0.000000 0.117647 0.000000 0.000000 0.000000 0.000000 0.116505 0.000000 0.000000 0.350000 1.000000 0.000000 0.000000 0.310345 0.093750 0.000000 0.365854 0.000000 0.000000 0.000000 0.000000 0.000000 0.000000 0.000000 0.000000 0.000000 0.000000 0.000000 0.000000 0.000000 0.000000 0.000000 0.000000 0.000000 0.000000 0.000000 0.000000 0.000000 0.000000 0.000000 0.000000 0.000000 0.000000 0.352941 0.000000 0.000000 0.000000 0.000000 0.000000 0.000000 0.000000 0.000000 0.000000 0.130435 0.000000 0.000000 0.000000 0.000000 0.000000 0.000000 0.000000 0.000000 0.000000 0.000000 0.000000 0.670588 0.000000 0.000000 0.780822 0.000000 0.000000 0.000000 0.000000 0.000000 0.000000 0.000000 0.000000 0.000000 0.000000 0.000000 0.000000 0.000000 0.000000 0.000000 0.000000 0.000000 0.000000 0.000000 0.000000 0.000000 0.000000 0.000000 0.000000 0.000000 0.000000 0.000000 0.000000 0.000000 0.000000 0.000000 0.000000 0.000000 0.000000 0.000000 0.000000 0.000000 0.000000 0.000000 0.000000 0.000000 0.114286 0.000000 0.000000 0.000000 0.000000 0.000000 0.000000 0.000000 0.000000 0.098361 0.000000 0.000000 0.000000 0.000000 0.000000 0.000000 0.000000 0.000000 0.000000 0.000000 0.000000 0.098039 0.000000 0.000000
0.000000 0.000000 0.000000 0.000000 0.000000 0.000000 0.000000 0.000000 0.000000 0.000000 0.000000 0.000000 0.000000 0.000000 0.000000 0.000000 0.000000 0.000000 0.000000 0.000000 0.000000 0.000000 0.000000 0.000000 0.140187 0.000000 0.000000 0.000000 0.000000 0.000000 0.000000 0.000000 0.000000 0.000000 0.000000 0.000000 0.140187 0.000000 0.000000 0.000000 0.000000 0.022113 0.000000 0.000000 0.000000 0.000000 0.000000 0.000000 0.000000 0.000000 0.000000 0.000000 0.000000 0.028391 0.000000 0.000000 0.000000 0.000000 0.140187 0.000000 0.000000 0.000000 0.000000 0.000000 0.000000 0.020548 0.000000 0.000000 0.000000 0.000000 0.000000 0.036145 0.000000 0.000000 0.000000 0.000000 0.000000 0.000000 0.000000 0.000000 0.000000 0.000000 0.000000 0.382239 0.000000 0.000000 0.000000 0.000000 0.000000 0.000000 0.000000 0.000000 0.000000 0.000000 0.000000 0.000000 0.000000 0.000000 0.000000 0.000000 0.000000 0.031579 0.000000 0.000000 0.000000 0.000000 0.382239 0.000000 0.000000 0.000000 0.031579 0.000000 0.000000 0.000000 0.000000 0.023715 0.140496 0.000000 0.000000 0.000000 0.000000 0.000000 0.000000 0.000000 0.000000 0.000000 0.000000 0.000000 0.000000 0.000000 0.000000 0.000000 0.000000 0.000000 0.000000 0.000000 0.000000 0.000000 0.022113 0.264798 0.000000 0.028391 0.025974 0.000000 0.000000 0.000000 0.000000 0.000000 0.000000 0.100592 0.000000 0.000000 1.000000 0.000000 0.000000 0.020450 0.000000 0.000000 0.000000 0.000000 0.000000 0.000000 0.000000 0.000000 0.000000 0.000000 0.000000 0.000000 0.000000 0.000000 0.000000 0.000000 0.000000 0.000000 0.000000 0.000000 0.000000 0.000000 0.000000 0.196911 0.000000 0.000000 0.131783 0.000000 0.268139 0.000000 0.000000 0.000000 0.000000 0.000000 0.000000 0.032362 0.070539 0.000000 0.000000 0.000000 0.108434 0.000000 0.196911 0.000000 0.000000 0.000000 0.000000 0.023715 0.014663 0.000000 0.000000 0.000000 0.000000 0.000000 0.000000 0.000000 0.000000 0.000000 0.000000 0.000000 0.000000 0.000000 0.000000 0.146132 0.000000 0.000000 0.000000 0.000000 0.000000 0.000000 0.000000 0.000000 0.000000 0.000000 0.000000 0.000000 0.000000 0.000000 0.000000 0.000000 0.000000 0.000000 0.000000 0.000000 0.000000 0.000000 0.000000 0.000000 0.000000 0.000000 0.000000 0.000000 0.000000 0.000000 0.000000 0.037783 0.000000 0.000000 0.000000 0.000000 0.000000 0.000000 0.000000 0.000000 0.000000 0.000000 0.000000 0.000000 0.000000 0.000000 0.070539 0.000000 0.000000 0.032362 0.000000 0.000000 0.000000 0.000000 0.048544
0.000000 0.085714 0.022422 0.000000 0.065359 0.000000 0.000000 0.000000 0.000000 0.000000 0.000000 0.000000 0.209302 0.250000 0.000000 0.000000 0.000000 0.000000 0.000000 0.236842 0.000000 0.000000 0.000000 0.282051 0.000000 0.000000 0.000000 0.000000 0.114286 0.034483 0.064935 0.172414 0.000000 0.000000 0.000000 0.000000 0.000000 0.000000 0.000000 0.000000 0.000000 0.000000 0.000000 0.000000 0.000000 0.000000 0.000000 0.000000 0.050420 0.075949 0.000000 0.000000 0.365854 0.000000 0.000000 0.000000 0.000000 0.000000 0.000000 0.000000 0.000000 0.525000 0.000000 0.000000 0.000000 0.000000 0.000000 0.068571 0.000000 0.000000 0.000000 0.000000 0.000000 0.000000 0.000000 0.000000 0.000000 0.000000 0.000000 0.000000 0.000000 0.000000 0.212121 0.000000 0.200000 0.000000 0.000000 0.075949 0.000000 0.000000 0.342857 0.000000 0.000000 0.136364 0.000000 0.000000 0.000000 0.075949 0.000000 0.000000 0.000000 0.000000 0.000000 0.000000 0.000000 0.000000 0.000000 0.000000 0.000000 0.000000 0.000000 0.114286 0.000000 0.000000 0.000000 0.000000 0.000000 0.000000 0.068493 0.041096 0.000000 0.034483 0.600000 0.000000 0.000000 0.000000 0.000000 0.000000 0.000000 0.000000 0.000000 0.000000 0.000000 0.000000 0.000000 0.000000 0.000000 0.000000 0.000000 0.000000 0.000000 0.000000 0.000000 0.000000 0.000000 0.000000 0.000000 0.000000 0.000000 0.000000 0.000000 0.000000 0.000000 1.000000 0.065934 0.000000 0.068493 0.209302 0.000000 0.000000 0.000000 0.000000 0.000000 0.000000 0.000000 0.236842 0.000000 0.142857 0.000000 0.000000 0.000000 0.000000 0.000000 0.000000 0.000000 0.000000 0.000000 0.000000 0.045627 0.000000 0.000000 0.000000 0.000000 0.050420 0.000000 0.000000 0.000000 0.000000 0.000000 0.000000 0.000000 0.000000 0.000000 0.048387 0.000000 0.000000 0.000000 0.061224 0.000000 0.000000 0.000000 0.000000 0.000000 0.000000 0.000000 0.000000 0.000000 0.000000 0.000000 0.000000 0.000000 0.114286 0.000000 0.000000 0.342857 0.000000 0.000000 0.000000 0.085714 0.000000 0.000000 0.000000 0.000000 0.000000 0.000000 0.035294 0.000000 0.000000 0.000000 0.000000 0.035294 0.250000 0.000000 0.172414 0.000000 0.000000 0.225000 0.000000 0.056782 0.000000 0.000000 0.000000 0.000000 0.000000 0.000000 0.000000 0.000000 0.000000 0.000000 0.000000 0.285714 0.000000 0.307692 0.000000 0.000000 0.000000 0.000000 0.000000 0.000000 0.000000 0.000000 0.000000 0.000000 0.000000 0.000000 0.000000 0.000000 0.000000 0.545455 0.000000 0.000000 0.000000 0.000000 0.000000 0.000000
0.000000 0.000000 0.000000 0.000000 0.107784 0.000000 0.000000 0.000000 0.000000 0.000000 0.000000 0.000000 0.043011 0.050633 0.000000 0.000000 0.000000 0.000000 0.000000 0.144578 0.000000 0.000000 0.000000 0.047059 0.000000 0.000000 0.000000 0.000000 0.233766 0.000000 0.107143 0.095745 0.000000 0.000000 0.000000 0.050505 0.000000 0.000000 0.000000 0.169492 0.000000 0.016878 0.048544 0.000000 0.000000 0.000000 0.000000 0.034247 0.095238 0.139535 0.000000 0.000000 0.067416 0.000000 0.000000 0.000000 0.000000 0.000000 0.000000 0.000000 0.000000 0.045977 0.000000 0.000000 0.000000 0.022284 0.048780 0.126984 0.000000 0.000000 0.000000 0.000000 0.000000 0.000000 0.000000 0.000000 0.000000 0.000000 0.000000 0.000000 0.000000 0.000000 0.113208 0.000000 0.109756 0.000000 0.000000 0.139535 0.000000 0.000000 0.077922 0.000000 0.000000 0.000000 0.000000 0.000000 0.000000 0.139535 0.031915 0.000000 0.000000 0.000000 0.000000 0.000000 0.000000 0.000000 0.000000 0.000000 0.000000 0.000000 0.000000 0.233766 0.000000 0.000000 0.000000 0.000000 0.000000 0.000000 0.112500 0.000000 0.000000 0.000000 0.000000 0.000000 0.050505 0.000000 0.079646 0.000000 0.000000 0.000000 0.000000 0.000000 0.000000 0.103896 0.000000 0.000000 0.000000 0.043860 0.016878 0.000000 0.000000 0.000000 0.044248 0.000000 0.000000 0.000000 0.000000 0.043860 0.000000 0.000000 0.000000 0.310345 0.000000 0.065934 1.000000 0.035971 0.112500 0.268817 0.000000 0.000000 0.000000 0.000000 0.000000 0.227848 0.000000 0.144578 0.000000 0.197802 0.000000 0.000000 0.000000 0.000000 0.000000 0.000000 0.000000 0.000000 0.000000 0.000000 0.119134 0.000000 0.000000 0.000000 0.000000 0.095238 0.218750 0.000000 0.000000 0.000000 0.000000 0.000000 0.000000 0.000000 0.000000 0.091603 0.048544 0.000000 0.000000 0.114286 0.000000 0.000000 0.000000 0.000000 0.000000 0.000000 0.000000 0.000000 0.156250 0.000000 0.000000 0.178571 0.000000 0.233766 0.000000 0.000000 0.077922 0.000000 0.000000 0.000000 0.000000 0.000000 0.000000 0.000000 0.000000 0.000000 0.000000 0.000000 0.000000 0.000000 0.000000 0.000000 0.260870 0.050633 0.000000 0.095745 0.000000 0.000000 0.045977 0.000000 0.086957 0.000000 0.000000 0.059259 0.000000 0.000000 0.000000 0.000000 0.000000 0.000000 0.000000 0.000000 0.065934 0.043103 0.211765 0.000000 0.000000 0.000000 0.000000 0.000000 0.000000 0.000000 0.019512 0.000000 0.000000 0.000000 0.000000 0.000000 0.000000 0.000000 0.136986 0.000000 0.103896 0.282353 0.026549 0.000000 0.000000
0.067698 0.000000 0.000000 0.106061 0.000000 0.000000 0.000000 0.106719 0.081481 0.000000 0.106719 0.000000 0.000000 0.000000 0.000000 0.000000 0.066010 0.000000 0.000000 0.000000 0.000000 0.350000 0.000000 0.000000 0.166667 0.114504 0.000000 0.153846 0.000000 0.000000 0.000000 0.000000 0.082707 0.095890 0.108871 0.271429 0.166667 0.236364 0.075862 0.245283 0.082707 0.219436 0.263889 0.093750 0.000000 0.000000 0.000000 0.347594 0.107784 0.000000 0.000000 0.107570 0.000000 0.113139 0.000000 0.000000 0.000000 0.474576 0.166667 0.000000 0.065744 0.000000 0.000000 0.228464 0.000000 0.130019 0.000000 0.000000 0.000000 0.000000 0.106719 0.000000 0.066010 0.081481 0.123967 0.138462 0.000000 0.140845 0.123967 0.151515 0.114504 0.095890 0.000000 0.024490 0.000000 0.000000 0.000000 0.000000 0.000000 0.138462 0.000000 0.000000 0.067698 0.000000 0.000000 0.000000 0.116279 0.000000 0.214815 0.000000 0.111111 0.120155 0.203390 0.081481 0.131387 0.000000 0.024490 0.122807 0.107914 0.000000 0.120155 0.000000 0.150000 0.232472 0.000000 0.074380 0.020202 0.111111 0.000000 0.000000 0.000000 0.000000 0.000000 0.000000 0.271429 0.000000 0.038961 0.000000 0.000000 0.106061 0.106719 0.106061 0.110294 0.000000 0.000000 0.243028 0.106061 0.245161 0.219436 0.166667 0.067698 0.113139 0.844156 0.000000 0.000000 0.066010 0.000000 0.245161 0.000000 0.017575 0.000000 0.093750 0.020450 0.000000 0.035971 1.000000 0.000000 0.044776 0.000000 0.060606 0.000000 0.000000 0.000000 0.000000 0.080882 0.000000 0.128571 0.000000 0.169492 0.000000 0.255814 0.081481 0.000000 0.000000 0.000000 0.000000 0.116279 0.000000 0.000000 0.024490 0.000000 0.119048 0.020450 0.107784 0.072993 0.111111 0.000000 0.151515 0.000000 0.000000 0.173913 0.348148 0.000000 0.104651 0.263889 0.000000 0.000000 0.000000 0.024490 0.123288 0.116279 0.000000 0.000000 0.074380 0.251748 0.108871 0.058394 0.150000 0.114504 0.064000 0.000000 0.000000 0.000000 0.000000 0.000000 0.000000 0.264706 0.236364 0.000000 0.189655 0.136364 0.000000 0.111111 0.069091 0.000000 0.000000 0.000000 0.105882 0.000000 0.119048 0.000000 0.000000 0.000000 0.000000 0.000000 0.081481 0.000000 0.000000 0.000000 0.150000 0.108871 0.250000 0.110294 0.287356 0.000000 0.116279 0.159722 0.158730 0.000000 0.151515 0.000000 0.343949 0.000000 0.000000 0.110236 0.000000 0.119048 0.000000 0.000000 0.243028 0.233449 0.112782 0.000000 0.111111 0.000000 0.350000 0.000000 0.075862 0.000000 0.348148 0.000000 0.000000 0.246753 0.123967 0.000000
0.000000 0.000000 0.000000 0.000000 0.091603 0.000000 0.000000 0.000000 0.000000 0.000000 0.000000 0.000000 0.040000 0.049180 0.000000 0.000000 0.000000 0.000000 0.000000 0.138462 0.000000 0.000000 0.000000 0.044776 0.000000 0.000000 0.000000 0.000000 0.254237 0.000000 0.090909 0.394737 0.000000 0.000000 0.000000 0.000000 0.000000 0.000000 0.000000 0.000000 0.000000 0.000000 0.000000 0.000000 0.000000 0.000000 0.000000 0.000000 0.083333 0.132353 0.000000 0.000000 0.070423 0.000000 0.000000 0.000000 0.000000 0.000000 0.000000 0.000000 0.000000 0.043478 0.000000 0.000000 0.000000 0.000000 0.000000 0.117647 0.000000 0.000000 0.000000 0.000000 0.000000 0.000000 0.000000 0.000000 0.000000 0.000000 0.000000 0.000000 0.000000 0.000000 0.102273 0.000000 0.093750 0.000000 0.000000 0.132353 0.000000 0.000000 0.084746 0.000000 0.000000 0.000000 0.000000 0.000000 0.000000 0.132353 0.000000 0.000000 0.000000 0.000000 0.000000 0.000000 0.000000 0.000000 0.000000 0.000000 0.000000 0.000000 0.000000 0.254237 0.000000 0.000000 0.000000 0.000000 0.000000 0.000000 0.483871 0.000000 0.000000 0.000000 0.000000 0.000000 0.000000 0.000000 0.000000 0.000000 0.000000 0.000000 0.000000 0.000000 0.000000 0.000000 0.000000 0.000000 0.000000 0.000000 0.000000 0.000000 0.000000 0.000000 0.000000 0.000000 0.000000 0.000000 0.000000 0.000000 0.000000 0.000000 0.000000 0.000000 0.000000 0.068493 0.112500 0.000000 1.000000 0.040000 0.000000 0.000000 0.000000 0.000000 0.000000 0.000000 0.000000 0.138462 0.000000 0.205479 0.000000 0.000000 0.000000 0.000000 0.000000 0.000000 0.000000 0.000000 0.000000 0.000000 0.074689 0.000000 0.000000 0.000000 0.000000 0.083333 0.000000 0.000000 0.000000 0.000000 0.000000 0.000000 0.000000 0.000000 0.000000 0.079646 0.000000 0.000000 0.000000 0.103448 0.000000 0.000000 0.000000 0.000000 0.000000 0.000000 0.000000 0.000000 0.000000 0.000000 0.000000 0.000000 0.000000 0.254237 0.000000 0.000000 0.084746 0.000000 0.000000 0.000000 0.000000 0.000000 0.000000 0.000000 0.000000 0.000000 0.000000 0.000000 0.000000 0.000000 0.000000 0.000000 0.000000 0.049180 0.000000 0.394737 0.000000 0.000000 0.043478 0.000000 0.065934 0.000000 0.000000 0.000000 0.000000 0.000000 0.000000 0.000000 0.000000 0.000000 0.000000 0.000000 0.068493 0.000000 0.223881 0.000000 0.000000 0.000000 0.000000 0.000000 0.000000 0.000000 0.000000 0.000000 0.000000 0.000000 0.000000 0.000000 0.000000 0.000000 0.163636 0.000000 0.000000 0.000000 0.000000 0.000000 0.000000
0.000000 0.000000 0.000000 0.000000 0.038217 0.000000 0.000000 0.000000 0.000000 0.000000 0.000000 0.000000 0.318182 0.378378 0.000000 0.000000 0.000000 0.000000 0.000000 0.153846 0.000000 0.000000 0.000000 0.150000 0.000000 0.000000 0.000000 0.000000 0.083333 0.000000 0.037975 0.101124 0.000000 0.000000 0.000000 0.063830 0.000000 0.000000 0.000000 0.000000 0.000000 0.026432 0.061224 0.000000 0.000000 0.000000 0.000000 0.042553 0.033058 0.049383 0.000000 0.000000 0.214286 0.000000 0.000000 0.000000 0.000000 0.000000 0.000000 0.000000 0.000000 0.341463 0.000000 0.000000 0.000000 0.035398 0.000000 0.044693 0.000000 0.000000 0.000000 0.000000 0.000000 0.000000 0.000000 0.000000 0.000000 0.000000 0.000000 0.000000 0.000000 0.000000 0.277228 0.000000 0.116883 0.000000 0.000000 0.049383 0.000000 0.000000 0.250000 0.000000 0.000000 0.000000 0.000000 0.000000 0.000000 0.049383 0.044944 0.000000 0.000000 0.000000 0.000000 0.000000 0.000000 0.000000 0.000000 0.000000 0.000000 0.000000 0.000000 0.083333 0.000000 0.000000 0.000000 0.000000 0.000000 0.000000 0.040000 0.000000 0.000000 0.000000 0.000000 0.000000 0.063830 0.000000 0.037037 0.000000 0.000000 0.000000 0.000000 0.000000 0.000000 0.000000 0.000000 0.000000 0.000000 0.055046 0.026432 0.000000 0.000000 0.000000 0.055556 0.000000 0.000000 0.000000 0.000000 0.055046 0.000000 0.000000 0.000000 0.365854 0.000000 0.209302 0.268817 0.044776 0.040000 1.000000 0.000000 0.000000 0.000000 0.000000 0.000000 0.000000 0.000000 0.153846 0.000000 0.069767 0.000000 0.000000 0.000000 0.000000 0.000000 0.000000 0.000000 0.000000 0.000000 0.000000 0.029963 0.000000 0.000000 0.000000 0.000000 0.033058 0.307692 0.000000 0.000000 0.000000 0.000000 0.000000 0.000000 0.000000 0.000000 0.031746 0.061224 0.000000 0.000000 0.040000 0.000000 0.000000 0.000000 0.000000 0.000000 0.000000 0.000000 0.000000 0.197802 0.000000 0.000000 0.227848 0.000000 0.083333 0.000000 0.000000 0.583333 0.000000 0.000000 0.000000 0.000000 0.000000 0.000000 0.000000 0.000000 0.000000 0.000000 0.000000 0.000000 0.000000 0.000000 0.000000 0.000000 0.378378 0.000000 0.101124 0.000000 0.000000 0.146341 0.000000 0.030769 0.000000 0.000000 0.000000 0.000000 0.000000 0.000000 0.000000 0.000000 0.000000 0.000000 0.000000 0.209302 0.054054 0.225000 0.000000 0.000000 0.000000 0.000000 0.000000 0.000000 0.000000 0.030769 0.000000 0.000000 0.000000 0.000000 0.000000 0.000000 0.000000 0.441176 0.000000 0.000000 0.000000 0.037037 0.000000 0.000000
0.000000 0.000000 0.120603 0.000000 0.000000 0.000000 0.000000 0.037594 0.000000 0.000000 0.037594 0.000000 0.000000 0.000000 0.000000 0.000000 0.000000 0.000000 0.000000 0.000000 0.000000 0.000000 0.000000 0.000000 0.000000 0.042254 0.000000 0.257143 0.000000 0.000000 0.000000 0.000000 0.000000 0.000000 0.035156 0.000000 0.000000 0.000000 0.000000 0.000000 0.000000 0.000000 0.000000 0.026786 0.000000 0.000000 0.000000 0.000000 0.084112 0.000000 0.040000 0.000000 0.000000 0.000000 0.000000 0.000000 0.000000 0.000000 0.000000 0.000000 0.000000 0.000000 0.000000 0.000000 0.000000 0.000000 0.000000 0.000000 0.000000 0.000000 0.037594 0.000000 0.000000 0.000000 0.000000 0.042857 0.000000 0.000000 0.000000 0.000000 0.042254 0.000000 0.000000 0.000000 0.000000 0.000000 0.000000 0.000000 0.000000 0.042857 0.000000 0.000000 0.000000 0.000000 0.000000 0.000000 0.000000 0.000000 0.000000 0.000000 0.000000 0.000000 0.000000 0.000000 0.000000 0.000000 0.000000 0.000000 0.000000 0.000000 0.000000 0.000000 0.000000 0.000000 0.000000 0.000000 0.000000 0.000000 0.000000 0.000000 0.000000 0.000000 0.000000 0.000000 0.000000 0.000000 0.000000 0.049180 0.000000 0.000000 0.037594 0.000000 0.276316 0.000000 0.000000 0.000000 0.000000 0.000000 0.000000 0.000000 0.000000 0.000000 0.000000 0.000000 0.000000 0.000000 0.000000 0.000000 0.000000 0.000000 0.000000 0.000000 0.000000 0.000000 0.000000 0.000000 0.000000 0.000000 1.000000 0.000000 0.000000 0.000000 0.000000 0.000000 0.276316 0.000000 0.050000 0.000000 0.000000 0.000000 0.000000 0.000000 0.000000 0.000000 0.000000 0.000000 0.000000 0.000000 0.000000 0.000000 0.000000 0.037879 0.000000 0.084112 0.000000 0.000000 0.000000 0.000000 0.000000 0.000000 0.051282 0.000000 0.000000 0.089286 0.000000 0.000000 0.000000 0.069767 0.000000 0.000000 0.000000 0.000000 0.000000 0.000000 0.000000 0.035156 0.000000 0.000000 0.042254 0.000000 0.000000 0.000000 0.000000 0.000000 0.000000 0.000000 0.000000 0.000000 0.000000 0.000000 0.000000 0.000000 0.000000 0.000000 0.000000 0.000000 0.000000 0.000000 0.000000 0.037879 0.000000 0.000000 0.095745 0.000000 0.000000 0.000000 0.000000 0.000000 0.000000 0.000000 0.035156 0.000000 0.276316 0.000000 0.000000 0.000000 0.000000 0.000000 0.000000 0.000000 0.000000 0.000000 0.000000 0.000000 0.000000 0.000000 0.037879 0.000000 0.000000 0.000000 0.000000 0.000000 0.000000 0.000000 0.000000 0.000000 0.000000 0.000000 0.000000 0.000000 0.000000 0.000000 0.000000 0.000000 0.000000
0.144615 0.000000 0.000000 0.142857 0.000000 0.000000 0.000000 0.057325 0.103448 0.000000 0.057325 0.000000 0.000000 0.000000 0.000000 0.000000 0.052298 0.000000 0.000000 0.000000 0.120879 0.083333 0.000000 0.000000 0.055556 0.060241 0.000000 0.097561 0.000000 0.000000 0.000000 0.000000 0.058824 0.346939 0.059211 0.065217 0.055556 0.056106 0.051546 0.045045 0.058824 0.040359 0.125000 0.046875 0.000000 0.116883 0.000000 0.043165 0.050420 0.000000 0.000000 0.058065 0.000000 0.050562 0.000000 0.102041 0.000000 0.114286 0.055556 0.000000 0.139896 0.000000 0.000000 0.052632 0.000000 0.072508 0.000000 0.000000 0.000000 0.000000 0.057325 0.000000 0.052298 0.195402 0.068493 0.073171 0.000000 0.095745 0.068493 0.095238 0.060241 0.346939 0.000000 0.000000 0.000000 0.055556 0.000000 0.000000 0.150000 0.073171 0.000000 0.000000 0.144615 0.000000 0.000000 0.000000 0.061728 0.000000 0.057471 0.000000 0.061224 0.055556 0.114286 0.057471 0.050562 0.000000 0.000000 0.040650 0.186813 0.000000 0.055556 0.000000 0.083333 0.051429 0.000000 0.000000 0.000000 0.061224 0.000000 0.000000 0.000000 0.000000 0.000000 0.000000 0.065217 0.085714 0.000000 0.000000 0.033708 0.142857 0.057325 0.071429 0.056818 0.000000 0.000000 0.058065 0.285714 0.056075 0.040359 0.055556 0.144615 0.050562 0.056604 0.000000 0.000000 0.052298 0.000000 0.056075 0.000000 0.000000 0.000000 0.000000 0.000000 0.000000 0.000000 0.060606 0.000000 0.000000 0.000000 1.000000 0.000000 0.000000 0.000000 0.000000 0.056818 0.000000 0.065217 0.000000 0.114286 0.000000 0.061728 0.195402 0.033708 0.085714 0.000000 0.000000 0.061728 0.032258 0.000000 0.000000 0.000000 0.064103 0.000000 0.050420 0.000000 0.061224 0.000000 0.095238 0.101124 0.000000 0.088889 0.057471 0.000000 0.048387 0.125000 0.000000 0.000000 0.000000 0.000000 0.061224 0.061728 0.000000 0.032258 0.000000 0.063158 0.059211 0.000000 0.083333 0.060241 0.000000 0.000000 0.000000 0.055556 0.000000 0.000000 0.000000 0.068182 0.056106 0.000000 0.046392 0.265625 0.045714 0.061224 0.050279 0.000000 0.000000 0.000000 0.056604 0.000000 0.064103 0.000000 0.000000 0.198113 0.000000 0.000000 0.195402 0.000000 0.000000 0.000000 0.083333 0.059211 0.046875 0.056818 0.063492 0.000000 0.061728 0.062500 0.230769 0.000000 0.095238 0.000000 0.055046 0.000000 0.000000 0.075949 0.066667 0.064103 0.000000 0.000000 0.058065 0.047120 0.058824 0.000000 0.061224 0.000000 0.083333 0.000000 0.051546 0.000000 0.057471 0.000000 0.000000 0.084906 0.068493 0.000000
0.000000 0.000000 0.000000 0.000000 0.012346 0.000000 0.000000 0.000000 0.000000 0.000000 0.000000 0.000000 0.000000 0.000000 0.124444 0.000000 0.000000 0.000000 0.036364 0.000000 0.041885 0.000000 0.000000 0.000000 0.000000 0.000000 0.000000 0.000000 0.000000 0.081967 0.000000 0.000000 0.000000 0.000000 0.000000 0.000000 0.000000 0.000000 0.000000 0.000000 0.000000 0.000000 0.000000 0.000000 0.000000 0.000000 0.000000 0.000000 0.000000 0.017964 0.000000 0.000000 0.000000 0.000000 0.052023 0.000000 0.069767 0.000000 0.000000 0.000000 0.000000 0.000000 0.106667 0.000000 0.000000 0.000000 0.024896 0.010870 0.000000 0.098592 0.000000 0.000000 0.000000 0.000000 0.000000 0.000000 0.047847 0.000000 0.000000 0.000000 0.000000 0.000000 0.000000 0.000000 0.000000 0.000000 0.047619 0.017964 0.000000 0.000000 0.000000 0.102703 0.000000 0.027027 0.000000 0.000000 0.000000 0.017964 0.000000 0.047619 0.000000 0.000000 0.000000 0.027322 0.000000 0.031915 0.000000 0.000000 0.000000 0.130435 0.000000 0.000000 0.000000 0.000000 0.000000 0.000000 0.114286 0.000000 0.000000 0.000000 0.017751 0.000000 0.000000 0.000000 0.000000 0.000000 0.000000 0.000000 0.000000 0.000000 0.000000 0.000000 0.000000 0.000000 0.000000 0.000000 0.000000 0.008969 0.000000 0.000000 0.000000 0.000000 0.000000 0.529412 0.000000 0.000000 0.032680 0.008969 0.000000 0.000000 0.000000 0.000000 0.000000 0.000000 0.000000 0.000000 0.000000 0.000000 0.000000 0.000000 1.000000 0.010870 0.000000 0.000000 0.000000 0.000000 0.000000 0.000000 0.000000 0.737705 0.000000 0.000000 0.000000 0.000000 0.000000 0.000000 0.000000 0.000000 0.088235 0.000000 0.043716 0.000000 0.000000 0.000000 0.000000 0.000000 0.000000 0.000000 0.000000 0.000000 0.000000 0.000000 0.000000 0.000000 0.000000 0.000000 0.000000 0.000000 0.000000 0.000000 0.000000 0.000000 0.000000 0.000000 0.000000 0.000000 0.000000 0.000000 0.000000 0.000000 0.000000 0.000000 0.000000 0.029940 0.000000 0.057803 0.000000 0.000000 0.000000 0.000000 0.000000 0.000000 0.000000 0.000000 0.109434 0.000000 0.000000 0.000000 0.025907 0.000000 0.000000 0.000000 0.000000 0.000000 0.000000 0.000000 0.000000 0.457014 0.008955 0.000000 0.000000 0.000000 0.000000 0.000000 0.011628 0.000000 0.014925 0.000000 0.000000 0.000000 0.045198 0.000000 0.000000 0.000000 0.000000 0.000000 0.000000 0.039216 0.000000 0.000000 0.000000 0.000000 0.000000 0.000000 0.000000 0.000000 0.000000 0.000000 0.000000 0.000000 0.000000 0.000000 0.000000 0.000000 0.000000
0.000000 0.000000 0.000000 0.000000 0.037500 0.000000 0.000000 0.000000 0.000000 0.000000 0.000000 0.000000 0.000000 0.000000 0.000000 0.000000 0.000000 0.000000 0.000000 0.000000 0.000000 0.000000 0.000000 0.000000 0.000000 0.000000 0.000000 0.000000 0.000000 0.027624 0.000000 0.000000 0.000000 0.000000 0.000000 0.000000 0.000000 0.000000 0.000000 0.000000 0.000000 0.000000 0.000000 0.000000 0.000000 0.000000 0.000000 0.000000 0.000000 0.054545 0.000000 0.000000 0.000000 0.000000 0.228070 0.000000 0.070423 0.000000 0.000000 0.000000 0.000000 0.000000 0.000000 0.000000 0.000000 0.000000 0.000000 0.032967 0.000000 0.042654 0.000000 0.000000 0.000000 0.000000 0.000000 0.000000 0.000000 0.000000 0.000000 0.000000 0.000000 0.000000 0.000000 0.000000 0.000000 0.000000 0.080214 0.054545 0.000000 0.000000 0.000000 0.049180 0.000000 0.027322 0.000000 0.000000 0.000000 0.054545 0.000000 0.101604 0.000000 0.000000 0.000000 0.082873 0.000000 0.000000 0.000000 0.000000 0.000000 0.014634 0.000000 0.000000 0.000000 0.000000 0.000000 0.000000 0.000000 0.000000 0.000000 0.000000 0.053892 0.000000 0.000000 0.000000 0.000000 0.000000 0.000000 0.000000 0.000000 0.000000 0.000000 0.000000 0.000000 0.000000 0.000000 0.000000 0.000000 0.027149 0.000000 0.000000 0.000000 0.000000 0.000000 0.011905 0.000000 0.000000 0.099338 0.027149 0.000000 0.000000 0.000000 0.000000 0.000000 0.000000 0.000000 0.000000 0.000000 0.000000 0.000000 0.000000 0.010870 1.000000 0.000000 0.000000 0.000000 0.000000 0.000000 0.000000 0.000000 0.016575 0.000000 0.000000 0.000000 0.000000 0.158940 0.000000 0.000000 0.000000 0.000000 0.000000 0.000000 0.000000 0.000000 0.000000 0.000000 0.000000 0.000000 0.000000 0.000000 0.000000 0.000000 0.000000 0.000000 0.000000 0.000000 0.000000 0.000000 0.000000 0.000000 0.000000 0.000000 0.000000 0.000000 0.000000 0.000000 0.000000 0.000000 0.000000 0.000000 0.000000 0.000000 0.000000 0.000000 0.030303 0.000000 0.000000 0.000000 0.000000 0.000000 0.000000 0.000000 0.000000 0.000000 0.000000 0.041825 0.000000 0.000000 0.000000 0.057592 0.000000 0.000000 0.000000 0.000000 0.000000 0.000000 0.000000 0.000000 0.022831 0.027190 0.000000 0.000000 0.000000 0.000000 0.000000 0.035294 0.000000 0.015075 0.000000 0.000000 0.000000 0.000000 0.000000 0.000000 0.000000 0.000000 0.000000 0.000000 0.000000 0.000000 0.000000 0.000000 0.000000 0.000000 0.000000 0.000000 0.000000 0.000000 0.000000 0.000000 0.000000 0.000000 0.000000 0.000000 0.000000 0.000000
0.000000 0.000000 0.000000 0.000000 0.000000 0.000000 0.000000 0.000000 0.000000 0.153153 0.000000 0.000000 0.000000 0.000000 0.000000 0.000000 0.000000 0.000000 0.000000 0.000000 0.000000 0.000000 0.000000 0.000000 0.000000 0.000000 0.000000 0.000000 0.000000 0.000000 0.000000 0.000000 0.000000 0.000000 0.000000 0.000000 0.000000 0.000000 0.000000 0.000000 0.000000 0.000000 0.000000 0.128205 0.000000 0.000000 0.000000 0.000000 0.000000 0.000000 0.000000 0.000000 0.000000 0.000000 0.000000 0.000000 0.000000 0.000000 0.000000 0.000000 0.000000 0.000000 0.000000 0.000000 0.473684 0.000000 0.000000 0.000000 0.151515 0.000000 0.000000 0.000000 0.000000 0.000000 0.000000 0.000000 0.000000 0.000000 0.000000 0.000000 0.000000 0.000000 0.000000 0.000000 0.000000 0.000000 0.000000 0.000000 0.000000 0.000000 0.000000 0.000000 0.000000 0.000000 0.000000 0.000000 0.000000 0.000000 0.000000 0.000000 0.000000 0.000000 0.000000 0.000000 0.000000 0.000000 0.000000 0.000000 0.000000 0.000000 0.000000 0.000000 0.000000 0.000000 0.000000 0.000000 0.000000 0.000000 0.000000 0.000000 0.000000 0.000000 0.000000 0.000000 0.000000 0.000000 0.000000 0.000000 0.169014 0.000000 0.000000 0.000000 0.000000 0.000000 0.000000 0.000000 0.000000 0.000000 0.000000 0.000000 0.000000 0.000000 0.000000 0.000000 0.125000 0.000000 0.000000 0.000000 0.000000 0.000000 0.000000 0.000000 0.000000 0.000000 0.000000 0.000000 0.000000 0.000000 0.000000 0.000000 0.000000 0.000000 1.000000 0.000000 0.000000 0.000000 0.000000 0.000000 0.000000 0.000000 0.000000 0.000000 0.169014 0.000000 0.000000 0.230769 0.000000 0.133333 0.000000 0.000000 0.000000 0.000000 0.000000 0.000000 0.000000 0.000000 0.000000 0.000000 0.000000 0.000000 0.000000 0.000000 0.000000 0.000000 0.000000 0.000000 0.000000 0.000000 0.000000 0.125000 0.000000 0.000000 0.133333 0.000000 0.000000 0.000000 0.000000 0.000000 0.000000 0.000000 0.000000 0.000000 0.000000 0.000000 0.000000 0.000000 0.000000 0.000000 0.000000 0.000000 0.000000 0.000000 0.000000 0.000000 0.000000 0.000000 0.000000 0.000000 0.000000 0.000000 0.000000 0.000000 0.000000 0.000000 0.000000 0.000000 0.000000 0.000000 0.000000 0.000000 0.000000 0.000000 0.000000 0.000000 0.000000 0.000000 0.000000 0.000000 0.000000 0.000000 0.000000 0.000000 0.000000 0.000000 0.000000 0.000000 0.000000 0.000000 0.000000 0.000000 0.000000 0.000000 0.000000 0.000000 0.000000 0.000000 0.000000 0.000000 0.000000 0.000000 0.000000 0.000000 0.000000 0.000000 0.000000
0.000000 0.000000 0.000000 0.000000 0.000000 0.000000 0.000000 0.000000 0.000000 0.000000 0.000000 0.000000 0.000000 0.000000 0.000000 0.000000 0.000000 0.000000 0.000000 0.000000 0.000000 0.000000 0.000000 0.000000 0.000000 0.000000 0.000000 0.000000 0.000000 0.000000 0.000000 0.000000 0.000000 0.000000 0.000000 0.000000 0.000000 0.000000 0.000000 0.141414 0.000000 0.000000 0.000000 0.000000 0.000000 0.000000 0.000000 0.000000 0.000000 0.000000 0.000000 0.000000 0.000000 0.000000 0.000000 0.000000 0.000000 0.000000 0.000000 0.000000 0.000000 0.000000 0.000000 0.000000 0.000000 0.000000 0.038462 0.000000 0.000000 0.000000 0.000000 0.000000 0.000000 0.000000 0.000000 0.000000 0.000000 0.000000 0.000000 0.000000 0.000000 0.000000 0.000000 0.000000 0.000000 0.000000 0.000000 0.000000 0.000000 0.000000 0.000000 0.000000 0.000000 0.000000 0.000000 0.000000 0.000000 0.000000 0.000000 0.000000 0.000000 0.000000 0.000000 0.000000 0.000000 0.000000 0.000000 0.000000 0.000000 0.000000 0.000000 0.000000 0.000000 0.000000 0.000000 0.000000 0.000000 0.000000 0.000000 0.000000 0.000000 0.000000 0.000000 0.000000 0.000000 0.000000 0.042553 0.000000 0.000000 0.000000 0.000000 0.000000 0.000000 0.103448 0.000000 0.000000 0.000000 0.000000 0.000000 0.000000 0.000000 0.000000 0.000000 0.000000 0.000000 0.000000 0.000000 0.000000 0.000000 0.000000 0.000000 0.000000 0.000000 0.000000 0.227848 0.000000 0.000000 0.000000 0.000000 0.000000 0.000000 0.000000 0.000000 1.000000 0.000000 0.000000 0.000000 0.000000 0.000000 0.000000 0.000000 0.000000 0.000000 0.000000 0.000000 0.000000 0.000000 0.000000 0.020921 0.000000 0.000000 0.000000 0.000000 0.000000 0.000000 0.000000 0.000000 0.000000 0.000000 0.000000 0.000000 0.000000 0.000000 0.000000 0.000000 0.000000 0.000000 0.000000 0.000000 0.000000 0.000000 0.000000 0.000000 0.000000 0.000000 0.000000 0.000000 0.000000 0.000000 0.000000 0.000000 0.000000 0.000000 0.000000 0.000000 0.000000 0.000000 0.000000 0.000000 0.000000 0.000000 0.000000 0.000000 0.000000 0.000000 0.000000 0.000000 0.000000 0.000000 0.000000 0.246575 0.000000 0.000000 0.000000 0.000000 0.000000 0.000000 0.000000 0.000000 0.000000 0.000000 0.051724 0.000000 0.000000 0.000000 0.000000 0.000000 0.000000 0.000000 0.000000 0.000000 0.000000 0.000000 0.000000 0.000000 0.000000 0.000000 0.000000 0.000000 0.000000 0.000000 0.000000 0.000000 0.000000 0.000000 0.000000 0.000000 0.000000 0.000000 0.000000 0.103448 0.636364 0.000000 0.000000 0.000000
0.043988 0.000000 0.077922 0.102273 0.000000 0.000000 0.000000 0.036364 0.065934 0.000000 0.036364 0.000000 0.000000 0.000000 0.000000 0.000000 0.040724 0.000000 0.000000 0.000000 0.000000 0.039474 0.000000 0.000000 0.063830 0.045977 0.000000 0.581395 0.000000 0.000000 0.000000 0.000000 0.067416 0.088235 0.034375 0.093750 0.063830 0.015674 0.059406 0.052174 0.067416 0.034632 0.090000 0.027500 0.000000 0.000000 0.000000 0.062937 0.073171 0.000000 0.021978 0.018405 0.000000 0.048387 0.000000 0.000000 0.000000 0.067568 0.063830 0.000000 0.044776 0.000000 0.000000 0.016760 0.000000 0.034582 0.000000 0.000000 0.000000 0.000000 0.036364 0.000000 0.040724 0.065934 0.025974 0.058140 0.000000 0.061224 0.025974 0.170455 0.045977 0.088235 0.000000 0.000000 0.000000 0.000000 0.000000 0.000000 0.000000 0.058140 0.000000 0.000000 0.043988 0.000000 0.000000 0.000000 0.023529 0.000000 0.065934 0.000000 0.019355 0.052941 0.067568 0.065934 0.048387 0.000000 0.000000 0.047244 0.021053 0.000000 0.052941 0.000000 0.039474 0.016393 0.000000 0.000000 0.000000 0.019355 0.000000 0.000000 0.000000 0.000000 0.000000 0.000000 0.093750 0.000000 0.000000 0.025974 0.000000 0.102273 0.036364 0.102273 0.347826 0.000000 0.000000 0.018405 0.102273 0.081081 0.034632 0.063830 0.043988 0.048387 0.081818 0.000000 0.000000 0.040724 0.000000 0.081081 0.000000 0.000000 0.000000 0.000000 0.000000 0.000000 0.000000 0.080882 0.000000 0.000000 0.276316 0.056818 0.000000 0.000000 0.000000 0.000000 1.000000 0.000000 0.062500 0.000000 0.202703 0.000000 0.023529 0.065934 0.000000 0.000000 0.000000 0.000000 0.023529 0.000000 0.000000 0.000000 0.000000 0.042683 0.000000 0.073171 0.000000 0.019355 0.000000 0.170455 0.000000 0.000000 0.085106 0.065934 0.000000 0.078125 0.090000 0.000000 0.000000 0.049020 0.000000 0.029412 0.023529 0.000000 0.000000 0.000000 0.030303 0.034375 0.000000 0.039474 0.045977 0.000000 0.000000 0.000000 0.000000 0.000000 0.000000 0.000000 0.032609 0.015674 0.000000 0.044554 0.068182 0.000000 0.019355 0.048128 0.000000 0.000000 0.000000 0.017964 0.000000 0.042683 0.000000 0.000000 0.054545 0.000000 0.000000 0.065934 0.000000 0.000000 0.000000 0.039474 0.034375 0.068182 0.347826 0.115385 0.000000 0.023529 0.060000 0.182927 0.000000 0.170455 0.000000 0.079646 0.000000 0.000000 0.108434 0.000000 0.042683 0.000000 0.000000 0.018405 0.045226 0.022472 0.000000 0.019355 0.000000 0.039474 0.000000 0.059406 0.000000 0.065934 0.000000 0.000000 0.054545 0.025974 0.000000
0.000000 0.000000 0.000000 0.000000 0.131387 0.000000 0.000000 0.000000 0.000000 0.000000 0.000000 0.000000 0.153846 0.187500 0.000000 0.000000 0.000000 0.000000 0.000000 0.529412 0.000000 0.000000 0.000000 0.171429 0.000000 0.000000 0.000000 0.000000 0.290323 0.000000 0.130435 0.341772 0.000000 0.000000 0.000000 0.000000 0.000000 0.000000 0.000000 0.000000 0.000000 0.000000 0.000000 0.000000 0.000000 0.000000 0.000000 0.000000 0.108108 0.169014 0.000000 0.000000 0.243243 0.000000 0.000000 0.000000 0.000000 0.000000 0.000000 0.000000 0.000000 0.166667 0.000000 0.000000 0.000000 0.000000 0.000000 0.150943 0.000000 0.000000 0.000000 0.000000 0.000000 0.000000 0.000000 0.000000 0.000000 0.000000 0.000000 0.000000 0.000000 0.000000 0.395604 0.000000 0.402985 0.000000 0.000000 0.169014 0.000000 0.000000 0.290323 0.000000 0.000000 0.000000 0.000000 0.000000 0.000000 0.169014 0.000000 0.000000 0.000000 0.000000 0.000000 0.000000 0.000000 0.000000 0.000000 0.000000 0.000000 0.000000 0.000000 0.290323 0.000000 0.000000 0.000000 0.000000 0.000000 0.000000 0.138462 0.000000 0.000000 0.000000 0.000000 0.000000 0.000000 0.000000 0.000000 0.000000 0.000000 0.000000 0.000000 0.000000 0.000000 0.000000 0.000000 0.000000 0.000000 0.000000 0.000000 0.000000 0.000000 0.000000 0.000000 0.000000 0.000000 0.000000 0.000000 0.000000 0.000000 0.000000 0.000000 0.000000 0.000000 0.236842 0.144578 0.000000 0.138462 0.153846 0.000000 0.000000 0.000000 0.000000 0.000000 0.000000 0.000000 1.000000 0.000000 0.236842 0.000000 0.000000 0.000000 0.000000 0.000000 0.000000 0.000000 0.000000 0.000000 0.000000 0.097166 0.000000 0.000000 0.000000 0.000000 0.108108 0.000000 0.000000 0.000000 0.000000 0.000000 0.000000 0.000000 0.000000 0.000000 0.103448 0.000000 0.000000 0.000000 0.133333 0.000000 0.000000 0.000000 0.000000 0.000000 0.000000 0.000000 0.000000 0.000000 0.000000 0.000000 0.000000 0.000000 0.290323 0.000000 0.000000 0.290323 0.000000 0.000000 0.000000 0.000000 0.000000 0.000000 0.000000 0.000000 0.000000 0.000000 0.000000 0.000000 0.000000 0.000000 0.000000 0.000000 0.187500 0.000000 0.341772 0.000000 0.000000 0.166667 0.000000 0.105263 0.000000 0.000000 0.000000 0.000000 0.000000 0.000000 0.000000 0.000000 0.000000 0.000000 0.000000 0.236842 0.000000 0.771429 0.000000 0.000000 0.000000 0.000000 0.000000 0.000000 0.000000 0.000000 0.000000 0.000000 0.000000 0.000000 0.000000 0.000000 0.000000 0.517241 0.000000 0.000000 0.000000 0.000000 0.000000 0.000000
0.025210 0.000000 0.083682 0.043478 0.000000 0.000000 0.000000 0.722543 0.031579 0.000000 0.722543 0.000000 0.000000 0.000000 0.000000 0.000000 0.024460 0.000000 0.000000 0.000000 0.000000 0.150000 0.028571 0.000000 0.030612 0.824176 0.000000 0.133333 0.000000 0.000000 0.000000 0.000000 0.032258 0.037736 0.357143 0.040000 0.030612 0.080597 0.028571 0.075630 0.032258 0.062762 0.038462 0.288462 0.000000 0.000000 0.000000 0.061224 0.338583 0.000000 0.221053 0.087719 0.000000 0.025773 0.000000 0.000000 0.000000 0.230769 0.030612 0.000000 0.023923 0.000000 0.034483 0.080214 0.000000 0.044077 0.032258 0.000000 0.000000 0.000000 0.722543 0.000000 0.024460 0.031579 0.259259 0.466667 0.055556 0.078431 0.111111 0.065217 0.824176 0.037736 0.000000 0.000000 0.000000 0.000000 0.000000 0.000000 0.000000 0.466667 0.000000 0.041667 0.025210 0.000000 0.000000 0.000000 0.101124 0.000000 0.031579 0.000000 0.092025 0.028090 0.538462 0.031579 0.072165 0.000000 0.000000 0.068702 0.090909 0.000000 0.028090 0.000000 0.150000 0.078534 0.045455 0.000000 0.000000 0.214724 0.000000 0.000000 0.000000 0.000000 0.000000 0.135135 0.040000 0.000000 0.052632 0.111111 0.000000 0.043478 0.722543 0.043478 0.250000 0.000000 0.030303 0.087719 0.043478 0.034783 0.062762 0.030612 0.025210 0.025773 0.035088 0.000000 0.056604 0.024460 0.000000 0.034783 0.000000 0.039120 0.000000 0.000000 0.000000 0.000000 0.000000 0.128571 0.000000 0.000000 0.050000 0.065217 0.000000 0.000000 0.000000 0.000000 0.062500 0.000000 1.000000 0.000000 0.076923 0.000000 0.101124 0.031579 0.000000 0.000000 0.000000 0.000000 0.101124 0.000000 0.000000 0.000000 0.000000 0.395349 0.000000 0.338583 0.000000 0.092025 0.000000 0.065217 0.000000 0.000000 0.591837 0.031579 0.000000 0.393939 0.038462 0.000000 0.000000 0.169811 0.000000 0.113208 0.101124 0.000000 0.000000 0.000000 0.097087 0.357143 0.061856 0.150000 0.824176 0.000000 0.000000 0.000000 0.000000 0.034483 0.000000 0.000000 0.125000 0.080597 0.000000 0.071429 0.073529 0.000000 0.092025 0.025641 0.000000 0.000000 0.000000 0.085714 0.000000 0.395349 0.000000 0.000000 0.061404 0.000000 0.000000 0.031579 0.000000 0.000000 0.000000 0.350000 0.357143 0.088235 0.250000 0.104478 0.000000 0.101124 0.115385 0.069767 0.000000 0.065217 0.000000 0.034188 0.000000 0.000000 0.045977 0.000000 0.395349 0.000000 0.066667 0.087719 0.072464 0.096774 0.000000 0.092025 0.000000 0.150000 0.000000 0.028571 0.000000 0.031579 0.000000 0.000000 0.070175 0.111111 0.000000
0.000000 0.257143 0.067265 0.000000 0.196078 0.000000 0.000000 0.000000 0.000000 0.000000 0.000000 0.000000 0.069767 0.083333 0.000000 0.000000 0.000000 0.000000 0.000000 0.236842 0.000000 0.000000 0.000000 0.230769 0.000000 0.000000 0.000000 0.000000 0.342857 0.034483 0.194805 0.172414 0.000000 0.000000 0.000000 0.000000 0.000000 0.000000 0.000000 0.000000 0.000000 0.000000 0.000000 0.000000 0.000000 0.000000 0.000000 0.000000 0.151261 0.227848 0.000000 0.000000 0.317073 0.000000 0.000000 0.000000 0.000000 0.000000 0.000000 0.000000 0.000000 0.075000 0.000000 0.000000 0.000000 0.000000 0.000000 0.205714 0.000000 0.000000 0.000000 0.000000 0.000000 0.000000 0.000000 0.000000 0.000000 0.000000 0.000000 0.000000 0.000000 0.000000 0.636364 0.000000 0.200000 0.000000 0.000000 0.227848 0.000000 0.000000 0.114286 0.000000 0.000000 0.045455 0.000000 0.000000 0.000000 0.227848 0.000000 0.000000 0.000000 0.000000 0.000000 0.000000 0.000000 0.000000 0.000000 0.000000 0.000000 0.000000 0.000000 0.342857 0.000000 0.000000 0.000000 0.000000 0.000000 0.000000 0.205479 0.123288 0.000000 0.034483 0.085714 0.000000 0.000000 0.000000 0.000000 0.000000 0.000000 0.000000 0.000000 0.000000 0.000000 0.000000 0.000000 0.000000 0.000000 0.000000 0.000000 0.000000 0.000000 0.000000 0.000000 0.000000 0.000000 0.000000 0.000000 0.000000 0.000000 0.000000 0.000000 0.000000 0.000000 0.142857 0.197802 0.000000 0.205479 0.069767 0.000000 0.000000 0.000000 0.000000 0.000000 0.000000 0.000000 0.236842 0.000000 1.000000 0.000000 0.000000 0.000000 0.000000 0.000000 0.000000 0.000000 0.000000 0.000000 0.000000 0.136882 0.000000 0.000000 0.000000 0.000000 0.151261 0.000000 0.000000 0.000000 0.000000 0.000000 0.000000 0.000000 0.000000 0.000000 0.145161 0.000000 0.000000 0.000000 0.183673 0.000000 0.000000 0.000000 0.000000 0.000000 0.000000 0.000000 0.000000 0.000000 0.000000 0.000000 0.000000 0.000000 0.342857 0.000000 0.000000 0.114286 0.000000 0.000000 0.000000 0.257143 0.000000 0.000000 0.000000 0.000000 0.000000 0.000000 0.105882 0.000000 0.000000 0.000000 0.000000 0.105882 0.083333 0.000000 0.172414 0.000000 0.000000 0.075000 0.000000 0.170347 0.000000 0.000000 0.000000 0.000000 0.000000 0.000000 0.000000 0.000000 0.000000 0.000000 0.000000 0.095238 0.000000 0.307692 0.000000 0.000000 0.000000 0.000000 0.000000 0.000000 0.000000 0.000000 0.000000 0.000000 0.000000 0.000000 0.000000 0.000000 0.000000 0.181818 0.000000 0.000000 0.000000 0.000000 0.000000 0.000000
0.189591 0.000000 0.000000 0.257143 0.000000 0.000000 0.000000 0.069767 0.205479 0.000000 0.069767 0.000000 0.000000 0.000000 0.000000 0.000000 0.190751 0.000000 0.000000 0.000000 0.000000 0.103448 0.000000 0.000000 0.197368 0.072464 0.000000 0.352941 0.000000 0.000000 0.000000 0.000000 0.211268 0.500000 0.072581 0.538462 0.197368 0.068826 0.421687 0.154639 0.211268 0.133333 0.219512 0.054878 0.000000 0.000000 0.000000 0.336000 0.057143 0.000000 0.000000 0.070866 0.000000 0.180000 0.000000 0.000000 0.000000 0.142857 0.197368 0.000000 0.163636 0.000000 0.000000 0.062937 0.000000 0.087273 0.000000 0.000000 0.000000 0.000000 0.069767 0.000000 0.190751 0.205479 0.084746 0.088235 0.000000 0.187500 0.084746 0.342857 0.072464 0.500000 0.000000 0.000000 0.000000 0.000000 0.000000 0.000000 0.000000 0.088235 0.000000 0.000000 0.189591 0.000000 0.000000 0.000000 0.074627 0.000000 0.205479 0.000000 0.075630 0.201493 0.142857 0.205479 0.180000 0.000000 0.000000 0.137615 0.064935 0.000000 0.201493 0.000000 0.103448 0.061224 0.000000 0.000000 0.000000 0.075630 0.000000 0.000000 0.000000 0.000000 0.000000 0.000000 0.538462 0.000000 0.000000 0.000000 0.000000 0.257143 0.069767 0.600000 0.067568 0.000000 0.000000 0.070866 0.257143 0.193548 0.133333 0.197368 0.189591 0.180000 0.195652 0.000000 0.000000 0.190751 0.000000 0.193548 0.000000 0.000000 0.000000 0.000000 0.000000 0.000000 0.000000 0.169492 0.000000 0.000000 0.000000 0.114286 0.000000 0.000000 0.000000 0.000000 0.202703 0.000000 0.076923 0.000000 1.000000 0.000000 0.074627 0.205479 0.000000 0.000000 0.000000 0.000000 0.074627 0.000000 0.000000 0.000000 0.000000 0.078125 0.000000 0.057143 0.000000 0.075630 0.000000 0.342857 0.000000 0.000000 0.105263 0.205479 0.000000 0.054545 0.219512 0.000000 0.000000 0.000000 0.000000 0.071429 0.074627 0.000000 0.000000 0.000000 0.074074 0.072581 0.000000 0.103448 0.072464 0.000000 0.000000 0.000000 0.000000 0.000000 0.000000 0.000000 0.081081 0.068826 0.000000 0.162651 0.368421 0.000000 0.075630 0.417219 0.000000 0.000000 0.000000 0.068702 0.000000 0.078125 0.000000 0.000000 0.000000 0.000000 0.000000 0.205479 0.000000 0.000000 0.000000 0.103448 0.072581 0.157895 0.067568 0.214286 0.000000 0.074627 0.182927 0.375000 0.000000 0.342857 0.000000 0.189474 0.000000 0.000000 0.276923 0.000000 0.078125 0.000000 0.000000 0.070866 0.165644 0.070423 0.000000 0.075630 0.000000 0.103448 0.000000 0.421687 0.000000 0.205479 0.000000 0.000000 0.163043 0.084746 0.000000
0.000000 0.000000 0.000000 0.000000 0.018868 0.000000 0.000000 0.000000 0.000000 0.000000 0.000000 0.000000 0.000000 0.000000 0.189189 0.000000 0.000000 0.000000 0.049383 0.000000 0.063830 0.000000 0.000000 0.000000 0.000000 0.000000 0.000000 0.000000 0.000000 0.100000 0.000000 0.000000 0.000000 0.000000 0.000000 0.000000 0.000000 0.000000 0.000000 0.000000 0.000000 0.000000 0.000000 0.000000 0.000000 0.000000 0.000000 0.000000 0.000000 0.024390 0.000000 0.000000 0.000000 0.000000 0.058824 0.000000 0.084906 0.000000 0.000000 0.000000 0.000000 0.000000 0.162162 0.000000 0.000000 0.000000 0.033613 0.016575 0.000000 0.161905 0.000000 0.000000 0.000000 0.000000 0.000000 0.000000 0.058252 0.000000 0.000000 0.000000 0.000000 0.000000 0.000000 0.000000 0.000000 0.000000 0.053763 0.024390 0.000000 0.000000 0.000000 0.120879 0.000000 0.032967 0.000000 0.000000 0.000000 0.024390 0.000000 0.053763 0.000000 0.000000 0.000000 0.033333 0.000000 0.043243 0.000000 0.000000 0.000000 0.196078 0.000000 0.000000 0.000000 0.000000 0.000000 0.000000 0.173913 0.000000 0.000000 0.000000 0.024096 0.000000 0.000000 0.000000 0.000000 0.000000 0.000000 0.000000 0.000000 0.000000 0.000000 0.000000 0.000000 0.000000 0.000000 0.000000 0.000000 0.013636 0.000000 0.000000 0.000000 0.000000 0.000000 0.808383 0.000000 0.000000 0.040000 0.013636 0.000000 0.000000 0.000000 0.000000 0.000000 0.000000 0.000000 0.000000 0.000000 0.000000 0.000000 0.000000 0.737705 0.016575 0.000000 0.000000 0.000000 0.000000 0.000000 0.000000 0.000000 1.000000 0.000000 0.000000 0.000000 0.000000 0.000000 0.000000 0.000000 0.000000 0.133829 0.000000 0.066667 0.000000 0.000000 0.000000 0.000000 0.000000 0.000000 0.000000 0.000000 0.000000 0.000000 0.000000 0.000000 0.000000 0.000000 0.000000 0.000000 0.000000 0.000000 0.000000 0.000000 0.000000 0.000000 0.000000 0.000000 0.000000 0.000000 0.000000 0.000000 0.000000 0.000000 0.000000 0.000000 0.036585 0.000000 0.070588 0.000000 0.000000 0.000000 0.000000 0.000000 0.000000 0.000000 0.000000 0.160305 0.000000 0.000000 0.000000 0.031579 0.000000 0.000000 0.000000 0.000000 0.000000 0.000000 0.000000 0.000000 0.669725 0.015198 0.000000 0.000000 0.000000 0.000000 0.000000 0.017751 0.000000 0.020202 0.000000 0.000000 0.000000 0.068966 0.000000 0.000000 0.000000 0.000000 0.000000 0.000000 0.053333 0.000000 0.000000 0.000000 0.000000 0.000000 0.000000 0.000000 0.000000 0.000000 0.000000 0.000000 0.000000 0.000000 0.000000 0.000000 0.000000 0.000000
0.015974 0.000000 0.000000 0.037037 0.000000 0.000000 0.000000 0.059603 0.023810 0.000000 0.059603 0.000000 0.000000 0.000000 0.000000 0.000000 0.014827 0.000000 0.000000 0.000000 0.000000 0.275362 0.000000 0.000000 0.022989 0.075000 0.000000 0.063291 0.000000 0.000000 0.000000 0.000000 0.024390 0.031579 0.061644 0.033708 0.022989 0.670103 0.021277 0.425926 0.024390 0.096774 0.032258 0.048387 0.000000 0.000000 0.000000 0.205882 0.077586 0.000000 0.000000 0.060403 0.000000 0.017442 0.000000 0.000000 0.000000 0.492537 0.022989 0.000000 0.016043 0.000000 0.000000 0.709091 0.000000 0.037618 0.000000 0.000000 0.000000 0.000000 0.059603 0.000000 0.014827 0.023810 0.085714 0.113924 0.000000 0.120879 0.085714 0.061728 0.075000 0.031579 0.000000 0.000000 0.000000 0.000000 0.000000 0.000000 0.000000 0.113924 0.000000 0.000000 0.015974 0.000000 0.000000 0.000000 0.076923 0.000000 0.023810 0.000000 0.148936 0.019231 0.223881 0.023810 0.046512 0.000000 0.000000 0.116667 0.068182 0.000000 0.019231 0.000000 0.130435 0.242604 0.000000 0.000000 0.000000 0.063830 0.000000 0.000000 0.000000 0.000000 0.000000 0.000000 0.033708 0.000000 0.000000 0.000000 0.000000 0.037037 0.059603 0.037037 0.070588 0.000000 0.000000 0.785235 0.037037 0.028846 0.096774 0.022989 0.015974 0.017442 0.029126 0.000000 0.000000 0.014827 0.000000 0.028846 0.000000 0.000000 0.000000 0.000000 0.000000 0.000000 0.000000 0.255814 0.000000 0.000000 0.000000 0.061728 0.000000 0.000000 0.000000 0.000000 0.023529 0.000000 0.101124 0.000000 0.074627 0.000000 1.000000 0.023810 0.000000 0.000000 0.000000 0.000000 0.179487 0.000000 0.000000 0.000000 0.000000 0.080000 0.000000 0.077586 0.000000 0.148936 0.000000 0.061728 0.000000 0.000000 0.172414 0.023810 0.000000 0.074380 0.032258 0.000000 0.000000 0.000000 0.000000 0.094737 0.076923 0.000000 0.000000 0.000000 0.206522 0.061644 0.000000 0.130435 0.075000 0.000000 0.000000 0.000000 0.000000 0.000000 0.000000 0.000000 0.294118 0.395189 0.000000 0.111702 0.120000 0.000000 0.148936 0.017341 0.000000 0.000000 0.000000 0.058824 0.000000 0.080000 0.000000 0.000000 0.000000 0.000000 0.000000 0.023810 0.000000 0.000000 0.000000 0.130435 0.061644 0.200000 0.070588 0.219512 0.000000 0.179487 0.204301 0.066667 0.000000 0.061728 0.000000 0.028302 0.000000 0.000000 0.039474 0.000000 0.080000 0.000000 0.000000 0.785235 0.113514 0.073171 0.000000 0.148936 0.000000 0.275362 0.000000 0.021277 0.000000 0.023810 0.000000 0.000000 0.106796 0.200000 0.000000
0.311573 0.000000 0.000000 0.310345 0.000000 0.000000 0.000000 0.018405 0.200000 0.000000 0.018405 0.000000 0.000000 0.000000 0.000000 0.000000 0.041221 0.000000 0.000000 0.000000 0.117021 0.040000 0.000000 0.000000 0.064516 0.023256 0.000000 0.176471 0.000000 0.000000 0.000000 0.000000 0.068182 0.445545 0.018987 0.094737 0.064516 0.015873 0.060000 0.052632 0.068182 0.034934 0.272727 0.015152 0.000000 0.112500 0.000000 0.063380 0.024590 0.000000 0.000000 0.018634 0.000000 0.048913 0.000000 0.098039 0.000000 0.068493 0.064516 0.000000 0.316583 0.000000 0.000000 0.016949 0.000000 0.034985 0.000000 0.000000 0.000000 0.000000 0.018405 0.000000 0.041221 1.000000 0.026316 0.035294 0.000000 0.185567 0.026316 0.172414 0.023256 0.445545 0.000000 0.000000 0.000000 0.053333 0.000000 0.000000 0.144578 0.035294 0.000000 0.000000 0.311573 0.000000 0.000000 0.000000 0.023810 0.000000 0.066667 0.000000 0.019608 0.053571 0.068493 0.066667 0.048913 0.000000 0.000000 0.047619 0.404255 0.000000 0.053571 0.000000 0.040000 0.016575 0.000000 0.000000 0.000000 0.019608 0.000000 0.000000 0.000000 0.000000 0.000000 0.000000 0.094737 0.082192 0.000000 0.000000 0.032609 0.310345 0.018405 0.103448 0.021978 0.000000 0.000000 0.018634 0.724138 0.081818 0.034934 0.064516 0.311573 0.048913 0.082569 0.000000 0.000000 0.041221 0.000000 0.081818 0.000000 0.000000 0.000000 0.000000 0.000000 0.000000 0.000000 0.081481 0.000000 0.000000 0.000000 0.195402 0.000000 0.000000 0.000000 0.000000 0.065934 0.000000 0.031579 0.000000 0.205479 0.000000 0.023810 1.000000 0.032609 0.082192 0.000000 0.000000 0.023810 0.031250 0.000000 0.000000 0.000000 0.024691 0.000000 0.024590 0.000000 0.019608 0.000000 0.172414 0.097826 0.000000 0.053763 0.066667 0.000000 0.023622 0.272727 0.000000 0.000000 0.000000 0.000000 0.029703 0.023810 0.000000 0.031250 0.000000 0.030612 0.018987 0.000000 0.040000 0.023256 0.000000 0.000000 0.000000 0.053333 0.000000 0.000000 0.000000 0.032967 0.015873 0.000000 0.045000 0.343511 0.044199 0.019608 0.048649 0.000000 0.000000 0.000000 0.018182 0.000000 0.024691 0.000000 0.000000 0.082569 0.000000 0.000000 1.000000 0.000000 0.000000 0.000000 0.040000 0.018987 0.068702 0.021978 0.116279 0.000000 0.023810 0.060606 0.555556 0.000000 0.172414 0.000000 0.080357 0.000000 0.000000 0.109756 0.064516 0.024691 0.000000 0.000000 0.018634 0.045685 0.022727 0.000000 0.019608 0.000000 0.040000 0.000000 0.060000 0.000000 0.066667 0.000000 0.000000 0.165138 0.026316 0.000000
0.017391 0.000000 0.000000 0.056180 0.000000 0.000000 0.000000 0.000000 0.032609 0.121019 0.000000 0.000000 0.000000 0.000000 0.000000 0.000000 0.000000 0.000000 0.000000 0.000000 0.052083 0.000000 0.000000 0.000000 0.000000 0.000000 0.000000 0.000000 0.000000 0.000000 0.000000 0.000000 0.000000 0.029126 0.000000 0.000000 0.000000 0.000000 0.000000 0.000000 0.000000 0.000000 0.049505 0.059406 0.000000 0.024390 0.000000 0.000000 0.000000 0.000000 0.000000 0.000000 0.000000 0.000000 0.000000 0.019108 0.000000 0.000000 0.000000 0.000000 0.019704 0.000000 0.000000 0.000000 0.282828 0.000000 0.000000 0.000000 0.157303 0.000000 0.000000 0.000000 0.000000 0.032609 0.000000 0.000000 0.000000 0.090909 0.000000 0.000000 0.000000 0.029126 0.000000 0.000000 0.000000 0.116883 0.000000 0.000000 0.035294 0.000000 0.000000 0.000000 0.017391 0.000000 0.000000 0.000000 0.000000 0.000000 0.000000 0.000000 0.000000 0.000000 0.000000 0.000000 0.000000 0.000000 0.000000 0.000000 0.031250 0.000000 0.000000 0.000000 0.000000 0.000000 0.000000 0.000000 0.000000 0.000000 0.000000 0.000000 0.000000 0.000000 0.000000 0.000000 0.000000 0.200000 0.000000 0.000000 0.404255 0.168539 0.000000 0.000000 0.000000 0.000000 0.000000 0.000000 0.056180 0.000000 0.000000 0.000000 0.017391 0.000000 0.000000 0.000000 0.116505 0.000000 0.000000 0.000000 0.000000 0.000000 0.000000 0.000000 0.000000 0.000000 0.000000 0.000000 0.000000 0.000000 0.000000 0.033708 0.000000 0.000000 0.169014 0.000000 0.000000 0.000000 0.000000 0.000000 0.000000 0.000000 0.000000 0.032609 1.000000 0.200000 0.000000 0.106667 0.000000 0.326531 0.000000 0.000000 0.000000 0.000000 0.000000 0.000000 0.000000 0.000000 0.000000 0.000000 0.021277 0.000000 0.000000 0.000000 0.000000 0.000000 0.049505 0.000000 0.000000 0.000000 0.000000 0.058252 0.000000 0.000000 0.755102 0.000000 0.000000 0.000000 0.000000 0.000000 0.000000 0.000000 0.000000 0.000000 0.116883 0.000000 0.000000 0.000000 0.000000 0.000000 0.000000 0.000000 0.022556 0.227027 0.000000 0.000000 0.000000 0.000000 0.000000 0.000000 0.000000 0.000000 0.000000 0.000000 0.018018 0.000000 0.000000 0.032609 0.000000 0.000000 0.000000 0.000000 0.000000 0.000000 0.000000 0.000000 0.000000 0.000000 0.000000 0.108434 0.000000 0.000000 0.000000 0.000000 0.000000 0.000000 0.000000 0.157895 0.000000 0.000000 0.000000 0.000000 0.000000 0.000000 0.000000 0.000000 0.000000 0.000000 0.000000 0.000000 0.000000 0.000000 0.000000 0.000000 0.027027 0.000000 0.000000
0.066914 0.000000 0.000000 0.114286 0.000000 0.000000 0.000000 0.000000 0.082192 0.000000 0.000000 0.000000 0.000000 0.000000 0.000000 0.000000 0.000000 0.000000 0.000000 0.000000 0.103896 0.000000 0.000000 0.000000 0.000000 0.000000 0.000000 0.000000 0.000000 0.000000 0.000000 0.000000 0.000000 0.071429 0.000000 0.000000 0.000000 0.000000 0.000000 0.000000 0.000000 0.000000 0.097561 0.000000 0.000000 0.079365 0.000000 0.000000 0.000000 0.000000 0.000000 0.000000 0.000000 0.000000 0.000000 0.075630 0.000000 0.000000 0.000000 0.000000 0.060606 0.000000 0.000000 0.000000 0.000000 0.000000 0.000000 0.000000 0.000000 0.000000 0.000000 0.000000 0.000000 0.082192 0.000000 0.000000 0.000000 0.225000 0.000000 0.000000 0.000000 0.071429 0.000000 0.000000 0.000000 0.310345 0.000000 0.000000 0.090909 0.000000 0.000000 0.000000 0.066914 0.000000 0.000000 0.000000 0.000000 0.000000 0.000000 0.000000 0.000000 0.000000 0.000000 0.000000 0.000000 0.000000 0.000000 0.000000 0.077922 0.000000 0.000000 0.000000 0.000000 0.000000 0.000000 0.000000 0.000000 0.000000 0.000000 0.000000 0.000000 0.000000 0.000000 0.000000 0.000000 1.000000 0.000000 0.000000 0.200000 0.342857 0.000000 0.000000 0.000000 0.000000 0.000000 0.000000 0.114286 0.000000 0.000000 0.000000 0.066914 0.000000 0.000000 0.000000 0.000000 0.000000 0.000000 0.000000 0.000000 0.000000 0.000000 0.000000 0.000000 0.000000 0.000000 0.000000 0.000000 0.000000 0.000000 0.085714 0.000000 0.000000 0.000000 0.000000 0.000000 0.000000 0.000000 0.000000 0.000000 0.000000 0.000000 0.082192 0.200000 1.000000 0.000000 0.000000 0.000000 0.189873 0.000000 0.000000 0.000000 0.000000 0.000000 0.000000 0.000000 0.000000 0.000000 0.000000 0.066667 0.000000 0.000000 0.000000 0.000000 0.000000 0.097561 0.000000 0.000000 0.000000 0.000000 0.000000 0.000000 0.000000 0.189873 0.000000 0.000000 0.000000 0.000000 0.000000 0.000000 0.000000 0.000000 0.000000 0.310345 0.000000 0.000000 0.000000 0.000000 0.000000 0.000000 0.000000 0.052632 0.244898 0.000000 0.000000 0.000000 0.000000 0.000000 0.000000 0.000000 0.000000 0.000000 0.000000 0.054348 0.000000 0.000000 0.082192 0.000000 0.000000 0.000000 0.000000 0.000000 0.000000 0.000000 0.000000 0.000000 0.000000 0.000000 0.187500 0.000000 0.000000 0.000000 0.000000 0.000000 0.000000 0.000000 0.315789 0.000000 0.000000 0.000000 0.000000 0.000000 0.000000 0.000000 0.000000 0.000000 0.000000 0.000000 0.000000 0.000000 0.000000 0.000000 0.000000 0.065217 0.000000 0.000000
0.000000 0.000000 0.000000 0.000000 0.000000 0.000000 0.000000 0.000000 0.000000 0.000000 0.000000 0.000000 0.000000 0.000000 0.000000 0.000000 0.000000 0.000000 0.000000 0.000000 0.000000 0.000000 0.000000 0.000000 0.000000 0.000000 0.000000 0.000000 0.000000 0.000000 0.000000 0.000000 0.000000 0.000000 0.000000 0.000000 0.000000 0.000000 0.000000 0.000000 0.000000 0.000000 0.000000 0.000000 0.000000 0.000000 0.000000 0.000000 0.000000 0.000000 0.000000 0.000000 0.000000 0.000000 0.000000 0.000000 0.000000 0.000000 0.000000 0.000000 0.000000 0.000000 0.000000 0.000000 0.000000 0.000000 0.000000 0.000000 0.000000 0.000000 0.000000 0.000000 0.000000 0.000000 0.000000 0.000000 0.000000 0.000000 0.000000 0.000000 0.000000 0.000000 0.000000 0.000000 0.000000 0.000000 0.000000 0.000000 0.000000 0.000000 0.000000 0.000000 0.000000 0.000000 0.000000 0.000000 0.000000 0.000000 0.000000 0.000000 0.000000 0.000000 0.000000 0.000000 0.000000 0.000000 0.000000 0.000000 0.000000 0.000000 0.000000 0.000000 0.000000 0.000000 0.000000 0.000000 0.000000 0.000000 0.000000 0.000000 0.000000 0.000000 0.000000 0.000000 0.000000 0.000000 0.000000 0.000000 0.000000 0.000000 0.000000 0.000000 0.000000 0.000000 0.000000 0.000000 0.000000 0.000000 0.000000 0.000000 0.000000 0.000000 0.000000 0.000000 0.000000 0.000000 0.000000 0.000000 0.000000 0.000000 0.000000 0.000000 0.000000 0.000000 0.000000 0.000000 0.000000 0.000000 0.000000 0.000000 0.000000 0.158940 0.000000 0.000000 0.000000 0.000000 0.000000 0.000000 0.000000 0.000000 0.000000 0.000000 0.000000 0.000000 1.000000 0.000000 0.000000 0.000000 0.000000 0.000000 0.000000 0.000000 0.000000 0.000000 0.000000 0.000000 0.000000 0.000000 0.000000 0.000000 0.000000 0.000000 0.000000 0.000000 0.000000 0.000000 0.000000 0.000000 0.000000 0.000000 0.000000 0.000000 0.000000 0.000000 0.000000 0.000000 0.000000 0.000000 0.000000 0.000000 0.000000 0.000000 0.000000 0.000000 0.000000 0.000000 0.000000 0.000000 0.000000 0.000000 0.000000 0.000000 0.000000 0.000000 0.000000 0.000000 0.000000 0.000000 0.000000 0.000000 0.000000 0.000000 0.000000 0.000000 0.000000 0.000000 0.000000 0.000000 0.000000 0.000000 0.000000 0.000000 0.000000 0.000000 0.000000 0.000000 0.000000 0.000000 0.000000 0.000000 0.000000 0.000000 0.000000 0.000000 0.000000 0.000000 0.000000 0.000000 0.000000 0.000000 0.000000 0.000000 0.000000 0.000000 0.000000 0.000000 0.000000 0.000000 0.000000 0.000000 0.000000 0.000000 0.000000 0.000000 0.000000
0.000000 0.000000 0.000000 0.000000 0.000000 0.000000 0.000000 0.000000 0.000000 0.075630 0.000000 0.000000 0.000000 0.000000 0.000000 0.000000 0.000000 0.000000 0.000000 0.000000 0.000000 0.000000 0.000000 0.000000 0.000000 0.000000 0.000000 0.000000 0.000000 0.000000 0.000000 0.000000 0.000000 0.000000 0.000000 0.000000 0.000000 0.000000 0.000000 0.000000 0.000000 0.000000 0.000000 0.195122 0.000000 0.000000 0.000000 0.000000 0.000000 0.000000 0.000000 0.000000 0.000000 0.000000 0.000000 0.000000 0.000000 0.000000 0.000000 0.000000 0.000000 0.000000 0.000000 0.000000 0.100000 0.000000 0.000000 0.000000 0.085714 0.000000 0.000000 0.000000 0.000000 0.000000 0.000000 0.000000 0.000000 0.000000 0.000000 0.000000 0.000000 0.000000 0.000000 0.000000 0.000000 0.000000 0.000000 0.000000 0.000000 0.000000 0.000000 0.000000 0.000000 0.000000 0.000000 0.000000 0.000000 0.000000 0.000000 0.000000 0.000000 0.000000 0.000000 0.000000 0.000000 0.000000 0.000000 0.000000 0.000000 0.000000 0.000000 0.000000 0.000000 0.000000 0.000000 0.000000 0.000000 0.000000 0.000000 0.000000 0.000000 0.000000 0.000000 0.000000 0.000000 0.000000 0.000000 0.000000 0.266667 0.000000 0.000000 0.000000 0.000000 0.000000 0.000000 0.000000 0.000000 0.000000 0.000000 0.000000 0.000000 0.000000 0.000000 0.000000 0.071429 0.000000 0.000000 0.000000 0.000000 0.000000 0.000000 0.000000 0.000000 0.000000 0.000000 0.000000 0.000000 0.000000 0.000000 0.000000 0.000000 0.000000 0.230769 0.000000 0.000000 0.000000 0.000000 0.000000 0.000000 0.000000 0.000000 0.000000 0.106667 0.000000 0.000000 1.000000 0.000000 0.202532 0.000000 0.000000 0.000000 0.000000 0.000000 0.000000 0.000000 0.000000 0.000000 0.000000 0.000000 0.000000 0.000000 0.000000 0.000000 0.000000 0.000000 0.000000 0.000000 0.000000 0.000000 0.214286 0.000000 0.000000 0.075949 0.000000 0.000000 0.000000 0.000000 0.000000 0.000000 0.000000 0.000000 0.000000 0.000000 0.000000 0.000000 0.000000 0.000000 0.000000 0.000000 0.000000 0.000000 0.000000 0.000000 0.000000 0.000000 0.000000 0.000000 0.000000 0.000000 0.000000 0.000000 0.000000 0.000000 0.000000 0.000000 0.000000 0.000000 0.000000 0.000000 0.000000 0.000000 0.000000 0.000000 0.000000 0.000000 0.000000 0.000000 0.000000 0.000000 0.000000 0.000000 0.000000 0.000000 0.000000 0.000000 0.000000 0.000000 0.000000 0.000000 0.000000 0.000000 0.000000 0.000000 0.000000 0.000000 0.000000 0.000000 0.000000 0.000000 0.000000 0.000000 0.000000 0.000000 0.000000 0.000000
0.015974 0.000000 0.000000 0.037037 0.000000 0.000000 0.000000 0.059603 0.023810 0.000000 0.059603 0.000000 0.000000 0.000000 0.000000 0.000000 0.014827 0.000000 0.000000 0.000000 0.000000 0.130435 0.000000 0.000000 0.022989 0.075000 0.000000 0.063291 0.000000 0.000000 0.000000 0.000000 0.024390 0.031579 0.061644 0.033708 0.022989 0.120275 0.021277 0.129630 0.024390 0.207373 0.032258 0.048387 0.000000 0.000000 0.000000 0.176471 0.077586 0.000000 0.000000 0.060403 0.000000 0.017442 0.000000 0.000000 0.000000 0.223881 0.022989 0.000000 0.016043 0.000000 0.000000 0.127273 0.000000 0.037618 0.000000 0.000000 0.000000 0.000000 0.059603 0.000000 0.014827 0.023810 0.085714 0.113924 0.000000 0.252747 0.085714 0.061728 0.075000 0.031579 0.000000 0.000000 0.000000 0.000000 0.000000 0.000000 0.000000 0.113924 0.000000 0.000000 0.015974 0.000000 0.000000 0.000000 0.076923 0.000000 0.023810 0.000000 0.319149 0.019231 0.223881 0.023810 0.046512 0.000000 0.000000 0.116667 0.068182 0.000000 0.019231 0.000000 0.130435 0.053254 0.000000 0.000000 0.000000 0.063830 0.000000 0.000000 0.000000 0.000000 0.000000 0.000000 0.033708 0.000000 0.000000 0.000000 0.000000 0.037037 0.059603 0.037037 0.070588 0.000000 0.000000 0.140940 0.037037 0.028846 0.207373 0.022989 0.015974 0.017442 0.029126 0.000000 0.000000 0.014827 0.000000 0.028846 0.000000 0.000000 0.000000 0.000000 0.000000 0.000000 0.000000 0.116279 0.000000 0.000000 0.000000 0.061728 0.000000 0.000000 0.000000 0.000000 0.023529 0.000000 0.101124 0.000000 0.074627 0.000000 0.179487 0.023810 0.000000 0.000000 0.000000 0.000000 1.000000 0.000000 0.000000 0.000000 0.000000 0.080000 0.000000 0.077586 0.000000 0.319149 0.000000 0.061728 0.000000 0.000000 0.172414 0.023810 0.000000 0.074380 0.032258 0.000000 0.000000 0.000000 0.000000 0.094737 0.076923 0.000000 0.000000 0.000000 0.271739 0.061644 0.000000 0.130435 0.075000 0.000000 0.000000 0.000000 0.000000 0.000000 0.000000 0.000000 0.105882 0.120275 0.000000 0.239362 0.248000 0.000000 0.319149 0.017341 0.000000 0.000000 0.000000 0.058824 0.000000 0.080000 0.000000 0.000000 0.000000 0.000000 0.000000 0.023810 0.000000 0.000000 0.000000 0.130435 0.061644 0.072000 0.070588 0.089431 0.000000 0.384615 0.096774 0.066667 0.000000 0.061728 0.000000 0.028302 0.000000 0.000000 0.039474 0.000000 0.080000 0.000000 0.000000 0.140940 0.243243 0.073171 0.000000 0.319149 0.000000 0.130435 0.000000 0.021277 0.000000 0.023810 0.000000 0.000000 0.203883 0.428571 0.000000
0.016620 0.000000 0.000000 0.053763 0.000000 0.000000 0.000000 0.000000 0.031250 0.030303 0.000000 0.000000 0.000000 0.000000 0.000000 0.000000 0.000000 0.000000 0.000000 0.000000 0.050000 0.000000 0.000000 0.000000 0.000000 0.000000 0.000000 0.000000 0.000000 0.000000 0.000000 0.000000 0.000000 0.028037 0.000000 0.000000 0.000000 0.000000 0.000000 0.000000 0.000000 0.000000 0.047619 0.076190 0.000000 0.023256 0.000000 0.000000 0.000000 0.000000 0.000000 0.000000 0.000000 0.000000 0.000000 0.018182 0.000000 0.000000 0.000000 0.000000 0.018957 0.000000 0.000000 0.000000 0.058252 0.000000 0.000000 0.000000 0.043011 0.000000 0.000000 0.000000 0.000000 0.031250 0.000000 0.000000 0.000000 0.087379 0.000000 0.000000 0.000000 0.028037 0.000000 0.000000 0.000000 0.111111 0.000000 0.000000 0.033708 0.000000 0.000000 0.000000 0.016620 0.000000 0.000000 0.000000 0.000000 0.000000 0.000000 0.000000 0.000000 0.000000 0.000000 0.000000 0.000000 0.000000 0.000000 0.000000 0.030000 0.000000 0.000000 0.000000 0.000000 0.000000 0.000000 0.000000 0.000000 0.000000 0.000000 0.000000 0.000000 0.000000 0.000000 0.000000 0.000000 0.189873 0.000000 0.000000 0.755102 0.161290 0.000000 0.000000 0.000000 0.000000 0.000000 0.000000 0.053763 0.000000 0.000000 0.000000 0.016620 0.000000 0.000000 0.000000 0.037383 0.000000 0.000000 0.000000 0.000000 0.000000 0.000000 0.000000 0.000000 0.000000 0.000000 0.000000 0.000000 0.000000 0.000000 0.032258 0.000000 0.000000 0.133333 0.000000 0.000000 0.000000 0.000000 0.000000 0.000000 0.000000 0.000000 0.031250 0.326531 0.189873 0.000000 0.202532 0.000000 1.000000 0.000000 0.000000 0.000000 0.000000 0.000000 0.000000 0.000000 0.000000 0.000000 0.000000 0.020408 0.000000 0.000000 0.000000 0.000000 0.000000 0.047619 0.000000 0.000000 0.000000 0.000000 0.093458 0.000000 0.000000 0.411765 0.000000 0.000000 0.000000 0.000000 0.000000 0.000000 0.000000 0.000000 0.000000 0.111111 0.000000 0.000000 0.000000 0.000000 0.000000 0.000000 0.000000 0.021898 0.217617 0.000000 0.000000 0.000000 0.000000 0.000000 0.000000 0.000000 0.000000 0.000000 0.000000 0.017391 0.000000 0.000000 0.031250 0.000000 0.000000 0.000000 0.000000 0.000000 0.000000 0.000000 0.000000 0.000000 0.000000 0.000000 0.103448 0.000000 0.000000 0.000000 0.000000 0.000000 0.000000 0.000000 0.151515 0.000000 0.000000 0.000000 0.000000 0.000000 0.000000 0.000000 0.000000 0.000000 0.000000 0.000000 0.000000 0.000000 0.000000 0.000000 0.000000 0.026087 0.000000 0.000000
0.000000 0.000000 0.000000 0.000000 0.072581 0.000000 0.000000 0.000000 0.000000 0.000000 0.000000 0.000000 0.029963 0.033473 0.057878 0.150628 0.000000 0.000000 0.000000 0.097166 0.028881 0.000000 0.000000 0.031873 0.000000 0.000000 0.000000 0.000000 0.153191 0.000000 0.072289 0.066914 0.000000 0.000000 0.000000 0.000000 0.000000 0.000000 0.000000 0.028391 0.000000 0.000000 0.000000 0.000000 0.000000 0.000000 0.074689 0.000000 0.072072 0.094862 0.000000 0.000000 0.046332 0.000000 0.000000 0.000000 0.000000 0.000000 0.000000 0.000000 0.000000 0.031373 0.231511 0.000000 0.000000 0.000000 0.125382 0.088889 0.000000 0.060201 0.000000 0.000000 0.000000 0.000000 0.000000 0.000000 0.027119 0.000000 0.000000 0.091255 0.000000 0.000000 0.081911 0.000000 0.073469 0.000000 0.000000 0.094862 0.000000 0.000000 0.051064 0.000000 0.000000 0.000000 0.000000 0.100418 0.000000 0.094862 0.000000 0.000000 0.000000 0.000000 0.000000 0.000000 0.000000 0.000000 0.000000 0.000000 0.000000 0.081911 0.000000 0.357447 0.000000 0.000000 0.000000 0.000000 0.081081 0.000000 0.074689 0.000000 0.000000 0.000000 0.000000 0.000000 0.000000 0.000000 0.016287 0.000000 0.000000 0.000000 0.000000 0.182510 0.000000 0.038298 0.000000 0.000000 0.000000 0.000000 0.000000 0.000000 0.000000 0.000000 0.000000 0.093750 0.000000 0.000000 0.000000 0.000000 0.000000 0.028219 0.000000 0.000000 0.000000 0.045627 0.119134 0.000000 0.074689 0.029963 0.000000 0.000000 0.088235 0.000000 0.000000 0.020921 0.000000 0.097166 0.000000 0.136882 0.000000 0.133829 0.000000 0.000000 0.000000 0.000000 0.000000 0.000000 0.000000 0.000000 1.000000 0.000000 0.029740 0.000000 0.000000 0.072072 0.000000 0.000000 0.000000 0.091255 0.000000 0.000000 0.000000 0.000000 0.000000 0.069971 0.000000 0.056604 0.000000 0.384880 0.000000 0.000000 0.000000 0.000000 0.000000 0.000000 0.000000 0.000000 0.000000 0.000000 0.000000 0.000000 0.000000 0.153191 0.000000 0.000000 0.051064 0.000000 0.000000 0.000000 0.000000 0.000000 0.000000 0.000000 0.000000 0.043796 0.068376 0.000000 0.000000 0.000000 0.000000 0.000000 0.033962 0.033473 0.000000 0.066914 0.143426 0.000000 0.031373 0.078176 0.059172 0.000000 0.000000 0.076923 0.000000 0.103746 0.000000 0.000000 0.000000 0.000000 0.000000 0.091255 0.076046 0.000000 0.143426 0.204255 0.071146 0.000000 0.000000 0.000000 0.046332 0.000000 0.000000 0.000000 0.000000 0.000000 0.000000 0.000000 0.000000 0.000000 0.088106 0.000000 0.038298 0.035857 0.000000 0.000000 0.000000
0.000000 0.000000 0.000000 0.000000 0.000000 0.000000 0.000000 0.000000 0.000000 0.000000 0.000000 0.000000 0.000000 0.000000 0.000000 0.000000 0.000000 0.000000 0.000000 0.000000 0.000000 0.000000 0.000000 0.000000 0.167702 0.000000 0.000000 0.000000 0.000000 0.000000 0.000000 0.000000 0.000000 0.000000 0.000000 0.000000 0.167702 0.000000 0.000000 0.000000 0.000000 0.029412 0.000000 0.000000 0.000000 0.000000 0.000000 0.000000 0.000000 0.000000 0.000000 0.000000 0.000000 0.037736 0.000000 0.000000 0.000000 0.000000 0.167702 0.000000 0.000000 0.000000 0.000000 0.000000 0.000000 0.030717 0.000000 0.000000 0.000000 0.000000 0.000000 0.040000 0.000000 0.000000 0.000000 0.000000 0.000000 0.000000 0.000000 0.000000 0.000000 0.000000 0.000000 0.261538 0.000000 0.000000 0.000000 0.000000 0.000000 0.000000 0.000000 0.000000 0.000000 0.000000 0.000000 0.000000 0.000000 0.000000 0.000000 0.000000 0.000000 0.041958 0.000000 0.000000 0.000000 0.000000 0.261538 0.000000 0.000000 0.000000 0.041958 0.000000 0.000000 0.000000 0.000000 0.031496 0.186813 0.000000 0.000000 0.000000 0.000000 0.000000 0.000000 0.000000 0.000000 0.000000 0.000000 0.000000 0.000000 0.000000 0.000000 0.000000 0.000000 0.000000 0.000000 0.000000 0.000000 0.000000 0.029412 0.316770 0.000000 0.037736 0.031088 0.000000 0.000000 0.000000 0.000000 0.000000 0.000000 0.575221 0.000000 0.000000 0.196911 0.000000 0.000000 0.024490 0.000000 0.000000 0.000000 0.000000 0.000000 0.000000 0.000000 0.000000 0.000000 0.000000 0.000000 0.000000 0.000000 0.000000 0.000000 0.000000 0.000000 0.000000 0.000000 0.000000 0.000000 0.000000 0.000000 1.000000 0.000000 0.000000 0.752896 0.000000 0.320755 0.000000 0.000000 0.000000 0.000000 0.000000 0.000000 0.038710 0.074380 0.000000 0.000000 0.000000 0.120000 0.000000 0.261538 0.000000 0.000000 0.000000 0.000000 0.031496 0.017544 0.000000 0.000000 0.000000 0.000000 0.000000 0.000000 0.000000 0.000000 0.000000 0.000000 0.000000 0.000000 0.000000 0.000000 0.194286 0.000000 0.000000 0.000000 0.000000 0.000000 0.000000 0.000000 0.000000 0.000000 0.000000 0.000000 0.000000 0.000000 0.000000 0.000000 0.000000 0.000000 0.000000 0.000000 0.000000 0.000000 0.000000 0.000000 0.000000 0.000000 0.000000 0.000000 0.000000 0.000000 0.000000 0.000000 0.045226 0.000000 0.000000 0.000000 0.000000 0.000000 0.000000 0.000000 0.000000 0.000000 0.000000 0.000000 0.000000 0.000000 0.000000 0.074380 0.000000 0.000000 0.038710 0.000000 0.000000 0.000000 0.000000 0.058065
0.000000 0.000000 0.000000 0.000000 0.000000 0.205479 0.000000 0.000000 0.000000 0.000000 0.000000 0.103448 0.000000 0.000000 0.027027 0.000000 0.073282 0.000000 0.000000 0.000000 0.042553 0.000000 0.110000 0.000000 0.000000 0.000000 0.000000 0.000000 0.000000 0.000000 0.000000 0.000000 0.170455 0.000000 0.000000 0.000000 0.000000 0.000000 0.050000 0.000000 0.170455 0.000000 0.000000 0.000000 0.205479 0.000000 0.000000 0.000000 0.000000 0.000000 0.100000 0.000000 0.000000 0.000000 0.000000 0.000000 0.000000 0.000000 0.000000 0.000000 0.000000 0.000000 0.036036 0.000000 0.000000 0.000000 0.000000 0.000000 0.057471 0.028571 0.000000 0.000000 0.073282 0.000000 0.000000 0.000000 0.000000 0.000000 0.000000 0.000000 0.000000 0.000000 0.000000 0.000000 0.000000 0.000000 0.000000 0.000000 0.000000 0.000000 0.000000 0.000000 0.000000 0.000000 0.205479 0.000000 0.000000 0.000000 0.000000 0.000000 0.000000 0.000000 0.000000 0.000000 0.000000 0.000000 0.000000 0.119048 0.000000 0.039216 0.000000 0.000000 0.000000 0.000000 0.108434 0.000000 0.038647 0.000000 0.000000 0.000000 0.000000 0.000000 0.000000 0.000000 0.000000 0.000000 0.000000 0.000000 0.000000 0.000000 0.000000 0.000000 0.000000 0.000000 0.053191 0.000000 0.000000 0.000000 0.000000 0.000000 0.000000 0.000000 0.000000 0.047904 0.000000 0.073282 0.000000 0.000000 0.000000 0.000000 0.000000 0.000000 0.000000 0.000000 0.000000 0.000000 0.000000 0.000000 0.000000 0.000000 0.043716 0.000000 0.000000 0.000000 0.000000 0.000000 0.000000 0.000000 0.000000 0.066667 0.000000 0.000000 0.000000 0.000000 0.000000 0.000000 0.000000 0.000000 0.029740 0.000000 1.000000 0.000000 0.000000 0.000000 0.000000 0.000000 0.155039 0.000000 0.000000 0.280000 0.000000 0.000000 0.000000 0.000000 0.000000 0.000000 0.000000 0.000000 0.000000 0.000000 0.000000 0.000000 0.000000 0.000000 0.000000 0.000000 0.000000 0.000000 0.000000 0.000000 0.000000 0.000000 0.000000 0.000000 0.000000 0.000000 0.000000 0.000000 0.000000 0.000000 0.000000 0.000000 0.000000 0.000000 0.030534 0.000000 0.000000 0.000000 0.000000 0.000000 0.000000 0.000000 0.000000 0.000000 0.000000 0.000000 0.000000 0.036697 0.000000 0.000000 0.000000 0.000000 0.000000 0.000000 0.000000 0.000000 0.000000 0.000000 0.185185 0.000000 0.045977 0.000000 0.000000 0.000000 0.000000 0.000000 0.000000 0.000000 0.000000 0.000000 0.000000 0.000000 0.120000 0.000000 0.000000 0.000000 0.000000 0.050000 0.000000 0.000000 0.000000 0.000000 0.000000 0.000000 0.000000
0.016611 0.000000 0.066351 0.038462 0.000000 0.000000 0.000000 0.200000 0.024691 0.000000 0.200000 0.000000 0.000000 0.000000 0.000000 0.000000 0.015437 0.000000 0.000000 0.000000 0.000000 0.136364 0.016484 0.000000 0.023810 0.272727 0.000000 0.125000 0.000000 0.000000 0.000000 0.000000 0.025316 0.032609 0.428571 0.034884 0.023810 0.053763 0.021978 0.057143 0.025316 0.042654 0.033333 0.333333 0.000000 0.000000 0.000000 0.045113 0.247788 0.000000 0.129630 0.062937 0.000000 0.018072 0.000000 0.000000 0.000000 0.234375 0.023810 0.000000 0.016575 0.000000 0.024510 0.056604 0.000000 0.039088 0.022727 0.000000 0.000000 0.000000 0.200000 0.000000 0.015437 0.024691 0.089552 0.789474 0.047872 0.056818 0.089552 0.064103 0.272727 0.032609 0.000000 0.000000 0.000000 0.000000 0.000000 0.000000 0.000000 0.473684 0.000000 0.030488 0.016611 0.000000 0.000000 0.000000 0.080000 0.000000 0.024691 0.000000 0.066667 0.020000 0.234375 0.024691 0.048193 0.000000 0.000000 0.051282 0.070588 0.000000 0.020000 0.000000 0.136364 0.055215 0.033784 0.000000 0.000000 0.066667 0.000000 0.000000 0.000000 0.000000 0.000000 0.141667 0.034884 0.000000 0.045000 0.067164 0.000000 0.038462 0.200000 0.038462 0.091463 0.000000 0.017647 0.062937 0.038462 0.029703 0.042654 0.023810 0.016611 0.018072 0.030000 0.000000 0.048913 0.015437 0.000000 0.029703 0.000000 0.028329 0.000000 0.000000 0.000000 0.000000 0.000000 0.119048 0.000000 0.000000 0.037879 0.064103 0.000000 0.000000 0.000000 0.000000 0.042683 0.000000 0.395349 0.000000 0.078125 0.000000 0.080000 0.024691 0.000000 0.000000 0.000000 0.000000 0.080000 0.000000 0.000000 0.000000 0.000000 1.000000 0.000000 0.247788 0.000000 0.066667 0.000000 0.064103 0.000000 0.000000 0.714286 0.024691 0.000000 0.288136 0.033333 0.000000 0.000000 0.146739 0.000000 0.097826 0.080000 0.000000 0.000000 0.000000 0.078652 0.428571 0.054217 0.136364 0.272727 0.000000 0.000000 0.000000 0.000000 0.020548 0.000000 0.000000 0.109756 0.053763 0.000000 0.049451 0.057377 0.000000 0.066667 0.017964 0.000000 0.000000 0.000000 0.061224 0.000000 0.555556 0.000000 0.000000 0.040000 0.000000 0.000000 0.024691 0.000000 0.000000 0.000000 0.136364 0.428571 0.073770 0.091463 0.091667 0.000000 0.080000 0.100000 0.069444 0.000000 0.064103 0.000000 0.029126 0.000000 0.000000 0.041096 0.000000 0.555556 0.000000 0.059211 0.062937 0.050279 0.075949 0.000000 0.066667 0.000000 0.136364 0.000000 0.021978 0.000000 0.024691 0.000000 0.000000 0.050000 0.089552 0.000000
0.000000 0.000000 0.000000 0.000000 0.000000 0.000000 0.000000 0.000000 0.000000 0.000000 0.000000 0.000000 0.000000 0.000000 0.000000 0.000000 0.000000 0.000000 0.000000 0.000000 0.000000 0.000000 0.000000 0.000000 0.140187 0.000000 0.000000 0.000000 0.000000 0.000000 0.000000 0.000000 0.000000 0.000000 0.000000 0.000000 0.140187 0.000000 0.000000 0.000000 0.000000 0.022113 0.000000 0.000000 0.000000 0.000000 0.000000 0.000000 0.000000 0.000000 0.000000 0.000000 0.000000 0.028391 0.000000 0.000000 0.000000 0.000000 0.140187 0.000000 0.000000 0.000000 0.000000 0.000000 0.000000 0.020548 0.000000 0.000000 0.000000 0.000000 0.000000 0.036145 0.000000 0.000000 0.000000 0.000000 0.000000 0.000000 0.000000 0.000000 0.000000 0.000000 0.000000 0.196911 0.000000 0.000000 0.000000 0.000000 0.000000 0.000000 0.000000 0.000000 0.000000 0.000000 0.000000 0.000000 0.000000 0.000000 0.000000 0.000000 0.000000 0.031579 0.000000 0.000000 0.000000 0.000000 0.196911 0.000000 0.000000 0.000000 0.031579 0.000000 0.000000 0.000000 0.000000 0.023715 0.140496 0.000000 0.000000 0.000000 0.000000 0.000000 0.000000 0.000000 0.000000 0.000000 0.000000 0.000000 0.000000 0.000000 0.000000 0.000000 0.000000 0.000000 0.000000 0.000000 0.000000 0.000000 0.022113 0.264798 0.000000 0.028391 0.025974 0.000000 0.000000 0.000000 0.000000 0.000000 0.000000 0.384615 0.000000 0.000000 0.131783 0.000000 0.000000 0.020450 0.000000 0.000000 0.000000 0.000000 0.000000 0.000000 0.000000 0.000000 0.000000 0.000000 0.000000 0.000000 0.000000 0.000000 0.000000 0.000000 0.000000 0.000000 0.000000 0.000000 0.000000 0.000000 0.000000 0.752896 0.000000 0.000000 1.000000 0.000000 0.268139 0.000000 0.000000 0.000000 0.000000 0.000000 0.000000 0.032362 0.070539 0.000000 0.000000 0.000000 0.108434 0.000000 0.196911 0.000000 0.000000 0.000000 0.000000 0.023715 0.014663 0.000000 0.000000 0.000000 0.000000 0.000000 0.000000 0.000000 0.000000 0.000000 0.000000 0.000000 0.000000 0.000000 0.000000 0.146132 0.000000 0.000000 0.000000 0.000000 0.000000 0.000000 0.000000 0.000000 0.000000 0.000000 0.000000 0.000000 0.000000 0.000000 0.000000 0.000000 0.000000 0.000000 0.000000 0.000000 0.000000 0.000000 0.000000 0.000000 0.000000 0.000000 0.000000 0.000000 0.000000 0.000000 0.000000 0.037783 0.000000 0.000000 0.000000 0.000000 0.000000 0.000000 0.000000 0.000000 0.000000 0.000000 0.000000 0.000000 0.000000 0.000000 0.070539 0.000000 0.000000 0.032362 0.000000 0.000000 0.000000 0.000000 0.048544
0.019355 0.000000 0.184300 0.033613 0.080717 0.000000 0.000000 0.233480 0.024590 0.000000 0.233480 0.000000 0.033058 0.037383 0.000000 0.000000 0.018661 0.000000 0.000000 0.108108 0.000000 0.112150 0.022727 0.035398 0.024000 0.271186 0.000000 0.179487 0.171429 0.000000 0.080357 0.073770 0.025000 0.030075 0.220721 0.031496 0.024000 0.060948 0.022727 0.061644 0.025000 0.051195 0.030534 0.187023 0.000000 0.000000 0.000000 0.051724 1.000000 0.105263 0.114754 0.066667 0.051282 0.020161 0.000000 0.000000 0.000000 0.171429 0.024000 0.000000 0.019011 0.034783 0.027972 0.062241 0.000000 0.033970 0.026490 0.097959 0.000000 0.000000 0.233480 0.000000 0.018661 0.024590 0.083333 0.299145 0.044444 0.062016 0.083333 0.050420 0.271186 0.030075 0.089552 0.000000 0.081818 0.000000 0.000000 0.105263 0.000000 0.299145 0.057143 0.032520 0.019355 0.000000 0.000000 0.000000 0.077586 0.105263 0.024590 0.000000 0.069124 0.021552 0.171429 0.024590 0.056452 0.000000 0.000000 0.056962 0.071429 0.000000 0.021552 0.171429 0.112150 0.061224 0.034783 0.000000 0.000000 0.069124 0.083333 0.000000 0.000000 0.000000 0.000000 0.099010 0.031496 0.000000 0.042553 0.018519 0.000000 0.033613 0.233480 0.033613 0.121951 0.000000 0.023810 0.066667 0.033613 0.028169 0.051195 0.024000 0.019355 0.020161 0.028369 0.000000 0.045113 0.018661 0.000000 0.028169 0.000000 0.030948 0.000000 0.000000 0.000000 0.050420 0.095238 0.107784 0.083333 0.033058 0.084112 0.050420 0.000000 0.000000 0.000000 0.000000 0.073171 0.108108 0.338583 0.151261 0.057143 0.000000 0.077586 0.024590 0.000000 0.000000 0.000000 0.000000 0.077586 0.000000 0.072072 0.000000 0.000000 0.247788 0.000000 1.000000 0.000000 0.069124 0.000000 0.050420 0.000000 0.000000 0.392000 0.024590 0.000000 0.773585 0.030534 0.000000 0.000000 0.127820 0.000000 0.090226 0.077586 0.000000 0.000000 0.000000 0.076923 0.220721 0.048387 0.112150 0.271186 0.000000 0.000000 0.171429 0.000000 0.026316 0.057143 0.000000 0.097561 0.060948 0.000000 0.056818 0.061350 0.000000 0.069124 0.020080 0.000000 0.000000 0.000000 0.065502 0.000000 0.247788 0.000000 0.037383 0.070922 0.073770 0.000000 0.024590 0.034783 0.000000 0.065646 0.112150 0.220721 0.073620 0.121951 0.086957 0.000000 0.077586 0.091603 0.053097 0.000000 0.050420 0.050420 0.027778 0.159292 0.000000 0.035088 0.000000 0.247788 0.000000 0.051282 0.066667 0.057471 0.075000 0.000000 0.069124 0.000000 0.112150 0.000000 0.022727 0.099010 0.024590 0.000000 0.000000 0.056738 0.083333 0.000000
0.000000 0.000000 0.000000 0.000000 0.000000 0.000000 0.000000 0.000000 0.000000 0.000000 0.000000 0.000000 0.000000 0.000000 0.000000 0.000000 0.000000 0.000000 0.000000 0.000000 0.000000 0.000000 0.000000 0.000000 0.189474 0.000000 0.000000 0.000000 0.000000 0.000000 0.000000 0.000000 0.000000 0.000000 0.000000 0.061856 0.189474 0.000000 0.000000 0.000000 0.000000 0.064378 0.059406 0.000000 0.000000 0.000000 0.000000 0.041667 0.000000 0.000000 0.000000 0.000000 0.000000 0.047872 0.000000 0.000000 0.000000 0.000000 0.189474 0.000000 0.000000 0.000000 0.000000 0.000000 0.000000 0.076923 0.000000 0.000000 0.000000 0.000000 0.000000 0.038961 0.000000 0.000000 0.000000 0.000000 0.000000 0.000000 0.000000 0.000000 0.000000 0.000000 0.000000 0.320755 0.000000 0.000000 0.000000 0.000000 0.000000 0.000000 0.000000 0.000000 0.000000 0.000000 0.000000 0.000000 0.000000 0.000000 0.043478 0.000000 0.000000 0.052326 0.000000 0.000000 0.000000 0.000000 0.320755 0.000000 0.000000 0.000000 0.052326 0.000000 0.000000 0.000000 0.000000 0.038462 0.241706 0.000000 0.000000 0.000000 0.000000 0.000000 0.000000 0.000000 0.061856 0.000000 0.036036 0.000000 0.000000 0.000000 0.000000 0.000000 0.000000 0.000000 0.000000 0.000000 0.000000 0.053571 0.064378 0.357895 0.000000 0.047872 0.090090 0.000000 0.000000 0.000000 0.000000 0.053571 0.000000 0.214106 0.000000 0.352941 0.268139 0.000000 0.218750 0.072993 0.000000 0.307692 0.000000 0.000000 0.000000 0.000000 0.000000 0.000000 0.000000 0.000000 0.000000 0.000000 0.000000 0.000000 0.000000 0.000000 0.000000 0.000000 0.000000 0.000000 0.000000 0.000000 0.000000 0.320755 0.000000 0.000000 0.268139 0.000000 1.000000 0.000000 0.000000 0.000000 0.000000 0.000000 0.000000 0.043478 0.066667 0.000000 0.059406 0.000000 0.116883 0.000000 0.320755 0.000000 0.000000 0.000000 0.000000 0.038462 0.020000 0.000000 0.191489 0.000000 0.000000 0.219512 0.000000 0.000000 0.000000 0.000000 0.000000 0.000000 0.000000 0.000000 0.000000 0.250000 0.000000 0.000000 0.000000 0.000000 0.000000 0.000000 0.000000 0.000000 0.000000 0.000000 0.000000 0.000000 0.000000 0.000000 0.000000 0.000000 0.000000 0.000000 0.000000 0.000000 0.000000 0.000000 0.000000 0.000000 0.000000 0.000000 0.000000 0.000000 0.000000 0.000000 0.000000 0.105263 0.000000 0.000000 0.000000 0.000000 0.000000 0.000000 0.000000 0.000000 0.029851 0.000000 0.000000 0.000000 0.000000 0.000000 0.066667 0.000000 0.000000 0.043478 0.000000 0.000000 0.036036 0.000000 0.065217
0.010601 0.000000 0.000000 0.034014 0.000000 0.000000 0.000000 0.044118 0.019608 0.000000 0.044118 0.000000 0.000000 0.000000 0.000000 0.000000 0.009141 0.000000 0.000000 0.000000 0.000000 0.121951 0.000000 0.000000 0.018868 0.062069 0.000000 0.062937 0.000000 0.000000 0.000000 0.000000 0.020134 0.028571 0.045802 0.030675 0.018868 0.080460 0.017341 0.104478 0.020134 0.306931 0.029240 0.035088 0.000000 0.000000 0.000000 0.252918 0.069124 0.000000 0.000000 0.044776 0.000000 0.012739 0.000000 0.000000 0.000000 0.226891 0.018868 0.000000 0.011628 0.000000 0.000000 0.093333 0.000000 0.034602 0.000000 0.000000 0.000000 0.000000 0.044118 0.000000 0.009141 0.019608 0.072000 0.104895 0.000000 0.377246 0.072000 0.061224 0.062069 0.028571 0.000000 0.000000 0.000000 0.000000 0.000000 0.000000 0.000000 0.104895 0.000000 0.000000 0.010601 0.000000 0.000000 0.000000 0.063830 0.000000 0.019608 0.000000 1.000000 0.014184 0.226891 0.019608 0.031847 0.000000 0.000000 0.093333 0.055901 0.000000 0.014184 0.000000 0.121951 0.038961 0.000000 0.000000 0.000000 0.047619 0.000000 0.000000 0.000000 0.000000 0.000000 0.000000 0.030675 0.000000 0.000000 0.000000 0.000000 0.034014 0.044118 0.034014 0.058065 0.000000 0.000000 0.104478 0.034014 0.025907 0.306931 0.018868 0.010601 0.012739 0.026178 0.000000 0.000000 0.009141 0.000000 0.025907 0.000000 0.000000 0.000000 0.000000 0.000000 0.000000 0.000000 0.111111 0.000000 0.000000 0.000000 0.061224 0.000000 0.000000 0.000000 0.000000 0.019355 0.000000 0.092025 0.000000 0.075630 0.000000 0.148936 0.019608 0.000000 0.000000 0.000000 0.000000 0.319149 0.000000 0.000000 0.000000 0.000000 0.066667 0.000000 0.069124 0.000000 1.000000 0.000000 0.061224 0.000000 0.000000 0.169811 0.019608 0.000000 0.066079 0.029240 0.000000 0.000000 0.000000 0.000000 0.085714 0.063830 0.000000 0.000000 0.000000 0.396450 0.045802 0.000000 0.121951 0.062069 0.000000 0.000000 0.000000 0.000000 0.000000 0.000000 0.000000 0.096774 0.080460 0.000000 0.358382 0.404255 0.000000 0.492063 0.012658 0.000000 0.000000 0.000000 0.043478 0.000000 0.066667 0.000000 0.000000 0.000000 0.000000 0.000000 0.019608 0.000000 0.000000 0.000000 0.121951 0.045802 0.063830 0.058065 0.082251 0.000000 0.319149 0.087719 0.066667 0.000000 0.061224 0.000000 0.025381 0.000000 0.000000 0.036496 0.000000 0.066667 0.000000 0.000000 0.104478 0.364706 0.060403 0.000000 0.492063 0.000000 0.121951 0.000000 0.017341 0.000000 0.019608 0.000000 0.000000 0.267016 0.360000 0.000000
0.000000 0.000000 0.000000 0.000000 0.000000 0.300940 0.567568 0.000000 0.000000 0.000000 0.000000 0.192000 0.000000 0.000000 0.000000 0.000000 0.169252 0.000000 0.000000 0.000000 0.000000 0.000000 0.187354 0.000000 0.000000 0.000000 0.000000 0.000000 0.000000 0.000000 0.000000 0.000000 0.253298 0.000000 0.000000 0.000000 0.000000 0.000000 0.074941 0.000000 0.253298 0.000000 0.000000 0.000000 0.300940 0.000000 0.000000 0.000000 0.000000 0.000000 0.186047 0.000000 0.000000 0.000000 0.000000 0.000000 0.000000 0.000000 0.000000 0.000000 0.000000 0.000000 0.000000 0.000000 0.000000 0.000000 0.000000 0.000000 0.256000 0.000000 0.000000 0.000000 0.169252 0.000000 0.000000 0.000000 0.000000 0.000000 0.000000 0.000000 0.000000 0.000000 0.000000 0.000000 0.000000 0.000000 0.000000 0.000000 0.000000 0.000000 0.000000 0.000000 0.000000 0.000000 0.300940 0.000000 0.000000 0.000000 0.000000 0.000000 0.000000 0.000000 0.000000 0.000000 0.000000 0.000000 0.000000 0.180791 0.000000 0.000000 0.000000 0.000000 0.000000 0.000000 0.133705 0.000000 0.000000 0.000000 0.000000 0.000000 0.000000 0.000000 0.000000 0.000000 0.000000 0.000000 0.000000 0.000000 0.000000 0.000000 0.000000 0.000000 0.000000 0.000000 0.079404 0.000000 0.000000 0.000000 0.000000 0.000000 0.000000 0.000000 0.000000 0.000000 0.000000 0.169252 0.000000 0.000000 0.567568 0.000000 0.000000 0.000000 0.000000 0.000000 0.000000 0.000000 0.000000 0.000000 0.000000 0.000000 0.000000 0.000000 0.000000 0.000000 0.000000 0.000000 0.000000 0.000000 0.000000 0.000000 0.000000 0.000000 0.000000 0.000000 0.000000 0.000000 0.000000 0.000000 0.000000 0.000000 0.155039 0.000000 0.000000 0.000000 0.000000 0.000000 1.000000 0.000000 0.000000 0.220183 0.000000 0.000000 0.000000 0.000000 0.000000 0.277045 0.000000 0.000000 0.000000 0.000000 0.000000 0.000000 0.000000 0.000000 0.000000 0.000000 0.000000 0.000000 0.000000 0.000000 0.000000 0.000000 0.000000 0.000000 0.000000 0.000000 0.000000 0.000000 0.000000 0.000000 0.000000 0.000000 0.000000 0.000000 0.000000 0.044855 0.000000 0.000000 0.000000 0.000000 0.000000 0.000000 0.000000 0.000000 0.000000 0.000000 0.000000 0.000000 0.000000 0.000000 0.000000 0.000000 0.000000 0.000000 0.000000 0.000000 0.000000 0.000000 0.273504 0.000000 0.000000 0.000000 0.000000 0.000000 0.000000 0.000000 0.000000 0.000000 0.000000 0.000000 0.000000 0.000000 0.220183 0.000000 0.000000 0.000000 0.000000 0.074941 0.000000 0.000000 0.000000 0.000000 0.000000 0.000000 0.023256
0.156923 0.000000 0.000000 0.214286 0.000000 0.000000 0.000000 0.057325 0.172414 0.000000 0.057325 0.000000 0.000000 0.000000 0.000000 0.000000 0.156894 0.000000 0.000000 0.000000 0.000000 0.083333 0.000000 0.000000 0.166667 0.060241 0.000000 0.292683 0.000000 0.000000 0.000000 0.000000 0.176471 0.183673 0.059211 0.195652 0.166667 0.056106 0.154639 0.135135 0.176471 0.116592 0.187500 0.046875 0.000000 0.000000 0.123288 0.129496 0.050420 0.000000 0.000000 0.058065 0.000000 0.151685 0.000000 0.000000 0.000000 0.114286 0.166667 0.000000 0.139896 0.000000 0.111111 0.052632 0.000000 0.072508 0.025862 0.000000 0.000000 0.000000 0.057325 0.000000 0.156894 0.172414 0.068493 0.073171 0.040000 0.159574 0.068493 1.000000 0.060241 0.183673 0.000000 0.000000 0.000000 0.000000 0.000000 0.000000 0.000000 0.073171 0.000000 0.000000 0.156923 0.000000 0.000000 0.166667 0.061728 0.000000 0.172414 0.000000 0.061224 0.166667 0.114286 0.172414 0.151685 0.000000 0.000000 0.121951 0.054945 0.000000 0.166667 0.000000 0.083333 0.051429 0.000000 0.000000 0.000000 0.061224 0.000000 0.000000 0.000000 0.000000 0.000000 0.000000 0.195652 0.000000 0.000000 0.000000 0.000000 0.214286 0.057325 0.214286 0.056818 0.000000 0.000000 0.058065 0.214286 0.168224 0.116592 0.166667 0.156923 0.151685 0.169811 0.000000 0.000000 0.156894 0.000000 0.168224 0.000000 0.042440 0.000000 0.000000 0.000000 0.000000 0.000000 0.151515 0.000000 0.000000 0.000000 0.095238 0.000000 0.000000 0.000000 0.000000 0.170455 0.000000 0.065217 0.000000 0.342857 0.000000 0.061728 0.172414 0.000000 0.000000 0.000000 0.000000 0.061728 0.000000 0.091255 0.000000 0.000000 0.064103 0.000000 0.050420 0.000000 0.061224 0.000000 1.000000 0.000000 0.000000 0.088889 0.172414 0.000000 0.048387 0.187500 0.088235 0.000000 0.122449 0.000000 0.061224 0.061728 0.000000 0.000000 0.000000 0.063158 0.059211 0.000000 0.083333 0.060241 0.000000 0.000000 0.000000 0.000000 0.000000 0.000000 0.000000 0.068182 0.056106 0.000000 0.139175 0.140625 0.000000 0.061224 0.150838 0.000000 0.000000 0.000000 0.056604 0.000000 0.064103 0.000000 0.000000 0.000000 0.000000 0.230769 0.172414 0.000000 0.000000 0.000000 0.083333 0.059211 0.140625 0.056818 0.333333 0.000000 0.061728 0.156250 0.307692 0.000000 1.000000 0.000000 0.165138 0.000000 0.000000 0.797468 0.000000 0.064103 0.000000 0.073171 0.058065 0.141361 0.058824 0.000000 0.061224 0.000000 0.083333 0.000000 0.154639 0.000000 0.172414 0.000000 0.000000 0.141509 0.068493 0.000000
0.121739 0.000000 0.000000 0.056180 0.000000 0.000000 0.000000 0.000000 0.032609 0.000000 0.000000 0.000000 0.000000 0.000000 0.000000 0.000000 0.000000 0.000000 0.000000 0.000000 0.229167 0.000000 0.000000 0.000000 0.000000 0.000000 0.000000 0.000000 0.000000 0.000000 0.000000 0.000000 0.000000 0.087379 0.000000 0.000000 0.000000 0.000000 0.000000 0.000000 0.000000 0.000000 0.049505 0.000000 0.000000 0.463415 0.000000 0.000000 0.000000 0.000000 0.000000 0.000000 0.000000 0.000000 0.000000 0.235669 0.000000 0.000000 0.000000 0.000000 0.256158 0.000000 0.000000 0.000000 0.000000 0.000000 0.000000 0.000000 0.000000 0.000000 0.000000 0.000000 0.000000 0.097826 0.000000 0.000000 0.000000 0.030303 0.000000 0.000000 0.000000 0.087379 0.000000 0.000000 0.000000 0.038961 0.000000 0.000000 0.670588 0.000000 0.000000 0.000000 0.214493 0.000000 0.000000 0.000000 0.000000 0.000000 0.000000 0.000000 0.000000 0.000000 0.000000 0.000000 0.000000 0.000000 0.000000 0.000000 0.093750 0.000000 0.000000 0.000000 0.000000 0.000000 0.000000 0.000000 0.000000 0.000000 0.000000 0.000000 0.000000 0.000000 0.000000 0.000000 0.000000 0.066667 0.000000 0.000000 0.021277 0.056180 0.000000 0.000000 0.000000 0.000000 0.000000 0.000000 0.168539 0.000000 0.000000 0.000000 0.121739 0.000000 0.000000 0.000000 0.000000 0.000000 0.000000 0.000000 0.000000 0.000000 0.000000 0.000000 0.000000 0.000000 0.000000 0.000000 0.000000 0.000000 0.000000 0.101124 0.000000 0.000000 0.000000 0.000000 0.000000 0.000000 0.000000 0.000000 0.000000 0.000000 0.000000 0.097826 0.021277 0.066667 0.000000 0.000000 0.000000 0.020408 0.000000 0.000000 0.000000 0.000000 0.000000 0.000000 0.000000 0.000000 0.000000 0.000000 1.000000 0.000000 0.000000 0.000000 0.000000 0.000000 0.049505 0.000000 0.000000 0.000000 0.000000 0.000000 0.000000 0.000000 0.020408 0.000000 0.000000 0.000000 0.000000 0.000000 0.000000 0.000000 0.000000 0.000000 0.038961 0.000000 0.000000 0.000000 0.000000 0.000000 0.000000 0.000000 0.067669 0.032432 0.000000 0.000000 0.000000 0.000000 0.000000 0.000000 0.000000 0.000000 0.000000 0.000000 0.126126 0.000000 0.000000 0.097826 0.000000 0.000000 0.000000 0.000000 0.000000 0.000000 0.000000 0.000000 0.000000 0.000000 0.000000 0.108434 0.000000 0.000000 0.000000 0.000000 0.000000 0.000000 0.000000 0.052632 0.000000 0.000000 0.000000 0.000000 0.000000 0.000000 0.000000 0.000000 0.000000 0.000000 0.000000 0.000000 0.000000 0.000000 0.000000 0.000000 0.027027 0.000000 0.000000
0.000000 0.000000 0.000000 0.000000 0.000000 0.310345 0.000000 0.000000 0.000000 0.000000 0.000000 0.166667 0.000000 0.000000 0.000000 0.000000 0.134579 0.000000 0.000000 0.000000 0.000000 0.000000 0.164706 0.000000 0.000000 0.000000 0.000000 0.000000 0.000000 0.000000 0.000000 0.000000 0.246575 0.000000 0.000000 0.000000 0.000000 0.000000 0.070588 0.000000 0.246575 0.000000 0.000000 0.000000 0.310345 0.000000 0.000000 0.000000 0.000000 0.000000 0.160000 0.000000 0.000000 0.000000 0.000000 0.000000 0.000000 0.000000 0.000000 0.000000 0.000000 0.000000 0.000000 0.000000 0.000000 0.000000 0.000000 0.000000 0.083333 0.000000 0.000000 0.000000 0.134579 0.000000 0.000000 0.000000 0.000000 0.000000 0.000000 0.000000 0.000000 0.000000 0.000000 0.000000 0.000000 0.000000 0.000000 0.000000 0.000000 0.000000 0.000000 0.000000 0.000000 0.000000 0.310345 0.000000 0.000000 0.000000 0.000000 0.000000 0.000000 0.000000 0.000000 0.000000 0.000000 0.000000 0.000000 0.162162 0.000000 0.000000 0.000000 0.000000 0.000000 0.000000 0.147059 0.000000 0.000000 0.000000 0.000000 0.000000 0.000000 0.000000 0.000000 0.000000 0.000000 0.000000 0.000000 0.000000 0.000000 0.000000 0.000000 0.000000 0.000000 0.000000 0.075949 0.000000 0.000000 0.000000 0.000000 0.000000 0.000000 0.000000 0.000000 0.000000 0.000000 0.134579 0.000000 0.000000 0.000000 0.000000 0.000000 0.000000 0.000000 0.000000 0.000000 0.000000 0.000000 0.000000 0.000000 0.000000 0.000000 0.000000 0.000000 0.000000 0.000000 0.000000 0.000000 0.000000 0.000000 0.000000 0.000000 0.000000 0.000000 0.000000 0.000000 0.000000 0.000000 0.000000 0.000000 0.000000 0.280000 0.000000 0.000000 0.000000 0.000000 0.000000 0.220183 0.000000 0.000000 1.000000 0.000000 0.000000 0.000000 0.000000 0.000000 0.000000 0.000000 0.000000 0.000000 0.000000 0.000000 0.000000 0.000000 0.000000 0.000000 0.000000 0.000000 0.000000 0.000000 0.000000 0.000000 0.000000 0.000000 0.000000 0.000000 0.000000 0.000000 0.000000 0.000000 0.000000 0.000000 0.000000 0.000000 0.000000 0.000000 0.000000 0.000000 0.000000 0.000000 0.000000 0.000000 0.000000 0.000000 0.000000 0.000000 0.000000 0.000000 0.000000 0.000000 0.000000 0.000000 0.000000 0.000000 0.000000 0.000000 0.000000 0.000000 0.000000 0.272727 0.000000 0.000000 0.000000 0.000000 0.000000 0.000000 0.000000 0.000000 0.000000 0.000000 0.000000 0.000000 0.000000 0.200000 0.000000 0.000000 0.000000 0.000000 0.070588 0.000000 0.000000 0.000000 0.000000 0.000000 0.000000 0.000000
0.048711 0.000000 0.085106 0.066667 0.000000 0.000000 0.000000 0.455621 0.053763 0.000000 0.455621 0.000000 0.000000 0.000000 0.000000 0.000000 0.048601 0.000000 0.000000 0.000000 0.000000 0.230769 0.029126 0.000000 0.052083 0.505618 0.000000 0.159091 0.000000 0.000000 0.000000 0.000000 0.054945 0.057692 0.658537 0.061224 0.052083 0.155963 0.048544 0.128205 0.054945 0.114894 0.058824 0.529412 0.000000 0.000000 0.000000 0.103448 0.392000 0.000000 0.225806 0.161677 0.000000 0.047368 0.000000 0.000000 0.000000 0.315789 0.052083 0.000000 0.043902 0.000000 0.035088 0.147541 0.000000 0.067606 0.032787 0.000000 0.000000 0.000000 0.455621 0.000000 0.048601 0.053763 0.189873 0.818182 0.056604 0.140000 0.189873 0.088889 0.505618 0.057692 0.000000 0.000000 0.000000 0.000000 0.000000 0.000000 0.000000 0.818182 0.000000 0.042553 0.048711 0.000000 0.000000 0.000000 0.172414 0.000000 0.053763 0.000000 0.169811 0.051724 0.315789 0.053763 0.136842 0.000000 0.000000 0.116279 0.154639 0.000000 0.051724 0.000000 0.230769 0.144385 0.046512 0.000000 0.000000 0.169811 0.000000 0.000000 0.000000 0.000000 0.000000 0.138889 0.061224 0.000000 0.053571 0.113924 0.000000 0.066667 0.455621 0.066667 0.191489 0.000000 0.030928 0.161677 0.066667 0.053097 0.114894 0.052083 0.048711 0.047368 0.053571 0.000000 0.057692 0.048601 0.000000 0.053097 0.000000 0.039900 0.000000 0.000000 0.000000 0.000000 0.000000 0.173913 0.000000 0.000000 0.051282 0.088889 0.000000 0.000000 0.000000 0.000000 0.085106 0.000000 0.591837 0.000000 0.105263 0.000000 0.172414 0.053763 0.000000 0.000000 0.000000 0.000000 0.172414 0.000000 0.000000 0.000000 0.000000 0.714286 0.000000 0.392000 0.000000 0.169811 0.000000 0.088889 0.000000 0.000000 1.000000 0.053763 0.000000 0.446154 0.058824 0.000000 0.000000 0.173077 0.000000 0.173077 0.172414 0.000000 0.000000 0.000000 0.158416 0.658537 0.063158 0.230769 0.505618 0.000000 0.000000 0.000000 0.000000 0.035294 0.000000 0.000000 0.191489 0.155963 0.000000 0.131068 0.119403 0.000000 0.169811 0.047120 0.000000 0.000000 0.000000 0.157895 0.000000 0.714286 0.000000 0.000000 0.062500 0.000000 0.000000 0.053763 0.000000 0.000000 0.000000 0.230769 0.658537 0.134328 0.191489 0.151515 0.000000 0.172414 0.176471 0.095238 0.000000 0.088889 0.000000 0.052174 0.000000 0.000000 0.070588 0.000000 0.714286 0.000000 0.068182 0.161677 0.133005 0.164835 0.000000 0.169811 0.000000 0.230769 0.000000 0.048544 0.000000 0.053763 0.000000 0.000000 0.125000 0.189873 0.000000
0.044510 0.000000 0.000000 0.103448 0.000000 0.000000 0.000000 0.018405 0.066667 0.000000 0.018405 0.000000 0.000000 0.000000 0.000000 0.000000 0.041221 0.000000 0.000000 0.000000 0.000000 0.040000 0.000000 0.000000 0.193548 0.023256 0.000000 0.176471 0.000000 0.000000 0.000000 0.000000 0.068182 0.089109 0.018987 0.094737 0.193548 0.015873 0.060000 0.052632 0.068182 0.087336 0.090909 0.015152 0.000000 0.000000 0.000000 0.063380 0.024590 0.000000 0.000000 0.018634 0.000000 0.114130 0.000000 0.000000 0.000000 0.068493 0.193548 0.000000 0.045226 0.000000 0.000000 0.016949 0.000000 0.034985 0.000000 0.000000 0.000000 0.000000 0.018405 0.000000 0.041221 0.066667 0.026316 0.035294 0.000000 0.061856 0.026316 0.172414 0.023256 0.089109 0.000000 0.038710 0.000000 0.000000 0.000000 0.000000 0.000000 0.035294 0.000000 0.000000 0.044510 0.000000 0.000000 0.000000 0.023810 0.000000 0.066667 0.000000 0.019608 0.125000 0.068493 0.066667 0.048913 0.000000 0.038710 0.047619 0.021277 0.000000 0.125000 0.000000 0.040000 0.016575 0.000000 0.118421 0.028986 0.019608 0.000000 0.000000 0.000000 0.000000 0.000000 0.000000 0.094737 0.000000 0.000000 0.000000 0.000000 0.103448 0.018405 0.103448 0.021978 0.000000 0.000000 0.018634 0.103448 0.081818 0.087336 0.193548 0.044510 0.114130 0.412844 0.000000 0.000000 0.041221 0.000000 0.081818 0.000000 0.025707 0.000000 0.000000 0.032362 0.000000 0.000000 0.348148 0.000000 0.000000 0.000000 0.057471 0.000000 0.000000 0.000000 0.000000 0.065934 0.000000 0.031579 0.000000 0.205479 0.000000 0.023810 0.066667 0.000000 0.000000 0.000000 0.000000 0.023810 0.000000 0.000000 0.038710 0.000000 0.024691 0.032362 0.024590 0.043478 0.019608 0.000000 0.172414 0.000000 0.000000 0.053763 1.000000 0.000000 0.023622 0.090909 0.000000 0.000000 0.000000 0.038710 0.029703 0.023810 0.000000 0.000000 0.118421 0.030612 0.018987 0.000000 0.040000 0.023256 0.000000 0.000000 0.000000 0.000000 0.000000 0.000000 0.000000 0.032967 0.015873 0.000000 0.135000 0.068702 0.000000 0.019608 0.048649 0.000000 0.000000 0.000000 0.018182 0.000000 0.024691 0.000000 0.000000 0.000000 0.000000 0.000000 0.066667 0.000000 0.000000 0.000000 0.040000 0.018987 0.068702 0.021978 0.116279 0.000000 0.023810 0.060606 0.185185 0.000000 0.172414 0.000000 0.151786 0.000000 0.000000 0.109756 0.000000 0.024691 0.000000 0.000000 0.018634 0.045685 0.022727 0.000000 0.019608 0.000000 0.040000 0.000000 0.060000 0.000000 1.000000 0.000000 0.000000 0.055046 0.026316 0.000000
0.000000 0.000000 0.000000 0.000000 0.000000 0.000000 0.000000 0.000000 0.000000 0.000000 0.000000 0.000000 0.000000 0.000000 0.000000 0.000000 0.000000 0.000000 0.000000 0.000000 0.000000 0.000000 0.000000 0.000000 0.065789 0.000000 0.000000 0.000000 0.000000 0.000000 0.000000 0.000000 0.000000 0.000000 0.000000 0.000000 0.065789 0.000000 0.000000 0.000000 0.000000 0.046154 0.000000 0.000000 0.000000 0.000000 0.000000 0.000000 0.000000 0.000000 0.000000 0.000000 0.000000 0.060000 0.000000 0.000000 0.000000 0.000000 0.065789 0.000000 0.000000 0.000000 0.000000 0.000000 0.000000 0.061818 0.000000 0.000000 0.000000 0.000000 0.000000 0.310345 0.000000 0.000000 0.000000 0.000000 0.000000 0.000000 0.000000 0.000000 0.000000 0.000000 0.000000 0.074380 0.000000 0.000000 0.000000 0.000000 0.000000 0.000000 0.000000 0.000000 0.000000 0.000000 0.000000 0.000000 0.000000 0.000000 0.000000 0.000000 0.000000 0.067164 0.000000 0.000000 0.000000 0.000000 0.074380 0.000000 0.000000 0.000000 0.067164 0.000000 0.000000 0.000000 0.000000 0.000000 0.052023 0.000000 0.000000 0.000000 0.000000 0.000000 0.000000 0.000000 0.000000 0.000000 0.000000 0.000000 0.000000 0.000000 0.000000 0.000000 0.000000 0.000000 0.000000 0.000000 0.000000 0.000000 0.046154 0.065789 0.000000 0.060000 0.000000 0.000000 0.000000 0.000000 0.000000 0.000000 0.000000 0.052960 0.000000 0.000000 0.070539 0.000000 0.000000 0.000000 0.000000 0.000000 0.000000 0.000000 0.000000 0.000000 0.000000 0.000000 0.000000 0.000000 0.000000 0.000000 0.000000 0.000000 0.000000 0.000000 0.000000 0.000000 0.000000 0.000000 0.000000 0.000000 0.000000 0.074380 0.000000 0.000000 0.070539 0.000000 0.066667 0.000000 0.000000 0.000000 0.000000 0.000000 0.000000 0.000000 1.000000 0.000000 0.000000 0.000000 0.103448 0.000000 0.074380 0.000000 0.000000 0.000000 0.000000 0.000000 0.185185 0.000000 0.000000 0.000000 0.000000 0.000000 0.000000 0.000000 0.000000 0.000000 0.000000 0.000000 0.000000 0.000000 0.000000 0.054217 0.000000 0.000000 0.000000 0.000000 0.000000 0.000000 0.000000 0.000000 0.000000 0.000000 0.000000 0.000000 0.000000 0.000000 0.000000 0.000000 0.000000 0.000000 0.000000 0.000000 0.000000 0.000000 0.000000 0.000000 0.000000 0.000000 0.000000 0.000000 0.000000 0.000000 0.000000 0.052632 0.000000 0.000000 0.000000 0.000000 0.000000 0.000000 0.000000 0.000000 0.000000 0.000000 0.000000 0.000000 0.000000 0.000000 0.428571 0.000000 0.000000 0.000000 0.000000 0.000000 0.000000 0.000000 0.068493
0.018557 0.000000 0.184818 0.032258 0.077253 0.000000 0.000000 0.274262 0.023622 0.000000 0.274262 0.000000 0.031746 0.035714 0.000000 0.000000 0.017876 0.000000 0.000000 0.103448 0.000000 0.107143 0.021898 0.033898 0.023077 0.317073 0.000000 0.180328 0.163636 0.000000 0.076923 0.070866 0.024000 0.028986 0.258621 0.030303 0.023077 0.058315 0.021898 0.059603 0.024000 0.049505 0.029412 0.220588 0.000000 0.000000 0.000000 0.050279 0.773585 0.100840 0.165354 0.063830 0.049180 0.019380 0.000000 0.000000 0.000000 0.163636 0.023077 0.000000 0.018315 0.033333 0.027027 0.059761 0.000000 0.032587 0.025641 0.094118 0.000000 0.000000 0.274262 0.000000 0.017876 0.023622 0.079646 0.344262 0.042857 0.059701 0.079646 0.048387 0.317073 0.028986 0.086331 0.000000 0.078261 0.000000 0.000000 0.100840 0.000000 0.344262 0.054545 0.031250 0.018557 0.000000 0.000000 0.000000 0.074380 0.100840 0.023622 0.000000 0.066079 0.020661 0.163636 0.023622 0.054264 0.000000 0.000000 0.055215 0.068702 0.000000 0.020661 0.163636 0.107143 0.058824 0.033333 0.000000 0.000000 0.066079 0.079646 0.000000 0.000000 0.000000 0.000000 0.094340 0.030303 0.000000 0.041096 0.079646 0.000000 0.032258 0.274262 0.032258 0.125000 0.000000 0.022901 0.063830 0.032258 0.027211 0.049505 0.023077 0.018557 0.019380 0.027397 0.000000 0.043478 0.017876 0.000000 0.027211 0.000000 0.029795 0.000000 0.000000 0.000000 0.048387 0.091603 0.104651 0.079646 0.031746 0.089286 0.048387 0.000000 0.000000 0.000000 0.000000 0.078125 0.103448 0.393939 0.145161 0.054545 0.000000 0.074380 0.023622 0.000000 0.000000 0.000000 0.000000 0.074380 0.000000 0.069971 0.000000 0.000000 0.288136 0.000000 0.773585 0.000000 0.066079 0.000000 0.048387 0.000000 0.000000 0.446154 0.023622 0.000000 1.000000 0.029412 0.000000 0.000000 0.217391 0.000000 0.086957 0.074380 0.000000 0.000000 0.000000 0.074074 0.258621 0.046512 0.107143 0.317073 0.000000 0.000000 0.163636 0.000000 0.025210 0.054545 0.000000 0.093750 0.058315 0.000000 0.054745 0.059524 0.000000 0.066079 0.019305 0.000000 0.000000 0.000000 0.062762 0.000000 0.288136 0.000000 0.035714 0.075342 0.070866 0.000000 0.023622 0.033333 0.000000 0.062893 0.107143 0.258621 0.071429 0.125000 0.084337 0.000000 0.074380 0.088235 0.050847 0.000000 0.048387 0.048387 0.026846 0.152542 0.000000 0.033613 0.000000 0.288136 0.000000 0.049180 0.063830 0.055351 0.072000 0.000000 0.066079 0.000000 0.107143 0.000000 0.021898 0.094340 0.023622 0.000000 0.000000 0.054795 0.079646 0.000000
0.217158 0.000000 0.000000 0.375000 0.000000 0.000000 0.000000 0.027624 0.272727 0.000000 0.027624 0.000000 0.000000 0.000000 0.000000 0.000000 0.070151 0.000000 0.000000 0.000000 0.077670 0.047619 0.000000 0.000000 0.088235 0.031579 0.000000 0.191489 0.000000 0.000000 0.000000 0.000000 0.092784 0.272727 0.028409 0.346154 0.088235 0.025641 0.082569 0.073171 0.092784 0.097166 1.000000 0.023148 0.000000 0.056180 0.000000 0.238411 0.030534 0.000000 0.000000 0.027933 0.000000 0.074257 0.000000 0.052632 0.000000 0.073171 0.088235 0.000000 0.207373 0.000000 0.000000 0.025641 0.000000 0.094987 0.000000 0.000000 0.000000 0.000000 0.027624 0.000000 0.070151 0.272727 0.035294 0.042553 0.000000 0.254717 0.035294 0.187500 0.031579 0.272727 0.000000 0.000000 0.000000 0.071429 0.000000 0.000000 0.065217 0.042553 0.000000 0.000000 0.217158 0.000000 0.000000 0.000000 0.032258 0.000000 0.272727 0.000000 0.029240 0.080645 0.073171 0.090909 0.074257 0.000000 0.000000 0.066667 0.203883 0.000000 0.080645 0.000000 0.047619 0.025126 0.000000 0.000000 0.000000 0.029240 0.000000 0.000000 0.000000 0.000000 0.000000 0.000000 0.346154 0.097561 0.050847 0.000000 0.049505 0.375000 0.027624 0.125000 0.030000 0.000000 0.000000 0.027933 0.375000 0.302521 0.097166 0.088235 0.217158 0.074257 0.305085 0.000000 0.000000 0.070151 0.000000 0.302521 0.000000 0.000000 0.000000 0.130435 0.000000 0.000000 0.048544 0.263889 0.000000 0.061224 0.000000 0.125000 0.000000 0.000000 0.000000 0.000000 0.090000 0.000000 0.038462 0.000000 0.219512 0.000000 0.032258 0.272727 0.049505 0.097561 0.000000 0.000000 0.032258 0.047619 0.000000 0.000000 0.000000 0.033333 0.000000 0.030534 0.059406 0.029240 0.000000 0.187500 0.049505 0.000000 0.058824 0.090909 0.000000 0.029412 1.000000 0.000000 0.000000 0.000000 0.000000 0.036364 0.032258 0.000000 0.047619 0.000000 0.037383 0.028409 0.079208 0.047619 0.031579 0.089888 0.000000 0.000000 0.071429 0.000000 0.000000 0.000000 0.040000 0.025641 0.000000 0.068807 0.214286 0.060302 0.029240 0.073892 0.000000 0.000000 0.000000 0.027322 0.000000 0.033333 0.000000 0.000000 0.042373 0.000000 0.000000 0.272727 0.000000 0.000000 0.000000 0.047619 0.028409 0.085714 0.030000 0.130435 0.000000 0.032258 0.083333 0.600000 0.000000 0.187500 0.000000 0.297521 0.000000 0.000000 0.131868 0.078431 0.033333 0.000000 0.000000 0.027933 0.209302 0.030928 0.000000 0.029240 0.000000 0.047619 0.000000 0.082569 0.000000 0.090909 0.000000 0.000000 0.686441 0.035294 0.000000
0.000000 0.000000 0.000000 0.000000 0.000000 0.000000 0.563758 0.000000 0.000000 0.000000 0.000000 0.000000 0.000000 0.000000 0.000000 0.000000 0.000000 0.000000 0.000000 0.000000 0.000000 0.000000 0.000000 0.000000 0.000000 0.000000 0.000000 0.000000 0.000000 0.000000 0.000000 0.000000 0.000000 0.000000 0.000000 0.000000 0.000000 0.000000 0.000000 0.000000 0.000000 0.000000 0.000000 0.000000 0.000000 0.000000 0.060811 0.000000 0.000000 0.000000 0.000000 0.000000 0.000000 0.000000 0.000000 0.000000 0.000000 0.000000 0.000000 0.000000 0.000000 0.000000 0.068807 0.000000 0.000000 0.000000 0.012821 0.000000 0.000000 0.000000 0.000000 0.000000 0.000000 0.000000 0.000000 0.000000 0.024752 0.000000 0.000000 0.088235 0.000000 0.000000 0.000000 0.000000 0.000000 0.000000 0.000000 0.000000 0.000000 0.000000 0.000000 0.000000 0.000000 0.000000 0.000000 0.102740 0.000000 0.000000 0.000000 0.000000 0.000000 0.000000 0.000000 0.000000 0.000000 0.000000 0.000000 0.000000 0.000000 0.000000 0.000000 0.000000 0.000000 0.000000 0.000000 0.000000 0.000000 0.000000 0.000000 0.000000 0.000000 0.000000 0.000000 0.000000 0.000000 0.000000 0.000000 0.000000 0.000000 0.000000 0.000000 0.000000 0.000000 0.000000 0.000000 0.000000 0.000000 0.000000 0.000000 0.000000 0.000000 0.000000 0.000000 0.000000 0.000000 0.000000 0.000000 0.000000 0.563758 0.026247 0.000000 0.000000 0.000000 0.000000 0.000000 0.000000 0.000000 0.000000 0.000000 0.000000 0.000000 0.000000 0.000000 0.000000 0.000000 0.000000 0.000000 0.000000 0.000000 0.000000 0.000000 0.000000 0.000000 0.000000 0.000000 0.000000 0.000000 0.000000 0.056604 0.000000 0.000000 0.000000 0.000000 0.000000 0.000000 0.000000 0.277045 0.088235 0.000000 0.000000 0.000000 0.000000 0.000000 0.000000 0.000000 1.000000 0.000000 0.075758 0.000000 0.000000 0.000000 0.000000 0.000000 0.000000 0.000000 0.000000 0.000000 0.000000 0.000000 0.000000 0.000000 0.000000 0.000000 0.000000 0.000000 0.000000 0.000000 0.000000 0.000000 0.000000 0.000000 0.000000 0.000000 0.000000 0.000000 0.162791 0.000000 0.000000 0.000000 0.000000 0.000000 0.000000 0.000000 0.000000 0.170886 0.000000 0.000000 0.000000 0.000000 0.000000 0.000000 0.000000 0.000000 0.106299 0.000000 0.000000 0.000000 0.000000 0.000000 0.088235 0.000000 0.000000 0.000000 0.000000 0.056250 0.000000 0.000000 0.000000 0.054217 0.000000 0.000000 0.000000 0.000000 0.000000 0.000000 0.000000 0.000000 0.000000 0.000000 0.000000 0.000000 0.000000 0.000000 0.000000 0.090909
0.000000 0.000000 0.000000 0.000000 0.000000 0.000000 0.000000 0.000000 0.000000 0.000000 0.000000 0.000000 0.000000 0.000000 0.000000 0.000000 0.000000 0.000000 0.000000 0.000000 0.000000 0.000000 0.000000 0.000000 0.115385 0.000000 0.000000 0.000000 0.000000 0.000000 0.000000 0.000000 0.000000 0.000000 0.000000 0.000000 0.115385 0.000000 0.000000 0.000000 0.000000 0.165829 0.000000 0.000000 0.000000 0.000000 0.000000 0.000000 0.000000 0.000000 0.000000 0.000000 0.000000 0.227273 0.000000 0.000000 0.000000 0.000000 0.115385 0.000000 0.000000 0.000000 0.000000 0.000000 0.000000 0.222615 0.000000 0.000000 0.000000 0.000000 0.000000 0.066667 0.000000 0.000000 0.000000 0.000000 0.000000 0.000000 0.000000 0.000000 0.000000 0.000000 0.000000 0.120000 0.000000 0.000000 0.000000 0.000000 0.000000 0.000000 0.000000 0.000000 0.000000 0.000000 0.000000 0.000000 0.000000 0.000000 0.000000 0.000000 0.000000 0.253623 0.000000 0.000000 0.000000 0.000000 0.120000 0.000000 0.000000 0.000000 0.253623 0.000000 0.000000 0.000000 0.000000 0.000000 0.084746 0.000000 0.000000 0.000000 0.000000 0.000000 0.000000 0.000000 0.000000 0.000000 0.000000 0.000000 0.000000 0.000000 0.000000 0.000000 0.000000 0.000000 0.000000 0.000000 0.000000 0.000000 0.165829 0.115385 0.000000 0.227273 0.000000 0.000000 0.000000 0.000000 0.000000 0.000000 0.000000 0.082067 0.000000 0.000000 0.108434 0.000000 0.000000 0.000000 0.000000 0.000000 0.000000 0.000000 0.000000 0.000000 0.000000 0.000000 0.000000 0.000000 0.000000 0.000000 0.000000 0.000000 0.000000 0.000000 0.000000 0.000000 0.000000 0.000000 0.000000 0.000000 0.000000 0.120000 0.000000 0.000000 0.108434 0.000000 0.116883 0.000000 0.000000 0.000000 0.000000 0.000000 0.000000 0.000000 0.103448 0.000000 0.000000 0.000000 1.000000 0.000000 0.120000 0.000000 0.000000 0.000000 0.000000 0.000000 0.036145 0.000000 0.000000 0.000000 0.000000 0.000000 0.000000 0.000000 0.000000 0.000000 0.000000 0.000000 0.000000 0.000000 0.000000 0.088235 0.000000 0.000000 0.000000 0.000000 0.000000 0.000000 0.000000 0.000000 0.000000 0.000000 0.000000 0.000000 0.000000 0.000000 0.000000 0.000000 0.000000 0.000000 0.000000 0.000000 0.000000 0.000000 0.000000 0.000000 0.000000 0.000000 0.000000 0.000000 0.000000 0.000000 0.000000 0.195876 0.000000 0.000000 0.000000 0.000000 0.000000 0.000000 0.000000 0.000000 0.000000 0.000000 0.000000 0.000000 0.000000 0.000000 0.103448 0.000000 0.000000 0.000000 0.000000 0.000000 0.000000 0.000000 0.280000
0.000000 0.000000 0.047809 0.000000 0.099448 0.000000 0.000000 0.145946 0.000000 0.000000 0.145946 0.000000 0.040000 0.046512 0.000000 0.000000 0.000000 0.000000 0.000000 0.133333 0.000000 0.000000 0.000000 0.043478 0.000000 0.154639 0.000000 0.083333 0.214286 0.000000 0.098901 0.089109 0.000000 0.000000 0.141667 0.000000 0.000000 0.000000 0.000000 0.000000 0.000000 0.000000 0.000000 0.115909 0.000000 0.000000 0.103448 0.000000 0.127820 0.129032 0.148515 0.000000 0.062500 0.000000 0.000000 0.000000 0.000000 0.000000 0.000000 0.000000 0.000000 0.042553 0.098361 0.000000 0.000000 0.000000 0.023077 0.118227 0.000000 0.000000 0.145946 0.000000 0.000000 0.000000 0.000000 0.156250 0.035088 0.000000 0.000000 0.122449 0.154639 0.000000 0.106195 0.000000 0.101124 0.000000 0.000000 0.129032 0.000000 0.156250 0.071429 0.000000 0.000000 0.000000 0.000000 0.139535 0.000000 0.129032 0.000000 0.000000 0.000000 0.000000 0.000000 0.000000 0.000000 0.000000 0.000000 0.000000 0.000000 0.000000 0.000000 0.500000 0.000000 0.000000 0.000000 0.000000 0.000000 0.000000 0.103448 0.000000 0.000000 0.000000 0.000000 0.000000 0.000000 0.000000 0.000000 0.172414 0.000000 0.000000 0.145946 0.000000 0.049020 0.000000 0.000000 0.000000 0.000000 0.000000 0.000000 0.000000 0.000000 0.000000 0.000000 0.000000 0.000000 0.000000 0.000000 0.000000 0.000000 0.036952 0.000000 0.000000 0.000000 0.061224 0.114286 0.000000 0.103448 0.040000 0.069767 0.000000 0.000000 0.000000 0.000000 0.000000 0.049020 0.133333 0.169811 0.183673 0.000000 0.000000 0.000000 0.000000 0.000000 0.000000 0.000000 0.000000 0.000000 0.000000 0.384880 0.000000 0.000000 0.146739 0.000000 0.127820 0.000000 0.000000 0.000000 0.122449 0.000000 0.000000 0.173077 0.000000 0.000000 0.217391 0.000000 0.075758 0.000000 1.000000 0.000000 0.000000 0.000000 0.000000 0.000000 0.000000 0.000000 0.141667 0.000000 0.000000 0.154639 0.000000 0.000000 0.214286 0.000000 0.000000 0.071429 0.000000 0.000000 0.000000 0.000000 0.000000 0.000000 0.000000 0.000000 0.000000 0.000000 0.000000 0.000000 0.000000 0.000000 0.146739 0.000000 0.046512 0.041667 0.089109 0.195652 0.000000 0.042553 0.000000 0.080429 0.000000 0.141667 0.000000 0.049020 0.128571 0.000000 0.000000 0.000000 0.000000 0.000000 0.122449 0.061224 0.000000 0.195652 0.000000 0.096774 0.000000 0.146739 0.000000 0.062500 0.000000 0.000000 0.000000 0.000000 0.000000 0.000000 0.000000 0.000000 0.000000 0.125000 0.000000 0.000000 0.000000 0.000000 0.000000 0.000000
0.000000 0.000000 0.000000 0.000000 0.000000 0.000000 0.000000 0.000000 0.000000 0.000000 0.000000 0.000000 0.000000 0.000000 0.000000 0.000000 0.000000 0.000000 0.000000 0.000000 0.000000 0.000000 0.000000 0.000000 0.167702 0.000000 0.000000 0.000000 0.000000 0.000000 0.000000 0.000000 0.000000 0.000000 0.000000 0.000000 0.167702 0.000000 0.000000 0.000000 0.000000 0.029412 0.000000 0.000000 0.000000 0.000000 0.000000 0.000000 0.000000 0.000000 0.000000 0.000000 0.000000 0.037736 0.000000 0.000000 0.000000 0.000000 0.167702 0.000000 0.000000 0.000000 0.000000 0.000000 0.000000 0.030717 0.000000 0.000000 0.000000 0.000000 0.000000 0.040000 0.000000 0.000000 0.000000 0.000000 0.000000 0.000000 0.000000 0.000000 0.000000 0.000000 0.000000 0.261538 0.000000 0.000000 0.000000 0.000000 0.000000 0.000000 0.000000 0.000000 0.000000 0.000000 0.000000 0.000000 0.000000 0.000000 0.000000 0.000000 0.000000 0.041958 0.000000 0.000000 0.000000 0.000000 0.261538 0.000000 0.000000 0.000000 0.041958 0.000000 0.000000 0.000000 0.000000 0.031496 0.186813 0.000000 0.000000 0.000000 0.000000 0.000000 0.000000 0.000000 0.000000 0.000000 0.000000 0.000000 0.000000 0.000000 0.000000 0.000000 0.000000 0.000000 0.000000 0.000000 0.000000 0.000000 0.029412 0.316770 0.000000 0.037736 0.031088 0.000000 0.000000 0.000000 0.000000 0.000000 0.000000 0.150442 0.000000 0.000000 0.196911 0.000000 0.000000 0.024490 0.000000 0.000000 0.000000 0.000000 0.000000 0.000000 0.000000 0.000000 0.000000 0.000000 0.000000 0.000000 0.000000 0.000000 0.000000 0.000000 0.000000 0.000000 0.000000 0.000000 0.000000 0.000000 0.000000 0.261538 0.000000 0.000000 0.196911 0.000000 0.320755 0.000000 0.000000 0.000000 0.000000 0.000000 0.000000 0.038710 0.074380 0.000000 0.000000 0.000000 0.120000 0.000000 1.000000 0.000000 0.000000 0.000000 0.000000 0.031496 0.017544 0.000000 0.000000 0.000000 0.000000 0.000000 0.000000 0.000000 0.000000 0.000000 0.000000 0.000000 0.000000 0.000000 0.000000 0.194286 0.000000 0.000000 0.000000 0.000000 0.000000 0.000000 0.000000 0.000000 0.000000 0.000000 0.000000 0.000000 0.000000 0.000000 0.000000 0.000000 0.000000 0.000000 0.000000 0.000000 0.000000 0.000000 0.000000 0.000000 0.000000 0.000000 0.000000 0.000000 0.000000 0.000000 0.000000 0.045226 0.000000 0.000000 0.000000 0.000000 0.000000 0.000000 0.000000 0.000000 0.000000 0.000000 0.000000 0.000000 0.000000 0.000000 0.074380 0.000000 0.000000 0.038710 0.000000 0.000000 0.000000 0.000000 0.058065
0.023622 0.000000 0.000000 0.040816 0.000000 0.000000 0.000000 0.081081 0.029703 0.028571 0.081081 0.000000 0.000000 0.000000 0.000000 0.000000 0.022880 0.000000 0.000000 0.000000 0.000000 0.139535 0.000000 0.000000 0.028846 0.092784 0.000000 0.062500 0.000000 0.000000 0.000000 0.000000 0.030303 0.035714 0.083333 0.037736 0.028846 0.075209 0.027027 0.072000 0.030303 0.059761 0.036364 0.268182 0.000000 0.000000 0.000000 0.058824 0.090226 0.000000 0.000000 0.278689 0.000000 0.024272 0.000000 0.000000 0.000000 0.214286 0.028846 0.000000 0.022624 0.000000 0.000000 0.075377 0.055556 0.041344 0.000000 0.000000 0.040816 0.000000 0.081081 0.000000 0.022880 0.029703 0.103448 0.125000 0.000000 0.074074 0.195402 0.061224 0.092784 0.035714 0.000000 0.000000 0.000000 0.000000 0.000000 0.000000 0.000000 0.125000 0.000000 0.000000 0.023622 0.000000 0.000000 0.000000 0.347368 0.000000 0.029703 0.000000 0.085714 0.026316 0.214286 0.029703 0.116505 0.000000 0.000000 0.065693 0.161905 0.000000 0.026316 0.000000 0.558140 0.073892 0.000000 0.000000 0.000000 0.085714 0.000000 0.000000 0.000000 0.000000 0.000000 0.000000 0.037736 0.000000 0.000000 0.000000 0.135922 0.040816 0.081081 0.040816 0.088235 0.000000 0.000000 0.081967 0.040816 0.033058 0.059761 0.028846 0.023622 0.024272 0.033333 0.000000 0.035714 0.022880 0.000000 0.033058 0.000000 0.000000 0.000000 0.000000 0.000000 0.000000 0.000000 0.123288 0.000000 0.000000 0.000000 0.061224 0.000000 0.000000 0.125000 0.000000 0.029412 0.000000 0.113208 0.000000 0.071429 0.000000 0.094737 0.029703 0.058252 0.000000 0.000000 0.214286 0.094737 0.093458 0.000000 0.000000 0.000000 0.097826 0.000000 0.090226 0.000000 0.085714 0.000000 0.061224 0.000000 0.000000 0.173077 0.029703 0.000000 0.086957 0.036364 0.000000 0.000000 0.000000 0.000000 1.000000 0.347368 0.000000 0.037383 0.000000 0.091743 0.083333 0.000000 0.139535 0.092784 0.000000 0.000000 0.000000 0.000000 0.000000 0.000000 0.000000 0.117647 0.075209 0.000000 0.067568 0.070423 0.000000 0.085714 0.024155 0.000000 0.000000 0.000000 0.272727 0.000000 0.097826 0.000000 0.000000 0.000000 0.000000 0.000000 0.029703 0.000000 0.000000 0.000000 0.139535 0.083333 0.084507 0.088235 0.100000 0.000000 0.094737 0.254545 0.065217 0.000000 0.061224 0.000000 0.032520 0.000000 0.000000 0.043011 0.000000 0.097826 0.000000 0.000000 0.081967 0.068493 0.333333 0.000000 0.085714 0.000000 0.139535 0.000000 0.027027 0.000000 0.029703 0.000000 0.000000 0.066667 0.103448 0.000000
0.015974 0.000000 0.000000 0.037037 0.000000 0.000000 0.000000 0.059603 0.023810 0.000000 0.059603 0.000000 0.000000 0.000000 0.000000 0.000000 0.014827 0.000000 0.000000 0.000000 0.000000 0.130435 0.000000 0.000000 0.022989 0.075000 0.000000 0.063291 0.000000 0.000000 0.000000 0.000000 0.024390 0.031579 0.061644 0.033708 0.022989 0.051546 0.021277 0.055556 0.024390 0.041475 0.032258 0.048387 0.000000 0.000000 0.000000 0.044118 0.077586 0.000000 0.000000 0.302013 0.000000 0.017442 0.000000 0.000000 0.000000 0.223881 0.022989 0.000000 0.016043 0.000000 0.000000 0.054545 0.000000 0.037618 0.000000 0.000000 0.000000 0.000000 0.059603 0.000000 0.014827 0.023810 0.085714 0.113924 0.000000 0.054945 0.200000 0.061728 0.075000 0.031579 0.000000 0.000000 0.000000 0.000000 0.000000 0.000000 0.000000 0.113924 0.000000 0.000000 0.015974 0.000000 0.000000 0.000000 0.589744 0.000000 0.023810 0.000000 0.063830 0.019231 0.223881 0.023810 0.220930 0.000000 0.000000 0.050000 0.340909 0.000000 0.019231 0.000000 0.652174 0.053254 0.000000 0.000000 0.000000 0.063830 0.000000 0.000000 0.000000 0.000000 0.000000 0.000000 0.033708 0.000000 0.000000 0.000000 0.000000 0.037037 0.059603 0.037037 0.070588 0.000000 0.000000 0.060403 0.037037 0.028846 0.041475 0.022989 0.015974 0.017442 0.029126 0.000000 0.000000 0.014827 0.000000 0.028846 0.000000 0.000000 0.000000 0.000000 0.000000 0.000000 0.000000 0.116279 0.000000 0.000000 0.000000 0.061728 0.000000 0.000000 0.000000 0.000000 0.023529 0.000000 0.101124 0.000000 0.074627 0.000000 0.076923 0.023810 0.000000 0.000000 0.000000 0.000000 0.076923 0.000000 0.000000 0.000000 0.000000 0.080000 0.000000 0.077586 0.000000 0.063830 0.000000 0.061728 0.000000 0.000000 0.172414 0.023810 0.000000 0.074380 0.032258 0.000000 0.000000 0.000000 0.000000 0.347368 1.000000 0.000000 0.000000 0.000000 0.076087 0.061644 0.000000 0.130435 0.075000 0.000000 0.000000 0.000000 0.000000 0.000000 0.000000 0.000000 0.105882 0.051546 0.000000 0.047872 0.056000 0.000000 0.063830 0.017341 0.000000 0.000000 0.000000 0.424837 0.000000 0.080000 0.000000 0.000000 0.000000 0.000000 0.000000 0.023810 0.000000 0.000000 0.000000 0.130435 0.061644 0.072000 0.070588 0.089431 0.000000 0.076923 0.096774 0.066667 0.000000 0.061728 0.000000 0.028302 0.000000 0.000000 0.039474 0.000000 0.080000 0.000000 0.000000 0.060403 0.048649 0.512195 0.000000 0.063830 0.000000 0.130435 0.000000 0.021277 0.000000 0.023810 0.000000 0.000000 0.048544 0.085714 0.000000
0.000000 0.000000 0.000000 0.000000 0.000000 0.000000 0.000000 0.000000 0.000000 0.000000 0.000000 0.000000 0.000000 0.000000 0.000000 0.000000 0.000000 0.200000 0.000000 0.000000 0.000000 0.000000 0.000000 0.000000 0.000000 0.000000 0.103448 0.000000 0.000000 0.000000 0.000000 0.000000 0.000000 0.000000 0.000000 0.000000 0.000000 0.000000 0.000000 0.000000 0.000000 0.000000 0.000000 0.000000 0.000000 0.000000 0.000000 0.000000 0.000000 0.000000 0.000000 0.000000 0.000000 0.000000 0.000000 0.000000 0.000000 0.000000 0.000000 0.737705 0.000000 0.000000 0.000000 0.000000 0.000000 0.000000 0.000000 0.000000 0.000000 0.000000 0.000000 0.000000 0.000000 0.000000 0.000000 0.000000 0.000000 0.000000 0.000000 0.000000 0.000000 0.000000 0.000000 0.000000 0.000000 0.000000 0.000000 0.000000 0.000000 0.000000 0.000000 0.000000 0.000000 0.000000 0.000000 0.000000 0.000000 0.000000 0.000000 0.000000 0.000000 0.000000 0.000000 0.000000 0.000000 0.000000 0.000000 0.000000 0.000000 0.000000 0.000000 0.000000 0.000000 0.000000 0.000000 0.000000 0.000000 0.000000 0.000000 0.000000 0.000000 0.000000 0.000000 0.000000 0.000000 0.000000 0.000000 0.000000 0.000000 0.000000 0.000000 0.000000 0.000000 0.000000 0.000000 0.000000 0.000000 0.000000 0.000000 0.000000 0.000000 0.000000 0.000000 0.000000 0.000000 0.000000 0.000000 0.000000 0.000000 0.000000 0.000000 0.000000 0.000000 0.000000 0.000000 0.000000 0.000000 0.000000 0.000000 0.000000 0.000000 0.000000 0.000000 0.000000 0.000000 0.000000 0.000000 0.000000 0.000000 0.000000 0.000000 0.000000 0.000000 0.000000 0.000000 0.000000 0.000000 0.000000 0.000000 0.000000 0.000000 0.000000 0.000000 0.000000 0.000000 0.000000 0.000000 0.000000 0.000000 0.000000 0.000000 0.000000 0.000000 0.000000 0.000000 0.000000 0.000000 0.000000 0.000000 0.000000 0.000000 1.000000 0.000000 0.000000 0.000000 0.000000 0.000000 0.000000 0.000000 0.000000 0.066667 0.000000 0.000000 0.000000 0.000000 0.000000 0.000000 0.000000 0.000000 0.000000 0.000000 0.000000 0.000000 0.000000 0.034483 0.000000 0.185185 0.000000 0.050000 0.000000 0.000000 0.000000 0.000000 0.000000 0.000000 0.000000 0.000000 0.000000 0.000000 0.000000 0.000000 0.000000 0.000000 0.000000 0.000000 0.000000 0.000000 0.000000 0.000000 0.000000 0.000000 0.000000 0.000000 0.000000 0.000000 0.000000 0.000000 0.000000 0.000000 0.000000 0.000000 0.000000 0.000000 0.000000 0.103448 0.000000 0.000000 0.000000 0.000000 0.000000 0.000000 0.000000 0.000000 0.000000 0.000000
0.016620 0.000000 0.000000 0.053763 0.000000 0.000000 0.000000 0.000000 0.031250 0.066667 0.000000 0.000000 0.000000 0.000000 0.000000 0.000000 0.000000 0.000000 0.000000 0.000000 0.050000 0.000000 0.000000 0.000000 0.000000 0.000000 0.000000 0.000000 0.000000 0.000000 0.000000 0.000000 0.000000 0.028037 0.000000 0.000000 0.000000 0.000000 0.000000 0.000000 0.000000 0.000000 0.047619 0.038095 0.000000 0.023256 0.000000 0.000000 0.000000 0.000000 0.000000 0.000000 0.000000 0.000000 0.000000 0.018182 0.000000 0.000000 0.000000 0.000000 0.018957 0.000000 0.000000 0.000000 0.194175 0.000000 0.000000 0.000000 0.107527 0.000000 0.000000 0.000000 0.000000 0.031250 0.000000 0.000000 0.000000 0.087379 0.000000 0.000000 0.000000 0.028037 0.000000 0.000000 0.000000 0.111111 0.000000 0.000000 0.033708 0.000000 0.000000 0.000000 0.016620 0.000000 0.000000 0.000000 0.000000 0.000000 0.000000 0.000000 0.000000 0.000000 0.000000 0.000000 0.000000 0.000000 0.000000 0.000000 0.030000 0.000000 0.000000 0.000000 0.000000 0.000000 0.000000 0.000000 0.000000 0.000000 0.000000 0.000000 0.000000 0.000000 0.000000 0.000000 0.000000 0.189873 0.000000 0.000000 0.326531 0.161290 0.000000 0.000000 0.000000 0.000000 0.000000 0.000000 0.053763 0.000000 0.000000 0.000000 0.016620 0.000000 0.000000 0.000000 0.074766 0.000000 0.000000 0.000000 0.000000 0.000000 0.000000 0.000000 0.000000 0.000000 0.000000 0.000000 0.000000 0.000000 0.000000 0.032258 0.000000 0.000000 0.133333 0.000000 0.000000 0.000000 0.000000 0.000000 0.000000 0.000000 0.000000 0.031250 0.755102 0.189873 0.000000 0.075949 0.000000 0.411765 0.000000 0.000000 0.000000 0.000000 0.000000 0.000000 0.000000 0.000000 0.000000 0.000000 0.020408 0.000000 0.000000 0.000000 0.000000 0.000000 0.047619 0.000000 0.000000 0.000000 0.000000 0.037383 0.000000 0.000000 1.000000 0.000000 0.000000 0.000000 0.000000 0.000000 0.000000 0.000000 0.000000 0.000000 0.111111 0.000000 0.000000 0.000000 0.000000 0.000000 0.000000 0.000000 0.021898 0.217617 0.000000 0.000000 0.000000 0.000000 0.000000 0.000000 0.000000 0.000000 0.000000 0.000000 0.017391 0.000000 0.000000 0.031250 0.000000 0.000000 0.000000 0.000000 0.000000 0.000000 0.000000 0.000000 0.000000 0.000000 0.000000 0.103448 0.000000 0.000000 0.000000 0.000000 0.000000 0.000000 0.000000 0.151515 0.000000 0.000000 0.000000 0.000000 0.000000 0.000000 0.000000 0.000000 0.000000 0.000000 0.000000 0.000000 0.000000 0.000000 0.000000 0.000000 0.026087 0.000000 0.000000
0.000000 0.000000 0.000000 0.000000 0.000000 0.000000 0.000000 0.000000 0.000000 0.000000 0.000000 0.000000 0.000000 0.000000 0.000000 0.000000 0.000000 0.000000 0.000000 0.000000 0.000000 0.000000 0.000000 0.000000 0.037975 0.000000 0.000000 0.000000 0.000000 0.000000 0.000000 0.000000 0.000000 0.000000 0.000000 0.000000 0.037975 0.000000 0.000000 0.000000 0.000000 0.000000 0.000000 0.000000 0.000000 0.000000 0.000000 0.000000 0.000000 0.000000 0.000000 0.000000 0.000000 0.000000 0.000000 0.000000 0.000000 0.000000 0.037975 0.000000 0.000000 0.000000 0.000000 0.000000 0.000000 0.000000 0.000000 0.000000 0.000000 0.000000 0.000000 0.000000 0.000000 0.000000 0.000000 0.000000 0.000000 0.000000 0.000000 0.000000 0.000000 0.000000 0.000000 0.031496 0.000000 0.000000 0.000000 0.000000 0.000000 0.000000 0.000000 0.000000 0.000000 0.000000 0.000000 0.000000 0.000000 0.000000 0.000000 0.000000 0.000000 0.000000 0.000000 0.000000 0.000000 0.000000 0.031496 0.000000 0.000000 0.000000 0.000000 0.000000 0.000000 0.000000 0.000000 0.483871 0.022346 0.000000 0.000000 0.000000 0.000000 0.000000 0.000000 0.000000 0.000000 0.000000 0.000000 0.000000 0.000000 0.000000 0.000000 0.000000 0.000000 0.000000 0.000000 0.000000 0.000000 0.000000 0.000000 0.037975 0.000000 0.000000 0.094737 0.000000 0.000000 0.000000 0.000000 0.000000 0.000000 0.018018 0.000000 0.000000 0.023715 0.000000 0.000000 0.074380 0.000000 0.000000 0.000000 0.000000 0.000000 0.000000 0.000000 0.000000 0.000000 0.000000 0.000000 0.000000 0.000000 0.000000 0.000000 0.000000 0.000000 0.000000 0.000000 0.000000 0.000000 0.000000 0.000000 0.031496 0.000000 0.000000 0.023715 0.000000 0.038462 0.000000 0.000000 0.000000 0.000000 0.000000 0.000000 0.118421 0.000000 0.000000 0.000000 0.000000 0.000000 0.000000 0.031496 0.000000 0.000000 0.000000 0.000000 1.000000 0.000000 0.000000 0.000000 0.000000 0.000000 0.000000 0.000000 0.000000 0.000000 0.000000 0.000000 0.000000 0.000000 0.000000 0.000000 0.023256 0.000000 0.000000 0.000000 0.000000 0.000000 0.000000 0.000000 0.000000 0.000000 0.000000 0.000000 0.000000 0.000000 0.000000 0.000000 0.000000 0.000000 0.000000 0.000000 0.000000 0.000000 0.000000 0.000000 0.000000 0.000000 0.000000 0.000000 0.000000 0.000000 0.000000 0.000000 0.000000 0.000000 0.000000 0.000000 0.000000 0.000000 0.000000 0.000000 0.000000 0.000000 0.000000 0.000000 0.000000 0.000000 0.000000 0.000000 0.000000 0.000000 0.118421 0.000000 0.000000 0.000000 0.000000 0.000000
0.024390 0.000000 0.000000 0.042105 0.000000 0.000000 0.000000 0.061453 0.030612 0.000000 0.061453 0.000000 0.000000 0.000000 0.000000 0.000000 0.023644 0.000000 0.000000 0.000000 0.000000 0.265060 0.000000 0.000000 0.049505 0.074468 0.000000 0.064516 0.000000 0.000000 0.000000 0.000000 0.031250 0.036697 0.063218 0.038835 0.049505 0.141210 0.027778 0.155738 0.031250 0.285714 0.037383 0.051402 0.000000 0.000000 0.000000 0.273333 0.076923 0.000000 0.000000 0.062147 0.000000 0.040000 0.000000 0.000000 0.000000 0.444444 0.049505 0.000000 0.023256 0.000000 0.000000 0.150259 0.000000 0.056000 0.000000 0.000000 0.000000 0.000000 0.061453 0.108434 0.023644 0.030612 0.083333 0.107527 0.000000 0.323810 0.083333 0.063158 0.074468 0.036697 0.000000 0.017544 0.000000 0.000000 0.000000 0.000000 0.000000 0.107527 0.000000 0.000000 0.024390 0.000000 0.000000 0.000000 0.076087 0.000000 0.030612 0.000000 0.396450 0.043478 0.197531 0.030612 0.050000 0.000000 0.017544 0.097015 0.068627 0.000000 0.043478 0.000000 0.120482 0.116751 0.000000 0.000000 0.013453 0.065089 0.000000 0.000000 0.000000 0.000000 0.000000 0.000000 0.038835 0.000000 0.000000 0.000000 0.000000 0.042105 0.061453 0.042105 0.070707 0.000000 0.000000 0.163842 0.042105 0.033898 0.285714 0.049505 0.024390 0.040000 0.034188 0.000000 0.000000 0.023644 0.000000 0.033898 0.000000 0.011876 0.000000 0.000000 0.014663 0.000000 0.000000 0.251748 0.000000 0.000000 0.000000 0.063158 0.000000 0.000000 0.000000 0.000000 0.030303 0.000000 0.097087 0.000000 0.074074 0.000000 0.206522 0.030612 0.000000 0.000000 0.000000 0.000000 0.271739 0.000000 0.000000 0.017544 0.000000 0.078652 0.014663 0.076923 0.020000 0.396450 0.000000 0.063158 0.000000 0.000000 0.158416 0.030612 0.185185 0.074074 0.037383 0.000000 0.036145 0.000000 0.017544 0.091743 0.076087 0.000000 0.000000 0.000000 1.000000 0.063218 0.000000 0.120482 0.074468 0.000000 0.000000 0.000000 0.000000 0.000000 0.000000 0.000000 0.161616 0.141210 0.000000 0.324074 0.359712 0.000000 0.396450 0.024876 0.000000 0.000000 0.000000 0.060773 0.000000 0.078652 0.000000 0.000000 0.000000 0.000000 0.000000 0.030612 0.000000 0.000000 0.000000 0.120482 0.063218 0.115108 0.070707 0.131387 0.000000 0.271739 0.093458 0.067416 0.000000 0.063158 0.000000 0.050000 0.000000 0.000000 0.044444 0.000000 0.078652 0.000000 0.000000 0.163842 0.314554 0.072917 0.000000 0.396450 0.000000 0.265060 0.185185 0.027778 0.000000 0.030612 0.000000 0.000000 0.239316 0.297619 0.020408
0.010239 0.000000 0.062802 0.032895 0.000000 0.000000 0.000000 0.148936 0.018987 0.000000 0.148936 0.000000 0.000000 0.000000 0.000000 0.000000 0.008818 0.000000 0.000000 0.000000 0.000000 0.117188 0.014045 0.000000 0.018293 0.226667 0.000000 0.118243 0.000000 0.000000 0.000000 0.000000 0.019481 0.027778 0.294118 0.029762 0.018293 0.033210 0.016854 0.043689 0.019481 0.028986 0.028409 0.409091 0.000000 0.000000 0.000000 0.034351 0.220721 0.000000 0.110759 0.043165 0.000000 0.012346 0.000000 0.000000 0.000000 0.217742 0.018293 0.000000 0.011299 0.000000 0.022500 0.038710 0.000000 0.033445 0.020833 0.000000 0.000000 0.000000 0.148936 0.000000 0.008818 0.018987 0.069231 0.675676 0.046196 0.040698 0.069231 0.059211 0.226667 0.027778 0.000000 0.000000 0.000000 0.000000 0.000000 0.000000 0.000000 0.405405 0.000000 0.028125 0.010239 0.000000 0.000000 0.000000 0.061644 0.000000 0.018987 0.000000 0.045802 0.013699 0.217742 0.018987 0.030864 0.000000 0.000000 0.039130 0.054217 0.000000 0.013699 0.000000 0.117188 0.037736 0.031250 0.000000 0.000000 0.045802 0.000000 0.000000 0.000000 0.000000 0.000000 0.142241 0.029762 0.000000 0.043367 0.057692 0.000000 0.032895 0.148936 0.032895 0.071875 0.000000 0.015060 0.043165 0.032895 0.025253 0.028986 0.018293 0.010239 0.012346 0.025510 0.000000 0.047222 0.008818 0.000000 0.025253 0.000000 0.026087 0.000000 0.000000 0.000000 0.000000 0.000000 0.108871 0.000000 0.000000 0.035156 0.059211 0.000000 0.000000 0.000000 0.000000 0.034375 0.000000 0.357143 0.000000 0.072581 0.000000 0.061644 0.018987 0.000000 0.000000 0.000000 0.000000 0.061644 0.000000 0.000000 0.000000 0.000000 0.428571 0.000000 0.220721 0.000000 0.045802 0.000000 0.059211 0.000000 0.000000 0.658537 0.018987 0.000000 0.258621 0.028409 0.000000 0.000000 0.141667 0.000000 0.083333 0.061644 0.000000 0.000000 0.000000 0.063218 1.000000 0.052469 0.117188 0.226667 0.000000 0.000000 0.000000 0.000000 0.017606 0.000000 0.000000 0.093750 0.033210 0.000000 0.033708 0.045833 0.000000 0.045802 0.012270 0.000000 0.000000 0.000000 0.041958 0.000000 0.771429 0.000000 0.000000 0.035714 0.000000 0.000000 0.018987 0.000000 0.000000 0.000000 0.117188 1.000000 0.062500 0.071875 0.080508 0.000000 0.061644 0.085227 0.064286 0.000000 0.059211 0.000000 0.024752 0.000000 0.000000 0.035211 0.000000 0.428571 0.000000 0.057432 0.043165 0.034286 0.058442 0.000000 0.045802 0.000000 0.117188 0.000000 0.016854 0.000000 0.018987 0.000000 0.000000 0.035714 0.069231 0.000000
0.000000 0.000000 0.206009 0.000000 0.000000 0.000000 0.000000 0.053892 0.000000 0.000000 0.053892 0.000000 0.000000 0.000000 0.053097 0.000000 0.000000 0.000000 0.108434 0.000000 0.000000 0.000000 0.049020 0.000000 0.000000 0.056818 0.000000 0.000000 0.000000 0.000000 0.000000 0.000000 0.000000 0.000000 0.052469 0.082474 0.000000 0.000000 0.000000 0.000000 0.000000 0.042918 0.079208 0.042079 0.000000 0.000000 0.000000 0.055556 0.048387 0.000000 0.000000 0.000000 0.000000 0.000000 0.000000 0.000000 0.055556 0.000000 0.000000 0.000000 0.000000 0.000000 0.053097 0.000000 0.000000 0.056980 0.148760 0.000000 0.000000 0.084112 0.053892 0.000000 0.000000 0.000000 0.000000 0.057471 0.228571 0.000000 0.000000 0.000000 0.056818 0.000000 0.000000 0.000000 0.000000 0.000000 0.000000 0.000000 0.000000 0.057471 0.000000 0.193548 0.000000 0.000000 0.000000 0.000000 0.000000 0.000000 0.065217 0.000000 0.000000 0.000000 0.000000 0.000000 0.000000 0.000000 0.000000 0.000000 0.000000 0.000000 0.000000 0.000000 0.000000 0.000000 0.070588 0.000000 0.000000 0.000000 0.000000 0.000000 0.000000 0.032609 0.000000 0.169014 0.082474 0.000000 0.270270 0.000000 0.000000 0.000000 0.053892 0.000000 0.000000 0.000000 0.052083 0.000000 0.000000 0.071429 0.042918 0.000000 0.000000 0.000000 0.072072 0.000000 0.077670 0.000000 0.000000 0.071429 0.000000 0.181360 0.235955 0.670588 0.000000 0.000000 0.156250 0.058394 0.000000 0.197802 0.000000 0.000000 0.000000 0.000000 0.000000 0.000000 0.000000 0.000000 0.061856 0.000000 0.000000 0.000000 0.000000 0.000000 0.000000 0.000000 0.000000 0.000000 0.000000 0.000000 0.000000 0.000000 0.000000 0.054217 0.000000 0.048387 0.191489 0.000000 0.000000 0.000000 0.000000 0.000000 0.063158 0.000000 0.000000 0.046512 0.079208 0.000000 0.000000 0.000000 0.000000 0.000000 0.000000 0.000000 0.000000 0.000000 0.000000 0.052469 1.000000 0.000000 0.056818 0.463415 0.000000 0.000000 0.000000 0.178571 0.000000 0.000000 0.000000 0.000000 0.000000 0.000000 0.000000 0.000000 0.000000 0.000000 0.000000 0.000000 0.000000 0.000000 0.000000 0.054217 0.000000 0.000000 0.054054 0.000000 0.000000 0.000000 0.000000 0.000000 0.000000 0.000000 0.052469 0.000000 0.000000 0.000000 0.000000 0.000000 0.000000 0.000000 0.000000 0.000000 0.000000 0.070175 0.000000 0.000000 0.000000 0.000000 0.054217 0.000000 0.275862 0.000000 0.049751 0.000000 0.000000 0.000000 0.000000 0.000000 0.000000 0.000000 0.000000 0.000000 0.000000 0.000000 0.054054 0.000000 0.000000
0.032491 0.000000 0.000000 0.055556 0.000000 0.000000 0.000000 0.112782 0.040000 0.000000 0.112782 0.000000 0.000000 0.000000 0.000000 0.000000 0.031776 0.000000 0.000000 0.000000 0.000000 0.200000 0.000000 0.000000 0.038462 0.126761 0.000000 0.085714 0.000000 0.000000 0.000000 0.000000 0.041096 0.046512 0.117188 0.050000 0.038462 0.105882 0.035294 0.090909 0.041096 0.075377 0.047619 0.089286 0.000000 0.000000 0.000000 0.070866 0.112150 0.000000 0.000000 0.114504 0.000000 0.032468 0.000000 0.000000 0.000000 0.310345 0.038462 0.000000 0.029586 0.000000 0.000000 0.102041 0.000000 0.056537 0.000000 0.000000 0.000000 0.000000 0.112782 0.000000 0.031776 0.040000 0.147541 0.171429 0.000000 0.097561 0.147541 0.083333 0.126761 0.046512 0.000000 0.000000 0.000000 0.000000 0.000000 0.000000 0.000000 0.171429 0.000000 0.000000 0.032491 0.000000 0.000000 0.000000 0.130435 0.000000 0.040000 0.000000 0.121951 0.036232 0.310345 0.040000 0.090909 0.000000 0.000000 0.081081 0.113924 0.000000 0.036232 0.000000 0.200000 0.099338 0.000000 0.000000 0.000000 0.121951 0.000000 0.000000 0.000000 0.000000 0.000000 0.000000 0.050000 0.000000 0.000000 0.000000 0.000000 0.055556 0.112782 0.055556 0.118421 0.000000 0.000000 0.114504 0.055556 0.042105 0.075377 0.038462 0.032491 0.032468 0.042553 0.000000 0.000000 0.031776 0.000000 0.042105 0.000000 0.000000 0.000000 0.000000 0.000000 0.000000 0.000000 0.150000 0.000000 0.000000 0.000000 0.083333 0.000000 0.000000 0.000000 0.000000 0.039474 0.000000 0.150000 0.000000 0.103448 0.000000 0.130435 0.040000 0.000000 0.000000 0.000000 0.000000 0.130435 0.000000 0.000000 0.000000 0.000000 0.136364 0.000000 0.112150 0.000000 0.121951 0.000000 0.083333 0.000000 0.000000 0.230769 0.040000 0.000000 0.107143 0.047619 0.000000 0.000000 0.000000 0.000000 0.139535 0.130435 0.000000 0.000000 0.000000 0.120482 0.117188 0.000000 1.000000 0.126761 0.000000 0.000000 0.000000 0.000000 0.000000 0.000000 0.000000 0.157895 0.105882 0.000000 0.088235 0.086207 0.000000 0.121951 0.032258 0.000000 0.000000 0.000000 0.111111 0.000000 0.136364 0.000000 0.000000 0.000000 0.000000 0.000000 0.040000 0.000000 0.000000 0.000000 0.200000 0.117188 0.103448 0.118421 0.122807 0.000000 0.130435 0.142857 0.090909 0.000000 0.083333 0.000000 0.041237 0.000000 0.000000 0.059701 0.000000 0.136364 0.000000 0.000000 0.114504 0.089820 0.123288 0.000000 0.121951 0.000000 0.200000 0.000000 0.035294 0.000000 0.040000 0.000000 0.000000 0.085106 0.147541 0.000000
0.015576 0.000000 0.072398 0.036145 0.000000 0.000000 0.000000 0.483871 0.023256 0.000000 0.793548 0.000000 0.000000 0.000000 0.000000 0.000000 0.014446 0.000000 0.000000 0.000000 0.000000 0.126761 0.020833 0.000000 0.022472 0.609756 0.000000 0.123457 0.000000 0.000000 0.000000 0.000000 0.023810 0.030928 0.226667 0.032967 0.022472 0.050167 0.020833 0.054545 0.023810 0.040724 0.031579 0.178947 0.000000 0.000000 0.000000 0.043478 0.271186 0.000000 0.162791 0.058824 0.000000 0.017045 0.000000 0.000000 0.000000 0.217391 0.022472 0.000000 0.015707 0.000000 0.028037 0.053254 0.000000 0.036697 0.026087 0.000000 0.000000 0.000000 0.793548 0.000000 0.014446 0.023256 0.194444 0.358025 0.050505 0.053763 0.083333 0.060241 1.000000 0.030928 0.000000 0.000000 0.000000 0.000000 0.000000 0.000000 0.000000 0.358025 0.000000 0.034483 0.015576 0.000000 0.000000 0.000000 0.075000 0.000000 0.023256 0.000000 0.062069 0.018750 0.507246 0.023256 0.045455 0.000000 0.000000 0.049180 0.066667 0.000000 0.018750 0.000000 0.126761 0.052023 0.037975 0.000000 0.000000 0.144828 0.000000 0.000000 0.000000 0.000000 0.000000 0.138462 0.032967 0.000000 0.047619 0.083333 0.000000 0.036145 0.483871 0.036145 0.183908 0.000000 0.022222 0.058824 0.036145 0.028302 0.040724 0.022472 0.015576 0.017045 0.028571 0.000000 0.051546 0.014446 0.000000 0.028302 0.000000 0.032172 0.000000 0.000000 0.000000 0.000000 0.000000 0.114504 0.000000 0.000000 0.042254 0.060241 0.000000 0.000000 0.000000 0.000000 0.045977 0.000000 0.824176 0.000000 0.072464 0.000000 0.075000 0.023256 0.000000 0.000000 0.000000 0.000000 0.075000 0.000000 0.000000 0.000000 0.000000 0.272727 0.000000 0.271186 0.000000 0.062069 0.000000 0.060241 0.000000 0.000000 0.505618 0.023256 0.000000 0.317073 0.031579 0.000000 0.000000 0.154639 0.000000 0.092784 0.075000 0.000000 0.000000 0.000000 0.074468 0.226667 0.056818 0.126761 1.000000 0.000000 0.000000 0.000000 0.000000 0.025641 0.000000 0.000000 0.103448 0.050167 0.000000 0.046875 0.055118 0.000000 0.062069 0.016949 0.000000 0.000000 0.000000 0.057325 0.000000 0.272727 0.000000 0.000000 0.047619 0.000000 0.000000 0.023256 0.000000 0.000000 0.000000 0.295775 0.226667 0.070866 0.183908 0.088000 0.000000 0.075000 0.094737 0.064935 0.000000 0.060241 0.000000 0.027778 0.000000 0.000000 0.038462 0.000000 0.272727 0.000000 0.061728 0.058824 0.047619 0.071429 0.000000 0.062069 0.000000 0.126761 0.000000 0.020833 0.000000 0.023256 0.000000 0.000000 0.047619 0.083333 0.000000
0.000000 0.000000 0.000000 0.000000 0.000000 0.000000 0.000000 0.000000 0.000000 0.000000 0.000000 0.000000 0.000000 0.000000 0.059406 0.000000 0.000000 0.000000 0.126761 0.000000 0.000000 0.000000 0.000000 0.000000 0.000000 0.000000 0.000000 0.000000 0.000000 0.000000 0.000000 0.000000 0.000000 0.000000 0.000000 0.094118 0.000000 0.000000 0.000000 0.000000 0.000000 0.047847 0.089888 0.000000 0.000000 0.000000 0.000000 0.060606 0.000000 0.000000 0.000000 0.000000 0.000000 0.000000 0.000000 0.000000 0.062500 0.000000 0.000000 0.000000 0.000000 0.000000 0.000000 0.000000 0.000000 0.066007 0.000000 0.000000 0.000000 0.094737 0.000000 0.000000 0.000000 0.000000 0.000000 0.000000 0.000000 0.000000 0.000000 0.000000 0.000000 0.000000 0.000000 0.000000 0.000000 0.000000 0.000000 0.000000 0.000000 0.000000 0.000000 0.000000 0.000000 0.000000 0.000000 0.000000 0.000000 0.000000 0.075000 0.000000 0.000000 0.000000 0.000000 0.000000 0.000000 0.000000 0.000000 0.000000 0.000000 0.000000 0.000000 0.000000 0.000000 0.000000 0.000000 0.000000 0.000000 0.000000 0.000000 0.000000 0.000000 0.037500 0.000000 0.000000 0.094118 0.000000 0.060606 0.000000 0.000000 0.000000 0.000000 0.000000 0.000000 0.000000 0.000000 0.000000 0.000000 0.080000 0.047847 0.000000 0.000000 0.000000 0.080808 0.000000 0.000000 0.000000 0.000000 0.080000 0.000000 0.000000 0.272727 0.780822 0.000000 0.000000 0.178571 0.064000 0.000000 0.227848 0.000000 0.000000 0.000000 0.000000 0.000000 0.000000 0.000000 0.000000 0.000000 0.000000 0.000000 0.000000 0.000000 0.000000 0.000000 0.000000 0.000000 0.000000 0.000000 0.000000 0.000000 0.000000 0.000000 0.000000 0.000000 0.000000 0.219512 0.000000 0.000000 0.000000 0.000000 0.000000 0.000000 0.000000 0.000000 0.000000 0.089888 0.000000 0.000000 0.000000 0.000000 0.000000 0.000000 0.000000 0.000000 0.000000 0.000000 0.000000 0.463415 0.000000 0.000000 1.000000 0.000000 0.000000 0.000000 0.000000 0.000000 0.000000 0.000000 0.000000 0.000000 0.000000 0.000000 0.000000 0.000000 0.000000 0.000000 0.000000 0.000000 0.000000 0.000000 0.000000 0.000000 0.000000 0.000000 0.000000 0.000000 0.000000 0.000000 0.000000 0.000000 0.000000 0.000000 0.000000 0.000000 0.000000 0.000000 0.000000 0.000000 0.000000 0.000000 0.000000 0.000000 0.078431 0.000000 0.000000 0.000000 0.000000 0.000000 0.000000 0.000000 0.000000 0.056497 0.000000 0.000000 0.000000 0.000000 0.000000 0.000000 0.000000 0.000000 0.000000 0.000000 0.000000 0.060606 0.000000 0.000000
0.000000 0.000000 0.000000 0.000000 0.000000 0.000000 0.000000 0.000000 0.000000 0.000000 0.000000 0.000000 0.000000 0.000000 0.000000 0.000000 0.000000 0.066667 0.000000 0.000000 0.000000 0.000000 0.000000 0.000000 0.000000 0.000000 0.103448 0.000000 0.000000 0.000000 0.000000 0.000000 0.000000 0.000000 0.000000 0.000000 0.000000 0.000000 0.000000 0.000000 0.000000 0.000000 0.000000 0.000000 0.000000 0.000000 0.000000 0.000000 0.000000 0.000000 0.000000 0.000000 0.000000 0.000000 0.000000 0.000000 0.000000 0.000000 0.000000 0.049180 0.000000 0.000000 0.000000 0.000000 0.000000 0.000000 0.000000 0.000000 0.000000 0.000000 0.000000 0.000000 0.000000 0.000000 0.000000 0.000000 0.000000 0.000000 0.000000 0.000000 0.000000 0.000000 0.000000 0.000000 0.000000 0.000000 0.000000 0.000000 0.000000 0.000000 0.000000 0.000000 0.000000 0.000000 0.000000 0.000000 0.000000 0.000000 0.000000 0.000000 0.000000 0.000000 0.000000 0.000000 0.000000 0.000000 0.000000 0.000000 0.000000 0.000000 0.000000 0.000000 0.000000 0.000000 0.000000 0.000000 0.000000 0.000000 0.000000 0.000000 0.000000 0.000000 0.000000 0.000000 0.000000 0.000000 0.000000 0.000000 0.000000 0.000000 0.000000 0.000000 0.000000 0.000000 0.000000 0.000000 0.000000 0.000000 0.000000 0.000000 0.000000 0.000000 0.000000 0.000000 0.000000 0.000000 0.000000 0.000000 0.000000 0.000000 0.000000 0.000000 0.000000 0.000000 0.000000 0.000000 0.000000 0.000000 0.000000 0.000000 0.000000 0.000000 0.000000 0.000000 0.000000 0.000000 0.000000 0.000000 0.000000 0.000000 0.000000 0.000000 0.000000 0.000000 0.000000 0.000000 0.000000 0.000000 0.000000 0.000000 0.000000 0.000000 0.000000 0.000000 0.000000 0.000000 0.000000 0.000000 0.000000 0.000000 0.000000 0.000000 0.000000 0.000000 0.000000 0.000000 0.000000 0.000000 0.000000 0.000000 0.000000 0.066667 0.000000 0.000000 0.000000 0.000000 0.000000 0.000000 0.000000 0.000000 1.000000 0.000000 0.000000 0.000000 0.000000 0.000000 0.000000 0.000000 0.000000 0.000000 0.000000 0.000000 0.000000 0.000000 0.241379 0.000000 0.185185 0.000000 0.150000 0.000000 0.000000 0.000000 0.000000 0.000000 0.000000 0.000000 0.000000 0.000000 0.000000 0.000000 0.000000 0.000000 0.000000 0.000000 0.000000 0.000000 0.000000 0.000000 0.000000 0.000000 0.000000 0.000000 0.000000 0.000000 0.000000 0.000000 0.000000 0.000000 0.000000 0.000000 0.000000 0.000000 0.000000 0.000000 0.103448 0.000000 0.000000 0.000000 0.000000 0.000000 0.000000 0.000000 0.000000 0.000000 0.000000
0.000000 0.000000 0.000000 0.000000 0.240000 0.000000 0.000000 0.000000 0.000000 0.000000 0.000000 0.000000 0.083333 0.103448 0.000000 0.000000 0.000000 0.000000 0.000000 0.290323 0.000000 0.000000 0.000000 0.093750 0.000000 0.000000 0.000000 0.000000 0.428571 0.000000 0.238095 0.205479 0.000000 0.000000 0.000000 0.000000 0.000000 0.000000 0.000000 0.000000 0.000000 0.000000 0.000000 0.000000 0.000000 0.000000 0.000000 0.000000 0.171429 0.276923 0.000000 0.000000 0.117647 0.000000 0.000000 0.000000 0.000000 0.000000 0.000000 0.000000 0.000000 0.090909 0.000000 0.000000 0.000000 0.000000 0.000000 0.244898 0.000000 0.000000 0.000000 0.000000 0.000000 0.000000 0.000000 0.000000 0.000000 0.000000 0.000000 0.000000 0.000000 0.000000 0.211765 0.000000 0.245902 0.000000 0.000000 0.276923 0.000000 0.000000 0.142857 0.000000 0.000000 0.000000 0.000000 0.000000 0.000000 0.276923 0.000000 0.000000 0.000000 0.000000 0.000000 0.000000 0.000000 0.000000 0.000000 0.000000 0.000000 0.000000 0.000000 0.428571 0.000000 0.000000 0.000000 0.000000 0.000000 0.000000 0.254237 0.000000 0.000000 0.000000 0.000000 0.000000 0.000000 0.000000 0.000000 0.000000 0.000000 0.000000 0.000000 0.000000 0.000000 0.000000 0.000000 0.000000 0.000000 0.000000 0.000000 0.000000 0.000000 0.000000 0.000000 0.000000 0.000000 0.000000 0.000000 0.000000 0.000000 0.000000 0.000000 0.000000 0.000000 0.114286 0.233766 0.000000 0.254237 0.083333 0.000000 0.000000 0.000000 0.000000 0.000000 0.000000 0.000000 0.290323 0.000000 0.342857 0.000000 0.000000 0.000000 0.000000 0.000000 0.000000 0.000000 0.000000 0.000000 0.000000 0.153191 0.000000 0.000000 0.000000 0.000000 0.171429 0.000000 0.000000 0.000000 0.000000 0.000000 0.000000 0.000000 0.000000 0.000000 0.163636 0.000000 0.000000 0.000000 0.214286 0.000000 0.000000 0.000000 0.000000 0.000000 0.000000 0.000000 0.000000 0.000000 0.000000 0.000000 0.000000 0.000000 1.000000 0.000000 0.000000 0.142857 0.000000 0.000000 0.000000 0.000000 0.000000 0.000000 0.000000 0.000000 0.000000 0.000000 0.000000 0.000000 0.000000 0.000000 0.000000 0.000000 0.103448 0.000000 0.205479 0.000000 0.000000 0.090909 0.000000 0.206897 0.000000 0.000000 0.000000 0.000000 0.000000 0.000000 0.000000 0.000000 0.000000 0.000000 0.000000 0.114286 0.000000 0.375000 0.000000 0.000000 0.000000 0.000000 0.000000 0.000000 0.000000 0.000000 0.000000 0.000000 0.000000 0.000000 0.000000 0.000000 0.000000 0.230769 0.000000 0.000000 0.000000 0.000000 0.000000 0.000000
0.036101 0.000000 0.000000 0.083333 0.000000 0.000000 0.000000 0.000000 0.053333 0.000000 0.000000 0.000000 0.000000 0.000000 0.000000 0.000000 0.000000 0.000000 0.000000 0.000000 0.075949 0.000000 0.000000 0.000000 0.000000 0.000000 0.000000 0.000000 0.000000 0.000000 0.000000 0.000000 0.000000 0.046512 0.000000 0.000000 0.000000 0.000000 0.000000 0.000000 0.000000 0.000000 0.071429 0.000000 0.000000 0.046154 0.000000 0.000000 0.000000 0.000000 0.000000 0.000000 0.000000 0.000000 0.000000 0.040650 0.000000 0.000000 0.000000 0.000000 0.035503 0.000000 0.000000 0.000000 0.000000 0.000000 0.000000 0.000000 0.000000 0.000000 0.000000 0.000000 0.000000 0.053333 0.000000 0.000000 0.000000 0.146341 0.000000 0.000000 0.000000 0.046512 0.000000 0.000000 0.000000 0.200000 0.000000 0.000000 0.058824 0.000000 0.000000 0.000000 0.036101 0.000000 0.000000 0.000000 0.000000 0.000000 0.000000 0.000000 0.000000 0.000000 0.000000 0.000000 0.000000 0.000000 0.000000 0.000000 0.050633 0.000000 0.000000 0.000000 0.000000 0.000000 0.000000 0.000000 0.000000 0.000000 0.000000 0.000000 0.000000 0.000000 0.000000 0.000000 0.000000 0.310345 0.000000 0.000000 0.116883 0.250000 0.000000 0.000000 0.000000 0.000000 0.000000 0.000000 0.083333 0.000000 0.000000 0.000000 0.036101 0.000000 0.000000 0.000000 0.000000 0.000000 0.000000 0.000000 0.000000 0.000000 0.000000 0.000000 0.000000 0.000000 0.000000 0.000000 0.000000 0.000000 0.000000 0.055556 0.000000 0.000000 0.000000 0.000000 0.000000 0.000000 0.000000 0.000000 0.000000 0.000000 0.000000 0.053333 0.116883 0.310345 0.000000 0.000000 0.000000 0.111111 0.000000 0.000000 0.000000 0.000000 0.000000 0.000000 0.000000 0.000000 0.000000 0.000000 0.038961 0.000000 0.000000 0.000000 0.000000 0.000000 0.071429 0.000000 0.000000 0.000000 0.000000 0.000000 0.000000 0.000000 0.111111 0.000000 0.000000 0.000000 0.000000 0.000000 0.000000 0.000000 0.000000 0.000000 1.000000 0.000000 0.000000 0.000000 0.000000 0.000000 0.000000 0.000000 0.034483 0.158940 0.000000 0.000000 0.000000 0.000000 0.000000 0.000000 0.000000 0.000000 0.000000 0.000000 0.031915 0.000000 0.000000 0.053333 0.000000 0.000000 0.000000 0.000000 0.000000 0.000000 0.000000 0.000000 0.000000 0.000000 0.000000 0.151515 0.000000 0.000000 0.000000 0.000000 0.000000 0.000000 0.000000 0.230769 0.000000 0.000000 0.000000 0.000000 0.000000 0.000000 0.000000 0.000000 0.000000 0.000000 0.000000 0.000000 0.000000 0.000000 0.000000 0.000000 0.042553 0.000000 0.000000
0.000000 0.000000 0.140845 0.000000 0.034965 0.000000 0.000000 0.020408 0.000000 0.000000 0.020408 0.000000 0.000000 0.000000 0.000000 0.000000 0.000000 0.000000 0.000000 0.000000 0.000000 0.000000 0.021739 0.000000 0.000000 0.025641 0.000000 0.000000 0.000000 0.048780 0.000000 0.000000 0.000000 0.000000 0.017606 0.000000 0.000000 0.000000 0.000000 0.000000 0.000000 0.000000 0.000000 0.013736 0.000000 0.000000 0.000000 0.000000 0.026316 0.040541 0.000000 0.000000 0.000000 0.000000 0.077922 0.000000 0.040816 0.000000 0.000000 0.000000 0.000000 0.000000 0.029126 0.000000 0.000000 0.000000 0.081081 0.030303 0.000000 0.030928 0.020408 0.000000 0.000000 0.000000 0.000000 0.025974 0.157895 0.000000 0.000000 0.000000 0.025641 0.000000 0.000000 0.000000 0.000000 0.000000 0.070588 0.040541 0.000000 0.025974 0.000000 0.325301 0.000000 0.048193 0.000000 0.000000 0.000000 0.040541 0.000000 0.070588 0.000000 0.000000 0.000000 0.048780 0.000000 0.000000 0.000000 0.000000 0.000000 0.031915 0.000000 0.000000 0.000000 0.000000 0.040000 0.000000 0.000000 0.000000 0.000000 0.000000 0.040000 0.000000 0.000000 0.147541 0.000000 0.000000 0.148515 0.000000 0.000000 0.000000 0.020408 0.000000 0.000000 0.000000 0.023256 0.000000 0.000000 0.024510 0.000000 0.000000 0.000000 0.000000 0.000000 0.033113 0.053763 0.000000 0.059701 0.024510 0.000000 0.100840 0.000000 0.000000 0.000000 0.000000 0.000000 0.000000 0.000000 0.000000 0.000000 0.000000 0.029940 0.030303 0.000000 0.000000 0.000000 0.000000 0.034483 0.000000 0.000000 0.036585 0.000000 0.000000 0.000000 0.000000 0.000000 0.000000 0.000000 0.000000 0.000000 0.000000 0.000000 0.020548 0.000000 0.026316 0.000000 0.000000 0.000000 0.000000 0.000000 0.000000 0.035294 0.000000 0.000000 0.025210 0.000000 0.000000 0.000000 0.000000 0.000000 0.000000 0.000000 0.000000 0.000000 0.000000 0.000000 0.017606 0.178571 0.000000 0.025641 0.000000 0.000000 0.000000 0.000000 1.000000 0.000000 0.000000 0.000000 0.000000 0.000000 0.000000 0.000000 0.000000 0.000000 0.000000 0.032520 0.000000 0.000000 0.000000 0.045977 0.020548 0.000000 0.000000 0.029703 0.000000 0.000000 0.000000 0.000000 0.039604 0.030303 0.000000 0.017606 0.000000 0.000000 0.000000 0.032680 0.000000 0.032967 0.000000 0.000000 0.000000 0.000000 0.000000 0.000000 0.000000 0.000000 0.000000 0.020548 0.000000 0.194805 0.000000 0.000000 0.000000 0.000000 0.000000 0.000000 0.000000 0.000000 0.000000 0.000000 0.000000 0.000000 0.000000 0.000000 0.000000 0.000000
0.000000 0.000000 0.000000 0.000000 0.080000 0.000000 0.000000 0.000000 0.000000 0.000000 0.000000 0.000000 0.583333 0.724138 0.000000 0.000000 0.000000 0.000000 0.000000 0.290323 0.000000 0.000000 0.000000 0.281250 0.000000 0.000000 0.000000 0.000000 0.142857 0.000000 0.079365 0.205479 0.000000 0.000000 0.000000 0.000000 0.000000 0.000000 0.000000 0.000000 0.000000 0.000000 0.000000 0.000000 0.000000 0.000000 0.000000 0.000000 0.057143 0.092308 0.000000 0.000000 0.352941 0.000000 0.000000 0.000000 0.000000 0.000000 0.000000 0.000000 0.000000 0.636364 0.000000 0.000000 0.000000 0.000000 0.000000 0.081633 0.000000 0.000000 0.000000 0.000000 0.000000 0.000000 0.000000 0.000000 0.000000 0.000000 0.000000 0.000000 0.000000 0.000000 0.494118 0.000000 0.245902 0.000000 0.000000 0.092308 0.000000 0.000000 0.428571 0.000000 0.000000 0.000000 0.000000 0.000000 0.000000 0.092308 0.000000 0.000000 0.000000 0.000000 0.000000 0.000000 0.000000 0.000000 0.000000 0.000000 0.000000 0.000000 0.000000 0.142857 0.000000 0.000000 0.000000 0.000000 0.000000 0.000000 0.084746 0.000000 0.000000 0.000000 0.000000 0.000000 0.000000 0.000000 0.000000 0.000000 0.000000 0.000000 0.000000 0.000000 0.000000 0.000000 0.000000 0.000000 0.000000 0.000000 0.000000 0.000000 0.000000 0.000000 0.000000 0.000000 0.000000 0.000000 0.000000 0.000000 0.000000 0.000000 0.000000 0.000000 0.000000 0.342857 0.077922 0.000000 0.084746 0.583333 0.000000 0.000000 0.000000 0.000000 0.000000 0.000000 0.000000 0.290323 0.000000 0.114286 0.000000 0.000000 0.000000 0.000000 0.000000 0.000000 0.000000 0.000000 0.000000 0.000000 0.051064 0.000000 0.000000 0.000000 0.000000 0.057143 0.000000 0.000000 0.000000 0.000000 0.000000 0.000000 0.000000 0.000000 0.000000 0.054545 0.000000 0.000000 0.000000 0.071429 0.000000 0.000000 0.000000 0.000000 0.000000 0.000000 0.000000 0.000000 0.000000 0.000000 0.000000 0.000000 0.000000 0.142857 0.000000 0.000000 1.000000 0.000000 0.000000 0.000000 0.000000 0.000000 0.000000 0.000000 0.000000 0.000000 0.000000 0.000000 0.000000 0.000000 0.000000 0.000000 0.000000 0.724138 0.000000 0.205479 0.000000 0.000000 0.272727 0.000000 0.068966 0.000000 0.000000 0.000000 0.000000 0.000000 0.000000 0.000000 0.000000 0.000000 0.000000 0.000000 0.342857 0.000000 0.375000 0.000000 0.000000 0.000000 0.000000 0.000000 0.000000 0.000000 0.000000 0.000000 0.000000 0.000000 0.000000 0.000000 0.000000 0.000000 0.692308 0.000000 0.000000 0.000000 0.000000 0.000000 0.000000
0.000000 0.000000 0.000000 0.000000 0.000000 0.000000 0.000000 0.000000 0.000000 0.000000 0.000000 0.000000 0.000000 0.000000 0.452830 0.000000 0.000000 0.000000 0.078947 0.000000 0.000000 0.000000 0.000000 0.000000 0.000000 0.000000 0.000000 0.000000 0.000000 0.000000 0.000000 0.000000 0.000000 0.000000 0.000000 0.000000 0.000000 0.000000 0.000000 0.000000 0.000000 0.000000 0.000000 0.000000 0.000000 0.000000 0.000000 0.000000 0.000000 0.000000 0.000000 0.000000 0.000000 0.000000 0.000000 0.000000 0.000000 0.000000 0.000000 0.000000 0.000000 0.000000 0.000000 0.000000 0.000000 0.000000 0.315789 0.000000 0.000000 0.000000 0.000000 0.000000 0.000000 0.000000 0.000000 0.000000 0.489796 0.000000 0.000000 0.000000 0.000000 0.000000 0.000000 0.000000 0.000000 0.000000 0.000000 0.000000 0.000000 0.000000 0.000000 0.000000 0.000000 0.000000 0.000000 0.000000 0.000000 0.000000 0.000000 0.000000 0.000000 0.000000 0.000000 0.000000 0.000000 0.274286 0.000000 0.000000 0.000000 0.000000 0.000000 0.000000 0.000000 0.000000 0.000000 0.000000 0.000000 0.000000 0.000000 0.000000 0.000000 0.000000 0.000000 0.000000 0.000000 0.000000 0.000000 0.000000 0.000000 0.000000 0.000000 0.000000 0.000000 0.000000 0.000000 0.000000 0.000000 0.000000 0.000000 0.000000 0.000000 0.000000 0.000000 0.063694 0.000000 0.000000 0.000000 0.000000 0.000000 0.000000 0.000000 0.000000 0.000000 0.000000 0.000000 0.000000 0.000000 0.000000 0.000000 0.000000 0.057803 0.000000 0.000000 0.000000 0.000000 0.000000 0.000000 0.000000 0.000000 0.070588 0.000000 0.000000 0.000000 0.000000 0.000000 0.000000 0.000000 0.000000 0.000000 0.000000 0.000000 0.000000 0.000000 0.000000 0.000000 0.000000 0.000000 0.000000 0.000000 0.000000 0.000000 0.000000 0.000000 0.000000 0.000000 0.000000 0.000000 0.000000 0.000000 0.000000 0.000000 0.000000 0.000000 0.000000 0.000000 0.000000 0.000000 0.000000 0.000000 0.000000 0.000000 0.000000 0.000000 0.000000 0.000000 1.000000 0.000000 0.000000 0.000000 0.000000 0.000000 0.000000 0.000000 0.000000 0.000000 0.000000 0.000000 0.000000 0.000000 0.000000 0.000000 0.000000 0.000000 0.000000 0.000000 0.000000 0.000000 0.057692 0.000000 0.000000 0.000000 0.000000 0.000000 0.000000 0.000000 0.000000 0.000000 0.000000 0.000000 0.000000 0.000000 0.000000 0.000000 0.000000 0.000000 0.000000 0.000000 0.085714 0.000000 0.000000 0.000000 0.000000 0.000000 0.000000 0.000000 0.000000 0.000000 0.000000 0.000000 0.000000 0.000000 0.000000 0.000000 0.000000 0.000000
0.026393 0.000000 0.000000 0.045455 0.000000 0.000000 0.000000 0.090909 0.032967 0.000000 0.090909 0.000000 0.000000 0.000000 0.000000 0.000000 0.025641 0.000000 0.000000 0.000000 0.000000 0.289474 0.000000 0.000000 0.031915 0.103448 0.000000 0.069767 0.000000 0.000000 0.000000 0.000000 0.033708 0.039216 0.093750 0.041667 0.031915 0.210031 0.029703 0.217391 0.033708 0.064935 0.040000 0.075000 0.000000 0.000000 0.000000 0.286713 0.097561 0.000000 0.000000 0.092025 0.000000 0.026882 0.000000 0.000000 0.000000 0.486486 0.031915 0.000000 0.024876 0.000000 0.000000 0.217877 0.000000 0.046110 0.000000 0.000000 0.000000 0.000000 0.090909 0.000000 0.025641 0.032967 0.116883 0.139535 0.000000 0.081633 0.116883 0.068182 0.103448 0.039216 0.000000 0.000000 0.000000 0.000000 0.000000 0.000000 0.000000 0.139535 0.000000 0.000000 0.026393 0.000000 0.000000 0.000000 0.105882 0.000000 0.032967 0.000000 0.096774 0.029412 0.243243 0.032967 0.075269 0.000000 0.000000 0.070866 0.094737 0.000000 0.029412 0.000000 0.157895 0.431694 0.000000 0.000000 0.000000 0.096774 0.000000 0.000000 0.000000 0.000000 0.000000 0.000000 0.041667 0.000000 0.000000 0.000000 0.000000 0.045455 0.090909 0.045455 0.097826 0.000000 0.000000 0.239264 0.045455 0.036036 0.064935 0.031915 0.026393 0.026882 0.036364 0.000000 0.000000 0.025641 0.000000 0.036036 0.000000 0.000000 0.000000 0.000000 0.000000 0.000000 0.000000 0.264706 0.000000 0.000000 0.000000 0.068182 0.000000 0.000000 0.000000 0.000000 0.032609 0.000000 0.125000 0.000000 0.081081 0.000000 0.294118 0.032967 0.000000 0.000000 0.000000 0.000000 0.105882 0.000000 0.000000 0.000000 0.000000 0.109756 0.000000 0.097561 0.000000 0.096774 0.000000 0.068182 0.000000 0.000000 0.191489 0.032967 0.000000 0.093750 0.040000 0.000000 0.000000 0.000000 0.000000 0.117647 0.105882 0.000000 0.000000 0.000000 0.161616 0.093750 0.000000 0.157895 0.103448 0.000000 0.000000 0.000000 0.000000 0.000000 0.000000 0.000000 1.000000 0.210031 0.000000 0.074257 0.075758 0.000000 0.096774 0.026738 0.000000 0.000000 0.000000 0.089820 0.000000 0.109756 0.000000 0.000000 0.000000 0.000000 0.000000 0.032967 0.000000 0.000000 0.000000 0.157895 0.093750 0.696970 0.097826 0.723077 0.000000 0.105882 0.220000 0.073171 0.000000 0.068182 0.000000 0.035398 0.000000 0.000000 0.048193 0.000000 0.109756 0.000000 0.000000 0.239264 0.075377 0.101124 0.000000 0.096774 0.000000 0.289474 0.000000 0.029703 0.000000 0.032967 0.000000 0.000000 0.072727 0.116883 0.000000
0.006849 0.000000 0.000000 0.029703 0.000000 0.000000 0.000000 0.032028 0.015873 0.000000 0.032028 0.000000 0.000000 0.000000 0.000000 0.000000 0.005310 0.000000 0.000000 0.000000 0.000000 0.239216 0.000000 0.000000 0.015291 0.050167 0.000000 0.057627 0.000000 0.000000 0.000000 0.000000 0.016287 0.025070 0.033210 0.026866 0.015291 0.170370 0.014085 0.279805 0.016287 0.050847 0.025641 0.025641 0.000000 0.000000 0.000000 0.128107 0.060948 0.000000 0.000000 0.032491 0.000000 0.009288 0.000000 0.000000 0.000000 0.473684 0.015291 0.000000 0.008499 0.000000 0.000000 0.378641 0.000000 0.030201 0.000000 0.000000 0.000000 0.000000 0.032028 0.000000 0.005310 0.015873 0.057915 0.091525 0.000000 0.067055 0.057915 0.056106 0.050167 0.025070 0.000000 0.000000 0.000000 0.000000 0.000000 0.000000 0.000000 0.091525 0.000000 0.000000 0.006849 0.000000 0.000000 0.000000 0.051546 0.000000 0.015873 0.000000 0.080460 0.010309 0.206478 0.015873 0.021672 0.000000 0.000000 0.076253 0.045317 0.000000 0.010309 0.000000 0.105882 0.154574 0.000000 0.000000 0.000000 0.034483 0.000000 0.000000 0.000000 0.000000 0.000000 0.000000 0.026866 0.000000 0.000000 0.000000 0.000000 0.029703 0.032028 0.029703 0.047022 0.000000 0.000000 0.249097 0.029703 0.022785 0.050847 0.015291 0.006849 0.009288 0.023018 0.000000 0.000000 0.005310 0.000000 0.022785 0.000000 0.000000 0.000000 0.000000 0.000000 0.000000 0.000000 0.236364 0.000000 0.000000 0.000000 0.056106 0.000000 0.000000 0.000000 0.000000 0.015674 0.000000 0.080597 0.000000 0.068826 0.000000 0.395189 0.015873 0.000000 0.000000 0.000000 0.000000 0.120275 0.000000 0.000000 0.000000 0.000000 0.053763 0.000000 0.060948 0.000000 0.080460 0.000000 0.056106 0.000000 0.000000 0.155963 0.015873 0.000000 0.058315 0.025641 0.000000 0.000000 0.000000 0.000000 0.075209 0.051546 0.000000 0.000000 0.000000 0.141210 0.033210 0.000000 0.105882 0.050167 0.000000 0.000000 0.000000 0.000000 0.000000 0.000000 0.000000 0.210031 1.000000 0.000000 0.059155 0.081420 0.000000 0.080460 0.009231 0.000000 0.000000 0.000000 0.031579 0.000000 0.053763 0.000000 0.000000 0.000000 0.000000 0.000000 0.015873 0.000000 0.000000 0.000000 0.105882 0.033210 0.139875 0.047022 0.159236 0.000000 0.120275 0.173789 0.060932 0.000000 0.056106 0.000000 0.022333 0.000000 0.000000 0.031802 0.000000 0.053763 0.000000 0.000000 0.249097 0.060172 0.048860 0.000000 0.080460 0.000000 0.239216 0.000000 0.014085 0.000000 0.015873 0.000000 0.000000 0.058824 0.135135 0.000000
0.000000 0.428571 0.138462 0.000000 0.000000 0.000000 0.000000 0.000000 0.000000 0.000000 0.000000 0.000000 0.000000 0.000000 0.000000 0.000000 0.000000 0.000000 0.000000 0.000000 0.000000 0.000000 0.000000 0.281250 0.000000 0.000000 0.000000 0.000000 0.000000 0.068493 0.000000 0.000000 0.000000 0.000000 0.000000 0.000000 0.000000 0.000000 0.000000 0.000000 0.000000 0.000000 0.000000 0.000000 0.000000 0.000000 0.000000 0.000000 0.000000 0.000000 0.000000 0.000000 0.352941 0.000000 0.000000 0.000000 0.000000 0.000000 0.000000 0.000000 0.000000 0.000000 0.000000 0.000000 0.000000 0.000000 0.000000 0.000000 0.000000 0.000000 0.000000 0.000000 0.000000 0.000000 0.000000 0.000000 0.000000 0.000000 0.000000 0.000000 0.000000 0.000000 0.176471 0.000000 0.000000 0.000000 0.000000 0.000000 0.000000 0.000000 0.000000 0.000000 0.000000 0.081081 0.000000 0.000000 0.000000 0.000000 0.000000 0.000000 0.000000 0.000000 0.000000 0.000000 0.000000 0.000000 0.000000 0.000000 0.000000 0.000000 0.000000 0.000000 0.000000 0.000000 0.000000 0.000000 0.000000 0.000000 0.000000 0.254237 0.000000 0.068493 0.142857 0.000000 0.000000 0.000000 0.000000 0.000000 0.000000 0.000000 0.000000 0.000000 0.000000 0.000000 0.000000 0.000000 0.000000 0.000000 0.000000 0.000000 0.000000 0.000000 0.000000 0.000000 0.000000 0.000000 0.000000 0.000000 0.000000 0.000000 0.000000 0.000000 0.000000 0.085714 0.000000 0.000000 0.000000 0.000000 0.000000 0.000000 0.000000 0.000000 0.000000 0.000000 0.000000 0.000000 0.000000 0.257143 0.000000 0.000000 0.000000 0.000000 0.000000 0.000000 0.000000 0.000000 0.000000 0.000000 0.000000 0.000000 0.000000 0.000000 0.000000 0.000000 0.000000 0.000000 0.000000 0.000000 0.000000 0.000000 0.000000 0.000000 0.000000 0.000000 0.000000 0.000000 0.000000 0.000000 0.000000 0.000000 0.000000 0.000000 0.000000 0.000000 0.000000 0.000000 0.000000 0.000000 0.000000 0.000000 0.000000 0.000000 0.000000 0.000000 0.000000 0.000000 0.000000 0.000000 1.000000 0.000000 0.000000 0.000000 0.000000 0.000000 0.000000 0.211268 0.000000 0.000000 0.000000 0.000000 0.211268 0.000000 0.000000 0.000000 0.000000 0.000000 0.000000 0.000000 0.000000 0.000000 0.000000 0.000000 0.000000 0.000000 0.000000 0.000000 0.000000 0.000000 0.000000 0.000000 0.000000 0.000000 0.000000 0.000000 0.000000 0.000000 0.000000 0.000000 0.000000 0.000000 0.000000 0.000000 0.000000 0.000000 0.000000 0.000000 0.000000 0.000000 0.000000 0.000000 0.000000 0.000000 0.000000 0.000000 0.000000
0.023873 0.000000 0.000000 0.077320 0.000000 0.000000 0.000000 0.032787 0.045000 0.000000 0.032787 0.000000 0.000000 0.000000 0.000000 0.000000 0.020408 0.000000 0.000000 0.000000 0.000000 0.088235 0.000000 0.000000 0.349515 0.046875 0.000000 0.142105 0.000000 0.000000 0.000000 0.000000 0.045918 0.067568 0.033708 0.071429 0.349515 0.059155 0.040909 0.108871 0.045918 0.317269 0.068807 0.027523 0.000000 0.000000 0.000000 0.246711 0.056818 0.000000 0.000000 0.033149 0.000000 0.098039 0.000000 0.000000 0.000000 0.162651 0.349515 0.000000 0.027397 0.000000 0.000000 0.071066 0.000000 0.049608 0.000000 0.000000 0.000000 0.000000 0.032787 0.029412 0.020408 0.045000 0.052326 0.078947 0.000000 0.322430 0.052326 0.139175 0.046875 0.067568 0.000000 0.194286 0.000000 0.000000 0.000000 0.000000 0.000000 0.078947 0.000000 0.000000 0.023873 0.000000 0.000000 0.000000 0.047872 0.000000 0.045000 0.000000 0.358382 0.106383 0.162651 0.045000 0.044118 0.000000 0.194286 0.099265 0.043269 0.000000 0.106383 0.000000 0.088235 0.029851 0.000000 0.023256 0.149780 0.034682 0.000000 0.000000 0.000000 0.000000 0.000000 0.000000 0.071429 0.000000 0.000000 0.000000 0.000000 0.077320 0.032787 0.077320 0.044554 0.000000 0.000000 0.077348 0.077320 0.062500 0.317269 0.699029 0.023873 0.098039 0.138655 0.000000 0.000000 0.020408 0.000000 0.062500 0.000000 0.118881 0.000000 0.000000 0.146132 0.000000 0.000000 0.189655 0.000000 0.000000 0.000000 0.046392 0.000000 0.000000 0.000000 0.000000 0.044554 0.000000 0.071429 0.000000 0.162651 0.000000 0.111702 0.045000 0.000000 0.000000 0.000000 0.000000 0.239362 0.000000 0.000000 0.194286 0.000000 0.049451 0.146132 0.056818 0.250000 0.358382 0.000000 0.139175 0.000000 0.000000 0.131068 0.135000 0.054217 0.054745 0.068807 0.000000 0.088235 0.000000 0.194286 0.067568 0.047872 0.000000 0.000000 0.023256 0.324074 0.033708 0.000000 0.088235 0.046875 0.000000 0.000000 0.000000 0.000000 0.000000 0.000000 0.000000 0.074257 0.059155 0.000000 1.000000 0.372340 0.000000 0.358382 0.029268 0.000000 0.000000 0.000000 0.032432 0.000000 0.049451 0.000000 0.000000 0.000000 0.000000 0.000000 0.045000 0.000000 0.000000 0.000000 0.088235 0.033708 0.088652 0.044554 0.133094 0.000000 0.239362 0.087156 0.148352 0.000000 0.139175 0.000000 0.147541 0.000000 0.000000 0.081522 0.000000 0.049451 0.000000 0.000000 0.077348 0.304147 0.045918 0.000000 0.358382 0.000000 0.088235 0.054217 0.040909 0.000000 0.135000 0.000000 0.000000 0.239496 0.261628 0.045000
0.233533 0.000000 0.000000 0.234375 0.000000 0.000000 0.000000 0.044898 0.160305 0.000000 0.044898 0.000000 0.000000 0.000000 0.000000 0.000000 0.051882 0.000000 0.000000 0.000000 0.081481 0.086207 0.000000 0.000000 0.067164 0.055118 0.000000 0.142857 0.000000 0.000000 0.000000 0.000000 0.069767 0.788732 0.045833 0.205882 0.067164 0.081420 0.148936 0.135484 0.069767 0.334405 0.214286 0.039286 0.000000 0.074380 0.000000 0.398907 0.061350 0.000000 0.000000 0.045267 0.000000 0.056391 0.000000 0.063830 0.000000 0.140351 0.067164 0.000000 0.245552 0.000000 0.000000 0.088803 0.000000 0.031558 0.000000 0.000000 0.000000 0.000000 0.044898 0.000000 0.051882 0.343511 0.059829 0.079365 0.000000 0.478261 0.059829 0.140625 0.055118 0.788732 0.000000 0.000000 0.000000 0.034483 0.000000 0.000000 0.096774 0.079365 0.000000 0.000000 0.233533 0.000000 0.000000 0.000000 0.056000 0.000000 0.068702 0.000000 0.404255 0.060000 0.140351 0.068702 0.075188 0.000000 0.000000 0.125749 0.318519 0.000000 0.060000 0.000000 0.086207 0.041825 0.000000 0.000000 0.000000 0.046809 0.000000 0.000000 0.000000 0.000000 0.000000 0.000000 0.205882 0.052632 0.000000 0.000000 0.022556 0.234375 0.044898 0.218750 0.053030 0.000000 0.000000 0.094650 0.515625 0.079470 0.334405 0.067164 0.233533 0.056391 0.080000 0.000000 0.000000 0.051882 0.000000 0.079470 0.000000 0.000000 0.000000 0.000000 0.000000 0.000000 0.000000 0.136364 0.000000 0.000000 0.000000 0.265625 0.000000 0.000000 0.000000 0.000000 0.068182 0.000000 0.073529 0.000000 0.368421 0.000000 0.120000 0.343511 0.022556 0.052632 0.000000 0.000000 0.248000 0.021898 0.000000 0.000000 0.000000 0.057377 0.000000 0.061350 0.000000 0.404255 0.000000 0.140625 0.067669 0.000000 0.119403 0.068702 0.000000 0.059524 0.214286 0.000000 0.000000 0.000000 0.000000 0.070423 0.056000 0.000000 0.021898 0.000000 0.359712 0.045833 0.000000 0.086207 0.055118 0.000000 0.000000 0.000000 0.034483 0.000000 0.000000 0.000000 0.075758 0.081420 0.000000 0.372340 1.000000 0.030418 0.404255 0.131086 0.000000 0.000000 0.000000 0.044534 0.000000 0.057377 0.000000 0.000000 0.140000 0.000000 0.000000 0.343511 0.000000 0.000000 0.000000 0.086207 0.045833 0.104651 0.053030 0.141176 0.000000 0.248000 0.107143 0.393443 0.000000 0.140625 0.000000 0.078431 0.000000 0.000000 0.097561 0.044776 0.057377 0.000000 0.000000 0.094650 0.376344 0.054264 0.000000 0.404255 0.000000 0.086207 0.000000 0.148936 0.000000 0.068702 0.000000 0.000000 0.400000 0.264957 0.000000
0.029499 0.000000 0.000000 0.068571 0.000000 0.000000 0.000000 0.000000 0.044199 0.000000 0.000000 0.000000 0.000000 0.000000 0.000000 0.000000 0.000000 0.000000 0.000000 0.000000 0.063492 0.000000 0.000000 0.000000 0.000000 0.000000 0.000000 0.000000 0.000000 0.000000 0.000000 0.000000 0.000000 0.039409 0.000000 0.000000 0.000000 0.000000 0.000000 0.000000 0.000000 0.000000 0.060302 0.000000 0.000000 0.037267 0.000000 0.000000 0.000000 0.000000 0.000000 0.000000 0.000000 0.000000 0.000000 0.032468 0.000000 0.000000 0.000000 0.000000 0.030000 0.000000 0.000000 0.000000 0.000000 0.000000 0.000000 0.000000 0.000000 0.000000 0.000000 0.000000 0.000000 0.044199 0.000000 0.000000 0.000000 0.123077 0.000000 0.000000 0.000000 0.039409 0.000000 0.000000 0.000000 0.158940 0.000000 0.000000 0.047904 0.000000 0.000000 0.000000 0.029499 0.000000 0.000000 0.000000 0.000000 0.000000 0.000000 0.000000 0.000000 0.000000 0.000000 0.000000 0.000000 0.000000 0.000000 0.000000 0.042328 0.000000 0.000000 0.000000 0.000000 0.000000 0.000000 0.000000 0.000000 0.000000 0.000000 0.000000 0.000000 0.000000 0.000000 0.000000 0.000000 0.244898 0.000000 0.000000 0.227027 0.205714 0.000000 0.000000 0.000000 0.000000 0.000000 0.000000 0.068571 0.000000 0.000000 0.000000 0.029499 0.000000 0.000000 0.000000 0.000000 0.000000 0.000000 0.000000 0.000000 0.000000 0.000000 0.000000 0.000000 0.000000 0.000000 0.000000 0.000000 0.000000 0.000000 0.045714 0.000000 0.000000 0.000000 0.000000 0.000000 0.000000 0.000000 0.000000 0.000000 0.000000 0.000000 0.044199 0.227027 0.244898 0.000000 0.000000 0.000000 0.217617 0.000000 0.000000 0.000000 0.000000 0.000000 0.000000 0.000000 0.000000 0.000000 0.000000 0.032432 0.000000 0.000000 0.000000 0.000000 0.000000 0.060302 0.000000 0.000000 0.000000 0.000000 0.000000 0.000000 0.000000 0.217617 0.000000 0.000000 0.000000 0.000000 0.000000 0.000000 0.000000 0.000000 0.000000 0.158940 0.000000 0.000000 0.000000 0.000000 0.000000 0.000000 0.000000 0.030418 1.000000 0.000000 0.000000 0.000000 0.000000 0.000000 0.000000 0.000000 0.000000 0.000000 0.000000 0.027397 0.000000 0.000000 0.044199 0.000000 0.000000 0.000000 0.000000 0.000000 0.000000 0.000000 0.000000 0.000000 0.000000 0.000000 0.122699 0.000000 0.000000 0.000000 0.000000 0.000000 0.000000 0.000000 0.240642 0.000000 0.000000 0.000000 0.000000 0.000000 0.000000 0.000000 0.000000 0.000000 0.000000 0.000000 0.000000 0.000000 0.000000 0.000000 0.000000 0.036530 0.000000 0.000000
0.010601 0.000000 0.000000 0.034014 0.000000 0.000000 0.000000 0.044118 0.019608 0.000000 0.044118 0.000000 0.000000 0.000000 0.000000 0.000000 0.009141 0.000000 0.000000 0.000000 0.000000 0.121951 0.000000 0.000000 0.018868 0.062069 0.000000 0.062937 0.000000 0.000000 0.000000 0.000000 0.020134 0.028571 0.045802 0.030675 0.018868 0.080460 0.017341 0.104478 0.020134 0.306931 0.029240 0.035088 0.000000 0.000000 0.000000 0.252918 0.069124 0.000000 0.000000 0.044776 0.000000 0.012739 0.000000 0.000000 0.000000 0.226891 0.018868 0.000000 0.011628 0.000000 0.000000 0.093333 0.000000 0.034602 0.000000 0.000000 0.000000 0.000000 0.044118 0.000000 0.009141 0.019608 0.072000 0.104895 0.000000 0.377246 0.072000 0.061224 0.062069 0.028571 0.000000 0.000000 0.000000 0.000000 0.000000 0.000000 0.000000 0.104895 0.000000 0.000000 0.010601 0.000000 0.000000 0.000000 0.063830 0.000000 0.019608 0.000000 0.492063 0.014184 0.226891 0.019608 0.031847 0.000000 0.000000 0.093333 0.055901 0.000000 0.014184 0.000000 0.121951 0.038961 0.000000 0.000000 0.000000 0.047619 0.000000 0.000000 0.000000 0.000000 0.000000 0.000000 0.030675 0.000000 0.000000 0.000000 0.000000 0.034014 0.044118 0.034014 0.058065 0.000000 0.000000 0.104478 0.034014 0.025907 0.306931 0.018868 0.010601 0.012739 0.026178 0.000000 0.000000 0.009141 0.000000 0.025907 0.000000 0.000000 0.000000 0.000000 0.000000 0.000000 0.000000 0.111111 0.000000 0.000000 0.000000 0.061224 0.000000 0.000000 0.000000 0.000000 0.019355 0.000000 0.092025 0.000000 0.075630 0.000000 0.148936 0.019608 0.000000 0.000000 0.000000 0.000000 0.319149 0.000000 0.000000 0.000000 0.000000 0.066667 0.000000 0.069124 0.000000 0.492063 0.000000 0.061224 0.000000 0.000000 0.169811 0.019608 0.000000 0.066079 0.029240 0.000000 0.000000 0.000000 0.000000 0.085714 0.063830 0.000000 0.000000 0.000000 0.396450 0.045802 0.000000 0.121951 0.062069 0.000000 0.000000 0.000000 0.000000 0.000000 0.000000 0.000000 0.096774 0.080460 0.000000 0.358382 0.404255 0.000000 1.000000 0.012658 0.000000 0.000000 0.000000 0.043478 0.000000 0.066667 0.000000 0.000000 0.000000 0.000000 0.000000 0.019608 0.000000 0.000000 0.000000 0.121951 0.045802 0.063830 0.058065 0.082251 0.000000 0.319149 0.087719 0.066667 0.000000 0.061224 0.000000 0.025381 0.000000 0.000000 0.036496 0.000000 0.066667 0.000000 0.000000 0.104478 0.364706 0.060403 0.000000 0.492063 0.000000 0.121951 0.000000 0.017341 0.000000 0.019608 0.000000 0.000000 0.267016 0.360000 0.000000
0.025937 0.000000 0.000000 0.083799 0.000000 0.000000 0.000000 0.011905 0.048649 0.000000 0.011905 0.000000 0.000000 0.000000 0.000000 0.051613 0.022222 0.000000 0.000000 0.000000 0.000000 0.032258 0.000000 0.000000 0.047120 0.016949 0.000000 0.154286 0.000000 0.000000 0.000000 0.000000 0.049724 0.169082 0.012270 0.179487 0.047120 0.009231 0.278049 0.038627 0.049724 0.021368 0.073892 0.009852 0.000000 0.000000 0.000000 0.121107 0.020080 0.000000 0.000000 0.012048 0.000000 0.031746 0.000000 0.000000 0.000000 0.059603 0.047120 0.000000 0.029412 0.000000 0.000000 0.010989 0.000000 0.028329 0.024691 0.000000 0.000000 0.000000 0.011905 0.000000 0.022222 0.048649 0.019108 0.028571 0.000000 0.045226 0.019108 0.150838 0.016949 0.169082 0.000000 0.000000 0.000000 0.000000 0.000000 0.000000 0.000000 0.028571 0.000000 0.000000 0.025937 0.000000 0.000000 0.000000 0.017341 0.000000 0.048649 0.000000 0.012658 0.034682 0.059603 0.048649 0.031746 0.000000 0.000000 0.035019 0.015544 0.000000 0.034682 0.000000 0.032258 0.010753 0.000000 0.000000 0.000000 0.012658 0.000000 0.000000 0.000000 0.000000 0.000000 0.000000 0.179487 0.000000 0.000000 0.000000 0.000000 0.083799 0.011905 0.262570 0.016043 0.000000 0.041451 0.012048 0.083799 0.066667 0.021368 0.047120 0.025937 0.031746 0.067265 0.000000 0.000000 0.022222 0.000000 0.066667 0.000000 0.000000 0.000000 0.000000 0.000000 0.000000 0.000000 0.069091 0.000000 0.000000 0.000000 0.050279 0.000000 0.000000 0.000000 0.000000 0.048128 0.000000 0.025641 0.000000 0.417219 0.000000 0.017341 0.048649 0.000000 0.000000 0.000000 0.000000 0.017341 0.000000 0.043796 0.000000 0.000000 0.017964 0.000000 0.020080 0.000000 0.012658 0.000000 0.150838 0.000000 0.000000 0.047120 0.048649 0.000000 0.019305 0.073892 0.000000 0.000000 0.000000 0.000000 0.024155 0.017341 0.000000 0.000000 0.000000 0.024876 0.012270 0.000000 0.032258 0.016949 0.000000 0.000000 0.000000 0.000000 0.000000 0.000000 0.000000 0.026738 0.009231 0.000000 0.029268 0.131086 0.000000 0.012658 1.000000 0.000000 0.000000 0.000000 0.011765 0.000000 0.017964 0.000000 0.000000 0.000000 0.000000 0.000000 0.048649 0.000000 0.000000 0.000000 0.032258 0.012270 0.056180 0.016043 0.102662 0.000000 0.017341 0.044335 0.161677 0.000000 0.150838 0.000000 0.065502 0.000000 0.079470 0.088757 0.000000 0.017964 0.000000 0.000000 0.012048 0.029703 0.016575 0.000000 0.012658 0.000000 0.032258 0.000000 0.278049 0.000000 0.048649 0.000000 0.000000 0.040359 0.019108 0.000000
0.000000 0.000000 0.000000 0.000000 0.095436 0.000000 0.000000 0.000000 0.000000 0.000000 0.000000 0.000000 0.000000 0.000000 0.059211 0.000000 0.000000 0.034483 0.000000 0.000000 0.029630 0.000000 0.000000 0.000000 0.000000 0.000000 0.052632 0.000000 0.000000 0.030534 0.000000 0.000000 0.000000 0.000000 0.000000 0.000000 0.000000 0.000000 0.000000 0.000000 0.000000 0.000000 0.000000 0.000000 0.000000 0.000000 0.000000 0.000000 0.000000 0.121951 0.000000 0.000000 0.000000 0.000000 0.190476 0.000000 0.122449 0.000000 0.000000 0.025641 0.000000 0.000000 0.078947 0.000000 0.000000 0.000000 0.000000 0.087452 0.000000 0.273973 0.000000 0.000000 0.000000 0.000000 0.000000 0.000000 0.000000 0.000000 0.000000 0.000000 0.000000 0.000000 0.000000 0.000000 0.000000 0.000000 0.343284 0.121951 0.000000 0.000000 0.000000 0.045455 0.000000 0.030303 0.000000 0.000000 0.000000 0.121951 0.000000 0.089552 0.000000 0.000000 0.000000 0.167939 0.000000 0.000000 0.000000 0.000000 0.000000 0.104895 0.000000 0.000000 0.000000 0.000000 0.000000 0.000000 0.083045 0.000000 0.000000 0.000000 0.120968 0.000000 0.000000 0.000000 0.000000 0.000000 0.000000 0.000000 0.000000 0.000000 0.000000 0.000000 0.000000 0.000000 0.000000 0.000000 0.000000 0.076159 0.000000 0.000000 0.000000 0.000000 0.000000 0.116466 0.000000 0.000000 0.189655 0.076159 0.000000 0.000000 0.000000 0.000000 0.000000 0.000000 0.000000 0.000000 0.000000 0.000000 0.000000 0.000000 0.109434 0.041825 0.000000 0.000000 0.000000 0.000000 0.000000 0.000000 0.000000 0.160305 0.000000 0.000000 0.000000 0.000000 0.000000 0.000000 0.000000 0.000000 0.068376 0.000000 0.030534 0.000000 0.000000 0.000000 0.000000 0.000000 0.000000 0.000000 0.000000 0.000000 0.000000 0.000000 0.000000 0.000000 0.000000 0.000000 0.000000 0.000000 0.000000 0.000000 0.000000 0.034483 0.000000 0.000000 0.000000 0.000000 0.000000 0.000000 0.000000 0.000000 0.241379 0.000000 0.000000 0.032520 0.000000 0.000000 0.000000 0.000000 0.000000 0.000000 0.000000 0.000000 0.000000 0.000000 1.000000 0.000000 0.090909 0.000000 0.382353 0.000000 0.000000 0.000000 0.000000 0.000000 0.000000 0.000000 0.000000 0.266667 0.079108 0.000000 0.000000 0.000000 0.000000 0.000000 0.091633 0.000000 0.021429 0.000000 0.000000 0.000000 0.031250 0.000000 0.000000 0.000000 0.000000 0.000000 0.000000 0.000000 0.000000 0.000000 0.000000 0.000000 0.000000 0.000000 0.052632 0.000000 0.000000 0.000000 0.000000 0.000000 0.000000 0.000000 0.000000 0.000000 0.000000
0.000000 0.492958 0.040000 0.000000 0.000000 0.000000 0.060403 0.000000 0.000000 0.000000 0.000000 0.000000 0.000000 0.000000 0.000000 0.000000 0.000000 0.000000 0.000000 0.000000 0.000000 0.000000 0.000000 0.113924 0.000000 0.000000 0.000000 0.000000 0.000000 0.022727 0.000000 0.000000 0.000000 0.000000 0.000000 0.000000 0.000000 0.000000 0.000000 0.000000 0.000000 0.000000 0.000000 0.000000 0.000000 0.000000 0.000000 0.000000 0.000000 0.000000 0.000000 0.000000 0.180723 0.000000 0.000000 0.000000 0.000000 0.000000 0.000000 0.000000 0.000000 0.000000 0.000000 0.000000 0.000000 0.000000 0.000000 0.000000 0.000000 0.000000 0.000000 0.000000 0.000000 0.000000 0.000000 0.000000 0.000000 0.000000 0.000000 0.000000 0.000000 0.000000 0.060000 0.000000 0.000000 0.000000 0.000000 0.000000 0.000000 0.000000 0.000000 0.000000 0.000000 0.033708 0.000000 0.000000 0.000000 0.000000 0.000000 0.000000 0.000000 0.000000 0.000000 0.000000 0.000000 0.000000 0.000000 0.000000 0.000000 0.000000 0.000000 0.000000 0.000000 0.000000 0.000000 0.000000 0.000000 0.000000 0.000000 0.081081 0.000000 0.022727 0.070423 0.000000 0.000000 0.000000 0.000000 0.000000 0.000000 0.000000 0.000000 0.000000 0.000000 0.000000 0.000000 0.000000 0.000000 0.000000 0.000000 0.000000 0.000000 0.000000 0.000000 0.000000 0.000000 0.000000 0.000000 0.000000 0.060403 0.000000 0.000000 0.000000 0.000000 0.035294 0.000000 0.000000 0.000000 0.000000 0.000000 0.000000 0.000000 0.000000 0.000000 0.000000 0.000000 0.000000 0.000000 0.105882 0.000000 0.000000 0.000000 0.000000 0.000000 0.000000 0.000000 0.000000 0.000000 0.000000 0.000000 0.000000 0.000000 0.000000 0.000000 0.000000 0.000000 0.000000 0.044855 0.000000 0.000000 0.000000 0.000000 0.000000 0.000000 0.000000 0.000000 0.162791 0.000000 0.000000 0.000000 0.000000 0.000000 0.000000 0.000000 0.000000 0.000000 0.000000 0.000000 0.000000 0.000000 0.000000 0.000000 0.000000 0.000000 0.000000 0.000000 0.000000 0.000000 0.000000 0.211268 0.000000 0.000000 0.000000 0.000000 0.000000 0.000000 1.000000 0.000000 0.000000 0.000000 0.000000 0.069767 0.000000 0.000000 0.000000 0.000000 0.000000 0.000000 0.000000 0.000000 0.000000 0.000000 0.000000 0.000000 0.000000 0.000000 0.000000 0.000000 0.000000 0.000000 0.000000 0.000000 0.000000 0.000000 0.000000 0.000000 0.000000 0.000000 0.000000 0.000000 0.000000 0.000000 0.000000 0.000000 0.000000 0.000000 0.000000 0.000000 0.000000 0.000000 0.000000 0.000000 0.000000 0.000000 0.000000 0.204545
0.000000 0.000000 0.000000 0.000000 0.000000 0.000000 0.000000 0.000000 0.000000 0.000000 0.000000 0.000000 0.000000 0.000000 0.000000 0.000000 0.000000 0.185185 0.000000 0.000000 0.000000 0.000000 0.000000 0.000000 0.000000 0.000000 0.230769 0.000000 0.000000 0.000000 0.000000 0.000000 0.000000 0.000000 0.000000 0.000000 0.000000 0.000000 0.000000 0.000000 0.000000 0.000000 0.000000 0.000000 0.000000 0.000000 0.000000 0.000000 0.000000 0.000000 0.000000 0.000000 0.000000 0.000000 0.000000 0.000000 0.000000 0.000000 0.000000 0.163636 0.000000 0.000000 0.000000 0.000000 0.000000 0.000000 0.000000 0.000000 0.000000 0.000000 0.000000 0.000000 0.000000 0.000000 0.000000 0.000000 0.000000 0.000000 0.000000 0.000000 0.000000 0.000000 0.000000 0.000000 0.000000 0.000000 0.000000 0.000000 0.000000 0.000000 0.000000 0.000000 0.000000 0.000000 0.000000 0.000000 0.000000 0.000000 0.000000 0.000000 0.000000 0.000000 0.000000 0.000000 0.000000 0.000000 0.000000 0.000000 0.000000 0.000000 0.000000 0.000000 0.000000 0.000000 0.000000 0.000000 0.000000 0.000000 0.000000 0.000000 0.000000 0.000000 0.000000 0.000000 0.000000 0.000000 0.000000 0.000000 0.000000 0.000000 0.000000 0.000000 0.000000 0.000000 0.000000 0.000000 0.000000 0.000000 0.000000 0.000000 0.000000 0.000000 0.000000 0.000000 0.000000 0.000000 0.000000 0.000000 0.000000 0.000000 0.000000 0.000000 0.000000 0.000000 0.000000 0.000000 0.000000 0.000000 0.000000 0.000000 0.000000 0.000000 0.000000 0.000000 0.000000 0.000000 0.000000 0.000000 0.000000 0.000000 0.000000 0.000000 0.000000 0.000000 0.000000 0.000000 0.000000 0.000000 0.000000 0.000000 0.000000 0.000000 0.000000 0.000000 0.000000 0.000000 0.000000 0.000000 0.000000 0.000000 0.000000 0.000000 0.000000 0.000000 0.000000 0.000000 0.000000 0.000000 0.000000 0.000000 0.000000 0.185185 0.000000 0.000000 0.000000 0.000000 0.000000 0.000000 0.000000 0.000000 0.185185 0.000000 0.000000 0.000000 0.000000 0.000000 0.000000 0.000000 0.000000 0.000000 0.000000 0.000000 0.000000 0.000000 0.090909 0.000000 1.000000 0.000000 0.135135 0.000000 0.000000 0.000000 0.000000 0.000000 0.000000 0.000000 0.000000 0.000000 0.000000 0.000000 0.000000 0.000000 0.000000 0.000000 0.000000 0.000000 0.000000 0.000000 0.000000 0.000000 0.000000 0.000000 0.000000 0.000000 0.000000 0.000000 0.000000 0.000000 0.000000 0.000000 0.000000 0.000000 0.000000 0.000000 0.230769 0.000000 0.000000 0.000000 0.000000 0.000000 0.000000 0.000000 0.000000 0.000000 0.000000
0.009772 0.000000 0.000000 0.031447 0.000000 0.000000 0.000000 0.040541 0.018182 0.000000 0.040541 0.000000 0.000000 0.000000 0.000000 0.000000 0.008403 0.000000 0.000000 0.000000 0.000000 0.111111 0.000000 0.000000 0.017544 0.057325 0.000000 0.058065 0.000000 0.000000 0.000000 0.000000 0.018634 0.026738 0.041958 0.028571 0.017544 0.031579 0.016216 0.042254 0.018634 0.028037 0.027322 0.032787 0.000000 0.000000 0.000000 0.033457 0.065502 0.000000 0.000000 0.205479 0.000000 0.011834 0.000000 0.000000 0.000000 0.206107 0.017544 0.000000 0.010870 0.000000 0.000000 0.037037 0.000000 0.031949 0.000000 0.000000 0.000000 0.000000 0.040541 0.000000 0.008403 0.018182 0.065693 0.096774 0.000000 0.039106 0.153285 0.056604 0.057325 0.026738 0.000000 0.000000 0.000000 0.000000 0.000000 0.000000 0.000000 0.096774 0.000000 0.000000 0.009772 0.000000 0.000000 0.000000 0.424837 0.000000 0.018182 0.000000 0.043478 0.013072 0.206107 0.018182 0.112426 0.000000 0.000000 0.037975 0.236994 0.000000 0.013072 0.000000 0.555556 0.036145 0.000000 0.000000 0.000000 0.043478 0.000000 0.000000 0.000000 0.000000 0.000000 0.000000 0.028571 0.000000 0.000000 0.000000 0.000000 0.031447 0.040541 0.031447 0.053892 0.000000 0.000000 0.041096 0.031447 0.024390 0.028037 0.017544 0.009772 0.011834 0.024631 0.000000 0.000000 0.008403 0.000000 0.024390 0.000000 0.000000 0.000000 0.000000 0.000000 0.000000 0.000000 0.105882 0.000000 0.000000 0.000000 0.056604 0.000000 0.000000 0.000000 0.000000 0.017964 0.000000 0.085714 0.000000 0.068702 0.000000 0.058824 0.018182 0.000000 0.000000 0.000000 0.000000 0.058824 0.000000 0.000000 0.000000 0.000000 0.061224 0.000000 0.065502 0.000000 0.043478 0.000000 0.056604 0.000000 0.000000 0.157895 0.018182 0.000000 0.062762 0.027322 0.000000 0.000000 0.000000 0.000000 0.272727 0.424837 0.000000 0.000000 0.000000 0.060773 0.041958 0.000000 0.111111 0.057325 0.000000 0.000000 0.000000 0.000000 0.000000 0.000000 0.000000 0.089820 0.031579 0.000000 0.032432 0.044534 0.000000 0.043478 0.011765 0.000000 0.000000 0.000000 1.000000 0.000000 0.061224 0.000000 0.000000 0.000000 0.000000 0.000000 0.018182 0.000000 0.000000 0.000000 0.111111 0.041958 0.060729 0.053892 0.078189 0.000000 0.058824 0.081967 0.061224 0.000000 0.056604 0.000000 0.023923 0.000000 0.000000 0.033557 0.000000 0.061224 0.000000 0.000000 0.041096 0.032967 0.801242 0.000000 0.043478 0.000000 0.111111 0.000000 0.016216 0.000000 0.018182 0.000000 0.000000 0.034483 0.065693 0.000000
0.000000 0.000000 0.000000 0.000000 0.136095 0.000000 0.000000 0.000000 0.000000 0.000000 0.000000 0.000000 0.000000 0.000000 0.000000 0.000000 0.000000 0.050000 0.000000 0.000000 0.000000 0.000000 0.000000 0.000000 0.000000 0.000000 0.076923 0.000000 0.000000 0.042105 0.000000 0.000000 0.000000 0.000000 0.000000 0.000000 0.000000 0.000000 0.000000 0.000000 0.000000 0.000000 0.000000 0.000000 0.000000 0.000000 0.000000 0.000000 0.000000 0.172414 0.000000 0.000000 0.000000 0.000000 0.266667 0.000000 0.162162 0.000000 0.000000 0.037037 0.000000 0.000000 0.000000 0.000000 0.000000 0.000000 0.000000 0.120419 0.000000 0.172727 0.000000 0.000000 0.000000 0.000000 0.000000 0.000000 0.000000 0.000000 0.000000 0.000000 0.000000 0.000000 0.000000 0.000000 0.000000 0.000000 0.285714 0.172414 0.000000 0.000000 0.000000 0.062500 0.000000 0.041667 0.000000 0.000000 0.000000 0.172414 0.000000 0.122449 0.000000 0.000000 0.000000 0.231579 0.000000 0.000000 0.000000 0.000000 0.000000 0.028037 0.000000 0.000000 0.000000 0.000000 0.000000 0.000000 0.000000 0.000000 0.000000 0.000000 0.170455 0.000000 0.000000 0.000000 0.000000 0.000000 0.000000 0.000000 0.000000 0.000000 0.000000 0.000000 0.000000 0.000000 0.000000 0.000000 0.000000 0.100000 0.000000 0.000000 0.000000 0.000000 0.000000 0.028249 0.000000 0.000000 0.275000 0.100000 0.000000 0.000000 0.000000 0.000000 0.000000 0.000000 0.000000 0.000000 0.000000 0.000000 0.000000 0.000000 0.025907 0.057592 0.000000 0.000000 0.000000 0.000000 0.000000 0.000000 0.000000 0.031579 0.000000 0.000000 0.000000 0.000000 0.000000 0.000000 0.000000 0.000000 0.000000 0.000000 0.000000 0.000000 0.000000 0.000000 0.000000 0.000000 0.000000 0.000000 0.000000 0.000000 0.000000 0.000000 0.000000 0.000000 0.000000 0.000000 0.000000 0.000000 0.000000 0.000000 0.000000 0.050000 0.000000 0.000000 0.000000 0.000000 0.000000 0.000000 0.000000 0.000000 0.150000 0.000000 0.000000 0.045977 0.000000 0.000000 0.000000 0.000000 0.000000 0.000000 0.000000 0.000000 0.000000 0.000000 0.382353 0.000000 0.135135 0.000000 1.000000 0.000000 0.000000 0.000000 0.000000 0.000000 0.000000 0.000000 0.000000 0.105263 0.111748 0.000000 0.000000 0.000000 0.000000 0.000000 0.128492 0.000000 0.028846 0.000000 0.000000 0.000000 0.000000 0.000000 0.000000 0.000000 0.000000 0.000000 0.000000 0.000000 0.000000 0.000000 0.000000 0.000000 0.000000 0.000000 0.076923 0.000000 0.000000 0.000000 0.000000 0.000000 0.000000 0.000000 0.000000 0.000000 0.000000
0.016611 0.000000 0.066351 0.038462 0.000000 0.000000 0.000000 0.200000 0.024691 0.000000 0.200000 0.000000 0.000000 0.000000 0.000000 0.000000 0.015437 0.000000 0.000000 0.000000 0.000000 0.136364 0.016484 0.000000 0.023810 0.272727 0.000000 0.125000 0.000000 0.000000 0.000000 0.000000 0.025316 0.032609 0.428571 0.034884 0.023810 0.053763 0.021978 0.057143 0.025316 0.042654 0.033333 0.600000 0.000000 0.000000 0.000000 0.045113 0.247788 0.000000 0.129630 0.062937 0.000000 0.018072 0.000000 0.000000 0.000000 0.234375 0.023810 0.000000 0.016575 0.000000 0.024510 0.056604 0.000000 0.039088 0.022727 0.000000 0.000000 0.000000 0.200000 0.000000 0.015437 0.024691 0.089552 0.789474 0.047872 0.056818 0.089552 0.064103 0.272727 0.032609 0.000000 0.000000 0.000000 0.000000 0.000000 0.000000 0.000000 0.473684 0.000000 0.030488 0.016611 0.000000 0.000000 0.000000 0.080000 0.000000 0.024691 0.000000 0.066667 0.020000 0.234375 0.024691 0.048193 0.000000 0.000000 0.051282 0.070588 0.000000 0.020000 0.000000 0.136364 0.055215 0.033784 0.000000 0.000000 0.066667 0.000000 0.000000 0.000000 0.000000 0.000000 0.141667 0.034884 0.000000 0.045000 0.067164 0.000000 0.038462 0.200000 0.038462 0.091463 0.000000 0.017647 0.062937 0.038462 0.029703 0.042654 0.023810 0.016611 0.018072 0.030000 0.000000 0.048913 0.015437 0.000000 0.029703 0.000000 0.028329 0.000000 0.000000 0.000000 0.000000 0.000000 0.119048 0.000000 0.000000 0.037879 0.064103 0.000000 0.000000 0.000000 0.000000 0.042683 0.000000 0.395349 0.000000 0.078125 0.000000 0.080000 0.024691 0.000000 0.000000 0.000000 0.000000 0.080000 0.000000 0.000000 0.000000 0.000000 0.555556 0.000000 0.247788 0.000000 0.066667 0.000000 0.064103 0.000000 0.000000 0.714286 0.024691 0.000000 0.288136 0.033333 0.000000 0.000000 0.146739 0.000000 0.097826 0.080000 0.000000 0.000000 0.000000 0.078652 0.771429 0.054217 0.136364 0.272727 0.000000 0.000000 0.000000 0.000000 0.020548 0.000000 0.000000 0.109756 0.053763 0.000000 0.049451 0.057377 0.000000 0.066667 0.017964 0.000000 0.000000 0.000000 0.061224 0.000000 1.000000 0.000000 0.000000 0.040000 0.000000 0.000000 0.024691 0.000000 0.000000 0.000000 0.136364 0.771429 0.073770 0.091463 0.091667 0.000000 0.080000 0.100000 0.069444 0.000000 0.064103 0.000000 0.029126 0.000000 0.000000 0.041096 0.000000 0.555556 0.000000 0.059211 0.062937 0.050279 0.075949 0.000000 0.066667 0.000000 0.136364 0.000000 0.021978 0.000000 0.024691 0.000000 0.000000 0.050000 0.089552 0.000000
0.000000 0.211268 0.040000 0.000000 0.000000 0.000000 0.000000 0.000000 0.000000 0.000000 0.000000 0.000000 0.000000 0.000000 0.000000 0.000000 0.000000 0.000000 0.000000 0.000000 0.000000 0.000000 0.000000 0.113924 0.000000 0.000000 0.000000 0.000000 0.000000 0.022727 0.000000 0.000000 0.000000 0.000000 0.000000 0.000000 0.000000 0.000000 0.000000 0.178571 0.000000 0.000000 0.000000 0.000000 0.000000 0.000000 0.000000 0.000000 0.000000 0.000000 0.000000 0.000000 0.180723 0.000000 0.000000 0.000000 0.000000 0.000000 0.000000 0.000000 0.000000 0.000000 0.000000 0.000000 0.000000 0.000000 0.051282 0.000000 0.000000 0.000000 0.000000 0.000000 0.000000 0.000000 0.000000 0.000000 0.000000 0.000000 0.000000 0.000000 0.000000 0.000000 0.060000 0.000000 0.000000 0.000000 0.000000 0.000000 0.000000 0.000000 0.000000 0.000000 0.000000 0.033708 0.000000 0.000000 0.000000 0.000000 0.000000 0.000000 0.000000 0.000000 0.000000 0.000000 0.000000 0.000000 0.000000 0.000000 0.000000 0.000000 0.000000 0.000000 0.000000 0.000000 0.000000 0.000000 0.000000 0.000000 0.000000 0.081081 0.000000 0.022727 0.070423 0.000000 0.000000 0.000000 0.056075 0.000000 0.000000 0.000000 0.000000 0.000000 0.000000 0.112676 0.000000 0.000000 0.000000 0.000000 0.000000 0.000000 0.000000 0.000000 0.000000 0.000000 0.000000 0.000000 0.000000 0.000000 0.000000 0.000000 0.000000 0.000000 0.000000 0.035294 0.260870 0.000000 0.000000 0.000000 0.000000 0.000000 0.000000 0.000000 0.000000 0.246575 0.000000 0.000000 0.000000 0.105882 0.000000 0.000000 0.000000 0.000000 0.000000 0.000000 0.000000 0.000000 0.000000 0.000000 0.033962 0.000000 0.000000 0.000000 0.000000 0.000000 0.000000 0.000000 0.000000 0.000000 0.000000 0.000000 0.000000 0.000000 0.000000 0.000000 0.000000 0.000000 0.000000 0.000000 0.000000 0.000000 0.000000 0.000000 0.000000 0.000000 0.000000 0.000000 0.000000 0.000000 0.000000 0.000000 0.000000 0.000000 0.000000 0.000000 0.000000 0.000000 0.000000 0.000000 0.211268 0.000000 0.000000 0.000000 0.000000 0.000000 0.000000 0.069767 0.000000 0.000000 0.000000 0.000000 1.000000 0.000000 0.000000 0.000000 0.000000 0.000000 0.000000 0.000000 0.000000 0.000000 0.000000 0.062016 0.000000 0.000000 0.000000 0.000000 0.000000 0.000000 0.000000 0.000000 0.000000 0.000000 0.000000 0.000000 0.000000 0.000000 0.000000 0.000000 0.000000 0.000000 0.000000 0.000000 0.000000 0.000000 0.000000 0.000000 0.000000 0.000000 0.000000 0.000000 0.112676 0.303797 0.000000 0.000000 0.000000
0.000000 0.000000 0.000000 0.000000 0.046512 0.000000 0.000000 0.000000 0.000000 0.000000 0.000000 0.000000 0.378378 0.466667 0.000000 0.000000 0.000000 0.000000 0.000000 0.187500 0.000000 0.000000 0.000000 0.181818 0.000000 0.000000 0.000000 0.000000 0.103448 0.000000 0.046154 0.120000 0.000000 0.000000 0.000000 0.000000 0.000000 0.000000 0.000000 0.000000 0.000000 0.000000 0.000000 0.000000 0.000000 0.000000 0.000000 0.000000 0.037383 0.059701 0.000000 0.000000 0.257143 0.000000 0.000000 0.000000 0.000000 0.000000 0.000000 0.000000 0.000000 0.411765 0.000000 0.000000 0.000000 0.000000 0.000000 0.052980 0.000000 0.000000 0.000000 0.000000 0.000000 0.000000 0.000000 0.000000 0.000000 0.000000 0.000000 0.000000 0.000000 0.000000 0.321839 0.000000 0.142857 0.000000 0.000000 0.059701 0.000000 0.000000 0.310345 0.000000 0.000000 0.000000 0.000000 0.000000 0.000000 0.059701 0.000000 0.000000 0.000000 0.000000 0.000000 0.000000 0.000000 0.000000 0.000000 0.000000 0.000000 0.000000 0.000000 0.103448 0.000000 0.000000 0.000000 0.000000 0.000000 0.000000 0.049180 0.000000 0.000000 0.000000 0.000000 0.000000 0.000000 0.000000 0.000000 0.000000 0.000000 0.000000 0.000000 0.000000 0.000000 0.000000 0.000000 0.000000 0.000000 0.000000 0.000000 0.000000 0.000000 0.000000 0.000000 0.000000 0.000000 0.000000 0.000000 0.000000 0.000000 0.000000 0.000000 0.000000 0.000000 0.250000 0.050633 0.000000 0.049180 0.378378 0.000000 0.000000 0.000000 0.000000 0.000000 0.000000 0.000000 0.187500 0.000000 0.083333 0.000000 0.000000 0.000000 0.000000 0.000000 0.000000 0.000000 0.000000 0.000000 0.000000 0.033473 0.000000 0.000000 0.000000 0.000000 0.037383 0.000000 0.000000 0.000000 0.000000 0.000000 0.000000 0.000000 0.000000 0.000000 0.035714 0.000000 0.000000 0.000000 0.046512 0.000000 0.000000 0.000000 0.000000 0.000000 0.000000 0.000000 0.000000 0.000000 0.000000 0.000000 0.000000 0.000000 0.103448 0.000000 0.000000 0.724138 0.000000 0.000000 0.000000 0.000000 0.000000 0.000000 0.000000 0.000000 0.000000 0.000000 0.000000 0.000000 0.000000 0.000000 0.000000 0.000000 1.000000 0.000000 0.120000 0.000000 0.000000 0.176471 0.000000 0.037175 0.000000 0.000000 0.000000 0.000000 0.000000 0.000000 0.000000 0.000000 0.000000 0.000000 0.000000 0.250000 0.000000 0.272727 0.000000 0.000000 0.000000 0.000000 0.000000 0.000000 0.000000 0.000000 0.000000 0.000000 0.000000 0.000000 0.000000 0.000000 0.000000 0.555556 0.000000 0.000000 0.000000 0.000000 0.000000 0.000000
0.043584 0.000000 0.112360 0.047170 0.000000 0.000000 0.000000 0.039801 0.027523 0.000000 0.039801 0.000000 0.000000 0.000000 0.000000 0.000000 0.000000 0.000000 0.000000 0.000000 0.070796 0.000000 0.176471 0.000000 0.000000 0.047619 0.000000 0.144231 0.000000 0.000000 0.000000 0.000000 0.000000 0.175000 0.035714 0.000000 0.000000 0.000000 0.000000 0.000000 0.000000 0.000000 0.042373 0.029661 0.000000 0.141414 0.000000 0.000000 0.070922 0.000000 0.018349 0.000000 0.000000 0.000000 0.000000 0.047120 0.000000 0.000000 0.000000 0.000000 0.050633 0.000000 0.215385 0.000000 0.000000 0.000000 0.028986 0.000000 0.000000 0.000000 0.039801 0.000000 0.000000 0.082569 0.000000 0.048077 0.049180 0.025862 0.000000 0.000000 0.047619 0.175000 0.000000 0.000000 0.000000 0.031915 0.000000 0.000000 0.205882 0.048077 0.000000 0.036364 0.043584 0.000000 0.000000 0.000000 0.000000 0.000000 0.000000 0.000000 0.000000 0.000000 0.000000 0.000000 0.000000 0.000000 0.000000 0.000000 0.079646 0.000000 0.000000 0.000000 0.000000 0.000000 0.274510 0.000000 0.000000 0.000000 0.000000 0.000000 0.000000 0.000000 0.000000 0.113636 0.000000 0.054348 0.046875 0.021053 0.018018 0.047170 0.039801 0.000000 0.054545 0.000000 0.185841 0.000000 0.141509 0.000000 0.000000 0.000000 0.043584 0.000000 0.000000 0.000000 0.050000 0.000000 0.000000 0.000000 0.000000 0.034409 0.000000 0.000000 0.000000 0.000000 0.000000 0.000000 0.000000 0.000000 0.095745 0.198113 0.000000 0.000000 0.000000 0.000000 0.054545 0.000000 0.061404 0.000000 0.000000 0.000000 0.000000 0.082569 0.018018 0.054348 0.000000 0.000000 0.000000 0.017391 0.000000 0.000000 0.000000 0.040000 0.000000 0.070922 0.000000 0.000000 0.000000 0.000000 0.126126 0.000000 0.062500 0.000000 0.000000 0.075342 0.042373 0.000000 0.000000 0.041667 0.000000 0.000000 0.000000 0.000000 0.017391 0.000000 0.000000 0.035714 0.054054 0.000000 0.047619 0.000000 0.000000 0.000000 0.031915 0.029703 0.000000 0.000000 0.000000 0.000000 0.000000 0.000000 0.140000 0.027397 0.000000 0.000000 0.000000 0.000000 0.000000 0.000000 0.000000 0.040000 0.000000 0.000000 1.000000 0.000000 0.000000 0.082569 0.000000 0.000000 0.000000 0.000000 0.035714 0.000000 0.054545 0.000000 0.000000 0.000000 0.000000 0.090000 0.000000 0.000000 0.000000 0.000000 0.000000 0.000000 0.000000 0.044643 0.040000 0.000000 0.057692 0.000000 0.000000 0.000000 0.000000 0.000000 0.000000 0.000000 0.000000 0.000000 0.000000 0.000000 0.000000 0.000000 0.023438 0.000000 0.000000
0.000000 0.000000 0.000000 0.000000 0.075472 0.000000 0.000000 0.000000 0.000000 0.000000 0.000000 0.000000 0.101124 0.120000 0.000000 0.000000 0.000000 0.000000 0.000000 0.341772 0.000000 0.000000 0.000000 0.111111 0.000000 0.000000 0.000000 0.000000 0.205479 0.000000 0.075000 1.000000 0.000000 0.000000 0.000000 0.000000 0.000000 0.000000 0.000000 0.000000 0.000000 0.000000 0.000000 0.000000 0.000000 0.000000 0.000000 0.000000 0.073770 0.109756 0.000000 0.000000 0.176471 0.000000 0.000000 0.000000 0.000000 0.000000 0.000000 0.000000 0.000000 0.108434 0.000000 0.000000 0.000000 0.000000 0.000000 0.099448 0.000000 0.000000 0.000000 0.000000 0.000000 0.000000 0.000000 0.000000 0.000000 0.000000 0.000000 0.000000 0.000000 0.000000 0.264706 0.000000 0.230769 0.000000 0.000000 0.109756 0.000000 0.000000 0.205479 0.000000 0.000000 0.000000 0.000000 0.000000 0.000000 0.109756 0.000000 0.000000 0.000000 0.000000 0.000000 0.000000 0.000000 0.000000 0.000000 0.000000 0.000000 0.000000 0.000000 0.205479 0.000000 0.000000 0.000000 0.000000 0.000000 0.000000 0.394737 0.000000 0.000000 0.000000 0.000000 0.000000 0.000000 0.000000 0.000000 0.000000 0.000000 0.000000 0.000000 0.000000 0.000000 0.000000 0.000000 0.000000 0.000000 0.000000 0.000000 0.000000 0.000000 0.000000 0.000000 0.000000 0.000000 0.000000 0.000000 0.000000 0.000000 0.000000 0.000000 0.000000 0.000000 0.172414 0.095745 0.000000 0.394737 0.101124 0.000000 0.000000 0.000000 0.000000 0.000000 0.000000 0.000000 0.341772 0.000000 0.172414 0.000000 0.000000 0.000000 0.000000 0.000000 0.000000 0.000000 0.000000 0.000000 0.000000 0.066914 0.000000 0.000000 0.000000 0.000000 0.073770 0.000000 0.000000 0.000000 0.000000 0.000000 0.000000 0.000000 0.000000 0.000000 0.070866 0.000000 0.000000 0.000000 0.089109 0.000000 0.000000 0.000000 0.000000 0.000000 0.000000 0.000000 0.000000 0.000000 0.000000 0.000000 0.000000 0.000000 0.205479 0.000000 0.000000 0.205479 0.000000 0.000000 0.000000 0.000000 0.000000 0.000000 0.000000 0.000000 0.000000 0.000000 0.000000 0.000000 0.000000 0.000000 0.000000 0.000000 0.120000 0.000000 1.000000 0.000000 0.000000 0.108434 0.000000 0.054711 0.000000 0.000000 0.000000 0.000000 0.000000 0.000000 0.000000 0.000000 0.000000 0.000000 0.000000 0.172414 0.000000 0.555556 0.000000 0.000000 0.000000 0.000000 0.000000 0.000000 0.000000 0.000000 0.000000 0.000000 0.000000 0.000000 0.000000 0.000000 0.000000 0.391304 0.000000 0.000000 0.000000 0.000000 0.000000 0.000000
0.000000 0.000000 0.000000 0.000000 0.000000 0.000000 0.000000 0.000000 0.000000 0.000000 0.000000 0.000000 0.000000 0.000000 0.000000 0.000000 0.000000 0.000000 0.000000 0.000000 0.000000 0.000000 0.000000 0.000000 0.000000 0.000000 0.000000 0.000000 0.000000 0.000000 0.000000 0.000000 0.000000 0.000000 0.000000 0.000000 0.000000 0.000000 0.000000 0.000000 0.000000 0.000000 0.000000 0.000000 0.000000 0.000000 0.223881 0.000000 0.000000 0.000000 0.000000 0.000000 0.000000 0.000000 0.000000 0.000000 0.000000 0.000000 0.000000 0.000000 0.000000 0.000000 0.176471 0.000000 0.000000 0.000000 0.136364 0.000000 0.000000 0.000000 0.000000 0.000000 0.000000 0.000000 0.000000 0.000000 0.191489 0.000000 0.000000 0.230769 0.000000 0.000000 0.000000 0.000000 0.000000 0.000000 0.000000 0.000000 0.000000 0.000000 0.000000 0.000000 0.000000 0.000000 0.000000 0.272727 0.000000 0.000000 0.000000 0.000000 0.000000 0.000000 0.000000 0.000000 0.000000 0.000000 0.000000 0.000000 0.000000 0.000000 0.000000 0.000000 0.000000 0.000000 0.000000 0.000000 0.000000 0.000000 0.000000 0.000000 0.000000 0.000000 0.000000 0.000000 0.000000 0.000000 0.000000 0.000000 0.000000 0.000000 0.000000 0.000000 0.000000 0.000000 0.000000 0.000000 0.000000 0.000000 0.000000 0.000000 0.000000 0.000000 0.000000 0.000000 0.000000 0.000000 0.000000 0.000000 0.000000 0.203966 0.000000 0.000000 0.000000 0.000000 0.000000 0.000000 0.000000 0.000000 0.000000 0.000000 0.000000 0.000000 0.000000 0.000000 0.000000 0.000000 0.000000 0.000000 0.000000 0.000000 0.000000 0.000000 0.000000 0.000000 0.000000 0.000000 0.000000 0.000000 0.143426 0.000000 0.000000 0.000000 0.000000 0.000000 0.000000 0.000000 0.000000 0.230769 0.000000 0.000000 0.000000 0.000000 0.000000 0.000000 0.000000 0.170886 0.000000 0.195652 0.000000 0.000000 0.000000 0.000000 0.000000 0.000000 0.000000 0.000000 0.000000 0.000000 0.000000 0.000000 0.000000 0.000000 0.000000 0.000000 0.000000 0.000000 0.000000 0.000000 0.000000 0.000000 0.000000 0.000000 0.000000 0.000000 0.000000 0.000000 0.000000 0.000000 0.000000 0.000000 0.000000 0.000000 0.000000 0.000000 1.000000 0.000000 0.000000 0.000000 0.000000 0.000000 0.000000 0.000000 0.000000 0.200000 0.000000 0.000000 0.000000 0.000000 0.000000 0.230769 0.000000 0.000000 0.000000 0.000000 0.205479 0.000000 0.000000 0.000000 0.315789 0.000000 0.000000 0.000000 0.000000 0.000000 0.000000 0.000000 0.000000 0.000000 0.000000 0.000000 0.000000 0.000000 0.000000 0.000000 0.000000
0.311573 0.000000 0.000000 0.310345 0.000000 0.000000 0.000000 0.018405 0.200000 0.000000 0.018405 0.000000 0.000000 0.000000 0.000000 0.000000 0.041221 0.000000 0.000000 0.000000 0.117021 0.040000 0.000000 0.000000 0.064516 0.023256 0.000000 0.176471 0.000000 0.000000 0.000000 0.000000 0.068182 0.445545 0.018987 0.094737 0.064516 0.015873 0.060000 0.052632 0.068182 0.034934 0.272727 0.015152 0.000000 0.112500 0.000000 0.063380 0.024590 0.000000 0.000000 0.018634 0.000000 0.048913 0.000000 0.098039 0.000000 0.068493 0.064516 0.000000 0.316583 0.000000 0.000000 0.016949 0.000000 0.034985 0.000000 0.000000 0.000000 0.000000 0.018405 0.000000 0.041221 1.000000 0.026316 0.035294 0.000000 0.185567 0.026316 0.172414 0.023256 0.445545 0.000000 0.000000 0.000000 0.053333 0.000000 0.000000 0.144578 0.035294 0.000000 0.000000 0.311573 0.000000 0.000000 0.000000 0.023810 0.000000 0.066667 0.000000 0.019608 0.053571 0.068493 0.066667 0.048913 0.000000 0.000000 0.047619 0.404255 0.000000 0.053571 0.000000 0.040000 0.016575 0.000000 0.000000 0.000000 0.019608 0.000000 0.000000 0.000000 0.000000 0.000000 0.000000 0.094737 0.082192 0.000000 0.000000 0.032609 0.310345 0.018405 0.103448 0.021978 0.000000 0.000000 0.018634 0.724138 0.081818 0.034934 0.064516 0.311573 0.048913 0.082569 0.000000 0.000000 0.041221 0.000000 0.081818 0.000000 0.000000 0.000000 0.000000 0.000000 0.000000 0.000000 0.081481 0.000000 0.000000 0.000000 0.195402 0.000000 0.000000 0.000000 0.000000 0.065934 0.000000 0.031579 0.000000 0.205479 0.000000 0.023810 1.000000 0.032609 0.082192 0.000000 0.000000 0.023810 0.031250 0.000000 0.000000 0.000000 0.024691 0.000000 0.024590 0.000000 0.019608 0.000000 0.172414 0.097826 0.000000 0.053763 0.066667 0.000000 0.023622 0.272727 0.000000 0.000000 0.000000 0.000000 0.029703 0.023810 0.000000 0.031250 0.000000 0.030612 0.018987 0.000000 0.040000 0.023256 0.000000 0.000000 0.000000 0.053333 0.000000 0.000000 0.000000 0.032967 0.015873 0.000000 0.045000 0.343511 0.044199 0.019608 0.048649 0.000000 0.000000 0.000000 0.018182 0.000000 0.024691 0.000000 0.000000 0.082569 0.000000 0.000000 1.000000 0.000000 0.000000 0.000000 0.040000 0.018987 0.068702 0.021978 0.116279 0.000000 0.023810 0.060606 0.555556 0.000000 0.172414 0.000000 0.080357 0.000000 0.000000 0.109756 0.064516 0.024691 0.000000 0.000000 0.018634 0.045685 0.022727 0.000000 0.019608 0.000000 0.040000 0.000000 0.060000 0.000000 0.066667 0.000000 0.000000 0.165138 0.026316 0.000000
0.000000 0.000000 0.000000 0.000000 0.041379 0.000000 0.000000 0.000000 0.000000 0.000000 0.000000 0.000000 0.512195 0.176471 0.000000 0.000000 0.000000 0.000000 0.000000 0.166667 0.000000 0.000000 0.000000 0.162162 0.000000 0.000000 0.000000 0.000000 0.090909 0.000000 0.041096 0.108434 0.000000 0.000000 0.000000 0.000000 0.000000 0.000000 0.000000 0.000000 0.000000 0.000000 0.000000 0.000000 0.000000 0.000000 0.000000 0.000000 0.034783 0.053333 0.000000 0.000000 0.230769 0.000000 0.000000 0.000000 0.000000 0.000000 0.000000 0.000000 0.000000 0.157895 0.000000 0.000000 0.000000 0.000000 0.000000 0.047904 0.000000 0.000000 0.000000 0.000000 0.000000 0.000000 0.000000 0.000000 0.000000 0.000000 0.000000 0.000000 0.000000 0.000000 0.126316 0.000000 0.126761 0.000000 0.000000 0.053333 0.000000 0.000000 0.272727 0.000000 0.000000 0.000000 0.000000 0.000000 0.000000 0.053333 0.000000 0.000000 0.000000 0.000000 0.000000 0.000000 0.000000 0.000000 0.000000 0.000000 0.000000 0.000000 0.000000 0.090909 0.000000 0.000000 0.000000 0.000000 0.000000 0.000000 0.043478 0.000000 0.000000 0.000000 0.000000 0.000000 0.000000 0.000000 0.000000 0.000000 0.000000 0.000000 0.000000 0.000000 0.000000 0.000000 0.000000 0.000000 0.000000 0.000000 0.000000 0.000000 0.000000 0.000000 0.000000 0.000000 0.000000 0.000000 0.000000 0.000000 0.000000 0.000000 0.000000 0.000000 0.000000 0.225000 0.045977 0.000000 0.043478 0.146341 0.000000 0.000000 0.000000 0.000000 0.000000 0.000000 0.000000 0.166667 0.000000 0.075000 0.000000 0.000000 0.000000 0.000000 0.000000 0.000000 0.000000 0.000000 0.000000 0.000000 0.031373 0.000000 0.000000 0.000000 0.000000 0.034783 0.000000 0.000000 0.000000 0.000000 0.000000 0.000000 0.000000 0.000000 0.000000 0.033333 0.000000 0.000000 0.000000 0.042553 0.000000 0.000000 0.000000 0.000000 0.000000 0.000000 0.000000 0.000000 0.000000 0.000000 0.000000 0.000000 0.000000 0.090909 0.000000 0.000000 0.272727 0.000000 0.000000 0.000000 0.000000 0.000000 0.000000 0.000000 0.000000 0.000000 0.000000 0.000000 0.000000 0.000000 0.000000 0.000000 0.000000 0.176471 0.000000 0.108434 0.000000 0.000000 1.000000 0.000000 0.033223 0.000000 0.000000 0.000000 0.000000 0.000000 0.000000 0.000000 0.000000 0.000000 0.000000 0.000000 0.225000 0.000000 0.243243 0.000000 0.000000 0.000000 0.000000 0.000000 0.000000 0.000000 0.000000 0.000000 0.000000 0.000000 0.000000 0.000000 0.000000 0.000000 0.483871 0.000000 0.000000 0.000000 0.000000 0.000000 0.000000
0.000000 0.000000 0.000000 0.000000 0.025381 0.000000 0.000000 0.000000 0.000000 0.000000 0.000000 0.000000 0.000000 0.000000 0.115385 0.000000 0.000000 0.000000 0.040000 0.000000 0.035398 0.000000 0.000000 0.000000 0.000000 0.000000 0.000000 0.000000 0.000000 0.091743 0.000000 0.000000 0.000000 0.000000 0.000000 0.000000 0.000000 0.000000 0.000000 0.000000 0.000000 0.000000 0.000000 0.000000 0.000000 0.000000 0.000000 0.000000 0.000000 0.029703 0.000000 0.000000 0.000000 0.000000 0.173077 0.000000 0.144000 0.000000 0.000000 0.000000 0.000000 0.000000 0.092308 0.000000 0.000000 0.000000 0.028986 0.022831 0.000000 0.241935 0.000000 0.000000 0.000000 0.000000 0.000000 0.000000 0.049180 0.000000 0.000000 0.000000 0.000000 0.000000 0.000000 0.000000 0.000000 0.000000 0.160714 0.029703 0.000000 0.000000 0.000000 0.109091 0.000000 0.036364 0.000000 0.000000 0.000000 0.029703 0.000000 0.053571 0.000000 0.000000 0.000000 0.036697 0.000000 0.035874 0.000000 0.000000 0.000000 0.123967 0.000000 0.000000 0.000000 0.000000 0.000000 0.000000 0.097959 0.000000 0.000000 0.000000 0.029412 0.000000 0.000000 0.000000 0.000000 0.000000 0.000000 0.000000 0.000000 0.000000 0.000000 0.000000 0.000000 0.000000 0.000000 0.000000 0.000000 0.019380 0.000000 0.000000 0.000000 0.000000 0.000000 0.492683 0.000000 0.000000 0.042553 0.019380 0.000000 0.000000 0.000000 0.000000 0.000000 0.000000 0.000000 0.000000 0.000000 0.000000 0.000000 0.000000 0.457014 0.022831 0.000000 0.000000 0.000000 0.000000 0.000000 0.000000 0.000000 0.669725 0.000000 0.000000 0.000000 0.000000 0.000000 0.000000 0.000000 0.000000 0.078176 0.000000 0.036697 0.000000 0.000000 0.000000 0.000000 0.000000 0.000000 0.000000 0.000000 0.000000 0.000000 0.000000 0.000000 0.000000 0.000000 0.000000 0.000000 0.000000 0.000000 0.000000 0.000000 0.000000 0.000000 0.000000 0.000000 0.000000 0.000000 0.000000 0.000000 0.000000 0.000000 0.000000 0.000000 0.039604 0.000000 0.057692 0.000000 0.000000 0.000000 0.000000 0.000000 0.000000 0.000000 0.000000 0.266667 0.000000 0.000000 0.000000 0.105263 0.000000 0.000000 0.000000 0.000000 0.000000 0.000000 0.000000 0.000000 1.000000 0.022222 0.000000 0.000000 0.000000 0.000000 0.000000 0.024155 0.000000 0.025424 0.000000 0.000000 0.000000 0.037736 0.000000 0.000000 0.000000 0.000000 0.000000 0.000000 0.042553 0.000000 0.000000 0.000000 0.000000 0.000000 0.000000 0.000000 0.000000 0.000000 0.000000 0.000000 0.000000 0.000000 0.000000 0.000000 0.000000 0.000000
0.000000 0.000000 0.000000 0.000000 0.386760 0.000000 0.000000 0.000000 0.000000 0.000000 0.000000 0.000000 0.030769 0.037175 0.000000 0.000000 0.000000 0.000000 0.000000 0.105263 0.000000 0.000000 0.000000 0.034130 0.000000 0.000000 0.000000 0.000000 0.206897 0.027356 0.062284 0.054711 0.000000 0.000000 0.000000 0.000000 0.000000 0.000000 0.000000 0.000000 0.000000 0.000000 0.000000 0.000000 0.000000 0.000000 0.000000 0.000000 0.065646 0.353535 0.000000 0.000000 0.058252 0.000000 0.113269 0.000000 0.068702 0.000000 0.000000 0.000000 0.000000 0.033223 0.000000 0.000000 0.000000 0.000000 0.000000 0.226586 0.000000 0.069409 0.000000 0.000000 0.000000 0.000000 0.000000 0.000000 0.000000 0.000000 0.000000 0.000000 0.000000 0.000000 0.079576 0.000000 0.064057 0.000000 0.114370 0.622896 0.000000 0.000000 0.068966 0.051051 0.000000 0.027027 0.000000 0.000000 0.000000 0.622896 0.000000 0.102639 0.000000 0.000000 0.000000 0.191489 0.000000 0.000000 0.000000 0.000000 0.000000 0.013263 0.000000 0.206897 0.000000 0.000000 0.000000 0.000000 0.000000 0.000000 0.065934 0.000000 0.116279 0.000000 0.000000 0.000000 0.000000 0.000000 0.000000 0.000000 0.000000 0.000000 0.000000 0.000000 0.000000 0.000000 0.000000 0.000000 0.000000 0.051345 0.000000 0.000000 0.000000 0.000000 0.000000 0.009901 0.000000 0.000000 0.234201 0.051345 0.000000 0.000000 0.000000 0.000000 0.000000 0.056782 0.086957 0.000000 0.065934 0.030769 0.000000 0.000000 0.008955 0.027190 0.000000 0.000000 0.000000 0.105263 0.000000 0.170347 0.000000 0.015198 0.000000 0.000000 0.000000 0.000000 0.000000 0.000000 0.000000 0.000000 0.059172 0.000000 0.000000 0.000000 0.000000 0.065646 0.000000 0.000000 0.000000 0.000000 0.000000 0.000000 0.000000 0.000000 0.000000 0.062893 0.000000 0.000000 0.000000 0.080429 0.000000 0.000000 0.000000 0.000000 0.000000 0.000000 0.000000 0.000000 0.000000 0.000000 0.000000 0.000000 0.000000 0.206897 0.000000 0.030303 0.068966 0.000000 0.000000 0.000000 0.000000 0.000000 0.000000 0.000000 0.000000 0.000000 0.079108 0.000000 0.000000 0.000000 0.111748 0.000000 0.000000 0.037175 0.000000 0.054711 0.000000 0.000000 0.033223 0.022222 1.000000 0.000000 0.000000 0.000000 0.000000 0.000000 0.068404 0.000000 0.013699 0.000000 0.000000 0.000000 0.056782 0.000000 0.184300 0.000000 0.000000 0.000000 0.000000 0.000000 0.000000 0.000000 0.000000 0.000000 0.000000 0.000000 0.000000 0.000000 0.000000 0.000000 0.138776 0.000000 0.000000 0.000000 0.000000 0.000000 0.000000
0.032491 0.000000 0.000000 0.055556 0.000000 0.000000 0.000000 0.263158 0.040000 0.000000 0.263158 0.000000 0.000000 0.000000 0.000000 0.000000 0.031776 0.000000 0.000000 0.000000 0.000000 0.200000 0.000000 0.000000 0.038462 0.295775 0.000000 0.085714 0.000000 0.000000 0.000000 0.000000 0.041096 0.046512 0.117188 0.050000 0.038462 0.105882 0.035294 0.090909 0.041096 0.075377 0.047619 0.089286 0.000000 0.000000 0.000000 0.070866 0.112150 0.000000 0.000000 0.114504 0.000000 0.032468 0.000000 0.000000 0.000000 0.310345 0.038462 0.000000 0.029586 0.000000 0.000000 0.102041 0.000000 0.056537 0.000000 0.000000 0.000000 0.000000 0.263158 0.000000 0.031776 0.040000 0.737705 0.171429 0.000000 0.097561 0.147541 0.083333 0.295775 0.046512 0.000000 0.000000 0.000000 0.000000 0.000000 0.000000 0.000000 0.171429 0.000000 0.000000 0.032491 0.000000 0.000000 0.000000 0.130435 0.000000 0.040000 0.000000 0.121951 0.036232 0.724138 0.040000 0.090909 0.000000 0.000000 0.081081 0.113924 0.000000 0.036232 0.000000 0.200000 0.099338 0.000000 0.000000 0.000000 0.609756 0.000000 0.000000 0.000000 0.000000 0.000000 0.000000 0.050000 0.000000 0.000000 0.000000 0.000000 0.055556 0.263158 0.055556 0.592105 0.000000 0.000000 0.114504 0.055556 0.042105 0.075377 0.038462 0.032491 0.032468 0.042553 0.000000 0.000000 0.031776 0.000000 0.042105 0.000000 0.000000 0.000000 0.000000 0.000000 0.000000 0.000000 0.150000 0.000000 0.000000 0.000000 0.083333 0.000000 0.000000 0.000000 0.000000 0.039474 0.000000 0.350000 0.000000 0.103448 0.000000 0.130435 0.040000 0.000000 0.000000 0.000000 0.000000 0.130435 0.000000 0.000000 0.000000 0.000000 0.136364 0.000000 0.112150 0.000000 0.121951 0.000000 0.083333 0.000000 0.000000 0.230769 0.040000 0.000000 0.107143 0.047619 0.000000 0.000000 0.000000 0.000000 0.139535 0.130435 0.000000 0.000000 0.000000 0.120482 0.117188 0.000000 0.200000 0.295775 0.000000 0.000000 0.000000 0.000000 0.000000 0.000000 0.000000 0.157895 0.105882 0.000000 0.088235 0.086207 0.000000 0.121951 0.032258 0.000000 0.000000 0.000000 0.111111 0.000000 0.136364 0.000000 0.000000 0.000000 0.000000 0.000000 0.040000 0.000000 0.000000 0.000000 1.000000 0.117188 0.103448 0.592105 0.122807 0.000000 0.130435 0.142857 0.090909 0.000000 0.083333 0.000000 0.041237 0.000000 0.000000 0.059701 0.000000 0.136364 0.000000 0.000000 0.114504 0.089820 0.123288 0.000000 0.121951 0.000000 0.200000 0.000000 0.035294 0.000000 0.040000 0.000000 0.000000 0.085106 0.147541 0.000000
0.010239 0.000000 0.062802 0.032895 0.000000 0.000000 0.000000 0.148936 0.018987 0.000000 0.148936 0.000000 0.000000 0.000000 0.000000 0.000000 0.008818 0.000000 0.000000 0.000000 0.000000 0.117188 0.014045 0.000000 0.018293 0.226667 0.000000 0.118243 0.000000 0.000000 0.000000 0.000000 0.019481 0.027778 0.294118 0.029762 0.018293 0.033210 0.016854 0.043689 0.019481 0.028986 0.028409 0.409091 0.000000 0.000000 0.000000 0.034351 0.220721 0.000000 0.110759 0.043165 0.000000 0.012346 0.000000 0.000000 0.000000 0.217742 0.018293 0.000000 0.011299 0.000000 0.022500 0.038710 0.000000 0.033445 0.020833 0.000000 0.000000 0.000000 0.148936 0.000000 0.008818 0.018987 0.069231 0.675676 0.046196 0.040698 0.069231 0.059211 0.226667 0.027778 0.000000 0.000000 0.000000 0.000000 0.000000 0.000000 0.000000 0.405405 0.000000 0.028125 0.010239 0.000000 0.000000 0.000000 0.061644 0.000000 0.018987 0.000000 0.045802 0.013699 0.217742 0.018987 0.030864 0.000000 0.000000 0.039130 0.054217 0.000000 0.013699 0.000000 0.117188 0.037736 0.031250 0.000000 0.000000 0.045802 0.000000 0.000000 0.000000 0.000000 0.000000 0.142241 0.029762 0.000000 0.043367 0.057692 0.000000 0.032895 0.148936 0.032895 0.071875 0.000000 0.015060 0.043165 0.032895 0.025253 0.028986 0.018293 0.010239 0.012346 0.025510 0.000000 0.047222 0.008818 0.000000 0.025253 0.000000 0.026087 0.000000 0.000000 0.000000 0.000000 0.000000 0.108871 0.000000 0.000000 0.035156 0.059211 0.000000 0.000000 0.000000 0.000000 0.034375 0.000000 0.357143 0.000000 0.072581 0.000000 0.061644 0.018987 0.000000 0.000000 0.000000 0.000000 0.061644 0.000000 0.000000 0.000000 0.000000 0.428571 0.000000 0.220721 0.000000 0.045802 0.000000 0.059211 0.000000 0.000000 0.658537 0.018987 0.000000 0.258621 0.028409 0.000000 0.000000 0.141667 0.000000 0.083333 0.061644 0.000000 0.000000 0.000000 0.063218 1.000000 0.052469 0.117188 0.226667 0.000000 0.000000 0.000000 0.000000 0.017606 0.000000 0.000000 0.093750 0.033210 0.000000 0.033708 0.045833 0.000000 0.045802 0.012270 0.000000 0.000000 0.000000 0.041958 0.000000 0.771429 0.000000 0.000000 0.035714 0.000000 0.000000 0.018987 0.000000 0.000000 0.000000 0.117188 1.000000 0.062500 0.071875 0.080508 0.000000 0.061644 0.085227 0.064286 0.000000 0.059211 0.000000 0.024752 0.000000 0.000000 0.035211 0.000000 0.428571 0.000000 0.057432 0.043165 0.034286 0.058442 0.000000 0.045802 0.000000 0.117188 0.000000 0.016854 0.000000 0.018987 0.000000 0.000000 0.035714 0.069231 0.000000
0.053892 0.000000 0.000000 0.093750 0.000000 0.000000 0.000000 0.061224 0.068702 0.000000 0.061224 0.000000 0.000000 0.000000 0.000000 0.000000 0.051882 0.000000 0.000000 0.000000 0.000000 0.189655 0.000000 0.000000 0.067164 0.070866 0.000000 0.142857 0.000000 0.000000 0.000000 0.000000 0.069767 0.084507 0.062500 0.088235 0.067164 0.139875 0.063830 0.329032 0.069767 0.077170 0.085714 0.053571 0.000000 0.000000 0.000000 0.267760 0.073620 0.000000 0.000000 0.061728 0.000000 0.056391 0.000000 0.000000 0.000000 0.315789 0.067164 0.000000 0.053381 0.000000 0.000000 0.150579 0.000000 0.031558 0.037500 0.000000 0.000000 0.000000 0.061224 0.000000 0.051882 0.068702 0.076923 0.095238 0.000000 0.101449 0.076923 0.140625 0.070866 0.084507 0.000000 0.000000 0.000000 0.000000 0.000000 0.000000 0.000000 0.095238 0.000000 0.000000 0.053892 0.000000 0.000000 0.000000 0.072000 0.000000 0.068702 0.000000 0.063830 0.060000 0.157895 0.068702 0.090226 0.000000 0.000000 0.089820 0.066667 0.000000 0.060000 0.000000 0.103448 0.300380 0.000000 0.000000 0.000000 0.063830 0.000000 0.000000 0.000000 0.000000 0.000000 0.000000 0.088235 0.000000 0.040000 0.000000 0.000000 0.093750 0.061224 0.093750 0.068182 0.070175 0.000000 0.160494 0.093750 0.079470 0.077170 0.067164 0.053892 0.056391 0.080000 0.000000 0.000000 0.051882 0.000000 0.079470 0.000000 0.000000 0.000000 0.000000 0.000000 0.000000 0.059259 0.250000 0.000000 0.000000 0.000000 0.046875 0.000000 0.000000 0.000000 0.051724 0.068182 0.000000 0.088235 0.000000 0.157895 0.000000 0.200000 0.068702 0.000000 0.000000 0.000000 0.000000 0.072000 0.000000 0.076923 0.000000 0.000000 0.073770 0.000000 0.073620 0.000000 0.063830 0.000000 0.140625 0.000000 0.000000 0.134328 0.068702 0.000000 0.071429 0.085714 0.000000 0.000000 0.000000 0.000000 0.084507 0.072000 0.000000 0.000000 0.000000 0.115108 0.062500 0.000000 0.103448 0.070866 0.000000 0.000000 0.000000 0.000000 0.000000 0.000000 0.000000 0.696970 0.139875 0.000000 0.088652 0.104651 0.000000 0.063830 0.056180 0.000000 0.000000 0.000000 0.060729 0.000000 0.073770 0.062016 0.000000 0.000000 0.000000 0.000000 0.068702 0.000000 0.000000 0.000000 0.103448 0.062500 1.000000 0.068182 0.623529 0.000000 0.072000 0.192857 0.147541 0.000000 0.140625 0.000000 0.078431 0.000000 0.000000 0.097561 0.000000 0.073770 0.000000 0.000000 0.160494 0.089606 0.069767 0.000000 0.063830 0.000000 0.189655 0.000000 0.063830 0.000000 0.068702 0.070175 0.065574 0.093333 0.076923 0.000000
0.014663 0.000000 0.077922 0.034091 0.000000 0.000000 0.000000 0.145455 0.021978 0.000000 0.145455 0.000000 0.000000 0.000000 0.000000 0.000000 0.013575 0.000000 0.000000 0.000000 0.000000 0.118421 0.000000 0.000000 0.021277 0.183908 0.000000 0.232558 0.000000 0.000000 0.000000 0.000000 0.022472 0.029412 0.071875 0.031250 0.021277 0.047022 0.019802 0.052174 0.022472 0.038961 0.030000 0.057500 0.000000 0.000000 0.000000 0.041958 0.121951 0.000000 0.021978 0.055215 0.000000 0.016129 0.000000 0.000000 0.000000 0.202703 0.021277 0.000000 0.014925 0.000000 0.000000 0.050279 0.000000 0.034582 0.000000 0.000000 0.000000 0.000000 0.145455 0.000000 0.013575 0.021978 0.389610 0.127907 0.000000 0.051020 0.077922 0.056818 0.183908 0.029412 0.000000 0.000000 0.000000 0.000000 0.000000 0.000000 0.000000 0.127907 0.000000 0.000000 0.014663 0.000000 0.000000 0.000000 0.070588 0.000000 0.021978 0.000000 0.058065 0.017647 0.472973 0.021978 0.043011 0.000000 0.000000 0.047244 0.063158 0.000000 0.017647 0.000000 0.118421 0.049180 0.000000 0.000000 0.000000 0.290323 0.000000 0.000000 0.000000 0.000000 0.000000 0.000000 0.031250 0.000000 0.000000 0.025974 0.000000 0.034091 0.145455 0.034091 1.000000 0.000000 0.000000 0.055215 0.034091 0.027027 0.038961 0.021277 0.014663 0.016129 0.027273 0.000000 0.000000 0.013575 0.000000 0.027027 0.000000 0.000000 0.000000 0.000000 0.000000 0.000000 0.000000 0.110294 0.000000 0.000000 0.276316 0.056818 0.000000 0.000000 0.000000 0.000000 0.347826 0.000000 0.250000 0.000000 0.067568 0.000000 0.070588 0.021978 0.000000 0.000000 0.000000 0.000000 0.070588 0.000000 0.000000 0.000000 0.000000 0.091463 0.000000 0.121951 0.000000 0.058065 0.000000 0.056818 0.000000 0.000000 0.191489 0.021978 0.000000 0.125000 0.030000 0.000000 0.000000 0.049020 0.000000 0.088235 0.070588 0.000000 0.000000 0.000000 0.070707 0.071875 0.000000 0.118421 0.183908 0.000000 0.000000 0.000000 0.000000 0.000000 0.000000 0.000000 0.097826 0.047022 0.000000 0.044554 0.053030 0.000000 0.058065 0.016043 0.000000 0.000000 0.000000 0.053892 0.000000 0.091463 0.000000 0.000000 0.054545 0.000000 0.000000 0.021978 0.000000 0.000000 0.000000 0.592105 0.071875 0.068182 1.000000 0.084615 0.000000 0.070588 0.090000 0.060976 0.000000 0.056818 0.000000 0.026549 0.000000 0.000000 0.036145 0.000000 0.091463 0.000000 0.000000 0.055215 0.045226 0.067416 0.000000 0.058065 0.000000 0.118421 0.000000 0.019802 0.000000 0.021978 0.000000 0.000000 0.045455 0.077922 0.000000
0.103448 0.000000 0.000000 0.142857 0.000000 0.000000 0.000000 0.078838 0.116279 0.000000 0.078838 0.000000 0.000000 0.000000 0.000000 0.000000 0.102378 0.000000 0.000000 0.000000 0.000000 0.210526 0.000000 0.000000 0.113636 0.088000 0.000000 0.193548 0.000000 0.000000 0.000000 0.000000 0.118110 0.128571 0.080508 0.134328 0.113636 0.159236 0.107914 0.241830 0.118110 0.117264 0.130435 0.068841 0.000000 0.000000 0.130435 0.303867 0.086957 0.000000 0.000000 0.079498 0.000000 0.103053 0.000000 0.000000 0.000000 0.339286 0.113636 0.000000 0.097473 0.000000 0.120000 0.168627 0.000000 0.048096 0.031646 0.000000 0.000000 0.000000 0.078838 0.000000 0.102378 0.116279 0.095652 0.112903 0.042254 0.147059 0.095652 0.333333 0.088000 0.128571 0.000000 0.000000 0.000000 0.000000 0.000000 0.000000 0.000000 0.112903 0.000000 0.000000 0.103448 0.000000 0.000000 0.157895 0.089431 0.000000 0.116279 0.000000 0.082251 0.109756 0.178571 0.116279 0.137405 0.000000 0.000000 0.127273 0.082707 0.000000 0.109756 0.000000 0.122807 0.320463 0.000000 0.000000 0.000000 0.082251 0.000000 0.000000 0.000000 0.000000 0.000000 0.000000 0.134328 0.000000 0.000000 0.000000 0.000000 0.142857 0.078838 0.142857 0.084615 0.000000 0.000000 0.179916 0.142857 0.120805 0.117264 0.113636 0.103448 0.103053 0.121622 0.000000 0.000000 0.102378 0.000000 0.120805 0.000000 0.044037 0.000000 0.000000 0.000000 0.000000 0.000000 0.287356 0.000000 0.000000 0.000000 0.063492 0.000000 0.000000 0.000000 0.000000 0.115385 0.000000 0.104478 0.000000 0.214286 0.000000 0.219512 0.116279 0.000000 0.000000 0.000000 0.000000 0.089431 0.000000 0.103746 0.000000 0.000000 0.091667 0.000000 0.086957 0.000000 0.082251 0.000000 0.333333 0.000000 0.000000 0.151515 0.116279 0.000000 0.084337 0.130435 0.106299 0.000000 0.128571 0.000000 0.100000 0.089431 0.000000 0.000000 0.000000 0.131387 0.080508 0.000000 0.122807 0.088000 0.000000 0.000000 0.000000 0.000000 0.000000 0.000000 0.000000 0.723077 0.159236 0.000000 0.133094 0.141176 0.000000 0.082251 0.102662 0.000000 0.000000 0.000000 0.078189 0.000000 0.091667 0.000000 0.000000 0.000000 0.000000 0.200000 0.116279 0.000000 0.000000 0.000000 0.122807 0.080508 0.623529 0.084615 1.000000 0.000000 0.089431 0.239130 0.200000 0.000000 0.333333 0.000000 0.119205 0.000000 0.000000 0.272727 0.000000 0.091667 0.000000 0.064516 0.179916 0.134545 0.086614 0.000000 0.082251 0.000000 0.210526 0.000000 0.107914 0.000000 0.116279 0.000000 0.000000 0.135135 0.095652 0.000000
0.000000 0.000000 0.000000 0.000000 0.094595 0.000000 0.000000 0.000000 0.000000 0.000000 0.000000 0.000000 0.000000 0.000000 0.000000 0.000000 0.000000 0.000000 0.000000 0.000000 0.000000 0.000000 0.000000 0.000000 0.000000 0.000000 0.000000 0.000000 0.000000 0.029586 0.000000 0.000000 0.000000 0.000000 0.000000 0.000000 0.000000 0.000000 0.000000 0.000000 0.000000 0.000000 0.000000 0.000000 0.000000 0.000000 0.000000 0.000000 0.000000 0.137255 0.000000 0.000000 0.000000 0.000000 0.119497 0.000000 0.074627 0.000000 0.000000 0.000000 0.000000 0.000000 0.000000 0.000000 0.000000 0.000000 0.000000 0.082353 0.000000 0.085427 0.000000 0.000000 0.000000 0.000000 0.000000 0.000000 0.000000 0.000000 0.000000 0.000000 0.000000 0.000000 0.000000 0.000000 0.000000 0.000000 0.131429 0.137255 0.000000 0.000000 0.000000 0.052632 0.000000 0.029240 0.000000 0.000000 0.000000 0.137255 0.000000 0.108571 0.000000 0.000000 0.000000 0.207101 0.000000 0.000000 0.000000 0.000000 0.000000 0.015544 0.000000 0.000000 0.000000 0.000000 0.000000 0.000000 0.000000 0.000000 0.000000 0.000000 0.135484 0.000000 0.000000 0.000000 0.000000 0.000000 0.000000 0.000000 0.000000 0.000000 0.000000 0.000000 0.000000 0.000000 0.000000 0.000000 0.000000 0.066986 0.000000 0.000000 0.000000 0.000000 0.000000 0.012821 0.000000 0.000000 0.539568 0.066986 0.000000 0.000000 0.000000 0.000000 0.000000 0.000000 0.000000 0.000000 0.000000 0.000000 0.000000 0.000000 0.011628 0.035294 0.000000 0.000000 0.000000 0.000000 0.000000 0.000000 0.000000 0.017751 0.000000 0.000000 0.000000 0.000000 0.000000 0.000000 0.000000 0.000000 0.000000 0.000000 0.000000 0.000000 0.000000 0.000000 0.000000 0.000000 0.000000 0.000000 0.000000 0.000000 0.000000 0.000000 0.000000 0.000000 0.000000 0.000000 0.000000 0.000000 0.000000 0.000000 0.000000 0.000000 0.000000 0.000000 0.000000 0.000000 0.000000 0.000000 0.000000 0.000000 0.000000 0.000000 0.000000 0.032680 0.000000 0.000000 0.000000 0.000000 0.000000 0.000000 0.000000 0.000000 0.000000 0.000000 0.091633 0.000000 0.000000 0.000000 0.128492 0.000000 0.000000 0.000000 0.000000 0.000000 0.000000 0.000000 0.000000 0.024155 0.068404 0.000000 0.000000 0.000000 0.000000 0.000000 1.000000 0.000000 0.016043 0.000000 0.000000 0.000000 0.000000 0.000000 0.000000 0.000000 0.000000 0.000000 0.000000 0.000000 0.000000 0.000000 0.000000 0.000000 0.000000 0.000000 0.000000 0.000000 0.000000 0.000000 0.000000 0.000000 0.000000 0.000000 0.000000 0.000000 0.000000
0.015974 0.000000 0.000000 0.037037 0.000000 0.000000 0.000000 0.059603 0.023810 0.000000 0.059603 0.000000 0.000000 0.000000 0.000000 0.000000 0.014827 0.000000 0.000000 0.000000 0.000000 0.130435 0.000000 0.000000 0.022989 0.075000 0.000000 0.063291 0.000000 0.000000 0.000000 0.000000 0.024390 0.031579 0.061644 0.033708 0.022989 0.120275 0.021277 0.129630 0.024390 0.207373 0.032258 0.048387 0.000000 0.000000 0.000000 0.176471 0.077586 0.000000 0.000000 0.060403 0.000000 0.017442 0.000000 0.000000 0.000000 0.223881 0.022989 0.000000 0.016043 0.000000 0.000000 0.127273 0.000000 0.037618 0.000000 0.000000 0.000000 0.000000 0.059603 0.000000 0.014827 0.023810 0.085714 0.113924 0.000000 0.252747 0.085714 0.061728 0.075000 0.031579 0.000000 0.000000 0.000000 0.000000 0.000000 0.000000 0.000000 0.113924 0.000000 0.000000 0.015974 0.000000 0.000000 0.000000 0.076923 0.000000 0.023810 0.000000 0.319149 0.019231 0.223881 0.023810 0.046512 0.000000 0.000000 0.116667 0.068182 0.000000 0.019231 0.000000 0.130435 0.053254 0.000000 0.000000 0.000000 0.063830 0.000000 0.000000 0.000000 0.000000 0.000000 0.000000 0.033708 0.000000 0.000000 0.000000 0.000000 0.037037 0.059603 0.037037 0.070588 0.000000 0.000000 0.140940 0.037037 0.028846 0.207373 0.022989 0.015974 0.017442 0.029126 0.000000 0.000000 0.014827 0.000000 0.028846 0.000000 0.000000 0.000000 0.000000 0.000000 0.000000 0.000000 0.116279 0.000000 0.000000 0.000000 0.061728 0.000000 0.000000 0.000000 0.000000 0.023529 0.000000 0.101124 0.000000 0.074627 0.000000 0.179487 0.023810 0.000000 0.000000 0.000000 0.000000 0.384615 0.000000 0.000000 0.000000 0.000000 0.080000 0.000000 0.077586 0.000000 0.319149 0.000000 0.061728 0.000000 0.000000 0.172414 0.023810 0.000000 0.074380 0.032258 0.000000 0.000000 0.000000 0.000000 0.094737 0.076923 0.000000 0.000000 0.000000 0.271739 0.061644 0.000000 0.130435 0.075000 0.000000 0.000000 0.000000 0.000000 0.000000 0.000000 0.000000 0.105882 0.120275 0.000000 0.239362 0.248000 0.000000 0.319149 0.017341 0.000000 0.000000 0.000000 0.058824 0.000000 0.080000 0.000000 0.000000 0.000000 0.000000 0.000000 0.023810 0.000000 0.000000 0.000000 0.130435 0.061644 0.072000 0.070588 0.089431 0.000000 1.000000 0.096774 0.066667 0.000000 0.061728 0.000000 0.028302 0.000000 0.000000 0.039474 0.000000 0.080000 0.000000 0.000000 0.140940 0.243243 0.073171 0.000000 0.319149 0.000000 0.130435 0.000000 0.021277 0.000000 0.023810 0.000000 0.000000 0.203883 0.428571 0.000000
0.040214 0.000000 0.000000 0.093750 0.016949 0.000000 0.000000 0.082873 0.060606 0.000000 0.082873 0.000000 0.000000 0.000000 0.000000 0.000000 0.037139 0.000000 0.000000 0.000000 0.000000 0.142857 0.000000 0.000000 0.058824 0.094737 0.000000 0.159574 0.000000 0.030303 0.000000 0.000000 0.061856 0.081818 0.085227 0.086538 0.058824 0.173789 0.055046 0.178862 0.061856 0.072874 0.083333 0.069444 0.000000 0.000000 0.000000 0.158940 0.091603 0.021978 0.000000 0.083799 0.000000 0.044554 0.053191 0.000000 0.026087 0.219512 0.058824 0.000000 0.041475 0.000000 0.000000 0.169231 0.000000 0.042216 0.000000 0.015075 0.000000 0.017544 0.082873 0.000000 0.037139 0.060606 0.105882 0.127660 0.000000 0.103774 0.105882 0.156250 0.094737 0.081818 0.000000 0.000000 0.000000 0.000000 0.049020 0.021978 0.000000 0.127660 0.000000 0.050000 0.040214 0.030000 0.000000 0.000000 0.096774 0.021978 0.060606 0.049020 0.087719 0.048387 0.219512 0.272727 0.089109 0.000000 0.000000 0.088889 0.087379 0.018018 0.048387 0.000000 0.142857 0.175879 0.000000 0.000000 0.000000 0.087719 0.000000 0.000000 0.021739 0.000000 0.000000 0.000000 0.086538 0.000000 0.000000 0.000000 0.000000 0.093750 0.082873 0.093750 0.090000 0.000000 0.000000 0.184358 0.093750 0.151261 0.072874 0.058824 0.040214 0.044554 0.076271 0.016216 0.000000 0.037139 0.035714 0.151261 0.000000 0.000000 0.000000 0.000000 0.000000 0.000000 0.000000 0.159722 0.000000 0.000000 0.000000 0.062500 0.014925 0.015075 0.000000 0.000000 0.060000 0.000000 0.115385 0.000000 0.182927 0.020202 0.204301 0.060606 0.000000 0.000000 0.000000 0.000000 0.096774 0.000000 0.000000 0.000000 0.000000 0.100000 0.000000 0.091603 0.000000 0.087719 0.000000 0.156250 0.000000 0.000000 0.176471 0.060606 0.000000 0.088235 0.083333 0.000000 0.000000 0.000000 0.000000 0.254545 0.096774 0.000000 0.000000 0.000000 0.093458 0.085227 0.000000 0.142857 0.094737 0.000000 0.000000 0.000000 0.000000 0.032967 0.000000 0.000000 0.220000 0.173789 0.000000 0.087156 0.107143 0.000000 0.087719 0.044335 0.021429 0.000000 0.000000 0.081967 0.028846 0.100000 0.000000 0.000000 0.000000 0.000000 0.000000 0.060606 0.000000 0.025424 0.013699 0.142857 0.085227 0.192857 0.090000 0.239130 0.016043 0.096774 1.000000 0.166667 0.000000 0.156250 0.000000 0.074380 0.000000 0.000000 0.098901 0.000000 0.100000 0.000000 0.000000 0.184358 0.088372 0.092784 0.000000 0.087719 0.000000 0.142857 0.000000 0.055046 0.000000 0.060606 0.000000 0.000000 0.093220 0.105882 0.000000
0.508306 0.000000 0.000000 0.692308 0.000000 0.000000 0.000000 0.062069 0.555556 0.000000 0.062069 0.000000 0.000000 0.000000 0.000000 0.000000 0.169811 0.000000 0.000000 0.000000 0.141176 0.090909 0.000000 0.000000 0.178571 0.064935 0.000000 0.315789 0.000000 0.000000 0.000000 0.000000 0.189873 0.521739 0.064286 0.209302 0.178571 0.060932 0.164835 0.142857 0.189873 0.123223 0.600000 0.050000 0.000000 0.126761 0.000000 0.135338 0.053097 0.000000 0.000000 0.062937 0.000000 0.162651 0.000000 0.125926 0.000000 0.125000 0.178571 0.000000 0.447514 0.000000 0.000000 0.056604 0.000000 0.078176 0.000000 0.000000 0.000000 0.000000 0.062069 0.000000 0.169811 0.555556 0.074627 0.078947 0.000000 0.511364 0.074627 0.307692 0.064935 0.521739 0.000000 0.000000 0.000000 0.151515 0.000000 0.000000 0.135135 0.078947 0.000000 0.000000 0.508306 0.000000 0.000000 0.000000 0.066667 0.000000 0.185185 0.000000 0.066667 0.180000 0.125000 0.185185 0.162651 0.000000 0.000000 0.128205 0.411765 0.000000 0.180000 0.000000 0.090909 0.055215 0.000000 0.000000 0.000000 0.066667 0.000000 0.000000 0.000000 0.000000 0.000000 0.000000 0.209302 0.187500 0.000000 0.000000 0.108434 0.692308 0.062069 0.230769 0.060976 0.000000 0.000000 0.062937 0.692308 0.178218 0.123223 0.178571 0.508306 0.162651 0.180000 0.000000 0.000000 0.169811 0.000000 0.178218 0.000000 0.000000 0.000000 0.000000 0.000000 0.000000 0.000000 0.158730 0.000000 0.000000 0.000000 0.230769 0.000000 0.000000 0.000000 0.000000 0.182927 0.000000 0.069767 0.000000 0.375000 0.000000 0.066667 0.555556 0.108434 0.187500 0.000000 0.000000 0.066667 0.103448 0.000000 0.000000 0.000000 0.069444 0.000000 0.053097 0.000000 0.066667 0.000000 0.307692 0.108434 0.000000 0.095238 0.185185 0.000000 0.050847 0.600000 0.000000 0.000000 0.000000 0.000000 0.065217 0.066667 0.000000 0.103448 0.000000 0.067416 0.064286 0.000000 0.090909 0.064935 0.000000 0.000000 0.000000 0.151515 0.000000 0.000000 0.000000 0.073171 0.060932 0.000000 0.148352 0.393443 0.122699 0.066667 0.161677 0.000000 0.000000 0.000000 0.061224 0.000000 0.069444 0.000000 0.000000 0.090000 0.000000 0.000000 0.555556 0.000000 0.000000 0.000000 0.090909 0.064286 0.147541 0.060976 0.200000 0.000000 0.066667 0.166667 1.000000 0.000000 0.307692 0.000000 0.174757 0.000000 0.000000 0.246575 0.142857 0.069444 0.000000 0.000000 0.062937 0.150838 0.063291 0.000000 0.066667 0.000000 0.090909 0.000000 0.164835 0.000000 0.185185 0.000000 0.000000 0.450000 0.074627 0.000000
0.000000 0.000000 0.000000 0.000000 0.000000 0.375000 0.000000 0.000000 0.000000 0.000000 0.000000 0.230769 0.000000 0.000000 0.000000 0.000000 0.205832 0.000000 0.000000 0.000000 0.000000 0.000000 0.219780 0.000000 0.000000 0.000000 0.000000 0.000000 0.000000 0.000000 0.000000 0.000000 0.303797 0.000000 0.000000 0.000000 0.000000 0.000000 0.087912 0.000000 0.303797 0.000000 0.000000 0.000000 0.375000 0.000000 0.000000 0.000000 0.000000 0.000000 0.222222 0.000000 0.000000 0.000000 0.000000 0.000000 0.000000 0.000000 0.000000 0.000000 0.000000 0.000000 0.000000 0.000000 0.000000 0.000000 0.000000 0.000000 0.102564 0.000000 0.000000 0.000000 0.205832 0.000000 0.000000 0.000000 0.000000 0.000000 0.000000 0.000000 0.000000 0.000000 0.000000 0.000000 0.000000 0.000000 0.000000 0.000000 0.000000 0.000000 0.000000 0.000000 0.000000 0.000000 0.375000 0.000000 0.000000 0.000000 0.000000 0.000000 0.000000 0.000000 0.000000 0.000000 0.000000 0.000000 0.000000 0.205128 0.000000 0.000000 0.000000 0.000000 0.000000 0.000000 0.162162 0.000000 0.000000 0.000000 0.000000 0.000000 0.000000 0.000000 0.000000 0.000000 0.000000 0.000000 0.000000 0.000000 0.000000 0.000000 0.000000 0.000000 0.000000 0.000000 0.094118 0.000000 0.000000 0.000000 0.000000 0.000000 0.000000 0.000000 0.000000 0.000000 0.000000 0.205832 0.000000 0.000000 0.000000 0.000000 0.000000 0.000000 0.000000 0.000000 0.000000 0.000000 0.000000 0.000000 0.000000 0.000000 0.000000 0.000000 0.000000 0.000000 0.000000 0.000000 0.000000 0.000000 0.000000 0.000000 0.000000 0.000000 0.000000 0.000000 0.000000 0.000000 0.000000 0.000000 0.000000 0.000000 0.185185 0.000000 0.000000 0.000000 0.000000 0.000000 0.273504 0.000000 0.000000 0.272727 0.000000 0.000000 0.000000 0.000000 0.000000 0.000000 0.000000 0.000000 0.000000 0.000000 0.000000 0.000000 0.000000 0.000000 0.000000 0.000000 0.000000 0.000000 0.000000 0.000000 0.000000 0.000000 0.000000 0.000000 0.000000 0.000000 0.000000 0.000000 0.000000 0.000000 0.000000 0.000000 0.000000 0.000000 0.000000 0.000000 0.000000 0.000000 0.000000 0.000000 0.000000 0.000000 0.000000 0.000000 0.000000 0.000000 0.000000 0.000000 0.000000 0.000000 0.000000 0.000000 0.000000 0.000000 0.000000 0.000000 0.000000 0.000000 1.000000 0.000000 0.000000 0.000000 0.000000 0.000000 0.000000 0.000000 0.000000 0.000000 0.000000 0.000000 0.000000 0.000000 0.272727 0.000000 0.000000 0.000000 0.000000 0.087912 0.000000 0.000000 0.000000 0.000000 0.000000 0.000000 0.000000
0.156923 0.000000 0.000000 0.214286 0.000000 0.000000 0.000000 0.057325 0.172414 0.000000 0.057325 0.000000 0.000000 0.000000 0.000000 0.000000 0.156894 0.000000 0.000000 0.000000 0.000000 0.083333 0.000000 0.000000 0.166667 0.060241 0.000000 0.292683 0.000000 0.000000 0.000000 0.000000 0.176471 0.183673 0.059211 0.195652 0.166667 0.056106 0.154639 0.135135 0.176471 0.116592 0.187500 0.046875 0.000000 0.000000 0.123288 0.129496 0.050420 0.000000 0.000000 0.058065 0.000000 0.151685 0.000000 0.000000 0.000000 0.114286 0.166667 0.000000 0.139896 0.000000 0.111111 0.052632 0.000000 0.072508 0.025862 0.000000 0.000000 0.000000 0.057325 0.000000 0.156894 0.172414 0.068493 0.073171 0.040000 0.159574 0.068493 1.000000 0.060241 0.183673 0.000000 0.000000 0.000000 0.000000 0.000000 0.000000 0.000000 0.073171 0.000000 0.000000 0.156923 0.000000 0.000000 0.166667 0.061728 0.000000 0.172414 0.000000 0.061224 0.166667 0.114286 0.172414 0.151685 0.000000 0.000000 0.121951 0.054945 0.000000 0.166667 0.000000 0.083333 0.051429 0.000000 0.000000 0.000000 0.061224 0.000000 0.000000 0.000000 0.000000 0.000000 0.000000 0.195652 0.000000 0.000000 0.000000 0.000000 0.214286 0.057325 0.214286 0.056818 0.000000 0.000000 0.058065 0.214286 0.168224 0.116592 0.166667 0.156923 0.151685 0.169811 0.000000 0.000000 0.156894 0.000000 0.168224 0.000000 0.042440 0.000000 0.000000 0.000000 0.000000 0.000000 0.151515 0.000000 0.000000 0.000000 0.095238 0.000000 0.000000 0.000000 0.000000 0.170455 0.000000 0.065217 0.000000 0.342857 0.000000 0.061728 0.172414 0.000000 0.000000 0.000000 0.000000 0.061728 0.000000 0.091255 0.000000 0.000000 0.064103 0.000000 0.050420 0.000000 0.061224 0.000000 1.000000 0.000000 0.000000 0.088889 0.172414 0.000000 0.048387 0.187500 0.088235 0.000000 0.122449 0.000000 0.061224 0.061728 0.000000 0.000000 0.000000 0.063158 0.059211 0.000000 0.083333 0.060241 0.000000 0.000000 0.000000 0.000000 0.000000 0.000000 0.000000 0.068182 0.056106 0.000000 0.139175 0.140625 0.000000 0.061224 0.150838 0.000000 0.000000 0.000000 0.056604 0.000000 0.064103 0.000000 0.000000 0.000000 0.000000 0.230769 0.172414 0.000000 0.000000 0.000000 0.083333 0.059211 0.140625 0.056818 0.333333 0.000000 0.061728 0.156250 0.307692 0.000000 1.000000 0.000000 0.165138 0.000000 0.000000 0.797468 0.000000 0.064103 0.000000 0.073171 0.058065 0.141361 0.058824 0.000000 0.061224 0.000000 0.083333 0.000000 0.154639 0.000000 0.172414 0.000000 0.000000 0.141509 0.068493 0.000000
0.000000 0.000000 0.000000 0.000000 0.065359 0.000000 0.000000 0.000000 0.000000 0.000000 0.000000 0.000000 0.209302 0.250000 0.027778 0.000000 0.000000 0.000000 0.000000 0.236842 0.131868 0.000000 0.000000 0.230769 0.000000 0.000000 0.000000 0.000000 0.114286 0.000000 0.064935 0.172414 0.000000 0.000000 0.000000 0.000000 0.000000 0.000000 0.000000 0.000000 0.000000 0.000000 0.000000 0.000000 0.000000 0.000000 0.000000 0.000000 0.050420 0.075949 0.000000 0.000000 0.292683 0.000000 0.000000 0.000000 0.000000 0.000000 0.000000 0.000000 0.000000 0.225000 0.037037 0.000000 0.000000 0.000000 0.000000 0.068571 0.000000 0.029412 0.000000 0.000000 0.000000 0.000000 0.000000 0.000000 0.000000 0.000000 0.000000 0.000000 0.000000 0.000000 0.181818 0.000000 0.200000 0.000000 0.000000 0.075949 0.000000 0.000000 0.342857 0.000000 0.000000 0.000000 0.000000 0.000000 0.000000 0.075949 0.000000 0.000000 0.000000 0.000000 0.000000 0.000000 0.000000 0.000000 0.000000 0.000000 0.000000 0.121212 0.000000 0.114286 0.000000 0.000000 0.000000 0.000000 0.119403 0.000000 0.068493 0.000000 0.000000 0.000000 0.000000 0.000000 0.000000 0.000000 0.000000 0.000000 0.000000 0.000000 0.000000 0.000000 0.000000 0.000000 0.000000 0.000000 0.000000 0.000000 0.000000 0.000000 0.000000 0.000000 0.000000 0.049689 0.000000 0.000000 0.000000 0.000000 0.000000 0.000000 0.000000 0.000000 0.000000 0.285714 0.065934 0.000000 0.068493 0.209302 0.000000 0.000000 0.045198 0.000000 0.000000 0.000000 0.000000 0.236842 0.000000 0.095238 0.000000 0.068966 0.000000 0.000000 0.000000 0.000000 0.000000 0.000000 0.000000 0.000000 0.076046 0.000000 0.045977 0.000000 0.000000 0.050420 0.000000 0.000000 0.000000 0.000000 0.000000 0.000000 0.000000 0.000000 0.000000 0.048387 0.000000 0.000000 0.000000 0.061224 0.000000 0.000000 0.000000 0.000000 0.000000 0.000000 0.000000 0.000000 0.000000 0.000000 0.000000 0.000000 0.000000 0.114286 0.000000 0.000000 0.342857 0.000000 0.000000 0.000000 0.000000 0.000000 0.000000 0.000000 0.000000 0.000000 0.031250 0.000000 0.000000 0.000000 0.000000 0.000000 0.000000 0.250000 0.000000 0.172414 0.000000 0.000000 0.225000 0.037736 0.056782 0.000000 0.000000 0.000000 0.000000 0.000000 0.000000 0.000000 0.000000 0.000000 0.000000 0.000000 1.000000 0.000000 0.307692 0.000000 0.000000 0.000000 0.000000 0.000000 0.000000 0.000000 0.000000 0.000000 0.000000 0.000000 0.000000 0.000000 0.000000 0.000000 0.545455 0.000000 0.000000 0.000000 0.000000 0.000000 0.000000
0.063529 0.000000 0.000000 0.110092 0.000000 0.000000 0.000000 0.024155 0.080357 0.000000 0.024155 0.000000 0.000000 0.000000 0.000000 0.000000 0.061372 0.000000 0.000000 0.000000 0.000000 0.041237 0.000000 0.000000 0.200000 0.027778 0.000000 0.168224 0.000000 0.000000 0.000000 0.000000 0.081818 0.097561 0.024752 0.307692 0.200000 0.022333 0.073770 0.066176 0.081818 0.626374 0.297521 0.020661 0.000000 0.000000 0.000000 0.219512 0.027778 0.000000 0.000000 0.024390 0.000000 0.298246 0.000000 0.000000 0.000000 0.063158 0.200000 0.000000 0.061728 0.000000 0.000000 0.022624 0.000000 0.368910 0.000000 0.000000 0.000000 0.000000 0.024155 0.030928 0.061372 0.080357 0.030612 0.037383 0.000000 0.075630 0.030612 0.165138 0.027778 0.097561 0.000000 0.045226 0.000000 0.000000 0.000000 0.000000 0.000000 0.037383 0.000000 0.000000 0.063529 0.000000 0.000000 0.000000 0.028302 0.000000 0.241071 0.000000 0.025381 0.320755 0.063158 0.080357 0.065789 0.000000 0.045226 0.060811 0.025862 0.000000 0.320755 0.000000 0.041237 0.022222 0.000000 0.000000 0.035857 0.025381 0.000000 0.000000 0.000000 0.000000 0.000000 0.000000 0.307692 0.000000 0.045802 0.000000 0.000000 0.110092 0.024155 0.110092 0.026549 0.000000 0.000000 0.024390 0.110092 0.272727 0.626374 0.200000 0.063529 0.298246 0.396947 0.000000 0.000000 0.061372 0.000000 0.272727 0.000000 0.031447 0.000000 0.114286 0.037783 0.000000 0.043103 0.343949 0.000000 0.054054 0.000000 0.055046 0.000000 0.000000 0.000000 0.000000 0.079646 0.000000 0.034188 0.000000 0.189474 0.000000 0.028302 0.080357 0.000000 0.000000 0.000000 0.000000 0.028302 0.000000 0.000000 0.045226 0.000000 0.029126 0.037783 0.027778 0.105263 0.025381 0.000000 0.165138 0.000000 0.000000 0.052174 0.151786 0.052632 0.026846 0.297521 0.000000 0.195876 0.000000 0.045226 0.032520 0.028302 0.000000 0.000000 0.000000 0.050000 0.024752 0.070175 0.041237 0.027778 0.078431 0.000000 0.000000 0.000000 0.000000 0.000000 0.000000 0.035398 0.022333 0.000000 0.147541 0.078431 0.000000 0.025381 0.065502 0.000000 0.000000 0.000000 0.023923 0.000000 0.029126 0.000000 0.000000 0.000000 0.000000 0.000000 0.080357 0.000000 0.000000 0.000000 0.041237 0.024752 0.078431 0.026549 0.119205 0.000000 0.028302 0.074380 0.174757 0.000000 0.165138 0.000000 1.000000 0.000000 0.000000 0.115385 0.000000 0.029126 0.000000 0.000000 0.024390 0.186722 0.027273 0.000000 0.025381 0.000000 0.041237 0.052632 0.073770 0.000000 0.151786 0.000000 0.000000 0.206107 0.030612 0.214286
0.000000 0.000000 0.000000 0.000000 0.212766 0.000000 0.000000 0.000000 0.000000 0.000000 0.000000 0.000000 0.225000 0.272727 0.000000 0.000000 0.000000 0.000000 0.000000 0.771429 0.000000 0.000000 0.000000 0.250000 0.000000 0.000000 0.000000 0.000000 0.375000 0.000000 0.211268 0.555556 0.000000 0.000000 0.000000 0.000000 0.000000 0.000000 0.000000 0.000000 0.000000 0.000000 0.000000 0.000000 0.000000 0.000000 0.000000 0.000000 0.159292 0.246575 0.000000 0.000000 0.315789 0.000000 0.000000 0.000000 0.000000 0.000000 0.000000 0.000000 0.000000 0.243243 0.000000 0.000000 0.000000 0.000000 0.000000 0.220859 0.000000 0.000000 0.000000 0.000000 0.000000 0.000000 0.000000 0.000000 0.000000 0.000000 0.000000 0.000000 0.000000 0.000000 0.580645 0.000000 0.652174 0.000000 0.000000 0.246575 0.000000 0.000000 0.375000 0.000000 0.000000 0.000000 0.000000 0.000000 0.000000 0.246575 0.000000 0.000000 0.000000 0.000000 0.000000 0.000000 0.000000 0.000000 0.000000 0.000000 0.000000 0.000000 0.000000 0.375000 0.000000 0.000000 0.000000 0.000000 0.000000 0.000000 0.223881 0.000000 0.000000 0.000000 0.000000 0.000000 0.000000 0.000000 0.000000 0.000000 0.000000 0.000000 0.000000 0.000000 0.000000 0.000000 0.000000 0.000000 0.000000 0.000000 0.000000 0.000000 0.000000 0.000000 0.000000 0.000000 0.000000 0.000000 0.000000 0.000000 0.000000 0.000000 0.000000 0.000000 0.000000 0.307692 0.211765 0.000000 0.223881 0.225000 0.000000 0.000000 0.000000 0.000000 0.000000 0.000000 0.000000 0.771429 0.000000 0.307692 0.000000 0.000000 0.000000 0.000000 0.000000 0.000000 0.000000 0.000000 0.000000 0.000000 0.143426 0.000000 0.000000 0.000000 0.000000 0.159292 0.000000 0.000000 0.000000 0.000000 0.000000 0.000000 0.000000 0.000000 0.000000 0.152542 0.000000 0.000000 0.000000 0.195652 0.000000 0.000000 0.000000 0.000000 0.000000 0.000000 0.000000 0.000000 0.000000 0.000000 0.000000 0.000000 0.000000 0.375000 0.000000 0.000000 0.375000 0.000000 0.000000 0.000000 0.000000 0.000000 0.000000 0.000000 0.000000 0.000000 0.000000 0.000000 0.000000 0.000000 0.000000 0.000000 0.000000 0.272727 0.000000 0.555556 0.000000 0.000000 0.243243 0.000000 0.184300 0.000000 0.000000 0.000000 0.000000 0.000000 0.000000 0.000000 0.000000 0.000000 0.000000 0.000000 0.307692 0.000000 1.000000 0.000000 0.000000 0.000000 0.000000 0.000000 0.000000 0.000000 0.000000 0.000000 0.000000 0.000000 0.000000 0.000000 0.000000 0.000000 0.600000 0.000000 0.000000 0.000000 0.000000 0.000000 0.000000
0.000000 0.000000 0.000000 0.000000 0.000000 0.000000 0.000000 0.000000 0.000000 0.000000 0.000000 0.000000 0.000000 0.000000 0.000000 0.724138 0.000000 0.000000 0.000000 0.000000 0.000000 0.000000 0.000000 0.000000 0.000000 0.000000 0.000000 0.000000 0.000000 0.000000 0.000000 0.000000 0.000000 0.000000 0.000000 0.000000 0.000000 0.000000 0.000000 0.000000 0.000000 0.000000 0.000000 0.000000 0.000000 0.000000 0.000000 0.000000 0.000000 0.000000 0.000000 0.000000 0.000000 0.000000 0.000000 0.000000 0.000000 0.000000 0.000000 0.000000 0.000000 0.000000 0.000000 0.000000 0.000000 0.000000 0.147059 0.000000 0.000000 0.000000 0.000000 0.000000 0.000000 0.000000 0.000000 0.000000 0.000000 0.000000 0.000000 0.000000 0.000000 0.000000 0.000000 0.000000 0.000000 0.000000 0.000000 0.000000 0.000000 0.000000 0.000000 0.000000 0.000000 0.000000 0.000000 0.000000 0.000000 0.000000 0.000000 0.000000 0.000000 0.000000 0.000000 0.000000 0.000000 0.000000 0.000000 0.000000 0.000000 0.000000 0.000000 0.000000 0.000000 0.000000 0.000000 0.000000 0.000000 0.000000 0.000000 0.000000 0.000000 0.000000 0.000000 0.000000 0.000000 0.000000 0.000000 0.000000 0.000000 0.000000 0.000000 0.342857 0.000000 0.000000 0.000000 0.000000 0.000000 0.000000 0.000000 0.000000 0.000000 0.000000 0.000000 0.000000 0.000000 0.000000 0.000000 0.000000 0.000000 0.000000 0.000000 0.000000 0.000000 0.000000 0.000000 0.000000 0.000000 0.000000 0.000000 0.000000 0.000000 0.000000 0.000000 0.000000 0.000000 0.000000 0.000000 0.000000 0.000000 0.000000 0.000000 0.000000 0.000000 0.000000 0.000000 0.000000 0.000000 0.000000 0.204255 0.000000 0.000000 0.000000 0.000000 0.000000 0.000000 0.000000 0.000000 0.000000 0.000000 0.000000 0.000000 0.000000 0.000000 0.000000 0.000000 0.000000 0.000000 0.000000 0.000000 0.000000 0.000000 0.000000 0.000000 0.000000 0.000000 0.000000 0.000000 0.000000 0.000000 0.000000 0.000000 0.000000 0.000000 0.000000 0.000000 0.000000 0.000000 0.000000 0.000000 0.000000 0.000000 0.000000 0.000000 0.079470 0.000000 0.000000 0.000000 0.000000 0.000000 0.000000 0.000000 0.000000 0.000000 0.000000 0.000000 0.000000 0.000000 0.000000 0.000000 0.000000 0.000000 0.000000 0.000000 0.000000 0.000000 0.000000 0.000000 0.000000 0.000000 0.000000 0.000000 0.000000 0.000000 1.000000 0.000000 0.000000 0.000000 0.000000 0.000000 0.000000 0.000000 0.000000 0.000000 0.000000 0.000000 0.000000 0.000000 0.000000 0.000000 0.000000 0.000000 0.000000 0.000000 0.000000 0.000000
0.088525 0.000000 0.000000 0.151899 0.000000 0.000000 0.000000 0.034014 0.109756 0.000000 0.034014 0.000000 0.000000 0.000000 0.000000 0.000000 0.086294 0.000000 0.000000 0.000000 0.000000 0.059701 0.000000 0.000000 0.105882 0.038462 0.000000 0.233766 0.000000 0.000000 0.000000 0.000000 0.112500 0.129032 0.035211 0.137931 0.105882 0.031802 0.097826 0.084906 0.112500 0.065728 0.131868 0.027473 0.000000 0.000000 0.088235 0.089552 0.035088 0.000000 0.000000 0.034483 0.000000 0.089286 0.000000 0.000000 0.000000 0.092308 0.105882 0.000000 0.081967 0.000000 0.087379 0.031056 0.000000 0.051447 0.018018 0.000000 0.000000 0.000000 0.034014 0.000000 0.086294 0.109756 0.044118 0.051948 0.031579 0.101124 0.044118 0.797468 0.038462 0.129032 0.000000 0.000000 0.000000 0.000000 0.000000 0.000000 0.000000 0.051948 0.000000 0.000000 0.088525 0.000000 0.000000 0.134328 0.039474 0.000000 0.109756 0.000000 0.036496 0.098684 0.092308 0.109756 0.089286 0.000000 0.000000 0.076271 0.034884 0.000000 0.098684 0.000000 0.059701 0.030303 0.000000 0.000000 0.000000 0.036496 0.000000 0.000000 0.000000 0.000000 0.000000 0.000000 0.137931 0.000000 0.000000 0.000000 0.000000 0.151899 0.034014 0.151899 0.036145 0.000000 0.000000 0.034483 0.151899 0.117647 0.065728 0.105882 0.088525 0.089286 0.118812 0.000000 0.000000 0.086294 0.000000 0.117647 0.000000 0.033613 0.000000 0.000000 0.000000 0.000000 0.000000 0.110236 0.000000 0.000000 0.000000 0.075949 0.000000 0.000000 0.000000 0.000000 0.108434 0.000000 0.045977 0.000000 0.276923 0.000000 0.039474 0.109756 0.000000 0.000000 0.000000 0.000000 0.039474 0.000000 0.071146 0.000000 0.000000 0.041096 0.000000 0.035088 0.000000 0.036496 0.000000 0.797468 0.000000 0.000000 0.070588 0.109756 0.000000 0.033613 0.131868 0.056250 0.000000 0.096774 0.000000 0.043011 0.039474 0.000000 0.000000 0.000000 0.044444 0.035211 0.000000 0.059701 0.038462 0.000000 0.000000 0.000000 0.000000 0.000000 0.000000 0.000000 0.048193 0.031802 0.000000 0.081522 0.097561 0.000000 0.036496 0.088757 0.000000 0.000000 0.000000 0.033557 0.000000 0.041096 0.000000 0.000000 0.000000 0.000000 0.205479 0.109756 0.000000 0.000000 0.000000 0.059701 0.035211 0.097561 0.036145 0.272727 0.000000 0.039474 0.098901 0.246575 0.000000 0.797468 0.000000 0.115385 0.000000 0.000000 1.000000 0.000000 0.041096 0.000000 0.064935 0.034483 0.082873 0.037500 0.000000 0.036496 0.000000 0.059701 0.000000 0.097826 0.000000 0.109756 0.000000 0.000000 0.089109 0.044118 0.000000
0.051576 0.000000 0.000000 0.088889 0.000000 0.000000 0.000000 0.000000 0.064516 0.000000 0.000000 0.000000 0.000000 0.000000 0.000000 0.000000 0.000000 0.000000 0.000000 0.000000 0.082474 0.000000 0.000000 0.000000 0.000000 0.000000 0.000000 0.000000 0.000000 0.000000 0.000000 0.000000 0.000000 0.057692 0.000000 0.000000 0.000000 0.000000 0.000000 0.000000 0.000000 0.000000 0.078431 0.000000 0.000000 0.060241 0.000000 0.000000 0.000000 0.000000 0.000000 0.000000 0.000000 0.000000 0.000000 0.056604 0.000000 0.000000 0.000000 0.000000 0.048780 0.000000 0.000000 0.000000 0.000000 0.000000 0.000000 0.000000 0.000000 0.000000 0.000000 0.000000 0.000000 0.064516 0.000000 0.000000 0.000000 0.180000 0.000000 0.000000 0.000000 0.057692 0.000000 0.000000 0.000000 0.230769 0.000000 0.000000 0.069767 0.000000 0.000000 0.000000 0.051576 0.000000 0.000000 0.000000 0.000000 0.000000 0.000000 0.000000 0.000000 0.000000 0.000000 0.000000 0.000000 0.000000 0.000000 0.000000 0.061856 0.000000 0.000000 0.000000 0.000000 0.000000 0.000000 0.000000 0.000000 0.000000 0.000000 0.000000 0.000000 0.000000 0.000000 0.000000 0.000000 0.315789 0.000000 0.000000 0.157895 0.266667 0.000000 0.000000 0.000000 0.000000 0.000000 0.000000 0.088889 0.000000 0.000000 0.000000 0.051576 0.000000 0.000000 0.000000 0.000000 0.000000 0.000000 0.000000 0.000000 0.000000 0.000000 0.000000 0.000000 0.000000 0.000000 0.000000 0.000000 0.000000 0.000000 0.066667 0.000000 0.000000 0.000000 0.000000 0.000000 0.000000 0.000000 0.000000 0.000000 0.000000 0.000000 0.064516 0.157895 0.315789 0.000000 0.000000 0.000000 0.151515 0.000000 0.000000 0.000000 0.000000 0.000000 0.000000 0.000000 0.000000 0.000000 0.000000 0.052632 0.000000 0.000000 0.000000 0.000000 0.000000 0.078431 0.000000 0.000000 0.000000 0.000000 0.000000 0.000000 0.000000 0.151515 0.000000 0.000000 0.000000 0.000000 0.000000 0.000000 0.000000 0.000000 0.000000 0.230769 0.000000 0.000000 0.000000 0.000000 0.000000 0.000000 0.000000 0.044776 0.240642 0.000000 0.000000 0.000000 0.000000 0.000000 0.000000 0.000000 0.000000 0.000000 0.000000 0.044643 0.000000 0.000000 0.064516 0.000000 0.000000 0.000000 0.000000 0.000000 0.000000 0.000000 0.000000 0.000000 0.000000 0.000000 0.142857 0.000000 0.000000 0.000000 0.000000 0.000000 0.000000 0.000000 1.000000 0.000000 0.000000 0.000000 0.000000 0.000000 0.000000 0.000000 0.000000 0.000000 0.000000 0.000000 0.000000 0.000000 0.000000 0.000000 0.000000 0.053571 0.000000 0.000000
0.016611 0.000000 0.066351 0.038462 0.000000 0.000000 0.000000 0.200000 0.024691 0.000000 0.200000 0.000000 0.000000 0.000000 0.000000 0.000000 0.015437 0.000000 0.000000 0.000000 0.000000 0.136364 0.016484 0.000000 0.023810 0.272727 0.000000 0.125000 0.000000 0.000000 0.000000 0.000000 0.025316 0.032609 0.771429 0.034884 0.023810 0.053763 0.021978 0.057143 0.025316 0.042654 0.033333 0.333333 0.000000 0.000000 0.000000 0.045113 0.247788 0.000000 0.129630 0.062937 0.000000 0.018072 0.000000 0.000000 0.000000 0.234375 0.023810 0.000000 0.016575 0.000000 0.024510 0.056604 0.000000 0.039088 0.022727 0.000000 0.000000 0.000000 0.200000 0.000000 0.015437 0.024691 0.089552 0.789474 0.047872 0.056818 0.089552 0.064103 0.272727 0.032609 0.000000 0.000000 0.000000 0.000000 0.000000 0.000000 0.000000 0.473684 0.000000 0.030488 0.016611 0.000000 0.000000 0.000000 0.080000 0.000000 0.024691 0.000000 0.066667 0.020000 0.234375 0.024691 0.048193 0.000000 0.000000 0.051282 0.070588 0.000000 0.020000 0.000000 0.136364 0.055215 0.033784 0.000000 0.000000 0.066667 0.000000 0.000000 0.000000 0.000000 0.000000 0.141667 0.034884 0.000000 0.045000 0.067164 0.000000 0.038462 0.200000 0.038462 0.091463 0.000000 0.017647 0.062937 0.038462 0.029703 0.042654 0.023810 0.016611 0.018072 0.030000 0.000000 0.048913 0.015437 0.000000 0.029703 0.000000 0.028329 0.000000 0.000000 0.000000 0.000000 0.000000 0.119048 0.000000 0.000000 0.037879 0.064103 0.000000 0.000000 0.000000 0.000000 0.042683 0.000000 0.395349 0.000000 0.078125 0.000000 0.080000 0.024691 0.000000 0.000000 0.000000 0.000000 0.080000 0.000000 0.000000 0.000000 0.000000 0.555556 0.000000 0.247788 0.000000 0.066667 0.000000 0.064103 0.000000 0.000000 0.714286 0.024691 0.000000 0.288136 0.033333 0.000000 0.000000 0.146739 0.000000 0.097826 0.080000 0.000000 0.000000 0.000000 0.078652 0.428571 0.054217 0.136364 0.272727 0.000000 0.000000 0.000000 0.000000 0.020548 0.000000 0.000000 0.109756 0.053763 0.000000 0.049451 0.057377 0.000000 0.066667 0.017964 0.000000 0.000000 0.000000 0.061224 0.000000 0.555556 0.000000 0.000000 0.040000 0.000000 0.000000 0.024691 0.000000 0.000000 0.000000 0.136364 0.428571 0.073770 0.091463 0.091667 0.000000 0.080000 0.100000 0.069444 0.000000 0.064103 0.000000 0.029126 0.000000 0.000000 0.041096 0.000000 1.000000 0.000000 0.059211 0.062937 0.050279 0.075949 0.000000 0.066667 0.000000 0.136364 0.000000 0.021978 0.000000 0.024691 0.000000 0.000000 0.050000 0.089552 0.000000
0.000000 0.000000 0.000000 0.000000 0.000000 0.000000 0.000000 0.000000 0.000000 0.000000 0.000000 0.000000 0.000000 0.000000 0.062500 0.000000 0.000000 0.000000 0.181818 0.000000 0.000000 0.000000 0.000000 0.000000 0.000000 0.000000 0.000000 0.000000 0.000000 0.000000 0.000000 0.000000 0.000000 0.000000 0.000000 0.000000 0.000000 0.000000 0.000000 0.000000 0.000000 0.000000 0.000000 0.000000 0.000000 0.000000 0.000000 0.000000 0.000000 0.000000 0.000000 0.000000 0.000000 0.000000 0.000000 0.000000 0.000000 0.000000 0.000000 0.000000 0.000000 0.000000 0.000000 0.000000 0.000000 0.000000 0.038462 0.000000 0.000000 0.000000 0.000000 0.000000 0.000000 0.000000 0.000000 0.000000 0.068182 0.000000 0.000000 0.000000 0.000000 0.000000 0.000000 0.000000 0.000000 0.000000 0.000000 0.000000 0.000000 0.000000 0.000000 0.000000 0.000000 0.000000 0.000000 0.000000 0.000000 0.000000 0.000000 0.000000 0.000000 0.000000 0.000000 0.000000 0.000000 0.225806 0.000000 0.000000 0.000000 0.000000 0.000000 0.000000 0.000000 0.000000 0.000000 0.000000 0.000000 0.000000 0.000000 0.000000 0.000000 0.000000 0.000000 0.000000 0.000000 0.000000 0.000000 0.000000 0.000000 0.000000 0.000000 0.000000 0.000000 0.000000 0.000000 0.000000 0.000000 0.000000 0.000000 0.000000 0.000000 0.000000 0.000000 0.043796 0.000000 0.000000 0.000000 0.000000 0.000000 0.000000 0.000000 0.000000 0.000000 0.000000 0.000000 0.000000 0.000000 0.000000 0.000000 0.000000 0.039216 0.000000 0.000000 0.000000 0.000000 0.000000 0.000000 0.000000 0.000000 0.053333 0.000000 0.000000 0.000000 0.000000 0.000000 0.000000 0.000000 0.000000 0.000000 0.000000 0.000000 0.000000 0.000000 0.000000 0.000000 0.000000 0.000000 0.000000 0.000000 0.000000 0.000000 0.000000 0.000000 0.000000 0.000000 0.000000 0.000000 0.000000 0.000000 0.000000 0.000000 0.000000 0.000000 0.000000 0.000000 0.000000 0.000000 0.000000 0.000000 0.000000 0.000000 0.000000 0.000000 0.000000 0.000000 0.085714 0.000000 0.000000 0.000000 0.000000 0.000000 0.000000 0.000000 0.000000 0.000000 0.000000 0.000000 0.000000 0.000000 0.000000 0.000000 0.000000 0.000000 0.000000 0.000000 0.000000 0.000000 0.042553 0.000000 0.000000 0.000000 0.000000 0.000000 0.000000 0.000000 0.000000 0.000000 0.000000 0.000000 0.000000 0.000000 0.000000 0.000000 0.000000 0.000000 0.000000 0.000000 1.000000 0.000000 0.000000 0.000000 0.000000 0.000000 0.000000 0.000000 0.000000 0.000000 0.000000 0.000000 0.000000 0.000000 0.000000 0.000000 0.000000 0.000000
0.000000 0.000000 0.219178 0.000000 0.000000 0.000000 0.000000 0.058824 0.000000 0.000000 0.058824 0.000000 0.000000 0.000000 0.000000 0.000000 0.000000 0.000000 0.000000 0.000000 0.000000 0.000000 0.052632 0.000000 0.000000 0.061728 0.000000 0.000000 0.000000 0.000000 0.000000 0.000000 0.000000 0.000000 0.057432 0.000000 0.000000 0.000000 0.000000 0.000000 0.000000 0.000000 0.000000 0.045213 0.000000 0.000000 0.070423 0.000000 0.051282 0.000000 0.000000 0.000000 0.000000 0.000000 0.000000 0.000000 0.000000 0.000000 0.000000 0.000000 0.000000 0.000000 0.113208 0.000000 0.000000 0.000000 0.289474 0.000000 0.000000 0.000000 0.058824 0.000000 0.000000 0.000000 0.000000 0.062500 0.428571 0.000000 0.000000 0.073171 0.061728 0.000000 0.000000 0.000000 0.000000 0.000000 0.000000 0.000000 0.000000 0.062500 0.000000 0.209302 0.000000 0.000000 0.000000 0.085714 0.000000 0.000000 0.000000 0.000000 0.000000 0.000000 0.000000 0.000000 0.000000 0.000000 0.000000 0.000000 0.000000 0.000000 0.000000 0.000000 0.000000 0.000000 0.076923 0.000000 0.000000 0.000000 0.000000 0.000000 0.000000 0.000000 0.000000 0.187500 0.000000 0.000000 0.230769 0.000000 0.000000 0.000000 0.058824 0.000000 0.000000 0.000000 0.056180 0.000000 0.000000 0.000000 0.000000 0.000000 0.000000 0.000000 0.000000 0.000000 0.083333 0.000000 0.000000 0.000000 0.000000 0.650406 0.000000 0.000000 0.000000 0.000000 0.000000 0.000000 0.000000 0.000000 0.000000 0.000000 0.000000 0.000000 0.000000 0.000000 0.000000 0.000000 0.066667 0.000000 0.000000 0.000000 0.000000 0.000000 0.000000 0.000000 0.000000 0.000000 0.000000 0.000000 0.046332 0.000000 0.000000 0.059211 0.000000 0.051282 0.000000 0.000000 0.000000 0.073171 0.000000 0.000000 0.068182 0.000000 0.000000 0.049180 0.000000 0.054217 0.000000 0.062500 0.000000 0.000000 0.000000 0.000000 0.000000 0.000000 0.000000 0.057432 0.275862 0.000000 0.061728 0.000000 0.000000 0.000000 0.000000 0.194805 0.000000 0.000000 0.000000 0.000000 0.000000 0.000000 0.000000 0.000000 0.000000 0.000000 0.000000 0.000000 0.000000 0.000000 0.000000 0.059211 0.000000 0.000000 0.057692 0.000000 0.315789 0.000000 0.000000 0.000000 0.000000 0.000000 0.057432 0.000000 0.000000 0.064516 0.000000 0.000000 0.000000 0.000000 0.000000 0.073171 0.000000 0.000000 0.000000 0.000000 0.064935 0.000000 0.059211 0.000000 1.000000 0.000000 0.000000 0.000000 0.000000 0.000000 0.000000 0.000000 0.000000 0.000000 0.000000 0.000000 0.000000 0.000000 0.000000 0.000000 0.000000
0.010033 0.000000 0.000000 0.032258 0.000000 0.000000 0.000000 0.041667 0.018634 0.000000 0.041667 0.000000 0.000000 0.000000 0.000000 0.000000 0.008636 0.000000 0.000000 0.000000 0.000000 0.251908 0.000000 0.000000 0.017964 0.058824 0.000000 0.059603 0.000000 0.000000 0.000000 0.000000 0.019108 0.027322 0.043165 0.029240 0.017964 0.768953 0.016575 0.330144 0.019108 0.066667 0.027933 0.033520 0.000000 0.000000 0.000000 0.154717 0.066667 0.000000 0.000000 0.042254 0.000000 0.012121 0.000000 0.000000 0.000000 0.480315 0.017964 0.000000 0.011111 0.000000 0.000000 0.493671 0.000000 0.032787 0.000000 0.000000 0.000000 0.000000 0.041667 0.000000 0.008636 0.018634 0.067669 0.099338 0.000000 0.085714 0.067669 0.058065 0.058824 0.027322 0.000000 0.000000 0.000000 0.000000 0.000000 0.000000 0.000000 0.099338 0.000000 0.000000 0.010033 0.000000 0.000000 0.000000 0.060403 0.000000 0.018634 0.000000 0.104478 0.013423 0.212598 0.018634 0.030303 0.000000 0.000000 0.090129 0.053254 0.000000 0.013423 0.000000 0.114504 0.185185 0.000000 0.000000 0.000000 0.044776 0.000000 0.000000 0.000000 0.000000 0.000000 0.000000 0.029240 0.000000 0.000000 0.000000 0.000000 0.032258 0.041667 0.032258 0.055215 0.000000 0.000000 0.549296 0.032258 0.024876 0.066667 0.017964 0.010033 0.012121 0.025126 0.000000 0.000000 0.008636 0.000000 0.024876 0.000000 0.000000 0.000000 0.000000 0.000000 0.000000 0.000000 0.243028 0.000000 0.000000 0.000000 0.058065 0.000000 0.000000 0.000000 0.000000 0.018405 0.000000 0.087719 0.000000 0.070866 0.000000 0.785235 0.018634 0.000000 0.000000 0.000000 0.000000 0.140940 0.000000 0.000000 0.000000 0.000000 0.062937 0.000000 0.066667 0.000000 0.104478 0.000000 0.058065 0.000000 0.000000 0.161677 0.018634 0.000000 0.063830 0.027933 0.000000 0.000000 0.000000 0.000000 0.081967 0.060403 0.000000 0.000000 0.000000 0.163842 0.043165 0.000000 0.114504 0.058824 0.000000 0.000000 0.000000 0.000000 0.000000 0.000000 0.000000 0.239264 0.249097 0.000000 0.077348 0.094650 0.000000 0.104478 0.012048 0.000000 0.000000 0.000000 0.041096 0.000000 0.062937 0.000000 0.000000 0.000000 0.000000 0.000000 0.018634 0.000000 0.000000 0.000000 0.114504 0.043165 0.160494 0.055215 0.179916 0.000000 0.140940 0.184358 0.062937 0.000000 0.058065 0.000000 0.024390 0.000000 0.000000 0.034483 0.000000 0.062937 0.000000 0.000000 1.000000 0.078652 0.057325 0.000000 0.104478 0.000000 0.251908 0.000000 0.016575 0.000000 0.018634 0.000000 0.000000 0.075377 0.157895 0.000000
0.024259 0.000000 0.000000 0.078534 0.000000 0.000000 0.000000 0.033333 0.045685 0.000000 0.033333 0.000000 0.000000 0.000000 0.000000 0.000000 0.020747 0.000000 0.000000 0.000000 0.000000 0.089820 0.000000 0.000000 0.044335 0.047619 0.000000 0.144385 0.000000 0.000000 0.000000 0.000000 0.046632 0.068493 0.034286 0.217391 0.044335 0.060172 0.041475 0.110204 0.046632 0.280488 0.209302 0.027907 0.000000 0.000000 0.000000 0.348837 0.057471 0.000000 0.000000 0.033708 0.000000 0.029851 0.000000 0.000000 0.000000 0.165644 0.044335 0.000000 0.027778 0.000000 0.000000 0.072165 0.000000 0.047745 0.000000 0.000000 0.000000 0.000000 0.033333 0.000000 0.020747 0.045685 0.053254 0.080214 0.000000 0.327014 0.053254 0.141361 0.047619 0.068493 0.000000 0.000000 0.000000 0.000000 0.000000 0.000000 0.000000 0.080214 0.000000 0.000000 0.024259 0.000000 0.000000 0.000000 0.048649 0.000000 0.685279 0.000000 0.364706 0.032432 0.165644 0.045685 0.044776 0.000000 0.000000 0.100372 0.043902 0.000000 0.032432 0.000000 0.089820 0.030303 0.000000 0.000000 0.000000 0.035294 0.000000 0.000000 0.000000 0.000000 0.000000 0.000000 0.217391 0.000000 0.025532 0.000000 0.000000 0.078534 0.033333 0.078534 0.045226 0.000000 0.000000 0.078652 0.078534 0.189873 0.280488 0.044335 0.024259 0.029851 0.191489 0.000000 0.000000 0.020747 0.000000 0.189873 0.000000 0.000000 0.000000 0.098361 0.000000 0.000000 0.019512 0.233449 0.000000 0.030769 0.000000 0.047120 0.000000 0.000000 0.000000 0.000000 0.045226 0.000000 0.072464 0.000000 0.165644 0.000000 0.113514 0.045685 0.000000 0.000000 0.000000 0.000000 0.243243 0.000000 0.000000 0.000000 0.000000 0.050279 0.000000 0.057471 0.029851 0.364706 0.000000 0.141361 0.000000 0.000000 0.133005 0.045685 0.000000 0.055351 0.209302 0.000000 0.000000 0.000000 0.000000 0.068493 0.048649 0.000000 0.000000 0.000000 0.314554 0.034286 0.049751 0.089820 0.047619 0.056497 0.000000 0.000000 0.000000 0.000000 0.000000 0.000000 0.075377 0.060172 0.000000 0.304147 0.376344 0.000000 0.364706 0.029703 0.000000 0.000000 0.000000 0.032967 0.000000 0.050279 0.000000 0.000000 0.000000 0.000000 0.000000 0.045685 0.000000 0.000000 0.000000 0.089820 0.034286 0.089606 0.045226 0.134545 0.000000 0.243243 0.088372 0.150838 0.000000 0.141361 0.000000 0.186722 0.000000 0.000000 0.082873 0.000000 0.050279 0.000000 0.000000 0.078652 1.000000 0.046632 0.000000 0.364706 0.000000 0.089820 0.000000 0.041475 0.000000 0.045685 0.000000 0.000000 0.319149 0.266272 0.000000
0.015198 0.000000 0.000000 0.035294 0.000000 0.000000 0.000000 0.056604 0.022727 0.000000 0.056604 0.000000 0.000000 0.000000 0.000000 0.000000 0.014085 0.000000 0.000000 0.000000 0.000000 0.123288 0.000000 0.000000 0.021978 0.071429 0.000000 0.060241 0.000000 0.000000 0.000000 0.000000 0.023256 0.030303 0.058442 0.032258 0.021978 0.048860 0.020408 0.053571 0.023256 0.040000 0.030928 0.046392 0.000000 0.000000 0.000000 0.042857 0.075000 0.000000 0.000000 0.286624 0.000000 0.016667 0.000000 0.000000 0.000000 0.211268 0.021978 0.000000 0.015385 0.000000 0.000000 0.052023 0.000000 0.035821 0.000000 0.000000 0.000000 0.000000 0.056604 0.000000 0.014085 0.022727 0.081081 0.108434 0.000000 0.052632 0.189189 0.058824 0.071429 0.030303 0.000000 0.000000 0.000000 0.000000 0.000000 0.000000 0.000000 0.108434 0.000000 0.000000 0.015198 0.000000 0.000000 0.000000 0.512195 0.000000 0.022727 0.000000 0.060403 0.018293 0.211268 0.022727 0.166667 0.000000 0.000000 0.048387 0.282609 0.000000 0.018293 0.000000 0.616438 0.050847 0.000000 0.000000 0.000000 0.060403 0.000000 0.000000 0.000000 0.000000 0.000000 0.000000 0.032258 0.000000 0.000000 0.000000 0.000000 0.035294 0.056604 0.035294 0.067416 0.000000 0.000000 0.057325 0.035294 0.027778 0.040000 0.021978 0.015198 0.016667 0.028037 0.000000 0.000000 0.014085 0.000000 0.027778 0.000000 0.000000 0.000000 0.000000 0.000000 0.000000 0.000000 0.112782 0.000000 0.000000 0.000000 0.058824 0.000000 0.000000 0.000000 0.000000 0.022472 0.000000 0.096774 0.000000 0.070423 0.000000 0.073171 0.022727 0.000000 0.000000 0.000000 0.000000 0.073171 0.000000 0.000000 0.000000 0.000000 0.075949 0.000000 0.075000 0.000000 0.060403 0.000000 0.058824 0.000000 0.000000 0.164835 0.022727 0.000000 0.072000 0.030928 0.000000 0.000000 0.000000 0.000000 0.333333 0.512195 0.000000 0.000000 0.000000 0.072917 0.058442 0.000000 0.123288 0.071429 0.000000 0.000000 0.000000 0.000000 0.000000 0.000000 0.000000 0.101124 0.048860 0.000000 0.045918 0.054264 0.000000 0.060403 0.016575 0.000000 0.000000 0.000000 0.801242 0.000000 0.075949 0.000000 0.000000 0.000000 0.000000 0.000000 0.022727 0.000000 0.000000 0.000000 0.123288 0.058442 0.069767 0.067416 0.086614 0.000000 0.073171 0.092784 0.063291 0.000000 0.058824 0.000000 0.027273 0.000000 0.000000 0.037500 0.000000 0.075949 0.000000 0.000000 0.057325 0.046632 1.000000 0.000000 0.060403 0.000000 0.123288 0.000000 0.020408 0.000000 0.022727 0.000000 0.000000 0.046729 0.081081 0.000000
0.000000 0.000000 0.000000 0.000000 0.000000 0.310345 0.000000 0.000000 0.000000 0.000000 0.000000 0.166667 0.000000 0.000000 0.000000 0.000000 0.134579 0.000000 0.000000 0.000000 0.000000 0.000000 0.352941 0.000000 0.000000 0.000000 0.000000 0.000000 0.000000 0.000000 0.000000 0.000000 0.246575 0.000000 0.000000 0.000000 0.000000 0.000000 0.070588 0.000000 0.246575 0.000000 0.000000 0.000000 0.310345 0.000000 0.000000 0.000000 0.000000 0.000000 0.160000 0.000000 0.000000 0.000000 0.000000 0.000000 0.000000 0.000000 0.000000 0.000000 0.000000 0.000000 0.000000 0.000000 0.000000 0.000000 0.000000 0.000000 0.083333 0.000000 0.000000 0.000000 0.134579 0.000000 0.000000 0.000000 0.000000 0.000000 0.000000 0.000000 0.000000 0.000000 0.000000 0.000000 0.000000 0.000000 0.000000 0.000000 0.000000 0.000000 0.000000 0.000000 0.000000 0.000000 0.310345 0.000000 0.000000 0.000000 0.000000 0.000000 0.000000 0.000000 0.000000 0.000000 0.000000 0.000000 0.000000 0.162162 0.000000 0.000000 0.000000 0.000000 0.000000 0.000000 0.147059 0.000000 0.000000 0.000000 0.000000 0.000000 0.000000 0.000000 0.000000 0.000000 0.000000 0.000000 0.000000 0.000000 0.000000 0.000000 0.000000 0.000000 0.000000 0.000000 0.075949 0.000000 0.000000 0.000000 0.000000 0.000000 0.000000 0.000000 0.000000 0.000000 0.000000 0.134579 0.000000 0.000000 0.000000 0.000000 0.000000 0.000000 0.000000 0.000000 0.000000 0.000000 0.000000 0.000000 0.000000 0.000000 0.000000 0.000000 0.000000 0.000000 0.000000 0.000000 0.000000 0.000000 0.000000 0.000000 0.000000 0.000000 0.000000 0.000000 0.000000 0.000000 0.000000 0.000000 0.000000 0.000000 0.120000 0.000000 0.000000 0.000000 0.000000 0.000000 0.220183 0.000000 0.000000 0.200000 0.000000 0.000000 0.000000 0.000000 0.000000 0.000000 0.000000 0.000000 0.000000 0.000000 0.000000 0.000000 0.000000 0.000000 0.000000 0.000000 0.000000 0.000000 0.000000 0.000000 0.000000 0.000000 0.000000 0.000000 0.000000 0.000000 0.000000 0.000000 0.000000 0.000000 0.000000 0.000000 0.000000 0.000000 0.000000 0.000000 0.000000 0.000000 0.000000 0.000000 0.000000 0.000000 0.000000 0.000000 0.000000 0.000000 0.000000 0.000000 0.000000 0.000000 0.000000 0.000000 0.000000 0.000000 0.000000 0.000000 0.000000 0.000000 0.272727 0.000000 0.000000 0.000000 0.000000 0.000000 0.000000 0.000000 0.000000 0.000000 0.000000 0.000000 0.000000 0.000000 1.000000 0.000000 0.000000 0.000000 0.000000 0.070588 0.000000 0.000000 0.000000 0.000000 0.000000 0.000000 0.000000
0.010601 0.000000 0.000000 0.034014 0.000000 0.000000 0.000000 0.044118 0.019608 0.000000 0.044118 0.000000 0.000000 0.000000 0.000000 0.000000 0.009141 0.000000 0.000000 0.000000 0.000000 0.121951 0.000000 0.000000 0.018868 0.062069 0.000000 0.062937 0.000000 0.000000 0.000000 0.000000 0.020134 0.028571 0.045802 0.030675 0.018868 0.080460 0.017341 0.104478 0.020134 0.306931 0.029240 0.035088 0.000000 0.000000 0.000000 0.252918 0.069124 0.000000 0.000000 0.044776 0.000000 0.012739 0.000000 0.000000 0.000000 0.226891 0.018868 0.000000 0.011628 0.000000 0.000000 0.093333 0.000000 0.034602 0.000000 0.000000 0.000000 0.000000 0.044118 0.000000 0.009141 0.019608 0.072000 0.104895 0.000000 0.377246 0.072000 0.061224 0.062069 0.028571 0.000000 0.000000 0.000000 0.000000 0.000000 0.000000 0.000000 0.104895 0.000000 0.000000 0.010601 0.000000 0.000000 0.000000 0.063830 0.000000 0.019608 0.000000 0.492063 0.014184 0.226891 0.019608 0.031847 0.000000 0.000000 0.093333 0.055901 0.000000 0.014184 0.000000 0.121951 0.038961 0.000000 0.000000 0.000000 0.047619 0.000000 0.000000 0.000000 0.000000 0.000000 0.000000 0.030675 0.000000 0.000000 0.000000 0.000000 0.034014 0.044118 0.034014 0.058065 0.000000 0.000000 0.104478 0.034014 0.025907 0.306931 0.018868 0.010601 0.012739 0.026178 0.000000 0.000000 0.009141 0.000000 0.025907 0.000000 0.000000 0.000000 0.000000 0.000000 0.000000 0.000000 0.111111 0.000000 0.000000 0.000000 0.061224 0.000000 0.000000 0.000000 0.000000 0.019355 0.000000 0.092025 0.000000 0.075630 0.000000 0.148936 0.019608 0.000000 0.000000 0.000000 0.000000 0.319149 0.000000 0.000000 0.000000 0.000000 0.066667 0.000000 0.069124 0.000000 0.492063 0.000000 0.061224 0.000000 0.000000 0.169811 0.019608 0.000000 0.066079 0.029240 0.000000 0.000000 0.000000 0.000000 0.085714 0.063830 0.000000 0.000000 0.000000 0.396450 0.045802 0.000000 0.121951 0.062069 0.000000 0.000000 0.000000 0.000000 0.000000 0.000000 0.000000 0.096774 0.080460 0.000000 0.358382 0.404255 0.000000 0.492063 0.012658 0.000000 0.000000 0.000000 0.043478 0.000000 0.066667 0.000000 0.000000 0.000000 0.000000 0.000000 0.019608 0.000000 0.000000 0.000000 0.121951 0.045802 0.063830 0.058065 0.082251 0.000000 0.319149 0.087719 0.066667 0.000000 0.061224 0.000000 0.025381 0.000000 0.000000 0.036496 0.000000 0.066667 0.000000 0.000000 0.104478 0.364706 0.060403 0.000000 1.000000 0.000000 0.121951 0.000000 0.017341 0.000000 0.019608 0.000000 0.000000 0.267016 0.360000 0.000000
0.000000 0.000000 0.000000 0.000000 0.000000 0.000000 0.000000 0.000000 0.000000 0.000000 0.000000 0.000000 0.000000 0.000000 0.000000 0.000000 0.000000 0.103448 0.000000 0.000000 0.000000 0.000000 0.000000 0.000000 0.000000 0.000000 0.142857 0.000000 0.000000 0.000000 0.000000 0.000000 0.000000 0.000000 0.000000 0.000000 0.000000 0.000000 0.000000 0.000000 0.000000 0.000000 0.000000 0.000000 0.000000 0.000000 0.000000 0.000000 0.000000 0.000000 0.000000 0.000000 0.000000 0.000000 0.000000 0.000000 0.000000 0.000000 0.000000 0.084746 0.000000 0.000000 0.000000 0.000000 0.000000 0.000000 0.000000 0.000000 0.000000 0.000000 0.000000 0.000000 0.000000 0.000000 0.000000 0.000000 0.000000 0.000000 0.000000 0.000000 0.000000 0.000000 0.000000 0.000000 0.000000 0.000000 0.000000 0.000000 0.000000 0.000000 0.000000 0.000000 0.000000 0.000000 0.000000 0.000000 0.000000 0.000000 0.000000 0.000000 0.000000 0.000000 0.000000 0.000000 0.000000 0.000000 0.000000 0.000000 0.000000 0.000000 0.000000 0.000000 0.000000 0.000000 0.000000 0.000000 0.000000 0.000000 0.000000 0.000000 0.000000 0.000000 0.000000 0.000000 0.000000 0.000000 0.000000 0.000000 0.000000 0.000000 0.000000 0.000000 0.000000 0.000000 0.000000 0.000000 0.000000 0.000000 0.000000 0.000000 0.000000 0.000000 0.000000 0.000000 0.000000 0.000000 0.000000 0.000000 0.000000 0.000000 0.000000 0.000000 0.000000 0.000000 0.000000 0.000000 0.000000 0.000000 0.000000 0.000000 0.000000 0.000000 0.000000 0.000000 0.000000 0.000000 0.000000 0.000000 0.000000 0.000000 0.000000 0.000000 0.000000 0.000000 0.000000 0.000000 0.000000 0.000000 0.000000 0.000000 0.000000 0.000000 0.000000 0.000000 0.000000 0.000000 0.000000 0.000000 0.000000 0.000000 0.000000 0.000000 0.000000 0.000000 0.000000 0.000000 0.000000 0.000000 0.000000 0.000000 0.000000 0.103448 0.000000 0.000000 0.000000 0.000000 0.000000 0.000000 0.000000 0.000000 0.103448 0.000000 0.000000 0.000000 0.000000 0.000000 0.000000 0.000000 0.000000 0.000000 0.000000 0.000000 0.000000 0.000000 0.052632 0.000000 0.230769 0.000000 0.076923 0.000000 0.000000 0.000000 0.000000 0.000000 0.000000 0.000000 0.000000 0.000000 0.000000 0.000000 0.000000 0.000000 0.000000 0.000000 0.000000 0.000000 0.000000 0.000000 0.000000 0.000000 0.000000 0.000000 0.000000 0.000000 0.000000 0.000000 0.000000 0.000000 0.000000 0.000000 0.000000 0.000000 0.000000 0.000000 1.000000 0.000000 0.000000 0.000000 0.000000 0.000000 0.000000 0.000000 0.000000 0.000000 0.000000
0.032491 0.000000 0.000000 0.055556 0.000000 0.000000 0.000000 0.112782 0.040000 0.000000 0.112782 0.000000 0.000000 0.000000 0.000000 0.000000 0.031776 0.000000 0.000000 0.000000 0.000000 0.466667 0.000000 0.000000 0.038462 0.126761 0.000000 0.085714 0.000000 0.000000 0.000000 0.000000 0.041096 0.046512 0.117188 0.050000 0.038462 0.239216 0.035294 0.191919 0.041096 0.075377 0.047619 0.089286 0.000000 0.000000 0.000000 0.149606 0.112150 0.000000 0.000000 0.114504 0.000000 0.032468 0.000000 0.000000 0.000000 0.724138 0.038462 0.000000 0.029586 0.000000 0.000000 0.224490 0.000000 0.056537 0.000000 0.000000 0.000000 0.000000 0.112782 0.000000 0.031776 0.040000 0.147541 0.171429 0.000000 0.097561 0.147541 0.083333 0.126761 0.046512 0.000000 0.000000 0.000000 0.000000 0.000000 0.000000 0.000000 0.171429 0.000000 0.000000 0.032491 0.000000 0.000000 0.000000 0.130435 0.000000 0.040000 0.000000 0.121951 0.036232 0.310345 0.040000 0.090909 0.000000 0.000000 0.081081 0.113924 0.000000 0.036232 0.000000 0.200000 0.231788 0.000000 0.000000 0.000000 0.121951 0.000000 0.000000 0.000000 0.000000 0.000000 0.000000 0.050000 0.000000 0.000000 0.000000 0.000000 0.055556 0.112782 0.055556 0.118421 0.000000 0.000000 0.251908 0.055556 0.042105 0.075377 0.038462 0.032491 0.032468 0.042553 0.000000 0.000000 0.031776 0.000000 0.042105 0.000000 0.000000 0.000000 0.000000 0.000000 0.000000 0.000000 0.350000 0.000000 0.000000 0.000000 0.083333 0.000000 0.000000 0.000000 0.000000 0.039474 0.000000 0.150000 0.000000 0.103448 0.000000 0.275362 0.040000 0.000000 0.000000 0.000000 0.000000 0.130435 0.000000 0.000000 0.000000 0.000000 0.136364 0.000000 0.112150 0.000000 0.121951 0.000000 0.083333 0.000000 0.000000 0.230769 0.040000 0.000000 0.107143 0.047619 0.000000 0.000000 0.000000 0.000000 0.139535 0.130435 0.000000 0.000000 0.000000 0.265060 0.117188 0.000000 0.200000 0.126761 0.000000 0.000000 0.000000 0.000000 0.000000 0.000000 0.000000 0.289474 0.239216 0.000000 0.088235 0.086207 0.000000 0.121951 0.032258 0.000000 0.000000 0.000000 0.111111 0.000000 0.136364 0.000000 0.000000 0.000000 0.000000 0.000000 0.040000 0.000000 0.000000 0.000000 0.200000 0.117188 0.189655 0.118421 0.210526 0.000000 0.130435 0.142857 0.090909 0.000000 0.083333 0.000000 0.041237 0.000000 0.000000 0.059701 0.000000 0.136364 0.000000 0.000000 0.251908 0.089820 0.123288 0.000000 0.121951 0.000000 1.000000 0.000000 0.035294 0.000000 0.040000 0.000000 0.000000 0.085106 0.147541 0.000000
0.000000 0.000000 0.000000 0.000000 0.000000 0.000000 0.000000 0.000000 0.000000 0.000000 0.000000 0.000000 0.000000 0.000000 0.000000 0.000000 0.000000 0.000000 0.000000 0.000000 0.000000 0.000000 0.000000 0.000000 0.065789 0.000000 0.000000 0.000000 0.000000 0.000000 0.000000 0.000000 0.000000 0.000000 0.000000 0.000000 0.065789 0.000000 0.000000 0.000000 0.000000 0.046154 0.000000 0.000000 0.000000 0.000000 0.000000 0.000000 0.000000 0.000000 0.000000 0.000000 0.000000 0.060000 0.000000 0.000000 0.000000 0.000000 0.065789 0.000000 0.000000 0.000000 0.000000 0.000000 0.000000 0.061818 0.000000 0.000000 0.000000 0.000000 0.000000 0.310345 0.000000 0.000000 0.000000 0.000000 0.000000 0.000000 0.000000 0.000000 0.000000 0.000000 0.000000 0.074380 0.000000 0.000000 0.000000 0.000000 0.000000 0.000000 0.000000 0.000000 0.000000 0.000000 0.000000 0.000000 0.000000 0.000000 0.000000 0.000000 0.000000 0.067164 0.000000 0.000000 0.000000 0.000000 0.074380 0.000000 0.000000 0.000000 0.067164 0.000000 0.000000 0.000000 0.000000 0.000000 0.052023 0.000000 0.000000 0.000000 0.000000 0.000000 0.000000 0.000000 0.000000 0.000000 0.000000 0.000000 0.000000 0.000000 0.000000 0.000000 0.000000 0.000000 0.000000 0.000000 0.000000 0.000000 0.046154 0.065789 0.000000 0.060000 0.000000 0.000000 0.000000 0.000000 0.000000 0.000000 0.000000 0.052960 0.000000 0.000000 0.070539 0.000000 0.000000 0.000000 0.000000 0.000000 0.000000 0.000000 0.000000 0.000000 0.000000 0.000000 0.000000 0.000000 0.000000 0.000000 0.000000 0.000000 0.000000 0.000000 0.000000 0.000000 0.000000 0.000000 0.000000 0.000000 0.000000 0.074380 0.000000 0.000000 0.070539 0.000000 0.066667 0.000000 0.000000 0.000000 0.000000 0.000000 0.000000 0.000000 0.428571 0.000000 0.000000 0.000000 0.103448 0.000000 0.074380 0.000000 0.000000 0.000000 0.000000 0.000000 0.185185 0.000000 0.000000 0.000000 0.000000 0.000000 0.000000 0.000000 0.000000 0.000000 0.000000 0.000000 0.000000 0.000000 0.000000 0.054217 0.000000 0.000000 0.000000 0.000000 0.000000 0.000000 0.000000 0.000000 0.000000 0.000000 0.000000 0.000000 0.000000 0.000000 0.000000 0.000000 0.000000 0.000000 0.000000 0.000000 0.000000 0.000000 0.000000 0.000000 0.000000 0.000000 0.000000 0.000000 0.000000 0.000000 0.000000 0.052632 0.000000 0.000000 0.000000 0.000000 0.000000 0.000000 0.000000 0.000000 0.000000 0.000000 0.000000 0.000000 0.000000 0.000000 1.000000 0.000000 0.000000 0.000000 0.000000 0.000000 0.000000 0.000000 0.068493
0.039788 0.000000 0.000000 0.092784 0.000000 0.096386 0.000000 0.016393 0.060000 0.000000 0.016393 0.061856 0.000000 0.000000 0.000000 0.000000 0.189116 0.000000 0.000000 0.000000 0.000000 0.035294 0.072727 0.000000 0.058252 0.020833 0.000000 0.157895 0.000000 0.000000 0.000000 0.000000 0.306122 0.189189 0.016854 0.200000 0.058252 0.014085 1.000000 0.048387 0.306122 0.032129 0.082569 0.013761 0.096386 0.000000 0.000000 0.138158 0.022727 0.000000 0.060000 0.016575 0.000000 0.044118 0.000000 0.000000 0.000000 0.060241 0.058252 0.000000 0.041096 0.000000 0.000000 0.015228 0.000000 0.031332 0.000000 0.000000 0.082474 0.000000 0.016393 0.000000 0.189116 0.060000 0.023256 0.031579 0.000000 0.056075 0.023256 0.154639 0.020833 0.189189 0.000000 0.000000 0.000000 0.000000 0.000000 0.000000 0.000000 0.031579 0.000000 0.000000 0.039788 0.000000 0.096386 0.000000 0.021277 0.000000 0.060000 0.000000 0.017341 0.047872 0.060241 0.060000 0.161765 0.000000 0.000000 0.220588 0.019231 0.000000 0.047872 0.000000 0.035294 0.014925 0.129032 0.000000 0.000000 0.017341 0.000000 0.000000 0.000000 0.000000 0.000000 0.000000 0.200000 0.000000 0.000000 0.000000 0.000000 0.092784 0.016393 0.216495 0.019802 0.000000 0.134615 0.016575 0.092784 0.075000 0.032129 0.058252 0.039788 0.044118 0.075630 0.000000 0.000000 0.189116 0.000000 0.075000 0.000000 0.000000 0.000000 0.000000 0.000000 0.000000 0.000000 0.075862 0.000000 0.000000 0.000000 0.051546 0.000000 0.000000 0.000000 0.000000 0.059406 0.000000 0.028571 0.000000 0.421687 0.000000 0.021277 0.060000 0.000000 0.000000 0.000000 0.000000 0.021277 0.000000 0.000000 0.000000 0.050000 0.021978 0.000000 0.022727 0.000000 0.017341 0.074941 0.154639 0.000000 0.070588 0.048544 0.060000 0.000000 0.021898 0.082569 0.000000 0.000000 0.000000 0.000000 0.027027 0.021277 0.000000 0.000000 0.000000 0.027778 0.016854 0.000000 0.035294 0.020833 0.000000 0.000000 0.000000 0.000000 0.000000 0.000000 0.000000 0.029703 0.014085 0.000000 0.040909 0.148936 0.000000 0.017341 0.278049 0.000000 0.000000 0.000000 0.016216 0.000000 0.021978 0.000000 0.000000 0.000000 0.000000 0.000000 0.060000 0.000000 0.000000 0.000000 0.035294 0.016854 0.063830 0.019802 0.107914 0.000000 0.021277 0.055046 0.164835 0.087912 0.154639 0.000000 0.073770 0.000000 0.000000 0.097826 0.000000 0.021978 0.000000 0.000000 0.016575 0.041475 0.020408 0.070588 0.017341 0.000000 0.035294 0.000000 1.000000 0.000000 0.060000 0.000000 0.000000 0.050420 0.023256 0.000000
0.000000 0.000000 0.000000 0.000000 0.153846 0.000000 0.000000 0.000000 0.000000 0.000000 0.000000 0.000000 0.441176 0.555556 0.000000 0.000000 0.000000 0.000000 0.000000 0.517241 0.000000 0.000000 0.000000 0.500000 0.000000 0.000000 0.000000 0.000000 0.230769 0.000000 0.152542 0.391304 0.000000 0.000000 0.000000 0.000000 0.000000 0.000000 0.000000 0.000000 0.000000 0.000000 0.000000 0.000000 0.000000 0.000000 0.000000 0.000000 0.099010 0.163934 0.000000 0.000000 0.562500 0.000000 0.000000 0.000000 0.000000 0.000000 0.000000 0.000000 0.000000 0.483871 0.000000 0.000000 0.000000 0.000000 0.000000 0.143885 0.000000 0.000000 0.000000 0.000000 0.000000 0.000000 0.000000 0.000000 0.000000 0.000000 0.000000 0.000000 0.000000 0.000000 0.370370 0.000000 0.473684 0.000000 0.000000 0.163934 0.000000 0.000000 0.692308 0.000000 0.000000 0.000000 0.000000 0.000000 0.000000 0.163934 0.000000 0.000000 0.000000 0.000000 0.000000 0.000000 0.000000 0.000000 0.000000 0.000000 0.000000 0.000000 0.000000 0.230769 0.000000 0.000000 0.000000 0.000000 0.000000 0.000000 0.163636 0.000000 0.000000 0.000000 0.000000 0.000000 0.000000 0.000000 0.000000 0.000000 0.000000 0.000000 0.000000 0.000000 0.000000 0.000000 0.000000 0.000000 0.000000 0.000000 0.000000 0.000000 0.000000 0.000000 0.000000 0.000000 0.000000 0.000000 0.000000 0.000000 0.000000 0.000000 0.000000 0.000000 0.000000 0.545455 0.136986 0.000000 0.163636 0.441176 0.000000 0.000000 0.000000 0.000000 0.000000 0.000000 0.000000 0.517241 0.000000 0.181818 0.000000 0.000000 0.000000 0.000000 0.000000 0.000000 0.000000 0.000000 0.000000 0.000000 0.088106 0.000000 0.000000 0.000000 0.000000 0.099010 0.000000 0.000000 0.000000 0.000000 0.000000 0.000000 0.000000 0.000000 0.000000 0.094340 0.000000 0.000000 0.000000 0.125000 0.000000 0.000000 0.000000 0.000000 0.000000 0.000000 0.000000 0.000000 0.000000 0.000000 0.000000 0.000000 0.000000 0.230769 0.000000 0.000000 0.692308 0.000000 0.000000 0.000000 0.000000 0.000000 0.000000 0.000000 0.000000 0.000000 0.000000 0.000000 0.000000 0.000000 0.000000 0.000000 0.000000 0.555556 0.000000 0.391304 0.000000 0.000000 0.483871 0.000000 0.138776 0.000000 0.000000 0.000000 0.000000 0.000000 0.000000 0.000000 0.000000 0.000000 0.000000 0.000000 0.545455 0.000000 0.600000 0.000000 0.000000 0.000000 0.000000 0.000000 0.000000 0.000000 0.000000 0.000000 0.000000 0.000000 0.000000 0.000000 0.000000 0.000000 1.000000 0.000000 0.000000 0.000000 0.000000 0.000000 0.000000
0.044510 0.000000 0.000000 0.103448 0.000000 0.000000 0.000000 0.018405 0.066667 0.000000 0.018405 0.000000 0.000000 0.000000 0.000000 0.000000 0.041221 0.000000 0.000000 0.000000 0.000000 0.040000 0.000000 0.000000 0.193548 0.023256 0.000000 0.176471 0.000000 0.000000 0.000000 0.000000 0.068182 0.089109 0.018987 0.094737 0.193548 0.015873 0.060000 0.052632 0.068182 0.087336 0.090909 0.015152 0.000000 0.000000 0.000000 0.063380 0.024590 0.000000 0.000000 0.018634 0.000000 0.114130 0.000000 0.000000 0.000000 0.068493 0.193548 0.000000 0.045226 0.000000 0.000000 0.016949 0.000000 0.034985 0.000000 0.000000 0.000000 0.000000 0.018405 0.000000 0.041221 0.066667 0.026316 0.035294 0.000000 0.061856 0.026316 0.172414 0.023256 0.089109 0.000000 0.038710 0.000000 0.000000 0.000000 0.000000 0.000000 0.035294 0.000000 0.000000 0.044510 0.000000 0.000000 0.000000 0.023810 0.000000 0.066667 0.000000 0.019608 0.125000 0.068493 0.066667 0.048913 0.000000 0.038710 0.047619 0.021277 0.000000 0.125000 0.000000 0.040000 0.016575 0.000000 0.118421 0.028986 0.019608 0.000000 0.000000 0.000000 0.000000 0.000000 0.000000 0.094737 0.000000 0.000000 0.000000 0.000000 0.103448 0.018405 0.103448 0.021978 0.000000 0.000000 0.018634 0.103448 0.081818 0.087336 0.193548 0.044510 0.114130 0.412844 0.000000 0.000000 0.041221 0.000000 0.081818 0.000000 0.025707 0.000000 0.000000 0.032362 0.000000 0.000000 0.348148 0.000000 0.000000 0.000000 0.057471 0.000000 0.000000 0.000000 0.000000 0.065934 0.000000 0.031579 0.000000 0.205479 0.000000 0.023810 0.066667 0.000000 0.000000 0.000000 0.000000 0.023810 0.000000 0.000000 0.038710 0.000000 0.024691 0.032362 0.024590 0.043478 0.019608 0.000000 0.172414 0.000000 0.000000 0.053763 1.000000 0.000000 0.023622 0.090909 0.000000 0.000000 0.000000 0.038710 0.029703 0.023810 0.000000 0.000000 0.118421 0.030612 0.018987 0.000000 0.040000 0.023256 0.000000 0.000000 0.000000 0.000000 0.000000 0.000000 0.000000 0.032967 0.015873 0.000000 0.135000 0.068702 0.000000 0.019608 0.048649 0.000000 0.000000 0.000000 0.018182 0.000000 0.024691 0.000000 0.000000 0.000000 0.000000 0.000000 0.066667 0.000000 0.000000 0.000000 0.040000 0.018987 0.068702 0.021978 0.116279 0.000000 0.023810 0.060606 0.185185 0.000000 0.172414 0.000000 0.151786 0.000000 0.000000 0.109756 0.000000 0.024691 0.000000 0.000000 0.018634 0.045685 0.022727 0.000000 0.019608 0.000000 0.040000 0.000000 0.060000 0.000000 1.000000 0.000000 0.000000 0.055046 0.026316 0.000000
0.000000 0.000000 0.000000 0.000000 0.000000 0.000000 0.000000 0.000000 0.000000 0.000000 0.000000 0.000000 0.000000 0.000000 0.000000 0.000000 0.000000 0.000000 0.000000 0.000000 0.000000 0.000000 0.000000 0.000000 0.000000 0.000000 0.000000 0.000000 0.000000 0.000000 0.000000 0.000000 0.000000 0.000000 0.000000 0.000000 0.000000 0.000000 0.000000 0.082474 0.000000 0.000000 0.000000 0.000000 0.000000 0.000000 0.000000 0.000000 0.000000 0.000000 0.000000 0.000000 0.000000 0.000000 0.000000 0.000000 0.000000 0.000000 0.000000 0.000000 0.000000 0.000000 0.000000 0.000000 0.000000 0.000000 0.058824 0.000000 0.000000 0.000000 0.000000 0.000000 0.000000 0.000000 0.000000 0.000000 0.000000 0.000000 0.000000 0.000000 0.000000 0.000000 0.000000 0.000000 0.000000 0.000000 0.000000 0.000000 0.000000 0.000000 0.000000 0.000000 0.000000 0.000000 0.000000 0.000000 0.000000 0.000000 0.000000 0.000000 0.000000 0.000000 0.000000 0.000000 0.000000 0.000000 0.000000 0.000000 0.000000 0.000000 0.000000 0.000000 0.000000 0.000000 0.000000 0.000000 0.000000 0.000000 0.000000 0.000000 0.000000 0.000000 0.000000 0.000000 0.000000 0.000000 0.065217 0.000000 0.000000 0.000000 0.000000 0.000000 0.000000 0.142857 0.000000 0.000000 0.000000 0.000000 0.000000 0.000000 0.000000 0.000000 0.000000 0.000000 0.000000 0.000000 0.000000 0.000000 0.000000 0.000000 0.000000 0.000000 0.000000 0.000000 0.103896 0.000000 0.000000 0.000000 0.000000 0.000000 0.000000 0.000000 0.000000 0.103448 0.000000 0.000000 0.000000 0.000000 0.000000 0.000000 0.000000 0.000000 0.000000 0.000000 0.000000 0.000000 0.000000 0.000000 0.038298 0.000000 0.000000 0.000000 0.000000 0.000000 0.000000 0.000000 0.000000 0.000000 0.000000 0.000000 0.000000 0.000000 0.000000 0.000000 0.000000 0.000000 0.000000 0.000000 0.000000 0.000000 0.000000 0.000000 0.000000 0.000000 0.000000 0.000000 0.000000 0.000000 0.000000 0.000000 0.000000 0.000000 0.000000 0.000000 0.000000 0.000000 0.000000 0.000000 0.000000 0.000000 0.000000 0.000000 0.000000 0.000000 0.000000 0.000000 0.000000 0.000000 0.000000 0.000000 0.112676 0.000000 0.000000 0.000000 0.000000 0.000000 0.000000 0.000000 0.000000 0.000000 0.000000 0.070175 0.000000 0.000000 0.000000 0.000000 0.000000 0.000000 0.000000 0.000000 0.000000 0.000000 0.000000 0.000000 0.000000 0.000000 0.000000 0.000000 0.000000 0.000000 0.000000 0.000000 0.000000 0.000000 0.000000 0.000000 0.000000 0.000000 0.000000 0.000000 1.000000 0.125000 0.000000 0.000000 0.000000
0.000000 0.000000 0.000000 0.000000 0.000000 0.000000 0.000000 0.000000 0.000000 0.000000 0.000000 0.000000 0.000000 0.000000 0.000000 0.000000 0.000000 0.000000 0.000000 0.000000 0.000000 0.000000 0.000000 0.000000 0.000000 0.000000 0.000000 0.000000 0.000000 0.000000 0.000000 0.000000 0.000000 0.000000 0.000000 0.000000 0.000000 0.000000 0.000000 0.342857 0.000000 0.000000 0.000000 0.000000 0.000000 0.000000 0.000000 0.000000 0.000000 0.000000 0.000000 0.000000 0.000000 0.000000 0.000000 0.000000 0.000000 0.000000 0.000000 0.000000 0.000000 0.000000 0.000000 0.000000 0.000000 0.000000 0.054545 0.000000 0.000000 0.000000 0.000000 0.000000 0.000000 0.000000 0.000000 0.000000 0.000000 0.000000 0.000000 0.000000 0.000000 0.000000 0.000000 0.000000 0.000000 0.000000 0.000000 0.000000 0.000000 0.000000 0.000000 0.000000 0.000000 0.000000 0.000000 0.000000 0.000000 0.000000 0.000000 0.000000 0.000000 0.000000 0.000000 0.000000 0.000000 0.000000 0.000000 0.000000 0.000000 0.000000 0.000000 0.000000 0.000000 0.000000 0.000000 0.000000 0.000000 0.000000 0.000000 0.000000 0.000000 0.000000 0.000000 0.000000 0.000000 0.000000 0.060000 0.000000 0.000000 0.000000 0.000000 0.000000 0.000000 0.125000 0.000000 0.000000 0.000000 0.000000 0.000000 0.000000 0.000000 0.000000 0.000000 0.000000 0.000000 0.000000 0.000000 0.000000 0.000000 0.000000 0.000000 0.000000 0.000000 0.000000 0.282353 0.000000 0.000000 0.000000 0.000000 0.000000 0.000000 0.000000 0.000000 0.636364 0.000000 0.000000 0.000000 0.000000 0.000000 0.000000 0.000000 0.000000 0.000000 0.000000 0.000000 0.000000 0.000000 0.000000 0.035857 0.000000 0.000000 0.000000 0.000000 0.000000 0.000000 0.000000 0.000000 0.000000 0.000000 0.000000 0.000000 0.000000 0.000000 0.000000 0.000000 0.000000 0.000000 0.000000 0.000000 0.000000 0.000000 0.000000 0.000000 0.000000 0.000000 0.000000 0.000000 0.000000 0.000000 0.000000 0.000000 0.000000 0.000000 0.000000 0.000000 0.000000 0.000000 0.000000 0.000000 0.000000 0.000000 0.000000 0.000000 0.000000 0.000000 0.000000 0.000000 0.000000 0.000000 0.000000 0.303797 0.000000 0.000000 0.000000 0.000000 0.000000 0.000000 0.000000 0.000000 0.000000 0.000000 0.065574 0.000000 0.000000 0.000000 0.000000 0.000000 0.000000 0.000000 0.000000 0.000000 0.000000 0.000000 0.000000 0.000000 0.000000 0.000000 0.000000 0.000000 0.000000 0.000000 0.000000 0.000000 0.000000 0.000000 0.000000 0.000000 0.000000 0.000000 0.000000 0.125000 1.000000 0.000000 0.000000 0.000000
0.108959 0.000000 0.000000 0.254717 0.000000 0.000000 0.000000 0.034826 0.165138 0.000000 0.034826 0.000000 0.000000 0.000000 0.000000 0.000000 0.033457 0.000000 0.000000 0.000000 0.053097 0.085106 0.000000 0.000000 0.053571 0.047619 0.000000 0.144231 0.000000 0.000000 0.000000 0.000000 0.056075 0.175000 0.035714 0.236842 0.053571 0.058824 0.050420 0.112782 0.056075 0.232210 0.686441 0.029661 0.000000 0.030303 0.000000 0.316770 0.056738 0.000000 0.000000 0.035176 0.000000 0.040541 0.000000 0.026178 0.000000 0.152174 0.053571 0.000000 0.113924 0.000000 0.000000 0.069767 0.000000 0.057279 0.000000 0.000000 0.000000 0.000000 0.034826 0.000000 0.033457 0.165138 0.052632 0.076923 0.000000 0.362069 0.052632 0.141509 0.047619 0.175000 0.000000 0.000000 0.000000 0.042553 0.000000 0.000000 0.039216 0.076923 0.000000 0.000000 0.108959 0.000000 0.000000 0.000000 0.048544 0.000000 0.165138 0.000000 0.267016 0.043689 0.152174 0.055046 0.054054 0.000000 0.000000 0.103448 0.150442 0.000000 0.043689 0.000000 0.085106 0.031963 0.000000 0.000000 0.000000 0.036649 0.000000 0.000000 0.000000 0.000000 0.000000 0.000000 0.236842 0.065217 0.031250 0.000000 0.027027 0.254717 0.034826 0.084906 0.045455 0.000000 0.000000 0.075377 0.254717 0.209302 0.232210 0.053571 0.108959 0.040541 0.210938 0.000000 0.000000 0.033457 0.000000 0.209302 0.000000 0.000000 0.000000 0.098039 0.000000 0.000000 0.026549 0.246753 0.000000 0.037037 0.000000 0.084906 0.000000 0.000000 0.000000 0.000000 0.054545 0.000000 0.070175 0.000000 0.163043 0.000000 0.106796 0.165138 0.027027 0.065217 0.000000 0.000000 0.203883 0.026087 0.000000 0.000000 0.000000 0.050000 0.000000 0.056738 0.036036 0.267016 0.000000 0.141509 0.027027 0.000000 0.125000 0.055046 0.000000 0.054795 0.686441 0.000000 0.000000 0.000000 0.000000 0.066667 0.048544 0.000000 0.026087 0.000000 0.239316 0.035714 0.054054 0.085106 0.047619 0.060606 0.000000 0.000000 0.042553 0.000000 0.000000 0.000000 0.072727 0.058824 0.000000 0.239496 0.400000 0.036530 0.267016 0.040359 0.000000 0.000000 0.000000 0.034483 0.000000 0.050000 0.000000 0.000000 0.023438 0.000000 0.000000 0.165138 0.000000 0.000000 0.000000 0.085106 0.035714 0.093333 0.045455 0.135135 0.000000 0.203883 0.093220 0.450000 0.000000 0.141509 0.000000 0.206107 0.000000 0.000000 0.089109 0.053571 0.050000 0.000000 0.000000 0.075377 0.319149 0.046729 0.000000 0.267016 0.000000 0.085106 0.000000 0.050420 0.000000 0.055046 0.000000 0.000000 1.000000 0.221053 0.000000
0.017794 0.000000 0.000000 0.041096 0.000000 0.000000 0.000000 0.066667 0.026316 0.000000 0.066667 0.000000 0.000000 0.000000 0.000000 0.000000 0.016575 0.000000 0.000000 0.000000 0.000000 0.147541 0.000000 0.000000 0.025316 0.083333 0.000000 0.070423 0.000000 0.000000 0.000000 0.000000 0.027027 0.034483 0.069231 0.037037 0.025316 0.135135 0.023256 0.140000 0.027027 0.223881 0.035294 0.052941 0.000000 0.000000 0.000000 0.187500 0.083333 0.000000 0.000000 0.067669 0.000000 0.019231 0.000000 0.000000 0.000000 0.254237 0.025316 0.000000 0.017544 0.000000 0.000000 0.140940 0.000000 0.041812 0.000000 0.000000 0.000000 0.000000 0.066667 0.000000 0.016575 0.026316 0.096774 0.126761 0.000000 0.277108 0.096774 0.068493 0.083333 0.034483 0.000000 0.000000 0.000000 0.000000 0.000000 0.000000 0.000000 0.126761 0.000000 0.000000 0.017794 0.000000 0.000000 0.000000 0.085714 0.000000 0.026316 0.000000 0.360000 0.021429 0.254237 0.026316 0.051282 0.000000 0.000000 0.125000 0.075000 0.000000 0.021429 0.000000 0.147541 0.058824 0.000000 0.000000 0.000000 0.072000 0.000000 0.000000 0.000000 0.000000 0.000000 0.000000 0.037037 0.000000 0.000000 0.000000 0.000000 0.041096 0.066667 0.041096 0.077922 0.000000 0.000000 0.157895 0.041096 0.031250 0.223881 0.025316 0.017794 0.019231 0.031579 0.000000 0.000000 0.016575 0.000000 0.031250 0.000000 0.000000 0.000000 0.000000 0.000000 0.000000 0.000000 0.123967 0.000000 0.000000 0.000000 0.068493 0.000000 0.000000 0.000000 0.000000 0.025974 0.000000 0.111111 0.000000 0.084746 0.000000 0.200000 0.026316 0.000000 0.000000 0.000000 0.000000 0.428571 0.000000 0.000000 0.000000 0.000000 0.089552 0.000000 0.083333 0.000000 0.360000 0.000000 0.068493 0.000000 0.000000 0.189873 0.026316 0.000000 0.079646 0.035294 0.000000 0.000000 0.000000 0.000000 0.103448 0.085714 0.000000 0.000000 0.000000 0.297619 0.069231 0.000000 0.147541 0.083333 0.000000 0.000000 0.000000 0.000000 0.000000 0.000000 0.000000 0.116883 0.135135 0.000000 0.261628 0.264957 0.000000 0.360000 0.019108 0.000000 0.000000 0.000000 0.065693 0.000000 0.089552 0.000000 0.000000 0.000000 0.000000 0.000000 0.026316 0.000000 0.000000 0.000000 0.147541 0.069231 0.076923 0.077922 0.095652 0.000000 0.428571 0.105882 0.074627 0.000000 0.068493 0.000000 0.030612 0.000000 0.000000 0.044118 0.000000 0.089552 0.000000 0.000000 0.157895 0.266272 0.081081 0.000000 0.360000 0.000000 0.147541 0.000000 0.023256 0.000000 0.026316 0.000000 0.000000 0.221053 1.000000 0.000000
0.000000 0.000000 0.000000 0.000000 0.000000 0.000000 0.032680 0.000000 0.000000 0.000000 0.000000 0.000000 0.000000 0.000000 0.000000 0.000000 0.000000 0.000000 0.000000 0.000000 0.000000 0.000000 0.000000 0.000000 0.064516 0.000000 0.000000 0.000000 0.000000 0.000000 0.000000 0.000000 0.000000 0.000000 0.000000 0.000000 0.064516 0.000000 0.000000 0.000000 0.000000 0.170306 0.000000 0.000000 0.000000 0.000000 0.000000 0.000000 0.000000 0.000000 0.000000 0.000000 0.000000 0.114130 0.000000 0.000000 0.000000 0.000000 0.064516 0.000000 0.000000 0.000000 0.000000 0.000000 0.000000 0.218659 0.000000 0.000000 0.000000 0.000000 0.000000 0.040000 0.000000 0.000000 0.000000 0.000000 0.000000 0.000000 0.000000 0.000000 0.000000 0.000000 0.000000 0.058065 0.000000 0.000000 0.000000 0.000000 0.000000 0.000000 0.000000 0.000000 0.000000 0.000000 0.000000 0.000000 0.000000 0.000000 0.000000 0.000000 0.000000 0.125000 0.000000 0.000000 0.000000 0.000000 0.058065 0.000000 0.000000 0.000000 0.125000 0.000000 0.000000 0.000000 0.000000 0.000000 0.043478 0.000000 0.000000 0.000000 0.000000 0.000000 0.000000 0.000000 0.000000 0.000000 0.000000 0.000000 0.000000 0.000000 0.000000 0.000000 0.000000 0.000000 0.000000 0.000000 0.000000 0.000000 0.170306 0.064516 0.000000 0.114130 0.000000 0.000000 0.000000 0.000000 0.000000 0.000000 0.032680 0.038560 0.000000 0.000000 0.048544 0.000000 0.000000 0.000000 0.000000 0.000000 0.000000 0.000000 0.000000 0.000000 0.000000 0.000000 0.000000 0.000000 0.000000 0.000000 0.000000 0.000000 0.000000 0.000000 0.000000 0.000000 0.000000 0.000000 0.000000 0.000000 0.000000 0.058065 0.000000 0.000000 0.048544 0.000000 0.065217 0.000000 0.023256 0.000000 0.000000 0.000000 0.000000 0.000000 0.068493 0.000000 0.000000 0.090909 0.280000 0.000000 0.058065 0.000000 0.000000 0.000000 0.000000 0.000000 0.020408 0.000000 0.000000 0.000000 0.000000 0.000000 0.000000 0.000000 0.000000 0.000000 0.000000 0.000000 0.000000 0.000000 0.000000 0.045000 0.000000 0.000000 0.000000 0.000000 0.000000 0.204545 0.000000 0.000000 0.000000 0.000000 0.000000 0.000000 0.000000 0.000000 0.000000 0.000000 0.000000 0.000000 0.000000 0.000000 0.000000 0.000000 0.000000 0.000000 0.000000 0.000000 0.000000 0.000000 0.000000 0.000000 0.000000 0.214286 0.000000 0.000000 0.000000 0.000000 0.000000 0.000000 0.000000 0.000000 0.000000 0.000000 0.000000 0.000000 0.000000 0.000000 0.068493 0.000000 0.000000 0.000000 0.000000 0.000000 0.000000 0.000000 1.000000
