1,8,1
1,20,5
1,38,3
1,40,5
1,41,3
1,52,3
1,68,3
1,71,5
1,73,5
1,75,2
1,78,3
1,87,1
1,126,1
1,146,3
1,157,2
1,161,4
1,184,2
1,185,5
1,188,3
1,214,3
1,217,3
1,219,5
1,229,1
1,230,3
1,233,1
1,235,5
1,238,5
1,252,2
1,259,2
1,262,5
1,273,3
2,2,3
2,3,4
2,8,1
2,15,4
2,16,1
2,20,1
2,21,4
2,23,3
2,25,4
2,31,5
2,33,4
2,34,4
2,36,1
2,37,5
2,38,3
2,41,3
2,43,1
2,44,2
2,45,4
2,46,5
2,47,5
2,50,4
2,51,1
2,59,4
2,60,1
2,61,3
2,64,5
2,66,4
2,67,1
2,68,4
2,69,3
2,72,1
2,74,1
2,75,1
2,77,1
2,78,3
2,81,1
2,88,3
2,89,5
2,91,3
2,93,5
2,94,1
2,96,1
2,98,4
2,100,1
2,101,5
2,102,4
2,103,3
2,106,3
2,110,5
2,118,1
2,122,1
2,124,4
2,125,5
2,126,4
2,127,3
2,129,3
2,130,5
2,135,3
2,137,4
2,142,3
2,145,3
2,146,1
2,147,1
2,149,5
2,150,1
2,151,1
2,152,1
2,153,1
2,155,3
2,157,1
2,159,5
2,162,1
2,164,4
2,166,1
2,168,1
2,169,4
2,173,1
2,174,3
2,178,1
2,179,1
2,180,1
2,184,4
2,185,1
2,187,4
2,188,1
2,189,4
2,190,3
2,191,3
2,192,1
2,200,4
2,202,3
2,203,1
2,206,5
2,207,1
2,208,5
2,210,1
2,212,1
2,214,1
2,216,1
2,217,1
2,220,3
2,224,4
2,225,3
2,226,1
2,229,1
2,230,3
2,233,1
2,234,1
2,235,5
2,239,4
2,242,1
2,245,3
2,248,4
2,250,3
2,252,4
2,253,1
2,254,5
2,257,2
2,259,1
2,260,3
2,261,5
2,263,4
2,269,1
2,274,3
3,7,3
3,38,3
3,41,4
3,43,3
3,61,4
3,66,5
3,74,5
3,78,3
3,93,5
3,105,5
3,144,3
3,146,5
3,153,5
3,163,3
3,188,3
3,192,3
3,236,3
3,240,5
3,262,3
3,269,5
4,2,3
4,3,1
4,5,3
4,8,1
4,20,1
4,24,5
4,28,3
4,31,5
4,34,5
4,38,3
4,41,3
4,42,5
4,43,1
4,46,3
4,56,5
4,57,5
4,59,5
4,61,3
4,63,3
4,64,5
4,66,1
4,67,5
4,71,1
4,72,1
4,74,1
4,75,1
4,76,1
4,77,1
4,78,1
4,81,1
4,89,1
4,93,5
4,94,1
4,96,1
4,97,1
4,103,1
4,105,1
4,115,3
4,117,5
4,118,1
4,121,5
4,122,1
4,123,3
4,128,3
4,129,1
4,130,1
4,131,3
4,132,1
4,135,1
4,137,5
4,142,5
4,145,3
4,146,1
4,147,3
4,149,1
4,150,3
4,152,1
4,153,5
4,156,3
4,157,3
4,160,3
4,162,1
4,163,1
4,165,1
4,166,1
4,167,1
4,168,4
4,169,5
4,170,5
4,171,3
4,177,5
4,182,3
4,184,5
4,187,5
4,188,1
4,192,1
4,196,1
4,197,5
4,205,1
4,208,5
4,210,1
4,212,1
4,214,1
4,216,1
4,217,3
4,224,1
4,226,1
4,232,3
4,233,1
4,234,1
4,236,3
4,241,1
4,242,1
4,250,5
4,252,1
4,254,3
4,255,3
4,256,5
4,257,3
4,259,1
4,260,5
4,262,3
4,267,5
4,269,1
4,273,3
4,275,1
5,23,5
5,25,5
5,29,1
5,30,3
5,34,5
5,57,5
5,61,4
5,73,5
5,74,3
5,78,3
5,87,1
5,90,3
5,94,1
5,124,1
5,145,1
5,155,1
5,173,5
5,184,5
5,210,1
5,230,3
5,241,1
5,261,5
5,263,5
5,269,5
6,36,1
6,57,5
6,74,1
6,146,5
6,188,5
6,220,1
6,224,4
7,20,1
7,37,3
7,38,5
7,41,1
7,43,3
7,48,5
7,61,3
7,72,5
7,78,3
7,82,5
7,86,1
7,93,5
7,96,5
7,127,3
7,142,3
7,146,5
7,151,3
7,169,5
7,184,3
7,188,1
7,192,3
7,196,1
7,210,1
7,214,3
7,217,5
7,234,1
7,250,5
7,252,3
7,260,5
7,263,5
8,25,5
8,34,4
8,41,4
8,43,5
8,46,4
8,61,3
8,74,3
8,75,1
8,78,5
8,129,4
8,137,5
8,146,3
8,160,5
8,171,4
8,173,5
8,188,4
8,220,5
8,239,4
8,261,5
8,269,5
9,41,3
9,75,3
9,78,3
9,178,1
9,229,3
9,241,3
9,257,3
10,40,3
10,74,3
10,78,3
10,83,4
10,146,3
10,168,4
10,188,4
10,192,3
10,229,3
10,255,3
10,262,3
11,39,5
11,78,3
11,83,3
11,155,3
11,171,3
11,216,3
11,250,3
12,31,3
12,43,5
12,57,5
12,74,3
12,78,3
12,100,1
12,108,5
12,202,1
12,207,1
12,210,1
12,229,1
12,250,1
12,255,3
13,40,5
13,41,3
13,74,5
13,126,1
13,188,3
13,204,5
13,217,5
14,27,5
14,34,3
14,38,3
14,59,4
14,61,5
14,64,5
14,66,5
14,72,5
14,74,1
14,78,4
14,95,5
14,104,5
14,141,5
14,146,3
14,171,3
14,177,2
14,186,5
14,188,3
14,218,5
14,252,5
14,269,1
14,270,5
15,13,5
15,25,3
15,27,5
15,28,2
15,40,5
15,41,3
15,43,3
15,59,1
15,61,3
15,74,3
15,78,2
15,94,1
15,98,3
15,108,5
15,137,3
15,140,3
15,142,1
15,146,3
15,152,3
15,168,3
15,171,3
15,177,5
15,188,1
15,192,5
15,218,3
15,224,1
15,252,3
15,260,5
15,261,5
15,262,1
15,269,3
16,13,4
16,25,3
16,38,3
16,58,1
16,61,4
16,74,3
16,78,3
16,144,3
16,146,3
16,156,3
16,171,5
16,188,4
16,217,3
16,220,1
16,252,4
16,269,5
16,273,3
17,21,1
17,23,3
17,41,3
17,57,1
17,61,3
17,74,3
17,78,1
17,103,1
17,150,1
17,157,1
17,171,3
17,179,5
17,185,3
17,188,3
17,196,1
17,217,3
17,236,3
17,246,5
17,259,1
18,8,1
18,38,2
18,41,3
18,43,3
18,64,5
18,74,2
18,75,1
18,78,2
18,92,1
18,120,3
18,147,1
18,152,3
18,159,1
18,167,1
18,173,3
18,186,1
18,188,3
18,192,5
18,218,3
18,229,1
18,246,5
18,259,1
18,262,5
19,38,3
19,41,3
19,67,5
19,75,1
19,78,3
19,87,1
19,94,1
19,172,5
19,188,1
19,243,1
19,269,1
20,1,3
20,2,3
20,8,3
20,16,5
20,20,1
20,24,4
20,25,3
20,26,1
20,27,1
20,28,4
20,35,1
20,38,3
20,40,5
20,41,1
20,43,3
20,44,1
20,45,3
20,59,5
20,61,1
20,64,3
20,69,1
20,71,3
20,72,1
20,74,1
20,75,2
20,77,1
20,78,1
20,81,1
20,86,1
20,88,5
20,90,1
20,93,3
20,103,1
20,108,4
20,109,3
20,116,5
20,122,1
20,124,4
20,131,3
20,136,5
20,137,5
20,140,1
20,142,5
20,145,3
20,146,1
20,147,3
20,149,5
20,152,3
20,153,5
20,157,1
20,159,3
20,164,4
20,171,3
20,172,3
20,174,3
20,175,3
20,176,5
20,181,1
20,182,3
20,184,1
20,186,3
20,188,1
20,191,1
20,192,3
20,197,1
20,203,3
20,208,5
20,210,3
20,212,1
20,214,3
20,217,1
20,218,3
20,221,5
20,224,1
20,230,1
20,234,1
20,236,5
20,240,1
20,241,1
20,243,1
20,246,5
20,250,3
20,252,3
20,255,3
20,257,5
20,259,1
20,261,5
20,262,3
20,264,3
20,269,5
20,273,3
20,274,3
21,8,4
21,9,1
21,23,5
21,33,3
21,41,3
21,61,3
21,74,3
21,78,3
21,135,5
21,142,3
21,146,3
21,168,5
21,192,3
21,193,5
21,210,3
21,236,3
21,252,3
22,19,3
22,20,1
22,24,5
22,36,1
22,38,3
22,39,5
22,41,3
22,53,1
22,57,5
22,59,3
22,61,3
22,63,1
22,64,5
22,69,3
22,72,3
22,74,1
22,78,1
22,86,3
22,90,1
22,103,3
22,105,5
22,125,1
22,128,3
22,151,1
22,157,3
22,158,4
22,168,5
22,174,3
22,186,3
22,187,5
22,188,1
22,192,5
22,195,3
22,206,4
22,210,1
22,220,1
22,223,3
22,224,3
22,229,3
22,233,1
22,234,1
22,236,3
22,243,1
22,253,3
22,262,3
22,271,1
23,23,1
23,41,1
23,43,3
23,57,5
23,60,5
23,61,3
23,74,5
23,78,3
23,85,3
23,97,1
23,102,4
23,130,3
23,140,3
23,142,4
23,146,3
23,168,3
23,176,5
23,188,1
23,217,3
23,223,1
23,227,4
23,243,3
23,252,5
24,16,5
24,25,1
24,32,1
24,34,1
24,36,3
24,37,5
24,38,3
24,41,3
24,43,3
24,50,3
24,59,1
24,61,3
24,71,1
24,73,5
24,74,1
24,75,1
24,78,1
24,81,3
24,94,1
24,96,5
24,99,1
24,102,3
24,142,3
24,146,1
24,157,1
24,166,1
24,169,5
24,170,5
24,172,3
24,188,1
24,192,3
24,193,1
24,197,5
24,200,3
24,201,3
24,207,1
24,214,3
24,220,4
24,224,3
24,229,3
24,250,3
24,252,4
24,261,1
24,262,3
24,263,5
24,273,3
25,5,3
25,14,3
25,23,3
25,33,3
25,36,5
25,43,1
25,46,3
25,58,2
25,59,4
25,61,1
25,66,1
25,72,1
25,74,1
25,75,1
25,77,1
25,78,1
25,82,3
25,85,1
25,86,1
25,88,1
25,89,3
25,90,1
25,92,1
25,103,3
25,122,1
25,126,3
25,129,1
25,130,1
25,132,4
25,134,4
25,145,3
25,151,1
25,152,3
25,157,3
25,166,1
25,168,5
25,171,3
25,173,1
25,178,1
25,186,3
25,188,1
25,191,3
25,192,3
25,203,1
25,204,5
25,208,5
25,210,5
25,212,1
25,213,5
25,214,3
25,217,5
25,220,3
25,222,3
25,226,1
25,234,1
25,250,1
25,253,1
25,256,1
25,263,1
25,269,3
25,274,3
26,41,5
26,43,3
26,60,5
26,61,1
26,74,1
26,81,1
26,101,5
26,122,1
26,126,1
26,166,1
26,188,1
26,192,3
26,262,5
26,265,3
27,2,5
27,8,3
27,202,4
27,210,5
27,216,3
27,250,3
27,259,1
28,1,4
28,22,3
28,41,4
28,61,4
28,78,3
28,151,3
28,188,4
28,196,1
28,200,3
28,212,3
29,27,1
29,72,3
29,77,5
29,78,3
29,89,5
29,127,3
29,142,3
29,196,1
29,250,3
30,2,3
30,24,5
30,25,5
30,28,5
30,38,3
30,42,5
30,43,1
30,60,5
30,61,3
30,64,1
30,66,1
30,74,5
30,75,3
30,102,5
30,103,1
30,122,3
30,124,1
30,146,1
30,162,1
30,167,3
30,169,5
30,171,3
30,176,4
30,188,3
30,192,2
30,203,1
30,210,1
30,217,3
30,221,2
30,229,1
30,230,5
30,233,1
30,235,3
30,238,5
30,250,3
30,252,5
30,256,3
30,273,3
31,54,4
31,64,5
31,69,1
31,74,1
31,94,1
31,101,3
31,149,5
31,170,5
31,173,5
31,188,1
31,214,1
31,252,3
31,261,5
32,2,3
32,14,5
32,25,2
32,33,5
32,34,3
32,38,3
32,39,3
32,41,3
32,42,5
32,43,3
32,46,5
32,47,5
32,49,3
32,52,2
32,59,3
32,61,1
32,63,1
32,64,5
32,72,1
32,74,1
32,75,2
32,77,5
32,78,2
32,82,3
32,93,5
32,96,3
32,99,5
32,105,5
32,111,2
32,132,3
32,140,3
32,141,3
32,142,1
32,146,3
32,160,5
32,168,3
32,169,3
32,171,3
32,177,5
32,184,2
32,186,3
32,188,1
32,191,1
32,192,4
32,195,5
32,197,5
32,205,5
32,217,1
32,218,3
32,220,1
32,221,3
32,233,1
32,236,3
32,250,2
32,252,1
32,259,1
32,261,5
32,262,3
32,263,3
33,4,5
33,78,5
33,173,3
33,174,3
33,176,5
33,192,5
33,199,1
33,200,4
33,250,1
34,38,5
34,40,5
34,61,3
34,74,3
34,78,3
34,116,5
34,130,2
34,142,3
34,169,5
34,171,3
34,173,3
34,188,3
34,189,1
34,192,5
34,211,1
34,239,3
34,261,5
34,262,3
35,61,3
35,77,3
35,78,5
35,132,3
35,171,5
35,176,5
35,269,5
36,8,4
36,20,4
36,23,4
36,24,4
36,25,4
36,33,4
36,34,4
36,41,4
36,43,5
36,46,4
36,61,3
36,62,4
36,74,3
36,75,1
36,78,2
36,102,4
36,124,4
36,126,4
36,129,4
36,130,4
36,137,5
36,146,3
36,160,5
36,169,4
36,171,4
36,173,4
36,178,4
36,187,4
36,188,4
36,192,4
36,210,4
36,234,4
36,239,4
36,251,4
36,261,5
36,263,4
36,269,5
37,34,1
37,36,1
37,42,5
37,48,5
37,57,5
37,70,1
37,74,1
37,78,5
37,87,1
37,94,1
37,146,5
37,150,1
37,178,1
37,188,2
37,204,3
37,217,1
37,220,1
37,224,4
37,229,1
37,250,1
37,252,4
38,25,3
38,27,5
38,36,5
38,38,3
38,41,3
38,60,5
38,61,3
38,74,3
38,78,3
38,87,3
38,108,5
38,114,5
38,116,5
38,137,5
38,146,3
38,157,1
38,171,3
38,176,5
38,188,2
38,217,3
38,233,1
38,261,5
38,263,5
39,3,1
39,4,5
39,38,3
39,61,3
39,69,3
39,72,5
39,74,5
39,78,1
39,169,3
39,171,3
39,188,3
39,201,2
39,217,4
39,220,1
39,252,4
39,269,5
40,15,4
40,41,3
40,78,3
40,138,5
40,188,3
40,192,3
40,197,4
40,236,3
40,269,5
41,39,5
41,61,3
41,78,3
41,138,5
41,146,3
41,171,3
41,214,1
41,215,3
41,217,1
41,262,4
42,23,3
42,74,4
42,78,3
42,173,5
42,188,3
42,203,3
42,214,3
42,215,5
42,252,3
43,34,5
43,38,3
43,78,5
43,191,5
43,196,1
43,201,5
43,243,1
44,8,1
44,74,3
44,78,1
44,103,5
44,146,5
44,188,1
44,230,3
45,34,5
45,37,3
45,61,3
45,62,1
45,72,3
45,103,1
45,140,3
45,146,4
45,171,1
45,174,3
45,176,5
45,210,1
45,220,1
45,234,3
45,252,5
45,262,3
45,269,1
46,2,3
46,16,5
46,34,4
46,38,5
46,41,1
46,43,5
46,61,3
46,74,5
46,78,3
46,90,1
46,93,4
46,100,5
46,102,3
46,123,4
46,137,3
46,138,5
46,146,4
46,159,1
46,160,5
46,169,5
46,188,1
46,196,1
46,197,4
46,200,5
46,217,3
46,220,1
46,224,5
46,228,3
46,248,5
46,252,4
46,261,5
46,269,5
47,2,3
47,41,1
47,43,5
47,46,4
47,64,3
47,74,3
47,78,3
47,93,4
47,102,3
47,108,3
47,123,4
47,159,1
47,169,5
47,188,3
47,197,4
47,200,5
47,217,3
47,220,1
47,224,5
47,248,5
47,252,3
47,269,5
48,42,5
48,43,5
48,61,3
48,102,3
48,168,5
48,188,3
48,192,5
48,197,5
48,213,5
48,252,5
48,261,5
49,10,5
49,41,3
49,74,3
49,78,3
49,188,5
49,192,3
49,220,3
49,250,3
49,252,2
50,41,3
50,59,3
50,61,4
50,74,3
50,75,1
50,78,3
50,82,3
50,111,5
50,146,1
50,171,3
50,174,3
50,188,5
50,192,5
50,194,1
50,217,4
50,218,3
50,246,5
50,250,3
50,252,5
50,260,3
50,262,3
51,23,5
51,41,5
51,61,1
51,93,5
51,135,5
51,188,3
51,206,5
51,250,5
51,252,5
51,257,3
52,2,3
52,8,1
52,20,1
52,23,3
52,31,5
52,36,3
52,38,3
52,41,2
52,43,5
52,45,3
52,55,5
52,59,5
52,61,3
52,72,1
52,74,2
52,78,1
52,81,1
52,86,3
52,87,5
52,88,1
52,93,5
52,98,3
52,102,1
52,111,3
52,122,3
52,126,3
52,134,5
52,146,5
52,152,1
52,155,3
52,157,1
52,159,5
52,163,3
52,171,1
52,174,2
52,184,3
52,186,3
52,188,3
52,191,5
52,192,3
52,195,5
52,210,1
52,215,1
52,218,3
52,220,4
52,228,3
52,229,1
52,237,5
52,247,5
52,250,4
52,252,3
52,259,1
52,269,5
52,271,3
53,38,3
53,58,2
53,64,5
53,72,5
53,74,5
53,78,3
53,169,3
53,171,5
53,188,3
53,208,5
53,217,4
53,252,4
54,36,3
54,43,5
54,61,3
54,70,1
54,74,3
54,75,3
54,78,3
54,82,5
54,102,5
54,108,1
54,144,5
54,146,1
54,151,1
54,184,1
54,188,1
54,217,1
54,220,1
54,252,5
55,13,5
55,27,5
55,39,3
55,40,3
55,41,5
55,43,3
55,72,1
55,74,5
55,78,5
55,90,1
55,93,5
55,130,5
55,171,3
55,188,1
55,210,1
55,262,3
55,269,5
56,2,3
56,41,3
56,171,3
56,188,1
56,212,3
56,269,3
56,275,1
57,38,5
57,40,5
57,41,5
57,43,2
57,61,2
57,64,3
57,74,2
57,77,3
57,78,2
57,88,1
57,102,2
57,137,2
57,146,2
57,159,2
57,171,4
57,188,3
57,192,3
57,218,4
57,220,2
57,229,3
57,239,1
57,260,5
58,5,4
58,12,3
58,17,1
58,20,1
58,25,2
58,34,5
58,38,3
58,39,3
58,41,1
58,42,5
58,43,1
58,45,1
58,54,3
58,59,1
58,61,1
58,72,1
58,74,1
58,75,1
58,77,1
58,78,1
58,84,1
58,85,3
58,92,1
58,93,5
58,94,1
58,96,3
58,98,3
58,99,1
58,100,3
58,102,5
58,103,5
58,107,3
58,109,4
58,113,3
58,114,3
58,122,3
58,130,5
58,134,5
58,138,5
58,140,4
58,142,5
58,145,5
58,146,1
58,147,4
58,153,1
58,157,1
58,168,3
58,171,1
58,176,5
58,178,1
58,186,3
58,188,1
58,191,1
58,192,1
58,195,4
58,196,1
58,199,1
58,207,1
58,208,5
58,216,4
58,217,1
58,218,3
58,219,3
58,220,1
58,221,5
58,226,3
58,233,1
58,237,1
58,239,1
58,250,3
58,252,3
58,255,5
58,258,4
58,259,1
58,260,5
58,261,5
58,262,3
58,263,5
58,269,5
58,273,1
59,51,5
59,55,5
59,72,5
59,78,5
59,93,5
59,167,1
59,171,3
59,245,5
60,13,5
60,18,4
60,25,1
60,37,3
60,41,1
60,43,1
60,59,3
60,61,3
60,64,1
60,74,3
60,75,1
60,78,1
60,82,3
60,86,1
60,90,1
60,93,3
60,101,3
60,102,5
60,111,3
60,126,3
60,141,5
60,142,3
60,146,3
60,154,3
60,171,3
60,172,3
60,184,3
60,188,1
60,192,3
60,195,3
60,208,5
60,210,1
60,217,3
60,220,3
60,241,1
60,250,1
60,252,5
60,255,3
60,262,3
60,270,3
60,272,1
60,273,3
61,11,1
61,20,5
61,38,3
61,41,5
61,43,1
61,45,1
61,57,5
61,74,1
61,78,3
61,86,3
61,131,3
61,146,1
61,147,3
61,165,1
61,171,3
61,185,3
61,187,5
61,188,1
61,210,1
61,215,3
61,220,1
61,231,5
61,243,1
61,246,3
61,250,5
61,271,1
62,13,4
62,20,1
62,62,5
62,78,5
62,85,1
62,100,5
62,196,1
62,212,1
62,232,1
62,262,3
62,269,5
63,1,3
63,25,5
63,34,5
63,38,5
63,61,5
63,64,1
63,78,3
63,94,1
63,115,3
63,146,3
63,176,5
63,188,1
63,192,2
63,217,1
63,220,5
63,221,3
63,223,3
63,250,5
63,269,5
64,41,3
64,78,5
64,93,5
64,188,3
64,196,1
64,197,5
64,217,1
64,220,1
64,269,5
65,1,5
65,41,5
65,78,3
65,113,5
65,124,1
65,159,1
65,171,3
65,172,3
65,198,1
65,221,3
65,250,5
66,41,5
66,43,5
66,45,3
66,57,5
66,61,3
66,74,5
66,75,3
66,78,1
66,85,1
66,86,1
66,93,5
66,107,1
66,111,3
66,124,1
66,146,1
66,157,3
66,165,1
66,171,3
66,173,5
66,183,1
66,188,3
66,192,1
66,195,1
66,203,5
66,210,1
66,214,1
66,220,5
66,237,1
66,250,1
66,252,5
66,269,1
66,270,5
67,16,5
67,24,5
67,25,3
67,35,1
67,38,5
67,64,3
67,75,3
67,77,3
67,78,1
67,87,1
67,89,5
67,90,1
67,93,5
67,94,1
67,103,3
67,108,5
67,116,5
67,131,3
67,176,5
67,187,5
67,191,1
67,230,1
67,240,1
67,246,5
67,257,5
67,269,3
68,2,3
68,13,5
68,36,3
68,37,5
68,38,3
68,40,5
68,42,5
68,43,5
68,45,3
68,54,3
68,59,5
68,61,3
68,72,3
68,74,3
68,75,1
68,77,1
68,78,3
68,81,1
68,82,3
68,84,3
68,85,3
68,93,3
68,100,1
68,101,3
68,102,3
68,107,1
68,111,3
68,122,5
68,125,3
68,129,5
68,138,5
68,146,1
68,152,3
68,153,5
68,168,4
68,171,3
68,187,1
68,188,3
68,191,3
68,192,3
68,195,3
68,205,3
68,212,3
68,216,3
68,217,3
68,218,3
68,220,3
68,230,3
68,236,5
68,237,1
68,250,3
68,255,3
68,262,3
68,263,5
68,269,5
68,270,3
68,272,5
69,6,4
69,16,5
69,24,5
69,26,4
69,33,1
69,41,5
69,46,5
69,61,5
69,64,3
69,74,3
69,75,1
69,78,3
69,83,4
69,85,1
69,87,5
69,123,3
69,124,4
69,128,3
69,137,3
69,146,1
69,152,3
69,154,3
69,157,3
69,158,1
69,162,1
69,171,5
69,184,1
69,188,1
69,191,5
69,208,5
69,210,3
69,212,3
69,217,3
69,234,1
69,236,3
69,241,1
69,243,3
69,250,3
69,259,1
69,262,3
69,266,4
69,269,3
69,270,1
70,2,3
70,5,3
70,20,3
70,33,3
70,37,3
70,38,3
70,40,4
70,41,3
70,45,2
70,46,5
70,47,3
70,54,2
70,59,2
70,61,3
70,64,3
70,74,3
70,78,3
70,81,3
70,82,3
70,84,3
70,85,1
70,88,1
70,89,3
70,106,3
70,111,3
70,115,3
70,129,4
70,130,3
70,142,2
70,146,3
70,163,3
70,171,1
70,173,3
70,176,3
70,178,1
70,187,3
70,188,3
70,189,3
70,192,2
70,195,3
70,206,3
70,217,3
70,220,3
70,229,3
70,230,3
70,236,3
70,245,4
70,250,2
70,252,3
70,260,3
70,262,3
70,269,5
70,273,3
71,27,1
71,60,5
71,78,5
71,94,1
71,142,3
71,157,3
71,217,3
71,218,3
71,252,5
71,262,2
71,269,5
72,33,4
72,61,4
72,75,1
72,78,3
72,146,3
72,217,1
72,220,3
72,227,4
72,236,3
72,251,1
72,252,3
73,6,3
73,25,3
73,30,3
73,33,3
73,36,3
73,38,3
73,41,1
73,42,5
73,43,3
73,46,1
73,59,3
73,61,1
73,74,1
73,78,2
73,79,3
73,81,1
73,82,1
73,84,1
73,93,1
73,95,5
73,102,3
73,111,3
73,129,5
73,130,3
73,137,5
73,138,3
73,139,3
73,140,3
73,141,3
73,146,3
73,160,5
73,169,3
73,171,3
73,178,3
73,185,5
73,186,1
73,187,1
73,188,1
73,189,3
73,191,3
73,192,1
73,195,3
73,196,1
73,197,3
73,198,1
73,217,1
73,220,1
73,225,3
73,236,3
73,241,1
73,250,1
73,252,1
73,255,5
73,259,1
73,261,5
73,269,5
73,273,3
74,1,5
74,41,3
74,43,3
74,61,3
74,74,5
74,93,5
74,140,5
74,146,3
74,188,3
74,236,3
74,237,5
74,252,4
75,38,5
75,40,5
75,41,5
75,43,2
75,61,2
75,64,3
75,74,2
75,75,1
75,77,3
75,78,2
75,88,1
75,102,2
75,137,2
75,159,2
75,171,3
75,184,5
75,186,2
75,188,3
75,191,5
75,192,3
75,218,4
75,220,2
75,226,5
75,229,3
75,239,1
75,260,5
76,13,5
76,38,5
76,41,5
76,65,1
76,74,4
76,78,3
76,132,1
76,146,3
76,163,1
76,171,3
76,177,3
76,191,5
76,193,5
76,194,1
76,196,1
76,202,3
76,220,4
76,224,3
76,231,4
76,252,3
76,271,1
76,273,4
77,2,3
77,24,3
77,27,5
77,34,5
77,38,3
77,41,3
77,43,5
77,57,1
77,59,5
77,61,3
77,74,2
77,78,4
77,82,3
77,87,1
77,88,1
77,91,5
77,93,5
77,100,1
77,105,5
77,142,3
77,155,1
77,157,1
77,165,1
77,171,3
77,173,5
77,176,5
77,178,1
77,183,1
77,187,1
77,188,3
77,203,5
77,210,1
77,216,3
77,217,4
77,219,5
77,220,3
77,222,3
77,237,5
77,250,1
77,252,4
77,262,3
77,268,4
77,269,1
78,33,3
78,41,5
78,61,4
78,64,4
78,78,3
78,146,3
78,157,3
78,184,1
78,188,3
78,210,1
78,217,3
78,238,5
78,252,3
78,262,3
79,7,1
79,25,5
79,38,2
79,43,5
79,72,1
79,74,3
79,78,3
79,93,1
79,104,3
79,142,3
79,146,3
79,157,1
79,171,5
79,173,5
79,188,3
79,192,3
79,196,1
79,203,1
79,212,1
79,217,3
79,223,3
79,229,3
79,241,5
79,252,3
79,268,3
79,269,5
80,8,1
80,27,1
80,41,3
80,42,5
80,61,3
80,72,1
80,74,5
80,94,1
80,102,3
80,108,1
80,188,1
80,229,3
80,238,3
81,15,4
81,61,3
81,78,3
81,88,1
81,188,5
81,197,4
81,269,5
82,1,5
82,2,3
82,7,4
82,8,1
82,10,5
82,12,1
82,16,1
82,20,1
82,22,3
82,23,3
82,24,5
82,25,5
82,26,1
82,28,1
82,31,5
82,32,1
82,34,1
82,35,1
82,36,1
82,38,3
82,39,3
82,41,1
82,42,5
82,43,1
82,44,1
82,46,5
82,47,3
82,54,1
82,59,1
82,61,1
82,62,1
82,65,1
82,66,3
82,67,1
82,69,1
82,72,1
82,73,5
82,74,3
82,75,1
82,76,2
82,77,1
82,78,1
82,80,5
82,81,1
82,85,1
82,86,1
82,88,1
82,89,1
82,90,1
82,93,1
82,94,1
82,96,1
82,100,4
82,102,5
82,103,1
82,110,3
82,111,5
82,115,3
82,120,3
82,121,5
82,122,5
82,123,4
82,124,1
82,126,3
82,129,3
82,130,3
82,131,1
82,135,5
82,137,3
82,140,3
82,142,3
82,145,1
82,146,1
82,147,4
82,149,3
82,150,5
82,151,3
82,152,1
82,157,3
82,159,5
82,162,4
82,163,3
82,164,4
82,165,1
82,166,3
82,168,3
82,169,5
82,170,5
82,171,2
82,172,3
82,173,1
82,177,5
82,178,1
82,179,1
82,180,1
82,184,2
82,185,5
82,187,1
82,188,1
82,189,3
82,190,4
82,191,1
82,192,3
82,194,1
82,195,3
82,198,5
82,203,3
82,205,5
82,206,5
82,207,1
82,210,1
82,212,1
82,214,1
82,215,3
82,216,1
82,217,1
82,220,3
82,226,1
82,229,1
82,230,1
82,232,3
82,234,1
82,235,5
82,236,3
82,241,1
82,242,1
82,243,1
82,245,3
82,250,1
82,251,5
82,252,3
82,254,5
82,255,5
82,256,3
82,257,1
82,258,3
82,259,1
82,260,3
82,261,5
82,262,3
82,263,5
82,264,3
82,269,1
82,270,5
82,273,1
82,275,1
83,17,1
83,18,1
83,23,1
83,25,1
83,27,1
83,30,4
83,33,1
83,34,5
83,36,5
83,40,3
83,41,1
83,42,5
83,43,3
83,48,4
83,57,5
83,59,5
83,61,1
83,64,1
83,74,3
83,78,1
83,82,3
83,86,1
83,90,5
83,102,5
83,103,3
83,111,3
83,127,3
83,140,1
83,141,3
83,142,3
83,145,1
83,146,1
83,149,1
83,171,1
83,180,3
83,188,1
83,190,1
83,192,3
83,195,3
83,197,3
83,205,3
83,216,5
83,217,1
83,218,3
83,220,3
83,223,5
83,245,5
83,246,5
83,250,4
83,252,3
83,260,5
83,262,3
83,270,5
83,272,1
83,273,3
84,13,1
84,19,1
84,20,1
84,25,3
84,34,3
84,39,5
84,53,3
84,61,2
84,74,5
84,88,1
84,123,1
84,126,3
84,154,3
84,157,1
84,161,1
84,169,5
84,188,4
84,192,3
84,212,1
84,217,4
84,252,3
84,260,5
84,261,5
84,262,3
84,263,3
84,269,5
85,19,3
85,24,5
85,33,3
85,37,3
85,38,3
85,41,3
85,45,1
85,61,1
85,74,3
85,75,3
85,77,3
85,78,4
85,82,3
85,86,1
85,128,3
85,130,1
85,134,5
85,137,5
85,146,5
85,165,5
85,171,3
85,184,3
85,188,1
85,192,5
85,195,3
85,197,5
85,216,3
85,220,3
85,234,3
85,236,5
85,241,1
85,243,3
85,250,1
85,252,1
85,253,3
85,262,3
85,263,5
85,267,5
86,40,5
86,41,3
86,43,5
86,74,4
86,78,3
86,87,1
86,93,5
86,108,5
86,173,5
86,176,5
86,188,3
86,192,5
86,220,1
86,252,1
86,269,5
87,31,5
87,38,3
87,43,3
87,57,1
87,61,2
87,77,2
87,130,3
87,146,3
87,171,3
87,188,5
87,210,3
87,217,2
87,262,4
88,5,3
88,38,3
88,41,3
88,43,3
88,61,3
88,70,1
88,75,3
88,78,3
88,93,3
88,144,5
88,146,3
88,192,3
88,217,1
88,229,3
88,244,4
88,250,3
88,252,3
88,269,5
88,273,3
89,13,3
89,16,5
89,24,1
89,27,1
89,41,3
89,43,5
89,44,1
89,45,3
89,46,1
89,57,5
89,59,5
89,60,1
89,61,1
89,66,1
89,74,3
89,75,3
89,77,3
89,78,1
89,93,5
89,94,5
89,103,3
89,121,5
89,126,3
89,137,3
89,138,5
89,139,3
89,147,1
89,157,3
89,159,3
89,163,3
89,164,4
89,170,3
89,171,3
89,172,3
89,184,5
89,188,1
89,192,3
89,193,1
89,195,3
89,196,1
89,197,3
89,207,3
89,210,1
89,214,1
89,216,4
89,217,5
89,219,3
89,225,1
89,226,3
89,234,5
89,240,3
89,241,5
89,243,3
89,250,3
89,252,3
89,260,5
89,262,5
89,268,4
89,273,3
90,5,3
90,96,1
90,152,3
90,157,3
90,177,5
90,229,3
90,234,5
91,41,5
91,61,4
91,64,5
91,74,4
91,176,5
91,188,4
91,217,4
91,252,4
92,61,4
92,145,1
92,146,3
92,157,3
92,181,5
92,185,3
92,211,1
92,252,3
92,262,3
92,269,5
92,270,3
93,8,1
93,38,3
93,41,5
93,45,1
93,57,1
93,61,3
93,74,3
93,75,3
93,78,1
93,81,1
93,103,1
93,142,3
93,144,5
93,145,5
93,151,1
93,184,1
93,188,3
93,192,3
93,221,1
93,236,1
94,25,3
94,34,5
94,35,1
94,38,1
94,41,4
94,43,4
94,74,3
94,78,2
94,93,4
94,129,2
94,146,3
94,169,5
94,176,5
94,184,5
94,188,3
94,191,5
94,192,3
94,220,3
94,224,3
94,250,3
94,257,5
95,74,3
95,78,4
95,82,3
95,146,3
95,151,1
95,180,4
95,185,3
95,188,3
95,192,5
95,224,3
95,252,4
95,270,3
96,61,5
96,78,5
96,81,3
96,93,3
96,146,5
96,188,3
96,215,3
96,220,1
96,268,5
97,2,2
97,8,1
97,13,5
97,16,5
97,27,1
97,38,5
97,40,5
97,41,3
97,43,5
97,60,1
97,61,1
97,64,5
97,71,4
97,74,3
97,75,1
97,78,2
97,81,1
97,118,1
97,126,3
97,129,5
97,169,5
97,171,3
97,176,5
97,187,5
97,188,5
97,192,5
97,195,5
97,260,5
97,262,5
98,25,5
98,34,5
98,42,5
98,61,3
98,74,3
98,78,1
98,89,5
98,94,1
98,97,1
98,122,1
98,142,3
98,171,5
98,184,1
98,197,5
98,237,5
98,252,5
99,5,3
99,13,4
99,19,3
99,20,4
99,33,3
99,37,3
99,38,3
99,40,3
99,41,3
99,43,3
99,54,3
99,59,3
99,61,3
99,64,5
99,74,1
99,75,3
99,78,1
99,81,1
99,82,1
99,87,3
99,93,5
99,109,3
99,111,3
99,129,4
99,130,3
99,134,3
99,137,5
99,142,1
99,146,3
99,171,3
99,176,3
99,177,5
99,188,3
99,192,3
99,205,3
99,217,3
99,218,4
99,220,4
99,236,3
99,255,5
99,260,5
99,262,3
99,263,4
99,273,5
100,2,3
100,23,5
100,36,1
100,40,1
100,41,1
100,46,3
100,61,5
100,65,1
100,78,1
100,93,4
100,94,1
100,95,5
100,97,1
100,102,3
100,105,5
100,123,4
100,135,5
100,146,5
100,148,5
100,157,1
100,159,1
100,168,3
100,169,3
100,176,5
100,184,3
100,188,2
100,189,5
100,196,1
100,197,4
100,200,5
100,212,1
100,217,3
100,220,1
100,224,5
100,248,5
100,252,1
100,259,1
100,269,5
100,272,3
101,38,3
101,43,1
101,60,5
101,64,5
101,75,1
101,78,2
101,118,1
101,138,5
101,159,1
101,169,5
101,171,3
101,192,5
101,195,3
101,246,5
101,252,5
101,262,3
102,1,5
102,3,1
102,19,3
102,24,5
102,43,1
102,49,1
102,54,3
102,61,4
102,64,5
102,78,5
102,93,3
102,99,1
102,101,1
102,105,5
102,146,1
102,171,3
102,172,3
102,186,1
102,192,3
102,195,1
102,198,3
102,210,5
102,219,3
102,226,1
102,229,1
102,236,4
102,243,1
102,253,3
102,261,1
102,271,3
102,273,1
102,274,3
103,33,5
103,38,1
103,43,5
103,57,5
103,61,3
103,70,1
103,74,3
103,75,3
103,78,3
103,81,1
103,83,4
103,103,1
103,124,1
103,146,3
103,171,3
103,176,3
103,186,5
103,188,3
103,192,1
103,195,3
103,203,1
103,210,3
103,211,1
103,214,1
103,225,1
103,227,4
103,229,3
103,252,3
103,259,1
103,262,3
104,38,3
104,60,5
104,61,1
104,64,3
104,72,3
104,78,5
104,127,1
104,157,3
104,173,5
104,181,5
104,262,2
105,34,3
105,76,4
105,78,4
105,142,4
105,146,1
105,170,5
105,188,3
105,192,5
105,195,5
105,220,5
105,252,4
106,2,3
106,8,5
106,9,1
106,13,1
106,20,3
106,23,5
106,25,3
106,34,3
106,37,3
106,38,3
106,41,3
106,43,3
106,45,3
106,46,3
106,54,3
106,59,1
106,61,1
106,63,3
106,64,5
106,68,3
106,71,2
106,73,5
106,74,3
106,75,1
106,78,1
106,80,1
106,82,3
106,93,1
106,94,1
106,96,1
106,102,3
106,103,3
106,111,3
106,115,3
106,117,5
106,122,1
106,128,3
106,134,5
106,135,3
106,138,5
106,141,5
106,142,3
106,146,3
106,151,1
106,153,5
106,157,3
106,160,5
106,161,3
106,165,1
106,169,3
106,171,3
106,173,5
106,188,1
106,189,5
106,191,3
106,192,3
106,197,1
106,205,5
106,208,3
106,209,1
106,210,1
106,212,1
106,217,3
106,218,3
106,220,3
106,221,5
106,226,1
106,229,1
106,230,1
106,236,3
106,245,1
106,251,4
106,252,3
106,255,3
106,256,1
106,261,5
106,262,3
106,264,3
106,269,3
106,270,3
106,273,3
107,2,3
107,20,1
107,24,1
107,25,3
107,33,3
107,36,5
107,37,3
107,38,3
107,41,1
107,43,5
107,59,5
107,61,3
107,68,3
107,72,5
107,74,3
107,78,3
107,85,1
107,87,3
107,93,5
107,123,3
107,130,3
107,141,5
107,143,5
107,146,3
107,154,3
107,157,1
107,161,1
107,166,1
107,171,3
107,188,3
107,191,5
107,192,2
107,212,1
107,215,1
107,220,5
107,238,5
107,252,3
107,262,1
107,263,3
107,269,5
107,272,1
108,25,3
108,38,3
108,41,1
108,43,3
108,53,1
108,55,1
108,64,3
108,72,1
108,74,3
108,75,3
108,78,1
108,84,1
108,90,3
108,100,3
108,107,3
108,137,3
108,142,3
108,146,3
108,152,3
108,168,3
108,171,3
108,177,3
108,186,5
108,188,3
108,191,3
108,192,3
108,194,1
108,196,1
108,201,3
108,214,3
108,219,3
108,236,3
108,249,3
108,250,5
108,252,4
108,258,3
108,259,1
108,269,5
108,273,3
109,6,4
109,25,3
109,38,3
109,40,4
109,41,3
109,42,5
109,74,2
109,78,3
109,84,1
109,87,1
109,93,5
109,111,3
109,129,4
109,130,3
109,146,3
109,171,3
109,172,4
109,173,3
109,188,3
109,192,3
109,195,2
109,236,4
109,250,3
109,252,5
109,261,5
109,262,3
110,8,1
110,10,5
110,12,3
110,13,1
110,17,1
110,25,5
110,27,5
110,33,3
110,34,3
110,37,3
110,38,3
110,40,5
110,41,2
110,43,3
110,52,3
110,54,3
110,59,3
110,61,1
110,69,3
110,71,5
110,74,2
110,78,1
110,86,3
110,87,1
110,94,1
110,102,5
110,114,3
110,115,3
110,122,1
110,126,1
110,130,3
110,132,5
110,146,1
110,152,1
110,153,5
110,157,1
110,161,4
110,169,5
110,185,1
110,188,1
110,191,5
110,192,3
110,195,1
110,197,3
110,215,1
110,220,1
110,221,5
110,224,1
110,229,3
110,230,3
110,236,3
110,238,5
110,246,5
110,247,5
110,250,1
110,252,5
110,259,1
110,262,3
110,266,4
110,271,1
111,74,3
111,78,5
111,101,5
111,134,5
111,146,3
111,171,3
111,188,3
111,192,3
111,216,5
111,217,3
111,233,2
111,261,5
111,262,3
112,8,3
112,103,3
112,105,3
112,146,3
112,153,5
112,188,5
112,192,3
113,24,5
113,29,1
113,60,1
113,61,3
113,72,5
113,74,3
113,77,3
113,78,3
113,79,5
113,93,3
113,144,3
113,169,3
113,171,4
113,177,5
113,188,3
113,191,5
113,194,1
113,220,3
113,236,3
113,252,3
114,11,1
114,28,4
114,34,3
114,40,3
114,41,3
114,43,3
114,54,5
114,58,1
114,61,2
114,64,5
114,74,3
114,78,3
114,116,5
114,129,3
114,130,2
114,142,3
114,143,1
114,146,3
114,148,3
114,156,2
114,171,3
114,173,3
114,186,2
114,188,1
114,192,5
114,195,3
114,216,3
114,217,1
114,252,3
114,255,5
114,257,3
114,266,1
114,269,5
115,6,3
115,27,1
115,36,5
115,38,5
115,41,3
115,43,1
115,61,3
115,74,3
115,78,3
115,87,1
115,92,5
115,99,4
115,104,3
115,130,4
115,142,5
115,145,5
115,146,1
115,152,5
115,168,3
115,171,1
115,188,3
115,192,1
115,195,3
115,217,3
115,220,1
115,223,3
115,236,3
115,250,3
115,252,3
115,255,3
115,258,3
116,1,5
116,72,1
116,78,3
116,142,5
116,171,3
116,185,3
116,192,3
116,229,3
117,41,4
117,43,5
117,75,3
117,93,5
117,152,3
117,190,1
117,192,5
117,195,3
117,217,3
117,250,3
117,261,5
118,8,1
118,19,3
118,38,1
118,41,3
118,55,1
118,56,1
118,57,5
118,61,1
118,67,5
118,72,1
118,74,5
118,75,1
118,77,1
118,78,3
118,87,3
118,118,1
118,122,3
118,142,3
118,146,3
118,152,5
118,173,5
118,176,5
118,183,1
118,184,1
118,185,1
118,187,5
118,188,3
118,189,1
118,191,5
118,207,1
118,217,1
118,224,3
118,226,1
118,229,1
118,250,5
118,257,1
118,259,5
118,269,1
119,38,2
119,41,3
119,43,3
119,74,3
119,78,3
119,87,5
119,111,3
119,142,5
119,146,1
119,171,3
119,188,3
119,218,3
119,229,5
119,252,3
119,258,3
119,262,3
119,273,3
120,2,3
120,13,1
120,20,1
120,25,3
120,36,3
120,39,3
120,41,3
120,52,3
120,53,3
120,61,5
120,74,5
120,78,3
120,87,1
120,91,4
120,123,1
120,154,3
120,159,5
120,161,1
120,169,3
120,173,5
120,188,5
120,192,3
120,197,5
120,212,1
120,224,3
120,234,1
120,238,4
120,261,5
120,263,3
120,269,5
120,272,1
121,2,5
121,8,1
121,13,3
121,20,3
121,22,3
121,25,2
121,27,1
121,33,3
121,34,2
121,37,2
121,38,3
121,39,3
121,40,3
121,41,3
121,43,1
121,45,1
121,54,3
121,57,5
121,59,2
121,61,1
121,64,3
121,69,3
121,71,5
121,72,2
121,73,5
121,74,1
121,75,3
121,77,4
121,78,1
121,82,3
121,84,3
121,85,3
121,86,1
121,87,1
121,93,2
121,94,1
121,103,3
121,104,3
121,105,5
121,109,3
121,111,3
121,112,1
121,118,2
121,122,1
121,124,1
121,125,1
121,126,3
121,130,5
121,133,5
121,138,4
121,140,3
121,141,3
121,142,4
121,144,5
121,145,3
121,146,1
121,151,3
121,152,3
121,157,1
121,159,5
121,169,5
121,171,3
121,173,1
121,174,3
121,176,5
121,181,5
121,184,3
121,186,2
121,188,1
121,192,2
121,195,5
121,205,5
121,208,3
121,210,1
121,212,1
121,214,1
121,216,3
121,217,3
121,218,3
121,220,2
121,225,3
121,226,3
121,229,3
121,230,1
121,234,3
121,236,3
121,237,5
121,238,5
121,242,1
121,243,3
121,250,1
121,251,3
121,252,1
121,253,1
121,255,3
121,260,5
121,261,1
121,262,3
121,263,3
121,265,3
121,266,3
121,268,4
121,269,1
121,273,1
122,25,1
122,38,3
122,43,3
122,54,3
122,61,5
122,64,3
122,74,1
122,78,4
122,93,3
122,142,5
122,146,3
122,171,3
122,188,2
122,191,1
122,192,5
122,217,4
122,220,3
122,224,3
122,252,4
122,269,5
123,8,1
123,27,1
123,41,3
123,42,5
123,61,3
123,72,1
123,74,5
123,94,1
123,102,3
123,108,1
123,188,1
123,217,4
123,229,3
123,238,3
123,252,4
124,1,5
124,25,3
124,34,1
124,36,5
124,37,5
124,38,5
124,39,5
124,41,2
124,48,5
124,56,5
124,61,3
124,66,5
124,73,5
124,74,3
124,75,1
124,78,1
124,82,5
124,86,3
124,93,5
124,115,3
124,122,1
124,125,3
124,130,3
124,134,5
124,135,3
124,137,3
124,142,3
124,146,3
124,151,3
124,152,1
124,166,1
124,169,3
124,171,5
124,172,5
124,188,1
124,192,1
124,195,3
124,197,5
124,207,1
124,210,1
124,213,4
124,217,3
124,218,3
124,223,5
124,229,3
124,233,1
124,236,5
124,250,2
124,261,5
124,262,3
124,269,1
124,270,3
124,273,1
124,274,3
125,2,5
125,57,5
125,61,5
125,93,5
125,105,5
125,125,3
125,171,3
125,212,4
125,217,1
126,42,5
126,59,5
126,69,3
126,74,5
126,78,5
126,87,1
126,88,1
126,130,3
126,146,3
126,197,5
126,208,5
126,240,4
126,250,5
126,252,5
126,261,5
127,4,5
127,13,5
127,25,3
127,41,5
127,43,5
127,46,1
127,61,2
127,73,5
127,74,1
127,78,1
127,87,1
127,94,1
127,143,2
127,146,2
127,161,3
127,163,3
127,168,5
127,173,5
127,188,2
127,192,5
127,197,3
127,215,3
127,217,1
127,220,3
127,230,5
127,252,3
127,262,5
127,263,5
128,8,1
128,13,1
128,20,1
128,21,5
128,25,3
128,27,1
128,29,1
128,36,4
128,38,3
128,39,5
128,41,3
128,43,3
128,54,4
128,59,5
128,61,3
128,72,3
128,74,2
128,75,3
128,78,2
128,81,1
128,82,3
128,83,4
128,87,1
128,91,5
128,93,3
128,94,1
128,97,1
128,99,5
128,100,4
128,103,3
128,105,5
128,126,3
128,142,1
128,146,1
128,148,5
128,155,3
128,158,4
128,169,5
128,170,5
128,171,3
128,188,1
128,189,3
128,192,3
128,195,3
128,196,1
128,197,3
128,208,5
128,217,5
128,220,5
128,226,3
128,229,3
128,230,3
128,237,5
128,250,1
128,252,5
128,255,5
128,260,5
128,261,1
128,262,1
128,263,5
128,268,3
128,269,1
128,270,3
129,6,4
129,10,3
129,27,5
129,29,1
129,41,3
129,43,1
129,47,5
129,57,5
129,59,4
129,61,3
129,72,5
129,74,5
129,76,5
129,77,3
129,78,3
129,85,5
129,88,1
129,96,3
129,105,1
129,122,3
129,124,1
129,129,3
129,142,5
129,146,3
129,153,5
129,157,1
129,165,1
129,169,5
129,171,3
129,173,1
129,176,5
129,186,3
129,188,3
129,189,5
129,192,3
129,210,1
129,216,5
129,217,3
129,220,1
129,229,1
129,230,3
129,250,3
129,257,5
129,262,3
129,269,1
130,2,3
130,10,1
130,28,4
130,55,5
130,61,3
130,74,5
130,78,5
130,115,3
130,146,5
130,188,1
130,207,1
130,220,3
130,234,4
130,272,3
131,21,1
131,38,5
131,43,1
131,61,1
131,72,1
131,78,1
131,92,1
131,105,5
131,169,4
131,178,1
131,192,5
131,195,1
131,208,5
131,218,3
131,229,1
132,5,1
132,8,3
132,16,5
132,20,3
132,34,5
132,36,1
132,38,3
132,39,5
132,41,5
132,45,3
132,51,5
132,54,3
132,57,5
132,59,5
132,61,3
132,72,1
132,74,3
132,75,4
132,78,3
132,94,1
132,96,3
132,100,1
132,122,1
132,129,3
132,142,3
132,146,3
132,147,1
132,152,3
132,153,1
132,169,5
132,171,3
132,174,3
132,188,1
132,192,5
132,203,5
132,216,3
132,222,3
132,234,1
132,241,5
132,243,4
132,250,3
132,252,1
132,261,5
132,269,4
132,270,3
133,6,3
133,36,3
133,61,3
133,64,3
133,67,5
133,72,1
133,74,3
133,75,3
133,78,3
133,81,1
133,93,5
133,104,3
133,146,1
133,171,3
133,179,1
133,207,1
133,214,1
133,259,1
133,262,3
134,1,5
134,2,3
134,19,1
134,20,1
134,27,1
134,38,3
134,41,1
134,45,3
134,57,5
134,61,1
134,74,3
134,78,3
134,87,5
134,93,1
134,102,3
134,115,3
134,123,4
134,137,5
134,146,4
134,148,5
134,157,3
134,159,1
134,169,3
134,171,1
134,187,1
134,188,1
134,192,5
134,197,4
134,200,5
134,207,1
134,214,1
134,217,3
134,220,1
134,224,5
134,229,1
134,248,5
134,252,5
134,253,5
134,262,4
134,272,3
135,41,5
135,74,4
135,101,3
135,186,3
135,188,4
135,220,5
135,250,4
136,16,5
136,34,3
136,41,4
136,43,3
136,46,5
136,61,3
136,72,1
136,74,3
136,78,3
136,87,1
136,184,3
136,188,1
136,192,3
136,217,5
136,229,1
136,237,5
136,261,5
136,262,3
136,273,5
137,16,3
137,34,3
137,74,3
137,111,3
137,142,3
137,146,5
137,212,3
137,262,3
137,270,3
138,2,3
138,9,3
138,17,1
138,18,1
138,20,3
138,25,3
138,37,3
138,38,1
138,41,1
138,42,3
138,43,1
138,48,3
138,57,5
138,59,5
138,61,3
138,64,1
138,71,5
138,72,5
138,74,3
138,75,3
138,78,1
138,84,3
138,86,3
138,90,5
138,98,3
138,102,5
138,108,5
138,111,3
138,113,3
138,118,3
138,125,3
138,130,3
138,142,3
138,145,3
138,146,3
138,151,3
138,157,1
138,165,1
138,171,1
138,173,3
138,178,1
138,179,4
138,184,3
138,188,1
138,190,1
138,192,3
138,195,3
138,209,1
138,210,1
138,217,3
138,218,5
138,220,3
138,222,5
138,226,1
138,244,5
138,246,5
138,250,1
138,252,3
138,255,4
138,256,4
138,262,3
138,269,1
138,270,5
138,271,4
138,272,1
139,20,1
139,25,5
139,45,3
139,55,5
139,61,5
139,78,3
139,89,5
139,93,3
139,103,3
139,111,3
139,142,3
139,146,1
139,149,5
139,152,3
139,159,4
139,171,3
139,173,1
139,184,5
139,187,5
139,188,1
139,192,3
139,197,5
139,208,3
139,212,3
139,217,1
139,220,3
139,231,5
139,237,1
139,243,3
139,244,5
139,249,1
139,250,3
139,261,5
139,263,5
139,269,5
140,2,1
140,8,5
140,20,3
140,27,1
140,38,5
140,41,1
140,43,1
140,56,5
140,57,5
140,60,1
140,61,5
140,65,1
140,74,1
140,77,5
140,78,3
140,87,3
140,88,1
140,89,5
140,93,1
140,94,1
140,108,1
140,122,1
140,129,3
140,130,3
140,142,5
140,146,3
140,148,3
140,157,3
140,171,3
140,188,1
140,192,1
140,195,2
140,202,3
140,210,1
140,211,1
140,212,1
140,214,3
140,216,5
140,217,3
140,226,1
140,229,1
140,233,1
140,245,5
140,250,1
140,252,1
140,254,5
140,261,5
140,262,3
140,263,3
140,265,3
140,269,4
140,270,4
140,275,1
141,4,5
141,25,2
141,27,5
141,38,3
141,41,3
141,61,5
141,74,2
141,90,1
141,93,3
141,102,5
141,104,5
141,171,3
141,188,1
141,194,1
141,218,3
141,224,3
141,229,1
141,230,5
142,8,1
142,12,4
142,20,1
142,41,3
142,43,5
142,57,5
142,59,3
142,61,3
142,64,4
142,74,5
142,78,3
142,102,5
142,129,5
142,146,3
142,171,5
142,183,1
142,184,3
142,217,1
142,229,3
142,236,3
142,252,3
142,269,5
143,8,3
143,20,1
143,25,5
143,26,1
143,27,1
143,28,4
143,35,1
143,36,5
143,38,3
143,41,1
143,43,3
143,44,4
143,60,1
143,61,1
143,64,3
143,75,3
143,78,1
143,90,1
143,93,4
143,103,1
143,108,5
143,116,5
143,131,3
143,144,3
143,176,5
143,182,3
143,184,1
143,188,1
143,191,1
143,192,5
143,218,3
143,220,5
143,230,1
143,233,1
143,235,5
143,240,1
143,252,3
143,257,5
143,262,5
143,269,1
144,24,3
144,32,3
144,33,3
144,37,3
144,41,1
144,43,4
144,45,5
144,59,5
144,61,1
144,74,1
144,78,1
144,87,1
144,100,3
144,111,3
144,117,3
144,122,5
144,124,1
144,126,3
144,130,3
144,143,2
144,146,1
144,152,1
144,156,3
144,158,5
144,171,1
144,173,3
144,184,3
144,186,5
144,188,1
144,192,3
144,197,3
144,203,1
144,210,1
144,214,1
144,216,3
144,217,1
144,234,3
144,236,5
144,243,3
144,249,3
144,250,3
144,252,1
144,255,5
144,262,1
144,263,2
144,269,3
144,270,3
144,273,4
145,34,3
145,41,3
145,61,5
145,72,1
145,75,3
145,78,1
145,87,1
145,91,5
145,186,3
145,188,3
145,191,3
145,217,5
145,220,1
145,224,3
145,229,5
145,237,5
145,257,5
145,269,5
146,20,1
146,24,1
146,41,4
146,61,4
146,62,5
146,74,4
146,77,4
146,78,4
146,81,4
146,82,3
146,83,1
146,85,1
146,102,4
146,106,4
146,121,1
146,122,3
146,129,4
146,132,3
146,146,1
146,166,1
146,169,4
146,179,4
146,187,4
146,188,3
146,189,4
146,192,4
146,226,1
146,234,1
146,236,5
146,250,4
146,251,4
146,269,1
147,34,3
147,38,3
147,41,3
147,126,2
147,171,3
147,188,3
147,197,5
147,252,3
147,267,1
148,19,3
148,23,3
148,41,5
148,43,3
148,78,3
148,84,1
148,101,5
148,130,3
148,157,3
148,195,3
148,217,1
148,269,5
149,20,1
149,25,5
149,27,5
149,35,1
149,36,5
149,38,3
149,60,1
149,61,1
149,64,3
149,75,3
149,78,1
149,90,1
149,103,1
149,108,5
149,116,5
149,131,3
149,144,3
149,176,5
149,188,1
149,191,1
149,192,5
149,218,5
149,220,5
149,230,1
149,235,5
149,240,1
149,252,3
149,257,5
149,269,1
150,2,3
150,8,1
150,27,1
150,38,3
150,40,3
150,43,3
150,61,1
150,73,3
150,74,3
150,75,3
150,78,3
150,80,5
150,96,3
150,120,3
150,122,1
150,126,3
150,129,1
150,138,5
150,142,3
150,146,3
150,157,1
150,158,1
150,171,3
150,176,5
150,177,5
150,184,1
150,188,1
150,190,3
150,192,3
150,195,5
150,202,1
150,250,5
150,252,3
150,257,2
150,259,3
150,262,3
150,270,3
150,273,3
151,1,5
151,9,3
151,19,5
151,25,5
151,33,5
151,34,5
151,39,3
151,41,3
151,43,1
151,52,3
151,59,3
151,60,5
151,61,3
151,66,3
151,72,1
151,74,1
151,75,3
151,77,4
151,78,1
151,86,3
151,93,5
151,102,4
151,103,1
151,110,5
151,111,3
151,122,3
151,129,4
151,140,3
151,142,4
151,145,4
151,146,1
151,152,3
151,162,5
151,163,5
151,168,3
151,171,3
151,173,3
151,176,3
151,185,3
151,188,3
151,190,3
151,192,3
151,193,1
151,195,1
151,210,1
151,212,4
151,214,1
151,215,3
151,216,5
151,220,4
151,226,1
151,250,3
151,251,4
151,252,3
151,255,3
151,256,3
151,257,3
151,258,5
151,260,3
151,262,1
151,269,1
151,271,5
151,273,3
152,43,5
152,78,4
152,86,1
152,103,5
152,149,5
152,203,1
152,267,5
152,273,5
153,33,3
153,41,3
153,59,3
153,61,3
153,78,5
153,79,5
153,157,3
153,236,2
153,255,4
153,262,3
154,27,4
154,38,3
154,41,1
154,43,3
154,61,3
154,72,5
154,74,5
154,78,3
154,82,5
154,150,5
154,188,5
154,192,3
154,196,1
154,262,3
154,273,5
155,46,1
155,57,5
155,61,1
155,77,3
155,78,5
155,122,1
155,152,1
155,217,3
155,229,1
155,236,3
155,245,1
155,252,3
155,259,1
156,8,1
156,43,1
156,60,5
156,61,1
156,66,5
156,74,5
156,78,5
156,80,1
156,99,5
156,122,1
156,151,1
156,192,1
156,195,5
156,196,1
156,202,5
156,214,5
156,217,5
156,223,1
156,261,5
157,9,1
157,16,5
157,21,3
157,23,5
157,34,3
157,38,3
157,41,3
157,43,5
157,54,3
157,57,5
157,61,3
157,62,1
157,63,3
157,74,1
157,78,3
157,87,1
157,96,3
157,104,3
157,115,3
157,125,5
157,130,1
157,146,4
157,148,5
157,150,1
157,152,1
157,153,1
157,155,1
157,164,4
157,165,1
157,169,3
157,177,5
157,188,1
157,192,3
157,195,1
157,200,3
157,210,4
157,214,5
157,217,3
157,220,3
157,228,3
157,236,5
157,244,5
157,250,5
157,252,3
157,255,5
157,259,4
157,262,3
157,263,3
157,269,3
157,272,3
158,43,1
158,52,3
158,61,1
158,65,1
158,74,1
158,75,3
158,78,2
158,93,3
158,122,1
158,130,3
158,146,3
158,147,1
158,157,3
158,171,3
158,185,1
158,188,4
158,192,4
158,217,3
158,220,1
158,221,5
158,236,5
158,241,5
158,243,2
158,252,3
158,262,3
158,269,1
158,273,3
159,18,1
159,36,4
159,43,1
159,61,3
159,64,5
159,78,3
159,107,1
159,134,5
159,142,3
159,153,5
159,155,3
159,169,3
159,171,2
159,217,1
159,233,1
159,237,1
159,255,3
159,269,1
159,271,3
159,273,3
160,41,5
160,43,5
160,61,3
160,78,3
160,84,1
160,101,5
160,146,3
160,171,3
160,172,5
160,220,5
160,224,3
160,250,3
160,269,5
161,5,3
161,20,1
161,43,3
161,73,5
161,107,3
161,152,5
161,154,3
161,157,1
161,171,3
161,174,3
161,185,1
161,203,1
161,215,5
161,269,3
162,21,3
162,41,1
162,43,3
162,54,3
162,61,3
162,74,5
162,75,1
162,78,3
162,93,3
162,102,3
162,140,3
162,142,5
162,160,5
162,162,1
162,171,3
162,173,3
162,184,3
162,188,1
162,217,4
162,220,5
162,221,5
162,252,4
162,262,1
162,269,5
163,61,3
163,74,5
163,77,1
163,78,3
163,146,3
163,188,3
163,220,1
164,6,2
164,8,2
164,13,5
164,25,3
164,33,3
164,34,3
164,39,5
164,41,5
164,43,5
164,48,5
164,49,4
164,52,2
164,54,3
164,59,3
164,61,5
164,74,3
164,77,1
164,78,3
164,84,3
164,85,1
164,87,4
164,94,1
164,99,5
164,108,5
164,125,3
164,126,5
164,140,4
164,142,3
164,146,1
164,152,4
164,153,5
164,154,3
164,156,3
164,168,3
164,170,5
164,171,3
164,174,3
164,181,5
164,185,1
164,186,3
164,188,1
164,192,5
164,195,3
164,206,5
164,208,5
164,215,3
164,217,1
164,224,3
164,225,3
164,230,5
164,231,5
164,241,1
164,250,3
164,252,1
164,262,3
164,269,3
164,273,5
165,2,3
165,4,5
165,41,1
165,43,5
165,46,4
165,74,3
165,78,3
165,93,4
165,102,3
165,108,3
165,123,4
165,159,1
165,169,5
165,188,3
165,197,4
165,200,5
165,217,3
165,220,1
165,224,5
165,248,5
165,252,3
165,269,5
166,38,3
166,40,3
166,41,3
166,43,4
166,61,3
166,74,3
166,78,3
166,93,3
166,126,3
166,130,3
166,142,3
166,171,3
166,188,3
166,195,3
166,217,1
166,252,3
166,273,5
167,74,3
167,78,5
167,171,4
167,217,5
167,220,1
167,236,3
167,250,3
168,1,3
168,2,5
168,8,3
168,24,4
168,40,5
168,44,3
168,61,1
168,75,2
168,77,1
168,78,3
168,81,1
168,88,5
168,93,5
168,103,1
168,109,3
168,130,3
168,137,5
168,181,2
168,184,3
168,186,3
168,188,4
168,191,3
168,192,5
168,218,3
168,230,3
168,241,1
168,262,4
168,274,3
169,20,5
169,25,5
169,34,3
169,37,5
169,41,3
169,43,3
169,46,5
169,48,5
169,59,4
169,61,3
169,71,1
169,74,2
169,78,5
169,81,3
169,85,1
169,96,3
169,97,1
169,102,1
169,110,5
169,126,3
169,129,1
169,142,3
169,157,3
169,169,5
169,184,3
169,188,3
169,192,3
169,196,1
169,197,5
169,200,3
169,215,2
169,217,1
169,218,5
169,250,1
169,273,3
169,274,3
170,8,1
170,20,5
170,25,5
170,27,5
170,38,3
170,40,5
170,41,2
170,43,5
170,52,3
170,59,3
170,71,5
170,73,5
170,75,2
170,78,3
170,87,1
170,93,5
170,126,1
170,146,3
170,157,2
170,161,4
170,184,2
170,185,5
170,188,3
170,192,5
170,214,3
170,217,3
170,219,5
170,229,1
170,230,3
170,233,1
170,235,5
170,238,5
170,252,2
170,259,2
170,262,5
170,269,5
171,43,3
171,74,3
171,80,1
171,88,3
171,103,1
171,115,3
171,146,3
171,157,3
171,171,3
171,191,3
171,192,3
171,216,5
171,217,3
171,250,4
171,259,1
171,262,3
171,269,3
172,23,1
172,37,3
172,41,3
172,60,5
172,78,5
172,94,1
172,113,5
172,140,3
172,142,3
172,148,3
172,149,3
172,171,3
172,172,3
172,188,3
172,220,1
172,232,3
172,238,5
172,250,3
172,252,4
172,262,3
172,269,5
173,5,3
173,36,3
173,41,3
173,61,3
173,74,3
173,78,3
173,82,3
173,96,3
173,105,5
173,122,1
173,146,3
173,171,1
173,177,3
173,188,3
173,192,3
173,217,3
173,218,2
173,234,3
173,250,3
173,262,3
173,269,3
174,13,1
174,19,1
174,20,1
174,25,3
174,34,3
174,39,5
174,52,5
174,53,3
174,61,2
174,88,1
174,123,1
174,126,3
174,154,3
174,157,1
174,161,1
174,169,3
174,188,4
174,192,3
174,212,1
174,252,3
174,260,5
174,261,5
174,262,3
174,263,3
174,269,5
174,273,5
175,1,5
175,7,1
175,24,5
175,27,1
175,37,5
175,38,5
175,41,3
175,59,2
175,61,5
175,64,1
175,74,3
175,75,2
175,78,2
175,82,3
175,89,3
175,101,1
175,102,3
175,108,5
175,124,1
175,146,1
175,171,3
175,172,3
175,177,3
175,183,1
175,188,1
175,192,5
175,195,5
175,197,5
175,199,5
175,217,5
175,220,3
175,226,1
175,233,1
175,237,5
175,238,5
175,244,1
175,250,2
175,252,3
175,262,3
175,270,3
176,38,1
176,41,1
176,43,5
176,71,4
176,72,5
176,74,5
176,78,1
176,90,1
176,93,5
176,95,1
176,171,3
176,188,3
176,214,5
176,218,3
176,229,5
176,252,3
177,5,1
177,11,5
177,16,5
177,17,1
177,20,1
177,23,4
177,25,5
177,26,1
177,27,1
177,29,1
177,31,1
177,34,5
177,36,4
177,38,5
177,41,1
177,43,1
177,46,1
177,49,2
177,59,3
177,61,1
177,62,5
177,64,5
177,71,4
177,72,1
177,74,3
177,75,1
177,77,2
177,78,1
177,81,3
177,82,3
177,84,3
177,85,5
177,87,1
177,88,5
177,93,3
177,94,1
177,100,4
177,103,1
177,105,3
177,107,3
177,108,1
177,115,3
177,118,3
177,119,1
177,121,5
177,122,1
177,125,3
177,126,3
177,130,3
177,133,3
177,135,5
177,137,3
177,140,1
177,142,3
177,146,1
177,152,1
177,153,1
177,155,3
177,157,1
177,167,1
177,168,3
177,171,1
177,173,1
177,185,1
177,186,5
177,188,3
177,189,3
177,191,5
177,192,1
177,197,3
177,200,3
177,201,3
177,210,1
177,212,1
177,214,1
177,216,1
177,217,3
177,219,5
177,220,1
177,234,1
177,236,3
177,241,5
177,250,1
177,252,5
177,255,5
177,259,1
177,261,5
177,262,3
177,263,5
177,269,1
177,273,5
178,2,3
178,27,4
178,38,3
178,64,3
178,78,3
178,122,5
178,146,3
178,188,2
178,220,1
178,229,3
178,236,4
178,247,5
178,260,5
179,38,3
179,43,5
179,54,5
179,57,5
179,59,5
179,61,1
179,74,1
179,75,3
179,78,3
179,80,1
179,171,3
179,188,5
179,192,5
179,212,3
179,220,1
179,250,3
179,269,3
180,2,3
180,13,5
180,23,3
180,25,5
180,28,4
180,39,5
180,43,5
180,59,5
180,61,5
180,77,3
180,78,5
180,81,3
180,146,3
180,188,1
180,191,5
180,192,1
180,197,5
180,206,5
180,209,1
180,228,3
180,229,3
180,252,3
181,25,3
181,34,5
181,35,1
181,38,1
181,41,4
181,43,4
181,74,3
181,78,3
181,81,1
181,129,2
181,146,3
181,169,5
181,176,5
181,188,3
181,191,5
181,192,3
181,220,3
181,224,3
181,257,5
182,2,3
182,9,3
182,34,5
182,41,5
182,61,3
182,66,1
182,74,3
182,78,3
182,84,1
182,93,5
182,96,3
182,121,1
182,126,3
182,129,3
182,130,4
182,147,1
182,152,1
182,159,1
182,160,5
182,168,1
182,171,3
182,172,3
182,173,3
182,176,4
182,177,5
182,184,5
182,186,1
182,188,3
182,192,1
182,205,5
182,217,3
182,220,5
182,221,5
182,236,1
182,237,5
182,262,3
182,270,3
182,273,3
183,8,1
183,13,5
183,25,3
183,29,1
183,41,5
183,61,5
183,72,1
183,74,3
183,75,1
183,78,2
183,103,1
183,118,1
183,126,3
183,129,5
183,146,5
183,159,1
183,169,5
183,184,1
183,188,1
183,191,1
183,204,5
183,216,5
183,217,1
183,219,3
183,230,5
183,234,5
183,257,5
183,259,5
183,262,5
184,37,3
184,41,1
184,52,3
184,72,5
184,78,3
184,100,3
184,108,3
184,124,1
184,146,1
184,181,5
184,188,1
184,214,4
184,250,3
184,252,5
184,262,2
185,25,5
185,39,5
185,52,3
185,61,5
185,74,2
185,78,5
185,96,5
185,102,3
185,103,1
185,126,2
185,154,3
185,159,5
185,173,5
185,176,5
185,188,3
185,192,1
185,195,3
185,217,1
185,220,1
185,238,5
185,246,5
186,15,4
186,41,3
186,78,3
186,146,3
186,197,4
186,236,3
186,269,5
187,15,4
187,44,4
187,61,3
187,74,5
187,76,4
187,78,3
187,90,4
187,133,3
187,146,3
187,188,3
187,191,4
187,197,4
187,269,5
188,38,3
188,41,3
188,57,5
188,61,3
188,64,4
188,74,2
188,78,3
188,87,3
188,125,3
188,142,3
188,146,3
188,171,3
188,184,5
188,188,3
188,218,3
188,220,3
188,236,3
188,250,3
188,252,3
188,262,3
188,269,1
189,2,3
189,31,1
189,37,3
189,38,5
189,61,3
189,68,3
189,74,4
189,78,3
189,169,5
189,171,3
189,172,3
189,185,3
189,210,1
189,216,1
189,220,3
189,229,1
189,241,1
189,246,5
189,250,1
189,270,3
190,19,3
190,20,1
190,53,1
190,74,3
190,89,3
190,117,5
190,161,1
190,163,3
190,195,3
190,210,5
190,215,1
190,269,1
191,2,3
191,12,3
191,18,1
191,23,5
191,38,1
191,41,1
191,43,1
191,46,3
191,57,5
191,78,3
191,87,3
191,93,4
191,102,3
191,118,1
191,123,4
191,146,4
191,147,1
191,148,5
191,159,1
191,164,4
191,169,3
191,173,1
191,188,3
191,192,5
191,197,4
191,200,5
191,210,3
191,217,1
191,220,1
191,224,5
191,229,1
191,248,5
191,252,3
191,259,1
191,261,5
191,263,3
191,269,5
191,272,3
191,273,3
192,8,1
192,25,5
192,26,4
192,28,4
192,38,5
192,39,3
192,40,3
192,43,3
192,46,1
192,61,3
192,74,3
192,75,2
192,77,5
192,78,1
192,81,1
192,87,3
192,90,1
192,100,5
192,103,3
192,118,1
192,131,1
192,138,5
192,146,1
192,148,1
192,159,1
192,165,1
192,171,3
192,172,3
192,173,1
192,182,3
192,184,1
192,188,1
192,190,5
192,191,4
192,192,3
192,213,3
192,214,5
192,217,5
192,220,5
192,226,1
192,230,5
192,252,3
192,261,5
192,262,3
192,269,5
193,2,3
193,13,1
193,20,1
193,25,3
193,36,3
193,39,3
193,41,3
193,52,3
193,53,3
193,61,2
193,74,5
193,78,3
193,87,1
193,102,2
193,123,1
193,137,2
193,154,3
193,159,5
193,161,1
193,169,3
193,173,5
193,188,4
193,192,3
193,197,5
193,212,1
193,217,4
193,224,3
193,234,1
193,238,4
193,252,4
193,261,5
193,263,3
193,269,5
193,272,1
194,41,3
194,43,5
194,74,4
194,78,3
194,87,1
194,93,5
194,108,5
194,173,5
194,176,5
194,188,3
194,192,5
194,220,1
194,252,1
194,269,5
195,25,4
195,34,5
195,41,3
195,43,5
195,46,4
195,61,3
195,71,1
195,74,1
195,75,1
195,81,3
195,93,5
195,103,1
195,132,1
195,142,3
195,146,3
195,149,5
195,159,4
195,173,4
195,176,5
195,188,3
195,190,1
195,192,2
195,197,3
195,243,3
195,245,5
195,252,5
195,262,5
195,267,5
196,19,3
196,37,3
196,38,3
196,41,3
196,43,3
196,59,4
196,61,1
196,64,5
196,74,2
196,75,3
196,77,1
196,78,1
196,80,1
196,92,3
196,103,3
196,132,3
196,141,5
196,142,4
196,146,2
196,147,3
196,171,3
196,179,1
196,184,5
196,188,1
196,191,5
196,192,3
196,216,3
196,220,5
196,223,3
196,229,3
196,246,5
196,250,3
196,252,3
196,253,3
196,261,3
196,263,5
196,269,5
197,1,5
197,2,3
197,13,1
197,20,1
197,23,3
197,43,5
197,50,3
197,59,3
197,61,3
197,62,5
197,65,3
197,68,3
197,74,3
197,78,3
197,80,1
197,82,3
197,85,1
197,93,3
197,111,3
197,119,3
197,123,4
197,141,5
197,142,3
197,146,5
197,152,3
197,153,5
197,154,2
197,157,3
197,161,1
197,166,1
197,168,3
197,169,3
197,171,4
197,188,3
197,192,3
197,195,3
197,212,1
197,215,1
197,220,5
197,226,1
197,236,3
197,237,1
197,238,5
197,250,5
197,252,3
197,253,1
197,262,3
197,268,3
197,269,1
197,273,5
198,24,3
198,38,3
198,41,5
198,74,3
198,75,1
198,78,3
198,124,1
198,146,3
198,168,4
198,185,1
198,188,3
198,191,4
198,192,1
198,195,3
198,230,5
198,253,3
198,262,3
198,269,5
199,13,1
199,43,1
199,61,3
199,74,4
199,78,1
199,89,1
199,97,1
199,101,1
199,111,3
199,176,5
199,188,1
199,212,1
199,229,3
199,237,5
200,23,5
200,25,5
200,36,5
200,41,3
200,43,3
200,61,3
200,64,1
200,67,5
200,72,1
200,74,4
200,78,1
200,89,3
200,93,3
200,98,4
200,126,3
200,135,5
200,142,3
200,146,3
200,171,5
200,173,3
200,186,3
200,188,3
200,191,1
200,192,2
200,195,3
200,208,5
200,217,3
200,220,3
200,221,3
200,230,3
200,234,4
200,236,3
200,241,1
200,243,1
200,247,3
200,252,3
200,259,1
200,262,4
200,273,3
201,14,3
201,19,4
201,20,5
201,27,5
201,31,3
201,34,3
201,41,1
201,45,3
201,54,3
201,72,1
201,77,3
201,78,3
201,123,4
201,137,5
201,146,3
201,157,3
201,171,3
201,178,1
201,188,5
201,192,3
201,200,5
201,210,3
201,212,5
201,216,3
201,217,3
201,224,3
201,229,1
201,234,3
201,252,3
201,263,5
201,269,5
201,273,3
202,41,3
202,78,5
202,105,5
202,146,3
202,188,3
202,236,3
202,262,3
203,41,4
203,74,1
203,78,5
203,89,5
203,93,5
203,130,3
203,143,5
203,173,1
203,188,3
203,191,5
203,192,5
203,196,1
203,214,3
203,220,1
203,252,3
203,259,1
204,1,5
204,61,3
204,74,3
204,78,3
204,93,5
204,171,3
204,196,1
204,252,5
205,5,1
205,9,1
205,29,1
205,41,3
205,43,3
205,59,4
205,61,3
205,73,3
205,74,3
205,75,1
205,78,2
205,87,1
205,93,5
205,94,1
205,99,5
205,105,1
205,109,3
205,122,1
205,167,1
205,170,5
205,171,3
205,184,1
205,188,1
205,189,1
205,192,5
205,200,3
205,216,3
205,218,3
205,220,5
205,226,3
205,236,3
205,238,5
205,247,3
205,252,1
205,259,1
205,261,5
205,262,3
206,16,5
206,33,3
206,37,3
206,41,1
206,46,5
206,64,3
206,72,1
206,73,3
206,74,3
206,94,1
206,103,5
206,146,3
206,152,1
206,157,3
206,171,3
206,188,3
206,192,3
206,220,3
206,236,3
207,25,3
207,28,4
207,41,3
207,58,1
207,61,1
207,74,3
207,78,3
207,111,4
207,116,5
207,129,3
207,130,5
207,143,1
207,146,1
207,148,3
207,156,3
207,171,3
207,172,4
207,173,5
207,188,3
207,220,3
207,266,1
207,269,5
207,270,3
208,25,5
208,34,5
208,36,1
208,41,3
208,42,3
208,43,3
208,54,1
208,56,3
208,57,3
208,59,3
208,61,2
208,74,3
208,78,2
208,79,3
208,84,1
208,86,5
208,93,1
208,102,2
208,111,3
208,122,3
208,126,3
208,129,5
208,130,3
208,134,3
208,137,2
208,139,3
208,140,3
208,142,5
208,146,5
208,152,3
208,153,5
208,160,5
208,171,3
208,173,3
208,174,3
208,180,1
208,185,5
208,186,5
208,188,1
208,191,3
208,192,1
208,195,3
208,197,5
208,205,1
208,207,1
208,217,3
208,218,3
208,220,3
208,221,5
208,225,3
208,229,3
208,236,3
208,243,3
208,250,3
208,252,1
208,255,3
208,259,1
208,270,5
208,274,3
209,1,1
209,41,5
209,61,2
209,66,5
209,72,1
209,74,5
209,78,3
209,93,5
209,102,2
209,118,3
209,137,2
209,169,5
209,171,5
209,175,5
209,176,5
209,188,1
209,191,1
209,217,4
209,246,5
209,259,1
209,269,3
210,38,1
210,72,5
210,74,5
210,90,1
210,95,1
210,171,3
210,188,3
210,214,5
210,218,3
210,229,5
210,252,3
210,260,5
211,38,5
211,41,5
211,57,5
211,64,5
211,74,5
211,78,3
211,169,3
211,171,3
211,191,3
211,197,5
212,1,3
212,2,5
212,8,3
212,24,4
212,40,5
212,44,3
212,61,1
212,75,2
212,77,1
212,78,3
212,81,1
212,88,5
212,93,5
212,103,3
212,109,3
212,137,5
212,181,2
212,184,3
212,186,3
212,188,4
212,191,3
212,192,5
212,218,3
212,230,3
212,241,1
212,250,1
212,262,4
212,274,3
213,2,3
213,6,5
213,20,3
213,22,5
213,25,2
213,28,2
213,33,5
213,36,4
213,38,2
213,41,4
213,61,2
213,72,1
213,74,3
213,75,3
213,77,4
213,78,3
213,86,5
213,124,4
213,129,4
213,135,4
213,142,3
213,146,3
213,152,3
213,169,4
213,171,3
213,177,4
213,184,5
213,187,4
213,188,2
213,192,3
213,200,4
213,207,3
213,216,3
213,220,3
213,221,3
213,234,1
213,239,4
213,244,1
213,252,3
213,260,5
213,270,5
214,23,5
214,41,3
214,61,5
214,75,3
214,77,5
214,78,5
214,135,5
214,200,3
214,243,1
214,250,3
214,252,3
215,2,3
215,24,3
215,25,4
215,32,3
215,36,4
215,41,5
215,43,5
215,59,5
215,61,2
215,64,2
215,66,1
215,74,5
215,75,1
215,78,3
215,87,1
215,94,1
215,101,1
215,102,1
215,103,1
215,146,2
215,173,5
215,186,5
215,188,2
215,200,3
215,205,1
215,208,5
215,215,3
215,220,5
215,223,5
215,243,1
215,244,5
215,250,3
215,252,2
215,269,3
216,38,3
216,78,3
216,101,1
216,129,1
216,188,3
216,191,3
216,207,1
217,2,5
217,6,3
217,27,1
217,34,5
217,37,3
217,38,5
217,41,3
217,43,3
217,45,3
217,56,5
217,57,5
217,59,5
217,61,3
217,70,1
217,72,1
217,74,3
217,78,1
217,102,3
217,122,1
217,138,5
217,150,3
217,151,1
217,169,5
217,171,3
217,181,5
217,185,1
217,187,5
217,188,5
217,192,5
217,196,1
217,217,5
217,220,5
217,235,3
217,250,1
217,252,2
217,269,1
218,19,3
218,25,1
218,31,3
218,34,3
218,37,5
218,38,3
218,39,5
218,41,3
218,42,5
218,43,1
218,54,3
218,59,3
218,61,3
218,72,1
218,74,3
218,78,3
218,82,5
218,87,3
218,90,3
218,93,4
218,102,3
218,111,3
218,117,5
218,129,2
218,135,5
218,142,1
218,146,1
218,159,4
218,160,5
218,162,1
218,169,1
218,171,1
218,177,3
218,186,3
218,188,1
218,192,1
218,205,5
218,208,2
218,210,3
218,217,1
218,218,3
218,220,3
218,221,5
218,224,3
218,244,5
218,250,3
218,252,1
218,259,1
218,261,3
218,262,3
218,264,3
218,268,3
218,269,5
218,271,1
218,274,3
219,13,5
219,58,2
219,61,3
219,78,5
219,88,1
219,150,3
219,156,2
219,192,5
219,198,1
220,40,5
220,41,3
220,74,5
220,126,1
220,188,3
220,204,5
220,217,5
221,33,3
221,36,3
221,38,3
221,64,5
221,72,5
221,74,5
221,78,3
221,146,3
221,169,3
221,171,3
221,172,5
221,188,3
221,217,4
221,220,1
221,252,3
221,266,3
221,269,5
222,28,2
222,74,5
222,78,5
222,151,1
222,171,3
222,188,3
222,192,5
222,197,4
222,217,1
222,241,3
222,250,3
222,269,5
223,38,5
223,40,5
223,41,5
223,43,2
223,61,2
223,64,3
223,74,2
223,77,3
223,78,2
223,88,1
223,102,2
223,137,2
223,146,2
223,159,2
223,171,3
223,186,2
223,188,3
223,192,3
223,218,4
223,220,2
223,226,5
223,229,3
223,239,1
223,260,5
224,1,5
224,25,2
224,41,5
224,78,5
224,84,5
224,150,1
224,171,3
224,256,5
225,24,5
225,43,3
225,46,1
225,61,5
225,74,3
225,131,5
225,171,3
225,192,1
225,250,3
225,262,3
226,16,3
226,25,5
226,33,5
226,36,1
226,38,3
226,41,3
226,42,5
226,43,3
226,54,2
226,59,2
226,61,3
226,74,3
226,78,1
226,84,1
226,86,5
226,89,3
226,93,1
226,99,5
226,102,3
226,111,3
226,120,4
226,122,5
226,124,3
226,126,5
226,129,5
226,130,3
226,134,5
226,137,5
226,139,3
226,142,4
226,146,1
226,151,3
226,152,3
226,160,5
226,171,3
226,173,1
226,180,1
226,185,5
226,186,1
226,188,1
226,191,3
226,192,3
226,195,3
226,197,4
226,201,5
226,205,5
226,210,3
226,217,3
226,220,5
226,237,5
226,250,3
226,252,1
226,255,3
226,259,1
226,261,5
226,262,3
226,263,5
226,270,3
226,272,3
226,273,3
227,41,3
227,78,5
227,93,5
227,117,3
227,124,1
227,188,5
227,196,1
227,197,5
227,217,1
227,220,1
227,233,1
227,245,1
227,269,5
228,1,1
228,19,3
228,27,1
228,38,2
228,41,2
228,59,2
228,61,3
228,73,5
228,74,2
228,78,3
228,79,5
228,93,5
228,102,2
228,109,3
228,120,3
228,146,2
228,171,1
228,184,3
228,188,3
228,217,3
228,218,2
228,220,3
228,223,3
228,229,1
228,236,3
228,244,5
228,247,5
228,250,2
228,252,3
228,255,3
228,260,3
228,261,5
228,262,3
228,265,3
229,8,2
229,25,5
229,38,5
229,39,3
229,40,3
229,43,3
229,46,1
229,61,3
229,74,3
229,77,5
229,78,1
229,87,1
229,90,1
229,100,5
229,103,5
229,131,1
229,138,5
229,142,1
229,146,5
229,148,1
229,159,1
229,165,1
229,171,3
229,173,1
229,184,3
229,188,1
229,190,5
229,191,5
229,192,3
229,213,3
229,217,5
229,220,5
229,226,1
229,229,5
229,252,3
229,261,5
229,262,3
229,269,5
230,41,3
230,61,3
230,72,3
230,78,3
230,105,5
230,111,3
230,144,5
230,149,3
230,176,5
230,192,5
231,41,5
231,43,5
231,59,5
231,61,1
231,74,5
231,78,3
231,88,3
231,101,5
231,111,3
231,122,1
231,130,1
231,137,5
231,157,3
231,176,3
231,188,3
231,192,1
231,210,1
231,229,3
231,236,1
231,243,1
231,269,1
232,38,3
232,41,5
232,43,3
232,75,2
232,103,1
232,129,1
232,157,5
232,183,1
232,217,5
232,227,1
232,252,5
233,4,5
233,25,2
233,27,5
233,38,3
233,41,3
233,61,5
233,74,2
233,90,1
233,93,3
233,102,5
233,104,5
233,171,3
233,184,2
233,188,1
233,194,1
233,217,4
233,218,3
233,220,2
233,224,3
233,229,1
233,230,5
233,252,2
234,59,3
234,61,3
234,64,5
234,74,3
234,75,1
234,78,5
234,87,5
234,146,3
234,188,1
234,192,1
234,210,1
234,229,5
234,250,3
234,252,5
234,262,3
235,2,3
235,11,1
235,21,1
235,24,5
235,26,4
235,36,3
235,38,5
235,40,5
235,41,1
235,43,5
235,61,1
235,62,1
235,63,5
235,70,1
235,72,1
235,74,1
235,75,4
235,78,2
235,81,3
235,93,5
235,95,5
235,96,5
235,100,3
235,102,5
235,103,4
235,112,1
235,115,3
235,118,3
235,119,5
235,121,1
235,124,1
235,128,3
235,131,3
235,137,5
235,142,3
235,146,3
235,151,1
235,153,5
235,157,3
235,162,1
235,163,3
235,169,5
235,177,5
235,188,3
235,190,1
235,191,5
235,196,1
235,197,5
235,210,1
235,217,1
235,220,1
235,229,1
235,233,1
235,234,1
235,235,1
235,241,4
235,250,3
235,252,3
235,253,1
235,257,1
235,259,1
235,262,3
235,269,1
235,272,1
235,275,1
236,42,5
236,43,5
236,61,3
236,102,3
236,168,5
236,188,3
236,192,5
236,197,5
236,213,5
236,217,4
236,252,4
236,261,5
237,1,1
237,8,5
237,25,3
237,26,3
237,28,3
237,36,5
237,38,3
237,39,5
237,43,5
237,47,5
237,61,5
237,63,5
237,64,5
237,71,1
237,73,5
237,78,2
237,83,5
237,95,1
237,96,3
237,102,3
237,103,3
237,110,5
237,145,1
237,146,1
237,169,3
237,171,3
237,176,5
237,188,1
237,192,2
237,193,5
237,197,5
237,217,3
237,225,3
237,229,3
237,238,5
237,240,1
237,252,1
237,257,3
237,259,5
237,261,5
237,262,3
238,36,5
238,41,1
238,51,5
238,56,5
238,57,5
238,75,5
238,78,1
238,93,5
238,98,3
238,122,5
238,146,5
238,148,5
238,169,3
238,171,4
238,181,5
238,195,5
238,197,4
238,209,1
238,219,5
238,229,1
238,252,1
238,263,3
238,272,3
239,2,3
239,8,1
239,19,3
239,20,3
239,36,3
239,38,3
239,41,5
239,49,5
239,61,3
239,67,1
239,72,3
239,73,3
239,74,3
239,75,1
239,78,3
239,81,1
239,85,1
239,88,3
239,93,5
239,103,1
239,118,5
239,133,3
239,135,1
239,138,5
239,142,3
239,145,1
239,146,3
239,153,3
239,154,4
239,157,3
239,171,3
239,173,1
239,177,5
239,184,1
239,188,3
239,190,3
239,192,5
239,195,1
239,206,4
239,207,1
239,216,1
239,220,3
239,230,1
239,236,3
239,243,1
239,249,1
239,250,3
239,251,3
239,252,5
239,259,1
239,262,3
239,269,5
240,61,1
240,78,3
240,94,1
240,129,3
240,171,3
240,217,1
240,273,5
241,25,5
241,27,5
241,29,1
241,39,5
241,59,3
241,61,3
241,72,3
241,74,5
241,78,3
241,86,1
241,92,1
241,95,1
241,100,1
241,108,5
241,142,5
241,146,4
241,149,3
241,155,3
241,168,3
241,171,5
241,172,3
241,175,5
241,188,1
241,192,3
241,210,1
241,217,1
241,232,3
241,250,3
241,252,5
241,269,1
242,2,3
242,8,1
242,13,5
242,19,1
242,23,4
242,30,3
242,38,3
242,43,3
242,45,5
242,59,3
242,60,1
242,61,3
242,66,1
242,68,3
242,74,3
242,75,5
242,78,3
242,90,1
242,111,3
242,125,5
242,126,5
242,129,1
242,138,5
242,140,3
242,142,3
242,146,1
242,158,5
242,171,3
242,173,1
242,184,3
242,185,3
242,188,1
242,191,5
242,192,2
242,197,3
242,201,3
242,207,3
242,210,3
242,217,3
242,220,3
242,221,3
242,226,3
242,236,3
242,238,5
242,250,1
242,252,3
242,261,5
242,269,5
242,270,5
242,273,3
243,78,3
243,103,1
243,122,5
243,146,3
243,157,3
243,188,3
243,196,1
243,198,1
243,237,5
244,8,1
244,41,5
244,61,1
244,64,3
244,66,3
244,73,5
244,78,3
244,92,1
244,122,1
244,171,3
244,176,5
244,188,1
244,192,5
244,196,1
244,203,1
244,216,3
244,229,3
244,259,1
245,9,1
245,41,5
245,43,3
245,61,1
245,72,5
245,78,3
245,184,1
245,188,1
245,197,5
245,235,3
245,262,3
245,271,1
246,20,1
246,41,4
246,46,5
246,61,1
246,74,4
246,78,1
246,82,4
246,85,1
246,91,3
246,96,5
246,105,5
246,121,1
246,122,1
246,124,1
246,128,3
246,132,4
246,150,1
246,151,1
246,153,1
246,164,5
246,168,3
246,171,3
246,185,3
246,188,1
246,196,1
246,210,3
246,234,4
246,243,1
246,244,5
246,250,5
246,269,1
247,33,3
247,36,5
247,61,4
247,74,3
247,75,1
247,78,3
247,122,1
247,126,3
247,129,3
247,146,3
247,157,3
247,171,4
247,186,2
247,188,3
247,192,4
247,211,1
247,216,3
247,218,5
247,234,1
247,236,4
247,243,5
247,252,3
247,262,5
248,21,1
248,61,3
248,78,5
248,96,1
248,111,5
248,214,3
248,243,2
249,8,2
249,10,5
249,19,4
249,20,3
249,25,2
249,33,3
249,34,2
249,37,2
249,38,5
249,39,3
249,40,4
249,41,3
249,43,2
249,61,1
249,64,5
249,66,5
249,68,4
249,73,2
249,74,2
249,75,5
249,78,3
249,82,4
249,87,5
249,89,3
249,100,3
249,102,3
249,103,3
249,105,2
249,108,2
249,111,3
249,113,2
249,118,2
249,129,4
249,130,5
249,137,2
249,146,2
249,183,1
249,185,4
249,188,2
249,192,1
249,197,5
249,204,5
249,208,5
249,209,4
249,210,1
249,217,3
249,218,4
249,220,2
249,224,4
249,229,3
249,236,3
249,238,5
249,240,4
249,252,2
249,262,3
249,263,5
249,268,5
249,269,5
249,270,4
249,273,3
250,41,3
250,46,1
250,61,3
250,74,3
250,78,3
250,88,1
250,89,1
250,94,1
250,133,3
250,140,3
250,142,3
250,176,5
250,217,1
250,218,3
250,220,5
250,259,1
251,15,4
251,61,3
251,72,1
251,78,1
251,100,1
251,142,3
251,188,5
251,250,3
251,262,5
251,267,1
252,12,4
252,23,5
252,34,3
252,41,3
252,45,1
252,53,1
252,59,5
252,61,3
252,74,1
252,78,3
252,92,1
252,129,5
252,146,3
252,152,3
252,171,1
252,173,3
252,177,3
252,188,3
252,192,3
252,196,1
252,217,1
252,220,5
252,236,3
252,250,3
252,252,3
252,270,5
253,2,3
253,7,1
253,8,1
253,9,3
253,21,1
253,23,1
253,24,5
253,27,1
253,36,1
253,37,1
253,38,3
253,41,4
253,43,3
253,54,4
253,57,5
253,59,5
253,60,1
253,61,3
253,67,5
253,74,3
253,75,1
253,78,3
253,82,3
253,84,1
253,86,1
253,87,5
253,88,1
253,94,1
253,96,1
253,97,1
253,101,1
253,102,5
253,122,3
253,125,3
253,137,5
253,145,3
253,146,1
253,152,3
253,157,1
253,169,5
253,171,3
253,176,3
253,181,5
253,188,1
253,189,1
253,192,1
253,204,5
253,212,1
253,214,1
253,216,5
253,217,5
253,218,5
253,220,3
253,223,3
253,226,3
253,233,1
253,235,5
253,237,5
253,238,5
253,241,1
253,250,3
253,252,4
253,254,5
253,257,1
253,262,3
253,263,5
254,19,3
254,37,5
254,38,3
254,59,3
254,61,1
254,66,3
254,74,1
254,78,4
254,92,3
254,94,1
254,101,1
254,142,3
254,146,3
254,147,3
254,152,3
254,155,3
254,157,3
254,164,5
254,168,3
254,171,3
254,188,2
254,192,3
254,210,1
254,214,1
254,216,1
254,217,4
254,219,3
254,220,1
254,236,3
254,243,3
254,250,1
254,252,4
254,262,1
254,264,3
254,269,1
255,78,2
255,93,5
255,105,5
255,115,3
255,196,1
255,243,2
255,273,2
256,25,5
256,34,5
256,37,5
256,38,3
256,40,5
256,41,3
256,43,5
256,49,3
256,59,5
256,61,1
256,64,4
256,72,1
256,74,3
256,78,3
256,87,1
256,93,1
256,98,3
256,111,3
256,121,5
256,123,3
256,132,5
256,139,5
256,141,3
256,142,4
256,146,3
256,157,3
256,171,3
256,188,3
256,191,3
256,192,3
256,197,3
256,206,5
256,212,5
256,215,3
256,217,4
256,252,4
256,255,3
256,262,3
257,41,5
257,74,3
257,78,3
257,87,1
257,93,5
257,124,1
257,146,3
257,153,5
257,210,1
257,250,4
257,262,1
258,64,5
258,78,3
258,94,1
258,108,3
258,146,3
258,151,3
258,188,3
258,214,1
258,224,3
258,262,3
259,1,5
259,9,3
259,22,5
259,59,1
259,60,1
259,75,1
259,78,4
259,103,1
259,150,1
259,188,5
259,196,1
259,224,3
259,243,2
260,2,3
260,25,2
260,33,3
260,36,1
260,38,3
260,41,2
260,44,3
260,50,3
260,59,3
260,61,5
260,64,5
260,74,5
260,75,1
260,78,1
260,93,2
260,107,3
260,122,4
260,142,1
260,146,5
260,150,5
260,157,1
260,170,5
260,172,3
260,188,1
260,192,2
260,193,1
260,195,5
260,216,3
260,241,5
260,250,1
260,252,5
260,262,2
261,3,1
261,41,3
261,42,5
261,43,3
261,61,4
261,74,3
261,78,3
261,88,4
261,148,3
261,157,3
261,171,3
261,188,4
261,218,5
261,243,2
261,250,3
261,259,4
261,262,3
261,270,5
261,272,3
261,275,1
262,41,3
262,72,5
262,74,5
262,78,3
262,192,5
262,217,1
262,267,1
263,41,3
263,61,3
263,64,4
263,74,3
263,78,3
263,136,5
263,188,3
263,191,5
263,197,3
263,220,3
263,261,5
263,269,5
264,11,1
264,36,3
264,61,3
264,81,3
264,93,3
264,103,1
264,188,4
264,192,3
264,217,4
264,218,5
264,220,1
264,229,3
264,233,1
264,234,3
264,236,3
264,241,1
264,252,1
264,269,5
265,59,5
265,61,5
265,74,5
265,172,3
265,192,3
265,196,1
265,215,3
265,266,3
266,20,1
266,24,5
266,41,3
266,61,2
266,74,3
266,78,5
266,83,1
266,85,1
266,102,2
266,137,2
266,154,5
266,188,1
266,234,1
266,238,5
266,253,1
266,269,1
267,6,3
267,8,3
267,23,5
267,25,3
267,26,1
267,28,4
267,35,1
267,38,3
267,40,1
267,41,1
267,43,1
267,44,4
267,59,5
267,61,1
267,64,3
267,72,1
267,74,1
267,75,3
267,78,1
267,80,1
267,81,1
267,90,1
267,93,4
267,94,3
267,103,3
267,108,3
267,116,5
267,122,5
267,131,3
267,134,5
267,135,5
267,169,5
267,171,3
267,175,5
267,176,5
267,182,3
267,184,1
267,188,3
267,191,1
267,192,3
267,195,1
267,208,5
267,210,5
267,217,1
267,218,3
267,224,5
267,229,3
267,230,1
267,234,3
267,236,4
267,240,1
267,243,1
267,246,5
267,249,5
267,250,3
267,252,3
267,255,3
267,257,5
267,262,3
267,269,3
267,270,5
268,58,1
268,74,5
268,116,5
268,143,1
268,150,1
268,156,1
268,171,5
268,228,5
269,2,1
269,6,5
269,8,5
269,25,2
269,27,1
269,38,3
269,41,3
269,43,3
269,60,5
269,74,2
269,78,3
269,90,1
269,137,2
269,142,3
269,146,2
269,188,3
269,210,4
269,212,1
269,222,3
269,229,3
269,233,1
269,243,3
269,250,2
269,252,3
269,269,4
269,270,4
269,273,3
270,8,3
270,24,3
270,27,1
270,33,3
270,34,5
270,36,3
270,39,3
270,40,3
270,43,3
270,57,5
270,59,3
270,60,5
270,61,3
270,64,5
270,66,2
270,72,1
270,74,1
270,78,1
270,79,3
270,85,3
270,90,3
270,93,5
270,108,5
270,111,3
270,128,3
270,129,4
270,136,1
270,137,3
270,142,5
270,145,1
270,147,1
270,148,4
270,153,5
270,157,4
270,160,3
270,171,3
270,175,5
270,179,1
270,186,3
270,188,1
270,192,3
270,208,5
270,217,1
270,218,5
270,220,1
270,221,2
270,228,5
270,229,3
270,233,1
270,236,5
270,244,5
270,246,5
270,250,3
270,252,1
270,254,5
270,261,5
270,262,5
270,269,1
271,24,5
271,34,5
271,41,3
271,61,3
271,72,1
271,74,5
271,78,5
271,122,3
271,124,1
271,146,1
271,178,1
271,188,1
271,192,5
271,197,5
271,217,5
271,226,1
271,234,1
271,236,3
271,250,5
271,262,3
271,270,3
272,6,3
272,7,3
272,8,4
272,10,5
272,24,4
272,25,5
272,29,1
272,34,5
272,38,5
272,39,5
272,41,5
272,43,5
272,45,3
272,47,5
272,49,4
272,54,4
272,57,5
272,59,4
272,61,5
272,74,3
272,75,3
272,78,3
272,86,1
272,88,1
272,102,5
272,103,3
272,110,5
272,121,5
272,142,5
272,146,1
272,155,1
272,157,1
272,169,3
272,171,5
272,174,3
272,176,3
272,185,1
272,188,2
272,191,5
272,192,4
272,198,3
272,204,3
272,210,5
272,214,5
272,216,5
272,218,3
272,221,3
272,236,3
272,250,1
272,252,5
272,255,3
273,20,3
273,43,5
273,61,1
273,86,1
273,122,3
273,137,5
273,151,1
274,2,3
274,20,1
274,24,1
274,25,2
274,33,5
274,38,5
274,54,4
274,61,1
274,74,5
274,75,1
274,82,3
274,93,3
274,100,1
274,121,5
274,157,3
274,171,3
274,176,3
274,188,2
274,198,1
274,208,3
274,212,3
274,217,1
274,243,3
274,250,3
274,255,3
274,259,1
274,262,2
274,263,3
274,269,1
275,20,3
275,21,1
275,25,4
275,33,4
275,41,5
275,43,1
275,46,1
275,54,3
275,61,3
275,74,1
275,78,1
275,80,1
275,84,3
275,88,3
275,93,5
275,94,1
275,103,3
275,118,1
275,121,5
275,137,3
275,142,3
275,146,3
275,148,3
275,152,1
275,153,5
275,157,3
275,169,5
275,171,3
275,172,3
275,173,3
275,188,1
275,192,5
275,210,1
275,214,3
275,217,1
275,229,1
275,236,1
275,238,3
275,247,5
275,250,2
275,252,2
275,255,3
275,260,5
275,262,3
275,269,5
275,273,3
276,14,3
276,40,5
276,74,1
276,78,3
276,87,3
276,105,1
276,137,5
276,142,3
276,157,3
276,176,5
276,186,2
276,192,5
276,196,1
276,252,3
277,25,1
277,36,3
277,38,3
277,41,5
277,43,3
277,54,3
277,61,5
277,64,3
277,74,1
277,78,4
277,93,3
277,142,5
277,146,3
277,171,3
277,188,2
277,191,1
277,220,3
277,224,3
277,269,5
278,41,3
278,61,3
278,78,3
278,93,5
278,142,3
278,217,3
278,236,3
278,270,3
279,6,3
279,8,3
279,14,1
279,20,3
279,28,3
279,45,3
279,59,3
279,74,1
279,75,3
279,78,3
279,79,5
279,115,3
279,136,3
279,145,3
279,146,2
279,149,3
279,152,3
279,171,1
279,178,1
279,188,3
279,192,3
279,210,3
279,215,1
279,220,3
279,255,5
279,262,3
279,268,5
279,269,3
280,20,1
280,34,4
280,61,3
280,62,4
280,77,4
280,78,3
280,85,5
280,124,4
280,157,3
280,169,5
280,171,3
280,187,4
280,188,4
280,191,5
280,232,1
280,234,4
280,252,5
280,263,4
280,269,1
281,4,5
281,13,5
281,25,3
281,45,3
281,46,1
281,61,2
281,73,5
281,74,1
281,78,1
281,87,1
281,94,1
281,143,2
281,146,2
281,161,3
281,163,3
281,168,5
281,173,5
281,188,2
281,192,5
281,197,3
281,215,3
281,217,1
281,220,5
281,230,5
281,252,3
281,262,5
282,38,5
282,41,5
282,42,5
282,43,5
282,60,5
282,61,3
282,72,5
282,74,5
282,78,5
282,146,3
282,169,5
282,171,3
282,192,3
282,208,5
282,210,1
282,216,3
283,1,3
283,2,5
283,8,3
283,16,5
283,24,4
283,25,3
283,26,1
283,28,4
283,35,1
283,38,5
283,40,5
283,41,1
283,44,3
283,61,1
283,64,3
283,75,2
283,77,1
283,78,1
283,81,1
283,87,1
283,88,5
283,89,5
283,90,1
283,93,4
283,94,1
283,103,1
283,108,5
283,109,3
283,116,5
283,131,3
283,137,5
283,176,5
283,181,2
283,182,3
283,184,3
283,186,3
283,188,4
283,191,1
283,192,5
283,217,4
283,218,3
283,230,1
283,240,1
283,241,1
283,246,5
283,252,4
283,257,5
283,262,4
283,269,3
283,274,3
284,7,1
284,37,3
284,38,2
284,40,3
284,41,2
284,43,3
284,59,3
284,61,3
284,64,5
284,74,3
284,78,1
284,81,3
284,82,4
284,93,5
284,101,3
284,102,3
284,105,1
284,111,3
284,128,3
284,129,5
284,130,3
284,142,3
284,146,3
284,157,3
284,171,2
284,174,3
284,188,3
284,192,3
284,210,1
284,216,3
284,217,3
284,229,3
284,243,4
284,250,3
284,255,3
284,262,3
284,268,3
285,17,1
285,23,3
285,24,3
285,30,3
285,33,3
285,34,5
285,38,3
285,39,5
285,41,1
285,54,4
285,57,5
285,59,5
285,60,5
285,61,3
285,66,1
285,72,1
285,74,1
285,78,2
285,79,3
285,93,5
285,121,1
285,124,1
285,137,1
285,140,5
285,142,3
285,146,3
285,149,1
285,160,3
285,164,5
285,171,1
285,175,5
285,179,1
285,188,1
285,191,5
285,192,3
285,202,3
285,210,1
285,217,4
285,218,5
285,220,1
285,229,1
285,236,4
285,246,5
285,252,1
285,257,1
285,258,3
285,259,1
285,262,3
285,269,1
285,271,4
286,31,1
286,36,3
286,41,5
286,43,1
286,45,5
286,46,1
286,59,5
286,61,1
286,72,5
286,74,3
286,78,2
286,85,5
286,93,5
286,100,1
286,105,1
286,121,1
286,124,1
286,130,1
286,138,5
286,146,3
286,176,5
286,188,3
286,192,5
286,195,1
286,197,3
286,208,5
286,210,1
286,214,1
286,217,5
286,229,1
286,250,2
286,252,3
286,262,1
287,34,1
287,43,1
287,45,5
287,61,1
287,65,1
287,75,1
287,78,3
287,89,3
287,134,5
287,137,5
287,142,4
287,146,3
287,176,5
287,188,1
287,217,1
287,218,5
287,222,3
287,250,5
287,259,1
287,269,1
288,20,1
288,30,3
288,38,3
288,41,3
288,43,1
288,74,1
288,78,3
288,98,3
288,146,3
288,147,3
288,157,3
288,169,3
288,171,3
288,173,1
288,174,3
288,185,3
288,188,3
288,192,5
288,196,1
288,198,1
288,211,1
288,217,5
288,220,1
288,236,3
288,245,1
288,252,5
288,262,3
288,263,3
288,265,3
288,269,5
289,7,3
289,27,5
289,28,4
289,37,3
289,41,1
289,43,3
289,61,3
289,74,3
289,75,3
289,78,4
289,83,3
289,92,1
289,126,4
289,129,4
289,142,3
289,145,3
289,146,3
289,164,4
289,171,2
289,172,5
289,188,3
289,189,3
289,192,1
289,197,4
289,200,4
289,203,1
289,217,3
289,252,3
289,256,3
289,264,4
289,273,3
290,8,3
290,9,4
290,36,5
290,37,3
290,38,4
290,39,4
290,41,1
290,43,3
290,45,3
290,54,3
290,59,5
290,61,3
290,73,3
290,78,3
290,93,5
290,96,3
290,98,3
290,103,3
290,110,5
290,122,4
290,140,3
290,142,3
290,146,3
290,163,3
290,171,5
290,188,3
290,192,3
290,195,3
290,201,5
290,210,1
290,220,3
290,223,5
290,226,3
290,229,3
290,234,4
290,241,3
290,243,3
290,250,5
290,252,1
290,254,3
290,258,4
290,262,3
290,270,3
290,273,3
291,36,3
291,64,5
291,70,1
291,75,1
291,147,5
291,262,3
291,267,1
292,1,3
292,2,2
292,4,1
292,6,3
292,7,1
292,8,1
292,9,1
292,12,1
292,13,3
292,14,3
292,16,3
292,20,1
292,23,3
292,24,1
292,25,1
292,28,4
292,32,3
292,33,1
292,34,1
292,36,3
292,37,5
292,38,1
292,39,3
292,41,1
292,43,1
292,44,1
292,45,3
292,47,5
292,48,5
292,49,5
292,54,1
292,55,5
292,56,5
292,59,3
292,60,5
292,61,1
292,62,5
292,63,5
292,64,5
292,66,3
292,67,5
292,72,1
292,73,5
292,74,1
292,75,3
292,76,1
292,77,1
292,78,1
292,81,4
292,82,1
292,83,1
292,84,4
292,85,1
292,86,1
292,87,5
292,88,1
292,89,1
292,90,1
292,93,3
292,94,1
292,96,1
292,100,4
292,102,5
292,103,1
292,104,1
292,106,1
292,107,3
292,108,5
292,114,1
292,115,1
292,119,3
292,120,3
292,121,1
292,122,1
292,123,1
292,126,1
292,128,3
292,130,3
292,132,3
292,138,5
292,139,3
292,140,1
292,141,3
292,142,1
292,145,1
292,146,1
292,147,1
292,148,3
292,150,1
292,152,1
292,153,1
292,154,3
292,155,1
292,157,1
292,159,1
292,160,3
292,165,1
292,166,1
292,168,1
292,169,3
292,171,1
292,173,1
292,177,5
292,178,1
292,180,1
292,181,5
292,184,1
292,185,1
292,186,1
292,187,1
292,188,1
292,189,5
292,190,5
292,191,1
292,192,1
292,195,1
292,197,3
292,202,3
292,205,3
292,206,3
292,207,1
292,208,1
292,210,1
292,212,1
292,214,1
292,215,1
292,216,3
292,217,1
292,218,3
292,219,4
292,220,1
292,221,5
292,222,4
292,224,3
292,228,5
292,229,3
292,230,3
292,232,1
292,233,1
292,234,1
292,235,3
292,236,1
292,237,1
292,239,1
292,240,1
292,241,1
292,242,1
292,243,2
292,244,5
292,245,5
292,246,3
292,247,5
292,248,1
292,250,1
292,251,3
292,252,1
292,255,1
292,257,1
292,259,1
292,260,5
292,261,5
292,262,1
292,263,1
292,264,3
292,269,1
292,270,5
292,273,1
293,2,3
293,8,1
293,23,3
293,25,5
293,26,4
293,27,1
293,28,4
293,31,3
293,34,5
293,38,5
293,40,3
293,41,3
293,43,5
293,49,3
293,57,5
293,59,5
293,60,5
293,61,3
293,74,4
293,75,2
293,77,5
293,78,3
293,80,1
293,81,1
293,83,5
293,92,3
293,103,1
293,117,3
293,118,1
293,129,3
293,136,5
293,138,5
293,140,1
293,142,3
293,146,2
293,147,1
293,148,1
293,151,1
293,152,1
293,155,4
293,164,5
293,166,3
293,168,3
293,169,3
293,171,1
293,172,3
293,182,4
293,184,1
293,188,1
293,191,3
293,192,1
293,195,5
293,197,3
293,199,5
293,210,1
293,214,5
293,216,3
293,217,3
293,218,3
293,219,1
293,220,3
293,226,1
293,230,3
293,250,3
293,258,3
293,260,5
293,262,3
293,273,5
294,4,4
294,6,3
294,7,1
294,15,3
294,19,1
294,40,3
294,41,3
294,49,2
294,59,4
294,60,5
294,61,3
294,74,1
294,77,3
294,78,3
294,82,3
294,92,1
294,94,1
294,100,3
294,142,3
294,146,3
294,151,1
294,171,3
294,184,3
294,188,1
294,190,3
294,208,5
294,214,5
294,216,1
294,243,1
294,246,5
294,250,1
294,252,5
294,258,4
294,262,3
295,15,4
295,41,3
295,43,5
295,81,3
295,142,3
295,188,1
295,193,5
295,197,4
295,269,5
296,36,5
296,41,3
296,78,3
296,191,5
296,217,5
296,218,4
296,220,3
296,224,3
296,240,3
296,252,3
296,260,5
297,23,3
297,24,5
297,38,3
297,46,3
297,61,3
297,78,3
297,140,3
297,142,3
297,146,3
297,157,3
297,163,3
297,171,1
297,188,3
297,210,3
297,215,3
297,229,1
297,250,3
297,262,3
297,270,3
298,43,5
298,61,3
298,78,3
298,146,1
298,188,1
298,210,1
298,252,3
299,56,5
299,61,4
299,66,5
299,74,3
299,78,3
299,146,3
299,171,3
299,233,1
299,250,5
300,5,3
300,37,3
300,43,5
300,59,5
300,61,3
300,157,3
300,163,3
300,165,1
300,185,4
300,236,1
300,250,5
301,37,3
301,41,3
301,43,3
301,61,3
301,74,3
301,78,3
301,79,5
301,82,3
301,84,1
301,96,5
301,101,5
301,126,3
301,142,3
301,145,5
301,210,1
301,217,1
301,220,3
301,243,3
301,250,3
301,255,3
301,262,3
301,273,5
302,20,3
302,24,5
302,33,5
302,34,5
302,36,5
302,38,3
302,39,5
302,41,3
302,43,5
302,60,1
302,61,2
302,74,4
302,78,5
302,93,5
302,100,3
302,103,3
302,122,1
302,130,5
302,134,5
302,143,5
302,146,1
302,152,3
302,160,5
302,162,1
302,166,1
302,187,5
302,188,1
302,191,5
302,192,5
302,193,1
302,196,1
302,210,1
302,214,5
302,216,3
302,226,1
302,243,3
302,250,5
302,251,5
302,252,3
302,271,5
302,273,3
303,34,3
303,41,3
303,61,5
303,72,1
303,74,4
303,75,3
303,78,1
303,87,1
303,91,5
303,129,4
303,186,3
303,188,3
303,191,3
303,217,5
303,220,1
303,224,3
303,229,5
303,237,5
303,257,5
303,269,5
304,13,3
304,18,1
304,20,1
304,22,3
304,23,3
304,24,1
304,37,3
304,41,3
304,52,3
304,53,1
304,59,1
304,61,3
304,68,3
304,74,3
304,75,3
304,78,1
304,83,1
304,85,1
304,93,3
304,101,3
304,111,3
304,117,1
304,123,3
304,146,3
304,148,5
304,152,3
304,154,2
304,158,3
304,161,1
304,166,1
304,168,5
304,170,5
304,188,3
304,192,3
304,197,5
304,203,1
304,220,5
304,234,3
304,238,5
304,250,5
304,252,3
304,256,1
304,262,3
304,269,1
304,273,5
305,2,5
305,4,5
305,5,1
305,13,1
305,23,3
305,25,3
305,30,3
305,31,1
305,34,3
305,36,3
305,37,3
305,38,1
305,39,5
305,40,3
305,41,1
305,42,3
305,43,1
305,45,3
305,50,3
305,53,1
305,54,3
305,56,5
305,59,3
305,61,1
305,62,1
305,64,5
305,66,3
305,68,3
305,73,5
305,74,3
305,75,3
305,78,1
305,80,1
305,84,1
305,85,1
305,88,1
305,92,1
305,93,1
305,94,1
305,98,1
305,101,3
305,102,3
305,111,3
305,115,3
305,120,3
305,122,3
305,138,3
305,139,5
305,141,5
305,142,3
305,146,1
305,150,5
305,157,1
305,159,4
305,160,3
305,165,1
305,168,3
305,169,3
305,171,3
305,172,3
305,174,4
305,184,5
305,188,1
305,189,5
305,192,2
305,197,1
305,201,2
305,205,3
305,208,5
305,210,1
305,212,1
305,214,1
305,216,3
305,217,1
305,218,3
305,220,3
305,221,5
305,223,3
305,224,3
305,226,3
305,228,5
305,230,5
305,233,5
305,234,1
305,235,5
305,236,1
305,242,5
305,245,1
305,246,5
305,247,5
305,250,3
305,252,1
305,255,3
305,259,1
305,261,5
305,262,3
305,269,1
305,270,5
305,273,3
306,8,2
306,9,3
306,12,5
306,27,1
306,28,4
306,37,5
306,43,5
306,45,4
306,61,2
306,74,3
306,146,5
306,174,5
306,188,3
306,192,5
306,220,3
306,228,1
306,236,3
306,241,5
306,250,2
306,270,3
306,273,3
307,25,5
307,33,3
307,41,4
307,43,5
307,57,1
307,61,1
307,64,5
307,74,1
307,77,3
307,78,1
307,101,5
307,129,3
307,137,5
307,142,3
307,146,4
307,171,3
307,176,5
307,188,1
307,217,3
307,218,3
307,225,1
307,252,4
307,264,3
308,1,3
308,2,5
308,5,3
308,6,1
308,8,1
308,24,4
308,25,3
308,26,1
308,28,4
308,33,3
308,34,3
308,35,1
308,36,3
308,38,3
308,40,5
308,41,1
308,43,3
308,44,3
308,47,3
308,49,1
308,54,3
308,59,3
308,61,1
308,64,3
308,74,3
308,75,2
308,77,1
308,78,1
308,80,5
308,81,1
308,85,1
308,88,5
308,90,1
308,93,4
308,95,5
308,96,5
308,103,1
308,109,3
308,116,5
308,123,3
308,124,1
308,128,3
308,131,3
308,135,1
308,137,3
308,152,3
308,153,5
308,154,3
308,157,3
308,162,1
308,171,4
308,181,2
308,182,3
308,184,3
308,186,3
308,188,1
308,191,1
308,192,3
308,214,1
308,216,3
308,217,4
308,218,3
308,220,1
308,225,5
308,226,3
308,230,1
308,240,1
308,241,1
308,243,1
308,250,1
308,252,3
308,257,5
308,262,3
308,269,3
308,270,5
308,271,1
308,274,3
309,2,3
309,24,3
309,29,1
309,33,3
309,34,1
309,36,3
309,38,3
309,40,3
309,41,1
309,43,1
309,45,3
309,61,3
309,66,2
309,72,5
309,74,3
309,78,2
309,93,5
309,101,3
309,105,1
309,108,5
309,129,4
309,137,5
309,142,3
309,144,3
309,146,1
309,160,3
309,171,3
309,172,3
309,176,5
309,179,1
309,184,1
309,185,1
309,186,3
309,188,1
309,192,3
309,195,1
309,205,4
309,209,1
309,217,3
309,221,5
309,234,1
309,250,1
309,252,3
309,257,3
309,259,1
309,262,3
309,269,1
310,2,3
310,16,5
310,34,4
310,38,5
310,41,1
310,43,5
310,61,3
310,74,5
310,78,3
310,90,1
310,93,4
310,100,5
310,102,3
310,108,3
310,123,4
310,137,3
310,138,5
310,146,4
310,159,1
310,160,5
310,169,5
310,188,1
310,192,3
310,196,1
310,197,4
310,200,5
310,217,3
310,220,1
310,224,5
310,228,3
310,248,5
310,252,1
310,261,5
310,269,5
311,36,5
311,41,3
311,78,3
311,191,5
311,217,5
311,218,4
311,220,3
311,224,3
311,240,3
311,252,3
311,260,5
312,6,3
312,21,3
312,33,3
312,41,2
312,43,1
312,48,3
312,59,5
312,61,1
312,74,2
312,75,2
312,78,1
312,89,5
312,111,3
312,139,2
312,146,3
312,152,5
312,171,3
312,188,2
312,192,5
312,195,3
312,197,1
312,200,3
312,207,5
312,208,2
312,210,3
312,215,5
312,220,5
312,250,3
312,252,1
312,255,4
312,273,5
313,30,3
313,41,5
313,57,1
313,72,1
313,78,3
313,100,3
313,157,3
313,170,5
313,171,3
313,173,1
313,229,1
313,236,3
313,252,3
313,255,5
313,269,5
314,2,3
314,5,3
314,8,2
314,23,3
314,27,1
314,36,5
314,37,5
314,38,3
314,41,3
314,43,5
314,45,4
314,48,5
314,54,1
314,57,1
314,59,2
314,61,2
314,64,2
314,66,5
314,69,4
314,74,2
314,77,1
314,78,3
314,82,3
314,86,3
314,87,1
314,88,1
314,100,4
314,103,4
314,105,5
314,126,3
314,137,5
314,142,3
314,146,3
314,151,3
314,152,3
314,157,3
314,158,3
314,171,1
314,188,3
314,192,4
314,194,5
314,206,5
314,210,1
314,214,3
314,215,5
314,216,3
314,217,1
314,229,3
314,236,3
314,243,3
314,250,2
314,252,3
314,255,3
314,262,3
314,268,3
315,8,1
315,13,5
315,16,5
315,25,4
315,27,1
315,38,5
315,40,5
315,41,3
315,43,5
315,64,5
315,74,3
315,75,1
315,78,2
315,118,1
315,126,3
315,129,5
315,159,1
315,169,5
315,171,3
315,176,5
315,187,5
315,188,5
315,260,5
315,262,5
316,25,3
316,36,1
316,72,1
316,159,1
316,184,1
316,216,5
316,217,5
316,230,5
316,257,5
316,259,5
316,262,5
317,30,3
317,36,5
317,38,4
317,61,3
317,74,3
317,75,1
317,78,3
317,94,1
317,127,1
317,146,3
317,171,5
317,192,3
317,220,3
317,234,3
318,25,2
318,38,3
318,41,5
318,45,3
318,61,3
318,74,3
318,78,3
318,82,4
318,99,5
318,124,1
318,139,3
318,142,5
318,146,3
318,152,1
318,157,3
318,181,5
318,188,3
318,190,1
318,192,3
318,197,3
318,199,3
318,210,1
318,212,3
318,234,1
318,235,5
318,250,3
318,262,3
319,13,5
319,25,3
319,38,3
319,39,5
319,41,3
319,43,3
319,59,2
319,64,5
319,74,3
319,75,1
319,78,1
319,87,5
319,89,5
319,103,1
319,120,3
319,136,5
319,142,5
319,146,1
319,150,3
319,157,2
319,171,3
319,178,1
319,185,1
319,188,3
319,192,3
319,197,5
319,218,3
319,223,3
319,229,5
319,241,3
319,250,3
319,251,3
319,268,5
319,273,3
320,38,5
320,74,5
320,88,1
320,93,5
320,171,3
320,217,3
320,236,5
320,244,1
320,262,3
321,9,3
321,39,3
321,41,5
321,61,3
321,78,5
321,93,5
321,129,3
321,142,3
321,146,1
321,151,1
321,157,1
321,173,5
321,176,5
321,195,3
321,210,1
321,216,3
321,217,1
321,222,3
321,238,5
321,241,1
321,262,3
321,270,3
322,8,2
322,10,5
322,13,5
322,19,4
322,25,2
322,34,2
322,36,5
322,40,4
322,41,3
322,43,2
322,59,2
322,61,1
322,68,4
322,73,2
322,74,2
322,75,3
322,78,2
322,82,4
322,87,3
322,100,3
322,103,2
322,105,2
322,108,2
322,113,2
322,118,2
322,125,3
322,129,4
322,132,4
322,146,2
322,183,1
322,188,2
322,190,3
322,192,2
322,202,1
322,208,5
322,209,4
322,217,3
322,218,3
322,220,2
322,224,4
322,225,1
322,236,4
322,238,5
322,248,4
322,250,2
322,252,2
322,262,4
322,269,5
322,270,4
323,2,3
323,7,3
323,8,2
323,9,3
323,12,3
323,20,1
323,24,1
323,30,3
323,33,3
323,38,3
323,40,3
323,41,3
323,43,3
323,44,3
323,57,5
323,59,3
323,61,3
323,63,3
323,72,3
323,74,1
323,75,5
323,77,3
323,78,1
323,84,3
323,86,4
323,87,1
323,88,1
323,124,4
323,130,1
323,138,5
323,142,3
323,146,4
323,157,1
323,163,3
323,168,3
323,171,3
323,178,1
323,180,5
323,185,1
323,186,1
323,188,3
323,191,3
323,192,3
323,210,3
323,214,5
323,216,3
323,217,3
323,220,3
323,229,1
323,241,3
323,250,3
323,252,1
323,257,3
323,259,1
323,262,1
323,269,3
323,270,3
323,271,3
323,274,5
324,7,1
324,23,5
324,41,3
324,61,3
324,78,3
324,103,3
324,113,3
324,136,5
324,142,1
324,177,2
324,188,4
324,197,5
324,227,4
324,250,3
324,252,3
324,263,5
325,2,3
325,16,5
325,34,4
325,38,5
325,41,1
325,43,5
325,61,3
325,74,5
325,75,2
325,78,3
325,90,1
325,93,4
325,100,5
325,102,3
325,108,3
325,118,1
325,123,4
325,137,3
325,138,5
325,146,4
325,159,1
325,160,5
325,169,5
325,188,1
325,196,1
325,197,4
325,200,5
325,217,3
325,220,1
325,224,5
325,228,3
325,248,5
325,252,1
325,261,5
325,273,5
326,2,3
326,10,5
326,11,1
326,14,3
326,16,5
326,20,1
326,23,5
326,26,4
326,33,3
326,34,5
326,38,3
326,40,3
326,41,3
326,44,1
326,49,3
326,57,4
326,59,3
326,61,1
326,64,3
326,72,3
326,74,3
326,75,3
326,77,1
326,78,1
326,86,5
326,89,3
326,93,5
326,96,5
326,100,1
326,103,3
326,119,3
326,124,1
326,126,3
326,129,1
326,130,3
326,132,5
326,142,3
326,145,3
326,146,3
326,157,1
326,167,1
326,168,3
326,171,3
326,172,3
326,173,3
326,178,1
326,184,1
326,185,3
326,186,4
326,187,5
326,188,1
326,192,1
326,195,1
326,197,4
326,201,2
326,206,1
326,210,3
326,216,3
326,217,1
326,226,3
326,228,3
326,229,1
326,236,4
326,242,1
326,243,4
326,244,3
326,245,5
326,250,1
326,252,3
326,256,3
326,262,3
326,269,3
326,273,3
326,274,3
327,2,3
327,4,5
327,37,5
327,40,5
327,41,1
327,43,3
327,55,5
327,56,5
327,57,5
327,61,1
327,62,5
327,74,3
327,78,3
327,93,4
327,94,1
327,102,3
327,106,5
327,121,1
327,123,4
327,145,5
327,146,5
327,148,5
327,159,1
327,162,5
327,169,3
327,185,1
327,188,3
327,197,4
327,200,5
327,208,5
327,217,1
327,220,1
327,224,5
327,234,3
327,243,1
327,248,5
327,250,1
327,252,3
327,269,1
327,272,3
328,10,5
328,17,1
328,21,1
328,25,5
328,30,3
328,37,5
328,38,3
328,42,5
328,43,5
328,54,4
328,59,4
328,61,3
328,74,3
328,78,2
328,82,3
328,86,5
328,93,1
328,102,4
328,116,5
328,130,3
328,139,3
328,142,3
328,146,3
328,152,4
328,160,5
328,180,1
328,186,2
328,188,3
328,192,3
328,195,3
328,197,5
328,217,3
328,220,3
328,252,3
328,255,5
328,259,1
328,262,3
328,269,5
328,273,3
329,1,5
329,16,5
329,23,1
329,34,3
329,59,5
329,61,1
329,75,2
329,78,5
329,129,1
329,159,1
329,178,3
329,179,1
329,188,3
329,197,5
329,217,5
329,234,3
329,250,5
329,255,3
330,2,3
330,8,1
330,10,5
330,20,4
330,22,3
330,25,5
330,33,3
330,34,5
330,36,5
330,38,3
330,39,5
330,41,1
330,43,5
330,54,3
330,61,1
330,64,5
330,72,3
330,74,5
330,78,3
330,82,3
330,89,5
330,93,3
330,96,3
330,102,3
330,103,3
330,105,5
330,108,4
330,119,3
330,123,3
330,130,3
330,132,5
330,134,5
330,137,5
330,141,5
330,142,3
330,146,3
330,157,5
330,161,3
330,169,3
330,171,3
330,172,3
330,187,1
330,188,2
330,192,2
330,197,1
330,198,5
330,200,5
330,205,5
330,206,5
330,212,4
330,217,2
330,221,5
330,226,3
330,228,5
330,229,1
330,231,5
330,234,3
330,235,5
330,236,3
330,237,1
330,243,5
330,250,3
330,252,3
330,255,3
330,259,1
330,273,1
331,25,3
331,27,5
331,36,5
331,38,3
331,41,3
331,60,5
331,61,3
331,74,3
331,78,3
331,87,3
331,108,5
331,114,5
331,116,5
331,137,5
331,146,3
331,171,3
331,176,5
331,188,2
331,217,3
331,233,1
331,261,5
331,263,5
332,5,3
332,8,1
332,20,1
332,23,3
332,27,1
332,34,3
332,36,1
332,41,3
332,43,5
332,45,1
332,52,3
332,57,5
332,61,3
332,64,3
332,74,3
332,75,3
332,77,1
332,78,1
332,81,1
332,86,1
332,87,1
332,88,1
332,94,1
332,119,3
332,127,1
332,129,1
332,130,5
332,142,3
332,146,1
332,157,1
332,159,3
332,167,5
332,186,2
332,188,3
332,191,3
332,192,3
332,195,1
332,197,1
332,210,3
332,214,1
332,217,1
332,220,3
332,221,3
332,225,3
332,226,3
332,228,2
332,230,3
332,234,3
332,243,3
332,252,1
332,259,1
332,260,3
332,262,3
332,269,1
332,270,3
332,271,1
333,13,5
333,33,3
333,64,3
333,100,3
333,112,1
333,116,5
333,136,5
333,138,5
333,171,3
333,186,3
333,188,4
333,191,3
333,217,4
333,236,1
333,252,4
333,269,3
333,270,3
334,19,3
334,23,5
334,61,3
334,74,3
334,101,1
334,135,5
334,146,3
334,168,3
334,185,3
334,188,1
334,195,3
334,211,1
334,214,3
334,226,3
334,252,3
334,253,3
335,2,3
335,7,1
335,8,1
335,13,5
335,19,3
335,20,1
335,28,4
335,30,3
335,34,3
335,35,3
335,36,3
335,41,3
335,43,1
335,44,3
335,49,5
335,51,1
335,54,3
335,56,1
335,59,3
335,61,3
335,67,5
335,74,3
335,75,1
335,77,3
335,78,1
335,81,4
335,86,3
335,89,3
335,91,5
335,93,5
335,96,3
335,101,1
335,103,3
335,107,3
335,115,3
335,121,5
335,122,1
335,123,3
335,124,3
335,125,5
335,129,1
335,131,3
335,138,5
335,142,3
335,145,1
335,146,3
335,150,5
335,151,3
335,153,1
335,154,3
335,155,1
335,157,3
335,162,1
335,165,1
335,168,4
335,171,4
335,173,5
335,176,3
335,181,5
335,184,3
335,185,3
335,186,1
335,188,3
335,191,1
335,192,3
335,196,1
335,197,5
335,207,1
335,208,5
335,210,1
335,212,1
335,214,1
335,216,3
335,217,1
335,220,1
335,225,3
335,226,1
335,228,5
335,230,1
335,231,5
335,235,3
335,240,3
335,243,1
335,244,1
335,250,3
335,252,5
335,256,4
335,259,1
335,260,5
335,262,3
335,263,3
335,269,4
336,7,3
336,9,3
336,12,3
336,13,3
336,16,5
336,20,1
336,24,5
336,27,3
336,31,3
336,41,3
336,59,5
336,61,3
336,72,3
336,74,3
336,78,3
336,87,1
336,93,3
336,94,1
336,122,1
336,124,1
336,129,4
336,130,5
336,141,5
336,146,3
336,147,1
336,171,3
336,172,3
336,173,5
336,174,3
336,176,5
336,188,1
336,192,3
336,195,1
336,196,1
336,199,1
336,201,3
336,210,1
336,217,1
336,220,3
336,222,3
336,224,4
336,226,3
336,233,1
336,235,3
336,237,1
336,250,1
336,252,3
336,255,3
336,259,3
336,261,5
336,262,3
336,263,5
336,267,5
336,269,1
336,271,1
337,1,1
337,8,5
337,11,4
337,25,3
337,26,3
337,28,3
337,36,5
337,37,5
337,38,3
337,39,5
337,41,4
337,43,5
337,47,5
337,63,5
337,64,5
337,71,1
337,72,3
337,73,5
337,75,3
337,78,2
337,83,5
337,95,1
337,96,3
337,102,3
337,103,3
337,145,1
337,146,1
337,159,1
337,169,3
337,171,5
337,176,5
337,188,1
337,192,3
337,197,5
337,217,3
337,225,3
337,229,3
337,238,5
337,240,1
337,252,1
337,257,3
337,259,5
337,261,5
337,262,3
338,4,5
338,21,3
338,25,5
338,34,2
338,36,1
338,37,5
338,43,3
338,57,3
338,59,5
338,61,1
338,74,2
338,78,3
338,82,3
338,87,1
338,93,1
338,102,5
338,111,3
338,116,5
338,129,3
338,130,3
338,134,5
338,138,5
338,139,5
338,140,3
338,142,5
338,146,1
338,160,5
338,169,5
338,171,3
338,181,5
338,186,1
338,188,1
338,192,1
338,197,5
338,201,5
338,216,3
338,218,4
338,220,1
338,236,3
338,237,3
338,250,3
338,252,1
338,253,3
338,255,5
338,259,1
338,270,3
339,41,5
339,61,3
339,78,1
339,146,3
339,234,3
339,236,5
339,250,3
340,4,5
340,25,2
340,27,5
340,38,3
340,41,3
340,61,5
340,74,2
340,90,1
340,93,3
340,102,5
340,104,5
340,146,2
340,184,2
340,188,1
340,194,1
340,218,3
340,220,2
340,229,1
340,230,5
341,20,1
341,62,5
341,78,3
341,85,1
341,152,3
341,154,1
341,163,3
341,232,1
341,269,1
342,36,5
342,66,3
342,166,1
342,190,1
342,195,1
342,211,1
342,214,3
343,15,4
343,16,5
343,74,3
343,78,5
343,116,5
343,187,5
343,188,3
343,197,4
343,236,3
343,241,1
343,269,5
344,6,3
344,37,3
344,39,3
344,41,4
344,43,1
344,46,4
344,61,4
344,74,1
344,76,4
344,78,4
344,93,5
344,132,1
344,142,1
344,146,5
344,160,5
344,169,3
344,171,5
344,188,4
344,189,4
344,192,4
344,203,1
344,205,5
344,214,1
344,217,3
344,220,4
344,221,3
344,248,4
344,255,3
344,259,1
344,262,4
344,273,1
345,31,3
345,61,3
345,78,5
345,124,1
345,146,3
345,154,3
345,170,5
345,188,3
345,215,3
345,220,5
345,250,5
345,252,5
345,268,5
346,2,3
346,5,3
346,8,1
346,19,2
346,23,1
346,36,3
346,37,3
346,38,3
346,41,1
346,43,3
346,57,5
346,59,5
346,61,2
346,64,1
346,67,5
346,74,1
346,75,1
346,78,1
346,81,1
346,82,5
346,93,5
346,94,1
346,102,2
346,122,3
346,125,3
346,137,2
346,142,3
346,146,3
346,150,3
346,168,3
346,170,5
346,171,3
346,176,5
346,180,3
346,184,1
346,186,3
346,188,1
346,192,1
346,197,3
346,207,1
346,208,5
346,217,3
346,220,3
346,227,4
346,229,5
346,236,4
346,237,1
346,250,2
346,252,3
346,259,5
346,261,5
346,262,1
346,269,5
346,273,3
347,25,3
347,27,5
347,36,5
347,38,3
347,41,3
347,60,5
347,61,3
347,74,3
347,78,3
347,87,3
347,105,5
347,108,5
347,114,5
347,116,5
347,137,5
347,146,3
347,171,3
347,176,5
347,188,2
347,217,3
347,218,5
347,220,1
347,233,1
347,261,5
347,263,5
348,36,3
348,38,5
348,60,5
348,64,5
348,78,3
348,116,1
348,146,3
348,191,5
348,262,3
348,269,3
349,2,3
349,13,1
349,21,3
349,23,5
349,25,5
349,33,5
349,34,3
349,37,3
349,39,5
349,41,3
349,43,1
349,46,3
349,51,5
349,56,5
349,61,5
349,74,1
349,78,1
349,84,1
349,86,1
349,92,1
349,93,3
349,107,1
349,129,3
349,138,5
349,140,3
349,146,5
349,152,1
349,160,5
349,168,1
349,170,5
349,173,5
349,177,5
349,178,1
349,184,3
349,185,1
349,186,1
349,187,1
349,188,3
349,192,1
349,199,1
349,203,5
349,205,1
349,207,3
349,210,5
349,218,3
349,220,5
349,221,5
349,222,3
349,252,5
349,256,1
349,259,1
349,261,5
349,262,3
349,269,1
349,273,4
350,27,1
350,38,3
350,41,1
350,74,3
350,78,1
350,87,3
350,88,1
350,95,1
350,121,5
350,122,5
350,146,1
350,157,1
350,171,3
350,185,3
350,210,1
350,217,1
350,230,3
350,243,3
350,250,3
350,252,3
350,254,5
350,255,5
350,269,1
350,273,5
351,25,3
351,41,1
351,78,5
351,188,3
351,192,3
351,217,3
351,223,3
351,255,5
352,61,3
352,62,1
352,78,4
352,217,1
352,220,3
352,236,3
352,262,3
353,2,5
353,8,3
353,24,5
353,25,5
353,27,1
353,29,1
353,33,3
353,38,3
353,40,3
353,43,5
353,51,5
353,57,5
353,59,5
353,60,5
353,61,1
353,62,5
353,74,3
353,78,1
353,83,5
353,92,1
353,100,5
353,118,1
353,130,4
353,142,5
353,146,5
353,148,1
353,153,1
353,160,5
353,168,5
353,171,1
353,173,3
353,182,5
353,185,1
353,188,3
353,192,3
353,197,5
353,210,1
353,213,3
353,214,1
353,217,1
353,229,1
353,234,3
353,244,1
353,252,5
353,259,1
353,260,5
353,261,5
353,265,3
354,2,3
354,8,1
354,12,4
354,13,1
354,14,4
354,20,5
354,24,4
354,27,1
354,33,4
354,38,3
354,40,3
354,41,2
354,43,3
354,44,2
354,46,1
354,52,3
354,56,5
354,61,1
354,69,2
354,71,5
354,72,1
354,74,3
354,75,1
354,77,3
354,78,1
354,86,1
354,87,1
354,93,5
354,100,3
354,105,1
354,106,1
354,112,1
354,114,3
354,126,1
354,130,5
354,132,4
354,136,5
354,145,1
354,146,1
354,152,3
354,155,3
354,157,1
354,161,4
354,164,5
354,167,1
354,168,3
354,171,3
354,174,3
354,177,5
354,181,5
354,183,3
354,184,4
354,185,1
354,186,3
354,187,1
354,188,1
354,189,3
354,192,2
354,193,1
354,210,1
354,212,4
354,214,3
354,215,1
354,217,3
354,218,5
354,229,1
354,230,3
354,235,1
354,250,3
354,252,4
354,262,3
354,269,1
354,271,1
355,2,3
355,38,3
355,43,1
355,54,4
355,74,1
355,78,5
355,169,5
355,176,5
355,222,3
355,250,5
355,252,3
355,259,1
356,2,3
356,16,5
356,21,3
356,37,3
356,38,3
356,41,1
356,43,1
356,56,5
356,59,3
356,61,3
356,69,3
356,73,3
356,74,3
356,75,3
356,77,1
356,78,1
356,80,5
356,84,3
356,90,4
356,93,3
356,98,4
356,103,1
356,107,3
356,111,4
356,119,3
356,122,3
356,130,3
356,136,5
356,137,3
356,146,1
356,157,3
356,171,5
356,185,1
356,188,3
356,192,1
356,195,1
356,200,5
356,207,1
356,210,1
356,214,1
356,216,3
356,225,1
356,239,1
356,249,5
356,250,1
356,260,5
356,262,3
356,269,1
356,270,5
356,271,1
357,74,4
357,188,4
357,192,3
357,217,3
357,250,1
357,252,3
357,262,3
358,10,1
358,25,5
358,37,5
358,43,3
358,61,1
358,75,3
358,78,3
358,105,5
358,146,5
358,176,5
358,188,3
358,191,5
358,192,1
358,195,1
358,259,1
359,25,5
359,37,3
359,41,4
359,74,5
359,78,3
359,121,1
359,148,3
359,252,5
359,262,3
359,269,5
360,34,2
360,36,2
360,41,2
360,60,5
360,74,1
360,78,2
360,104,5
360,151,1
360,171,2
360,188,2
360,206,5
360,220,2
360,235,5
360,241,1
360,252,2
360,269,5
361,2,3
361,16,5
361,20,1
361,34,5
361,36,5
361,40,3
361,41,1
361,43,3
361,45,1
361,46,1
361,55,5
361,57,1
361,71,1
361,72,5
361,74,3
361,75,1
361,78,3
361,81,1
361,83,4
361,88,1
361,93,4
361,102,3
361,103,1
361,105,5
361,122,5
361,123,4
361,127,1
361,130,2
361,146,3
361,147,3
361,148,5
361,157,1
361,159,1
361,164,4
361,168,3
361,169,3
361,171,4
361,184,1
361,188,1
361,192,1
361,197,4
361,200,5
361,212,3
361,217,3
361,220,1
361,224,5
361,242,4
361,244,5
361,248,5
361,252,1
361,256,1
361,261,5
361,269,1
361,270,5
361,272,3
362,8,1
362,13,5
362,25,5
362,27,5
362,39,3
362,40,3
362,41,5
362,43,5
362,59,3
362,68,3
362,72,1
362,74,5
362,75,2
362,78,5
362,90,1
362,93,5
362,130,3
362,171,3
362,184,2
362,188,1
362,191,2
362,210,1
362,217,5
362,262,3
362,269,5
362,273,5
363,43,3
363,74,2
363,78,3
363,146,3
363,169,5
363,210,3
363,252,3
363,270,3
364,2,3
364,10,1
364,16,5
364,34,5
364,37,5
364,38,3
364,40,5
364,41,1
364,43,5
364,44,5
364,45,1
364,59,3
364,61,3
364,73,5
364,78,2
364,79,3
364,93,4
364,94,1
364,102,3
364,107,4
364,110,1
364,118,1
364,123,4
364,124,1
364,129,1
364,146,3
364,148,5
364,157,3
364,159,1
364,169,3
364,172,5
364,184,1
364,188,1
364,192,1
364,197,4
364,200,5
364,215,2
364,217,3
364,220,1
364,224,5
364,233,1
364,248,5
364,252,4
364,261,5
364,263,5
364,269,4
364,272,3
365,41,3
365,61,3
365,64,4
365,74,3
365,78,3
365,136,5
365,188,3
365,191,5
365,197,3
365,220,3
365,261,5
365,269,5
366,1,1
366,2,5
366,8,1
366,9,3
366,20,1
366,24,4
366,25,3
366,26,1
366,28,4
366,34,5
366,35,1
366,36,3
366,38,1
366,40,3
366,41,1
366,43,3
366,44,1
366,49,3
366,51,5
366,59,5
366,61,1
366,64,3
366,69,1
366,72,3
366,74,1
366,75,2
366,77,1
366,78,1
366,81,1
366,86,1
366,88,5
366,90,1
366,93,4
366,103,3
366,107,3
366,108,5
366,109,3
366,112,1
366,116,5
366,131,3
366,137,5
366,142,1
366,145,1
366,146,1
366,149,3
366,152,3
366,153,5
366,157,3
366,159,3
366,168,5
366,171,2
366,172,3
366,173,1
366,175,3
366,181,2
366,182,3
366,184,1
366,186,3
366,188,1
366,191,1
366,192,3
366,195,1
366,197,1
366,207,1
366,210,1
366,214,5
366,217,1
366,218,3
366,224,1
366,230,1
366,236,5
366,240,1
366,241,1
366,242,1
366,243,1
366,250,1
366,252,3
366,255,3
366,257,5
366,259,1
366,262,3
366,263,5
366,264,3
366,268,5
366,274,3
367,37,3
367,74,3
367,110,5
367,142,3
367,148,3
367,171,3
367,218,3
367,262,4
368,2,3
368,6,4
368,8,1
368,10,1
368,23,5
368,25,5
368,28,4
368,30,4
368,32,1
368,36,1
368,37,3
368,38,1
368,39,3
368,41,3
368,43,1
368,50,3
368,51,5
368,56,5
368,57,5
368,59,5
368,61,1
368,64,5
368,74,1
368,75,1
368,77,1
368,78,1
368,81,1
368,82,5
368,83,3
368,85,1
368,86,3
368,87,1
368,88,1
368,93,3
368,94,1
368,104,3
368,109,3
368,112,1
368,115,3
368,122,1
368,123,1
368,125,3
368,126,3
368,129,5
368,130,1
368,132,5
368,133,5
368,137,3
368,141,1
368,146,1
368,150,1
368,157,1
368,165,1
368,167,3
368,168,4
368,169,5
368,170,5
368,171,3
368,173,1
368,174,5
368,177,5
368,184,1
368,186,1
368,188,1
368,191,1
368,192,1
368,195,3
368,197,5
368,200,5
368,202,5
368,205,3
368,208,5
368,212,1
368,213,3
368,217,1
368,218,3
368,220,1
368,221,5
368,223,5
368,234,1
368,236,3
368,238,5
368,241,1
368,243,1
368,250,1
368,252,4
368,255,5
368,256,3
368,259,1
368,260,4
368,262,3
368,269,1
368,270,3
368,273,3
369,37,3
369,74,5
369,76,3
369,87,1
369,142,3
369,176,5
369,188,5
369,204,5
369,217,3
369,250,1
369,252,3
369,255,5
370,4,3
370,74,1
370,142,3
370,146,5
370,176,5
370,187,5
370,188,5
370,212,3
370,218,3
370,250,3
370,262,4
370,273,5
371,8,1
371,12,3
371,20,5
371,23,3
371,26,4
371,27,1
371,34,5
371,41,5
371,59,1
371,61,1
371,68,3
371,73,1
371,74,1
371,75,1
371,76,1
371,77,3
371,78,3
371,83,4
371,85,4
371,93,5
371,103,1
371,112,1
371,118,3
371,122,1
371,141,3
371,142,3
371,145,3
371,146,4
371,152,3
371,157,5
371,166,1
371,171,3
371,172,3
371,188,4
371,191,3
371,192,5
371,202,3
371,206,3
371,210,1
371,212,1
371,214,5
371,216,3
371,219,5
371,229,3
371,234,1
371,235,5
371,241,1
371,249,1
371,252,5
371,257,1
371,259,1
371,262,3
371,269,5
372,46,5
372,61,3
372,64,5
372,74,4
372,75,3
372,78,3
372,122,3
372,146,1
372,171,3
372,192,3
372,217,1
372,234,3
372,250,1
372,259,1
373,2,3
373,9,3
373,37,3
373,41,3
373,61,1
373,64,4
373,66,5
373,74,5
373,75,1
373,78,3
373,87,1
373,138,5
373,141,3
373,142,3
373,146,1
373,157,3
373,171,3
373,185,3
373,192,3
373,220,5
373,252,3
373,273,3
373,275,1
374,3,1
374,16,3
374,25,3
374,38,3
374,58,2
374,61,3
374,72,5
374,74,5
374,116,5
374,157,3
374,169,3
374,171,3
374,187,5
374,188,3
374,217,4
374,252,4
374,262,3
374,269,5
374,273,3
375,13,5
375,20,4
375,25,5
375,34,5
375,36,5
375,38,3
375,40,5
375,41,3
375,42,5
375,43,4
375,54,4
375,59,3
375,61,1
375,64,5
375,74,1
375,78,1
375,86,3
375,93,3
375,102,4
375,103,1
375,106,3
375,122,5
375,130,5
375,136,5
375,138,5
375,146,1
375,157,2
375,169,3
375,171,5
375,177,2
375,188,1
375,195,1
375,197,3
375,205,1
375,217,1
375,218,3
375,220,5
375,224,3
375,225,1
375,236,3
375,250,5
375,251,3
375,252,5
375,255,5
375,258,3
375,262,3
375,268,3
375,269,5
375,273,3
375,274,5
376,13,3
376,20,1
376,24,5
376,37,4
376,38,1
376,41,3
376,42,5
376,43,1
376,46,1
376,52,3
376,60,5
376,61,1
376,62,5
376,64,5
376,72,5
376,74,1
376,77,3
376,78,3
376,82,3
376,89,1
376,90,3
376,93,1
376,96,5
376,108,5
376,115,3
376,137,5
376,140,3
376,141,5
376,146,1
376,155,3
376,171,3
376,172,3
376,175,5
376,178,5
376,186,1
376,188,3
376,192,1
376,205,5
376,216,3
376,217,5
376,218,3
376,220,1
376,231,5
376,237,1
376,250,1
376,252,3
376,259,1
376,260,3
376,262,4
376,273,3
377,41,5
377,54,4
377,74,3
377,78,5
377,89,1
377,98,3
377,132,3
377,146,4
377,152,3
377,168,3
377,170,5
377,171,1
377,188,4
377,192,4
377,214,3
377,217,5
377,252,4
377,253,3
377,256,1
377,262,3
377,263,5
377,269,5
378,2,3
378,7,4
378,8,4
378,18,1
378,20,1
378,21,5
378,23,1
378,27,4
378,33,3
378,39,3
378,41,1
378,43,3
378,45,1
378,52,1
378,57,1
378,59,3
378,61,3
378,64,4
378,72,5
378,74,3
378,78,1
378,89,5
378,94,4
378,113,3
378,142,3
378,146,4
378,148,5
378,154,4
378,157,3
378,161,1
378,170,1
378,181,3
378,187,1
378,188,3
378,189,5
378,192,3
378,194,1
378,210,5
378,211,1
378,217,1
378,219,5
378,220,3
378,229,3
378,234,1
378,236,1
378,238,1
378,250,1
378,252,3
378,255,3
378,260,5
378,262,1
378,263,3
378,265,3
379,38,3
379,64,5
379,102,5
379,188,4
379,192,3
379,217,4
379,229,3
379,252,4
380,2,3
380,4,5
380,8,1
380,11,1
380,13,5
380,25,5
380,28,4
380,36,1
380,38,1
380,41,3
380,43,3
380,51,5
380,55,5
380,59,3
380,61,3
380,64,5
380,72,1
380,74,1
380,75,1
380,77,1
380,78,1
380,81,3
380,86,3
380,93,5
380,94,1
380,104,3
380,109,3
380,111,3
380,120,3
380,122,1
380,125,3
380,126,5
380,130,3
380,133,5
380,137,3
380,142,3
380,145,1
380,146,1
380,151,1
380,157,1
380,159,5
380,170,5
380,171,3
380,173,5
380,174,3
380,177,5
380,184,3
380,186,1
380,188,1
380,192,1
380,195,5
380,197,5
380,200,5
380,203,1
380,208,5
380,216,4
380,217,3
380,218,5
380,220,1
380,229,3
380,233,1
380,234,1
380,236,3
380,241,3
380,243,1
380,250,1
380,252,3
380,255,5
380,261,5
380,269,1
380,273,3
381,23,1
381,28,2
381,38,3
381,41,1
381,42,5
381,43,3
381,54,4
381,59,1
381,61,2
381,67,5
381,72,1
381,74,3
381,78,2
381,93,5
381,102,2
381,137,2
381,146,1
381,155,3
381,157,2
381,171,3
381,184,3
381,186,3
381,188,3
381,192,3
381,218,5
381,227,4
381,250,2
381,252,3
381,259,5
381,262,3
382,8,1
382,10,5
382,20,3
382,23,5
382,29,1
382,38,3
382,41,3
382,49,3
382,51,5
382,54,3
382,57,5
382,59,3
382,61,1
382,66,3
382,67,5
382,71,1
382,72,3
382,74,3
382,75,3
382,76,4
382,77,1
382,78,1
382,86,1
382,87,5
382,89,1
382,100,3
382,102,5
382,103,1
382,105,3
382,118,5
382,121,1
382,128,3
382,129,3
382,130,1
382,137,1
382,146,1
382,148,3
382,157,3
382,168,1
382,171,1
382,173,1
382,184,1
382,185,1
382,186,3
382,187,1
382,188,1
382,190,4
382,191,1
382,192,3
382,193,3
382,195,1
382,197,5
382,199,5
382,203,1
382,212,3
382,216,3
382,217,1
382,228,3
382,229,4
382,235,5
382,236,3
382,239,1
382,250,1
382,252,3
382,257,1
382,259,1
382,263,1
382,269,1
382,271,1
383,6,3
383,27,5
383,36,3
383,41,5
383,61,5
383,78,5
383,85,1
383,87,3
383,93,5
383,146,1
383,158,5
383,173,5
383,184,1
383,185,3
383,188,3
383,192,3
383,196,1
383,210,1
383,217,4
383,220,3
383,252,2
383,258,3
383,269,1
383,271,1
384,1,5
384,2,3
384,3,3
384,8,1
384,10,5
384,32,3
384,33,3
384,40,4
384,41,1
384,43,3
384,50,3
384,61,2
384,73,3
384,74,2
384,75,3
384,77,1
384,78,1
384,93,4
384,94,1
384,97,1
384,103,1
384,122,5
384,129,3
384,132,3
384,141,5
384,142,3
384,146,1
384,150,1
384,157,1
384,159,4
384,166,1
384,169,5
384,171,3
384,178,4
384,184,3
384,188,3
384,191,5
384,195,3
384,197,5
384,208,5
384,210,1
384,217,1
384,221,3
384,236,3
384,241,5
384,246,5
384,250,3
384,252,4
384,262,3
384,269,1
384,272,3
385,36,2
385,38,3
385,41,3
385,60,5
385,74,1
385,78,2
385,104,5
385,151,1
385,188,5
385,195,5
385,235,5
385,241,1
